match_id,date,competition,season,stage,matchday,home_team,away_team,home_goals,away_goals,winner,country,league_name,data_source
league_05ac5f3c836e345c,2016-07-29,BELGIUM_1,2016-17,LEAGUE,,Mechelen,Club Brugge KV,0,2,A,Belgium,Belgian First Division,football-data.co.uk
league_c79f15976233e485,2016-07-30,BELGIUM_1,2016-17,LEAGUE,,Charleroi,Waasland-Beveren,1,0,H,Belgium,Belgian First Division,football-data.co.uk
league_fcff44a1adf78a08,2016-07-30,BELGIUM_1,2016-17,LEAGUE,,Mouscron,RSC Anderlecht,1,2,A,Belgium,Belgian First Division,football-data.co.uk
league_843c58c37e05198e,2016-07-30,BELGIUM_1,2016-17,LEAGUE,,St Truiden,Lokeren,1,0,H,Belgium,Belgian First Division,football-data.co.uk
league_339b8ece75b55969,2016-07-30,BELGIUM_1,2016-17,LEAGUE,,Waregem,Eupen,3,0,H,Belgium,Belgian First Division,football-data.co.uk
league_8a3abc474a693660,2016-07-31,BELGIUM_1,2016-17,LEAGUE,,KRC Genk,Oostende,2,1,H,Belgium,Belgian First Division,football-data.co.uk
league_1fc17dbc5d5a88a0,2016-07-31,BELGIUM_1,2016-17,LEAGUE,,Kortrijk,KAA Gent,1,1,D,Belgium,Belgian First Division,football-data.co.uk
league_88534dd01dc2a485,2016-07-31,BELGIUM_1,2016-17,LEAGUE,,Westerlo,Standard Liège,2,2,D,Belgium,Belgian First Division,football-data.co.uk
league_77124c64fbe0285e,2016-08-05,BELGIUM_1,2016-17,LEAGUE,,Oostende,Club Brugge KV,1,0,H,Belgium,Belgian First Division,football-data.co.uk
league_7aa9d21652dc4587,2016-08-06,BELGIUM_1,2016-17,LEAGUE,,Eupen,Mechelen,0,2,A,Belgium,Belgian First Division,football-data.co.uk
league_d9b61c0ff2f548a1,2016-08-06,BELGIUM_1,2016-17,LEAGUE,,Mouscron,Charleroi,0,1,A,Belgium,Belgian First Division,football-data.co.uk
league_da49bbcd72bfcff0,2016-08-06,BELGIUM_1,2016-17,LEAGUE,,Standard Liège,St Truiden,2,0,H,Belgium,Belgian First Division,football-data.co.uk
league_02d9a9b09d3a0f8c,2016-08-06,BELGIUM_1,2016-17,LEAGUE,,Waasland-Beveren,Waregem,0,2,A,Belgium,Belgian First Division,football-data.co.uk
league_d856f6e50353d16e,2016-08-07,BELGIUM_1,2016-17,LEAGUE,,KAA Gent,KRC Genk,1,0,H,Belgium,Belgian First Division,football-data.co.uk
league_0a7e7e598c441788,2016-08-07,BELGIUM_1,2016-17,LEAGUE,,Lokeren,Westerlo,3,0,H,Belgium,Belgian First Division,football-data.co.uk
league_1f18df9f5303946b,2016-08-07,BELGIUM_1,2016-17,LEAGUE,,RSC Anderlecht,Kortrijk,5,1,H,Belgium,Belgian First Division,football-data.co.uk
league_a16d48a3856a040e,2016-08-12,BELGIUM_1,2016-17,LEAGUE,,St Truiden,RSC Anderlecht,0,0,D,Belgium,Belgian First Division,football-data.co.uk
league_51084e7fa29eb08f,2016-08-13,BELGIUM_1,2016-17,LEAGUE,,Charleroi,KAA Gent,1,1,D,Belgium,Belgian First Division,football-data.co.uk
league_49dff0f0a01f8d12,2016-08-13,BELGIUM_1,2016-17,LEAGUE,,KRC Genk,Waasland-Beveren,2,2,D,Belgium,Belgian First Division,football-data.co.uk
league_fdd84685d8149ade,2016-08-13,BELGIUM_1,2016-17,LEAGUE,,Mechelen,Kortrijk,0,0,D,Belgium,Belgian First Division,football-data.co.uk
league_3c0e5a59fc339a79,2016-08-13,BELGIUM_1,2016-17,LEAGUE,,Westerlo,Eupen,1,2,A,Belgium,Belgian First Division,football-data.co.uk
league_c3432b00fe323978,2016-08-14,BELGIUM_1,2016-17,LEAGUE,,Club Brugge KV,Lokeren,1,0,H,Belgium,Belgian First Division,football-data.co.uk
league_92d6c1c9d2217d46,2016-08-14,BELGIUM_1,2016-17,LEAGUE,,Oostende,Mouscron,2,1,H,Belgium,Belgian First Division,football-data.co.uk
league_8c4c4775869421be,2016-08-14,BELGIUM_1,2016-17,LEAGUE,,Waregem,Standard Liège,1,0,H,Belgium,Belgian First Division,football-data.co.uk
league_02868170bbb1a67d,2016-08-19,BELGIUM_1,2016-17,LEAGUE,,Standard Liège,Charleroi,0,0,D,Belgium,Belgian First Division,football-data.co.uk
league_5a9ac7ed3948856f,2016-08-20,BELGIUM_1,2016-17,LEAGUE,,Kortrijk,Club Brugge KV,2,1,H,Belgium,Belgian First Division,football-data.co.uk
league_702b60589dac6f3a,2016-08-20,BELGIUM_1,2016-17,LEAGUE,,Mouscron,St Truiden,2,1,H,Belgium,Belgian First Division,football-data.co.uk
league_0dc21bd19d15e7bb,2016-08-20,BELGIUM_1,2016-17,LEAGUE,,Waasland-Beveren,Mechelen,2,2,D,Belgium,Belgian First Division,football-data.co.uk
league_9e6732bd099a43a3,2016-08-20,BELGIUM_1,2016-17,LEAGUE,,Waregem,Oostende,1,1,D,Belgium,Belgian First Division,football-data.co.uk
league_21e764b24ad24aac,2016-08-21,BELGIUM_1,2016-17,LEAGUE,,Eupen,RSC Anderlecht,2,2,D,Belgium,Belgian First Division,football-data.co.uk
league_181366fc5aa20248,2016-08-21,BELGIUM_1,2016-17,LEAGUE,,KAA Gent,Westerlo,4,2,H,Belgium,Belgian First Division,football-data.co.uk
league_b0f0e1f3ee77b8a4,2016-08-21,BELGIUM_1,2016-17,LEAGUE,,Lokeren,KRC Genk,0,3,A,Belgium,Belgian First Division,football-data.co.uk
league_715389faa42a355f,2016-08-26,BELGIUM_1,2016-17,LEAGUE,,Charleroi,Eupen,3,2,H,Belgium,Belgian First Division,football-data.co.uk
league_871923e0139e44a2,2016-08-27,BELGIUM_1,2016-17,LEAGUE,,Lokeren,Mouscron,2,1,H,Belgium,Belgian First Division,football-data.co.uk
league_cabaee18cb0f232d,2016-08-27,BELGIUM_1,2016-17,LEAGUE,,Oostende,Waasland-Beveren,2,1,H,Belgium,Belgian First Division,football-data.co.uk
league_e30a03b80921a85b,2016-08-27,BELGIUM_1,2016-17,LEAGUE,,St Truiden,Kortrijk,1,2,A,Belgium,Belgian First Division,football-data.co.uk
league_73725848cd82b56c,2016-08-27,BELGIUM_1,2016-17,LEAGUE,,Westerlo,Mechelen,1,2,A,Belgium,Belgian First Division,football-data.co.uk
league_1c5fd64e96062398,2016-08-28,BELGIUM_1,2016-17,LEAGUE,,Club Brugge KV,Standard Liège,2,2,D,Belgium,Belgian First Division,football-data.co.uk
league_d5e72dadddd549ce,2016-08-28,BELGIUM_1,2016-17,LEAGUE,,KRC Genk,Waregem,1,0,H,Belgium,Belgian First Division,football-data.co.uk
league_3eb6fcc542aac008,2016-08-28,BELGIUM_1,2016-17,LEAGUE,,RSC Anderlecht,KAA Gent,2,2,D,Belgium,Belgian First Division,football-data.co.uk
league_912bf457470faf14,2016-09-09,BELGIUM_1,2016-17,LEAGUE,,Waasland-Beveren,Club Brugge KV,1,0,H,Belgium,Belgian First Division,football-data.co.uk
league_f86f1ec9409119e8,2016-09-10,BELGIUM_1,2016-17,LEAGUE,,Eupen,Oostende,2,1,H,Belgium,Belgian First Division,football-data.co.uk
league_36571e48e7bed58d,2016-09-10,BELGIUM_1,2016-17,LEAGUE,,Kortrijk,Westerlo,4,1,H,Belgium,Belgian First Division,football-data.co.uk
league_b359caeb61be2896,2016-09-10,BELGIUM_1,2016-17,LEAGUE,,Mechelen,St Truiden,2,0,H,Belgium,Belgian First Division,football-data.co.uk
league_eb5c91a9cb141b36,2016-09-10,BELGIUM_1,2016-17,LEAGUE,,Mouscron,Waregem,1,5,A,Belgium,Belgian First Division,football-data.co.uk
league_ef4a06f918be7602,2016-09-11,BELGIUM_1,2016-17,LEAGUE,,KAA Gent,Lokeren,3,0,H,Belgium,Belgian First Division,football-data.co.uk
league_b18dcce53266200e,2016-09-11,BELGIUM_1,2016-17,LEAGUE,,RSC Anderlecht,Charleroi,3,2,H,Belgium,Belgian First Division,football-data.co.uk
league_a01353332a1e505d,2016-09-11,BELGIUM_1,2016-17,LEAGUE,,Standard Liège,KRC Genk,2,0,H,Belgium,Belgian First Division,football-data.co.uk
league_0d83dddf7ec4742c,2016-09-16,BELGIUM_1,2016-17,LEAGUE,,Charleroi,Mechelen,0,0,D,Belgium,Belgian First Division,football-data.co.uk
league_cc325dd40d112c65,2016-09-17,BELGIUM_1,2016-17,LEAGUE,,Club Brugge KV,Eupen,3,2,H,Belgium,Belgian First Division,football-data.co.uk
league_9b54f6374b58bc0f,2016-09-17,BELGIUM_1,2016-17,LEAGUE,,St Truiden,Waasland-Beveren,4,1,H,Belgium,Belgian First Division,football-data.co.uk
league_a66980cc73781231,2016-09-17,BELGIUM_1,2016-17,LEAGUE,,Waregem,Kortrijk,2,1,H,Belgium,Belgian First Division,football-data.co.uk
league_368392d83c119531,2016-09-17,BELGIUM_1,2016-17,LEAGUE,,Westerlo,Mouscron,1,3,A,Belgium,Belgian First Division,football-data.co.uk
league_895bde1c10cc47d0,2016-09-18,BELGIUM_1,2016-17,LEAGUE,,KRC Genk,RSC Anderlecht,0,2,A,Belgium,Belgian First Division,football-data.co.uk
league_4503a0378e72d1a2,2016-09-18,BELGIUM_1,2016-17,LEAGUE,,Lokeren,Standard Liège,0,1,A,Belgium,Belgian First Division,football-data.co.uk
league_32cd3aeee142ca9e,2016-09-18,BELGIUM_1,2016-17,LEAGUE,,Oostende,KAA Gent,1,0,H,Belgium,Belgian First Division,football-data.co.uk
league_d9e7776b32fe9da7,2016-09-23,BELGIUM_1,2016-17,LEAGUE,,Mouscron,Club Brugge KV,0,3,A,Belgium,Belgian First Division,football-data.co.uk
league_c89f6f0613eabca5,2016-09-24,BELGIUM_1,2016-17,LEAGUE,,Charleroi,Oostende,2,1,H,Belgium,Belgian First Division,football-data.co.uk
league_3f7f00caf389ae85,2016-09-24,BELGIUM_1,2016-17,LEAGUE,,KAA Gent,St Truiden,2,1,H,Belgium,Belgian First Division,football-data.co.uk
league_3e33c670c24a90c1,2016-09-24,BELGIUM_1,2016-17,LEAGUE,,Mechelen,Waregem,2,3,A,Belgium,Belgian First Division,football-data.co.uk
league_3ef46f9ae0335c26,2016-09-24,BELGIUM_1,2016-17,LEAGUE,,Waasland-Beveren,Lokeren,1,1,D,Belgium,Belgian First Division,football-data.co.uk
league_fa467224e281267d,2016-09-25,BELGIUM_1,2016-17,LEAGUE,,Kortrijk,KRC Genk,4,1,H,Belgium,Belgian First Division,football-data.co.uk
league_c9f2da64aa770696,2016-09-25,BELGIUM_1,2016-17,LEAGUE,,RSC Anderlecht,Westerlo,1,2,A,Belgium,Belgian First Division,football-data.co.uk
league_212d8b63226c9719,2016-09-25,BELGIUM_1,2016-17,LEAGUE,,Standard Liège,Eupen,3,0,H,Belgium,Belgian First Division,football-data.co.uk
league_7d0a14fffea46864,2016-09-30,BELGIUM_1,2016-17,LEAGUE,,Oostende,St Truiden,2,2,D,Belgium,Belgian First Division,football-data.co.uk
league_c2f466952c471506,2016-10-01,BELGIUM_1,2016-17,LEAGUE,,Eupen,Mouscron,1,4,A,Belgium,Belgian First Division,football-data.co.uk
league_1599435fa73a3ee7,2016-10-01,BELGIUM_1,2016-17,LEAGUE,,Lokeren,Kortrijk,2,1,H,Belgium,Belgian First Division,football-data.co.uk
league_a27852fc25c60575,2016-10-01,BELGIUM_1,2016-17,LEAGUE,,Waregem,Charleroi,1,1,D,Belgium,Belgian First Division,football-data.co.uk
league_22bfcf51fefed992,2016-10-01,BELGIUM_1,2016-17,LEAGUE,,Westerlo,Waasland-Beveren,1,0,H,Belgium,Belgian First Division,football-data.co.uk
league_ca1cf06c7eae008f,2016-10-02,BELGIUM_1,2016-17,LEAGUE,,Club Brugge KV,KAA Gent,1,0,H,Belgium,Belgian First Division,football-data.co.uk
league_e96d41d9f0fa7ef3,2016-10-02,BELGIUM_1,2016-17,LEAGUE,,KRC Genk,Mechelen,2,1,H,Belgium,Belgian First Division,football-data.co.uk
league_2b615ce1d63c74a8,2016-10-02,BELGIUM_1,2016-17,LEAGUE,,Standard Liège,RSC Anderlecht,0,1,A,Belgium,Belgian First Division,football-data.co.uk
league_84e3e397024398ae,2016-10-14,BELGIUM_1,2016-17,LEAGUE,,Charleroi,Club Brugge KV,1,0,H,Belgium,Belgian First Division,football-data.co.uk
league_fd2c9a79a5961890,2016-10-15,BELGIUM_1,2016-17,LEAGUE,,Kortrijk,Standard Liège,3,3,D,Belgium,Belgian First Division,football-data.co.uk
league_7ccb4b3996d7d611,2016-10-15,BELGIUM_1,2016-17,LEAGUE,,Mouscron,KRC Genk,2,2,D,Belgium,Belgian First Division,football-data.co.uk
league_9dfdc99c59e6033a,2016-10-15,BELGIUM_1,2016-17,LEAGUE,,St Truiden,Westerlo,2,2,D,Belgium,Belgian First Division,football-data.co.uk
league_29ddbf0b609b311e,2016-10-15,BELGIUM_1,2016-17,LEAGUE,,Waasland-Beveren,Eupen,4,2,H,Belgium,Belgian First Division,football-data.co.uk
league_e76c81ca0f11698b,2016-10-16,BELGIUM_1,2016-17,LEAGUE,,KAA Gent,Waregem,3,0,H,Belgium,Belgian First Division,football-data.co.uk
league_b7edff38896349ed,2016-10-16,BELGIUM_1,2016-17,LEAGUE,,Mechelen,Oostende,2,3,A,Belgium,Belgian First Division,football-data.co.uk
league_5d4bf74040715a96,2016-10-16,BELGIUM_1,2016-17,LEAGUE,,RSC Anderlecht,Lokeren,1,0,H,Belgium,Belgian First Division,football-data.co.uk
league_9e07b632ff8ffa7d,2016-10-21,BELGIUM_1,2016-17,LEAGUE,,Oostende,Kortrijk,2,2,D,Belgium,Belgian First Division,football-data.co.uk
league_7e37901edc4d54b9,2016-10-22,BELGIUM_1,2016-17,LEAGUE,,Mechelen,Mouscron,2,0,H,Belgium,Belgian First Division,football-data.co.uk
league_87a34ac3e7419c35,2016-10-22,BELGIUM_1,2016-17,LEAGUE,,Waregem,Lokeren,2,0,H,Belgium,Belgian First Division,football-data.co.uk
league_37e3270d62fabbc3,2016-10-22,BELGIUM_1,2016-17,LEAGUE,,Westerlo,Charleroi,0,0,D,Belgium,Belgian First Division,football-data.co.uk
league_776253e4c2ff5baa,2016-10-23,BELGIUM_1,2016-17,LEAGUE,,Club Brugge KV,RSC Anderlecht,2,1,H,Belgium,Belgian First Division,football-data.co.uk
league_2e56ad7aa84fe773,2016-10-23,BELGIUM_1,2016-17,LEAGUE,,Eupen,KAA Gent,3,2,H,Belgium,Belgian First Division,football-data.co.uk
league_c7ce496a7d141739,2016-10-23,BELGIUM_1,2016-17,LEAGUE,,KRC Genk,St Truiden,1,0,H,Belgium,Belgian First Division,football-data.co.uk
league_a4ddc6166383878f,2016-10-23,BELGIUM_1,2016-17,LEAGUE,,Standard Liège,Waasland-Beveren,5,0,H,Belgium,Belgian First Division,football-data.co.uk
league_e7b7b6e54d84d531,2016-10-25,BELGIUM_1,2016-17,LEAGUE,,Lokeren,Oostende,1,2,A,Belgium,Belgian First Division,football-data.co.uk
league_068b22af5056363a,2016-10-26,BELGIUM_1,2016-17,LEAGUE,,Charleroi,KRC Genk,2,1,H,Belgium,Belgian First Division,football-data.co.uk
league_6076c199581a37d2,2016-10-26,BELGIUM_1,2016-17,LEAGUE,,Club Brugge KV,Westerlo,4,0,H,Belgium,Belgian First Division,football-data.co.uk
league_aa4a818775458601,2016-10-26,BELGIUM_1,2016-17,LEAGUE,,Kortrijk,Eupen,1,1,D,Belgium,Belgian First Division,football-data.co.uk
league_abb50082c19008a5,2016-10-26,BELGIUM_1,2016-17,LEAGUE,,RSC Anderlecht,Mechelen,2,0,H,Belgium,Belgian First Division,football-data.co.uk
league_fe99e4a949af77b4,2016-10-26,BELGIUM_1,2016-17,LEAGUE,,St Truiden,Waregem,0,2,A,Belgium,Belgian First Division,football-data.co.uk
league_069ab7dba376a787,2016-10-27,BELGIUM_1,2016-17,LEAGUE,,KAA Gent,Standard Liège,1,0,H,Belgium,Belgian First Division,football-data.co.uk
league_7d362cc5b60e7ff4,2016-10-27,BELGIUM_1,2016-17,LEAGUE,,Waasland-Beveren,Mouscron,0,0,D,Belgium,Belgian First Division,football-data.co.uk
league_4fb95653323cc4a2,2016-10-29,BELGIUM_1,2016-17,LEAGUE,,Eupen,Lokeren,2,2,D,Belgium,Belgian First Division,football-data.co.uk
league_528fab4e86b610bf,2016-10-29,BELGIUM_1,2016-17,LEAGUE,,KRC Genk,Westerlo,2,1,H,Belgium,Belgian First Division,football-data.co.uk
league_9d4fa4c2319d8723,2016-10-29,BELGIUM_1,2016-17,LEAGUE,,St Truiden,Charleroi,2,2,D,Belgium,Belgian First Division,football-data.co.uk
league_6ab0ef2ed950e385,2016-10-29,BELGIUM_1,2016-17,LEAGUE,,Waregem,Club Brugge KV,0,0,D,Belgium,Belgian First Division,football-data.co.uk
league_50dd45de2c4083ee,2016-10-30,BELGIUM_1,2016-17,LEAGUE,,Mechelen,KAA Gent,2,0,H,Belgium,Belgian First Division,football-data.co.uk
league_9e77c37ce986643b,2016-10-30,BELGIUM_1,2016-17,LEAGUE,,Mouscron,Kortrijk,0,1,A,Belgium,Belgian First Division,football-data.co.uk
league_3720ed6f8ac49929,2016-10-30,BELGIUM_1,2016-17,LEAGUE,,Oostende,Standard Liège,3,1,H,Belgium,Belgian First Division,football-data.co.uk
league_7848d9f2a2d72611,2016-10-30,BELGIUM_1,2016-17,LEAGUE,,Waasland-Beveren,RSC Anderlecht,2,1,H,Belgium,Belgian First Division,football-data.co.uk
league_48f0f2f2c3a65e95,2016-11-04,BELGIUM_1,2016-17,LEAGUE,,Kortrijk,Charleroi,2,1,H,Belgium,Belgian First Division,football-data.co.uk
league_89a50d23f334f007,2016-11-05,BELGIUM_1,2016-17,LEAGUE,,Eupen,St Truiden,4,2,H,Belgium,Belgian First Division,football-data.co.uk
league_282e8c7d29808ec0,2016-11-05,BELGIUM_1,2016-17,LEAGUE,,Lokeren,Mechelen,0,0,D,Belgium,Belgian First Division,football-data.co.uk
league_8cb20c777dffc668,2016-11-05,BELGIUM_1,2016-17,LEAGUE,,Westerlo,Waregem,1,2,A,Belgium,Belgian First Division,football-data.co.uk
league_87bbd4f05d6faec8,2016-11-06,BELGIUM_1,2016-17,LEAGUE,,Club Brugge KV,KRC Genk,1,1,D,Belgium,Belgian First Division,football-data.co.uk
league_7f8962514c279358,2016-11-06,BELGIUM_1,2016-17,LEAGUE,,KAA Gent,Waasland-Beveren,2,0,H,Belgium,Belgian First Division,football-data.co.uk
league_cb1f6d879d5322c2,2016-11-06,BELGIUM_1,2016-17,LEAGUE,,RSC Anderlecht,Oostende,1,1,D,Belgium,Belgian First Division,football-data.co.uk
league_9c01188be8b10a17,2016-11-06,BELGIUM_1,2016-17,LEAGUE,,Standard Liège,Mouscron,2,1,H,Belgium,Belgian First Division,football-data.co.uk
league_a82318bec1c6fe30,2016-11-18,BELGIUM_1,2016-17,LEAGUE,,St Truiden,Club Brugge KV,0,1,A,Belgium,Belgian First Division,football-data.co.uk
league_b397e37e31c04460,2016-11-19,BELGIUM_1,2016-17,LEAGUE,,KRC Genk,Eupen,2,0,H,Belgium,Belgian First Division,football-data.co.uk
league_8bd239e8b7b1a340,2016-11-19,BELGIUM_1,2016-17,LEAGUE,,Mouscron,KAA Gent,0,2,A,Belgium,Belgian First Division,football-data.co.uk
league_3ed3ec2dcd41a438,2016-11-19,BELGIUM_1,2016-17,LEAGUE,,Oostende,Westerlo,5,0,H,Belgium,Belgian First Division,football-data.co.uk
league_d58510e827c4c7a6,2016-11-19,BELGIUM_1,2016-17,LEAGUE,,Waasland-Beveren,Kortrijk,1,1,D,Belgium,Belgian First Division,football-data.co.uk
league_8e0d56ada9d44fe1,2016-11-20,BELGIUM_1,2016-17,LEAGUE,,Charleroi,Lokeren,2,1,H,Belgium,Belgian First Division,football-data.co.uk
league_38124d5558ad7060,2016-11-20,BELGIUM_1,2016-17,LEAGUE,,Mechelen,Standard Liège,2,1,H,Belgium,Belgian First Division,football-data.co.uk
league_0e1e83f91832684b,2016-11-20,BELGIUM_1,2016-17,LEAGUE,,Waregem,RSC Anderlecht,3,2,H,Belgium,Belgian First Division,football-data.co.uk
league_a0f27aaed5a40fd6,2016-11-25,BELGIUM_1,2016-17,LEAGUE,,Club Brugge KV,Mechelen,6,1,H,Belgium,Belgian First Division,football-data.co.uk
league_501ad84f98b28bec,2016-11-26,BELGIUM_1,2016-17,LEAGUE,,Eupen,Westerlo,3,3,D,Belgium,Belgian First Division,football-data.co.uk
league_06209f4e42285183,2016-11-26,BELGIUM_1,2016-17,LEAGUE,,Lokeren,St Truiden,1,0,H,Belgium,Belgian First Division,football-data.co.uk
league_dc6b847b16121e80,2016-11-26,BELGIUM_1,2016-17,LEAGUE,,Waasland-Beveren,Charleroi,0,1,A,Belgium,Belgian First Division,football-data.co.uk
league_f2a80ff9fcd41edc,2016-11-27,BELGIUM_1,2016-17,LEAGUE,,KAA Gent,Kortrijk,3,0,H,Belgium,Belgian First Division,football-data.co.uk
league_0ca277c0f3f737d7,2016-11-27,BELGIUM_1,2016-17,LEAGUE,,Oostende,KRC Genk,6,0,H,Belgium,Belgian First Division,football-data.co.uk
league_bc7bdfb30e4018b0,2016-11-27,BELGIUM_1,2016-17,LEAGUE,,RSC Anderlecht,Mouscron,7,0,H,Belgium,Belgian First Division,football-data.co.uk
league_e6b408d3edbb63e1,2016-11-27,BELGIUM_1,2016-17,LEAGUE,,Standard Liège,Waregem,4,1,H,Belgium,Belgian First Division,football-data.co.uk
league_bb13d2de32d6d402,2016-12-02,BELGIUM_1,2016-17,LEAGUE,,Mechelen,Eupen,1,0,H,Belgium,Belgian First Division,football-data.co.uk
league_f1e8ece696e4196b,2016-12-03,BELGIUM_1,2016-17,LEAGUE,,Club Brugge KV,Oostende,2,0,H,Belgium,Belgian First Division,football-data.co.uk
league_eba7cbf669e846ad,2016-12-03,BELGIUM_1,2016-17,LEAGUE,,St Truiden,Mouscron,1,0,H,Belgium,Belgian First Division,football-data.co.uk
league_a471db6d289ada64,2016-12-03,BELGIUM_1,2016-17,LEAGUE,,Waregem,Waasland-Beveren,1,1,D,Belgium,Belgian First Division,football-data.co.uk
league_83862980fdcc4f32,2016-12-03,BELGIUM_1,2016-17,LEAGUE,,Westerlo,KAA Gent,0,0,D,Belgium,Belgian First Division,football-data.co.uk
league_e065ce236e50fac7,2016-12-04,BELGIUM_1,2016-17,LEAGUE,,Charleroi,Standard Liège,1,3,A,Belgium,Belgian First Division,football-data.co.uk
league_11256ff7370b29a8,2016-12-04,BELGIUM_1,2016-17,LEAGUE,,KRC Genk,Lokeren,1,2,A,Belgium,Belgian First Division,football-data.co.uk
league_7294b541d0abff62,2016-12-04,BELGIUM_1,2016-17,LEAGUE,,Kortrijk,RSC Anderlecht,1,3,A,Belgium,Belgian First Division,football-data.co.uk
league_17bf35082cf795ca,2016-12-09,BELGIUM_1,2016-17,LEAGUE,,Lokeren,Waregem,1,1,D,Belgium,Belgian First Division,football-data.co.uk
league_87eac876900e7b1c,2016-12-10,BELGIUM_1,2016-17,LEAGUE,,Eupen,Charleroi,2,2,D,Belgium,Belgian First Division,football-data.co.uk
league_64147cd116c85856,2016-12-10,BELGIUM_1,2016-17,LEAGUE,,Kortrijk,St Truiden,0,1,A,Belgium,Belgian First Division,football-data.co.uk
league_418d656bf2f5f438,2016-12-10,BELGIUM_1,2016-17,LEAGUE,,Mouscron,Mechelen,1,4,A,Belgium,Belgian First Division,football-data.co.uk
league_345ddc44b1327314,2016-12-11,BELGIUM_1,2016-17,LEAGUE,,KAA Gent,Oostende,1,1,D,Belgium,Belgian First Division,football-data.co.uk
league_07890f410d8f069b,2016-12-11,BELGIUM_1,2016-17,LEAGUE,,RSC Anderlecht,Club Brugge KV,0,0,D,Belgium,Belgian First Division,football-data.co.uk
league_a5a6308cb2ca7f49,2016-12-11,BELGIUM_1,2016-17,LEAGUE,,Standard Liège,Westerlo,3,1,H,Belgium,Belgian First Division,football-data.co.uk
league_e447cc93b0ba5311,2016-12-17,BELGIUM_1,2016-17,LEAGUE,,Charleroi,Mouscron,2,0,H,Belgium,Belgian First Division,football-data.co.uk
league_1906ef76d1a0e35c,2016-12-17,BELGIUM_1,2016-17,LEAGUE,,Mechelen,Waasland-Beveren,2,0,H,Belgium,Belgian First Division,football-data.co.uk
league_638b5daa1087b12b,2016-12-17,BELGIUM_1,2016-17,LEAGUE,,Oostende,Waregem,1,1,D,Belgium,Belgian First Division,football-data.co.uk
league_d13f269b7a6b8349,2016-12-17,BELGIUM_1,2016-17,LEAGUE,,St Truiden,KAA Gent,3,1,H,Belgium,Belgian First Division,football-data.co.uk
league_8553cceeae2a7beb,2016-12-17,BELGIUM_1,2016-17,LEAGUE,,Westerlo,Lokeren,1,3,A,Belgium,Belgian First Division,football-data.co.uk
league_7f9a61a05caf206b,2016-12-18,BELGIUM_1,2016-17,LEAGUE,,Club Brugge KV,Kortrijk,5,1,H,Belgium,Belgian First Division,football-data.co.uk
league_d5a13e23a021ecf8,2016-12-18,BELGIUM_1,2016-17,LEAGUE,,KRC Genk,Standard Liège,2,2,D,Belgium,Belgian First Division,football-data.co.uk
league_4581e9b1b6c398ee,2016-12-18,BELGIUM_1,2016-17,LEAGUE,,RSC Anderlecht,Eupen,4,0,H,Belgium,Belgian First Division,football-data.co.uk
league_437d3d4e841a3bfe,2016-12-20,BELGIUM_1,2016-17,LEAGUE,,Mechelen,Charleroi,1,0,H,Belgium,Belgian First Division,football-data.co.uk
league_c51d034f6293a626,2016-12-20,BELGIUM_1,2016-17,LEAGUE,,Mouscron,Westerlo,0,0,D,Belgium,Belgian First Division,football-data.co.uk
league_807477d62e9e63a6,2016-12-20,BELGIUM_1,2016-17,LEAGUE,,Waasland-Beveren,St Truiden,3,1,H,Belgium,Belgian First Division,football-data.co.uk
league_ec9954c691ee2447,2016-12-21,BELGIUM_1,2016-17,LEAGUE,,Eupen,Club Brugge KV,1,4,A,Belgium,Belgian First Division,football-data.co.uk
league_f3e157702769f230,2016-12-21,BELGIUM_1,2016-17,LEAGUE,,Kortrijk,Oostende,0,2,A,Belgium,Belgian First Division,football-data.co.uk
league_9703eab803c07006,2016-12-21,BELGIUM_1,2016-17,LEAGUE,,Standard Liège,Lokeren,1,1,D,Belgium,Belgian First Division,football-data.co.uk
league_2e58bc94aac85856,2016-12-21,BELGIUM_1,2016-17,LEAGUE,,Waregem,KRC Genk,1,0,H,Belgium,Belgian First Division,football-data.co.uk
league_bbfee4077ad69548,2016-12-22,BELGIUM_1,2016-17,LEAGUE,,KAA Gent,RSC Anderlecht,2,3,A,Belgium,Belgian First Division,football-data.co.uk
league_ae173c09dc0e47cf,2016-12-26,BELGIUM_1,2016-17,LEAGUE,,Charleroi,RSC Anderlecht,0,2,A,Belgium,Belgian First Division,football-data.co.uk
league_82d58c2adaa8f0fa,2016-12-26,BELGIUM_1,2016-17,LEAGUE,,Club Brugge KV,Mouscron,2,1,H,Belgium,Belgian First Division,football-data.co.uk
league_7946c8f1b54922fd,2016-12-26,BELGIUM_1,2016-17,LEAGUE,,Lokeren,Waasland-Beveren,0,0,D,Belgium,Belgian First Division,football-data.co.uk
league_2765135b21cd9f41,2016-12-26,BELGIUM_1,2016-17,LEAGUE,,Oostende,Eupen,1,3,A,Belgium,Belgian First Division,football-data.co.uk
league_6c1e3a916cff1f1f,2016-12-26,BELGIUM_1,2016-17,LEAGUE,,Waregem,Mechelen,0,0,D,Belgium,Belgian First Division,football-data.co.uk
league_4f6845efa3765b97,2016-12-26,BELGIUM_1,2016-17,LEAGUE,,Westerlo,Kortrijk,4,1,H,Belgium,Belgian First Division,football-data.co.uk
league_65b4daf6c050a4bc,2016-12-27,BELGIUM_1,2016-17,LEAGUE,,KRC Genk,KAA Gent,2,0,H,Belgium,Belgian First Division,football-data.co.uk
league_05db1689a0986fca,2016-12-27,BELGIUM_1,2016-17,LEAGUE,,St Truiden,Standard Liège,2,2,D,Belgium,Belgian First Division,football-data.co.uk
league_5c7940d6651c67de,2017-01-20,BELGIUM_1,2016-17,LEAGUE,,KAA Gent,Charleroi,1,0,H,Belgium,Belgian First Division,football-data.co.uk
league_b3305e913df793bf,2017-01-21,BELGIUM_1,2016-17,LEAGUE,,Eupen,KRC Genk,0,1,A,Belgium,Belgian First Division,football-data.co.uk
league_0ed7dfcf09b630c8,2017-01-21,BELGIUM_1,2016-17,LEAGUE,,Kortrijk,Waregem,2,3,A,Belgium,Belgian First Division,football-data.co.uk
league_dd3f87051c88f94d,2017-01-21,BELGIUM_1,2016-17,LEAGUE,,Mouscron,Lokeren,2,1,H,Belgium,Belgian First Division,football-data.co.uk
league_15d76e2b7048fb78,2017-01-21,BELGIUM_1,2016-17,LEAGUE,,Waasland-Beveren,Oostende,0,1,A,Belgium,Belgian First Division,football-data.co.uk
league_26ac5ccf0a478261,2017-01-22,BELGIUM_1,2016-17,LEAGUE,,Mechelen,Westerlo,1,2,A,Belgium,Belgian First Division,football-data.co.uk
league_04f1c20e41ce15a5,2017-01-22,BELGIUM_1,2016-17,LEAGUE,,RSC Anderlecht,St Truiden,3,1,H,Belgium,Belgian First Division,football-data.co.uk
league_6a612b12c3810961,2017-01-22,BELGIUM_1,2016-17,LEAGUE,,Standard Liège,Club Brugge KV,0,3,A,Belgium,Belgian First Division,football-data.co.uk
league_ec4012d170b2bb92,2017-01-24,BELGIUM_1,2016-17,LEAGUE,,KRC Genk,Kortrijk,3,0,H,Belgium,Belgian First Division,football-data.co.uk
league_5e1e935bdb3c0e54,2017-01-24,BELGIUM_1,2016-17,LEAGUE,,Oostende,Charleroi,1,2,A,Belgium,Belgian First Division,football-data.co.uk
league_c2f41907aea23245,2017-01-24,BELGIUM_1,2016-17,LEAGUE,,Waregem,Mouscron,1,0,H,Belgium,Belgian First Division,football-data.co.uk
league_d2c90d9072f66109,2017-01-25,BELGIUM_1,2016-17,LEAGUE,,Club Brugge KV,Waasland-Beveren,2,1,H,Belgium,Belgian First Division,football-data.co.uk
league_a5e4dcfd34504e58,2017-01-25,BELGIUM_1,2016-17,LEAGUE,,Lokeren,KAA Gent,0,0,D,Belgium,Belgian First Division,football-data.co.uk
league_b3aeb50541e891a9,2017-01-25,BELGIUM_1,2016-17,LEAGUE,,St Truiden,Mechelen,2,1,H,Belgium,Belgian First Division,football-data.co.uk
league_4fb57ccd38b0a061,2017-01-25,BELGIUM_1,2016-17,LEAGUE,,Westerlo,RSC Anderlecht,2,4,A,Belgium,Belgian First Division,football-data.co.uk
league_a0236016173862c1,2017-01-26,BELGIUM_1,2016-17,LEAGUE,,Eupen,Standard Liège,2,2,D,Belgium,Belgian First Division,football-data.co.uk
league_37ebc1d8e4e5aa18,2017-01-27,BELGIUM_1,2016-17,LEAGUE,,Charleroi,Waregem,2,1,H,Belgium,Belgian First Division,football-data.co.uk
league_6c821ef242c4cdf6,2017-01-28,BELGIUM_1,2016-17,LEAGUE,,Kortrijk,Lokeren,2,1,H,Belgium,Belgian First Division,football-data.co.uk
league_de88389b89aa8a7b,2017-01-28,BELGIUM_1,2016-17,LEAGUE,,Mechelen,KRC Genk,1,0,H,Belgium,Belgian First Division,football-data.co.uk
league_4dd3bd73dc167f88,2017-01-28,BELGIUM_1,2016-17,LEAGUE,,St Truiden,Oostende,3,0,H,Belgium,Belgian First Division,football-data.co.uk
league_a4909892875c40c9,2017-01-28,BELGIUM_1,2016-17,LEAGUE,,Waasland-Beveren,Westerlo,0,0,D,Belgium,Belgian First Division,football-data.co.uk
league_2ae3b482881cc356,2017-01-29,BELGIUM_1,2016-17,LEAGUE,,KAA Gent,Club Brugge KV,2,0,H,Belgium,Belgian First Division,football-data.co.uk
league_19e7253e91620c3e,2017-01-29,BELGIUM_1,2016-17,LEAGUE,,Mouscron,Eupen,3,0,H,Belgium,Belgian First Division,football-data.co.uk
league_cfc6ebd31eb67fdb,2017-01-29,BELGIUM_1,2016-17,LEAGUE,,RSC Anderlecht,Standard Liège,0,0,D,Belgium,Belgian First Division,football-data.co.uk
league_c709947e927b9bd5,2017-02-03,BELGIUM_1,2016-17,LEAGUE,,Lokeren,RSC Anderlecht,0,0,D,Belgium,Belgian First Division,football-data.co.uk
league_c1a5fe73bfd85186,2017-02-04,BELGIUM_1,2016-17,LEAGUE,,Eupen,Waasland-Beveren,0,2,A,Belgium,Belgian First Division,football-data.co.uk
league_979dc53e418560ff,2017-02-04,BELGIUM_1,2016-17,LEAGUE,,KRC Genk,Mouscron,1,0,H,Belgium,Belgian First Division,football-data.co.uk
league_80e0d4e22061a8a3,2017-02-04,BELGIUM_1,2016-17,LEAGUE,,Oostende,Mechelen,2,0,H,Belgium,Belgian First Division,football-data.co.uk
league_9e7181dbc2d1f8df,2017-02-04,BELGIUM_1,2016-17,LEAGUE,,Standard Liège,Kortrijk,0,3,A,Belgium,Belgian First Division,football-data.co.uk
league_040ddfac47892196,2017-02-05,BELGIUM_1,2016-17,LEAGUE,,Club Brugge KV,Charleroi,1,0,H,Belgium,Belgian First Division,football-data.co.uk
league_b530c9c13e7f86b9,2017-02-05,BELGIUM_1,2016-17,LEAGUE,,Waregem,KAA Gent,1,1,D,Belgium,Belgian First Division,football-data.co.uk
league_0a683a5bcf2c16b8,2017-02-05,BELGIUM_1,2016-17,LEAGUE,,Westerlo,St Truiden,1,0,H,Belgium,Belgian First Division,football-data.co.uk
league_d5115b2be1afd565,2017-02-07,BELGIUM_1,2016-17,LEAGUE,,Waasland-Beveren,KRC Genk,0,0,D,Belgium,Belgian First Division,football-data.co.uk
league_839a737f31771c92,2017-02-10,BELGIUM_1,2016-17,LEAGUE,,St Truiden,KRC Genk,0,3,A,Belgium,Belgian First Division,football-data.co.uk
league_368590ac30ee9a2d,2017-02-11,BELGIUM_1,2016-17,LEAGUE,,Charleroi,Westerlo,2,1,H,Belgium,Belgian First Division,football-data.co.uk
league_22a064f871cfe2a7,2017-02-11,BELGIUM_1,2016-17,LEAGUE,,KAA Gent,Eupen,0,1,A,Belgium,Belgian First Division,football-data.co.uk
league_efd685348a8b0124,2017-02-11,BELGIUM_1,2016-17,LEAGUE,,Kortrijk,Mechelen,0,2,A,Belgium,Belgian First Division,football-data.co.uk
league_d93f7d3d9af9552f,2017-02-11,BELGIUM_1,2016-17,LEAGUE,,Mouscron,Oostende,1,2,A,Belgium,Belgian First Division,football-data.co.uk
league_b9b109bdda2398ba,2017-02-12,BELGIUM_1,2016-17,LEAGUE,,Lokeren,Club Brugge KV,1,0,H,Belgium,Belgian First Division,football-data.co.uk
league_585063dc2701c2b6,2017-02-12,BELGIUM_1,2016-17,LEAGUE,,RSC Anderlecht,Waregem,4,2,H,Belgium,Belgian First Division,football-data.co.uk
league_d3025fdc14954f80,2017-02-12,BELGIUM_1,2016-17,LEAGUE,,Waasland-Beveren,Standard Liège,0,1,A,Belgium,Belgian First Division,football-data.co.uk
league_2d1f4bf0e098a14c,2017-02-17,BELGIUM_1,2016-17,LEAGUE,,Westerlo,Club Brugge KV,1,2,A,Belgium,Belgian First Division,football-data.co.uk
league_cb75e7808dc3d02a,2017-02-18,BELGIUM_1,2016-17,LEAGUE,,Eupen,Kortrijk,1,0,H,Belgium,Belgian First Division,football-data.co.uk
league_41e9702e41029e71,2017-02-18,BELGIUM_1,2016-17,LEAGUE,,Mechelen,Lokeren,3,0,H,Belgium,Belgian First Division,football-data.co.uk
league_140df724af5894aa,2017-02-18,BELGIUM_1,2016-17,LEAGUE,,Mouscron,Waasland-Beveren,1,2,A,Belgium,Belgian First Division,football-data.co.uk
league_65154d202d1882ef,2017-02-18,BELGIUM_1,2016-17,LEAGUE,,Waregem,St Truiden,4,1,H,Belgium,Belgian First Division,football-data.co.uk
league_a3982a7e90d6350d,2017-02-19,BELGIUM_1,2016-17,LEAGUE,,KRC Genk,Charleroi,1,1,D,Belgium,Belgian First Division,football-data.co.uk
league_b91dbd79e837a3bf,2017-02-19,BELGIUM_1,2016-17,LEAGUE,,Oostende,RSC Anderlecht,1,4,A,Belgium,Belgian First Division,football-data.co.uk
league_a1716bc71089499b,2017-02-19,BELGIUM_1,2016-17,LEAGUE,,Standard Liège,KAA Gent,1,1,D,Belgium,Belgian First Division,football-data.co.uk
league_c5a5c0bb20c8a82a,2017-02-24,BELGIUM_1,2016-17,LEAGUE,,Club Brugge KV,Waregem,5,0,H,Belgium,Belgian First Division,football-data.co.uk
league_214ddd11d64a022c,2017-02-25,BELGIUM_1,2016-17,LEAGUE,,Charleroi,St Truiden,1,0,H,Belgium,Belgian First Division,football-data.co.uk
league_623c904d21fcd253,2017-02-25,BELGIUM_1,2016-17,LEAGUE,,Kortrijk,Waasland-Beveren,1,2,A,Belgium,Belgian First Division,football-data.co.uk
league_74b045acffa6ac8b,2017-02-25,BELGIUM_1,2016-17,LEAGUE,,Lokeren,Eupen,1,2,A,Belgium,Belgian First Division,football-data.co.uk
league_9c9dd00abccdca4f,2017-02-25,BELGIUM_1,2016-17,LEAGUE,,Westerlo,Oostende,0,4,A,Belgium,Belgian First Division,football-data.co.uk
league_f8daac3d91ec392a,2017-02-26,BELGIUM_1,2016-17,LEAGUE,,KAA Gent,Mouscron,3,1,H,Belgium,Belgian First Division,football-data.co.uk
league_dd23a3bb2ee21e39,2017-02-26,BELGIUM_1,2016-17,LEAGUE,,RSC Anderlecht,KRC Genk,2,0,H,Belgium,Belgian First Division,football-data.co.uk
league_a674f215645460dc,2017-02-26,BELGIUM_1,2016-17,LEAGUE,,Standard Liège,Mechelen,2,2,D,Belgium,Belgian First Division,football-data.co.uk
league_4b9cd3351e52d5e2,2017-03-04,BELGIUM_1,2016-17,LEAGUE,,Charleroi,Kortrijk,1,1,D,Belgium,Belgian First Division,football-data.co.uk
league_e56ac7cd24a6f270,2017-03-04,BELGIUM_1,2016-17,LEAGUE,,KRC Genk,Club Brugge KV,2,1,H,Belgium,Belgian First Division,football-data.co.uk
league_bc4f0110a10f4f0c,2017-03-04,BELGIUM_1,2016-17,LEAGUE,,Mechelen,RSC Anderlecht,3,2,H,Belgium,Belgian First Division,football-data.co.uk
league_71a6dda8d7f9912e,2017-03-04,BELGIUM_1,2016-17,LEAGUE,,Mouscron,Standard Liège,1,0,H,Belgium,Belgian First Division,football-data.co.uk
league_cd24ccfb870be15d,2017-03-04,BELGIUM_1,2016-17,LEAGUE,,Oostende,Lokeren,0,0,D,Belgium,Belgian First Division,football-data.co.uk
league_1254997ed1889d97,2017-03-04,BELGIUM_1,2016-17,LEAGUE,,St Truiden,Eupen,2,1,H,Belgium,Belgian First Division,football-data.co.uk
league_4adee4943f903393,2017-03-04,BELGIUM_1,2016-17,LEAGUE,,Waasland-Beveren,KAA Gent,2,3,A,Belgium,Belgian First Division,football-data.co.uk
league_6aa377158cf98ce0,2017-03-04,BELGIUM_1,2016-17,LEAGUE,,Waregem,Westerlo,2,2,D,Belgium,Belgian First Division,football-data.co.uk
league_71883e834101c4a8,2017-03-12,BELGIUM_1,2016-17,LEAGUE,,Club Brugge KV,St Truiden,2,2,D,Belgium,Belgian First Division,football-data.co.uk
league_7031ee3e812f2ade,2017-03-12,BELGIUM_1,2016-17,LEAGUE,,Eupen,Waregem,1,3,A,Belgium,Belgian First Division,football-data.co.uk
league_ff44e804e39793e5,2017-03-12,BELGIUM_1,2016-17,LEAGUE,,KAA Gent,Mechelen,3,0,H,Belgium,Belgian First Division,football-data.co.uk
league_5f17a26776a92a76,2017-03-12,BELGIUM_1,2016-17,LEAGUE,,Kortrijk,Mouscron,0,2,A,Belgium,Belgian First Division,football-data.co.uk
league_6a2a0ea19293c4c6,2017-03-12,BELGIUM_1,2016-17,LEAGUE,,Lokeren,Charleroi,0,0,D,Belgium,Belgian First Division,football-data.co.uk
league_157e954c2b977069,2017-03-12,BELGIUM_1,2016-17,LEAGUE,,RSC Anderlecht,Waasland-Beveren,3,0,H,Belgium,Belgian First Division,football-data.co.uk
league_6d070cd5e01e6a6c,2017-03-12,BELGIUM_1,2016-17,LEAGUE,,Standard Liège,Oostende,2,2,D,Belgium,Belgian First Division,football-data.co.uk
league_a3c1b3844035798d,2017-03-12,BELGIUM_1,2016-17,LEAGUE,,Westerlo,KRC Genk,0,4,A,Belgium,Belgian First Division,football-data.co.uk
league_98ea952b17a50098,2017-07-28,BELGIUM_1,2017-18,LEAGUE,,Antwerp,RSC Anderlecht,0,0,D,Belgium,Belgian First Division,football-data.co.uk
league_6fe7c02cd809f3fa,2017-07-29,BELGIUM_1,2017-18,LEAGUE,,Charleroi,Kortrijk,1,0,H,Belgium,Belgian First Division,football-data.co.uk
league_91f8bab2c1bc9f93,2017-07-29,BELGIUM_1,2017-18,LEAGUE,,Eupen,Waregem,0,5,A,Belgium,Belgian First Division,football-data.co.uk
league_064d4c292b9c201d,2017-07-29,BELGIUM_1,2017-18,LEAGUE,,KRC Genk,Waasland-Beveren,3,3,D,Belgium,Belgian First Division,football-data.co.uk
league_78076062d0504e32,2017-07-29,BELGIUM_1,2017-18,LEAGUE,,Lokeren,Club Brugge KV,0,4,A,Belgium,Belgian First Division,football-data.co.uk
league_58e83654ef86db21,2017-07-30,BELGIUM_1,2017-18,LEAGUE,,Mechelen,Standard Liège,1,1,D,Belgium,Belgian First Division,football-data.co.uk
league_6d64b14996fb7ed6,2017-07-30,BELGIUM_1,2017-18,LEAGUE,,Oostende,Mouscron,0,1,A,Belgium,Belgian First Division,football-data.co.uk
league_25778a5ca34d188d,2017-07-30,BELGIUM_1,2017-18,LEAGUE,,St Truiden,KAA Gent,3,2,H,Belgium,Belgian First Division,football-data.co.uk
league_9b0b6354bfd817d6,2017-08-04,BELGIUM_1,2017-18,LEAGUE,,Standard Liège,KRC Genk,2,1,H,Belgium,Belgian First Division,football-data.co.uk
league_008752a3e5ab15ec,2017-08-05,BELGIUM_1,2017-18,LEAGUE,,Kortrijk,Lokeren,1,0,H,Belgium,Belgian First Division,football-data.co.uk
league_ef440496714d065a,2017-08-05,BELGIUM_1,2017-18,LEAGUE,,Mouscron,Charleroi,2,5,A,Belgium,Belgian First Division,football-data.co.uk
league_6e4eaded8a2cd258,2017-08-05,BELGIUM_1,2017-18,LEAGUE,,Waasland-Beveren,Mechelen,2,2,D,Belgium,Belgian First Division,football-data.co.uk
league_c66ec91874cf5e9e,2017-08-05,BELGIUM_1,2017-18,LEAGUE,,Waregem,St Truiden,2,0,H,Belgium,Belgian First Division,football-data.co.uk
league_369e656ba452bc61,2017-08-06,BELGIUM_1,2017-18,LEAGUE,,Club Brugge KV,Eupen,3,1,H,Belgium,Belgian First Division,football-data.co.uk
league_b0fc7ac190a5e915,2017-08-06,BELGIUM_1,2017-18,LEAGUE,,KAA Gent,Antwerp,0,1,A,Belgium,Belgian First Division,football-data.co.uk
league_03a0e79a5554b836,2017-08-06,BELGIUM_1,2017-18,LEAGUE,,RSC Anderlecht,Oostende,1,0,H,Belgium,Belgian First Division,football-data.co.uk
league_42428fc27c5d46f2,2017-08-11,BELGIUM_1,2017-18,LEAGUE,,Waregem,Club Brugge KV,1,2,A,Belgium,Belgian First Division,football-data.co.uk
league_40bc4aff0f6590d6,2017-08-12,BELGIUM_1,2017-18,LEAGUE,,Eupen,Kortrijk,1,2,A,Belgium,Belgian First Division,football-data.co.uk
league_872ac65f276c7ae7,2017-08-12,BELGIUM_1,2017-18,LEAGUE,,Lokeren,Mouscron,0,2,A,Belgium,Belgian First Division,football-data.co.uk
league_b31516caf427cac5,2017-08-12,BELGIUM_1,2017-18,LEAGUE,,Mechelen,KAA Gent,1,1,D,Belgium,Belgian First Division,football-data.co.uk
league_2b222b51b605ed87,2017-08-12,BELGIUM_1,2017-18,LEAGUE,,Oostende,Waasland-Beveren,0,3,A,Belgium,Belgian First Division,football-data.co.uk
league_6df0d3a08473dacf,2017-08-13,BELGIUM_1,2017-18,LEAGUE,,Antwerp,KRC Genk,3,5,A,Belgium,Belgian First Division,football-data.co.uk
league_ea6b38965fa87b0f,2017-08-13,BELGIUM_1,2017-18,LEAGUE,,Charleroi,RSC Anderlecht,2,0,H,Belgium,Belgian First Division,football-data.co.uk
league_fee1af082c2890f0,2017-08-13,BELGIUM_1,2017-18,LEAGUE,,St Truiden,Standard Liège,1,0,H,Belgium,Belgian First Division,football-data.co.uk
league_aaf1b741311f1e64,2017-08-18,BELGIUM_1,2017-18,LEAGUE,,Standard Liège,Waregem,0,4,A,Belgium,Belgian First Division,football-data.co.uk
league_b72dbc8dafb16a95,2017-08-19,BELGIUM_1,2017-18,LEAGUE,,Eupen,Oostende,2,1,H,Belgium,Belgian First Division,football-data.co.uk
league_78319de9b92dc760,2017-08-19,BELGIUM_1,2017-18,LEAGUE,,KRC Genk,Charleroi,0,1,A,Belgium,Belgian First Division,football-data.co.uk
league_0ab8a77b5a6fc385,2017-08-19,BELGIUM_1,2017-18,LEAGUE,,Mechelen,Antwerp,1,2,A,Belgium,Belgian First Division,football-data.co.uk
league_2e4c3bcea4476932,2017-08-19,BELGIUM_1,2017-18,LEAGUE,,Waasland-Beveren,Lokeren,2,3,A,Belgium,Belgian First Division,football-data.co.uk
league_0dae7616d47a70c5,2017-08-20,BELGIUM_1,2017-18,LEAGUE,,Kortrijk,Club Brugge KV,1,2,A,Belgium,Belgian First Division,football-data.co.uk
league_5b06599320e991da,2017-08-20,BELGIUM_1,2017-18,LEAGUE,,Mouscron,KAA Gent,3,2,H,Belgium,Belgian First Division,football-data.co.uk
league_c578b001d6ae280d,2017-08-20,BELGIUM_1,2017-18,LEAGUE,,RSC Anderlecht,St Truiden,2,3,A,Belgium,Belgian First Division,football-data.co.uk
league_e0dd2d0c2e202833,2017-08-25,BELGIUM_1,2017-18,LEAGUE,,Kortrijk,Mouscron,1,1,D,Belgium,Belgian First Division,football-data.co.uk
league_9268b216be838fe7,2017-08-26,BELGIUM_1,2017-18,LEAGUE,,Charleroi,Waregem,3,2,H,Belgium,Belgian First Division,football-data.co.uk
league_ba7c9a79793e9518,2017-08-26,BELGIUM_1,2017-18,LEAGUE,,KRC Genk,Mechelen,1,0,H,Belgium,Belgian First Division,football-data.co.uk
league_d192c4ffc620540e,2017-08-26,BELGIUM_1,2017-18,LEAGUE,,Lokeren,Eupen,3,0,H,Belgium,Belgian First Division,football-data.co.uk
league_1ed8ffba53712fab,2017-08-26,BELGIUM_1,2017-18,LEAGUE,,St Truiden,Waasland-Beveren,1,0,H,Belgium,Belgian First Division,football-data.co.uk
league_3b964ed535d1ceef,2017-08-27,BELGIUM_1,2017-18,LEAGUE,,Club Brugge KV,Standard Liège,4,0,H,Belgium,Belgian First Division,football-data.co.uk
league_eee686fa4f5ba4f7,2017-08-27,BELGIUM_1,2017-18,LEAGUE,,KAA Gent,RSC Anderlecht,0,0,D,Belgium,Belgian First Division,football-data.co.uk
league_cfc498c88fb2bbdd,2017-08-27,BELGIUM_1,2017-18,LEAGUE,,Oostende,Antwerp,3,4,A,Belgium,Belgian First Division,football-data.co.uk
league_8a2ce9172671c6d7,2017-09-08,BELGIUM_1,2017-18,LEAGUE,,RSC Anderlecht,Lokeren,3,2,H,Belgium,Belgian First Division,football-data.co.uk
league_dd44a06f0b6d35aa,2017-09-09,BELGIUM_1,2017-18,LEAGUE,,Antwerp,St Truiden,1,1,D,Belgium,Belgian First Division,football-data.co.uk
league_32cb565eb0e28841,2017-09-09,BELGIUM_1,2017-18,LEAGUE,,Mouscron,Club Brugge KV,2,1,H,Belgium,Belgian First Division,football-data.co.uk
league_24d4ed18fb2b5b68,2017-09-09,BELGIUM_1,2017-18,LEAGUE,,Waasland-Beveren,Eupen,5,1,H,Belgium,Belgian First Division,football-data.co.uk
league_13d42029b9665238,2017-09-09,BELGIUM_1,2017-18,LEAGUE,,Waregem,Kortrijk,2,2,D,Belgium,Belgian First Division,football-data.co.uk
league_6f8797bc58dac46b,2017-09-10,BELGIUM_1,2017-18,LEAGUE,,KAA Gent,KRC Genk,1,1,D,Belgium,Belgian First Division,football-data.co.uk
league_be06fed2d2e81a49,2017-09-10,BELGIUM_1,2017-18,LEAGUE,,Mechelen,Oostende,1,1,D,Belgium,Belgian First Division,football-data.co.uk
league_0abbb3a637f4b588,2017-09-10,BELGIUM_1,2017-18,LEAGUE,,Standard Liège,Charleroi,0,0,D,Belgium,Belgian First Division,football-data.co.uk
league_6946307aa43b6bae,2017-09-15,BELGIUM_1,2017-18,LEAGUE,,Club Brugge KV,Mechelen,2,0,H,Belgium,Belgian First Division,football-data.co.uk
league_b761324e338c7d62,2017-09-16,BELGIUM_1,2017-18,LEAGUE,,Charleroi,Waasland-Beveren,2,2,D,Belgium,Belgian First Division,football-data.co.uk
league_3b7580dc37e2dc66,2017-09-16,BELGIUM_1,2017-18,LEAGUE,,Kortrijk,RSC Anderlecht,2,2,D,Belgium,Belgian First Division,football-data.co.uk
league_2e2f90b4ace7ccd3,2017-09-16,BELGIUM_1,2017-18,LEAGUE,,Lokeren,Antwerp,1,1,D,Belgium,Belgian First Division,football-data.co.uk
league_5ac13747f81d4e7a,2017-09-16,BELGIUM_1,2017-18,LEAGUE,,St Truiden,KRC Genk,2,1,H,Belgium,Belgian First Division,football-data.co.uk
league_72c602cc6b8263fc,2017-09-17,BELGIUM_1,2017-18,LEAGUE,,Eupen,Standard Liège,1,1,D,Belgium,Belgian First Division,football-data.co.uk
league_0b9cc492f73b847a,2017-09-17,BELGIUM_1,2017-18,LEAGUE,,Oostende,KAA Gent,0,2,A,Belgium,Belgian First Division,football-data.co.uk
league_3136d2aacd614f85,2017-09-17,BELGIUM_1,2017-18,LEAGUE,,Waregem,Mouscron,2,1,H,Belgium,Belgian First Division,football-data.co.uk
league_aac2903d5ebcdc10,2017-09-22,BELGIUM_1,2017-18,LEAGUE,,Antwerp,Kortrijk,3,0,H,Belgium,Belgian First Division,football-data.co.uk
league_22ede6068b0a4298,2017-09-23,BELGIUM_1,2017-18,LEAGUE,,KRC Genk,Oostende,1,1,D,Belgium,Belgian First Division,football-data.co.uk
league_f8c2ee1fa35ba384,2017-09-23,BELGIUM_1,2017-18,LEAGUE,,Mechelen,St Truiden,2,0,H,Belgium,Belgian First Division,football-data.co.uk
league_989326e64deb22d4,2017-09-23,BELGIUM_1,2017-18,LEAGUE,,Mouscron,Eupen,3,2,H,Belgium,Belgian First Division,football-data.co.uk
league_1e3d1fbf888a2c4e,2017-09-23,BELGIUM_1,2017-18,LEAGUE,,Waasland-Beveren,RSC Anderlecht,1,2,A,Belgium,Belgian First Division,football-data.co.uk
league_1b66444c2c7e8215,2017-09-24,BELGIUM_1,2017-18,LEAGUE,,Charleroi,Club Brugge KV,1,2,A,Belgium,Belgian First Division,football-data.co.uk
league_46a9f90ecf34bb63,2017-09-24,BELGIUM_1,2017-18,LEAGUE,,KAA Gent,Waregem,0,1,A,Belgium,Belgian First Division,football-data.co.uk
league_f658f4bf948be439,2017-09-24,BELGIUM_1,2017-18,LEAGUE,,Standard Liège,Lokeren,2,1,H,Belgium,Belgian First Division,football-data.co.uk
league_0b7d812d4a833ea7,2017-09-29,BELGIUM_1,2017-18,LEAGUE,,St Truiden,Charleroi,0,1,A,Belgium,Belgian First Division,football-data.co.uk
league_0a1b19f2ffc8eb40,2017-09-30,BELGIUM_1,2017-18,LEAGUE,,Eupen,KRC Genk,3,3,D,Belgium,Belgian First Division,football-data.co.uk
league_8c38f9bae5b6b165,2017-09-30,BELGIUM_1,2017-18,LEAGUE,,Kortrijk,Oostende,1,2,A,Belgium,Belgian First Division,football-data.co.uk
league_fecc68f4f88f177f,2017-09-30,BELGIUM_1,2017-18,LEAGUE,,Mouscron,Mechelen,2,2,D,Belgium,Belgian First Division,football-data.co.uk
league_70221530c950e2b9,2017-09-30,BELGIUM_1,2017-18,LEAGUE,,Waasland-Beveren,Antwerp,3,0,H,Belgium,Belgian First Division,football-data.co.uk
league_66979f0bf6b2ce51,2017-10-01,BELGIUM_1,2017-18,LEAGUE,,Club Brugge KV,KAA Gent,2,1,H,Belgium,Belgian First Division,football-data.co.uk
league_68e03bc771a3d10b,2017-10-01,BELGIUM_1,2017-18,LEAGUE,,RSC Anderlecht,Standard Liège,1,0,H,Belgium,Belgian First Division,football-data.co.uk
league_ff2af7873a162fd5,2017-10-01,BELGIUM_1,2017-18,LEAGUE,,Waregem,Lokeren,1,3,A,Belgium,Belgian First Division,football-data.co.uk
league_e1931956ce892630,2017-10-13,BELGIUM_1,2017-18,LEAGUE,,Mechelen,RSC Anderlecht,3,4,A,Belgium,Belgian First Division,football-data.co.uk
league_d7422c1de881c10e,2017-10-14,BELGIUM_1,2017-18,LEAGUE,,Charleroi,Eupen,2,2,D,Belgium,Belgian First Division,football-data.co.uk
league_1de67ca078878c9a,2017-10-14,BELGIUM_1,2017-18,LEAGUE,,KAA Gent,Waasland-Beveren,2,0,H,Belgium,Belgian First Division,football-data.co.uk
league_93733c8b48a86326,2017-10-14,BELGIUM_1,2017-18,LEAGUE,,KRC Genk,Mouscron,1,1,D,Belgium,Belgian First Division,football-data.co.uk
league_c016392b61e00037,2017-10-14,BELGIUM_1,2017-18,LEAGUE,,Lokeren,St Truiden,1,1,D,Belgium,Belgian First Division,football-data.co.uk
league_bd660439f4c93682,2017-10-15,BELGIUM_1,2017-18,LEAGUE,,Antwerp,Waregem,3,0,H,Belgium,Belgian First Division,football-data.co.uk
league_4d47395611ac079f,2017-10-15,BELGIUM_1,2017-18,LEAGUE,,Oostende,Club Brugge KV,2,3,A,Belgium,Belgian First Division,football-data.co.uk
league_602f2f1503147f33,2017-10-15,BELGIUM_1,2017-18,LEAGUE,,Standard Liège,Kortrijk,3,1,H,Belgium,Belgian First Division,football-data.co.uk
league_5248123ea8d5059b,2017-10-20,BELGIUM_1,2017-18,LEAGUE,,Mouscron,Standard Liège,1,3,A,Belgium,Belgian First Division,football-data.co.uk
league_c0dc1c78aa8fe972,2017-10-21,BELGIUM_1,2017-18,LEAGUE,,Eupen,Mechelen,4,1,H,Belgium,Belgian First Division,football-data.co.uk
league_98f5c0a2ee63e416,2017-10-21,BELGIUM_1,2017-18,LEAGUE,,Kortrijk,KAA Gent,1,1,D,Belgium,Belgian First Division,football-data.co.uk
league_8d020a7b424ebea6,2017-10-21,BELGIUM_1,2017-18,LEAGUE,,Lokeren,Charleroi,1,1,D,Belgium,Belgian First Division,football-data.co.uk
league_0a5767a866223d2f,2017-10-21,BELGIUM_1,2017-18,LEAGUE,,St Truiden,Oostende,1,0,H,Belgium,Belgian First Division,football-data.co.uk
league_beb6a5b9a608c683,2017-10-22,BELGIUM_1,2017-18,LEAGUE,,Club Brugge KV,Antwerp,1,0,H,Belgium,Belgian First Division,football-data.co.uk
league_fb329278b552c099,2017-10-22,BELGIUM_1,2017-18,LEAGUE,,RSC Anderlecht,KRC Genk,0,1,A,Belgium,Belgian First Division,football-data.co.uk
league_d2f628f2bc29677e,2017-10-22,BELGIUM_1,2017-18,LEAGUE,,Waregem,Waasland-Beveren,2,5,A,Belgium,Belgian First Division,football-data.co.uk
league_2da7b41c2e468e79,2017-10-24,BELGIUM_1,2017-18,LEAGUE,,KAA Gent,Eupen,3,0,H,Belgium,Belgian First Division,football-data.co.uk
league_53c2166e2d70cddd,2017-10-24,BELGIUM_1,2017-18,LEAGUE,,Mechelen,Lokeren,0,2,A,Belgium,Belgian First Division,football-data.co.uk
league_06a9bbdf8200298d,2017-10-24,BELGIUM_1,2017-18,LEAGUE,,Oostende,Charleroi,3,0,H,Belgium,Belgian First Division,football-data.co.uk
league_9a862ab785cbf63e,2017-10-25,BELGIUM_1,2017-18,LEAGUE,,KRC Genk,Club Brugge KV,2,0,H,Belgium,Belgian First Division,football-data.co.uk
league_e79c3e78dec30ce3,2017-10-25,BELGIUM_1,2017-18,LEAGUE,,RSC Anderlecht,Waregem,2,0,H,Belgium,Belgian First Division,football-data.co.uk
league_4d4b00fe32838173,2017-10-25,BELGIUM_1,2017-18,LEAGUE,,Waasland-Beveren,Kortrijk,2,1,H,Belgium,Belgian First Division,football-data.co.uk
league_fdb5044cb17fc3aa,2017-10-26,BELGIUM_1,2017-18,LEAGUE,,Antwerp,Standard Liège,0,0,D,Belgium,Belgian First Division,football-data.co.uk
league_c79e578a12171f6b,2017-10-26,BELGIUM_1,2017-18,LEAGUE,,St Truiden,Mouscron,1,0,H,Belgium,Belgian First Division,football-data.co.uk
league_afaa03f44495ca55,2017-10-27,BELGIUM_1,2017-18,LEAGUE,,Charleroi,KAA Gent,2,1,H,Belgium,Belgian First Division,football-data.co.uk
league_86cdcc6f0e8e9d8e,2017-10-28,BELGIUM_1,2017-18,LEAGUE,,Eupen,RSC Anderlecht,2,3,A,Belgium,Belgian First Division,football-data.co.uk
league_d553efd254487cba,2017-10-28,BELGIUM_1,2017-18,LEAGUE,,Kortrijk,KRC Genk,0,0,D,Belgium,Belgian First Division,football-data.co.uk
league_b9e467aab97862c8,2017-10-28,BELGIUM_1,2017-18,LEAGUE,,Lokeren,Oostende,0,3,A,Belgium,Belgian First Division,football-data.co.uk
league_1e263ee1720bab94,2017-10-28,BELGIUM_1,2017-18,LEAGUE,,Waregem,Mechelen,2,1,H,Belgium,Belgian First Division,football-data.co.uk
league_fa605a27bab52e37,2017-10-29,BELGIUM_1,2017-18,LEAGUE,,Club Brugge KV,St Truiden,4,1,H,Belgium,Belgian First Division,football-data.co.uk
league_7aeeda9a4ade2b17,2017-10-29,BELGIUM_1,2017-18,LEAGUE,,Mouscron,Antwerp,2,2,D,Belgium,Belgian First Division,football-data.co.uk
league_09d2f0f3d5b6c359,2017-10-29,BELGIUM_1,2017-18,LEAGUE,,Standard Liège,Waasland-Beveren,3,1,H,Belgium,Belgian First Division,football-data.co.uk
league_4482b80a34e493dd,2017-11-03,BELGIUM_1,2017-18,LEAGUE,,KAA Gent,Standard Liège,1,0,H,Belgium,Belgian First Division,football-data.co.uk
league_5fb5becf995a1955,2017-11-04,BELGIUM_1,2017-18,LEAGUE,,KRC Genk,Lokeren,0,0,D,Belgium,Belgian First Division,football-data.co.uk
league_dd2d8c2a9d19cc7f,2017-11-04,BELGIUM_1,2017-18,LEAGUE,,Mechelen,Kortrijk,2,0,H,Belgium,Belgian First Division,football-data.co.uk
league_e97bce0992176f4b,2017-11-04,BELGIUM_1,2017-18,LEAGUE,,St Truiden,Eupen,4,4,D,Belgium,Belgian First Division,football-data.co.uk
league_677f56006ec727aa,2017-11-04,BELGIUM_1,2017-18,LEAGUE,,Waasland-Beveren,Mouscron,2,0,H,Belgium,Belgian First Division,football-data.co.uk
league_a0a1ba33438b8885,2017-11-05,BELGIUM_1,2017-18,LEAGUE,,Antwerp,Charleroi,1,3,A,Belgium,Belgian First Division,football-data.co.uk
league_3bc4d8fc97a6337a,2017-11-05,BELGIUM_1,2017-18,LEAGUE,,Oostende,Waregem,4,2,H,Belgium,Belgian First Division,football-data.co.uk
league_856455cc6032b165,2017-11-05,BELGIUM_1,2017-18,LEAGUE,,RSC Anderlecht,Club Brugge KV,0,0,D,Belgium,Belgian First Division,football-data.co.uk
league_80b89553eab2281b,2017-11-17,BELGIUM_1,2017-18,LEAGUE,,Charleroi,Mechelen,2,0,H,Belgium,Belgian First Division,football-data.co.uk
league_03b3a610bbc16548,2017-11-18,BELGIUM_1,2017-18,LEAGUE,,Eupen,Antwerp,0,1,A,Belgium,Belgian First Division,football-data.co.uk
league_c2c3261c6a50f0f5,2017-11-18,BELGIUM_1,2017-18,LEAGUE,,Kortrijk,St Truiden,3,2,H,Belgium,Belgian First Division,football-data.co.uk
league_7d3bd35d75e461e4,2017-11-18,BELGIUM_1,2017-18,LEAGUE,,Mouscron,RSC Anderlecht,1,2,A,Belgium,Belgian First Division,football-data.co.uk
league_9147ac337c8ea567,2017-11-18,BELGIUM_1,2017-18,LEAGUE,,Standard Liège,Oostende,0,0,D,Belgium,Belgian First Division,football-data.co.uk
league_df24ae4096e1a456,2017-11-19,BELGIUM_1,2017-18,LEAGUE,,Club Brugge KV,Waasland-Beveren,3,0,H,Belgium,Belgian First Division,football-data.co.uk
league_ca7ac5c7946989ab,2017-11-19,BELGIUM_1,2017-18,LEAGUE,,Lokeren,KAA Gent,0,3,A,Belgium,Belgian First Division,football-data.co.uk
league_927c8854bc53f443,2017-11-19,BELGIUM_1,2017-18,LEAGUE,,Waregem,KRC Genk,0,1,A,Belgium,Belgian First Division,football-data.co.uk
league_2aa036d5e1ef0471,2017-11-24,BELGIUM_1,2017-18,LEAGUE,,KAA Gent,Mouscron,3,1,H,Belgium,Belgian First Division,football-data.co.uk
league_7cee80711eebd091,2017-11-25,BELGIUM_1,2017-18,LEAGUE,,Antwerp,Mechelen,0,0,D,Belgium,Belgian First Division,football-data.co.uk
league_7cfcbc967cd11905,2017-11-25,BELGIUM_1,2017-18,LEAGUE,,Oostende,Eupen,1,0,H,Belgium,Belgian First Division,football-data.co.uk
league_34faa3e2576fcc33,2017-11-25,BELGIUM_1,2017-18,LEAGUE,,St Truiden,Lokeren,0,0,D,Belgium,Belgian First Division,football-data.co.uk
league_ad879e84eef497f7,2017-11-25,BELGIUM_1,2017-18,LEAGUE,,Waasland-Beveren,Charleroi,0,2,A,Belgium,Belgian First Division,football-data.co.uk
league_167ea5cc88192a8d,2017-11-26,BELGIUM_1,2017-18,LEAGUE,,Club Brugge KV,Waregem,3,2,H,Belgium,Belgian First Division,football-data.co.uk
league_2ddf1ea7d6949402,2017-11-26,BELGIUM_1,2017-18,LEAGUE,,KRC Genk,Standard Liège,0,2,A,Belgium,Belgian First Division,football-data.co.uk
league_08263d95741fe727,2017-11-26,BELGIUM_1,2017-18,LEAGUE,,RSC Anderlecht,Kortrijk,4,0,H,Belgium,Belgian First Division,football-data.co.uk
league_bc707c2f3add5fb0,2017-12-01,BELGIUM_1,2017-18,LEAGUE,,Charleroi,Oostende,1,1,D,Belgium,Belgian First Division,football-data.co.uk
league_63ed9a903bbf6ecd,2017-12-02,BELGIUM_1,2017-18,LEAGUE,,Kortrijk,Waasland-Beveren,4,1,H,Belgium,Belgian First Division,football-data.co.uk
league_8349f6e3efa260ed,2017-12-02,BELGIUM_1,2017-18,LEAGUE,,Lokeren,RSC Anderlecht,1,2,A,Belgium,Belgian First Division,football-data.co.uk
league_703d3f7804ac3fec,2017-12-02,BELGIUM_1,2017-18,LEAGUE,,Mechelen,KRC Genk,3,2,H,Belgium,Belgian First Division,football-data.co.uk
league_a23392a13b3ccf5e,2017-12-02,BELGIUM_1,2017-18,LEAGUE,,Mouscron,St Truiden,1,1,D,Belgium,Belgian First Division,football-data.co.uk
league_3daccdb5242e78ff,2017-12-03,BELGIUM_1,2017-18,LEAGUE,,Eupen,Club Brugge KV,2,2,D,Belgium,Belgian First Division,football-data.co.uk
league_ed2f6b3a6bb778ee,2017-12-03,BELGIUM_1,2017-18,LEAGUE,,Standard Liège,Antwerp,1,1,D,Belgium,Belgian First Division,football-data.co.uk
league_4da97329c0554f41,2017-12-03,BELGIUM_1,2017-18,LEAGUE,,Waregem,KAA Gent,0,1,A,Belgium,Belgian First Division,football-data.co.uk
league_9e8f5da967686a38,2017-12-08,BELGIUM_1,2017-18,LEAGUE,,Waasland-Beveren,Standard Liège,3,1,H,Belgium,Belgian First Division,football-data.co.uk
league_83575df46565e5d2,2017-12-09,BELGIUM_1,2017-18,LEAGUE,,Antwerp,Mouscron,1,0,H,Belgium,Belgian First Division,football-data.co.uk
league_bbc1f84a6579cef7,2017-12-09,BELGIUM_1,2017-18,LEAGUE,,KAA Gent,Kortrijk,2,1,H,Belgium,Belgian First Division,football-data.co.uk
league_c8392ebb544344d3,2017-12-09,BELGIUM_1,2017-18,LEAGUE,,KRC Genk,Eupen,1,1,D,Belgium,Belgian First Division,football-data.co.uk
league_bc811d3c492265a4,2017-12-09,BELGIUM_1,2017-18,LEAGUE,,Oostende,Mechelen,0,1,A,Belgium,Belgian First Division,football-data.co.uk
league_e96b5add8f3bd7e7,2017-12-10,BELGIUM_1,2017-18,LEAGUE,,Club Brugge KV,Lokeren,3,1,H,Belgium,Belgian First Division,football-data.co.uk
league_e11fd0873c2805a8,2017-12-10,BELGIUM_1,2017-18,LEAGUE,,RSC Anderlecht,Charleroi,1,3,A,Belgium,Belgian First Division,football-data.co.uk
league_ab13d7c096dafa1f,2017-12-10,BELGIUM_1,2017-18,LEAGUE,,St Truiden,Waregem,1,1,D,Belgium,Belgian First Division,football-data.co.uk
league_860b47cacb10342a,2017-12-15,BELGIUM_1,2017-18,LEAGUE,,Mouscron,Oostende,1,0,H,Belgium,Belgian First Division,football-data.co.uk
league_d19553bec6f0e7b8,2017-12-16,BELGIUM_1,2017-18,LEAGUE,,Eupen,St Truiden,0,0,D,Belgium,Belgian First Division,football-data.co.uk
league_58a420c1c17144c9,2017-12-16,BELGIUM_1,2017-18,LEAGUE,,Kortrijk,Mechelen,2,0,H,Belgium,Belgian First Division,football-data.co.uk
league_2c4adb8a109c8a5b,2017-12-16,BELGIUM_1,2017-18,LEAGUE,,Lokeren,Waasland-Beveren,1,1,D,Belgium,Belgian First Division,football-data.co.uk
league_fb4f751da91110d2,2017-12-16,BELGIUM_1,2017-18,LEAGUE,,Standard Liège,KAA Gent,0,0,D,Belgium,Belgian First Division,football-data.co.uk
league_a6dca5027c5d09c2,2017-12-17,BELGIUM_1,2017-18,LEAGUE,,Charleroi,KRC Genk,1,1,D,Belgium,Belgian First Division,football-data.co.uk
league_5ec19651bfd7e91a,2017-12-17,BELGIUM_1,2017-18,LEAGUE,,Club Brugge KV,RSC Anderlecht,5,0,H,Belgium,Belgian First Division,football-data.co.uk
league_eb39627b04371636,2017-12-17,BELGIUM_1,2017-18,LEAGUE,,Waregem,Antwerp,1,2,A,Belgium,Belgian First Division,football-data.co.uk
league_1dbb6961ad794586,2017-12-20,BELGIUM_1,2017-18,LEAGUE,,Mechelen,Club Brugge KV,0,3,A,Belgium,Belgian First Division,football-data.co.uk
league_88e2a1d13da17f35,2017-12-21,BELGIUM_1,2017-18,LEAGUE,,Antwerp,Lokeren,1,2,A,Belgium,Belgian First Division,football-data.co.uk
league_8092a114e43a7a9d,2017-12-21,BELGIUM_1,2017-18,LEAGUE,,KAA Gent,Charleroi,1,0,H,Belgium,Belgian First Division,football-data.co.uk
league_e29921b10d30ac13,2017-12-22,BELGIUM_1,2017-18,LEAGUE,,RSC Anderlecht,Eupen,1,0,H,Belgium,Belgian First Division,football-data.co.uk
league_532e18df73bb8822,2017-12-22,BELGIUM_1,2017-18,LEAGUE,,Waasland-Beveren,Oostende,1,3,A,Belgium,Belgian First Division,football-data.co.uk
league_1626d5804799ded2,2017-12-23,BELGIUM_1,2017-18,LEAGUE,,KRC Genk,Kortrijk,2,3,A,Belgium,Belgian First Division,football-data.co.uk
league_45b40ca66a5ee247,2017-12-23,BELGIUM_1,2017-18,LEAGUE,,Mouscron,Waregem,2,1,H,Belgium,Belgian First Division,football-data.co.uk
league_81357f240ec28107,2017-12-23,BELGIUM_1,2017-18,LEAGUE,,Standard Liège,St Truiden,1,1,D,Belgium,Belgian First Division,football-data.co.uk
league_7ffc573c825b70fa,2017-12-26,BELGIUM_1,2017-18,LEAGUE,,Club Brugge KV,Mouscron,4,2,H,Belgium,Belgian First Division,football-data.co.uk
league_b8807bf4fe7d742e,2017-12-26,BELGIUM_1,2017-18,LEAGUE,,Eupen,Waasland-Beveren,1,0,H,Belgium,Belgian First Division,football-data.co.uk
league_bb281a54c981ef50,2017-12-26,BELGIUM_1,2017-18,LEAGUE,,Lokeren,Mechelen,2,0,H,Belgium,Belgian First Division,football-data.co.uk
league_f82c99d4d67ae82e,2017-12-26,BELGIUM_1,2017-18,LEAGUE,,RSC Anderlecht,KAA Gent,1,0,H,Belgium,Belgian First Division,football-data.co.uk
league_31049c8916c5edea,2017-12-26,BELGIUM_1,2017-18,LEAGUE,,Waregem,Charleroi,0,4,A,Belgium,Belgian First Division,football-data.co.uk
league_d06b8ff3a0ed7783,2017-12-27,BELGIUM_1,2017-18,LEAGUE,,Kortrijk,Standard Liège,2,1,H,Belgium,Belgian First Division,football-data.co.uk
league_a1d20098223a9f86,2017-12-27,BELGIUM_1,2017-18,LEAGUE,,St Truiden,Antwerp,0,3,A,Belgium,Belgian First Division,football-data.co.uk
league_4150bbd87175fabb,2018-01-16,BELGIUM_1,2017-18,LEAGUE,,Oostende,KRC Genk,1,2,A,Belgium,Belgian First Division,football-data.co.uk
league_a6ee8f65618246ec,2018-01-19,BELGIUM_1,2017-18,LEAGUE,,Charleroi,Mouscron,2,0,H,Belgium,Belgian First Division,football-data.co.uk
league_b207fe121a66b555,2018-01-20,BELGIUM_1,2017-18,LEAGUE,,Mechelen,Waregem,0,2,A,Belgium,Belgian First Division,football-data.co.uk
league_3d4e4e479a3961c6,2018-01-20,BELGIUM_1,2017-18,LEAGUE,,Oostende,Kortrijk,2,1,H,Belgium,Belgian First Division,football-data.co.uk
league_66790e5994f56ba8,2018-01-20,BELGIUM_1,2017-18,LEAGUE,,Standard Liège,Eupen,3,2,H,Belgium,Belgian First Division,football-data.co.uk
league_0144fad15b642ba3,2018-01-20,BELGIUM_1,2017-18,LEAGUE,,Waasland-Beveren,St Truiden,3,1,H,Belgium,Belgian First Division,football-data.co.uk
league_3dbf5cf28536fb2a,2018-01-21,BELGIUM_1,2017-18,LEAGUE,,Antwerp,Club Brugge KV,2,2,D,Belgium,Belgian First Division,football-data.co.uk
league_6a191ff95659dd8d,2018-01-21,BELGIUM_1,2017-18,LEAGUE,,KAA Gent,Lokeren,3,0,H,Belgium,Belgian First Division,football-data.co.uk
league_afa31093e8bc2e35,2018-01-21,BELGIUM_1,2017-18,LEAGUE,,KRC Genk,RSC Anderlecht,0,1,A,Belgium,Belgian First Division,football-data.co.uk
league_643488dadee0a9da,2018-01-23,BELGIUM_1,2017-18,LEAGUE,,Mouscron,Kortrijk,0,3,A,Belgium,Belgian First Division,football-data.co.uk
league_a4bbd968cf2d9dd5,2018-01-23,BELGIUM_1,2017-18,LEAGUE,,St Truiden,Mechelen,2,0,H,Belgium,Belgian First Division,football-data.co.uk
league_5025c111f8d7d387,2018-01-23,BELGIUM_1,2017-18,LEAGUE,,Waregem,Standard Liège,2,1,H,Belgium,Belgian First Division,football-data.co.uk
league_78f991091911024f,2018-01-24,BELGIUM_1,2017-18,LEAGUE,,Antwerp,KAA Gent,1,1,D,Belgium,Belgian First Division,football-data.co.uk
league_9e620650c4a79598,2018-01-24,BELGIUM_1,2017-18,LEAGUE,,Eupen,Charleroi,1,0,H,Belgium,Belgian First Division,football-data.co.uk
league_363b57097c311b24,2018-01-24,BELGIUM_1,2017-18,LEAGUE,,Lokeren,KRC Genk,1,2,A,Belgium,Belgian First Division,football-data.co.uk
league_647a65afea796c10,2018-01-24,BELGIUM_1,2017-18,LEAGUE,,RSC Anderlecht,Waasland-Beveren,2,2,D,Belgium,Belgian First Division,football-data.co.uk
league_a35cb158b5bc824e,2018-01-25,BELGIUM_1,2017-18,LEAGUE,,Club Brugge KV,Oostende,3,2,H,Belgium,Belgian First Division,football-data.co.uk
league_47983711ee5f518d,2018-01-26,BELGIUM_1,2017-18,LEAGUE,,Mechelen,Mouscron,0,2,A,Belgium,Belgian First Division,football-data.co.uk
league_aed75f63e0167894,2018-01-27,BELGIUM_1,2017-18,LEAGUE,,Charleroi,Antwerp,1,1,D,Belgium,Belgian First Division,football-data.co.uk
league_9c375644e8157da1,2018-01-27,BELGIUM_1,2017-18,LEAGUE,,KRC Genk,St Truiden,1,1,D,Belgium,Belgian First Division,football-data.co.uk
league_1fb48368d992bdf4,2018-01-27,BELGIUM_1,2017-18,LEAGUE,,Kortrijk,Eupen,0,0,D,Belgium,Belgian First Division,football-data.co.uk
league_6dcadc801ce419ee,2018-01-27,BELGIUM_1,2017-18,LEAGUE,,Waasland-Beveren,Waregem,2,2,D,Belgium,Belgian First Division,football-data.co.uk
league_ed9c46f4360f954e,2018-01-28,BELGIUM_1,2017-18,LEAGUE,,KAA Gent,Club Brugge KV,2,0,H,Belgium,Belgian First Division,football-data.co.uk
league_f34da0abaaeac84f,2018-01-28,BELGIUM_1,2017-18,LEAGUE,,Oostende,Lokeren,2,3,A,Belgium,Belgian First Division,football-data.co.uk
league_89ea8d4a870d3506,2018-01-28,BELGIUM_1,2017-18,LEAGUE,,Standard Liège,RSC Anderlecht,3,3,D,Belgium,Belgian First Division,football-data.co.uk
league_15ab48f234e229da,2018-02-02,BELGIUM_1,2017-18,LEAGUE,,Antwerp,Waasland-Beveren,1,2,A,Belgium,Belgian First Division,football-data.co.uk
league_6b4d71df09523139,2018-02-03,BELGIUM_1,2017-18,LEAGUE,,Eupen,KAA Gent,1,1,D,Belgium,Belgian First Division,football-data.co.uk
league_f7f74d02a6de879f,2018-02-03,BELGIUM_1,2017-18,LEAGUE,,Lokeren,Standard Liège,0,3,A,Belgium,Belgian First Division,football-data.co.uk
league_3f71964f70af6040,2018-02-03,BELGIUM_1,2017-18,LEAGUE,,Mouscron,KRC Genk,0,1,A,Belgium,Belgian First Division,football-data.co.uk
league_f29b8894a2a4e394,2018-02-03,BELGIUM_1,2017-18,LEAGUE,,St Truiden,Kortrijk,0,2,A,Belgium,Belgian First Division,football-data.co.uk
league_33e7c54baebeab7b,2018-02-04,BELGIUM_1,2017-18,LEAGUE,,Club Brugge KV,Charleroi,3,3,D,Belgium,Belgian First Division,football-data.co.uk
league_1031067488d649e3,2018-02-04,BELGIUM_1,2017-18,LEAGUE,,RSC Anderlecht,Mechelen,2,2,D,Belgium,Belgian First Division,football-data.co.uk
league_d185e6e6e60144dc,2018-02-04,BELGIUM_1,2017-18,LEAGUE,,Waregem,Oostende,1,1,D,Belgium,Belgian First Division,football-data.co.uk
league_ec6a44c632b3b23e,2018-02-09,BELGIUM_1,2017-18,LEAGUE,,KRC Genk,Waregem,3,1,H,Belgium,Belgian First Division,football-data.co.uk
league_8a60b1969fb56591,2018-02-10,BELGIUM_1,2017-18,LEAGUE,,KAA Gent,St Truiden,3,0,H,Belgium,Belgian First Division,football-data.co.uk
league_1c08c06edae4d4c9,2018-02-10,BELGIUM_1,2017-18,LEAGUE,,Kortrijk,Antwerp,4,0,H,Belgium,Belgian First Division,football-data.co.uk
league_ba06529f2bd942cb,2018-02-10,BELGIUM_1,2017-18,LEAGUE,,Mechelen,Eupen,1,0,H,Belgium,Belgian First Division,football-data.co.uk
league_771d91a598f0bd63,2018-02-10,BELGIUM_1,2017-18,LEAGUE,,Oostende,RSC Anderlecht,2,0,H,Belgium,Belgian First Division,football-data.co.uk
league_fa3d9768c4d02302,2018-02-11,BELGIUM_1,2017-18,LEAGUE,,Charleroi,Lokeren,1,1,D,Belgium,Belgian First Division,football-data.co.uk
league_fffc6d764dc7a84b,2018-02-11,BELGIUM_1,2017-18,LEAGUE,,Standard Liège,Mouscron,4,3,H,Belgium,Belgian First Division,football-data.co.uk
league_e4b5484b2809591b,2018-02-11,BELGIUM_1,2017-18,LEAGUE,,Waasland-Beveren,Club Brugge KV,1,1,D,Belgium,Belgian First Division,football-data.co.uk
league_1a493c55288bcca8,2018-02-16,BELGIUM_1,2017-18,LEAGUE,,St Truiden,RSC Anderlecht,1,0,H,Belgium,Belgian First Division,football-data.co.uk
league_32ac5f37466fb357,2018-02-17,BELGIUM_1,2017-18,LEAGUE,,Antwerp,Oostende,0,0,D,Belgium,Belgian First Division,football-data.co.uk
league_13c3adc128ea1755,2018-02-17,BELGIUM_1,2017-18,LEAGUE,,Club Brugge KV,KRC Genk,2,2,D,Belgium,Belgian First Division,football-data.co.uk
league_91a22c6f3c26b8c3,2018-02-17,BELGIUM_1,2017-18,LEAGUE,,Lokeren,Kortrijk,0,1,A,Belgium,Belgian First Division,football-data.co.uk
league_b5d213e24b2d44e1,2018-02-17,BELGIUM_1,2017-18,LEAGUE,,Waregem,Eupen,3,2,H,Belgium,Belgian First Division,football-data.co.uk
league_dc9c15700a4e3d6a,2018-02-18,BELGIUM_1,2017-18,LEAGUE,,Charleroi,Standard Liège,1,1,D,Belgium,Belgian First Division,football-data.co.uk
league_0ede9ed9ee276db0,2018-02-18,BELGIUM_1,2017-18,LEAGUE,,KAA Gent,Mechelen,2,2,D,Belgium,Belgian First Division,football-data.co.uk
league_2b0576b162c412f6,2018-02-18,BELGIUM_1,2017-18,LEAGUE,,Mouscron,Waasland-Beveren,2,2,D,Belgium,Belgian First Division,football-data.co.uk
league_c97079b72964787b,2018-02-23,BELGIUM_1,2017-18,LEAGUE,,KRC Genk,Antwerp,4,0,H,Belgium,Belgian First Division,football-data.co.uk
league_8688766992eb4897,2018-02-24,BELGIUM_1,2017-18,LEAGUE,,Eupen,Lokeren,3,2,H,Belgium,Belgian First Division,football-data.co.uk
league_37c883f1d79b1d2d,2018-02-24,BELGIUM_1,2017-18,LEAGUE,,Mechelen,Charleroi,1,1,D,Belgium,Belgian First Division,football-data.co.uk
league_f4d9cdace8abd6da,2018-02-24,BELGIUM_1,2017-18,LEAGUE,,Oostende,St Truiden,2,0,H,Belgium,Belgian First Division,football-data.co.uk
league_d8d02c49c2cab0f8,2018-02-24,BELGIUM_1,2017-18,LEAGUE,,Waasland-Beveren,KAA Gent,1,2,A,Belgium,Belgian First Division,football-data.co.uk
league_1006f578709a99ce,2018-02-25,BELGIUM_1,2017-18,LEAGUE,,Kortrijk,Waregem,0,1,A,Belgium,Belgian First Division,football-data.co.uk
league_dbcc367f2192fc23,2018-02-25,BELGIUM_1,2017-18,LEAGUE,,RSC Anderlecht,Mouscron,5,3,H,Belgium,Belgian First Division,football-data.co.uk
league_c2e25aa1f690aeea,2018-02-25,BELGIUM_1,2017-18,LEAGUE,,Standard Liège,Club Brugge KV,1,1,D,Belgium,Belgian First Division,football-data.co.uk
league_f8a17f3c86902ee5,2018-03-03,BELGIUM_1,2017-18,LEAGUE,,Antwerp,Eupen,2,0,H,Belgium,Belgian First Division,football-data.co.uk
league_f3b8932c3414dadc,2018-03-03,BELGIUM_1,2017-18,LEAGUE,,Charleroi,St Truiden,0,0,D,Belgium,Belgian First Division,football-data.co.uk
league_0feaf167e9b2ac8f,2018-03-03,BELGIUM_1,2017-18,LEAGUE,,Club Brugge KV,Kortrijk,2,1,H,Belgium,Belgian First Division,football-data.co.uk
league_8fce1925be62b015,2018-03-03,BELGIUM_1,2017-18,LEAGUE,,KAA Gent,Oostende,2,3,A,Belgium,Belgian First Division,football-data.co.uk
league_e4bb860459bfbb23,2018-03-03,BELGIUM_1,2017-18,LEAGUE,,Mouscron,Lokeren,1,2,A,Belgium,Belgian First Division,football-data.co.uk
league_783aa60ee898e834,2018-03-03,BELGIUM_1,2017-18,LEAGUE,,Standard Liège,Mechelen,3,2,H,Belgium,Belgian First Division,football-data.co.uk
league_ea02fb4d11047cdc,2018-03-03,BELGIUM_1,2017-18,LEAGUE,,Waasland-Beveren,KRC Genk,0,1,A,Belgium,Belgian First Division,football-data.co.uk
league_e540f5c868c83a6f,2018-03-03,BELGIUM_1,2017-18,LEAGUE,,Waregem,RSC Anderlecht,2,3,A,Belgium,Belgian First Division,football-data.co.uk
league_ffc0da3853300100,2018-03-11,BELGIUM_1,2017-18,LEAGUE,,Eupen,Mouscron,4,0,H,Belgium,Belgian First Division,football-data.co.uk
league_38016088226cedfb,2018-03-11,BELGIUM_1,2017-18,LEAGUE,,KRC Genk,KAA Gent,1,2,A,Belgium,Belgian First Division,football-data.co.uk
league_fcb6b799f7cb7f38,2018-03-11,BELGIUM_1,2017-18,LEAGUE,,Kortrijk,Charleroi,2,0,H,Belgium,Belgian First Division,football-data.co.uk
league_5a6d99122dd45bb9,2018-03-11,BELGIUM_1,2017-18,LEAGUE,,Lokeren,Waregem,0,2,A,Belgium,Belgian First Division,football-data.co.uk
league_567ed1199445bc6e,2018-03-11,BELGIUM_1,2017-18,LEAGUE,,Mechelen,Waasland-Beveren,2,0,H,Belgium,Belgian First Division,football-data.co.uk
league_9a1e7a6ab2026905,2018-03-11,BELGIUM_1,2017-18,LEAGUE,,Oostende,Standard Liège,2,3,A,Belgium,Belgian First Division,football-data.co.uk
league_3fb14399913f6a3b,2018-03-11,BELGIUM_1,2017-18,LEAGUE,,RSC Anderlecht,Antwerp,2,1,H,Belgium,Belgian First Division,football-data.co.uk
league_42a28d5d52b0b421,2018-03-11,BELGIUM_1,2017-18,LEAGUE,,St Truiden,Club Brugge KV,0,1,A,Belgium,Belgian First Division,football-data.co.uk
league_ab03426777f06be9,2018-07-27,BELGIUM_1,2018-19,LEAGUE,,Standard Liège,KAA Gent,3,2,H,Belgium,Belgian First Division,football-data.co.uk
league_d940aa53506b64d2,2018-07-28,BELGIUM_1,2018-19,LEAGUE,,Kortrijk,RSC Anderlecht,1,4,A,Belgium,Belgian First Division,football-data.co.uk
league_ba0bb49505bf98d9,2018-07-28,BELGIUM_1,2018-19,LEAGUE,,Oostende,Mouscron,2,1,H,Belgium,Belgian First Division,football-data.co.uk
league_b0344f997d304bc4,2018-07-28,BELGIUM_1,2018-19,LEAGUE,,St Truiden,Cercle Brugge,0,0,D,Belgium,Belgian First Division,football-data.co.uk
league_c0f915bfae0e91ee,2018-07-28,BELGIUM_1,2018-19,LEAGUE,,Waregem,Waasland-Beveren,2,2,D,Belgium,Belgian First Division,football-data.co.uk
league_b4a4529843462f7c,2018-07-29,BELGIUM_1,2018-19,LEAGUE,,Charleroi,Antwerp,0,1,A,Belgium,Belgian First Division,football-data.co.uk
league_6d1b62c34276ee60,2018-07-29,BELGIUM_1,2018-19,LEAGUE,,Club Brugge KV,Eupen,5,2,H,Belgium,Belgian First Division,football-data.co.uk
league_0e9b3bf6f590f9d1,2018-07-29,BELGIUM_1,2018-19,LEAGUE,,Lokeren,KRC Genk,0,4,A,Belgium,Belgian First Division,football-data.co.uk
league_32098ee1427d0abd,2018-08-03,BELGIUM_1,2018-19,LEAGUE,,Waasland-Beveren,Standard Liège,0,0,D,Belgium,Belgian First Division,football-data.co.uk
league_7a704fd3d3f105ff,2018-08-04,BELGIUM_1,2018-19,LEAGUE,,Antwerp,Kortrijk,0,0,D,Belgium,Belgian First Division,football-data.co.uk
league_37c2f4493b80c027,2018-08-04,BELGIUM_1,2018-19,LEAGUE,,Cercle Brugge,Lokeren,3,2,H,Belgium,Belgian First Division,football-data.co.uk
league_916c747f526d519e,2018-08-04,BELGIUM_1,2018-19,LEAGUE,,Eupen,Charleroi,1,4,A,Belgium,Belgian First Division,football-data.co.uk
league_38c30199b5104445,2018-08-04,BELGIUM_1,2018-19,LEAGUE,,KAA Gent,Waregem,1,1,D,Belgium,Belgian First Division,football-data.co.uk
league_9213c9c93c8bf5c1,2018-08-05,BELGIUM_1,2018-19,LEAGUE,,KRC Genk,St Truiden,1,1,D,Belgium,Belgian First Division,football-data.co.uk
league_83f762d1275a727f,2018-08-05,BELGIUM_1,2018-19,LEAGUE,,Mouscron,Club Brugge KV,0,1,A,Belgium,Belgian First Division,football-data.co.uk
league_b5bdb1b12909dc93,2018-08-05,BELGIUM_1,2018-19,LEAGUE,,RSC Anderlecht,Oostende,5,2,H,Belgium,Belgian First Division,football-data.co.uk
league_2f2b1a74afc845d4,2018-08-10,BELGIUM_1,2018-19,LEAGUE,,Club Brugge KV,Kortrijk,3,0,H,Belgium,Belgian First Division,football-data.co.uk
league_d072414942125aa4,2018-08-11,BELGIUM_1,2018-19,LEAGUE,,Mouscron,Antwerp,0,1,A,Belgium,Belgian First Division,football-data.co.uk
league_61f8886ce12eaeda,2018-08-11,BELGIUM_1,2018-19,LEAGUE,,St Truiden,Lokeren,1,1,D,Belgium,Belgian First Division,football-data.co.uk
league_71471a039b6dd014,2018-08-11,BELGIUM_1,2018-19,LEAGUE,,Standard Liège,Cercle Brugge,0,0,D,Belgium,Belgian First Division,football-data.co.uk
league_b3b261ddfb64ae88,2018-08-11,BELGIUM_1,2018-19,LEAGUE,,Waregem,Eupen,4,0,H,Belgium,Belgian First Division,football-data.co.uk
league_c0ffadd275216d09,2018-08-12,BELGIUM_1,2018-19,LEAGUE,,Charleroi,RSC Anderlecht,1,2,A,Belgium,Belgian First Division,football-data.co.uk
league_26ef81729361a5b2,2018-08-12,BELGIUM_1,2018-19,LEAGUE,,KAA Gent,Waasland-Beveren,4,1,H,Belgium,Belgian First Division,football-data.co.uk
league_6e15a67f32bfab9c,2018-08-12,BELGIUM_1,2018-19,LEAGUE,,Oostende,KRC Genk,0,2,A,Belgium,Belgian First Division,football-data.co.uk
league_769979b24edfea18,2018-08-17,BELGIUM_1,2018-19,LEAGUE,,RSC Anderlecht,Mouscron,2,0,H,Belgium,Belgian First Division,football-data.co.uk
league_4721682f70727971,2018-08-18,BELGIUM_1,2018-19,LEAGUE,,Cercle Brugge,Waregem,3,1,H,Belgium,Belgian First Division,football-data.co.uk
league_1db7ebd3f3171cb5,2018-08-18,BELGIUM_1,2018-19,LEAGUE,,Kortrijk,Oostende,1,2,A,Belgium,Belgian First Division,football-data.co.uk
league_faac3d95fe253427,2018-08-18,BELGIUM_1,2018-19,LEAGUE,,Lokeren,Standard Liège,0,3,A,Belgium,Belgian First Division,football-data.co.uk
league_d1163cda274a97db,2018-08-18,BELGIUM_1,2018-19,LEAGUE,,Waasland-Beveren,St Truiden,2,2,D,Belgium,Belgian First Division,football-data.co.uk
league_ab1d3c63a2020a6d,2018-08-19,BELGIUM_1,2018-19,LEAGUE,,Antwerp,Club Brugge KV,1,1,D,Belgium,Belgian First Division,football-data.co.uk
league_9d244863955c08f1,2018-08-19,BELGIUM_1,2018-19,LEAGUE,,Eupen,KAA Gent,2,3,A,Belgium,Belgian First Division,football-data.co.uk
league_e66cfa0591b66bbf,2018-08-19,BELGIUM_1,2018-19,LEAGUE,,KRC Genk,Charleroi,3,1,H,Belgium,Belgian First Division,football-data.co.uk
league_12cc6f22394ec5e0,2018-08-24,BELGIUM_1,2018-19,LEAGUE,,Oostende,Waregem,3,1,H,Belgium,Belgian First Division,football-data.co.uk
league_fe55a03076aba853,2018-08-25,BELGIUM_1,2018-19,LEAGUE,,Antwerp,Cercle Brugge,1,0,H,Belgium,Belgian First Division,football-data.co.uk
league_4dbc10bf81528dae,2018-08-25,BELGIUM_1,2018-19,LEAGUE,,Charleroi,Kortrijk,0,2,A,Belgium,Belgian First Division,football-data.co.uk
league_d7d9012f14069376,2018-08-25,BELGIUM_1,2018-19,LEAGUE,,Mouscron,Eupen,0,1,A,Belgium,Belgian First Division,football-data.co.uk
league_ddc59f7e285de762,2018-08-25,BELGIUM_1,2018-19,LEAGUE,,Standard Liège,St Truiden,3,2,H,Belgium,Belgian First Division,football-data.co.uk
league_fd56295af7c2cd94,2018-08-26,BELGIUM_1,2018-19,LEAGUE,,Club Brugge KV,RSC Anderlecht,2,1,H,Belgium,Belgian First Division,football-data.co.uk
league_c6e5ff9cb5e91e80,2018-08-26,BELGIUM_1,2018-19,LEAGUE,,KAA Gent,Lokeren,2,1,H,Belgium,Belgian First Division,football-data.co.uk
league_38996629d0e146d7,2018-08-26,BELGIUM_1,2018-19,LEAGUE,,KRC Genk,Waasland-Beveren,3,2,H,Belgium,Belgian First Division,football-data.co.uk
league_0c45129fa4600696,2018-08-31,BELGIUM_1,2018-19,LEAGUE,,Waregem,Club Brugge KV,2,5,A,Belgium,Belgian First Division,football-data.co.uk
league_9b8ab229f19394a5,2018-09-01,BELGIUM_1,2018-19,LEAGUE,,Charleroi,Mouscron,3,1,H,Belgium,Belgian First Division,football-data.co.uk
league_56695407a88a600c,2018-09-01,BELGIUM_1,2018-19,LEAGUE,,Eupen,Standard Liège,2,1,H,Belgium,Belgian First Division,football-data.co.uk
league_e8526864472df536,2018-09-01,BELGIUM_1,2018-19,LEAGUE,,Lokeren,Waasland-Beveren,1,0,H,Belgium,Belgian First Division,football-data.co.uk
league_8f4537833a4963a4,2018-09-01,BELGIUM_1,2018-19,LEAGUE,,St Truiden,Oostende,1,0,H,Belgium,Belgian First Division,football-data.co.uk
league_abf2d66ea696bf9f,2018-09-02,BELGIUM_1,2018-19,LEAGUE,,Cercle Brugge,KAA Gent,0,3,A,Belgium,Belgian First Division,football-data.co.uk
league_0bbe563a32efd998,2018-09-02,BELGIUM_1,2018-19,LEAGUE,,Kortrijk,KRC Genk,3,3,D,Belgium,Belgian First Division,football-data.co.uk
league_0b5bbcde0cf96ed4,2018-09-02,BELGIUM_1,2018-19,LEAGUE,,RSC Anderlecht,Antwerp,1,1,D,Belgium,Belgian First Division,football-data.co.uk
league_f8c3cf6b55dbc702,2018-09-14,BELGIUM_1,2018-19,LEAGUE,,Club Brugge KV,Lokeren,2,1,H,Belgium,Belgian First Division,football-data.co.uk
league_77cd7ccfd94c43ee,2018-09-15,BELGIUM_1,2018-19,LEAGUE,,KRC Genk,RSC Anderlecht,1,0,H,Belgium,Belgian First Division,football-data.co.uk
league_e8a1cf8101038e79,2018-09-15,BELGIUM_1,2018-19,LEAGUE,,Oostende,Cercle Brugge,1,1,D,Belgium,Belgian First Division,football-data.co.uk
league_f91a40f332e7fc58,2018-09-15,BELGIUM_1,2018-19,LEAGUE,,Standard Liège,Charleroi,0,0,D,Belgium,Belgian First Division,football-data.co.uk
league_3c4948507dd1b79b,2018-09-15,BELGIUM_1,2018-19,LEAGUE,,Waasland-Beveren,Eupen,0,0,D,Belgium,Belgian First Division,football-data.co.uk
league_a26844ee7b1673b8,2018-09-16,BELGIUM_1,2018-19,LEAGUE,,Antwerp,Waregem,5,1,H,Belgium,Belgian First Division,football-data.co.uk
league_8e27238240213310,2018-09-16,BELGIUM_1,2018-19,LEAGUE,,KAA Gent,St Truiden,1,2,A,Belgium,Belgian First Division,football-data.co.uk
league_c35092e5a6ddeed3,2018-09-16,BELGIUM_1,2018-19,LEAGUE,,Mouscron,Kortrijk,1,0,H,Belgium,Belgian First Division,football-data.co.uk
league_13f1bd7c807c97a2,2018-09-21,BELGIUM_1,2018-19,LEAGUE,,Waregem,Kortrijk,0,2,A,Belgium,Belgian First Division,football-data.co.uk
league_d1a4e05cb8daf1f0,2018-09-22,BELGIUM_1,2018-19,LEAGUE,,Eupen,Oostende,1,2,A,Belgium,Belgian First Division,football-data.co.uk
league_bc17491c4d1f2c2d,2018-09-22,BELGIUM_1,2018-19,LEAGUE,,Lokeren,Mouscron,0,0,D,Belgium,Belgian First Division,football-data.co.uk
league_5f7ae0b1a2e9870c,2018-09-22,BELGIUM_1,2018-19,LEAGUE,,St Truiden,Antwerp,2,0,H,Belgium,Belgian First Division,football-data.co.uk
league_96e074733143f137,2018-09-22,BELGIUM_1,2018-19,LEAGUE,,Waasland-Beveren,Charleroi,1,1,D,Belgium,Belgian First Division,football-data.co.uk
league_5fe24400de870073,2018-09-23,BELGIUM_1,2018-19,LEAGUE,,Cercle Brugge,KRC Genk,2,5,A,Belgium,Belgian First Division,football-data.co.uk
league_244c365f9ea91d04,2018-09-23,BELGIUM_1,2018-19,LEAGUE,,KAA Gent,Club Brugge KV,0,4,A,Belgium,Belgian First Division,football-data.co.uk
league_659131badb574e22,2018-09-23,BELGIUM_1,2018-19,LEAGUE,,RSC Anderlecht,Standard Liège,2,1,H,Belgium,Belgian First Division,football-data.co.uk
league_cf2b939573e53634,2018-09-28,BELGIUM_1,2018-19,LEAGUE,,Kortrijk,Eupen,1,3,A,Belgium,Belgian First Division,football-data.co.uk
league_625f9fa4501a3c6f,2018-09-29,BELGIUM_1,2018-19,LEAGUE,,Charleroi,Lokeren,2,1,H,Belgium,Belgian First Division,football-data.co.uk
league_53eb0eae2954098b,2018-09-29,BELGIUM_1,2018-19,LEAGUE,,Club Brugge KV,Cercle Brugge,4,0,H,Belgium,Belgian First Division,football-data.co.uk
league_aff0851cadc4364f,2018-09-29,BELGIUM_1,2018-19,LEAGUE,,KRC Genk,Waregem,4,0,H,Belgium,Belgian First Division,football-data.co.uk
league_4eac35a610b14617,2018-09-29,BELGIUM_1,2018-19,LEAGUE,,Mouscron,Waasland-Beveren,0,3,A,Belgium,Belgian First Division,football-data.co.uk
league_e4f760b9c0134dd7,2018-09-30,BELGIUM_1,2018-19,LEAGUE,,Antwerp,KAA Gent,2,2,D,Belgium,Belgian First Division,football-data.co.uk
league_f4fcd10656c436c9,2018-09-30,BELGIUM_1,2018-19,LEAGUE,,Oostende,Standard Liège,1,3,A,Belgium,Belgian First Division,football-data.co.uk
league_19b4f31efd1b6f03,2018-09-30,BELGIUM_1,2018-19,LEAGUE,,RSC Anderlecht,St Truiden,0,0,D,Belgium,Belgian First Division,football-data.co.uk
league_53d7a1338d191a1e,2018-10-05,BELGIUM_1,2018-19,LEAGUE,,Cercle Brugge,Charleroi,2,1,H,Belgium,Belgian First Division,football-data.co.uk
league_d52e22eee593d0ee,2018-10-06,BELGIUM_1,2018-19,LEAGUE,,Eupen,Antwerp,1,2,A,Belgium,Belgian First Division,football-data.co.uk
league_bd39f80724581913,2018-10-06,BELGIUM_1,2018-19,LEAGUE,,Lokeren,Kortrijk,1,3,A,Belgium,Belgian First Division,football-data.co.uk
league_dcb2db2f41719373,2018-10-06,BELGIUM_1,2018-19,LEAGUE,,St Truiden,Mouscron,3,1,H,Belgium,Belgian First Division,football-data.co.uk
league_08dde53a447c0f78,2018-10-06,BELGIUM_1,2018-19,LEAGUE,,Waasland-Beveren,Oostende,1,1,D,Belgium,Belgian First Division,football-data.co.uk
league_863c8cfb7524775f,2018-10-07,BELGIUM_1,2018-19,LEAGUE,,KAA Gent,KRC Genk,1,5,A,Belgium,Belgian First Division,football-data.co.uk
league_0524f206f2c39bc5,2018-10-07,BELGIUM_1,2018-19,LEAGUE,,Standard Liège,Club Brugge KV,3,1,H,Belgium,Belgian First Division,football-data.co.uk
league_513c5bf9d014b9ce,2018-10-07,BELGIUM_1,2018-19,LEAGUE,,Waregem,RSC Anderlecht,1,2,A,Belgium,Belgian First Division,football-data.co.uk
league_60f42c7d57f7f103,2018-10-19,BELGIUM_1,2018-19,LEAGUE,,Club Brugge KV,Waasland-Beveren,1,1,D,Belgium,Belgian First Division,football-data.co.uk
league_637f4eeb37ba1618,2018-10-20,BELGIUM_1,2018-19,LEAGUE,,Antwerp,Lokeren,2,1,H,Belgium,Belgian First Division,football-data.co.uk
league_a22393e79cec91f7,2018-10-20,BELGIUM_1,2018-19,LEAGUE,,KRC Genk,Eupen,2,1,H,Belgium,Belgian First Division,football-data.co.uk
league_a77f91cd29d8eb17,2018-10-20,BELGIUM_1,2018-19,LEAGUE,,Kortrijk,St Truiden,3,1,H,Belgium,Belgian First Division,football-data.co.uk
league_5c071eb1e5a89ed1,2018-10-20,BELGIUM_1,2018-19,LEAGUE,,Mouscron,Standard Liège,0,0,D,Belgium,Belgian First Division,football-data.co.uk
league_48c34530482d732e,2018-10-21,BELGIUM_1,2018-19,LEAGUE,,Charleroi,Waregem,3,2,H,Belgium,Belgian First Division,football-data.co.uk
league_575e23d9cf656e5c,2018-10-21,BELGIUM_1,2018-19,LEAGUE,,Oostende,KAA Gent,0,4,A,Belgium,Belgian First Division,football-data.co.uk
league_dbf92a0065047fa6,2018-10-21,BELGIUM_1,2018-19,LEAGUE,,RSC Anderlecht,Cercle Brugge,4,2,H,Belgium,Belgian First Division,football-data.co.uk
league_92d7ecf9a74679fc,2018-10-26,BELGIUM_1,2018-19,LEAGUE,,KAA Gent,Charleroi,2,1,H,Belgium,Belgian First Division,football-data.co.uk
league_0677d952428d0e7a,2018-10-27,BELGIUM_1,2018-19,LEAGUE,,Cercle Brugge,Kortrijk,1,1,D,Belgium,Belgian First Division,football-data.co.uk
league_6819a63b4b6eb24d,2018-10-27,BELGIUM_1,2018-19,LEAGUE,,Lokeren,Oostende,0,0,D,Belgium,Belgian First Division,football-data.co.uk
league_f89f37f5ef9e7a44,2018-10-27,BELGIUM_1,2018-19,LEAGUE,,St Truiden,Club Brugge KV,2,2,D,Belgium,Belgian First Division,football-data.co.uk
league_4a8616c0789129ca,2018-10-27,BELGIUM_1,2018-19,LEAGUE,,Waregem,Mouscron,2,2,D,Belgium,Belgian First Division,football-data.co.uk
league_371e8208f9c5070b,2018-10-28,BELGIUM_1,2018-19,LEAGUE,,Eupen,RSC Anderlecht,2,1,H,Belgium,Belgian First Division,football-data.co.uk
league_641dbbf9fadef9fa,2018-10-28,BELGIUM_1,2018-19,LEAGUE,,Standard Liège,KRC Genk,1,1,D,Belgium,Belgian First Division,football-data.co.uk
league_9bc711943281696c,2018-10-28,BELGIUM_1,2018-19,LEAGUE,,Waasland-Beveren,Antwerp,0,1,A,Belgium,Belgian First Division,football-data.co.uk
league_eaed2684de5a239a,2018-10-30,BELGIUM_1,2018-19,LEAGUE,,Charleroi,St Truiden,1,0,H,Belgium,Belgian First Division,football-data.co.uk
league_31549060f4343f7c,2018-10-30,BELGIUM_1,2018-19,LEAGUE,,Club Brugge KV,Oostende,4,0,H,Belgium,Belgian First Division,football-data.co.uk
league_859adc6e270ea0b1,2018-10-30,BELGIUM_1,2018-19,LEAGUE,,Mouscron,KAA Gent,3,1,H,Belgium,Belgian First Division,football-data.co.uk
league_b827c6403bad5b17,2018-10-31,BELGIUM_1,2018-19,LEAGUE,,Antwerp,KRC Genk,2,4,A,Belgium,Belgian First Division,football-data.co.uk
league_d50240cc4c12bea0,2018-10-31,BELGIUM_1,2018-19,LEAGUE,,Eupen,Cercle Brugge,2,0,H,Belgium,Belgian First Division,football-data.co.uk
league_2af859d17f0b8c7c,2018-10-31,BELGIUM_1,2018-19,LEAGUE,,Kortrijk,Waasland-Beveren,2,2,D,Belgium,Belgian First Division,football-data.co.uk
league_f35e98cae6e2fa18,2018-11-01,BELGIUM_1,2018-19,LEAGUE,,RSC Anderlecht,Lokeren,1,1,D,Belgium,Belgian First Division,football-data.co.uk
league_9393a051a8468823,2018-11-01,BELGIUM_1,2018-19,LEAGUE,,Waregem,Standard Liège,3,1,H,Belgium,Belgian First Division,football-data.co.uk
league_e0c23127b66f59eb,2018-11-02,BELGIUM_1,2018-19,LEAGUE,,Oostende,Charleroi,2,1,H,Belgium,Belgian First Division,football-data.co.uk
league_527fdc9e9c3767ba,2018-11-03,BELGIUM_1,2018-19,LEAGUE,,Cercle Brugge,Mouscron,2,1,H,Belgium,Belgian First Division,football-data.co.uk
league_2c05bccd1049be98,2018-11-03,BELGIUM_1,2018-19,LEAGUE,,KAA Gent,Kortrijk,3,1,H,Belgium,Belgian First Division,football-data.co.uk
league_c5b04258a03b7abd,2018-11-03,BELGIUM_1,2018-19,LEAGUE,,KRC Genk,Club Brugge KV,1,1,D,Belgium,Belgian First Division,football-data.co.uk
league_8003e23b820b4045,2018-11-04,BELGIUM_1,2018-19,LEAGUE,,Lokeren,Eupen,2,0,H,Belgium,Belgian First Division,football-data.co.uk
league_ed2d3beab77982b1,2018-11-04,BELGIUM_1,2018-19,LEAGUE,,St Truiden,Waregem,2,1,H,Belgium,Belgian First Division,football-data.co.uk
league_e161d6460437f95d,2018-11-04,BELGIUM_1,2018-19,LEAGUE,,Standard Liège,Antwerp,0,2,A,Belgium,Belgian First Division,football-data.co.uk
league_f17d5afe7aa0e2b4,2018-11-04,BELGIUM_1,2018-19,LEAGUE,,Waasland-Beveren,RSC Anderlecht,1,2,A,Belgium,Belgian First Division,football-data.co.uk
league_17010181246edacc,2018-11-09,BELGIUM_1,2018-19,LEAGUE,,Antwerp,Oostende,2,0,H,Belgium,Belgian First Division,football-data.co.uk
league_85981a16fc3776cb,2018-11-10,BELGIUM_1,2018-19,LEAGUE,,Cercle Brugge,Waasland-Beveren,2,0,H,Belgium,Belgian First Division,football-data.co.uk
league_1739211825080186,2018-11-10,BELGIUM_1,2018-19,LEAGUE,,Charleroi,Club Brugge KV,2,1,H,Belgium,Belgian First Division,football-data.co.uk
league_8fb2d9bd0ef6c5a5,2018-11-10,BELGIUM_1,2018-19,LEAGUE,,Eupen,St Truiden,1,4,A,Belgium,Belgian First Division,football-data.co.uk
league_0ba98b850381b783,2018-11-10,BELGIUM_1,2018-19,LEAGUE,,Waregem,Lokeren,2,0,H,Belgium,Belgian First Division,football-data.co.uk
league_55574ecd1d4c7152,2018-11-11,BELGIUM_1,2018-19,LEAGUE,,Kortrijk,Standard Liège,0,2,A,Belgium,Belgian First Division,football-data.co.uk
league_2663f4d93e5c89ac,2018-11-11,BELGIUM_1,2018-19,LEAGUE,,Mouscron,KRC Genk,0,0,D,Belgium,Belgian First Division,football-data.co.uk
league_169134de2ccad401,2018-11-11,BELGIUM_1,2018-19,LEAGUE,,RSC Anderlecht,KAA Gent,2,0,H,Belgium,Belgian First Division,football-data.co.uk
league_68e7bb5036350f53,2018-11-23,BELGIUM_1,2018-19,LEAGUE,,Club Brugge KV,Waregem,1,3,A,Belgium,Belgian First Division,football-data.co.uk
league_e7c05cbc2bc635f3,2018-11-24,BELGIUM_1,2018-19,LEAGUE,,KRC Genk,Cercle Brugge,1,2,A,Belgium,Belgian First Division,football-data.co.uk
league_47a18f86520b8f1a,2018-11-24,BELGIUM_1,2018-19,LEAGUE,,Oostende,Kortrijk,1,2,A,Belgium,Belgian First Division,football-data.co.uk
league_38ecd8052529cd98,2018-11-24,BELGIUM_1,2018-19,LEAGUE,,Standard Liège,Eupen,3,0,H,Belgium,Belgian First Division,football-data.co.uk
league_11f7665d68fd85cc,2018-11-24,BELGIUM_1,2018-19,LEAGUE,,Waasland-Beveren,Mouscron,1,2,A,Belgium,Belgian First Division,football-data.co.uk
league_c2b0652129b9d20c,2018-11-25,BELGIUM_1,2018-19,LEAGUE,,KAA Gent,Antwerp,0,0,D,Belgium,Belgian First Division,football-data.co.uk
league_40c50ae936f67a3e,2018-11-25,BELGIUM_1,2018-19,LEAGUE,,Lokeren,Charleroi,2,4,A,Belgium,Belgian First Division,football-data.co.uk
league_2dcf555a8fe8afdc,2018-11-25,BELGIUM_1,2018-19,LEAGUE,,St Truiden,RSC Anderlecht,4,2,H,Belgium,Belgian First Division,football-data.co.uk
league_27f939fe2305cf7a,2018-11-30,BELGIUM_1,2018-19,LEAGUE,,Lokeren,KAA Gent,2,2,D,Belgium,Belgian First Division,football-data.co.uk
league_7f71f56fc2bdffe2,2018-12-01,BELGIUM_1,2018-19,LEAGUE,,Antwerp,St Truiden,1,3,A,Belgium,Belgian First Division,football-data.co.uk
league_bddce93846d51156,2018-12-01,BELGIUM_1,2018-19,LEAGUE,,Charleroi,Cercle Brugge,3,1,H,Belgium,Belgian First Division,football-data.co.uk
league_4adb916a1d392864,2018-12-01,BELGIUM_1,2018-19,LEAGUE,,Kortrijk,Mouscron,1,0,H,Belgium,Belgian First Division,football-data.co.uk
league_78a8c04d1d710de9,2018-12-01,BELGIUM_1,2018-19,LEAGUE,,Waregem,Oostende,1,1,D,Belgium,Belgian First Division,football-data.co.uk
league_e0cc6564ef3cf27c,2018-12-02,BELGIUM_1,2018-19,LEAGUE,,Club Brugge KV,Standard Liège,3,0,H,Belgium,Belgian First Division,football-data.co.uk
league_fef860f5f0b5a085,2018-12-02,BELGIUM_1,2018-19,LEAGUE,,Eupen,Waasland-Beveren,1,0,H,Belgium,Belgian First Division,football-data.co.uk
league_4c79b045f0152b7a,2018-12-02,BELGIUM_1,2018-19,LEAGUE,,RSC Anderlecht,KRC Genk,0,1,A,Belgium,Belgian First Division,football-data.co.uk
league_99bb99ecf41223b0,2018-12-07,BELGIUM_1,2018-19,LEAGUE,,Waasland-Beveren,Club Brugge KV,2,1,H,Belgium,Belgian First Division,football-data.co.uk
league_09c62dc0520f2d89,2018-12-08,BELGIUM_1,2018-19,LEAGUE,,KRC Genk,Kortrijk,1,1,D,Belgium,Belgian First Division,football-data.co.uk
league_80c4ec263f8d1c57,2018-12-08,BELGIUM_1,2018-19,LEAGUE,,Mouscron,Waregem,0,0,D,Belgium,Belgian First Division,football-data.co.uk
league_376b03e2b96591bd,2018-12-08,BELGIUM_1,2018-19,LEAGUE,,Oostende,Lokeren,1,0,H,Belgium,Belgian First Division,football-data.co.uk
league_5af3e947fab5533c,2018-12-08,BELGIUM_1,2018-19,LEAGUE,,St Truiden,Standard Liège,1,1,D,Belgium,Belgian First Division,football-data.co.uk
league_0a1dfee6720c34a8,2018-12-09,BELGIUM_1,2018-19,LEAGUE,,Cercle Brugge,Antwerp,0,3,A,Belgium,Belgian First Division,football-data.co.uk
league_269db7375090cd9b,2018-12-09,BELGIUM_1,2018-19,LEAGUE,,KAA Gent,Eupen,2,0,H,Belgium,Belgian First Division,football-data.co.uk
league_2f731141547f6a2e,2018-12-09,BELGIUM_1,2018-19,LEAGUE,,RSC Anderlecht,Charleroi,1,1,D,Belgium,Belgian First Division,football-data.co.uk
league_d10f40e09683d587,2018-12-14,BELGIUM_1,2018-19,LEAGUE,,Charleroi,KAA Gent,2,0,H,Belgium,Belgian First Division,football-data.co.uk
league_90818ac45c44226a,2018-12-15,BELGIUM_1,2018-19,LEAGUE,,Antwerp,Waasland-Beveren,0,2,A,Belgium,Belgian First Division,football-data.co.uk
league_0b7ed96f4c0d91ff,2018-12-15,BELGIUM_1,2018-19,LEAGUE,,Eupen,Mouscron,1,0,H,Belgium,Belgian First Division,football-data.co.uk
league_f5b1db7045a7eeb3,2018-12-15,BELGIUM_1,2018-19,LEAGUE,,Kortrijk,Club Brugge KV,0,0,D,Belgium,Belgian First Division,football-data.co.uk
league_fd01e512d566c6ae,2018-12-15,BELGIUM_1,2018-19,LEAGUE,,Lokeren,St Truiden,2,0,H,Belgium,Belgian First Division,football-data.co.uk
league_2a4d8b55242dc1f8,2018-12-16,BELGIUM_1,2018-19,LEAGUE,,Cercle Brugge,RSC Anderlecht,2,1,H,Belgium,Belgian First Division,football-data.co.uk
league_dbe877a6e77d1474,2018-12-16,BELGIUM_1,2018-19,LEAGUE,,KRC Genk,Oostende,2,0,H,Belgium,Belgian First Division,football-data.co.uk
league_4ecac2fc1bbaa063,2018-12-16,BELGIUM_1,2018-19,LEAGUE,,Standard Liège,Waregem,4,1,H,Belgium,Belgian First Division,football-data.co.uk
league_a97c0d95a2f0e7fe,2018-12-21,BELGIUM_1,2018-19,LEAGUE,,KAA Gent,Cercle Brugge,4,1,H,Belgium,Belgian First Division,football-data.co.uk
league_6349abf8572514d7,2018-12-22,BELGIUM_1,2018-19,LEAGUE,,Mouscron,RSC Anderlecht,3,1,H,Belgium,Belgian First Division,football-data.co.uk
league_58cd44c0442f2c7c,2018-12-22,BELGIUM_1,2018-19,LEAGUE,,St Truiden,Kortrijk,0,0,D,Belgium,Belgian First Division,football-data.co.uk
league_f7f04a42c3087c6a,2018-12-22,BELGIUM_1,2018-19,LEAGUE,,Standard Liège,Oostende,3,1,H,Belgium,Belgian First Division,football-data.co.uk
league_26814c1a8215972b,2018-12-22,BELGIUM_1,2018-19,LEAGUE,,Waasland-Beveren,Lokeren,2,1,H,Belgium,Belgian First Division,football-data.co.uk
league_0de63ec5483be768,2018-12-23,BELGIUM_1,2018-19,LEAGUE,,Club Brugge KV,Antwerp,5,1,H,Belgium,Belgian First Division,football-data.co.uk
league_def34d7e8060bf3a,2018-12-23,BELGIUM_1,2018-19,LEAGUE,,Eupen,KRC Genk,0,2,A,Belgium,Belgian First Division,football-data.co.uk
league_53796e89516e663d,2018-12-23,BELGIUM_1,2018-19,LEAGUE,,Waregem,Charleroi,3,1,H,Belgium,Belgian First Division,football-data.co.uk
league_d589f5571be224f9,2018-12-26,BELGIUM_1,2018-19,LEAGUE,,Antwerp,Mouscron,2,1,H,Belgium,Belgian First Division,football-data.co.uk
league_0e8a639b4ce23682,2018-12-26,BELGIUM_1,2018-19,LEAGUE,,Cercle Brugge,Eupen,0,1,A,Belgium,Belgian First Division,football-data.co.uk
league_1bf13d324fb3c3dd,2018-12-26,BELGIUM_1,2018-19,LEAGUE,,Charleroi,Standard Liège,0,1,A,Belgium,Belgian First Division,football-data.co.uk
league_21afe4363352ec3a,2018-12-26,BELGIUM_1,2018-19,LEAGUE,,KRC Genk,KAA Gent,3,1,H,Belgium,Belgian First Division,football-data.co.uk
league_1095691ae1d1dd27,2018-12-26,BELGIUM_1,2018-19,LEAGUE,,Kortrijk,Waregem,4,2,H,Belgium,Belgian First Division,football-data.co.uk
league_ff1dc4cf80aa4cbd,2018-12-26,BELGIUM_1,2018-19,LEAGUE,,Oostende,St Truiden,1,1,D,Belgium,Belgian First Division,football-data.co.uk
league_31db70c965624ca9,2018-12-27,BELGIUM_1,2018-19,LEAGUE,,Lokeren,Club Brugge KV,0,1,A,Belgium,Belgian First Division,football-data.co.uk
league_01cc2bd029180bdd,2018-12-27,BELGIUM_1,2018-19,LEAGUE,,RSC Anderlecht,Waasland-Beveren,3,0,H,Belgium,Belgian First Division,football-data.co.uk
league_3a9ce58d0e38549c,2019-01-18,BELGIUM_1,2018-19,LEAGUE,,St Truiden,KRC Genk,2,3,A,Belgium,Belgian First Division,football-data.co.uk
league_ceda2f9601aa0bab,2019-01-19,BELGIUM_1,2018-19,LEAGUE,,Eupen,Lokeren,4,1,H,Belgium,Belgian First Division,football-data.co.uk
league_af958755051854a9,2019-01-19,BELGIUM_1,2018-19,LEAGUE,,Standard Liège,Kortrijk,2,1,H,Belgium,Belgian First Division,football-data.co.uk
league_0beaaa169b44c970,2019-01-19,BELGIUM_1,2018-19,LEAGUE,,Waasland-Beveren,Cercle Brugge,1,1,D,Belgium,Belgian First Division,football-data.co.uk
league_ee75d4c6b2a966d4,2019-01-19,BELGIUM_1,2018-19,LEAGUE,,Waregem,Antwerp,1,2,A,Belgium,Belgian First Division,football-data.co.uk
league_cb194e9a600666b3,2019-01-20,BELGIUM_1,2018-19,LEAGUE,,Club Brugge KV,Charleroi,0,1,A,Belgium,Belgian First Division,football-data.co.uk
league_bacfc06f902b2347,2019-01-20,BELGIUM_1,2018-19,LEAGUE,,KAA Gent,RSC Anderlecht,1,0,H,Belgium,Belgian First Division,football-data.co.uk
league_fbe3ee4df2af41d4,2019-01-20,BELGIUM_1,2018-19,LEAGUE,,Mouscron,Oostende,2,1,H,Belgium,Belgian First Division,football-data.co.uk
league_df1122cc8923f2e9,2019-01-25,BELGIUM_1,2018-19,LEAGUE,,Antwerp,Standard Liège,1,1,D,Belgium,Belgian First Division,football-data.co.uk
league_8daea6ce60d48415,2019-01-26,BELGIUM_1,2018-19,LEAGUE,,Cercle Brugge,St Truiden,1,2,A,Belgium,Belgian First Division,football-data.co.uk
league_2fa495d5f1f3a962,2019-01-26,BELGIUM_1,2018-19,LEAGUE,,Charleroi,Waasland-Beveren,2,2,D,Belgium,Belgian First Division,football-data.co.uk
league_d22c662d615110d7,2019-01-26,BELGIUM_1,2018-19,LEAGUE,,KRC Genk,Mouscron,1,2,A,Belgium,Belgian First Division,football-data.co.uk
league_4fc9c9783303903d,2019-01-26,BELGIUM_1,2018-19,LEAGUE,,Lokeren,Waregem,0,3,A,Belgium,Belgian First Division,football-data.co.uk
league_0b86db38ac48321e,2019-01-27,BELGIUM_1,2018-19,LEAGUE,,Kortrijk,KAA Gent,1,2,A,Belgium,Belgian First Division,football-data.co.uk
league_5dabea640030aae4,2019-01-27,BELGIUM_1,2018-19,LEAGUE,,Oostende,Club Brugge KV,1,2,A,Belgium,Belgian First Division,football-data.co.uk
league_17f43dfc2478d793,2019-01-27,BELGIUM_1,2018-19,LEAGUE,,RSC Anderlecht,Eupen,2,1,H,Belgium,Belgian First Division,football-data.co.uk
league_089b71ef4a8d7242,2019-02-01,BELGIUM_1,2018-19,LEAGUE,,Mouscron,Charleroi,3,0,H,Belgium,Belgian First Division,football-data.co.uk
league_bd61851d550c6885,2019-02-02,BELGIUM_1,2018-19,LEAGUE,,Kortrijk,Lokeren,2,1,H,Belgium,Belgian First Division,football-data.co.uk
league_a29b6ca95f188e51,2019-02-02,BELGIUM_1,2018-19,LEAGUE,,Oostende,Antwerp,0,2,A,Belgium,Belgian First Division,football-data.co.uk
league_849e6a9ebf8c1ce5,2019-02-02,BELGIUM_1,2018-19,LEAGUE,,Waasland-Beveren,KRC Genk,1,2,A,Belgium,Belgian First Division,football-data.co.uk
league_f0403dbcf7259f5a,2019-02-02,BELGIUM_1,2018-19,LEAGUE,,Waregem,Cercle Brugge,3,2,H,Belgium,Belgian First Division,football-data.co.uk
league_a6b838bf3d8734ee,2019-02-03,BELGIUM_1,2018-19,LEAGUE,,Club Brugge KV,KAA Gent,1,1,D,Belgium,Belgian First Division,football-data.co.uk
league_372e250cebbcfd2f,2019-02-03,BELGIUM_1,2018-19,LEAGUE,,St Truiden,Eupen,4,1,H,Belgium,Belgian First Division,football-data.co.uk
league_fbed5003a5fa7559,2019-02-03,BELGIUM_1,2018-19,LEAGUE,,Standard Liège,RSC Anderlecht,2,1,H,Belgium,Belgian First Division,football-data.co.uk
league_6d8c211afba5adc6,2019-02-08,BELGIUM_1,2018-19,LEAGUE,,KRC Genk,Standard Liège,2,0,H,Belgium,Belgian First Division,football-data.co.uk
league_fb04ea5d8e63e800,2019-02-09,BELGIUM_1,2018-19,LEAGUE,,Charleroi,Oostende,1,1,D,Belgium,Belgian First Division,football-data.co.uk
league_3490890c1ccfebb1,2019-02-09,BELGIUM_1,2018-19,LEAGUE,,Eupen,Kortrijk,0,1,A,Belgium,Belgian First Division,football-data.co.uk
league_14605a287afc04ac,2019-02-09,BELGIUM_1,2018-19,LEAGUE,,Lokeren,Antwerp,2,1,H,Belgium,Belgian First Division,football-data.co.uk
league_01087f939eb78d03,2019-02-09,BELGIUM_1,2018-19,LEAGUE,,St Truiden,Waasland-Beveren,2,1,H,Belgium,Belgian First Division,football-data.co.uk
league_5e55041595458098,2019-02-10,BELGIUM_1,2018-19,LEAGUE,,Cercle Brugge,Club Brugge KV,2,2,D,Belgium,Belgian First Division,football-data.co.uk
league_ddfa294dbac371ed,2019-02-10,BELGIUM_1,2018-19,LEAGUE,,KAA Gent,Mouscron,1,2,A,Belgium,Belgian First Division,football-data.co.uk
league_3814f5444cd21537,2019-02-10,BELGIUM_1,2018-19,LEAGUE,,RSC Anderlecht,Waregem,0,0,D,Belgium,Belgian First Division,football-data.co.uk
league_3ee609a3ec93a4af,2019-02-15,BELGIUM_1,2018-19,LEAGUE,,Standard Liège,Lokeren,3,1,H,Belgium,Belgian First Division,football-data.co.uk
league_d4d03c5c79dde5cb,2019-02-16,BELGIUM_1,2018-19,LEAGUE,,Kortrijk,Charleroi,1,2,A,Belgium,Belgian First Division,football-data.co.uk
league_e17a26e59b8a0b4b,2019-02-16,BELGIUM_1,2018-19,LEAGUE,,Oostende,Eupen,1,1,D,Belgium,Belgian First Division,football-data.co.uk
league_62b5acd27d55c312,2019-02-16,BELGIUM_1,2018-19,LEAGUE,,Waasland-Beveren,KAA Gent,2,1,H,Belgium,Belgian First Division,football-data.co.uk
league_317ab09ca69a9624,2019-02-16,BELGIUM_1,2018-19,LEAGUE,,Waregem,St Truiden,1,1,D,Belgium,Belgian First Division,football-data.co.uk
league_0c2af1fb5de00301,2019-02-17,BELGIUM_1,2018-19,LEAGUE,,Antwerp,RSC Anderlecht,0,1,A,Belgium,Belgian First Division,football-data.co.uk
league_c38d4718621a2485,2019-02-17,BELGIUM_1,2018-19,LEAGUE,,Club Brugge KV,KRC Genk,3,1,H,Belgium,Belgian First Division,football-data.co.uk
league_11919bf15575e95f,2019-02-17,BELGIUM_1,2018-19,LEAGUE,,Mouscron,Cercle Brugge,3,0,H,Belgium,Belgian First Division,football-data.co.uk
league_ad99dbb001974b8a,2019-02-22,BELGIUM_1,2018-19,LEAGUE,,KAA Gent,Standard Liège,2,1,H,Belgium,Belgian First Division,football-data.co.uk
league_efb378b2e43d840b,2019-02-23,BELGIUM_1,2018-19,LEAGUE,,Cercle Brugge,Oostende,2,2,D,Belgium,Belgian First Division,football-data.co.uk
league_0f0a8dd20777699c,2019-02-23,BELGIUM_1,2018-19,LEAGUE,,Eupen,Waregem,2,3,A,Belgium,Belgian First Division,football-data.co.uk
league_78f749f4442f60d2,2019-02-23,BELGIUM_1,2018-19,LEAGUE,,Mouscron,Lokeren,1,0,H,Belgium,Belgian First Division,football-data.co.uk
league_4dcfbef8fdc55150,2019-02-23,BELGIUM_1,2018-19,LEAGUE,,Waasland-Beveren,Kortrijk,2,6,A,Belgium,Belgian First Division,football-data.co.uk
league_ae14c40560559bb7,2019-02-24,BELGIUM_1,2018-19,LEAGUE,,KRC Genk,Antwerp,0,0,D,Belgium,Belgian First Division,football-data.co.uk
league_85956105c58e5364,2019-02-24,BELGIUM_1,2018-19,LEAGUE,,RSC Anderlecht,Club Brugge KV,2,2,D,Belgium,Belgian First Division,football-data.co.uk
league_d404a3a27bac3ce6,2019-02-24,BELGIUM_1,2018-19,LEAGUE,,St Truiden,Charleroi,3,1,H,Belgium,Belgian First Division,football-data.co.uk
league_b502b62356e783fa,2019-03-01,BELGIUM_1,2018-19,LEAGUE,,Standard Liège,Mouscron,1,1,D,Belgium,Belgian First Division,football-data.co.uk
league_8c72a105c1f45f30,2019-03-02,BELGIUM_1,2018-19,LEAGUE,,Charleroi,KRC Genk,1,1,D,Belgium,Belgian First Division,football-data.co.uk
league_b1cc134d88ea0c8b,2019-03-02,BELGIUM_1,2018-19,LEAGUE,,Club Brugge KV,St Truiden,1,0,H,Belgium,Belgian First Division,football-data.co.uk
league_3053033dafba29a1,2019-03-02,BELGIUM_1,2018-19,LEAGUE,,Kortrijk,Cercle Brugge,2,1,H,Belgium,Belgian First Division,football-data.co.uk
league_d16d13d8f09b988f,2019-03-02,BELGIUM_1,2018-19,LEAGUE,,Oostende,Waasland-Beveren,1,1,D,Belgium,Belgian First Division,football-data.co.uk
league_3f8bc4a3e9365d22,2019-03-03,BELGIUM_1,2018-19,LEAGUE,,Antwerp,Eupen,2,1,H,Belgium,Belgian First Division,football-data.co.uk
league_1099a5dba0754a69,2019-03-03,BELGIUM_1,2018-19,LEAGUE,,Lokeren,RSC Anderlecht,1,2,A,Belgium,Belgian First Division,football-data.co.uk
league_23a53e523163bd41,2019-03-03,BELGIUM_1,2018-19,LEAGUE,,Waregem,KAA Gent,1,3,A,Belgium,Belgian First Division,football-data.co.uk
league_d68fa1a730fefdd1,2019-03-10,BELGIUM_1,2018-19,LEAGUE,,Antwerp,Charleroi,1,2,A,Belgium,Belgian First Division,football-data.co.uk
league_8e6e596bfb94ddbf,2019-03-10,BELGIUM_1,2018-19,LEAGUE,,Cercle Brugge,Standard Liège,1,2,A,Belgium,Belgian First Division,football-data.co.uk
league_a28c2f48dc2477c0,2019-03-10,BELGIUM_1,2018-19,LEAGUE,,Eupen,Club Brugge KV,0,4,A,Belgium,Belgian First Division,football-data.co.uk
league_3872ab6f4ee1cddd,2019-03-10,BELGIUM_1,2018-19,LEAGUE,,KAA Gent,Oostende,2,1,H,Belgium,Belgian First Division,football-data.co.uk
league_a075b80fb633a192,2019-03-10,BELGIUM_1,2018-19,LEAGUE,,KRC Genk,Lokeren,1,0,H,Belgium,Belgian First Division,football-data.co.uk
league_dc9dcfad1b707821,2019-03-10,BELGIUM_1,2018-19,LEAGUE,,Mouscron,St Truiden,1,1,D,Belgium,Belgian First Division,football-data.co.uk
league_24b9915c30521b03,2019-03-10,BELGIUM_1,2018-19,LEAGUE,,RSC Anderlecht,Kortrijk,2,0,H,Belgium,Belgian First Division,football-data.co.uk
league_7f6bf1b550a3ee79,2019-03-10,BELGIUM_1,2018-19,LEAGUE,,Waasland-Beveren,Waregem,1,1,D,Belgium,Belgian First Division,football-data.co.uk
league_baa2e4eca264b411,2019-03-17,BELGIUM_1,2018-19,LEAGUE,,Charleroi,Eupen,1,2,A,Belgium,Belgian First Division,football-data.co.uk
league_dfc7b41a5bea6398,2019-03-17,BELGIUM_1,2018-19,LEAGUE,,Club Brugge KV,Mouscron,1,2,A,Belgium,Belgian First Division,football-data.co.uk
league_82cfe07608a9422f,2019-03-17,BELGIUM_1,2018-19,LEAGUE,,Kortrijk,Antwerp,2,0,H,Belgium,Belgian First Division,football-data.co.uk
league_54326f6eb81985b8,2019-03-17,BELGIUM_1,2018-19,LEAGUE,,Lokeren,Cercle Brugge,3,1,H,Belgium,Belgian First Division,football-data.co.uk
league_5b89c4318da9f0db,2019-03-17,BELGIUM_1,2018-19,LEAGUE,,Oostende,RSC Anderlecht,0,2,A,Belgium,Belgian First Division,football-data.co.uk
league_ae5afe714ebd0128,2019-03-17,BELGIUM_1,2018-19,LEAGUE,,St Truiden,KAA Gent,0,2,A,Belgium,Belgian First Division,football-data.co.uk
league_ff3d696e1bfcc44f,2019-03-17,BELGIUM_1,2018-19,LEAGUE,,Standard Liège,Waasland-Beveren,4,3,H,Belgium,Belgian First Division,football-data.co.uk
league_340024309f1b05e4,2019-03-17,BELGIUM_1,2018-19,LEAGUE,,Waregem,KRC Genk,3,3,D,Belgium,Belgian First Division,football-data.co.uk
league_d85e9bf1b57685cb,2019-07-26,BELGIUM_1,2019-20,LEAGUE,,KRC Genk,Kortrijk,2,1,H,Belgium,Belgian First Division,football-data.co.uk
league_35979f555109446e,2019-07-27,BELGIUM_1,2019-20,LEAGUE,,Cercle Brugge,Standard Liège,0,2,A,Belgium,Belgian First Division,football-data.co.uk
league_c373f8b2666bb9cc,2019-07-27,BELGIUM_1,2019-20,LEAGUE,,St Truiden,Mouscron,0,1,A,Belgium,Belgian First Division,football-data.co.uk
league_aa5fba80cb83752a,2019-07-27,BELGIUM_1,2019-20,LEAGUE,,Waasland-Beveren,Club Brugge KV,1,3,A,Belgium,Belgian First Division,football-data.co.uk
league_21759a4714b5b4d6,2019-07-27,BELGIUM_1,2019-20,LEAGUE,,Waregem,Mechelen,0,2,A,Belgium,Belgian First Division,football-data.co.uk
league_6fed3c02f4c435d6,2019-07-28,BELGIUM_1,2019-20,LEAGUE,,Charleroi,KAA Gent,1,1,D,Belgium,Belgian First Division,football-data.co.uk
league_a18f732ac9586b86,2019-07-28,BELGIUM_1,2019-20,LEAGUE,,Eupen,Antwerp,1,4,A,Belgium,Belgian First Division,football-data.co.uk
league_b56c4398639439b4,2019-07-28,BELGIUM_1,2019-20,LEAGUE,,RSC Anderlecht,Oostende,1,2,A,Belgium,Belgian First Division,football-data.co.uk
league_577b6e1cedb2ed86,2019-08-02,BELGIUM_1,2019-20,LEAGUE,,Club Brugge KV,St Truiden,6,0,H,Belgium,Belgian First Division,football-data.co.uk
league_d6651c1f3959b614,2019-08-03,BELGIUM_1,2019-20,LEAGUE,,Kortrijk,Charleroi,1,1,D,Belgium,Belgian First Division,football-data.co.uk
league_ae3959866b9b4529,2019-08-03,BELGIUM_1,2019-20,LEAGUE,,Mechelen,KRC Genk,3,1,H,Belgium,Belgian First Division,football-data.co.uk
league_413e68dbadeaf36c,2019-08-03,BELGIUM_1,2019-20,LEAGUE,,Oostende,Cercle Brugge,3,1,H,Belgium,Belgian First Division,football-data.co.uk
league_b44495f5b6eb4e5b,2019-08-03,BELGIUM_1,2019-20,LEAGUE,,Standard Liège,Waregem,4,0,H,Belgium,Belgian First Division,football-data.co.uk
league_520f8764e6a57022,2019-08-04,BELGIUM_1,2019-20,LEAGUE,,Antwerp,Waasland-Beveren,4,1,H,Belgium,Belgian First Division,football-data.co.uk
league_724dea90738ce22f,2019-08-04,BELGIUM_1,2019-20,LEAGUE,,KAA Gent,Eupen,6,1,H,Belgium,Belgian First Division,football-data.co.uk
league_c49d9e45c33db6ae,2019-08-04,BELGIUM_1,2019-20,LEAGUE,,Mouscron,RSC Anderlecht,0,0,D,Belgium,Belgian First Division,football-data.co.uk
league_0ae711c6d9775987,2019-08-09,BELGIUM_1,2019-20,LEAGUE,,RSC Anderlecht,Mechelen,0,0,D,Belgium,Belgian First Division,football-data.co.uk
league_0ac79b7c706ec9e8,2019-08-10,BELGIUM_1,2019-20,LEAGUE,,Cercle Brugge,Kortrijk,1,3,A,Belgium,Belgian First Division,football-data.co.uk
league_621afdfd26b4adfb,2019-08-10,BELGIUM_1,2019-20,LEAGUE,,Eupen,Waasland-Beveren,1,1,D,Belgium,Belgian First Division,football-data.co.uk
league_d8d044e46de237a5,2019-08-10,BELGIUM_1,2019-20,LEAGUE,,KRC Genk,Waregem,0,2,A,Belgium,Belgian First Division,football-data.co.uk
league_e422636c85596085,2019-08-10,BELGIUM_1,2019-20,LEAGUE,,Oostende,Club Brugge KV,0,2,A,Belgium,Belgian First Division,football-data.co.uk
league_133562e216b78221,2019-08-11,BELGIUM_1,2019-20,LEAGUE,,Charleroi,Antwerp,2,1,H,Belgium,Belgian First Division,football-data.co.uk
league_d0695d8b4857ea73,2019-08-11,BELGIUM_1,2019-20,LEAGUE,,Mouscron,KAA Gent,2,1,H,Belgium,Belgian First Division,football-data.co.uk
league_d4e5fdb3c17ec852,2019-08-11,BELGIUM_1,2019-20,LEAGUE,,St Truiden,Standard Liège,2,1,H,Belgium,Belgian First Division,football-data.co.uk
league_ec1e98a64ec413db,2019-08-16,BELGIUM_1,2019-20,LEAGUE,,Club Brugge KV,Eupen,0,0,D,Belgium,Belgian First Division,football-data.co.uk
league_932e5506885b523a,2019-08-17,BELGIUM_1,2019-20,LEAGUE,,Kortrijk,RSC Anderlecht,4,2,H,Belgium,Belgian First Division,football-data.co.uk
league_531b1aa5828ce299,2019-08-17,BELGIUM_1,2019-20,LEAGUE,,Mechelen,Cercle Brugge,3,1,H,Belgium,Belgian First Division,football-data.co.uk
league_1b48a76999523b77,2019-08-17,BELGIUM_1,2019-20,LEAGUE,,Waasland-Beveren,KRC Genk,0,4,A,Belgium,Belgian First Division,football-data.co.uk
league_a752fba345e2b365,2019-08-18,BELGIUM_1,2019-20,LEAGUE,,Antwerp,St Truiden,2,0,H,Belgium,Belgian First Division,football-data.co.uk
league_1f27731a18624d8f,2019-08-18,BELGIUM_1,2019-20,LEAGUE,,KAA Gent,Oostende,2,0,H,Belgium,Belgian First Division,football-data.co.uk
league_80a2eecf60ca1051,2019-08-18,BELGIUM_1,2019-20,LEAGUE,,Standard Liège,Mouscron,4,1,H,Belgium,Belgian First Division,football-data.co.uk
league_492d0a4eef65e98b,2019-08-19,BELGIUM_1,2019-20,LEAGUE,,Waregem,Charleroi,3,1,H,Belgium,Belgian First Division,football-data.co.uk
league_553e63607d9b64a9,2019-08-23,BELGIUM_1,2019-20,LEAGUE,,KRC Genk,RSC Anderlecht,1,0,H,Belgium,Belgian First Division,football-data.co.uk
league_d9155aef7c503155,2019-08-24,BELGIUM_1,2019-20,LEAGUE,,Cercle Brugge,Waasland-Beveren,1,0,H,Belgium,Belgian First Division,football-data.co.uk
league_53288415f0b37c17,2019-08-24,BELGIUM_1,2019-20,LEAGUE,,Oostende,Mechelen,2,1,H,Belgium,Belgian First Division,football-data.co.uk
league_05c2b831cc696eee,2019-08-24,BELGIUM_1,2019-20,LEAGUE,,St Truiden,Waregem,0,0,D,Belgium,Belgian First Division,football-data.co.uk
league_80c78dc652304095,2019-08-25,BELGIUM_1,2019-20,LEAGUE,,Mouscron,Eupen,2,0,H,Belgium,Belgian First Division,football-data.co.uk
league_dbde2ec43e8985d2,2019-08-25,BELGIUM_1,2019-20,LEAGUE,,Standard Liège,Kortrijk,2,1,H,Belgium,Belgian First Division,football-data.co.uk
league_8ce74dcd2a9246bc,2019-08-30,BELGIUM_1,2019-20,LEAGUE,,Mechelen,Mouscron,2,2,D,Belgium,Belgian First Division,football-data.co.uk
league_355906cb309589f9,2019-08-31,BELGIUM_1,2019-20,LEAGUE,,Eupen,St Truiden,0,2,A,Belgium,Belgian First Division,football-data.co.uk
league_6ed3847d93864879,2019-08-31,BELGIUM_1,2019-20,LEAGUE,,Kortrijk,Oostende,2,2,D,Belgium,Belgian First Division,football-data.co.uk
league_552ec5ea496bbd1c,2019-08-31,BELGIUM_1,2019-20,LEAGUE,,Waasland-Beveren,Charleroi,0,4,A,Belgium,Belgian First Division,football-data.co.uk
league_847eec427c6c4f8f,2019-09-01,BELGIUM_1,2019-20,LEAGUE,,Club Brugge KV,KRC Genk,1,1,D,Belgium,Belgian First Division,football-data.co.uk
league_0f0446542b83aac4,2019-09-01,BELGIUM_1,2019-20,LEAGUE,,KAA Gent,Cercle Brugge,3,2,H,Belgium,Belgian First Division,football-data.co.uk
league_986728958b78f0fe,2019-09-01,BELGIUM_1,2019-20,LEAGUE,,RSC Anderlecht,Standard Liège,1,0,H,Belgium,Belgian First Division,football-data.co.uk
league_43dc999410f610db,2019-09-01,BELGIUM_1,2019-20,LEAGUE,,Waregem,Antwerp,2,0,H,Belgium,Belgian First Division,football-data.co.uk
league_4cd3772902db4476,2019-09-13,BELGIUM_1,2019-20,LEAGUE,,Charleroi,KRC Genk,2,1,H,Belgium,Belgian First Division,football-data.co.uk
league_459509f5f484f544,2019-09-14,BELGIUM_1,2019-20,LEAGUE,,Cercle Brugge,Club Brugge KV,0,2,A,Belgium,Belgian First Division,football-data.co.uk
league_29057e14ff1b4881,2019-09-14,BELGIUM_1,2019-20,LEAGUE,,Eupen,Waregem,1,1,D,Belgium,Belgian First Division,football-data.co.uk
league_97bd855140f39ca1,2019-09-14,BELGIUM_1,2019-20,LEAGUE,,Oostende,Standard Liège,1,4,A,Belgium,Belgian First Division,football-data.co.uk
league_71bc755427ed39b6,2019-09-14,BELGIUM_1,2019-20,LEAGUE,,St Truiden,Waasland-Beveren,1,1,D,Belgium,Belgian First Division,football-data.co.uk
league_5a36278bda01cb7b,2019-09-15,BELGIUM_1,2019-20,LEAGUE,,KAA Gent,Mechelen,3,0,H,Belgium,Belgian First Division,football-data.co.uk
league_f88113da34b3fece,2019-09-15,BELGIUM_1,2019-20,LEAGUE,,Mouscron,Kortrijk,2,0,H,Belgium,Belgian First Division,football-data.co.uk
league_fb2268adf15517b7,2019-09-15,BELGIUM_1,2019-20,LEAGUE,,RSC Anderlecht,Antwerp,1,2,A,Belgium,Belgian First Division,football-data.co.uk
league_9362293787b83407,2019-09-20,BELGIUM_1,2019-20,LEAGUE,,Kortrijk,Mechelen,2,3,A,Belgium,Belgian First Division,football-data.co.uk
league_44aa474599ce5fe8,2019-09-21,BELGIUM_1,2019-20,LEAGUE,,Antwerp,Cercle Brugge,3,1,H,Belgium,Belgian First Division,football-data.co.uk
league_2d53d193f1e1b7aa,2019-09-21,BELGIUM_1,2019-20,LEAGUE,,Charleroi,St Truiden,0,3,A,Belgium,Belgian First Division,football-data.co.uk
league_890c978dc7ef9bab,2019-09-21,BELGIUM_1,2019-20,LEAGUE,,KRC Genk,Oostende,3,1,H,Belgium,Belgian First Division,football-data.co.uk
league_48f15473b312403d,2019-09-21,BELGIUM_1,2019-20,LEAGUE,,Waasland-Beveren,Mouscron,1,1,D,Belgium,Belgian First Division,football-data.co.uk
league_0d256e21a4295a70,2019-09-22,BELGIUM_1,2019-20,LEAGUE,,Club Brugge KV,RSC Anderlecht,2,1,H,Belgium,Belgian First Division,football-data.co.uk
league_a3e915d48e703dce,2019-09-22,BELGIUM_1,2019-20,LEAGUE,,Standard Liège,Eupen,3,0,H,Belgium,Belgian First Division,football-data.co.uk
league_58f020cddf46969e,2019-09-22,BELGIUM_1,2019-20,LEAGUE,,Waregem,KAA Gent,2,2,D,Belgium,Belgian First Division,football-data.co.uk
league_33f1b0a9303c2659,2019-09-28,BELGIUM_1,2019-20,LEAGUE,,Cercle Brugge,Eupen,1,2,A,Belgium,Belgian First Division,football-data.co.uk
league_181be5432abe232d,2019-09-28,BELGIUM_1,2019-20,LEAGUE,,KAA Gent,Kortrijk,2,0,H,Belgium,Belgian First Division,football-data.co.uk
league_e32f7d765efb8c00,2019-09-28,BELGIUM_1,2019-20,LEAGUE,,Mechelen,Club Brugge KV,0,5,A,Belgium,Belgian First Division,football-data.co.uk
league_3db8a3b1a6ff7054,2019-09-28,BELGIUM_1,2019-20,LEAGUE,,Mouscron,Waregem,2,2,D,Belgium,Belgian First Division,football-data.co.uk
league_4f05a273a320704c,2019-09-28,BELGIUM_1,2019-20,LEAGUE,,St Truiden,KRC Genk,3,3,D,Belgium,Belgian First Division,football-data.co.uk
league_f06ffaa91c2774fe,2019-09-29,BELGIUM_1,2019-20,LEAGUE,,Oostende,Antwerp,1,1,D,Belgium,Belgian First Division,football-data.co.uk
league_5575ed2353600434,2019-09-29,BELGIUM_1,2019-20,LEAGUE,,RSC Anderlecht,Waasland-Beveren,0,0,D,Belgium,Belgian First Division,football-data.co.uk
league_fe1dc52a341a3a7a,2019-09-29,BELGIUM_1,2019-20,LEAGUE,,Standard Liège,Charleroi,1,1,D,Belgium,Belgian First Division,football-data.co.uk
league_520f4f76b6506ee7,2019-10-04,BELGIUM_1,2019-20,LEAGUE,,Charleroi,RSC Anderlecht,1,2,A,Belgium,Belgian First Division,football-data.co.uk
league_7f5f9ee77d1b9560,2019-10-05,BELGIUM_1,2019-20,LEAGUE,,Eupen,Mechelen,0,2,A,Belgium,Belgian First Division,football-data.co.uk
league_87f2bcafd75b1db0,2019-10-05,BELGIUM_1,2019-20,LEAGUE,,Kortrijk,St Truiden,4,0,H,Belgium,Belgian First Division,football-data.co.uk
league_fec6cc6a77c434d7,2019-10-05,BELGIUM_1,2019-20,LEAGUE,,Waasland-Beveren,Oostende,3,1,H,Belgium,Belgian First Division,football-data.co.uk
league_1ba624edda09cae2,2019-10-05,BELGIUM_1,2019-20,LEAGUE,,Waregem,Cercle Brugge,6,0,H,Belgium,Belgian First Division,football-data.co.uk
league_370e483d3a2065bb,2019-10-06,BELGIUM_1,2019-20,LEAGUE,,Antwerp,Standard Liège,2,2,D,Belgium,Belgian First Division,football-data.co.uk
league_cdf6eded4294e876,2019-10-06,BELGIUM_1,2019-20,LEAGUE,,Club Brugge KV,KAA Gent,4,0,H,Belgium,Belgian First Division,football-data.co.uk
league_28b56148c38ecf05,2019-10-06,BELGIUM_1,2019-20,LEAGUE,,KRC Genk,Mouscron,2,1,H,Belgium,Belgian First Division,football-data.co.uk
league_d9bda816d06e2e25,2019-10-18,BELGIUM_1,2019-20,LEAGUE,,Mouscron,Club Brugge KV,0,1,A,Belgium,Belgian First Division,football-data.co.uk
league_5419cd189d4b9bb3,2019-10-19,BELGIUM_1,2019-20,LEAGUE,,KAA Gent,Waasland-Beveren,2,0,H,Belgium,Belgian First Division,football-data.co.uk
league_6cf1f2cd22ec1d65,2019-10-19,BELGIUM_1,2019-20,LEAGUE,,Kortrijk,Waregem,2,0,H,Belgium,Belgian First Division,football-data.co.uk
league_65453aa29f7a9b11,2019-10-19,BELGIUM_1,2019-20,LEAGUE,,Oostende,Eupen,2,3,A,Belgium,Belgian First Division,football-data.co.uk
league_afe34e36727cf7b3,2019-10-19,BELGIUM_1,2019-20,LEAGUE,,Standard Liège,KRC Genk,1,0,H,Belgium,Belgian First Division,football-data.co.uk
league_0a0f75dc3b627389,2019-10-20,BELGIUM_1,2019-20,LEAGUE,,Cercle Brugge,Charleroi,0,3,A,Belgium,Belgian First Division,football-data.co.uk
league_40099097a2e3b134,2019-10-20,BELGIUM_1,2019-20,LEAGUE,,Mechelen,Antwerp,3,1,H,Belgium,Belgian First Division,football-data.co.uk
league_b226df07d531f68f,2019-10-20,BELGIUM_1,2019-20,LEAGUE,,RSC Anderlecht,St Truiden,4,1,H,Belgium,Belgian First Division,football-data.co.uk
league_e3e1a77e314b7886,2019-10-25,BELGIUM_1,2019-20,LEAGUE,,Eupen,RSC Anderlecht,0,0,D,Belgium,Belgian First Division,football-data.co.uk
league_32e80292370f0b2f,2019-10-26,BELGIUM_1,2019-20,LEAGUE,,Antwerp,Kortrijk,3,1,H,Belgium,Belgian First Division,football-data.co.uk
league_035b8cc38e90e77e,2019-10-26,BELGIUM_1,2019-20,LEAGUE,,Charleroi,Mouscron,1,0,H,Belgium,Belgian First Division,football-data.co.uk
league_2c42c4c08958cb95,2019-10-26,BELGIUM_1,2019-20,LEAGUE,,KRC Genk,Cercle Brugge,1,0,H,Belgium,Belgian First Division,football-data.co.uk
league_3c831e50e355e7a7,2019-10-26,BELGIUM_1,2019-20,LEAGUE,,Waregem,Oostende,2,0,H,Belgium,Belgian First Division,football-data.co.uk
league_9815afefc675a0f8,2019-10-27,BELGIUM_1,2019-20,LEAGUE,,Club Brugge KV,Standard Liège,1,1,D,Belgium,Belgian First Division,football-data.co.uk
league_efbf3be44da4a152,2019-10-27,BELGIUM_1,2019-20,LEAGUE,,St Truiden,KAA Gent,0,0,D,Belgium,Belgian First Division,football-data.co.uk
league_8a096edb53ba8dd2,2019-10-27,BELGIUM_1,2019-20,LEAGUE,,Waasland-Beveren,Mechelen,1,3,A,Belgium,Belgian First Division,football-data.co.uk
league_7e7aa0afa43f68ad,2019-10-29,BELGIUM_1,2019-20,LEAGUE,,Cercle Brugge,Mouscron,2,2,D,Belgium,Belgian First Division,football-data.co.uk
league_b7ce432aaa15b03b,2019-10-29,BELGIUM_1,2019-20,LEAGUE,,Kortrijk,Eupen,1,2,A,Belgium,Belgian First Division,football-data.co.uk
league_f818d637cf7363d3,2019-10-29,BELGIUM_1,2019-20,LEAGUE,,Oostende,Charleroi,0,1,A,Belgium,Belgian First Division,football-data.co.uk
league_8b15f8668b7fb769,2019-10-30,BELGIUM_1,2019-20,LEAGUE,,KRC Genk,Antwerp,2,2,D,Belgium,Belgian First Division,football-data.co.uk
league_7021a3875e78cb4b,2019-10-30,BELGIUM_1,2019-20,LEAGUE,,Mechelen,St Truiden,1,2,A,Belgium,Belgian First Division,football-data.co.uk
league_37fa3f20307b5566,2019-10-30,BELGIUM_1,2019-20,LEAGUE,,Standard Liège,Waasland-Beveren,2,0,H,Belgium,Belgian First Division,football-data.co.uk
league_935586bbf9f9359a,2019-10-30,BELGIUM_1,2019-20,LEAGUE,,Waregem,Club Brugge KV,0,2,A,Belgium,Belgian First Division,football-data.co.uk
league_8d5bbc3dfc73d473,2019-10-31,BELGIUM_1,2019-20,LEAGUE,,RSC Anderlecht,KAA Gent,3,3,D,Belgium,Belgian First Division,football-data.co.uk
league_2de33041f881c6a8,2019-11-02,BELGIUM_1,2019-20,LEAGUE,,Club Brugge KV,Kortrijk,3,0,H,Belgium,Belgian First Division,football-data.co.uk
league_7434f4c5f2b4966a,2019-11-02,BELGIUM_1,2019-20,LEAGUE,,Eupen,KRC Genk,2,0,H,Belgium,Belgian First Division,football-data.co.uk
league_e49a44c31262d12c,2019-11-02,BELGIUM_1,2019-20,LEAGUE,,Mouscron,Antwerp,3,1,H,Belgium,Belgian First Division,football-data.co.uk
league_f686b55bf54f33f6,2019-11-02,BELGIUM_1,2019-20,LEAGUE,,St Truiden,Oostende,1,0,H,Belgium,Belgian First Division,football-data.co.uk
league_205821f76cb60ff1,2019-11-02,BELGIUM_1,2019-20,LEAGUE,,Waasland-Beveren,Waregem,1,2,A,Belgium,Belgian First Division,football-data.co.uk
league_a77724feb830680d,2019-11-03,BELGIUM_1,2019-20,LEAGUE,,KAA Gent,Standard Liège,3,1,H,Belgium,Belgian First Division,football-data.co.uk
league_8d1a7707f97125c5,2019-11-03,BELGIUM_1,2019-20,LEAGUE,,Mechelen,Charleroi,2,2,D,Belgium,Belgian First Division,football-data.co.uk
league_535e72fd602de9f2,2019-11-03,BELGIUM_1,2019-20,LEAGUE,,RSC Anderlecht,Cercle Brugge,2,1,H,Belgium,Belgian First Division,football-data.co.uk
league_a174dbc7eedba514,2019-11-08,BELGIUM_1,2019-20,LEAGUE,,Waregem,RSC Anderlecht,1,2,A,Belgium,Belgian First Division,football-data.co.uk
league_db3d67ffa200da46,2019-11-09,BELGIUM_1,2019-20,LEAGUE,,Cercle Brugge,St Truiden,2,1,H,Belgium,Belgian First Division,football-data.co.uk
league_68ba0e0c50e1b81d,2019-11-09,BELGIUM_1,2019-20,LEAGUE,,Charleroi,Eupen,1,0,H,Belgium,Belgian First Division,football-data.co.uk
league_f9ce02f5771505e8,2019-11-09,BELGIUM_1,2019-20,LEAGUE,,Kortrijk,Waasland-Beveren,1,3,A,Belgium,Belgian First Division,football-data.co.uk
league_93f423ba56a995f0,2019-11-09,BELGIUM_1,2019-20,LEAGUE,,Oostende,Mouscron,2,2,D,Belgium,Belgian First Division,football-data.co.uk
league_1071cd910fdf87ab,2019-11-10,BELGIUM_1,2019-20,LEAGUE,,Antwerp,Club Brugge KV,2,1,H,Belgium,Belgian First Division,football-data.co.uk
league_004c3272776ad3a2,2019-11-10,BELGIUM_1,2019-20,LEAGUE,,KRC Genk,KAA Gent,0,2,A,Belgium,Belgian First Division,football-data.co.uk
league_f7cee94e3da2d8fc,2019-11-10,BELGIUM_1,2019-20,LEAGUE,,Standard Liège,Mechelen,1,2,A,Belgium,Belgian First Division,football-data.co.uk
league_453a0abb4f23f0ba,2019-11-21,BELGIUM_1,2019-20,LEAGUE,,Antwerp,KAA Gent,3,2,H,Belgium,Belgian First Division,football-data.co.uk
league_b7632fd0bcc21aff,2019-11-22,BELGIUM_1,2019-20,LEAGUE,,Club Brugge KV,Oostende,2,0,H,Belgium,Belgian First Division,football-data.co.uk
league_b40b5731fd747d21,2019-11-23,BELGIUM_1,2019-20,LEAGUE,,Eupen,Standard Liège,1,2,A,Belgium,Belgian First Division,football-data.co.uk
league_6990b103501ddac2,2019-11-23,BELGIUM_1,2019-20,LEAGUE,,Mechelen,Waregem,0,2,A,Belgium,Belgian First Division,football-data.co.uk
league_50f4825c98c1b979,2019-11-23,BELGIUM_1,2019-20,LEAGUE,,Mouscron,KRC Genk,2,2,D,Belgium,Belgian First Division,football-data.co.uk
league_6e8a02e09e25e10c,2019-11-23,BELGIUM_1,2019-20,LEAGUE,,Waasland-Beveren,Cercle Brugge,1,1,D,Belgium,Belgian First Division,football-data.co.uk
league_1279d370f4b30f82,2019-11-24,BELGIUM_1,2019-20,LEAGUE,,KAA Gent,Antwerp,1,1,D,Belgium,Belgian First Division,football-data.co.uk
league_9141b257c6729ef4,2019-11-24,BELGIUM_1,2019-20,LEAGUE,,RSC Anderlecht,Kortrijk,0,0,D,Belgium,Belgian First Division,football-data.co.uk
league_df84ce7f574158df,2019-11-24,BELGIUM_1,2019-20,LEAGUE,,St Truiden,Charleroi,1,3,A,Belgium,Belgian First Division,football-data.co.uk
league_f2558977839be769,2019-11-29,BELGIUM_1,2019-20,LEAGUE,,Antwerp,Mechelen,1,0,H,Belgium,Belgian First Division,football-data.co.uk
league_2fac0f35faf81dda,2019-11-30,BELGIUM_1,2019-20,LEAGUE,,Charleroi,Waasland-Beveren,2,0,H,Belgium,Belgian First Division,football-data.co.uk
league_5d03c3b22af3dded,2019-11-30,BELGIUM_1,2019-20,LEAGUE,,Club Brugge KV,Mouscron,1,0,H,Belgium,Belgian First Division,football-data.co.uk
league_44327531a3064347,2019-11-30,BELGIUM_1,2019-20,LEAGUE,,KRC Genk,St Truiden,1,2,A,Belgium,Belgian First Division,football-data.co.uk
league_3965ae0d0e0ecc88,2019-11-30,BELGIUM_1,2019-20,LEAGUE,,Waregem,Eupen,1,0,H,Belgium,Belgian First Division,football-data.co.uk
league_753dfbe085487be5,2019-12-01,BELGIUM_1,2019-20,LEAGUE,,Kortrijk,KAA Gent,0,2,A,Belgium,Belgian First Division,football-data.co.uk
league_dbb42be2c0b6615d,2019-12-01,BELGIUM_1,2019-20,LEAGUE,,Oostende,RSC Anderlecht,3,2,H,Belgium,Belgian First Division,football-data.co.uk
league_17c036ba5f7010f5,2019-12-01,BELGIUM_1,2019-20,LEAGUE,,Standard Liège,Cercle Brugge,2,1,H,Belgium,Belgian First Division,football-data.co.uk
league_8f2841b5318ae2ea,2019-12-06,BELGIUM_1,2019-20,LEAGUE,,Waasland-Beveren,Antwerp,0,4,A,Belgium,Belgian First Division,football-data.co.uk
league_537d4d9553f5ed93,2019-12-07,BELGIUM_1,2019-20,LEAGUE,,Cercle Brugge,KRC Genk,1,2,A,Belgium,Belgian First Division,football-data.co.uk
league_8eb6bcde9b41fc67,2019-12-07,BELGIUM_1,2019-20,LEAGUE,,KAA Gent,Waregem,2,0,H,Belgium,Belgian First Division,football-data.co.uk
league_25783eb63edd2809,2019-12-07,BELGIUM_1,2019-20,LEAGUE,,Mechelen,Kortrijk,1,1,D,Belgium,Belgian First Division,football-data.co.uk
league_325673354c73ab52,2019-12-07,BELGIUM_1,2019-20,LEAGUE,,St Truiden,Club Brugge KV,1,2,A,Belgium,Belgian First Division,football-data.co.uk
league_7c3288b4380178d4,2019-12-08,BELGIUM_1,2019-20,LEAGUE,,Eupen,Oostende,1,0,H,Belgium,Belgian First Division,football-data.co.uk
league_bfaa0317393bdfda,2019-12-08,BELGIUM_1,2019-20,LEAGUE,,Mouscron,Standard Liège,2,2,D,Belgium,Belgian First Division,football-data.co.uk
league_b3b2a6c66ee480e5,2019-12-08,BELGIUM_1,2019-20,LEAGUE,,RSC Anderlecht,Charleroi,0,0,D,Belgium,Belgian First Division,football-data.co.uk
league_6f60feaa2261e582,2019-12-13,BELGIUM_1,2019-20,LEAGUE,,Kortrijk,Mouscron,1,2,A,Belgium,Belgian First Division,football-data.co.uk
league_bff42f22ec52a9a3,2019-12-14,BELGIUM_1,2019-20,LEAGUE,,Antwerp,Eupen,1,0,H,Belgium,Belgian First Division,football-data.co.uk
league_67b23dce659a317a,2019-12-14,BELGIUM_1,2019-20,LEAGUE,,Charleroi,Cercle Brugge,3,0,H,Belgium,Belgian First Division,football-data.co.uk
league_39b4d10f8c22f305,2019-12-14,BELGIUM_1,2019-20,LEAGUE,,KRC Genk,Waasland-Beveren,4,1,H,Belgium,Belgian First Division,football-data.co.uk
league_9419b76a7d755907,2019-12-14,BELGIUM_1,2019-20,LEAGUE,,Waregem,St Truiden,5,1,H,Belgium,Belgian First Division,football-data.co.uk
league_d6fc390181b78bb5,2019-12-15,BELGIUM_1,2019-20,LEAGUE,,Club Brugge KV,Mechelen,3,0,H,Belgium,Belgian First Division,football-data.co.uk
league_265ac1956046b3dd,2019-12-15,BELGIUM_1,2019-20,LEAGUE,,Oostende,KAA Gent,2,1,H,Belgium,Belgian First Division,football-data.co.uk
league_910bf409192b3f8f,2019-12-15,BELGIUM_1,2019-20,LEAGUE,,Standard Liège,RSC Anderlecht,1,1,D,Belgium,Belgian First Division,football-data.co.uk
league_75712e8713e4d89d,2019-12-20,BELGIUM_1,2019-20,LEAGUE,,Mechelen,Oostende,1,0,H,Belgium,Belgian First Division,football-data.co.uk
league_8f6eec0e08dd50f3,2019-12-21,BELGIUM_1,2019-20,LEAGUE,,Cercle Brugge,Waregem,2,0,H,Belgium,Belgian First Division,football-data.co.uk
league_779ab9e4d9725a42,2019-12-21,BELGIUM_1,2019-20,LEAGUE,,Eupen,Kortrijk,1,2,A,Belgium,Belgian First Division,football-data.co.uk
league_874dbf8196bd3424,2019-12-21,BELGIUM_1,2019-20,LEAGUE,,Mouscron,Charleroi,1,1,D,Belgium,Belgian First Division,football-data.co.uk
league_a26989a836e91a60,2019-12-21,BELGIUM_1,2019-20,LEAGUE,,Waasland-Beveren,Standard Liège,2,1,H,Belgium,Belgian First Division,football-data.co.uk
league_ec04c2467ef241dd,2019-12-22,BELGIUM_1,2019-20,LEAGUE,,KAA Gent,Club Brugge KV,1,1,D,Belgium,Belgian First Division,football-data.co.uk
league_e131646d4d1b0ffc,2019-12-22,BELGIUM_1,2019-20,LEAGUE,,RSC Anderlecht,KRC Genk,2,0,H,Belgium,Belgian First Division,football-data.co.uk
league_18224b5acd7968e8,2019-12-22,BELGIUM_1,2019-20,LEAGUE,,St Truiden,Antwerp,1,1,D,Belgium,Belgian First Division,football-data.co.uk
league_a49976135f59fe48,2019-12-26,BELGIUM_1,2019-20,LEAGUE,,Club Brugge KV,Waregem,4,0,H,Belgium,Belgian First Division,football-data.co.uk
league_8f523df622ccc98f,2019-12-26,BELGIUM_1,2019-20,LEAGUE,,KRC Genk,Eupen,2,1,H,Belgium,Belgian First Division,football-data.co.uk
league_45375f3654aa8b76,2019-12-26,BELGIUM_1,2019-20,LEAGUE,,Kortrijk,Cercle Brugge,1,0,H,Belgium,Belgian First Division,football-data.co.uk
league_855e34e15e691ac2,2019-12-26,BELGIUM_1,2019-20,LEAGUE,,Mouscron,Mechelen,1,2,A,Belgium,Belgian First Division,football-data.co.uk
league_b7bb41ce0588c4b1,2019-12-26,BELGIUM_1,2019-20,LEAGUE,,Standard Liège,KAA Gent,0,1,A,Belgium,Belgian First Division,football-data.co.uk
league_b0f645bb44d995e3,2019-12-26,BELGIUM_1,2019-20,LEAGUE,,Waasland-Beveren,St Truiden,1,0,H,Belgium,Belgian First Division,football-data.co.uk
league_10577b0a85ded515,2019-12-27,BELGIUM_1,2019-20,LEAGUE,,Antwerp,RSC Anderlecht,0,0,D,Belgium,Belgian First Division,football-data.co.uk
league_9a7a6d9150cf2113,2019-12-27,BELGIUM_1,2019-20,LEAGUE,,Charleroi,Oostende,5,0,H,Belgium,Belgian First Division,football-data.co.uk
league_ae3fa7764168ac25,2020-01-17,BELGIUM_1,2019-20,LEAGUE,,Mechelen,Standard Liège,2,3,A,Belgium,Belgian First Division,football-data.co.uk
league_b0f08b6df95563c4,2020-01-18,BELGIUM_1,2019-20,LEAGUE,,Eupen,Charleroi,1,1,D,Belgium,Belgian First Division,football-data.co.uk
league_a25089c7d5e8b902,2020-01-18,BELGIUM_1,2019-20,LEAGUE,,KAA Gent,Mouscron,3,1,H,Belgium,Belgian First Division,football-data.co.uk
league_0eb6035a21a53862,2020-01-18,BELGIUM_1,2019-20,LEAGUE,,Oostende,Waasland-Beveren,0,1,A,Belgium,Belgian First Division,football-data.co.uk
league_12c0429b494a9af8,2020-01-18,BELGIUM_1,2019-20,LEAGUE,,St Truiden,Kortrijk,2,0,H,Belgium,Belgian First Division,football-data.co.uk
league_ead3a4dfae3b8101,2020-01-19,BELGIUM_1,2019-20,LEAGUE,,Cercle Brugge,Antwerp,1,2,A,Belgium,Belgian First Division,football-data.co.uk
league_0c9aa0670ab588b6,2020-01-19,BELGIUM_1,2019-20,LEAGUE,,RSC Anderlecht,Club Brugge KV,1,2,A,Belgium,Belgian First Division,football-data.co.uk
league_4e828f04d573aacf,2020-01-19,BELGIUM_1,2019-20,LEAGUE,,Waregem,KRC Genk,0,3,A,Belgium,Belgian First Division,football-data.co.uk
league_df685afca1fc9b7d,2020-01-24,BELGIUM_1,2019-20,LEAGUE,,Standard Liège,Oostende,2,1,H,Belgium,Belgian First Division,football-data.co.uk
league_4753fda68eeba9bb,2020-01-25,BELGIUM_1,2019-20,LEAGUE,,KAA Gent,KRC Genk,4,1,H,Belgium,Belgian First Division,football-data.co.uk
league_65ada7ee5f794b95,2020-01-25,BELGIUM_1,2019-20,LEAGUE,,Mouscron,St Truiden,1,3,A,Belgium,Belgian First Division,football-data.co.uk
league_18bc4f9e25ec44ab,2020-01-25,BELGIUM_1,2019-20,LEAGUE,,Waasland-Beveren,Eupen,0,1,A,Belgium,Belgian First Division,football-data.co.uk
league_158ef21b13b9da8b,2020-01-26,BELGIUM_1,2019-20,LEAGUE,,Antwerp,Waregem,2,1,H,Belgium,Belgian First Division,football-data.co.uk
league_89bdcf24837e959b,2020-01-26,BELGIUM_1,2019-20,LEAGUE,,Cercle Brugge,RSC Anderlecht,1,2,A,Belgium,Belgian First Division,football-data.co.uk
league_50078184b4f51c59,2020-01-26,BELGIUM_1,2019-20,LEAGUE,,Kortrijk,Club Brugge KV,2,2,D,Belgium,Belgian First Division,football-data.co.uk
league_6e9265339bc17139,2020-01-29,BELGIUM_1,2019-20,LEAGUE,,Charleroi,Club Brugge KV,0,0,D,Belgium,Belgian First Division,football-data.co.uk
league_bc216187cdc2ccc9,2020-01-31,BELGIUM_1,2019-20,LEAGUE,,Kortrijk,Standard Liège,3,1,H,Belgium,Belgian First Division,football-data.co.uk
league_b40fb8cef1349936,2020-02-01,BELGIUM_1,2019-20,LEAGUE,,Eupen,Cercle Brugge,1,0,H,Belgium,Belgian First Division,football-data.co.uk
league_e2d8aaaa3e2c72e6,2020-02-01,BELGIUM_1,2019-20,LEAGUE,,KRC Genk,Charleroi,1,0,H,Belgium,Belgian First Division,football-data.co.uk
league_585a30ce6c2c293b,2020-02-01,BELGIUM_1,2019-20,LEAGUE,,Mechelen,KAA Gent,0,3,A,Belgium,Belgian First Division,football-data.co.uk
league_a91eb0b2c21d8870,2020-02-01,BELGIUM_1,2019-20,LEAGUE,,Oostende,St Truiden,1,0,H,Belgium,Belgian First Division,football-data.co.uk
league_e0c4439793793f10,2020-02-02,BELGIUM_1,2019-20,LEAGUE,,Club Brugge KV,Antwerp,1,0,H,Belgium,Belgian First Division,football-data.co.uk
league_869f7ff735f47d2d,2020-02-02,BELGIUM_1,2019-20,LEAGUE,,RSC Anderlecht,Mouscron,1,0,H,Belgium,Belgian First Division,football-data.co.uk
league_55eed92ff427a230,2020-02-02,BELGIUM_1,2019-20,LEAGUE,,Waregem,Waasland-Beveren,5,0,H,Belgium,Belgian First Division,football-data.co.uk
league_997a93eaa4be8ff8,2020-02-07,BELGIUM_1,2019-20,LEAGUE,,KAA Gent,RSC Anderlecht,1,1,D,Belgium,Belgian First Division,football-data.co.uk
league_0da575cd4d1cd50f,2020-02-08,BELGIUM_1,2019-20,LEAGUE,,Cercle Brugge,Mechelen,3,2,H,Belgium,Belgian First Division,football-data.co.uk
league_28288388bc37d926,2020-02-08,BELGIUM_1,2019-20,LEAGUE,,Charleroi,Waregem,4,0,H,Belgium,Belgian First Division,football-data.co.uk
league_f2a3726a2639be88,2020-02-08,BELGIUM_1,2019-20,LEAGUE,,Mouscron,Oostende,3,1,H,Belgium,Belgian First Division,football-data.co.uk
league_05bf6326489bc4be,2020-02-08,BELGIUM_1,2019-20,LEAGUE,,St Truiden,Eupen,5,2,H,Belgium,Belgian First Division,football-data.co.uk
league_453c9048e1ca0ee5,2020-02-11,BELGIUM_1,2019-20,LEAGUE,,Charleroi,Mechelen,2,1,H,Belgium,Belgian First Division,football-data.co.uk
league_f13505817f71c5c9,2020-02-12,BELGIUM_1,2019-20,LEAGUE,,Standard Liège,Club Brugge KV,0,0,D,Belgium,Belgian First Division,football-data.co.uk
league_5cb8fcabfc2abc6b,2020-02-12,BELGIUM_1,2019-20,LEAGUE,,Waasland-Beveren,Kortrijk,1,2,A,Belgium,Belgian First Division,football-data.co.uk
league_c372750100cf8f56,2020-02-13,BELGIUM_1,2019-20,LEAGUE,,Antwerp,KRC Genk,1,1,D,Belgium,Belgian First Division,football-data.co.uk
league_2d499441af5c0cc8,2020-02-14,BELGIUM_1,2019-20,LEAGUE,,Eupen,KAA Gent,2,3,A,Belgium,Belgian First Division,football-data.co.uk
league_07994de53f575e84,2020-02-15,BELGIUM_1,2019-20,LEAGUE,,Club Brugge KV,Waasland-Beveren,2,1,H,Belgium,Belgian First Division,football-data.co.uk
league_15a88e20ae41908d,2020-02-15,BELGIUM_1,2019-20,LEAGUE,,Mechelen,RSC Anderlecht,2,0,H,Belgium,Belgian First Division,football-data.co.uk
league_aa1ce8f53f113173,2020-02-15,BELGIUM_1,2019-20,LEAGUE,,Oostende,Kortrijk,0,3,A,Belgium,Belgian First Division,football-data.co.uk
league_f9b708588e969115,2020-02-15,BELGIUM_1,2019-20,LEAGUE,,St Truiden,Cercle Brugge,0,1,A,Belgium,Belgian First Division,football-data.co.uk
league_ea1885baf07ea6de,2020-02-16,BELGIUM_1,2019-20,LEAGUE,,Antwerp,Charleroi,1,1,D,Belgium,Belgian First Division,football-data.co.uk
league_de2536e6f9a8899d,2020-02-16,BELGIUM_1,2019-20,LEAGUE,,KRC Genk,Standard Liège,1,3,A,Belgium,Belgian First Division,football-data.co.uk
league_0ed02c00d4846365,2020-02-16,BELGIUM_1,2019-20,LEAGUE,,Waregem,Mouscron,1,2,A,Belgium,Belgian First Division,football-data.co.uk
league_75efd524471c1564,2020-02-21,BELGIUM_1,2019-20,LEAGUE,,Kortrijk,KRC Genk,0,1,A,Belgium,Belgian First Division,football-data.co.uk
league_0053cfc53c91bb95,2020-02-22,BELGIUM_1,2019-20,LEAGUE,,Mechelen,Waasland-Beveren,4,0,H,Belgium,Belgian First Division,football-data.co.uk
league_bc312c4456edf5e2,2020-02-22,BELGIUM_1,2019-20,LEAGUE,,Mouscron,Cercle Brugge,0,1,A,Belgium,Belgian First Division,football-data.co.uk
league_9bf3ff3887c57331,2020-02-22,BELGIUM_1,2019-20,LEAGUE,,Oostende,Waregem,1,1,D,Belgium,Belgian First Division,football-data.co.uk
league_9bb9fa342599f68a,2020-02-22,BELGIUM_1,2019-20,LEAGUE,,Standard Liège,Antwerp,1,0,H,Belgium,Belgian First Division,football-data.co.uk
league_803d8a5a9990d311,2020-02-23,BELGIUM_1,2019-20,LEAGUE,,Club Brugge KV,Charleroi,1,0,H,Belgium,Belgian First Division,football-data.co.uk
league_b80f736ed5e3da84,2020-02-23,BELGIUM_1,2019-20,LEAGUE,,KAA Gent,St Truiden,4,1,H,Belgium,Belgian First Division,football-data.co.uk
league_7562267d6f29336c,2020-02-23,BELGIUM_1,2019-20,LEAGUE,,RSC Anderlecht,Eupen,6,1,H,Belgium,Belgian First Division,football-data.co.uk
league_87ce5b6654540d04,2020-02-28,BELGIUM_1,2019-20,LEAGUE,,St Truiden,Mechelen,0,3,A,Belgium,Belgian First Division,football-data.co.uk
league_4b2e027344bc584e,2020-02-29,BELGIUM_1,2019-20,LEAGUE,,Antwerp,Oostende,3,1,H,Belgium,Belgian First Division,football-data.co.uk
league_2e769b61328b4325,2020-02-29,BELGIUM_1,2019-20,LEAGUE,,Eupen,Mouscron,2,1,H,Belgium,Belgian First Division,football-data.co.uk
league_13978dac0365eca5,2020-02-29,BELGIUM_1,2019-20,LEAGUE,,Waasland-Beveren,RSC Anderlecht,0,3,A,Belgium,Belgian First Division,football-data.co.uk
league_da9bd4d767b83363,2020-02-29,BELGIUM_1,2019-20,LEAGUE,,Waregem,Kortrijk,2,2,D,Belgium,Belgian First Division,football-data.co.uk
league_69268948702f8d92,2020-03-01,BELGIUM_1,2019-20,LEAGUE,,Cercle Brugge,KAA Gent,1,0,H,Belgium,Belgian First Division,football-data.co.uk
league_6bfe41a49861f925,2020-03-01,BELGIUM_1,2019-20,LEAGUE,,Charleroi,Standard Liège,2,0,H,Belgium,Belgian First Division,football-data.co.uk
league_cf130962efbd3099,2020-03-01,BELGIUM_1,2019-20,LEAGUE,,KRC Genk,Club Brugge KV,1,2,A,Belgium,Belgian First Division,football-data.co.uk
league_24291d875dd1a6e5,2020-03-07,BELGIUM_1,2019-20,LEAGUE,,Club Brugge KV,Cercle Brugge,2,1,H,Belgium,Belgian First Division,football-data.co.uk
league_79070bca56576df7,2020-03-07,BELGIUM_1,2019-20,LEAGUE,,KAA Gent,Charleroi,1,4,A,Belgium,Belgian First Division,football-data.co.uk
league_4a1b3b96773e1dcb,2020-03-07,BELGIUM_1,2019-20,LEAGUE,,Kortrijk,Antwerp,0,1,A,Belgium,Belgian First Division,football-data.co.uk
league_aa28c98443ba0f30,2020-03-07,BELGIUM_1,2019-20,LEAGUE,,Mechelen,Eupen,1,1,D,Belgium,Belgian First Division,football-data.co.uk
league_795b91afa6b7aef7,2020-03-07,BELGIUM_1,2019-20,LEAGUE,,Mouscron,Waasland-Beveren,1,0,H,Belgium,Belgian First Division,football-data.co.uk
league_359165d4c7d5d528,2020-03-07,BELGIUM_1,2019-20,LEAGUE,,Oostende,KRC Genk,2,4,A,Belgium,Belgian First Division,football-data.co.uk
league_61b9e4d600ca1b83,2020-03-07,BELGIUM_1,2019-20,LEAGUE,,RSC Anderlecht,Waregem,7,0,H,Belgium,Belgian First Division,football-data.co.uk
league_1c2248db0a6e8265,2020-03-07,BELGIUM_1,2019-20,LEAGUE,,Standard Liège,St Truiden,0,0,D,Belgium,Belgian First Division,football-data.co.uk
league_2b1357a87feed880,2020-08-08,BELGIUM_1,2020-21,LEAGUE,,Antwerp,Mouscron,1,1,D,Belgium,Belgian First Division,football-data.co.uk
league_ccc66b5f8b3a7f97,2020-08-08,BELGIUM_1,2020-21,LEAGUE,,Club Brugge KV,Charleroi,0,1,A,Belgium,Belgian First Division,football-data.co.uk
league_5deb386e310acfb1,2020-08-08,BELGIUM_1,2020-21,LEAGUE,,Standard Liège,Cercle Brugge,1,0,H,Belgium,Belgian First Division,football-data.co.uk
league_214d9be745e7ab16,2020-08-09,BELGIUM_1,2020-21,LEAGUE,,Kortrijk,Waasland-Beveren,1,3,A,Belgium,Belgian First Division,football-data.co.uk
league_08cdc1fccffb500b,2020-08-09,BELGIUM_1,2020-21,LEAGUE,,Mechelen,RSC Anderlecht,2,2,D,Belgium,Belgian First Division,football-data.co.uk
league_b61673809faf3f94,2020-08-09,BELGIUM_1,2020-21,LEAGUE,,St Truiden,KAA Gent,2,1,H,Belgium,Belgian First Division,football-data.co.uk
league_7aedcbc675276b82,2020-08-09,BELGIUM_1,2020-21,LEAGUE,,Waregem,KRC Genk,1,2,A,Belgium,Belgian First Division,football-data.co.uk
league_f07c31073866610b,2020-08-10,BELGIUM_1,2020-21,LEAGUE,,Oostende,Beerschot VA,1,2,A,Belgium,Belgian First Division,football-data.co.uk
league_7ce926ec85f3d067,2020-08-10,BELGIUM_1,2020-21,LEAGUE,,Oud-Heverlee Leuven,Eupen,1,1,D,Belgium,Belgian First Division,football-data.co.uk
league_4abdfabd5cdeada6,2020-08-14,BELGIUM_1,2020-21,LEAGUE,,Mouscron,Mechelen,0,1,A,Belgium,Belgian First Division,football-data.co.uk
league_90dcc49eced28e8d,2020-08-15,BELGIUM_1,2020-21,LEAGUE,,Charleroi,Oostende,1,0,H,Belgium,Belgian First Division,football-data.co.uk
league_dfd2148a6ae0c7dc,2020-08-15,BELGIUM_1,2020-21,LEAGUE,,KAA Gent,Kortrijk,1,2,A,Belgium,Belgian First Division,football-data.co.uk
league_86c2980599095f13,2020-08-15,BELGIUM_1,2020-21,LEAGUE,,KRC Genk,Oud-Heverlee Leuven,1,1,D,Belgium,Belgian First Division,football-data.co.uk
league_e2e0fabdb2b3052c,2020-08-16,BELGIUM_1,2020-21,LEAGUE,,Beerschot VA,Waregem,3,1,H,Belgium,Belgian First Division,football-data.co.uk
league_f0b20ecbf2f20a35,2020-08-16,BELGIUM_1,2020-21,LEAGUE,,Cercle Brugge,Antwerp,2,1,H,Belgium,Belgian First Division,football-data.co.uk
league_46ad3961251d850a,2020-08-16,BELGIUM_1,2020-21,LEAGUE,,Eupen,Club Brugge KV,0,4,A,Belgium,Belgian First Division,football-data.co.uk
league_06014fa6cbea070a,2020-08-16,BELGIUM_1,2020-21,LEAGUE,,RSC Anderlecht,St Truiden,3,1,H,Belgium,Belgian First Division,football-data.co.uk
league_83425f7686b1c3e1,2020-08-17,BELGIUM_1,2020-21,LEAGUE,,Waasland-Beveren,Standard Liège,1,2,A,Belgium,Belgian First Division,football-data.co.uk
league_ae9b2b30a67ab713,2020-08-21,BELGIUM_1,2020-21,LEAGUE,,Kortrijk,Eupen,0,0,D,Belgium,Belgian First Division,football-data.co.uk
league_21a8faf851752941,2020-08-22,BELGIUM_1,2020-21,LEAGUE,,Antwerp,KAA Gent,1,0,H,Belgium,Belgian First Division,football-data.co.uk
league_d47732b184050368,2020-08-22,BELGIUM_1,2020-21,LEAGUE,,Mechelen,Cercle Brugge,2,3,A,Belgium,Belgian First Division,football-data.co.uk
league_223b072983782240,2020-08-22,BELGIUM_1,2020-21,LEAGUE,,Oud-Heverlee Leuven,Charleroi,1,3,A,Belgium,Belgian First Division,football-data.co.uk
league_c3fd17745bc8d2f1,2020-08-22,BELGIUM_1,2020-21,LEAGUE,,Waregem,Waasland-Beveren,4,1,H,Belgium,Belgian First Division,football-data.co.uk
league_65f665c1eaba8600,2020-08-23,BELGIUM_1,2020-21,LEAGUE,,Club Brugge KV,Beerschot VA,0,1,A,Belgium,Belgian First Division,football-data.co.uk
league_4e909e50be19b959,2020-08-23,BELGIUM_1,2020-21,LEAGUE,,RSC Anderlecht,Mouscron,1,1,D,Belgium,Belgian First Division,football-data.co.uk
league_9a682ab733cb9ebd,2020-08-23,BELGIUM_1,2020-21,LEAGUE,,Standard Liège,KRC Genk,0,0,D,Belgium,Belgian First Division,football-data.co.uk
league_2458a71768db664a,2020-08-24,BELGIUM_1,2020-21,LEAGUE,,St Truiden,Oostende,0,0,D,Belgium,Belgian First Division,football-data.co.uk
league_8a1ef2dcce3172f6,2020-08-28,BELGIUM_1,2020-21,LEAGUE,,Oostende,RSC Anderlecht,2,2,D,Belgium,Belgian First Division,football-data.co.uk
league_9bb158f689a26208,2020-08-29,BELGIUM_1,2020-21,LEAGUE,,Cercle Brugge,Kortrijk,0,1,A,Belgium,Belgian First Division,football-data.co.uk
league_37fa526ca1652cd0,2020-08-29,BELGIUM_1,2020-21,LEAGUE,,Eupen,St Truiden,1,1,D,Belgium,Belgian First Division,football-data.co.uk
league_7ae129e251285df8,2020-08-29,BELGIUM_1,2020-21,LEAGUE,,Mouscron,Waregem,0,1,A,Belgium,Belgian First Division,football-data.co.uk
league_43332a5734517dd0,2020-08-29,BELGIUM_1,2020-21,LEAGUE,,Waasland-Beveren,Oud-Heverlee Leuven,1,3,A,Belgium,Belgian First Division,football-data.co.uk
league_4c096d6f2011c295,2020-08-30,BELGIUM_1,2020-21,LEAGUE,,Beerschot VA,Standard Liège,0,3,A,Belgium,Belgian First Division,football-data.co.uk
league_bbc209ce76d762db,2020-08-30,BELGIUM_1,2020-21,LEAGUE,,Charleroi,Antwerp,2,0,H,Belgium,Belgian First Division,football-data.co.uk
league_01cb0c9729d62f82,2020-08-30,BELGIUM_1,2020-21,LEAGUE,,KAA Gent,Mechelen,1,0,H,Belgium,Belgian First Division,football-data.co.uk
league_be508268933df53f,2020-08-30,BELGIUM_1,2020-21,LEAGUE,,KRC Genk,Club Brugge KV,1,2,A,Belgium,Belgian First Division,football-data.co.uk
league_1dde1854728339b1,2020-09-11,BELGIUM_1,2020-21,LEAGUE,,Eupen,KAA Gent,2,1,H,Belgium,Belgian First Division,football-data.co.uk
league_9b5c347dab080d75,2020-09-12,BELGIUM_1,2020-21,LEAGUE,,Club Brugge KV,Waasland-Beveren,4,1,H,Belgium,Belgian First Division,football-data.co.uk
league_417f9d7d35beb53c,2020-09-12,BELGIUM_1,2020-21,LEAGUE,,Mechelen,Oostende,0,1,A,Belgium,Belgian First Division,football-data.co.uk
league_b447c1e7cc0f017e,2020-09-12,BELGIUM_1,2020-21,LEAGUE,,Oud-Heverlee Leuven,Standard Liège,1,0,H,Belgium,Belgian First Division,football-data.co.uk
league_106663626baf270d,2020-09-13,BELGIUM_1,2020-21,LEAGUE,,Kortrijk,Mouscron,3,0,H,Belgium,Belgian First Division,football-data.co.uk
league_bd562956d8f3667f,2020-09-13,BELGIUM_1,2020-21,LEAGUE,,RSC Anderlecht,Cercle Brugge,2,0,H,Belgium,Belgian First Division,football-data.co.uk
league_2e8cbf56e936d373,2020-09-13,BELGIUM_1,2020-21,LEAGUE,,St Truiden,Antwerp,2,3,A,Belgium,Belgian First Division,football-data.co.uk
league_2c1ebd2a9d38cbe1,2020-09-13,BELGIUM_1,2020-21,LEAGUE,,Waregem,Charleroi,0,2,A,Belgium,Belgian First Division,football-data.co.uk
league_f9f4634e94a26e19,2020-09-14,BELGIUM_1,2020-21,LEAGUE,,Beerschot VA,KRC Genk,5,2,H,Belgium,Belgian First Division,football-data.co.uk
league_8e595c8da06c06f3,2020-09-18,BELGIUM_1,2020-21,LEAGUE,,Charleroi,Beerschot VA,3,1,H,Belgium,Belgian First Division,football-data.co.uk
league_ca2e46da721b748c,2020-09-19,BELGIUM_1,2020-21,LEAGUE,,Mouscron,KAA Gent,0,1,A,Belgium,Belgian First Division,football-data.co.uk
league_bc0f35b0c78e0d2e,2020-09-19,BELGIUM_1,2020-21,LEAGUE,,Oostende,Oud-Heverlee Leuven,3,1,H,Belgium,Belgian First Division,football-data.co.uk
league_ead8de6c212f8bc0,2020-09-19,BELGIUM_1,2020-21,LEAGUE,,Waasland-Beveren,RSC Anderlecht,2,4,A,Belgium,Belgian First Division,football-data.co.uk
league_095ef0c404f92c30,2020-09-20,BELGIUM_1,2020-21,LEAGUE,,Antwerp,Eupen,2,2,D,Belgium,Belgian First Division,football-data.co.uk
league_88dbff41c9a436e7,2020-09-20,BELGIUM_1,2020-21,LEAGUE,,KRC Genk,Mechelen,3,1,H,Belgium,Belgian First Division,football-data.co.uk
league_d856117128261498,2020-09-20,BELGIUM_1,2020-21,LEAGUE,,Standard Liège,Kortrijk,2,1,H,Belgium,Belgian First Division,football-data.co.uk
league_3bff410f33f20ac5,2020-09-20,BELGIUM_1,2020-21,LEAGUE,,Waregem,Club Brugge KV,0,6,A,Belgium,Belgian First Division,football-data.co.uk
league_e9143eeeb7edcc21,2020-09-21,BELGIUM_1,2020-21,LEAGUE,,Cercle Brugge,St Truiden,3,0,H,Belgium,Belgian First Division,football-data.co.uk
league_a23cc66a32628e8d,2020-09-25,BELGIUM_1,2020-21,LEAGUE,,Kortrijk,Antwerp,1,3,A,Belgium,Belgian First Division,football-data.co.uk
league_225e6e4451afd772,2020-09-26,BELGIUM_1,2020-21,LEAGUE,,Beerschot VA,Waasland-Beveren,3,2,H,Belgium,Belgian First Division,football-data.co.uk
league_172885a0a9031acb,2020-09-26,BELGIUM_1,2020-21,LEAGUE,,KAA Gent,Oud-Heverlee Leuven,2,3,A,Belgium,Belgian First Division,football-data.co.uk
league_44c44a423c41dfb1,2020-09-26,BELGIUM_1,2020-21,LEAGUE,,Mechelen,St Truiden,2,0,H,Belgium,Belgian First Division,football-data.co.uk
league_4cf2f9dc52c3c255,2020-09-27,BELGIUM_1,2020-21,LEAGUE,,Club Brugge KV,Cercle Brugge,2,1,H,Belgium,Belgian First Division,football-data.co.uk
league_4eebfb0afc5520d0,2020-09-27,BELGIUM_1,2020-21,LEAGUE,,Mouscron,Charleroi,1,1,D,Belgium,Belgian First Division,football-data.co.uk
league_a0e1a97c031dc7f8,2020-09-27,BELGIUM_1,2020-21,LEAGUE,,RSC Anderlecht,Eupen,1,1,D,Belgium,Belgian First Division,football-data.co.uk
league_6066a31b506b99b9,2020-09-27,BELGIUM_1,2020-21,LEAGUE,,Standard Liège,Waregem,2,2,D,Belgium,Belgian First Division,football-data.co.uk
league_42ac287da6356863,2020-09-28,BELGIUM_1,2020-21,LEAGUE,,KRC Genk,Oostende,2,2,D,Belgium,Belgian First Division,football-data.co.uk
league_bbd75cf4c19e086d,2020-10-02,BELGIUM_1,2020-21,LEAGUE,,Antwerp,Mechelen,4,1,H,Belgium,Belgian First Division,football-data.co.uk
league_9f30ec466356fb97,2020-10-03,BELGIUM_1,2020-21,LEAGUE,,Eupen,Cercle Brugge,1,2,A,Belgium,Belgian First Division,football-data.co.uk
league_2ca4eca900b4640b,2020-10-03,BELGIUM_1,2020-21,LEAGUE,,Oud-Heverlee Leuven,Waregem,2,1,H,Belgium,Belgian First Division,football-data.co.uk
league_df5b23c5094b985b,2020-10-03,BELGIUM_1,2020-21,LEAGUE,,St Truiden,Kortrijk,0,0,D,Belgium,Belgian First Division,football-data.co.uk
league_f349881e4487c27d,2020-10-03,BELGIUM_1,2020-21,LEAGUE,,Waasland-Beveren,KRC Genk,1,1,D,Belgium,Belgian First Division,football-data.co.uk
league_97e8ad999a1122a7,2020-10-04,BELGIUM_1,2020-21,LEAGUE,,Charleroi,Standard Liège,1,2,A,Belgium,Belgian First Division,football-data.co.uk
league_e452fd938dfa6298,2020-10-04,BELGIUM_1,2020-21,LEAGUE,,Club Brugge KV,RSC Anderlecht,3,0,H,Belgium,Belgian First Division,football-data.co.uk
league_08d62388c3adb4d9,2020-10-04,BELGIUM_1,2020-21,LEAGUE,,KAA Gent,Beerschot VA,5,1,H,Belgium,Belgian First Division,football-data.co.uk
league_73102dc0614ac728,2020-10-04,BELGIUM_1,2020-21,LEAGUE,,Oostende,Mouscron,3,0,H,Belgium,Belgian First Division,football-data.co.uk
league_92bbe45b665d8e50,2020-10-17,BELGIUM_1,2020-21,LEAGUE,,Beerschot VA,St Truiden,6,3,H,Belgium,Belgian First Division,football-data.co.uk
league_797932e298646ecf,2020-10-17,BELGIUM_1,2020-21,LEAGUE,,Cercle Brugge,KAA Gent,5,2,H,Belgium,Belgian First Division,football-data.co.uk
league_6a00f1094d1a9695,2020-10-17,BELGIUM_1,2020-21,LEAGUE,,Mechelen,Kortrijk,1,2,A,Belgium,Belgian First Division,football-data.co.uk
league_d47ff05a3f2f9698,2020-10-17,BELGIUM_1,2020-21,LEAGUE,,Standard Liège,Club Brugge KV,1,1,D,Belgium,Belgian First Division,football-data.co.uk
league_b0dab57a3e1629a2,2020-10-18,BELGIUM_1,2020-21,LEAGUE,,KRC Genk,Charleroi,2,1,H,Belgium,Belgian First Division,football-data.co.uk
league_95f26bddfa55094a,2020-10-18,BELGIUM_1,2020-21,LEAGUE,,Mouscron,Eupen,0,2,A,Belgium,Belgian First Division,football-data.co.uk
league_88130e6aa8727bdd,2020-10-18,BELGIUM_1,2020-21,LEAGUE,,RSC Anderlecht,Oud-Heverlee Leuven,2,2,D,Belgium,Belgian First Division,football-data.co.uk
league_a3b65f599022a2b4,2020-10-18,BELGIUM_1,2020-21,LEAGUE,,Waregem,Antwerp,1,3,A,Belgium,Belgian First Division,football-data.co.uk
league_a00684bea0e0b11d,2020-10-23,BELGIUM_1,2020-21,LEAGUE,,Kortrijk,RSC Anderlecht,1,3,A,Belgium,Belgian First Division,football-data.co.uk
league_1821c26f20b1b905,2020-10-24,BELGIUM_1,2020-21,LEAGUE,,Oud-Heverlee Leuven,Club Brugge KV,2,1,H,Belgium,Belgian First Division,football-data.co.uk
league_0956b0b819029a6b,2020-10-25,BELGIUM_1,2020-21,LEAGUE,,Antwerp,Beerschot VA,3,2,H,Belgium,Belgian First Division,football-data.co.uk
league_c144f94853520221,2020-10-25,BELGIUM_1,2020-21,LEAGUE,,Oostende,Waregem,3,0,H,Belgium,Belgian First Division,football-data.co.uk
league_159dd9800a4da589,2020-10-25,BELGIUM_1,2020-21,LEAGUE,,St Truiden,Standard Liège,2,0,H,Belgium,Belgian First Division,football-data.co.uk
league_bd3b41c34d196b39,2020-10-26,BELGIUM_1,2020-21,LEAGUE,,KAA Gent,KRC Genk,1,2,A,Belgium,Belgian First Division,football-data.co.uk
league_da320166ff85eedf,2020-10-30,BELGIUM_1,2020-21,LEAGUE,,KRC Genk,Eupen,4,0,H,Belgium,Belgian First Division,football-data.co.uk
league_1dbce19e74e5b926,2020-10-31,BELGIUM_1,2020-21,LEAGUE,,Beerschot VA,Oud-Heverlee Leuven,4,2,H,Belgium,Belgian First Division,football-data.co.uk
league_c8736b5acb7fd7d1,2020-10-31,BELGIUM_1,2020-21,LEAGUE,,Charleroi,Cercle Brugge,3,0,H,Belgium,Belgian First Division,football-data.co.uk
league_7680887de463df89,2020-10-31,BELGIUM_1,2020-21,LEAGUE,,Club Brugge KV,Mechelen,2,2,D,Belgium,Belgian First Division,football-data.co.uk
league_4c54f6f295057cbc,2020-11-01,BELGIUM_1,2020-21,LEAGUE,,RSC Anderlecht,Antwerp,1,0,H,Belgium,Belgian First Division,football-data.co.uk
league_674b97003efaffc6,2020-11-01,BELGIUM_1,2020-21,LEAGUE,,Standard Liège,Oostende,1,0,H,Belgium,Belgian First Division,football-data.co.uk
league_a95df85db3f10dd9,2020-11-01,BELGIUM_1,2020-21,LEAGUE,,Waasland-Beveren,KAA Gent,1,4,A,Belgium,Belgian First Division,football-data.co.uk
league_bd33246838e7a330,2020-11-02,BELGIUM_1,2020-21,LEAGUE,,Waregem,Kortrijk,1,1,D,Belgium,Belgian First Division,football-data.co.uk
league_3eccb186035cd426,2020-11-06,BELGIUM_1,2020-21,LEAGUE,,Mechelen,Charleroi,3,3,D,Belgium,Belgian First Division,football-data.co.uk
league_f8b37f9f89b6bee4,2020-11-07,BELGIUM_1,2020-21,LEAGUE,,Eupen,Waasland-Beveren,1,1,D,Belgium,Belgian First Division,football-data.co.uk
league_155fe38ff8eab1e4,2020-11-07,BELGIUM_1,2020-21,LEAGUE,,Kortrijk,Beerschot VA,5,5,D,Belgium,Belgian First Division,football-data.co.uk
league_b91162ba5eee0e80,2020-11-07,BELGIUM_1,2020-21,LEAGUE,,St Truiden,KRC Genk,1,2,A,Belgium,Belgian First Division,football-data.co.uk
league_324943f6010f2428,2020-11-08,BELGIUM_1,2020-21,LEAGUE,,Antwerp,Standard Liège,1,1,D,Belgium,Belgian First Division,football-data.co.uk
league_bbee783676439f82,2020-11-08,BELGIUM_1,2020-21,LEAGUE,,Cercle Brugge,Waregem,1,3,A,Belgium,Belgian First Division,football-data.co.uk
league_5acb8eb1e0531516,2020-11-08,BELGIUM_1,2020-21,LEAGUE,,KAA Gent,RSC Anderlecht,1,1,D,Belgium,Belgian First Division,football-data.co.uk
league_bdce5f09f93b25c0,2020-11-08,BELGIUM_1,2020-21,LEAGUE,,Oostende,Club Brugge KV,1,3,A,Belgium,Belgian First Division,football-data.co.uk
league_7f992664128b67cc,2020-11-21,BELGIUM_1,2020-21,LEAGUE,,Club Brugge KV,Kortrijk,1,0,H,Belgium,Belgian First Division,football-data.co.uk
league_d4a6c4dd6e1d69b2,2020-11-21,BELGIUM_1,2020-21,LEAGUE,,Oostende,Antwerp,1,1,D,Belgium,Belgian First Division,football-data.co.uk
league_02a76a5c2f898acf,2020-11-21,BELGIUM_1,2020-21,LEAGUE,,Standard Liège,Eupen,2,2,D,Belgium,Belgian First Division,football-data.co.uk
league_da287a04b0b80ba7,2020-11-21,BELGIUM_1,2020-21,LEAGUE,,Waasland-Beveren,Cercle Brugge,0,2,A,Belgium,Belgian First Division,football-data.co.uk
league_4223b6379b250311,2020-11-22,BELGIUM_1,2020-21,LEAGUE,,Beerschot VA,RSC Anderlecht,2,1,H,Belgium,Belgian First Division,football-data.co.uk
league_a3c47b4f95e7b777,2020-11-22,BELGIUM_1,2020-21,LEAGUE,,Charleroi,KAA Gent,0,1,A,Belgium,Belgian First Division,football-data.co.uk
league_a066d190ee446695,2020-11-22,BELGIUM_1,2020-21,LEAGUE,,KRC Genk,Mouscron,4,1,H,Belgium,Belgian First Division,football-data.co.uk
league_503391d8e0b586ee,2020-11-22,BELGIUM_1,2020-21,LEAGUE,,Waregem,Mechelen,1,2,A,Belgium,Belgian First Division,football-data.co.uk
league_bcd5a8322a7198c0,2020-11-23,BELGIUM_1,2020-21,LEAGUE,,Oud-Heverlee Leuven,St Truiden,2,2,D,Belgium,Belgian First Division,football-data.co.uk
league_3b6c975d0f5d7d14,2020-11-24,BELGIUM_1,2020-21,LEAGUE,,Waasland-Beveren,Oostende,2,0,H,Belgium,Belgian First Division,football-data.co.uk
league_0b65bab7d39570c9,2020-11-25,BELGIUM_1,2020-21,LEAGUE,,Cercle Brugge,Mouscron,1,2,A,Belgium,Belgian First Division,football-data.co.uk
league_8e89af579cf194c2,2020-11-27,BELGIUM_1,2020-21,LEAGUE,,Eupen,Charleroi,3,1,H,Belgium,Belgian First Division,football-data.co.uk
league_ea89a6a3e4e8b9da,2020-11-28,BELGIUM_1,2020-21,LEAGUE,,Cercle Brugge,KRC Genk,1,5,A,Belgium,Belgian First Division,football-data.co.uk
league_ab897b60463240a5,2020-11-28,BELGIUM_1,2020-21,LEAGUE,,Mouscron,Club Brugge KV,0,0,D,Belgium,Belgian First Division,football-data.co.uk
league_4e84938c6d14ed57,2020-11-28,BELGIUM_1,2020-21,LEAGUE,,St Truiden,Waasland-Beveren,1,1,D,Belgium,Belgian First Division,football-data.co.uk
league_3faad9f6586445a9,2020-11-29,BELGIUM_1,2020-21,LEAGUE,,KAA Gent,Waregem,0,3,A,Belgium,Belgian First Division,football-data.co.uk
league_9b4b221a197bc3d6,2020-11-29,BELGIUM_1,2020-21,LEAGUE,,Kortrijk,Oostende,3,1,H,Belgium,Belgian First Division,football-data.co.uk
league_2feffe2c5b598406,2020-11-29,BELGIUM_1,2020-21,LEAGUE,,Mechelen,Beerschot VA,2,3,A,Belgium,Belgian First Division,football-data.co.uk
league_2ee12c1c1ebeaa9f,2020-11-29,BELGIUM_1,2020-21,LEAGUE,,RSC Anderlecht,Standard Liège,0,0,D,Belgium,Belgian First Division,football-data.co.uk
league_0266c6d01d9358af,2020-11-30,BELGIUM_1,2020-21,LEAGUE,,Antwerp,Oud-Heverlee Leuven,3,2,H,Belgium,Belgian First Division,football-data.co.uk
league_724b902b26798eee,2020-12-01,BELGIUM_1,2020-21,LEAGUE,,Mouscron,St Truiden,3,2,H,Belgium,Belgian First Division,football-data.co.uk
league_875949fc17ce6b32,2020-12-02,BELGIUM_1,2020-21,LEAGUE,,Charleroi,Waasland-Beveren,0,2,A,Belgium,Belgian First Division,football-data.co.uk
league_3d8ebb314321f59a,2020-12-03,BELGIUM_1,2020-21,LEAGUE,,Eupen,Mechelen,1,1,D,Belgium,Belgian First Division,football-data.co.uk
league_ecaa86aba89296b3,2020-12-04,BELGIUM_1,2020-21,LEAGUE,,Waregem,RSC Anderlecht,2,2,D,Belgium,Belgian First Division,football-data.co.uk
league_d28bfaa6679c845b,2020-12-05,BELGIUM_1,2020-21,LEAGUE,,Club Brugge KV,St Truiden,1,0,H,Belgium,Belgian First Division,football-data.co.uk
league_4b29ea7744a314ac,2020-12-05,BELGIUM_1,2020-21,LEAGUE,,Oud-Heverlee Leuven,Cercle Brugge,2,1,H,Belgium,Belgian First Division,football-data.co.uk
league_ad34f0f15d13d132,2020-12-05,BELGIUM_1,2020-21,LEAGUE,,Waasland-Beveren,Mouscron,2,0,H,Belgium,Belgian First Division,football-data.co.uk
league_6b34bb3d8b63286f,2020-12-06,BELGIUM_1,2020-21,LEAGUE,,Beerschot VA,Eupen,0,1,A,Belgium,Belgian First Division,football-data.co.uk
league_2cb4c84d463c849f,2020-12-06,BELGIUM_1,2020-21,LEAGUE,,KRC Genk,Antwerp,4,2,H,Belgium,Belgian First Division,football-data.co.uk
league_fe2158d9779628b7,2020-12-06,BELGIUM_1,2020-21,LEAGUE,,Oostende,KAA Gent,2,1,H,Belgium,Belgian First Division,football-data.co.uk
league_8cab3e84181a006f,2020-12-06,BELGIUM_1,2020-21,LEAGUE,,Standard Liège,Mechelen,2,2,D,Belgium,Belgian First Division,football-data.co.uk
league_3c55038fcec9ef09,2020-12-07,BELGIUM_1,2020-21,LEAGUE,,Charleroi,Kortrijk,0,0,D,Belgium,Belgian First Division,football-data.co.uk
league_0883717da7a2a94c,2020-12-08,BELGIUM_1,2020-21,LEAGUE,,Oud-Heverlee Leuven,Mouscron,2,0,H,Belgium,Belgian First Division,football-data.co.uk
league_2e1940da3d02c8c4,2020-12-11,BELGIUM_1,2020-21,LEAGUE,,RSC Anderlecht,KRC Genk,1,0,H,Belgium,Belgian First Division,football-data.co.uk
league_efcda07ba0edf5f4,2020-12-12,BELGIUM_1,2020-21,LEAGUE,,Cercle Brugge,Oostende,0,1,A,Belgium,Belgian First Division,football-data.co.uk
league_863e26bf167dbb48,2020-12-12,BELGIUM_1,2020-21,LEAGUE,,Kortrijk,Oud-Heverlee Leuven,0,3,A,Belgium,Belgian First Division,football-data.co.uk
league_af12541b747f9434,2020-12-12,BELGIUM_1,2020-21,LEAGUE,,Mouscron,Beerschot VA,3,1,H,Belgium,Belgian First Division,football-data.co.uk
league_6d63960fa1c6881b,2020-12-12,BELGIUM_1,2020-21,LEAGUE,,St Truiden,Charleroi,1,2,A,Belgium,Belgian First Division,football-data.co.uk
league_bf15599c7513c2bd,2020-12-13,BELGIUM_1,2020-21,LEAGUE,,Antwerp,Club Brugge KV,0,2,A,Belgium,Belgian First Division,football-data.co.uk
league_16f0cd8397165441,2020-12-13,BELGIUM_1,2020-21,LEAGUE,,KAA Gent,Standard Liège,2,1,H,Belgium,Belgian First Division,football-data.co.uk
league_a034e6afa27969c6,2020-12-13,BELGIUM_1,2020-21,LEAGUE,,Mechelen,Waasland-Beveren,2,3,A,Belgium,Belgian First Division,football-data.co.uk
league_008f940880c9a3a7,2020-12-15,BELGIUM_1,2020-21,LEAGUE,,Cercle Brugge,Charleroi,3,4,A,Belgium,Belgian First Division,football-data.co.uk
league_c4ac4f8235a19f1f,2020-12-15,BELGIUM_1,2020-21,LEAGUE,,Mouscron,Oud-Heverlee Leuven,2,2,D,Belgium,Belgian First Division,football-data.co.uk
league_c18af7c907d75ee9,2020-12-15,BELGIUM_1,2020-21,LEAGUE,,RSC Anderlecht,Oostende,2,1,H,Belgium,Belgian First Division,football-data.co.uk
league_86c1029d3f808332,2020-12-16,BELGIUM_1,2020-21,LEAGUE,,Antwerp,Waregem,0,1,A,Belgium,Belgian First Division,football-data.co.uk
league_36296b6505efe866,2020-12-16,BELGIUM_1,2020-21,LEAGUE,,KAA Gent,Waasland-Beveren,3,0,H,Belgium,Belgian First Division,football-data.co.uk
league_4ae0f46acfd169c0,2020-12-16,BELGIUM_1,2020-21,LEAGUE,,Kortrijk,Standard Liège,2,1,H,Belgium,Belgian First Division,football-data.co.uk
league_96c1b36d4d845d45,2020-12-17,BELGIUM_1,2020-21,LEAGUE,,Mechelen,Club Brugge KV,0,3,A,Belgium,Belgian First Division,football-data.co.uk
league_f7f95aaeb50566d5,2020-12-18,BELGIUM_1,2020-21,LEAGUE,,Charleroi,RSC Anderlecht,1,0,H,Belgium,Belgian First Division,football-data.co.uk
league_3791f8f68aeb4c44,2020-12-19,BELGIUM_1,2020-21,LEAGUE,,KRC Genk,Kortrijk,2,0,H,Belgium,Belgian First Division,football-data.co.uk
league_bd5f986059d4f5b2,2020-12-19,BELGIUM_1,2020-21,LEAGUE,,Waregem,St Truiden,0,2,A,Belgium,Belgian First Division,football-data.co.uk
league_b995a1f269c19925,2020-12-20,BELGIUM_1,2020-21,LEAGUE,,Club Brugge KV,KAA Gent,0,1,A,Belgium,Belgian First Division,football-data.co.uk
league_e2eff1cf1187d15c,2020-12-20,BELGIUM_1,2020-21,LEAGUE,,Oud-Heverlee Leuven,Mechelen,1,2,A,Belgium,Belgian First Division,football-data.co.uk
league_a79a8ecb653bcb48,2020-12-20,BELGIUM_1,2020-21,LEAGUE,,Standard Liège,Mouscron,0,1,A,Belgium,Belgian First Division,football-data.co.uk
league_b99c51e11a75680d,2020-12-20,BELGIUM_1,2020-21,LEAGUE,,Waasland-Beveren,Antwerp,0,3,A,Belgium,Belgian First Division,football-data.co.uk
league_2f30d4909ed159f8,2020-12-26,BELGIUM_1,2020-21,LEAGUE,,Club Brugge KV,Eupen,3,0,H,Belgium,Belgian First Division,football-data.co.uk
league_341caa771da9ac3f,2020-12-26,BELGIUM_1,2020-21,LEAGUE,,Kortrijk,KAA Gent,1,0,H,Belgium,Belgian First Division,football-data.co.uk
league_4cc761aeab0610c8,2020-12-26,BELGIUM_1,2020-21,LEAGUE,,Oud-Heverlee Leuven,Oostende,1,2,A,Belgium,Belgian First Division,football-data.co.uk
league_3a6c391e932a7261,2020-12-26,BELGIUM_1,2020-21,LEAGUE,,Standard Liège,St Truiden,1,2,A,Belgium,Belgian First Division,football-data.co.uk
league_8f711fd5f0923458,2020-12-26,BELGIUM_1,2020-21,LEAGUE,,Waregem,Cercle Brugge,1,0,H,Belgium,Belgian First Division,football-data.co.uk
league_ed95ae802e3b30b9,2020-12-27,BELGIUM_1,2020-21,LEAGUE,,Antwerp,Charleroi,2,1,H,Belgium,Belgian First Division,football-data.co.uk
league_620a7bed7c5617b5,2020-12-27,BELGIUM_1,2020-21,LEAGUE,,KRC Genk,Waasland-Beveren,1,1,D,Belgium,Belgian First Division,football-data.co.uk
league_f85f4a485233313a,2020-12-27,BELGIUM_1,2020-21,LEAGUE,,Mechelen,Mouscron,2,1,H,Belgium,Belgian First Division,football-data.co.uk
league_fd5ae471298ea464,2020-12-27,BELGIUM_1,2020-21,LEAGUE,,RSC Anderlecht,Beerschot VA,2,0,H,Belgium,Belgian First Division,football-data.co.uk
league_776abbac08ab8f7d,2020-12-29,BELGIUM_1,2020-21,LEAGUE,,Eupen,Waregem,2,3,A,Belgium,Belgian First Division,football-data.co.uk
league_5756e1036efc168f,2020-12-30,BELGIUM_1,2020-21,LEAGUE,,St Truiden,Beerschot VA,1,0,H,Belgium,Belgian First Division,football-data.co.uk
league_776dfcc52b96852c,2021-01-06,BELGIUM_1,2020-21,LEAGUE,,Eupen,KRC Genk,1,4,A,Belgium,Belgian First Division,football-data.co.uk
league_1a9d36c33cde7f0b,2021-01-09,BELGIUM_1,2020-21,LEAGUE,,Cercle Brugge,Eupen,1,2,A,Belgium,Belgian First Division,football-data.co.uk
league_8c69b2788fba9d00,2021-01-09,BELGIUM_1,2020-21,LEAGUE,,Kortrijk,KRC Genk,2,1,H,Belgium,Belgian First Division,football-data.co.uk
league_681a355dc6cef022,2021-01-09,BELGIUM_1,2020-21,LEAGUE,,Oostende,Charleroi,3,2,H,Belgium,Belgian First Division,football-data.co.uk
league_bbd6f3987edf4b56,2021-01-09,BELGIUM_1,2020-21,LEAGUE,,Waregem,Mouscron,1,0,H,Belgium,Belgian First Division,football-data.co.uk
league_3121bf65febb93c7,2021-01-10,BELGIUM_1,2020-21,LEAGUE,,Beerschot VA,KAA Gent,1,1,D,Belgium,Belgian First Division,football-data.co.uk
league_fe0d194a742e8d21,2021-01-10,BELGIUM_1,2020-21,LEAGUE,,Mechelen,Antwerp,3,0,H,Belgium,Belgian First Division,football-data.co.uk
league_480a0d08cefcf19d,2021-01-10,BELGIUM_1,2020-21,LEAGUE,,Oud-Heverlee Leuven,RSC Anderlecht,1,0,H,Belgium,Belgian First Division,football-data.co.uk
league_9452d67e59e07dcf,2021-01-10,BELGIUM_1,2020-21,LEAGUE,,St Truiden,Club Brugge KV,1,2,A,Belgium,Belgian First Division,football-data.co.uk
league_c14131fb1a69ca8c,2021-01-11,BELGIUM_1,2020-21,LEAGUE,,Standard Liège,Waasland-Beveren,3,1,H,Belgium,Belgian First Division,football-data.co.uk
league_b16d4192d914d997,2021-01-12,BELGIUM_1,2020-21,LEAGUE,,Oostende,Eupen,1,1,D,Belgium,Belgian First Division,football-data.co.uk
league_45ccbb2a3a472c7e,2021-01-13,BELGIUM_1,2020-21,LEAGUE,,Beerschot VA,Cercle Brugge,1,1,D,Belgium,Belgian First Division,football-data.co.uk
league_5652b1f12acd92af,2021-01-15,BELGIUM_1,2020-21,LEAGUE,,Eupen,RSC Anderlecht,2,0,H,Belgium,Belgian First Division,football-data.co.uk
league_914663ba07b50ba6,2021-01-16,BELGIUM_1,2020-21,LEAGUE,,Charleroi,Mechelen,0,1,A,Belgium,Belgian First Division,football-data.co.uk
league_fa96f507d58602b0,2021-01-16,BELGIUM_1,2020-21,LEAGUE,,Mouscron,KRC Genk,2,0,H,Belgium,Belgian First Division,football-data.co.uk
league_c65782b9357b632c,2021-01-16,BELGIUM_1,2020-21,LEAGUE,,Oostende,Kortrijk,2,1,H,Belgium,Belgian First Division,football-data.co.uk
league_8f9c7ece5360a30a,2021-01-16,BELGIUM_1,2020-21,LEAGUE,,Waasland-Beveren,Waregem,1,5,A,Belgium,Belgian First Division,football-data.co.uk
league_f3d8dc33e48d963d,2021-01-17,BELGIUM_1,2020-21,LEAGUE,,Beerschot VA,Club Brugge KV,0,3,A,Belgium,Belgian First Division,football-data.co.uk
league_5d9dbe40887c0139,2021-01-17,BELGIUM_1,2020-21,LEAGUE,,Cercle Brugge,Standard Liège,0,1,A,Belgium,Belgian First Division,football-data.co.uk
league_62bcada6cc3a9fb3,2021-01-17,BELGIUM_1,2020-21,LEAGUE,,KAA Gent,Antwerp,0,1,A,Belgium,Belgian First Division,football-data.co.uk
league_ccec0443ed69bcee,2021-01-17,BELGIUM_1,2020-21,LEAGUE,,St Truiden,Oud-Heverlee Leuven,3,1,H,Belgium,Belgian First Division,football-data.co.uk
league_a3374d49ae246b0d,2021-01-19,BELGIUM_1,2020-21,LEAGUE,,Mouscron,Waasland-Beveren,1,1,D,Belgium,Belgian First Division,football-data.co.uk
league_d8927b53bf0d8a5a,2021-01-19,BELGIUM_1,2020-21,LEAGUE,,RSC Anderlecht,Charleroi,3,0,H,Belgium,Belgian First Division,football-data.co.uk
league_24e3b93bca5717db,2021-01-20,BELGIUM_1,2020-21,LEAGUE,,Antwerp,Cercle Brugge,1,0,H,Belgium,Belgian First Division,football-data.co.uk
league_3682d8c07bdfa950,2021-01-20,BELGIUM_1,2020-21,LEAGUE,,Club Brugge KV,Oostende,2,1,H,Belgium,Belgian First Division,football-data.co.uk
league_299734e7d384f2ba,2021-01-20,BELGIUM_1,2020-21,LEAGUE,,Eupen,Beerschot VA,3,1,H,Belgium,Belgian First Division,football-data.co.uk
league_c9d3a3ee97e88b57,2021-01-20,BELGIUM_1,2020-21,LEAGUE,,Kortrijk,St Truiden,0,2,A,Belgium,Belgian First Division,football-data.co.uk
league_563a3c6f069659bb,2021-01-20,BELGIUM_1,2020-21,LEAGUE,,Mechelen,Standard Liège,0,4,A,Belgium,Belgian First Division,football-data.co.uk
league_890f2ac62c3a8b54,2021-01-21,BELGIUM_1,2020-21,LEAGUE,,KRC Genk,KAA Gent,1,1,D,Belgium,Belgian First Division,football-data.co.uk
league_1c580225da371470,2021-01-21,BELGIUM_1,2020-21,LEAGUE,,Waregem,Oud-Heverlee Leuven,2,3,A,Belgium,Belgian First Division,football-data.co.uk
league_0bddef02df1c570e,2021-01-22,BELGIUM_1,2020-21,LEAGUE,,RSC Anderlecht,Waasland-Beveren,0,0,D,Belgium,Belgian First Division,football-data.co.uk
league_2e1f8dd8e2ed66c8,2021-01-23,BELGIUM_1,2020-21,LEAGUE,,Antwerp,Oostende,1,2,A,Belgium,Belgian First Division,football-data.co.uk
league_47dd4b250e0a7f02,2021-01-23,BELGIUM_1,2020-21,LEAGUE,,Kortrijk,Cercle Brugge,1,2,A,Belgium,Belgian First Division,football-data.co.uk
league_a348e21d0a3cf976,2021-01-23,BELGIUM_1,2020-21,LEAGUE,,Mechelen,Eupen,3,0,H,Belgium,Belgian First Division,football-data.co.uk
league_61c4ea7a9263c5f6,2021-01-23,BELGIUM_1,2020-21,LEAGUE,,St Truiden,Mouscron,0,2,A,Belgium,Belgian First Division,football-data.co.uk
league_2f555a7ca26d24d1,2021-01-24,BELGIUM_1,2020-21,LEAGUE,,Club Brugge KV,KRC Genk,3,2,H,Belgium,Belgian First Division,football-data.co.uk
league_97c7f9a4be584c80,2021-01-24,BELGIUM_1,2020-21,LEAGUE,,Oud-Heverlee Leuven,KAA Gent,0,3,A,Belgium,Belgian First Division,football-data.co.uk
league_a5b6b2446fe27b8e,2021-01-24,BELGIUM_1,2020-21,LEAGUE,,Standard Liège,Charleroi,3,2,H,Belgium,Belgian First Division,football-data.co.uk
league_3777e732526f255c,2021-01-24,BELGIUM_1,2020-21,LEAGUE,,Waregem,Beerschot VA,0,3,A,Belgium,Belgian First Division,football-data.co.uk
league_ae19f79fe4440b63,2021-01-26,BELGIUM_1,2020-21,LEAGUE,,Eupen,Antwerp,0,2,A,Belgium,Belgian First Division,football-data.co.uk
league_cbaf18450b9427d8,2021-01-26,BELGIUM_1,2020-21,LEAGUE,,Mouscron,RSC Anderlecht,1,1,D,Belgium,Belgian First Division,football-data.co.uk
league_6c5450b994579d7e,2021-01-26,BELGIUM_1,2020-21,LEAGUE,,Waasland-Beveren,Mechelen,2,3,A,Belgium,Belgian First Division,football-data.co.uk
league_e8737ab46a2ace03,2021-01-27,BELGIUM_1,2020-21,LEAGUE,,Beerschot VA,Kortrijk,0,0,D,Belgium,Belgian First Division,football-data.co.uk
league_472121ad3f72659e,2021-01-27,BELGIUM_1,2020-21,LEAGUE,,Charleroi,Oud-Heverlee Leuven,1,1,D,Belgium,Belgian First Division,football-data.co.uk
league_86d2018a18757576,2021-01-27,BELGIUM_1,2020-21,LEAGUE,,KAA Gent,St Truiden,1,1,D,Belgium,Belgian First Division,football-data.co.uk
league_c628ddc82ceb5288,2021-01-27,BELGIUM_1,2020-21,LEAGUE,,KRC Genk,Waregem,3,2,H,Belgium,Belgian First Division,football-data.co.uk
league_ed4b9fcd05386ee9,2021-01-28,BELGIUM_1,2020-21,LEAGUE,,Cercle Brugge,Club Brugge KV,1,2,A,Belgium,Belgian First Division,football-data.co.uk
league_0dbdf35ede806bb6,2021-01-28,BELGIUM_1,2020-21,LEAGUE,,Oostende,Standard Liège,2,2,D,Belgium,Belgian First Division,football-data.co.uk
league_f5eea678f7d8bd15,2021-01-29,BELGIUM_1,2020-21,LEAGUE,,Antwerp,Waasland-Beveren,3,2,H,Belgium,Belgian First Division,football-data.co.uk
league_00117bdf673f8688,2021-01-30,BELGIUM_1,2020-21,LEAGUE,,Eupen,Mouscron,1,1,D,Belgium,Belgian First Division,football-data.co.uk
league_0b0f5b51813c636f,2021-01-30,BELGIUM_1,2020-21,LEAGUE,,Kortrijk,Charleroi,1,3,A,Belgium,Belgian First Division,football-data.co.uk
league_447dff54031b89a4,2021-01-30,BELGIUM_1,2020-21,LEAGUE,,Mechelen,KRC Genk,0,0,D,Belgium,Belgian First Division,football-data.co.uk
league_16201eb89190119e,2021-01-30,BELGIUM_1,2020-21,LEAGUE,,Oud-Heverlee Leuven,Beerschot VA,0,1,A,Belgium,Belgian First Division,football-data.co.uk
league_0702444433521b2a,2021-01-31,BELGIUM_1,2020-21,LEAGUE,,Club Brugge KV,Standard Liège,3,1,H,Belgium,Belgian First Division,football-data.co.uk
league_c1ddb1275ed07ba1,2021-01-31,BELGIUM_1,2020-21,LEAGUE,,RSC Anderlecht,KAA Gent,0,0,D,Belgium,Belgian First Division,football-data.co.uk
league_53d926a32a6c2e03,2021-01-31,BELGIUM_1,2020-21,LEAGUE,,St Truiden,Cercle Brugge,3,0,H,Belgium,Belgian First Division,football-data.co.uk
league_96310ba5a1a4c71d,2021-01-31,BELGIUM_1,2020-21,LEAGUE,,Waregem,Oostende,2,1,H,Belgium,Belgian First Division,football-data.co.uk
league_cff887043db4b070,2021-02-05,BELGIUM_1,2020-21,LEAGUE,,Mouscron,Kortrijk,0,3,A,Belgium,Belgian First Division,football-data.co.uk
league_d73cfd6cc44a0a8d,2021-02-06,BELGIUM_1,2020-21,LEAGUE,,Cercle Brugge,Mechelen,0,1,A,Belgium,Belgian First Division,football-data.co.uk
league_f7ef5a1f3cf7a838,2021-02-06,BELGIUM_1,2020-21,LEAGUE,,Oostende,St Truiden,3,1,H,Belgium,Belgian First Division,football-data.co.uk
league_8f5243c0564b4923,2021-02-06,BELGIUM_1,2020-21,LEAGUE,,Standard Liège,Oud-Heverlee Leuven,1,1,D,Belgium,Belgian First Division,football-data.co.uk
league_fd10c73a643d94fd,2021-02-06,BELGIUM_1,2020-21,LEAGUE,,Waasland-Beveren,Club Brugge KV,0,2,A,Belgium,Belgian First Division,football-data.co.uk
league_7844c5525afd68ed,2021-02-07,BELGIUM_1,2020-21,LEAGUE,,Beerschot VA,Antwerp,1,2,A,Belgium,Belgian First Division,football-data.co.uk
league_89605c5ae2ed140f,2021-02-07,BELGIUM_1,2020-21,LEAGUE,,Charleroi,Waregem,1,1,D,Belgium,Belgian First Division,football-data.co.uk
league_7b6bd09d1babed7a,2021-02-07,BELGIUM_1,2020-21,LEAGUE,,KAA Gent,Eupen,2,2,D,Belgium,Belgian First Division,football-data.co.uk
league_003afd2df6bd9810,2021-02-07,BELGIUM_1,2020-21,LEAGUE,,KRC Genk,RSC Anderlecht,1,2,A,Belgium,Belgian First Division,football-data.co.uk
league_6e4c3ccb7626625c,2021-02-12,BELGIUM_1,2020-21,LEAGUE,,Oud-Heverlee Leuven,Kortrijk,3,1,H,Belgium,Belgian First Division,football-data.co.uk
league_f933221be48fe9ff,2021-02-13,BELGIUM_1,2020-21,LEAGUE,,St Truiden,Waregem,1,2,A,Belgium,Belgian First Division,football-data.co.uk
league_efea9b5d2380b4b5,2021-02-14,BELGIUM_1,2020-21,LEAGUE,,Beerschot VA,Mechelen,1,2,A,Belgium,Belgian First Division,football-data.co.uk
league_5a813e389fce4fd4,2021-02-14,BELGIUM_1,2020-21,LEAGUE,,Cercle Brugge,RSC Anderlecht,0,0,D,Belgium,Belgian First Division,football-data.co.uk
league_9aa3defe74de732c,2021-02-14,BELGIUM_1,2020-21,LEAGUE,,Standard Liège,Antwerp,1,1,D,Belgium,Belgian First Division,football-data.co.uk
league_13ab10a66b6296ca,2021-02-15,BELGIUM_1,2020-21,LEAGUE,,KAA Gent,Mouscron,4,0,H,Belgium,Belgian First Division,football-data.co.uk
league_5556e26154270b3e,2021-02-17,BELGIUM_1,2020-21,LEAGUE,,Oostende,KRC Genk,3,1,H,Belgium,Belgian First Division,football-data.co.uk
league_c620cfec8ee9eddc,2021-02-17,BELGIUM_1,2020-21,LEAGUE,,Waasland-Beveren,Eupen,1,0,H,Belgium,Belgian First Division,football-data.co.uk
league_9ff662b0db3fa2df,2021-02-19,BELGIUM_1,2020-21,LEAGUE,,Mechelen,KAA Gent,1,1,D,Belgium,Belgian First Division,football-data.co.uk
league_4384f5c309cb5424,2021-02-20,BELGIUM_1,2020-21,LEAGUE,,Eupen,Oostende,1,1,D,Belgium,Belgian First Division,football-data.co.uk
league_2d4447286bf5bf3f,2021-02-20,BELGIUM_1,2020-21,LEAGUE,,Mouscron,Cercle Brugge,1,2,A,Belgium,Belgian First Division,football-data.co.uk
league_47494b5b2dad57e3,2021-02-20,BELGIUM_1,2020-21,LEAGUE,,Waasland-Beveren,Charleroi,1,1,D,Belgium,Belgian First Division,football-data.co.uk
league_d060723ee9fea06b,2021-02-21,BELGIUM_1,2020-21,LEAGUE,,Antwerp,St Truiden,0,0,D,Belgium,Belgian First Division,football-data.co.uk
league_3b7f041ca4c17ffe,2021-02-21,BELGIUM_1,2020-21,LEAGUE,,KRC Genk,Beerschot VA,1,2,A,Belgium,Belgian First Division,football-data.co.uk
league_978f22f8e5d53f95,2021-02-21,BELGIUM_1,2020-21,LEAGUE,,RSC Anderlecht,Kortrijk,0,2,A,Belgium,Belgian First Division,football-data.co.uk
league_7f6925465b334da3,2021-02-21,BELGIUM_1,2020-21,LEAGUE,,Waregem,Standard Liège,3,2,H,Belgium,Belgian First Division,football-data.co.uk
league_aac8279d17302778,2021-02-22,BELGIUM_1,2020-21,LEAGUE,,Club Brugge KV,Oud-Heverlee Leuven,3,0,H,Belgium,Belgian First Division,football-data.co.uk
league_0930c00c8aaaeb9c,2021-02-26,BELGIUM_1,2020-21,LEAGUE,,Charleroi,KRC Genk,1,2,A,Belgium,Belgian First Division,football-data.co.uk
league_31c92af03c5715ef,2021-02-27,BELGIUM_1,2020-21,LEAGUE,,Cercle Brugge,Waasland-Beveren,2,0,H,Belgium,Belgian First Division,football-data.co.uk
league_7d0e56435587aad6,2021-02-27,BELGIUM_1,2020-21,LEAGUE,,Kortrijk,Waregem,1,2,A,Belgium,Belgian First Division,football-data.co.uk
league_8cb611ff8d36490b,2021-02-27,BELGIUM_1,2020-21,LEAGUE,,Oostende,Mechelen,2,0,H,Belgium,Belgian First Division,football-data.co.uk
league_15632de2b9d4e3ff,2021-02-28,BELGIUM_1,2020-21,LEAGUE,,Beerschot VA,Mouscron,2,2,D,Belgium,Belgian First Division,football-data.co.uk
league_90a5081e85e02c7b,2021-02-28,BELGIUM_1,2020-21,LEAGUE,,St Truiden,Eupen,0,2,A,Belgium,Belgian First Division,football-data.co.uk
league_73aae0b4b4605699,2021-02-28,BELGIUM_1,2020-21,LEAGUE,,Standard Liège,RSC Anderlecht,1,3,A,Belgium,Belgian First Division,football-data.co.uk
league_1635a38161f6c8ad,2021-03-01,BELGIUM_1,2020-21,LEAGUE,,Oud-Heverlee Leuven,Antwerp,2,0,H,Belgium,Belgian First Division,football-data.co.uk
league_3904ab39d022548c,2021-03-05,BELGIUM_1,2020-21,LEAGUE,,Charleroi,St Truiden,0,0,D,Belgium,Belgian First Division,football-data.co.uk
league_78f4ab68e3cf55b1,2021-03-06,BELGIUM_1,2020-21,LEAGUE,,Antwerp,Kortrijk,4,2,H,Belgium,Belgian First Division,football-data.co.uk
league_3a0e89e8f53f0719,2021-03-06,BELGIUM_1,2020-21,LEAGUE,,Eupen,Oud-Heverlee Leuven,3,3,D,Belgium,Belgian First Division,football-data.co.uk
league_f7ba263dbf0734cb,2021-03-06,BELGIUM_1,2020-21,LEAGUE,,Waasland-Beveren,Beerschot VA,1,2,A,Belgium,Belgian First Division,football-data.co.uk
league_830f0b7d2037a033,2021-03-07,BELGIUM_1,2020-21,LEAGUE,,Club Brugge KV,Waregem,3,0,H,Belgium,Belgian First Division,football-data.co.uk
league_d27f5a100b96bc66,2021-03-07,BELGIUM_1,2020-21,LEAGUE,,KRC Genk,Cercle Brugge,2,0,H,Belgium,Belgian First Division,football-data.co.uk
league_7c4d5f8c6265cc06,2021-03-07,BELGIUM_1,2020-21,LEAGUE,,Mouscron,Standard Liège,1,0,H,Belgium,Belgian First Division,football-data.co.uk
league_48155b8308622fe0,2021-03-07,BELGIUM_1,2020-21,LEAGUE,,RSC Anderlecht,Mechelen,1,1,D,Belgium,Belgian First Division,football-data.co.uk
league_f497719e8740731f,2021-03-08,BELGIUM_1,2020-21,LEAGUE,,KAA Gent,Oostende,1,0,H,Belgium,Belgian First Division,football-data.co.uk
league_0a5e9248329db506,2021-03-12,BELGIUM_1,2020-21,LEAGUE,,Charleroi,Club Brugge KV,1,1,D,Belgium,Belgian First Division,football-data.co.uk
league_7073897c7cacd766,2021-03-15,BELGIUM_1,2020-21,LEAGUE,,KAA Gent,Club Brugge KV,0,4,A,Belgium,Belgian First Division,football-data.co.uk
league_b86197df8aa5673c,2021-03-19,BELGIUM_1,2020-21,LEAGUE,,KRC Genk,Standard Liège,2,2,D,Belgium,Belgian First Division,football-data.co.uk
league_b44b0c2209de5845,2021-03-20,BELGIUM_1,2020-21,LEAGUE,,Eupen,Kortrijk,2,0,H,Belgium,Belgian First Division,football-data.co.uk
league_ee212cf07a10a811,2021-03-20,BELGIUM_1,2020-21,LEAGUE,,Mouscron,Oostende,0,1,A,Belgium,Belgian First Division,football-data.co.uk
league_f1d439a12d1865f5,2021-03-21,BELGIUM_1,2020-21,LEAGUE,,Club Brugge KV,Antwerp,0,2,A,Belgium,Belgian First Division,football-data.co.uk
league_c74781ef08acae83,2021-03-21,BELGIUM_1,2020-21,LEAGUE,,KAA Gent,Cercle Brugge,1,0,H,Belgium,Belgian First Division,football-data.co.uk
league_6ccde9ec462d1625,2021-03-21,BELGIUM_1,2020-21,LEAGUE,,Mechelen,Oud-Heverlee Leuven,2,2,D,Belgium,Belgian First Division,football-data.co.uk
league_478e55102d54c129,2021-03-21,BELGIUM_1,2020-21,LEAGUE,,RSC Anderlecht,Waregem,4,1,H,Belgium,Belgian First Division,football-data.co.uk
league_02a73dc44802bb5a,2021-04-03,BELGIUM_1,2020-21,LEAGUE,,Kortrijk,Club Brugge KV,1,2,A,Belgium,Belgian First Division,football-data.co.uk
league_4ae8541bd2a418ee,2021-04-03,BELGIUM_1,2020-21,LEAGUE,,Oostende,Waasland-Beveren,0,2,A,Belgium,Belgian First Division,football-data.co.uk
league_513590f36ea960fb,2021-04-03,BELGIUM_1,2020-21,LEAGUE,,St Truiden,Mechelen,2,1,H,Belgium,Belgian First Division,football-data.co.uk
league_efba05e3d3f4c8cd,2021-04-04,BELGIUM_1,2020-21,LEAGUE,,Cercle Brugge,Beerschot VA,2,1,H,Belgium,Belgian First Division,football-data.co.uk
league_3df6c3e26bce5089,2021-04-04,BELGIUM_1,2020-21,LEAGUE,,Charleroi,Mouscron,1,1,D,Belgium,Belgian First Division,football-data.co.uk
league_22a5ce537986b020,2021-04-04,BELGIUM_1,2020-21,LEAGUE,,Standard Liège,KAA Gent,2,1,H,Belgium,Belgian First Division,football-data.co.uk
league_d169b6dcbd4d728a,2021-04-05,BELGIUM_1,2020-21,LEAGUE,,Antwerp,RSC Anderlecht,1,4,A,Belgium,Belgian First Division,football-data.co.uk
league_35581854dbb9b6bd,2021-04-05,BELGIUM_1,2020-21,LEAGUE,,Oud-Heverlee Leuven,KRC Genk,2,3,A,Belgium,Belgian First Division,football-data.co.uk
league_21317e17f76fa2a2,2021-04-05,BELGIUM_1,2020-21,LEAGUE,,Waregem,Eupen,2,1,H,Belgium,Belgian First Division,football-data.co.uk
league_d527fb17bf777174,2021-04-06,BELGIUM_1,2020-21,LEAGUE,,Waasland-Beveren,St Truiden,2,4,A,Belgium,Belgian First Division,football-data.co.uk
league_ef67282795fe5dbb,2021-04-07,BELGIUM_1,2020-21,LEAGUE,,Beerschot VA,Charleroi,2,1,H,Belgium,Belgian First Division,football-data.co.uk
league_9d014c3a2ae2cf08,2021-04-09,BELGIUM_1,2020-21,LEAGUE,,Eupen,Standard Liège,0,4,A,Belgium,Belgian First Division,football-data.co.uk
league_374c809d8dcf56fe,2021-04-10,BELGIUM_1,2020-21,LEAGUE,,Cercle Brugge,Oud-Heverlee Leuven,3,0,H,Belgium,Belgian First Division,football-data.co.uk
league_3085473a6044a008,2021-04-10,BELGIUM_1,2020-21,LEAGUE,,KAA Gent,Charleroi,4,0,H,Belgium,Belgian First Division,football-data.co.uk
league_9aa6bc046e2e1a42,2021-04-10,BELGIUM_1,2020-21,LEAGUE,,Mechelen,Waregem,4,2,H,Belgium,Belgian First Division,football-data.co.uk
league_e91c26acd632529c,2021-04-11,BELGIUM_1,2020-21,LEAGUE,,Beerschot VA,Oostende,1,2,A,Belgium,Belgian First Division,football-data.co.uk
league_e93b6416f86a5661,2021-04-11,BELGIUM_1,2020-21,LEAGUE,,KRC Genk,St Truiden,4,0,H,Belgium,Belgian First Division,football-data.co.uk
league_e6470979a286904e,2021-04-11,BELGIUM_1,2020-21,LEAGUE,,RSC Anderlecht,Club Brugge KV,2,1,H,Belgium,Belgian First Division,football-data.co.uk
league_4448dd5fb8047032,2021-04-11,BELGIUM_1,2020-21,LEAGUE,,Waasland-Beveren,Kortrijk,3,4,A,Belgium,Belgian First Division,football-data.co.uk
league_40485785b9870758,2021-04-12,BELGIUM_1,2020-21,LEAGUE,,Mouscron,Antwerp,2,3,A,Belgium,Belgian First Division,football-data.co.uk
league_6ec38bc5fa210558,2021-04-17,BELGIUM_1,2020-21,LEAGUE,,Antwerp,KRC Genk,3,2,H,Belgium,Belgian First Division,football-data.co.uk
league_5cb7059184ca9dd0,2021-04-17,BELGIUM_1,2020-21,LEAGUE,,Charleroi,Eupen,2,3,A,Belgium,Belgian First Division,football-data.co.uk
league_29dd797a5a8ca311,2021-04-18,BELGIUM_1,2020-21,LEAGUE,,Club Brugge KV,Mouscron,4,2,H,Belgium,Belgian First Division,football-data.co.uk
league_94b392d1577103e7,2021-04-18,BELGIUM_1,2020-21,LEAGUE,,Kortrijk,Mechelen,1,4,A,Belgium,Belgian First Division,football-data.co.uk
league_6c45031a2ada7f88,2021-04-18,BELGIUM_1,2020-21,LEAGUE,,Oostende,Cercle Brugge,1,1,D,Belgium,Belgian First Division,football-data.co.uk
league_00a42c5ee35e97a8,2021-04-18,BELGIUM_1,2020-21,LEAGUE,,Oud-Heverlee Leuven,Waasland-Beveren,1,2,A,Belgium,Belgian First Division,football-data.co.uk
league_7dcd8adfb60ad1ec,2021-04-18,BELGIUM_1,2020-21,LEAGUE,,St Truiden,RSC Anderlecht,0,1,A,Belgium,Belgian First Division,football-data.co.uk
league_1b2868522afb2db2,2021-04-18,BELGIUM_1,2020-21,LEAGUE,,Standard Liège,Beerschot VA,3,0,H,Belgium,Belgian First Division,football-data.co.uk
league_551922b2457f785c,2021-04-18,BELGIUM_1,2020-21,LEAGUE,,Waregem,KAA Gent,2,7,A,Belgium,Belgian First Division,football-data.co.uk
league_83ba334969a31943,2021-07-23,BELGIUM_1,2021-22,LEAGUE,,Standard Liège,KRC Genk,1,1,D,Belgium,Belgian First Division,football-data.co.uk
league_90d705b85057772d,2021-07-24,BELGIUM_1,2021-22,LEAGUE,,Kortrijk,Seraing,2,0,H,Belgium,Belgian First Division,football-data.co.uk
league_23a5e2bee3f28a2a,2021-07-24,BELGIUM_1,2021-22,LEAGUE,,Oostende,Charleroi,0,3,A,Belgium,Belgian First Division,football-data.co.uk
league_a8392ccfd91ab1ab,2021-07-24,BELGIUM_1,2021-22,LEAGUE,,Oud-Heverlee Leuven,Waregem,1,1,D,Belgium,Belgian First Division,football-data.co.uk
league_fffde78ec3e0d6de,2021-07-25,BELGIUM_1,2021-22,LEAGUE,,Club Brugge KV,Eupen,2,2,D,Belgium,Belgian First Division,football-data.co.uk
league_4f2f0d0eba65509a,2021-07-25,BELGIUM_1,2021-22,LEAGUE,,Mechelen,Antwerp,3,2,H,Belgium,Belgian First Division,football-data.co.uk
league_e105161dbbb8016d,2021-07-25,BELGIUM_1,2021-22,LEAGUE,,RSC Anderlecht,St. Gilloise,1,3,A,Belgium,Belgian First Division,football-data.co.uk
league_7d30e2574f0252b6,2021-07-25,BELGIUM_1,2021-22,LEAGUE,,St Truiden,KAA Gent,2,1,H,Belgium,Belgian First Division,football-data.co.uk
league_6738ef50ef48757b,2021-07-27,BELGIUM_1,2021-22,LEAGUE,,Beerschot VA,Cercle Brugge,0,1,A,Belgium,Belgian First Division,football-data.co.uk
league_9932d19425702b62,2021-07-30,BELGIUM_1,2021-22,LEAGUE,,KRC Genk,Oostende,3,4,A,Belgium,Belgian First Division,football-data.co.uk
league_a10f92a87fbc097e,2021-07-31,BELGIUM_1,2021-22,LEAGUE,,Cercle Brugge,Oud-Heverlee Leuven,1,1,D,Belgium,Belgian First Division,football-data.co.uk
league_992b5b26f6eb8c62,2021-07-31,BELGIUM_1,2021-22,LEAGUE,,Charleroi,St Truiden,0,0,D,Belgium,Belgian First Division,football-data.co.uk
league_f5194efb9b41e421,2021-07-31,BELGIUM_1,2021-22,LEAGUE,,Eupen,RSC Anderlecht,1,1,D,Belgium,Belgian First Division,football-data.co.uk
league_a77fe7d756a5153e,2021-07-31,BELGIUM_1,2021-22,LEAGUE,,Seraing,Mechelen,1,0,H,Belgium,Belgian First Division,football-data.co.uk
league_901b0d3428d46766,2021-08-01,BELGIUM_1,2021-22,LEAGUE,,Antwerp,Kortrijk,0,1,A,Belgium,Belgian First Division,football-data.co.uk
league_5a663fe10abb54af,2021-08-01,BELGIUM_1,2021-22,LEAGUE,,KAA Gent,Beerschot VA,2,2,D,Belgium,Belgian First Division,football-data.co.uk
league_ec01ddd1378e7e58,2021-08-01,BELGIUM_1,2021-22,LEAGUE,,St. Gilloise,Club Brugge KV,0,1,A,Belgium,Belgian First Division,football-data.co.uk
league_84a077fa14e9f4b1,2021-08-01,BELGIUM_1,2021-22,LEAGUE,,Waregem,Standard Liège,1,2,A,Belgium,Belgian First Division,football-data.co.uk
league_6d865a52f9dc1688,2021-08-06,BELGIUM_1,2021-22,LEAGUE,,Club Brugge KV,Cercle Brugge,1,1,D,Belgium,Belgian First Division,football-data.co.uk
league_2c905235481d6184,2021-08-07,BELGIUM_1,2021-22,LEAGUE,,Beerschot VA,St. Gilloise,0,3,A,Belgium,Belgian First Division,football-data.co.uk
league_d67c6416f8d424e7,2021-08-07,BELGIUM_1,2021-22,LEAGUE,,Kortrijk,KRC Genk,1,2,A,Belgium,Belgian First Division,football-data.co.uk
league_e0885f0e125290cf,2021-08-07,BELGIUM_1,2021-22,LEAGUE,,Mechelen,Eupen,1,3,A,Belgium,Belgian First Division,football-data.co.uk
league_2f24963a42a7929c,2021-08-07,BELGIUM_1,2021-22,LEAGUE,,St Truiden,Waregem,1,3,A,Belgium,Belgian First Division,football-data.co.uk
league_14d6c50ae3c59f0a,2021-08-08,BELGIUM_1,2021-22,LEAGUE,,Oostende,KAA Gent,1,0,H,Belgium,Belgian First Division,football-data.co.uk
league_f910ed17ad634e49,2021-08-08,BELGIUM_1,2021-22,LEAGUE,,Oud-Heverlee Leuven,Charleroi,1,1,D,Belgium,Belgian First Division,football-data.co.uk
league_68c0255fae6eff20,2021-08-08,BELGIUM_1,2021-22,LEAGUE,,RSC Anderlecht,Seraing,3,0,H,Belgium,Belgian First Division,football-data.co.uk
league_ca0fa6f490f90f24,2021-08-08,BELGIUM_1,2021-22,LEAGUE,,Standard Liège,Antwerp,2,5,A,Belgium,Belgian First Division,football-data.co.uk
league_3a296a0db15a3b77,2021-08-13,BELGIUM_1,2021-22,LEAGUE,,Charleroi,Antwerp,1,1,D,Belgium,Belgian First Division,football-data.co.uk
league_d02f2c1696568d49,2021-08-14,BELGIUM_1,2021-22,LEAGUE,,Eupen,St Truiden,2,1,H,Belgium,Belgian First Division,football-data.co.uk
league_68caaccaaca263af,2021-08-14,BELGIUM_1,2021-22,LEAGUE,,KRC Genk,Oud-Heverlee Leuven,4,0,H,Belgium,Belgian First Division,football-data.co.uk
league_6047b34b519c7c0b,2021-08-14,BELGIUM_1,2021-22,LEAGUE,,Seraing,Oostende,2,3,A,Belgium,Belgian First Division,football-data.co.uk
league_4bcdd4e0561f42b1,2021-08-14,BELGIUM_1,2021-22,LEAGUE,,St. Gilloise,Kortrijk,2,0,H,Belgium,Belgian First Division,football-data.co.uk
league_903bc582b390197b,2021-08-15,BELGIUM_1,2021-22,LEAGUE,,Beerschot VA,Standard Liège,0,1,A,Belgium,Belgian First Division,football-data.co.uk
league_cc6be789f7c297a0,2021-08-15,BELGIUM_1,2021-22,LEAGUE,,Cercle Brugge,RSC Anderlecht,1,2,A,Belgium,Belgian First Division,football-data.co.uk
league_d3f7877c72112ba4,2021-08-15,BELGIUM_1,2021-22,LEAGUE,,KAA Gent,Mechelen,2,0,H,Belgium,Belgian First Division,football-data.co.uk
league_cf55a104a2a782a7,2021-08-15,BELGIUM_1,2021-22,LEAGUE,,Waregem,Club Brugge KV,0,4,A,Belgium,Belgian First Division,football-data.co.uk
league_7d62ea44a6594b93,2021-08-20,BELGIUM_1,2021-22,LEAGUE,,Standard Liège,Oostende,1,0,H,Belgium,Belgian First Division,football-data.co.uk
league_ab1344f4863a71ca,2021-08-21,BELGIUM_1,2021-22,LEAGUE,,Oud-Heverlee Leuven,Eupen,1,4,A,Belgium,Belgian First Division,football-data.co.uk
league_be32a1be08eeda1b,2021-08-21,BELGIUM_1,2021-22,LEAGUE,,Seraing,Cercle Brugge,2,1,H,Belgium,Belgian First Division,football-data.co.uk
league_a02dee610a32af3b,2021-08-21,BELGIUM_1,2021-22,LEAGUE,,St Truiden,Kortrijk,0,2,A,Belgium,Belgian First Division,football-data.co.uk
league_b10d15f5eb8d8eb1,2021-08-22,BELGIUM_1,2021-22,LEAGUE,,Club Brugge KV,Beerschot VA,3,2,H,Belgium,Belgian First Division,football-data.co.uk
league_a282059e77e1c04e,2021-08-22,BELGIUM_1,2021-22,LEAGUE,,Mechelen,St. Gilloise,3,1,H,Belgium,Belgian First Division,football-data.co.uk
league_240576df010a7c5a,2021-08-22,BELGIUM_1,2021-22,LEAGUE,,Waregem,Charleroi,2,2,D,Belgium,Belgian First Division,football-data.co.uk
league_41b5da273612bd10,2021-08-27,BELGIUM_1,2021-22,LEAGUE,,Kortrijk,Mechelen,2,2,D,Belgium,Belgian First Division,football-data.co.uk
league_a73205e31394fc52,2021-08-28,BELGIUM_1,2021-22,LEAGUE,,Cercle Brugge,St Truiden,0,1,A,Belgium,Belgian First Division,football-data.co.uk
league_580cadff4bad0827,2021-08-28,BELGIUM_1,2021-22,LEAGUE,,Charleroi,Beerschot VA,5,2,H,Belgium,Belgian First Division,football-data.co.uk
league_a24ae85701a4d7b6,2021-08-28,BELGIUM_1,2021-22,LEAGUE,,Eupen,Seraing,1,2,A,Belgium,Belgian First Division,football-data.co.uk
league_5c86b8e4b3b42c22,2021-08-28,BELGIUM_1,2021-22,LEAGUE,,St. Gilloise,Standard Liège,4,0,H,Belgium,Belgian First Division,football-data.co.uk
league_30359969d057b5d4,2021-08-29,BELGIUM_1,2021-22,LEAGUE,,Antwerp,Oud-Heverlee Leuven,2,2,D,Belgium,Belgian First Division,football-data.co.uk
league_9f5fa0ea0599e580,2021-08-29,BELGIUM_1,2021-22,LEAGUE,,KAA Gent,Club Brugge KV,6,1,H,Belgium,Belgian First Division,football-data.co.uk
league_df298e257d497d5b,2021-08-29,BELGIUM_1,2021-22,LEAGUE,,KRC Genk,RSC Anderlecht,1,0,H,Belgium,Belgian First Division,football-data.co.uk
league_5f3712b90fc272a9,2021-08-29,BELGIUM_1,2021-22,LEAGUE,,Oostende,Waregem,0,2,A,Belgium,Belgian First Division,football-data.co.uk
league_f67a8b3e491e7265,2021-09-10,BELGIUM_1,2021-22,LEAGUE,,Club Brugge KV,Oostende,3,0,H,Belgium,Belgian First Division,football-data.co.uk
league_aced3204d8292ba4,2021-09-11,BELGIUM_1,2021-22,LEAGUE,,Eupen,Antwerp,0,1,A,Belgium,Belgian First Division,football-data.co.uk
league_6a8dbe04fc282488,2021-09-11,BELGIUM_1,2021-22,LEAGUE,,Waregem,Cercle Brugge,2,4,A,Belgium,Belgian First Division,football-data.co.uk
league_76270dd169ac5729,2021-09-12,BELGIUM_1,2021-22,LEAGUE,,KAA Gent,Charleroi,2,3,A,Belgium,Belgian First Division,football-data.co.uk
league_486a7f56226cb41b,2021-09-12,BELGIUM_1,2021-22,LEAGUE,,KRC Genk,St. Gilloise,1,1,D,Belgium,Belgian First Division,football-data.co.uk
league_6c8cb785041a764c,2021-09-12,BELGIUM_1,2021-22,LEAGUE,,Oud-Heverlee Leuven,Kortrijk,2,1,H,Belgium,Belgian First Division,football-data.co.uk
league_fc8a6b12f02d856a,2021-09-12,BELGIUM_1,2021-22,LEAGUE,,RSC Anderlecht,Mechelen,7,2,H,Belgium,Belgian First Division,football-data.co.uk
league_a6eee0f8dff9797f,2021-09-12,BELGIUM_1,2021-22,LEAGUE,,Seraing,Standard Liège,0,1,A,Belgium,Belgian First Division,football-data.co.uk
league_3d702a2e632fde18,2021-09-13,BELGIUM_1,2021-22,LEAGUE,,Beerschot VA,St Truiden,0,1,A,Belgium,Belgian First Division,football-data.co.uk
league_300e8132992b948e,2021-09-17,BELGIUM_1,2021-22,LEAGUE,,Cercle Brugge,Eupen,1,2,A,Belgium,Belgian First Division,football-data.co.uk
league_1d8a3822cc02b00e,2021-09-18,BELGIUM_1,2021-22,LEAGUE,,Charleroi,Club Brugge KV,0,1,A,Belgium,Belgian First Division,football-data.co.uk
league_7f5d9706356c0266,2021-09-18,BELGIUM_1,2021-22,LEAGUE,,Mechelen,Oud-Heverlee Leuven,2,0,H,Belgium,Belgian First Division,football-data.co.uk
league_5a3c10a8808c92bc,2021-09-18,BELGIUM_1,2021-22,LEAGUE,,Oostende,Beerschot VA,3,1,H,Belgium,Belgian First Division,football-data.co.uk
league_244dc1c3c94deaca,2021-09-18,BELGIUM_1,2021-22,LEAGUE,,St. Gilloise,Waregem,2,1,H,Belgium,Belgian First Division,football-data.co.uk
league_e64f809dd8c5d8b8,2021-09-19,BELGIUM_1,2021-22,LEAGUE,,Antwerp,Seraing,2,1,H,Belgium,Belgian First Division,football-data.co.uk
league_f9f3b8c5ff267adc,2021-09-19,BELGIUM_1,2021-22,LEAGUE,,Kortrijk,KAA Gent,1,0,H,Belgium,Belgian First Division,football-data.co.uk
league_46e3a4e693df9fd5,2021-09-19,BELGIUM_1,2021-22,LEAGUE,,St Truiden,KRC Genk,1,2,A,Belgium,Belgian First Division,football-data.co.uk
league_03134de8b6f6b0b1,2021-09-19,BELGIUM_1,2021-22,LEAGUE,,Standard Liège,RSC Anderlecht,0,1,A,Belgium,Belgian First Division,football-data.co.uk
league_d76b4851c600056f,2021-09-22,BELGIUM_1,2021-22,LEAGUE,,Antwerp,KRC Genk,4,2,H,Belgium,Belgian First Division,football-data.co.uk
league_cd962704f579e157,2021-09-23,BELGIUM_1,2021-22,LEAGUE,,RSC Anderlecht,KAA Gent,1,1,D,Belgium,Belgian First Division,football-data.co.uk
league_6c5c685ffe9777d1,2021-09-24,BELGIUM_1,2021-22,LEAGUE,,Club Brugge KV,Oud-Heverlee Leuven,1,1,D,Belgium,Belgian First Division,football-data.co.uk
league_68767aa6f21236ba,2021-09-25,BELGIUM_1,2021-22,LEAGUE,,Beerschot VA,Eupen,0,3,A,Belgium,Belgian First Division,football-data.co.uk
league_48727ddfe4068d14,2021-09-25,BELGIUM_1,2021-22,LEAGUE,,Standard Liège,St Truiden,1,2,A,Belgium,Belgian First Division,football-data.co.uk
league_884340e3e3794e55,2021-09-25,BELGIUM_1,2021-22,LEAGUE,,Waregem,Kortrijk,2,2,D,Belgium,Belgian First Division,football-data.co.uk
league_d6e1caab132de300,2021-09-26,BELGIUM_1,2021-22,LEAGUE,,Charleroi,Mechelen,0,2,A,Belgium,Belgian First Division,football-data.co.uk
league_96cd321d54bcb2bf,2021-09-26,BELGIUM_1,2021-22,LEAGUE,,KAA Gent,Cercle Brugge,2,1,H,Belgium,Belgian First Division,football-data.co.uk
league_1d5671d6f2299d10,2021-09-26,BELGIUM_1,2021-22,LEAGUE,,KRC Genk,Seraing,3,0,H,Belgium,Belgian First Division,football-data.co.uk
league_ad0a02f2f8a941d8,2021-09-26,BELGIUM_1,2021-22,LEAGUE,,Oostende,RSC Anderlecht,2,2,D,Belgium,Belgian First Division,football-data.co.uk
league_81ea6029d32f08f6,2021-09-26,BELGIUM_1,2021-22,LEAGUE,,St. Gilloise,Antwerp,1,2,A,Belgium,Belgian First Division,football-data.co.uk
league_59c9ccdb6b280e42,2021-10-01,BELGIUM_1,2021-22,LEAGUE,,Mechelen,Standard Liège,3,1,H,Belgium,Belgian First Division,football-data.co.uk
league_9a5b81a551e33430,2021-10-02,BELGIUM_1,2021-22,LEAGUE,,Cercle Brugge,St. Gilloise,0,3,A,Belgium,Belgian First Division,football-data.co.uk
league_1fcfcee363703c6d,2021-10-02,BELGIUM_1,2021-22,LEAGUE,,Kortrijk,Charleroi,2,2,D,Belgium,Belgian First Division,football-data.co.uk
league_c7065c70541ada2c,2021-10-02,BELGIUM_1,2021-22,LEAGUE,,Oud-Heverlee Leuven,Beerschot VA,0,0,D,Belgium,Belgian First Division,football-data.co.uk
league_790c43630199a8ab,2021-10-02,BELGIUM_1,2021-22,LEAGUE,,St Truiden,Oostende,1,1,D,Belgium,Belgian First Division,football-data.co.uk
league_a356aef02c9a235c,2021-10-03,BELGIUM_1,2021-22,LEAGUE,,Antwerp,KAA Gent,1,0,H,Belgium,Belgian First Division,football-data.co.uk
league_7a878354f59d8d61,2021-10-03,BELGIUM_1,2021-22,LEAGUE,,Eupen,KRC Genk,3,2,H,Belgium,Belgian First Division,football-data.co.uk
league_94805b42f4a929e6,2021-10-03,BELGIUM_1,2021-22,LEAGUE,,RSC Anderlecht,Club Brugge KV,1,1,D,Belgium,Belgian First Division,football-data.co.uk
league_07f48882e1ca1894,2021-10-03,BELGIUM_1,2021-22,LEAGUE,,Seraing,Waregem,5,1,H,Belgium,Belgian First Division,football-data.co.uk
league_82be7acb980093ab,2021-10-15,BELGIUM_1,2021-22,LEAGUE,,Club Brugge KV,Kortrijk,2,0,H,Belgium,Belgian First Division,football-data.co.uk
league_1a0afaacb8a9cfd1,2021-10-16,BELGIUM_1,2021-22,LEAGUE,,Oostende,Cercle Brugge,2,1,H,Belgium,Belgian First Division,football-data.co.uk
league_43d43435a87751ac,2021-10-16,BELGIUM_1,2021-22,LEAGUE,,St. Gilloise,Seraing,4,2,H,Belgium,Belgian First Division,football-data.co.uk
league_a90b532f6b2b0813,2021-10-16,BELGIUM_1,2021-22,LEAGUE,,Standard Liège,Oud-Heverlee Leuven,2,2,D,Belgium,Belgian First Division,football-data.co.uk
league_f1f0ea9857f22d27,2021-10-16,BELGIUM_1,2021-22,LEAGUE,,Waregem,Antwerp,2,1,H,Belgium,Belgian First Division,football-data.co.uk
league_264cbdebe0c7397c,2021-10-17,BELGIUM_1,2021-22,LEAGUE,,Beerschot VA,Mechelen,0,1,A,Belgium,Belgian First Division,football-data.co.uk
league_7dfe3f79efcd4dd7,2021-10-17,BELGIUM_1,2021-22,LEAGUE,,Charleroi,KRC Genk,2,0,H,Belgium,Belgian First Division,football-data.co.uk
league_a221608ccab08d87,2021-10-17,BELGIUM_1,2021-22,LEAGUE,,KAA Gent,Eupen,2,0,H,Belgium,Belgian First Division,football-data.co.uk
league_a93d44eda15f2fbf,2021-10-17,BELGIUM_1,2021-22,LEAGUE,,St Truiden,RSC Anderlecht,2,2,D,Belgium,Belgian First Division,football-data.co.uk
league_84b06932405d4f66,2021-10-22,BELGIUM_1,2021-22,LEAGUE,,Seraing,Charleroi,1,3,A,Belgium,Belgian First Division,football-data.co.uk
league_840890e2256d4ad7,2021-10-23,BELGIUM_1,2021-22,LEAGUE,,Cercle Brugge,Standard Liège,1,1,D,Belgium,Belgian First Division,football-data.co.uk
league_fb9265699c1b19b4,2021-10-23,BELGIUM_1,2021-22,LEAGUE,,Eupen,St. Gilloise,2,3,A,Belgium,Belgian First Division,football-data.co.uk
league_68071648b805028f,2021-10-23,BELGIUM_1,2021-22,LEAGUE,,Kortrijk,Oostende,1,0,H,Belgium,Belgian First Division,football-data.co.uk
league_234ab3f900d18c8a,2021-10-23,BELGIUM_1,2021-22,LEAGUE,,Mechelen,Waregem,2,2,D,Belgium,Belgian First Division,football-data.co.uk
league_9b5758d4b1de3122,2021-10-24,BELGIUM_1,2021-22,LEAGUE,,Antwerp,Club Brugge KV,1,1,D,Belgium,Belgian First Division,football-data.co.uk
league_08341d156680e56d,2021-10-24,BELGIUM_1,2021-22,LEAGUE,,KRC Genk,KAA Gent,0,3,A,Belgium,Belgian First Division,football-data.co.uk
league_3a83ff02fa1ad2a8,2021-10-24,BELGIUM_1,2021-22,LEAGUE,,Oud-Heverlee Leuven,St Truiden,4,1,H,Belgium,Belgian First Division,football-data.co.uk
league_e56943f96e42f7bc,2021-10-24,BELGIUM_1,2021-22,LEAGUE,,RSC Anderlecht,Beerschot VA,4,2,H,Belgium,Belgian First Division,football-data.co.uk
league_b74c896d7d2a8e40,2021-10-29,BELGIUM_1,2021-22,LEAGUE,,Oostende,Mechelen,2,4,A,Belgium,Belgian First Division,football-data.co.uk
league_60624eb348efba1c,2021-10-30,BELGIUM_1,2021-22,LEAGUE,,Beerschot VA,Seraing,3,0,H,Belgium,Belgian First Division,football-data.co.uk
league_5069822b4657ec94,2021-10-30,BELGIUM_1,2021-22,LEAGUE,,Charleroi,Eupen,3,0,H,Belgium,Belgian First Division,football-data.co.uk
league_33064461f76c5978,2021-10-30,BELGIUM_1,2021-22,LEAGUE,,St Truiden,Club Brugge KV,1,2,A,Belgium,Belgian First Division,football-data.co.uk
league_cbbd9a7081f5e583,2021-10-30,BELGIUM_1,2021-22,LEAGUE,,Standard Liège,Kortrijk,1,1,D,Belgium,Belgian First Division,football-data.co.uk
league_338813499ff6424b,2021-10-31,BELGIUM_1,2021-22,LEAGUE,,Cercle Brugge,Antwerp,0,1,A,Belgium,Belgian First Division,football-data.co.uk
league_c8a47b915603df91,2021-10-31,BELGIUM_1,2021-22,LEAGUE,,KAA Gent,St. Gilloise,0,2,A,Belgium,Belgian First Division,football-data.co.uk
league_344223ebbb7b6b7d,2021-10-31,BELGIUM_1,2021-22,LEAGUE,,RSC Anderlecht,Oud-Heverlee Leuven,2,2,D,Belgium,Belgian First Division,football-data.co.uk
league_1aeaffca32656d2f,2021-10-31,BELGIUM_1,2021-22,LEAGUE,,Waregem,KRC Genk,2,6,A,Belgium,Belgian First Division,football-data.co.uk
league_9e0ffe56fcee9efe,2021-11-05,BELGIUM_1,2021-22,LEAGUE,,Oud-Heverlee Leuven,Oostende,1,0,H,Belgium,Belgian First Division,football-data.co.uk
league_5bbc2bc8e0c25ff6,2021-11-06,BELGIUM_1,2021-22,LEAGUE,,Eupen,Waregem,1,1,D,Belgium,Belgian First Division,football-data.co.uk
league_66a7783ddc5e4ea5,2021-11-06,BELGIUM_1,2021-22,LEAGUE,,Kortrijk,Beerschot VA,1,1,D,Belgium,Belgian First Division,football-data.co.uk
league_58517a00c29a3beb,2021-11-06,BELGIUM_1,2021-22,LEAGUE,,Mechelen,St Truiden,0,1,A,Belgium,Belgian First Division,football-data.co.uk
league_01bbe6509b702151,2021-11-06,BELGIUM_1,2021-22,LEAGUE,,St. Gilloise,Charleroi,4,0,H,Belgium,Belgian First Division,football-data.co.uk
league_79da53e34bd41c3a,2021-11-07,BELGIUM_1,2021-22,LEAGUE,,Antwerp,RSC Anderlecht,2,0,H,Belgium,Belgian First Division,football-data.co.uk
league_19cd15f1e1e7f738,2021-11-07,BELGIUM_1,2021-22,LEAGUE,,Club Brugge KV,Standard Liège,2,2,D,Belgium,Belgian First Division,football-data.co.uk
league_de7b44a8732c826d,2021-11-07,BELGIUM_1,2021-22,LEAGUE,,KRC Genk,Cercle Brugge,1,1,D,Belgium,Belgian First Division,football-data.co.uk
league_903e0b4244badb4a,2021-11-07,BELGIUM_1,2021-22,LEAGUE,,Seraing,KAA Gent,0,0,D,Belgium,Belgian First Division,football-data.co.uk
league_eecb124f4c5e99da,2021-11-19,BELGIUM_1,2021-22,LEAGUE,,Mechelen,Club Brugge KV,2,1,H,Belgium,Belgian First Division,football-data.co.uk
league_fbb5ddfb51f9eb5b,2021-11-20,BELGIUM_1,2021-22,LEAGUE,,Cercle Brugge,Charleroi,1,2,A,Belgium,Belgian First Division,football-data.co.uk
league_3593a8d731d9fa40,2021-11-20,BELGIUM_1,2021-22,LEAGUE,,Oud-Heverlee Leuven,Seraing,1,3,A,Belgium,Belgian First Division,football-data.co.uk
league_7370afae34992499,2021-11-20,BELGIUM_1,2021-22,LEAGUE,,Standard Liège,Eupen,1,0,H,Belgium,Belgian First Division,football-data.co.uk
league_a04bbde8a59bc469,2021-11-20,BELGIUM_1,2021-22,LEAGUE,,Waregem,KAA Gent,1,2,A,Belgium,Belgian First Division,football-data.co.uk
league_4b8772bc2b8fb80d,2021-11-21,BELGIUM_1,2021-22,LEAGUE,,Beerschot VA,KRC Genk,2,0,H,Belgium,Belgian First Division,football-data.co.uk
league_9b6d6faa15e95bdb,2021-11-21,BELGIUM_1,2021-22,LEAGUE,,Oostende,St. Gilloise,1,7,A,Belgium,Belgian First Division,football-data.co.uk
league_5b37db460fdcb2c7,2021-11-21,BELGIUM_1,2021-22,LEAGUE,,RSC Anderlecht,Kortrijk,1,1,D,Belgium,Belgian First Division,football-data.co.uk
league_41a25938a2a625b4,2021-11-21,BELGIUM_1,2021-22,LEAGUE,,St Truiden,Antwerp,2,1,H,Belgium,Belgian First Division,football-data.co.uk
league_f29a795834463a3c,2021-11-26,BELGIUM_1,2021-22,LEAGUE,,St. Gilloise,Oud-Heverlee Leuven,1,3,A,Belgium,Belgian First Division,football-data.co.uk
league_a77dd741a0ac87d2,2021-11-27,BELGIUM_1,2021-22,LEAGUE,,Cercle Brugge,Mechelen,3,1,H,Belgium,Belgian First Division,football-data.co.uk
league_b04cbb4ce05d8a2a,2021-11-27,BELGIUM_1,2021-22,LEAGUE,,Charleroi,RSC Anderlecht,1,3,A,Belgium,Belgian First Division,football-data.co.uk
league_572526986afbe872,2021-11-27,BELGIUM_1,2021-22,LEAGUE,,Eupen,Kortrijk,2,2,D,Belgium,Belgian First Division,football-data.co.uk
league_08568e9adfa0814f,2021-11-27,BELGIUM_1,2021-22,LEAGUE,,Seraing,St Truiden,2,0,H,Belgium,Belgian First Division,football-data.co.uk
league_db2f780637acdbc2,2021-11-28,BELGIUM_1,2021-22,LEAGUE,,Antwerp,Oostende,3,0,H,Belgium,Belgian First Division,football-data.co.uk
league_3e445794723dfe2c,2021-11-28,BELGIUM_1,2021-22,LEAGUE,,KAA Gent,Standard Liège,3,1,H,Belgium,Belgian First Division,football-data.co.uk
league_e4589dfe58a9abe1,2021-11-28,BELGIUM_1,2021-22,LEAGUE,,KRC Genk,Club Brugge KV,2,3,A,Belgium,Belgian First Division,football-data.co.uk
league_177b8e1876da1d7a,2021-11-28,BELGIUM_1,2021-22,LEAGUE,,Waregem,Beerschot VA,2,0,H,Belgium,Belgian First Division,football-data.co.uk
league_b3262f944f24620f,2021-12-03,BELGIUM_1,2021-22,LEAGUE,,St Truiden,St. Gilloise,1,2,A,Belgium,Belgian First Division,football-data.co.uk
league_cf234cac9c8421ca,2021-12-04,BELGIUM_1,2021-22,LEAGUE,,Club Brugge KV,Seraing,3,2,H,Belgium,Belgian First Division,football-data.co.uk
league_ac08636ab94a2aa4,2021-12-04,BELGIUM_1,2021-22,LEAGUE,,Kortrijk,Cercle Brugge,0,2,A,Belgium,Belgian First Division,football-data.co.uk
league_5d8606a45e6f0c31,2021-12-04,BELGIUM_1,2021-22,LEAGUE,,Oostende,Eupen,2,1,H,Belgium,Belgian First Division,football-data.co.uk
league_c630dd5502d83caa,2021-12-04,BELGIUM_1,2021-22,LEAGUE,,Oud-Heverlee Leuven,KAA Gent,0,1,A,Belgium,Belgian First Division,football-data.co.uk
league_9339bba61ba1e1b2,2021-12-05,BELGIUM_1,2021-22,LEAGUE,,Beerschot VA,Antwerp,0,1,A,Belgium,Belgian First Division,football-data.co.uk
league_7d6f301e5b573c19,2021-12-05,BELGIUM_1,2021-22,LEAGUE,,Mechelen,KRC Genk,1,1,D,Belgium,Belgian First Division,football-data.co.uk
league_882e3ba492afbac9,2021-12-05,BELGIUM_1,2021-22,LEAGUE,,RSC Anderlecht,Waregem,3,2,H,Belgium,Belgian First Division,football-data.co.uk
league_a5049acfcf69d61a,2021-12-05,BELGIUM_1,2021-22,LEAGUE,,Standard Liège,Charleroi,0,3,A,Belgium,Belgian First Division,football-data.co.uk
league_b89c1cce08038beb,2021-12-10,BELGIUM_1,2021-22,LEAGUE,,Charleroi,Oostende,1,0,H,Belgium,Belgian First Division,football-data.co.uk
league_6d10269ba0c2974c,2021-12-11,BELGIUM_1,2021-22,LEAGUE,,Eupen,Beerschot VA,1,0,H,Belgium,Belgian First Division,football-data.co.uk
league_061d4494ecf50710,2021-12-11,BELGIUM_1,2021-22,LEAGUE,,Kortrijk,Oud-Heverlee Leuven,2,1,H,Belgium,Belgian First Division,football-data.co.uk
league_aef25eab6572aa83,2021-12-11,BELGIUM_1,2021-22,LEAGUE,,Seraing,RSC Anderlecht,0,5,A,Belgium,Belgian First Division,football-data.co.uk
league_0dd596096a6014f4,2021-12-11,BELGIUM_1,2021-22,LEAGUE,,St Truiden,Cercle Brugge,1,2,A,Belgium,Belgian First Division,football-data.co.uk
league_23c73acfffc6a1bb,2021-12-12,BELGIUM_1,2021-22,LEAGUE,,Antwerp,Standard Liège,2,3,A,Belgium,Belgian First Division,football-data.co.uk
league_fac3ff502135f2b1,2021-12-12,BELGIUM_1,2021-22,LEAGUE,,Club Brugge KV,Waregem,3,0,H,Belgium,Belgian First Division,football-data.co.uk
league_a2b48f1c1f9cbb6c,2021-12-12,BELGIUM_1,2021-22,LEAGUE,,KAA Gent,KRC Genk,1,0,H,Belgium,Belgian First Division,football-data.co.uk
league_c0df946231b0a440,2021-12-12,BELGIUM_1,2021-22,LEAGUE,,St. Gilloise,Mechelen,2,0,H,Belgium,Belgian First Division,football-data.co.uk
league_147a6d2189e65892,2021-12-14,BELGIUM_1,2021-22,LEAGUE,,Cercle Brugge,Seraing,2,0,H,Belgium,Belgian First Division,football-data.co.uk
league_e7fde82b37bde105,2021-12-14,BELGIUM_1,2021-22,LEAGUE,,Oostende,Kortrijk,0,2,A,Belgium,Belgian First Division,football-data.co.uk
league_beb563158fcafffa,2021-12-14,BELGIUM_1,2021-22,LEAGUE,,RSC Anderlecht,St Truiden,2,0,H,Belgium,Belgian First Division,football-data.co.uk
league_6835a42de8657342,2021-12-15,BELGIUM_1,2021-22,LEAGUE,,Mechelen,KAA Gent,4,3,H,Belgium,Belgian First Division,football-data.co.uk
league_405b98439fd869eb,2021-12-15,BELGIUM_1,2021-22,LEAGUE,,Oud-Heverlee Leuven,Club Brugge KV,1,4,A,Belgium,Belgian First Division,football-data.co.uk
league_bb30b25b32d503a3,2021-12-15,BELGIUM_1,2021-22,LEAGUE,,Waregem,St. Gilloise,0,2,A,Belgium,Belgian First Division,football-data.co.uk
league_a698b10a29920dea,2021-12-16,BELGIUM_1,2021-22,LEAGUE,,Antwerp,Eupen,4,2,H,Belgium,Belgian First Division,football-data.co.uk
league_5a5c8679a105bc6f,2021-12-16,BELGIUM_1,2021-22,LEAGUE,,KRC Genk,Charleroi,4,2,H,Belgium,Belgian First Division,football-data.co.uk
league_d74bcbbdc354c1fe,2021-12-17,BELGIUM_1,2021-22,LEAGUE,,Seraing,Kortrijk,0,2,A,Belgium,Belgian First Division,football-data.co.uk
league_8bae76ff5746f4ce,2021-12-18,BELGIUM_1,2021-22,LEAGUE,,Beerschot VA,Oostende,0,2,A,Belgium,Belgian First Division,football-data.co.uk
league_723f0d89e8aefb98,2021-12-18,BELGIUM_1,2021-22,LEAGUE,,KAA Gent,St Truiden,2,1,H,Belgium,Belgian First Division,football-data.co.uk
league_c35baceff3fa3b17,2021-12-18,BELGIUM_1,2021-22,LEAGUE,,St. Gilloise,Cercle Brugge,3,2,H,Belgium,Belgian First Division,football-data.co.uk
league_27f9dba8f150c703,2021-12-18,BELGIUM_1,2021-22,LEAGUE,,Waregem,Mechelen,3,2,H,Belgium,Belgian First Division,football-data.co.uk
league_c73a0bf30ebaa0e7,2021-12-19,BELGIUM_1,2021-22,LEAGUE,,Club Brugge KV,RSC Anderlecht,2,2,D,Belgium,Belgian First Division,football-data.co.uk
league_abaf995c662d18c5,2021-12-19,BELGIUM_1,2021-22,LEAGUE,,Eupen,Charleroi,0,4,A,Belgium,Belgian First Division,football-data.co.uk
league_b3cce324bc13220f,2021-12-19,BELGIUM_1,2021-22,LEAGUE,,KRC Genk,Antwerp,1,1,D,Belgium,Belgian First Division,football-data.co.uk
league_3a8255c06f0e0527,2021-12-19,BELGIUM_1,2021-22,LEAGUE,,Oud-Heverlee Leuven,Standard Liège,2,1,H,Belgium,Belgian First Division,football-data.co.uk
league_4489e25909392fe1,2021-12-26,BELGIUM_1,2021-22,LEAGUE,,Cercle Brugge,Club Brugge KV,2,0,H,Belgium,Belgian First Division,football-data.co.uk
league_bb404f46b151a32c,2021-12-26,BELGIUM_1,2021-22,LEAGUE,,Oostende,KRC Genk,0,4,A,Belgium,Belgian First Division,football-data.co.uk
league_fb4a72101cd1bec1,2021-12-26,BELGIUM_1,2021-22,LEAGUE,,St. Gilloise,KAA Gent,0,0,D,Belgium,Belgian First Division,football-data.co.uk
league_8ff7b99fa3fd18dc,2021-12-26,BELGIUM_1,2021-22,LEAGUE,,Standard Liège,Waregem,0,1,A,Belgium,Belgian First Division,football-data.co.uk
league_450647d4010a98f5,2021-12-27,BELGIUM_1,2021-22,LEAGUE,,Beerschot VA,RSC Anderlecht,0,7,A,Belgium,Belgian First Division,football-data.co.uk
league_8781c416a8264dd2,2021-12-27,BELGIUM_1,2021-22,LEAGUE,,Charleroi,Oud-Heverlee Leuven,0,3,A,Belgium,Belgian First Division,football-data.co.uk
league_49acb131a6a4b771,2021-12-27,BELGIUM_1,2021-22,LEAGUE,,Mechelen,Seraing,2,0,H,Belgium,Belgian First Division,football-data.co.uk
league_c229f5ff9ebe4344,2021-12-27,BELGIUM_1,2021-22,LEAGUE,,St Truiden,Eupen,2,0,H,Belgium,Belgian First Division,football-data.co.uk
league_73f5f8482a0e3a57,2022-01-14,BELGIUM_1,2021-22,LEAGUE,,KAA Gent,Kortrijk,2,2,D,Belgium,Belgian First Division,football-data.co.uk
league_9e797be97c2f235a,2022-01-15,BELGIUM_1,2021-22,LEAGUE,,Club Brugge KV,St Truiden,2,0,H,Belgium,Belgian First Division,football-data.co.uk
league_07e330e1b5ddaf00,2022-01-15,BELGIUM_1,2021-22,LEAGUE,,Oud-Heverlee Leuven,Mechelen,5,0,H,Belgium,Belgian First Division,football-data.co.uk
league_e53633e187da8023,2022-01-16,BELGIUM_1,2021-22,LEAGUE,,Antwerp,Charleroi,3,0,H,Belgium,Belgian First Division,football-data.co.uk
league_11d5e6e6b8f7899b,2022-01-16,BELGIUM_1,2021-22,LEAGUE,,Eupen,Cercle Brugge,0,2,A,Belgium,Belgian First Division,football-data.co.uk
league_e18ec7f7eda793d2,2022-01-16,BELGIUM_1,2021-22,LEAGUE,,KRC Genk,Beerschot VA,4,1,H,Belgium,Belgian First Division,football-data.co.uk
league_944c33945fc8a7df,2022-01-16,BELGIUM_1,2021-22,LEAGUE,,RSC Anderlecht,Standard Liège,1,1,D,Belgium,Belgian First Division,football-data.co.uk
league_84ca3d7d76f5cbcd,2022-01-18,BELGIUM_1,2021-22,LEAGUE,,Seraing,St. Gilloise,0,4,A,Belgium,Belgian First Division,football-data.co.uk
league_1cd50b217ae65101,2022-01-21,BELGIUM_1,2021-22,LEAGUE,,Oostende,Antwerp,1,2,A,Belgium,Belgian First Division,football-data.co.uk
league_35acf0fa38c37032,2022-01-22,BELGIUM_1,2021-22,LEAGUE,,Beerschot VA,Oud-Heverlee Leuven,3,1,H,Belgium,Belgian First Division,football-data.co.uk
league_24862e5eff21b0b4,2022-01-22,BELGIUM_1,2021-22,LEAGUE,,Charleroi,KAA Gent,0,0,D,Belgium,Belgian First Division,football-data.co.uk
league_3303c3064184c05d,2022-01-22,BELGIUM_1,2021-22,LEAGUE,,Kortrijk,Eupen,1,1,D,Belgium,Belgian First Division,football-data.co.uk
league_406b3aa63a18a914,2022-01-22,BELGIUM_1,2021-22,LEAGUE,,St Truiden,Seraing,3,1,H,Belgium,Belgian First Division,football-data.co.uk
league_d86a87503dda4ba8,2022-01-23,BELGIUM_1,2021-22,LEAGUE,,Cercle Brugge,Waregem,3,1,H,Belgium,Belgian First Division,football-data.co.uk
league_d6f9ec32cbb02568,2022-01-23,BELGIUM_1,2021-22,LEAGUE,,Mechelen,RSC Anderlecht,0,1,A,Belgium,Belgian First Division,football-data.co.uk
league_96b5891aa0ea7d82,2022-01-23,BELGIUM_1,2021-22,LEAGUE,,St. Gilloise,KRC Genk,2,1,H,Belgium,Belgian First Division,football-data.co.uk
league_f3a3864dcd1f9330,2022-01-23,BELGIUM_1,2021-22,LEAGUE,,Standard Liège,Club Brugge KV,2,2,D,Belgium,Belgian First Division,football-data.co.uk
league_0a9c158117d8804e,2022-01-25,BELGIUM_1,2021-22,LEAGUE,,Antwerp,St Truiden,1,1,D,Belgium,Belgian First Division,football-data.co.uk
league_f823108990ba5673,2022-01-25,BELGIUM_1,2021-22,LEAGUE,,Charleroi,Kortrijk,1,1,D,Belgium,Belgian First Division,football-data.co.uk
league_7a87aa739056fe50,2022-01-25,BELGIUM_1,2021-22,LEAGUE,,KAA Gent,Oostende,1,1,D,Belgium,Belgian First Division,football-data.co.uk
league_5eac3d5c926e8926,2022-01-26,BELGIUM_1,2021-22,LEAGUE,,Eupen,Standard Liège,0,2,A,Belgium,Belgian First Division,football-data.co.uk
league_d6ab6da7a32e3a16,2022-01-26,BELGIUM_1,2021-22,LEAGUE,,RSC Anderlecht,Cercle Brugge,0,2,A,Belgium,Belgian First Division,football-data.co.uk
league_b83d32feaed89c50,2022-01-26,BELGIUM_1,2021-22,LEAGUE,,Seraing,Beerschot VA,2,1,H,Belgium,Belgian First Division,football-data.co.uk
league_a483590d6a064a40,2022-01-26,BELGIUM_1,2021-22,LEAGUE,,Waregem,Oud-Heverlee Leuven,1,1,D,Belgium,Belgian First Division,football-data.co.uk
league_711a6fbcd6f05bf7,2022-01-27,BELGIUM_1,2021-22,LEAGUE,,Club Brugge KV,St. Gilloise,0,0,D,Belgium,Belgian First Division,football-data.co.uk
league_de01323889d72f1a,2022-01-28,BELGIUM_1,2021-22,LEAGUE,,St Truiden,Charleroi,0,1,A,Belgium,Belgian First Division,football-data.co.uk
league_d17199a204f3418a,2022-01-29,BELGIUM_1,2021-22,LEAGUE,,Beerschot VA,Waregem,3,3,D,Belgium,Belgian First Division,football-data.co.uk
league_e365893caebca778,2022-01-29,BELGIUM_1,2021-22,LEAGUE,,Cercle Brugge,Oostende,0,1,A,Belgium,Belgian First Division,football-data.co.uk
league_66a29d316b750fa4,2022-01-29,BELGIUM_1,2021-22,LEAGUE,,Seraing,Eupen,0,0,D,Belgium,Belgian First Division,football-data.co.uk
league_0432e6dde980db88,2022-01-30,BELGIUM_1,2021-22,LEAGUE,,KAA Gent,Antwerp,0,1,A,Belgium,Belgian First Division,football-data.co.uk
league_4d18ab61ee533896,2022-01-30,BELGIUM_1,2021-22,LEAGUE,,Kortrijk,Club Brugge KV,0,1,A,Belgium,Belgian First Division,football-data.co.uk
league_1708797138dd940a,2022-01-30,BELGIUM_1,2021-22,LEAGUE,,St. Gilloise,RSC Anderlecht,1,0,H,Belgium,Belgian First Division,football-data.co.uk
league_894e197254d5780e,2022-01-30,BELGIUM_1,2021-22,LEAGUE,,Standard Liège,Mechelen,1,2,A,Belgium,Belgian First Division,football-data.co.uk
league_0d6472a1b2256006,2022-02-02,BELGIUM_1,2021-22,LEAGUE,,Kortrijk,Antwerp,0,2,A,Belgium,Belgian First Division,football-data.co.uk
league_14a36e3a0ec0cf60,2022-02-04,BELGIUM_1,2021-22,LEAGUE,,Charleroi,Seraing,2,0,H,Belgium,Belgian First Division,football-data.co.uk
league_3f022ac79d5f0951,2022-02-05,BELGIUM_1,2021-22,LEAGUE,,Antwerp,St. Gilloise,0,2,A,Belgium,Belgian First Division,football-data.co.uk
league_b107aa684169c20b,2022-02-05,BELGIUM_1,2021-22,LEAGUE,,Kortrijk,St Truiden,1,3,A,Belgium,Belgian First Division,football-data.co.uk
league_2597bea93c8ec52a,2022-02-05,BELGIUM_1,2021-22,LEAGUE,,Oostende,Oud-Heverlee Leuven,1,3,A,Belgium,Belgian First Division,football-data.co.uk
league_c7cbb5e04e36f8f4,2022-02-05,BELGIUM_1,2021-22,LEAGUE,,Standard Liège,Cercle Brugge,1,1,D,Belgium,Belgian First Division,football-data.co.uk
league_cb3e35b1eee3cded,2022-02-06,BELGIUM_1,2021-22,LEAGUE,,Club Brugge KV,KAA Gent,1,2,A,Belgium,Belgian First Division,football-data.co.uk
league_87dd64d06530fb9e,2022-02-06,BELGIUM_1,2021-22,LEAGUE,,KRC Genk,Waregem,2,0,H,Belgium,Belgian First Division,football-data.co.uk
league_2c6625f324ced637,2022-02-06,BELGIUM_1,2021-22,LEAGUE,,Mechelen,Beerschot VA,3,2,H,Belgium,Belgian First Division,football-data.co.uk
league_b21eb4f64b5f0f8f,2022-02-06,BELGIUM_1,2021-22,LEAGUE,,RSC Anderlecht,Eupen,4,1,H,Belgium,Belgian First Division,football-data.co.uk
league_585d5e2cf1e01d89,2022-02-09,BELGIUM_1,2021-22,LEAGUE,,Oud-Heverlee Leuven,KRC Genk,2,1,H,Belgium,Belgian First Division,football-data.co.uk
league_4180677eb4d4f2b3,2022-02-09,BELGIUM_1,2021-22,LEAGUE,,Waregem,Oostende,0,0,D,Belgium,Belgian First Division,football-data.co.uk
league_604549da03a538e8,2022-02-11,BELGIUM_1,2021-22,LEAGUE,,Seraing,Antwerp,0,1,A,Belgium,Belgian First Division,football-data.co.uk
league_55b0c7578bd5ffd1,2022-02-12,BELGIUM_1,2021-22,LEAGUE,,Eupen,KAA Gent,0,1,A,Belgium,Belgian First Division,football-data.co.uk
league_edb7381646492d7f,2022-02-12,BELGIUM_1,2021-22,LEAGUE,,Mechelen,Oostende,3,0,H,Belgium,Belgian First Division,football-data.co.uk
league_2c2fa2f794c8360d,2022-02-12,BELGIUM_1,2021-22,LEAGUE,,Oud-Heverlee Leuven,Cercle Brugge,3,2,H,Belgium,Belgian First Division,football-data.co.uk
league_5c2441f77ef460ba,2022-02-12,BELGIUM_1,2021-22,LEAGUE,,Waregem,RSC Anderlecht,1,2,A,Belgium,Belgian First Division,football-data.co.uk
league_e5c1968faaf70df7,2022-02-13,BELGIUM_1,2021-22,LEAGUE,,Beerschot VA,Kortrijk,2,1,H,Belgium,Belgian First Division,football-data.co.uk
league_f10a444e60ae4854,2022-02-13,BELGIUM_1,2021-22,LEAGUE,,Club Brugge KV,Charleroi,2,0,H,Belgium,Belgian First Division,football-data.co.uk
league_e4a7c770f810b80c,2022-02-13,BELGIUM_1,2021-22,LEAGUE,,KRC Genk,Standard Liège,2,0,H,Belgium,Belgian First Division,football-data.co.uk
league_1a47d85dc8bbfd50,2022-02-13,BELGIUM_1,2021-22,LEAGUE,,St. Gilloise,St Truiden,0,1,A,Belgium,Belgian First Division,football-data.co.uk
league_1e08d2acd3d9e9ed,2022-02-16,BELGIUM_1,2021-22,LEAGUE,,KRC Genk,Mechelen,4,1,H,Belgium,Belgian First Division,football-data.co.uk
league_4a8528fa7f43a031,2022-02-19,BELGIUM_1,2021-22,LEAGUE,,Cercle Brugge,Beerschot VA,2,0,H,Belgium,Belgian First Division,football-data.co.uk
league_0d23f091ed7a057b,2022-02-19,BELGIUM_1,2021-22,LEAGUE,,Charleroi,St. Gilloise,0,3,A,Belgium,Belgian First Division,football-data.co.uk
league_87a3ec54c4aa301c,2022-02-19,BELGIUM_1,2021-22,LEAGUE,,Kortrijk,Waregem,5,0,H,Belgium,Belgian First Division,football-data.co.uk
league_9639dd04bf2a000f,2022-02-19,BELGIUM_1,2021-22,LEAGUE,,Oostende,Standard Liège,1,0,H,Belgium,Belgian First Division,football-data.co.uk
league_5e8ff95f57a643d5,2022-02-20,BELGIUM_1,2021-22,LEAGUE,,Antwerp,Mechelen,1,2,A,Belgium,Belgian First Division,football-data.co.uk
league_f39c52a9a86fc3f5,2022-02-20,BELGIUM_1,2021-22,LEAGUE,,Eupen,Club Brugge KV,1,3,A,Belgium,Belgian First Division,football-data.co.uk
league_34db36686e976f98,2022-02-20,BELGIUM_1,2021-22,LEAGUE,,RSC Anderlecht,KRC Genk,2,0,H,Belgium,Belgian First Division,football-data.co.uk
league_5f3f7611b9df0e8c,2022-02-20,BELGIUM_1,2021-22,LEAGUE,,St Truiden,Oud-Heverlee Leuven,2,0,H,Belgium,Belgian First Division,football-data.co.uk
league_f58fbf4cb3229e7e,2022-02-23,BELGIUM_1,2021-22,LEAGUE,,KAA Gent,Seraing,4,0,H,Belgium,Belgian First Division,football-data.co.uk
league_d4ff6f277b8310b9,2022-02-25,BELGIUM_1,2021-22,LEAGUE,,Beerschot VA,Charleroi,2,3,A,Belgium,Belgian First Division,football-data.co.uk
league_77e09f765da39a43,2022-02-26,BELGIUM_1,2021-22,LEAGUE,,Mechelen,Cercle Brugge,2,2,D,Belgium,Belgian First Division,football-data.co.uk
league_d1bbe8c84b30a2ab,2022-02-26,BELGIUM_1,2021-22,LEAGUE,,Oostende,St Truiden,0,0,D,Belgium,Belgian First Division,football-data.co.uk
league_aa854a5f1beb094f,2022-02-26,BELGIUM_1,2021-22,LEAGUE,,Oud-Heverlee Leuven,RSC Anderlecht,0,0,D,Belgium,Belgian First Division,football-data.co.uk
league_e2ca8358608e6739,2022-02-26,BELGIUM_1,2021-22,LEAGUE,,St. Gilloise,Eupen,0,0,D,Belgium,Belgian First Division,football-data.co.uk
league_3250749bd68e7ff8,2022-02-27,BELGIUM_1,2021-22,LEAGUE,,Club Brugge KV,Antwerp,4,1,H,Belgium,Belgian First Division,football-data.co.uk
league_27ed83aad46e8ebb,2022-02-27,BELGIUM_1,2021-22,LEAGUE,,KRC Genk,Kortrijk,2,0,H,Belgium,Belgian First Division,football-data.co.uk
league_61bfab0bfa519147,2022-02-27,BELGIUM_1,2021-22,LEAGUE,,Standard Liège,KAA Gent,0,1,A,Belgium,Belgian First Division,football-data.co.uk
league_b7f2083d910b977d,2022-02-27,BELGIUM_1,2021-22,LEAGUE,,Waregem,Seraing,1,0,H,Belgium,Belgian First Division,football-data.co.uk
league_85f11bf5e2ab1fe1,2022-03-02,BELGIUM_1,2021-22,LEAGUE,,Standard Liège,Beerschot VA,1,0,H,Belgium,Belgian First Division,football-data.co.uk
league_4470af91d5c7de04,2022-03-04,BELGIUM_1,2021-22,LEAGUE,,St Truiden,Mechelen,1,1,D,Belgium,Belgian First Division,football-data.co.uk
league_2374b8f0fc17a704,2022-03-05,BELGIUM_1,2021-22,LEAGUE,,Cercle Brugge,KRC Genk,2,2,D,Belgium,Belgian First Division,football-data.co.uk
league_7076a0caa6561c5f,2022-03-05,BELGIUM_1,2021-22,LEAGUE,,Kortrijk,St. Gilloise,2,3,A,Belgium,Belgian First Division,football-data.co.uk
league_aa4443c860fe48ab,2022-03-05,BELGIUM_1,2021-22,LEAGUE,,Seraing,Club Brugge KV,0,5,A,Belgium,Belgian First Division,football-data.co.uk
league_5f2d14f513f5a864,2022-03-06,BELGIUM_1,2021-22,LEAGUE,,Antwerp,Beerschot VA,2,1,H,Belgium,Belgian First Division,football-data.co.uk
league_02f58aabaa37e650,2022-03-06,BELGIUM_1,2021-22,LEAGUE,,Charleroi,Standard Liège,0,0,D,Belgium,Belgian First Division,football-data.co.uk
league_4939bbb4970d679d,2022-03-06,BELGIUM_1,2021-22,LEAGUE,,Eupen,Oud-Heverlee Leuven,3,1,H,Belgium,Belgian First Division,football-data.co.uk
league_eda19825e20b72d0,2022-03-06,BELGIUM_1,2021-22,LEAGUE,,KAA Gent,Waregem,2,1,H,Belgium,Belgian First Division,football-data.co.uk
league_e01581c736e8b1e0,2022-03-06,BELGIUM_1,2021-22,LEAGUE,,RSC Anderlecht,Oostende,3,0,H,Belgium,Belgian First Division,football-data.co.uk
league_4952ef9ad1b26f9b,2022-03-11,BELGIUM_1,2021-22,LEAGUE,,Oud-Heverlee Leuven,St. Gilloise,1,4,A,Belgium,Belgian First Division,football-data.co.uk
league_e71468c925d3b87a,2022-03-12,BELGIUM_1,2021-22,LEAGUE,,Cercle Brugge,Kortrijk,2,0,H,Belgium,Belgian First Division,football-data.co.uk
league_d075f1b174c02988,2022-03-12,BELGIUM_1,2021-22,LEAGUE,,Mechelen,Charleroi,2,2,D,Belgium,Belgian First Division,football-data.co.uk
league_e5bc0011fde14eee,2022-03-12,BELGIUM_1,2021-22,LEAGUE,,Oostende,Club Brugge KV,1,3,A,Belgium,Belgian First Division,football-data.co.uk
league_9c395f1b09bd22cc,2022-03-12,BELGIUM_1,2021-22,LEAGUE,,Waregem,Eupen,3,0,H,Belgium,Belgian First Division,football-data.co.uk
league_cfd1796d0b6c2a12,2022-03-13,BELGIUM_1,2021-22,LEAGUE,,Beerschot VA,KAA Gent,0,2,A,Belgium,Belgian First Division,football-data.co.uk
league_17c8586248ddf637,2022-03-13,BELGIUM_1,2021-22,LEAGUE,,KRC Genk,St Truiden,0,1,A,Belgium,Belgian First Division,football-data.co.uk
league_d94a35bdc14170c9,2022-03-13,BELGIUM_1,2021-22,LEAGUE,,RSC Anderlecht,Antwerp,2,1,H,Belgium,Belgian First Division,football-data.co.uk
league_5b2fee6e438fa7da,2022-03-13,BELGIUM_1,2021-22,LEAGUE,,Standard Liège,Seraing,0,1,A,Belgium,Belgian First Division,football-data.co.uk
league_095779c25bbf6070,2022-03-18,BELGIUM_1,2021-22,LEAGUE,,St. Gilloise,Oostende,1,1,D,Belgium,Belgian First Division,football-data.co.uk
league_0d2e818dac67945b,2022-03-19,BELGIUM_1,2021-22,LEAGUE,,Antwerp,Waregem,1,0,H,Belgium,Belgian First Division,football-data.co.uk
league_882c3e5ac113627a,2022-03-19,BELGIUM_1,2021-22,LEAGUE,,Charleroi,Cercle Brugge,5,0,H,Belgium,Belgian First Division,football-data.co.uk
league_067eb3813295ec50,2022-03-19,BELGIUM_1,2021-22,LEAGUE,,Eupen,Mechelen,1,1,D,Belgium,Belgian First Division,football-data.co.uk
league_fcfea9db24223ce1,2022-03-19,BELGIUM_1,2021-22,LEAGUE,,Seraing,Oud-Heverlee Leuven,1,1,D,Belgium,Belgian First Division,football-data.co.uk
league_d54e4807351a0715,2022-03-20,BELGIUM_1,2021-22,LEAGUE,,Club Brugge KV,KRC Genk,3,1,H,Belgium,Belgian First Division,football-data.co.uk
league_d673f3a8c1d2e4ab,2022-03-20,BELGIUM_1,2021-22,LEAGUE,,KAA Gent,RSC Anderlecht,1,0,H,Belgium,Belgian First Division,football-data.co.uk
league_186dbc7eca74b454,2022-03-20,BELGIUM_1,2021-22,LEAGUE,,Kortrijk,Standard Liège,0,1,A,Belgium,Belgian First Division,football-data.co.uk
league_bd2d5483efd568b5,2022-03-20,BELGIUM_1,2021-22,LEAGUE,,St Truiden,Beerschot VA,3,2,H,Belgium,Belgian First Division,football-data.co.uk
league_389f32c7f6beb674,2022-04-01,BELGIUM_1,2021-22,LEAGUE,,Beerschot VA,Club Brugge KV,1,3,A,Belgium,Belgian First Division,football-data.co.uk
league_79905bc6ae94d017,2022-04-02,BELGIUM_1,2021-22,LEAGUE,,Mechelen,Kortrijk,3,2,H,Belgium,Belgian First Division,football-data.co.uk
league_149b4f39504377a8,2022-04-02,BELGIUM_1,2021-22,LEAGUE,,Oostende,Seraing,2,2,D,Belgium,Belgian First Division,football-data.co.uk
league_b4441c97c9875c6f,2022-04-02,BELGIUM_1,2021-22,LEAGUE,,Oud-Heverlee Leuven,Antwerp,0,1,A,Belgium,Belgian First Division,football-data.co.uk
league_c08bb733015d9160,2022-04-02,BELGIUM_1,2021-22,LEAGUE,,Waregem,St Truiden,0,2,A,Belgium,Belgian First Division,football-data.co.uk
league_6bb46a784083fdaf,2022-04-03,BELGIUM_1,2021-22,LEAGUE,,Cercle Brugge,KAA Gent,2,2,D,Belgium,Belgian First Division,football-data.co.uk
league_74909a136a5914ad,2022-04-03,BELGIUM_1,2021-22,LEAGUE,,KRC Genk,Eupen,5,0,H,Belgium,Belgian First Division,football-data.co.uk
league_4e6a4652b858cc9d,2022-04-03,BELGIUM_1,2021-22,LEAGUE,,RSC Anderlecht,Charleroi,4,0,H,Belgium,Belgian First Division,football-data.co.uk
league_24cb72e7415ba51e,2022-04-03,BELGIUM_1,2021-22,LEAGUE,,Standard Liège,St. Gilloise,1,3,A,Belgium,Belgian First Division,football-data.co.uk
league_876245e3db017fd5,2022-04-09,BELGIUM_1,2021-22,LEAGUE,,Antwerp,Cercle Brugge,1,1,D,Belgium,Belgian First Division,football-data.co.uk
league_da1d7f696c25332b,2022-04-09,BELGIUM_1,2021-22,LEAGUE,,Eupen,Oostende,0,2,A,Belgium,Belgian First Division,football-data.co.uk
league_3c2294b8306ba84c,2022-04-10,BELGIUM_1,2021-22,LEAGUE,,Charleroi,Waregem,3,0,H,Belgium,Belgian First Division,football-data.co.uk
league_e9caefa1ad089802,2022-04-10,BELGIUM_1,2021-22,LEAGUE,,Club Brugge KV,Mechelen,2,0,H,Belgium,Belgian First Division,football-data.co.uk
league_a7a6a8fbc4c7a5cb,2022-04-10,BELGIUM_1,2021-22,LEAGUE,,KAA Gent,Oud-Heverlee Leuven,5,0,H,Belgium,Belgian First Division,football-data.co.uk
league_c3ff5e1cd03e10c8,2022-04-10,BELGIUM_1,2021-22,LEAGUE,,Kortrijk,RSC Anderlecht,2,3,A,Belgium,Belgian First Division,football-data.co.uk
league_09c41596e18324f0,2022-04-10,BELGIUM_1,2021-22,LEAGUE,,Seraing,KRC Genk,0,2,A,Belgium,Belgian First Division,football-data.co.uk
league_f3b890fd7be2bd00,2022-04-10,BELGIUM_1,2021-22,LEAGUE,,St Truiden,Standard Liège,3,0,H,Belgium,Belgian First Division,football-data.co.uk
league_7a2e1c819c301d85,2022-04-10,BELGIUM_1,2021-22,LEAGUE,,St. Gilloise,Beerschot VA,5,0,H,Belgium,Belgian First Division,football-data.co.uk
league_3ac26ab458c482c2,2022-07-22,BELGIUM_1,2022-23,LEAGUE,,Standard Liège,KAA Gent,2,2,D,Belgium,Belgian First Division,football-data.co.uk
league_be7a5625b32b0a06,2022-07-23,BELGIUM_1,2022-23,LEAGUE,,Charleroi,Eupen,3,1,H,Belgium,Belgian First Division,football-data.co.uk
league_378bd21c8f01889a,2022-07-23,BELGIUM_1,2022-23,LEAGUE,,Kortrijk,Oud-Heverlee Leuven,0,2,A,Belgium,Belgian First Division,football-data.co.uk
league_d7ba142cf753cf8e,2022-07-23,BELGIUM_1,2022-23,LEAGUE,,St Truiden,St. Gilloise,1,1,D,Belgium,Belgian First Division,football-data.co.uk
league_1542202d60f8cfea,2022-07-23,BELGIUM_1,2022-23,LEAGUE,,Waregem,Seraing,2,0,H,Belgium,Belgian First Division,football-data.co.uk
league_1462919e08ee29dd,2022-07-24,BELGIUM_1,2022-23,LEAGUE,,Club Brugge KV,KRC Genk,3,2,H,Belgium,Belgian First Division,football-data.co.uk
league_c5f48287ae702043,2022-07-24,BELGIUM_1,2022-23,LEAGUE,,Mechelen,Antwerp,0,2,A,Belgium,Belgian First Division,football-data.co.uk
league_45c7f00896efff32,2022-07-24,BELGIUM_1,2022-23,LEAGUE,,RSC Anderlecht,Oostende,2,0,H,Belgium,Belgian First Division,football-data.co.uk
league_4cdc831bbf7e28ee,2022-07-24,BELGIUM_1,2022-23,LEAGUE,,Westerlo,Cercle Brugge,2,0,H,Belgium,Belgian First Division,football-data.co.uk
league_7621a017129a7519,2022-07-29,BELGIUM_1,2022-23,LEAGUE,,St. Gilloise,Charleroi,1,0,H,Belgium,Belgian First Division,football-data.co.uk
league_beb49a6f63065361,2022-07-30,BELGIUM_1,2022-23,LEAGUE,,Cercle Brugge,RSC Anderlecht,1,0,H,Belgium,Belgian First Division,football-data.co.uk
league_328d0729e580c546,2022-07-30,BELGIUM_1,2022-23,LEAGUE,,KAA Gent,St Truiden,1,1,D,Belgium,Belgian First Division,football-data.co.uk
league_593d7cad077f08a1,2022-07-30,BELGIUM_1,2022-23,LEAGUE,,Oostende,Mechelen,2,1,H,Belgium,Belgian First Division,football-data.co.uk
league_05325c55ad557d92,2022-07-30,BELGIUM_1,2022-23,LEAGUE,,Oud-Heverlee Leuven,Westerlo,2,0,H,Belgium,Belgian First Division,football-data.co.uk
league_384f26da0b632689,2022-07-31,BELGIUM_1,2022-23,LEAGUE,,Antwerp,Waregem,1,0,H,Belgium,Belgian First Division,football-data.co.uk
league_aeb3959038743c8e,2022-07-31,BELGIUM_1,2022-23,LEAGUE,,Eupen,Club Brugge KV,2,1,H,Belgium,Belgian First Division,football-data.co.uk
league_cef27c073c611f74,2022-07-31,BELGIUM_1,2022-23,LEAGUE,,KRC Genk,Standard Liège,3,1,H,Belgium,Belgian First Division,football-data.co.uk
league_c4550c32c9907232,2022-07-31,BELGIUM_1,2022-23,LEAGUE,,Seraing,Kortrijk,0,1,A,Belgium,Belgian First Division,football-data.co.uk
league_a9ef128a492019e1,2022-08-05,BELGIUM_1,2022-23,LEAGUE,,Club Brugge KV,Waregem,1,1,D,Belgium,Belgian First Division,football-data.co.uk
league_7b2a7bf5b41dfdfd,2022-08-06,BELGIUM_1,2022-23,LEAGUE,,Charleroi,Oostende,1,3,A,Belgium,Belgian First Division,football-data.co.uk
league_33d0ef8d405941cc,2022-08-06,BELGIUM_1,2022-23,LEAGUE,,KRC Genk,Eupen,4,2,H,Belgium,Belgian First Division,football-data.co.uk
league_0fe8203f670beaa8,2022-08-06,BELGIUM_1,2022-23,LEAGUE,,Kortrijk,St Truiden,0,0,D,Belgium,Belgian First Division,football-data.co.uk
league_0a838ecc78b9493c,2022-08-06,BELGIUM_1,2022-23,LEAGUE,,Mechelen,St. Gilloise,3,0,H,Belgium,Belgian First Division,football-data.co.uk
league_90cedb416bf8d9f1,2022-08-07,BELGIUM_1,2022-23,LEAGUE,,Antwerp,Oud-Heverlee Leuven,4,2,H,Belgium,Belgian First Division,football-data.co.uk
league_d02411bab9e5a604,2022-08-07,BELGIUM_1,2022-23,LEAGUE,,KAA Gent,Westerlo,2,1,H,Belgium,Belgian First Division,football-data.co.uk
league_6e41de8d6f560cba,2022-08-07,BELGIUM_1,2022-23,LEAGUE,,RSC Anderlecht,Seraing,3,1,H,Belgium,Belgian First Division,football-data.co.uk
league_18f6d9087c1978e2,2022-08-07,BELGIUM_1,2022-23,LEAGUE,,Standard Liège,Cercle Brugge,2,0,H,Belgium,Belgian First Division,football-data.co.uk
league_94d29631c26e998b,2022-08-12,BELGIUM_1,2022-23,LEAGUE,,Oostende,KAA Gent,1,3,A,Belgium,Belgian First Division,football-data.co.uk
league_17898c564757a537,2022-08-13,BELGIUM_1,2022-23,LEAGUE,,Cercle Brugge,Mechelen,0,0,D,Belgium,Belgian First Division,football-data.co.uk
league_3b1389acdfd306aa,2022-08-13,BELGIUM_1,2022-23,LEAGUE,,Seraing,Charleroi,0,1,A,Belgium,Belgian First Division,football-data.co.uk
league_0c4b3a6f5ff0f129,2022-08-13,BELGIUM_1,2022-23,LEAGUE,,St. Gilloise,Kortrijk,2,1,H,Belgium,Belgian First Division,football-data.co.uk
league_0c5f28a20c456133,2022-08-13,BELGIUM_1,2022-23,LEAGUE,,Westerlo,Standard Liège,4,2,H,Belgium,Belgian First Division,football-data.co.uk
league_757cac53f501fb74,2022-08-14,BELGIUM_1,2022-23,LEAGUE,,Eupen,Antwerp,0,1,A,Belgium,Belgian First Division,football-data.co.uk
league_d674b52a325287d0,2022-08-14,BELGIUM_1,2022-23,LEAGUE,,Oud-Heverlee Leuven,Club Brugge KV,0,3,A,Belgium,Belgian First Division,football-data.co.uk
league_c40ae57c22adb046,2022-08-14,BELGIUM_1,2022-23,LEAGUE,,St Truiden,RSC Anderlecht,0,3,A,Belgium,Belgian First Division,football-data.co.uk
league_32ccb58750dc3449,2022-08-14,BELGIUM_1,2022-23,LEAGUE,,Waregem,KRC Genk,1,4,A,Belgium,Belgian First Division,football-data.co.uk
league_b37f574b55d11717,2022-08-19,BELGIUM_1,2022-23,LEAGUE,,Eupen,Seraing,1,3,A,Belgium,Belgian First Division,football-data.co.uk
league_d02d6a20c242b72c,2022-08-20,BELGIUM_1,2022-23,LEAGUE,,KRC Genk,Cercle Brugge,2,1,H,Belgium,Belgian First Division,football-data.co.uk
league_7edb382acd7d7873,2022-08-20,BELGIUM_1,2022-23,LEAGUE,,Oostende,St Truiden,0,1,A,Belgium,Belgian First Division,football-data.co.uk
league_3be1daecd438be88,2022-08-21,BELGIUM_1,2022-23,LEAGUE,,Club Brugge KV,Kortrijk,2,1,H,Belgium,Belgian First Division,football-data.co.uk
league_a9052d2bc5bc75f2,2022-08-21,BELGIUM_1,2022-23,LEAGUE,,Mechelen,Westerlo,5,4,H,Belgium,Belgian First Division,football-data.co.uk
league_17202579e5670577,2022-08-21,BELGIUM_1,2022-23,LEAGUE,,Standard Liège,Oud-Heverlee Leuven,1,3,A,Belgium,Belgian First Division,football-data.co.uk
league_7baba925ae71570c,2022-08-21,BELGIUM_1,2022-23,LEAGUE,,Waregem,Charleroi,1,3,A,Belgium,Belgian First Division,football-data.co.uk
league_f7e5dc114f630b5a,2022-08-26,BELGIUM_1,2022-23,LEAGUE,,Charleroi,Club Brugge KV,1,3,A,Belgium,Belgian First Division,football-data.co.uk
league_c7a861ee6b499125,2022-08-27,BELGIUM_1,2022-23,LEAGUE,,Cercle Brugge,Waregem,1,1,D,Belgium,Belgian First Division,football-data.co.uk
league_4c0b631715cdd867,2022-08-27,BELGIUM_1,2022-23,LEAGUE,,Oud-Heverlee Leuven,Oostende,2,1,H,Belgium,Belgian First Division,football-data.co.uk
league_eca125e99bdf8878,2022-08-27,BELGIUM_1,2022-23,LEAGUE,,Seraing,KRC Genk,0,4,A,Belgium,Belgian First Division,football-data.co.uk
league_6f505089e395f7bf,2022-08-27,BELGIUM_1,2022-23,LEAGUE,,St Truiden,Mechelen,3,1,H,Belgium,Belgian First Division,football-data.co.uk
league_46c56a7fee55d497,2022-08-28,BELGIUM_1,2022-23,LEAGUE,,KAA Gent,Antwerp,1,2,A,Belgium,Belgian First Division,football-data.co.uk
league_a220e5d709a625fb,2022-08-28,BELGIUM_1,2022-23,LEAGUE,,Kortrijk,Standard Liège,0,1,A,Belgium,Belgian First Division,football-data.co.uk
league_5ab01691bb60de5e,2022-08-28,BELGIUM_1,2022-23,LEAGUE,,St. Gilloise,RSC Anderlecht,2,1,H,Belgium,Belgian First Division,football-data.co.uk
league_6627442a5ffa3001,2022-08-28,BELGIUM_1,2022-23,LEAGUE,,Westerlo,Eupen,0,1,A,Belgium,Belgian First Division,football-data.co.uk
league_8dc2e5abac51c64d,2022-08-31,BELGIUM_1,2022-23,LEAGUE,,Antwerp,St. Gilloise,4,2,H,Belgium,Belgian First Division,football-data.co.uk
league_0054a054c07342b7,2022-09-01,BELGIUM_1,2022-23,LEAGUE,,RSC Anderlecht,KAA Gent,0,1,A,Belgium,Belgian First Division,football-data.co.uk
league_215973882084efef,2022-09-02,BELGIUM_1,2022-23,LEAGUE,,Club Brugge KV,Cercle Brugge,4,0,H,Belgium,Belgian First Division,football-data.co.uk
league_35d976c154a8b539,2022-09-03,BELGIUM_1,2022-23,LEAGUE,,Eupen,Kortrijk,0,1,A,Belgium,Belgian First Division,football-data.co.uk
league_ef29dd85ba7133ec,2022-09-03,BELGIUM_1,2022-23,LEAGUE,,KRC Genk,St Truiden,0,0,D,Belgium,Belgian First Division,football-data.co.uk
league_0f72a55a448cd110,2022-09-03,BELGIUM_1,2022-23,LEAGUE,,Mechelen,Seraing,2,3,A,Belgium,Belgian First Division,football-data.co.uk
league_ecdd284881e4e41f,2022-09-03,BELGIUM_1,2022-23,LEAGUE,,Standard Liège,Oostende,1,0,H,Belgium,Belgian First Division,football-data.co.uk
league_746723b132e768d7,2022-09-04,BELGIUM_1,2022-23,LEAGUE,,Antwerp,Westerlo,3,0,H,Belgium,Belgian First Division,football-data.co.uk
league_cb8456588d174c9e,2022-09-04,BELGIUM_1,2022-23,LEAGUE,,Charleroi,KAA Gent,2,1,H,Belgium,Belgian First Division,football-data.co.uk
league_78913b2cc7559603,2022-09-04,BELGIUM_1,2022-23,LEAGUE,,RSC Anderlecht,Oud-Heverlee Leuven,2,2,D,Belgium,Belgian First Division,football-data.co.uk
league_5acd4d9e649d1397,2022-09-04,BELGIUM_1,2022-23,LEAGUE,,Waregem,St. Gilloise,1,3,A,Belgium,Belgian First Division,football-data.co.uk
league_593b9ad28dd19d0a,2022-09-09,BELGIUM_1,2022-23,LEAGUE,,St Truiden,Standard Liège,1,2,A,Belgium,Belgian First Division,football-data.co.uk
league_0ebf154cf9daac75,2022-09-10,BELGIUM_1,2022-23,LEAGUE,,Kortrijk,Mechelen,1,4,A,Belgium,Belgian First Division,football-data.co.uk
league_4bc1b2bb009ea7f0,2022-09-10,BELGIUM_1,2022-23,LEAGUE,,Oostende,Eupen,1,0,H,Belgium,Belgian First Division,football-data.co.uk
league_5d868efbd1c816c3,2022-09-10,BELGIUM_1,2022-23,LEAGUE,,Oud-Heverlee Leuven,Charleroi,3,2,H,Belgium,Belgian First Division,football-data.co.uk
league_708b1094e9961d8c,2022-09-10,BELGIUM_1,2022-23,LEAGUE,,Seraing,Club Brugge KV,0,2,A,Belgium,Belgian First Division,football-data.co.uk
league_9cb5c8119adcb9d7,2022-09-11,BELGIUM_1,2022-23,LEAGUE,,Cercle Brugge,Antwerp,0,2,A,Belgium,Belgian First Division,football-data.co.uk
league_2a4fe3e6e63d0dfc,2022-09-11,BELGIUM_1,2022-23,LEAGUE,,KAA Gent,Waregem,2,0,H,Belgium,Belgian First Division,football-data.co.uk
league_ae86a02edea65331,2022-09-11,BELGIUM_1,2022-23,LEAGUE,,St. Gilloise,KRC Genk,1,2,A,Belgium,Belgian First Division,football-data.co.uk
league_ac8b4c8c1a52524c,2022-09-11,BELGIUM_1,2022-23,LEAGUE,,Westerlo,RSC Anderlecht,2,1,H,Belgium,Belgian First Division,football-data.co.uk
league_29af93349ec57b78,2022-09-16,BELGIUM_1,2022-23,LEAGUE,,Antwerp,Seraing,2,1,H,Belgium,Belgian First Division,football-data.co.uk
league_0638b78e07149353,2022-09-17,BELGIUM_1,2022-23,LEAGUE,,Cercle Brugge,Oostende,2,2,D,Belgium,Belgian First Division,football-data.co.uk
league_86669fd93227a05a,2022-09-17,BELGIUM_1,2022-23,LEAGUE,,Charleroi,Westerlo,2,3,A,Belgium,Belgian First Division,football-data.co.uk
league_f77a42cb26dc4235,2022-09-17,BELGIUM_1,2022-23,LEAGUE,,Mechelen,Oud-Heverlee Leuven,0,0,D,Belgium,Belgian First Division,football-data.co.uk
league_823c629c86d12973,2022-09-17,BELGIUM_1,2022-23,LEAGUE,,Waregem,St Truiden,0,3,A,Belgium,Belgian First Division,football-data.co.uk
league_e10c4d622b316b10,2022-09-18,BELGIUM_1,2022-23,LEAGUE,,Eupen,St. Gilloise,1,2,A,Belgium,Belgian First Division,football-data.co.uk
league_aa00007ab5243212,2022-09-18,BELGIUM_1,2022-23,LEAGUE,,KRC Genk,KAA Gent,1,0,H,Belgium,Belgian First Division,football-data.co.uk
league_7941d7d19278a09e,2022-09-18,BELGIUM_1,2022-23,LEAGUE,,RSC Anderlecht,Kortrijk,4,1,H,Belgium,Belgian First Division,football-data.co.uk
league_b5ffda68c0abf1dc,2022-09-18,BELGIUM_1,2022-23,LEAGUE,,Standard Liège,Club Brugge KV,3,0,H,Belgium,Belgian First Division,football-data.co.uk
league_404268b7e3d02985,2022-09-30,BELGIUM_1,2022-23,LEAGUE,,Standard Liège,Seraing,0,2,A,Belgium,Belgian First Division,football-data.co.uk
league_305fa9302822641d,2022-10-01,BELGIUM_1,2022-23,LEAGUE,,Club Brugge KV,Mechelen,3,0,H,Belgium,Belgian First Division,football-data.co.uk
league_91c352036b8b7a0c,2022-10-01,BELGIUM_1,2022-23,LEAGUE,,Oostende,KRC Genk,1,2,A,Belgium,Belgian First Division,football-data.co.uk
league_26eb59a87a4535f2,2022-10-01,BELGIUM_1,2022-23,LEAGUE,,Oud-Heverlee Leuven,St. Gilloise,0,3,A,Belgium,Belgian First Division,football-data.co.uk
league_48f7603dac1a4e64,2022-10-01,BELGIUM_1,2022-23,LEAGUE,,Westerlo,Waregem,2,0,H,Belgium,Belgian First Division,football-data.co.uk
league_c0ef6d1963ce1ce5,2022-10-02,BELGIUM_1,2022-23,LEAGUE,,KAA Gent,Cercle Brugge,3,4,A,Belgium,Belgian First Division,football-data.co.uk
league_ff9e7085757c2399,2022-10-02,BELGIUM_1,2022-23,LEAGUE,,Kortrijk,Antwerp,2,1,H,Belgium,Belgian First Division,football-data.co.uk
league_3421239d584c45c2,2022-10-02,BELGIUM_1,2022-23,LEAGUE,,RSC Anderlecht,Charleroi,0,1,A,Belgium,Belgian First Division,football-data.co.uk
league_ff5778045b68790e,2022-10-02,BELGIUM_1,2022-23,LEAGUE,,St Truiden,Eupen,0,1,A,Belgium,Belgian First Division,football-data.co.uk
league_cd9c9959d1e7fe7f,2022-10-07,BELGIUM_1,2022-23,LEAGUE,,Antwerp,St Truiden,2,0,H,Belgium,Belgian First Division,football-data.co.uk
league_7c5ee20cd471bbbf,2022-10-08,BELGIUM_1,2022-23,LEAGUE,,Club Brugge KV,Westerlo,0,2,A,Belgium,Belgian First Division,football-data.co.uk
league_2c96ee1bfe1ab722,2022-10-08,BELGIUM_1,2022-23,LEAGUE,,KRC Genk,Kortrijk,2,1,H,Belgium,Belgian First Division,football-data.co.uk
league_853bab81694e3f90,2022-10-08,BELGIUM_1,2022-23,LEAGUE,,Seraing,Oostende,1,1,D,Belgium,Belgian First Division,football-data.co.uk
league_eb2a75032ad97f55,2022-10-08,BELGIUM_1,2022-23,LEAGUE,,Waregem,Oud-Heverlee Leuven,2,5,A,Belgium,Belgian First Division,football-data.co.uk
league_e58a19d37d8519a5,2022-10-09,BELGIUM_1,2022-23,LEAGUE,,Charleroi,Standard Liège,0,1,A,Belgium,Belgian First Division,football-data.co.uk
league_0f7ca1a0f0af45d9,2022-10-09,BELGIUM_1,2022-23,LEAGUE,,Eupen,KAA Gent,0,4,A,Belgium,Belgian First Division,football-data.co.uk
league_619362a4c1be927d,2022-10-09,BELGIUM_1,2022-23,LEAGUE,,Mechelen,RSC Anderlecht,1,3,A,Belgium,Belgian First Division,football-data.co.uk
league_46433ec90ed34c98,2022-10-09,BELGIUM_1,2022-23,LEAGUE,,St. Gilloise,Cercle Brugge,2,1,H,Belgium,Belgian First Division,football-data.co.uk
league_dba2d52c27630e26,2022-10-14,BELGIUM_1,2022-23,LEAGUE,,Westerlo,Seraing,2,2,D,Belgium,Belgian First Division,football-data.co.uk
league_086b84a164334b7f,2022-10-15,BELGIUM_1,2022-23,LEAGUE,,Cercle Brugge,Eupen,5,1,H,Belgium,Belgian First Division,football-data.co.uk
league_3489ea1d62a7e217,2022-10-15,BELGIUM_1,2022-23,LEAGUE,,Kortrijk,Waregem,1,3,A,Belgium,Belgian First Division,football-data.co.uk
league_007c4771bbf05651,2022-10-15,BELGIUM_1,2022-23,LEAGUE,,Oud-Heverlee Leuven,KRC Genk,0,1,A,Belgium,Belgian First Division,football-data.co.uk
league_58f2c644cf288585,2022-10-15,BELGIUM_1,2022-23,LEAGUE,,St Truiden,Charleroi,2,1,H,Belgium,Belgian First Division,football-data.co.uk
league_6b645f845730cec9,2022-10-16,BELGIUM_1,2022-23,LEAGUE,,KAA Gent,Mechelen,3,0,H,Belgium,Belgian First Division,football-data.co.uk
league_e4b05f4005a3c58d,2022-10-16,BELGIUM_1,2022-23,LEAGUE,,Oostende,St. Gilloise,1,6,A,Belgium,Belgian First Division,football-data.co.uk
league_3bc2dba2c190743b,2022-10-16,BELGIUM_1,2022-23,LEAGUE,,RSC Anderlecht,Club Brugge KV,0,1,A,Belgium,Belgian First Division,football-data.co.uk
league_65da641c56cb049e,2022-10-16,BELGIUM_1,2022-23,LEAGUE,,Standard Liège,Antwerp,3,0,H,Belgium,Belgian First Division,football-data.co.uk
league_905d6f4edafdb45b,2022-10-18,BELGIUM_1,2022-23,LEAGUE,,Charleroi,Kortrijk,2,2,D,Belgium,Belgian First Division,football-data.co.uk
league_af3fee886a30d927,2022-10-18,BELGIUM_1,2022-23,LEAGUE,,Eupen,Oud-Heverlee Leuven,4,2,H,Belgium,Belgian First Division,football-data.co.uk
league_52194a1b2769c9da,2022-10-18,BELGIUM_1,2022-23,LEAGUE,,KRC Genk,Westerlo,6,1,H,Belgium,Belgian First Division,football-data.co.uk
league_9c32392994964ac5,2022-10-18,BELGIUM_1,2022-23,LEAGUE,,Seraing,Cercle Brugge,0,1,A,Belgium,Belgian First Division,football-data.co.uk
league_560fd90eb3e5e6cb,2022-10-19,BELGIUM_1,2022-23,LEAGUE,,Club Brugge KV,St Truiden,3,0,H,Belgium,Belgian First Division,football-data.co.uk
league_7398fdcb902b0dbb,2022-10-19,BELGIUM_1,2022-23,LEAGUE,,Mechelen,Standard Liège,2,0,H,Belgium,Belgian First Division,football-data.co.uk
league_eaae8e217f547b19,2022-10-19,BELGIUM_1,2022-23,LEAGUE,,St. Gilloise,KAA Gent,2,0,H,Belgium,Belgian First Division,football-data.co.uk
league_b50250d1bc3c7fd2,2022-10-20,BELGIUM_1,2022-23,LEAGUE,,Antwerp,Oostende,3,0,H,Belgium,Belgian First Division,football-data.co.uk
league_b3a9a3adc1207478,2022-10-20,BELGIUM_1,2022-23,LEAGUE,,Waregem,RSC Anderlecht,3,2,H,Belgium,Belgian First Division,football-data.co.uk
league_6298198482fae641,2022-10-21,BELGIUM_1,2022-23,LEAGUE,,Cercle Brugge,Charleroi,4,1,H,Belgium,Belgian First Division,football-data.co.uk
league_ba212f16fbcdbf18,2022-10-22,BELGIUM_1,2022-23,LEAGUE,,Kortrijk,Westerlo,0,2,A,Belgium,Belgian First Division,football-data.co.uk
league_6165c854fd8844ad,2022-10-22,BELGIUM_1,2022-23,LEAGUE,,Mechelen,Eupen,2,1,H,Belgium,Belgian First Division,football-data.co.uk
league_326ddabea6f673dd,2022-10-22,BELGIUM_1,2022-23,LEAGUE,,St Truiden,Oud-Heverlee Leuven,0,0,D,Belgium,Belgian First Division,football-data.co.uk
league_6b078cfc07083282,2022-10-22,BELGIUM_1,2022-23,LEAGUE,,St. Gilloise,Club Brugge KV,2,2,D,Belgium,Belgian First Division,football-data.co.uk
league_f8b9977893741cad,2022-10-23,BELGIUM_1,2022-23,LEAGUE,,Antwerp,KRC Genk,1,3,A,Belgium,Belgian First Division,football-data.co.uk
league_f2e3c22a729daa55,2022-10-23,BELGIUM_1,2022-23,LEAGUE,,KAA Gent,Seraing,2,1,H,Belgium,Belgian First Division,football-data.co.uk
league_e9d5936ec14bb3a3,2022-10-23,BELGIUM_1,2022-23,LEAGUE,,Oostende,Waregem,2,1,H,Belgium,Belgian First Division,football-data.co.uk
league_928ebadb25f1d0ac,2022-10-23,BELGIUM_1,2022-23,LEAGUE,,Standard Liège,RSC Anderlecht,5,0,H,Belgium,Belgian First Division,football-data.co.uk
league_5b9681fb1c2c92ef,2022-10-28,BELGIUM_1,2022-23,LEAGUE,,KRC Genk,Mechelen,3,1,H,Belgium,Belgian First Division,football-data.co.uk
league_fd3dd29fbc74db6b,2022-10-29,BELGIUM_1,2022-23,LEAGUE,,Club Brugge KV,Oostende,4,2,H,Belgium,Belgian First Division,football-data.co.uk
league_3fbda7892fdb7df6,2022-10-29,BELGIUM_1,2022-23,LEAGUE,,Kortrijk,Cercle Brugge,1,1,D,Belgium,Belgian First Division,football-data.co.uk
league_f077d610e07a4152,2022-10-29,BELGIUM_1,2022-23,LEAGUE,,Waregem,Standard Liège,0,3,A,Belgium,Belgian First Division,football-data.co.uk
league_25640512f7f76ca9,2022-10-29,BELGIUM_1,2022-23,LEAGUE,,Westerlo,St Truiden,2,3,A,Belgium,Belgian First Division,football-data.co.uk
league_9bac56696f0c210d,2022-10-30,BELGIUM_1,2022-23,LEAGUE,,Charleroi,Antwerp,1,0,H,Belgium,Belgian First Division,football-data.co.uk
league_4ecf218db7537890,2022-10-30,BELGIUM_1,2022-23,LEAGUE,,Oud-Heverlee Leuven,KAA Gent,1,1,D,Belgium,Belgian First Division,football-data.co.uk
league_0fd53219484da2cd,2022-10-30,BELGIUM_1,2022-23,LEAGUE,,RSC Anderlecht,Eupen,4,2,H,Belgium,Belgian First Division,football-data.co.uk
league_35f69bfbbb02d73d,2022-10-30,BELGIUM_1,2022-23,LEAGUE,,Seraing,St. Gilloise,1,2,A,Belgium,Belgian First Division,football-data.co.uk
league_4fc6343490a30afa,2022-11-04,BELGIUM_1,2022-23,LEAGUE,,KRC Genk,Charleroi,4,1,H,Belgium,Belgian First Division,football-data.co.uk
league_a0e8325da6c72809,2022-11-05,BELGIUM_1,2022-23,LEAGUE,,Cercle Brugge,Oud-Heverlee Leuven,2,1,H,Belgium,Belgian First Division,football-data.co.uk
league_e48b3aa265adc0d1,2022-11-05,BELGIUM_1,2022-23,LEAGUE,,Eupen,Standard Liège,2,0,H,Belgium,Belgian First Division,football-data.co.uk
league_aed3c3fbf23337c9,2022-11-05,BELGIUM_1,2022-23,LEAGUE,,Mechelen,Waregem,2,2,D,Belgium,Belgian First Division,football-data.co.uk
league_dff296410a69a856,2022-11-05,BELGIUM_1,2022-23,LEAGUE,,Seraing,St Truiden,1,2,A,Belgium,Belgian First Division,football-data.co.uk
league_473dfcf659e0eee3,2022-11-06,BELGIUM_1,2022-23,LEAGUE,,Antwerp,RSC Anderlecht,0,0,D,Belgium,Belgian First Division,football-data.co.uk
league_cbedb5b909754c0b,2022-11-06,BELGIUM_1,2022-23,LEAGUE,,KAA Gent,Club Brugge KV,2,0,H,Belgium,Belgian First Division,football-data.co.uk
league_3740fd15e2d1e917,2022-11-06,BELGIUM_1,2022-23,LEAGUE,,Oostende,Kortrijk,3,1,H,Belgium,Belgian First Division,football-data.co.uk
league_993d1b19208cf8bf,2022-11-06,BELGIUM_1,2022-23,LEAGUE,,St. Gilloise,Westerlo,1,1,D,Belgium,Belgian First Division,football-data.co.uk
league_c26e2807703448a8,2022-11-11,BELGIUM_1,2022-23,LEAGUE,,Oud-Heverlee Leuven,Seraing,5,0,H,Belgium,Belgian First Division,football-data.co.uk
league_dc03ed8f0eec30e9,2022-11-12,BELGIUM_1,2022-23,LEAGUE,,Charleroi,Mechelen,0,5,A,Belgium,Belgian First Division,football-data.co.uk
league_f4fcc4065b8e3a74,2022-11-12,BELGIUM_1,2022-23,LEAGUE,,St Truiden,Cercle Brugge,0,1,A,Belgium,Belgian First Division,football-data.co.uk
league_006e0840d0c5112c,2022-11-12,BELGIUM_1,2022-23,LEAGUE,,Waregem,Eupen,5,5,D,Belgium,Belgian First Division,football-data.co.uk
league_60f6500884dc905c,2022-11-12,BELGIUM_1,2022-23,LEAGUE,,Westerlo,Oostende,6,0,H,Belgium,Belgian First Division,football-data.co.uk
league_46cfccab47b91121,2022-11-13,BELGIUM_1,2022-23,LEAGUE,,Club Brugge KV,Antwerp,2,2,D,Belgium,Belgian First Division,football-data.co.uk
league_9a9b855c8422d291,2022-11-13,BELGIUM_1,2022-23,LEAGUE,,Kortrijk,KAA Gent,0,4,A,Belgium,Belgian First Division,football-data.co.uk
league_e40f6557d62d288e,2022-11-13,BELGIUM_1,2022-23,LEAGUE,,RSC Anderlecht,KRC Genk,0,2,A,Belgium,Belgian First Division,football-data.co.uk
league_25d83c14f13cde7c,2022-11-13,BELGIUM_1,2022-23,LEAGUE,,Standard Liège,St. Gilloise,2,3,A,Belgium,Belgian First Division,football-data.co.uk
league_26ec167fa17b7cd2,2022-12-23,BELGIUM_1,2022-23,LEAGUE,,KAA Gent,Standard Liège,0,0,D,Belgium,Belgian First Division,football-data.co.uk
league_257f5fbb484ca21e,2022-12-23,BELGIUM_1,2022-23,LEAGUE,,Mechelen,Cercle Brugge,1,1,D,Belgium,Belgian First Division,football-data.co.uk
league_b7d78845e128a99a,2022-12-23,BELGIUM_1,2022-23,LEAGUE,,Seraing,Eupen,0,1,A,Belgium,Belgian First Division,football-data.co.uk
league_8245ca9ce039e983,2022-12-26,BELGIUM_1,2022-23,LEAGUE,,Charleroi,RSC Anderlecht,0,1,A,Belgium,Belgian First Division,football-data.co.uk
league_824e9bdc0a9da6c8,2022-12-26,BELGIUM_1,2022-23,LEAGUE,,Club Brugge KV,Oud-Heverlee Leuven,1,1,D,Belgium,Belgian First Division,football-data.co.uk
league_bbc8ef16ed013dd1,2022-12-26,BELGIUM_1,2022-23,LEAGUE,,Kortrijk,KRC Genk,1,0,H,Belgium,Belgian First Division,football-data.co.uk
league_c2858201c6edca9c,2022-12-26,BELGIUM_1,2022-23,LEAGUE,,St. Gilloise,Oostende,3,0,H,Belgium,Belgian First Division,football-data.co.uk
league_93e796e31e13125a,2022-12-27,BELGIUM_1,2022-23,LEAGUE,,St Truiden,Waregem,2,0,H,Belgium,Belgian First Division,football-data.co.uk
league_fe6ded1177cd42a9,2022-12-27,BELGIUM_1,2022-23,LEAGUE,,Westerlo,Antwerp,3,3,D,Belgium,Belgian First Division,football-data.co.uk
league_6a9163ff737aced7,2023-01-06,BELGIUM_1,2022-23,LEAGUE,,Standard Liège,St Truiden,1,1,D,Belgium,Belgian First Division,football-data.co.uk
league_713f413698839397,2023-01-07,BELGIUM_1,2022-23,LEAGUE,,Antwerp,KAA Gent,2,0,H,Belgium,Belgian First Division,football-data.co.uk
league_78505e15b306637d,2023-01-07,BELGIUM_1,2022-23,LEAGUE,,Cercle Brugge,Westerlo,0,1,A,Belgium,Belgian First Division,football-data.co.uk
league_ffb22fe00e449391,2023-01-07,BELGIUM_1,2022-23,LEAGUE,,Eupen,Charleroi,1,2,A,Belgium,Belgian First Division,football-data.co.uk
league_8ad9c0c9cbb7d572,2023-01-07,BELGIUM_1,2022-23,LEAGUE,,Oostende,Seraing,1,2,A,Belgium,Belgian First Division,football-data.co.uk
league_9731d846083c0511,2023-01-08,BELGIUM_1,2022-23,LEAGUE,,KRC Genk,Club Brugge KV,3,1,H,Belgium,Belgian First Division,football-data.co.uk
league_d3eaa52dc79db25e,2023-01-08,BELGIUM_1,2022-23,LEAGUE,,Oud-Heverlee Leuven,Kortrijk,2,3,A,Belgium,Belgian First Division,football-data.co.uk
league_767b15afbf7482a1,2023-01-08,BELGIUM_1,2022-23,LEAGUE,,RSC Anderlecht,St. Gilloise,1,3,A,Belgium,Belgian First Division,football-data.co.uk
league_13d650013ec6eee7,2023-01-08,BELGIUM_1,2022-23,LEAGUE,,Waregem,Mechelen,2,0,H,Belgium,Belgian First Division,football-data.co.uk
league_e794683db0250a2f,2023-01-13,BELGIUM_1,2022-23,LEAGUE,,Westerlo,Oud-Heverlee Leuven,1,2,A,Belgium,Belgian First Division,football-data.co.uk
league_c2b5ef9a0f93d3bd,2023-01-14,BELGIUM_1,2022-23,LEAGUE,,Eupen,St Truiden,0,2,A,Belgium,Belgian First Division,football-data.co.uk
league_d2521800b2720181,2023-01-14,BELGIUM_1,2022-23,LEAGUE,,KRC Genk,Waregem,1,0,H,Belgium,Belgian First Division,football-data.co.uk
league_e3c4a66c702d2ae8,2023-01-14,BELGIUM_1,2022-23,LEAGUE,,Mechelen,Oostende,2,1,H,Belgium,Belgian First Division,football-data.co.uk
league_87f40b214623fa6c,2023-01-14,BELGIUM_1,2022-23,LEAGUE,,Seraing,Standard Liège,1,1,D,Belgium,Belgian First Division,football-data.co.uk
league_d584bdbede3086cd,2023-01-15,BELGIUM_1,2022-23,LEAGUE,,Charleroi,Cercle Brugge,2,1,H,Belgium,Belgian First Division,football-data.co.uk
league_bd80998868247bfa,2023-01-15,BELGIUM_1,2022-23,LEAGUE,,Club Brugge KV,RSC Anderlecht,1,1,D,Belgium,Belgian First Division,football-data.co.uk
league_af291d7db8d51726,2023-01-15,BELGIUM_1,2022-23,LEAGUE,,KAA Gent,Kortrijk,2,1,H,Belgium,Belgian First Division,football-data.co.uk
league_c5590f1a1895a2bb,2023-01-15,BELGIUM_1,2022-23,LEAGUE,,St. Gilloise,Antwerp,2,0,H,Belgium,Belgian First Division,football-data.co.uk
league_7f88528ea184a5f6,2023-01-17,BELGIUM_1,2022-23,LEAGUE,,Oud-Heverlee Leuven,Eupen,1,1,D,Belgium,Belgian First Division,football-data.co.uk
league_b2c8c0729b48c818,2023-01-17,BELGIUM_1,2022-23,LEAGUE,,Standard Liège,Mechelen,2,0,H,Belgium,Belgian First Division,football-data.co.uk
league_f5ffc169558753a7,2023-01-17,BELGIUM_1,2022-23,LEAGUE,,Westerlo,KRC Genk,2,3,A,Belgium,Belgian First Division,football-data.co.uk
league_34ace2e8a348d07a,2023-01-18,BELGIUM_1,2022-23,LEAGUE,,Cercle Brugge,St. Gilloise,1,1,D,Belgium,Belgian First Division,football-data.co.uk
league_d42daf94bef597e8,2023-01-18,BELGIUM_1,2022-23,LEAGUE,,Kortrijk,Seraing,3,2,H,Belgium,Belgian First Division,football-data.co.uk
league_8e9ab220c09cf68e,2023-01-18,BELGIUM_1,2022-23,LEAGUE,,Oostende,Antwerp,0,3,A,Belgium,Belgian First Division,football-data.co.uk
league_7f98e65e9e37da42,2023-01-18,BELGIUM_1,2022-23,LEAGUE,,RSC Anderlecht,Waregem,2,3,A,Belgium,Belgian First Division,football-data.co.uk
league_06826f1f394df45c,2023-01-19,BELGIUM_1,2022-23,LEAGUE,,KAA Gent,Charleroi,0,0,D,Belgium,Belgian First Division,football-data.co.uk
league_25f38773c34a294c,2023-01-19,BELGIUM_1,2022-23,LEAGUE,,St Truiden,Club Brugge KV,1,1,D,Belgium,Belgian First Division,football-data.co.uk
league_2247d27073c25229,2023-01-21,BELGIUM_1,2022-23,LEAGUE,,Mechelen,Kortrijk,3,2,H,Belgium,Belgian First Division,football-data.co.uk
league_b0c4ac69d9387f83,2023-01-21,BELGIUM_1,2022-23,LEAGUE,,Oostende,Cercle Brugge,1,2,A,Belgium,Belgian First Division,football-data.co.uk
league_33630872f61135d7,2023-01-21,BELGIUM_1,2022-23,LEAGUE,,St. Gilloise,Oud-Heverlee Leuven,1,0,H,Belgium,Belgian First Division,football-data.co.uk
league_0f998510831c664c,2023-01-21,BELGIUM_1,2022-23,LEAGUE,,Waregem,Westerlo,1,1,D,Belgium,Belgian First Division,football-data.co.uk
league_cb753fb6267345ab,2023-01-22,BELGIUM_1,2022-23,LEAGUE,,Antwerp,Standard Liège,4,1,H,Belgium,Belgian First Division,football-data.co.uk
league_d438f642229d6370,2023-01-22,BELGIUM_1,2022-23,LEAGUE,,Club Brugge KV,Charleroi,2,2,D,Belgium,Belgian First Division,football-data.co.uk
league_64bc9e0c0d6565ea,2023-01-22,BELGIUM_1,2022-23,LEAGUE,,Seraing,RSC Anderlecht,0,1,A,Belgium,Belgian First Division,football-data.co.uk
league_814cd19b4c9770cb,2023-01-22,BELGIUM_1,2022-23,LEAGUE,,St Truiden,KAA Gent,0,3,A,Belgium,Belgian First Division,football-data.co.uk
league_2241d907950e3bdf,2023-01-27,BELGIUM_1,2022-23,LEAGUE,,Standard Liège,Eupen,3,1,H,Belgium,Belgian First Division,football-data.co.uk
league_d97d4b68040bc091,2023-01-28,BELGIUM_1,2022-23,LEAGUE,,Charleroi,St. Gilloise,0,1,A,Belgium,Belgian First Division,football-data.co.uk
league_7a4a4222698baef2,2023-01-28,BELGIUM_1,2022-23,LEAGUE,,Kortrijk,Oostende,2,2,D,Belgium,Belgian First Division,football-data.co.uk
league_367228c7e7f37c19,2023-01-28,BELGIUM_1,2022-23,LEAGUE,,Oud-Heverlee Leuven,St Truiden,1,1,D,Belgium,Belgian First Division,football-data.co.uk
league_b486c8e6202451f0,2023-01-28,BELGIUM_1,2022-23,LEAGUE,,Westerlo,Mechelen,2,0,H,Belgium,Belgian First Division,football-data.co.uk
league_3fdc2d34fa487d29,2023-01-29,BELGIUM_1,2022-23,LEAGUE,,Cercle Brugge,KAA Gent,3,2,H,Belgium,Belgian First Division,football-data.co.uk
league_6838897a1705713a,2023-01-29,BELGIUM_1,2022-23,LEAGUE,,KRC Genk,Seraing,4,0,H,Belgium,Belgian First Division,football-data.co.uk
league_9346e69e5519f1cb,2023-01-29,BELGIUM_1,2022-23,LEAGUE,,RSC Anderlecht,Antwerp,0,0,D,Belgium,Belgian First Division,football-data.co.uk
league_2cfa155d54a37345,2023-01-29,BELGIUM_1,2022-23,LEAGUE,,Waregem,Club Brugge KV,1,2,A,Belgium,Belgian First Division,football-data.co.uk
league_ceceb2b44e2aa0ad,2023-02-01,BELGIUM_1,2022-23,LEAGUE,,Eupen,KRC Genk,1,1,D,Belgium,Belgian First Division,football-data.co.uk
league_76cf55030340d5d8,2023-02-03,BELGIUM_1,2022-23,LEAGUE,,Oostende,RSC Anderlecht,0,2,A,Belgium,Belgian First Division,football-data.co.uk
league_6e42aed9eb867320,2023-02-04,BELGIUM_1,2022-23,LEAGUE,,Cercle Brugge,Standard Liège,1,1,D,Belgium,Belgian First Division,football-data.co.uk
league_0987d02aa6a0327a,2023-02-04,BELGIUM_1,2022-23,LEAGUE,,Eupen,Westerlo,1,1,D,Belgium,Belgian First Division,football-data.co.uk
league_02f29a7a399e8556,2023-02-04,BELGIUM_1,2022-23,LEAGUE,,Seraing,Oud-Heverlee Leuven,2,1,H,Belgium,Belgian First Division,football-data.co.uk
league_02e6187724d8b6e6,2023-02-04,BELGIUM_1,2022-23,LEAGUE,,St Truiden,Kortrijk,1,0,H,Belgium,Belgian First Division,football-data.co.uk
league_182f01a8c50481a8,2023-02-05,BELGIUM_1,2022-23,LEAGUE,,Antwerp,Club Brugge KV,0,0,D,Belgium,Belgian First Division,football-data.co.uk
league_c23056c5719a760f,2023-02-05,BELGIUM_1,2022-23,LEAGUE,,KAA Gent,KRC Genk,2,3,A,Belgium,Belgian First Division,football-data.co.uk
league_f45185f0dddc15ab,2023-02-05,BELGIUM_1,2022-23,LEAGUE,,Mechelen,Charleroi,2,2,D,Belgium,Belgian First Division,football-data.co.uk
league_2454b02687c9add9,2023-02-05,BELGIUM_1,2022-23,LEAGUE,,St. Gilloise,Waregem,4,0,H,Belgium,Belgian First Division,football-data.co.uk
league_c6607396fc689bb4,2023-02-10,BELGIUM_1,2022-23,LEAGUE,,Club Brugge KV,St. Gilloise,1,1,D,Belgium,Belgian First Division,football-data.co.uk
league_c56e4cc64e3353cf,2023-02-10,BELGIUM_1,2022-23,LEAGUE,,Eupen,Mechelen,2,1,H,Belgium,Belgian First Division,football-data.co.uk
league_adc534dc8be58f87,2023-02-10,BELGIUM_1,2022-23,LEAGUE,,Oud-Heverlee Leuven,Cercle Brugge,0,0,D,Belgium,Belgian First Division,football-data.co.uk
league_9ad3b5cbcc59df45,2023-02-11,BELGIUM_1,2022-23,LEAGUE,,Charleroi,Seraing,3,0,H,Belgium,Belgian First Division,football-data.co.uk
league_6276ef5820197e09,2023-02-11,BELGIUM_1,2022-23,LEAGUE,,Westerlo,KAA Gent,3,3,D,Belgium,Belgian First Division,football-data.co.uk
league_81744a0f3fea1a02,2023-02-12,BELGIUM_1,2022-23,LEAGUE,,KRC Genk,Antwerp,0,1,A,Belgium,Belgian First Division,football-data.co.uk
league_adb31f4d61d55d1e,2023-02-12,BELGIUM_1,2022-23,LEAGUE,,RSC Anderlecht,St Truiden,3,1,H,Belgium,Belgian First Division,football-data.co.uk
league_03113dc8eff35c8d,2023-02-12,BELGIUM_1,2022-23,LEAGUE,,Standard Liège,Kortrijk,0,2,A,Belgium,Belgian First Division,football-data.co.uk
league_2076f7617aaff87a,2023-02-12,BELGIUM_1,2022-23,LEAGUE,,Waregem,Oostende,1,1,D,Belgium,Belgian First Division,football-data.co.uk
league_396bdb188a2729bd,2023-02-17,BELGIUM_1,2022-23,LEAGUE,,Mechelen,KRC Genk,2,2,D,Belgium,Belgian First Division,football-data.co.uk
league_8df7eb0fe9224289,2023-02-18,BELGIUM_1,2022-23,LEAGUE,,Antwerp,Eupen,2,0,H,Belgium,Belgian First Division,football-data.co.uk
league_49b7df85982365a1,2023-02-18,BELGIUM_1,2022-23,LEAGUE,,Oostende,Charleroi,0,0,D,Belgium,Belgian First Division,football-data.co.uk
league_40e9a43f4a6a2fe2,2023-02-18,BELGIUM_1,2022-23,LEAGUE,,Seraing,Waregem,1,1,D,Belgium,Belgian First Division,football-data.co.uk
league_653330166a8200af,2023-02-18,BELGIUM_1,2022-23,LEAGUE,,St. Gilloise,Standard Liège,2,4,A,Belgium,Belgian First Division,football-data.co.uk
league_0667327e18b85abe,2023-02-19,BELGIUM_1,2022-23,LEAGUE,,Cercle Brugge,Club Brugge KV,2,2,D,Belgium,Belgian First Division,football-data.co.uk
league_7867e10577479113,2023-02-19,BELGIUM_1,2022-23,LEAGUE,,KAA Gent,Oud-Heverlee Leuven,2,0,H,Belgium,Belgian First Division,football-data.co.uk
league_5977ba02154acc4b,2023-02-19,BELGIUM_1,2022-23,LEAGUE,,Kortrijk,RSC Anderlecht,2,2,D,Belgium,Belgian First Division,football-data.co.uk
league_875c688027f74947,2023-02-19,BELGIUM_1,2022-23,LEAGUE,,St Truiden,Westerlo,0,1,A,Belgium,Belgian First Division,football-data.co.uk
league_e497b2d2139c1ea0,2023-02-24,BELGIUM_1,2022-23,LEAGUE,,Waregem,Kortrijk,3,3,D,Belgium,Belgian First Division,football-data.co.uk
league_5e8162b40ed120ba,2023-02-25,BELGIUM_1,2022-23,LEAGUE,,Eupen,Cercle Brugge,2,2,D,Belgium,Belgian First Division,football-data.co.uk
league_3388bf558dd9fd4a,2023-02-25,BELGIUM_1,2022-23,LEAGUE,,KRC Genk,Oostende,3,0,H,Belgium,Belgian First Division,football-data.co.uk
league_4661a20f8afed5a5,2023-02-25,BELGIUM_1,2022-23,LEAGUE,,Seraing,Mechelen,0,2,A,Belgium,Belgian First Division,football-data.co.uk
league_feb4dc864f89f84b,2023-02-25,BELGIUM_1,2022-23,LEAGUE,,Westerlo,St. Gilloise,4,2,H,Belgium,Belgian First Division,football-data.co.uk
league_395c4cda12d57244,2023-02-26,BELGIUM_1,2022-23,LEAGUE,,Charleroi,St Truiden,1,0,H,Belgium,Belgian First Division,football-data.co.uk
league_ec47d2509c6e405a,2023-02-26,BELGIUM_1,2022-23,LEAGUE,,Club Brugge KV,KAA Gent,2,0,H,Belgium,Belgian First Division,football-data.co.uk
league_b9c90bfa4e0bcdba,2023-02-26,BELGIUM_1,2022-23,LEAGUE,,Oud-Heverlee Leuven,Antwerp,1,1,D,Belgium,Belgian First Division,football-data.co.uk
league_825262fdc1e1d2de,2023-02-26,BELGIUM_1,2022-23,LEAGUE,,RSC Anderlecht,Standard Liège,2,2,D,Belgium,Belgian First Division,football-data.co.uk
league_f78996f3e16a853f,2023-03-03,BELGIUM_1,2022-23,LEAGUE,,Oostende,Club Brugge KV,3,0,H,Belgium,Belgian First Division,football-data.co.uk
league_9015c3c1fcfd04c1,2023-03-04,BELGIUM_1,2022-23,LEAGUE,,Cercle Brugge,Seraing,3,1,H,Belgium,Belgian First Division,football-data.co.uk
league_a2380b6006c6d79b,2023-03-04,BELGIUM_1,2022-23,LEAGUE,,Kortrijk,Charleroi,0,1,A,Belgium,Belgian First Division,football-data.co.uk
league_d7a971ed69ad4664,2023-03-04,BELGIUM_1,2022-23,LEAGUE,,Oud-Heverlee Leuven,Waregem,4,2,H,Belgium,Belgian First Division,football-data.co.uk
league_e1bea9799be2adee,2023-03-04,BELGIUM_1,2022-23,LEAGUE,,Standard Liège,Westerlo,2,0,H,Belgium,Belgian First Division,football-data.co.uk
league_0a153561eede741f,2023-03-05,BELGIUM_1,2022-23,LEAGUE,,Antwerp,Mechelen,5,0,H,Belgium,Belgian First Division,football-data.co.uk
league_9fe2f653b4b40c41,2023-03-05,BELGIUM_1,2022-23,LEAGUE,,KAA Gent,RSC Anderlecht,1,0,H,Belgium,Belgian First Division,football-data.co.uk
league_47a3a60e2df5d1dd,2023-03-05,BELGIUM_1,2022-23,LEAGUE,,St Truiden,KRC Genk,2,2,D,Belgium,Belgian First Division,football-data.co.uk
league_cd27395dc207def3,2023-03-05,BELGIUM_1,2022-23,LEAGUE,,St. Gilloise,Eupen,2,1,H,Belgium,Belgian First Division,football-data.co.uk
league_23a9a05654c28c84,2023-03-10,BELGIUM_1,2022-23,LEAGUE,,Charleroi,Oud-Heverlee Leuven,0,1,A,Belgium,Belgian First Division,football-data.co.uk
league_1257e25b408d363a,2023-03-11,BELGIUM_1,2022-23,LEAGUE,,Eupen,Oostende,4,4,D,Belgium,Belgian First Division,football-data.co.uk
league_cf23ac65f325642c,2023-03-11,BELGIUM_1,2022-23,LEAGUE,,Mechelen,St Truiden,1,0,H,Belgium,Belgian First Division,football-data.co.uk
league_ff966f0ca6f35ad1,2023-03-11,BELGIUM_1,2022-23,LEAGUE,,Seraing,Antwerp,0,2,A,Belgium,Belgian First Division,football-data.co.uk
league_65283a558ea4e540,2023-03-11,BELGIUM_1,2022-23,LEAGUE,,Westerlo,Kortrijk,3,1,H,Belgium,Belgian First Division,football-data.co.uk
league_460f9c170df3e6e9,2023-03-12,BELGIUM_1,2022-23,LEAGUE,,Club Brugge KV,Standard Liège,2,0,H,Belgium,Belgian First Division,football-data.co.uk
league_227e508272b9b75f,2023-03-12,BELGIUM_1,2022-23,LEAGUE,,KRC Genk,St. Gilloise,1,2,A,Belgium,Belgian First Division,football-data.co.uk
league_3b7d584a038e6416,2023-03-12,BELGIUM_1,2022-23,LEAGUE,,RSC Anderlecht,Cercle Brugge,2,0,H,Belgium,Belgian First Division,football-data.co.uk
league_980d3ef326fe0dba,2023-03-12,BELGIUM_1,2022-23,LEAGUE,,Waregem,KAA Gent,2,6,A,Belgium,Belgian First Division,football-data.co.uk
league_05b4848808c0045e,2023-03-17,BELGIUM_1,2022-23,LEAGUE,,Cercle Brugge,KRC Genk,1,1,D,Belgium,Belgian First Division,football-data.co.uk
league_b40af01fdaabf436,2023-03-18,BELGIUM_1,2022-23,LEAGUE,,Kortrijk,Club Brugge KV,1,0,H,Belgium,Belgian First Division,football-data.co.uk
league_c8bd715e401d81d2,2023-03-18,BELGIUM_1,2022-23,LEAGUE,,Oostende,Westerlo,1,2,A,Belgium,Belgian First Division,football-data.co.uk
league_98b4507930a895d6,2023-03-18,BELGIUM_1,2022-23,LEAGUE,,St Truiden,Seraing,2,1,H,Belgium,Belgian First Division,football-data.co.uk
league_dfcd97f40806edbe,2023-03-18,BELGIUM_1,2022-23,LEAGUE,,Standard Liège,Waregem,2,2,D,Belgium,Belgian First Division,football-data.co.uk
league_fd9165d46bf9a380,2023-03-19,BELGIUM_1,2022-23,LEAGUE,,Antwerp,Charleroi,0,1,A,Belgium,Belgian First Division,football-data.co.uk
league_d2418413aa15862b,2023-03-19,BELGIUM_1,2022-23,LEAGUE,,KAA Gent,Eupen,3,0,H,Belgium,Belgian First Division,football-data.co.uk
league_b7006f05b18c1f2c,2023-03-19,BELGIUM_1,2022-23,LEAGUE,,Oud-Heverlee Leuven,RSC Anderlecht,0,2,A,Belgium,Belgian First Division,football-data.co.uk
league_d8257760553e82b4,2023-03-19,BELGIUM_1,2022-23,LEAGUE,,St. Gilloise,Mechelen,2,1,H,Belgium,Belgian First Division,football-data.co.uk
league_cac86a5a15f3de9a,2023-03-31,BELGIUM_1,2022-23,LEAGUE,,Waregem,Antwerp,0,2,A,Belgium,Belgian First Division,football-data.co.uk
league_f98d35f4d3aa7e06,2023-04-01,BELGIUM_1,2022-23,LEAGUE,,Cercle Brugge,Kortrijk,2,0,H,Belgium,Belgian First Division,football-data.co.uk
league_6470f7931b5ba400,2023-04-01,BELGIUM_1,2022-23,LEAGUE,,Oostende,Standard Liège,1,3,A,Belgium,Belgian First Division,football-data.co.uk
league_90024e89eb1f365e,2023-04-01,BELGIUM_1,2022-23,LEAGUE,,Seraing,KAA Gent,0,5,A,Belgium,Belgian First Division,football-data.co.uk
league_5e528aa615727e30,2023-04-01,BELGIUM_1,2022-23,LEAGUE,,Westerlo,Charleroi,2,3,A,Belgium,Belgian First Division,football-data.co.uk
league_6f7c3b643fa71cc2,2023-04-02,BELGIUM_1,2022-23,LEAGUE,,Eupen,RSC Anderlecht,0,1,A,Belgium,Belgian First Division,football-data.co.uk
league_e5fc505f6ae3eb2f,2023-04-02,BELGIUM_1,2022-23,LEAGUE,,KRC Genk,Oud-Heverlee Leuven,2,1,H,Belgium,Belgian First Division,football-data.co.uk
league_6eff456a7ac71ea3,2023-04-02,BELGIUM_1,2022-23,LEAGUE,,Mechelen,Club Brugge KV,0,3,A,Belgium,Belgian First Division,football-data.co.uk
league_9a07a93bc2c234b0,2023-04-02,BELGIUM_1,2022-23,LEAGUE,,St. Gilloise,St Truiden,2,1,H,Belgium,Belgian First Division,football-data.co.uk
league_d61b2a6af526ffc8,2023-04-07,BELGIUM_1,2022-23,LEAGUE,,Club Brugge KV,Seraing,2,0,H,Belgium,Belgian First Division,football-data.co.uk
league_36f77bf4c9b20c62,2023-04-08,BELGIUM_1,2022-23,LEAGUE,,Charleroi,Waregem,3,2,H,Belgium,Belgian First Division,football-data.co.uk
league_1e187ff30a6e18fe,2023-04-08,BELGIUM_1,2022-23,LEAGUE,,KAA Gent,St. Gilloise,1,1,D,Belgium,Belgian First Division,football-data.co.uk
league_00a97703a3755431,2023-04-08,BELGIUM_1,2022-23,LEAGUE,,Kortrijk,Eupen,0,0,D,Belgium,Belgian First Division,football-data.co.uk
league_c22354ae8efb35e6,2023-04-08,BELGIUM_1,2022-23,LEAGUE,,Oud-Heverlee Leuven,Mechelen,4,1,H,Belgium,Belgian First Division,football-data.co.uk
league_75ab984791a0d06b,2023-04-09,BELGIUM_1,2022-23,LEAGUE,,Antwerp,Cercle Brugge,2,1,H,Belgium,Belgian First Division,football-data.co.uk
league_a513361dc7bd0bec,2023-04-09,BELGIUM_1,2022-23,LEAGUE,,RSC Anderlecht,Westerlo,0,0,D,Belgium,Belgian First Division,football-data.co.uk
league_a233e5eb09d8d41e,2023-04-09,BELGIUM_1,2022-23,LEAGUE,,St Truiden,Oostende,5,0,H,Belgium,Belgian First Division,football-data.co.uk
league_a3b1601e214b9287,2023-04-09,BELGIUM_1,2022-23,LEAGUE,,Standard Liège,KRC Genk,2,0,H,Belgium,Belgian First Division,football-data.co.uk
league_cadf15bc685f97d9,2023-04-14,BELGIUM_1,2022-23,LEAGUE,,Standard Liège,Charleroi,3,1,H,Belgium,Belgian First Division,football-data.co.uk
league_01c5c8b5a2c0acac,2023-04-15,BELGIUM_1,2022-23,LEAGUE,,Cercle Brugge,St Truiden,3,1,H,Belgium,Belgian First Division,football-data.co.uk
league_4f4c0d83dc815810,2023-04-15,BELGIUM_1,2022-23,LEAGUE,,Eupen,Waregem,1,5,A,Belgium,Belgian First Division,football-data.co.uk
league_9c096423cf4753a9,2023-04-15,BELGIUM_1,2022-23,LEAGUE,,Oostende,Oud-Heverlee Leuven,0,4,A,Belgium,Belgian First Division,football-data.co.uk
league_6a49a3d5a5e090bc,2023-04-15,BELGIUM_1,2022-23,LEAGUE,,Westerlo,Club Brugge KV,0,0,D,Belgium,Belgian First Division,football-data.co.uk
league_2475a214e9f58848,2023-04-16,BELGIUM_1,2022-23,LEAGUE,,Antwerp,Kortrijk,1,0,H,Belgium,Belgian First Division,football-data.co.uk
league_2eb1d41e5c678d3c,2023-04-16,BELGIUM_1,2022-23,LEAGUE,,KRC Genk,RSC Anderlecht,5,2,H,Belgium,Belgian First Division,football-data.co.uk
league_d322ab52ca3ad4ad,2023-04-16,BELGIUM_1,2022-23,LEAGUE,,Mechelen,KAA Gent,1,1,D,Belgium,Belgian First Division,football-data.co.uk
league_8b6541b3d2e4a442,2023-04-16,BELGIUM_1,2022-23,LEAGUE,,St. Gilloise,Seraing,2,1,H,Belgium,Belgian First Division,football-data.co.uk
league_2d6ef0fed15806bc,2023-04-22,BELGIUM_1,2022-23,LEAGUE,,Seraing,Westerlo,1,1,D,Belgium,Belgian First Division,football-data.co.uk
league_a5faed01f0a0ba52,2023-04-23,BELGIUM_1,2022-23,LEAGUE,,Charleroi,KRC Genk,2,2,D,Belgium,Belgian First Division,football-data.co.uk
league_bb9deb457ee6bb10,2023-04-23,BELGIUM_1,2022-23,LEAGUE,,Club Brugge KV,Eupen,7,0,H,Belgium,Belgian First Division,football-data.co.uk
league_5af069f5e4c776c5,2023-04-23,BELGIUM_1,2022-23,LEAGUE,,KAA Gent,Oostende,1,2,A,Belgium,Belgian First Division,football-data.co.uk
league_8e6406a4ac88919e,2023-04-23,BELGIUM_1,2022-23,LEAGUE,,Kortrijk,St. Gilloise,2,4,A,Belgium,Belgian First Division,football-data.co.uk
league_e907a7423938835c,2023-04-23,BELGIUM_1,2022-23,LEAGUE,,Oud-Heverlee Leuven,Standard Liège,3,2,H,Belgium,Belgian First Division,football-data.co.uk
league_4f6c4374d5cb21c6,2023-04-23,BELGIUM_1,2022-23,LEAGUE,,RSC Anderlecht,Mechelen,2,3,A,Belgium,Belgian First Division,football-data.co.uk
league_9c112cea130f5646,2023-04-23,BELGIUM_1,2022-23,LEAGUE,,St Truiden,Antwerp,0,1,A,Belgium,Belgian First Division,football-data.co.uk
league_9b0ac10d4d79ed0f,2023-04-23,BELGIUM_1,2022-23,LEAGUE,,Waregem,Cercle Brugge,2,3,A,Belgium,Belgian First Division,football-data.co.uk
league_9ec4bc9b0d5abaa6,2023-07-28,BELGIUM_1,2023-24,LEAGUE,,St. Gilloise,RSC Anderlecht,2,0,H,Belgium,Belgian First Division,football-data.co.uk
league_5fbe85d823393d2b,2023-07-29,BELGIUM_1,2023-24,LEAGUE,,Charleroi,Oud-Heverlee Leuven,1,1,D,Belgium,Belgian First Division,football-data.co.uk
league_bea000d9afe88dfb,2023-07-29,BELGIUM_1,2023-24,LEAGUE,,Eupen,Westerlo,2,2,D,Belgium,Belgian First Division,football-data.co.uk
league_57e2943f5d337b42,2023-07-29,BELGIUM_1,2023-24,LEAGUE,,RWD Molenbeek,KRC Genk,0,4,A,Belgium,Belgian First Division,football-data.co.uk
league_a849f46617feba38,2023-07-30,BELGIUM_1,2023-24,LEAGUE,,Antwerp,Cercle Brugge,1,0,H,Belgium,Belgian First Division,football-data.co.uk
league_4f4e78d4a69b15eb,2023-07-30,BELGIUM_1,2023-24,LEAGUE,,Club Brugge KV,Mechelen,1,1,D,Belgium,Belgian First Division,football-data.co.uk
league_426ab2d3447262dc,2023-07-30,BELGIUM_1,2023-24,LEAGUE,,KAA Gent,Kortrijk,3,2,H,Belgium,Belgian First Division,football-data.co.uk
league_699b81cf012788bf,2023-07-30,BELGIUM_1,2023-24,LEAGUE,,St Truiden,Standard Liège,1,0,H,Belgium,Belgian First Division,football-data.co.uk
league_63d7205ce855d3e0,2023-08-04,BELGIUM_1,2023-24,LEAGUE,,Standard Liège,St. Gilloise,0,1,A,Belgium,Belgian First Division,football-data.co.uk
league_62f870e2c7d9868a,2023-08-05,BELGIUM_1,2023-24,LEAGUE,,Cercle Brugge,Charleroi,2,0,H,Belgium,Belgian First Division,football-data.co.uk
league_8f6f6191aa572fb7,2023-08-05,BELGIUM_1,2023-24,LEAGUE,,KRC Genk,Eupen,0,1,A,Belgium,Belgian First Division,football-data.co.uk
league_4e0b255884185cf0,2023-08-05,BELGIUM_1,2023-24,LEAGUE,,Oud-Heverlee Leuven,RWD Molenbeek,1,2,A,Belgium,Belgian First Division,football-data.co.uk
league_db866b87bb95aa98,2023-08-06,BELGIUM_1,2023-24,LEAGUE,,Kortrijk,St Truiden,0,1,A,Belgium,Belgian First Division,football-data.co.uk
league_bc7e3c3dc7e63102,2023-08-06,BELGIUM_1,2023-24,LEAGUE,,Mechelen,KAA Gent,0,1,A,Belgium,Belgian First Division,football-data.co.uk
league_b4b265201330c13f,2023-08-06,BELGIUM_1,2023-24,LEAGUE,,RSC Anderlecht,Antwerp,1,0,H,Belgium,Belgian First Division,football-data.co.uk
league_c3a8ef7432fd5ef9,2023-08-06,BELGIUM_1,2023-24,LEAGUE,,Westerlo,Club Brugge KV,0,1,A,Belgium,Belgian First Division,football-data.co.uk
league_ade30fd091530f5b,2023-08-11,BELGIUM_1,2023-24,LEAGUE,,Antwerp,Kortrijk,6,0,H,Belgium,Belgian First Division,football-data.co.uk
league_64d347aab7a775ab,2023-08-12,BELGIUM_1,2023-24,LEAGUE,,RWD Molenbeek,Mechelen,1,0,H,Belgium,Belgian First Division,football-data.co.uk
league_1c6fcef8007e8434,2023-08-12,BELGIUM_1,2023-24,LEAGUE,,St. Gilloise,Oud-Heverlee Leuven,5,1,H,Belgium,Belgian First Division,football-data.co.uk
league_9fdc4e50cc2b4d32,2023-08-13,BELGIUM_1,2023-24,LEAGUE,,Cercle Brugge,KRC Genk,0,1,A,Belgium,Belgian First Division,football-data.co.uk
league_a4427e0fca0a7f75,2023-08-13,BELGIUM_1,2023-24,LEAGUE,,Charleroi,Standard Liège,1,1,D,Belgium,Belgian First Division,football-data.co.uk
league_5c3f062affd95637,2023-08-13,BELGIUM_1,2023-24,LEAGUE,,Eupen,Club Brugge KV,0,5,A,Belgium,Belgian First Division,football-data.co.uk
league_9de7fed18f5bbfba,2023-08-13,BELGIUM_1,2023-24,LEAGUE,,St Truiden,RSC Anderlecht,0,1,A,Belgium,Belgian First Division,football-data.co.uk
league_bb67ecfd19cc48e4,2023-08-13,BELGIUM_1,2023-24,LEAGUE,,Westerlo,KAA Gent,1,3,A,Belgium,Belgian First Division,football-data.co.uk
league_16048d4a4e7e107a,2023-08-18,BELGIUM_1,2023-24,LEAGUE,,Oud-Heverlee Leuven,Antwerp,1,1,D,Belgium,Belgian First Division,football-data.co.uk
league_824fe98935df178e,2023-08-19,BELGIUM_1,2023-24,LEAGUE,,Mechelen,St. Gilloise,4,0,H,Belgium,Belgian First Division,football-data.co.uk
league_9c84f5107c6e819c,2023-08-19,BELGIUM_1,2023-24,LEAGUE,,Standard Liège,Cercle Brugge,0,1,A,Belgium,Belgian First Division,football-data.co.uk
league_85817408826c60fc,2023-08-20,BELGIUM_1,2023-24,LEAGUE,,Club Brugge KV,RWD Molenbeek,7,1,H,Belgium,Belgian First Division,football-data.co.uk
league_0de98dc028355246,2023-08-20,BELGIUM_1,2023-24,LEAGUE,,KAA Gent,St Truiden,2,2,D,Belgium,Belgian First Division,football-data.co.uk
league_1e947c479b23470a,2023-08-20,BELGIUM_1,2023-24,LEAGUE,,KRC Genk,Charleroi,0,0,D,Belgium,Belgian First Division,football-data.co.uk
league_07f61dd7be13cd88,2023-08-20,BELGIUM_1,2023-24,LEAGUE,,Kortrijk,Eupen,1,3,A,Belgium,Belgian First Division,football-data.co.uk
league_3940de74c0bba1f7,2023-08-20,BELGIUM_1,2023-24,LEAGUE,,RSC Anderlecht,Westerlo,2,1,H,Belgium,Belgian First Division,football-data.co.uk
league_1b8296f279e50ba7,2023-08-26,BELGIUM_1,2023-24,LEAGUE,,Eupen,Oud-Heverlee Leuven,3,1,H,Belgium,Belgian First Division,football-data.co.uk
league_f27c091e559d24a8,2023-08-26,BELGIUM_1,2023-24,LEAGUE,,Kortrijk,Standard Liège,1,1,D,Belgium,Belgian First Division,football-data.co.uk
league_681a15543a37c548,2023-08-26,BELGIUM_1,2023-24,LEAGUE,,Westerlo,Mechelen,2,3,A,Belgium,Belgian First Division,football-data.co.uk
league_eb7ebfb89aaff08d,2023-08-27,BELGIUM_1,2023-24,LEAGUE,,RSC Anderlecht,Charleroi,2,1,H,Belgium,Belgian First Division,football-data.co.uk
league_bf846b12213f7c8f,2023-08-27,BELGIUM_1,2023-24,LEAGUE,,St Truiden,Cercle Brugge,0,2,A,Belgium,Belgian First Division,football-data.co.uk
league_2655d559ab64d4ca,2023-09-01,BELGIUM_1,2023-24,LEAGUE,,Oud-Heverlee Leuven,Kortrijk,3,0,H,Belgium,Belgian First Division,football-data.co.uk
league_715dc4496c7d868a,2023-09-02,BELGIUM_1,2023-24,LEAGUE,,Cercle Brugge,Westerlo,2,1,H,Belgium,Belgian First Division,football-data.co.uk
league_dea11396f3495dd2,2023-09-02,BELGIUM_1,2023-24,LEAGUE,,Mechelen,Eupen,1,0,H,Belgium,Belgian First Division,football-data.co.uk
league_03d69663d6b99784,2023-09-02,BELGIUM_1,2023-24,LEAGUE,,Standard Liège,RWD Molenbeek,1,1,D,Belgium,Belgian First Division,football-data.co.uk
league_dd98a493f431e578,2023-09-03,BELGIUM_1,2023-24,LEAGUE,,Charleroi,St Truiden,1,1,D,Belgium,Belgian First Division,football-data.co.uk
league_69718e96e8331136,2023-09-03,BELGIUM_1,2023-24,LEAGUE,,KAA Gent,Club Brugge KV,2,1,H,Belgium,Belgian First Division,football-data.co.uk
league_5ae66829d66f618a,2023-09-03,BELGIUM_1,2023-24,LEAGUE,,KRC Genk,RSC Anderlecht,1,1,D,Belgium,Belgian First Division,football-data.co.uk
league_8ea5426e9bf95830,2023-09-03,BELGIUM_1,2023-24,LEAGUE,,St. Gilloise,Antwerp,2,2,D,Belgium,Belgian First Division,football-data.co.uk
league_1617423afe62d75a,2023-09-15,BELGIUM_1,2023-24,LEAGUE,,Westerlo,Antwerp,0,3,A,Belgium,Belgian First Division,football-data.co.uk
league_cd86a0416cb7d37f,2023-09-16,BELGIUM_1,2023-24,LEAGUE,,Club Brugge KV,Charleroi,4,2,H,Belgium,Belgian First Division,football-data.co.uk
league_df9c731874b33a0a,2023-09-16,BELGIUM_1,2023-24,LEAGUE,,RWD Molenbeek,Cercle Brugge,2,1,H,Belgium,Belgian First Division,football-data.co.uk
league_531122e226a337f1,2023-09-16,BELGIUM_1,2023-24,LEAGUE,,St. Gilloise,KRC Genk,0,2,A,Belgium,Belgian First Division,football-data.co.uk
league_b732cccda8d7b82d,2023-09-17,BELGIUM_1,2023-24,LEAGUE,,Eupen,Standard Liège,1,3,A,Belgium,Belgian First Division,football-data.co.uk
league_274b061682e73df0,2023-09-17,BELGIUM_1,2023-24,LEAGUE,,Kortrijk,RSC Anderlecht,2,2,D,Belgium,Belgian First Division,football-data.co.uk
league_6e65855d5e723f96,2023-09-17,BELGIUM_1,2023-24,LEAGUE,,Oud-Heverlee Leuven,KAA Gent,1,1,D,Belgium,Belgian First Division,football-data.co.uk
league_67bab675801b3f7c,2023-09-17,BELGIUM_1,2023-24,LEAGUE,,St Truiden,Mechelen,2,0,H,Belgium,Belgian First Division,football-data.co.uk
league_cf23505e887563e4,2023-09-22,BELGIUM_1,2023-24,LEAGUE,,Standard Liège,Westerlo,0,0,D,Belgium,Belgian First Division,football-data.co.uk
league_00f0de4eb4793d8a,2023-09-23,BELGIUM_1,2023-24,LEAGUE,,Antwerp,RWD Molenbeek,0,0,D,Belgium,Belgian First Division,football-data.co.uk
league_372dcf624ae390f8,2023-09-23,BELGIUM_1,2023-24,LEAGUE,,Charleroi,Kortrijk,1,0,H,Belgium,Belgian First Division,football-data.co.uk
league_1f42ef44ea1a9497,2023-09-23,BELGIUM_1,2023-24,LEAGUE,,Mechelen,Oud-Heverlee Leuven,1,2,A,Belgium,Belgian First Division,football-data.co.uk
league_af2c33e5cf44ea97,2023-09-24,BELGIUM_1,2023-24,LEAGUE,,Cercle Brugge,St. Gilloise,0,2,A,Belgium,Belgian First Division,football-data.co.uk
league_8175421b2d9c7e5c,2023-09-24,BELGIUM_1,2023-24,LEAGUE,,KAA Gent,Eupen,2,1,H,Belgium,Belgian First Division,football-data.co.uk
league_f8a46d930505ebf2,2023-09-24,BELGIUM_1,2023-24,LEAGUE,,KRC Genk,St Truiden,3,3,D,Belgium,Belgian First Division,football-data.co.uk
league_c35896588ed33bb3,2023-09-24,BELGIUM_1,2023-24,LEAGUE,,RSC Anderlecht,Club Brugge KV,1,1,D,Belgium,Belgian First Division,football-data.co.uk
league_9d5111d935bc4e40,2023-09-27,BELGIUM_1,2023-24,LEAGUE,,Antwerp,KAA Gent,0,0,D,Belgium,Belgian First Division,football-data.co.uk
league_1e5fbc14db7caf6d,2023-09-28,BELGIUM_1,2023-24,LEAGUE,,Club Brugge KV,KRC Genk,1,1,D,Belgium,Belgian First Division,football-data.co.uk
league_e27daf4dc361c951,2023-09-28,BELGIUM_1,2023-24,LEAGUE,,RWD Molenbeek,St. Gilloise,2,3,A,Belgium,Belgian First Division,football-data.co.uk
league_0796c3d3811586a7,2023-09-29,BELGIUM_1,2023-24,LEAGUE,,Kortrijk,Cercle Brugge,2,1,H,Belgium,Belgian First Division,football-data.co.uk
league_07e1556e0b60e260,2023-09-30,BELGIUM_1,2023-24,LEAGUE,,Eupen,RSC Anderlecht,1,3,A,Belgium,Belgian First Division,football-data.co.uk
league_3876556884484bf6,2023-09-30,BELGIUM_1,2023-24,LEAGUE,,Mechelen,Antwerp,0,0,D,Belgium,Belgian First Division,football-data.co.uk
league_ece6582659e688a2,2023-09-30,BELGIUM_1,2023-24,LEAGUE,,Oud-Heverlee Leuven,Standard Liège,1,2,A,Belgium,Belgian First Division,football-data.co.uk
league_b600ce9900b2c007,2023-10-01,BELGIUM_1,2023-24,LEAGUE,,Club Brugge KV,St Truiden,1,1,D,Belgium,Belgian First Division,football-data.co.uk
league_1aa2bb30a7cc8d10,2023-10-01,BELGIUM_1,2023-24,LEAGUE,,KRC Genk,Westerlo,3,3,D,Belgium,Belgian First Division,football-data.co.uk
league_ddaaf286506fa9c4,2023-10-01,BELGIUM_1,2023-24,LEAGUE,,RWD Molenbeek,KAA Gent,1,1,D,Belgium,Belgian First Division,football-data.co.uk
league_1659734ea4bf3515,2023-10-01,BELGIUM_1,2023-24,LEAGUE,,St. Gilloise,Charleroi,3,1,H,Belgium,Belgian First Division,football-data.co.uk
league_287b91a9a2a661c7,2023-10-06,BELGIUM_1,2023-24,LEAGUE,,Charleroi,RWD Molenbeek,2,1,H,Belgium,Belgian First Division,football-data.co.uk
league_ce4ff43de21f2067,2023-10-07,BELGIUM_1,2023-24,LEAGUE,,Cercle Brugge,Oud-Heverlee Leuven,3,2,H,Belgium,Belgian First Division,football-data.co.uk
league_2a5816564980bc70,2023-10-07,BELGIUM_1,2023-24,LEAGUE,,RSC Anderlecht,Mechelen,3,1,H,Belgium,Belgian First Division,football-data.co.uk
league_e948b89b167a0916,2023-10-07,BELGIUM_1,2023-24,LEAGUE,,Westerlo,Kortrijk,1,0,H,Belgium,Belgian First Division,football-data.co.uk
league_ff1e3b6a63e4416c,2023-10-08,BELGIUM_1,2023-24,LEAGUE,,Antwerp,Eupen,4,1,H,Belgium,Belgian First Division,football-data.co.uk
league_6f901a5a70f0723e,2023-10-08,BELGIUM_1,2023-24,LEAGUE,,KAA Gent,KRC Genk,1,1,D,Belgium,Belgian First Division,football-data.co.uk
league_cc398c4aaa95e276,2023-10-08,BELGIUM_1,2023-24,LEAGUE,,St Truiden,St. Gilloise,0,4,A,Belgium,Belgian First Division,football-data.co.uk
league_657c32feda2e9210,2023-10-08,BELGIUM_1,2023-24,LEAGUE,,Standard Liège,Club Brugge KV,2,1,H,Belgium,Belgian First Division,football-data.co.uk
league_535bc12afb210154,2023-10-20,BELGIUM_1,2023-24,LEAGUE,,St. Gilloise,Eupen,4,1,H,Belgium,Belgian First Division,football-data.co.uk
league_e5f403ff6ed267c3,2023-10-21,BELGIUM_1,2023-24,LEAGUE,,Charleroi,Antwerp,3,2,H,Belgium,Belgian First Division,football-data.co.uk
league_db91df9b6fa28098,2023-10-21,BELGIUM_1,2023-24,LEAGUE,,Kortrijk,Club Brugge KV,1,0,H,Belgium,Belgian First Division,football-data.co.uk
league_35eb3df04c62c46e,2023-10-21,BELGIUM_1,2023-24,LEAGUE,,RWD Molenbeek,Westerlo,1,1,D,Belgium,Belgian First Division,football-data.co.uk
league_2576c997ade89103,2023-10-22,BELGIUM_1,2023-24,LEAGUE,,Cercle Brugge,KAA Gent,2,0,H,Belgium,Belgian First Division,football-data.co.uk
league_62d867e6b73d2bca,2023-10-22,BELGIUM_1,2023-24,LEAGUE,,KRC Genk,Mechelen,4,0,H,Belgium,Belgian First Division,football-data.co.uk
league_eef0877ce523fe1c,2023-10-22,BELGIUM_1,2023-24,LEAGUE,,Oud-Heverlee Leuven,St Truiden,4,0,H,Belgium,Belgian First Division,football-data.co.uk
league_e9d2064cc459799c,2023-10-22,BELGIUM_1,2023-24,LEAGUE,,Standard Liège,RSC Anderlecht,3,2,H,Belgium,Belgian First Division,football-data.co.uk
league_58919c5c92562a7f,2023-10-27,BELGIUM_1,2023-24,LEAGUE,,St Truiden,RWD Molenbeek,2,1,H,Belgium,Belgian First Division,football-data.co.uk
league_7aae962517f2bc93,2023-10-28,BELGIUM_1,2023-24,LEAGUE,,Eupen,Charleroi,2,0,H,Belgium,Belgian First Division,football-data.co.uk
league_b858e51d455ed76f,2023-10-28,BELGIUM_1,2023-24,LEAGUE,,Mechelen,Cercle Brugge,0,2,A,Belgium,Belgian First Division,football-data.co.uk
league_ac64861506e05df0,2023-10-28,BELGIUM_1,2023-24,LEAGUE,,RSC Anderlecht,Oud-Heverlee Leuven,5,1,H,Belgium,Belgian First Division,football-data.co.uk
league_3e37115b1c09393e,2023-10-29,BELGIUM_1,2023-24,LEAGUE,,Club Brugge KV,Antwerp,2,1,H,Belgium,Belgian First Division,football-data.co.uk
league_69de80f96ab1ee00,2023-10-29,BELGIUM_1,2023-24,LEAGUE,,KAA Gent,Standard Liège,3,1,H,Belgium,Belgian First Division,football-data.co.uk
league_cabd7fb06493145d,2023-10-29,BELGIUM_1,2023-24,LEAGUE,,Kortrijk,KRC Genk,0,3,A,Belgium,Belgian First Division,football-data.co.uk
league_ee90f5c6558a6ace,2023-10-29,BELGIUM_1,2023-24,LEAGUE,,Westerlo,St. Gilloise,1,3,A,Belgium,Belgian First Division,football-data.co.uk
league_5ee0e5af73593f2e,2023-11-03,BELGIUM_1,2023-24,LEAGUE,,St Truiden,Eupen,1,1,D,Belgium,Belgian First Division,football-data.co.uk
league_27fa6e4ea95bb4e7,2023-11-04,BELGIUM_1,2023-24,LEAGUE,,Antwerp,KRC Genk,3,2,H,Belgium,Belgian First Division,football-data.co.uk
league_5610bb22b14c5126,2023-11-04,BELGIUM_1,2023-24,LEAGUE,,Oud-Heverlee Leuven,Westerlo,0,2,A,Belgium,Belgian First Division,football-data.co.uk
league_0cc121b387ce19c0,2023-11-04,BELGIUM_1,2023-24,LEAGUE,,RWD Molenbeek,Kortrijk,1,1,D,Belgium,Belgian First Division,football-data.co.uk
league_7f66454a64d39806,2023-11-05,BELGIUM_1,2023-24,LEAGUE,,Cercle Brugge,RSC Anderlecht,0,3,A,Belgium,Belgian First Division,football-data.co.uk
league_4f724a27913d58e4,2023-11-05,BELGIUM_1,2023-24,LEAGUE,,Charleroi,KAA Gent,1,3,A,Belgium,Belgian First Division,football-data.co.uk
league_f1b73aa8f9c4b89f,2023-11-05,BELGIUM_1,2023-24,LEAGUE,,St. Gilloise,Club Brugge KV,2,1,H,Belgium,Belgian First Division,football-data.co.uk
league_1c14441abda2dedf,2023-11-05,BELGIUM_1,2023-24,LEAGUE,,Standard Liège,Mechelen,1,1,D,Belgium,Belgian First Division,football-data.co.uk
league_23ef979c3a0ce414,2023-11-10,BELGIUM_1,2023-24,LEAGUE,,Westerlo,St Truiden,3,3,D,Belgium,Belgian First Division,football-data.co.uk
league_fdeef7d0f4c8b971,2023-11-11,BELGIUM_1,2023-24,LEAGUE,,Antwerp,Standard Liège,6,0,H,Belgium,Belgian First Division,football-data.co.uk
league_5a9ad9505e5aa372,2023-11-11,BELGIUM_1,2023-24,LEAGUE,,Eupen,RWD Molenbeek,1,3,A,Belgium,Belgian First Division,football-data.co.uk
league_e209eed5855c51f3,2023-11-11,BELGIUM_1,2023-24,LEAGUE,,Mechelen,Charleroi,1,0,H,Belgium,Belgian First Division,football-data.co.uk
league_f643abaf90c9a9ac,2023-11-12,BELGIUM_1,2023-24,LEAGUE,,Club Brugge KV,Cercle Brugge,0,0,D,Belgium,Belgian First Division,football-data.co.uk
league_7ab9fd83a892b34c,2023-11-12,BELGIUM_1,2023-24,LEAGUE,,KAA Gent,RSC Anderlecht,1,1,D,Belgium,Belgian First Division,football-data.co.uk
league_ee37dc26051bd2bb,2023-11-12,BELGIUM_1,2023-24,LEAGUE,,KRC Genk,Oud-Heverlee Leuven,3,1,H,Belgium,Belgian First Division,football-data.co.uk
league_9a69800b7633a3e3,2023-11-12,BELGIUM_1,2023-24,LEAGUE,,St. Gilloise,Kortrijk,3,0,H,Belgium,Belgian First Division,football-data.co.uk
league_b0898174d257315a,2023-11-24,BELGIUM_1,2023-24,LEAGUE,,St Truiden,Antwerp,1,1,D,Belgium,Belgian First Division,football-data.co.uk
league_971d196a8c86bea9,2023-11-25,BELGIUM_1,2023-24,LEAGUE,,Cercle Brugge,Eupen,2,0,H,Belgium,Belgian First Division,football-data.co.uk
league_58e2f70e67e879ec,2023-11-25,BELGIUM_1,2023-24,LEAGUE,,Charleroi,Westerlo,3,2,H,Belgium,Belgian First Division,football-data.co.uk
league_565b5fee6fa05b10,2023-11-25,BELGIUM_1,2023-24,LEAGUE,,Standard Liège,KRC Genk,1,0,H,Belgium,Belgian First Division,football-data.co.uk
league_9be64152133a67be,2023-11-26,BELGIUM_1,2023-24,LEAGUE,,KAA Gent,St. Gilloise,1,1,D,Belgium,Belgian First Division,football-data.co.uk
league_6cded5d53caf7bfb,2023-11-26,BELGIUM_1,2023-24,LEAGUE,,Kortrijk,Mechelen,0,3,A,Belgium,Belgian First Division,football-data.co.uk
league_db7560d69ed96257,2023-11-26,BELGIUM_1,2023-24,LEAGUE,,Oud-Heverlee Leuven,Club Brugge KV,0,1,A,Belgium,Belgian First Division,football-data.co.uk
league_77df6549d9725922,2023-11-26,BELGIUM_1,2023-24,LEAGUE,,RSC Anderlecht,RWD Molenbeek,2,1,H,Belgium,Belgian First Division,football-data.co.uk
league_412f61fc43fef901,2023-12-01,BELGIUM_1,2023-24,LEAGUE,,Westerlo,RSC Anderlecht,1,3,A,Belgium,Belgian First Division,football-data.co.uk
league_ac4a20c0b62b0782,2023-12-02,BELGIUM_1,2023-24,LEAGUE,,Antwerp,Oud-Heverlee Leuven,1,0,H,Belgium,Belgian First Division,football-data.co.uk
league_f6a58b4add0f6a72,2023-12-02,BELGIUM_1,2023-24,LEAGUE,,Eupen,Kortrijk,1,1,D,Belgium,Belgian First Division,football-data.co.uk
league_2bdbdd3e5ee2e192,2023-12-02,BELGIUM_1,2023-24,LEAGUE,,RWD Molenbeek,Charleroi,0,0,D,Belgium,Belgian First Division,football-data.co.uk
league_7cb65a93f4485667,2023-12-03,BELGIUM_1,2023-24,LEAGUE,,Club Brugge KV,Standard Liège,2,0,H,Belgium,Belgian First Division,football-data.co.uk
league_9658b84e9cdc87f8,2023-12-03,BELGIUM_1,2023-24,LEAGUE,,KRC Genk,KAA Gent,2,2,D,Belgium,Belgian First Division,football-data.co.uk
league_2d4dbdd097cac595,2023-12-03,BELGIUM_1,2023-24,LEAGUE,,Mechelen,St Truiden,0,2,A,Belgium,Belgian First Division,football-data.co.uk
league_546fc2b850d1201f,2023-12-03,BELGIUM_1,2023-24,LEAGUE,,St. Gilloise,Cercle Brugge,2,1,H,Belgium,Belgian First Division,football-data.co.uk
league_45f612bc0e72c801,2023-12-08,BELGIUM_1,2023-24,LEAGUE,,Kortrijk,Westerlo,1,2,A,Belgium,Belgian First Division,football-data.co.uk
league_73c3c25bd07d46d7,2023-12-09,BELGIUM_1,2023-24,LEAGUE,,Cercle Brugge,Antwerp,1,3,A,Belgium,Belgian First Division,football-data.co.uk
league_29dad2a7ccdbe469,2023-12-09,BELGIUM_1,2023-24,LEAGUE,,KAA Gent,RWD Molenbeek,4,0,H,Belgium,Belgian First Division,football-data.co.uk
league_1f87cca0cb29471f,2023-12-09,BELGIUM_1,2023-24,LEAGUE,,St Truiden,Oud-Heverlee Leuven,1,1,D,Belgium,Belgian First Division,football-data.co.uk
league_9e1838bdadaa3fe2,2023-12-10,BELGIUM_1,2023-24,LEAGUE,,Charleroi,St. Gilloise,1,3,A,Belgium,Belgian First Division,football-data.co.uk
league_c1a240446afd29f8,2023-12-10,BELGIUM_1,2023-24,LEAGUE,,Eupen,KRC Genk,1,3,A,Belgium,Belgian First Division,football-data.co.uk
league_b4d2313b142b9a5a,2023-12-10,BELGIUM_1,2023-24,LEAGUE,,Mechelen,Club Brugge KV,0,0,D,Belgium,Belgian First Division,football-data.co.uk
league_b3d2c7e941fb0544,2023-12-10,BELGIUM_1,2023-24,LEAGUE,,RSC Anderlecht,Standard Liège,2,2,D,Belgium,Belgian First Division,football-data.co.uk
league_1790da31551090ea,2023-12-15,BELGIUM_1,2023-24,LEAGUE,,Westerlo,Eupen,2,0,H,Belgium,Belgian First Division,football-data.co.uk
league_721c2c6749996230,2023-12-16,BELGIUM_1,2023-24,LEAGUE,,Oud-Heverlee Leuven,Cercle Brugge,1,2,A,Belgium,Belgian First Division,football-data.co.uk
league_f20115fa46560e00,2023-12-16,BELGIUM_1,2023-24,LEAGUE,,RWD Molenbeek,St Truiden,3,0,H,Belgium,Belgian First Division,football-data.co.uk
league_3cb7d0e0e110f5eb,2023-12-16,BELGIUM_1,2023-24,LEAGUE,,Standard Liège,Charleroi,0,0,D,Belgium,Belgian First Division,football-data.co.uk
league_230fb05eb5011fe4,2023-12-17,BELGIUM_1,2023-24,LEAGUE,,Antwerp,RSC Anderlecht,1,1,D,Belgium,Belgian First Division,football-data.co.uk
league_08d888e177a750c6,2023-12-17,BELGIUM_1,2023-24,LEAGUE,,Club Brugge KV,KAA Gent,2,0,H,Belgium,Belgian First Division,football-data.co.uk
league_9c787955304c3aa9,2023-12-17,BELGIUM_1,2023-24,LEAGUE,,KRC Genk,Kortrijk,4,0,H,Belgium,Belgian First Division,football-data.co.uk
league_11242debbe39e825,2023-12-17,BELGIUM_1,2023-24,LEAGUE,,St. Gilloise,Mechelen,1,0,H,Belgium,Belgian First Division,football-data.co.uk
league_7ad21f3cf1009bff,2023-12-20,BELGIUM_1,2023-24,LEAGUE,,Cercle Brugge,Kortrijk,3,0,H,Belgium,Belgian First Division,football-data.co.uk
league_7e36de7b2864a115,2023-12-20,BELGIUM_1,2023-24,LEAGUE,,Mechelen,Standard Liège,3,0,H,Belgium,Belgian First Division,football-data.co.uk
league_6662475cac8eab6c,2023-12-21,BELGIUM_1,2023-24,LEAGUE,,KAA Gent,Oud-Heverlee Leuven,4,0,H,Belgium,Belgian First Division,football-data.co.uk
league_5949f67d62fc03a8,2023-12-22,BELGIUM_1,2023-24,LEAGUE,,RWD Molenbeek,Club Brugge KV,1,6,A,Belgium,Belgian First Division,football-data.co.uk
league_91b7fb2b0145791c,2023-12-23,BELGIUM_1,2023-24,LEAGUE,,Antwerp,Westerlo,2,2,D,Belgium,Belgian First Division,football-data.co.uk
league_a5da479b2e02808f,2023-12-23,BELGIUM_1,2023-24,LEAGUE,,Eupen,St. Gilloise,1,2,A,Belgium,Belgian First Division,football-data.co.uk
league_ecbc35601cd671c7,2023-12-23,BELGIUM_1,2023-24,LEAGUE,,RSC Anderlecht,KRC Genk,2,1,H,Belgium,Belgian First Division,football-data.co.uk
league_8b3eb9bfa0e7cd17,2023-12-23,BELGIUM_1,2023-24,LEAGUE,,St Truiden,Charleroi,1,0,H,Belgium,Belgian First Division,football-data.co.uk
league_3c07864fcda5cf93,2023-12-26,BELGIUM_1,2023-24,LEAGUE,,Club Brugge KV,St. Gilloise,1,1,D,Belgium,Belgian First Division,football-data.co.uk
league_0dc3d119e12a2526,2023-12-26,BELGIUM_1,2023-24,LEAGUE,,KRC Genk,Antwerp,3,0,H,Belgium,Belgian First Division,football-data.co.uk
league_2848b514987b5cec,2023-12-26,BELGIUM_1,2023-24,LEAGUE,,Kortrijk,KAA Gent,0,2,A,Belgium,Belgian First Division,football-data.co.uk
league_124afe13d23f4b07,2023-12-26,BELGIUM_1,2023-24,LEAGUE,,Oud-Heverlee Leuven,Eupen,3,0,H,Belgium,Belgian First Division,football-data.co.uk
league_086e4a8ab3611d67,2023-12-26,BELGIUM_1,2023-24,LEAGUE,,Westerlo,RWD Molenbeek,3,0,H,Belgium,Belgian First Division,football-data.co.uk
league_6059b533500c3672,2023-12-27,BELGIUM_1,2023-24,LEAGUE,,Charleroi,Mechelen,3,1,H,Belgium,Belgian First Division,football-data.co.uk
league_bc53ddd4aa8045ba,2023-12-27,BELGIUM_1,2023-24,LEAGUE,,RSC Anderlecht,Cercle Brugge,2,0,H,Belgium,Belgian First Division,football-data.co.uk
league_45bd51424584eb02,2023-12-27,BELGIUM_1,2023-24,LEAGUE,,Standard Liège,St Truiden,1,1,D,Belgium,Belgian First Division,football-data.co.uk
league_dad9404196e5d12c,2024-01-19,BELGIUM_1,2023-24,LEAGUE,,KAA Gent,Mechelen,1,2,A,Belgium,Belgian First Division,football-data.co.uk
league_343ec0762e2bfaea,2024-01-20,BELGIUM_1,2023-24,LEAGUE,,Club Brugge KV,Westerlo,3,0,H,Belgium,Belgian First Division,football-data.co.uk
league_55b016317016ca43,2024-01-20,BELGIUM_1,2023-24,LEAGUE,,KRC Genk,Cercle Brugge,1,1,D,Belgium,Belgian First Division,football-data.co.uk
league_b2bc9ca3e43daa2e,2024-01-20,BELGIUM_1,2023-24,LEAGUE,,Standard Liège,Kortrijk,0,1,A,Belgium,Belgian First Division,football-data.co.uk
league_e9a41692bc5a5ca6,2024-01-21,BELGIUM_1,2023-24,LEAGUE,,Antwerp,Charleroi,4,1,H,Belgium,Belgian First Division,football-data.co.uk
league_39b4ae8322296bf1,2024-01-21,BELGIUM_1,2023-24,LEAGUE,,Oud-Heverlee Leuven,RSC Anderlecht,1,1,D,Belgium,Belgian First Division,football-data.co.uk
league_d6400f49215a2b5f,2024-01-21,BELGIUM_1,2023-24,LEAGUE,,St. Gilloise,St Truiden,2,1,H,Belgium,Belgian First Division,football-data.co.uk
league_7facae29631625bf,2024-01-24,BELGIUM_1,2023-24,LEAGUE,,RWD Molenbeek,Eupen,0,1,A,Belgium,Belgian First Division,football-data.co.uk
league_be1cba191faf6f60,2024-01-26,BELGIUM_1,2023-24,LEAGUE,,Cercle Brugge,Standard Liège,1,1,D,Belgium,Belgian First Division,football-data.co.uk
league_861b3eacdd34f95a,2024-01-27,BELGIUM_1,2023-24,LEAGUE,,Charleroi,Club Brugge KV,1,4,A,Belgium,Belgian First Division,football-data.co.uk
league_c859769a97c0c0c1,2024-01-27,BELGIUM_1,2023-24,LEAGUE,,KAA Gent,Westerlo,2,2,D,Belgium,Belgian First Division,football-data.co.uk
league_4c621ff9472337bc,2024-01-27,BELGIUM_1,2023-24,LEAGUE,,Kortrijk,Oud-Heverlee Leuven,0,0,D,Belgium,Belgian First Division,football-data.co.uk
league_511650811b802f2f,2024-01-28,BELGIUM_1,2023-24,LEAGUE,,Eupen,Antwerp,1,0,H,Belgium,Belgian First Division,football-data.co.uk
league_a5ff5e1ed942bf86,2024-01-28,BELGIUM_1,2023-24,LEAGUE,,Mechelen,RWD Molenbeek,3,1,H,Belgium,Belgian First Division,football-data.co.uk
league_d8202cf632a30215,2024-01-28,BELGIUM_1,2023-24,LEAGUE,,RSC Anderlecht,St. Gilloise,2,2,D,Belgium,Belgian First Division,football-data.co.uk
league_1b087ad097b5741c,2024-01-28,BELGIUM_1,2023-24,LEAGUE,,St Truiden,KRC Genk,1,1,D,Belgium,Belgian First Division,football-data.co.uk
league_1fc7e9d1eb1feba6,2024-01-30,BELGIUM_1,2023-24,LEAGUE,,Club Brugge KV,Kortrijk,3,3,D,Belgium,Belgian First Division,football-data.co.uk
league_618a4c9713508cde,2024-01-30,BELGIUM_1,2023-24,LEAGUE,,Westerlo,Cercle Brugge,4,2,H,Belgium,Belgian First Division,football-data.co.uk
league_b8d78fb5d2b81f07,2024-01-31,BELGIUM_1,2023-24,LEAGUE,,Charleroi,Eupen,1,0,H,Belgium,Belgian First Division,football-data.co.uk
league_71a6ee51597a2d5a,2024-01-31,BELGIUM_1,2023-24,LEAGUE,,Oud-Heverlee Leuven,KRC Genk,2,1,H,Belgium,Belgian First Division,football-data.co.uk
league_82517ab91ce90434,2024-01-31,BELGIUM_1,2023-24,LEAGUE,,St. Gilloise,RWD Molenbeek,3,2,H,Belgium,Belgian First Division,football-data.co.uk
league_46d22b56941a1c89,2024-01-31,BELGIUM_1,2023-24,LEAGUE,,Standard Liège,Antwerp,0,1,A,Belgium,Belgian First Division,football-data.co.uk
league_abf0181bd751bdd9,2024-02-01,BELGIUM_1,2023-24,LEAGUE,,Mechelen,RSC Anderlecht,2,2,D,Belgium,Belgian First Division,football-data.co.uk
league_3fab28bb4469f323,2024-02-01,BELGIUM_1,2023-24,LEAGUE,,St Truiden,KAA Gent,4,1,H,Belgium,Belgian First Division,football-data.co.uk
league_f61d43b40a489f9c,2024-02-03,BELGIUM_1,2023-24,LEAGUE,,KRC Genk,St. Gilloise,0,1,A,Belgium,Belgian First Division,football-data.co.uk
league_e42e33401eee3303,2024-02-03,BELGIUM_1,2023-24,LEAGUE,,Kortrijk,Charleroi,1,0,H,Belgium,Belgian First Division,football-data.co.uk
league_2dd5dc7701255c36,2024-02-03,BELGIUM_1,2023-24,LEAGUE,,RWD Molenbeek,Standard Liège,2,2,D,Belgium,Belgian First Division,football-data.co.uk
league_c0c2e77feb26803c,2024-02-03,BELGIUM_1,2023-24,LEAGUE,,Westerlo,Oud-Heverlee Leuven,0,3,A,Belgium,Belgian First Division,football-data.co.uk
league_9f2fc9eb696c2a64,2024-02-04,BELGIUM_1,2023-24,LEAGUE,,Antwerp,Club Brugge KV,2,1,H,Belgium,Belgian First Division,football-data.co.uk
league_6b3cbd8bf57a9195,2024-02-04,BELGIUM_1,2023-24,LEAGUE,,Cercle Brugge,St Truiden,4,1,H,Belgium,Belgian First Division,football-data.co.uk
league_f07dd61044c414a9,2024-02-04,BELGIUM_1,2023-24,LEAGUE,,Eupen,Mechelen,0,1,A,Belgium,Belgian First Division,football-data.co.uk
league_9e7037f641a24bcb,2024-02-04,BELGIUM_1,2023-24,LEAGUE,,RSC Anderlecht,KAA Gent,1,0,H,Belgium,Belgian First Division,football-data.co.uk
league_0ff93b6fbfe9b0d5,2024-02-09,BELGIUM_1,2023-24,LEAGUE,,St Truiden,Kortrijk,1,0,H,Belgium,Belgian First Division,football-data.co.uk
league_cdb9d678e98a7c72,2024-02-10,BELGIUM_1,2023-24,LEAGUE,,Club Brugge KV,Eupen,4,0,H,Belgium,Belgian First Division,football-data.co.uk
league_17d06f96c413a875,2024-02-10,BELGIUM_1,2023-24,LEAGUE,,St. Gilloise,Westerlo,2,2,D,Belgium,Belgian First Division,football-data.co.uk
league_b242ba51b0b6bd38,2024-02-10,BELGIUM_1,2023-24,LEAGUE,,Standard Liège,Oud-Heverlee Leuven,1,0,H,Belgium,Belgian First Division,football-data.co.uk
league_7d36d31ce5caccf5,2024-02-11,BELGIUM_1,2023-24,LEAGUE,,Charleroi,RSC Anderlecht,1,3,A,Belgium,Belgian First Division,football-data.co.uk
league_62b139c2240fd962,2024-02-11,BELGIUM_1,2023-24,LEAGUE,,KAA Gent,Cercle Brugge,1,2,A,Belgium,Belgian First Division,football-data.co.uk
league_f3c30b9c188ac162,2024-02-11,BELGIUM_1,2023-24,LEAGUE,,Mechelen,KRC Genk,1,1,D,Belgium,Belgian First Division,football-data.co.uk
league_2825bbbe66e9e592,2024-02-11,BELGIUM_1,2023-24,LEAGUE,,RWD Molenbeek,Antwerp,0,4,A,Belgium,Belgian First Division,football-data.co.uk
league_2611aa3d9ba10891,2024-02-16,BELGIUM_1,2023-24,LEAGUE,,Westerlo,Standard Liège,2,1,H,Belgium,Belgian First Division,football-data.co.uk
league_a259623cacdeb2fe,2024-02-17,BELGIUM_1,2023-24,LEAGUE,,Antwerp,Mechelen,0,1,A,Belgium,Belgian First Division,football-data.co.uk
league_8f537681435224ef,2024-02-17,BELGIUM_1,2023-24,LEAGUE,,KRC Genk,RWD Molenbeek,3,1,H,Belgium,Belgian First Division,football-data.co.uk
league_d89297134e39be47,2024-02-17,BELGIUM_1,2023-24,LEAGUE,,Oud-Heverlee Leuven,Charleroi,0,0,D,Belgium,Belgian First Division,football-data.co.uk
league_188eb79baca0faf3,2024-02-18,BELGIUM_1,2023-24,LEAGUE,,Cercle Brugge,Club Brugge KV,1,1,D,Belgium,Belgian First Division,football-data.co.uk
league_69b8e2fe4ec26ebf,2024-02-18,BELGIUM_1,2023-24,LEAGUE,,Eupen,KAA Gent,0,2,A,Belgium,Belgian First Division,football-data.co.uk
league_7a57f7cdac148704,2024-02-18,BELGIUM_1,2023-24,LEAGUE,,Kortrijk,St. Gilloise,1,3,A,Belgium,Belgian First Division,football-data.co.uk
league_dc83e866492520f1,2024-02-18,BELGIUM_1,2023-24,LEAGUE,,RSC Anderlecht,St Truiden,4,1,H,Belgium,Belgian First Division,football-data.co.uk
league_aded509c1fc052e8,2024-02-23,BELGIUM_1,2023-24,LEAGUE,,Charleroi,KRC Genk,0,1,A,Belgium,Belgian First Division,football-data.co.uk
league_052abebbbaa3f109,2024-02-24,BELGIUM_1,2023-24,LEAGUE,,Mechelen,Kortrijk,3,0,H,Belgium,Belgian First Division,football-data.co.uk
league_f49cb10c91e8ed20,2024-02-24,BELGIUM_1,2023-24,LEAGUE,,RWD Molenbeek,Oud-Heverlee Leuven,1,1,D,Belgium,Belgian First Division,football-data.co.uk
league_5e71118b15a55b7d,2024-02-24,BELGIUM_1,2023-24,LEAGUE,,St Truiden,Westerlo,1,0,H,Belgium,Belgian First Division,football-data.co.uk
league_39ed4e2d78a557e5,2024-02-25,BELGIUM_1,2023-24,LEAGUE,,Club Brugge KV,RSC Anderlecht,1,2,A,Belgium,Belgian First Division,football-data.co.uk
league_4b691120008504b3,2024-02-25,BELGIUM_1,2023-24,LEAGUE,,Eupen,Cercle Brugge,0,2,A,Belgium,Belgian First Division,football-data.co.uk
league_7035469b41408154,2024-02-25,BELGIUM_1,2023-24,LEAGUE,,KAA Gent,Antwerp,2,2,D,Belgium,Belgian First Division,football-data.co.uk
league_cf6d7e26dd1df24a,2024-02-25,BELGIUM_1,2023-24,LEAGUE,,St. Gilloise,Standard Liège,2,1,H,Belgium,Belgian First Division,football-data.co.uk
league_265567bcb90481e0,2024-03-01,BELGIUM_1,2023-24,LEAGUE,,Westerlo,Charleroi,0,1,A,Belgium,Belgian First Division,football-data.co.uk
league_7ddb55a9772b8340,2024-03-02,BELGIUM_1,2023-24,LEAGUE,,Cercle Brugge,Mechelen,2,3,A,Belgium,Belgian First Division,football-data.co.uk
league_e680a7c43c5d26da,2024-03-02,BELGIUM_1,2023-24,LEAGUE,,Oud-Heverlee Leuven,St. Gilloise,0,2,A,Belgium,Belgian First Division,football-data.co.uk
league_124c0c89fb40eb4c,2024-03-02,BELGIUM_1,2023-24,LEAGUE,,Standard Liège,KAA Gent,4,2,H,Belgium,Belgian First Division,football-data.co.uk
league_40f6cf0e532f590e,2024-03-03,BELGIUM_1,2023-24,LEAGUE,,Antwerp,St Truiden,3,0,H,Belgium,Belgian First Division,football-data.co.uk
league_c219c0796e371c0f,2024-03-03,BELGIUM_1,2023-24,LEAGUE,,KRC Genk,Club Brugge KV,0,3,A,Belgium,Belgian First Division,football-data.co.uk
league_a92de938c2fa0b5f,2024-03-03,BELGIUM_1,2023-24,LEAGUE,,Kortrijk,RWD Molenbeek,3,2,H,Belgium,Belgian First Division,football-data.co.uk
league_7e3b26c8dc9ccf45,2024-03-03,BELGIUM_1,2023-24,LEAGUE,,RSC Anderlecht,Eupen,1,0,H,Belgium,Belgian First Division,football-data.co.uk
league_e09c63ad07729142,2024-03-08,BELGIUM_1,2023-24,LEAGUE,,Mechelen,Westerlo,3,1,H,Belgium,Belgian First Division,football-data.co.uk
league_6d8463c11cc7c720,2024-03-09,BELGIUM_1,2023-24,LEAGUE,,Charleroi,Cercle Brugge,0,0,D,Belgium,Belgian First Division,football-data.co.uk
league_191dc135c90f5beb,2024-03-09,BELGIUM_1,2023-24,LEAGUE,,Kortrijk,Antwerp,0,1,A,Belgium,Belgian First Division,football-data.co.uk
league_a83d733e082624c4,2024-03-09,BELGIUM_1,2023-24,LEAGUE,,RWD Molenbeek,RSC Anderlecht,0,3,A,Belgium,Belgian First Division,football-data.co.uk
league_ecb5ecc8a0edb382,2024-03-10,BELGIUM_1,2023-24,LEAGUE,,Club Brugge KV,Oud-Heverlee Leuven,3,1,H,Belgium,Belgian First Division,football-data.co.uk
league_1f21e4656f618987,2024-03-10,BELGIUM_1,2023-24,LEAGUE,,Eupen,St Truiden,1,0,H,Belgium,Belgian First Division,football-data.co.uk
league_d2c036a2f475a265,2024-03-10,BELGIUM_1,2023-24,LEAGUE,,KRC Genk,Standard Liège,1,0,H,Belgium,Belgian First Division,football-data.co.uk
league_52670221485ddd68,2024-03-10,BELGIUM_1,2023-24,LEAGUE,,St. Gilloise,KAA Gent,1,1,D,Belgium,Belgian First Division,football-data.co.uk
league_57178bc7bb49d5d8,2024-03-16,BELGIUM_1,2023-24,LEAGUE,,RSC Anderlecht,Kortrijk,0,1,A,Belgium,Belgian First Division,football-data.co.uk
league_57d597b9e2039bd7,2024-03-16,BELGIUM_1,2023-24,LEAGUE,,Standard Liège,Eupen,4,0,H,Belgium,Belgian First Division,football-data.co.uk
league_2b87bfff500955be,2024-03-17,BELGIUM_1,2023-24,LEAGUE,,Antwerp,St. Gilloise,1,1,D,Belgium,Belgian First Division,football-data.co.uk
league_d40faa4742cb1747,2024-03-17,BELGIUM_1,2023-24,LEAGUE,,Cercle Brugge,RWD Molenbeek,4,0,H,Belgium,Belgian First Division,football-data.co.uk
league_b46321cfffc2df3d,2024-03-17,BELGIUM_1,2023-24,LEAGUE,,KAA Gent,Charleroi,5,0,H,Belgium,Belgian First Division,football-data.co.uk
league_7b9384bb6b395665,2024-03-17,BELGIUM_1,2023-24,LEAGUE,,Oud-Heverlee Leuven,Mechelen,1,0,H,Belgium,Belgian First Division,football-data.co.uk
league_a444287dc522762d,2024-03-17,BELGIUM_1,2023-24,LEAGUE,,St Truiden,Club Brugge KV,2,1,H,Belgium,Belgian First Division,football-data.co.uk
league_5fd53687c4b23d96,2024-03-17,BELGIUM_1,2023-24,LEAGUE,,Westerlo,KRC Genk,1,1,D,Belgium,Belgian First Division,football-data.co.uk
league_cf440edd0ff86ed6,2024-03-29,BELGIUM_1,2023-24,LEAGUE,,KAA Gent,Standard Liège,5,1,H,Belgium,Belgian First Division,football-data.co.uk
league_112f88fc7f3bc333,2024-03-30,BELGIUM_1,2023-24,LEAGUE,,Oud-Heverlee Leuven,Mechelen,2,3,A,Belgium,Belgian First Division,football-data.co.uk
league_baa77703f3dff2cc,2024-03-30,BELGIUM_1,2023-24,LEAGUE,,RSC Anderlecht,Antwerp,1,0,H,Belgium,Belgian First Division,football-data.co.uk
league_df360209b9df85a2,2024-03-31,BELGIUM_1,2023-24,LEAGUE,,St Truiden,Westerlo,2,0,H,Belgium,Belgian First Division,football-data.co.uk
league_2518c7c734d7a18b,2024-04-01,BELGIUM_1,2023-24,LEAGUE,,Cercle Brugge,Club Brugge KV,1,1,D,Belgium,Belgian First Division,football-data.co.uk
league_0d651f2133f52abd,2024-04-01,BELGIUM_1,2023-24,LEAGUE,,KRC Genk,St. Gilloise,1,0,H,Belgium,Belgian First Division,football-data.co.uk
league_bad8eb3128b514b4,2024-04-05,BELGIUM_1,2023-24,LEAGUE,,Mechelen,St Truiden,2,3,A,Belgium,Belgian First Division,football-data.co.uk
league_7d15c0d0402095ba,2024-04-06,BELGIUM_1,2023-24,LEAGUE,,Antwerp,KRC Genk,0,1,A,Belgium,Belgian First Division,football-data.co.uk
league_fd8e944ac7a6aaeb,2024-04-06,BELGIUM_1,2023-24,LEAGUE,,Charleroi,RWD Molenbeek,0,0,D,Belgium,Belgian First Division,football-data.co.uk
league_6c666168ecfd0b07,2024-04-06,BELGIUM_1,2023-24,LEAGUE,,Standard Liège,Oud-Heverlee Leuven,0,0,D,Belgium,Belgian First Division,football-data.co.uk
league_b977c7eac65fa935,2024-04-07,BELGIUM_1,2023-24,LEAGUE,,Club Brugge KV,RSC Anderlecht,3,1,H,Belgium,Belgian First Division,football-data.co.uk
league_5602578a93c7ac48,2024-04-07,BELGIUM_1,2023-24,LEAGUE,,Eupen,Kortrijk,1,1,D,Belgium,Belgian First Division,football-data.co.uk
league_36b90affd3b3116b,2024-04-07,BELGIUM_1,2023-24,LEAGUE,,St. Gilloise,Cercle Brugge,2,3,A,Belgium,Belgian First Division,football-data.co.uk
league_6d98452eec92ab98,2024-04-07,BELGIUM_1,2023-24,LEAGUE,,Westerlo,KAA Gent,0,3,A,Belgium,Belgian First Division,football-data.co.uk
league_1574f4b26a4b17e0,2024-04-12,BELGIUM_1,2023-24,LEAGUE,,St Truiden,Standard Liège,3,3,D,Belgium,Belgian First Division,football-data.co.uk
league_629456ae8a092c58,2024-04-13,BELGIUM_1,2023-24,LEAGUE,,KRC Genk,Cercle Brugge,1,1,D,Belgium,Belgian First Division,football-data.co.uk
league_28dfd2f2e18c57f9,2024-04-13,BELGIUM_1,2023-24,LEAGUE,,Mechelen,Westerlo,3,2,H,Belgium,Belgian First Division,football-data.co.uk
league_67f9924281052cf4,2024-04-13,BELGIUM_1,2023-24,LEAGUE,,RWD Molenbeek,Eupen,3,1,H,Belgium,Belgian First Division,football-data.co.uk
league_4fcd054e55552617,2024-04-14,BELGIUM_1,2023-24,LEAGUE,,Club Brugge KV,Antwerp,3,0,H,Belgium,Belgian First Division,football-data.co.uk
league_94a008b72a822518,2024-04-14,BELGIUM_1,2023-24,LEAGUE,,Kortrijk,Charleroi,1,2,A,Belgium,Belgian First Division,football-data.co.uk
league_06baf62569e4b512,2024-04-14,BELGIUM_1,2023-24,LEAGUE,,Oud-Heverlee Leuven,KAA Gent,2,1,H,Belgium,Belgian First Division,football-data.co.uk
league_66c2caf09175081b,2024-04-14,BELGIUM_1,2023-24,LEAGUE,,RSC Anderlecht,St. Gilloise,2,1,H,Belgium,Belgian First Division,football-data.co.uk
league_786f5916cdecfeef,2024-04-20,BELGIUM_1,2023-24,LEAGUE,,KAA Gent,Mechelen,3,1,H,Belgium,Belgian First Division,football-data.co.uk
league_8d5d960ec95ce3b3,2024-04-20,BELGIUM_1,2023-24,LEAGUE,,KRC Genk,RSC Anderlecht,2,1,H,Belgium,Belgian First Division,football-data.co.uk
league_6bfea76560fde317,2024-04-20,BELGIUM_1,2023-24,LEAGUE,,Oud-Heverlee Leuven,St Truiden,1,0,H,Belgium,Belgian First Division,football-data.co.uk
league_28042627b85a5366,2024-04-20,BELGIUM_1,2023-24,LEAGUE,,Westerlo,Standard Liège,3,3,D,Belgium,Belgian First Division,football-data.co.uk
league_87455487ba91f4f7,2024-04-21,BELGIUM_1,2023-24,LEAGUE,,Cercle Brugge,Antwerp,0,1,A,Belgium,Belgian First Division,football-data.co.uk
league_92b3c9839ab3843b,2024-04-21,BELGIUM_1,2023-24,LEAGUE,,Charleroi,Eupen,1,0,H,Belgium,Belgian First Division,football-data.co.uk
league_6858f30f65cc9153,2024-04-21,BELGIUM_1,2023-24,LEAGUE,,Kortrijk,RWD Molenbeek,2,4,A,Belgium,Belgian First Division,football-data.co.uk
league_b5dc213feff00a4f,2024-04-21,BELGIUM_1,2023-24,LEAGUE,,St. Gilloise,Club Brugge KV,1,2,A,Belgium,Belgian First Division,football-data.co.uk
league_b59325dfb29ffd90,2024-04-23,BELGIUM_1,2023-24,LEAGUE,,St Truiden,KAA Gent,0,2,A,Belgium,Belgian First Division,football-data.co.uk
league_fcf78dbf7b9a800b,2024-04-23,BELGIUM_1,2023-24,LEAGUE,,Standard Liège,Mechelen,0,0,D,Belgium,Belgian First Division,football-data.co.uk
league_815ff999cade9d73,2024-04-23,BELGIUM_1,2023-24,LEAGUE,,Westerlo,Oud-Heverlee Leuven,1,1,D,Belgium,Belgian First Division,football-data.co.uk
league_3eb26c63d37321cf,2024-04-24,BELGIUM_1,2023-24,LEAGUE,,Club Brugge KV,KRC Genk,4,0,H,Belgium,Belgian First Division,football-data.co.uk
league_97fc6c0050e4d0f5,2024-04-24,BELGIUM_1,2023-24,LEAGUE,,RSC Anderlecht,Cercle Brugge,3,0,H,Belgium,Belgian First Division,football-data.co.uk
league_7c58a4a8524d18d6,2024-04-25,BELGIUM_1,2023-24,LEAGUE,,Antwerp,St. Gilloise,0,3,A,Belgium,Belgian First Division,football-data.co.uk
league_929b11339174e56c,2024-04-26,BELGIUM_1,2023-24,LEAGUE,,Eupen,Charleroi,1,2,A,Belgium,Belgian First Division,football-data.co.uk
league_688c1b018b472572,2024-04-27,BELGIUM_1,2023-24,LEAGUE,,KAA Gent,Westerlo,3,2,H,Belgium,Belgian First Division,football-data.co.uk
league_016a0b69cb60be7e,2024-04-27,BELGIUM_1,2023-24,LEAGUE,,Mechelen,Oud-Heverlee Leuven,3,0,H,Belgium,Belgian First Division,football-data.co.uk
league_51ec8e2e5e9bbd2d,2024-04-27,BELGIUM_1,2023-24,LEAGUE,,Standard Liège,St Truiden,1,1,D,Belgium,Belgian First Division,football-data.co.uk
league_25da2e82d969d04c,2024-04-28,BELGIUM_1,2023-24,LEAGUE,,Cercle Brugge,RSC Anderlecht,1,1,D,Belgium,Belgian First Division,football-data.co.uk
league_82846667eea20e6d,2024-04-28,BELGIUM_1,2023-24,LEAGUE,,KRC Genk,Club Brugge KV,0,3,A,Belgium,Belgian First Division,football-data.co.uk
league_beb538b83c767155,2024-04-28,BELGIUM_1,2023-24,LEAGUE,,RWD Molenbeek,Kortrijk,0,1,A,Belgium,Belgian First Division,football-data.co.uk
league_d4c74b8402de9309,2024-04-28,BELGIUM_1,2023-24,LEAGUE,,St. Gilloise,Antwerp,4,1,H,Belgium,Belgian First Division,football-data.co.uk
league_ae4316da3fa3bfa4,2024-05-03,BELGIUM_1,2023-24,LEAGUE,,Westerlo,St Truiden,2,2,D,Belgium,Belgian First Division,football-data.co.uk
league_e411f5177bd3691a,2024-05-04,BELGIUM_1,2023-24,LEAGUE,,Cercle Brugge,KRC Genk,4,1,H,Belgium,Belgian First Division,football-data.co.uk
league_caffec46e1a50d35,2024-05-04,BELGIUM_1,2023-24,LEAGUE,,Mechelen,KAA Gent,2,4,A,Belgium,Belgian First Division,football-data.co.uk
league_72b004b001ee64ea,2024-05-04,BELGIUM_1,2023-24,LEAGUE,,RWD Molenbeek,Charleroi,1,3,A,Belgium,Belgian First Division,football-data.co.uk
league_2d72fe22afe7d795,2024-05-05,BELGIUM_1,2023-24,LEAGUE,,Antwerp,Club Brugge KV,1,2,A,Belgium,Belgian First Division,football-data.co.uk
league_0e0f429d6bebef4e,2024-05-05,BELGIUM_1,2023-24,LEAGUE,,Kortrijk,Eupen,1,0,H,Belgium,Belgian First Division,football-data.co.uk
league_fce5415612b2f592,2024-05-05,BELGIUM_1,2023-24,LEAGUE,,Oud-Heverlee Leuven,Standard Liège,3,1,H,Belgium,Belgian First Division,football-data.co.uk
league_ade4da7aa42a3f45,2024-05-05,BELGIUM_1,2023-24,LEAGUE,,St. Gilloise,RSC Anderlecht,0,0,D,Belgium,Belgian First Division,football-data.co.uk
league_0ec29efb1c927b74,2024-05-11,BELGIUM_1,2023-24,LEAGUE,,Charleroi,Kortrijk,3,1,H,Belgium,Belgian First Division,football-data.co.uk
league_ca4e935131e8493b,2024-05-11,BELGIUM_1,2023-24,LEAGUE,,Eupen,RWD Molenbeek,2,0,H,Belgium,Belgian First Division,football-data.co.uk
league_66fbaede330d3904,2024-05-11,BELGIUM_1,2023-24,LEAGUE,,RSC Anderlecht,KRC Genk,2,1,H,Belgium,Belgian First Division,football-data.co.uk
league_f6cbb8abc1ca3671,2024-05-12,BELGIUM_1,2023-24,LEAGUE,,Antwerp,Cercle Brugge,1,2,A,Belgium,Belgian First Division,football-data.co.uk
league_b5373b91c610e6ef,2024-05-12,BELGIUM_1,2023-24,LEAGUE,,KAA Gent,Oud-Heverlee Leuven,0,1,A,Belgium,Belgian First Division,football-data.co.uk
league_0b76b8541ebd4273,2024-05-12,BELGIUM_1,2023-24,LEAGUE,,St Truiden,Mechelen,2,1,H,Belgium,Belgian First Division,football-data.co.uk
league_dd57ed34f15a1cef,2024-05-13,BELGIUM_1,2023-24,LEAGUE,,Club Brugge KV,St. Gilloise,2,2,D,Belgium,Belgian First Division,football-data.co.uk
league_fadd0e1f0c24e483,2024-05-17,BELGIUM_1,2023-24,LEAGUE,,St Truiden,Oud-Heverlee Leuven,1,1,D,Belgium,Belgian First Division,football-data.co.uk
league_ad5b0a861d180648,2024-05-18,BELGIUM_1,2023-24,LEAGUE,,Standard Liège,KAA Gent,1,4,A,Belgium,Belgian First Division,football-data.co.uk
league_2a873e37e314966d,2024-05-18,BELGIUM_1,2023-24,LEAGUE,,Westerlo,Mechelen,0,2,A,Belgium,Belgian First Division,football-data.co.uk
league_b21e01a91f89b39c,2024-05-19,BELGIUM_1,2023-24,LEAGUE,,Cercle Brugge,St. Gilloise,1,2,A,Belgium,Belgian First Division,football-data.co.uk
league_b1239c90c3256318,2024-05-19,BELGIUM_1,2023-24,LEAGUE,,RSC Anderlecht,Club Brugge KV,0,1,A,Belgium,Belgian First Division,football-data.co.uk
league_8e04be053e137961,2024-05-20,BELGIUM_1,2023-24,LEAGUE,,KRC Genk,Antwerp,1,0,H,Belgium,Belgian First Division,football-data.co.uk
league_cd13079a0a44fe62,2024-05-25,BELGIUM_1,2023-24,LEAGUE,,KAA Gent,St Truiden,2,0,H,Belgium,Belgian First Division,football-data.co.uk
league_9403e62b2d7acefa,2024-05-25,BELGIUM_1,2023-24,LEAGUE,,Mechelen,Standard Liège,3,2,H,Belgium,Belgian First Division,football-data.co.uk
league_08818ff6f2310d51,2024-05-25,BELGIUM_1,2023-24,LEAGUE,,Oud-Heverlee Leuven,Westerlo,1,2,A,Belgium,Belgian First Division,football-data.co.uk
league_60bc65a31860c47c,2024-05-26,BELGIUM_1,2023-24,LEAGUE,,Antwerp,RSC Anderlecht,3,1,H,Belgium,Belgian First Division,football-data.co.uk
league_bcb7d8f4937108b8,2024-05-26,BELGIUM_1,2023-24,LEAGUE,,Club Brugge KV,Cercle Brugge,0,0,D,Belgium,Belgian First Division,football-data.co.uk
league_90eb5a381d224da2,2024-05-26,BELGIUM_1,2023-24,LEAGUE,,St. Gilloise,KRC Genk,2,0,H,Belgium,Belgian First Division,football-data.co.uk
league_1ce4aba518863f69,2024-06-02,BELGIUM_1,2023-24,LEAGUE,,KRC Genk,KAA Gent,0,1,A,Belgium,Belgian First Division,football-data.co.uk
league_ebd79cbb7100a53e,2024-07-26,BELGIUM_1,2024-25,LEAGUE,,Club Brugge KV,Mechelen,1,1,D,Belgium,Belgian First Division,football-data.co.uk
league_97c0d026edb71a78,2024-07-27,BELGIUM_1,2024-25,LEAGUE,,Beerschot VA,Oud-Heverlee Leuven,0,0,D,Belgium,Belgian First Division,football-data.co.uk
league_fa720450ec7b7010,2024-07-27,BELGIUM_1,2024-25,LEAGUE,,Dender,St. Gilloise,0,0,D,Belgium,Belgian First Division,football-data.co.uk
league_8f04ceb7a50bcaea,2024-07-27,BELGIUM_1,2024-25,LEAGUE,,RSC Anderlecht,St Truiden,1,0,H,Belgium,Belgian First Division,football-data.co.uk
league_031b5d0edf88eb63,2024-07-28,BELGIUM_1,2024-25,LEAGUE,,Charleroi,Antwerp,0,1,A,Belgium,Belgian First Division,football-data.co.uk
league_7398a962e9dc6ce4,2024-07-28,BELGIUM_1,2024-25,LEAGUE,,KRC Genk,Standard Liège,0,0,D,Belgium,Belgian First Division,football-data.co.uk
league_65b1945919f50119,2024-07-28,BELGIUM_1,2024-25,LEAGUE,,Kortrijk,KAA Gent,0,1,A,Belgium,Belgian First Division,football-data.co.uk
league_cb198eeafa4f15f2,2024-07-28,BELGIUM_1,2024-25,LEAGUE,,Westerlo,Cercle Brugge,3,0,H,Belgium,Belgian First Division,football-data.co.uk
league_8086790b7bd8fb47,2024-08-02,BELGIUM_1,2024-25,LEAGUE,,St. Gilloise,Beerschot VA,3,1,H,Belgium,Belgian First Division,football-data.co.uk
league_4c4f5d77cfef638f,2024-08-03,BELGIUM_1,2024-25,LEAGUE,,Mechelen,Westerlo,2,4,A,Belgium,Belgian First Division,football-data.co.uk
league_ce252be093effa3b,2024-08-03,BELGIUM_1,2024-25,LEAGUE,,Oud-Heverlee Leuven,KRC Genk,3,1,H,Belgium,Belgian First Division,football-data.co.uk
league_e36072dec4a3749b,2024-08-03,BELGIUM_1,2024-25,LEAGUE,,St Truiden,Charleroi,1,4,A,Belgium,Belgian First Division,football-data.co.uk
league_123f5a50f2af2ba2,2024-08-04,BELGIUM_1,2024-25,LEAGUE,,Antwerp,RSC Anderlecht,1,2,A,Belgium,Belgian First Division,football-data.co.uk
league_c0ed436d6bbc4e90,2024-08-04,BELGIUM_1,2024-25,LEAGUE,,Cercle Brugge,Kortrijk,1,2,A,Belgium,Belgian First Division,football-data.co.uk
league_19f239b512e43ee7,2024-08-04,BELGIUM_1,2024-25,LEAGUE,,KAA Gent,Dender,1,2,A,Belgium,Belgian First Division,football-data.co.uk
league_850fe60419dc93a4,2024-08-04,BELGIUM_1,2024-25,LEAGUE,,Standard Liège,Club Brugge KV,1,0,H,Belgium,Belgian First Division,football-data.co.uk
league_bb501f4706a48b21,2024-08-09,BELGIUM_1,2024-25,LEAGUE,,Standard Liège,Mechelen,0,0,D,Belgium,Belgian First Division,football-data.co.uk
league_04c84c4ee11dbc85,2024-08-10,BELGIUM_1,2024-25,LEAGUE,,Dender,Kortrijk,4,1,H,Belgium,Belgian First Division,football-data.co.uk
league_d8f91e39e11a8824,2024-08-10,BELGIUM_1,2024-25,LEAGUE,,RSC Anderlecht,Oud-Heverlee Leuven,1,1,D,Belgium,Belgian First Division,football-data.co.uk
league_5a82f750aef4d1ac,2024-08-10,BELGIUM_1,2024-25,LEAGUE,,Westerlo,St. Gilloise,4,3,H,Belgium,Belgian First Division,football-data.co.uk
league_d77fc75bf6f370f8,2024-08-11,BELGIUM_1,2024-25,LEAGUE,,Antwerp,St Truiden,6,1,H,Belgium,Belgian First Division,football-data.co.uk
league_b7cfaf25bdbc7326,2024-08-11,BELGIUM_1,2024-25,LEAGUE,,Cercle Brugge,Beerschot VA,4,1,H,Belgium,Belgian First Division,football-data.co.uk
league_a1aeddd5f3c77421,2024-08-11,BELGIUM_1,2024-25,LEAGUE,,Charleroi,KAA Gent,1,0,H,Belgium,Belgian First Division,football-data.co.uk
league_cf448e3e5daccc78,2024-08-11,BELGIUM_1,2024-25,LEAGUE,,KRC Genk,Club Brugge KV,3,2,H,Belgium,Belgian First Division,football-data.co.uk
league_3ef4dc71f8daf4c6,2024-08-16,BELGIUM_1,2024-25,LEAGUE,,St. Gilloise,Charleroi,1,0,H,Belgium,Belgian First Division,football-data.co.uk
league_512a3377bd590626,2024-08-17,BELGIUM_1,2024-25,LEAGUE,,Beerschot VA,KRC Genk,3,4,A,Belgium,Belgian First Division,football-data.co.uk
league_3f529413531cd892,2024-08-17,BELGIUM_1,2024-25,LEAGUE,,Mechelen,RSC Anderlecht,1,3,A,Belgium,Belgian First Division,football-data.co.uk
league_95507c80925a9537,2024-08-17,BELGIUM_1,2024-25,LEAGUE,,St Truiden,Dender,3,3,D,Belgium,Belgian First Division,football-data.co.uk
league_c1893bfa7ba2d8a8,2024-08-18,BELGIUM_1,2024-25,LEAGUE,,Club Brugge KV,Antwerp,1,0,H,Belgium,Belgian First Division,football-data.co.uk
league_d40fc70e4302b660,2024-08-18,BELGIUM_1,2024-25,LEAGUE,,KAA Gent,Westerlo,4,1,H,Belgium,Belgian First Division,football-data.co.uk
league_bcdd834265cd30ff,2024-08-18,BELGIUM_1,2024-25,LEAGUE,,Kortrijk,Standard Liège,1,0,H,Belgium,Belgian First Division,football-data.co.uk
league_f905d77a76dbd4d3,2024-08-18,BELGIUM_1,2024-25,LEAGUE,,Oud-Heverlee Leuven,Cercle Brugge,1,1,D,Belgium,Belgian First Division,football-data.co.uk
league_3dc8d73f2ecd5b23,2024-08-24,BELGIUM_1,2024-25,LEAGUE,,Antwerp,Mechelen,0,1,A,Belgium,Belgian First Division,football-data.co.uk
league_db39041c4354f6e7,2024-08-24,BELGIUM_1,2024-25,LEAGUE,,Westerlo,Oud-Heverlee Leuven,1,1,D,Belgium,Belgian First Division,football-data.co.uk
league_934be79b722e33de,2024-08-25,BELGIUM_1,2024-25,LEAGUE,,Charleroi,Kortrijk,1,0,H,Belgium,Belgian First Division,football-data.co.uk
league_ae6873b25c9c4e17,2024-08-25,BELGIUM_1,2024-25,LEAGUE,,Dender,Club Brugge KV,1,2,A,Belgium,Belgian First Division,football-data.co.uk
league_44752a586791055f,2024-08-25,BELGIUM_1,2024-25,LEAGUE,,St Truiden,St. Gilloise,0,0,D,Belgium,Belgian First Division,football-data.co.uk
league_5a633e484351c16c,2024-08-25,BELGIUM_1,2024-25,LEAGUE,,Standard Liège,Beerschot VA,1,0,H,Belgium,Belgian First Division,football-data.co.uk
league_55fdc016744619a2,2024-08-30,BELGIUM_1,2024-25,LEAGUE,,KRC Genk,Westerlo,1,0,H,Belgium,Belgian First Division,football-data.co.uk
league_d14d235db09e562d,2024-08-31,BELGIUM_1,2024-25,LEAGUE,,Beerschot VA,Dender,1,2,A,Belgium,Belgian First Division,football-data.co.uk
league_3c1d5ee9e907d6b4,2024-08-31,BELGIUM_1,2024-25,LEAGUE,,Mechelen,Charleroi,5,2,H,Belgium,Belgian First Division,football-data.co.uk
league_5820ce7be2f4058a,2024-08-31,BELGIUM_1,2024-25,LEAGUE,,Oud-Heverlee Leuven,Standard Liège,2,0,H,Belgium,Belgian First Division,football-data.co.uk
league_956dfe75cfa655dd,2024-09-01,BELGIUM_1,2024-25,LEAGUE,,Club Brugge KV,Cercle Brugge,3,0,H,Belgium,Belgian First Division,football-data.co.uk
league_3d4952f942f1e98e,2024-09-01,BELGIUM_1,2024-25,LEAGUE,,KAA Gent,Antwerp,1,1,D,Belgium,Belgian First Division,football-data.co.uk
league_2421be9112fed607,2024-09-01,BELGIUM_1,2024-25,LEAGUE,,Kortrijk,St Truiden,1,1,D,Belgium,Belgian First Division,football-data.co.uk
league_e567e5260a143f01,2024-09-01,BELGIUM_1,2024-25,LEAGUE,,St. Gilloise,RSC Anderlecht,0,0,D,Belgium,Belgian First Division,football-data.co.uk
league_b4bea7042f6ae3f2,2024-09-13,BELGIUM_1,2024-25,LEAGUE,,Dender,Standard Liège,0,2,A,Belgium,Belgian First Division,football-data.co.uk
league_b0376e6d2f27f395,2024-09-14,BELGIUM_1,2024-25,LEAGUE,,Cercle Brugge,KRC Genk,2,3,A,Belgium,Belgian First Division,football-data.co.uk
league_d7bd044ae32bcab4,2024-09-14,BELGIUM_1,2024-25,LEAGUE,,Kortrijk,Club Brugge KV,0,3,A,Belgium,Belgian First Division,football-data.co.uk
league_0c50c252bd4e4b19,2024-09-14,BELGIUM_1,2024-25,LEAGUE,,RSC Anderlecht,Westerlo,2,2,D,Belgium,Belgian First Division,football-data.co.uk
league_bf8b628bad9d0d9c,2024-09-15,BELGIUM_1,2024-25,LEAGUE,,Antwerp,St. Gilloise,2,0,H,Belgium,Belgian First Division,football-data.co.uk
league_5816de1f90fc0475,2024-09-15,BELGIUM_1,2024-25,LEAGUE,,Charleroi,Beerschot VA,3,0,H,Belgium,Belgian First Division,football-data.co.uk
league_d59e2a593e4b2494,2024-09-15,BELGIUM_1,2024-25,LEAGUE,,KAA Gent,Mechelen,2,0,H,Belgium,Belgian First Division,football-data.co.uk
league_1c27996d95c03b34,2024-09-15,BELGIUM_1,2024-25,LEAGUE,,St Truiden,Oud-Heverlee Leuven,2,1,H,Belgium,Belgian First Division,football-data.co.uk
league_b87989d740d11e78,2024-09-17,BELGIUM_1,2024-25,LEAGUE,,RSC Anderlecht,KRC Genk,0,2,A,Belgium,Belgian First Division,football-data.co.uk
league_cdf53a889de7e54d,2024-09-20,BELGIUM_1,2024-25,LEAGUE,,Standard Liège,St. Gilloise,0,0,D,Belgium,Belgian First Division,football-data.co.uk
league_e26270bce15ce0e0,2024-09-21,BELGIUM_1,2024-25,LEAGUE,,Beerschot VA,St Truiden,0,3,A,Belgium,Belgian First Division,football-data.co.uk
league_14afd358285c6553,2024-09-21,BELGIUM_1,2024-25,LEAGUE,,RSC Anderlecht,Charleroi,0,0,D,Belgium,Belgian First Division,football-data.co.uk
league_59c01d592daedfad,2024-09-21,BELGIUM_1,2024-25,LEAGUE,,Westerlo,Antwerp,1,2,A,Belgium,Belgian First Division,football-data.co.uk
league_b05e8c8472567794,2024-09-22,BELGIUM_1,2024-25,LEAGUE,,Club Brugge KV,KAA Gent,2,4,A,Belgium,Belgian First Division,football-data.co.uk
league_f8eef1d7e9c81361,2024-09-22,BELGIUM_1,2024-25,LEAGUE,,KRC Genk,Dender,4,0,H,Belgium,Belgian First Division,football-data.co.uk
league_caaac66f8cb3cc11,2024-09-22,BELGIUM_1,2024-25,LEAGUE,,Mechelen,Cercle Brugge,2,0,H,Belgium,Belgian First Division,football-data.co.uk
league_ad97142705659a70,2024-09-22,BELGIUM_1,2024-25,LEAGUE,,Oud-Heverlee Leuven,Kortrijk,1,1,D,Belgium,Belgian First Division,football-data.co.uk
league_4a8bf845b7f851f8,2024-09-26,BELGIUM_1,2024-25,LEAGUE,,Cercle Brugge,KAA Gent,2,1,H,Belgium,Belgian First Division,football-data.co.uk
league_e1786cdb4d87e38f,2024-09-27,BELGIUM_1,2024-25,LEAGUE,,Charleroi,Club Brugge KV,1,1,D,Belgium,Belgian First Division,football-data.co.uk
league_0f33c081f39e7c72,2024-09-28,BELGIUM_1,2024-25,LEAGUE,,Dender,RSC Anderlecht,1,1,D,Belgium,Belgian First Division,football-data.co.uk
league_43842d7607345b33,2024-09-28,BELGIUM_1,2024-25,LEAGUE,,KRC Genk,Mechelen,2,1,H,Belgium,Belgian First Division,football-data.co.uk
league_aaa3ca09e78e37c9,2024-09-28,BELGIUM_1,2024-25,LEAGUE,,Standard Liège,Westerlo,1,2,A,Belgium,Belgian First Division,football-data.co.uk
league_9d975896bec19db3,2024-09-29,BELGIUM_1,2024-25,LEAGUE,,Antwerp,Beerschot VA,5,0,H,Belgium,Belgian First Division,football-data.co.uk
league_417b8686d34b0d59,2024-09-29,BELGIUM_1,2024-25,LEAGUE,,Cercle Brugge,St Truiden,1,1,D,Belgium,Belgian First Division,football-data.co.uk
league_fdeec326c0cb10c3,2024-09-29,BELGIUM_1,2024-25,LEAGUE,,KAA Gent,Oud-Heverlee Leuven,3,0,H,Belgium,Belgian First Division,football-data.co.uk
league_14009a845c84175e,2024-09-29,BELGIUM_1,2024-25,LEAGUE,,St. Gilloise,Kortrijk,3,0,H,Belgium,Belgian First Division,football-data.co.uk
league_5c3f53094b1501df,2024-10-04,BELGIUM_1,2024-25,LEAGUE,,Westerlo,Beerschot VA,2,2,D,Belgium,Belgian First Division,football-data.co.uk
league_721624a8a6e1ccf0,2024-10-05,BELGIUM_1,2024-25,LEAGUE,,Dender,Charleroi,1,0,H,Belgium,Belgian First Division,football-data.co.uk
league_f288aace3309fa7e,2024-10-05,BELGIUM_1,2024-25,LEAGUE,,Kortrijk,KRC Genk,2,1,H,Belgium,Belgian First Division,football-data.co.uk
league_de457a283a88e1f6,2024-10-05,BELGIUM_1,2024-25,LEAGUE,,Mechelen,Oud-Heverlee Leuven,5,0,H,Belgium,Belgian First Division,football-data.co.uk
league_b9f6739e069473f4,2024-10-06,BELGIUM_1,2024-25,LEAGUE,,Antwerp,Cercle Brugge,3,0,H,Belgium,Belgian First Division,football-data.co.uk
league_b8f37657b1619cb0,2024-10-06,BELGIUM_1,2024-25,LEAGUE,,Club Brugge KV,St. Gilloise,1,1,D,Belgium,Belgian First Division,football-data.co.uk
league_fd1478e9fa22319a,2024-10-06,BELGIUM_1,2024-25,LEAGUE,,RSC Anderlecht,Standard Liège,3,0,H,Belgium,Belgian First Division,football-data.co.uk
league_578e48840ab40bff,2024-10-06,BELGIUM_1,2024-25,LEAGUE,,St Truiden,KAA Gent,1,1,D,Belgium,Belgian First Division,football-data.co.uk
league_c38d92b6899621b7,2024-10-18,BELGIUM_1,2024-25,LEAGUE,,Beerschot VA,RSC Anderlecht,2,1,H,Belgium,Belgian First Division,football-data.co.uk
league_816e7a2e48562727,2024-10-19,BELGIUM_1,2024-25,LEAGUE,,Cercle Brugge,Dender,0,0,D,Belgium,Belgian First Division,football-data.co.uk
league_07650cb48332cd16,2024-10-19,BELGIUM_1,2024-25,LEAGUE,,St. Gilloise,KAA Gent,0,0,D,Belgium,Belgian First Division,football-data.co.uk
league_690d6823290add81,2024-10-19,BELGIUM_1,2024-25,LEAGUE,,Westerlo,Club Brugge KV,1,2,A,Belgium,Belgian First Division,football-data.co.uk
league_ccf6ab461ab9e795,2024-10-20,BELGIUM_1,2024-25,LEAGUE,,KRC Genk,St Truiden,3,2,H,Belgium,Belgian First Division,football-data.co.uk
league_0515037c91bebd7c,2024-10-20,BELGIUM_1,2024-25,LEAGUE,,Mechelen,Kortrijk,3,0,H,Belgium,Belgian First Division,football-data.co.uk
league_64bb7b5f0ae57ce8,2024-10-20,BELGIUM_1,2024-25,LEAGUE,,Oud-Heverlee Leuven,Antwerp,1,1,D,Belgium,Belgian First Division,football-data.co.uk
league_4e8f363216b51f45,2024-10-20,BELGIUM_1,2024-25,LEAGUE,,Standard Liège,Charleroi,2,1,H,Belgium,Belgian First Division,football-data.co.uk
league_cb109dfeb3b1be36,2024-10-25,BELGIUM_1,2024-25,LEAGUE,,Kortrijk,Beerschot VA,1,0,H,Belgium,Belgian First Division,football-data.co.uk
league_4c46779f60666bbe,2024-10-26,BELGIUM_1,2024-25,LEAGUE,,Charleroi,Oud-Heverlee Leuven,0,2,A,Belgium,Belgian First Division,football-data.co.uk
league_268a1cb297bc05ef,2024-10-26,BELGIUM_1,2024-25,LEAGUE,,Dender,Mechelen,2,5,A,Belgium,Belgian First Division,football-data.co.uk
league_cf3cac8bbe1198f4,2024-10-26,BELGIUM_1,2024-25,LEAGUE,,St Truiden,Westerlo,2,0,H,Belgium,Belgian First Division,football-data.co.uk
league_4214a0f83601943d,2024-10-27,BELGIUM_1,2024-25,LEAGUE,,Antwerp,Standard Liège,3,0,H,Belgium,Belgian First Division,football-data.co.uk
league_d301eabbf1d8a58f,2024-10-27,BELGIUM_1,2024-25,LEAGUE,,Club Brugge KV,RSC Anderlecht,2,1,H,Belgium,Belgian First Division,football-data.co.uk
league_c5ad27855bd2cef0,2024-10-27,BELGIUM_1,2024-25,LEAGUE,,KAA Gent,KRC Genk,0,2,A,Belgium,Belgian First Division,football-data.co.uk
league_2178c03ab389bcc6,2024-10-27,BELGIUM_1,2024-25,LEAGUE,,St. Gilloise,Cercle Brugge,1,3,A,Belgium,Belgian First Division,football-data.co.uk
league_8b0ede0f699937d4,2024-11-01,BELGIUM_1,2024-25,LEAGUE,,Westerlo,Dender,2,0,H,Belgium,Belgian First Division,football-data.co.uk
league_82c81a320459fe1d,2024-11-02,BELGIUM_1,2024-25,LEAGUE,,Mechelen,St. Gilloise,1,1,D,Belgium,Belgian First Division,football-data.co.uk
league_bcdcecbc12157249,2024-11-02,BELGIUM_1,2024-25,LEAGUE,,Oud-Heverlee Leuven,Club Brugge KV,0,1,A,Belgium,Belgian First Division,football-data.co.uk
league_eae38ebc5c984686,2024-11-02,BELGIUM_1,2024-25,LEAGUE,,Standard Liège,St Truiden,2,1,H,Belgium,Belgian First Division,football-data.co.uk
league_c30736bbf2be4eb8,2024-11-03,BELGIUM_1,2024-25,LEAGUE,,Beerschot VA,KAA Gent,0,0,D,Belgium,Belgian First Division,football-data.co.uk
league_ed9a5ea48f1a2f74,2024-11-03,BELGIUM_1,2024-25,LEAGUE,,Cercle Brugge,Charleroi,2,0,H,Belgium,Belgian First Division,football-data.co.uk
league_62954e33b1380500,2024-11-03,BELGIUM_1,2024-25,LEAGUE,,KRC Genk,Antwerp,2,0,H,Belgium,Belgian First Division,football-data.co.uk
league_f87c0569fc0db039,2024-11-03,BELGIUM_1,2024-25,LEAGUE,,RSC Anderlecht,Kortrijk,4,0,H,Belgium,Belgian First Division,football-data.co.uk
league_8940d53273dff626,2024-11-08,BELGIUM_1,2024-25,LEAGUE,,St Truiden,Mechelen,2,1,H,Belgium,Belgian First Division,football-data.co.uk
league_f63568c66cb9b881,2024-11-09,BELGIUM_1,2024-25,LEAGUE,,Charleroi,Westerlo,1,0,H,Belgium,Belgian First Division,football-data.co.uk
league_a971a92525a8ff12,2024-11-09,BELGIUM_1,2024-25,LEAGUE,,Dender,Oud-Heverlee Leuven,1,1,D,Belgium,Belgian First Division,football-data.co.uk
league_155c94f86e72c305,2024-11-09,BELGIUM_1,2024-25,LEAGUE,,Kortrijk,Antwerp,1,2,A,Belgium,Belgian First Division,football-data.co.uk
league_f3d6f12e239c65ff,2024-11-10,BELGIUM_1,2024-25,LEAGUE,,Beerschot VA,Club Brugge KV,2,2,D,Belgium,Belgian First Division,football-data.co.uk
league_121794177be7c029,2024-11-10,BELGIUM_1,2024-25,LEAGUE,,Cercle Brugge,RSC Anderlecht,0,5,A,Belgium,Belgian First Division,football-data.co.uk
league_09f041ebd90f9875,2024-11-10,BELGIUM_1,2024-25,LEAGUE,,KAA Gent,Standard Liège,5,0,H,Belgium,Belgian First Division,football-data.co.uk
league_c1901cc438ef6410,2024-11-10,BELGIUM_1,2024-25,LEAGUE,,St. Gilloise,KRC Genk,4,0,H,Belgium,Belgian First Division,football-data.co.uk
league_4e073ae922b88887,2024-11-22,BELGIUM_1,2024-25,LEAGUE,,Antwerp,Dender,1,1,D,Belgium,Belgian First Division,football-data.co.uk
league_9edb93b64bbfaa95,2024-11-23,BELGIUM_1,2024-25,LEAGUE,,Club Brugge KV,St Truiden,7,0,H,Belgium,Belgian First Division,football-data.co.uk
league_6d0db8e8124ab99e,2024-11-23,BELGIUM_1,2024-25,LEAGUE,,KRC Genk,Charleroi,3,0,H,Belgium,Belgian First Division,football-data.co.uk
league_58a3f5fcefc0bdea,2024-11-23,BELGIUM_1,2024-25,LEAGUE,,Standard Liège,Cercle Brugge,1,0,H,Belgium,Belgian First Division,football-data.co.uk
league_58eed00890c50662,2024-11-24,BELGIUM_1,2024-25,LEAGUE,,Mechelen,Beerschot VA,3,0,H,Belgium,Belgian First Division,football-data.co.uk
league_ed4eb0b8a99875fd,2024-11-24,BELGIUM_1,2024-25,LEAGUE,,Oud-Heverlee Leuven,St. Gilloise,1,1,D,Belgium,Belgian First Division,football-data.co.uk
league_7e925f6e625c2740,2024-11-24,BELGIUM_1,2024-25,LEAGUE,,RSC Anderlecht,KAA Gent,6,0,H,Belgium,Belgian First Division,football-data.co.uk
league_77443921df7e4129,2024-11-24,BELGIUM_1,2024-25,LEAGUE,,Westerlo,Kortrijk,4,0,H,Belgium,Belgian First Division,football-data.co.uk
league_b3e9bfa516e6162f,2024-11-29,BELGIUM_1,2024-25,LEAGUE,,Kortrijk,Mechelen,3,1,H,Belgium,Belgian First Division,football-data.co.uk
league_f82144dc8488e51e,2024-11-30,BELGIUM_1,2024-25,LEAGUE,,Charleroi,Standard Liège,1,1,D,Belgium,Belgian First Division,football-data.co.uk
league_8257eb0a1e738631,2024-11-30,BELGIUM_1,2024-25,LEAGUE,,Club Brugge KV,Dender,4,1,H,Belgium,Belgian First Division,football-data.co.uk
league_498735a715f96d61,2024-12-01,BELGIUM_1,2024-25,LEAGUE,,Beerschot VA,Cercle Brugge,3,2,H,Belgium,Belgian First Division,football-data.co.uk
league_429c328f24fd9a66,2024-12-01,BELGIUM_1,2024-25,LEAGUE,,Oud-Heverlee Leuven,RSC Anderlecht,0,0,D,Belgium,Belgian First Division,football-data.co.uk
league_39f13aa3b22128f5,2024-12-01,BELGIUM_1,2024-25,LEAGUE,,St Truiden,KRC Genk,2,2,D,Belgium,Belgian First Division,football-data.co.uk
league_b9f9b1fb9596ee37,2024-12-01,BELGIUM_1,2024-25,LEAGUE,,St. Gilloise,Antwerp,2,1,H,Belgium,Belgian First Division,football-data.co.uk
league_f9dc7830ad4b5f95,2024-12-01,BELGIUM_1,2024-25,LEAGUE,,Westerlo,KAA Gent,2,2,D,Belgium,Belgian First Division,football-data.co.uk
league_6ec1f336b5416f33,2024-12-07,BELGIUM_1,2024-25,LEAGUE,,KAA Gent,St Truiden,2,0,H,Belgium,Belgian First Division,football-data.co.uk
league_1cb23d9886d18fdf,2024-12-07,BELGIUM_1,2024-25,LEAGUE,,KRC Genk,Kortrijk,3,2,H,Belgium,Belgian First Division,football-data.co.uk
league_459ee2ed112f6f59,2024-12-07,BELGIUM_1,2024-25,LEAGUE,,Mechelen,Club Brugge KV,1,2,A,Belgium,Belgian First Division,football-data.co.uk
league_3ea1b25ebff100fd,2024-12-07,BELGIUM_1,2024-25,LEAGUE,,Standard Liège,Oud-Heverlee Leuven,1,1,D,Belgium,Belgian First Division,football-data.co.uk
league_7a2c666a4cf89425,2024-12-08,BELGIUM_1,2024-25,LEAGUE,,Antwerp,Charleroi,1,3,A,Belgium,Belgian First Division,football-data.co.uk
league_34a7adac730e01e7,2024-12-08,BELGIUM_1,2024-25,LEAGUE,,Cercle Brugge,St. Gilloise,0,0,D,Belgium,Belgian First Division,football-data.co.uk
league_79c0b15c6a624fe5,2024-12-08,BELGIUM_1,2024-25,LEAGUE,,Dender,Westerlo,1,0,H,Belgium,Belgian First Division,football-data.co.uk
league_d6857af223615361,2024-12-08,BELGIUM_1,2024-25,LEAGUE,,RSC Anderlecht,Beerschot VA,2,1,H,Belgium,Belgian First Division,football-data.co.uk
league_15d2273747f7ca1d,2024-12-13,BELGIUM_1,2024-25,LEAGUE,,Mechelen,Antwerp,1,1,D,Belgium,Belgian First Division,football-data.co.uk
league_782cfff22342254a,2024-12-14,BELGIUM_1,2024-25,LEAGUE,,Beerschot VA,Standard Liège,0,0,D,Belgium,Belgian First Division,football-data.co.uk
league_7f02671865d313b4,2024-12-14,BELGIUM_1,2024-25,LEAGUE,,Kortrijk,Dender,0,3,A,Belgium,Belgian First Division,football-data.co.uk
league_8e7f50e6140aba71,2024-12-14,BELGIUM_1,2024-25,LEAGUE,,Oud-Heverlee Leuven,Charleroi,1,0,H,Belgium,Belgian First Division,football-data.co.uk
league_f8db7c0b5baf4701,2024-12-15,BELGIUM_1,2024-25,LEAGUE,,Club Brugge KV,KRC Genk,2,0,H,Belgium,Belgian First Division,football-data.co.uk
league_1d856092f901fc66,2024-12-15,BELGIUM_1,2024-25,LEAGUE,,KAA Gent,Cercle Brugge,1,1,D,Belgium,Belgian First Division,football-data.co.uk
league_b0e29a324e366603,2024-12-15,BELGIUM_1,2024-25,LEAGUE,,St Truiden,RSC Anderlecht,0,2,A,Belgium,Belgian First Division,football-data.co.uk
league_d3c90e39ef9d96af,2024-12-15,BELGIUM_1,2024-25,LEAGUE,,St. Gilloise,Westerlo,3,1,H,Belgium,Belgian First Division,football-data.co.uk
league_6474b8de7bf3942a,2024-12-20,BELGIUM_1,2024-25,LEAGUE,,Westerlo,Mechelen,1,1,D,Belgium,Belgian First Division,football-data.co.uk
league_6cb15e83cf7a5b4a,2024-12-21,BELGIUM_1,2024-25,LEAGUE,,Beerschot VA,Kortrijk,2,2,D,Belgium,Belgian First Division,football-data.co.uk
league_2d5117f9cfc847a6,2024-12-21,BELGIUM_1,2024-25,LEAGUE,,Charleroi,St Truiden,2,1,H,Belgium,Belgian First Division,football-data.co.uk
league_b6b7b3de529d9311,2024-12-21,BELGIUM_1,2024-25,LEAGUE,,Dender,Antwerp,1,3,A,Belgium,Belgian First Division,football-data.co.uk
league_537bb448a26efd6e,2024-12-22,BELGIUM_1,2024-25,LEAGUE,,Cercle Brugge,Oud-Heverlee Leuven,1,0,H,Belgium,Belgian First Division,football-data.co.uk
league_d79942797d4392e4,2024-12-22,BELGIUM_1,2024-25,LEAGUE,,KRC Genk,RSC Anderlecht,2,0,H,Belgium,Belgian First Division,football-data.co.uk
league_0e9231d38a90026f,2024-12-22,BELGIUM_1,2024-25,LEAGUE,,St. Gilloise,Club Brugge KV,2,2,D,Belgium,Belgian First Division,football-data.co.uk
league_a6184ee28e8c2236,2024-12-22,BELGIUM_1,2024-25,LEAGUE,,Standard Liège,KAA Gent,0,1,A,Belgium,Belgian First Division,football-data.co.uk
league_c7c7dad27058077e,2024-12-26,BELGIUM_1,2024-25,LEAGUE,,Antwerp,KRC Genk,2,2,D,Belgium,Belgian First Division,football-data.co.uk
league_9b56b65810435aa9,2024-12-26,BELGIUM_1,2024-25,LEAGUE,,Club Brugge KV,Westerlo,4,3,H,Belgium,Belgian First Division,football-data.co.uk
league_5069ea53a91afe50,2024-12-26,BELGIUM_1,2024-25,LEAGUE,,KAA Gent,St. Gilloise,1,3,A,Belgium,Belgian First Division,football-data.co.uk
league_79130437ec7c466b,2024-12-26,BELGIUM_1,2024-25,LEAGUE,,Kortrijk,Charleroi,0,1,A,Belgium,Belgian First Division,football-data.co.uk
league_c638204339efbffd,2024-12-26,BELGIUM_1,2024-25,LEAGUE,,Mechelen,Standard Liège,0,0,D,Belgium,Belgian First Division,football-data.co.uk
league_06afb1f6af91c04c,2024-12-27,BELGIUM_1,2024-25,LEAGUE,,Oud-Heverlee Leuven,Beerschot VA,2,0,H,Belgium,Belgian First Division,football-data.co.uk
league_7e2720ea0eeae1bb,2024-12-27,BELGIUM_1,2024-25,LEAGUE,,RSC Anderlecht,Dender,2,3,A,Belgium,Belgian First Division,football-data.co.uk
league_fa0af8e694d2a650,2024-12-27,BELGIUM_1,2024-25,LEAGUE,,St Truiden,Cercle Brugge,1,1,D,Belgium,Belgian First Division,football-data.co.uk
league_917ad679b05d4fd8,2025-01-10,BELGIUM_1,2024-25,LEAGUE,,Standard Liège,Kortrijk,1,0,H,Belgium,Belgian First Division,football-data.co.uk
league_e21b278634e30501,2025-01-11,BELGIUM_1,2024-25,LEAGUE,,Charleroi,St. Gilloise,1,2,A,Belgium,Belgian First Division,football-data.co.uk
league_0a68599acb26c7e3,2025-01-11,BELGIUM_1,2024-25,LEAGUE,,KRC Genk,Oud-Heverlee Leuven,2,0,H,Belgium,Belgian First Division,football-data.co.uk
league_a5abc4fd06677bdb,2025-01-11,BELGIUM_1,2024-25,LEAGUE,,Westerlo,St Truiden,1,2,A,Belgium,Belgian First Division,football-data.co.uk
league_d43394ebf6f7057f,2025-01-12,BELGIUM_1,2024-25,LEAGUE,,Beerschot VA,Antwerp,1,1,D,Belgium,Belgian First Division,football-data.co.uk
league_0f052d86ec92f761,2025-01-12,BELGIUM_1,2024-25,LEAGUE,,Cercle Brugge,Mechelen,1,0,H,Belgium,Belgian First Division,football-data.co.uk
league_1310e49c7b58c3e3,2025-01-12,BELGIUM_1,2024-25,LEAGUE,,Dender,KAA Gent,0,0,D,Belgium,Belgian First Division,football-data.co.uk
league_f265a377b405a63f,2025-01-12,BELGIUM_1,2024-25,LEAGUE,,RSC Anderlecht,Club Brugge KV,0,3,A,Belgium,Belgian First Division,football-data.co.uk
league_effe844333536e14,2025-01-17,BELGIUM_1,2024-25,LEAGUE,,KAA Gent,Charleroi,1,1,D,Belgium,Belgian First Division,football-data.co.uk
league_814882164b4b7aab,2025-01-18,BELGIUM_1,2024-25,LEAGUE,,Club Brugge KV,Beerschot VA,4,2,H,Belgium,Belgian First Division,football-data.co.uk
league_b349f732339992d5,2025-01-18,BELGIUM_1,2024-25,LEAGUE,,Dender,Cercle Brugge,0,1,A,Belgium,Belgian First Division,football-data.co.uk
league_6874423f58f09dcf,2025-01-18,BELGIUM_1,2024-25,LEAGUE,,Mechelen,KRC Genk,1,2,A,Belgium,Belgian First Division,football-data.co.uk
league_485df12348a49168,2025-01-19,BELGIUM_1,2024-25,LEAGUE,,Antwerp,Westerlo,3,2,H,Belgium,Belgian First Division,football-data.co.uk
league_88786ccbcee8e9ea,2025-01-19,BELGIUM_1,2024-25,LEAGUE,,Kortrijk,RSC Anderlecht,0,2,A,Belgium,Belgian First Division,football-data.co.uk
league_c69b151a1c406806,2025-01-19,BELGIUM_1,2024-25,LEAGUE,,St Truiden,Standard Liège,1,2,A,Belgium,Belgian First Division,football-data.co.uk
league_44cf6452603616a0,2025-01-19,BELGIUM_1,2024-25,LEAGUE,,St. Gilloise,Oud-Heverlee Leuven,1,0,H,Belgium,Belgian First Division,football-data.co.uk
league_e4780a40f4367b5a,2025-01-24,BELGIUM_1,2024-25,LEAGUE,,St Truiden,Antwerp,1,1,D,Belgium,Belgian First Division,football-data.co.uk
league_b70676e15e53d69d,2025-01-25,BELGIUM_1,2024-25,LEAGUE,,Charleroi,Cercle Brugge,1,1,D,Belgium,Belgian First Division,football-data.co.uk
league_b23d64c3a29aa190,2025-01-25,BELGIUM_1,2024-25,LEAGUE,,Club Brugge KV,Kortrijk,1,1,D,Belgium,Belgian First Division,football-data.co.uk
league_c9a8c846f55ff554,2025-01-25,BELGIUM_1,2024-25,LEAGUE,,Westerlo,KRC Genk,1,2,A,Belgium,Belgian First Division,football-data.co.uk
league_32ee4185ad613b62,2025-01-26,BELGIUM_1,2024-25,LEAGUE,,Beerschot VA,St. Gilloise,0,4,A,Belgium,Belgian First Division,football-data.co.uk
league_af2395dee50258b3,2025-01-26,BELGIUM_1,2024-25,LEAGUE,,Oud-Heverlee Leuven,KAA Gent,0,0,D,Belgium,Belgian First Division,football-data.co.uk
league_3744446fd405f421,2025-01-26,BELGIUM_1,2024-25,LEAGUE,,RSC Anderlecht,Mechelen,4,1,H,Belgium,Belgian First Division,football-data.co.uk
league_3d335093972d38f0,2025-01-26,BELGIUM_1,2024-25,LEAGUE,,Standard Liège,Dender,1,0,H,Belgium,Belgian First Division,football-data.co.uk
league_dbf88b9423a83236,2025-01-31,BELGIUM_1,2024-25,LEAGUE,,Oud-Heverlee Leuven,Mechelen,1,0,H,Belgium,Belgian First Division,football-data.co.uk
league_af3795e2a7d93833,2025-02-01,BELGIUM_1,2024-25,LEAGUE,,Cercle Brugge,Standard Liège,1,1,D,Belgium,Belgian First Division,football-data.co.uk
league_7a6711b30777e0b4,2025-02-01,BELGIUM_1,2024-25,LEAGUE,,Charleroi,Dender,5,0,H,Belgium,Belgian First Division,football-data.co.uk
league_afe7eb68a30ad602,2025-02-01,BELGIUM_1,2024-25,LEAGUE,,KRC Genk,Beerschot VA,1,0,H,Belgium,Belgian First Division,football-data.co.uk
league_3b2f66284bf3eec6,2025-02-02,BELGIUM_1,2024-25,LEAGUE,,Antwerp,Club Brugge KV,2,1,H,Belgium,Belgian First Division,football-data.co.uk
league_36d7fda239656a65,2025-02-02,BELGIUM_1,2024-25,LEAGUE,,KAA Gent,RSC Anderlecht,1,0,H,Belgium,Belgian First Division,football-data.co.uk
league_f3a5823d47bc0940,2025-02-02,BELGIUM_1,2024-25,LEAGUE,,Kortrijk,Westerlo,1,2,A,Belgium,Belgian First Division,football-data.co.uk
league_39cb7b9707938e1d,2025-02-02,BELGIUM_1,2024-25,LEAGUE,,St. Gilloise,St Truiden,2,1,H,Belgium,Belgian First Division,football-data.co.uk
league_2bb466e8e36d8d18,2025-02-07,BELGIUM_1,2024-25,LEAGUE,,Mechelen,KAA Gent,3,3,D,Belgium,Belgian First Division,football-data.co.uk
league_4a1f070e1a336b8d,2025-02-08,BELGIUM_1,2024-25,LEAGUE,,Club Brugge KV,Oud-Heverlee Leuven,1,0,H,Belgium,Belgian First Division,football-data.co.uk
league_21f1964e8009ac45,2025-02-08,BELGIUM_1,2024-25,LEAGUE,,Dender,St Truiden,2,1,H,Belgium,Belgian First Division,football-data.co.uk
league_98b81b38894b5d1f,2025-02-08,BELGIUM_1,2024-25,LEAGUE,,KRC Genk,Cercle Brugge,2,1,H,Belgium,Belgian First Division,football-data.co.uk
league_c574799c2c00a743,2025-02-09,BELGIUM_1,2024-25,LEAGUE,,Beerschot VA,Charleroi,1,1,D,Belgium,Belgian First Division,football-data.co.uk
league_84b6a779b3f2ef02,2025-02-09,BELGIUM_1,2024-25,LEAGUE,,Kortrijk,St. Gilloise,1,2,A,Belgium,Belgian First Division,football-data.co.uk
league_d3457861ddada1e6,2025-02-09,BELGIUM_1,2024-25,LEAGUE,,RSC Anderlecht,Antwerp,2,0,H,Belgium,Belgian First Division,football-data.co.uk
league_b413efc221f13ac5,2025-02-09,BELGIUM_1,2024-25,LEAGUE,,Westerlo,Standard Liège,4,2,H,Belgium,Belgian First Division,football-data.co.uk
league_d43c6dfc4b1e6bb7,2025-02-14,BELGIUM_1,2024-25,LEAGUE,,Standard Liège,KRC Genk,1,2,A,Belgium,Belgian First Division,football-data.co.uk
league_3c711d358c9d5b5d,2025-02-15,BELGIUM_1,2024-25,LEAGUE,,Antwerp,Kortrijk,2,1,H,Belgium,Belgian First Division,football-data.co.uk
league_a96ef2a505b487c4,2025-02-15,BELGIUM_1,2024-25,LEAGUE,,Oud-Heverlee Leuven,Dender,3,2,H,Belgium,Belgian First Division,football-data.co.uk
league_c1f7b29a6b349d6b,2025-02-15,BELGIUM_1,2024-25,LEAGUE,,St Truiden,Club Brugge KV,2,2,D,Belgium,Belgian First Division,football-data.co.uk
league_e8e8331db93581a8,2025-02-16,BELGIUM_1,2024-25,LEAGUE,,Cercle Brugge,Westerlo,1,1,D,Belgium,Belgian First Division,football-data.co.uk
league_c78c33200afde786,2025-02-16,BELGIUM_1,2024-25,LEAGUE,,Charleroi,RSC Anderlecht,0,1,A,Belgium,Belgian First Division,football-data.co.uk
league_641180ef821af017,2025-02-16,BELGIUM_1,2024-25,LEAGUE,,KAA Gent,Beerschot VA,3,2,H,Belgium,Belgian First Division,football-data.co.uk
league_7e2eeadc8b2f337d,2025-02-16,BELGIUM_1,2024-25,LEAGUE,,St. Gilloise,Mechelen,0,1,A,Belgium,Belgian First Division,football-data.co.uk
league_eb5041251e849c58,2025-02-21,BELGIUM_1,2024-25,LEAGUE,,Mechelen,St Truiden,1,1,D,Belgium,Belgian First Division,football-data.co.uk
league_fe527f8422250e5c,2025-02-22,BELGIUM_1,2024-25,LEAGUE,,Antwerp,Oud-Heverlee Leuven,2,2,D,Belgium,Belgian First Division,football-data.co.uk
league_cbbee4a0d4d6d796,2025-02-22,BELGIUM_1,2024-25,LEAGUE,,Dender,Beerschot VA,0,0,D,Belgium,Belgian First Division,football-data.co.uk
league_5fe9027f25973bb9,2025-02-22,BELGIUM_1,2024-25,LEAGUE,,Westerlo,Charleroi,1,3,A,Belgium,Belgian First Division,football-data.co.uk
league_475fedd644acddf7,2025-02-23,BELGIUM_1,2024-25,LEAGUE,,Club Brugge KV,Standard Liège,1,2,A,Belgium,Belgian First Division,football-data.co.uk
league_b34d144f19dad3f8,2025-02-23,BELGIUM_1,2024-25,LEAGUE,,KRC Genk,KAA Gent,0,0,D,Belgium,Belgian First Division,football-data.co.uk
league_5179ca161895bc3f,2025-02-23,BELGIUM_1,2024-25,LEAGUE,,Kortrijk,Cercle Brugge,1,1,D,Belgium,Belgian First Division,football-data.co.uk
league_429755f38785a55d,2025-02-23,BELGIUM_1,2024-25,LEAGUE,,RSC Anderlecht,St. Gilloise,0,2,A,Belgium,Belgian First Division,football-data.co.uk
league_24b508a3037fb3f2,2025-02-28,BELGIUM_1,2024-25,LEAGUE,,Charleroi,KRC Genk,1,1,D,Belgium,Belgian First Division,football-data.co.uk
league_7ab6affe2c4a2df7,2025-03-01,BELGIUM_1,2024-25,LEAGUE,,Cercle Brugge,Antwerp,0,0,D,Belgium,Belgian First Division,football-data.co.uk
league_cb2f89762c6eb054,2025-03-01,BELGIUM_1,2024-25,LEAGUE,,KAA Gent,Club Brugge KV,1,1,D,Belgium,Belgian First Division,football-data.co.uk
league_942c7cb713fe86f9,2025-03-01,BELGIUM_1,2024-25,LEAGUE,,St Truiden,Kortrijk,4,2,H,Belgium,Belgian First Division,football-data.co.uk
league_2a74d39a0d4e8aad,2025-03-01,BELGIUM_1,2024-25,LEAGUE,,St. Gilloise,Dender,4,1,H,Belgium,Belgian First Division,football-data.co.uk
league_62f33b1ad3f88dce,2025-03-02,BELGIUM_1,2024-25,LEAGUE,,Beerschot VA,Mechelen,1,0,H,Belgium,Belgian First Division,football-data.co.uk
league_fe1344abed58061b,2025-03-02,BELGIUM_1,2024-25,LEAGUE,,Oud-Heverlee Leuven,Westerlo,0,0,D,Belgium,Belgian First Division,football-data.co.uk
league_5b379371747df8e7,2025-03-02,BELGIUM_1,2024-25,LEAGUE,,Standard Liège,RSC Anderlecht,0,2,A,Belgium,Belgian First Division,football-data.co.uk
league_ec125694dc861b2b,2025-03-07,BELGIUM_1,2024-25,LEAGUE,,St Truiden,Beerschot VA,2,0,H,Belgium,Belgian First Division,football-data.co.uk
league_76b9b2ff49ad1c51,2025-03-08,BELGIUM_1,2024-25,LEAGUE,,Charleroi,Mechelen,0,1,A,Belgium,Belgian First Division,football-data.co.uk
league_f296494f109ce31c,2025-03-08,BELGIUM_1,2024-25,LEAGUE,,Dender,KRC Genk,0,1,A,Belgium,Belgian First Division,football-data.co.uk
league_c6a23303f09ffa23,2025-03-08,BELGIUM_1,2024-25,LEAGUE,,Kortrijk,Oud-Heverlee Leuven,2,0,H,Belgium,Belgian First Division,football-data.co.uk
league_0845f959245c4a29,2025-03-09,BELGIUM_1,2024-25,LEAGUE,,Antwerp,KAA Gent,0,1,A,Belgium,Belgian First Division,football-data.co.uk
league_54baa11c052c0653,2025-03-09,BELGIUM_1,2024-25,LEAGUE,,Cercle Brugge,Club Brugge KV,1,3,A,Belgium,Belgian First Division,football-data.co.uk
league_d38b7a68ec215064,2025-03-09,BELGIUM_1,2024-25,LEAGUE,,St. Gilloise,Standard Liège,3,0,H,Belgium,Belgian First Division,football-data.co.uk
league_fe3ebc7d14338428,2025-03-09,BELGIUM_1,2024-25,LEAGUE,,Westerlo,RSC Anderlecht,2,0,H,Belgium,Belgian First Division,football-data.co.uk
league_41b5448697d16be9,2025-03-15,BELGIUM_1,2024-25,LEAGUE,,KRC Genk,St. Gilloise,2,1,H,Belgium,Belgian First Division,football-data.co.uk
league_ba8c92cb1d443a38,2025-03-16,BELGIUM_1,2024-25,LEAGUE,,Beerschot VA,Westerlo,1,2,A,Belgium,Belgian First Division,football-data.co.uk
league_34b3ede87a85100f,2025-03-16,BELGIUM_1,2024-25,LEAGUE,,Club Brugge KV,Charleroi,4,2,H,Belgium,Belgian First Division,football-data.co.uk
league_3089f18d51185981,2025-03-16,BELGIUM_1,2024-25,LEAGUE,,KAA Gent,Kortrijk,1,2,A,Belgium,Belgian First Division,football-data.co.uk
league_acd55c32fe172ecd,2025-03-16,BELGIUM_1,2024-25,LEAGUE,,Mechelen,Dender,2,1,H,Belgium,Belgian First Division,football-data.co.uk
league_417e1fdf86bb592c,2025-03-16,BELGIUM_1,2024-25,LEAGUE,,Oud-Heverlee Leuven,St Truiden,3,2,H,Belgium,Belgian First Division,football-data.co.uk
league_240e6ae0e8e9385d,2025-03-16,BELGIUM_1,2024-25,LEAGUE,,RSC Anderlecht,Cercle Brugge,3,0,H,Belgium,Belgian First Division,football-data.co.uk
league_1f1747710cfd0a43,2025-03-16,BELGIUM_1,2024-25,LEAGUE,,Standard Liège,Antwerp,0,0,D,Belgium,Belgian First Division,football-data.co.uk
league_cd63d3738ee5cb77,2025-03-28,BELGIUM_1,2024-25,LEAGUE,,Oud-Heverlee Leuven,Charleroi,0,0,D,Belgium,Belgian First Division,football-data.co.uk
league_1c37f87f2be8c6ea,2025-03-29,BELGIUM_1,2024-25,LEAGUE,,Beerschot VA,St Truiden,0,1,A,Belgium,Belgian First Division,football-data.co.uk
league_852099a0befb00b6,2025-03-29,BELGIUM_1,2024-25,LEAGUE,,St. Gilloise,Antwerp,5,1,H,Belgium,Belgian First Division,football-data.co.uk
league_e8dff6d1dfc6edba,2025-03-29,BELGIUM_1,2024-25,LEAGUE,,Standard Liège,Mechelen,2,2,D,Belgium,Belgian First Division,football-data.co.uk
league_9df583559ccdc21c,2025-03-30,BELGIUM_1,2024-25,LEAGUE,,Club Brugge KV,RSC Anderlecht,2,0,H,Belgium,Belgian First Division,football-data.co.uk
league_fb265f2eb08f896b,2025-03-30,BELGIUM_1,2024-25,LEAGUE,,Dender,Westerlo,1,0,H,Belgium,Belgian First Division,football-data.co.uk
league_c82ef7210b3eeb73,2025-03-30,BELGIUM_1,2024-25,LEAGUE,,KRC Genk,KAA Gent,4,0,H,Belgium,Belgian First Division,football-data.co.uk
league_fe38f6c95a3b65f2,2025-03-30,BELGIUM_1,2024-25,LEAGUE,,Kortrijk,Cercle Brugge,2,2,D,Belgium,Belgian First Division,football-data.co.uk
league_574bb772467e2fee,2025-04-04,BELGIUM_1,2024-25,LEAGUE,,Mechelen,Dender,5,2,H,Belgium,Belgian First Division,football-data.co.uk
league_d29ca45f8d4b3835,2025-04-05,BELGIUM_1,2024-25,LEAGUE,,Cercle Brugge,Beerschot VA,2,1,H,Belgium,Belgian First Division,football-data.co.uk
league_ec9e5c00a2eb0e6a,2025-04-05,BELGIUM_1,2024-25,LEAGUE,,KAA Gent,St. Gilloise,0,3,A,Belgium,Belgian First Division,football-data.co.uk
league_6bcbe0cb66460770,2025-04-05,BELGIUM_1,2024-25,LEAGUE,,Westerlo,Oud-Heverlee Leuven,2,2,D,Belgium,Belgian First Division,football-data.co.uk
league_78daf9f95395fe81,2025-04-06,BELGIUM_1,2024-25,LEAGUE,,Antwerp,Club Brugge KV,2,3,A,Belgium,Belgian First Division,football-data.co.uk
league_8adc88b501693810,2025-04-06,BELGIUM_1,2024-25,LEAGUE,,Charleroi,Standard Liège,1,0,H,Belgium,Belgian First Division,football-data.co.uk
league_71e96ea9c78bc7e4,2025-04-06,BELGIUM_1,2024-25,LEAGUE,,RSC Anderlecht,KRC Genk,1,2,A,Belgium,Belgian First Division,football-data.co.uk
league_d16ee686937978ca,2025-04-06,BELGIUM_1,2024-25,LEAGUE,,St Truiden,Kortrijk,0,3,A,Belgium,Belgian First Division,football-data.co.uk
league_710d420c6a110aa7,2025-04-11,BELGIUM_1,2024-25,LEAGUE,,Westerlo,Charleroi,2,2,D,Belgium,Belgian First Division,football-data.co.uk
league_576b07ea3fe4aeb4,2025-04-12,BELGIUM_1,2024-25,LEAGUE,,Kortrijk,Beerschot VA,3,2,H,Belgium,Belgian First Division,football-data.co.uk
league_a723f15eb63e5a15,2025-04-12,BELGIUM_1,2024-25,LEAGUE,,St Truiden,Cercle Brugge,3,1,H,Belgium,Belgian First Division,football-data.co.uk
league_3a80844e0afd25af,2025-04-12,BELGIUM_1,2024-25,LEAGUE,,St. Gilloise,RSC Anderlecht,2,0,H,Belgium,Belgian First Division,football-data.co.uk
league_76de0bcbeb7cf23e,2025-04-13,BELGIUM_1,2024-25,LEAGUE,,Antwerp,KAA Gent,0,1,A,Belgium,Belgian First Division,football-data.co.uk
league_c00b75edc94f6901,2025-04-13,BELGIUM_1,2024-25,LEAGUE,,Club Brugge KV,KRC Genk,1,0,H,Belgium,Belgian First Division,football-data.co.uk
league_9ad0f293b5ee6c13,2025-04-13,BELGIUM_1,2024-25,LEAGUE,,Dender,Standard Liège,1,1,D,Belgium,Belgian First Division,football-data.co.uk
league_ffdb9fe865237da8,2025-04-13,BELGIUM_1,2024-25,LEAGUE,,Mechelen,Oud-Heverlee Leuven,1,1,D,Belgium,Belgian First Division,football-data.co.uk
league_ccb480efe7a83b47,2025-04-19,BELGIUM_1,2024-25,LEAGUE,,Charleroi,Mechelen,3,0,H,Belgium,Belgian First Division,football-data.co.uk
league_6a6b53a1816c0bfe,2025-04-19,BELGIUM_1,2024-25,LEAGUE,,Oud-Heverlee Leuven,Dender,4,4,D,Belgium,Belgian First Division,football-data.co.uk
league_c4da0c921ef074db,2025-04-19,BELGIUM_1,2024-25,LEAGUE,,Standard Liège,Westerlo,1,1,D,Belgium,Belgian First Division,football-data.co.uk
league_9344b072d05891c2,2025-04-20,BELGIUM_1,2024-25,LEAGUE,,KAA Gent,Club Brugge KV,0,5,A,Belgium,Belgian First Division,football-data.co.uk
league_7d7d458dec75f40c,2025-04-20,BELGIUM_1,2024-25,LEAGUE,,KRC Genk,St. Gilloise,1,2,A,Belgium,Belgian First Division,football-data.co.uk
league_d06a63afe49729ae,2025-04-20,BELGIUM_1,2024-25,LEAGUE,,RSC Anderlecht,Antwerp,0,0,D,Belgium,Belgian First Division,football-data.co.uk
league_dd01ebd607aabfb0,2025-04-22,BELGIUM_1,2024-25,LEAGUE,,Dender,Charleroi,2,1,H,Belgium,Belgian First Division,football-data.co.uk
league_be71a7aae4ee6631,2025-04-22,BELGIUM_1,2024-25,LEAGUE,,Mechelen,Westerlo,2,3,A,Belgium,Belgian First Division,football-data.co.uk
league_227f55d32ff27069,2025-04-22,BELGIUM_1,2024-25,LEAGUE,,Standard Liège,Oud-Heverlee Leuven,0,1,A,Belgium,Belgian First Division,football-data.co.uk
league_a5cb4b080749641e,2025-04-23,BELGIUM_1,2024-25,LEAGUE,,Antwerp,KRC Genk,1,1,D,Belgium,Belgian First Division,football-data.co.uk
league_21b979ab2bb16ae5,2025-04-23,BELGIUM_1,2024-25,LEAGUE,,RSC Anderlecht,KAA Gent,5,0,H,Belgium,Belgian First Division,football-data.co.uk
league_8e14a0ee45fc4ad1,2025-04-24,BELGIUM_1,2024-25,LEAGUE,,Club Brugge KV,St. Gilloise,0,1,A,Belgium,Belgian First Division,football-data.co.uk
league_f6b4edf787877e16,2025-04-25,BELGIUM_1,2024-25,LEAGUE,,Beerschot VA,Kortrijk,2,0,H,Belgium,Belgian First Division,football-data.co.uk
league_be61b45b0dd3b0a8,2025-04-26,BELGIUM_1,2024-25,LEAGUE,,Cercle Brugge,St Truiden,3,1,H,Belgium,Belgian First Division,football-data.co.uk
league_fa95ca8ed13577e7,2025-04-26,BELGIUM_1,2024-25,LEAGUE,,Charleroi,Dender,4,1,H,Belgium,Belgian First Division,football-data.co.uk
league_c5c942ef4483d46f,2025-04-26,BELGIUM_1,2024-25,LEAGUE,,Oud-Heverlee Leuven,Standard Liège,1,1,D,Belgium,Belgian First Division,football-data.co.uk
league_028d9e4efca2fe93,2025-04-26,BELGIUM_1,2024-25,LEAGUE,,Westerlo,Mechelen,2,2,D,Belgium,Belgian First Division,football-data.co.uk
league_d308d8967639f60d,2025-04-27,BELGIUM_1,2024-25,LEAGUE,,KAA Gent,RSC Anderlecht,0,1,A,Belgium,Belgian First Division,football-data.co.uk
league_5673cf68554f1a13,2025-04-27,BELGIUM_1,2024-25,LEAGUE,,KRC Genk,Antwerp,0,1,A,Belgium,Belgian First Division,football-data.co.uk
league_cbf63d95b64815ff,2025-04-27,BELGIUM_1,2024-25,LEAGUE,,St. Gilloise,Club Brugge KV,0,0,D,Belgium,Belgian First Division,football-data.co.uk
league_7555e364d35b68c7,2025-05-01,BELGIUM_1,2024-25,LEAGUE,,Antwerp,RSC Anderlecht,1,3,A,Belgium,Belgian First Division,football-data.co.uk
league_ffb88fbd31c62423,2025-05-01,BELGIUM_1,2024-25,LEAGUE,,Club Brugge KV,KAA Gent,4,1,H,Belgium,Belgian First Division,football-data.co.uk
league_eaa9362daa1d2818,2025-05-02,BELGIUM_1,2024-25,LEAGUE,,Westerlo,Dender,4,2,H,Belgium,Belgian First Division,football-data.co.uk
league_7ede13116efa2cd5,2025-05-03,BELGIUM_1,2024-25,LEAGUE,,Cercle Brugge,Kortrijk,0,2,A,Belgium,Belgian First Division,football-data.co.uk
league_7bcb9875f7b33ea3,2025-05-03,BELGIUM_1,2024-25,LEAGUE,,Oud-Heverlee Leuven,Mechelen,1,2,A,Belgium,Belgian First Division,football-data.co.uk
league_1835f12166cd998e,2025-05-03,BELGIUM_1,2024-25,LEAGUE,,St. Gilloise,KRC Genk,1,0,H,Belgium,Belgian First Division,football-data.co.uk
league_687aedec196b3f91,2025-05-04,BELGIUM_1,2024-25,LEAGUE,,St Truiden,Beerschot VA,2,1,H,Belgium,Belgian First Division,football-data.co.uk
league_90f096aeb4dad46a,2025-05-04,BELGIUM_1,2024-25,LEAGUE,,Standard Liège,Charleroi,0,1,A,Belgium,Belgian First Division,football-data.co.uk
league_e1327c33de831e6d,2025-05-09,BELGIUM_1,2024-25,LEAGUE,,Charleroi,Westerlo,4,3,H,Belgium,Belgian First Division,football-data.co.uk
league_339ef72e680b472c,2025-05-10,BELGIUM_1,2024-25,LEAGUE,,Beerschot VA,Cercle Brugge,4,2,H,Belgium,Belgian First Division,football-data.co.uk
league_510a580b8ba9edf0,2025-05-10,BELGIUM_1,2024-25,LEAGUE,,Kortrijk,St Truiden,2,2,D,Belgium,Belgian First Division,football-data.co.uk
league_d3e0e2c14b1c8ac4,2025-05-10,BELGIUM_1,2024-25,LEAGUE,,Mechelen,Standard Liège,0,0,D,Belgium,Belgian First Division,football-data.co.uk
league_ddb68622810ed28f,2025-05-10,BELGIUM_1,2024-25,LEAGUE,,RSC Anderlecht,St. Gilloise,0,1,A,Belgium,Belgian First Division,football-data.co.uk
league_6e2890e80c08da70,2025-05-11,BELGIUM_1,2024-25,LEAGUE,,Dender,Oud-Heverlee Leuven,5,0,H,Belgium,Belgian First Division,football-data.co.uk
league_e01c8df3e2cfbd4d,2025-05-11,BELGIUM_1,2024-25,LEAGUE,,KAA Gent,Antwerp,0,3,A,Belgium,Belgian First Division,football-data.co.uk
league_c2da6ee57e28956d,2025-05-11,BELGIUM_1,2024-25,LEAGUE,,KRC Genk,Club Brugge KV,0,2,A,Belgium,Belgian First Division,football-data.co.uk
league_6696e4cf4ef3496c,2025-05-16,BELGIUM_1,2024-25,LEAGUE,,Oud-Heverlee Leuven,Westerlo,0,2,A,Belgium,Belgian First Division,football-data.co.uk
league_11e2165c88fa98dc,2025-05-17,BELGIUM_1,2024-25,LEAGUE,,Antwerp,St. Gilloise,0,4,A,Belgium,Belgian First Division,football-data.co.uk
league_794f2460d635957b,2025-05-17,BELGIUM_1,2024-25,LEAGUE,,Standard Liège,Dender,0,0,D,Belgium,Belgian First Division,football-data.co.uk
league_c56459fbc69cf421,2025-05-18,BELGIUM_1,2024-25,LEAGUE,,KAA Gent,KRC Genk,1,4,A,Belgium,Belgian First Division,football-data.co.uk
league_5ad617411acc8391,2025-05-18,BELGIUM_1,2024-25,LEAGUE,,Mechelen,Charleroi,1,1,D,Belgium,Belgian First Division,football-data.co.uk
league_d6868af3de3a1bde,2025-05-18,BELGIUM_1,2024-25,LEAGUE,,RSC Anderlecht,Club Brugge KV,1,3,A,Belgium,Belgian First Division,football-data.co.uk
league_7c09456c408ca34e,2025-05-24,BELGIUM_1,2024-25,LEAGUE,,Charleroi,Oud-Heverlee Leuven,2,1,H,Belgium,Belgian First Division,football-data.co.uk
league_3ed7cb208234d569,2025-05-24,BELGIUM_1,2024-25,LEAGUE,,Dender,Mechelen,2,2,D,Belgium,Belgian First Division,football-data.co.uk
league_217407915361c9c9,2025-05-24,BELGIUM_1,2024-25,LEAGUE,,Westerlo,Standard Liège,0,0,D,Belgium,Belgian First Division,football-data.co.uk
league_d28761c59397ba8d,2025-05-25,BELGIUM_1,2024-25,LEAGUE,,Club Brugge KV,Antwerp,1,1,D,Belgium,Belgian First Division,football-data.co.uk
league_081d26cd6a8f73ec,2025-05-25,BELGIUM_1,2024-25,LEAGUE,,KRC Genk,RSC Anderlecht,2,1,H,Belgium,Belgian First Division,football-data.co.uk
league_f565ff819dcd954c,2025-05-25,BELGIUM_1,2024-25,LEAGUE,,St. Gilloise,KAA Gent,3,1,H,Belgium,Belgian First Division,football-data.co.uk
league_674c5130cd247e42,2025-07-25,BELGIUM_1,2025-26,LEAGUE,,Antwerp,St. Gilloise,1,1,D,Belgium,Belgian First Division,football-data.co.uk
league_ddfa509071e6f4ea,2025-07-26,BELGIUM_1,2025-26,LEAGUE,,Dender,Cercle Brugge,0,0,D,Belgium,Belgian First Division,football-data.co.uk
league_3b53fd7ef0bb9976,2025-07-26,BELGIUM_1,2025-26,LEAGUE,,RAAL La Louviere,Standard Liège,0,2,A,Belgium,Belgian First Division,football-data.co.uk
league_148c1e35932e0246,2025-07-26,BELGIUM_1,2025-26,LEAGUE,,Waregem,Mechelen,1,1,D,Belgium,Belgian First Division,football-data.co.uk
league_5c0ee67289f3d855,2025-07-27,BELGIUM_1,2025-26,LEAGUE,,Club Brugge KV,KRC Genk,2,1,H,Belgium,Belgian First Division,football-data.co.uk
league_66c52444089bcf97,2025-07-27,BELGIUM_1,2025-26,LEAGUE,,Oud-Heverlee Leuven,Charleroi,2,2,D,Belgium,Belgian First Division,football-data.co.uk
league_6ba73f6c976a3106,2025-07-27,BELGIUM_1,2025-26,LEAGUE,,RSC Anderlecht,Westerlo,5,2,H,Belgium,Belgian First Division,football-data.co.uk
league_9b1178c35dd6af83,2025-07-27,BELGIUM_1,2025-26,LEAGUE,,St Truiden,KAA Gent,3,1,H,Belgium,Belgian First Division,football-data.co.uk
league_2325ad2a06e3c2b5,2025-08-01,BELGIUM_1,2025-26,LEAGUE,,Mechelen,Club Brugge KV,2,1,H,Belgium,Belgian First Division,football-data.co.uk
league_4d2db5ab4fdb0f26,2025-08-02,BELGIUM_1,2025-26,LEAGUE,,KAA Gent,RAAL La Louviere,1,0,H,Belgium,Belgian First Division,football-data.co.uk
league_ea26db0f52371fee,2025-08-02,BELGIUM_1,2025-26,LEAGUE,,Standard Liège,Dender,1,1,D,Belgium,Belgian First Division,football-data.co.uk
league_b2b57f1f25eda824,2025-08-02,BELGIUM_1,2025-26,LEAGUE,,Westerlo,Waregem,3,1,H,Belgium,Belgian First Division,football-data.co.uk
league_70df46ff060cb696,2025-08-03,BELGIUM_1,2025-26,LEAGUE,,Cercle Brugge,RSC Anderlecht,0,2,A,Belgium,Belgian First Division,football-data.co.uk
league_46a4634d64596852,2025-08-03,BELGIUM_1,2025-26,LEAGUE,,Charleroi,St Truiden,1,1,D,Belgium,Belgian First Division,football-data.co.uk
league_279cc8173aa2ebfe,2025-08-03,BELGIUM_1,2025-26,LEAGUE,,KRC Genk,Antwerp,1,1,D,Belgium,Belgian First Division,football-data.co.uk
league_91b52c2a963114eb,2025-08-03,BELGIUM_1,2025-26,LEAGUE,,St. Gilloise,Oud-Heverlee Leuven,5,0,H,Belgium,Belgian First Division,football-data.co.uk
league_046c105ca0590ca7,2025-08-08,BELGIUM_1,2025-26,LEAGUE,,St Truiden,Dender,2,0,H,Belgium,Belgian First Division,football-data.co.uk
league_25bf2313bf282a50,2025-08-09,BELGIUM_1,2025-26,LEAGUE,,Club Brugge KV,Cercle Brugge,2,0,H,Belgium,Belgian First Division,football-data.co.uk
league_0c07e1d21ebe82c8,2025-08-09,BELGIUM_1,2025-26,LEAGUE,,KAA Gent,St. Gilloise,2,3,A,Belgium,Belgian First Division,football-data.co.uk
league_5357dfd6ba1b78c9,2025-08-09,BELGIUM_1,2025-26,LEAGUE,,Westerlo,Mechelen,0,1,A,Belgium,Belgian First Division,football-data.co.uk
league_f7a0fb6435b78d89,2025-08-10,BELGIUM_1,2025-26,LEAGUE,,Antwerp,Oud-Heverlee Leuven,3,1,H,Belgium,Belgian First Division,football-data.co.uk
league_c1e66494da10f17f,2025-08-10,BELGIUM_1,2025-26,LEAGUE,,RAAL La Louviere,Charleroi,1,0,H,Belgium,Belgian First Division,football-data.co.uk
league_4c2c016ce9cadea9,2025-08-10,BELGIUM_1,2025-26,LEAGUE,,RSC Anderlecht,Waregem,2,3,A,Belgium,Belgian First Division,football-data.co.uk
league_7955b66da3f33019,2025-08-10,BELGIUM_1,2025-26,LEAGUE,,Standard Liège,KRC Genk,2,1,H,Belgium,Belgian First Division,football-data.co.uk
league_8eb16c285a653447,2025-08-15,BELGIUM_1,2025-26,LEAGUE,,Oud-Heverlee Leuven,KRC Genk,1,2,A,Belgium,Belgian First Division,football-data.co.uk
league_357281ec687bfad7,2025-08-16,BELGIUM_1,2025-26,LEAGUE,,Mechelen,KAA Gent,1,1,D,Belgium,Belgian First Division,football-data.co.uk
league_cd8a3ba8912adc82,2025-08-16,BELGIUM_1,2025-26,LEAGUE,,St. Gilloise,Standard Liège,3,0,H,Belgium,Belgian First Division,football-data.co.uk
league_5889590af37265fa,2025-08-16,BELGIUM_1,2025-26,LEAGUE,,Waregem,Club Brugge KV,0,1,A,Belgium,Belgian First Division,football-data.co.uk
league_995903ba44135b75,2025-08-17,BELGIUM_1,2025-26,LEAGUE,,Cercle Brugge,Westerlo,4,1,H,Belgium,Belgian First Division,football-data.co.uk
league_0fe5a0ee56e98f65,2025-08-17,BELGIUM_1,2025-26,LEAGUE,,Charleroi,Antwerp,1,1,D,Belgium,Belgian First Division,football-data.co.uk
league_eba74659f5c0cdf3,2025-08-17,BELGIUM_1,2025-26,LEAGUE,,Dender,RSC Anderlecht,0,2,A,Belgium,Belgian First Division,football-data.co.uk
league_0332616ff8665f5c,2025-08-17,BELGIUM_1,2025-26,LEAGUE,,St Truiden,RAAL La Louviere,2,1,H,Belgium,Belgian First Division,football-data.co.uk
league_6bbbb09d1998e112,2025-08-23,BELGIUM_1,2025-26,LEAGUE,,Standard Liège,Cercle Brugge,0,3,A,Belgium,Belgian First Division,football-data.co.uk
league_ff81e7eb6d2f4cf4,2025-08-23,BELGIUM_1,2025-26,LEAGUE,,Waregem,St Truiden,0,2,A,Belgium,Belgian First Division,football-data.co.uk
league_1b2a8575311e1173,2025-08-24,BELGIUM_1,2025-26,LEAGUE,,Antwerp,Mechelen,2,1,H,Belgium,Belgian First Division,football-data.co.uk
league_124fc4cbca012310,2025-08-24,BELGIUM_1,2025-26,LEAGUE,,Dender,Oud-Heverlee Leuven,0,1,A,Belgium,Belgian First Division,football-data.co.uk
league_2d3a9e230bf5cb5c,2025-08-24,BELGIUM_1,2025-26,LEAGUE,,RAAL La Louviere,St. Gilloise,0,0,D,Belgium,Belgian First Division,football-data.co.uk
league_9e07aed83219fa1a,2025-08-29,BELGIUM_1,2025-26,LEAGUE,,Cercle Brugge,St Truiden,1,1,D,Belgium,Belgian First Division,football-data.co.uk
league_7392dd23a3b13558,2025-08-30,BELGIUM_1,2025-26,LEAGUE,,Charleroi,Dender,3,1,H,Belgium,Belgian First Division,football-data.co.uk
league_122eead4577eae89,2025-08-30,BELGIUM_1,2025-26,LEAGUE,,Mechelen,RAAL La Louviere,3,2,H,Belgium,Belgian First Division,football-data.co.uk
league_5da2965727cd9756,2025-08-30,BELGIUM_1,2025-26,LEAGUE,,Westerlo,Antwerp,2,0,H,Belgium,Belgian First Division,football-data.co.uk
league_9bd615eb3d087dc2,2025-08-31,BELGIUM_1,2025-26,LEAGUE,,KAA Gent,Club Brugge KV,1,1,D,Belgium,Belgian First Division,football-data.co.uk
league_f2c1da3a8560e26c,2025-08-31,BELGIUM_1,2025-26,LEAGUE,,KRC Genk,Waregem,3,2,H,Belgium,Belgian First Division,football-data.co.uk
league_5b581b4e17a98088,2025-08-31,BELGIUM_1,2025-26,LEAGUE,,Oud-Heverlee Leuven,Standard Liège,1,0,H,Belgium,Belgian First Division,football-data.co.uk
league_d948b2a3d35d5017,2025-08-31,BELGIUM_1,2025-26,LEAGUE,,St. Gilloise,RSC Anderlecht,2,0,H,Belgium,Belgian First Division,football-data.co.uk
league_ce50ddcbd989efce,2025-09-12,BELGIUM_1,2025-26,LEAGUE,,Standard Liège,Mechelen,1,1,D,Belgium,Belgian First Division,football-data.co.uk
league_9ce1a379fd9e7eb9,2025-09-13,BELGIUM_1,2025-26,LEAGUE,,Dender,St. Gilloise,0,1,A,Belgium,Belgian First Division,football-data.co.uk
league_a34bba3a4577d392,2025-09-13,BELGIUM_1,2025-26,LEAGUE,,RAAL La Louviere,Club Brugge KV,1,0,H,Belgium,Belgian First Division,football-data.co.uk
league_e092382149fc3231,2025-09-13,BELGIUM_1,2025-26,LEAGUE,,Waregem,Oud-Heverlee Leuven,2,0,H,Belgium,Belgian First Division,football-data.co.uk
league_e247f8b493beb0ee,2025-09-14,BELGIUM_1,2025-26,LEAGUE,,Antwerp,KAA Gent,1,2,A,Belgium,Belgian First Division,football-data.co.uk
league_8ad13b4d7df7f2ad,2025-09-14,BELGIUM_1,2025-26,LEAGUE,,Cercle Brugge,Charleroi,2,3,A,Belgium,Belgian First Division,football-data.co.uk
league_266f4bcc8ced2eeb,2025-09-14,BELGIUM_1,2025-26,LEAGUE,,RSC Anderlecht,KRC Genk,1,1,D,Belgium,Belgian First Division,football-data.co.uk
league_85bc0b0154521d9d,2025-09-14,BELGIUM_1,2025-26,LEAGUE,,St Truiden,Westerlo,0,3,A,Belgium,Belgian First Division,football-data.co.uk
league_c7f387ab9337fac1,2025-09-17,BELGIUM_1,2025-26,LEAGUE,,KRC Genk,Charleroi,0,1,A,Belgium,Belgian First Division,football-data.co.uk
league_94bc8eb48633979c,2025-09-19,BELGIUM_1,2025-26,LEAGUE,,KAA Gent,Dender,3,0,H,Belgium,Belgian First Division,football-data.co.uk
league_de75bcf83b723309,2025-09-20,BELGIUM_1,2025-26,LEAGUE,,Charleroi,Waregem,1,2,A,Belgium,Belgian First Division,football-data.co.uk
league_50b5fb77bda40dbd,2025-09-20,BELGIUM_1,2025-26,LEAGUE,,Oud-Heverlee Leuven,RAAL La Louviere,1,2,A,Belgium,Belgian First Division,football-data.co.uk
league_9d5144fee7580916,2025-09-20,BELGIUM_1,2025-26,LEAGUE,,RSC Anderlecht,Antwerp,0,0,D,Belgium,Belgian First Division,football-data.co.uk
league_4693bb0abfea1e90,2025-09-21,BELGIUM_1,2025-26,LEAGUE,,Club Brugge KV,St Truiden,2,0,H,Belgium,Belgian First Division,football-data.co.uk
league_1047c2f319596e53,2025-09-21,BELGIUM_1,2025-26,LEAGUE,,KRC Genk,St. Gilloise,1,2,A,Belgium,Belgian First Division,football-data.co.uk
league_34ead05e023ad877,2025-09-21,BELGIUM_1,2025-26,LEAGUE,,Mechelen,Cercle Brugge,0,0,D,Belgium,Belgian First Division,football-data.co.uk
league_a23dd4e93c94bf7c,2025-09-21,BELGIUM_1,2025-26,LEAGUE,,Westerlo,Standard Liège,0,2,A,Belgium,Belgian First Division,football-data.co.uk
league_0cebd43a6ee85936,2025-09-23,BELGIUM_1,2025-26,LEAGUE,,RSC Anderlecht,KAA Gent,1,0,H,Belgium,Belgian First Division,football-data.co.uk
league_733b8d9fde45f5ca,2025-09-24,BELGIUM_1,2025-26,LEAGUE,,Club Brugge KV,Westerlo,5,5,D,Belgium,Belgian First Division,football-data.co.uk
league_cb4fdb6c08893c50,2025-09-26,BELGIUM_1,2025-26,LEAGUE,,Oud-Heverlee Leuven,RSC Anderlecht,1,1,D,Belgium,Belgian First Division,football-data.co.uk
league_2c21d2e314f33d4d,2025-09-27,BELGIUM_1,2025-26,LEAGUE,,St. Gilloise,Westerlo,2,0,H,Belgium,Belgian First Division,football-data.co.uk
league_2632ff1c1f0a6c79,2025-09-27,BELGIUM_1,2025-26,LEAGUE,,Standard Liège,Club Brugge KV,1,2,A,Belgium,Belgian First Division,football-data.co.uk
league_4200e039c8d015e3,2025-09-27,BELGIUM_1,2025-26,LEAGUE,,Waregem,Antwerp,2,0,H,Belgium,Belgian First Division,football-data.co.uk
league_2382d421c0a9ce27,2025-09-28,BELGIUM_1,2025-26,LEAGUE,,Cercle Brugge,KAA Gent,2,4,A,Belgium,Belgian First Division,football-data.co.uk
league_72663d2dbef89d35,2025-09-28,BELGIUM_1,2025-26,LEAGUE,,Charleroi,Mechelen,0,2,A,Belgium,Belgian First Division,football-data.co.uk
league_636d80f96454e7e3,2025-09-28,BELGIUM_1,2025-26,LEAGUE,,Dender,RAAL La Louviere,0,0,D,Belgium,Belgian First Division,football-data.co.uk
league_0f95c5fcf566a2f7,2025-09-28,BELGIUM_1,2025-26,LEAGUE,,St Truiden,KRC Genk,1,2,A,Belgium,Belgian First Division,football-data.co.uk
league_82008a500ec56fbf,2025-10-03,BELGIUM_1,2025-26,LEAGUE,,KAA Gent,Charleroi,2,1,H,Belgium,Belgian First Division,football-data.co.uk
league_992b85326fb27221,2025-10-04,BELGIUM_1,2025-26,LEAGUE,,Antwerp,Cercle Brugge,1,1,D,Belgium,Belgian First Division,football-data.co.uk
league_eaae7a528587fab2,2025-10-04,BELGIUM_1,2025-26,LEAGUE,,Mechelen,St Truiden,1,3,A,Belgium,Belgian First Division,football-data.co.uk
league_f74631e6131e1315,2025-10-04,BELGIUM_1,2025-26,LEAGUE,,RAAL La Louviere,Waregem,0,0,D,Belgium,Belgian First Division,football-data.co.uk
league_6d8d334932c0e353,2025-10-05,BELGIUM_1,2025-26,LEAGUE,,Club Brugge KV,St. Gilloise,1,0,H,Belgium,Belgian First Division,football-data.co.uk
league_542b7b3a4014e7e4,2025-10-05,BELGIUM_1,2025-26,LEAGUE,,KRC Genk,Dender,2,1,H,Belgium,Belgian First Division,football-data.co.uk
league_7b4aa899240fea5b,2025-10-05,BELGIUM_1,2025-26,LEAGUE,,RSC Anderlecht,Standard Liège,1,0,H,Belgium,Belgian First Division,football-data.co.uk
league_7593c3c5514a1204,2025-10-05,BELGIUM_1,2025-26,LEAGUE,,Westerlo,Oud-Heverlee Leuven,2,0,H,Belgium,Belgian First Division,football-data.co.uk
league_536b6d3ad722fb0c,2025-10-18,BELGIUM_1,2025-26,LEAGUE,,Oud-Heverlee Leuven,Club Brugge KV,0,1,A,Belgium,Belgian First Division,football-data.co.uk
league_476e61797d022692,2025-10-18,BELGIUM_1,2025-26,LEAGUE,,RAAL La Louviere,Westerlo,0,0,D,Belgium,Belgian First Division,football-data.co.uk
league_71cb343c65add2af,2025-10-18,BELGIUM_1,2025-26,LEAGUE,,St. Gilloise,Charleroi,3,1,H,Belgium,Belgian First Division,football-data.co.uk
league_da7550734ee31cc6,2025-10-19,BELGIUM_1,2025-26,LEAGUE,,Cercle Brugge,KRC Genk,2,2,D,Belgium,Belgian First Division,football-data.co.uk
league_d43ced16b3711fb0,2025-10-19,BELGIUM_1,2025-26,LEAGUE,,Dender,Mechelen,1,3,A,Belgium,Belgian First Division,football-data.co.uk
league_15a006c5e92198c0,2025-10-19,BELGIUM_1,2025-26,LEAGUE,,St Truiden,RSC Anderlecht,2,2,D,Belgium,Belgian First Division,football-data.co.uk
league_53d1b216d4bef433,2025-10-19,BELGIUM_1,2025-26,LEAGUE,,Waregem,KAA Gent,4,1,H,Belgium,Belgian First Division,football-data.co.uk
league_03dc80786ad15d15,2025-10-20,BELGIUM_1,2025-26,LEAGUE,,Standard Liège,Antwerp,1,0,H,Belgium,Belgian First Division,football-data.co.uk
league_d918804720b6a75f,2025-10-24,BELGIUM_1,2025-26,LEAGUE,,Charleroi,RSC Anderlecht,1,0,H,Belgium,Belgian First Division,football-data.co.uk
league_566967a09aab1061,2025-10-25,BELGIUM_1,2025-26,LEAGUE,,KAA Gent,Standard Liège,4,0,H,Belgium,Belgian First Division,football-data.co.uk
league_0e8e2611478958a7,2025-10-25,BELGIUM_1,2025-26,LEAGUE,,Mechelen,Oud-Heverlee Leuven,1,1,D,Belgium,Belgian First Division,football-data.co.uk
league_b35d8d377d70fc13,2025-10-25,BELGIUM_1,2025-26,LEAGUE,,Westerlo,Dender,1,1,D,Belgium,Belgian First Division,football-data.co.uk
league_a78622b54b6239c5,2025-10-26,BELGIUM_1,2025-26,LEAGUE,,Antwerp,Club Brugge KV,0,1,A,Belgium,Belgian First Division,football-data.co.uk
league_ff39b84648e3bef4,2025-10-26,BELGIUM_1,2025-26,LEAGUE,,Cercle Brugge,Waregem,1,1,D,Belgium,Belgian First Division,football-data.co.uk
league_377cbdfc0f139313,2025-10-26,BELGIUM_1,2025-26,LEAGUE,,KRC Genk,RAAL La Louviere,1,1,D,Belgium,Belgian First Division,football-data.co.uk
league_f1ac6e3182b00000,2025-10-26,BELGIUM_1,2025-26,LEAGUE,,St. Gilloise,St Truiden,2,0,H,Belgium,Belgian First Division,football-data.co.uk
league_1e59e5dfa68db32c,2025-10-31,BELGIUM_1,2025-26,LEAGUE,,Standard Liège,Charleroi,3,1,H,Belgium,Belgian First Division,football-data.co.uk
league_9901e7ba0edbf51c,2025-11-01,BELGIUM_1,2025-26,LEAGUE,,Club Brugge KV,Dender,2,1,H,Belgium,Belgian First Division,football-data.co.uk
league_ef255beefbe00f45,2025-11-01,BELGIUM_1,2025-26,LEAGUE,,RSC Anderlecht,Mechelen,3,1,H,Belgium,Belgian First Division,football-data.co.uk
league_f6d7737125454abe,2025-11-01,BELGIUM_1,2025-26,LEAGUE,,Waregem,St. Gilloise,1,4,A,Belgium,Belgian First Division,football-data.co.uk
league_f4bfb3f032ac7855,2025-11-02,BELGIUM_1,2025-26,LEAGUE,,Oud-Heverlee Leuven,KAA Gent,4,0,H,Belgium,Belgian First Division,football-data.co.uk
league_d6c04b2b34aa3cd5,2025-11-02,BELGIUM_1,2025-26,LEAGUE,,RAAL La Louviere,Cercle Brugge,2,1,H,Belgium,Belgian First Division,football-data.co.uk
league_81649ae8110c0ec6,2025-11-02,BELGIUM_1,2025-26,LEAGUE,,St Truiden,Antwerp,1,0,H,Belgium,Belgian First Division,football-data.co.uk
league_b7931df2297cd0d0,2025-11-02,BELGIUM_1,2025-26,LEAGUE,,Westerlo,KRC Genk,0,1,A,Belgium,Belgian First Division,football-data.co.uk
league_fff40339084ccd88,2025-11-07,BELGIUM_1,2025-26,LEAGUE,,Dender,Waregem,2,2,D,Belgium,Belgian First Division,football-data.co.uk
league_2e1b40c680deb829,2025-11-08,BELGIUM_1,2025-26,LEAGUE,,Antwerp,RAAL La Louviere,3,1,H,Belgium,Belgian First Division,football-data.co.uk
league_69a945bf211cbbc5,2025-11-08,BELGIUM_1,2025-26,LEAGUE,,Cercle Brugge,Oud-Heverlee Leuven,1,2,A,Belgium,Belgian First Division,football-data.co.uk
league_b02606e505cbdb9e,2025-11-08,BELGIUM_1,2025-26,LEAGUE,,Charleroi,Westerlo,2,0,H,Belgium,Belgian First Division,football-data.co.uk
league_111fe6a9bbc07e1a,2025-11-09,BELGIUM_1,2025-26,LEAGUE,,KAA Gent,KRC Genk,1,1,D,Belgium,Belgian First Division,football-data.co.uk
league_14140abd24fec586,2025-11-09,BELGIUM_1,2025-26,LEAGUE,,Mechelen,St. Gilloise,1,1,D,Belgium,Belgian First Division,football-data.co.uk
league_878f15ef2b22d7c9,2025-11-09,BELGIUM_1,2025-26,LEAGUE,,RSC Anderlecht,Club Brugge KV,1,0,H,Belgium,Belgian First Division,football-data.co.uk
league_c8f058d67fe25b4f,2025-11-09,BELGIUM_1,2025-26,LEAGUE,,St Truiden,Standard Liège,1,0,H,Belgium,Belgian First Division,football-data.co.uk
league_327cd87410040f7b,2025-11-21,BELGIUM_1,2025-26,LEAGUE,,Standard Liège,Waregem,0,0,D,Belgium,Belgian First Division,football-data.co.uk
league_9b2fc1b13ac08ff8,2025-11-22,BELGIUM_1,2025-26,LEAGUE,,Club Brugge KV,Charleroi,1,0,H,Belgium,Belgian First Division,football-data.co.uk
league_4facde00a92a6150,2025-11-22,BELGIUM_1,2025-26,LEAGUE,,St. Gilloise,Cercle Brugge,2,0,H,Belgium,Belgian First Division,football-data.co.uk
league_6058bc8b9d042528,2025-11-22,BELGIUM_1,2025-26,LEAGUE,,Westerlo,KAA Gent,0,0,D,Belgium,Belgian First Division,football-data.co.uk
league_7a17ba9a3b409b32,2025-11-23,BELGIUM_1,2025-26,LEAGUE,,Antwerp,Dender,1,2,A,Belgium,Belgian First Division,football-data.co.uk
league_02cd4d981bcfea0a,2025-11-23,BELGIUM_1,2025-26,LEAGUE,,KRC Genk,Mechelen,0,1,A,Belgium,Belgian First Division,football-data.co.uk
league_563a0d34c1230dbc,2025-11-23,BELGIUM_1,2025-26,LEAGUE,,Oud-Heverlee Leuven,St Truiden,1,2,A,Belgium,Belgian First Division,football-data.co.uk
league_241b4ff5267bbc2f,2025-11-23,BELGIUM_1,2025-26,LEAGUE,,RAAL La Louviere,RSC Anderlecht,0,1,A,Belgium,Belgian First Division,football-data.co.uk
league_69882ea0f3cbf23d,2025-11-28,BELGIUM_1,2025-26,LEAGUE,,Mechelen,Standard Liège,0,1,A,Belgium,Belgian First Division,football-data.co.uk
league_4cd04bfc6b35e535,2025-11-29,BELGIUM_1,2025-26,LEAGUE,,Charleroi,RAAL La Louviere,0,0,D,Belgium,Belgian First Division,football-data.co.uk
league_11654fbee9b2b56a,2025-11-29,BELGIUM_1,2025-26,LEAGUE,,Dender,Westerlo,2,2,D,Belgium,Belgian First Division,football-data.co.uk
league_cde2deff63d72d24,2025-11-29,BELGIUM_1,2025-26,LEAGUE,,Waregem,Cercle Brugge,1,1,D,Belgium,Belgian First Division,football-data.co.uk
league_0127d732b0230bc2,2025-11-30,BELGIUM_1,2025-26,LEAGUE,,Club Brugge KV,Antwerp,0,1,A,Belgium,Belgian First Division,football-data.co.uk
league_2373a0faa3d21d51,2025-11-30,BELGIUM_1,2025-26,LEAGUE,,KAA Gent,St Truiden,1,2,A,Belgium,Belgian First Division,football-data.co.uk
league_d907692a790b341b,2025-11-30,BELGIUM_1,2025-26,LEAGUE,,KRC Genk,Oud-Heverlee Leuven,2,1,H,Belgium,Belgian First Division,football-data.co.uk
league_a08635038ef547ac,2025-11-30,BELGIUM_1,2025-26,LEAGUE,,RSC Anderlecht,St. Gilloise,1,0,H,Belgium,Belgian First Division,football-data.co.uk
league_25c47354e36e55a5,2025-12-05,BELGIUM_1,2025-26,LEAGUE,,RAAL La Louviere,Dender,1,2,A,Belgium,Belgian First Division,football-data.co.uk
league_da59af01801fcfec,2025-12-06,BELGIUM_1,2025-26,LEAGUE,,Cercle Brugge,Standard Liège,1,2,A,Belgium,Belgian First Division,football-data.co.uk
league_acbd698df61e2c9c,2025-12-06,BELGIUM_1,2025-26,LEAGUE,,St Truiden,Club Brugge KV,3,2,H,Belgium,Belgian First Division,football-data.co.uk
league_19536f7fe8f11a9c,2025-12-06,BELGIUM_1,2025-26,LEAGUE,,St. Gilloise,KAA Gent,1,1,D,Belgium,Belgian First Division,football-data.co.uk
league_51b9738cec3ca75d,2025-12-07,BELGIUM_1,2025-26,LEAGUE,,Antwerp,KRC Genk,3,0,H,Belgium,Belgian First Division,football-data.co.uk
league_4e8c32c0c2f4bcfe,2025-12-07,BELGIUM_1,2025-26,LEAGUE,,Mechelen,Charleroi,1,0,H,Belgium,Belgian First Division,football-data.co.uk
league_81fcd0703fbde458,2025-12-07,BELGIUM_1,2025-26,LEAGUE,,Oud-Heverlee Leuven,Waregem,1,1,D,Belgium,Belgian First Division,football-data.co.uk
league_6399ffbbcac07205,2025-12-07,BELGIUM_1,2025-26,LEAGUE,,Westerlo,RSC Anderlecht,4,0,H,Belgium,Belgian First Division,football-data.co.uk
league_4474551636301faf,2025-12-12,BELGIUM_1,2025-26,LEAGUE,,Standard Liège,Oud-Heverlee Leuven,0,1,A,Belgium,Belgian First Division,football-data.co.uk
league_cb139b9579482858,2025-12-13,BELGIUM_1,2025-26,LEAGUE,,Cercle Brugge,Mechelen,2,3,A,Belgium,Belgian First Division,football-data.co.uk
league_036f5eb699a8f778,2025-12-13,BELGIUM_1,2025-26,LEAGUE,,RSC Anderlecht,St Truiden,2,1,H,Belgium,Belgian First Division,football-data.co.uk
league_44e2b512bb58f1cb,2025-12-13,BELGIUM_1,2025-26,LEAGUE,,Waregem,RAAL La Louviere,2,2,D,Belgium,Belgian First Division,football-data.co.uk
league_a195bcae6b58513a,2025-12-14,BELGIUM_1,2025-26,LEAGUE,,Charleroi,St. Gilloise,1,1,D,Belgium,Belgian First Division,football-data.co.uk
league_76c61c8c716df3b7,2025-12-14,BELGIUM_1,2025-26,LEAGUE,,Dender,Club Brugge KV,1,5,A,Belgium,Belgian First Division,football-data.co.uk
league_27f4a0735b54cf85,2025-12-14,BELGIUM_1,2025-26,LEAGUE,,KAA Gent,Antwerp,0,2,A,Belgium,Belgian First Division,football-data.co.uk
league_038c29ecf01fc67f,2025-12-14,BELGIUM_1,2025-26,LEAGUE,,KRC Genk,Westerlo,1,1,D,Belgium,Belgian First Division,football-data.co.uk
league_d6b9902f976c1afb,2025-12-19,BELGIUM_1,2025-26,LEAGUE,,Charleroi,KRC Genk,2,2,D,Belgium,Belgian First Division,football-data.co.uk
league_055c35bcc0d1eddb,2025-12-20,BELGIUM_1,2025-26,LEAGUE,,Dender,Standard Liège,0,1,A,Belgium,Belgian First Division,football-data.co.uk
league_a5e6f35f74ca9384,2025-12-20,BELGIUM_1,2025-26,LEAGUE,,St. Gilloise,Waregem,2,0,H,Belgium,Belgian First Division,football-data.co.uk
league_65b34710504097fc,2025-12-20,BELGIUM_1,2025-26,LEAGUE,,Westerlo,RAAL La Louviere,2,1,H,Belgium,Belgian First Division,football-data.co.uk
league_c6bc831478f27853,2025-12-21,BELGIUM_1,2025-26,LEAGUE,,Antwerp,RSC Anderlecht,2,2,D,Belgium,Belgian First Division,football-data.co.uk
league_083ef5c9f58c1a5f,2025-12-21,BELGIUM_1,2025-26,LEAGUE,,Club Brugge KV,KAA Gent,2,1,H,Belgium,Belgian First Division,football-data.co.uk
league_67562005afc35978,2025-12-21,BELGIUM_1,2025-26,LEAGUE,,Oud-Heverlee Leuven,Cercle Brugge,0,2,A,Belgium,Belgian First Division,football-data.co.uk
league_6261b197cd617d92,2025-12-21,BELGIUM_1,2025-26,LEAGUE,,St Truiden,Mechelen,1,0,H,Belgium,Belgian First Division,football-data.co.uk
league_14fb34d98b613857,2025-12-26,BELGIUM_1,2025-26,LEAGUE,,Cercle Brugge,St. Gilloise,1,1,D,Belgium,Belgian First Division,football-data.co.uk
league_6e978c4ea9e7057b,2025-12-26,BELGIUM_1,2025-26,LEAGUE,,KRC Genk,Club Brugge KV,3,5,A,Belgium,Belgian First Division,football-data.co.uk
league_78ddee5b37f990c7,2025-12-26,BELGIUM_1,2025-26,LEAGUE,,RSC Anderlecht,Charleroi,1,2,A,Belgium,Belgian First Division,football-data.co.uk
league_1fa21ee0a32441b4,2025-12-26,BELGIUM_1,2025-26,LEAGUE,,Standard Liège,St Truiden,1,2,A,Belgium,Belgian First Division,football-data.co.uk
league_20f23153cf20087c,2025-12-27,BELGIUM_1,2025-26,LEAGUE,,Antwerp,Waregem,2,1,H,Belgium,Belgian First Division,football-data.co.uk
league_3624898fedab89e0,2025-12-27,BELGIUM_1,2025-26,LEAGUE,,KAA Gent,Westerlo,2,0,H,Belgium,Belgian First Division,football-data.co.uk
league_a06654c45a81dbf4,2025-12-27,BELGIUM_1,2025-26,LEAGUE,,Mechelen,Dender,1,1,D,Belgium,Belgian First Division,football-data.co.uk
league_faef104f8599fb51,2025-12-27,BELGIUM_1,2025-26,LEAGUE,,RAAL La Louviere,Oud-Heverlee Leuven,0,0,D,Belgium,Belgian First Division,football-data.co.uk
league_b0d8592815066b7b,2026-01-16,BELGIUM_1,2025-26,LEAGUE,,Club Brugge KV,RAAL La Louviere,2,3,A,Belgium,Belgian First Division,football-data.co.uk
league_59e514a80980ec90,2026-01-17,BELGIUM_1,2025-26,LEAGUE,,St. Gilloise,Mechelen,1,0,H,Belgium,Belgian First Division,football-data.co.uk
league_8dbb88f277620b6e,2026-01-17,BELGIUM_1,2025-26,LEAGUE,,Waregem,KRC Genk,2,1,H,Belgium,Belgian First Division,football-data.co.uk
league_521faa084ddec2f0,2026-01-17,BELGIUM_1,2025-26,LEAGUE,,Westerlo,Cercle Brugge,0,2,A,Belgium,Belgian First Division,football-data.co.uk
league_bed915a9199338a4,2026-01-18,BELGIUM_1,2025-26,LEAGUE,,Charleroi,Standard Liège,2,0,H,Belgium,Belgian First Division,football-data.co.uk
league_930cf858c1a7ca62,2026-01-18,BELGIUM_1,2025-26,LEAGUE,,Dender,Antwerp,1,0,H,Belgium,Belgian First Division,football-data.co.uk
league_b54a565be9188cf6,2026-01-18,BELGIUM_1,2025-26,LEAGUE,,KAA Gent,RSC Anderlecht,4,2,H,Belgium,Belgian First Division,football-data.co.uk
league_0e05b4ba1340fc89,2026-01-18,BELGIUM_1,2025-26,LEAGUE,,St Truiden,Oud-Heverlee Leuven,1,0,H,Belgium,Belgian First Division,football-data.co.uk
league_4b0b95c451ad0c5b,2026-01-23,BELGIUM_1,2025-26,LEAGUE,,Standard Liège,KAA Gent,0,4,A,Belgium,Belgian First Division,football-data.co.uk
league_86688e567bd3d98b,2026-01-24,BELGIUM_1,2025-26,LEAGUE,,Club Brugge KV,Waregem,4,3,H,Belgium,Belgian First Division,football-data.co.uk
league_7579c662594c24e0,2026-01-24,BELGIUM_1,2025-26,LEAGUE,,Oud-Heverlee Leuven,St. Gilloise,0,0,D,Belgium,Belgian First Division,football-data.co.uk
league_d3f1ab295fb32efd,2026-01-24,BELGIUM_1,2025-26,LEAGUE,,RAAL La Louviere,St Truiden,1,2,A,Belgium,Belgian First Division,football-data.co.uk
league_6cca93c3750b61c6,2026-01-25,BELGIUM_1,2025-26,LEAGUE,,Antwerp,Charleroi,0,2,A,Belgium,Belgian First Division,football-data.co.uk
league_4f43c3d34f719f78,2026-01-25,BELGIUM_1,2025-26,LEAGUE,,KRC Genk,Cercle Brugge,1,1,D,Belgium,Belgian First Division,football-data.co.uk
league_cd6fd86024afc7aa,2026-01-25,BELGIUM_1,2025-26,LEAGUE,,Mechelen,Westerlo,1,1,D,Belgium,Belgian First Division,football-data.co.uk
league_aefcbaea4a52146d,2026-01-25,BELGIUM_1,2025-26,LEAGUE,,RSC Anderlecht,Dender,0,0,D,Belgium,Belgian First Division,football-data.co.uk
league_da24d13020cf55dd,2026-01-30,BELGIUM_1,2025-26,LEAGUE,,RAAL La Louviere,KAA Gent,1,1,D,Belgium,Belgian First Division,football-data.co.uk
league_4270be481c05211a,2026-01-31,BELGIUM_1,2025-26,LEAGUE,,Cercle Brugge,Antwerp,0,4,A,Belgium,Belgian First Division,football-data.co.uk
league_a467bc139fcde3b1,2026-01-31,BELGIUM_1,2025-26,LEAGUE,,St Truiden,Charleroi,0,2,A,Belgium,Belgian First Division,football-data.co.uk
league_7c1b02c8072231ad,2026-01-31,BELGIUM_1,2025-26,LEAGUE,,Waregem,Westerlo,0,1,A,Belgium,Belgian First Division,football-data.co.uk
league_199e71d4ebe3f003,2026-02-01,BELGIUM_1,2025-26,LEAGUE,,Dender,KRC Genk,1,2,A,Belgium,Belgian First Division,football-data.co.uk
league_b9abdd388745ad5a,2026-02-01,BELGIUM_1,2025-26,LEAGUE,,Oud-Heverlee Leuven,Mechelen,2,2,D,Belgium,Belgian First Division,football-data.co.uk
league_afe641b80573a2f7,2026-02-01,BELGIUM_1,2025-26,LEAGUE,,St. Gilloise,Club Brugge KV,1,0,H,Belgium,Belgian First Division,football-data.co.uk
league_90aeb702daa37409,2026-02-01,BELGIUM_1,2025-26,LEAGUE,,Standard Liège,RSC Anderlecht,2,0,H,Belgium,Belgian First Division,football-data.co.uk
league_779bfbb286c63855,2026-02-06,BELGIUM_1,2025-26,LEAGUE,,Westerlo,St Truiden,0,4,A,Belgium,Belgian First Division,football-data.co.uk
league_f01c6a9d884eaca7,2026-02-07,BELGIUM_1,2025-26,LEAGUE,,Charleroi,Cercle Brugge,3,4,A,Belgium,Belgian First Division,football-data.co.uk
league_e25006a5e448dd7a,2026-02-07,BELGIUM_1,2025-26,LEAGUE,,KAA Gent,Oud-Heverlee Leuven,1,3,A,Belgium,Belgian First Division,football-data.co.uk
league_f79a9532d5e3ec28,2026-02-07,BELGIUM_1,2025-26,LEAGUE,,Waregem,Dender,1,0,H,Belgium,Belgian First Division,football-data.co.uk
league_ef3d8a1823c78853,2026-02-08,BELGIUM_1,2025-26,LEAGUE,,Club Brugge KV,Standard Liège,3,0,H,Belgium,Belgian First Division,football-data.co.uk
league_e70f6bae2d0ce78a,2026-02-08,BELGIUM_1,2025-26,LEAGUE,,KRC Genk,RSC Anderlecht,2,0,H,Belgium,Belgian First Division,football-data.co.uk
league_3144babccb38d929,2026-02-08,BELGIUM_1,2025-26,LEAGUE,,Mechelen,Antwerp,2,0,H,Belgium,Belgian First Division,football-data.co.uk
league_719483164f3fc1e1,2026-02-08,BELGIUM_1,2025-26,LEAGUE,,St. Gilloise,RAAL La Louviere,2,1,H,Belgium,Belgian First Division,football-data.co.uk
league_1a198ca7ff3ea0a6,2026-02-13,BELGIUM_1,2025-26,LEAGUE,,Mechelen,KRC Genk,2,3,A,Belgium,Belgian First Division,football-data.co.uk
league_f2b899fc7aa7f74f,2026-02-14,BELGIUM_1,2025-26,LEAGUE,,Charleroi,KAA Gent,2,3,A,Belgium,Belgian First Division,football-data.co.uk
league_41199438539b8e02,2026-02-14,BELGIUM_1,2025-26,LEAGUE,,Oud-Heverlee Leuven,Dender,3,2,H,Belgium,Belgian First Division,football-data.co.uk
league_dc90613e54a53552,2026-02-14,BELGIUM_1,2025-26,LEAGUE,,Standard Liège,St. Gilloise,1,1,D,Belgium,Belgian First Division,football-data.co.uk
league_08529dc83ef084b6,2026-02-15,BELGIUM_1,2025-26,LEAGUE,,Antwerp,Westerlo,0,2,A,Belgium,Belgian First Division,football-data.co.uk
league_f9cec0a58bb37fee,2026-02-15,BELGIUM_1,2025-26,LEAGUE,,Cercle Brugge,Club Brugge KV,1,2,A,Belgium,Belgian First Division,football-data.co.uk
league_c4cd73f59131a298,2026-02-15,BELGIUM_1,2025-26,LEAGUE,,RSC Anderlecht,RAAL La Louviere,0,0,D,Belgium,Belgian First Division,football-data.co.uk
league_abdfae6efaad67db,2026-02-15,BELGIUM_1,2025-26,LEAGUE,,St Truiden,Waregem,3,2,H,Belgium,Belgian First Division,football-data.co.uk
league_330aea0bae10d16c,2026-02-20,BELGIUM_1,2025-26,LEAGUE,,KAA Gent,Cercle Brugge,0,1,A,Belgium,Belgian First Division,football-data.co.uk
league_1645ea9c10e8d703,2026-02-21,BELGIUM_1,2025-26,LEAGUE,,Club Brugge KV,Oud-Heverlee Leuven,2,1,H,Belgium,Belgian First Division,football-data.co.uk
league_84bd74999ebeafc8,2026-02-21,BELGIUM_1,2025-26,LEAGUE,,Dender,St Truiden,1,4,A,Belgium,Belgian First Division,football-data.co.uk
league_c62007ee45756ef3,2026-02-21,BELGIUM_1,2025-26,LEAGUE,,St. Gilloise,Antwerp,2,1,H,Belgium,Belgian First Division,football-data.co.uk
league_d507279e21023636,2026-02-22,BELGIUM_1,2025-26,LEAGUE,,KRC Genk,Standard Liège,0,3,A,Belgium,Belgian First Division,football-data.co.uk
league_f202f9a72996979b,2026-02-22,BELGIUM_1,2025-26,LEAGUE,,RAAL La Louviere,Mechelen,0,2,A,Belgium,Belgian First Division,football-data.co.uk
league_e8f83ba12b04a1d3,2026-02-22,BELGIUM_1,2025-26,LEAGUE,,Waregem,RSC Anderlecht,2,4,A,Belgium,Belgian First Division,football-data.co.uk
league_2a538184eb9ddaf1,2026-02-22,BELGIUM_1,2025-26,LEAGUE,,Westerlo,Charleroi,2,1,H,Belgium,Belgian First Division,football-data.co.uk
league_7888ee9da5a2c0d8,2026-02-27,BELGIUM_1,2025-26,LEAGUE,,Standard Liège,RAAL La Louviere,1,1,D,Belgium,Belgian First Division,football-data.co.uk
league_bbe1dd9e71ce6b98,2026-02-28,BELGIUM_1,2025-26,LEAGUE,,Antwerp,St Truiden,1,0,H,Belgium,Belgian First Division,football-data.co.uk
league_361f6cc77e942bd5,2026-02-28,BELGIUM_1,2025-26,LEAGUE,,Mechelen,Waregem,2,1,H,Belgium,Belgian First Division,football-data.co.uk
league_f5897637fb8f2e31,2026-02-28,BELGIUM_1,2025-26,LEAGUE,,RSC Anderlecht,Oud-Heverlee Leuven,5,1,H,Belgium,Belgian First Division,football-data.co.uk
league_782ce33bc9e7fb4d,2026-03-01,BELGIUM_1,2025-26,LEAGUE,,Cercle Brugge,Dender,0,0,D,Belgium,Belgian First Division,football-data.co.uk
league_ca3cb0822586b212,2026-03-01,BELGIUM_1,2025-26,LEAGUE,,Charleroi,Club Brugge KV,1,2,A,Belgium,Belgian First Division,football-data.co.uk
league_a2f13000913c0592,2026-03-01,BELGIUM_1,2025-26,LEAGUE,,KRC Genk,KAA Gent,3,0,H,Belgium,Belgian First Division,football-data.co.uk
league_202abd423d883460,2026-03-01,BELGIUM_1,2025-26,LEAGUE,,Westerlo,St. Gilloise,0,0,D,Belgium,Belgian First Division,football-data.co.uk
league_bc63cf3213bf0f87,2026-03-06,BELGIUM_1,2025-26,LEAGUE,,RAAL La Louviere,Antwerp,0,0,D,Belgium,Belgian First Division,football-data.co.uk
league_67a4861b02f5089b,2026-03-07,BELGIUM_1,2025-26,LEAGUE,,Dender,Charleroi,2,2,D,Belgium,Belgian First Division,football-data.co.uk
league_aca66926aee5b646,2026-03-07,BELGIUM_1,2025-26,LEAGUE,,Oud-Heverlee Leuven,Westerlo,0,1,A,Belgium,Belgian First Division,football-data.co.uk
league_4ba9868ad8879528,2026-03-07,BELGIUM_1,2025-26,LEAGUE,,St. Gilloise,KRC Genk,2,1,H,Belgium,Belgian First Division,football-data.co.uk
league_ebbae840e1625235,2026-03-08,BELGIUM_1,2025-26,LEAGUE,,Club Brugge KV,RSC Anderlecht,2,2,D,Belgium,Belgian First Division,football-data.co.uk
league_95d8238eed804d58,2026-03-08,BELGIUM_1,2025-26,LEAGUE,,KAA Gent,Mechelen,3,1,H,Belgium,Belgian First Division,football-data.co.uk
league_77679b1cedb2b119,2026-03-08,BELGIUM_1,2025-26,LEAGUE,,St Truiden,Cercle Brugge,2,1,H,Belgium,Belgian First Division,football-data.co.uk
league_de67357b99e39074,2026-03-08,BELGIUM_1,2025-26,LEAGUE,,Waregem,Standard Liège,0,1,A,Belgium,Belgian First Division,football-data.co.uk
league_fdd871ff2e14fb2a,2026-03-13,BELGIUM_1,2025-26,LEAGUE,,KAA Gent,Waregem,2,0,H,Belgium,Belgian First Division,football-data.co.uk
league_416b9fb35ef51677,2026-03-14,BELGIUM_1,2025-26,LEAGUE,,Charleroi,Oud-Heverlee Leuven,0,2,A,Belgium,Belgian First Division,football-data.co.uk
league_55a859f5b7b606b5,2026-03-14,BELGIUM_1,2025-26,LEAGUE,,St. Gilloise,Dender,2,0,H,Belgium,Belgian First Division,football-data.co.uk
league_836e08768cea3039,2026-03-14,BELGIUM_1,2025-26,LEAGUE,,Westerlo,Club Brugge KV,1,2,A,Belgium,Belgian First Division,football-data.co.uk
league_331987f9d1919ced,2026-03-15,BELGIUM_1,2025-26,LEAGUE,,Antwerp,Standard Liège,1,1,D,Belgium,Belgian First Division,football-data.co.uk
league_f09b0ea947ee39f2,2026-03-15,BELGIUM_1,2025-26,LEAGUE,,Cercle Brugge,RAAL La Louviere,1,3,A,Belgium,Belgian First Division,football-data.co.uk
league_cfc1a5c26734f9f6,2026-03-15,BELGIUM_1,2025-26,LEAGUE,,KRC Genk,St Truiden,1,0,H,Belgium,Belgian First Division,football-data.co.uk
league_dbf60b5ff72ce88c,2026-03-15,BELGIUM_1,2025-26,LEAGUE,,Mechelen,RSC Anderlecht,1,0,H,Belgium,Belgian First Division,football-data.co.uk
league_75d0ac3aff435c9a,2026-03-22,BELGIUM_1,2025-26,LEAGUE,,Club Brugge KV,Mechelen,4,1,H,Belgium,Belgian First Division,football-data.co.uk
league_aab339b2ae972eb3,2026-03-22,BELGIUM_1,2025-26,LEAGUE,,Dender,KAA Gent,1,3,A,Belgium,Belgian First Division,football-data.co.uk
league_73763ab8ecc3a86d,2026-03-22,BELGIUM_1,2025-26,LEAGUE,,Oud-Heverlee Leuven,Antwerp,1,0,H,Belgium,Belgian First Division,football-data.co.uk
league_ed2f49b445b7f8db,2026-03-22,BELGIUM_1,2025-26,LEAGUE,,RAAL La Louviere,KRC Genk,5,5,D,Belgium,Belgian First Division,football-data.co.uk
league_2c1b693de8d409e1,2026-03-22,BELGIUM_1,2025-26,LEAGUE,,RSC Anderlecht,Cercle Brugge,2,3,A,Belgium,Belgian First Division,football-data.co.uk
league_bfe9c000df8433d5,2026-03-22,BELGIUM_1,2025-26,LEAGUE,,St Truiden,St. Gilloise,1,3,A,Belgium,Belgian First Division,football-data.co.uk
league_0940c05e400a674c,2026-03-22,BELGIUM_1,2025-26,LEAGUE,,Standard Liège,Westerlo,0,0,D,Belgium,Belgian First Division,football-data.co.uk
league_fd0631c95bc18818,2026-03-22,BELGIUM_1,2025-26,LEAGUE,,Waregem,Charleroi,1,0,H,Belgium,Belgian First Division,football-data.co.uk
league_dd78546f95f1b94c,2026-04-03,BELGIUM_1,2025-26,LEAGUE,,Antwerp,KRC Genk,1,2,A,Belgium,Belgian First Division,football-data.co.uk
league_e616524d82cfc32a,2026-04-04,BELGIUM_1,2025-26,LEAGUE,,Oud-Heverlee Leuven,Standard Liège,1,3,A,Belgium,Belgian First Division,football-data.co.uk
league_a2acf161aa31bd4c,2026-04-04,BELGIUM_1,2025-26,LEAGUE,,St. Gilloise,St Truiden,1,0,H,Belgium,Belgian First Division,football-data.co.uk
league_a66ea3cf57d5e5db,2026-04-04,BELGIUM_1,2025-26,LEAGUE,,Waregem,Cercle Brugge,2,2,D,Belgium,Belgian First Division,football-data.co.uk
league_d4327ec0f9e69379,2026-04-05,BELGIUM_1,2025-26,LEAGUE,,Westerlo,Charleroi,2,0,H,Belgium,Belgian First Division,football-data.co.uk
league_7a441829194f79bd,2026-04-06,BELGIUM_1,2025-26,LEAGUE,,Club Brugge KV,RSC Anderlecht,4,2,H,Belgium,Belgian First Division,football-data.co.uk
league_2c2abf647c504968,2026-04-06,BELGIUM_1,2025-26,LEAGUE,,KAA Gent,Mechelen,1,1,D,Belgium,Belgian First Division,football-data.co.uk
league_152391cd57b538b0,2026-04-06,BELGIUM_1,2025-26,LEAGUE,,RAAL La Louviere,Dender,0,1,A,Belgium,Belgian First Division,football-data.co.uk
league_283d47e51c910024,2026-04-10,BELGIUM_1,2025-26,LEAGUE,,Charleroi,Antwerp,2,1,H,Belgium,Belgian First Division,football-data.co.uk
league_3edeffd26c4262a9,2026-04-11,BELGIUM_1,2025-26,LEAGUE,,Cercle Brugge,RAAL La Louviere,3,0,H,Belgium,Belgian First Division,football-data.co.uk
league_e2127336082701c6,2026-04-11,BELGIUM_1,2025-26,LEAGUE,,St Truiden,Club Brugge KV,1,2,A,Belgium,Belgian First Division,football-data.co.uk
league_13a7f70a0c69e547,2026-04-11,BELGIUM_1,2025-26,LEAGUE,,Standard Liège,Westerlo,1,2,A,Belgium,Belgian First Division,football-data.co.uk
league_fb12de9493865c3c,2026-04-12,BELGIUM_1,2025-26,LEAGUE,,Dender,Waregem,1,2,A,Belgium,Belgian First Division,football-data.co.uk
league_bfd13568f1e33278,2026-04-12,BELGIUM_1,2025-26,LEAGUE,,KRC Genk,Oud-Heverlee Leuven,0,0,D,Belgium,Belgian First Division,football-data.co.uk
league_8cce20f055188174,2026-04-12,BELGIUM_1,2025-26,LEAGUE,,Mechelen,St. Gilloise,0,1,A,Belgium,Belgian First Division,football-data.co.uk
league_f2fb5043c81819fb,2026-04-12,BELGIUM_1,2025-26,LEAGUE,,RSC Anderlecht,KAA Gent,3,1,H,Belgium,Belgian First Division,football-data.co.uk
league_864c0a99273129c0,2026-04-18,BELGIUM_1,2025-26,LEAGUE,,Antwerp,Oud-Heverlee Leuven,2,0,H,Belgium,Belgian First Division,football-data.co.uk
league_d695e60aec6c1192,2026-04-18,BELGIUM_1,2025-26,LEAGUE,,Charleroi,Standard Liège,1,2,A,Belgium,Belgian First Division,football-data.co.uk
league_149d002e33cf23dd,2026-04-18,BELGIUM_1,2025-26,LEAGUE,,Mechelen,RSC Anderlecht,1,2,A,Belgium,Belgian First Division,football-data.co.uk
league_1b247d40c8fd71f9,2026-04-18,BELGIUM_1,2025-26,LEAGUE,,Westerlo,KRC Genk,1,2,A,Belgium,Belgian First Division,football-data.co.uk
league_039bdf1113ca6660,2026-04-19,BELGIUM_1,2025-26,LEAGUE,,Dender,Cercle Brugge,1,4,A,Belgium,Belgian First Division,football-data.co.uk
league_f001fd1b2cc0b83f,2026-04-19,BELGIUM_1,2025-26,LEAGUE,,KAA Gent,St Truiden,0,0,D,Belgium,Belgian First Division,football-data.co.uk
league_fdf51e6826191506,2026-04-19,BELGIUM_1,2025-26,LEAGUE,,RAAL La Louviere,Waregem,0,2,A,Belgium,Belgian First Division,football-data.co.uk
league_27b9147b3c284c4d,2026-04-19,BELGIUM_1,2025-26,LEAGUE,,St. Gilloise,Club Brugge KV,2,1,H,Belgium,Belgian First Division,football-data.co.uk
league_fd4cf7a9ca56fd55,2026-04-21,BELGIUM_1,2025-26,LEAGUE,,KRC Genk,Charleroi,1,1,D,Belgium,Belgian First Division,football-data.co.uk
league_a188bba805d6eaf0,2026-04-21,BELGIUM_1,2025-26,LEAGUE,,Oud-Heverlee Leuven,Westerlo,0,2,A,Belgium,Belgian First Division,football-data.co.uk
league_8c462856e647e0fc,2026-04-21,BELGIUM_1,2025-26,LEAGUE,,Standard Liège,Antwerp,1,2,A,Belgium,Belgian First Division,football-data.co.uk
league_9b14889233657131,2026-04-22,BELGIUM_1,2025-26,LEAGUE,,Club Brugge KV,Mechelen,6,1,H,Belgium,Belgian First Division,football-data.co.uk
league_9695e703176ce2c8,2026-04-22,BELGIUM_1,2025-26,LEAGUE,,St. Gilloise,KAA Gent,0,0,D,Belgium,Belgian First Division,football-data.co.uk
league_a5fdc3fe0ebfaf3c,2026-04-23,BELGIUM_1,2025-26,LEAGUE,,St Truiden,RSC Anderlecht,2,0,H,Belgium,Belgian First Division,football-data.co.uk
league_bf2d017450c0d940,2026-04-24,BELGIUM_1,2025-26,LEAGUE,,Cercle Brugge,Dender,2,1,H,Belgium,Belgian First Division,football-data.co.uk
league_bed41d35ad67d77e,2026-04-25,BELGIUM_1,2025-26,LEAGUE,,KRC Genk,Standard Liège,1,1,D,Belgium,Belgian First Division,football-data.co.uk
league_f115538b7ab11ec9,2026-04-25,BELGIUM_1,2025-26,LEAGUE,,Oud-Heverlee Leuven,Charleroi,0,2,A,Belgium,Belgian First Division,football-data.co.uk
league_194eb1354b49beb5,2026-04-25,BELGIUM_1,2025-26,LEAGUE,,Westerlo,Antwerp,2,4,A,Belgium,Belgian First Division,football-data.co.uk
league_c86485853a39d15b,2026-04-26,BELGIUM_1,2025-26,LEAGUE,,KAA Gent,Club Brugge KV,0,2,A,Belgium,Belgian First Division,football-data.co.uk
league_30c859e9120aa8a4,2026-04-26,BELGIUM_1,2025-26,LEAGUE,,Mechelen,St Truiden,1,4,A,Belgium,Belgian First Division,football-data.co.uk
league_262abb70f174ae4f,2026-04-26,BELGIUM_1,2025-26,LEAGUE,,RSC Anderlecht,St. Gilloise,1,3,A,Belgium,Belgian First Division,football-data.co.uk
league_fbaf6c8c23a71e4d,2026-04-26,BELGIUM_1,2025-26,LEAGUE,,Waregem,RAAL La Louviere,4,0,H,Belgium,Belgian First Division,football-data.co.uk
league_e852150c3bdb62c4,2026-05-01,BELGIUM_1,2025-26,LEAGUE,,Cercle Brugge,Waregem,2,3,A,Belgium,Belgian First Division,football-data.co.uk
league_3183ae377da2b44e,2026-05-02,BELGIUM_1,2025-26,LEAGUE,,Charleroi,KRC Genk,2,0,H,Belgium,Belgian First Division,football-data.co.uk
league_7936d0f1878643e5,2026-05-02,BELGIUM_1,2025-26,LEAGUE,,St Truiden,St. Gilloise,2,1,H,Belgium,Belgian First Division,football-data.co.uk
league_1d4e1b779b12620f,2026-05-02,BELGIUM_1,2025-26,LEAGUE,,Westerlo,Oud-Heverlee Leuven,3,3,D,Belgium,Belgian First Division,football-data.co.uk
league_841e30fddb0d991b,2026-05-03,BELGIUM_1,2025-26,LEAGUE,,Antwerp,Standard Liège,0,5,A,Belgium,Belgian First Division,football-data.co.uk
league_46e6634d7433ba81,2026-05-03,BELGIUM_1,2025-26,LEAGUE,,Mechelen,KAA Gent,1,0,H,Belgium,Belgian First Division,football-data.co.uk
league_daf484d76604720f,2026-05-03,BELGIUM_1,2025-26,LEAGUE,,RSC Anderlecht,Club Brugge KV,1,3,A,Belgium,Belgian First Division,football-data.co.uk
league_c24e59a469a3007d,2026-05-08,BELGIUM_1,2025-26,LEAGUE,,Standard Liège,Oud-Heverlee Leuven,2,1,H,Belgium,Belgian First Division,football-data.co.uk
league_07491bcb05302e68,2026-05-09,BELGIUM_1,2025-26,LEAGUE,,Club Brugge KV,St Truiden,2,0,H,Belgium,Belgian First Division,football-data.co.uk
league_6b98e0b9d084c100,2026-05-09,BELGIUM_1,2025-26,LEAGUE,,RAAL La Louviere,Cercle Brugge,4,1,H,Belgium,Belgian First Division,football-data.co.uk
league_fa7f1181f28e53c3,2026-05-09,BELGIUM_1,2025-26,LEAGUE,,Waregem,Dender,2,1,H,Belgium,Belgian First Division,football-data.co.uk
league_612071b715c5d7d0,2026-05-10,BELGIUM_1,2025-26,LEAGUE,,Antwerp,Charleroi,0,1,A,Belgium,Belgian First Division,football-data.co.uk
league_66d7f46526bb7c4f,2026-05-10,BELGIUM_1,2025-26,LEAGUE,,KAA Gent,RSC Anderlecht,1,1,D,Belgium,Belgian First Division,football-data.co.uk
league_ba5948701cf0f925,2026-05-10,BELGIUM_1,2025-26,LEAGUE,,KRC Genk,Westerlo,3,0,H,Belgium,Belgian First Division,football-data.co.uk
league_40f307ab5a0089db,2026-05-10,BELGIUM_1,2025-26,LEAGUE,,St. Gilloise,Mechelen,3,0,H,Belgium,Belgian First Division,football-data.co.uk
league_19833ebe980b3e92,2026-05-15,BELGIUM_1,2025-26,LEAGUE,,Oud-Heverlee Leuven,Antwerp,3,0,H,Belgium,Belgian First Division,football-data.co.uk
league_eadd24e832db5c77,2026-05-16,BELGIUM_1,2025-26,LEAGUE,,Charleroi,Westerlo,0,1,A,Belgium,Belgian First Division,football-data.co.uk
league_0cf4f84130a9a11a,2026-05-16,BELGIUM_1,2025-26,LEAGUE,,St Truiden,KAA Gent,1,1,D,Belgium,Belgian First Division,football-data.co.uk
league_9f46694ca14b10e9,2026-05-16,BELGIUM_1,2025-26,LEAGUE,,Standard Liège,KRC Genk,0,0,D,Belgium,Belgian First Division,football-data.co.uk
league_155e3674483b569d,2026-05-17,BELGIUM_1,2025-26,LEAGUE,,Club Brugge KV,St. Gilloise,5,0,H,Belgium,Belgian First Division,football-data.co.uk
league_d74d0f0e11cfed42,2026-05-17,BELGIUM_1,2025-26,LEAGUE,,RSC Anderlecht,Mechelen,2,2,D,Belgium,Belgian First Division,football-data.co.uk
league_9767a7ea3a6ac707,2026-05-19,BELGIUM_1,2025-26,LEAGUE,,Charleroi,Oud-Heverlee Leuven,1,1,D,Belgium,Belgian First Division,football-data.co.uk
league_b32b0ee28a6b1134,2026-05-19,BELGIUM_1,2025-26,LEAGUE,,KRC Genk,Antwerp,0,0,D,Belgium,Belgian First Division,football-data.co.uk
league_64507c12ec13a0c8,2026-05-19,BELGIUM_1,2025-26,LEAGUE,,Westerlo,Standard Liège,1,2,A,Belgium,Belgian First Division,football-data.co.uk
league_042dc653af8dc659,2026-05-21,BELGIUM_1,2025-26,LEAGUE,,KAA Gent,St. Gilloise,0,0,D,Belgium,Belgian First Division,football-data.co.uk
league_43aa84945ec4618b,2026-05-21,BELGIUM_1,2025-26,LEAGUE,,Mechelen,Club Brugge KV,2,2,D,Belgium,Belgian First Division,football-data.co.uk
league_8e4a089ef05c0ccf,2026-05-21,BELGIUM_1,2025-26,LEAGUE,,RSC Anderlecht,St Truiden,3,1,H,Belgium,Belgian First Division,football-data.co.uk
league_5c4c53f0eefcec52,2026-05-23,BELGIUM_1,2025-26,LEAGUE,,Antwerp,Westerlo,2,0,H,Belgium,Belgian First Division,football-data.co.uk
league_d3c52b41aef3692d,2026-05-23,BELGIUM_1,2025-26,LEAGUE,,Oud-Heverlee Leuven,KRC Genk,0,2,A,Belgium,Belgian First Division,football-data.co.uk
league_ef69409381ab47ad,2026-05-23,BELGIUM_1,2025-26,LEAGUE,,Standard Liège,Charleroi,0,2,A,Belgium,Belgian First Division,football-data.co.uk
league_f8261b89fae2c9bf,2026-05-24,BELGIUM_1,2025-26,LEAGUE,,Club Brugge KV,KAA Gent,5,0,H,Belgium,Belgian First Division,football-data.co.uk
league_443c9323d89e293e,2026-05-24,BELGIUM_1,2025-26,LEAGUE,,St Truiden,Mechelen,3,0,H,Belgium,Belgian First Division,football-data.co.uk
league_6b16e31e94d2c8eb,2026-05-24,BELGIUM_1,2025-26,LEAGUE,,St. Gilloise,RSC Anderlecht,5,1,H,Belgium,Belgian First Division,football-data.co.uk
