match_id,date,competition,season,stage,matchday,home_team,away_team,home_goals,away_goals,winner,country,league_name,data_source
league_e35b341dc3093079,2016-08-26,BUNDESLIGA,2016-17,LEAGUE,,FC Bayern München,Werder Bremen,6,0,H,Germany,Bundesliga,football-data.co.uk
league_f728674465307aef,2016-08-27,BUNDESLIGA,2016-17,LEAGUE,,Augsburg,Wolfsburg,0,2,A,Germany,Bundesliga,football-data.co.uk
league_6c18236e3ce6ed9f,2016-08-27,BUNDESLIGA,2016-17,LEAGUE,,Borussia Dortmund,FSV Mainz 05,2,1,H,Germany,Bundesliga,football-data.co.uk
league_1debb304448c1c14,2016-08-27,BUNDESLIGA,2016-17,LEAGUE,,Borussia Mönchengladbach,Bayer 04 Leverkusen,2,1,H,Germany,Bundesliga,football-data.co.uk
league_dddd95d1e31c2f33,2016-08-27,BUNDESLIGA,2016-17,LEAGUE,,Eintracht Frankfurt,FC Schalke 04,1,0,H,Germany,Bundesliga,football-data.co.uk
league_3ed1425e0db0b4ff,2016-08-27,BUNDESLIGA,2016-17,LEAGUE,,FC Koln,Darmstadt,2,0,H,Germany,Bundesliga,football-data.co.uk
league_1cf7bf2cd4445220,2016-08-27,BUNDESLIGA,2016-17,LEAGUE,,Hamburg,Ingolstadt,1,1,D,Germany,Bundesliga,football-data.co.uk
league_71322ee1b4f2e70a,2016-08-28,BUNDESLIGA,2016-17,LEAGUE,,Hertha,Freiburg,2,1,H,Germany,Bundesliga,football-data.co.uk
league_1adc4c44283c92cb,2016-08-28,BUNDESLIGA,2016-17,LEAGUE,,Hoffenheim,RB Leipzig,2,2,D,Germany,Bundesliga,football-data.co.uk
league_e46d750dd09a9f7d,2016-09-09,BUNDESLIGA,2016-17,LEAGUE,,FC Schalke 04,FC Bayern München,0,2,A,Germany,Bundesliga,football-data.co.uk
league_6c07799338a6920b,2016-09-10,BUNDESLIGA,2016-17,LEAGUE,,Bayer 04 Leverkusen,Hamburg,3,1,H,Germany,Bundesliga,football-data.co.uk
league_ee23b28575a9a83a,2016-09-10,BUNDESLIGA,2016-17,LEAGUE,,Darmstadt,Eintracht Frankfurt,1,0,H,Germany,Bundesliga,football-data.co.uk
league_d3da27206c325eb0,2016-09-10,BUNDESLIGA,2016-17,LEAGUE,,Freiburg,Borussia Mönchengladbach,3,1,H,Germany,Bundesliga,football-data.co.uk
league_5999f70e21ec45c2,2016-09-10,BUNDESLIGA,2016-17,LEAGUE,,Ingolstadt,Hertha,0,2,A,Germany,Bundesliga,football-data.co.uk
league_b175d55a306ced02,2016-09-10,BUNDESLIGA,2016-17,LEAGUE,,RB Leipzig,Borussia Dortmund,1,0,H,Germany,Bundesliga,football-data.co.uk
league_f41c262c2f84f146,2016-09-10,BUNDESLIGA,2016-17,LEAGUE,,Wolfsburg,FC Koln,0,0,D,Germany,Bundesliga,football-data.co.uk
league_a41f26be70d13553,2016-09-11,BUNDESLIGA,2016-17,LEAGUE,,FSV Mainz 05,Hoffenheim,4,4,D,Germany,Bundesliga,football-data.co.uk
league_607a24c769702d73,2016-09-11,BUNDESLIGA,2016-17,LEAGUE,,Werder Bremen,Augsburg,1,2,A,Germany,Bundesliga,football-data.co.uk
league_45fa07b3c58af42b,2016-09-16,BUNDESLIGA,2016-17,LEAGUE,,FC Koln,Freiburg,3,0,H,Germany,Bundesliga,football-data.co.uk
league_9622e343f14f306b,2016-09-17,BUNDESLIGA,2016-17,LEAGUE,,Borussia Dortmund,Darmstadt,6,0,H,Germany,Bundesliga,football-data.co.uk
league_8d61c89ecb7e6f7b,2016-09-17,BUNDESLIGA,2016-17,LEAGUE,,Borussia Mönchengladbach,Werder Bremen,4,1,H,Germany,Bundesliga,football-data.co.uk
league_89149eb41eabc313,2016-09-17,BUNDESLIGA,2016-17,LEAGUE,,Eintracht Frankfurt,Bayer 04 Leverkusen,2,1,H,Germany,Bundesliga,football-data.co.uk
league_98dc5e127bd18847,2016-09-17,BUNDESLIGA,2016-17,LEAGUE,,FC Bayern München,Ingolstadt,3,1,H,Germany,Bundesliga,football-data.co.uk
league_710f787b4101031f,2016-09-17,BUNDESLIGA,2016-17,LEAGUE,,Hamburg,RB Leipzig,0,4,A,Germany,Bundesliga,football-data.co.uk
league_e6d317f7832e300e,2016-09-17,BUNDESLIGA,2016-17,LEAGUE,,Hoffenheim,Wolfsburg,0,0,D,Germany,Bundesliga,football-data.co.uk
league_4cd6b3853eafe86c,2016-09-18,BUNDESLIGA,2016-17,LEAGUE,,Augsburg,FSV Mainz 05,1,3,A,Germany,Bundesliga,football-data.co.uk
league_6013eebec4fb4dc8,2016-09-18,BUNDESLIGA,2016-17,LEAGUE,,Hertha,FC Schalke 04,2,0,H,Germany,Bundesliga,football-data.co.uk
league_23dfd8a19b8bdc80,2016-09-20,BUNDESLIGA,2016-17,LEAGUE,,Darmstadt,Hoffenheim,1,1,D,Germany,Bundesliga,football-data.co.uk
league_a93d46ab28a2fb52,2016-09-20,BUNDESLIGA,2016-17,LEAGUE,,Freiburg,Hamburg,1,0,H,Germany,Bundesliga,football-data.co.uk
league_89bb79a3f741e24a,2016-09-20,BUNDESLIGA,2016-17,LEAGUE,,Ingolstadt,Eintracht Frankfurt,0,2,A,Germany,Bundesliga,football-data.co.uk
league_f380b8d4f8729e34,2016-09-20,BUNDESLIGA,2016-17,LEAGUE,,Wolfsburg,Borussia Dortmund,1,5,A,Germany,Bundesliga,football-data.co.uk
league_87ba969a2383d3cf,2016-09-21,BUNDESLIGA,2016-17,LEAGUE,,Bayer 04 Leverkusen,Augsburg,0,0,D,Germany,Bundesliga,football-data.co.uk
league_69192e1b49522ac4,2016-09-21,BUNDESLIGA,2016-17,LEAGUE,,FC Bayern München,Hertha,3,0,H,Germany,Bundesliga,football-data.co.uk
league_da27736d19a36872,2016-09-21,BUNDESLIGA,2016-17,LEAGUE,,FC Schalke 04,FC Koln,1,3,A,Germany,Bundesliga,football-data.co.uk
league_f82dcece8d1a5217,2016-09-21,BUNDESLIGA,2016-17,LEAGUE,,RB Leipzig,Borussia Mönchengladbach,1,1,D,Germany,Bundesliga,football-data.co.uk
league_2bfeda6651917000,2016-09-21,BUNDESLIGA,2016-17,LEAGUE,,Werder Bremen,FSV Mainz 05,1,2,A,Germany,Bundesliga,football-data.co.uk
league_55bbac1c7f04e3b6,2016-09-23,BUNDESLIGA,2016-17,LEAGUE,,Borussia Dortmund,Freiburg,3,1,H,Germany,Bundesliga,football-data.co.uk
league_44e54d4ead548bb7,2016-09-24,BUNDESLIGA,2016-17,LEAGUE,,Augsburg,Darmstadt,1,0,H,Germany,Bundesliga,football-data.co.uk
league_d8095538acb4264c,2016-09-24,BUNDESLIGA,2016-17,LEAGUE,,Borussia Mönchengladbach,Ingolstadt,2,0,H,Germany,Bundesliga,football-data.co.uk
league_9155f6b51bab2c9d,2016-09-24,BUNDESLIGA,2016-17,LEAGUE,,Eintracht Frankfurt,Hertha,3,3,D,Germany,Bundesliga,football-data.co.uk
league_2206a48f2572f4b1,2016-09-24,BUNDESLIGA,2016-17,LEAGUE,,FSV Mainz 05,Bayer 04 Leverkusen,2,3,A,Germany,Bundesliga,football-data.co.uk
league_885e8cbf42267e3f,2016-09-24,BUNDESLIGA,2016-17,LEAGUE,,Hamburg,FC Bayern München,0,1,A,Germany,Bundesliga,football-data.co.uk
league_944f812a7bb8c015,2016-09-24,BUNDESLIGA,2016-17,LEAGUE,,Werder Bremen,Wolfsburg,2,1,H,Germany,Bundesliga,football-data.co.uk
league_eb8eb9390d447649,2016-09-25,BUNDESLIGA,2016-17,LEAGUE,,FC Koln,RB Leipzig,1,1,D,Germany,Bundesliga,football-data.co.uk
league_9d9fa99f66bae766,2016-09-25,BUNDESLIGA,2016-17,LEAGUE,,Hoffenheim,FC Schalke 04,2,1,H,Germany,Bundesliga,football-data.co.uk
league_b030ba791b1af112,2016-09-30,BUNDESLIGA,2016-17,LEAGUE,,RB Leipzig,Augsburg,2,1,H,Germany,Bundesliga,football-data.co.uk
league_8201ae46f0ee442c,2016-10-01,BUNDESLIGA,2016-17,LEAGUE,,Bayer 04 Leverkusen,Borussia Dortmund,2,0,H,Germany,Bundesliga,football-data.co.uk
league_197c77dcc8dc135e,2016-10-01,BUNDESLIGA,2016-17,LEAGUE,,Darmstadt,Werder Bremen,2,2,D,Germany,Bundesliga,football-data.co.uk
league_3b76fc025457ae02,2016-10-01,BUNDESLIGA,2016-17,LEAGUE,,FC Bayern München,FC Koln,1,1,D,Germany,Bundesliga,football-data.co.uk
league_48aca62d994bcb56,2016-10-01,BUNDESLIGA,2016-17,LEAGUE,,Freiburg,Eintracht Frankfurt,1,0,H,Germany,Bundesliga,football-data.co.uk
league_f1affa3a43a39ec9,2016-10-01,BUNDESLIGA,2016-17,LEAGUE,,Hertha,Hamburg,2,0,H,Germany,Bundesliga,football-data.co.uk
league_fbb4cd1e9c17d324,2016-10-01,BUNDESLIGA,2016-17,LEAGUE,,Ingolstadt,Hoffenheim,1,2,A,Germany,Bundesliga,football-data.co.uk
league_9177a2171367b876,2016-10-02,BUNDESLIGA,2016-17,LEAGUE,,FC Schalke 04,Borussia Mönchengladbach,4,0,H,Germany,Bundesliga,football-data.co.uk
league_fa43c6647b377744,2016-10-02,BUNDESLIGA,2016-17,LEAGUE,,Wolfsburg,FSV Mainz 05,0,0,D,Germany,Bundesliga,football-data.co.uk
league_aa1ea4343f49feeb,2016-10-14,BUNDESLIGA,2016-17,LEAGUE,,Borussia Dortmund,Hertha,1,1,D,Germany,Bundesliga,football-data.co.uk
league_6af39cdfc48e7c73,2016-10-15,BUNDESLIGA,2016-17,LEAGUE,,Augsburg,FC Schalke 04,1,1,D,Germany,Bundesliga,football-data.co.uk
league_06eb5bbd7bcc6024,2016-10-15,BUNDESLIGA,2016-17,LEAGUE,,Borussia Mönchengladbach,Hamburg,0,0,D,Germany,Bundesliga,football-data.co.uk
league_00107bedc3545742,2016-10-15,BUNDESLIGA,2016-17,LEAGUE,,Eintracht Frankfurt,FC Bayern München,2,2,D,Germany,Bundesliga,football-data.co.uk
league_0819d89d5f82b387,2016-10-15,BUNDESLIGA,2016-17,LEAGUE,,FC Koln,Ingolstadt,2,1,H,Germany,Bundesliga,football-data.co.uk
league_e4a6470c621ded44,2016-10-15,BUNDESLIGA,2016-17,LEAGUE,,Hoffenheim,Freiburg,2,1,H,Germany,Bundesliga,football-data.co.uk
league_c67d47822d881323,2016-10-15,BUNDESLIGA,2016-17,LEAGUE,,Werder Bremen,Bayer 04 Leverkusen,2,1,H,Germany,Bundesliga,football-data.co.uk
league_4b16025329b275aa,2016-10-16,BUNDESLIGA,2016-17,LEAGUE,,FSV Mainz 05,Darmstadt,2,1,H,Germany,Bundesliga,football-data.co.uk
league_b398686f74c901ac,2016-10-16,BUNDESLIGA,2016-17,LEAGUE,,Wolfsburg,RB Leipzig,0,1,A,Germany,Bundesliga,football-data.co.uk
league_ed93a42ab94c9fdf,2016-10-21,BUNDESLIGA,2016-17,LEAGUE,,Hamburg,Eintracht Frankfurt,0,3,A,Germany,Bundesliga,football-data.co.uk
league_c8d6544f43c1dabe,2016-10-22,BUNDESLIGA,2016-17,LEAGUE,,Bayer 04 Leverkusen,Hoffenheim,0,3,A,Germany,Bundesliga,football-data.co.uk
league_ab4318825caa82d7,2016-10-22,BUNDESLIGA,2016-17,LEAGUE,,Darmstadt,Wolfsburg,3,1,H,Germany,Bundesliga,football-data.co.uk
league_0b0c7b77cd2de204,2016-10-22,BUNDESLIGA,2016-17,LEAGUE,,FC Bayern München,Borussia Mönchengladbach,2,0,H,Germany,Bundesliga,football-data.co.uk
league_ecd7b4cfd678ebdc,2016-10-22,BUNDESLIGA,2016-17,LEAGUE,,Freiburg,Augsburg,2,1,H,Germany,Bundesliga,football-data.co.uk
league_9a2ac9678487d993,2016-10-22,BUNDESLIGA,2016-17,LEAGUE,,Hertha,FC Koln,2,1,H,Germany,Bundesliga,football-data.co.uk
league_45bf8a826e5dbd4f,2016-10-22,BUNDESLIGA,2016-17,LEAGUE,,Ingolstadt,Borussia Dortmund,3,3,D,Germany,Bundesliga,football-data.co.uk
league_7f8fe33416b71852,2016-10-23,BUNDESLIGA,2016-17,LEAGUE,,FC Schalke 04,FSV Mainz 05,3,0,H,Germany,Bundesliga,football-data.co.uk
league_6b39fccc6a197627,2016-10-23,BUNDESLIGA,2016-17,LEAGUE,,RB Leipzig,Werder Bremen,3,1,H,Germany,Bundesliga,football-data.co.uk
league_81489d4850ee179a,2016-10-28,BUNDESLIGA,2016-17,LEAGUE,,Borussia Mönchengladbach,Eintracht Frankfurt,0,0,D,Germany,Bundesliga,football-data.co.uk
league_9dd1b5ae87b2d170,2016-10-29,BUNDESLIGA,2016-17,LEAGUE,,Augsburg,FC Bayern München,1,3,A,Germany,Bundesliga,football-data.co.uk
league_c71b647cc1aef932,2016-10-29,BUNDESLIGA,2016-17,LEAGUE,,Borussia Dortmund,FC Schalke 04,0,0,D,Germany,Bundesliga,football-data.co.uk
league_ac69875e8a28563f,2016-10-29,BUNDESLIGA,2016-17,LEAGUE,,Darmstadt,RB Leipzig,0,2,A,Germany,Bundesliga,football-data.co.uk
league_d850d3244372dcd9,2016-10-29,BUNDESLIGA,2016-17,LEAGUE,,FSV Mainz 05,Ingolstadt,2,0,H,Germany,Bundesliga,football-data.co.uk
league_d6ca37425b4235a8,2016-10-29,BUNDESLIGA,2016-17,LEAGUE,,Werder Bremen,Freiburg,1,3,A,Germany,Bundesliga,football-data.co.uk
league_630dabe931285705,2016-10-29,BUNDESLIGA,2016-17,LEAGUE,,Wolfsburg,Bayer 04 Leverkusen,1,2,A,Germany,Bundesliga,football-data.co.uk
league_b5eb220402faaeab,2016-10-30,BUNDESLIGA,2016-17,LEAGUE,,FC Koln,Hamburg,3,0,H,Germany,Bundesliga,football-data.co.uk
league_9e22c735169f6b23,2016-10-30,BUNDESLIGA,2016-17,LEAGUE,,Hoffenheim,Hertha,1,0,H,Germany,Bundesliga,football-data.co.uk
league_3e3a2bc1e2ffc7bc,2016-11-04,BUNDESLIGA,2016-17,LEAGUE,,Hertha,Borussia Mönchengladbach,3,0,H,Germany,Bundesliga,football-data.co.uk
league_809caa596bef7d15,2016-11-05,BUNDESLIGA,2016-17,LEAGUE,,Bayer 04 Leverkusen,Darmstadt,3,2,H,Germany,Bundesliga,football-data.co.uk
league_a05bab42707b1b77,2016-11-05,BUNDESLIGA,2016-17,LEAGUE,,Eintracht Frankfurt,FC Koln,1,0,H,Germany,Bundesliga,football-data.co.uk
league_2bacfa445a425a1d,2016-11-05,BUNDESLIGA,2016-17,LEAGUE,,FC Bayern München,Hoffenheim,1,1,D,Germany,Bundesliga,football-data.co.uk
league_0f6b2bd86b55c3fa,2016-11-05,BUNDESLIGA,2016-17,LEAGUE,,Freiburg,Wolfsburg,0,3,A,Germany,Bundesliga,football-data.co.uk
league_b9c99f53cc65445d,2016-11-05,BUNDESLIGA,2016-17,LEAGUE,,Hamburg,Borussia Dortmund,2,5,A,Germany,Bundesliga,football-data.co.uk
league_c34695316de5efb3,2016-11-05,BUNDESLIGA,2016-17,LEAGUE,,Ingolstadt,Augsburg,0,2,A,Germany,Bundesliga,football-data.co.uk
league_c519b5ac230dbba5,2016-11-06,BUNDESLIGA,2016-17,LEAGUE,,FC Schalke 04,Werder Bremen,3,1,H,Germany,Bundesliga,football-data.co.uk
league_f62381e53dd9bf1a,2016-11-06,BUNDESLIGA,2016-17,LEAGUE,,RB Leipzig,FSV Mainz 05,3,1,H,Germany,Bundesliga,football-data.co.uk
league_bb735f6d99ecb4f3,2016-11-18,BUNDESLIGA,2016-17,LEAGUE,,Bayer 04 Leverkusen,RB Leipzig,2,3,A,Germany,Bundesliga,football-data.co.uk
league_e6cd0e057531b0eb,2016-11-19,BUNDESLIGA,2016-17,LEAGUE,,Augsburg,Hertha,0,0,D,Germany,Bundesliga,football-data.co.uk
league_990028eaae26f751,2016-11-19,BUNDESLIGA,2016-17,LEAGUE,,Borussia Dortmund,FC Bayern München,1,0,H,Germany,Bundesliga,football-data.co.uk
league_feb973f688500c5f,2016-11-19,BUNDESLIGA,2016-17,LEAGUE,,Borussia Mönchengladbach,FC Koln,1,2,A,Germany,Bundesliga,football-data.co.uk
league_c67a160a38d49062,2016-11-19,BUNDESLIGA,2016-17,LEAGUE,,Darmstadt,Ingolstadt,0,1,A,Germany,Bundesliga,football-data.co.uk
league_fbadc5c74b172d80,2016-11-19,BUNDESLIGA,2016-17,LEAGUE,,FSV Mainz 05,Freiburg,4,2,H,Germany,Bundesliga,football-data.co.uk
league_6ef1519cf5136728,2016-11-19,BUNDESLIGA,2016-17,LEAGUE,,Wolfsburg,FC Schalke 04,0,1,A,Germany,Bundesliga,football-data.co.uk
league_ddb3ff55eddc2a82,2016-11-20,BUNDESLIGA,2016-17,LEAGUE,,Hoffenheim,Hamburg,2,2,D,Germany,Bundesliga,football-data.co.uk
league_37ddc28390fe7e62,2016-11-20,BUNDESLIGA,2016-17,LEAGUE,,Werder Bremen,Eintracht Frankfurt,1,2,A,Germany,Bundesliga,football-data.co.uk
league_6e81dc583697c6d2,2016-11-25,BUNDESLIGA,2016-17,LEAGUE,,Freiburg,RB Leipzig,1,4,A,Germany,Bundesliga,football-data.co.uk
league_76976615e832e7cb,2016-11-26,BUNDESLIGA,2016-17,LEAGUE,,Borussia Mönchengladbach,Hoffenheim,1,1,D,Germany,Bundesliga,football-data.co.uk
league_7e30f55ac20cd4e9,2016-11-26,BUNDESLIGA,2016-17,LEAGUE,,Eintracht Frankfurt,Borussia Dortmund,2,1,H,Germany,Bundesliga,football-data.co.uk
league_487240605873c57f,2016-11-26,BUNDESLIGA,2016-17,LEAGUE,,FC Bayern München,Bayer 04 Leverkusen,2,1,H,Germany,Bundesliga,football-data.co.uk
league_4bb6ca2f43d5a501,2016-11-26,BUNDESLIGA,2016-17,LEAGUE,,FC Koln,Augsburg,0,0,D,Germany,Bundesliga,football-data.co.uk
league_f80bee3b9476f61b,2016-11-26,BUNDESLIGA,2016-17,LEAGUE,,Hamburg,Werder Bremen,2,2,D,Germany,Bundesliga,football-data.co.uk
league_44e0c1fe87de9b60,2016-11-26,BUNDESLIGA,2016-17,LEAGUE,,Ingolstadt,Wolfsburg,1,1,D,Germany,Bundesliga,football-data.co.uk
league_708161396b5c9ca4,2016-11-27,BUNDESLIGA,2016-17,LEAGUE,,FC Schalke 04,Darmstadt,3,1,H,Germany,Bundesliga,football-data.co.uk
league_ff7bb26973351bf9,2016-11-27,BUNDESLIGA,2016-17,LEAGUE,,Hertha,FSV Mainz 05,2,1,H,Germany,Bundesliga,football-data.co.uk
league_ceaa900cc64dd9f2,2016-12-02,BUNDESLIGA,2016-17,LEAGUE,,FSV Mainz 05,FC Bayern München,1,3,A,Germany,Bundesliga,football-data.co.uk
league_7f7f0533d5f09599,2016-12-03,BUNDESLIGA,2016-17,LEAGUE,,Bayer 04 Leverkusen,Freiburg,1,1,D,Germany,Bundesliga,football-data.co.uk
league_6b786d4eee6b12cb,2016-12-03,BUNDESLIGA,2016-17,LEAGUE,,Borussia Dortmund,Borussia Mönchengladbach,4,1,H,Germany,Bundesliga,football-data.co.uk
league_2e11a985bbfced12,2016-12-03,BUNDESLIGA,2016-17,LEAGUE,,Hoffenheim,FC Koln,4,0,H,Germany,Bundesliga,football-data.co.uk
league_c2233d37df43432e,2016-12-03,BUNDESLIGA,2016-17,LEAGUE,,RB Leipzig,FC Schalke 04,2,1,H,Germany,Bundesliga,football-data.co.uk
league_750553d27f8a0926,2016-12-03,BUNDESLIGA,2016-17,LEAGUE,,Werder Bremen,Ingolstadt,2,1,H,Germany,Bundesliga,football-data.co.uk
league_5f7ceca55be3a8ff,2016-12-03,BUNDESLIGA,2016-17,LEAGUE,,Wolfsburg,Hertha,2,3,A,Germany,Bundesliga,football-data.co.uk
league_d9f1aa8af111cada,2016-12-04,BUNDESLIGA,2016-17,LEAGUE,,Augsburg,Eintracht Frankfurt,1,1,D,Germany,Bundesliga,football-data.co.uk
league_c9a87adaa6f17dfc,2016-12-04,BUNDESLIGA,2016-17,LEAGUE,,Darmstadt,Hamburg,0,2,A,Germany,Bundesliga,football-data.co.uk
league_49054520c8a0b84f,2016-12-09,BUNDESLIGA,2016-17,LEAGUE,,Eintracht Frankfurt,Hoffenheim,0,0,D,Germany,Bundesliga,football-data.co.uk
league_1e5aca0ab8678a42,2016-12-10,BUNDESLIGA,2016-17,LEAGUE,,FC Bayern München,Wolfsburg,5,0,H,Germany,Bundesliga,football-data.co.uk
league_8350107fcecae515,2016-12-10,BUNDESLIGA,2016-17,LEAGUE,,FC Koln,Borussia Dortmund,1,1,D,Germany,Bundesliga,football-data.co.uk
league_50ffcbc922a05972,2016-12-10,BUNDESLIGA,2016-17,LEAGUE,,Freiburg,Darmstadt,1,0,H,Germany,Bundesliga,football-data.co.uk
league_28f4f2df1f50d66d,2016-12-10,BUNDESLIGA,2016-17,LEAGUE,,Hamburg,Augsburg,1,0,H,Germany,Bundesliga,football-data.co.uk
league_7d69fe3f17ecfab0,2016-12-10,BUNDESLIGA,2016-17,LEAGUE,,Hertha,Werder Bremen,0,1,A,Germany,Bundesliga,football-data.co.uk
league_4a375e682fda902d,2016-12-10,BUNDESLIGA,2016-17,LEAGUE,,Ingolstadt,RB Leipzig,1,0,H,Germany,Bundesliga,football-data.co.uk
league_a2f3b3eead376fd9,2016-12-11,BUNDESLIGA,2016-17,LEAGUE,,Borussia Mönchengladbach,FSV Mainz 05,1,0,H,Germany,Bundesliga,football-data.co.uk
league_556bc5f2212508f0,2016-12-11,BUNDESLIGA,2016-17,LEAGUE,,FC Schalke 04,Bayer 04 Leverkusen,0,1,A,Germany,Bundesliga,football-data.co.uk
league_f34b2e00157f669f,2016-12-16,BUNDESLIGA,2016-17,LEAGUE,,Hoffenheim,Borussia Dortmund,2,2,D,Germany,Bundesliga,football-data.co.uk
league_eef55b360380f088,2016-12-17,BUNDESLIGA,2016-17,LEAGUE,,Augsburg,Borussia Mönchengladbach,1,0,H,Germany,Bundesliga,football-data.co.uk
league_b8b1aedfec4e71aa,2016-12-17,BUNDESLIGA,2016-17,LEAGUE,,FC Schalke 04,Freiburg,1,1,D,Germany,Bundesliga,football-data.co.uk
league_e2a8a03202455bf9,2016-12-17,BUNDESLIGA,2016-17,LEAGUE,,FSV Mainz 05,Hamburg,3,1,H,Germany,Bundesliga,football-data.co.uk
league_e52f7d6fecc5dd99,2016-12-17,BUNDESLIGA,2016-17,LEAGUE,,RB Leipzig,Hertha,2,0,H,Germany,Bundesliga,football-data.co.uk
league_34ac21f64b86fe5d,2016-12-17,BUNDESLIGA,2016-17,LEAGUE,,Werder Bremen,FC Koln,1,1,D,Germany,Bundesliga,football-data.co.uk
league_1809273b4716bd8c,2016-12-17,BUNDESLIGA,2016-17,LEAGUE,,Wolfsburg,Eintracht Frankfurt,1,0,H,Germany,Bundesliga,football-data.co.uk
league_13f18cf3d188c075,2016-12-18,BUNDESLIGA,2016-17,LEAGUE,,Bayer 04 Leverkusen,Ingolstadt,1,2,A,Germany,Bundesliga,football-data.co.uk
league_4e5a4c321d91255e,2016-12-18,BUNDESLIGA,2016-17,LEAGUE,,Darmstadt,FC Bayern München,0,1,A,Germany,Bundesliga,football-data.co.uk
league_91c1b29c64f040a4,2016-12-20,BUNDESLIGA,2016-17,LEAGUE,,Borussia Dortmund,Augsburg,1,1,D,Germany,Bundesliga,football-data.co.uk
league_889524d34953ba00,2016-12-20,BUNDESLIGA,2016-17,LEAGUE,,Borussia Mönchengladbach,Wolfsburg,1,2,A,Germany,Bundesliga,football-data.co.uk
league_7d75040e43236317,2016-12-20,BUNDESLIGA,2016-17,LEAGUE,,Eintracht Frankfurt,FSV Mainz 05,3,0,H,Germany,Bundesliga,football-data.co.uk
league_5e11260886d6f4be,2016-12-20,BUNDESLIGA,2016-17,LEAGUE,,Hamburg,FC Schalke 04,2,1,H,Germany,Bundesliga,football-data.co.uk
league_e3c34769b5c169ae,2016-12-21,BUNDESLIGA,2016-17,LEAGUE,,FC Bayern München,RB Leipzig,3,0,H,Germany,Bundesliga,football-data.co.uk
league_c7aac69d8bea2aeb,2016-12-21,BUNDESLIGA,2016-17,LEAGUE,,FC Koln,Bayer 04 Leverkusen,1,1,D,Germany,Bundesliga,football-data.co.uk
league_94a1b4bdd00f19ae,2016-12-21,BUNDESLIGA,2016-17,LEAGUE,,Hertha,Darmstadt,2,0,H,Germany,Bundesliga,football-data.co.uk
league_24e63cf5d18d8737,2016-12-21,BUNDESLIGA,2016-17,LEAGUE,,Hoffenheim,Werder Bremen,1,1,D,Germany,Bundesliga,football-data.co.uk
league_9b3db0199425acd8,2016-12-21,BUNDESLIGA,2016-17,LEAGUE,,Ingolstadt,Freiburg,1,2,A,Germany,Bundesliga,football-data.co.uk
league_f2ffeec17d48762d,2017-01-20,BUNDESLIGA,2016-17,LEAGUE,,Freiburg,FC Bayern München,1,2,A,Germany,Bundesliga,football-data.co.uk
league_5c06e21af813675c,2017-01-21,BUNDESLIGA,2016-17,LEAGUE,,Augsburg,Hoffenheim,0,2,A,Germany,Bundesliga,football-data.co.uk
league_943a8b3cafb7175b,2017-01-21,BUNDESLIGA,2016-17,LEAGUE,,Darmstadt,Borussia Mönchengladbach,0,0,D,Germany,Bundesliga,football-data.co.uk
league_ca15ac6bc1e7032f,2017-01-21,BUNDESLIGA,2016-17,LEAGUE,,FC Schalke 04,Ingolstadt,1,0,H,Germany,Bundesliga,football-data.co.uk
league_03c44f3e90adda78,2017-01-21,BUNDESLIGA,2016-17,LEAGUE,,RB Leipzig,Eintracht Frankfurt,3,0,H,Germany,Bundesliga,football-data.co.uk
league_a4f8e0bd0834a7a0,2017-01-21,BUNDESLIGA,2016-17,LEAGUE,,Werder Bremen,Borussia Dortmund,1,2,A,Germany,Bundesliga,football-data.co.uk
league_ad94903ca084f526,2017-01-21,BUNDESLIGA,2016-17,LEAGUE,,Wolfsburg,Hamburg,1,0,H,Germany,Bundesliga,football-data.co.uk
league_91d131cfcfeaf675,2017-01-22,BUNDESLIGA,2016-17,LEAGUE,,Bayer 04 Leverkusen,Hertha,3,1,H,Germany,Bundesliga,football-data.co.uk
league_92e4deca80a1e70a,2017-01-22,BUNDESLIGA,2016-17,LEAGUE,,FSV Mainz 05,FC Koln,0,0,D,Germany,Bundesliga,football-data.co.uk
league_55c71a3309987210,2017-01-27,BUNDESLIGA,2016-17,LEAGUE,,FC Schalke 04,Eintracht Frankfurt,0,1,A,Germany,Bundesliga,football-data.co.uk
league_cd44dfa280101c2a,2017-01-28,BUNDESLIGA,2016-17,LEAGUE,,Bayer 04 Leverkusen,Borussia Mönchengladbach,2,3,A,Germany,Bundesliga,football-data.co.uk
league_5b96bbb8bef5300f,2017-01-28,BUNDESLIGA,2016-17,LEAGUE,,Darmstadt,FC Koln,1,6,A,Germany,Bundesliga,football-data.co.uk
league_add26a6ece0a4bc4,2017-01-28,BUNDESLIGA,2016-17,LEAGUE,,Ingolstadt,Hamburg,3,1,H,Germany,Bundesliga,football-data.co.uk
league_cf1d1a99e46ce4b5,2017-01-28,BUNDESLIGA,2016-17,LEAGUE,,RB Leipzig,Hoffenheim,2,1,H,Germany,Bundesliga,football-data.co.uk
league_cab077b65d468935,2017-01-28,BUNDESLIGA,2016-17,LEAGUE,,Werder Bremen,FC Bayern München,1,2,A,Germany,Bundesliga,football-data.co.uk
league_9dd6db5372b16f98,2017-01-28,BUNDESLIGA,2016-17,LEAGUE,,Wolfsburg,Augsburg,1,2,A,Germany,Bundesliga,football-data.co.uk
league_14ec1c040699b317,2017-01-29,BUNDESLIGA,2016-17,LEAGUE,,FSV Mainz 05,Borussia Dortmund,1,1,D,Germany,Bundesliga,football-data.co.uk
league_d45bacdfcce663f6,2017-01-29,BUNDESLIGA,2016-17,LEAGUE,,Freiburg,Hertha,2,1,H,Germany,Bundesliga,football-data.co.uk
league_0385f1a19b6379a7,2017-02-03,BUNDESLIGA,2016-17,LEAGUE,,Hamburg,Bayer 04 Leverkusen,1,0,H,Germany,Bundesliga,football-data.co.uk
league_16cf01e50a71b419,2017-02-04,BUNDESLIGA,2016-17,LEAGUE,,Borussia Dortmund,RB Leipzig,1,0,H,Germany,Bundesliga,football-data.co.uk
league_ea93188689470071,2017-02-04,BUNDESLIGA,2016-17,LEAGUE,,Borussia Mönchengladbach,Freiburg,3,0,H,Germany,Bundesliga,football-data.co.uk
league_6b693b4c59bd2f3e,2017-02-04,BUNDESLIGA,2016-17,LEAGUE,,FC Bayern München,FC Schalke 04,1,1,D,Germany,Bundesliga,football-data.co.uk
league_1a1e3961e072ff00,2017-02-04,BUNDESLIGA,2016-17,LEAGUE,,FC Koln,Wolfsburg,1,0,H,Germany,Bundesliga,football-data.co.uk
league_dc82bdef76b3f732,2017-02-04,BUNDESLIGA,2016-17,LEAGUE,,Hertha,Ingolstadt,1,0,H,Germany,Bundesliga,football-data.co.uk
league_5430cd30f9c472d6,2017-02-04,BUNDESLIGA,2016-17,LEAGUE,,Hoffenheim,FSV Mainz 05,4,0,H,Germany,Bundesliga,football-data.co.uk
league_0093889556934a60,2017-02-05,BUNDESLIGA,2016-17,LEAGUE,,Augsburg,Werder Bremen,3,2,H,Germany,Bundesliga,football-data.co.uk
league_0ed0ffce5fe5b276,2017-02-05,BUNDESLIGA,2016-17,LEAGUE,,Eintracht Frankfurt,Darmstadt,2,0,H,Germany,Bundesliga,football-data.co.uk
league_1e8ecbc7f858fe9c,2017-02-10,BUNDESLIGA,2016-17,LEAGUE,,FSV Mainz 05,Augsburg,2,0,H,Germany,Bundesliga,football-data.co.uk
league_c4651a5c00325217,2017-02-11,BUNDESLIGA,2016-17,LEAGUE,,Bayer 04 Leverkusen,Eintracht Frankfurt,3,0,H,Germany,Bundesliga,football-data.co.uk
league_3396ea1ba2ac24e6,2017-02-11,BUNDESLIGA,2016-17,LEAGUE,,Darmstadt,Borussia Dortmund,2,1,H,Germany,Bundesliga,football-data.co.uk
league_982aad6c5c96b6ee,2017-02-11,BUNDESLIGA,2016-17,LEAGUE,,FC Schalke 04,Hertha,2,0,H,Germany,Bundesliga,football-data.co.uk
league_1fa8deff93c61757,2017-02-11,BUNDESLIGA,2016-17,LEAGUE,,Ingolstadt,FC Bayern München,0,2,A,Germany,Bundesliga,football-data.co.uk
league_7009d2f0fd8c57ba,2017-02-11,BUNDESLIGA,2016-17,LEAGUE,,RB Leipzig,Hamburg,0,3,A,Germany,Bundesliga,football-data.co.uk
league_830e7c5d17f24aee,2017-02-11,BUNDESLIGA,2016-17,LEAGUE,,Werder Bremen,Borussia Mönchengladbach,0,1,A,Germany,Bundesliga,football-data.co.uk
league_e384397d50a9f5a8,2017-02-12,BUNDESLIGA,2016-17,LEAGUE,,Freiburg,FC Koln,2,1,H,Germany,Bundesliga,football-data.co.uk
league_23468ff07bade909,2017-02-12,BUNDESLIGA,2016-17,LEAGUE,,Wolfsburg,Hoffenheim,2,1,H,Germany,Bundesliga,football-data.co.uk
league_6e181e47e1a75f3d,2017-02-17,BUNDESLIGA,2016-17,LEAGUE,,Augsburg,Bayer 04 Leverkusen,1,3,A,Germany,Bundesliga,football-data.co.uk
league_247389799382dd7f,2017-02-18,BUNDESLIGA,2016-17,LEAGUE,,Borussia Dortmund,Wolfsburg,3,0,H,Germany,Bundesliga,football-data.co.uk
league_d0a4633fc54ad582,2017-02-18,BUNDESLIGA,2016-17,LEAGUE,,Eintracht Frankfurt,Ingolstadt,0,2,A,Germany,Bundesliga,football-data.co.uk
league_ad8a5c9a88f14613,2017-02-18,BUNDESLIGA,2016-17,LEAGUE,,FSV Mainz 05,Werder Bremen,0,2,A,Germany,Bundesliga,football-data.co.uk
league_af61e2b1a33e18cb,2017-02-18,BUNDESLIGA,2016-17,LEAGUE,,Hamburg,Freiburg,2,2,D,Germany,Bundesliga,football-data.co.uk
league_134e2b150982d0dc,2017-02-18,BUNDESLIGA,2016-17,LEAGUE,,Hertha,FC Bayern München,1,1,D,Germany,Bundesliga,football-data.co.uk
league_1a4a6d56e87b4013,2017-02-18,BUNDESLIGA,2016-17,LEAGUE,,Hoffenheim,Darmstadt,2,0,H,Germany,Bundesliga,football-data.co.uk
league_bb6a9954587ec2c9,2017-02-19,BUNDESLIGA,2016-17,LEAGUE,,Borussia Mönchengladbach,RB Leipzig,1,2,A,Germany,Bundesliga,football-data.co.uk
league_9149c2f7c1fce6cc,2017-02-19,BUNDESLIGA,2016-17,LEAGUE,,FC Koln,FC Schalke 04,1,1,D,Germany,Bundesliga,football-data.co.uk
league_91a13f0dc8e88f93,2017-02-24,BUNDESLIGA,2016-17,LEAGUE,,Wolfsburg,Werder Bremen,1,2,A,Germany,Bundesliga,football-data.co.uk
league_f26feca837e7753b,2017-02-25,BUNDESLIGA,2016-17,LEAGUE,,Bayer 04 Leverkusen,FSV Mainz 05,0,2,A,Germany,Bundesliga,football-data.co.uk
league_b0c852b162fc60b5,2017-02-25,BUNDESLIGA,2016-17,LEAGUE,,Darmstadt,Augsburg,1,2,A,Germany,Bundesliga,football-data.co.uk
league_34232170e2ec4dfd,2017-02-25,BUNDESLIGA,2016-17,LEAGUE,,FC Bayern München,Hamburg,8,0,H,Germany,Bundesliga,football-data.co.uk
league_e69574757f3cb70c,2017-02-25,BUNDESLIGA,2016-17,LEAGUE,,Freiburg,Borussia Dortmund,0,3,A,Germany,Bundesliga,football-data.co.uk
league_b59100125b23c522,2017-02-25,BUNDESLIGA,2016-17,LEAGUE,,Hertha,Eintracht Frankfurt,2,0,H,Germany,Bundesliga,football-data.co.uk
league_d969a7329f3e3291,2017-02-25,BUNDESLIGA,2016-17,LEAGUE,,RB Leipzig,FC Koln,3,1,H,Germany,Bundesliga,football-data.co.uk
league_470a39ff36309425,2017-02-26,BUNDESLIGA,2016-17,LEAGUE,,FC Schalke 04,Hoffenheim,1,1,D,Germany,Bundesliga,football-data.co.uk
league_0681731691d2996a,2017-02-26,BUNDESLIGA,2016-17,LEAGUE,,Ingolstadt,Borussia Mönchengladbach,0,2,A,Germany,Bundesliga,football-data.co.uk
league_23d3f51748ca0ce8,2017-03-03,BUNDESLIGA,2016-17,LEAGUE,,Augsburg,RB Leipzig,2,2,D,Germany,Bundesliga,football-data.co.uk
league_f9d6c8312d3b8fc0,2017-03-04,BUNDESLIGA,2016-17,LEAGUE,,Borussia Dortmund,Bayer 04 Leverkusen,6,2,H,Germany,Bundesliga,football-data.co.uk
league_b4dcaf7ba2403aaa,2017-03-04,BUNDESLIGA,2016-17,LEAGUE,,Borussia Mönchengladbach,FC Schalke 04,4,2,H,Germany,Bundesliga,football-data.co.uk
league_36a5724cb06f014b,2017-03-04,BUNDESLIGA,2016-17,LEAGUE,,FC Koln,FC Bayern München,0,3,A,Germany,Bundesliga,football-data.co.uk
league_63534f8d0b7d7e02,2017-03-04,BUNDESLIGA,2016-17,LEAGUE,,FSV Mainz 05,Wolfsburg,1,1,D,Germany,Bundesliga,football-data.co.uk
league_2eed2d0229e0a202,2017-03-04,BUNDESLIGA,2016-17,LEAGUE,,Hoffenheim,Ingolstadt,5,2,H,Germany,Bundesliga,football-data.co.uk
league_19d0bdbebab91453,2017-03-04,BUNDESLIGA,2016-17,LEAGUE,,Werder Bremen,Darmstadt,2,0,H,Germany,Bundesliga,football-data.co.uk
league_2465190194bb4838,2017-03-05,BUNDESLIGA,2016-17,LEAGUE,,Eintracht Frankfurt,Freiburg,1,2,A,Germany,Bundesliga,football-data.co.uk
league_df4757fb202f3b0d,2017-03-05,BUNDESLIGA,2016-17,LEAGUE,,Hamburg,Hertha,1,0,H,Germany,Bundesliga,football-data.co.uk
league_b508cc33ae5d4737,2017-03-10,BUNDESLIGA,2016-17,LEAGUE,,Bayer 04 Leverkusen,Werder Bremen,1,1,D,Germany,Bundesliga,football-data.co.uk
league_2c6a5623535c0a4b,2017-03-11,BUNDESLIGA,2016-17,LEAGUE,,Darmstadt,FSV Mainz 05,2,1,H,Germany,Bundesliga,football-data.co.uk
league_2957c7babf208f6c,2017-03-11,BUNDESLIGA,2016-17,LEAGUE,,FC Bayern München,Eintracht Frankfurt,3,0,H,Germany,Bundesliga,football-data.co.uk
league_a180b7542232f9c3,2017-03-11,BUNDESLIGA,2016-17,LEAGUE,,Freiburg,Hoffenheim,1,1,D,Germany,Bundesliga,football-data.co.uk
league_1139d4ef01838fd1,2017-03-11,BUNDESLIGA,2016-17,LEAGUE,,Hertha,Borussia Dortmund,2,1,H,Germany,Bundesliga,football-data.co.uk
league_36066822241b903e,2017-03-11,BUNDESLIGA,2016-17,LEAGUE,,Ingolstadt,FC Koln,2,2,D,Germany,Bundesliga,football-data.co.uk
league_14cfcb84bb8ecd1a,2017-03-11,BUNDESLIGA,2016-17,LEAGUE,,RB Leipzig,Wolfsburg,0,1,A,Germany,Bundesliga,football-data.co.uk
league_5f4a3ce360647b37,2017-03-12,BUNDESLIGA,2016-17,LEAGUE,,FC Schalke 04,Augsburg,3,0,H,Germany,Bundesliga,football-data.co.uk
league_ee2cb4659cae1e06,2017-03-12,BUNDESLIGA,2016-17,LEAGUE,,Hamburg,Borussia Mönchengladbach,2,1,H,Germany,Bundesliga,football-data.co.uk
league_4e491e6ebdc42c15,2017-03-17,BUNDESLIGA,2016-17,LEAGUE,,Borussia Dortmund,Ingolstadt,1,0,H,Germany,Bundesliga,football-data.co.uk
league_d8ca6bb5563a3e48,2017-03-18,BUNDESLIGA,2016-17,LEAGUE,,Augsburg,Freiburg,1,1,D,Germany,Bundesliga,football-data.co.uk
league_9a89ea1882dc36e8,2017-03-18,BUNDESLIGA,2016-17,LEAGUE,,Eintracht Frankfurt,Hamburg,0,0,D,Germany,Bundesliga,football-data.co.uk
league_4fe9826a7f13589d,2017-03-18,BUNDESLIGA,2016-17,LEAGUE,,FC Koln,Hertha,4,2,H,Germany,Bundesliga,football-data.co.uk
league_e711637e8942b1c5,2017-03-18,BUNDESLIGA,2016-17,LEAGUE,,Hoffenheim,Bayer 04 Leverkusen,1,0,H,Germany,Bundesliga,football-data.co.uk
league_5481a6bc8faa25f2,2017-03-18,BUNDESLIGA,2016-17,LEAGUE,,Werder Bremen,RB Leipzig,3,0,H,Germany,Bundesliga,football-data.co.uk
league_f08c47995dbc704e,2017-03-18,BUNDESLIGA,2016-17,LEAGUE,,Wolfsburg,Darmstadt,1,0,H,Germany,Bundesliga,football-data.co.uk
league_95c1fd3d5c8a0ba0,2017-03-19,BUNDESLIGA,2016-17,LEAGUE,,Borussia Mönchengladbach,FC Bayern München,0,1,A,Germany,Bundesliga,football-data.co.uk
league_a18fbbd1699d586f,2017-03-19,BUNDESLIGA,2016-17,LEAGUE,,FSV Mainz 05,FC Schalke 04,0,1,A,Germany,Bundesliga,football-data.co.uk
league_9788c43e3dd26f07,2017-03-31,BUNDESLIGA,2016-17,LEAGUE,,Hertha,Hoffenheim,1,3,A,Germany,Bundesliga,football-data.co.uk
league_7a27b5949aa6aaf9,2017-04-01,BUNDESLIGA,2016-17,LEAGUE,,Eintracht Frankfurt,Borussia Mönchengladbach,0,0,D,Germany,Bundesliga,football-data.co.uk
league_644b1c2e5436a815,2017-04-01,BUNDESLIGA,2016-17,LEAGUE,,FC Bayern München,Augsburg,6,0,H,Germany,Bundesliga,football-data.co.uk
league_214c856e3bccd9de,2017-04-01,BUNDESLIGA,2016-17,LEAGUE,,FC Schalke 04,Borussia Dortmund,1,1,D,Germany,Bundesliga,football-data.co.uk
league_b9ab509c6e7b0cf1,2017-04-01,BUNDESLIGA,2016-17,LEAGUE,,Freiburg,Werder Bremen,2,5,A,Germany,Bundesliga,football-data.co.uk
league_d9435ca5ad87a676,2017-04-01,BUNDESLIGA,2016-17,LEAGUE,,Hamburg,FC Koln,2,1,H,Germany,Bundesliga,football-data.co.uk
league_3d4f5e388c884b3d,2017-04-01,BUNDESLIGA,2016-17,LEAGUE,,RB Leipzig,Darmstadt,4,0,H,Germany,Bundesliga,football-data.co.uk
league_a8c437603ea9fa41,2017-04-02,BUNDESLIGA,2016-17,LEAGUE,,Bayer 04 Leverkusen,Wolfsburg,3,3,D,Germany,Bundesliga,football-data.co.uk
league_1fdbde9f3a6dfef7,2017-04-02,BUNDESLIGA,2016-17,LEAGUE,,Ingolstadt,FSV Mainz 05,2,1,H,Germany,Bundesliga,football-data.co.uk
league_f50beefae43c455d,2017-04-04,BUNDESLIGA,2016-17,LEAGUE,,Borussia Dortmund,Hamburg,3,0,H,Germany,Bundesliga,football-data.co.uk
league_e9d22705c274a122,2017-04-04,BUNDESLIGA,2016-17,LEAGUE,,FC Koln,Eintracht Frankfurt,1,0,H,Germany,Bundesliga,football-data.co.uk
league_eb80d8bfb3752f4e,2017-04-04,BUNDESLIGA,2016-17,LEAGUE,,Hoffenheim,FC Bayern München,1,0,H,Germany,Bundesliga,football-data.co.uk
league_0b077dcfaac562e9,2017-04-04,BUNDESLIGA,2016-17,LEAGUE,,Werder Bremen,FC Schalke 04,3,0,H,Germany,Bundesliga,football-data.co.uk
league_3e3c5dc21339459f,2017-04-05,BUNDESLIGA,2016-17,LEAGUE,,Augsburg,Ingolstadt,2,3,A,Germany,Bundesliga,football-data.co.uk
league_f07fd31bceaffa9d,2017-04-05,BUNDESLIGA,2016-17,LEAGUE,,Borussia Mönchengladbach,Hertha,1,0,H,Germany,Bundesliga,football-data.co.uk
league_97b7f31686b81f1b,2017-04-05,BUNDESLIGA,2016-17,LEAGUE,,Darmstadt,Bayer 04 Leverkusen,0,2,A,Germany,Bundesliga,football-data.co.uk
league_75ec373b6048684a,2017-04-05,BUNDESLIGA,2016-17,LEAGUE,,FSV Mainz 05,RB Leipzig,2,3,A,Germany,Bundesliga,football-data.co.uk
league_fa6ca090c2803081,2017-04-05,BUNDESLIGA,2016-17,LEAGUE,,Wolfsburg,Freiburg,0,1,A,Germany,Bundesliga,football-data.co.uk
league_5634966b652f3009,2017-04-07,BUNDESLIGA,2016-17,LEAGUE,,Eintracht Frankfurt,Werder Bremen,2,2,D,Germany,Bundesliga,football-data.co.uk
league_e4b32cc675b0420a,2017-04-08,BUNDESLIGA,2016-17,LEAGUE,,FC Bayern München,Borussia Dortmund,4,1,H,Germany,Bundesliga,football-data.co.uk
league_146dee1b3c8f1d8b,2017-04-08,BUNDESLIGA,2016-17,LEAGUE,,FC Koln,Borussia Mönchengladbach,2,3,A,Germany,Bundesliga,football-data.co.uk
league_cdea9b1f0022d21b,2017-04-08,BUNDESLIGA,2016-17,LEAGUE,,FC Schalke 04,Wolfsburg,4,1,H,Germany,Bundesliga,football-data.co.uk
league_0f16f293d8260342,2017-04-08,BUNDESLIGA,2016-17,LEAGUE,,Freiburg,FSV Mainz 05,1,0,H,Germany,Bundesliga,football-data.co.uk
league_4e2f43d5730536fb,2017-04-08,BUNDESLIGA,2016-17,LEAGUE,,Hamburg,Hoffenheim,2,1,H,Germany,Bundesliga,football-data.co.uk
league_479a427a0a2e07af,2017-04-08,BUNDESLIGA,2016-17,LEAGUE,,RB Leipzig,Bayer 04 Leverkusen,1,0,H,Germany,Bundesliga,football-data.co.uk
league_5df217b915ddcb06,2017-04-09,BUNDESLIGA,2016-17,LEAGUE,,Hertha,Augsburg,2,0,H,Germany,Bundesliga,football-data.co.uk
league_7038d1cdfb484586,2017-04-09,BUNDESLIGA,2016-17,LEAGUE,,Ingolstadt,Darmstadt,3,2,H,Germany,Bundesliga,football-data.co.uk
league_8f880dab8dabe920,2017-04-15,BUNDESLIGA,2016-17,LEAGUE,,Augsburg,FC Koln,2,1,H,Germany,Bundesliga,football-data.co.uk
league_ef1967a884950aa5,2017-04-15,BUNDESLIGA,2016-17,LEAGUE,,Bayer 04 Leverkusen,FC Bayern München,0,0,D,Germany,Bundesliga,football-data.co.uk
league_7dc5dcc0c599b75f,2017-04-15,BUNDESLIGA,2016-17,LEAGUE,,Borussia Dortmund,Eintracht Frankfurt,3,1,H,Germany,Bundesliga,football-data.co.uk
league_9661c54abebe53df,2017-04-15,BUNDESLIGA,2016-17,LEAGUE,,FSV Mainz 05,Hertha,1,0,H,Germany,Bundesliga,football-data.co.uk
league_d966adee586d5462,2017-04-15,BUNDESLIGA,2016-17,LEAGUE,,Hoffenheim,Borussia Mönchengladbach,5,3,H,Germany,Bundesliga,football-data.co.uk
league_055be8232d9bb11a,2017-04-15,BUNDESLIGA,2016-17,LEAGUE,,RB Leipzig,Freiburg,4,0,H,Germany,Bundesliga,football-data.co.uk
league_9fcd37b657d1b304,2017-04-15,BUNDESLIGA,2016-17,LEAGUE,,Wolfsburg,Ingolstadt,3,0,H,Germany,Bundesliga,football-data.co.uk
league_237cbce02dcd6573,2017-04-16,BUNDESLIGA,2016-17,LEAGUE,,Darmstadt,FC Schalke 04,2,1,H,Germany,Bundesliga,football-data.co.uk
league_81c49454a171bbe3,2017-04-16,BUNDESLIGA,2016-17,LEAGUE,,Werder Bremen,Hamburg,2,1,H,Germany,Bundesliga,football-data.co.uk
league_adc371070c3f2499,2017-04-21,BUNDESLIGA,2016-17,LEAGUE,,FC Koln,Hoffenheim,1,1,D,Germany,Bundesliga,football-data.co.uk
league_06dae3a455023b35,2017-04-22,BUNDESLIGA,2016-17,LEAGUE,,Borussia Mönchengladbach,Borussia Dortmund,2,3,A,Germany,Bundesliga,football-data.co.uk
league_865909dc9595a315,2017-04-22,BUNDESLIGA,2016-17,LEAGUE,,Eintracht Frankfurt,Augsburg,3,1,H,Germany,Bundesliga,football-data.co.uk
league_a22c00fb1469ef18,2017-04-22,BUNDESLIGA,2016-17,LEAGUE,,FC Bayern München,FSV Mainz 05,2,2,D,Germany,Bundesliga,football-data.co.uk
league_e789f228c6cfe572,2017-04-22,BUNDESLIGA,2016-17,LEAGUE,,Hamburg,Darmstadt,1,2,A,Germany,Bundesliga,football-data.co.uk
league_9a231e88586552f3,2017-04-22,BUNDESLIGA,2016-17,LEAGUE,,Hertha,Wolfsburg,1,0,H,Germany,Bundesliga,football-data.co.uk
league_4e9cf71e5a0b3789,2017-04-22,BUNDESLIGA,2016-17,LEAGUE,,Ingolstadt,Werder Bremen,2,4,A,Germany,Bundesliga,football-data.co.uk
league_42b346045f3bbbd5,2017-04-23,BUNDESLIGA,2016-17,LEAGUE,,FC Schalke 04,RB Leipzig,1,1,D,Germany,Bundesliga,football-data.co.uk
league_ee86b05556ce8c91,2017-04-23,BUNDESLIGA,2016-17,LEAGUE,,Freiburg,Bayer 04 Leverkusen,2,1,H,Germany,Bundesliga,football-data.co.uk
league_b1db9cc7a942549f,2017-04-28,BUNDESLIGA,2016-17,LEAGUE,,Bayer 04 Leverkusen,FC Schalke 04,1,4,A,Germany,Bundesliga,football-data.co.uk
league_71c0199ba3a03b57,2017-04-29,BUNDESLIGA,2016-17,LEAGUE,,Borussia Dortmund,FC Koln,0,0,D,Germany,Bundesliga,football-data.co.uk
league_3d564df162348385,2017-04-29,BUNDESLIGA,2016-17,LEAGUE,,Darmstadt,Freiburg,3,0,H,Germany,Bundesliga,football-data.co.uk
league_07f9ca85d256662e,2017-04-29,BUNDESLIGA,2016-17,LEAGUE,,FSV Mainz 05,Borussia Mönchengladbach,1,2,A,Germany,Bundesliga,football-data.co.uk
league_831f7999507c52db,2017-04-29,BUNDESLIGA,2016-17,LEAGUE,,RB Leipzig,Ingolstadt,0,0,D,Germany,Bundesliga,football-data.co.uk
league_6425112c4c60aff5,2017-04-29,BUNDESLIGA,2016-17,LEAGUE,,Werder Bremen,Hertha,2,0,H,Germany,Bundesliga,football-data.co.uk
league_ea9d398fec422b22,2017-04-29,BUNDESLIGA,2016-17,LEAGUE,,Wolfsburg,FC Bayern München,0,6,A,Germany,Bundesliga,football-data.co.uk
league_acc59d9ab741267f,2017-04-30,BUNDESLIGA,2016-17,LEAGUE,,Augsburg,Hamburg,4,0,H,Germany,Bundesliga,football-data.co.uk
league_eda7af428cafa6e8,2017-04-30,BUNDESLIGA,2016-17,LEAGUE,,Hoffenheim,Eintracht Frankfurt,1,0,H,Germany,Bundesliga,football-data.co.uk
league_a6d0082edca07efa,2017-05-05,BUNDESLIGA,2016-17,LEAGUE,,FC Koln,Werder Bremen,4,3,H,Germany,Bundesliga,football-data.co.uk
league_9079c8b1f4badd5b,2017-05-06,BUNDESLIGA,2016-17,LEAGUE,,Borussia Dortmund,Hoffenheim,2,1,H,Germany,Bundesliga,football-data.co.uk
league_9161715e3ca3302f,2017-05-06,BUNDESLIGA,2016-17,LEAGUE,,Borussia Mönchengladbach,Augsburg,1,1,D,Germany,Bundesliga,football-data.co.uk
league_abd1592b67090353,2017-05-06,BUNDESLIGA,2016-17,LEAGUE,,Eintracht Frankfurt,Wolfsburg,0,2,A,Germany,Bundesliga,football-data.co.uk
league_df0d5a12cca564bf,2017-05-06,BUNDESLIGA,2016-17,LEAGUE,,FC Bayern München,Darmstadt,1,0,H,Germany,Bundesliga,football-data.co.uk
league_ad964c02ca4e87ce,2017-05-06,BUNDESLIGA,2016-17,LEAGUE,,Hertha,RB Leipzig,1,4,A,Germany,Bundesliga,football-data.co.uk
league_840991a6224a2161,2017-05-06,BUNDESLIGA,2016-17,LEAGUE,,Ingolstadt,Bayer 04 Leverkusen,1,1,D,Germany,Bundesliga,football-data.co.uk
league_97f962f41e89cd06,2017-05-07,BUNDESLIGA,2016-17,LEAGUE,,Freiburg,FC Schalke 04,2,0,H,Germany,Bundesliga,football-data.co.uk
league_ba430e0db2028933,2017-05-07,BUNDESLIGA,2016-17,LEAGUE,,Hamburg,FSV Mainz 05,0,0,D,Germany,Bundesliga,football-data.co.uk
league_0ad80f4a1f4a4ddf,2017-05-13,BUNDESLIGA,2016-17,LEAGUE,,Augsburg,Borussia Dortmund,1,1,D,Germany,Bundesliga,football-data.co.uk
league_f98c5050d9142e7b,2017-05-13,BUNDESLIGA,2016-17,LEAGUE,,Bayer 04 Leverkusen,FC Koln,2,2,D,Germany,Bundesliga,football-data.co.uk
league_47f3fd0c2a2e6560,2017-05-13,BUNDESLIGA,2016-17,LEAGUE,,Darmstadt,Hertha,0,2,A,Germany,Bundesliga,football-data.co.uk
league_b917b518d67f7a51,2017-05-13,BUNDESLIGA,2016-17,LEAGUE,,FC Schalke 04,Hamburg,1,1,D,Germany,Bundesliga,football-data.co.uk
league_959bf23439c36577,2017-05-13,BUNDESLIGA,2016-17,LEAGUE,,FSV Mainz 05,Eintracht Frankfurt,4,2,H,Germany,Bundesliga,football-data.co.uk
league_0f4d8499e4467155,2017-05-13,BUNDESLIGA,2016-17,LEAGUE,,Freiburg,Ingolstadt,1,1,D,Germany,Bundesliga,football-data.co.uk
league_84c250366447f20e,2017-05-13,BUNDESLIGA,2016-17,LEAGUE,,RB Leipzig,FC Bayern München,4,5,A,Germany,Bundesliga,football-data.co.uk
league_f804ae961fe6861d,2017-05-13,BUNDESLIGA,2016-17,LEAGUE,,Werder Bremen,Hoffenheim,3,5,A,Germany,Bundesliga,football-data.co.uk
league_a19c756c2e62ffb6,2017-05-13,BUNDESLIGA,2016-17,LEAGUE,,Wolfsburg,Borussia Mönchengladbach,1,1,D,Germany,Bundesliga,football-data.co.uk
league_2d2e544aa99bfe94,2017-05-20,BUNDESLIGA,2016-17,LEAGUE,,Borussia Dortmund,Werder Bremen,4,3,H,Germany,Bundesliga,football-data.co.uk
league_721a186f25ea9c09,2017-05-20,BUNDESLIGA,2016-17,LEAGUE,,Borussia Mönchengladbach,Darmstadt,2,2,D,Germany,Bundesliga,football-data.co.uk
league_69788fb163a28bfc,2017-05-20,BUNDESLIGA,2016-17,LEAGUE,,Eintracht Frankfurt,RB Leipzig,2,2,D,Germany,Bundesliga,football-data.co.uk
league_48852b1832c269f5,2017-05-20,BUNDESLIGA,2016-17,LEAGUE,,FC Bayern München,Freiburg,4,1,H,Germany,Bundesliga,football-data.co.uk
league_26b762efc82b134a,2017-05-20,BUNDESLIGA,2016-17,LEAGUE,,FC Koln,FSV Mainz 05,2,0,H,Germany,Bundesliga,football-data.co.uk
league_176d5b304e617b80,2017-05-20,BUNDESLIGA,2016-17,LEAGUE,,Hamburg,Wolfsburg,2,1,H,Germany,Bundesliga,football-data.co.uk
league_7bf5a8ad9106fe21,2017-05-20,BUNDESLIGA,2016-17,LEAGUE,,Hertha,Bayer 04 Leverkusen,2,6,A,Germany,Bundesliga,football-data.co.uk
league_f1641c9a4261f53f,2017-05-20,BUNDESLIGA,2016-17,LEAGUE,,Hoffenheim,Augsburg,0,0,D,Germany,Bundesliga,football-data.co.uk
league_dfdce94e9d584a63,2017-05-20,BUNDESLIGA,2016-17,LEAGUE,,Ingolstadt,FC Schalke 04,1,1,D,Germany,Bundesliga,football-data.co.uk
league_defa0314dff0b163,2017-08-18,BUNDESLIGA,2017-18,LEAGUE,,FC Bayern München,Bayer 04 Leverkusen,3,1,H,Germany,Bundesliga,football-data.co.uk
league_dbee5ceafe07b21e,2017-08-19,BUNDESLIGA,2017-18,LEAGUE,,FC Schalke 04,RB Leipzig,2,0,H,Germany,Bundesliga,football-data.co.uk
league_5a28dab677e56ca7,2017-08-19,BUNDESLIGA,2017-18,LEAGUE,,FSV Mainz 05,Hannover,0,1,A,Germany,Bundesliga,football-data.co.uk
league_d62ddd7555d5418d,2017-08-19,BUNDESLIGA,2017-18,LEAGUE,,Hamburg,Augsburg,1,0,H,Germany,Bundesliga,football-data.co.uk
league_9db41c3f3d919f53,2017-08-19,BUNDESLIGA,2017-18,LEAGUE,,Hertha,Stuttgart,2,0,H,Germany,Bundesliga,football-data.co.uk
league_2c270c541f3b44b1,2017-08-19,BUNDESLIGA,2017-18,LEAGUE,,Hoffenheim,Werder Bremen,1,0,H,Germany,Bundesliga,football-data.co.uk
league_1407a5b3d4e8c643,2017-08-19,BUNDESLIGA,2017-18,LEAGUE,,Wolfsburg,Borussia Dortmund,0,3,A,Germany,Bundesliga,football-data.co.uk
league_229cff5dd0f468e2,2017-08-20,BUNDESLIGA,2017-18,LEAGUE,,Borussia Mönchengladbach,FC Koln,1,0,H,Germany,Bundesliga,football-data.co.uk
league_34384be0eed7d3c5,2017-08-20,BUNDESLIGA,2017-18,LEAGUE,,Freiburg,Eintracht Frankfurt,0,0,D,Germany,Bundesliga,football-data.co.uk
league_dca53bb3e6f51e71,2017-08-25,BUNDESLIGA,2017-18,LEAGUE,,FC Koln,Hamburg,1,3,A,Germany,Bundesliga,football-data.co.uk
league_515a4c9ff4e8541b,2017-08-26,BUNDESLIGA,2017-18,LEAGUE,,Augsburg,Borussia Mönchengladbach,2,2,D,Germany,Bundesliga,football-data.co.uk
league_eaac48a055a2e43c,2017-08-26,BUNDESLIGA,2017-18,LEAGUE,,Bayer 04 Leverkusen,Hoffenheim,2,2,D,Germany,Bundesliga,football-data.co.uk
league_1c9055a582f98a9d,2017-08-26,BUNDESLIGA,2017-18,LEAGUE,,Borussia Dortmund,Hertha,2,0,H,Germany,Bundesliga,football-data.co.uk
league_860c160f6c94aca6,2017-08-26,BUNDESLIGA,2017-18,LEAGUE,,Eintracht Frankfurt,Wolfsburg,0,1,A,Germany,Bundesliga,football-data.co.uk
league_2e0309a46ac8e433,2017-08-26,BUNDESLIGA,2017-18,LEAGUE,,Stuttgart,FSV Mainz 05,1,0,H,Germany,Bundesliga,football-data.co.uk
league_0367b9ba96b88b7c,2017-08-26,BUNDESLIGA,2017-18,LEAGUE,,Werder Bremen,FC Bayern München,0,2,A,Germany,Bundesliga,football-data.co.uk
league_9c08c28deb233de1,2017-08-27,BUNDESLIGA,2017-18,LEAGUE,,Hannover,FC Schalke 04,1,0,H,Germany,Bundesliga,football-data.co.uk
league_a8e76a2aae7a2e22,2017-08-27,BUNDESLIGA,2017-18,LEAGUE,,RB Leipzig,Freiburg,4,1,H,Germany,Bundesliga,football-data.co.uk
league_e8d9efcd448cecb4,2017-09-08,BUNDESLIGA,2017-18,LEAGUE,,Hamburg,RB Leipzig,0,2,A,Germany,Bundesliga,football-data.co.uk
league_b7d6ce53aac856f1,2017-09-09,BUNDESLIGA,2017-18,LEAGUE,,Augsburg,FC Koln,3,0,H,Germany,Bundesliga,football-data.co.uk
league_1b4a169698928c14,2017-09-09,BUNDESLIGA,2017-18,LEAGUE,,Borussia Mönchengladbach,Eintracht Frankfurt,0,1,A,Germany,Bundesliga,football-data.co.uk
league_e994afd4ceddf2c8,2017-09-09,BUNDESLIGA,2017-18,LEAGUE,,FSV Mainz 05,Bayer 04 Leverkusen,3,1,H,Germany,Bundesliga,football-data.co.uk
league_6e4378f3f2b4ca3b,2017-09-09,BUNDESLIGA,2017-18,LEAGUE,,Freiburg,Borussia Dortmund,0,0,D,Germany,Bundesliga,football-data.co.uk
league_52753389139beb26,2017-09-09,BUNDESLIGA,2017-18,LEAGUE,,Hoffenheim,FC Bayern München,2,0,H,Germany,Bundesliga,football-data.co.uk
league_5a68ab334a5e9287,2017-09-09,BUNDESLIGA,2017-18,LEAGUE,,Wolfsburg,Hannover,1,1,D,Germany,Bundesliga,football-data.co.uk
league_a18c4ee007bc47d7,2017-09-10,BUNDESLIGA,2017-18,LEAGUE,,FC Schalke 04,Stuttgart,3,1,H,Germany,Bundesliga,football-data.co.uk
league_52285cef49ce4e49,2017-09-10,BUNDESLIGA,2017-18,LEAGUE,,Hertha,Werder Bremen,1,1,D,Germany,Bundesliga,football-data.co.uk
league_53de035b2eb612e3,2017-09-15,BUNDESLIGA,2017-18,LEAGUE,,Hannover,Hamburg,2,0,H,Germany,Bundesliga,football-data.co.uk
league_d2ebdc2a224a2e43,2017-09-16,BUNDESLIGA,2017-18,LEAGUE,,Eintracht Frankfurt,Augsburg,1,2,A,Germany,Bundesliga,football-data.co.uk
league_fec39a9c684ba89d,2017-09-16,BUNDESLIGA,2017-18,LEAGUE,,FC Bayern München,FSV Mainz 05,4,0,H,Germany,Bundesliga,football-data.co.uk
league_f60692d57edf6afc,2017-09-16,BUNDESLIGA,2017-18,LEAGUE,,RB Leipzig,Borussia Mönchengladbach,2,2,D,Germany,Bundesliga,football-data.co.uk
league_75447bdb23c856ae,2017-09-16,BUNDESLIGA,2017-18,LEAGUE,,Stuttgart,Wolfsburg,1,0,H,Germany,Bundesliga,football-data.co.uk
league_f014445086b2949b,2017-09-16,BUNDESLIGA,2017-18,LEAGUE,,Werder Bremen,FC Schalke 04,1,2,A,Germany,Bundesliga,football-data.co.uk
league_ab427e4a3c16d1b9,2017-09-17,BUNDESLIGA,2017-18,LEAGUE,,Bayer 04 Leverkusen,Freiburg,4,0,H,Germany,Bundesliga,football-data.co.uk
league_10a0fe0bb0571a04,2017-09-17,BUNDESLIGA,2017-18,LEAGUE,,Borussia Dortmund,FC Koln,5,0,H,Germany,Bundesliga,football-data.co.uk
league_a175a5410be5943f,2017-09-17,BUNDESLIGA,2017-18,LEAGUE,,Hoffenheim,Hertha,1,1,D,Germany,Bundesliga,football-data.co.uk
league_ca2e5940184ad6b4,2017-09-19,BUNDESLIGA,2017-18,LEAGUE,,Augsburg,RB Leipzig,1,0,H,Germany,Bundesliga,football-data.co.uk
league_0dee146257876ae7,2017-09-19,BUNDESLIGA,2017-18,LEAGUE,,Borussia Mönchengladbach,Stuttgart,2,0,H,Germany,Bundesliga,football-data.co.uk
league_2746937f504e5482,2017-09-19,BUNDESLIGA,2017-18,LEAGUE,,FC Schalke 04,FC Bayern München,0,3,A,Germany,Bundesliga,football-data.co.uk
league_1f3f570291129773,2017-09-19,BUNDESLIGA,2017-18,LEAGUE,,Wolfsburg,Werder Bremen,1,1,D,Germany,Bundesliga,football-data.co.uk
league_188c5ff513e6825d,2017-09-20,BUNDESLIGA,2017-18,LEAGUE,,FC Koln,Eintracht Frankfurt,0,1,A,Germany,Bundesliga,football-data.co.uk
league_68d025dbe634621f,2017-09-20,BUNDESLIGA,2017-18,LEAGUE,,FSV Mainz 05,Hoffenheim,2,3,A,Germany,Bundesliga,football-data.co.uk
league_410b0dacd87b1ee1,2017-09-20,BUNDESLIGA,2017-18,LEAGUE,,Freiburg,Hannover,1,1,D,Germany,Bundesliga,football-data.co.uk
league_4372a2fef75c73ba,2017-09-20,BUNDESLIGA,2017-18,LEAGUE,,Hamburg,Borussia Dortmund,0,3,A,Germany,Bundesliga,football-data.co.uk
league_93e22a0601be63db,2017-09-20,BUNDESLIGA,2017-18,LEAGUE,,Hertha,Bayer 04 Leverkusen,2,1,H,Germany,Bundesliga,football-data.co.uk
league_95f37279aa528c63,2017-09-22,BUNDESLIGA,2017-18,LEAGUE,,FC Bayern München,Wolfsburg,2,2,D,Germany,Bundesliga,football-data.co.uk
league_95797db2e24cb4e6,2017-09-23,BUNDESLIGA,2017-18,LEAGUE,,Borussia Dortmund,Borussia Mönchengladbach,6,1,H,Germany,Bundesliga,football-data.co.uk
league_feca9f4eaeab88f0,2017-09-23,BUNDESLIGA,2017-18,LEAGUE,,FSV Mainz 05,Hertha,1,0,H,Germany,Bundesliga,football-data.co.uk
league_cadd39513382b1f6,2017-09-23,BUNDESLIGA,2017-18,LEAGUE,,Hoffenheim,FC Schalke 04,2,0,H,Germany,Bundesliga,football-data.co.uk
league_c4fcb8c5209e2529,2017-09-23,BUNDESLIGA,2017-18,LEAGUE,,RB Leipzig,Eintracht Frankfurt,2,1,H,Germany,Bundesliga,football-data.co.uk
league_c730adacdfa9b85c,2017-09-23,BUNDESLIGA,2017-18,LEAGUE,,Stuttgart,Augsburg,0,0,D,Germany,Bundesliga,football-data.co.uk
league_aa59d07e8c84dad3,2017-09-23,BUNDESLIGA,2017-18,LEAGUE,,Werder Bremen,Freiburg,0,0,D,Germany,Bundesliga,football-data.co.uk
league_2895e9b3529206c9,2017-09-24,BUNDESLIGA,2017-18,LEAGUE,,Bayer 04 Leverkusen,Hamburg,3,0,H,Germany,Bundesliga,football-data.co.uk
league_86dec16f9cdf6cb4,2017-09-24,BUNDESLIGA,2017-18,LEAGUE,,Hannover,FC Koln,0,0,D,Germany,Bundesliga,football-data.co.uk
league_f2d6a14ad8108040,2017-09-29,BUNDESLIGA,2017-18,LEAGUE,,FC Schalke 04,Bayer 04 Leverkusen,1,1,D,Germany,Bundesliga,football-data.co.uk
league_1f8afcdc5d8d3a02,2017-09-30,BUNDESLIGA,2017-18,LEAGUE,,Augsburg,Borussia Dortmund,1,2,A,Germany,Bundesliga,football-data.co.uk
league_1414222396395250,2017-09-30,BUNDESLIGA,2017-18,LEAGUE,,Borussia Mönchengladbach,Hannover,2,1,H,Germany,Bundesliga,football-data.co.uk
league_faacdb36ca7d287b,2017-09-30,BUNDESLIGA,2017-18,LEAGUE,,Eintracht Frankfurt,Stuttgart,2,1,H,Germany,Bundesliga,football-data.co.uk
league_305596824e3a4fc9,2017-09-30,BUNDESLIGA,2017-18,LEAGUE,,Hamburg,Werder Bremen,0,0,D,Germany,Bundesliga,football-data.co.uk
league_70cdbdb548a6979a,2017-09-30,BUNDESLIGA,2017-18,LEAGUE,,Wolfsburg,FSV Mainz 05,1,1,D,Germany,Bundesliga,football-data.co.uk
league_0d5a7ed33655817d,2017-10-01,BUNDESLIGA,2017-18,LEAGUE,,FC Koln,RB Leipzig,1,2,A,Germany,Bundesliga,football-data.co.uk
league_207dc74c8ef08315,2017-10-01,BUNDESLIGA,2017-18,LEAGUE,,Freiburg,Hoffenheim,3,2,H,Germany,Bundesliga,football-data.co.uk
league_e413e502f77d4e53,2017-10-01,BUNDESLIGA,2017-18,LEAGUE,,Hertha,FC Bayern München,2,2,D,Germany,Bundesliga,football-data.co.uk
league_1e39fd95667d10f4,2017-10-13,BUNDESLIGA,2017-18,LEAGUE,,Stuttgart,FC Koln,2,1,H,Germany,Bundesliga,football-data.co.uk
league_c486e0fb538f4982,2017-10-14,BUNDESLIGA,2017-18,LEAGUE,,Borussia Dortmund,RB Leipzig,2,3,A,Germany,Bundesliga,football-data.co.uk
league_874491452bfa40dd,2017-10-14,BUNDESLIGA,2017-18,LEAGUE,,FC Bayern München,Freiburg,5,0,H,Germany,Bundesliga,football-data.co.uk
league_f9c66707953c664d,2017-10-14,BUNDESLIGA,2017-18,LEAGUE,,FSV Mainz 05,Hamburg,3,2,H,Germany,Bundesliga,football-data.co.uk
league_da6ceebf257376c3,2017-10-14,BUNDESLIGA,2017-18,LEAGUE,,Hannover,Eintracht Frankfurt,1,2,A,Germany,Bundesliga,football-data.co.uk
league_e32af672ba54b5ee,2017-10-14,BUNDESLIGA,2017-18,LEAGUE,,Hertha,FC Schalke 04,0,2,A,Germany,Bundesliga,football-data.co.uk
league_69d78e65a47694eb,2017-10-14,BUNDESLIGA,2017-18,LEAGUE,,Hoffenheim,Augsburg,2,2,D,Germany,Bundesliga,football-data.co.uk
league_3ef3995dec73f837,2017-10-15,BUNDESLIGA,2017-18,LEAGUE,,Bayer 04 Leverkusen,Wolfsburg,2,2,D,Germany,Bundesliga,football-data.co.uk
league_c4c5b99cdbf13a03,2017-10-15,BUNDESLIGA,2017-18,LEAGUE,,Werder Bremen,Borussia Mönchengladbach,0,2,A,Germany,Bundesliga,football-data.co.uk
league_383f2ef026a0c555,2017-10-20,BUNDESLIGA,2017-18,LEAGUE,,FC Schalke 04,FSV Mainz 05,2,0,H,Germany,Bundesliga,football-data.co.uk
league_87d91724a7b0567a,2017-10-21,BUNDESLIGA,2017-18,LEAGUE,,Augsburg,Hannover,1,2,A,Germany,Bundesliga,football-data.co.uk
league_b16fd0b086f025b5,2017-10-21,BUNDESLIGA,2017-18,LEAGUE,,Borussia Mönchengladbach,Bayer 04 Leverkusen,1,5,A,Germany,Bundesliga,football-data.co.uk
league_a99d082b2ae80175,2017-10-21,BUNDESLIGA,2017-18,LEAGUE,,Eintracht Frankfurt,Borussia Dortmund,2,2,D,Germany,Bundesliga,football-data.co.uk
league_738300128e917d7b,2017-10-21,BUNDESLIGA,2017-18,LEAGUE,,Hamburg,FC Bayern München,0,1,A,Germany,Bundesliga,football-data.co.uk
league_68846f8f47eee942,2017-10-21,BUNDESLIGA,2017-18,LEAGUE,,RB Leipzig,Stuttgart,1,0,H,Germany,Bundesliga,football-data.co.uk
league_95a59a545c4eca78,2017-10-22,BUNDESLIGA,2017-18,LEAGUE,,FC Koln,Werder Bremen,0,0,D,Germany,Bundesliga,football-data.co.uk
league_d6a850ba38056c1f,2017-10-22,BUNDESLIGA,2017-18,LEAGUE,,Freiburg,Hertha,1,1,D,Germany,Bundesliga,football-data.co.uk
league_7274410c802f340f,2017-10-22,BUNDESLIGA,2017-18,LEAGUE,,Wolfsburg,Hoffenheim,1,1,D,Germany,Bundesliga,football-data.co.uk
league_30363cc4c1d1a167,2017-10-27,BUNDESLIGA,2017-18,LEAGUE,,FSV Mainz 05,Eintracht Frankfurt,1,1,D,Germany,Bundesliga,football-data.co.uk
league_c33ffe5f1bd9ea4c,2017-10-28,BUNDESLIGA,2017-18,LEAGUE,,Bayer 04 Leverkusen,FC Koln,2,1,H,Germany,Bundesliga,football-data.co.uk
league_e5f8ccf15885e1ba,2017-10-28,BUNDESLIGA,2017-18,LEAGUE,,FC Bayern München,RB Leipzig,2,0,H,Germany,Bundesliga,football-data.co.uk
league_4d5929a0496fa1ec,2017-10-28,BUNDESLIGA,2017-18,LEAGUE,,FC Schalke 04,Wolfsburg,1,1,D,Germany,Bundesliga,football-data.co.uk
league_16c02c1031d90b20,2017-10-28,BUNDESLIGA,2017-18,LEAGUE,,Hannover,Borussia Dortmund,4,2,H,Germany,Bundesliga,football-data.co.uk
league_aac53b40a8c09952,2017-10-28,BUNDESLIGA,2017-18,LEAGUE,,Hertha,Hamburg,2,1,H,Germany,Bundesliga,football-data.co.uk
league_54ccf3bb15ba5e18,2017-10-28,BUNDESLIGA,2017-18,LEAGUE,,Hoffenheim,Borussia Mönchengladbach,1,3,A,Germany,Bundesliga,football-data.co.uk
league_ceb5f1022fab1e22,2017-10-29,BUNDESLIGA,2017-18,LEAGUE,,Stuttgart,Freiburg,3,0,H,Germany,Bundesliga,football-data.co.uk
league_47efd38e61e76897,2017-10-29,BUNDESLIGA,2017-18,LEAGUE,,Werder Bremen,Augsburg,0,3,A,Germany,Bundesliga,football-data.co.uk
league_649f1b6d7492c97d,2017-11-03,BUNDESLIGA,2017-18,LEAGUE,,Eintracht Frankfurt,Werder Bremen,2,1,H,Germany,Bundesliga,football-data.co.uk
league_5dbfb010b0cfef9e,2017-11-04,BUNDESLIGA,2017-18,LEAGUE,,Augsburg,Bayer 04 Leverkusen,1,1,D,Germany,Bundesliga,football-data.co.uk
league_3b9d616fe48ac4e8,2017-11-04,BUNDESLIGA,2017-18,LEAGUE,,Borussia Dortmund,FC Bayern München,1,3,A,Germany,Bundesliga,football-data.co.uk
league_d7af4faf844aba1c,2017-11-04,BUNDESLIGA,2017-18,LEAGUE,,Borussia Mönchengladbach,FSV Mainz 05,1,1,D,Germany,Bundesliga,football-data.co.uk
league_b38b3ca2e02a25c6,2017-11-04,BUNDESLIGA,2017-18,LEAGUE,,Freiburg,FC Schalke 04,0,1,A,Germany,Bundesliga,football-data.co.uk
league_106b28bf6bc9d8b8,2017-11-04,BUNDESLIGA,2017-18,LEAGUE,,Hamburg,Stuttgart,3,1,H,Germany,Bundesliga,football-data.co.uk
league_931e83ea08e621f4,2017-11-04,BUNDESLIGA,2017-18,LEAGUE,,RB Leipzig,Hannover,2,1,H,Germany,Bundesliga,football-data.co.uk
league_1bbfdbfbcd8973fc,2017-11-05,BUNDESLIGA,2017-18,LEAGUE,,FC Koln,Hoffenheim,0,3,A,Germany,Bundesliga,football-data.co.uk
league_72276bd0b825513b,2017-11-05,BUNDESLIGA,2017-18,LEAGUE,,Wolfsburg,Hertha,3,3,D,Germany,Bundesliga,football-data.co.uk
league_f76981ea7a4b43d4,2017-11-17,BUNDESLIGA,2017-18,LEAGUE,,Stuttgart,Borussia Dortmund,2,1,H,Germany,Bundesliga,football-data.co.uk
league_f3417013b49def18,2017-11-18,BUNDESLIGA,2017-18,LEAGUE,,Bayer 04 Leverkusen,RB Leipzig,2,2,D,Germany,Bundesliga,football-data.co.uk
league_e4066b986bbc708b,2017-11-18,BUNDESLIGA,2017-18,LEAGUE,,FC Bayern München,Augsburg,3,0,H,Germany,Bundesliga,football-data.co.uk
league_c9f4ec7e40c82dc6,2017-11-18,BUNDESLIGA,2017-18,LEAGUE,,FSV Mainz 05,FC Koln,1,0,H,Germany,Bundesliga,football-data.co.uk
league_a815c32017ca76e3,2017-11-18,BUNDESLIGA,2017-18,LEAGUE,,Hertha,Borussia Mönchengladbach,2,4,A,Germany,Bundesliga,football-data.co.uk
league_77784bda84517ea2,2017-11-18,BUNDESLIGA,2017-18,LEAGUE,,Hoffenheim,Eintracht Frankfurt,1,1,D,Germany,Bundesliga,football-data.co.uk
league_d0f1c91236bba357,2017-11-18,BUNDESLIGA,2017-18,LEAGUE,,Wolfsburg,Freiburg,3,1,H,Germany,Bundesliga,football-data.co.uk
league_22cb3a855b8ec5c3,2017-11-19,BUNDESLIGA,2017-18,LEAGUE,,FC Schalke 04,Hamburg,2,0,H,Germany,Bundesliga,football-data.co.uk
league_81eb1e09be4fc828,2017-11-19,BUNDESLIGA,2017-18,LEAGUE,,Werder Bremen,Hannover,4,0,H,Germany,Bundesliga,football-data.co.uk
league_5952fbe15ec949aa,2017-11-24,BUNDESLIGA,2017-18,LEAGUE,,Hannover,Stuttgart,1,1,D,Germany,Bundesliga,football-data.co.uk
league_93c9c4e3ba0a6519,2017-11-25,BUNDESLIGA,2017-18,LEAGUE,,Augsburg,Wolfsburg,2,1,H,Germany,Bundesliga,football-data.co.uk
league_c24709fb6ff0f525,2017-11-25,BUNDESLIGA,2017-18,LEAGUE,,Borussia Dortmund,FC Schalke 04,4,4,D,Germany,Bundesliga,football-data.co.uk
league_0454fb70875d6bb1,2017-11-25,BUNDESLIGA,2017-18,LEAGUE,,Borussia Mönchengladbach,FC Bayern München,2,1,H,Germany,Bundesliga,football-data.co.uk
league_a61424df6ec2f8e0,2017-11-25,BUNDESLIGA,2017-18,LEAGUE,,Eintracht Frankfurt,Bayer 04 Leverkusen,0,1,A,Germany,Bundesliga,football-data.co.uk
league_febaf8f477747beb,2017-11-25,BUNDESLIGA,2017-18,LEAGUE,,Freiburg,FSV Mainz 05,2,1,H,Germany,Bundesliga,football-data.co.uk
league_8b0e2259c25ae6ad,2017-11-25,BUNDESLIGA,2017-18,LEAGUE,,RB Leipzig,Werder Bremen,2,0,H,Germany,Bundesliga,football-data.co.uk
league_7f57088f62dc8556,2017-11-26,BUNDESLIGA,2017-18,LEAGUE,,FC Koln,Hertha,0,2,A,Germany,Bundesliga,football-data.co.uk
league_9c9923a25481f9de,2017-11-26,BUNDESLIGA,2017-18,LEAGUE,,Hamburg,Hoffenheim,3,0,H,Germany,Bundesliga,football-data.co.uk
league_c2481b9b22dd880b,2017-12-01,BUNDESLIGA,2017-18,LEAGUE,,Freiburg,Hamburg,0,0,D,Germany,Bundesliga,football-data.co.uk
league_556a95e986a6f3f0,2017-12-02,BUNDESLIGA,2017-18,LEAGUE,,Bayer 04 Leverkusen,Borussia Dortmund,1,1,D,Germany,Bundesliga,football-data.co.uk
league_c64dd8ee2953322b,2017-12-02,BUNDESLIGA,2017-18,LEAGUE,,FC Bayern München,Hannover,3,1,H,Germany,Bundesliga,football-data.co.uk
league_359c92e297690ea7,2017-12-02,BUNDESLIGA,2017-18,LEAGUE,,FC Schalke 04,FC Koln,2,2,D,Germany,Bundesliga,football-data.co.uk
league_38bd914ca3396539,2017-12-02,BUNDESLIGA,2017-18,LEAGUE,,FSV Mainz 05,Augsburg,1,3,A,Germany,Bundesliga,football-data.co.uk
league_e6f69a1ad0711850,2017-12-02,BUNDESLIGA,2017-18,LEAGUE,,Hoffenheim,RB Leipzig,4,0,H,Germany,Bundesliga,football-data.co.uk
league_7c13241837e44e31,2017-12-02,BUNDESLIGA,2017-18,LEAGUE,,Werder Bremen,Stuttgart,1,0,H,Germany,Bundesliga,football-data.co.uk
league_503570c0b3bd60bf,2017-12-03,BUNDESLIGA,2017-18,LEAGUE,,Hertha,Eintracht Frankfurt,1,2,A,Germany,Bundesliga,football-data.co.uk
league_6dc2caefa5149125,2017-12-03,BUNDESLIGA,2017-18,LEAGUE,,Wolfsburg,Borussia Mönchengladbach,3,0,H,Germany,Bundesliga,football-data.co.uk
league_52910b2da90f4012,2017-12-08,BUNDESLIGA,2017-18,LEAGUE,,Stuttgart,Bayer 04 Leverkusen,0,2,A,Germany,Bundesliga,football-data.co.uk
league_f9295fad6863eb6b,2017-12-09,BUNDESLIGA,2017-18,LEAGUE,,Borussia Dortmund,Werder Bremen,1,2,A,Germany,Bundesliga,football-data.co.uk
league_12aea4d410e37b29,2017-12-09,BUNDESLIGA,2017-18,LEAGUE,,Borussia Mönchengladbach,FC Schalke 04,1,1,D,Germany,Bundesliga,football-data.co.uk
league_11f150c7b1ca1c71,2017-12-09,BUNDESLIGA,2017-18,LEAGUE,,Eintracht Frankfurt,FC Bayern München,0,1,A,Germany,Bundesliga,football-data.co.uk
league_7ed17af9ed48930a,2017-12-09,BUNDESLIGA,2017-18,LEAGUE,,Hamburg,Wolfsburg,0,0,D,Germany,Bundesliga,football-data.co.uk
league_c83c83da059a586a,2017-12-09,BUNDESLIGA,2017-18,LEAGUE,,RB Leipzig,FSV Mainz 05,2,2,D,Germany,Bundesliga,football-data.co.uk
league_6958387ff7ed1379,2017-12-10,BUNDESLIGA,2017-18,LEAGUE,,Augsburg,Hertha,1,1,D,Germany,Bundesliga,football-data.co.uk
league_d6311a6f3e897ebe,2017-12-10,BUNDESLIGA,2017-18,LEAGUE,,FC Koln,Freiburg,3,4,A,Germany,Bundesliga,football-data.co.uk
league_8fb01ad639ea0671,2017-12-10,BUNDESLIGA,2017-18,LEAGUE,,Hannover,Hoffenheim,2,0,H,Germany,Bundesliga,football-data.co.uk
league_9e9fde8fc1d2d9bd,2017-12-12,BUNDESLIGA,2017-18,LEAGUE,,FSV Mainz 05,Borussia Dortmund,0,2,A,Germany,Bundesliga,football-data.co.uk
league_77bae16574048b77,2017-12-12,BUNDESLIGA,2017-18,LEAGUE,,Freiburg,Borussia Mönchengladbach,1,0,H,Germany,Bundesliga,football-data.co.uk
league_e39632644429375f,2017-12-12,BUNDESLIGA,2017-18,LEAGUE,,Hamburg,Eintracht Frankfurt,1,2,A,Germany,Bundesliga,football-data.co.uk
league_61639d38c9036237,2017-12-12,BUNDESLIGA,2017-18,LEAGUE,,Wolfsburg,RB Leipzig,1,1,D,Germany,Bundesliga,football-data.co.uk
league_2b6485e330078fb1,2017-12-13,BUNDESLIGA,2017-18,LEAGUE,,Bayer 04 Leverkusen,Werder Bremen,1,0,H,Germany,Bundesliga,football-data.co.uk
league_fe38335e387d9561,2017-12-13,BUNDESLIGA,2017-18,LEAGUE,,FC Bayern München,FC Koln,1,0,H,Germany,Bundesliga,football-data.co.uk
league_a54c7c46c9dce11b,2017-12-13,BUNDESLIGA,2017-18,LEAGUE,,FC Schalke 04,Augsburg,3,2,H,Germany,Bundesliga,football-data.co.uk
league_b89791492cd8d46c,2017-12-13,BUNDESLIGA,2017-18,LEAGUE,,Hertha,Hannover,3,1,H,Germany,Bundesliga,football-data.co.uk
league_b50680bf1cb94873,2017-12-13,BUNDESLIGA,2017-18,LEAGUE,,Hoffenheim,Stuttgart,1,0,H,Germany,Bundesliga,football-data.co.uk
league_5768748a7246f50d,2017-12-15,BUNDESLIGA,2017-18,LEAGUE,,Borussia Mönchengladbach,Hamburg,3,1,H,Germany,Bundesliga,football-data.co.uk
league_01d03010ef9a2afd,2017-12-16,BUNDESLIGA,2017-18,LEAGUE,,Augsburg,Freiburg,3,3,D,Germany,Bundesliga,football-data.co.uk
league_f0bab75ecb609139,2017-12-16,BUNDESLIGA,2017-18,LEAGUE,,Borussia Dortmund,Hoffenheim,2,1,H,Germany,Bundesliga,football-data.co.uk
league_bb2c96216f7fa633,2017-12-16,BUNDESLIGA,2017-18,LEAGUE,,Eintracht Frankfurt,FC Schalke 04,2,2,D,Germany,Bundesliga,football-data.co.uk
league_8dc0767c93494de6,2017-12-16,BUNDESLIGA,2017-18,LEAGUE,,FC Koln,Wolfsburg,1,0,H,Germany,Bundesliga,football-data.co.uk
league_bbe5f602a151d660,2017-12-16,BUNDESLIGA,2017-18,LEAGUE,,Stuttgart,FC Bayern München,0,1,A,Germany,Bundesliga,football-data.co.uk
league_62ca6472572182b7,2017-12-16,BUNDESLIGA,2017-18,LEAGUE,,Werder Bremen,FSV Mainz 05,2,2,D,Germany,Bundesliga,football-data.co.uk
league_9f8524bc7fb844d2,2017-12-17,BUNDESLIGA,2017-18,LEAGUE,,Hannover,Bayer 04 Leverkusen,4,4,D,Germany,Bundesliga,football-data.co.uk
league_9f589a7c55bd7a9f,2017-12-17,BUNDESLIGA,2017-18,LEAGUE,,RB Leipzig,Hertha,2,3,A,Germany,Bundesliga,football-data.co.uk
league_7af64f573c9f4dd7,2018-01-12,BUNDESLIGA,2017-18,LEAGUE,,Bayer 04 Leverkusen,FC Bayern München,1,3,A,Germany,Bundesliga,football-data.co.uk
league_784c62c5320b2f78,2018-01-13,BUNDESLIGA,2017-18,LEAGUE,,Augsburg,Hamburg,1,0,H,Germany,Bundesliga,football-data.co.uk
league_67629e53af3bd35d,2018-01-13,BUNDESLIGA,2017-18,LEAGUE,,Eintracht Frankfurt,Freiburg,1,1,D,Germany,Bundesliga,football-data.co.uk
league_6d3a6fa388a1db80,2018-01-13,BUNDESLIGA,2017-18,LEAGUE,,Hannover,FSV Mainz 05,3,2,H,Germany,Bundesliga,football-data.co.uk
league_ce5c888adc190b56,2018-01-13,BUNDESLIGA,2017-18,LEAGUE,,RB Leipzig,FC Schalke 04,3,1,H,Germany,Bundesliga,football-data.co.uk
league_e84ff6645b47985c,2018-01-13,BUNDESLIGA,2017-18,LEAGUE,,Stuttgart,Hertha,1,0,H,Germany,Bundesliga,football-data.co.uk
league_d4ff82bfd9016fdc,2018-01-13,BUNDESLIGA,2017-18,LEAGUE,,Werder Bremen,Hoffenheim,1,1,D,Germany,Bundesliga,football-data.co.uk
league_45b4e3bca851cdcf,2018-01-14,BUNDESLIGA,2017-18,LEAGUE,,Borussia Dortmund,Wolfsburg,0,0,D,Germany,Bundesliga,football-data.co.uk
league_22decc904328ed7c,2018-01-14,BUNDESLIGA,2017-18,LEAGUE,,FC Koln,Borussia Mönchengladbach,2,1,H,Germany,Bundesliga,football-data.co.uk
league_69c29f07242057db,2018-01-19,BUNDESLIGA,2017-18,LEAGUE,,Hertha,Borussia Dortmund,1,1,D,Germany,Bundesliga,football-data.co.uk
league_926ff84d17a81a28,2018-01-20,BUNDESLIGA,2017-18,LEAGUE,,Borussia Mönchengladbach,Augsburg,2,0,H,Germany,Bundesliga,football-data.co.uk
league_4a31a51050b2f229,2018-01-20,BUNDESLIGA,2017-18,LEAGUE,,FSV Mainz 05,Stuttgart,3,2,H,Germany,Bundesliga,football-data.co.uk
league_faa65b372e2f6331,2018-01-20,BUNDESLIGA,2017-18,LEAGUE,,Freiburg,RB Leipzig,2,1,H,Germany,Bundesliga,football-data.co.uk
league_5c36c751f89c68be,2018-01-20,BUNDESLIGA,2017-18,LEAGUE,,Hamburg,FC Koln,0,2,A,Germany,Bundesliga,football-data.co.uk
league_62362314dd7bba4c,2018-01-20,BUNDESLIGA,2017-18,LEAGUE,,Hoffenheim,Bayer 04 Leverkusen,1,4,A,Germany,Bundesliga,football-data.co.uk
league_25781d4203c47abe,2018-01-20,BUNDESLIGA,2017-18,LEAGUE,,Wolfsburg,Eintracht Frankfurt,1,3,A,Germany,Bundesliga,football-data.co.uk
league_cdc49a781392b0fb,2018-01-21,BUNDESLIGA,2017-18,LEAGUE,,FC Bayern München,Werder Bremen,4,2,H,Germany,Bundesliga,football-data.co.uk
league_da98b7bf9e2f8a1b,2018-01-21,BUNDESLIGA,2017-18,LEAGUE,,FC Schalke 04,Hannover,1,1,D,Germany,Bundesliga,football-data.co.uk
league_67845f1a44ac83f5,2018-01-26,BUNDESLIGA,2017-18,LEAGUE,,Eintracht Frankfurt,Borussia Mönchengladbach,2,0,H,Germany,Bundesliga,football-data.co.uk
league_00060829089ce0f2,2018-01-27,BUNDESLIGA,2017-18,LEAGUE,,Borussia Dortmund,Freiburg,2,2,D,Germany,Bundesliga,football-data.co.uk
league_fd866a9c1d44ee42,2018-01-27,BUNDESLIGA,2017-18,LEAGUE,,FC Bayern München,Hoffenheim,5,2,H,Germany,Bundesliga,football-data.co.uk
league_4a7cb9cac05363e5,2018-01-27,BUNDESLIGA,2017-18,LEAGUE,,FC Koln,Augsburg,1,1,D,Germany,Bundesliga,football-data.co.uk
league_9418ef0bae3ce1f7,2018-01-27,BUNDESLIGA,2017-18,LEAGUE,,RB Leipzig,Hamburg,1,1,D,Germany,Bundesliga,football-data.co.uk
league_9676f9836297ada6,2018-01-27,BUNDESLIGA,2017-18,LEAGUE,,Stuttgart,FC Schalke 04,0,2,A,Germany,Bundesliga,football-data.co.uk
league_76142988e411d4e1,2018-01-27,BUNDESLIGA,2017-18,LEAGUE,,Werder Bremen,Hertha,0,0,D,Germany,Bundesliga,football-data.co.uk
league_0da564a329166cd0,2018-01-28,BUNDESLIGA,2017-18,LEAGUE,,Bayer 04 Leverkusen,FSV Mainz 05,2,0,H,Germany,Bundesliga,football-data.co.uk
league_78ca2c9b9e307c45,2018-01-28,BUNDESLIGA,2017-18,LEAGUE,,Hannover,Wolfsburg,0,1,A,Germany,Bundesliga,football-data.co.uk
league_fe092732c59e271b,2018-02-02,BUNDESLIGA,2017-18,LEAGUE,,FC Koln,Borussia Dortmund,2,3,A,Germany,Bundesliga,football-data.co.uk
league_f1e45900f1b80948,2018-02-03,BUNDESLIGA,2017-18,LEAGUE,,Borussia Mönchengladbach,RB Leipzig,0,1,A,Germany,Bundesliga,football-data.co.uk
league_7feecae976069507,2018-02-03,BUNDESLIGA,2017-18,LEAGUE,,FC Schalke 04,Werder Bremen,1,2,A,Germany,Bundesliga,football-data.co.uk
league_4f0d72bcd40e02b6,2018-02-03,BUNDESLIGA,2017-18,LEAGUE,,FSV Mainz 05,FC Bayern München,0,2,A,Germany,Bundesliga,football-data.co.uk
league_3a91cbef97f1438e,2018-02-03,BUNDESLIGA,2017-18,LEAGUE,,Freiburg,Bayer 04 Leverkusen,0,0,D,Germany,Bundesliga,football-data.co.uk
league_5435ee7b6fd3922b,2018-02-03,BUNDESLIGA,2017-18,LEAGUE,,Hertha,Hoffenheim,1,1,D,Germany,Bundesliga,football-data.co.uk
league_75440ef0c7d371e3,2018-02-03,BUNDESLIGA,2017-18,LEAGUE,,Wolfsburg,Stuttgart,1,1,D,Germany,Bundesliga,football-data.co.uk
league_11b0d9a761febbd4,2018-02-04,BUNDESLIGA,2017-18,LEAGUE,,Augsburg,Eintracht Frankfurt,3,0,H,Germany,Bundesliga,football-data.co.uk
league_532ae17f18149b28,2018-02-04,BUNDESLIGA,2017-18,LEAGUE,,Hamburg,Hannover,1,1,D,Germany,Bundesliga,football-data.co.uk
league_5788c147becedd86,2018-02-09,BUNDESLIGA,2017-18,LEAGUE,,RB Leipzig,Augsburg,2,0,H,Germany,Bundesliga,football-data.co.uk
league_8317ea883a4cae96,2018-02-10,BUNDESLIGA,2017-18,LEAGUE,,Bayer 04 Leverkusen,Hertha,0,2,A,Germany,Bundesliga,football-data.co.uk
league_1b369d11e03437b1,2018-02-10,BUNDESLIGA,2017-18,LEAGUE,,Borussia Dortmund,Hamburg,2,0,H,Germany,Bundesliga,football-data.co.uk
league_b916eb93b3def9b6,2018-02-10,BUNDESLIGA,2017-18,LEAGUE,,Eintracht Frankfurt,FC Koln,4,2,H,Germany,Bundesliga,football-data.co.uk
league_cc8774ea27f93c8c,2018-02-10,BUNDESLIGA,2017-18,LEAGUE,,FC Bayern München,FC Schalke 04,2,1,H,Germany,Bundesliga,football-data.co.uk
league_fd5f1c793c32bcc2,2018-02-10,BUNDESLIGA,2017-18,LEAGUE,,Hannover,Freiburg,2,1,H,Germany,Bundesliga,football-data.co.uk
league_fa1da5b2fc0a64c0,2018-02-10,BUNDESLIGA,2017-18,LEAGUE,,Hoffenheim,FSV Mainz 05,4,2,H,Germany,Bundesliga,football-data.co.uk
league_de3adb9e06290301,2018-02-11,BUNDESLIGA,2017-18,LEAGUE,,Stuttgart,Borussia Mönchengladbach,1,0,H,Germany,Bundesliga,football-data.co.uk
league_d396029979076a33,2018-02-11,BUNDESLIGA,2017-18,LEAGUE,,Werder Bremen,Wolfsburg,3,1,H,Germany,Bundesliga,football-data.co.uk
league_6ea32f7a3a508c7a,2018-02-16,BUNDESLIGA,2017-18,LEAGUE,,Hertha,FSV Mainz 05,0,2,A,Germany,Bundesliga,football-data.co.uk
league_023e1504521ea60a,2018-02-17,BUNDESLIGA,2017-18,LEAGUE,,FC Koln,Hannover,1,1,D,Germany,Bundesliga,football-data.co.uk
league_ea2931200a6aa274,2018-02-17,BUNDESLIGA,2017-18,LEAGUE,,FC Schalke 04,Hoffenheim,2,1,H,Germany,Bundesliga,football-data.co.uk
league_e805876125e2dc60,2018-02-17,BUNDESLIGA,2017-18,LEAGUE,,Freiburg,Werder Bremen,1,0,H,Germany,Bundesliga,football-data.co.uk
league_c80f9599ee58f9ca,2018-02-17,BUNDESLIGA,2017-18,LEAGUE,,Hamburg,Bayer 04 Leverkusen,1,2,A,Germany,Bundesliga,football-data.co.uk
league_ff26b0346b4084c6,2018-02-17,BUNDESLIGA,2017-18,LEAGUE,,Wolfsburg,FC Bayern München,1,2,A,Germany,Bundesliga,football-data.co.uk
league_bfc42d6ef526387d,2018-02-18,BUNDESLIGA,2017-18,LEAGUE,,Augsburg,Stuttgart,0,1,A,Germany,Bundesliga,football-data.co.uk
league_c91a4b6060bbd061,2018-02-18,BUNDESLIGA,2017-18,LEAGUE,,Borussia Mönchengladbach,Borussia Dortmund,0,1,A,Germany,Bundesliga,football-data.co.uk
league_f8dddbc10bb71933,2018-02-19,BUNDESLIGA,2017-18,LEAGUE,,Eintracht Frankfurt,RB Leipzig,2,1,H,Germany,Bundesliga,football-data.co.uk
league_ba723175a997f506,2018-02-23,BUNDESLIGA,2017-18,LEAGUE,,FSV Mainz 05,Wolfsburg,1,1,D,Germany,Bundesliga,football-data.co.uk
league_f5b80e059f08a2f7,2018-02-24,BUNDESLIGA,2017-18,LEAGUE,,FC Bayern München,Hertha,0,0,D,Germany,Bundesliga,football-data.co.uk
league_88bbfba1ab3c3e81,2018-02-24,BUNDESLIGA,2017-18,LEAGUE,,Hannover,Borussia Mönchengladbach,0,1,A,Germany,Bundesliga,football-data.co.uk
league_4e52d39a0db0232c,2018-02-24,BUNDESLIGA,2017-18,LEAGUE,,Hoffenheim,Freiburg,1,1,D,Germany,Bundesliga,football-data.co.uk
league_5927ed32d2803938,2018-02-24,BUNDESLIGA,2017-18,LEAGUE,,Stuttgart,Eintracht Frankfurt,1,0,H,Germany,Bundesliga,football-data.co.uk
league_79a22f5fcef7f48b,2018-02-24,BUNDESLIGA,2017-18,LEAGUE,,Werder Bremen,Hamburg,1,0,H,Germany,Bundesliga,football-data.co.uk
league_c80682a714f03613,2018-02-25,BUNDESLIGA,2017-18,LEAGUE,,Bayer 04 Leverkusen,FC Schalke 04,0,2,A,Germany,Bundesliga,football-data.co.uk
league_bf28a2eb73012cd6,2018-02-25,BUNDESLIGA,2017-18,LEAGUE,,RB Leipzig,FC Koln,1,2,A,Germany,Bundesliga,football-data.co.uk
league_e0e5bfacf9da029d,2018-02-26,BUNDESLIGA,2017-18,LEAGUE,,Borussia Dortmund,Augsburg,1,1,D,Germany,Bundesliga,football-data.co.uk
league_192f588a023fed3c,2018-03-02,BUNDESLIGA,2017-18,LEAGUE,,Borussia Mönchengladbach,Werder Bremen,2,2,D,Germany,Bundesliga,football-data.co.uk
league_2cf2c307dcd16c43,2018-03-03,BUNDESLIGA,2017-18,LEAGUE,,Augsburg,Hoffenheim,0,2,A,Germany,Bundesliga,football-data.co.uk
league_2bf968ae34c0ce30,2018-03-03,BUNDESLIGA,2017-18,LEAGUE,,Eintracht Frankfurt,Hannover,1,0,H,Germany,Bundesliga,football-data.co.uk
league_445a371b9cba3a3a,2018-03-03,BUNDESLIGA,2017-18,LEAGUE,,FC Schalke 04,Hertha,1,0,H,Germany,Bundesliga,football-data.co.uk
league_a013ac9956d5983a,2018-03-03,BUNDESLIGA,2017-18,LEAGUE,,Hamburg,FSV Mainz 05,0,0,D,Germany,Bundesliga,football-data.co.uk
league_0fb494b79d911869,2018-03-03,BUNDESLIGA,2017-18,LEAGUE,,RB Leipzig,Borussia Dortmund,1,1,D,Germany,Bundesliga,football-data.co.uk
league_a27dd39a29a332d7,2018-03-03,BUNDESLIGA,2017-18,LEAGUE,,Wolfsburg,Bayer 04 Leverkusen,1,2,A,Germany,Bundesliga,football-data.co.uk
league_d938e8d23454ef90,2018-03-04,BUNDESLIGA,2017-18,LEAGUE,,FC Koln,Stuttgart,2,3,A,Germany,Bundesliga,football-data.co.uk
league_676edffbdc11e6d3,2018-03-04,BUNDESLIGA,2017-18,LEAGUE,,Freiburg,FC Bayern München,0,4,A,Germany,Bundesliga,football-data.co.uk
league_2cb6ccae75d7efee,2018-03-09,BUNDESLIGA,2017-18,LEAGUE,,FSV Mainz 05,FC Schalke 04,0,1,A,Germany,Bundesliga,football-data.co.uk
league_a03cd5965e8673f9,2018-03-10,BUNDESLIGA,2017-18,LEAGUE,,Bayer 04 Leverkusen,Borussia Mönchengladbach,2,0,H,Germany,Bundesliga,football-data.co.uk
league_1e4aeb0a9df077d7,2018-03-10,BUNDESLIGA,2017-18,LEAGUE,,FC Bayern München,Hamburg,6,0,H,Germany,Bundesliga,football-data.co.uk
league_ebd0277ed5433e6f,2018-03-10,BUNDESLIGA,2017-18,LEAGUE,,Hannover,Augsburg,1,3,A,Germany,Bundesliga,football-data.co.uk
league_d28c1c3657987278,2018-03-10,BUNDESLIGA,2017-18,LEAGUE,,Hertha,Freiburg,0,0,D,Germany,Bundesliga,football-data.co.uk
league_00dffea6238f7d91,2018-03-10,BUNDESLIGA,2017-18,LEAGUE,,Hoffenheim,Wolfsburg,3,0,H,Germany,Bundesliga,football-data.co.uk
league_ee54afb9e0c09144,2018-03-11,BUNDESLIGA,2017-18,LEAGUE,,Borussia Dortmund,Eintracht Frankfurt,3,2,H,Germany,Bundesliga,football-data.co.uk
league_3f0ebc63f2d9f67d,2018-03-11,BUNDESLIGA,2017-18,LEAGUE,,Stuttgart,RB Leipzig,0,0,D,Germany,Bundesliga,football-data.co.uk
league_ca7011b549a6a0cb,2018-03-12,BUNDESLIGA,2017-18,LEAGUE,,Werder Bremen,FC Koln,3,1,H,Germany,Bundesliga,football-data.co.uk
league_530313af84a12f72,2018-03-16,BUNDESLIGA,2017-18,LEAGUE,,Freiburg,Stuttgart,1,2,A,Germany,Bundesliga,football-data.co.uk
league_eef6bbc899c96895,2018-03-17,BUNDESLIGA,2017-18,LEAGUE,,Augsburg,Werder Bremen,1,3,A,Germany,Bundesliga,football-data.co.uk
league_98406209072edf55,2018-03-17,BUNDESLIGA,2017-18,LEAGUE,,Borussia Mönchengladbach,Hoffenheim,3,3,D,Germany,Bundesliga,football-data.co.uk
league_243278dd900fffb9,2018-03-17,BUNDESLIGA,2017-18,LEAGUE,,Eintracht Frankfurt,FSV Mainz 05,3,0,H,Germany,Bundesliga,football-data.co.uk
league_2b6d94a8d7987828,2018-03-17,BUNDESLIGA,2017-18,LEAGUE,,Hamburg,Hertha,1,2,A,Germany,Bundesliga,football-data.co.uk
league_0b6da64b526a1e3d,2018-03-17,BUNDESLIGA,2017-18,LEAGUE,,Wolfsburg,FC Schalke 04,0,1,A,Germany,Bundesliga,football-data.co.uk
league_9e0cd3812ea01086,2018-03-18,BUNDESLIGA,2017-18,LEAGUE,,Borussia Dortmund,Hannover,1,0,H,Germany,Bundesliga,football-data.co.uk
league_9d9c1843588c6d2e,2018-03-18,BUNDESLIGA,2017-18,LEAGUE,,FC Koln,Bayer 04 Leverkusen,2,0,H,Germany,Bundesliga,football-data.co.uk
league_e40bbf0832199f8b,2018-03-18,BUNDESLIGA,2017-18,LEAGUE,,RB Leipzig,FC Bayern München,2,1,H,Germany,Bundesliga,football-data.co.uk
league_e0aa28a1a6897bf8,2018-03-31,BUNDESLIGA,2017-18,LEAGUE,,Bayer 04 Leverkusen,Augsburg,0,0,D,Germany,Bundesliga,football-data.co.uk
league_bb0286cf4b7a6c14,2018-03-31,BUNDESLIGA,2017-18,LEAGUE,,FC Bayern München,Borussia Dortmund,6,0,H,Germany,Bundesliga,football-data.co.uk
league_a646d0de7e5ebeb8,2018-03-31,BUNDESLIGA,2017-18,LEAGUE,,FC Schalke 04,Freiburg,2,0,H,Germany,Bundesliga,football-data.co.uk
league_286f47100ecc433e,2018-03-31,BUNDESLIGA,2017-18,LEAGUE,,Hannover,RB Leipzig,2,3,A,Germany,Bundesliga,football-data.co.uk
league_458dc3d5c4f43b0b,2018-03-31,BUNDESLIGA,2017-18,LEAGUE,,Hertha,Wolfsburg,0,0,D,Germany,Bundesliga,football-data.co.uk
league_9c35aeaaeacc4e0e,2018-03-31,BUNDESLIGA,2017-18,LEAGUE,,Hoffenheim,FC Koln,6,0,H,Germany,Bundesliga,football-data.co.uk
league_1598e5ed10bc4062,2018-03-31,BUNDESLIGA,2017-18,LEAGUE,,Stuttgart,Hamburg,1,1,D,Germany,Bundesliga,football-data.co.uk
league_d299514ce80ea838,2018-04-01,BUNDESLIGA,2017-18,LEAGUE,,FSV Mainz 05,Borussia Mönchengladbach,0,0,D,Germany,Bundesliga,football-data.co.uk
league_4af832f2c8bb9d1f,2018-04-01,BUNDESLIGA,2017-18,LEAGUE,,Werder Bremen,Eintracht Frankfurt,2,1,H,Germany,Bundesliga,football-data.co.uk
league_5ac9eb3a004b8545,2018-04-06,BUNDESLIGA,2017-18,LEAGUE,,Hannover,Werder Bremen,2,1,H,Germany,Bundesliga,football-data.co.uk
league_59f70b2b456260d7,2018-04-07,BUNDESLIGA,2017-18,LEAGUE,,Augsburg,FC Bayern München,1,4,A,Germany,Bundesliga,football-data.co.uk
league_a8f5de251b24c22f,2018-04-07,BUNDESLIGA,2017-18,LEAGUE,,Borussia Mönchengladbach,Hertha,2,1,H,Germany,Bundesliga,football-data.co.uk
league_5fe3d15472a87ea6,2018-04-07,BUNDESLIGA,2017-18,LEAGUE,,FC Koln,FSV Mainz 05,1,1,D,Germany,Bundesliga,football-data.co.uk
league_b279874429d5a364,2018-04-07,BUNDESLIGA,2017-18,LEAGUE,,Freiburg,Wolfsburg,0,2,A,Germany,Bundesliga,football-data.co.uk
league_93ca1a394058e4fe,2018-04-07,BUNDESLIGA,2017-18,LEAGUE,,Hamburg,FC Schalke 04,3,2,H,Germany,Bundesliga,football-data.co.uk
league_15ba317890c02370,2018-04-08,BUNDESLIGA,2017-18,LEAGUE,,Borussia Dortmund,Stuttgart,3,0,H,Germany,Bundesliga,football-data.co.uk
league_3647ca9c134dd7e9,2018-04-08,BUNDESLIGA,2017-18,LEAGUE,,Eintracht Frankfurt,Hoffenheim,1,1,D,Germany,Bundesliga,football-data.co.uk
league_1e32b9fb7332c011,2018-04-09,BUNDESLIGA,2017-18,LEAGUE,,RB Leipzig,Bayer 04 Leverkusen,1,4,A,Germany,Bundesliga,football-data.co.uk
league_ac2cc01d9cd4fb79,2018-04-13,BUNDESLIGA,2017-18,LEAGUE,,Wolfsburg,Augsburg,0,0,D,Germany,Bundesliga,football-data.co.uk
league_36ffb258d36cca0f,2018-04-14,BUNDESLIGA,2017-18,LEAGUE,,Bayer 04 Leverkusen,Eintracht Frankfurt,4,1,H,Germany,Bundesliga,football-data.co.uk
league_da9fe82f6d090255,2018-04-14,BUNDESLIGA,2017-18,LEAGUE,,FC Bayern München,Borussia Mönchengladbach,5,1,H,Germany,Bundesliga,football-data.co.uk
league_fc8da402a975008e,2018-04-14,BUNDESLIGA,2017-18,LEAGUE,,Hertha,FC Koln,2,1,H,Germany,Bundesliga,football-data.co.uk
league_36e75d0175494ab8,2018-04-14,BUNDESLIGA,2017-18,LEAGUE,,Hoffenheim,Hamburg,2,0,H,Germany,Bundesliga,football-data.co.uk
league_5d268e06f0d287db,2018-04-14,BUNDESLIGA,2017-18,LEAGUE,,Stuttgart,Hannover,1,1,D,Germany,Bundesliga,football-data.co.uk
league_478cbf6d45dee79a,2018-04-15,BUNDESLIGA,2017-18,LEAGUE,,FC Schalke 04,Borussia Dortmund,2,0,H,Germany,Bundesliga,football-data.co.uk
league_8bcf6dee43045785,2018-04-15,BUNDESLIGA,2017-18,LEAGUE,,Werder Bremen,RB Leipzig,1,1,D,Germany,Bundesliga,football-data.co.uk
league_a106581391cbfc14,2018-04-16,BUNDESLIGA,2017-18,LEAGUE,,FSV Mainz 05,Freiburg,2,0,H,Germany,Bundesliga,football-data.co.uk
league_e1c6a0ea70fbadad,2018-04-20,BUNDESLIGA,2017-18,LEAGUE,,Borussia Mönchengladbach,Wolfsburg,3,0,H,Germany,Bundesliga,football-data.co.uk
league_177800afb6cf938b,2018-04-21,BUNDESLIGA,2017-18,LEAGUE,,Borussia Dortmund,Bayer 04 Leverkusen,4,0,H,Germany,Bundesliga,football-data.co.uk
league_39ea900a10988243,2018-04-21,BUNDESLIGA,2017-18,LEAGUE,,Eintracht Frankfurt,Hertha,0,3,A,Germany,Bundesliga,football-data.co.uk
league_3841c76f08197af7,2018-04-21,BUNDESLIGA,2017-18,LEAGUE,,Hamburg,Freiburg,1,0,H,Germany,Bundesliga,football-data.co.uk
league_d20558999ee9301f,2018-04-21,BUNDESLIGA,2017-18,LEAGUE,,Hannover,FC Bayern München,0,3,A,Germany,Bundesliga,football-data.co.uk
league_8a9b3b77bc816342,2018-04-21,BUNDESLIGA,2017-18,LEAGUE,,RB Leipzig,Hoffenheim,2,5,A,Germany,Bundesliga,football-data.co.uk
league_41b3e8198ec59c07,2018-04-21,BUNDESLIGA,2017-18,LEAGUE,,Stuttgart,Werder Bremen,2,0,H,Germany,Bundesliga,football-data.co.uk
league_45edc528ba944be5,2018-04-22,BUNDESLIGA,2017-18,LEAGUE,,Augsburg,FSV Mainz 05,2,0,H,Germany,Bundesliga,football-data.co.uk
league_25bccdcaab4a2ffb,2018-04-22,BUNDESLIGA,2017-18,LEAGUE,,FC Koln,FC Schalke 04,2,2,D,Germany,Bundesliga,football-data.co.uk
league_437fa6b18697a28a,2018-04-27,BUNDESLIGA,2017-18,LEAGUE,,Hoffenheim,Hannover,3,1,H,Germany,Bundesliga,football-data.co.uk
league_a78263eb1c4349b9,2018-04-28,BUNDESLIGA,2017-18,LEAGUE,,Bayer 04 Leverkusen,Stuttgart,0,1,A,Germany,Bundesliga,football-data.co.uk
league_17184d336cdd2b38,2018-04-28,BUNDESLIGA,2017-18,LEAGUE,,FC Bayern München,Eintracht Frankfurt,4,1,H,Germany,Bundesliga,football-data.co.uk
league_c1723355384c7f45,2018-04-28,BUNDESLIGA,2017-18,LEAGUE,,FC Schalke 04,Borussia Mönchengladbach,1,1,D,Germany,Bundesliga,football-data.co.uk
league_ad91e505f3f50e58,2018-04-28,BUNDESLIGA,2017-18,LEAGUE,,Freiburg,FC Koln,3,2,H,Germany,Bundesliga,football-data.co.uk
league_b451f01e2177931d,2018-04-28,BUNDESLIGA,2017-18,LEAGUE,,Hertha,Augsburg,2,2,D,Germany,Bundesliga,football-data.co.uk
league_b8c520b32bfc19dd,2018-04-28,BUNDESLIGA,2017-18,LEAGUE,,Wolfsburg,Hamburg,1,3,A,Germany,Bundesliga,football-data.co.uk
league_29fcdd506e601fba,2018-04-29,BUNDESLIGA,2017-18,LEAGUE,,FSV Mainz 05,RB Leipzig,3,0,H,Germany,Bundesliga,football-data.co.uk
league_c24f07e8d93354d8,2018-04-29,BUNDESLIGA,2017-18,LEAGUE,,Werder Bremen,Borussia Dortmund,1,1,D,Germany,Bundesliga,football-data.co.uk
league_c2e89ca78e3732a7,2018-05-05,BUNDESLIGA,2017-18,LEAGUE,,Augsburg,FC Schalke 04,1,2,A,Germany,Bundesliga,football-data.co.uk
league_a86d6f86a2523c20,2018-05-05,BUNDESLIGA,2017-18,LEAGUE,,Borussia Dortmund,FSV Mainz 05,1,2,A,Germany,Bundesliga,football-data.co.uk
league_328da88abeec08a8,2018-05-05,BUNDESLIGA,2017-18,LEAGUE,,Borussia Mönchengladbach,Freiburg,3,1,H,Germany,Bundesliga,football-data.co.uk
league_739a9702d0dba389,2018-05-05,BUNDESLIGA,2017-18,LEAGUE,,Eintracht Frankfurt,Hamburg,3,0,H,Germany,Bundesliga,football-data.co.uk
league_f9038bb42531f319,2018-05-05,BUNDESLIGA,2017-18,LEAGUE,,FC Koln,FC Bayern München,1,3,A,Germany,Bundesliga,football-data.co.uk
league_b4bf8e387d76f1dd,2018-05-05,BUNDESLIGA,2017-18,LEAGUE,,Hannover,Hertha,3,1,H,Germany,Bundesliga,football-data.co.uk
league_0ed600a08efb47ee,2018-05-05,BUNDESLIGA,2017-18,LEAGUE,,RB Leipzig,Wolfsburg,4,1,H,Germany,Bundesliga,football-data.co.uk
league_1255cb77492f0c14,2018-05-05,BUNDESLIGA,2017-18,LEAGUE,,Stuttgart,Hoffenheim,2,0,H,Germany,Bundesliga,football-data.co.uk
league_d910d40d59b175ab,2018-05-05,BUNDESLIGA,2017-18,LEAGUE,,Werder Bremen,Bayer 04 Leverkusen,0,0,D,Germany,Bundesliga,football-data.co.uk
league_b953ed9d3987444d,2018-05-12,BUNDESLIGA,2017-18,LEAGUE,,Bayer 04 Leverkusen,Hannover,3,2,H,Germany,Bundesliga,football-data.co.uk
league_dfb2c7866a05e760,2018-05-12,BUNDESLIGA,2017-18,LEAGUE,,FC Bayern München,Stuttgart,1,4,A,Germany,Bundesliga,football-data.co.uk
league_43b1c77b45edc337,2018-05-12,BUNDESLIGA,2017-18,LEAGUE,,FC Schalke 04,Eintracht Frankfurt,1,0,H,Germany,Bundesliga,football-data.co.uk
league_fcfefc62b3923bb9,2018-05-12,BUNDESLIGA,2017-18,LEAGUE,,FSV Mainz 05,Werder Bremen,1,2,A,Germany,Bundesliga,football-data.co.uk
league_e7672480b43cf77b,2018-05-12,BUNDESLIGA,2017-18,LEAGUE,,Freiburg,Augsburg,2,0,H,Germany,Bundesliga,football-data.co.uk
league_b0f1c0609b6710db,2018-05-12,BUNDESLIGA,2017-18,LEAGUE,,Hamburg,Borussia Mönchengladbach,2,1,H,Germany,Bundesliga,football-data.co.uk
league_9b4767e26bf83b9f,2018-05-12,BUNDESLIGA,2017-18,LEAGUE,,Hertha,RB Leipzig,2,6,A,Germany,Bundesliga,football-data.co.uk
league_1f62a7fa9c237b81,2018-05-12,BUNDESLIGA,2017-18,LEAGUE,,Hoffenheim,Borussia Dortmund,3,1,H,Germany,Bundesliga,football-data.co.uk
league_b2e16b091d8ef68c,2018-05-12,BUNDESLIGA,2017-18,LEAGUE,,Wolfsburg,FC Koln,4,1,H,Germany,Bundesliga,football-data.co.uk
league_06daab32e44553b7,2018-08-24,BUNDESLIGA,2018-19,LEAGUE,,FC Bayern München,Hoffenheim,3,1,H,Germany,Bundesliga,football-data.co.uk
league_f7ee56e4daadf6d7,2018-08-25,BUNDESLIGA,2018-19,LEAGUE,,Borussia Mönchengladbach,Bayer 04 Leverkusen,2,0,H,Germany,Bundesliga,football-data.co.uk
league_4cc0f27b8f318135,2018-08-25,BUNDESLIGA,2018-19,LEAGUE,,Fortuna Dusseldorf,Augsburg,1,2,A,Germany,Bundesliga,football-data.co.uk
league_22620dd44aef4a70,2018-08-25,BUNDESLIGA,2018-19,LEAGUE,,Freiburg,Eintracht Frankfurt,0,2,A,Germany,Bundesliga,football-data.co.uk
league_4d097a6cb0a80957,2018-08-25,BUNDESLIGA,2018-19,LEAGUE,,Hertha,Nurnberg,1,0,H,Germany,Bundesliga,football-data.co.uk
league_b0f33bd05c58e77e,2018-08-25,BUNDESLIGA,2018-19,LEAGUE,,Werder Bremen,Hannover,1,1,D,Germany,Bundesliga,football-data.co.uk
league_0751aede2ec5c3f7,2018-08-25,BUNDESLIGA,2018-19,LEAGUE,,Wolfsburg,FC Schalke 04,2,1,H,Germany,Bundesliga,football-data.co.uk
league_dc6eff9a9ec6205d,2018-08-26,BUNDESLIGA,2018-19,LEAGUE,,Borussia Dortmund,RB Leipzig,4,1,H,Germany,Bundesliga,football-data.co.uk
league_1252f4604347cbd4,2018-08-26,BUNDESLIGA,2018-19,LEAGUE,,FSV Mainz 05,Stuttgart,1,0,H,Germany,Bundesliga,football-data.co.uk
league_cbdcd95d356268f6,2018-08-31,BUNDESLIGA,2018-19,LEAGUE,,Hannover,Borussia Dortmund,0,0,D,Germany,Bundesliga,football-data.co.uk
league_24e3a275b422bf63,2018-09-01,BUNDESLIGA,2018-19,LEAGUE,,Augsburg,Borussia Mönchengladbach,1,1,D,Germany,Bundesliga,football-data.co.uk
league_1589016706c7ce11,2018-09-01,BUNDESLIGA,2018-19,LEAGUE,,Bayer 04 Leverkusen,Wolfsburg,1,3,A,Germany,Bundesliga,football-data.co.uk
league_06c74f51cc3a239d,2018-09-01,BUNDESLIGA,2018-19,LEAGUE,,Eintracht Frankfurt,Werder Bremen,1,2,A,Germany,Bundesliga,football-data.co.uk
league_0ec6765763edd464,2018-09-01,BUNDESLIGA,2018-19,LEAGUE,,Hoffenheim,Freiburg,3,1,H,Germany,Bundesliga,football-data.co.uk
league_c5b60476342fc037,2018-09-01,BUNDESLIGA,2018-19,LEAGUE,,Nurnberg,FSV Mainz 05,1,1,D,Germany,Bundesliga,football-data.co.uk
league_c126abdb4100b5fb,2018-09-01,BUNDESLIGA,2018-19,LEAGUE,,Stuttgart,FC Bayern München,0,3,A,Germany,Bundesliga,football-data.co.uk
league_0eebc43539a8a102,2018-09-02,BUNDESLIGA,2018-19,LEAGUE,,FC Schalke 04,Hertha,0,2,A,Germany,Bundesliga,football-data.co.uk
league_7259f0f728c4222b,2018-09-02,BUNDESLIGA,2018-19,LEAGUE,,RB Leipzig,Fortuna Dusseldorf,1,1,D,Germany,Bundesliga,football-data.co.uk
league_41910b4bab0951f6,2018-09-14,BUNDESLIGA,2018-19,LEAGUE,,Borussia Dortmund,Eintracht Frankfurt,3,1,H,Germany,Bundesliga,football-data.co.uk
league_37812f0c241b751c,2018-09-15,BUNDESLIGA,2018-19,LEAGUE,,Borussia Mönchengladbach,FC Schalke 04,2,1,H,Germany,Bundesliga,football-data.co.uk
league_d8079ef604368b0d,2018-09-15,BUNDESLIGA,2018-19,LEAGUE,,FC Bayern München,Bayer 04 Leverkusen,3,1,H,Germany,Bundesliga,football-data.co.uk
league_7ed8606ce76aa60a,2018-09-15,BUNDESLIGA,2018-19,LEAGUE,,FSV Mainz 05,Augsburg,2,1,H,Germany,Bundesliga,football-data.co.uk
league_12003f35612c11bf,2018-09-15,BUNDESLIGA,2018-19,LEAGUE,,Fortuna Dusseldorf,Hoffenheim,2,1,H,Germany,Bundesliga,football-data.co.uk
league_567a1f0b7796d2e6,2018-09-15,BUNDESLIGA,2018-19,LEAGUE,,RB Leipzig,Hannover,3,2,H,Germany,Bundesliga,football-data.co.uk
league_5a964f834a951c76,2018-09-15,BUNDESLIGA,2018-19,LEAGUE,,Wolfsburg,Hertha,2,2,D,Germany,Bundesliga,football-data.co.uk
league_5e8ec400f0804bfa,2018-09-16,BUNDESLIGA,2018-19,LEAGUE,,Freiburg,Stuttgart,3,3,D,Germany,Bundesliga,football-data.co.uk
league_e538469eb340573a,2018-09-16,BUNDESLIGA,2018-19,LEAGUE,,Werder Bremen,Nurnberg,1,1,D,Germany,Bundesliga,football-data.co.uk
league_d1f9f88fc4afa4de,2018-09-21,BUNDESLIGA,2018-19,LEAGUE,,Stuttgart,Fortuna Dusseldorf,0,0,D,Germany,Bundesliga,football-data.co.uk
league_9a4f6d9f30282c0f,2018-09-22,BUNDESLIGA,2018-19,LEAGUE,,Augsburg,Werder Bremen,2,3,A,Germany,Bundesliga,football-data.co.uk
league_5491dcd64b973597,2018-09-22,BUNDESLIGA,2018-19,LEAGUE,,FC Schalke 04,FC Bayern München,0,2,A,Germany,Bundesliga,football-data.co.uk
league_8efbf0cebe233bd6,2018-09-22,BUNDESLIGA,2018-19,LEAGUE,,Hertha,Borussia Mönchengladbach,4,2,H,Germany,Bundesliga,football-data.co.uk
league_c642808fab781fea,2018-09-22,BUNDESLIGA,2018-19,LEAGUE,,Hoffenheim,Borussia Dortmund,1,1,D,Germany,Bundesliga,football-data.co.uk
league_01055d766210cf11,2018-09-22,BUNDESLIGA,2018-19,LEAGUE,,Nurnberg,Hannover,2,0,H,Germany,Bundesliga,football-data.co.uk
league_82204003bac3d26c,2018-09-22,BUNDESLIGA,2018-19,LEAGUE,,Wolfsburg,Freiburg,1,3,A,Germany,Bundesliga,football-data.co.uk
league_4e2e1c3282dde0a8,2018-09-23,BUNDESLIGA,2018-19,LEAGUE,,Bayer 04 Leverkusen,FSV Mainz 05,1,0,H,Germany,Bundesliga,football-data.co.uk
league_0386a33b053988ac,2018-09-23,BUNDESLIGA,2018-19,LEAGUE,,Eintracht Frankfurt,RB Leipzig,1,1,D,Germany,Bundesliga,football-data.co.uk
league_d547f9055270e0db,2018-09-25,BUNDESLIGA,2018-19,LEAGUE,,FC Bayern München,Augsburg,1,1,D,Germany,Bundesliga,football-data.co.uk
league_2fd2a834e9d0117f,2018-09-25,BUNDESLIGA,2018-19,LEAGUE,,Freiburg,FC Schalke 04,1,0,H,Germany,Bundesliga,football-data.co.uk
league_fb2870a13da907f3,2018-09-25,BUNDESLIGA,2018-19,LEAGUE,,Hannover,Hoffenheim,1,3,A,Germany,Bundesliga,football-data.co.uk
league_861d535f45e450ed,2018-09-25,BUNDESLIGA,2018-19,LEAGUE,,Werder Bremen,Hertha,3,1,H,Germany,Bundesliga,football-data.co.uk
league_41e4808ff0222457,2018-09-26,BUNDESLIGA,2018-19,LEAGUE,,Borussia Dortmund,Nurnberg,7,0,H,Germany,Bundesliga,football-data.co.uk
league_a74e209b1bb4d2c4,2018-09-26,BUNDESLIGA,2018-19,LEAGUE,,Borussia Mönchengladbach,Eintracht Frankfurt,3,1,H,Germany,Bundesliga,football-data.co.uk
league_459a2fb67dc456f4,2018-09-26,BUNDESLIGA,2018-19,LEAGUE,,FSV Mainz 05,Wolfsburg,0,0,D,Germany,Bundesliga,football-data.co.uk
league_0c8cfb501002bb60,2018-09-26,BUNDESLIGA,2018-19,LEAGUE,,Fortuna Dusseldorf,Bayer 04 Leverkusen,1,2,A,Germany,Bundesliga,football-data.co.uk
league_a883a6bbaecd05c7,2018-09-26,BUNDESLIGA,2018-19,LEAGUE,,RB Leipzig,Stuttgart,2,0,H,Germany,Bundesliga,football-data.co.uk
league_65d47660e64d46f8,2018-09-28,BUNDESLIGA,2018-19,LEAGUE,,Hertha,FC Bayern München,2,0,H,Germany,Bundesliga,football-data.co.uk
league_2f811bca4c1ad3cc,2018-09-29,BUNDESLIGA,2018-19,LEAGUE,,Bayer 04 Leverkusen,Borussia Dortmund,2,4,A,Germany,Bundesliga,football-data.co.uk
league_25f1c9b81417e4ad,2018-09-29,BUNDESLIGA,2018-19,LEAGUE,,FC Schalke 04,FSV Mainz 05,1,0,H,Germany,Bundesliga,football-data.co.uk
league_83e8a27f750e9cf0,2018-09-29,BUNDESLIGA,2018-19,LEAGUE,,Hoffenheim,RB Leipzig,1,2,A,Germany,Bundesliga,football-data.co.uk
league_bb75f199b743c01f,2018-09-29,BUNDESLIGA,2018-19,LEAGUE,,Nurnberg,Fortuna Dusseldorf,3,0,H,Germany,Bundesliga,football-data.co.uk
league_b0887fa0a05e5090,2018-09-29,BUNDESLIGA,2018-19,LEAGUE,,Stuttgart,Werder Bremen,2,1,H,Germany,Bundesliga,football-data.co.uk
league_a1dfe11d412562c7,2018-09-29,BUNDESLIGA,2018-19,LEAGUE,,Wolfsburg,Borussia Mönchengladbach,2,2,D,Germany,Bundesliga,football-data.co.uk
league_172597cd25524122,2018-09-30,BUNDESLIGA,2018-19,LEAGUE,,Augsburg,Freiburg,4,1,H,Germany,Bundesliga,football-data.co.uk
league_20c992125ef595d9,2018-09-30,BUNDESLIGA,2018-19,LEAGUE,,Eintracht Frankfurt,Hannover,4,1,H,Germany,Bundesliga,football-data.co.uk
league_19a141d3f29f01aa,2018-10-05,BUNDESLIGA,2018-19,LEAGUE,,Werder Bremen,Wolfsburg,2,0,H,Germany,Bundesliga,football-data.co.uk
league_5fdac8f0b9023512,2018-10-06,BUNDESLIGA,2018-19,LEAGUE,,Borussia Dortmund,Augsburg,4,3,H,Germany,Bundesliga,football-data.co.uk
league_2b79c272702deccd,2018-10-06,BUNDESLIGA,2018-19,LEAGUE,,FC Bayern München,Borussia Mönchengladbach,0,3,A,Germany,Bundesliga,football-data.co.uk
league_e01f2dfc0612310f,2018-10-06,BUNDESLIGA,2018-19,LEAGUE,,FSV Mainz 05,Hertha,0,0,D,Germany,Bundesliga,football-data.co.uk
league_dc11497eeae14de9,2018-10-06,BUNDESLIGA,2018-19,LEAGUE,,Fortuna Dusseldorf,FC Schalke 04,0,2,A,Germany,Bundesliga,football-data.co.uk
league_505ef656f30d1002,2018-10-06,BUNDESLIGA,2018-19,LEAGUE,,Hannover,Stuttgart,3,1,H,Germany,Bundesliga,football-data.co.uk
league_e108c450fb741cdc,2018-10-07,BUNDESLIGA,2018-19,LEAGUE,,Freiburg,Bayer 04 Leverkusen,0,0,D,Germany,Bundesliga,football-data.co.uk
league_06c22827b4ff7a36,2018-10-07,BUNDESLIGA,2018-19,LEAGUE,,Hoffenheim,Eintracht Frankfurt,1,2,A,Germany,Bundesliga,football-data.co.uk
league_8ff2d64316321464,2018-10-07,BUNDESLIGA,2018-19,LEAGUE,,RB Leipzig,Nurnberg,6,0,H,Germany,Bundesliga,football-data.co.uk
league_5eaff817df98243f,2018-10-19,BUNDESLIGA,2018-19,LEAGUE,,Eintracht Frankfurt,Fortuna Dusseldorf,7,1,H,Germany,Bundesliga,football-data.co.uk
league_224675a95fb183ea,2018-10-20,BUNDESLIGA,2018-19,LEAGUE,,Augsburg,RB Leipzig,0,0,D,Germany,Bundesliga,football-data.co.uk
league_8cc670d2dd764fa5,2018-10-20,BUNDESLIGA,2018-19,LEAGUE,,Bayer 04 Leverkusen,Hannover,2,2,D,Germany,Bundesliga,football-data.co.uk
league_1dc1e218c4857842,2018-10-20,BUNDESLIGA,2018-19,LEAGUE,,FC Schalke 04,Werder Bremen,0,2,A,Germany,Bundesliga,football-data.co.uk
league_0ced37d2f67b1c61,2018-10-20,BUNDESLIGA,2018-19,LEAGUE,,Nurnberg,Hoffenheim,1,3,A,Germany,Bundesliga,football-data.co.uk
league_1ad1b6f81b29b0f3,2018-10-20,BUNDESLIGA,2018-19,LEAGUE,,Stuttgart,Borussia Dortmund,0,4,A,Germany,Bundesliga,football-data.co.uk
league_ea92df99285b8ac7,2018-10-20,BUNDESLIGA,2018-19,LEAGUE,,Wolfsburg,FC Bayern München,1,3,A,Germany,Bundesliga,football-data.co.uk
league_eee86c10ed6ad1d5,2018-10-21,BUNDESLIGA,2018-19,LEAGUE,,Borussia Mönchengladbach,FSV Mainz 05,4,0,H,Germany,Bundesliga,football-data.co.uk
league_5734bae3faf6eb40,2018-10-21,BUNDESLIGA,2018-19,LEAGUE,,Hertha,Freiburg,1,1,D,Germany,Bundesliga,football-data.co.uk
league_a99b91cd2005c74d,2018-10-26,BUNDESLIGA,2018-19,LEAGUE,,Freiburg,Borussia Mönchengladbach,3,1,H,Germany,Bundesliga,football-data.co.uk
league_3dcd2ddb9db2e259,2018-10-27,BUNDESLIGA,2018-19,LEAGUE,,Borussia Dortmund,Hertha,2,2,D,Germany,Bundesliga,football-data.co.uk
league_3270300b5983b9f7,2018-10-27,BUNDESLIGA,2018-19,LEAGUE,,FSV Mainz 05,FC Bayern München,1,2,A,Germany,Bundesliga,football-data.co.uk
league_a7dad5d384767fd9,2018-10-27,BUNDESLIGA,2018-19,LEAGUE,,Fortuna Dusseldorf,Wolfsburg,0,3,A,Germany,Bundesliga,football-data.co.uk
league_8e6b9fb6347d527d,2018-10-27,BUNDESLIGA,2018-19,LEAGUE,,Hannover,Augsburg,1,2,A,Germany,Bundesliga,football-data.co.uk
league_cd9d386544be47ac,2018-10-27,BUNDESLIGA,2018-19,LEAGUE,,Hoffenheim,Stuttgart,4,0,H,Germany,Bundesliga,football-data.co.uk
league_24c90c86e3747ed4,2018-10-28,BUNDESLIGA,2018-19,LEAGUE,,Nurnberg,Eintracht Frankfurt,1,1,D,Germany,Bundesliga,football-data.co.uk
league_6b89e2339a15bede,2018-10-28,BUNDESLIGA,2018-19,LEAGUE,,RB Leipzig,FC Schalke 04,0,0,D,Germany,Bundesliga,football-data.co.uk
league_513e8d81ae2cbbe2,2018-10-28,BUNDESLIGA,2018-19,LEAGUE,,Werder Bremen,Bayer 04 Leverkusen,2,6,A,Germany,Bundesliga,football-data.co.uk
league_cf5a7a89c257f63f,2018-11-02,BUNDESLIGA,2018-19,LEAGUE,,Stuttgart,Eintracht Frankfurt,0,3,A,Germany,Bundesliga,football-data.co.uk
league_bae972faf216d124,2018-11-03,BUNDESLIGA,2018-19,LEAGUE,,Augsburg,Nurnberg,2,2,D,Germany,Bundesliga,football-data.co.uk
league_010e8da0b051710e,2018-11-03,BUNDESLIGA,2018-19,LEAGUE,,Bayer 04 Leverkusen,Hoffenheim,1,4,A,Germany,Bundesliga,football-data.co.uk
league_97467b38b62ccae3,2018-11-03,BUNDESLIGA,2018-19,LEAGUE,,FC Bayern München,Freiburg,1,1,D,Germany,Bundesliga,football-data.co.uk
league_8eabc08cc9ad64bb,2018-11-03,BUNDESLIGA,2018-19,LEAGUE,,FC Schalke 04,Hannover,3,1,H,Germany,Bundesliga,football-data.co.uk
league_c54ad25b718a8ebe,2018-11-03,BUNDESLIGA,2018-19,LEAGUE,,Hertha,RB Leipzig,0,3,A,Germany,Bundesliga,football-data.co.uk
league_a82b90cc5a480cbf,2018-11-03,BUNDESLIGA,2018-19,LEAGUE,,Wolfsburg,Borussia Dortmund,0,1,A,Germany,Bundesliga,football-data.co.uk
league_2e31146a137bcd9c,2018-11-04,BUNDESLIGA,2018-19,LEAGUE,,Borussia Mönchengladbach,Fortuna Dusseldorf,3,0,H,Germany,Bundesliga,football-data.co.uk
league_ddb2fb532c5bd8a5,2018-11-04,BUNDESLIGA,2018-19,LEAGUE,,FSV Mainz 05,Werder Bremen,2,1,H,Germany,Bundesliga,football-data.co.uk
league_6e94aa05bdf1ef29,2018-11-09,BUNDESLIGA,2018-19,LEAGUE,,Hannover,Wolfsburg,2,1,H,Germany,Bundesliga,football-data.co.uk
league_5ec198a5efe8c1e6,2018-11-10,BUNDESLIGA,2018-19,LEAGUE,,Borussia Dortmund,FC Bayern München,3,2,H,Germany,Bundesliga,football-data.co.uk
league_f525cbae7e9457c0,2018-11-10,BUNDESLIGA,2018-19,LEAGUE,,Fortuna Dusseldorf,Hertha,4,1,H,Germany,Bundesliga,football-data.co.uk
league_7c53c35d61cf0265,2018-11-10,BUNDESLIGA,2018-19,LEAGUE,,Freiburg,FSV Mainz 05,1,3,A,Germany,Bundesliga,football-data.co.uk
league_5d193c1f4adefde4,2018-11-10,BUNDESLIGA,2018-19,LEAGUE,,Hoffenheim,Augsburg,2,1,H,Germany,Bundesliga,football-data.co.uk
league_f07617be330cc3ec,2018-11-10,BUNDESLIGA,2018-19,LEAGUE,,Nurnberg,Stuttgart,0,2,A,Germany,Bundesliga,football-data.co.uk
league_325f16a6b6622b8c,2018-11-10,BUNDESLIGA,2018-19,LEAGUE,,Werder Bremen,Borussia Mönchengladbach,1,3,A,Germany,Bundesliga,football-data.co.uk
league_48a577fcefc1c010,2018-11-11,BUNDESLIGA,2018-19,LEAGUE,,Eintracht Frankfurt,FC Schalke 04,3,0,H,Germany,Bundesliga,football-data.co.uk
league_a3cfbd938c611ecb,2018-11-11,BUNDESLIGA,2018-19,LEAGUE,,RB Leipzig,Bayer 04 Leverkusen,3,0,H,Germany,Bundesliga,football-data.co.uk
league_12bfae6d3d5c2da6,2018-11-23,BUNDESLIGA,2018-19,LEAGUE,,Bayer 04 Leverkusen,Stuttgart,2,0,H,Germany,Bundesliga,football-data.co.uk
league_e30fac7552b11658,2018-11-24,BUNDESLIGA,2018-19,LEAGUE,,Augsburg,Eintracht Frankfurt,1,3,A,Germany,Bundesliga,football-data.co.uk
league_91fdcd21b74850e6,2018-11-24,BUNDESLIGA,2018-19,LEAGUE,,FC Bayern München,Fortuna Dusseldorf,3,3,D,Germany,Bundesliga,football-data.co.uk
league_efb5344af743ce03,2018-11-24,BUNDESLIGA,2018-19,LEAGUE,,FC Schalke 04,Nurnberg,5,2,H,Germany,Bundesliga,football-data.co.uk
league_1a5f72e6a5933f51,2018-11-24,BUNDESLIGA,2018-19,LEAGUE,,FSV Mainz 05,Borussia Dortmund,1,2,A,Germany,Bundesliga,football-data.co.uk
league_3aa5b4b31837fb2a,2018-11-24,BUNDESLIGA,2018-19,LEAGUE,,Hertha,Hoffenheim,3,3,D,Germany,Bundesliga,football-data.co.uk
league_c5577dd37f2d6e3e,2018-11-24,BUNDESLIGA,2018-19,LEAGUE,,Wolfsburg,RB Leipzig,1,0,H,Germany,Bundesliga,football-data.co.uk
league_492c2a3c962729eb,2018-11-25,BUNDESLIGA,2018-19,LEAGUE,,Borussia Mönchengladbach,Hannover,4,1,H,Germany,Bundesliga,football-data.co.uk
league_c045a8b879c0457e,2018-11-25,BUNDESLIGA,2018-19,LEAGUE,,Freiburg,Werder Bremen,1,1,D,Germany,Bundesliga,football-data.co.uk
league_922f81f7cd9f714b,2018-11-30,BUNDESLIGA,2018-19,LEAGUE,,Fortuna Dusseldorf,FSV Mainz 05,0,1,A,Germany,Bundesliga,football-data.co.uk
league_80005a19dd5f628e,2018-12-01,BUNDESLIGA,2018-19,LEAGUE,,Borussia Dortmund,Freiburg,2,0,H,Germany,Bundesliga,football-data.co.uk
league_3646b738f62ff33a,2018-12-01,BUNDESLIGA,2018-19,LEAGUE,,Hannover,Hertha,0,2,A,Germany,Bundesliga,football-data.co.uk
league_4047c3943586f883,2018-12-01,BUNDESLIGA,2018-19,LEAGUE,,Hoffenheim,FC Schalke 04,1,1,D,Germany,Bundesliga,football-data.co.uk
league_cbf3f7add427208a,2018-12-01,BUNDESLIGA,2018-19,LEAGUE,,Stuttgart,Augsburg,1,0,H,Germany,Bundesliga,football-data.co.uk
league_b6b172c1cbecfd2e,2018-12-01,BUNDESLIGA,2018-19,LEAGUE,,Werder Bremen,FC Bayern München,1,2,A,Germany,Bundesliga,football-data.co.uk
league_256538e239fdeab5,2018-12-02,BUNDESLIGA,2018-19,LEAGUE,,Eintracht Frankfurt,Wolfsburg,1,2,A,Germany,Bundesliga,football-data.co.uk
league_66ce0c643c80fe86,2018-12-02,BUNDESLIGA,2018-19,LEAGUE,,RB Leipzig,Borussia Mönchengladbach,2,0,H,Germany,Bundesliga,football-data.co.uk
league_801934c4e0a9e961,2018-12-03,BUNDESLIGA,2018-19,LEAGUE,,Nurnberg,Bayer 04 Leverkusen,1,1,D,Germany,Bundesliga,football-data.co.uk
league_55d2f5b80adb3930,2018-12-07,BUNDESLIGA,2018-19,LEAGUE,,Werder Bremen,Fortuna Dusseldorf,3,1,H,Germany,Bundesliga,football-data.co.uk
league_9468d5b55e09c787,2018-12-08,BUNDESLIGA,2018-19,LEAGUE,,Bayer 04 Leverkusen,Augsburg,1,0,H,Germany,Bundesliga,football-data.co.uk
league_c860eb904cdbbc07,2018-12-08,BUNDESLIGA,2018-19,LEAGUE,,FC Bayern München,Nurnberg,3,0,H,Germany,Bundesliga,football-data.co.uk
league_cc7927d009a2ff1c,2018-12-08,BUNDESLIGA,2018-19,LEAGUE,,FC Schalke 04,Borussia Dortmund,1,2,A,Germany,Bundesliga,football-data.co.uk
league_df4f3e34a8c71b5e,2018-12-08,BUNDESLIGA,2018-19,LEAGUE,,Freiburg,RB Leipzig,3,0,H,Germany,Bundesliga,football-data.co.uk
league_06a3c22bdaccfbc6,2018-12-08,BUNDESLIGA,2018-19,LEAGUE,,Hertha,Eintracht Frankfurt,1,0,H,Germany,Bundesliga,football-data.co.uk
league_36fd8418982b220e,2018-12-08,BUNDESLIGA,2018-19,LEAGUE,,Wolfsburg,Hoffenheim,2,2,D,Germany,Bundesliga,football-data.co.uk
league_9616b4d45e6f9d86,2018-12-09,BUNDESLIGA,2018-19,LEAGUE,,Borussia Mönchengladbach,Stuttgart,3,0,H,Germany,Bundesliga,football-data.co.uk
league_177ccad3e5c3a8e1,2018-12-09,BUNDESLIGA,2018-19,LEAGUE,,FSV Mainz 05,Hannover,1,1,D,Germany,Bundesliga,football-data.co.uk
league_089c1404c5bb733f,2018-12-14,BUNDESLIGA,2018-19,LEAGUE,,Nurnberg,Wolfsburg,0,2,A,Germany,Bundesliga,football-data.co.uk
league_024842adf69041fd,2018-12-15,BUNDESLIGA,2018-19,LEAGUE,,Augsburg,FC Schalke 04,1,1,D,Germany,Bundesliga,football-data.co.uk
league_99dba8be33b87e85,2018-12-15,BUNDESLIGA,2018-19,LEAGUE,,Borussia Dortmund,Werder Bremen,2,1,H,Germany,Bundesliga,football-data.co.uk
league_5b913f9035df2ae4,2018-12-15,BUNDESLIGA,2018-19,LEAGUE,,Fortuna Dusseldorf,Freiburg,2,0,H,Germany,Bundesliga,football-data.co.uk
league_f8f9b7008aeac7ce,2018-12-15,BUNDESLIGA,2018-19,LEAGUE,,Hannover,FC Bayern München,0,4,A,Germany,Bundesliga,football-data.co.uk
league_89bcd7161a89782b,2018-12-15,BUNDESLIGA,2018-19,LEAGUE,,Hoffenheim,Borussia Mönchengladbach,0,0,D,Germany,Bundesliga,football-data.co.uk
league_a86987ae3fd2331c,2018-12-15,BUNDESLIGA,2018-19,LEAGUE,,Stuttgart,Hertha,2,1,H,Germany,Bundesliga,football-data.co.uk
league_fe5d344ece83a304,2018-12-16,BUNDESLIGA,2018-19,LEAGUE,,Eintracht Frankfurt,Bayer 04 Leverkusen,2,1,H,Germany,Bundesliga,football-data.co.uk
league_7c1db2365a93cada,2018-12-16,BUNDESLIGA,2018-19,LEAGUE,,RB Leipzig,FSV Mainz 05,4,1,H,Germany,Bundesliga,football-data.co.uk
league_4dc330429f65418f,2018-12-18,BUNDESLIGA,2018-19,LEAGUE,,Borussia Mönchengladbach,Nurnberg,2,0,H,Germany,Bundesliga,football-data.co.uk
league_bd301c457a6ad96a,2018-12-18,BUNDESLIGA,2018-19,LEAGUE,,Fortuna Dusseldorf,Borussia Dortmund,2,1,H,Germany,Bundesliga,football-data.co.uk
league_4e6986b98f2a3247,2018-12-18,BUNDESLIGA,2018-19,LEAGUE,,Hertha,Augsburg,2,2,D,Germany,Bundesliga,football-data.co.uk
league_fa419bedf1f61ab7,2018-12-18,BUNDESLIGA,2018-19,LEAGUE,,Wolfsburg,Stuttgart,2,0,H,Germany,Bundesliga,football-data.co.uk
league_ec64c86882f879bb,2018-12-19,BUNDESLIGA,2018-19,LEAGUE,,FC Bayern München,RB Leipzig,1,0,H,Germany,Bundesliga,football-data.co.uk
league_68c410952ea0b66b,2018-12-19,BUNDESLIGA,2018-19,LEAGUE,,FC Schalke 04,Bayer 04 Leverkusen,1,2,A,Germany,Bundesliga,football-data.co.uk
league_cdf5239b653bc507,2018-12-19,BUNDESLIGA,2018-19,LEAGUE,,FSV Mainz 05,Eintracht Frankfurt,2,2,D,Germany,Bundesliga,football-data.co.uk
league_c3977801317ead7c,2018-12-19,BUNDESLIGA,2018-19,LEAGUE,,Freiburg,Hannover,1,1,D,Germany,Bundesliga,football-data.co.uk
league_c65c6b1710d5ed9e,2018-12-19,BUNDESLIGA,2018-19,LEAGUE,,Werder Bremen,Hoffenheim,1,1,D,Germany,Bundesliga,football-data.co.uk
league_466b48eb30c2918f,2018-12-21,BUNDESLIGA,2018-19,LEAGUE,,Borussia Dortmund,Borussia Mönchengladbach,2,1,H,Germany,Bundesliga,football-data.co.uk
league_4a5d54f3561ab856,2018-12-22,BUNDESLIGA,2018-19,LEAGUE,,Bayer 04 Leverkusen,Hertha,3,1,H,Germany,Bundesliga,football-data.co.uk
league_96bf59c7588ff33a,2018-12-22,BUNDESLIGA,2018-19,LEAGUE,,Eintracht Frankfurt,FC Bayern München,0,3,A,Germany,Bundesliga,football-data.co.uk
league_a813797640439a80,2018-12-22,BUNDESLIGA,2018-19,LEAGUE,,Hannover,Fortuna Dusseldorf,0,1,A,Germany,Bundesliga,football-data.co.uk
league_12144a57a2f478bf,2018-12-22,BUNDESLIGA,2018-19,LEAGUE,,Nurnberg,Freiburg,0,1,A,Germany,Bundesliga,football-data.co.uk
league_290271a8a9aa81b7,2018-12-22,BUNDESLIGA,2018-19,LEAGUE,,RB Leipzig,Werder Bremen,3,2,H,Germany,Bundesliga,football-data.co.uk
league_a4d51c3b7bda29f4,2018-12-22,BUNDESLIGA,2018-19,LEAGUE,,Stuttgart,FC Schalke 04,1,3,A,Germany,Bundesliga,football-data.co.uk
league_54be49c622e4a2be,2018-12-23,BUNDESLIGA,2018-19,LEAGUE,,Augsburg,Wolfsburg,2,3,A,Germany,Bundesliga,football-data.co.uk
league_44212f81f5099273,2018-12-23,BUNDESLIGA,2018-19,LEAGUE,,Hoffenheim,FSV Mainz 05,1,1,D,Germany,Bundesliga,football-data.co.uk
league_213ac7f9e0724854,2019-01-18,BUNDESLIGA,2018-19,LEAGUE,,Hoffenheim,FC Bayern München,1,3,A,Germany,Bundesliga,football-data.co.uk
league_8299982cf318b188,2019-01-19,BUNDESLIGA,2018-19,LEAGUE,,Augsburg,Fortuna Dusseldorf,1,2,A,Germany,Bundesliga,football-data.co.uk
league_bfce5d62b12bf8e2,2019-01-19,BUNDESLIGA,2018-19,LEAGUE,,Bayer 04 Leverkusen,Borussia Mönchengladbach,0,1,A,Germany,Bundesliga,football-data.co.uk
league_2debe45af99d1af4,2019-01-19,BUNDESLIGA,2018-19,LEAGUE,,Eintracht Frankfurt,Freiburg,3,1,H,Germany,Bundesliga,football-data.co.uk
league_f1d4b6013d526296,2019-01-19,BUNDESLIGA,2018-19,LEAGUE,,Hannover,Werder Bremen,0,1,A,Germany,Bundesliga,football-data.co.uk
league_86c2a4efcb104573,2019-01-19,BUNDESLIGA,2018-19,LEAGUE,,RB Leipzig,Borussia Dortmund,0,1,A,Germany,Bundesliga,football-data.co.uk
league_6d811a259fe1d753,2019-01-19,BUNDESLIGA,2018-19,LEAGUE,,Stuttgart,FSV Mainz 05,2,3,A,Germany,Bundesliga,football-data.co.uk
league_6cdf971354a17a2d,2019-01-20,BUNDESLIGA,2018-19,LEAGUE,,FC Schalke 04,Wolfsburg,2,1,H,Germany,Bundesliga,football-data.co.uk
league_c619d7a8ea3a1185,2019-01-20,BUNDESLIGA,2018-19,LEAGUE,,Nurnberg,Hertha,1,3,A,Germany,Bundesliga,football-data.co.uk
league_29e9e5c6c4449a26,2019-01-25,BUNDESLIGA,2018-19,LEAGUE,,Hertha,FC Schalke 04,2,2,D,Germany,Bundesliga,football-data.co.uk
league_451722c52c2f0bff,2019-01-26,BUNDESLIGA,2018-19,LEAGUE,,Borussia Dortmund,Hannover,5,1,H,Germany,Bundesliga,football-data.co.uk
league_b47471fd51351946,2019-01-26,BUNDESLIGA,2018-19,LEAGUE,,Borussia Mönchengladbach,Augsburg,2,0,H,Germany,Bundesliga,football-data.co.uk
league_56e44bed58e8b17d,2019-01-26,BUNDESLIGA,2018-19,LEAGUE,,FSV Mainz 05,Nurnberg,2,1,H,Germany,Bundesliga,football-data.co.uk
league_1a560228d39bb0ae,2019-01-26,BUNDESLIGA,2018-19,LEAGUE,,Freiburg,Hoffenheim,2,4,A,Germany,Bundesliga,football-data.co.uk
league_a4043e67030ce4c0,2019-01-26,BUNDESLIGA,2018-19,LEAGUE,,Werder Bremen,Eintracht Frankfurt,2,2,D,Germany,Bundesliga,football-data.co.uk
league_fc3bbe5907ceff68,2019-01-26,BUNDESLIGA,2018-19,LEAGUE,,Wolfsburg,Bayer 04 Leverkusen,0,3,A,Germany,Bundesliga,football-data.co.uk
league_f547e1f3ab295b47,2019-01-27,BUNDESLIGA,2018-19,LEAGUE,,FC Bayern München,Stuttgart,4,1,H,Germany,Bundesliga,football-data.co.uk
league_89c6c61dee278ba5,2019-01-27,BUNDESLIGA,2018-19,LEAGUE,,Fortuna Dusseldorf,RB Leipzig,0,4,A,Germany,Bundesliga,football-data.co.uk
league_8f6d99bfaf2ffe99,2019-02-01,BUNDESLIGA,2018-19,LEAGUE,,Hannover,RB Leipzig,0,3,A,Germany,Bundesliga,football-data.co.uk
league_ed56463089185984,2019-02-02,BUNDESLIGA,2018-19,LEAGUE,,Bayer 04 Leverkusen,FC Bayern München,3,1,H,Germany,Bundesliga,football-data.co.uk
league_821188a64a68606a,2019-02-02,BUNDESLIGA,2018-19,LEAGUE,,Eintracht Frankfurt,Borussia Dortmund,1,1,D,Germany,Bundesliga,football-data.co.uk
league_6ff33df9e93d3c5a,2019-02-02,BUNDESLIGA,2018-19,LEAGUE,,FC Schalke 04,Borussia Mönchengladbach,0,2,A,Germany,Bundesliga,football-data.co.uk
league_b6b8be50f666d162,2019-02-02,BUNDESLIGA,2018-19,LEAGUE,,Hertha,Wolfsburg,0,1,A,Germany,Bundesliga,football-data.co.uk
league_eb823ea97b9795e9,2019-02-02,BUNDESLIGA,2018-19,LEAGUE,,Hoffenheim,Fortuna Dusseldorf,1,1,D,Germany,Bundesliga,football-data.co.uk
league_684cf22ab1c00971,2019-02-02,BUNDESLIGA,2018-19,LEAGUE,,Nurnberg,Werder Bremen,1,1,D,Germany,Bundesliga,football-data.co.uk
league_dc60d9e35a7a15db,2019-02-03,BUNDESLIGA,2018-19,LEAGUE,,Augsburg,FSV Mainz 05,3,0,H,Germany,Bundesliga,football-data.co.uk
league_56d8a380a15f3b5c,2019-02-03,BUNDESLIGA,2018-19,LEAGUE,,Stuttgart,Freiburg,2,2,D,Germany,Bundesliga,football-data.co.uk
league_30acf3a2667c1f71,2019-02-08,BUNDESLIGA,2018-19,LEAGUE,,FSV Mainz 05,Bayer 04 Leverkusen,1,5,A,Germany,Bundesliga,football-data.co.uk
league_379634ba03f58e62,2019-02-09,BUNDESLIGA,2018-19,LEAGUE,,Borussia Dortmund,Hoffenheim,3,3,D,Germany,Bundesliga,football-data.co.uk
league_f831982100e03bc3,2019-02-09,BUNDESLIGA,2018-19,LEAGUE,,Borussia Mönchengladbach,Hertha,0,3,A,Germany,Bundesliga,football-data.co.uk
league_05d097c7cdf62d40,2019-02-09,BUNDESLIGA,2018-19,LEAGUE,,FC Bayern München,FC Schalke 04,3,1,H,Germany,Bundesliga,football-data.co.uk
league_3c987cc0be496bef,2019-02-09,BUNDESLIGA,2018-19,LEAGUE,,Freiburg,Wolfsburg,3,3,D,Germany,Bundesliga,football-data.co.uk
league_b5796fe06d4b7e94,2019-02-09,BUNDESLIGA,2018-19,LEAGUE,,Hannover,Nurnberg,2,0,H,Germany,Bundesliga,football-data.co.uk
league_8ea0e3fcdec39cb0,2019-02-09,BUNDESLIGA,2018-19,LEAGUE,,RB Leipzig,Eintracht Frankfurt,0,0,D,Germany,Bundesliga,football-data.co.uk
league_a71dcc00c8c7ae7d,2019-02-10,BUNDESLIGA,2018-19,LEAGUE,,Fortuna Dusseldorf,Stuttgart,3,0,H,Germany,Bundesliga,football-data.co.uk
league_b3f1ae747ed80c52,2019-02-10,BUNDESLIGA,2018-19,LEAGUE,,Werder Bremen,Augsburg,4,0,H,Germany,Bundesliga,football-data.co.uk
league_406acb9055255040,2019-02-15,BUNDESLIGA,2018-19,LEAGUE,,Augsburg,FC Bayern München,2,3,A,Germany,Bundesliga,football-data.co.uk
league_f8d5df77fded98a9,2019-02-16,BUNDESLIGA,2018-19,LEAGUE,,FC Schalke 04,Freiburg,0,0,D,Germany,Bundesliga,football-data.co.uk
league_d2ab8f12f420139e,2019-02-16,BUNDESLIGA,2018-19,LEAGUE,,Hertha,Werder Bremen,1,1,D,Germany,Bundesliga,football-data.co.uk
league_0962496cd087e8bd,2019-02-16,BUNDESLIGA,2018-19,LEAGUE,,Hoffenheim,Hannover,3,0,H,Germany,Bundesliga,football-data.co.uk
league_c1eb38c5196f89ca,2019-02-16,BUNDESLIGA,2018-19,LEAGUE,,Stuttgart,RB Leipzig,1,3,A,Germany,Bundesliga,football-data.co.uk
league_bf0fd29377ffd0b7,2019-02-16,BUNDESLIGA,2018-19,LEAGUE,,Wolfsburg,FSV Mainz 05,3,0,H,Germany,Bundesliga,football-data.co.uk
league_c694b43820436995,2019-02-17,BUNDESLIGA,2018-19,LEAGUE,,Bayer 04 Leverkusen,Fortuna Dusseldorf,2,0,H,Germany,Bundesliga,football-data.co.uk
league_805fb2efb009bed0,2019-02-17,BUNDESLIGA,2018-19,LEAGUE,,Eintracht Frankfurt,Borussia Mönchengladbach,1,1,D,Germany,Bundesliga,football-data.co.uk
league_ac66eac7c25daebd,2019-02-18,BUNDESLIGA,2018-19,LEAGUE,,Nurnberg,Borussia Dortmund,0,0,D,Germany,Bundesliga,football-data.co.uk
league_9f2d77efb1c5e564,2019-02-22,BUNDESLIGA,2018-19,LEAGUE,,Werder Bremen,Stuttgart,1,1,D,Germany,Bundesliga,football-data.co.uk
league_c702ee717246e795,2019-02-23,BUNDESLIGA,2018-19,LEAGUE,,Borussia Mönchengladbach,Wolfsburg,0,3,A,Germany,Bundesliga,football-data.co.uk
league_70ae65ba4ceeaee3,2019-02-23,BUNDESLIGA,2018-19,LEAGUE,,FC Bayern München,Hertha,1,0,H,Germany,Bundesliga,football-data.co.uk
league_dc445145c2b9ded6,2019-02-23,BUNDESLIGA,2018-19,LEAGUE,,FSV Mainz 05,FC Schalke 04,3,0,H,Germany,Bundesliga,football-data.co.uk
league_fa494cf769d25553,2019-02-23,BUNDESLIGA,2018-19,LEAGUE,,Fortuna Dusseldorf,Nurnberg,2,1,H,Germany,Bundesliga,football-data.co.uk
league_372b70a4e6caa254,2019-02-23,BUNDESLIGA,2018-19,LEAGUE,,Freiburg,Augsburg,5,1,H,Germany,Bundesliga,football-data.co.uk
league_1c768079032002d9,2019-02-24,BUNDESLIGA,2018-19,LEAGUE,,Borussia Dortmund,Bayer 04 Leverkusen,3,2,H,Germany,Bundesliga,football-data.co.uk
league_ba845cc0c61b3ff6,2019-02-24,BUNDESLIGA,2018-19,LEAGUE,,Hannover,Eintracht Frankfurt,0,3,A,Germany,Bundesliga,football-data.co.uk
league_14a0df7eb83f4db0,2019-02-25,BUNDESLIGA,2018-19,LEAGUE,,RB Leipzig,Hoffenheim,1,1,D,Germany,Bundesliga,football-data.co.uk
league_ccdce0d2137151e5,2019-03-01,BUNDESLIGA,2018-19,LEAGUE,,Augsburg,Borussia Dortmund,2,1,H,Germany,Bundesliga,football-data.co.uk
league_2b80caa48728ba7c,2019-03-02,BUNDESLIGA,2018-19,LEAGUE,,Bayer 04 Leverkusen,Freiburg,2,0,H,Germany,Bundesliga,football-data.co.uk
league_0531a891c7c42963,2019-03-02,BUNDESLIGA,2018-19,LEAGUE,,Borussia Mönchengladbach,FC Bayern München,1,5,A,Germany,Bundesliga,football-data.co.uk
league_bfd95f48e7ce11ad,2019-03-02,BUNDESLIGA,2018-19,LEAGUE,,Eintracht Frankfurt,Hoffenheim,3,2,H,Germany,Bundesliga,football-data.co.uk
league_5e79aede2cf7ddc7,2019-03-02,BUNDESLIGA,2018-19,LEAGUE,,FC Schalke 04,Fortuna Dusseldorf,0,4,A,Germany,Bundesliga,football-data.co.uk
league_38a39541511f6b6b,2019-03-02,BUNDESLIGA,2018-19,LEAGUE,,Hertha,FSV Mainz 05,2,1,H,Germany,Bundesliga,football-data.co.uk
league_5fcb64589abb0ae5,2019-03-02,BUNDESLIGA,2018-19,LEAGUE,,Nurnberg,RB Leipzig,0,1,A,Germany,Bundesliga,football-data.co.uk
league_db5f23c43791ca2c,2019-03-03,BUNDESLIGA,2018-19,LEAGUE,,Stuttgart,Hannover,5,1,H,Germany,Bundesliga,football-data.co.uk
league_8bbdc30589ebce59,2019-03-03,BUNDESLIGA,2018-19,LEAGUE,,Wolfsburg,Werder Bremen,1,1,D,Germany,Bundesliga,football-data.co.uk
league_1d81697280736cf6,2019-03-08,BUNDESLIGA,2018-19,LEAGUE,,Werder Bremen,FC Schalke 04,4,2,H,Germany,Bundesliga,football-data.co.uk
league_12a1740c37ea33a6,2019-03-09,BUNDESLIGA,2018-19,LEAGUE,,Borussia Dortmund,Stuttgart,3,1,H,Germany,Bundesliga,football-data.co.uk
league_5e69b927874d6250,2019-03-09,BUNDESLIGA,2018-19,LEAGUE,,FC Bayern München,Wolfsburg,6,0,H,Germany,Bundesliga,football-data.co.uk
league_24b4d0aa412bb261,2019-03-09,BUNDESLIGA,2018-19,LEAGUE,,FSV Mainz 05,Borussia Mönchengladbach,0,1,A,Germany,Bundesliga,football-data.co.uk
league_cfdfc240e698cee6,2019-03-09,BUNDESLIGA,2018-19,LEAGUE,,Freiburg,Hertha,2,1,H,Germany,Bundesliga,football-data.co.uk
league_6b572578bdf8b580,2019-03-09,BUNDESLIGA,2018-19,LEAGUE,,RB Leipzig,Augsburg,0,0,D,Germany,Bundesliga,football-data.co.uk
league_7c2de73f22403fd2,2019-03-10,BUNDESLIGA,2018-19,LEAGUE,,Hannover,Bayer 04 Leverkusen,2,3,A,Germany,Bundesliga,football-data.co.uk
league_a8cd86de997b066e,2019-03-10,BUNDESLIGA,2018-19,LEAGUE,,Hoffenheim,Nurnberg,2,1,H,Germany,Bundesliga,football-data.co.uk
league_cb2aedc59e3065a7,2019-03-11,BUNDESLIGA,2018-19,LEAGUE,,Fortuna Dusseldorf,Eintracht Frankfurt,0,3,A,Germany,Bundesliga,football-data.co.uk
league_5f6106726a84f39d,2019-03-15,BUNDESLIGA,2018-19,LEAGUE,,Borussia Mönchengladbach,Freiburg,1,1,D,Germany,Bundesliga,football-data.co.uk
league_e8e28b641b2a5424,2019-03-16,BUNDESLIGA,2018-19,LEAGUE,,Augsburg,Hannover,3,1,H,Germany,Bundesliga,football-data.co.uk
league_8dd629adf6bae51d,2019-03-16,BUNDESLIGA,2018-19,LEAGUE,,FC Schalke 04,RB Leipzig,0,1,A,Germany,Bundesliga,football-data.co.uk
league_51fc9190a58a0ab9,2019-03-16,BUNDESLIGA,2018-19,LEAGUE,,Hertha,Borussia Dortmund,2,3,A,Germany,Bundesliga,football-data.co.uk
league_6eee3e68522e96b4,2019-03-16,BUNDESLIGA,2018-19,LEAGUE,,Stuttgart,Hoffenheim,1,1,D,Germany,Bundesliga,football-data.co.uk
league_6bc12186c4632949,2019-03-16,BUNDESLIGA,2018-19,LEAGUE,,Wolfsburg,Fortuna Dusseldorf,5,2,H,Germany,Bundesliga,football-data.co.uk
league_a61772191a65bf39,2019-03-17,BUNDESLIGA,2018-19,LEAGUE,,Bayer 04 Leverkusen,Werder Bremen,1,3,A,Germany,Bundesliga,football-data.co.uk
league_bfbb34f9fc695ee5,2019-03-17,BUNDESLIGA,2018-19,LEAGUE,,Eintracht Frankfurt,Nurnberg,1,0,H,Germany,Bundesliga,football-data.co.uk
league_0504e59fc03d572d,2019-03-17,BUNDESLIGA,2018-19,LEAGUE,,FC Bayern München,FSV Mainz 05,6,0,H,Germany,Bundesliga,football-data.co.uk
league_069e60d660195ce0,2019-03-29,BUNDESLIGA,2018-19,LEAGUE,,Hoffenheim,Bayer 04 Leverkusen,4,1,H,Germany,Bundesliga,football-data.co.uk
league_f7065d65fc0bae1b,2019-03-30,BUNDESLIGA,2018-19,LEAGUE,,Borussia Dortmund,Wolfsburg,2,0,H,Germany,Bundesliga,football-data.co.uk
league_9dc89c317cc0d1fd,2019-03-30,BUNDESLIGA,2018-19,LEAGUE,,Fortuna Dusseldorf,Borussia Mönchengladbach,3,1,H,Germany,Bundesliga,football-data.co.uk
league_e574ed9a1dc5ffb3,2019-03-30,BUNDESLIGA,2018-19,LEAGUE,,Freiburg,FC Bayern München,1,1,D,Germany,Bundesliga,football-data.co.uk
league_acac94ad1ab37cf5,2019-03-30,BUNDESLIGA,2018-19,LEAGUE,,Nurnberg,Augsburg,3,0,H,Germany,Bundesliga,football-data.co.uk
league_8283c07d97c490f7,2019-03-30,BUNDESLIGA,2018-19,LEAGUE,,RB Leipzig,Hertha,5,0,H,Germany,Bundesliga,football-data.co.uk
league_06ef32258d2ba549,2019-03-30,BUNDESLIGA,2018-19,LEAGUE,,Werder Bremen,FSV Mainz 05,3,1,H,Germany,Bundesliga,football-data.co.uk
league_9d56c56adbf04ee1,2019-03-31,BUNDESLIGA,2018-19,LEAGUE,,Eintracht Frankfurt,Stuttgart,3,0,H,Germany,Bundesliga,football-data.co.uk
league_9c1bf66b9a7c92d8,2019-03-31,BUNDESLIGA,2018-19,LEAGUE,,Hannover,FC Schalke 04,0,1,A,Germany,Bundesliga,football-data.co.uk
league_9f5840126f4f4d5a,2019-04-05,BUNDESLIGA,2018-19,LEAGUE,,FSV Mainz 05,Freiburg,5,0,H,Germany,Bundesliga,football-data.co.uk
league_0721196a4b90e09a,2019-04-06,BUNDESLIGA,2018-19,LEAGUE,,Bayer 04 Leverkusen,RB Leipzig,2,4,A,Germany,Bundesliga,football-data.co.uk
league_92d3f6759e679542,2019-04-06,BUNDESLIGA,2018-19,LEAGUE,,FC Bayern München,Borussia Dortmund,5,0,H,Germany,Bundesliga,football-data.co.uk
league_e148078711d4f16b,2019-04-06,BUNDESLIGA,2018-19,LEAGUE,,FC Schalke 04,Eintracht Frankfurt,1,2,A,Germany,Bundesliga,football-data.co.uk
league_56a16a51394d7953,2019-04-06,BUNDESLIGA,2018-19,LEAGUE,,Hertha,Fortuna Dusseldorf,1,2,A,Germany,Bundesliga,football-data.co.uk
league_8b4c62d2adf25c5b,2019-04-06,BUNDESLIGA,2018-19,LEAGUE,,Stuttgart,Nurnberg,1,1,D,Germany,Bundesliga,football-data.co.uk
league_bb4938a0e1810dc0,2019-04-06,BUNDESLIGA,2018-19,LEAGUE,,Wolfsburg,Hannover,3,1,H,Germany,Bundesliga,football-data.co.uk
league_ceab343d34814485,2019-04-07,BUNDESLIGA,2018-19,LEAGUE,,Augsburg,Hoffenheim,0,4,A,Germany,Bundesliga,football-data.co.uk
league_c2035c2dd45d9e9c,2019-04-07,BUNDESLIGA,2018-19,LEAGUE,,Borussia Mönchengladbach,Werder Bremen,1,1,D,Germany,Bundesliga,football-data.co.uk
league_fb630ebf21d544ac,2019-04-12,BUNDESLIGA,2018-19,LEAGUE,,Nurnberg,FC Schalke 04,1,1,D,Germany,Bundesliga,football-data.co.uk
league_84c619b6822953df,2019-04-13,BUNDESLIGA,2018-19,LEAGUE,,Borussia Dortmund,FSV Mainz 05,2,1,H,Germany,Bundesliga,football-data.co.uk
league_f3ccc2eec66a40e2,2019-04-13,BUNDESLIGA,2018-19,LEAGUE,,Hannover,Borussia Mönchengladbach,0,1,A,Germany,Bundesliga,football-data.co.uk
league_4cf92b0c10d2fcb6,2019-04-13,BUNDESLIGA,2018-19,LEAGUE,,RB Leipzig,Wolfsburg,2,0,H,Germany,Bundesliga,football-data.co.uk
league_963e27d2436c4557,2019-04-13,BUNDESLIGA,2018-19,LEAGUE,,Stuttgart,Bayer 04 Leverkusen,0,1,A,Germany,Bundesliga,football-data.co.uk
league_81656f401edfa09b,2019-04-13,BUNDESLIGA,2018-19,LEAGUE,,Werder Bremen,Freiburg,2,1,H,Germany,Bundesliga,football-data.co.uk
league_d866efcb57634ada,2019-04-14,BUNDESLIGA,2018-19,LEAGUE,,Eintracht Frankfurt,Augsburg,1,3,A,Germany,Bundesliga,football-data.co.uk
league_5ef9bc3332918f20,2019-04-14,BUNDESLIGA,2018-19,LEAGUE,,Fortuna Dusseldorf,FC Bayern München,1,4,A,Germany,Bundesliga,football-data.co.uk
league_722e309ea2bfc1f2,2019-04-14,BUNDESLIGA,2018-19,LEAGUE,,Hoffenheim,Hertha,2,0,H,Germany,Bundesliga,football-data.co.uk
league_567ad917523a2a85,2019-04-20,BUNDESLIGA,2018-19,LEAGUE,,Augsburg,Stuttgart,6,0,H,Germany,Bundesliga,football-data.co.uk
league_248d9f6e2f45068b,2019-04-20,BUNDESLIGA,2018-19,LEAGUE,,Bayer 04 Leverkusen,Nurnberg,2,0,H,Germany,Bundesliga,football-data.co.uk
league_999cf6628e2def71,2019-04-20,BUNDESLIGA,2018-19,LEAGUE,,Borussia Mönchengladbach,RB Leipzig,1,2,A,Germany,Bundesliga,football-data.co.uk
league_e7757156f7095194,2019-04-20,BUNDESLIGA,2018-19,LEAGUE,,FC Bayern München,Werder Bremen,1,0,H,Germany,Bundesliga,football-data.co.uk
league_b840d1598b8c0717,2019-04-20,BUNDESLIGA,2018-19,LEAGUE,,FC Schalke 04,Hoffenheim,2,5,A,Germany,Bundesliga,football-data.co.uk
league_b8ef143114005cc4,2019-04-20,BUNDESLIGA,2018-19,LEAGUE,,FSV Mainz 05,Fortuna Dusseldorf,3,1,H,Germany,Bundesliga,football-data.co.uk
league_5107a445cc9336b8,2019-04-21,BUNDESLIGA,2018-19,LEAGUE,,Freiburg,Borussia Dortmund,0,4,A,Germany,Bundesliga,football-data.co.uk
league_026b7a04a80e0396,2019-04-21,BUNDESLIGA,2018-19,LEAGUE,,Hertha,Hannover,0,0,D,Germany,Bundesliga,football-data.co.uk
league_ae23f003381aec05,2019-04-22,BUNDESLIGA,2018-19,LEAGUE,,Wolfsburg,Eintracht Frankfurt,1,1,D,Germany,Bundesliga,football-data.co.uk
league_5962ab398c8f2587,2019-04-26,BUNDESLIGA,2018-19,LEAGUE,,Augsburg,Bayer 04 Leverkusen,1,4,A,Germany,Bundesliga,football-data.co.uk
league_01f32c906466b202,2019-04-27,BUNDESLIGA,2018-19,LEAGUE,,Borussia Dortmund,FC Schalke 04,2,4,A,Germany,Bundesliga,football-data.co.uk
league_26152389ec860377,2019-04-27,BUNDESLIGA,2018-19,LEAGUE,,Eintracht Frankfurt,Hertha,0,0,D,Germany,Bundesliga,football-data.co.uk
league_b932899684b40f1e,2019-04-27,BUNDESLIGA,2018-19,LEAGUE,,Fortuna Dusseldorf,Werder Bremen,4,1,H,Germany,Bundesliga,football-data.co.uk
league_a15f2bb76ba4ea69,2019-04-27,BUNDESLIGA,2018-19,LEAGUE,,Hannover,FSV Mainz 05,1,0,H,Germany,Bundesliga,football-data.co.uk
league_83ebcd9aa5e16eac,2019-04-27,BUNDESLIGA,2018-19,LEAGUE,,RB Leipzig,Freiburg,2,1,H,Germany,Bundesliga,football-data.co.uk
league_cf12ddec9cdca8ed,2019-04-27,BUNDESLIGA,2018-19,LEAGUE,,Stuttgart,Borussia Mönchengladbach,1,0,H,Germany,Bundesliga,football-data.co.uk
league_0432056744d73105,2019-04-28,BUNDESLIGA,2018-19,LEAGUE,,Hoffenheim,Wolfsburg,1,4,A,Germany,Bundesliga,football-data.co.uk
league_bc380ce7c7548e7b,2019-04-28,BUNDESLIGA,2018-19,LEAGUE,,Nurnberg,FC Bayern München,1,1,D,Germany,Bundesliga,football-data.co.uk
league_b748f8b597f05cd0,2019-05-03,BUNDESLIGA,2018-19,LEAGUE,,FSV Mainz 05,RB Leipzig,3,3,D,Germany,Bundesliga,football-data.co.uk
league_2392449125232336,2019-05-04,BUNDESLIGA,2018-19,LEAGUE,,Borussia Mönchengladbach,Hoffenheim,2,2,D,Germany,Bundesliga,football-data.co.uk
league_c0cf3a17fb2cde5a,2019-05-04,BUNDESLIGA,2018-19,LEAGUE,,FC Bayern München,Hannover,3,1,H,Germany,Bundesliga,football-data.co.uk
league_31b9560997f01a96,2019-05-04,BUNDESLIGA,2018-19,LEAGUE,,Hertha,Stuttgart,3,1,H,Germany,Bundesliga,football-data.co.uk
league_0d9d128de1b24d74,2019-05-04,BUNDESLIGA,2018-19,LEAGUE,,Werder Bremen,Borussia Dortmund,2,2,D,Germany,Bundesliga,football-data.co.uk
league_163f14e99ab361c4,2019-05-04,BUNDESLIGA,2018-19,LEAGUE,,Wolfsburg,Nurnberg,2,0,H,Germany,Bundesliga,football-data.co.uk
league_082c86401b0a0ba0,2019-05-05,BUNDESLIGA,2018-19,LEAGUE,,Bayer 04 Leverkusen,Eintracht Frankfurt,6,1,H,Germany,Bundesliga,football-data.co.uk
league_0146cbcfecb4d726,2019-05-05,BUNDESLIGA,2018-19,LEAGUE,,FC Schalke 04,Augsburg,0,0,D,Germany,Bundesliga,football-data.co.uk
league_4c8b34737f0bf84a,2019-05-05,BUNDESLIGA,2018-19,LEAGUE,,Freiburg,Fortuna Dusseldorf,1,1,D,Germany,Bundesliga,football-data.co.uk
league_639690d80f10d271,2019-05-11,BUNDESLIGA,2018-19,LEAGUE,,Augsburg,Hertha,3,4,A,Germany,Bundesliga,football-data.co.uk
league_5cb683aca1d1ccb3,2019-05-11,BUNDESLIGA,2018-19,LEAGUE,,Bayer 04 Leverkusen,FC Schalke 04,1,1,D,Germany,Bundesliga,football-data.co.uk
league_d0b168394a6b6a32,2019-05-11,BUNDESLIGA,2018-19,LEAGUE,,Borussia Dortmund,Fortuna Dusseldorf,3,2,H,Germany,Bundesliga,football-data.co.uk
league_6ff8e9b24e548261,2019-05-11,BUNDESLIGA,2018-19,LEAGUE,,Hannover,Freiburg,3,0,H,Germany,Bundesliga,football-data.co.uk
league_ebd81831b8479978,2019-05-11,BUNDESLIGA,2018-19,LEAGUE,,Hoffenheim,Werder Bremen,0,1,A,Germany,Bundesliga,football-data.co.uk
league_97b6d7ebe57ee17c,2019-05-11,BUNDESLIGA,2018-19,LEAGUE,,Nurnberg,Borussia Mönchengladbach,0,4,A,Germany,Bundesliga,football-data.co.uk
league_67e059e0553dcba5,2019-05-11,BUNDESLIGA,2018-19,LEAGUE,,RB Leipzig,FC Bayern München,0,0,D,Germany,Bundesliga,football-data.co.uk
league_22ef5f72e159ba74,2019-05-11,BUNDESLIGA,2018-19,LEAGUE,,Stuttgart,Wolfsburg,3,0,H,Germany,Bundesliga,football-data.co.uk
league_ab26e47aac4b2431,2019-05-12,BUNDESLIGA,2018-19,LEAGUE,,Eintracht Frankfurt,FSV Mainz 05,0,2,A,Germany,Bundesliga,football-data.co.uk
league_1e2393bbe5d9ffea,2019-05-18,BUNDESLIGA,2018-19,LEAGUE,,Borussia Mönchengladbach,Borussia Dortmund,0,2,A,Germany,Bundesliga,football-data.co.uk
league_60b663355c39c7dd,2019-05-18,BUNDESLIGA,2018-19,LEAGUE,,FC Bayern München,Eintracht Frankfurt,5,1,H,Germany,Bundesliga,football-data.co.uk
league_5851f83c1ad67ff3,2019-05-18,BUNDESLIGA,2018-19,LEAGUE,,FC Schalke 04,Stuttgart,0,0,D,Germany,Bundesliga,football-data.co.uk
league_7edff716fcae79a9,2019-05-18,BUNDESLIGA,2018-19,LEAGUE,,FSV Mainz 05,Hoffenheim,4,2,H,Germany,Bundesliga,football-data.co.uk
league_5a7b82280ef8bf7a,2019-05-18,BUNDESLIGA,2018-19,LEAGUE,,Fortuna Dusseldorf,Hannover,2,1,H,Germany,Bundesliga,football-data.co.uk
league_5845fb1e7c33355d,2019-05-18,BUNDESLIGA,2018-19,LEAGUE,,Freiburg,Nurnberg,5,1,H,Germany,Bundesliga,football-data.co.uk
league_50947157c358617e,2019-05-18,BUNDESLIGA,2018-19,LEAGUE,,Hertha,Bayer 04 Leverkusen,1,5,A,Germany,Bundesliga,football-data.co.uk
league_655b3396748e283e,2019-05-18,BUNDESLIGA,2018-19,LEAGUE,,Werder Bremen,RB Leipzig,2,1,H,Germany,Bundesliga,football-data.co.uk
league_a1afdf56cf302fc0,2019-05-18,BUNDESLIGA,2018-19,LEAGUE,,Wolfsburg,Augsburg,8,1,H,Germany,Bundesliga,football-data.co.uk
league_eff4ce440d9f9b9f,2019-08-16,BUNDESLIGA,2019-20,LEAGUE,,FC Bayern München,Hertha,2,2,D,Germany,Bundesliga,football-data.co.uk
league_48f36d44ad582db4,2019-08-17,BUNDESLIGA,2019-20,LEAGUE,,Bayer 04 Leverkusen,Paderborn,3,2,H,Germany,Bundesliga,football-data.co.uk
league_4baddf54c1c6cb8b,2019-08-17,BUNDESLIGA,2019-20,LEAGUE,,Borussia Dortmund,Augsburg,5,1,H,Germany,Bundesliga,football-data.co.uk
league_90873d61ae913e1f,2019-08-17,BUNDESLIGA,2019-20,LEAGUE,,Borussia Mönchengladbach,FC Schalke 04,0,0,D,Germany,Bundesliga,football-data.co.uk
league_13e9a8ca1cd79f42,2019-08-17,BUNDESLIGA,2019-20,LEAGUE,,Freiburg,FSV Mainz 05,3,0,H,Germany,Bundesliga,football-data.co.uk
league_4adc6693b817937e,2019-08-17,BUNDESLIGA,2019-20,LEAGUE,,Werder Bremen,Fortuna Dusseldorf,1,3,A,Germany,Bundesliga,football-data.co.uk
league_299908d26a6e2854,2019-08-17,BUNDESLIGA,2019-20,LEAGUE,,Wolfsburg,FC Koln,2,1,H,Germany,Bundesliga,football-data.co.uk
league_6a288becd6d44ee2,2019-08-18,BUNDESLIGA,2019-20,LEAGUE,,Eintracht Frankfurt,Hoffenheim,1,0,H,Germany,Bundesliga,football-data.co.uk
league_85fa454c74b4bb78,2019-08-18,BUNDESLIGA,2019-20,LEAGUE,,Union Berlin,RB Leipzig,0,4,A,Germany,Bundesliga,football-data.co.uk
league_0bafcc9724a361bf,2019-08-23,BUNDESLIGA,2019-20,LEAGUE,,FC Koln,Borussia Dortmund,1,3,A,Germany,Bundesliga,football-data.co.uk
league_dc668ecbe78ebb04,2019-08-24,BUNDESLIGA,2019-20,LEAGUE,,Augsburg,Union Berlin,1,1,D,Germany,Bundesliga,football-data.co.uk
league_384ccb25d3b9545d,2019-08-24,BUNDESLIGA,2019-20,LEAGUE,,FC Schalke 04,FC Bayern München,0,3,A,Germany,Bundesliga,football-data.co.uk
league_f4a085322ceb1c0c,2019-08-24,BUNDESLIGA,2019-20,LEAGUE,,FSV Mainz 05,Borussia Mönchengladbach,1,3,A,Germany,Bundesliga,football-data.co.uk
league_1ad2c26b30f40df1,2019-08-24,BUNDESLIGA,2019-20,LEAGUE,,Fortuna Dusseldorf,Bayer 04 Leverkusen,1,3,A,Germany,Bundesliga,football-data.co.uk
league_69aaa526e9564c7d,2019-08-24,BUNDESLIGA,2019-20,LEAGUE,,Hoffenheim,Werder Bremen,3,2,H,Germany,Bundesliga,football-data.co.uk
league_45747bde1bf38ac1,2019-08-24,BUNDESLIGA,2019-20,LEAGUE,,Paderborn,Freiburg,1,3,A,Germany,Bundesliga,football-data.co.uk
league_94218c4c7ceff6f7,2019-08-25,BUNDESLIGA,2019-20,LEAGUE,,Hertha,Wolfsburg,0,3,A,Germany,Bundesliga,football-data.co.uk
league_45b2669c92002313,2019-08-25,BUNDESLIGA,2019-20,LEAGUE,,RB Leipzig,Eintracht Frankfurt,2,1,H,Germany,Bundesliga,football-data.co.uk
league_118a5773297be5ef,2019-08-30,BUNDESLIGA,2019-20,LEAGUE,,Borussia Mönchengladbach,RB Leipzig,1,3,A,Germany,Bundesliga,football-data.co.uk
league_d4f68e23f43a0e08,2019-08-31,BUNDESLIGA,2019-20,LEAGUE,,Bayer 04 Leverkusen,Hoffenheim,0,0,D,Germany,Bundesliga,football-data.co.uk
league_87a09e907e18c31f,2019-08-31,BUNDESLIGA,2019-20,LEAGUE,,FC Bayern München,FSV Mainz 05,6,1,H,Germany,Bundesliga,football-data.co.uk
league_316264e29fbcd58b,2019-08-31,BUNDESLIGA,2019-20,LEAGUE,,FC Schalke 04,Hertha,3,0,H,Germany,Bundesliga,football-data.co.uk
league_097306edaf02df7e,2019-08-31,BUNDESLIGA,2019-20,LEAGUE,,Freiburg,FC Koln,1,2,A,Germany,Bundesliga,football-data.co.uk
league_9c0dafae1e1acac6,2019-08-31,BUNDESLIGA,2019-20,LEAGUE,,Union Berlin,Borussia Dortmund,3,1,H,Germany,Bundesliga,football-data.co.uk
league_fd50b6de34e54135,2019-08-31,BUNDESLIGA,2019-20,LEAGUE,,Wolfsburg,Paderborn,1,1,D,Germany,Bundesliga,football-data.co.uk
league_bd9372d2ffd1def5,2019-09-01,BUNDESLIGA,2019-20,LEAGUE,,Eintracht Frankfurt,Fortuna Dusseldorf,2,1,H,Germany,Bundesliga,football-data.co.uk
league_3403990874863aca,2019-09-01,BUNDESLIGA,2019-20,LEAGUE,,Werder Bremen,Augsburg,3,2,H,Germany,Bundesliga,football-data.co.uk
league_727ffdeb2108ea22,2019-09-13,BUNDESLIGA,2019-20,LEAGUE,,Fortuna Dusseldorf,Wolfsburg,1,1,D,Germany,Bundesliga,football-data.co.uk
league_15d53ee91165ac2b,2019-09-14,BUNDESLIGA,2019-20,LEAGUE,,Augsburg,Eintracht Frankfurt,2,1,H,Germany,Bundesliga,football-data.co.uk
league_687e30cba2f97660,2019-09-14,BUNDESLIGA,2019-20,LEAGUE,,Borussia Dortmund,Bayer 04 Leverkusen,4,0,H,Germany,Bundesliga,football-data.co.uk
league_dd5de4ae9ae44a0a,2019-09-14,BUNDESLIGA,2019-20,LEAGUE,,FC Koln,Borussia Mönchengladbach,0,1,A,Germany,Bundesliga,football-data.co.uk
league_505aead20325358a,2019-09-14,BUNDESLIGA,2019-20,LEAGUE,,FSV Mainz 05,Hertha,2,1,H,Germany,Bundesliga,football-data.co.uk
league_8c20d52ce48daae7,2019-09-14,BUNDESLIGA,2019-20,LEAGUE,,RB Leipzig,FC Bayern München,1,1,D,Germany,Bundesliga,football-data.co.uk
league_a874a9df46eb4a0f,2019-09-14,BUNDESLIGA,2019-20,LEAGUE,,Union Berlin,Werder Bremen,1,2,A,Germany,Bundesliga,football-data.co.uk
league_0946f99177e165b6,2019-09-15,BUNDESLIGA,2019-20,LEAGUE,,Hoffenheim,Freiburg,0,3,A,Germany,Bundesliga,football-data.co.uk
league_a9d121c39372ceb1,2019-09-15,BUNDESLIGA,2019-20,LEAGUE,,Paderborn,FC Schalke 04,1,5,A,Germany,Bundesliga,football-data.co.uk
league_d293378e169b16c9,2019-09-20,BUNDESLIGA,2019-20,LEAGUE,,FC Schalke 04,FSV Mainz 05,2,1,H,Germany,Bundesliga,football-data.co.uk
league_03dccb6d52a605ba,2019-09-21,BUNDESLIGA,2019-20,LEAGUE,,Bayer 04 Leverkusen,Union Berlin,2,0,H,Germany,Bundesliga,football-data.co.uk
league_0ec0a0e7892e71c0,2019-09-21,BUNDESLIGA,2019-20,LEAGUE,,FC Bayern München,FC Koln,4,0,H,Germany,Bundesliga,football-data.co.uk
league_e5c0d5a9b22ef96f,2019-09-21,BUNDESLIGA,2019-20,LEAGUE,,Freiburg,Augsburg,1,1,D,Germany,Bundesliga,football-data.co.uk
league_1ad98be0594a9856,2019-09-21,BUNDESLIGA,2019-20,LEAGUE,,Hertha,Paderborn,2,1,H,Germany,Bundesliga,football-data.co.uk
league_215d1833c989d035,2019-09-21,BUNDESLIGA,2019-20,LEAGUE,,Werder Bremen,RB Leipzig,0,3,A,Germany,Bundesliga,football-data.co.uk
league_2ed0c58241063554,2019-09-22,BUNDESLIGA,2019-20,LEAGUE,,Borussia Mönchengladbach,Fortuna Dusseldorf,2,1,H,Germany,Bundesliga,football-data.co.uk
league_660b4fdc7e9e945f,2019-09-22,BUNDESLIGA,2019-20,LEAGUE,,Eintracht Frankfurt,Borussia Dortmund,2,2,D,Germany,Bundesliga,football-data.co.uk
league_7c41c415c13ade7f,2019-09-23,BUNDESLIGA,2019-20,LEAGUE,,Wolfsburg,Hoffenheim,1,1,D,Germany,Bundesliga,football-data.co.uk
league_2f28e492c463a48c,2019-09-27,BUNDESLIGA,2019-20,LEAGUE,,Union Berlin,Eintracht Frankfurt,1,2,A,Germany,Bundesliga,football-data.co.uk
league_d629273035bc23bf,2019-09-28,BUNDESLIGA,2019-20,LEAGUE,,Augsburg,Bayer 04 Leverkusen,0,3,A,Germany,Bundesliga,football-data.co.uk
league_43728f3ada6a33f4,2019-09-28,BUNDESLIGA,2019-20,LEAGUE,,Borussia Dortmund,Werder Bremen,2,2,D,Germany,Bundesliga,football-data.co.uk
league_f4e19317688e3bb5,2019-09-28,BUNDESLIGA,2019-20,LEAGUE,,FSV Mainz 05,Wolfsburg,0,1,A,Germany,Bundesliga,football-data.co.uk
league_e91f8256fa02f13a,2019-09-28,BUNDESLIGA,2019-20,LEAGUE,,Hoffenheim,Borussia Mönchengladbach,0,3,A,Germany,Bundesliga,football-data.co.uk
league_6101b06651dd5577,2019-09-28,BUNDESLIGA,2019-20,LEAGUE,,Paderborn,FC Bayern München,2,3,A,Germany,Bundesliga,football-data.co.uk
league_9e93df6588cf2d71,2019-09-28,BUNDESLIGA,2019-20,LEAGUE,,RB Leipzig,FC Schalke 04,1,3,A,Germany,Bundesliga,football-data.co.uk
league_b921196fa209103c,2019-09-29,BUNDESLIGA,2019-20,LEAGUE,,FC Koln,Hertha,0,4,A,Germany,Bundesliga,football-data.co.uk
league_7df2c6a3139bf151,2019-09-29,BUNDESLIGA,2019-20,LEAGUE,,Fortuna Dusseldorf,Freiburg,1,2,A,Germany,Bundesliga,football-data.co.uk
league_a09026d8cf60b1b4,2019-10-04,BUNDESLIGA,2019-20,LEAGUE,,Hertha,Fortuna Dusseldorf,3,1,H,Germany,Bundesliga,football-data.co.uk
league_4e024f84aa46816c,2019-10-05,BUNDESLIGA,2019-20,LEAGUE,,Bayer 04 Leverkusen,RB Leipzig,1,1,D,Germany,Bundesliga,football-data.co.uk
league_0cda67a504cffc38,2019-10-05,BUNDESLIGA,2019-20,LEAGUE,,FC Bayern München,Hoffenheim,1,2,A,Germany,Bundesliga,football-data.co.uk
league_5302032e0110685e,2019-10-05,BUNDESLIGA,2019-20,LEAGUE,,FC Schalke 04,FC Koln,1,1,D,Germany,Bundesliga,football-data.co.uk
league_ae926b854348fa48,2019-10-05,BUNDESLIGA,2019-20,LEAGUE,,Freiburg,Borussia Dortmund,2,2,D,Germany,Bundesliga,football-data.co.uk
league_e6767210512a5a25,2019-10-05,BUNDESLIGA,2019-20,LEAGUE,,Paderborn,FSV Mainz 05,1,2,A,Germany,Bundesliga,football-data.co.uk
league_e6d6fd00f75695c6,2019-10-06,BUNDESLIGA,2019-20,LEAGUE,,Borussia Mönchengladbach,Augsburg,5,1,H,Germany,Bundesliga,football-data.co.uk
league_a4312cb1555a33fb,2019-10-06,BUNDESLIGA,2019-20,LEAGUE,,Eintracht Frankfurt,Werder Bremen,2,2,D,Germany,Bundesliga,football-data.co.uk
league_4d4a2168410dd55d,2019-10-06,BUNDESLIGA,2019-20,LEAGUE,,Wolfsburg,Union Berlin,1,0,H,Germany,Bundesliga,football-data.co.uk
league_656e220e9d74f803,2019-10-18,BUNDESLIGA,2019-20,LEAGUE,,Eintracht Frankfurt,Bayer 04 Leverkusen,3,0,H,Germany,Bundesliga,football-data.co.uk
league_54b2a81a77b0ef8d,2019-10-19,BUNDESLIGA,2019-20,LEAGUE,,Augsburg,FC Bayern München,2,2,D,Germany,Bundesliga,football-data.co.uk
league_6b8b927ec6c78c52,2019-10-19,BUNDESLIGA,2019-20,LEAGUE,,Borussia Dortmund,Borussia Mönchengladbach,1,0,H,Germany,Bundesliga,football-data.co.uk
league_aa8d9d6ffd270fe4,2019-10-19,BUNDESLIGA,2019-20,LEAGUE,,Fortuna Dusseldorf,FSV Mainz 05,1,0,H,Germany,Bundesliga,football-data.co.uk
league_427a40a7e8756b4c,2019-10-19,BUNDESLIGA,2019-20,LEAGUE,,RB Leipzig,Wolfsburg,1,1,D,Germany,Bundesliga,football-data.co.uk
league_53bc47d13a9dfc99,2019-10-19,BUNDESLIGA,2019-20,LEAGUE,,Union Berlin,Freiburg,2,0,H,Germany,Bundesliga,football-data.co.uk
league_8b475fe7378ea84f,2019-10-19,BUNDESLIGA,2019-20,LEAGUE,,Werder Bremen,Hertha,1,1,D,Germany,Bundesliga,football-data.co.uk
league_002020f750e8de64,2019-10-20,BUNDESLIGA,2019-20,LEAGUE,,FC Koln,Paderborn,3,0,H,Germany,Bundesliga,football-data.co.uk
league_ebb00bc348c09340,2019-10-20,BUNDESLIGA,2019-20,LEAGUE,,Hoffenheim,FC Schalke 04,2,0,H,Germany,Bundesliga,football-data.co.uk
league_e9eb8a16185a5ea0,2019-10-25,BUNDESLIGA,2019-20,LEAGUE,,FSV Mainz 05,FC Koln,3,1,H,Germany,Bundesliga,football-data.co.uk
league_717b848c93a0c0e0,2019-10-26,BUNDESLIGA,2019-20,LEAGUE,,Bayer 04 Leverkusen,Werder Bremen,2,2,D,Germany,Bundesliga,football-data.co.uk
league_f91960cce7dbaa8b,2019-10-26,BUNDESLIGA,2019-20,LEAGUE,,FC Bayern München,Union Berlin,2,1,H,Germany,Bundesliga,football-data.co.uk
league_9bc8def725c28c98,2019-10-26,BUNDESLIGA,2019-20,LEAGUE,,FC Schalke 04,Borussia Dortmund,0,0,D,Germany,Bundesliga,football-data.co.uk
league_7f5ed3100e3fc71d,2019-10-26,BUNDESLIGA,2019-20,LEAGUE,,Freiburg,RB Leipzig,2,1,H,Germany,Bundesliga,football-data.co.uk
league_753d5276d71adf07,2019-10-26,BUNDESLIGA,2019-20,LEAGUE,,Hertha,Hoffenheim,2,3,A,Germany,Bundesliga,football-data.co.uk
league_9a8834a9acc07441,2019-10-26,BUNDESLIGA,2019-20,LEAGUE,,Paderborn,Fortuna Dusseldorf,2,0,H,Germany,Bundesliga,football-data.co.uk
league_22d8a032598d09b0,2019-10-27,BUNDESLIGA,2019-20,LEAGUE,,Borussia Mönchengladbach,Eintracht Frankfurt,4,2,H,Germany,Bundesliga,football-data.co.uk
league_6c8abc611e6c73fd,2019-10-27,BUNDESLIGA,2019-20,LEAGUE,,Wolfsburg,Augsburg,0,0,D,Germany,Bundesliga,football-data.co.uk
league_a0c481ce5d696fa5,2019-11-01,BUNDESLIGA,2019-20,LEAGUE,,Hoffenheim,Paderborn,3,0,H,Germany,Bundesliga,football-data.co.uk
league_7838e5b6603a79b9,2019-11-02,BUNDESLIGA,2019-20,LEAGUE,,Bayer 04 Leverkusen,Borussia Mönchengladbach,1,2,A,Germany,Bundesliga,football-data.co.uk
league_d8e298e6712d704d,2019-11-02,BUNDESLIGA,2019-20,LEAGUE,,Borussia Dortmund,Wolfsburg,3,0,H,Germany,Bundesliga,football-data.co.uk
league_b5ee7dd707103a90,2019-11-02,BUNDESLIGA,2019-20,LEAGUE,,Eintracht Frankfurt,FC Bayern München,5,1,H,Germany,Bundesliga,football-data.co.uk
league_84d372fe624f2258,2019-11-02,BUNDESLIGA,2019-20,LEAGUE,,RB Leipzig,FSV Mainz 05,8,0,H,Germany,Bundesliga,football-data.co.uk
league_c5642e1e751aa0bc,2019-11-02,BUNDESLIGA,2019-20,LEAGUE,,Union Berlin,Hertha,1,0,H,Germany,Bundesliga,football-data.co.uk
league_9a3579d8897032df,2019-11-02,BUNDESLIGA,2019-20,LEAGUE,,Werder Bremen,Freiburg,2,2,D,Germany,Bundesliga,football-data.co.uk
league_10eed89ea69f4071,2019-11-03,BUNDESLIGA,2019-20,LEAGUE,,Augsburg,FC Schalke 04,2,3,A,Germany,Bundesliga,football-data.co.uk
league_8d02aec2d463a7ad,2019-11-03,BUNDESLIGA,2019-20,LEAGUE,,Fortuna Dusseldorf,FC Koln,2,0,H,Germany,Bundesliga,football-data.co.uk
league_86f44c7b2c9b18ed,2019-11-08,BUNDESLIGA,2019-20,LEAGUE,,FC Koln,Hoffenheim,1,2,A,Germany,Bundesliga,football-data.co.uk
league_c139af41087b4654,2019-11-09,BUNDESLIGA,2019-20,LEAGUE,,FC Bayern München,Borussia Dortmund,4,0,H,Germany,Bundesliga,football-data.co.uk
league_bf35f14c5a885d63,2019-11-09,BUNDESLIGA,2019-20,LEAGUE,,FC Schalke 04,Fortuna Dusseldorf,3,3,D,Germany,Bundesliga,football-data.co.uk
league_f15b3e85c40c8bda,2019-11-09,BUNDESLIGA,2019-20,LEAGUE,,FSV Mainz 05,Union Berlin,2,3,A,Germany,Bundesliga,football-data.co.uk
league_80c288ca0b9ca114,2019-11-09,BUNDESLIGA,2019-20,LEAGUE,,Hertha,RB Leipzig,2,4,A,Germany,Bundesliga,football-data.co.uk
league_84931f966d8da085,2019-11-09,BUNDESLIGA,2019-20,LEAGUE,,Paderborn,Augsburg,0,1,A,Germany,Bundesliga,football-data.co.uk
league_d0d4f22f696c1bbf,2019-11-10,BUNDESLIGA,2019-20,LEAGUE,,Borussia Mönchengladbach,Werder Bremen,3,1,H,Germany,Bundesliga,football-data.co.uk
league_d9c43993fa86bdc9,2019-11-10,BUNDESLIGA,2019-20,LEAGUE,,Freiburg,Eintracht Frankfurt,1,0,H,Germany,Bundesliga,football-data.co.uk
league_245544627898bf7b,2019-11-10,BUNDESLIGA,2019-20,LEAGUE,,Wolfsburg,Bayer 04 Leverkusen,0,2,A,Germany,Bundesliga,football-data.co.uk
league_7d3520e842ef5039,2019-11-22,BUNDESLIGA,2019-20,LEAGUE,,Borussia Dortmund,Paderborn,3,3,D,Germany,Bundesliga,football-data.co.uk
league_0cacc5a1ab87a8c0,2019-11-23,BUNDESLIGA,2019-20,LEAGUE,,Bayer 04 Leverkusen,Freiburg,1,1,D,Germany,Bundesliga,football-data.co.uk
league_4dba2a36242d6d91,2019-11-23,BUNDESLIGA,2019-20,LEAGUE,,Eintracht Frankfurt,Wolfsburg,0,2,A,Germany,Bundesliga,football-data.co.uk
league_8cfde23977ed5980,2019-11-23,BUNDESLIGA,2019-20,LEAGUE,,Fortuna Dusseldorf,FC Bayern München,0,4,A,Germany,Bundesliga,football-data.co.uk
league_ccbc67d994f3556e,2019-11-23,BUNDESLIGA,2019-20,LEAGUE,,RB Leipzig,FC Koln,4,1,H,Germany,Bundesliga,football-data.co.uk
league_3c5aaf900f0ddc58,2019-11-23,BUNDESLIGA,2019-20,LEAGUE,,Union Berlin,Borussia Mönchengladbach,2,0,H,Germany,Bundesliga,football-data.co.uk
league_0cea5b70f45cec41,2019-11-23,BUNDESLIGA,2019-20,LEAGUE,,Werder Bremen,FC Schalke 04,1,2,A,Germany,Bundesliga,football-data.co.uk
league_82990700c9c963b7,2019-11-24,BUNDESLIGA,2019-20,LEAGUE,,Augsburg,Hertha,4,0,H,Germany,Bundesliga,football-data.co.uk
league_6da1506e0bfc4bfd,2019-11-24,BUNDESLIGA,2019-20,LEAGUE,,Hoffenheim,FSV Mainz 05,1,5,A,Germany,Bundesliga,football-data.co.uk
league_6f706573100c6121,2019-11-29,BUNDESLIGA,2019-20,LEAGUE,,FC Schalke 04,Union Berlin,2,1,H,Germany,Bundesliga,football-data.co.uk
league_c91d7148b37f4b99,2019-11-30,BUNDESLIGA,2019-20,LEAGUE,,FC Bayern München,Bayer 04 Leverkusen,1,2,A,Germany,Bundesliga,football-data.co.uk
league_6b8e550727a2c765,2019-11-30,BUNDESLIGA,2019-20,LEAGUE,,FC Koln,Augsburg,1,1,D,Germany,Bundesliga,football-data.co.uk
league_5b2436fa4a9b1353,2019-11-30,BUNDESLIGA,2019-20,LEAGUE,,Hertha,Borussia Dortmund,1,2,A,Germany,Bundesliga,football-data.co.uk
league_093640fadb047985,2019-11-30,BUNDESLIGA,2019-20,LEAGUE,,Hoffenheim,Fortuna Dusseldorf,1,1,D,Germany,Bundesliga,football-data.co.uk
league_57c222a084a06bf8,2019-11-30,BUNDESLIGA,2019-20,LEAGUE,,Paderborn,RB Leipzig,2,3,A,Germany,Bundesliga,football-data.co.uk
league_fe35a3815a08c0d0,2019-12-01,BUNDESLIGA,2019-20,LEAGUE,,Borussia Mönchengladbach,Freiburg,4,2,H,Germany,Bundesliga,football-data.co.uk
league_f0fc34708bb15e66,2019-12-01,BUNDESLIGA,2019-20,LEAGUE,,Wolfsburg,Werder Bremen,2,3,A,Germany,Bundesliga,football-data.co.uk
league_1d3c5b6613c3e863,2019-12-02,BUNDESLIGA,2019-20,LEAGUE,,FSV Mainz 05,Eintracht Frankfurt,2,1,H,Germany,Bundesliga,football-data.co.uk
league_fa60159de350f594,2019-12-06,BUNDESLIGA,2019-20,LEAGUE,,Eintracht Frankfurt,Hertha,2,2,D,Germany,Bundesliga,football-data.co.uk
league_f335a07127d11a11,2019-12-07,BUNDESLIGA,2019-20,LEAGUE,,Augsburg,FSV Mainz 05,2,1,H,Germany,Bundesliga,football-data.co.uk
league_6f0599a5035f6a84,2019-12-07,BUNDESLIGA,2019-20,LEAGUE,,Bayer 04 Leverkusen,FC Schalke 04,2,1,H,Germany,Bundesliga,football-data.co.uk
league_32da082e0341c2b0,2019-12-07,BUNDESLIGA,2019-20,LEAGUE,,Borussia Dortmund,Fortuna Dusseldorf,5,0,H,Germany,Bundesliga,football-data.co.uk
league_584179ac97a5f614,2019-12-07,BUNDESLIGA,2019-20,LEAGUE,,Borussia Mönchengladbach,FC Bayern München,2,1,H,Germany,Bundesliga,football-data.co.uk
league_7278cec5b91931ab,2019-12-07,BUNDESLIGA,2019-20,LEAGUE,,Freiburg,Wolfsburg,1,0,H,Germany,Bundesliga,football-data.co.uk
league_d9bf21f18067d1e1,2019-12-07,BUNDESLIGA,2019-20,LEAGUE,,RB Leipzig,Hoffenheim,3,1,H,Germany,Bundesliga,football-data.co.uk
league_3b5057a8a8d892f9,2019-12-08,BUNDESLIGA,2019-20,LEAGUE,,Union Berlin,FC Koln,2,0,H,Germany,Bundesliga,football-data.co.uk
league_06a6fd7055e1c3bc,2019-12-08,BUNDESLIGA,2019-20,LEAGUE,,Werder Bremen,Paderborn,0,1,A,Germany,Bundesliga,football-data.co.uk
league_b98c643fd07832c1,2019-12-13,BUNDESLIGA,2019-20,LEAGUE,,Hoffenheim,Augsburg,2,4,A,Germany,Bundesliga,football-data.co.uk
league_7ad3d0319d6976e3,2019-12-14,BUNDESLIGA,2019-20,LEAGUE,,FC Bayern München,Werder Bremen,6,1,H,Germany,Bundesliga,football-data.co.uk
league_bbd96c4c079ea859,2019-12-14,BUNDESLIGA,2019-20,LEAGUE,,FC Koln,Bayer 04 Leverkusen,2,0,H,Germany,Bundesliga,football-data.co.uk
league_9b9d4cf9599c7b30,2019-12-14,BUNDESLIGA,2019-20,LEAGUE,,FSV Mainz 05,Borussia Dortmund,0,4,A,Germany,Bundesliga,football-data.co.uk
league_15a83ff0951902a2,2019-12-14,BUNDESLIGA,2019-20,LEAGUE,,Fortuna Dusseldorf,RB Leipzig,0,3,A,Germany,Bundesliga,football-data.co.uk
league_1fcc56a854e49268,2019-12-14,BUNDESLIGA,2019-20,LEAGUE,,Hertha,Freiburg,1,0,H,Germany,Bundesliga,football-data.co.uk
league_766aace77bb70c29,2019-12-14,BUNDESLIGA,2019-20,LEAGUE,,Paderborn,Union Berlin,1,1,D,Germany,Bundesliga,football-data.co.uk
league_00d8299a5b525e99,2019-12-15,BUNDESLIGA,2019-20,LEAGUE,,FC Schalke 04,Eintracht Frankfurt,1,0,H,Germany,Bundesliga,football-data.co.uk
league_f54154be9c3feff4,2019-12-15,BUNDESLIGA,2019-20,LEAGUE,,Wolfsburg,Borussia Mönchengladbach,2,1,H,Germany,Bundesliga,football-data.co.uk
league_38b5e874c0b40082,2019-12-17,BUNDESLIGA,2019-20,LEAGUE,,Augsburg,Fortuna Dusseldorf,3,0,H,Germany,Bundesliga,football-data.co.uk
league_8c7ba69b9b3d8bb5,2019-12-17,BUNDESLIGA,2019-20,LEAGUE,,Borussia Dortmund,RB Leipzig,3,3,D,Germany,Bundesliga,football-data.co.uk
league_5de4ce334c086d7b,2019-12-17,BUNDESLIGA,2019-20,LEAGUE,,Union Berlin,Hoffenheim,0,2,A,Germany,Bundesliga,football-data.co.uk
league_6586a22939ed7258,2019-12-17,BUNDESLIGA,2019-20,LEAGUE,,Werder Bremen,FSV Mainz 05,0,5,A,Germany,Bundesliga,football-data.co.uk
league_b0839c4d7cf2a78f,2019-12-18,BUNDESLIGA,2019-20,LEAGUE,,Bayer 04 Leverkusen,Hertha,0,1,A,Germany,Bundesliga,football-data.co.uk
league_0e8a01ccbcc6aee5,2019-12-18,BUNDESLIGA,2019-20,LEAGUE,,Borussia Mönchengladbach,Paderborn,2,0,H,Germany,Bundesliga,football-data.co.uk
league_d5b86400927da01c,2019-12-18,BUNDESLIGA,2019-20,LEAGUE,,Eintracht Frankfurt,FC Koln,2,4,A,Germany,Bundesliga,football-data.co.uk
league_1ac9d1042967653d,2019-12-18,BUNDESLIGA,2019-20,LEAGUE,,Freiburg,FC Bayern München,1,3,A,Germany,Bundesliga,football-data.co.uk
league_7aeb076a21a521b1,2019-12-18,BUNDESLIGA,2019-20,LEAGUE,,Wolfsburg,FC Schalke 04,1,1,D,Germany,Bundesliga,football-data.co.uk
league_80da43d4b5e35d46,2019-12-20,BUNDESLIGA,2019-20,LEAGUE,,Hoffenheim,Borussia Dortmund,2,1,H,Germany,Bundesliga,football-data.co.uk
league_dad08dc7e9df3331,2019-12-21,BUNDESLIGA,2019-20,LEAGUE,,FC Bayern München,Wolfsburg,2,0,H,Germany,Bundesliga,football-data.co.uk
league_72b1ace177f4cc60,2019-12-21,BUNDESLIGA,2019-20,LEAGUE,,FC Koln,Werder Bremen,1,0,H,Germany,Bundesliga,football-data.co.uk
league_b66b9a2e431b1e4e,2019-12-21,BUNDESLIGA,2019-20,LEAGUE,,FC Schalke 04,Freiburg,2,2,D,Germany,Bundesliga,football-data.co.uk
league_75838262d0a5aeea,2019-12-21,BUNDESLIGA,2019-20,LEAGUE,,FSV Mainz 05,Bayer 04 Leverkusen,0,1,A,Germany,Bundesliga,football-data.co.uk
league_288f83cf6cf4236f,2019-12-21,BUNDESLIGA,2019-20,LEAGUE,,Hertha,Borussia Mönchengladbach,0,0,D,Germany,Bundesliga,football-data.co.uk
league_f501eb2fbab7aff3,2019-12-21,BUNDESLIGA,2019-20,LEAGUE,,RB Leipzig,Augsburg,3,1,H,Germany,Bundesliga,football-data.co.uk
league_2de283b4ce3194c2,2019-12-22,BUNDESLIGA,2019-20,LEAGUE,,Fortuna Dusseldorf,Union Berlin,2,1,H,Germany,Bundesliga,football-data.co.uk
league_2b7bc593f151430c,2019-12-22,BUNDESLIGA,2019-20,LEAGUE,,Paderborn,Eintracht Frankfurt,2,1,H,Germany,Bundesliga,football-data.co.uk
league_6ff5fcea8771bfac,2020-01-17,BUNDESLIGA,2019-20,LEAGUE,,FC Schalke 04,Borussia Mönchengladbach,2,0,H,Germany,Bundesliga,football-data.co.uk
league_d7ae4ef2c595528b,2020-01-18,BUNDESLIGA,2019-20,LEAGUE,,Augsburg,Borussia Dortmund,3,5,A,Germany,Bundesliga,football-data.co.uk
league_ad9965425e3bba26,2020-01-18,BUNDESLIGA,2019-20,LEAGUE,,FC Koln,Wolfsburg,3,1,H,Germany,Bundesliga,football-data.co.uk
league_f16003e56fe6b047,2020-01-18,BUNDESLIGA,2019-20,LEAGUE,,FSV Mainz 05,Freiburg,1,2,A,Germany,Bundesliga,football-data.co.uk
league_82745031cd65dbf2,2020-01-18,BUNDESLIGA,2019-20,LEAGUE,,Fortuna Dusseldorf,Werder Bremen,0,1,A,Germany,Bundesliga,football-data.co.uk
league_a7bcc1b8f88a19eb,2020-01-18,BUNDESLIGA,2019-20,LEAGUE,,Hoffenheim,Eintracht Frankfurt,1,2,A,Germany,Bundesliga,football-data.co.uk
league_261c69de339def7a,2020-01-18,BUNDESLIGA,2019-20,LEAGUE,,RB Leipzig,Union Berlin,3,1,H,Germany,Bundesliga,football-data.co.uk
league_897553a9871a3377,2020-01-19,BUNDESLIGA,2019-20,LEAGUE,,Hertha,FC Bayern München,0,4,A,Germany,Bundesliga,football-data.co.uk
league_2aad71256d0698e2,2020-01-19,BUNDESLIGA,2019-20,LEAGUE,,Paderborn,Bayer 04 Leverkusen,1,4,A,Germany,Bundesliga,football-data.co.uk
league_5760493128b22b2c,2020-01-24,BUNDESLIGA,2019-20,LEAGUE,,Borussia Dortmund,FC Koln,5,1,H,Germany,Bundesliga,football-data.co.uk
league_c0c4bf6197fcb285,2020-01-25,BUNDESLIGA,2019-20,LEAGUE,,Borussia Mönchengladbach,FSV Mainz 05,3,1,H,Germany,Bundesliga,football-data.co.uk
league_5627f383cf130048,2020-01-25,BUNDESLIGA,2019-20,LEAGUE,,Eintracht Frankfurt,RB Leipzig,2,0,H,Germany,Bundesliga,football-data.co.uk
league_e12b98c12f82231a,2020-01-25,BUNDESLIGA,2019-20,LEAGUE,,FC Bayern München,FC Schalke 04,5,0,H,Germany,Bundesliga,football-data.co.uk
league_ee56313e92d64961,2020-01-25,BUNDESLIGA,2019-20,LEAGUE,,Freiburg,Paderborn,0,2,A,Germany,Bundesliga,football-data.co.uk
league_4f214f6b9b896c2d,2020-01-25,BUNDESLIGA,2019-20,LEAGUE,,Union Berlin,Augsburg,2,0,H,Germany,Bundesliga,football-data.co.uk
league_0744f9bdc395777d,2020-01-25,BUNDESLIGA,2019-20,LEAGUE,,Wolfsburg,Hertha,1,2,A,Germany,Bundesliga,football-data.co.uk
league_c2a2ece2d0751bdf,2020-01-26,BUNDESLIGA,2019-20,LEAGUE,,Bayer 04 Leverkusen,Fortuna Dusseldorf,3,0,H,Germany,Bundesliga,football-data.co.uk
league_41e15cabe07d7b64,2020-01-26,BUNDESLIGA,2019-20,LEAGUE,,Werder Bremen,Hoffenheim,0,3,A,Germany,Bundesliga,football-data.co.uk
league_5286806142cef970,2020-01-31,BUNDESLIGA,2019-20,LEAGUE,,Hertha,FC Schalke 04,0,0,D,Germany,Bundesliga,football-data.co.uk
league_cc4951df4780b992,2020-02-01,BUNDESLIGA,2019-20,LEAGUE,,Augsburg,Werder Bremen,2,1,H,Germany,Bundesliga,football-data.co.uk
league_5c6d34b95170a70a,2020-02-01,BUNDESLIGA,2019-20,LEAGUE,,Borussia Dortmund,Union Berlin,5,0,H,Germany,Bundesliga,football-data.co.uk
league_070cb82ecbeedc8c,2020-02-01,BUNDESLIGA,2019-20,LEAGUE,,FSV Mainz 05,FC Bayern München,1,3,A,Germany,Bundesliga,football-data.co.uk
league_8872cdbbf6bba40b,2020-02-01,BUNDESLIGA,2019-20,LEAGUE,,Fortuna Dusseldorf,Eintracht Frankfurt,1,1,D,Germany,Bundesliga,football-data.co.uk
league_e269d9ee41c5f3fc,2020-02-01,BUNDESLIGA,2019-20,LEAGUE,,Hoffenheim,Bayer 04 Leverkusen,2,1,H,Germany,Bundesliga,football-data.co.uk
league_24e1e1455c09b78d,2020-02-01,BUNDESLIGA,2019-20,LEAGUE,,RB Leipzig,Borussia Mönchengladbach,2,2,D,Germany,Bundesliga,football-data.co.uk
league_1a33e6158cee51cc,2020-02-02,BUNDESLIGA,2019-20,LEAGUE,,FC Koln,Freiburg,4,0,H,Germany,Bundesliga,football-data.co.uk
league_eb356bf2adf42d05,2020-02-02,BUNDESLIGA,2019-20,LEAGUE,,Paderborn,Wolfsburg,2,4,A,Germany,Bundesliga,football-data.co.uk
league_9462faa9737c99d5,2020-02-07,BUNDESLIGA,2019-20,LEAGUE,,Eintracht Frankfurt,Augsburg,5,0,H,Germany,Bundesliga,football-data.co.uk
league_069e2f6d342ff934,2020-02-08,BUNDESLIGA,2019-20,LEAGUE,,Bayer 04 Leverkusen,Borussia Dortmund,4,3,H,Germany,Bundesliga,football-data.co.uk
league_196e5fb557961f20,2020-02-08,BUNDESLIGA,2019-20,LEAGUE,,FC Schalke 04,Paderborn,1,1,D,Germany,Bundesliga,football-data.co.uk
league_89ee4eaa0782a495,2020-02-08,BUNDESLIGA,2019-20,LEAGUE,,Freiburg,Hoffenheim,1,0,H,Germany,Bundesliga,football-data.co.uk
league_24c51a073bea1b41,2020-02-08,BUNDESLIGA,2019-20,LEAGUE,,Hertha,FSV Mainz 05,1,3,A,Germany,Bundesliga,football-data.co.uk
league_d88186dfc644b132,2020-02-08,BUNDESLIGA,2019-20,LEAGUE,,Werder Bremen,Union Berlin,0,2,A,Germany,Bundesliga,football-data.co.uk
league_91d6b9298611b9a7,2020-02-08,BUNDESLIGA,2019-20,LEAGUE,,Wolfsburg,Fortuna Dusseldorf,1,1,D,Germany,Bundesliga,football-data.co.uk
league_cc3801d010bb170f,2020-02-09,BUNDESLIGA,2019-20,LEAGUE,,FC Bayern München,RB Leipzig,0,0,D,Germany,Bundesliga,football-data.co.uk
league_94852e4bae7b4510,2020-02-14,BUNDESLIGA,2019-20,LEAGUE,,Borussia Dortmund,Eintracht Frankfurt,4,0,H,Germany,Bundesliga,football-data.co.uk
league_681e9b1e8721867a,2020-02-15,BUNDESLIGA,2019-20,LEAGUE,,Augsburg,Freiburg,1,1,D,Germany,Bundesliga,football-data.co.uk
league_98027b24e22e4546,2020-02-15,BUNDESLIGA,2019-20,LEAGUE,,Fortuna Dusseldorf,Borussia Mönchengladbach,1,4,A,Germany,Bundesliga,football-data.co.uk
league_f8518205375e187d,2020-02-15,BUNDESLIGA,2019-20,LEAGUE,,Hoffenheim,Wolfsburg,2,3,A,Germany,Bundesliga,football-data.co.uk
league_e516dc7fa861f8c6,2020-02-15,BUNDESLIGA,2019-20,LEAGUE,,Paderborn,Hertha,1,2,A,Germany,Bundesliga,football-data.co.uk
league_a32b08dc05e09a8e,2020-02-15,BUNDESLIGA,2019-20,LEAGUE,,RB Leipzig,Werder Bremen,3,0,H,Germany,Bundesliga,football-data.co.uk
league_ab42adcc69c798e1,2020-02-15,BUNDESLIGA,2019-20,LEAGUE,,Union Berlin,Bayer 04 Leverkusen,2,3,A,Germany,Bundesliga,football-data.co.uk
league_928870318e6376f9,2020-02-16,BUNDESLIGA,2019-20,LEAGUE,,FC Koln,FC Bayern München,1,4,A,Germany,Bundesliga,football-data.co.uk
league_188e5e731438f29f,2020-02-16,BUNDESLIGA,2019-20,LEAGUE,,FSV Mainz 05,FC Schalke 04,0,0,D,Germany,Bundesliga,football-data.co.uk
league_ba25a020da4aecf7,2020-02-21,BUNDESLIGA,2019-20,LEAGUE,,FC Bayern München,Paderborn,3,2,H,Germany,Bundesliga,football-data.co.uk
league_e92ed525531a51bb,2020-02-22,BUNDESLIGA,2019-20,LEAGUE,,Borussia Mönchengladbach,Hoffenheim,1,1,D,Germany,Bundesliga,football-data.co.uk
league_17d6fb083fd77824,2020-02-22,BUNDESLIGA,2019-20,LEAGUE,,FC Schalke 04,RB Leipzig,0,5,A,Germany,Bundesliga,football-data.co.uk
league_d21cd2fa1b63458d,2020-02-22,BUNDESLIGA,2019-20,LEAGUE,,Freiburg,Fortuna Dusseldorf,0,2,A,Germany,Bundesliga,football-data.co.uk
league_d593b6b823b12436,2020-02-22,BUNDESLIGA,2019-20,LEAGUE,,Hertha,FC Koln,0,5,A,Germany,Bundesliga,football-data.co.uk
league_6e8c9c8bde1d85f7,2020-02-22,BUNDESLIGA,2019-20,LEAGUE,,Werder Bremen,Borussia Dortmund,0,2,A,Germany,Bundesliga,football-data.co.uk
league_f00d6fbf78640688,2020-02-23,BUNDESLIGA,2019-20,LEAGUE,,Bayer 04 Leverkusen,Augsburg,2,0,H,Germany,Bundesliga,football-data.co.uk
league_5628e4a34ed6ec1e,2020-02-23,BUNDESLIGA,2019-20,LEAGUE,,Wolfsburg,FSV Mainz 05,4,0,H,Germany,Bundesliga,football-data.co.uk
league_9edb2795444f87a4,2020-02-24,BUNDESLIGA,2019-20,LEAGUE,,Eintracht Frankfurt,Union Berlin,1,2,A,Germany,Bundesliga,football-data.co.uk
league_80b5b85643da2439,2020-02-28,BUNDESLIGA,2019-20,LEAGUE,,Fortuna Dusseldorf,Hertha,3,3,D,Germany,Bundesliga,football-data.co.uk
league_b7747f2e6f8e8597,2020-02-29,BUNDESLIGA,2019-20,LEAGUE,,Augsburg,Borussia Mönchengladbach,2,3,A,Germany,Bundesliga,football-data.co.uk
league_056ae566c28354fb,2020-02-29,BUNDESLIGA,2019-20,LEAGUE,,Borussia Dortmund,Freiburg,1,0,H,Germany,Bundesliga,football-data.co.uk
league_eb044943492a60ec,2020-02-29,BUNDESLIGA,2019-20,LEAGUE,,FC Koln,FC Schalke 04,3,0,H,Germany,Bundesliga,football-data.co.uk
league_0cd34f6e13458f07,2020-02-29,BUNDESLIGA,2019-20,LEAGUE,,FSV Mainz 05,Paderborn,2,0,H,Germany,Bundesliga,football-data.co.uk
league_24cd1e097ee8d627,2020-02-29,BUNDESLIGA,2019-20,LEAGUE,,Hoffenheim,FC Bayern München,0,6,A,Germany,Bundesliga,football-data.co.uk
league_49bb246eefd99a23,2020-03-01,BUNDESLIGA,2019-20,LEAGUE,,RB Leipzig,Bayer 04 Leverkusen,1,1,D,Germany,Bundesliga,football-data.co.uk
league_a250ae3d9f670eb7,2020-03-01,BUNDESLIGA,2019-20,LEAGUE,,Union Berlin,Wolfsburg,2,2,D,Germany,Bundesliga,football-data.co.uk
league_10bd50dbbc7ff19d,2020-03-06,BUNDESLIGA,2019-20,LEAGUE,,Paderborn,FC Koln,1,2,A,Germany,Bundesliga,football-data.co.uk
league_93b1e60d7459215a,2020-03-07,BUNDESLIGA,2019-20,LEAGUE,,Bayer 04 Leverkusen,Eintracht Frankfurt,4,0,H,Germany,Bundesliga,football-data.co.uk
league_3d1c6b019f8caeb7,2020-03-07,BUNDESLIGA,2019-20,LEAGUE,,Borussia Mönchengladbach,Borussia Dortmund,1,2,A,Germany,Bundesliga,football-data.co.uk
league_e965d68b30a3cad0,2020-03-07,BUNDESLIGA,2019-20,LEAGUE,,FC Schalke 04,Hoffenheim,1,1,D,Germany,Bundesliga,football-data.co.uk
league_77b18af5eb3de733,2020-03-07,BUNDESLIGA,2019-20,LEAGUE,,Freiburg,Union Berlin,3,1,H,Germany,Bundesliga,football-data.co.uk
league_7ccd38aa07b48d56,2020-03-07,BUNDESLIGA,2019-20,LEAGUE,,Hertha,Werder Bremen,2,2,D,Germany,Bundesliga,football-data.co.uk
league_18580c935675bd75,2020-03-07,BUNDESLIGA,2019-20,LEAGUE,,Wolfsburg,RB Leipzig,0,0,D,Germany,Bundesliga,football-data.co.uk
league_6a4a676f5c24ccd8,2020-03-08,BUNDESLIGA,2019-20,LEAGUE,,FC Bayern München,Augsburg,2,0,H,Germany,Bundesliga,football-data.co.uk
league_234dc1423d5ffb78,2020-03-08,BUNDESLIGA,2019-20,LEAGUE,,FSV Mainz 05,Fortuna Dusseldorf,1,1,D,Germany,Bundesliga,football-data.co.uk
league_2a7993ea161a5d5b,2020-03-11,BUNDESLIGA,2019-20,LEAGUE,,Borussia Mönchengladbach,FC Koln,2,1,H,Germany,Bundesliga,football-data.co.uk
league_8ec9313d6fb0103f,2020-05-16,BUNDESLIGA,2019-20,LEAGUE,,Augsburg,Wolfsburg,1,2,A,Germany,Bundesliga,football-data.co.uk
league_7547bd949b16a049,2020-05-16,BUNDESLIGA,2019-20,LEAGUE,,Borussia Dortmund,FC Schalke 04,4,0,H,Germany,Bundesliga,football-data.co.uk
league_7eeff374674f419e,2020-05-16,BUNDESLIGA,2019-20,LEAGUE,,Eintracht Frankfurt,Borussia Mönchengladbach,1,3,A,Germany,Bundesliga,football-data.co.uk
league_61646af5274b8450,2020-05-16,BUNDESLIGA,2019-20,LEAGUE,,Fortuna Dusseldorf,Paderborn,0,0,D,Germany,Bundesliga,football-data.co.uk
league_384c07b358c5fd22,2020-05-16,BUNDESLIGA,2019-20,LEAGUE,,Hoffenheim,Hertha,0,3,A,Germany,Bundesliga,football-data.co.uk
league_14335033b50678f3,2020-05-16,BUNDESLIGA,2019-20,LEAGUE,,RB Leipzig,Freiburg,1,1,D,Germany,Bundesliga,football-data.co.uk
league_c2993ad225d7d734,2020-05-17,BUNDESLIGA,2019-20,LEAGUE,,FC Koln,FSV Mainz 05,2,2,D,Germany,Bundesliga,football-data.co.uk
league_aa2adea23bc108e2,2020-05-17,BUNDESLIGA,2019-20,LEAGUE,,Union Berlin,FC Bayern München,0,2,A,Germany,Bundesliga,football-data.co.uk
league_805d8460d0c74d08,2020-05-18,BUNDESLIGA,2019-20,LEAGUE,,Werder Bremen,Bayer 04 Leverkusen,1,4,A,Germany,Bundesliga,football-data.co.uk
league_75298dc4ac39476e,2020-05-22,BUNDESLIGA,2019-20,LEAGUE,,Hertha,Union Berlin,4,0,H,Germany,Bundesliga,football-data.co.uk
league_9f32aa679540d149,2020-05-23,BUNDESLIGA,2019-20,LEAGUE,,Borussia Mönchengladbach,Bayer 04 Leverkusen,1,3,A,Germany,Bundesliga,football-data.co.uk
league_e685f250c7125fe5,2020-05-23,BUNDESLIGA,2019-20,LEAGUE,,FC Bayern München,Eintracht Frankfurt,5,2,H,Germany,Bundesliga,football-data.co.uk
league_b270b4b24693301e,2020-05-23,BUNDESLIGA,2019-20,LEAGUE,,Freiburg,Werder Bremen,0,1,A,Germany,Bundesliga,football-data.co.uk
league_1a499223221849a5,2020-05-23,BUNDESLIGA,2019-20,LEAGUE,,Paderborn,Hoffenheim,1,1,D,Germany,Bundesliga,football-data.co.uk
league_038a1f19fed27136,2020-05-23,BUNDESLIGA,2019-20,LEAGUE,,Wolfsburg,Borussia Dortmund,0,2,A,Germany,Bundesliga,football-data.co.uk
league_8adfda7957564a10,2020-05-24,BUNDESLIGA,2019-20,LEAGUE,,FC Koln,Fortuna Dusseldorf,2,2,D,Germany,Bundesliga,football-data.co.uk
league_8b85def41bbb9a1d,2020-05-24,BUNDESLIGA,2019-20,LEAGUE,,FC Schalke 04,Augsburg,0,3,A,Germany,Bundesliga,football-data.co.uk
league_2a7baa1539b0cb48,2020-05-24,BUNDESLIGA,2019-20,LEAGUE,,FSV Mainz 05,RB Leipzig,0,5,A,Germany,Bundesliga,football-data.co.uk
league_89f3f6bdf24a32a4,2020-05-26,BUNDESLIGA,2019-20,LEAGUE,,Bayer 04 Leverkusen,Wolfsburg,1,4,A,Germany,Bundesliga,football-data.co.uk
league_caf5da2b6dba1241,2020-05-26,BUNDESLIGA,2019-20,LEAGUE,,Borussia Dortmund,FC Bayern München,0,1,A,Germany,Bundesliga,football-data.co.uk
league_4ba8985bdbeb95a6,2020-05-26,BUNDESLIGA,2019-20,LEAGUE,,Eintracht Frankfurt,Freiburg,3,3,D,Germany,Bundesliga,football-data.co.uk
league_d4a223263843b4c3,2020-05-26,BUNDESLIGA,2019-20,LEAGUE,,Werder Bremen,Borussia Mönchengladbach,0,0,D,Germany,Bundesliga,football-data.co.uk
league_eef86e10d70b9ab8,2020-05-27,BUNDESLIGA,2019-20,LEAGUE,,Augsburg,Paderborn,0,0,D,Germany,Bundesliga,football-data.co.uk
league_7165bf2b4ec50155,2020-05-27,BUNDESLIGA,2019-20,LEAGUE,,Fortuna Dusseldorf,FC Schalke 04,2,1,H,Germany,Bundesliga,football-data.co.uk
league_565661068c4af2d1,2020-05-27,BUNDESLIGA,2019-20,LEAGUE,,Hoffenheim,FC Koln,3,1,H,Germany,Bundesliga,football-data.co.uk
league_bfc9b4e00e81ac29,2020-05-27,BUNDESLIGA,2019-20,LEAGUE,,RB Leipzig,Hertha,2,2,D,Germany,Bundesliga,football-data.co.uk
league_4639c1cbb06322bf,2020-05-27,BUNDESLIGA,2019-20,LEAGUE,,Union Berlin,FSV Mainz 05,1,1,D,Germany,Bundesliga,football-data.co.uk
league_bbbe6931bde7cc55,2020-05-29,BUNDESLIGA,2019-20,LEAGUE,,Freiburg,Bayer 04 Leverkusen,0,1,A,Germany,Bundesliga,football-data.co.uk
league_bee3eab48258664a,2020-05-30,BUNDESLIGA,2019-20,LEAGUE,,FC Bayern München,Fortuna Dusseldorf,5,0,H,Germany,Bundesliga,football-data.co.uk
league_e0f4b8cb0797f74d,2020-05-30,BUNDESLIGA,2019-20,LEAGUE,,FC Schalke 04,Werder Bremen,0,1,A,Germany,Bundesliga,football-data.co.uk
league_a0236ee9f5a5d323,2020-05-30,BUNDESLIGA,2019-20,LEAGUE,,FSV Mainz 05,Hoffenheim,0,1,A,Germany,Bundesliga,football-data.co.uk
league_2d6e4ba27f9ac5a1,2020-05-30,BUNDESLIGA,2019-20,LEAGUE,,Hertha,Augsburg,2,0,H,Germany,Bundesliga,football-data.co.uk
league_8564d17fd2265711,2020-05-30,BUNDESLIGA,2019-20,LEAGUE,,Wolfsburg,Eintracht Frankfurt,1,2,A,Germany,Bundesliga,football-data.co.uk
league_f5b68e1f3a7ebb58,2020-05-31,BUNDESLIGA,2019-20,LEAGUE,,Borussia Mönchengladbach,Union Berlin,4,1,H,Germany,Bundesliga,football-data.co.uk
league_fbb623334977bcca,2020-05-31,BUNDESLIGA,2019-20,LEAGUE,,Paderborn,Borussia Dortmund,1,6,A,Germany,Bundesliga,football-data.co.uk
league_cb495e21af48a980,2020-06-01,BUNDESLIGA,2019-20,LEAGUE,,FC Koln,RB Leipzig,2,4,A,Germany,Bundesliga,football-data.co.uk
league_7793f6b711540dd9,2020-06-03,BUNDESLIGA,2019-20,LEAGUE,,Werder Bremen,Eintracht Frankfurt,0,3,A,Germany,Bundesliga,football-data.co.uk
league_59650711d21370d3,2020-06-05,BUNDESLIGA,2019-20,LEAGUE,,Freiburg,Borussia Mönchengladbach,1,0,H,Germany,Bundesliga,football-data.co.uk
league_3968c921fd6cbf37,2020-06-06,BUNDESLIGA,2019-20,LEAGUE,,Bayer 04 Leverkusen,FC Bayern München,2,4,A,Germany,Bundesliga,football-data.co.uk
league_586895354cb70aeb,2020-06-06,BUNDESLIGA,2019-20,LEAGUE,,Borussia Dortmund,Hertha,1,0,H,Germany,Bundesliga,football-data.co.uk
league_69e5fdb6dc8ed466,2020-06-06,BUNDESLIGA,2019-20,LEAGUE,,Eintracht Frankfurt,FSV Mainz 05,0,2,A,Germany,Bundesliga,football-data.co.uk
league_9dae1f233a9092a4,2020-06-06,BUNDESLIGA,2019-20,LEAGUE,,Fortuna Dusseldorf,Hoffenheim,2,2,D,Germany,Bundesliga,football-data.co.uk
league_2152343bf22f9db5,2020-06-06,BUNDESLIGA,2019-20,LEAGUE,,RB Leipzig,Paderborn,1,1,D,Germany,Bundesliga,football-data.co.uk
league_c4ddf0125bd3da22,2020-06-07,BUNDESLIGA,2019-20,LEAGUE,,Augsburg,FC Koln,1,1,D,Germany,Bundesliga,football-data.co.uk
league_ab6d5ea543305463,2020-06-07,BUNDESLIGA,2019-20,LEAGUE,,Union Berlin,FC Schalke 04,1,1,D,Germany,Bundesliga,football-data.co.uk
league_3951fb261788418d,2020-06-07,BUNDESLIGA,2019-20,LEAGUE,,Werder Bremen,Wolfsburg,0,1,A,Germany,Bundesliga,football-data.co.uk
league_b986f34a37557109,2020-06-12,BUNDESLIGA,2019-20,LEAGUE,,Hoffenheim,RB Leipzig,0,2,A,Germany,Bundesliga,football-data.co.uk
league_885b3bb456b8b140,2020-06-13,BUNDESLIGA,2019-20,LEAGUE,,FC Bayern München,Borussia Mönchengladbach,2,1,H,Germany,Bundesliga,football-data.co.uk
league_0dc138766547bb85,2020-06-13,BUNDESLIGA,2019-20,LEAGUE,,FC Koln,Union Berlin,1,2,A,Germany,Bundesliga,football-data.co.uk
league_997360c1dd8d5c70,2020-06-13,BUNDESLIGA,2019-20,LEAGUE,,Fortuna Dusseldorf,Borussia Dortmund,0,1,A,Germany,Bundesliga,football-data.co.uk
league_cf6a192e4641f333,2020-06-13,BUNDESLIGA,2019-20,LEAGUE,,Hertha,Eintracht Frankfurt,1,4,A,Germany,Bundesliga,football-data.co.uk
league_c583fc775ba15b1f,2020-06-13,BUNDESLIGA,2019-20,LEAGUE,,Paderborn,Werder Bremen,1,5,A,Germany,Bundesliga,football-data.co.uk
league_dde889855335f283,2020-06-13,BUNDESLIGA,2019-20,LEAGUE,,Wolfsburg,Freiburg,2,2,D,Germany,Bundesliga,football-data.co.uk
league_b02601fdae4eb247,2020-06-14,BUNDESLIGA,2019-20,LEAGUE,,FC Schalke 04,Bayer 04 Leverkusen,1,1,D,Germany,Bundesliga,football-data.co.uk
league_5f7d6fd4f114c29a,2020-06-14,BUNDESLIGA,2019-20,LEAGUE,,FSV Mainz 05,Augsburg,0,1,A,Germany,Bundesliga,football-data.co.uk
league_b3f70dd77efae2c7,2020-06-16,BUNDESLIGA,2019-20,LEAGUE,,Borussia Mönchengladbach,Wolfsburg,3,0,H,Germany,Bundesliga,football-data.co.uk
league_76d1254fa055d216,2020-06-16,BUNDESLIGA,2019-20,LEAGUE,,Freiburg,Hertha,2,1,H,Germany,Bundesliga,football-data.co.uk
league_87a34915c472bc2f,2020-06-16,BUNDESLIGA,2019-20,LEAGUE,,Union Berlin,Paderborn,1,0,H,Germany,Bundesliga,football-data.co.uk
league_4da685eefa9e30dd,2020-06-16,BUNDESLIGA,2019-20,LEAGUE,,Werder Bremen,FC Bayern München,0,1,A,Germany,Bundesliga,football-data.co.uk
league_aca08c54165072d1,2020-06-17,BUNDESLIGA,2019-20,LEAGUE,,Augsburg,Hoffenheim,1,3,A,Germany,Bundesliga,football-data.co.uk
league_bf34961b9cca6a1c,2020-06-17,BUNDESLIGA,2019-20,LEAGUE,,Bayer 04 Leverkusen,FC Koln,3,1,H,Germany,Bundesliga,football-data.co.uk
league_a3d1daa7c39edc16,2020-06-17,BUNDESLIGA,2019-20,LEAGUE,,Borussia Dortmund,FSV Mainz 05,0,2,A,Germany,Bundesliga,football-data.co.uk
league_95ef47c4e604d8c5,2020-06-17,BUNDESLIGA,2019-20,LEAGUE,,Eintracht Frankfurt,FC Schalke 04,2,1,H,Germany,Bundesliga,football-data.co.uk
league_5deb18f9b2062d1b,2020-06-17,BUNDESLIGA,2019-20,LEAGUE,,RB Leipzig,Fortuna Dusseldorf,2,2,D,Germany,Bundesliga,football-data.co.uk
league_fb5dd0782f48b028,2020-06-20,BUNDESLIGA,2019-20,LEAGUE,,FC Bayern München,Freiburg,3,1,H,Germany,Bundesliga,football-data.co.uk
league_b7332a332eeeb006,2020-06-20,BUNDESLIGA,2019-20,LEAGUE,,FC Koln,Eintracht Frankfurt,1,1,D,Germany,Bundesliga,football-data.co.uk
league_01dcc68b119d3d1b,2020-06-20,BUNDESLIGA,2019-20,LEAGUE,,FC Schalke 04,Wolfsburg,1,4,A,Germany,Bundesliga,football-data.co.uk
league_85497481354da05a,2020-06-20,BUNDESLIGA,2019-20,LEAGUE,,FSV Mainz 05,Werder Bremen,3,1,H,Germany,Bundesliga,football-data.co.uk
league_2c877360d14a4d21,2020-06-20,BUNDESLIGA,2019-20,LEAGUE,,Fortuna Dusseldorf,Augsburg,1,1,D,Germany,Bundesliga,football-data.co.uk
league_cb5324da04c07363,2020-06-20,BUNDESLIGA,2019-20,LEAGUE,,Hertha,Bayer 04 Leverkusen,2,0,H,Germany,Bundesliga,football-data.co.uk
league_0545156a62efdfb3,2020-06-20,BUNDESLIGA,2019-20,LEAGUE,,Hoffenheim,Union Berlin,4,0,H,Germany,Bundesliga,football-data.co.uk
league_81f780faf1a6e2b5,2020-06-20,BUNDESLIGA,2019-20,LEAGUE,,Paderborn,Borussia Mönchengladbach,1,3,A,Germany,Bundesliga,football-data.co.uk
league_15ea518292d1055c,2020-06-20,BUNDESLIGA,2019-20,LEAGUE,,RB Leipzig,Borussia Dortmund,0,2,A,Germany,Bundesliga,football-data.co.uk
league_f4002dbbb8263ebe,2020-06-27,BUNDESLIGA,2019-20,LEAGUE,,Augsburg,RB Leipzig,1,2,A,Germany,Bundesliga,football-data.co.uk
league_4f21fb892a7b00a9,2020-06-27,BUNDESLIGA,2019-20,LEAGUE,,Bayer 04 Leverkusen,FSV Mainz 05,1,0,H,Germany,Bundesliga,football-data.co.uk
league_01f61d25970615e3,2020-06-27,BUNDESLIGA,2019-20,LEAGUE,,Borussia Dortmund,Hoffenheim,0,4,A,Germany,Bundesliga,football-data.co.uk
league_98fb7f255083318b,2020-06-27,BUNDESLIGA,2019-20,LEAGUE,,Borussia Mönchengladbach,Hertha,2,1,H,Germany,Bundesliga,football-data.co.uk
league_39ca0ecfc09ff69d,2020-06-27,BUNDESLIGA,2019-20,LEAGUE,,Eintracht Frankfurt,Paderborn,3,2,H,Germany,Bundesliga,football-data.co.uk
league_3f3746e5445e3daa,2020-06-27,BUNDESLIGA,2019-20,LEAGUE,,Freiburg,FC Schalke 04,4,0,H,Germany,Bundesliga,football-data.co.uk
league_1da57dd0d6e63095,2020-06-27,BUNDESLIGA,2019-20,LEAGUE,,Union Berlin,Fortuna Dusseldorf,3,0,H,Germany,Bundesliga,football-data.co.uk
league_693e72b26a11c315,2020-06-27,BUNDESLIGA,2019-20,LEAGUE,,Werder Bremen,FC Koln,6,1,H,Germany,Bundesliga,football-data.co.uk
league_6e31ca61bfd50ed1,2020-06-27,BUNDESLIGA,2019-20,LEAGUE,,Wolfsburg,FC Bayern München,0,4,A,Germany,Bundesliga,football-data.co.uk
league_ea21940c87460828,2020-09-18,BUNDESLIGA,2020-21,LEAGUE,,FC Bayern München,FC Schalke 04,8,0,H,Germany,Bundesliga,football-data.co.uk
league_fe860b45b1c46e1c,2020-09-19,BUNDESLIGA,2020-21,LEAGUE,,Borussia Dortmund,Borussia Mönchengladbach,3,0,H,Germany,Bundesliga,football-data.co.uk
league_1479ce0774f74932,2020-09-19,BUNDESLIGA,2020-21,LEAGUE,,Eintracht Frankfurt,Bielefeld,1,1,D,Germany,Bundesliga,football-data.co.uk
league_80e55ace3e5731eb,2020-09-19,BUNDESLIGA,2020-21,LEAGUE,,FC Koln,Hoffenheim,2,3,A,Germany,Bundesliga,football-data.co.uk
league_e86ef0037f3579b6,2020-09-19,BUNDESLIGA,2020-21,LEAGUE,,Stuttgart,Freiburg,2,3,A,Germany,Bundesliga,football-data.co.uk
league_3e65dfd1d29f1450,2020-09-19,BUNDESLIGA,2020-21,LEAGUE,,Union Berlin,Augsburg,1,3,A,Germany,Bundesliga,football-data.co.uk
league_c4ed1e8877572d68,2020-09-19,BUNDESLIGA,2020-21,LEAGUE,,Werder Bremen,Hertha,1,4,A,Germany,Bundesliga,football-data.co.uk
league_4aedad048e30659e,2020-09-20,BUNDESLIGA,2020-21,LEAGUE,,RB Leipzig,FSV Mainz 05,3,1,H,Germany,Bundesliga,football-data.co.uk
league_7349f9ff97b26a01,2020-09-20,BUNDESLIGA,2020-21,LEAGUE,,Wolfsburg,Bayer 04 Leverkusen,0,0,D,Germany,Bundesliga,football-data.co.uk
league_8e486a13d778f7f2,2020-09-25,BUNDESLIGA,2020-21,LEAGUE,,Hertha,Eintracht Frankfurt,1,3,A,Germany,Bundesliga,football-data.co.uk
league_9da903e82984407c,2020-09-26,BUNDESLIGA,2020-21,LEAGUE,,Augsburg,Borussia Dortmund,2,0,H,Germany,Bundesliga,football-data.co.uk
league_efa7d914f214009c,2020-09-26,BUNDESLIGA,2020-21,LEAGUE,,Bayer 04 Leverkusen,RB Leipzig,1,1,D,Germany,Bundesliga,football-data.co.uk
league_d8a825c6d809e0bf,2020-09-26,BUNDESLIGA,2020-21,LEAGUE,,Bielefeld,FC Koln,1,0,H,Germany,Bundesliga,football-data.co.uk
league_70eb82f5809b46b9,2020-09-26,BUNDESLIGA,2020-21,LEAGUE,,Borussia Mönchengladbach,Union Berlin,1,1,D,Germany,Bundesliga,football-data.co.uk
league_bb30474142d12f97,2020-09-26,BUNDESLIGA,2020-21,LEAGUE,,FC Schalke 04,Werder Bremen,1,3,A,Germany,Bundesliga,football-data.co.uk
league_685a98d1d4cafe92,2020-09-26,BUNDESLIGA,2020-21,LEAGUE,,FSV Mainz 05,Stuttgart,1,4,A,Germany,Bundesliga,football-data.co.uk
league_15099831182d8a43,2020-09-27,BUNDESLIGA,2020-21,LEAGUE,,Freiburg,Wolfsburg,1,1,D,Germany,Bundesliga,football-data.co.uk
league_42b18b2157944827,2020-09-27,BUNDESLIGA,2020-21,LEAGUE,,Hoffenheim,FC Bayern München,4,1,H,Germany,Bundesliga,football-data.co.uk
league_6a92723d8fd6dfb1,2020-10-02,BUNDESLIGA,2020-21,LEAGUE,,Union Berlin,FSV Mainz 05,4,0,H,Germany,Bundesliga,football-data.co.uk
league_a0f0387860e5d90a,2020-10-03,BUNDESLIGA,2020-21,LEAGUE,,Borussia Dortmund,Freiburg,4,0,H,Germany,Bundesliga,football-data.co.uk
league_7252a3dc1553c4b8,2020-10-03,BUNDESLIGA,2020-21,LEAGUE,,Eintracht Frankfurt,Hoffenheim,2,1,H,Germany,Bundesliga,football-data.co.uk
league_2455d8d45dc302ac,2020-10-03,BUNDESLIGA,2020-21,LEAGUE,,FC Koln,Borussia Mönchengladbach,1,3,A,Germany,Bundesliga,football-data.co.uk
league_b67b51b2c4701797,2020-10-03,BUNDESLIGA,2020-21,LEAGUE,,RB Leipzig,FC Schalke 04,4,0,H,Germany,Bundesliga,football-data.co.uk
league_19a62c96e62a01af,2020-10-03,BUNDESLIGA,2020-21,LEAGUE,,Stuttgart,Bayer 04 Leverkusen,1,1,D,Germany,Bundesliga,football-data.co.uk
league_16e6595e28e0baa6,2020-10-03,BUNDESLIGA,2020-21,LEAGUE,,Werder Bremen,Bielefeld,1,0,H,Germany,Bundesliga,football-data.co.uk
league_29b69200b816a6c6,2020-10-04,BUNDESLIGA,2020-21,LEAGUE,,FC Bayern München,Hertha,4,3,H,Germany,Bundesliga,football-data.co.uk
league_8c1c7b00901bbf77,2020-10-04,BUNDESLIGA,2020-21,LEAGUE,,Wolfsburg,Augsburg,0,0,D,Germany,Bundesliga,football-data.co.uk
league_90f764ae3658d1f2,2020-10-17,BUNDESLIGA,2020-21,LEAGUE,,Augsburg,RB Leipzig,0,2,A,Germany,Bundesliga,football-data.co.uk
league_00324a3e228b430f,2020-10-17,BUNDESLIGA,2020-21,LEAGUE,,Bielefeld,FC Bayern München,1,4,A,Germany,Bundesliga,football-data.co.uk
league_7f394a8cf0b18010,2020-10-17,BUNDESLIGA,2020-21,LEAGUE,,Borussia Mönchengladbach,Wolfsburg,1,1,D,Germany,Bundesliga,football-data.co.uk
league_6b64d4cac0060a17,2020-10-17,BUNDESLIGA,2020-21,LEAGUE,,FSV Mainz 05,Bayer 04 Leverkusen,0,1,A,Germany,Bundesliga,football-data.co.uk
league_581dd59943190837,2020-10-17,BUNDESLIGA,2020-21,LEAGUE,,Freiburg,Werder Bremen,1,1,D,Germany,Bundesliga,football-data.co.uk
league_00f9fd5050958d2c,2020-10-17,BUNDESLIGA,2020-21,LEAGUE,,Hertha,Stuttgart,0,2,A,Germany,Bundesliga,football-data.co.uk
league_704cd71ba356a9ec,2020-10-17,BUNDESLIGA,2020-21,LEAGUE,,Hoffenheim,Borussia Dortmund,0,1,A,Germany,Bundesliga,football-data.co.uk
league_2b85b13e24d1837a,2020-10-18,BUNDESLIGA,2020-21,LEAGUE,,FC Koln,Eintracht Frankfurt,1,1,D,Germany,Bundesliga,football-data.co.uk
league_f3f055750a17eb10,2020-10-18,BUNDESLIGA,2020-21,LEAGUE,,FC Schalke 04,Union Berlin,1,1,D,Germany,Bundesliga,football-data.co.uk
league_5d14c9732d742b55,2020-10-23,BUNDESLIGA,2020-21,LEAGUE,,Stuttgart,FC Koln,1,1,D,Germany,Bundesliga,football-data.co.uk
league_338a3792eb83a287,2020-10-24,BUNDESLIGA,2020-21,LEAGUE,,Borussia Dortmund,FC Schalke 04,3,0,H,Germany,Bundesliga,football-data.co.uk
league_12046cd9c62d1d08,2020-10-24,BUNDESLIGA,2020-21,LEAGUE,,FC Bayern München,Eintracht Frankfurt,5,0,H,Germany,Bundesliga,football-data.co.uk
league_cb330e178e587a7e,2020-10-24,BUNDESLIGA,2020-21,LEAGUE,,FSV Mainz 05,Borussia Mönchengladbach,2,3,A,Germany,Bundesliga,football-data.co.uk
league_16eb4170ec05512c,2020-10-24,BUNDESLIGA,2020-21,LEAGUE,,RB Leipzig,Hertha,2,1,H,Germany,Bundesliga,football-data.co.uk
league_3783a57bf94c882b,2020-10-24,BUNDESLIGA,2020-21,LEAGUE,,Union Berlin,Freiburg,1,1,D,Germany,Bundesliga,football-data.co.uk
league_1b8395fa2832797b,2020-10-25,BUNDESLIGA,2020-21,LEAGUE,,Werder Bremen,Hoffenheim,1,1,D,Germany,Bundesliga,football-data.co.uk
league_39090228c7ccde83,2020-10-25,BUNDESLIGA,2020-21,LEAGUE,,Wolfsburg,Bielefeld,2,1,H,Germany,Bundesliga,football-data.co.uk
league_9c6dc20f42787e73,2020-10-26,BUNDESLIGA,2020-21,LEAGUE,,Bayer 04 Leverkusen,Augsburg,3,1,H,Germany,Bundesliga,football-data.co.uk
league_834f4e88cde40d5a,2020-10-30,BUNDESLIGA,2020-21,LEAGUE,,FC Schalke 04,Stuttgart,1,1,D,Germany,Bundesliga,football-data.co.uk
league_989cdcba1c50ec80,2020-10-31,BUNDESLIGA,2020-21,LEAGUE,,Augsburg,FSV Mainz 05,3,1,H,Germany,Bundesliga,football-data.co.uk
league_143c43a311398cf4,2020-10-31,BUNDESLIGA,2020-21,LEAGUE,,Bielefeld,Borussia Dortmund,0,2,A,Germany,Bundesliga,football-data.co.uk
league_a6c883b744632551,2020-10-31,BUNDESLIGA,2020-21,LEAGUE,,Borussia Mönchengladbach,RB Leipzig,1,0,H,Germany,Bundesliga,football-data.co.uk
league_74ba6d55effca9f6,2020-10-31,BUNDESLIGA,2020-21,LEAGUE,,Eintracht Frankfurt,Werder Bremen,1,1,D,Germany,Bundesliga,football-data.co.uk
league_2e278090d227e8cd,2020-10-31,BUNDESLIGA,2020-21,LEAGUE,,FC Koln,FC Bayern München,1,2,A,Germany,Bundesliga,football-data.co.uk
league_640d475f6b9a3bfa,2020-11-01,BUNDESLIGA,2020-21,LEAGUE,,Freiburg,Bayer 04 Leverkusen,2,4,A,Germany,Bundesliga,football-data.co.uk
league_200663a7f8fca1a1,2020-11-01,BUNDESLIGA,2020-21,LEAGUE,,Hertha,Wolfsburg,1,1,D,Germany,Bundesliga,football-data.co.uk
league_595f39786d875556,2020-11-02,BUNDESLIGA,2020-21,LEAGUE,,Hoffenheim,Union Berlin,1,3,A,Germany,Bundesliga,football-data.co.uk
league_152c58b9abf06ec9,2020-11-06,BUNDESLIGA,2020-21,LEAGUE,,Werder Bremen,FC Koln,1,1,D,Germany,Bundesliga,football-data.co.uk
league_ce1df9b024cd1a5b,2020-11-07,BUNDESLIGA,2020-21,LEAGUE,,Augsburg,Hertha,0,3,A,Germany,Bundesliga,football-data.co.uk
league_af798b7575536d7c,2020-11-07,BUNDESLIGA,2020-21,LEAGUE,,Borussia Dortmund,FC Bayern München,2,3,A,Germany,Bundesliga,football-data.co.uk
league_cf8b372333cd51c5,2020-11-07,BUNDESLIGA,2020-21,LEAGUE,,FSV Mainz 05,FC Schalke 04,2,2,D,Germany,Bundesliga,football-data.co.uk
league_65acfa67ec9f36c0,2020-11-07,BUNDESLIGA,2020-21,LEAGUE,,RB Leipzig,Freiburg,3,0,H,Germany,Bundesliga,football-data.co.uk
league_c4bdaf23fe1df9c0,2020-11-07,BUNDESLIGA,2020-21,LEAGUE,,Stuttgart,Eintracht Frankfurt,2,2,D,Germany,Bundesliga,football-data.co.uk
league_24c4dc75d5b98957,2020-11-07,BUNDESLIGA,2020-21,LEAGUE,,Union Berlin,Bielefeld,5,0,H,Germany,Bundesliga,football-data.co.uk
league_5437b62b6c5a337c,2020-11-08,BUNDESLIGA,2020-21,LEAGUE,,Bayer 04 Leverkusen,Borussia Mönchengladbach,4,3,H,Germany,Bundesliga,football-data.co.uk
league_50e613ef3a54d65e,2020-11-08,BUNDESLIGA,2020-21,LEAGUE,,Wolfsburg,Hoffenheim,2,1,H,Germany,Bundesliga,football-data.co.uk
league_54712e722704b81d,2020-11-21,BUNDESLIGA,2020-21,LEAGUE,,Bielefeld,Bayer 04 Leverkusen,1,2,A,Germany,Bundesliga,football-data.co.uk
league_e6840179f2b98c8e,2020-11-21,BUNDESLIGA,2020-21,LEAGUE,,Borussia Mönchengladbach,Augsburg,1,1,D,Germany,Bundesliga,football-data.co.uk
league_f7d5b67be0b1421d,2020-11-21,BUNDESLIGA,2020-21,LEAGUE,,Eintracht Frankfurt,RB Leipzig,1,1,D,Germany,Bundesliga,football-data.co.uk
league_9cd8cf4ef685536b,2020-11-21,BUNDESLIGA,2020-21,LEAGUE,,FC Bayern München,Werder Bremen,1,1,D,Germany,Bundesliga,football-data.co.uk
league_49a3b9d3dafd0865,2020-11-21,BUNDESLIGA,2020-21,LEAGUE,,FC Schalke 04,Wolfsburg,0,2,A,Germany,Bundesliga,football-data.co.uk
league_7a50fd8f546d17c6,2020-11-21,BUNDESLIGA,2020-21,LEAGUE,,Hertha,Borussia Dortmund,2,5,A,Germany,Bundesliga,football-data.co.uk
league_612a551f68803763,2020-11-21,BUNDESLIGA,2020-21,LEAGUE,,Hoffenheim,Stuttgart,3,3,D,Germany,Bundesliga,football-data.co.uk
league_36a7d9a360209a3e,2020-11-22,BUNDESLIGA,2020-21,LEAGUE,,FC Koln,Union Berlin,1,2,A,Germany,Bundesliga,football-data.co.uk
league_8a8b4ba7a2dec9b6,2020-11-22,BUNDESLIGA,2020-21,LEAGUE,,Freiburg,FSV Mainz 05,1,3,A,Germany,Bundesliga,football-data.co.uk
league_46280ccf73d39e7e,2020-11-27,BUNDESLIGA,2020-21,LEAGUE,,Wolfsburg,Werder Bremen,5,3,H,Germany,Bundesliga,football-data.co.uk
league_126630f55fec0e79,2020-11-28,BUNDESLIGA,2020-21,LEAGUE,,Augsburg,Freiburg,1,1,D,Germany,Bundesliga,football-data.co.uk
league_d64d5e7fba5b25c4,2020-11-28,BUNDESLIGA,2020-21,LEAGUE,,Borussia Dortmund,FC Koln,1,2,A,Germany,Bundesliga,football-data.co.uk
league_5ca8710770034d1d,2020-11-28,BUNDESLIGA,2020-21,LEAGUE,,Borussia Mönchengladbach,FC Schalke 04,4,1,H,Germany,Bundesliga,football-data.co.uk
league_73d0a1b4dbcdf5fb,2020-11-28,BUNDESLIGA,2020-21,LEAGUE,,RB Leipzig,Bielefeld,2,1,H,Germany,Bundesliga,football-data.co.uk
league_ac68fb29f6d095e3,2020-11-28,BUNDESLIGA,2020-21,LEAGUE,,Stuttgart,FC Bayern München,1,3,A,Germany,Bundesliga,football-data.co.uk
league_bf2fef2ce3a16e13,2020-11-28,BUNDESLIGA,2020-21,LEAGUE,,Union Berlin,Eintracht Frankfurt,3,3,D,Germany,Bundesliga,football-data.co.uk
league_2437e0abc2212a4b,2020-11-29,BUNDESLIGA,2020-21,LEAGUE,,Bayer 04 Leverkusen,Hertha,0,0,D,Germany,Bundesliga,football-data.co.uk
league_7e75fca9614f7a84,2020-11-29,BUNDESLIGA,2020-21,LEAGUE,,FSV Mainz 05,Hoffenheim,1,1,D,Germany,Bundesliga,football-data.co.uk
league_7e8219ce3485375e,2020-12-04,BUNDESLIGA,2020-21,LEAGUE,,Hertha,Union Berlin,3,1,H,Germany,Bundesliga,football-data.co.uk
league_5d588fdb4942a7d6,2020-12-05,BUNDESLIGA,2020-21,LEAGUE,,Bielefeld,FSV Mainz 05,2,1,H,Germany,Bundesliga,football-data.co.uk
league_68402574125ed114,2020-12-05,BUNDESLIGA,2020-21,LEAGUE,,Eintracht Frankfurt,Borussia Dortmund,1,1,D,Germany,Bundesliga,football-data.co.uk
league_59c5d4fbb6c7918a,2020-12-05,BUNDESLIGA,2020-21,LEAGUE,,FC Bayern München,RB Leipzig,3,3,D,Germany,Bundesliga,football-data.co.uk
league_51d9e969b36d9c03,2020-12-05,BUNDESLIGA,2020-21,LEAGUE,,FC Koln,Wolfsburg,2,2,D,Germany,Bundesliga,football-data.co.uk
league_568c4c5bf6e65762,2020-12-05,BUNDESLIGA,2020-21,LEAGUE,,Freiburg,Borussia Mönchengladbach,2,2,D,Germany,Bundesliga,football-data.co.uk
league_a47f9237687cbcea,2020-12-06,BUNDESLIGA,2020-21,LEAGUE,,FC Schalke 04,Bayer 04 Leverkusen,0,3,A,Germany,Bundesliga,football-data.co.uk
league_18df93e2e10cb518,2020-12-06,BUNDESLIGA,2020-21,LEAGUE,,Werder Bremen,Stuttgart,1,2,A,Germany,Bundesliga,football-data.co.uk
league_cdb08f981d17ba26,2020-12-07,BUNDESLIGA,2020-21,LEAGUE,,Hoffenheim,Augsburg,3,1,H,Germany,Bundesliga,football-data.co.uk
league_9997496618862390,2020-12-11,BUNDESLIGA,2020-21,LEAGUE,,Wolfsburg,Eintracht Frankfurt,2,1,H,Germany,Bundesliga,football-data.co.uk
league_be31216aa7f61a3d,2020-12-12,BUNDESLIGA,2020-21,LEAGUE,,Borussia Dortmund,Stuttgart,1,5,A,Germany,Bundesliga,football-data.co.uk
league_53d40c4623028c2d,2020-12-12,BUNDESLIGA,2020-21,LEAGUE,,Borussia Mönchengladbach,Hertha,1,1,D,Germany,Bundesliga,football-data.co.uk
league_a9b168068ca8adf0,2020-12-12,BUNDESLIGA,2020-21,LEAGUE,,FSV Mainz 05,FC Koln,0,1,A,Germany,Bundesliga,football-data.co.uk
league_1b09848a63cfca39,2020-12-12,BUNDESLIGA,2020-21,LEAGUE,,Freiburg,Bielefeld,2,0,H,Germany,Bundesliga,football-data.co.uk
league_6255b3af23766d18,2020-12-12,BUNDESLIGA,2020-21,LEAGUE,,RB Leipzig,Werder Bremen,2,0,H,Germany,Bundesliga,football-data.co.uk
league_36ddffb933856de4,2020-12-12,BUNDESLIGA,2020-21,LEAGUE,,Union Berlin,FC Bayern München,1,1,D,Germany,Bundesliga,football-data.co.uk
league_06294290b5cb8463,2020-12-13,BUNDESLIGA,2020-21,LEAGUE,,Augsburg,FC Schalke 04,2,2,D,Germany,Bundesliga,football-data.co.uk
league_4e154aa2cbc12650,2020-12-13,BUNDESLIGA,2020-21,LEAGUE,,Bayer 04 Leverkusen,Hoffenheim,4,1,H,Germany,Bundesliga,football-data.co.uk
league_dad6ad4735f98fbf,2020-12-15,BUNDESLIGA,2020-21,LEAGUE,,Eintracht Frankfurt,Borussia Mönchengladbach,3,3,D,Germany,Bundesliga,football-data.co.uk
league_7971a7d019d6cea0,2020-12-15,BUNDESLIGA,2020-21,LEAGUE,,Hertha,FSV Mainz 05,0,0,D,Germany,Bundesliga,football-data.co.uk
league_9d1057ce45377668,2020-12-15,BUNDESLIGA,2020-21,LEAGUE,,Stuttgart,Union Berlin,2,2,D,Germany,Bundesliga,football-data.co.uk
league_80fb6e867083ee78,2020-12-15,BUNDESLIGA,2020-21,LEAGUE,,Werder Bremen,Borussia Dortmund,1,2,A,Germany,Bundesliga,football-data.co.uk
league_1ef54f3cb039f897,2020-12-16,BUNDESLIGA,2020-21,LEAGUE,,Bielefeld,Augsburg,0,1,A,Germany,Bundesliga,football-data.co.uk
league_08bc324aedd1d5ae,2020-12-16,BUNDESLIGA,2020-21,LEAGUE,,FC Bayern München,Wolfsburg,2,1,H,Germany,Bundesliga,football-data.co.uk
league_984832bb4628edcf,2020-12-16,BUNDESLIGA,2020-21,LEAGUE,,FC Koln,Bayer 04 Leverkusen,0,4,A,Germany,Bundesliga,football-data.co.uk
league_36e4d28060cf47ee,2020-12-16,BUNDESLIGA,2020-21,LEAGUE,,FC Schalke 04,Freiburg,0,2,A,Germany,Bundesliga,football-data.co.uk
league_e68c9afe9b22e4e1,2020-12-16,BUNDESLIGA,2020-21,LEAGUE,,Hoffenheim,RB Leipzig,0,1,A,Germany,Bundesliga,football-data.co.uk
league_416dc5c55f087fe2,2020-12-18,BUNDESLIGA,2020-21,LEAGUE,,Union Berlin,Borussia Dortmund,2,1,H,Germany,Bundesliga,football-data.co.uk
league_a3f3c829e8a2552b,2020-12-19,BUNDESLIGA,2020-21,LEAGUE,,Augsburg,Eintracht Frankfurt,0,2,A,Germany,Bundesliga,football-data.co.uk
league_20e4314043d7ba30,2020-12-19,BUNDESLIGA,2020-21,LEAGUE,,Bayer 04 Leverkusen,FC Bayern München,1,2,A,Germany,Bundesliga,football-data.co.uk
league_c86c54c77e455b4f,2020-12-19,BUNDESLIGA,2020-21,LEAGUE,,Borussia Mönchengladbach,Hoffenheim,1,2,A,Germany,Bundesliga,football-data.co.uk
league_1b6a2bc67d444518,2020-12-19,BUNDESLIGA,2020-21,LEAGUE,,FC Schalke 04,Bielefeld,0,1,A,Germany,Bundesliga,football-data.co.uk
league_382db9515e38f597,2020-12-19,BUNDESLIGA,2020-21,LEAGUE,,FSV Mainz 05,Werder Bremen,0,1,A,Germany,Bundesliga,football-data.co.uk
league_6e7c73ccfa13d238,2020-12-19,BUNDESLIGA,2020-21,LEAGUE,,RB Leipzig,FC Koln,0,0,D,Germany,Bundesliga,football-data.co.uk
league_b961b39e31a1d134,2020-12-20,BUNDESLIGA,2020-21,LEAGUE,,Freiburg,Hertha,4,1,H,Germany,Bundesliga,football-data.co.uk
league_68fb39e39f10de58,2020-12-20,BUNDESLIGA,2020-21,LEAGUE,,Wolfsburg,Stuttgart,1,0,H,Germany,Bundesliga,football-data.co.uk
league_24a3d833c9be967a,2021-01-02,BUNDESLIGA,2020-21,LEAGUE,,Bielefeld,Borussia Mönchengladbach,0,1,A,Germany,Bundesliga,football-data.co.uk
league_cc610f96d7480555,2021-01-02,BUNDESLIGA,2020-21,LEAGUE,,Eintracht Frankfurt,Bayer 04 Leverkusen,2,1,H,Germany,Bundesliga,football-data.co.uk
league_8a88dd7263fb15a3,2021-01-02,BUNDESLIGA,2020-21,LEAGUE,,FC Koln,Augsburg,0,1,A,Germany,Bundesliga,football-data.co.uk
league_ea1e495be3d297b1,2021-01-02,BUNDESLIGA,2020-21,LEAGUE,,Hertha,FC Schalke 04,3,0,H,Germany,Bundesliga,football-data.co.uk
league_faace87e8e176384,2021-01-02,BUNDESLIGA,2020-21,LEAGUE,,Hoffenheim,Freiburg,1,3,A,Germany,Bundesliga,football-data.co.uk
league_1de76780990898c0,2021-01-02,BUNDESLIGA,2020-21,LEAGUE,,Stuttgart,RB Leipzig,0,1,A,Germany,Bundesliga,football-data.co.uk
league_b35f2984b0255064,2021-01-02,BUNDESLIGA,2020-21,LEAGUE,,Werder Bremen,Union Berlin,0,2,A,Germany,Bundesliga,football-data.co.uk
league_9e027e534ef8ba72,2021-01-03,BUNDESLIGA,2020-21,LEAGUE,,Borussia Dortmund,Wolfsburg,2,0,H,Germany,Bundesliga,football-data.co.uk
league_0bd454a2a25acb4d,2021-01-03,BUNDESLIGA,2020-21,LEAGUE,,FC Bayern München,FSV Mainz 05,5,2,H,Germany,Bundesliga,football-data.co.uk
league_1633c2e34f1b4194,2021-01-08,BUNDESLIGA,2020-21,LEAGUE,,Borussia Mönchengladbach,FC Bayern München,3,2,H,Germany,Bundesliga,football-data.co.uk
league_fc402a542d142f24,2021-01-09,BUNDESLIGA,2020-21,LEAGUE,,Bayer 04 Leverkusen,Werder Bremen,1,1,D,Germany,Bundesliga,football-data.co.uk
league_8fcf5b7d4f0891e3,2021-01-09,BUNDESLIGA,2020-21,LEAGUE,,FC Schalke 04,Hoffenheim,4,0,H,Germany,Bundesliga,football-data.co.uk
league_a3fe0b51aa1f53d7,2021-01-09,BUNDESLIGA,2020-21,LEAGUE,,FSV Mainz 05,Eintracht Frankfurt,0,2,A,Germany,Bundesliga,football-data.co.uk
league_e223c2b137997d24,2021-01-09,BUNDESLIGA,2020-21,LEAGUE,,Freiburg,FC Koln,5,0,H,Germany,Bundesliga,football-data.co.uk
league_43b2627585034be7,2021-01-09,BUNDESLIGA,2020-21,LEAGUE,,RB Leipzig,Borussia Dortmund,1,3,A,Germany,Bundesliga,football-data.co.uk
league_f4d400d69f5240b3,2021-01-09,BUNDESLIGA,2020-21,LEAGUE,,Union Berlin,Wolfsburg,2,2,D,Germany,Bundesliga,football-data.co.uk
league_c8f29357d5204e43,2021-01-10,BUNDESLIGA,2020-21,LEAGUE,,Augsburg,Stuttgart,1,4,A,Germany,Bundesliga,football-data.co.uk
league_2f846e94158c17a9,2021-01-10,BUNDESLIGA,2020-21,LEAGUE,,Bielefeld,Hertha,1,0,H,Germany,Bundesliga,football-data.co.uk
league_2a6d9ba5868f80c1,2021-01-15,BUNDESLIGA,2020-21,LEAGUE,,Union Berlin,Bayer 04 Leverkusen,1,0,H,Germany,Bundesliga,football-data.co.uk
league_f519571e5e0778c2,2021-01-16,BUNDESLIGA,2020-21,LEAGUE,,Borussia Dortmund,FSV Mainz 05,1,1,D,Germany,Bundesliga,football-data.co.uk
league_9c66bb2823bc88a7,2021-01-16,BUNDESLIGA,2020-21,LEAGUE,,FC Koln,Hertha,0,0,D,Germany,Bundesliga,football-data.co.uk
league_03deba62409fb727,2021-01-16,BUNDESLIGA,2020-21,LEAGUE,,Hoffenheim,Bielefeld,0,0,D,Germany,Bundesliga,football-data.co.uk
league_2995982f0c8909b2,2021-01-16,BUNDESLIGA,2020-21,LEAGUE,,Stuttgart,Borussia Mönchengladbach,2,2,D,Germany,Bundesliga,football-data.co.uk
league_a532159cad02f535,2021-01-16,BUNDESLIGA,2020-21,LEAGUE,,Werder Bremen,Augsburg,2,0,H,Germany,Bundesliga,football-data.co.uk
league_6a817b5adae21ef9,2021-01-16,BUNDESLIGA,2020-21,LEAGUE,,Wolfsburg,RB Leipzig,2,2,D,Germany,Bundesliga,football-data.co.uk
league_a44f68fe2487ae9a,2021-01-17,BUNDESLIGA,2020-21,LEAGUE,,Eintracht Frankfurt,FC Schalke 04,3,1,H,Germany,Bundesliga,football-data.co.uk
league_a5913388fb6521e5,2021-01-17,BUNDESLIGA,2020-21,LEAGUE,,FC Bayern München,Freiburg,2,1,H,Germany,Bundesliga,football-data.co.uk
league_317d5390b5028c16,2021-01-19,BUNDESLIGA,2020-21,LEAGUE,,Bayer 04 Leverkusen,Borussia Dortmund,2,1,H,Germany,Bundesliga,football-data.co.uk
league_79c4ce372c11a251,2021-01-19,BUNDESLIGA,2020-21,LEAGUE,,Borussia Mönchengladbach,Werder Bremen,1,0,H,Germany,Bundesliga,football-data.co.uk
league_8330c2bd6821ee57,2021-01-19,BUNDESLIGA,2020-21,LEAGUE,,FSV Mainz 05,Wolfsburg,0,2,A,Germany,Bundesliga,football-data.co.uk
league_240fd89db15dfd12,2021-01-19,BUNDESLIGA,2020-21,LEAGUE,,Hertha,Hoffenheim,0,3,A,Germany,Bundesliga,football-data.co.uk
league_07488db2eaf45a3b,2021-01-20,BUNDESLIGA,2020-21,LEAGUE,,Augsburg,FC Bayern München,0,1,A,Germany,Bundesliga,football-data.co.uk
league_f035ac8443d62091,2021-01-20,BUNDESLIGA,2020-21,LEAGUE,,Bielefeld,Stuttgart,3,0,H,Germany,Bundesliga,football-data.co.uk
league_64c417e7f7b64884,2021-01-20,BUNDESLIGA,2020-21,LEAGUE,,FC Schalke 04,FC Koln,1,2,A,Germany,Bundesliga,football-data.co.uk
league_125c495cea499709,2021-01-20,BUNDESLIGA,2020-21,LEAGUE,,Freiburg,Eintracht Frankfurt,2,2,D,Germany,Bundesliga,football-data.co.uk
league_612de5aa81c09ee1,2021-01-20,BUNDESLIGA,2020-21,LEAGUE,,RB Leipzig,Union Berlin,1,0,H,Germany,Bundesliga,football-data.co.uk
league_4ace241f3a60dc4f,2021-01-22,BUNDESLIGA,2020-21,LEAGUE,,Borussia Mönchengladbach,Borussia Dortmund,4,2,H,Germany,Bundesliga,football-data.co.uk
league_2333b0e9208c1347,2021-01-23,BUNDESLIGA,2020-21,LEAGUE,,Augsburg,Union Berlin,2,1,H,Germany,Bundesliga,football-data.co.uk
league_6163c1e47671a1cd,2021-01-23,BUNDESLIGA,2020-21,LEAGUE,,Bayer 04 Leverkusen,Wolfsburg,0,1,A,Germany,Bundesliga,football-data.co.uk
league_5e1510ef4106c226,2021-01-23,BUNDESLIGA,2020-21,LEAGUE,,Bielefeld,Eintracht Frankfurt,1,5,A,Germany,Bundesliga,football-data.co.uk
league_581e48c6f5bf7255,2021-01-23,BUNDESLIGA,2020-21,LEAGUE,,FSV Mainz 05,RB Leipzig,3,2,H,Germany,Bundesliga,football-data.co.uk
league_3b8a8c2f9203794a,2021-01-23,BUNDESLIGA,2020-21,LEAGUE,,Freiburg,Stuttgart,2,1,H,Germany,Bundesliga,football-data.co.uk
league_241c44e21ab17fe1,2021-01-23,BUNDESLIGA,2020-21,LEAGUE,,Hertha,Werder Bremen,1,4,A,Germany,Bundesliga,football-data.co.uk
league_ef1fdc0d96a360b0,2021-01-24,BUNDESLIGA,2020-21,LEAGUE,,FC Schalke 04,FC Bayern München,0,4,A,Germany,Bundesliga,football-data.co.uk
league_8c79b18d5106da52,2021-01-24,BUNDESLIGA,2020-21,LEAGUE,,Hoffenheim,FC Koln,3,0,H,Germany,Bundesliga,football-data.co.uk
league_bdf4c1d696bf78f7,2021-01-29,BUNDESLIGA,2020-21,LEAGUE,,Stuttgart,FSV Mainz 05,2,0,H,Germany,Bundesliga,football-data.co.uk
league_cf1e622e80aeaffe,2021-01-30,BUNDESLIGA,2020-21,LEAGUE,,Borussia Dortmund,Augsburg,3,1,H,Germany,Bundesliga,football-data.co.uk
league_b50dcd79cc70c61e,2021-01-30,BUNDESLIGA,2020-21,LEAGUE,,Eintracht Frankfurt,Hertha,3,1,H,Germany,Bundesliga,football-data.co.uk
league_a93b9d4d4fb480fb,2021-01-30,BUNDESLIGA,2020-21,LEAGUE,,FC Bayern München,Hoffenheim,4,1,H,Germany,Bundesliga,football-data.co.uk
league_2cd581b9ccfd43c5,2021-01-30,BUNDESLIGA,2020-21,LEAGUE,,RB Leipzig,Bayer 04 Leverkusen,1,0,H,Germany,Bundesliga,football-data.co.uk
league_2e20e4c19a6d0f94,2021-01-30,BUNDESLIGA,2020-21,LEAGUE,,Union Berlin,Borussia Mönchengladbach,1,1,D,Germany,Bundesliga,football-data.co.uk
league_73b7bff6e98a2bd3,2021-01-30,BUNDESLIGA,2020-21,LEAGUE,,Werder Bremen,FC Schalke 04,1,1,D,Germany,Bundesliga,football-data.co.uk
league_84bde3853f0d3f23,2021-01-31,BUNDESLIGA,2020-21,LEAGUE,,FC Koln,Bielefeld,3,1,H,Germany,Bundesliga,football-data.co.uk
league_38b31c7b2fa6f3d3,2021-01-31,BUNDESLIGA,2020-21,LEAGUE,,Wolfsburg,Freiburg,3,0,H,Germany,Bundesliga,football-data.co.uk
league_84daf7fc3a2e7053,2021-02-05,BUNDESLIGA,2020-21,LEAGUE,,Hertha,FC Bayern München,0,1,A,Germany,Bundesliga,football-data.co.uk
league_b9aed29c863e6246,2021-02-06,BUNDESLIGA,2020-21,LEAGUE,,Augsburg,Wolfsburg,0,2,A,Germany,Bundesliga,football-data.co.uk
league_b167ec875ed07445,2021-02-06,BUNDESLIGA,2020-21,LEAGUE,,Bayer 04 Leverkusen,Stuttgart,5,2,H,Germany,Bundesliga,football-data.co.uk
league_2a75023c25b07ef1,2021-02-06,BUNDESLIGA,2020-21,LEAGUE,,Borussia Mönchengladbach,FC Koln,1,2,A,Germany,Bundesliga,football-data.co.uk
league_ba441a270e7aee2b,2021-02-06,BUNDESLIGA,2020-21,LEAGUE,,FC Schalke 04,RB Leipzig,0,3,A,Germany,Bundesliga,football-data.co.uk
league_825eadf749bf62e4,2021-02-06,BUNDESLIGA,2020-21,LEAGUE,,FSV Mainz 05,Union Berlin,1,0,H,Germany,Bundesliga,football-data.co.uk
league_591260266bf168e0,2021-02-06,BUNDESLIGA,2020-21,LEAGUE,,Freiburg,Borussia Dortmund,2,1,H,Germany,Bundesliga,football-data.co.uk
league_ebbe69aea38ac01a,2021-02-07,BUNDESLIGA,2020-21,LEAGUE,,Hoffenheim,Eintracht Frankfurt,1,3,A,Germany,Bundesliga,football-data.co.uk
league_4e6fa412bd6791fa,2021-02-12,BUNDESLIGA,2020-21,LEAGUE,,RB Leipzig,Augsburg,2,1,H,Germany,Bundesliga,football-data.co.uk
league_281ed871ba4bb55d,2021-02-13,BUNDESLIGA,2020-21,LEAGUE,,Bayer 04 Leverkusen,FSV Mainz 05,2,2,D,Germany,Bundesliga,football-data.co.uk
league_19017ea982fc58e2,2021-02-13,BUNDESLIGA,2020-21,LEAGUE,,Borussia Dortmund,Hoffenheim,2,2,D,Germany,Bundesliga,football-data.co.uk
league_53a54d1ad1339705,2021-02-13,BUNDESLIGA,2020-21,LEAGUE,,Stuttgart,Hertha,1,1,D,Germany,Bundesliga,football-data.co.uk
league_3d0f78c25083e59d,2021-02-13,BUNDESLIGA,2020-21,LEAGUE,,Union Berlin,FC Schalke 04,0,0,D,Germany,Bundesliga,football-data.co.uk
league_640acf414f8edcc0,2021-02-13,BUNDESLIGA,2020-21,LEAGUE,,Werder Bremen,Freiburg,0,0,D,Germany,Bundesliga,football-data.co.uk
league_339f7a1ded079d06,2021-02-14,BUNDESLIGA,2020-21,LEAGUE,,Eintracht Frankfurt,FC Koln,2,0,H,Germany,Bundesliga,football-data.co.uk
league_9992352858bb1862,2021-02-14,BUNDESLIGA,2020-21,LEAGUE,,Wolfsburg,Borussia Mönchengladbach,0,0,D,Germany,Bundesliga,football-data.co.uk
league_1df5ad38be02903a,2021-02-15,BUNDESLIGA,2020-21,LEAGUE,,FC Bayern München,Bielefeld,3,3,D,Germany,Bundesliga,football-data.co.uk
league_3f1f47d6fd6baff8,2021-02-19,BUNDESLIGA,2020-21,LEAGUE,,Bielefeld,Wolfsburg,0,3,A,Germany,Bundesliga,football-data.co.uk
league_43cc063b3ed01cad,2021-02-20,BUNDESLIGA,2020-21,LEAGUE,,Borussia Mönchengladbach,FSV Mainz 05,1,2,A,Germany,Bundesliga,football-data.co.uk
league_74e9237974586f6c,2021-02-20,BUNDESLIGA,2020-21,LEAGUE,,Eintracht Frankfurt,FC Bayern München,2,1,H,Germany,Bundesliga,football-data.co.uk
league_ab40b4a7ad93d50f,2021-02-20,BUNDESLIGA,2020-21,LEAGUE,,FC Koln,Stuttgart,0,1,A,Germany,Bundesliga,football-data.co.uk
league_58edd78897edeb0d,2021-02-20,BUNDESLIGA,2020-21,LEAGUE,,FC Schalke 04,Borussia Dortmund,0,4,A,Germany,Bundesliga,football-data.co.uk
league_f8bea8d965f4ece3,2021-02-20,BUNDESLIGA,2020-21,LEAGUE,,Freiburg,Union Berlin,0,1,A,Germany,Bundesliga,football-data.co.uk
league_ca5f6dbb0115562b,2021-02-21,BUNDESLIGA,2020-21,LEAGUE,,Augsburg,Bayer 04 Leverkusen,1,1,D,Germany,Bundesliga,football-data.co.uk
league_d1ff15a50edcc390,2021-02-21,BUNDESLIGA,2020-21,LEAGUE,,Hertha,RB Leipzig,0,3,A,Germany,Bundesliga,football-data.co.uk
league_b7f20005572290f1,2021-02-21,BUNDESLIGA,2020-21,LEAGUE,,Hoffenheim,Werder Bremen,4,0,H,Germany,Bundesliga,football-data.co.uk
league_cb813cb8f90f410d,2021-02-26,BUNDESLIGA,2020-21,LEAGUE,,Werder Bremen,Eintracht Frankfurt,2,1,H,Germany,Bundesliga,football-data.co.uk
league_318ebc5c02996bf9,2021-02-27,BUNDESLIGA,2020-21,LEAGUE,,Borussia Dortmund,Bielefeld,3,0,H,Germany,Bundesliga,football-data.co.uk
league_8b19ce03c3367a69,2021-02-27,BUNDESLIGA,2020-21,LEAGUE,,FC Bayern München,FC Koln,5,1,H,Germany,Bundesliga,football-data.co.uk
league_6f9b015b3b7053be,2021-02-27,BUNDESLIGA,2020-21,LEAGUE,,RB Leipzig,Borussia Mönchengladbach,3,2,H,Germany,Bundesliga,football-data.co.uk
league_77afa4699d1831e4,2021-02-27,BUNDESLIGA,2020-21,LEAGUE,,Stuttgart,FC Schalke 04,5,1,H,Germany,Bundesliga,football-data.co.uk
league_7635462565bfaca5,2021-02-27,BUNDESLIGA,2020-21,LEAGUE,,Wolfsburg,Hertha,2,0,H,Germany,Bundesliga,football-data.co.uk
league_f68395c76726658e,2021-02-28,BUNDESLIGA,2020-21,LEAGUE,,Bayer 04 Leverkusen,Freiburg,1,2,A,Germany,Bundesliga,football-data.co.uk
league_f17ad30955c25e3c,2021-02-28,BUNDESLIGA,2020-21,LEAGUE,,FSV Mainz 05,Augsburg,0,1,A,Germany,Bundesliga,football-data.co.uk
league_6f7baeb58ac66e65,2021-02-28,BUNDESLIGA,2020-21,LEAGUE,,Union Berlin,Hoffenheim,1,1,D,Germany,Bundesliga,football-data.co.uk
league_3feb7217a91527a8,2021-03-05,BUNDESLIGA,2020-21,LEAGUE,,FC Schalke 04,FSV Mainz 05,0,0,D,Germany,Bundesliga,football-data.co.uk
league_113f1b93291fb700,2021-03-06,BUNDESLIGA,2020-21,LEAGUE,,Borussia Mönchengladbach,Bayer 04 Leverkusen,0,1,A,Germany,Bundesliga,football-data.co.uk
league_42c1a6fb608cef34,2021-03-06,BUNDESLIGA,2020-21,LEAGUE,,Eintracht Frankfurt,Stuttgart,1,1,D,Germany,Bundesliga,football-data.co.uk
league_d13a4884f4bd8c9c,2021-03-06,BUNDESLIGA,2020-21,LEAGUE,,FC Bayern München,Borussia Dortmund,4,2,H,Germany,Bundesliga,football-data.co.uk
league_ab9058de1a309dff,2021-03-06,BUNDESLIGA,2020-21,LEAGUE,,Freiburg,RB Leipzig,0,3,A,Germany,Bundesliga,football-data.co.uk
league_add168c499a9d2fb,2021-03-06,BUNDESLIGA,2020-21,LEAGUE,,Hertha,Augsburg,2,1,H,Germany,Bundesliga,football-data.co.uk
league_85f774f8698f2d1e,2021-03-06,BUNDESLIGA,2020-21,LEAGUE,,Hoffenheim,Wolfsburg,2,1,H,Germany,Bundesliga,football-data.co.uk
league_125955f57831c76b,2021-03-07,BUNDESLIGA,2020-21,LEAGUE,,Bielefeld,Union Berlin,0,0,D,Germany,Bundesliga,football-data.co.uk
league_c50e5505df95e468,2021-03-07,BUNDESLIGA,2020-21,LEAGUE,,FC Koln,Werder Bremen,1,1,D,Germany,Bundesliga,football-data.co.uk
league_7a5457b4c677f68f,2021-03-10,BUNDESLIGA,2020-21,LEAGUE,,Bielefeld,Werder Bremen,0,2,A,Germany,Bundesliga,football-data.co.uk
league_a682c60f3d2d18f1,2021-03-12,BUNDESLIGA,2020-21,LEAGUE,,Augsburg,Borussia Mönchengladbach,3,1,H,Germany,Bundesliga,football-data.co.uk
league_807a95b54ec28c8c,2021-03-13,BUNDESLIGA,2020-21,LEAGUE,,Borussia Dortmund,Hertha,2,0,H,Germany,Bundesliga,football-data.co.uk
league_95cf3295c8415864,2021-03-13,BUNDESLIGA,2020-21,LEAGUE,,FSV Mainz 05,Freiburg,1,0,H,Germany,Bundesliga,football-data.co.uk
league_15701917f7a4e8b6,2021-03-13,BUNDESLIGA,2020-21,LEAGUE,,Union Berlin,FC Koln,2,1,H,Germany,Bundesliga,football-data.co.uk
league_20e0261415f6d50d,2021-03-13,BUNDESLIGA,2020-21,LEAGUE,,Werder Bremen,FC Bayern München,1,3,A,Germany,Bundesliga,football-data.co.uk
league_7e31c6ed0ec6b2cf,2021-03-13,BUNDESLIGA,2020-21,LEAGUE,,Wolfsburg,FC Schalke 04,5,0,H,Germany,Bundesliga,football-data.co.uk
league_77fb274588f585d7,2021-03-14,BUNDESLIGA,2020-21,LEAGUE,,Bayer 04 Leverkusen,Bielefeld,1,2,A,Germany,Bundesliga,football-data.co.uk
league_8ce09a262e81fe37,2021-03-14,BUNDESLIGA,2020-21,LEAGUE,,RB Leipzig,Eintracht Frankfurt,1,1,D,Germany,Bundesliga,football-data.co.uk
league_fdbbf067c2f33208,2021-03-14,BUNDESLIGA,2020-21,LEAGUE,,Stuttgart,Hoffenheim,2,0,H,Germany,Bundesliga,football-data.co.uk
league_2b90dfa3d5e930bb,2021-03-19,BUNDESLIGA,2020-21,LEAGUE,,Bielefeld,RB Leipzig,0,1,A,Germany,Bundesliga,football-data.co.uk
league_75647af5927523eb,2021-03-20,BUNDESLIGA,2020-21,LEAGUE,,Eintracht Frankfurt,Union Berlin,5,2,H,Germany,Bundesliga,football-data.co.uk
league_6e7bea0ab79071e4,2021-03-20,BUNDESLIGA,2020-21,LEAGUE,,FC Bayern München,Stuttgart,4,0,H,Germany,Bundesliga,football-data.co.uk
league_3bfeb7dbbff5024e,2021-03-20,BUNDESLIGA,2020-21,LEAGUE,,FC Koln,Borussia Dortmund,2,2,D,Germany,Bundesliga,football-data.co.uk
league_05154aff25aca90b,2021-03-20,BUNDESLIGA,2020-21,LEAGUE,,FC Schalke 04,Borussia Mönchengladbach,0,3,A,Germany,Bundesliga,football-data.co.uk
league_5ad03e10e87c9cc5,2021-03-20,BUNDESLIGA,2020-21,LEAGUE,,Werder Bremen,Wolfsburg,1,2,A,Germany,Bundesliga,football-data.co.uk
league_9af73641608d2462,2021-03-21,BUNDESLIGA,2020-21,LEAGUE,,Freiburg,Augsburg,2,0,H,Germany,Bundesliga,football-data.co.uk
league_a204cbfdaf024a59,2021-03-21,BUNDESLIGA,2020-21,LEAGUE,,Hertha,Bayer 04 Leverkusen,3,0,H,Germany,Bundesliga,football-data.co.uk
league_d119a85d3c3443c4,2021-03-21,BUNDESLIGA,2020-21,LEAGUE,,Hoffenheim,FSV Mainz 05,1,2,A,Germany,Bundesliga,football-data.co.uk
league_d8cf02f4419a5e67,2021-04-03,BUNDESLIGA,2020-21,LEAGUE,,Augsburg,Hoffenheim,2,1,H,Germany,Bundesliga,football-data.co.uk
league_777c9fddfc683689,2021-04-03,BUNDESLIGA,2020-21,LEAGUE,,Bayer 04 Leverkusen,FC Schalke 04,2,1,H,Germany,Bundesliga,football-data.co.uk
league_0d7ce45b32f41669,2021-04-03,BUNDESLIGA,2020-21,LEAGUE,,Borussia Dortmund,Eintracht Frankfurt,1,2,A,Germany,Bundesliga,football-data.co.uk
league_03c82a59689aa93a,2021-04-03,BUNDESLIGA,2020-21,LEAGUE,,Borussia Mönchengladbach,Freiburg,2,1,H,Germany,Bundesliga,football-data.co.uk
league_3dc7129680b819fe,2021-04-03,BUNDESLIGA,2020-21,LEAGUE,,FSV Mainz 05,Bielefeld,1,1,D,Germany,Bundesliga,football-data.co.uk
league_b9c0cc18aa474c66,2021-04-03,BUNDESLIGA,2020-21,LEAGUE,,RB Leipzig,FC Bayern München,0,1,A,Germany,Bundesliga,football-data.co.uk
league_a0d26d31d9d5266d,2021-04-03,BUNDESLIGA,2020-21,LEAGUE,,Wolfsburg,FC Koln,1,0,H,Germany,Bundesliga,football-data.co.uk
league_ece0b3ec5667f6eb,2021-04-04,BUNDESLIGA,2020-21,LEAGUE,,Stuttgart,Werder Bremen,1,0,H,Germany,Bundesliga,football-data.co.uk
league_c2d59c120cf695a8,2021-04-04,BUNDESLIGA,2020-21,LEAGUE,,Union Berlin,Hertha,1,1,D,Germany,Bundesliga,football-data.co.uk
league_9e2ced4baf9294aa,2021-04-09,BUNDESLIGA,2020-21,LEAGUE,,Bielefeld,Freiburg,1,0,H,Germany,Bundesliga,football-data.co.uk
league_47e1c76e85e5174a,2021-04-10,BUNDESLIGA,2020-21,LEAGUE,,Eintracht Frankfurt,Wolfsburg,4,3,H,Germany,Bundesliga,football-data.co.uk
league_8c3bb70490c985b7,2021-04-10,BUNDESLIGA,2020-21,LEAGUE,,FC Bayern München,Union Berlin,1,1,D,Germany,Bundesliga,football-data.co.uk
league_6a20349008b33c9a,2021-04-10,BUNDESLIGA,2020-21,LEAGUE,,Hertha,Borussia Mönchengladbach,2,2,D,Germany,Bundesliga,football-data.co.uk
league_2cf57a6eccdd880f,2021-04-10,BUNDESLIGA,2020-21,LEAGUE,,Stuttgart,Borussia Dortmund,2,3,A,Germany,Bundesliga,football-data.co.uk
league_7dd7f0a034871a14,2021-04-10,BUNDESLIGA,2020-21,LEAGUE,,Werder Bremen,RB Leipzig,1,4,A,Germany,Bundesliga,football-data.co.uk
league_8aaf85490f514bdb,2021-04-11,BUNDESLIGA,2020-21,LEAGUE,,FC Koln,FSV Mainz 05,2,3,A,Germany,Bundesliga,football-data.co.uk
league_b431045f4e181c61,2021-04-11,BUNDESLIGA,2020-21,LEAGUE,,FC Schalke 04,Augsburg,1,0,H,Germany,Bundesliga,football-data.co.uk
league_7668b57712b6350f,2021-04-12,BUNDESLIGA,2020-21,LEAGUE,,Hoffenheim,Bayer 04 Leverkusen,0,0,D,Germany,Bundesliga,football-data.co.uk
league_4fd9e3ece579d85f,2021-04-16,BUNDESLIGA,2020-21,LEAGUE,,RB Leipzig,Hoffenheim,0,0,D,Germany,Bundesliga,football-data.co.uk
league_6660fc73e04a261f,2021-04-17,BUNDESLIGA,2020-21,LEAGUE,,Augsburg,Bielefeld,0,0,D,Germany,Bundesliga,football-data.co.uk
league_cd8785171a37a633,2021-04-17,BUNDESLIGA,2020-21,LEAGUE,,Bayer 04 Leverkusen,FC Koln,3,0,H,Germany,Bundesliga,football-data.co.uk
league_76471b2b0feb92f4,2021-04-17,BUNDESLIGA,2020-21,LEAGUE,,Borussia Mönchengladbach,Eintracht Frankfurt,4,0,H,Germany,Bundesliga,football-data.co.uk
league_c4b600d1a60e93d8,2021-04-17,BUNDESLIGA,2020-21,LEAGUE,,Freiburg,FC Schalke 04,4,0,H,Germany,Bundesliga,football-data.co.uk
league_53a60c7def932d66,2021-04-17,BUNDESLIGA,2020-21,LEAGUE,,Union Berlin,Stuttgart,2,1,H,Germany,Bundesliga,football-data.co.uk
league_6432e04cb635530b,2021-04-17,BUNDESLIGA,2020-21,LEAGUE,,Wolfsburg,FC Bayern München,2,3,A,Germany,Bundesliga,football-data.co.uk
league_8367843257f6d7f6,2021-04-18,BUNDESLIGA,2020-21,LEAGUE,,Borussia Dortmund,Werder Bremen,4,1,H,Germany,Bundesliga,football-data.co.uk
league_b3ac9cdad960bcce,2021-04-20,BUNDESLIGA,2020-21,LEAGUE,,Bielefeld,FC Schalke 04,1,0,H,Germany,Bundesliga,football-data.co.uk
league_0cb65a3808298a44,2021-04-20,BUNDESLIGA,2020-21,LEAGUE,,Eintracht Frankfurt,Augsburg,2,0,H,Germany,Bundesliga,football-data.co.uk
league_b748f0aef514ff4a,2021-04-20,BUNDESLIGA,2020-21,LEAGUE,,FC Bayern München,Bayer 04 Leverkusen,2,0,H,Germany,Bundesliga,football-data.co.uk
league_6c67d1ab2567c7ef,2021-04-20,BUNDESLIGA,2020-21,LEAGUE,,FC Koln,RB Leipzig,2,1,H,Germany,Bundesliga,football-data.co.uk
league_d3b38094ca39d19b,2021-04-21,BUNDESLIGA,2020-21,LEAGUE,,Borussia Dortmund,Union Berlin,2,0,H,Germany,Bundesliga,football-data.co.uk
league_35ae0c52659402c7,2021-04-21,BUNDESLIGA,2020-21,LEAGUE,,Hoffenheim,Borussia Mönchengladbach,3,2,H,Germany,Bundesliga,football-data.co.uk
league_ba15f2eacaebfe7a,2021-04-21,BUNDESLIGA,2020-21,LEAGUE,,Stuttgart,Wolfsburg,1,3,A,Germany,Bundesliga,football-data.co.uk
league_4d347764d563e3a8,2021-04-21,BUNDESLIGA,2020-21,LEAGUE,,Werder Bremen,FSV Mainz 05,0,1,A,Germany,Bundesliga,football-data.co.uk
league_2f2734a47f43407a,2021-04-23,BUNDESLIGA,2020-21,LEAGUE,,Augsburg,FC Koln,2,3,A,Germany,Bundesliga,football-data.co.uk
league_b026232aa82d0697,2021-04-24,BUNDESLIGA,2020-21,LEAGUE,,Bayer 04 Leverkusen,Eintracht Frankfurt,3,1,H,Germany,Bundesliga,football-data.co.uk
league_905ccc9049e1bf92,2021-04-24,BUNDESLIGA,2020-21,LEAGUE,,FSV Mainz 05,FC Bayern München,2,1,H,Germany,Bundesliga,football-data.co.uk
league_3362baf82377dde2,2021-04-24,BUNDESLIGA,2020-21,LEAGUE,,Freiburg,Hoffenheim,1,1,D,Germany,Bundesliga,football-data.co.uk
league_cbc1f29d755de294,2021-04-24,BUNDESLIGA,2020-21,LEAGUE,,Union Berlin,Werder Bremen,3,1,H,Germany,Bundesliga,football-data.co.uk
league_a5223c547a4ba3ac,2021-04-24,BUNDESLIGA,2020-21,LEAGUE,,Wolfsburg,Borussia Dortmund,0,2,A,Germany,Bundesliga,football-data.co.uk
league_7dc7048d3b2e9fc3,2021-04-25,BUNDESLIGA,2020-21,LEAGUE,,Borussia Mönchengladbach,Bielefeld,5,0,H,Germany,Bundesliga,football-data.co.uk
league_d1fc57ee2d35709a,2021-04-25,BUNDESLIGA,2020-21,LEAGUE,,RB Leipzig,Stuttgart,2,0,H,Germany,Bundesliga,football-data.co.uk
league_8449422e3f504c4b,2021-05-03,BUNDESLIGA,2020-21,LEAGUE,,FSV Mainz 05,Hertha,1,1,D,Germany,Bundesliga,football-data.co.uk
league_bb3f10bbabfb72b0,2021-05-06,BUNDESLIGA,2020-21,LEAGUE,,Hertha,Freiburg,3,0,H,Germany,Bundesliga,football-data.co.uk
league_e7beb98bbd184772,2021-05-07,BUNDESLIGA,2020-21,LEAGUE,,Stuttgart,Augsburg,2,1,H,Germany,Bundesliga,football-data.co.uk
league_6a24929388ddfa66,2021-05-08,BUNDESLIGA,2020-21,LEAGUE,,Borussia Dortmund,RB Leipzig,3,2,H,Germany,Bundesliga,football-data.co.uk
league_5cd06584bcca4144,2021-05-08,BUNDESLIGA,2020-21,LEAGUE,,FC Bayern München,Borussia Mönchengladbach,6,0,H,Germany,Bundesliga,football-data.co.uk
league_f203d016aa9a7aa1,2021-05-08,BUNDESLIGA,2020-21,LEAGUE,,Hoffenheim,FC Schalke 04,4,2,H,Germany,Bundesliga,football-data.co.uk
league_6fb2e77f3835f948,2021-05-08,BUNDESLIGA,2020-21,LEAGUE,,Werder Bremen,Bayer 04 Leverkusen,0,0,D,Germany,Bundesliga,football-data.co.uk
league_3faec410baadcf8d,2021-05-08,BUNDESLIGA,2020-21,LEAGUE,,Wolfsburg,Union Berlin,3,0,H,Germany,Bundesliga,football-data.co.uk
league_269074685c3cc9d6,2021-05-09,BUNDESLIGA,2020-21,LEAGUE,,Eintracht Frankfurt,FSV Mainz 05,1,1,D,Germany,Bundesliga,football-data.co.uk
league_bd2cb786124417f0,2021-05-09,BUNDESLIGA,2020-21,LEAGUE,,FC Koln,Freiburg,1,4,A,Germany,Bundesliga,football-data.co.uk
league_516c5e919dc79579,2021-05-09,BUNDESLIGA,2020-21,LEAGUE,,Hertha,Bielefeld,0,0,D,Germany,Bundesliga,football-data.co.uk
league_1617290a4ad9d6a7,2021-05-12,BUNDESLIGA,2020-21,LEAGUE,,FC Schalke 04,Hertha,1,2,A,Germany,Bundesliga,football-data.co.uk
league_861a5470ddbddb32,2021-05-15,BUNDESLIGA,2020-21,LEAGUE,,Augsburg,Werder Bremen,2,0,H,Germany,Bundesliga,football-data.co.uk
league_12589a23c833725d,2021-05-15,BUNDESLIGA,2020-21,LEAGUE,,Bayer 04 Leverkusen,Union Berlin,1,1,D,Germany,Bundesliga,football-data.co.uk
league_d41869ab52206a67,2021-05-15,BUNDESLIGA,2020-21,LEAGUE,,Bielefeld,Hoffenheim,1,1,D,Germany,Bundesliga,football-data.co.uk
league_3b15e8c6c53cffbc,2021-05-15,BUNDESLIGA,2020-21,LEAGUE,,Borussia Mönchengladbach,Stuttgart,1,2,A,Germany,Bundesliga,football-data.co.uk
league_3e6852b68def5f3b,2021-05-15,BUNDESLIGA,2020-21,LEAGUE,,FC Schalke 04,Eintracht Frankfurt,4,3,H,Germany,Bundesliga,football-data.co.uk
league_466d0b43ae49bc9b,2021-05-15,BUNDESLIGA,2020-21,LEAGUE,,Freiburg,FC Bayern München,2,2,D,Germany,Bundesliga,football-data.co.uk
league_dc5be1bc9a055c27,2021-05-15,BUNDESLIGA,2020-21,LEAGUE,,Hertha,FC Koln,0,0,D,Germany,Bundesliga,football-data.co.uk
league_59a8a72ef2e96f08,2021-05-16,BUNDESLIGA,2020-21,LEAGUE,,FSV Mainz 05,Borussia Dortmund,1,3,A,Germany,Bundesliga,football-data.co.uk
league_f2330585d2f05b12,2021-05-16,BUNDESLIGA,2020-21,LEAGUE,,RB Leipzig,Wolfsburg,2,2,D,Germany,Bundesliga,football-data.co.uk
league_885f2e1a9be213d0,2021-05-22,BUNDESLIGA,2020-21,LEAGUE,,Borussia Dortmund,Bayer 04 Leverkusen,3,1,H,Germany,Bundesliga,football-data.co.uk
league_2e008cf00beeac0a,2021-05-22,BUNDESLIGA,2020-21,LEAGUE,,Eintracht Frankfurt,Freiburg,3,1,H,Germany,Bundesliga,football-data.co.uk
league_3b5ab482584df3e4,2021-05-22,BUNDESLIGA,2020-21,LEAGUE,,FC Bayern München,Augsburg,5,2,H,Germany,Bundesliga,football-data.co.uk
league_7b5e4d4ae04cbcf2,2021-05-22,BUNDESLIGA,2020-21,LEAGUE,,FC Koln,FC Schalke 04,1,0,H,Germany,Bundesliga,football-data.co.uk
league_1a5b62ec86851534,2021-05-22,BUNDESLIGA,2020-21,LEAGUE,,Hoffenheim,Hertha,2,1,H,Germany,Bundesliga,football-data.co.uk
league_c16a933bc712f13a,2021-05-22,BUNDESLIGA,2020-21,LEAGUE,,Stuttgart,Bielefeld,0,2,A,Germany,Bundesliga,football-data.co.uk
league_946a3fb391dd35b8,2021-05-22,BUNDESLIGA,2020-21,LEAGUE,,Union Berlin,RB Leipzig,2,1,H,Germany,Bundesliga,football-data.co.uk
league_81362fd9506b03c9,2021-05-22,BUNDESLIGA,2020-21,LEAGUE,,Werder Bremen,Borussia Mönchengladbach,2,4,A,Germany,Bundesliga,football-data.co.uk
league_c746b8a656e992ba,2021-05-22,BUNDESLIGA,2020-21,LEAGUE,,Wolfsburg,FSV Mainz 05,2,3,A,Germany,Bundesliga,football-data.co.uk
league_5a0321d04c3d4467,2021-08-13,BUNDESLIGA,2021-22,LEAGUE,,Borussia Mönchengladbach,FC Bayern München,1,1,D,Germany,Bundesliga,football-data.co.uk
league_109d7266e5e1c0e0,2021-08-14,BUNDESLIGA,2021-22,LEAGUE,,Augsburg,Hoffenheim,0,4,A,Germany,Bundesliga,football-data.co.uk
league_21d95abf69ceae07,2021-08-14,BUNDESLIGA,2021-22,LEAGUE,,Bielefeld,Freiburg,0,0,D,Germany,Bundesliga,football-data.co.uk
league_02e843c4bdb24668,2021-08-14,BUNDESLIGA,2021-22,LEAGUE,,Borussia Dortmund,Eintracht Frankfurt,5,2,H,Germany,Bundesliga,football-data.co.uk
league_a391fdc8acdfbc5a,2021-08-14,BUNDESLIGA,2021-22,LEAGUE,,Stuttgart,Greuther Furth,5,1,H,Germany,Bundesliga,football-data.co.uk
league_a7d70bee82e113a8,2021-08-14,BUNDESLIGA,2021-22,LEAGUE,,Union Berlin,Bayer 04 Leverkusen,1,1,D,Germany,Bundesliga,football-data.co.uk
league_e1b3f87f2f1f754c,2021-08-14,BUNDESLIGA,2021-22,LEAGUE,,Wolfsburg,Bochum,1,0,H,Germany,Bundesliga,football-data.co.uk
league_0b729745449df84e,2021-08-15,BUNDESLIGA,2021-22,LEAGUE,,FC Koln,Hertha,3,1,H,Germany,Bundesliga,football-data.co.uk
league_aabdcfb9519faa74,2021-08-15,BUNDESLIGA,2021-22,LEAGUE,,FSV Mainz 05,RB Leipzig,1,0,H,Germany,Bundesliga,football-data.co.uk
league_dbaa9d22ba0e9406,2021-08-20,BUNDESLIGA,2021-22,LEAGUE,,RB Leipzig,Stuttgart,4,0,H,Germany,Bundesliga,football-data.co.uk
league_39c4fb9ee5df3b7e,2021-08-21,BUNDESLIGA,2021-22,LEAGUE,,Bayer 04 Leverkusen,Borussia Mönchengladbach,4,0,H,Germany,Bundesliga,football-data.co.uk
league_a5b2d75a345cc62c,2021-08-21,BUNDESLIGA,2021-22,LEAGUE,,Bochum,FSV Mainz 05,2,0,H,Germany,Bundesliga,football-data.co.uk
league_8e3ddb779b2cea17,2021-08-21,BUNDESLIGA,2021-22,LEAGUE,,Eintracht Frankfurt,Augsburg,0,0,D,Germany,Bundesliga,football-data.co.uk
league_bb592922e46f008f,2021-08-21,BUNDESLIGA,2021-22,LEAGUE,,Freiburg,Borussia Dortmund,2,1,H,Germany,Bundesliga,football-data.co.uk
league_b4529af3e6abe734,2021-08-21,BUNDESLIGA,2021-22,LEAGUE,,Greuther Furth,Bielefeld,1,1,D,Germany,Bundesliga,football-data.co.uk
league_6a5389cdea223f8e,2021-08-21,BUNDESLIGA,2021-22,LEAGUE,,Hertha,Wolfsburg,1,2,A,Germany,Bundesliga,football-data.co.uk
league_64d6e278571e8cdc,2021-08-22,BUNDESLIGA,2021-22,LEAGUE,,FC Bayern München,FC Koln,3,2,H,Germany,Bundesliga,football-data.co.uk
league_2d197a8f20699bed,2021-08-22,BUNDESLIGA,2021-22,LEAGUE,,Hoffenheim,Union Berlin,2,2,D,Germany,Bundesliga,football-data.co.uk
league_e4d362b48caf2d3f,2021-08-27,BUNDESLIGA,2021-22,LEAGUE,,Borussia Dortmund,Hoffenheim,3,2,H,Germany,Bundesliga,football-data.co.uk
league_2fa72f930669c932,2021-08-28,BUNDESLIGA,2021-22,LEAGUE,,Augsburg,Bayer 04 Leverkusen,1,4,A,Germany,Bundesliga,football-data.co.uk
league_abce93342269086e,2021-08-28,BUNDESLIGA,2021-22,LEAGUE,,Bielefeld,Eintracht Frankfurt,1,1,D,Germany,Bundesliga,football-data.co.uk
league_10b5a2dc2330affe,2021-08-28,BUNDESLIGA,2021-22,LEAGUE,,FC Bayern München,Hertha,5,0,H,Germany,Bundesliga,football-data.co.uk
league_61112c7f05a9d9dc,2021-08-28,BUNDESLIGA,2021-22,LEAGUE,,FC Koln,Bochum,2,1,H,Germany,Bundesliga,football-data.co.uk
league_223bd4f193fd4021,2021-08-28,BUNDESLIGA,2021-22,LEAGUE,,FSV Mainz 05,Greuther Furth,3,0,H,Germany,Bundesliga,football-data.co.uk
league_f713b7d7da8760b5,2021-08-28,BUNDESLIGA,2021-22,LEAGUE,,Stuttgart,Freiburg,2,3,A,Germany,Bundesliga,football-data.co.uk
league_71554905ce176fdf,2021-08-29,BUNDESLIGA,2021-22,LEAGUE,,Union Berlin,Borussia Mönchengladbach,2,1,H,Germany,Bundesliga,football-data.co.uk
league_d04f1aaba5e15a95,2021-08-29,BUNDESLIGA,2021-22,LEAGUE,,Wolfsburg,RB Leipzig,1,0,H,Germany,Bundesliga,football-data.co.uk
league_653e4414ad943a39,2021-09-11,BUNDESLIGA,2021-22,LEAGUE,,Bayer 04 Leverkusen,Borussia Dortmund,3,4,A,Germany,Bundesliga,football-data.co.uk
league_43012b0f387e2a54,2021-09-11,BUNDESLIGA,2021-22,LEAGUE,,Freiburg,FC Koln,1,1,D,Germany,Bundesliga,football-data.co.uk
league_512d1b1d41687f6a,2021-09-11,BUNDESLIGA,2021-22,LEAGUE,,Greuther Furth,Wolfsburg,0,2,A,Germany,Bundesliga,football-data.co.uk
league_62d6ef0dabb7699b,2021-09-11,BUNDESLIGA,2021-22,LEAGUE,,Hoffenheim,FSV Mainz 05,0,2,A,Germany,Bundesliga,football-data.co.uk
league_2c37a101f99f1bc1,2021-09-11,BUNDESLIGA,2021-22,LEAGUE,,RB Leipzig,FC Bayern München,1,4,A,Germany,Bundesliga,football-data.co.uk
league_ec2f649bfc51803b,2021-09-11,BUNDESLIGA,2021-22,LEAGUE,,Union Berlin,Augsburg,0,0,D,Germany,Bundesliga,football-data.co.uk
league_8f55f0fdced87e37,2021-09-12,BUNDESLIGA,2021-22,LEAGUE,,Bochum,Hertha,1,3,A,Germany,Bundesliga,football-data.co.uk
league_faa9b655dc43c4f2,2021-09-12,BUNDESLIGA,2021-22,LEAGUE,,Borussia Mönchengladbach,Bielefeld,3,1,H,Germany,Bundesliga,football-data.co.uk
league_fdfc397311867948,2021-09-12,BUNDESLIGA,2021-22,LEAGUE,,Eintracht Frankfurt,Stuttgart,1,1,D,Germany,Bundesliga,football-data.co.uk
league_e1da4d5da81f5d8d,2021-09-17,BUNDESLIGA,2021-22,LEAGUE,,Hertha,Greuther Furth,2,1,H,Germany,Bundesliga,football-data.co.uk
league_e216b2b246a72118,2021-09-18,BUNDESLIGA,2021-22,LEAGUE,,Augsburg,Borussia Mönchengladbach,1,0,H,Germany,Bundesliga,football-data.co.uk
league_1017f029e73e2c1e,2021-09-18,BUNDESLIGA,2021-22,LEAGUE,,Bielefeld,Hoffenheim,0,0,D,Germany,Bundesliga,football-data.co.uk
league_4f0320551720e190,2021-09-18,BUNDESLIGA,2021-22,LEAGUE,,FC Bayern München,Bochum,7,0,H,Germany,Bundesliga,football-data.co.uk
league_dd460e2dd7f9b453,2021-09-18,BUNDESLIGA,2021-22,LEAGUE,,FC Koln,RB Leipzig,1,1,D,Germany,Bundesliga,football-data.co.uk
league_d8e17e8a4d57559b,2021-09-18,BUNDESLIGA,2021-22,LEAGUE,,FSV Mainz 05,Freiburg,0,0,D,Germany,Bundesliga,football-data.co.uk
league_dce45d1933355075,2021-09-19,BUNDESLIGA,2021-22,LEAGUE,,Borussia Dortmund,Union Berlin,4,2,H,Germany,Bundesliga,football-data.co.uk
league_3ddda8e4bc7d423b,2021-09-19,BUNDESLIGA,2021-22,LEAGUE,,Stuttgart,Bayer 04 Leverkusen,1,3,A,Germany,Bundesliga,football-data.co.uk
league_c0d85805ae0f0668,2021-09-19,BUNDESLIGA,2021-22,LEAGUE,,Wolfsburg,Eintracht Frankfurt,1,1,D,Germany,Bundesliga,football-data.co.uk
league_8dacf935755eca7d,2021-09-24,BUNDESLIGA,2021-22,LEAGUE,,Greuther Furth,FC Bayern München,1,3,A,Germany,Bundesliga,football-data.co.uk
league_6aaadd64adc5f8da,2021-09-25,BUNDESLIGA,2021-22,LEAGUE,,Bayer 04 Leverkusen,FSV Mainz 05,1,0,H,Germany,Bundesliga,football-data.co.uk
league_eb8e32f139278361,2021-09-25,BUNDESLIGA,2021-22,LEAGUE,,Borussia Mönchengladbach,Borussia Dortmund,1,0,H,Germany,Bundesliga,football-data.co.uk
league_abeb7b2cf39338b9,2021-09-25,BUNDESLIGA,2021-22,LEAGUE,,Eintracht Frankfurt,FC Koln,1,1,D,Germany,Bundesliga,football-data.co.uk
league_18ece6517f72ad05,2021-09-25,BUNDESLIGA,2021-22,LEAGUE,,Hoffenheim,Wolfsburg,3,1,H,Germany,Bundesliga,football-data.co.uk
league_390989cc4124edb0,2021-09-25,BUNDESLIGA,2021-22,LEAGUE,,RB Leipzig,Hertha,6,0,H,Germany,Bundesliga,football-data.co.uk
league_81a12c3f91472de5,2021-09-25,BUNDESLIGA,2021-22,LEAGUE,,Union Berlin,Bielefeld,1,0,H,Germany,Bundesliga,football-data.co.uk
league_b7b25120e92ced43,2021-09-26,BUNDESLIGA,2021-22,LEAGUE,,Bochum,Stuttgart,0,0,D,Germany,Bundesliga,football-data.co.uk
league_08dd1f537c35684c,2021-09-26,BUNDESLIGA,2021-22,LEAGUE,,Freiburg,Augsburg,3,0,H,Germany,Bundesliga,football-data.co.uk
league_2a9e81f599003600,2021-10-01,BUNDESLIGA,2021-22,LEAGUE,,FC Koln,Greuther Furth,3,1,H,Germany,Bundesliga,football-data.co.uk
league_1ddfe3789dcdd143,2021-10-02,BUNDESLIGA,2021-22,LEAGUE,,Borussia Dortmund,Augsburg,2,1,H,Germany,Bundesliga,football-data.co.uk
league_f2d53f2c7bbf8670,2021-10-02,BUNDESLIGA,2021-22,LEAGUE,,Hertha,Freiburg,1,2,A,Germany,Bundesliga,football-data.co.uk
league_c5a5ff6d36823038,2021-10-02,BUNDESLIGA,2021-22,LEAGUE,,RB Leipzig,Bochum,3,0,H,Germany,Bundesliga,football-data.co.uk
league_524531e179112830,2021-10-02,BUNDESLIGA,2021-22,LEAGUE,,Stuttgart,Hoffenheim,3,1,H,Germany,Bundesliga,football-data.co.uk
league_7afe1a8e39671839,2021-10-02,BUNDESLIGA,2021-22,LEAGUE,,Wolfsburg,Borussia Mönchengladbach,1,3,A,Germany,Bundesliga,football-data.co.uk
league_f079e3f51d176e87,2021-10-03,BUNDESLIGA,2021-22,LEAGUE,,Bielefeld,Bayer 04 Leverkusen,0,4,A,Germany,Bundesliga,football-data.co.uk
league_818d5db4cdc82049,2021-10-03,BUNDESLIGA,2021-22,LEAGUE,,FC Bayern München,Eintracht Frankfurt,1,2,A,Germany,Bundesliga,football-data.co.uk
league_0ef4047596d5b40c,2021-10-03,BUNDESLIGA,2021-22,LEAGUE,,FSV Mainz 05,Union Berlin,1,2,A,Germany,Bundesliga,football-data.co.uk
league_09ba25ac61fa8985,2021-10-15,BUNDESLIGA,2021-22,LEAGUE,,Hoffenheim,FC Koln,5,0,H,Germany,Bundesliga,football-data.co.uk
league_07b92160fd5bad03,2021-10-16,BUNDESLIGA,2021-22,LEAGUE,,Borussia Dortmund,FSV Mainz 05,3,1,H,Germany,Bundesliga,football-data.co.uk
league_3b33b47ab03ec502,2021-10-16,BUNDESLIGA,2021-22,LEAGUE,,Borussia Mönchengladbach,Stuttgart,1,1,D,Germany,Bundesliga,football-data.co.uk
league_1b9619b90dba787b,2021-10-16,BUNDESLIGA,2021-22,LEAGUE,,Eintracht Frankfurt,Hertha,1,2,A,Germany,Bundesliga,football-data.co.uk
league_461ef43a9eb02f11,2021-10-16,BUNDESLIGA,2021-22,LEAGUE,,Freiburg,RB Leipzig,1,1,D,Germany,Bundesliga,football-data.co.uk
league_70a293bcaacbe2eb,2021-10-16,BUNDESLIGA,2021-22,LEAGUE,,Greuther Furth,Bochum,0,1,A,Germany,Bundesliga,football-data.co.uk
league_c978dc58715273d7,2021-10-16,BUNDESLIGA,2021-22,LEAGUE,,Union Berlin,Wolfsburg,2,0,H,Germany,Bundesliga,football-data.co.uk
league_c6a3157c12d67583,2021-10-17,BUNDESLIGA,2021-22,LEAGUE,,Augsburg,Bielefeld,1,1,D,Germany,Bundesliga,football-data.co.uk
league_1885e7f3ab59bb1b,2021-10-17,BUNDESLIGA,2021-22,LEAGUE,,Bayer 04 Leverkusen,FC Bayern München,1,5,A,Germany,Bundesliga,football-data.co.uk
league_843bbefcb13077c0,2021-10-22,BUNDESLIGA,2021-22,LEAGUE,,FSV Mainz 05,Augsburg,4,1,H,Germany,Bundesliga,football-data.co.uk
league_ada2da41eb11b17f,2021-10-23,BUNDESLIGA,2021-22,LEAGUE,,Bielefeld,Borussia Dortmund,1,3,A,Germany,Bundesliga,football-data.co.uk
league_50c9ffc72e76f53a,2021-10-23,BUNDESLIGA,2021-22,LEAGUE,,FC Bayern München,Hoffenheim,4,0,H,Germany,Bundesliga,football-data.co.uk
league_1cd4ff0febe19776,2021-10-23,BUNDESLIGA,2021-22,LEAGUE,,Hertha,Borussia Mönchengladbach,1,0,H,Germany,Bundesliga,football-data.co.uk
league_24dee68382886d09,2021-10-23,BUNDESLIGA,2021-22,LEAGUE,,RB Leipzig,Greuther Furth,4,1,H,Germany,Bundesliga,football-data.co.uk
league_1b2d05a33c3fc266,2021-10-23,BUNDESLIGA,2021-22,LEAGUE,,Wolfsburg,Freiburg,0,2,A,Germany,Bundesliga,football-data.co.uk
league_5ad0071942051cbd,2021-10-24,BUNDESLIGA,2021-22,LEAGUE,,Bochum,Eintracht Frankfurt,2,0,H,Germany,Bundesliga,football-data.co.uk
league_dd111aac3bca6461,2021-10-24,BUNDESLIGA,2021-22,LEAGUE,,FC Koln,Bayer 04 Leverkusen,2,2,D,Germany,Bundesliga,football-data.co.uk
league_b89bb59ac26457b0,2021-10-24,BUNDESLIGA,2021-22,LEAGUE,,Stuttgart,Union Berlin,1,1,D,Germany,Bundesliga,football-data.co.uk
league_50e1582813b1bd71,2021-10-29,BUNDESLIGA,2021-22,LEAGUE,,Hoffenheim,Hertha,2,0,H,Germany,Bundesliga,football-data.co.uk
league_24d8ae329b96e1cd,2021-10-30,BUNDESLIGA,2021-22,LEAGUE,,Bayer 04 Leverkusen,Wolfsburg,0,2,A,Germany,Bundesliga,football-data.co.uk
league_2c5b90f7367ae382,2021-10-30,BUNDESLIGA,2021-22,LEAGUE,,Bielefeld,FSV Mainz 05,1,2,A,Germany,Bundesliga,football-data.co.uk
league_a650581756976756,2021-10-30,BUNDESLIGA,2021-22,LEAGUE,,Borussia Dortmund,FC Koln,2,0,H,Germany,Bundesliga,football-data.co.uk
league_c38c8aaf06ae5b8b,2021-10-30,BUNDESLIGA,2021-22,LEAGUE,,Eintracht Frankfurt,RB Leipzig,1,1,D,Germany,Bundesliga,football-data.co.uk
league_743cd33f1a34489f,2021-10-30,BUNDESLIGA,2021-22,LEAGUE,,Freiburg,Greuther Furth,3,1,H,Germany,Bundesliga,football-data.co.uk
league_7e13faa3940c1f42,2021-10-30,BUNDESLIGA,2021-22,LEAGUE,,Union Berlin,FC Bayern München,2,5,A,Germany,Bundesliga,football-data.co.uk
league_85d191dd6dfc756e,2021-10-31,BUNDESLIGA,2021-22,LEAGUE,,Augsburg,Stuttgart,4,1,H,Germany,Bundesliga,football-data.co.uk
league_be64eb0daec5b9c7,2021-10-31,BUNDESLIGA,2021-22,LEAGUE,,Borussia Mönchengladbach,Bochum,2,1,H,Germany,Bundesliga,football-data.co.uk
league_f66119a785f231f3,2021-11-05,BUNDESLIGA,2021-22,LEAGUE,,FSV Mainz 05,Borussia Mönchengladbach,1,1,D,Germany,Bundesliga,football-data.co.uk
league_2cf0bc53c8c76819,2021-11-06,BUNDESLIGA,2021-22,LEAGUE,,Bochum,Hoffenheim,2,0,H,Germany,Bundesliga,football-data.co.uk
league_d6df331ef1765617,2021-11-06,BUNDESLIGA,2021-22,LEAGUE,,FC Bayern München,Freiburg,2,1,H,Germany,Bundesliga,football-data.co.uk
league_d0165787d57a8fed,2021-11-06,BUNDESLIGA,2021-22,LEAGUE,,RB Leipzig,Borussia Dortmund,2,1,H,Germany,Bundesliga,football-data.co.uk
league_eddd2ffc34aa8ed2,2021-11-06,BUNDESLIGA,2021-22,LEAGUE,,Stuttgart,Bielefeld,0,1,A,Germany,Bundesliga,football-data.co.uk
league_ade2bc27cc525ced,2021-11-06,BUNDESLIGA,2021-22,LEAGUE,,Wolfsburg,Augsburg,1,0,H,Germany,Bundesliga,football-data.co.uk
league_282c5d39ed955eed,2021-11-07,BUNDESLIGA,2021-22,LEAGUE,,FC Koln,Union Berlin,2,2,D,Germany,Bundesliga,football-data.co.uk
league_ea4ba767931e09ac,2021-11-07,BUNDESLIGA,2021-22,LEAGUE,,Greuther Furth,Eintracht Frankfurt,1,2,A,Germany,Bundesliga,football-data.co.uk
league_a42bad0f9d45d708,2021-11-07,BUNDESLIGA,2021-22,LEAGUE,,Hertha,Bayer 04 Leverkusen,1,1,D,Germany,Bundesliga,football-data.co.uk
league_92fb41b6d6fa0269,2021-11-19,BUNDESLIGA,2021-22,LEAGUE,,Augsburg,FC Bayern München,2,1,H,Germany,Bundesliga,football-data.co.uk
league_4af221da5c306be3,2021-11-20,BUNDESLIGA,2021-22,LEAGUE,,Bayer 04 Leverkusen,Bochum,1,0,H,Germany,Bundesliga,football-data.co.uk
league_21b72a697987dfe4,2021-11-20,BUNDESLIGA,2021-22,LEAGUE,,Bielefeld,Wolfsburg,2,2,D,Germany,Bundesliga,football-data.co.uk
league_0326bd29525656aa,2021-11-20,BUNDESLIGA,2021-22,LEAGUE,,Borussia Dortmund,Stuttgart,2,1,H,Germany,Bundesliga,football-data.co.uk
league_8718109cc28c3d09,2021-11-20,BUNDESLIGA,2021-22,LEAGUE,,Borussia Mönchengladbach,Greuther Furth,4,0,H,Germany,Bundesliga,football-data.co.uk
league_5f97c7dfda50f55d,2021-11-20,BUNDESLIGA,2021-22,LEAGUE,,Hoffenheim,RB Leipzig,2,0,H,Germany,Bundesliga,football-data.co.uk
league_a00197cd5262cf8f,2021-11-20,BUNDESLIGA,2021-22,LEAGUE,,Union Berlin,Hertha,2,0,H,Germany,Bundesliga,football-data.co.uk
league_9a2f159576ec5fd1,2021-11-21,BUNDESLIGA,2021-22,LEAGUE,,FSV Mainz 05,FC Koln,1,1,D,Germany,Bundesliga,football-data.co.uk
league_73bfa880cd203d10,2021-11-21,BUNDESLIGA,2021-22,LEAGUE,,Freiburg,Eintracht Frankfurt,0,2,A,Germany,Bundesliga,football-data.co.uk
league_698819bf498e488d,2021-11-26,BUNDESLIGA,2021-22,LEAGUE,,Stuttgart,FSV Mainz 05,2,1,H,Germany,Bundesliga,football-data.co.uk
league_a1e7c3809b1f8d42,2021-11-27,BUNDESLIGA,2021-22,LEAGUE,,Bochum,Freiburg,2,1,H,Germany,Bundesliga,football-data.co.uk
league_5ebe42e423b4525f,2021-11-27,BUNDESLIGA,2021-22,LEAGUE,,FC Bayern München,Bielefeld,1,0,H,Germany,Bundesliga,football-data.co.uk
league_f00eb58b31c22ff9,2021-11-27,BUNDESLIGA,2021-22,LEAGUE,,FC Koln,Borussia Mönchengladbach,4,1,H,Germany,Bundesliga,football-data.co.uk
league_6d2132f369ad85af,2021-11-27,BUNDESLIGA,2021-22,LEAGUE,,Greuther Furth,Hoffenheim,3,6,A,Germany,Bundesliga,football-data.co.uk
league_70d3805215afb6a5,2021-11-27,BUNDESLIGA,2021-22,LEAGUE,,Hertha,Augsburg,1,1,D,Germany,Bundesliga,football-data.co.uk
league_f747ecd1e4cc7553,2021-11-27,BUNDESLIGA,2021-22,LEAGUE,,Wolfsburg,Borussia Dortmund,1,3,A,Germany,Bundesliga,football-data.co.uk
league_294c1b67bd4463a3,2021-11-28,BUNDESLIGA,2021-22,LEAGUE,,Eintracht Frankfurt,Union Berlin,2,1,H,Germany,Bundesliga,football-data.co.uk
league_a6a55cc881e2d807,2021-11-28,BUNDESLIGA,2021-22,LEAGUE,,RB Leipzig,Bayer 04 Leverkusen,1,3,A,Germany,Bundesliga,football-data.co.uk
league_18c40f3ef3757122,2021-12-03,BUNDESLIGA,2021-22,LEAGUE,,Union Berlin,RB Leipzig,2,1,H,Germany,Bundesliga,football-data.co.uk
league_14a4904d2bddfbc1,2021-12-04,BUNDESLIGA,2021-22,LEAGUE,,Augsburg,Bochum,2,3,A,Germany,Bundesliga,football-data.co.uk
league_85db01065d03d520,2021-12-04,BUNDESLIGA,2021-22,LEAGUE,,Bayer 04 Leverkusen,Greuther Furth,7,1,H,Germany,Bundesliga,football-data.co.uk
league_e5936e4ee0792e34,2021-12-04,BUNDESLIGA,2021-22,LEAGUE,,Bielefeld,FC Koln,1,1,D,Germany,Bundesliga,football-data.co.uk
league_c4a6890b99fb9dc7,2021-12-04,BUNDESLIGA,2021-22,LEAGUE,,Borussia Dortmund,FC Bayern München,2,3,A,Germany,Bundesliga,football-data.co.uk
league_d784bd129a8b3c22,2021-12-04,BUNDESLIGA,2021-22,LEAGUE,,FSV Mainz 05,Wolfsburg,3,0,H,Germany,Bundesliga,football-data.co.uk
league_2699d17871d70567,2021-12-04,BUNDESLIGA,2021-22,LEAGUE,,Hoffenheim,Eintracht Frankfurt,3,2,H,Germany,Bundesliga,football-data.co.uk
league_77d41e4f1a9f00bd,2021-12-05,BUNDESLIGA,2021-22,LEAGUE,,Borussia Mönchengladbach,Freiburg,0,6,A,Germany,Bundesliga,football-data.co.uk
league_f1bcf0ed21d7664d,2021-12-05,BUNDESLIGA,2021-22,LEAGUE,,Stuttgart,Hertha,2,2,D,Germany,Bundesliga,football-data.co.uk
league_6a0bab2039cebbbc,2021-12-10,BUNDESLIGA,2021-22,LEAGUE,,FC Koln,Augsburg,0,2,A,Germany,Bundesliga,football-data.co.uk
league_93a467ce1705a2fb,2021-12-11,BUNDESLIGA,2021-22,LEAGUE,,Bochum,Borussia Dortmund,1,1,D,Germany,Bundesliga,football-data.co.uk
league_1bc2aa7c481a907e,2021-12-11,BUNDESLIGA,2021-22,LEAGUE,,FC Bayern München,FSV Mainz 05,2,1,H,Germany,Bundesliga,football-data.co.uk
league_2795dfb7f1340039,2021-12-11,BUNDESLIGA,2021-22,LEAGUE,,Freiburg,Hoffenheim,1,2,A,Germany,Bundesliga,football-data.co.uk
league_e15b506eb81980eb,2021-12-11,BUNDESLIGA,2021-22,LEAGUE,,Hertha,Bielefeld,2,0,H,Germany,Bundesliga,football-data.co.uk
league_ec2c1ef86f4ce7a1,2021-12-11,BUNDESLIGA,2021-22,LEAGUE,,RB Leipzig,Borussia Mönchengladbach,4,1,H,Germany,Bundesliga,football-data.co.uk
league_9e84766eefcced40,2021-12-11,BUNDESLIGA,2021-22,LEAGUE,,Wolfsburg,Stuttgart,0,2,A,Germany,Bundesliga,football-data.co.uk
league_1c98cf5cc7b83e01,2021-12-12,BUNDESLIGA,2021-22,LEAGUE,,Eintracht Frankfurt,Bayer 04 Leverkusen,5,2,H,Germany,Bundesliga,football-data.co.uk
league_f29402215536079b,2021-12-12,BUNDESLIGA,2021-22,LEAGUE,,Greuther Furth,Union Berlin,1,0,H,Germany,Bundesliga,football-data.co.uk
league_0744255d3cf49cc1,2021-12-14,BUNDESLIGA,2021-22,LEAGUE,,Bielefeld,Bochum,2,0,H,Germany,Bundesliga,football-data.co.uk
league_55fa8029806942e7,2021-12-14,BUNDESLIGA,2021-22,LEAGUE,,FSV Mainz 05,Hertha,4,0,H,Germany,Bundesliga,football-data.co.uk
league_cf6ee4a49a4d36dc,2021-12-14,BUNDESLIGA,2021-22,LEAGUE,,Stuttgart,FC Bayern München,0,5,A,Germany,Bundesliga,football-data.co.uk
league_299b0ceae8a8bcfa,2021-12-14,BUNDESLIGA,2021-22,LEAGUE,,Wolfsburg,FC Koln,2,3,A,Germany,Bundesliga,football-data.co.uk
league_5f583b7b56407423,2021-12-15,BUNDESLIGA,2021-22,LEAGUE,,Augsburg,RB Leipzig,1,1,D,Germany,Bundesliga,football-data.co.uk
league_e6b3b2dcc9334306,2021-12-15,BUNDESLIGA,2021-22,LEAGUE,,Bayer 04 Leverkusen,Hoffenheim,2,2,D,Germany,Bundesliga,football-data.co.uk
league_3d6fa29409920fc1,2021-12-15,BUNDESLIGA,2021-22,LEAGUE,,Borussia Dortmund,Greuther Furth,3,0,H,Germany,Bundesliga,football-data.co.uk
league_8c8e1c04acd3f0c1,2021-12-15,BUNDESLIGA,2021-22,LEAGUE,,Borussia Mönchengladbach,Eintracht Frankfurt,2,3,A,Germany,Bundesliga,football-data.co.uk
league_644e80511de2c766,2021-12-15,BUNDESLIGA,2021-22,LEAGUE,,Union Berlin,Freiburg,0,0,D,Germany,Bundesliga,football-data.co.uk
league_feb7ca9f35915f12,2021-12-17,BUNDESLIGA,2021-22,LEAGUE,,FC Bayern München,Wolfsburg,4,0,H,Germany,Bundesliga,football-data.co.uk
league_7c1f8232f1ee49b8,2021-12-18,BUNDESLIGA,2021-22,LEAGUE,,Bochum,Union Berlin,0,1,A,Germany,Bundesliga,football-data.co.uk
league_cfecc058349bf1d8,2021-12-18,BUNDESLIGA,2021-22,LEAGUE,,Eintracht Frankfurt,FSV Mainz 05,1,0,H,Germany,Bundesliga,football-data.co.uk
league_3501c9b65a7ead85,2021-12-18,BUNDESLIGA,2021-22,LEAGUE,,Greuther Furth,Augsburg,0,0,D,Germany,Bundesliga,football-data.co.uk
league_85e92ad1f0344028,2021-12-18,BUNDESLIGA,2021-22,LEAGUE,,Hertha,Borussia Dortmund,3,2,H,Germany,Bundesliga,football-data.co.uk
league_a2c107261b6dbd37,2021-12-18,BUNDESLIGA,2021-22,LEAGUE,,Hoffenheim,Borussia Mönchengladbach,1,1,D,Germany,Bundesliga,football-data.co.uk
league_6983989c66904376,2021-12-18,BUNDESLIGA,2021-22,LEAGUE,,RB Leipzig,Bielefeld,0,2,A,Germany,Bundesliga,football-data.co.uk
league_a90fabe63eee8e60,2021-12-19,BUNDESLIGA,2021-22,LEAGUE,,FC Koln,Stuttgart,1,0,H,Germany,Bundesliga,football-data.co.uk
league_e58b492892482504,2021-12-19,BUNDESLIGA,2021-22,LEAGUE,,Freiburg,Bayer 04 Leverkusen,2,1,H,Germany,Bundesliga,football-data.co.uk
league_648761e13c5f551e,2022-01-07,BUNDESLIGA,2021-22,LEAGUE,,FC Bayern München,Borussia Mönchengladbach,1,2,A,Germany,Bundesliga,football-data.co.uk
league_f13587aee5b79e95,2022-01-08,BUNDESLIGA,2021-22,LEAGUE,,Bayer 04 Leverkusen,Union Berlin,2,2,D,Germany,Bundesliga,football-data.co.uk
league_4dfd14fee9ff618f,2022-01-08,BUNDESLIGA,2021-22,LEAGUE,,Eintracht Frankfurt,Borussia Dortmund,2,3,A,Germany,Bundesliga,football-data.co.uk
league_63b78e9490fb53df,2022-01-08,BUNDESLIGA,2021-22,LEAGUE,,Freiburg,Bielefeld,2,2,D,Germany,Bundesliga,football-data.co.uk
league_8d8f486fcab047cd,2022-01-08,BUNDESLIGA,2021-22,LEAGUE,,Greuther Furth,Stuttgart,0,0,D,Germany,Bundesliga,football-data.co.uk
league_7feb41e01a20b6d7,2022-01-08,BUNDESLIGA,2021-22,LEAGUE,,Hoffenheim,Augsburg,3,1,H,Germany,Bundesliga,football-data.co.uk
league_06390df20bac748e,2022-01-08,BUNDESLIGA,2021-22,LEAGUE,,RB Leipzig,FSV Mainz 05,4,1,H,Germany,Bundesliga,football-data.co.uk
league_354a9fc33b3767fe,2022-01-09,BUNDESLIGA,2021-22,LEAGUE,,Bochum,Wolfsburg,1,0,H,Germany,Bundesliga,football-data.co.uk
league_d5289ae25e632c91,2022-01-09,BUNDESLIGA,2021-22,LEAGUE,,Hertha,FC Koln,1,3,A,Germany,Bundesliga,football-data.co.uk
league_a11284621ccaf928,2022-01-14,BUNDESLIGA,2021-22,LEAGUE,,Borussia Dortmund,Freiburg,5,1,H,Germany,Bundesliga,football-data.co.uk
league_2511ffa524dba8e9,2022-01-15,BUNDESLIGA,2021-22,LEAGUE,,Borussia Mönchengladbach,Bayer 04 Leverkusen,1,2,A,Germany,Bundesliga,football-data.co.uk
league_dbeb3d19388eba0d,2022-01-15,BUNDESLIGA,2021-22,LEAGUE,,FC Koln,FC Bayern München,0,4,A,Germany,Bundesliga,football-data.co.uk
league_bd188f697c2d17fd,2022-01-15,BUNDESLIGA,2021-22,LEAGUE,,FSV Mainz 05,Bochum,1,0,H,Germany,Bundesliga,football-data.co.uk
league_368581109571e659,2022-01-15,BUNDESLIGA,2021-22,LEAGUE,,Stuttgart,RB Leipzig,0,2,A,Germany,Bundesliga,football-data.co.uk
league_9116ebac3da85cf9,2022-01-15,BUNDESLIGA,2021-22,LEAGUE,,Union Berlin,Hoffenheim,2,1,H,Germany,Bundesliga,football-data.co.uk
league_d398bdde65bf48f1,2022-01-15,BUNDESLIGA,2021-22,LEAGUE,,Wolfsburg,Hertha,0,0,D,Germany,Bundesliga,football-data.co.uk
league_2fac10bf79dcfa33,2022-01-16,BUNDESLIGA,2021-22,LEAGUE,,Augsburg,Eintracht Frankfurt,1,1,D,Germany,Bundesliga,football-data.co.uk
league_2663102adf530710,2022-01-16,BUNDESLIGA,2021-22,LEAGUE,,Bielefeld,Greuther Furth,2,2,D,Germany,Bundesliga,football-data.co.uk
league_664926ed8d8d2579,2022-01-21,BUNDESLIGA,2021-22,LEAGUE,,Eintracht Frankfurt,Bielefeld,0,2,A,Germany,Bundesliga,football-data.co.uk
league_51fe4860e1e9e0b8,2022-01-22,BUNDESLIGA,2021-22,LEAGUE,,Bayer 04 Leverkusen,Augsburg,5,1,H,Germany,Bundesliga,football-data.co.uk
league_b4c1473c8b764373,2022-01-22,BUNDESLIGA,2021-22,LEAGUE,,Bochum,FC Koln,2,2,D,Germany,Bundesliga,football-data.co.uk
league_ed76055aff9e6170,2022-01-22,BUNDESLIGA,2021-22,LEAGUE,,Borussia Mönchengladbach,Union Berlin,1,2,A,Germany,Bundesliga,football-data.co.uk
league_c6c46994c9e1e95d,2022-01-22,BUNDESLIGA,2021-22,LEAGUE,,Freiburg,Stuttgart,2,0,H,Germany,Bundesliga,football-data.co.uk
league_d0b4c0d065f36abe,2022-01-22,BUNDESLIGA,2021-22,LEAGUE,,Greuther Furth,FSV Mainz 05,2,1,H,Germany,Bundesliga,football-data.co.uk
league_dfd4bcc300251063,2022-01-22,BUNDESLIGA,2021-22,LEAGUE,,Hoffenheim,Borussia Dortmund,2,3,A,Germany,Bundesliga,football-data.co.uk
league_4620f4caacf75572,2022-01-23,BUNDESLIGA,2021-22,LEAGUE,,Hertha,FC Bayern München,1,4,A,Germany,Bundesliga,football-data.co.uk
league_f9f0d3a529d3b545,2022-01-23,BUNDESLIGA,2021-22,LEAGUE,,RB Leipzig,Wolfsburg,2,0,H,Germany,Bundesliga,football-data.co.uk
league_f7d06dcee39fa0d0,2022-02-04,BUNDESLIGA,2021-22,LEAGUE,,Hertha,Bochum,1,1,D,Germany,Bundesliga,football-data.co.uk
league_d79217df5552c04e,2022-02-05,BUNDESLIGA,2021-22,LEAGUE,,Augsburg,Union Berlin,2,0,H,Germany,Bundesliga,football-data.co.uk
league_945178afc78a35b1,2022-02-05,BUNDESLIGA,2021-22,LEAGUE,,Bielefeld,Borussia Mönchengladbach,1,1,D,Germany,Bundesliga,football-data.co.uk
league_c76980d0bf9083e9,2022-02-05,BUNDESLIGA,2021-22,LEAGUE,,FC Bayern München,RB Leipzig,3,2,H,Germany,Bundesliga,football-data.co.uk
league_74ffc4f613c94cd4,2022-02-05,BUNDESLIGA,2021-22,LEAGUE,,FC Koln,Freiburg,1,0,H,Germany,Bundesliga,football-data.co.uk
league_3d805c6c9fd619fe,2022-02-05,BUNDESLIGA,2021-22,LEAGUE,,FSV Mainz 05,Hoffenheim,2,0,H,Germany,Bundesliga,football-data.co.uk
league_9ad4ad824d45f825,2022-02-05,BUNDESLIGA,2021-22,LEAGUE,,Stuttgart,Eintracht Frankfurt,2,3,A,Germany,Bundesliga,football-data.co.uk
league_4a8031ee780bff6b,2022-02-06,BUNDESLIGA,2021-22,LEAGUE,,Borussia Dortmund,Bayer 04 Leverkusen,2,5,A,Germany,Bundesliga,football-data.co.uk
league_6b46c7e1b44126e7,2022-02-06,BUNDESLIGA,2021-22,LEAGUE,,Wolfsburg,Greuther Furth,4,1,H,Germany,Bundesliga,football-data.co.uk
league_b4be0635995154a6,2022-02-11,BUNDESLIGA,2021-22,LEAGUE,,RB Leipzig,FC Koln,3,1,H,Germany,Bundesliga,football-data.co.uk
league_d0f6638d6a2f6765,2022-02-12,BUNDESLIGA,2021-22,LEAGUE,,Bayer 04 Leverkusen,Stuttgart,4,2,H,Germany,Bundesliga,football-data.co.uk
league_13cdfed10ffd1987,2022-02-12,BUNDESLIGA,2021-22,LEAGUE,,Bochum,FC Bayern München,4,2,H,Germany,Bundesliga,football-data.co.uk
league_f33a3ee341e5e6ac,2022-02-12,BUNDESLIGA,2021-22,LEAGUE,,Borussia Mönchengladbach,Augsburg,3,2,H,Germany,Bundesliga,football-data.co.uk
league_a6691d7e7c5ec8bb,2022-02-12,BUNDESLIGA,2021-22,LEAGUE,,Eintracht Frankfurt,Wolfsburg,0,2,A,Germany,Bundesliga,football-data.co.uk
league_2fd3e0d47b75007d,2022-02-12,BUNDESLIGA,2021-22,LEAGUE,,Freiburg,FSV Mainz 05,1,1,D,Germany,Bundesliga,football-data.co.uk
league_2fde301002e21f20,2022-02-12,BUNDESLIGA,2021-22,LEAGUE,,Greuther Furth,Hertha,2,1,H,Germany,Bundesliga,football-data.co.uk
league_50702cc04fc68ff6,2022-02-13,BUNDESLIGA,2021-22,LEAGUE,,Hoffenheim,Bielefeld,2,0,H,Germany,Bundesliga,football-data.co.uk
league_535e0e1b8028e838,2022-02-13,BUNDESLIGA,2021-22,LEAGUE,,Union Berlin,Borussia Dortmund,0,3,A,Germany,Bundesliga,football-data.co.uk
league_5056c2b121d40509,2022-02-18,BUNDESLIGA,2021-22,LEAGUE,,FSV Mainz 05,Bayer 04 Leverkusen,3,2,H,Germany,Bundesliga,football-data.co.uk
league_7883649934696449,2022-02-19,BUNDESLIGA,2021-22,LEAGUE,,Augsburg,Freiburg,1,2,A,Germany,Bundesliga,football-data.co.uk
league_968dd2d1c6e268af,2022-02-19,BUNDESLIGA,2021-22,LEAGUE,,Bielefeld,Union Berlin,1,0,H,Germany,Bundesliga,football-data.co.uk
league_71f0d7afe1577df6,2022-02-19,BUNDESLIGA,2021-22,LEAGUE,,FC Koln,Eintracht Frankfurt,1,0,H,Germany,Bundesliga,football-data.co.uk
league_22aaa70c9357900f,2022-02-19,BUNDESLIGA,2021-22,LEAGUE,,Stuttgart,Bochum,1,1,D,Germany,Bundesliga,football-data.co.uk
league_e82c6a42c8b9dda8,2022-02-19,BUNDESLIGA,2021-22,LEAGUE,,Wolfsburg,Hoffenheim,1,2,A,Germany,Bundesliga,football-data.co.uk
league_f148d897c9d39b50,2022-02-20,BUNDESLIGA,2021-22,LEAGUE,,Borussia Dortmund,Borussia Mönchengladbach,6,0,H,Germany,Bundesliga,football-data.co.uk
league_09e1f2084e7c0508,2022-02-20,BUNDESLIGA,2021-22,LEAGUE,,FC Bayern München,Greuther Furth,4,1,H,Germany,Bundesliga,football-data.co.uk
league_451f0188eda5e8f8,2022-02-20,BUNDESLIGA,2021-22,LEAGUE,,Hertha,RB Leipzig,1,6,A,Germany,Bundesliga,football-data.co.uk
league_a31a36ffc50883f1,2022-02-25,BUNDESLIGA,2021-22,LEAGUE,,Hoffenheim,Stuttgart,2,1,H,Germany,Bundesliga,football-data.co.uk
league_f693546bfca18662,2022-02-26,BUNDESLIGA,2021-22,LEAGUE,,Bayer 04 Leverkusen,Bielefeld,3,0,H,Germany,Bundesliga,football-data.co.uk
league_3edd79b8170cbbdd,2022-02-26,BUNDESLIGA,2021-22,LEAGUE,,Borussia Mönchengladbach,Wolfsburg,2,2,D,Germany,Bundesliga,football-data.co.uk
league_44b06cb72d41130d,2022-02-26,BUNDESLIGA,2021-22,LEAGUE,,Eintracht Frankfurt,FC Bayern München,0,1,A,Germany,Bundesliga,football-data.co.uk
league_b8e8c6cf10c728c3,2022-02-26,BUNDESLIGA,2021-22,LEAGUE,,Freiburg,Hertha,3,0,H,Germany,Bundesliga,football-data.co.uk
league_a2ad12f1c6af46f7,2022-02-26,BUNDESLIGA,2021-22,LEAGUE,,Greuther Furth,FC Koln,1,1,D,Germany,Bundesliga,football-data.co.uk
league_1c144b06054a3fef,2022-02-26,BUNDESLIGA,2021-22,LEAGUE,,Union Berlin,FSV Mainz 05,3,1,H,Germany,Bundesliga,football-data.co.uk
league_01cd83e13b2a1f12,2022-02-27,BUNDESLIGA,2021-22,LEAGUE,,Augsburg,Borussia Dortmund,1,1,D,Germany,Bundesliga,football-data.co.uk
league_e2f50e7909256141,2022-02-27,BUNDESLIGA,2021-22,LEAGUE,,Bochum,RB Leipzig,0,1,A,Germany,Bundesliga,football-data.co.uk
league_439d866b7dac9fe6,2022-03-04,BUNDESLIGA,2021-22,LEAGUE,,Bielefeld,Augsburg,0,1,A,Germany,Bundesliga,football-data.co.uk
league_b950aac49351ad21,2022-03-05,BUNDESLIGA,2021-22,LEAGUE,,Bochum,Greuther Furth,2,1,H,Germany,Bundesliga,football-data.co.uk
league_08ad86582dc3f234,2022-03-05,BUNDESLIGA,2021-22,LEAGUE,,FC Bayern München,Bayer 04 Leverkusen,1,1,D,Germany,Bundesliga,football-data.co.uk
league_5b9bbba083bec233,2022-03-05,BUNDESLIGA,2021-22,LEAGUE,,Hertha,Eintracht Frankfurt,1,4,A,Germany,Bundesliga,football-data.co.uk
league_383e6a678e9d9b9f,2022-03-05,BUNDESLIGA,2021-22,LEAGUE,,RB Leipzig,Freiburg,1,1,D,Germany,Bundesliga,football-data.co.uk
league_eb601b8a48497e28,2022-03-05,BUNDESLIGA,2021-22,LEAGUE,,Stuttgart,Borussia Mönchengladbach,3,2,H,Germany,Bundesliga,football-data.co.uk
league_480fdedbb885700d,2022-03-05,BUNDESLIGA,2021-22,LEAGUE,,Wolfsburg,Union Berlin,1,0,H,Germany,Bundesliga,football-data.co.uk
league_1b73b8934300ba99,2022-03-06,BUNDESLIGA,2021-22,LEAGUE,,FC Koln,Hoffenheim,0,1,A,Germany,Bundesliga,football-data.co.uk
league_bdd59d8609f47d27,2022-03-12,BUNDESLIGA,2021-22,LEAGUE,,Borussia Mönchengladbach,Hertha,2,0,H,Germany,Bundesliga,football-data.co.uk
league_987f3778de08ac33,2022-03-12,BUNDESLIGA,2021-22,LEAGUE,,Freiburg,Wolfsburg,3,2,H,Germany,Bundesliga,football-data.co.uk
league_5ea9b2867fd6f82c,2022-03-12,BUNDESLIGA,2021-22,LEAGUE,,Hoffenheim,FC Bayern München,1,1,D,Germany,Bundesliga,football-data.co.uk
league_8825a5278ec82673,2022-03-12,BUNDESLIGA,2021-22,LEAGUE,,Union Berlin,Stuttgart,1,1,D,Germany,Bundesliga,football-data.co.uk
league_a46c1191ce761a79,2022-03-13,BUNDESLIGA,2021-22,LEAGUE,,Bayer 04 Leverkusen,FC Koln,0,1,A,Germany,Bundesliga,football-data.co.uk
league_070caf73836aa314,2022-03-13,BUNDESLIGA,2021-22,LEAGUE,,Borussia Dortmund,Bielefeld,1,0,H,Germany,Bundesliga,football-data.co.uk
league_e9520a2195189c42,2022-03-13,BUNDESLIGA,2021-22,LEAGUE,,Eintracht Frankfurt,Bochum,2,1,H,Germany,Bundesliga,football-data.co.uk
league_482f83b5ec8da1d8,2022-03-13,BUNDESLIGA,2021-22,LEAGUE,,Greuther Furth,RB Leipzig,1,6,A,Germany,Bundesliga,football-data.co.uk
league_bfa9810e0820eec8,2022-03-16,BUNDESLIGA,2021-22,LEAGUE,,FSV Mainz 05,Borussia Dortmund,0,1,A,Germany,Bundesliga,football-data.co.uk
league_1b2e4fd4cc6a04e6,2022-03-18,BUNDESLIGA,2021-22,LEAGUE,,Bochum,Borussia Mönchengladbach,0,2,A,Germany,Bundesliga,football-data.co.uk
league_8cdc67c6fcf0d728,2022-03-19,BUNDESLIGA,2021-22,LEAGUE,,FC Bayern München,Union Berlin,4,0,H,Germany,Bundesliga,football-data.co.uk
league_c8680f59f560ae80,2022-03-19,BUNDESLIGA,2021-22,LEAGUE,,FSV Mainz 05,Bielefeld,4,0,H,Germany,Bundesliga,football-data.co.uk
league_11562131a6ff7870,2022-03-19,BUNDESLIGA,2021-22,LEAGUE,,Greuther Furth,Freiburg,0,0,D,Germany,Bundesliga,football-data.co.uk
league_34d78c41e6468259,2022-03-19,BUNDESLIGA,2021-22,LEAGUE,,Hertha,Hoffenheim,3,0,H,Germany,Bundesliga,football-data.co.uk
league_97ecb60083f705c3,2022-03-19,BUNDESLIGA,2021-22,LEAGUE,,Stuttgart,Augsburg,3,2,H,Germany,Bundesliga,football-data.co.uk
league_f0f49b70859a962e,2022-03-20,BUNDESLIGA,2021-22,LEAGUE,,FC Koln,Borussia Dortmund,1,1,D,Germany,Bundesliga,football-data.co.uk
league_6c812164ccd85ecf,2022-03-20,BUNDESLIGA,2021-22,LEAGUE,,RB Leipzig,Eintracht Frankfurt,0,0,D,Germany,Bundesliga,football-data.co.uk
league_68261ce29c56cfc0,2022-03-20,BUNDESLIGA,2021-22,LEAGUE,,Wolfsburg,Bayer 04 Leverkusen,0,2,A,Germany,Bundesliga,football-data.co.uk
league_37477f3aa66d50af,2022-04-01,BUNDESLIGA,2021-22,LEAGUE,,Union Berlin,FC Koln,1,0,H,Germany,Bundesliga,football-data.co.uk
league_06a74c4e4567f959,2022-04-02,BUNDESLIGA,2021-22,LEAGUE,,Bayer 04 Leverkusen,Hertha,2,1,H,Germany,Bundesliga,football-data.co.uk
league_3be4e4758c9b43cf,2022-04-02,BUNDESLIGA,2021-22,LEAGUE,,Bielefeld,Stuttgart,1,1,D,Germany,Bundesliga,football-data.co.uk
league_18e8f3d14316d1d9,2022-04-02,BUNDESLIGA,2021-22,LEAGUE,,Borussia Dortmund,RB Leipzig,1,4,A,Germany,Bundesliga,football-data.co.uk
league_693f6c734046abee,2022-04-02,BUNDESLIGA,2021-22,LEAGUE,,Eintracht Frankfurt,Greuther Furth,0,0,D,Germany,Bundesliga,football-data.co.uk
league_be1c0bccf339bf51,2022-04-02,BUNDESLIGA,2021-22,LEAGUE,,Freiburg,FC Bayern München,1,4,A,Germany,Bundesliga,football-data.co.uk
league_f697fc34cc8120ab,2022-04-02,BUNDESLIGA,2021-22,LEAGUE,,Hoffenheim,Bochum,1,2,A,Germany,Bundesliga,football-data.co.uk
league_15b94e8e0e5ba48b,2022-04-03,BUNDESLIGA,2021-22,LEAGUE,,Augsburg,Wolfsburg,3,0,H,Germany,Bundesliga,football-data.co.uk
league_b1a38464000a2712,2022-04-03,BUNDESLIGA,2021-22,LEAGUE,,Borussia Mönchengladbach,FSV Mainz 05,1,1,D,Germany,Bundesliga,football-data.co.uk
league_fd0179c19fe60054,2022-04-06,BUNDESLIGA,2021-22,LEAGUE,,Augsburg,FSV Mainz 05,2,1,H,Germany,Bundesliga,football-data.co.uk
league_f52f8b66af230563,2022-04-08,BUNDESLIGA,2021-22,LEAGUE,,Stuttgart,Borussia Dortmund,0,2,A,Germany,Bundesliga,football-data.co.uk
league_a2e4a7c799cce07c,2022-04-09,BUNDESLIGA,2021-22,LEAGUE,,FC Bayern München,Augsburg,1,0,H,Germany,Bundesliga,football-data.co.uk
league_2ac0e546ef50082f,2022-04-09,BUNDESLIGA,2021-22,LEAGUE,,FC Koln,FSV Mainz 05,3,2,H,Germany,Bundesliga,football-data.co.uk
league_525ef97ddf9422f1,2022-04-09,BUNDESLIGA,2021-22,LEAGUE,,Greuther Furth,Borussia Mönchengladbach,0,2,A,Germany,Bundesliga,football-data.co.uk
league_313f5335d7e0a318,2022-04-09,BUNDESLIGA,2021-22,LEAGUE,,Hertha,Union Berlin,1,4,A,Germany,Bundesliga,football-data.co.uk
league_9104e38ebb8ea7ff,2022-04-09,BUNDESLIGA,2021-22,LEAGUE,,Wolfsburg,Bielefeld,4,0,H,Germany,Bundesliga,football-data.co.uk
league_80abf8b6d63d8325,2022-04-10,BUNDESLIGA,2021-22,LEAGUE,,Bochum,Bayer 04 Leverkusen,0,0,D,Germany,Bundesliga,football-data.co.uk
league_17e26d62599fc6f1,2022-04-10,BUNDESLIGA,2021-22,LEAGUE,,Eintracht Frankfurt,Freiburg,1,2,A,Germany,Bundesliga,football-data.co.uk
league_c42b9566c92ce2a4,2022-04-10,BUNDESLIGA,2021-22,LEAGUE,,RB Leipzig,Hoffenheim,3,0,H,Germany,Bundesliga,football-data.co.uk
league_95349e5e9098864c,2022-04-16,BUNDESLIGA,2021-22,LEAGUE,,Augsburg,Hertha,0,1,A,Germany,Bundesliga,football-data.co.uk
league_7bdd4079de6c686c,2022-04-16,BUNDESLIGA,2021-22,LEAGUE,,Borussia Dortmund,Wolfsburg,6,1,H,Germany,Bundesliga,football-data.co.uk
league_16ae81d4ebae194b,2022-04-16,BUNDESLIGA,2021-22,LEAGUE,,Borussia Mönchengladbach,FC Koln,1,3,A,Germany,Bundesliga,football-data.co.uk
league_7a2c7572cbc75b5f,2022-04-16,BUNDESLIGA,2021-22,LEAGUE,,FSV Mainz 05,Stuttgart,0,0,D,Germany,Bundesliga,football-data.co.uk
league_25af5347063c8d41,2022-04-16,BUNDESLIGA,2021-22,LEAGUE,,Freiburg,Bochum,3,0,H,Germany,Bundesliga,football-data.co.uk
league_76d736c77f532dc0,2022-04-17,BUNDESLIGA,2021-22,LEAGUE,,Bayer 04 Leverkusen,RB Leipzig,0,1,A,Germany,Bundesliga,football-data.co.uk
league_00869ac8f02790cd,2022-04-17,BUNDESLIGA,2021-22,LEAGUE,,Bielefeld,FC Bayern München,0,3,A,Germany,Bundesliga,football-data.co.uk
league_b0e18eec988d27ce,2022-04-17,BUNDESLIGA,2021-22,LEAGUE,,Hoffenheim,Greuther Furth,0,0,D,Germany,Bundesliga,football-data.co.uk
league_b231522a51b01914,2022-04-17,BUNDESLIGA,2021-22,LEAGUE,,Union Berlin,Eintracht Frankfurt,2,0,H,Germany,Bundesliga,football-data.co.uk
league_b15cd76b3c6c3376,2022-04-22,BUNDESLIGA,2021-22,LEAGUE,,Wolfsburg,FSV Mainz 05,5,0,H,Germany,Bundesliga,football-data.co.uk
league_089a08d729ea1141,2022-04-23,BUNDESLIGA,2021-22,LEAGUE,,Eintracht Frankfurt,Hoffenheim,2,2,D,Germany,Bundesliga,football-data.co.uk
league_44d48b8dea55e92b,2022-04-23,BUNDESLIGA,2021-22,LEAGUE,,FC Bayern München,Borussia Dortmund,3,1,H,Germany,Bundesliga,football-data.co.uk
league_d403ebe2c4612f1a,2022-04-23,BUNDESLIGA,2021-22,LEAGUE,,FC Koln,Bielefeld,3,1,H,Germany,Bundesliga,football-data.co.uk
league_7c61f707703560bd,2022-04-23,BUNDESLIGA,2021-22,LEAGUE,,Freiburg,Borussia Mönchengladbach,3,3,D,Germany,Bundesliga,football-data.co.uk
league_dd7b69d48a1bc865,2022-04-23,BUNDESLIGA,2021-22,LEAGUE,,Greuther Furth,Bayer 04 Leverkusen,1,4,A,Germany,Bundesliga,football-data.co.uk
league_c4cdb119094b302c,2022-04-23,BUNDESLIGA,2021-22,LEAGUE,,RB Leipzig,Union Berlin,1,2,A,Germany,Bundesliga,football-data.co.uk
league_4e5724da9b48155c,2022-04-24,BUNDESLIGA,2021-22,LEAGUE,,Bochum,Augsburg,0,2,A,Germany,Bundesliga,football-data.co.uk
league_714f00580a80a04b,2022-04-24,BUNDESLIGA,2021-22,LEAGUE,,Hertha,Stuttgart,2,0,H,Germany,Bundesliga,football-data.co.uk
league_5069bd476b03789c,2022-04-29,BUNDESLIGA,2021-22,LEAGUE,,Union Berlin,Greuther Furth,1,1,D,Germany,Bundesliga,football-data.co.uk
league_47c936fc0abe1721,2022-04-30,BUNDESLIGA,2021-22,LEAGUE,,Augsburg,FC Koln,1,4,A,Germany,Bundesliga,football-data.co.uk
league_c4e5a98016ed1af1,2022-04-30,BUNDESLIGA,2021-22,LEAGUE,,Bielefeld,Hertha,1,1,D,Germany,Bundesliga,football-data.co.uk
league_9892bc9b45de4ff3,2022-04-30,BUNDESLIGA,2021-22,LEAGUE,,Borussia Dortmund,Bochum,3,4,A,Germany,Bundesliga,football-data.co.uk
league_8b3bf8b6933f9629,2022-04-30,BUNDESLIGA,2021-22,LEAGUE,,FSV Mainz 05,FC Bayern München,3,1,H,Germany,Bundesliga,football-data.co.uk
league_4151408526d34a9f,2022-04-30,BUNDESLIGA,2021-22,LEAGUE,,Hoffenheim,Freiburg,3,4,A,Germany,Bundesliga,football-data.co.uk
league_6bfd8b85059b9570,2022-04-30,BUNDESLIGA,2021-22,LEAGUE,,Stuttgart,Wolfsburg,1,1,D,Germany,Bundesliga,football-data.co.uk
league_0732e3cf1d5f0a4b,2022-05-02,BUNDESLIGA,2021-22,LEAGUE,,Bayer 04 Leverkusen,Eintracht Frankfurt,2,0,H,Germany,Bundesliga,football-data.co.uk
league_2f3741c765348a1d,2022-05-02,BUNDESLIGA,2021-22,LEAGUE,,Borussia Mönchengladbach,RB Leipzig,3,1,H,Germany,Bundesliga,football-data.co.uk
league_68aa2a744a5f641e,2022-05-06,BUNDESLIGA,2021-22,LEAGUE,,Bochum,Bielefeld,2,1,H,Germany,Bundesliga,football-data.co.uk
league_4518cfe1f3021da5,2022-05-07,BUNDESLIGA,2021-22,LEAGUE,,FC Koln,Wolfsburg,0,1,A,Germany,Bundesliga,football-data.co.uk
league_22cc417476d394d5,2022-05-07,BUNDESLIGA,2021-22,LEAGUE,,Freiburg,Union Berlin,1,4,A,Germany,Bundesliga,football-data.co.uk
league_a3c1310aa5318a12,2022-05-07,BUNDESLIGA,2021-22,LEAGUE,,Greuther Furth,Borussia Dortmund,1,3,A,Germany,Bundesliga,football-data.co.uk
league_9be8603b0269df8b,2022-05-07,BUNDESLIGA,2021-22,LEAGUE,,Hertha,FSV Mainz 05,1,2,A,Germany,Bundesliga,football-data.co.uk
league_72995d952cec01d0,2022-05-07,BUNDESLIGA,2021-22,LEAGUE,,Hoffenheim,Bayer 04 Leverkusen,2,4,A,Germany,Bundesliga,football-data.co.uk
league_610bf00e3f80d93e,2022-05-08,BUNDESLIGA,2021-22,LEAGUE,,Eintracht Frankfurt,Borussia Mönchengladbach,1,1,D,Germany,Bundesliga,football-data.co.uk
league_378542442f44fe70,2022-05-08,BUNDESLIGA,2021-22,LEAGUE,,FC Bayern München,Stuttgart,2,2,D,Germany,Bundesliga,football-data.co.uk
league_df5c90779eaae64e,2022-05-08,BUNDESLIGA,2021-22,LEAGUE,,RB Leipzig,Augsburg,4,0,H,Germany,Bundesliga,football-data.co.uk
league_6e6bdddea4ea60e6,2022-05-14,BUNDESLIGA,2021-22,LEAGUE,,Augsburg,Greuther Furth,2,1,H,Germany,Bundesliga,football-data.co.uk
league_e9289f53c59dee09,2022-05-14,BUNDESLIGA,2021-22,LEAGUE,,Bayer 04 Leverkusen,Freiburg,2,1,H,Germany,Bundesliga,football-data.co.uk
league_bc85f5ae838ff6b0,2022-05-14,BUNDESLIGA,2021-22,LEAGUE,,Bielefeld,RB Leipzig,1,1,D,Germany,Bundesliga,football-data.co.uk
league_49014ad84d1df746,2022-05-14,BUNDESLIGA,2021-22,LEAGUE,,Borussia Dortmund,Hertha,2,1,H,Germany,Bundesliga,football-data.co.uk
league_8dc577a8544f6b73,2022-05-14,BUNDESLIGA,2021-22,LEAGUE,,Borussia Mönchengladbach,Hoffenheim,5,1,H,Germany,Bundesliga,football-data.co.uk
league_ee138c60387c3532,2022-05-14,BUNDESLIGA,2021-22,LEAGUE,,FSV Mainz 05,Eintracht Frankfurt,2,2,D,Germany,Bundesliga,football-data.co.uk
league_8b47f9be110df466,2022-05-14,BUNDESLIGA,2021-22,LEAGUE,,Stuttgart,FC Koln,2,1,H,Germany,Bundesliga,football-data.co.uk
league_2fcc74e4bd65332c,2022-05-14,BUNDESLIGA,2021-22,LEAGUE,,Union Berlin,Bochum,3,2,H,Germany,Bundesliga,football-data.co.uk
league_c50fdb70e892bcf1,2022-05-14,BUNDESLIGA,2021-22,LEAGUE,,Wolfsburg,FC Bayern München,2,2,D,Germany,Bundesliga,football-data.co.uk
league_d60afa930f9a714d,2022-08-05,BUNDESLIGA,2022-23,LEAGUE,,Eintracht Frankfurt,FC Bayern München,1,6,A,Germany,Bundesliga,football-data.co.uk
league_9db51b798c00f873,2022-08-06,BUNDESLIGA,2022-23,LEAGUE,,Augsburg,Freiburg,0,4,A,Germany,Bundesliga,football-data.co.uk
league_fbb25df91df247f6,2022-08-06,BUNDESLIGA,2022-23,LEAGUE,,Bochum,FSV Mainz 05,1,2,A,Germany,Bundesliga,football-data.co.uk
league_529c429e963a1ecb,2022-08-06,BUNDESLIGA,2022-23,LEAGUE,,Borussia Dortmund,Bayer 04 Leverkusen,1,0,H,Germany,Bundesliga,football-data.co.uk
league_799dc011c3a55cd4,2022-08-06,BUNDESLIGA,2022-23,LEAGUE,,Borussia Mönchengladbach,Hoffenheim,3,1,H,Germany,Bundesliga,football-data.co.uk
league_f4e8a289d32577c0,2022-08-06,BUNDESLIGA,2022-23,LEAGUE,,Union Berlin,Hertha,3,1,H,Germany,Bundesliga,football-data.co.uk
league_811b5417c382fdcb,2022-08-06,BUNDESLIGA,2022-23,LEAGUE,,Wolfsburg,Werder Bremen,2,2,D,Germany,Bundesliga,football-data.co.uk
league_ac4cee56100aa9ba,2022-08-07,BUNDESLIGA,2022-23,LEAGUE,,FC Koln,FC Schalke 04,3,1,H,Germany,Bundesliga,football-data.co.uk
league_417800cdea6bfe98,2022-08-07,BUNDESLIGA,2022-23,LEAGUE,,Stuttgart,RB Leipzig,1,1,D,Germany,Bundesliga,football-data.co.uk
league_dcec0a4482f65d4f,2022-08-12,BUNDESLIGA,2022-23,LEAGUE,,Freiburg,Borussia Dortmund,1,3,A,Germany,Bundesliga,football-data.co.uk
league_6168122776be87d5,2022-08-13,BUNDESLIGA,2022-23,LEAGUE,,Bayer 04 Leverkusen,Augsburg,1,2,A,Germany,Bundesliga,football-data.co.uk
league_4d390275b7f2a608,2022-08-13,BUNDESLIGA,2022-23,LEAGUE,,FC Schalke 04,Borussia Mönchengladbach,2,2,D,Germany,Bundesliga,football-data.co.uk
league_1ad58122bc0dc9ec,2022-08-13,BUNDESLIGA,2022-23,LEAGUE,,Hertha,Eintracht Frankfurt,1,1,D,Germany,Bundesliga,football-data.co.uk
league_9ce5c7f267d8870b,2022-08-13,BUNDESLIGA,2022-23,LEAGUE,,Hoffenheim,Bochum,3,2,H,Germany,Bundesliga,football-data.co.uk
league_028fbe65ed179258,2022-08-13,BUNDESLIGA,2022-23,LEAGUE,,RB Leipzig,FC Koln,2,2,D,Germany,Bundesliga,football-data.co.uk
league_a0fb6fd8dd65b16a,2022-08-13,BUNDESLIGA,2022-23,LEAGUE,,Werder Bremen,Stuttgart,2,2,D,Germany,Bundesliga,football-data.co.uk
league_6c1abc95b148067d,2022-08-14,BUNDESLIGA,2022-23,LEAGUE,,FC Bayern München,Wolfsburg,2,0,H,Germany,Bundesliga,football-data.co.uk
league_04d6dc0013289650,2022-08-14,BUNDESLIGA,2022-23,LEAGUE,,FSV Mainz 05,Union Berlin,0,0,D,Germany,Bundesliga,football-data.co.uk
league_49210650b231fc0a,2022-08-19,BUNDESLIGA,2022-23,LEAGUE,,Borussia Mönchengladbach,Hertha,1,0,H,Germany,Bundesliga,football-data.co.uk
league_80fe6df8ed75aa2b,2022-08-20,BUNDESLIGA,2022-23,LEAGUE,,Augsburg,FSV Mainz 05,1,2,A,Germany,Bundesliga,football-data.co.uk
league_991e8e62df75434d,2022-08-20,BUNDESLIGA,2022-23,LEAGUE,,Bayer 04 Leverkusen,Hoffenheim,0,3,A,Germany,Bundesliga,football-data.co.uk
league_34ed31c65899ca10,2022-08-20,BUNDESLIGA,2022-23,LEAGUE,,Borussia Dortmund,Werder Bremen,2,3,A,Germany,Bundesliga,football-data.co.uk
league_8b253f82b17767aa,2022-08-20,BUNDESLIGA,2022-23,LEAGUE,,Stuttgart,Freiburg,0,1,A,Germany,Bundesliga,football-data.co.uk
league_bc959e4dc456d10d,2022-08-20,BUNDESLIGA,2022-23,LEAGUE,,Union Berlin,RB Leipzig,2,1,H,Germany,Bundesliga,football-data.co.uk
league_0acbf4bed5a9a360,2022-08-20,BUNDESLIGA,2022-23,LEAGUE,,Wolfsburg,FC Schalke 04,0,0,D,Germany,Bundesliga,football-data.co.uk
league_c841cbb4141d8e94,2022-08-21,BUNDESLIGA,2022-23,LEAGUE,,Bochum,FC Bayern München,0,7,A,Germany,Bundesliga,football-data.co.uk
league_800b5f1512d38b6b,2022-08-21,BUNDESLIGA,2022-23,LEAGUE,,Eintracht Frankfurt,FC Koln,1,1,D,Germany,Bundesliga,football-data.co.uk
league_d5aead7d87757d2b,2022-08-26,BUNDESLIGA,2022-23,LEAGUE,,Freiburg,Bochum,1,0,H,Germany,Bundesliga,football-data.co.uk
league_3922d6f049cdbd89,2022-08-27,BUNDESLIGA,2022-23,LEAGUE,,FC Bayern München,Borussia Mönchengladbach,1,1,D,Germany,Bundesliga,football-data.co.uk
league_6a575ba8adb99e4a,2022-08-27,BUNDESLIGA,2022-23,LEAGUE,,FC Schalke 04,Union Berlin,1,6,A,Germany,Bundesliga,football-data.co.uk
league_4ab0b7d01fd154b3,2022-08-27,BUNDESLIGA,2022-23,LEAGUE,,FSV Mainz 05,Bayer 04 Leverkusen,0,3,A,Germany,Bundesliga,football-data.co.uk
league_9da3f4e9d66bb22d,2022-08-27,BUNDESLIGA,2022-23,LEAGUE,,Hertha,Borussia Dortmund,0,1,A,Germany,Bundesliga,football-data.co.uk
league_04fe3099fddd674d,2022-08-27,BUNDESLIGA,2022-23,LEAGUE,,Hoffenheim,Augsburg,1,0,H,Germany,Bundesliga,football-data.co.uk
league_8bc93cec131ecb20,2022-08-27,BUNDESLIGA,2022-23,LEAGUE,,RB Leipzig,Wolfsburg,2,0,H,Germany,Bundesliga,football-data.co.uk
league_08b514ea8cee320f,2022-08-28,BUNDESLIGA,2022-23,LEAGUE,,FC Koln,Stuttgart,0,0,D,Germany,Bundesliga,football-data.co.uk
league_ec0694ba44577565,2022-08-28,BUNDESLIGA,2022-23,LEAGUE,,Werder Bremen,Eintracht Frankfurt,3,4,A,Germany,Bundesliga,football-data.co.uk
league_bd333c2e1a87deb7,2022-09-02,BUNDESLIGA,2022-23,LEAGUE,,Borussia Dortmund,Hoffenheim,1,0,H,Germany,Bundesliga,football-data.co.uk
league_77085bc68f20be4b,2022-09-03,BUNDESLIGA,2022-23,LEAGUE,,Bayer 04 Leverkusen,Freiburg,2,3,A,Germany,Bundesliga,football-data.co.uk
league_2ce928b2ffb6e41f,2022-09-03,BUNDESLIGA,2022-23,LEAGUE,,Bochum,Werder Bremen,0,2,A,Germany,Bundesliga,football-data.co.uk
league_da6c722497b11fca,2022-09-03,BUNDESLIGA,2022-23,LEAGUE,,Eintracht Frankfurt,RB Leipzig,4,0,H,Germany,Bundesliga,football-data.co.uk
league_902ce04a862be67e,2022-09-03,BUNDESLIGA,2022-23,LEAGUE,,Stuttgart,FC Schalke 04,1,1,D,Germany,Bundesliga,football-data.co.uk
league_9d61daa130af7b26,2022-09-03,BUNDESLIGA,2022-23,LEAGUE,,Union Berlin,FC Bayern München,1,1,D,Germany,Bundesliga,football-data.co.uk
league_55249a306073e00e,2022-09-03,BUNDESLIGA,2022-23,LEAGUE,,Wolfsburg,FC Koln,2,4,A,Germany,Bundesliga,football-data.co.uk
league_ed084089d86b33e1,2022-09-04,BUNDESLIGA,2022-23,LEAGUE,,Augsburg,Hertha,0,2,A,Germany,Bundesliga,football-data.co.uk
league_733b957bb37182e1,2022-09-04,BUNDESLIGA,2022-23,LEAGUE,,Borussia Mönchengladbach,FSV Mainz 05,0,1,A,Germany,Bundesliga,football-data.co.uk
league_06fb28d9f0711c06,2022-09-09,BUNDESLIGA,2022-23,LEAGUE,,Werder Bremen,Augsburg,0,1,A,Germany,Bundesliga,football-data.co.uk
league_8e2ca2af90f44a4d,2022-09-10,BUNDESLIGA,2022-23,LEAGUE,,Eintracht Frankfurt,Wolfsburg,0,1,A,Germany,Bundesliga,football-data.co.uk
league_969e6010bdec6570,2022-09-10,BUNDESLIGA,2022-23,LEAGUE,,FC Bayern München,Stuttgart,2,2,D,Germany,Bundesliga,football-data.co.uk
league_424d6e154fa295dd,2022-09-10,BUNDESLIGA,2022-23,LEAGUE,,FC Schalke 04,Bochum,3,1,H,Germany,Bundesliga,football-data.co.uk
league_cf395bfc6883e879,2022-09-10,BUNDESLIGA,2022-23,LEAGUE,,Hertha,Bayer 04 Leverkusen,2,2,D,Germany,Bundesliga,football-data.co.uk
league_b0cf68f71dfd0f97,2022-09-10,BUNDESLIGA,2022-23,LEAGUE,,Hoffenheim,FSV Mainz 05,4,1,H,Germany,Bundesliga,football-data.co.uk
league_0d7ef7249143019b,2022-09-10,BUNDESLIGA,2022-23,LEAGUE,,RB Leipzig,Borussia Dortmund,3,0,H,Germany,Bundesliga,football-data.co.uk
league_d311e1d53ed71e59,2022-09-11,BUNDESLIGA,2022-23,LEAGUE,,FC Koln,Union Berlin,0,1,A,Germany,Bundesliga,football-data.co.uk
league_77a4f8323c455b69,2022-09-11,BUNDESLIGA,2022-23,LEAGUE,,Freiburg,Borussia Mönchengladbach,0,0,D,Germany,Bundesliga,football-data.co.uk
league_473e60dc0dcaf3fb,2022-09-16,BUNDESLIGA,2022-23,LEAGUE,,FSV Mainz 05,Hertha,1,1,D,Germany,Bundesliga,football-data.co.uk
league_b0a41d4bb4fbe71b,2022-09-17,BUNDESLIGA,2022-23,LEAGUE,,Augsburg,FC Bayern München,1,0,H,Germany,Bundesliga,football-data.co.uk
league_3e24878598fb9b18,2022-09-17,BUNDESLIGA,2022-23,LEAGUE,,Bayer 04 Leverkusen,Werder Bremen,1,1,D,Germany,Bundesliga,football-data.co.uk
league_0ae55a66d9484d4f,2022-09-17,BUNDESLIGA,2022-23,LEAGUE,,Borussia Dortmund,FC Schalke 04,1,0,H,Germany,Bundesliga,football-data.co.uk
league_d23ef12cc92eabb6,2022-09-17,BUNDESLIGA,2022-23,LEAGUE,,Borussia Mönchengladbach,RB Leipzig,3,0,H,Germany,Bundesliga,football-data.co.uk
league_26d03fff5ffd3793,2022-09-17,BUNDESLIGA,2022-23,LEAGUE,,Stuttgart,Eintracht Frankfurt,1,3,A,Germany,Bundesliga,football-data.co.uk
league_919453219f0cdb70,2022-09-18,BUNDESLIGA,2022-23,LEAGUE,,Bochum,FC Koln,1,1,D,Germany,Bundesliga,football-data.co.uk
league_9b8861fbe38138c7,2022-09-18,BUNDESLIGA,2022-23,LEAGUE,,Hoffenheim,Freiburg,0,0,D,Germany,Bundesliga,football-data.co.uk
league_988e1f431443d447,2022-09-18,BUNDESLIGA,2022-23,LEAGUE,,Union Berlin,Wolfsburg,2,0,H,Germany,Bundesliga,football-data.co.uk
league_b176f995f1a8ec5f,2022-09-30,BUNDESLIGA,2022-23,LEAGUE,,FC Bayern München,Bayer 04 Leverkusen,4,0,H,Germany,Bundesliga,football-data.co.uk
league_e2ae7e263dba7128,2022-10-01,BUNDESLIGA,2022-23,LEAGUE,,Eintracht Frankfurt,Union Berlin,2,0,H,Germany,Bundesliga,football-data.co.uk
league_3e059a299408ee54,2022-10-01,BUNDESLIGA,2022-23,LEAGUE,,FC Koln,Borussia Dortmund,3,2,H,Germany,Bundesliga,football-data.co.uk
league_333fa3224fbb8cc9,2022-10-01,BUNDESLIGA,2022-23,LEAGUE,,Freiburg,FSV Mainz 05,2,1,H,Germany,Bundesliga,football-data.co.uk
league_02e374c264921ab8,2022-10-01,BUNDESLIGA,2022-23,LEAGUE,,RB Leipzig,Bochum,4,0,H,Germany,Bundesliga,football-data.co.uk
league_8fb1e42abd53442b,2022-10-01,BUNDESLIGA,2022-23,LEAGUE,,Werder Bremen,Borussia Mönchengladbach,5,1,H,Germany,Bundesliga,football-data.co.uk
league_5ce8541f27d45939,2022-10-01,BUNDESLIGA,2022-23,LEAGUE,,Wolfsburg,Stuttgart,3,2,H,Germany,Bundesliga,football-data.co.uk
league_9e2ae2dcee6c0c98,2022-10-02,BUNDESLIGA,2022-23,LEAGUE,,FC Schalke 04,Augsburg,2,3,A,Germany,Bundesliga,football-data.co.uk
league_ef579b96d86c0c58,2022-10-02,BUNDESLIGA,2022-23,LEAGUE,,Hertha,Hoffenheim,1,1,D,Germany,Bundesliga,football-data.co.uk
league_ecd4dd20f4f1abc9,2022-10-07,BUNDESLIGA,2022-23,LEAGUE,,Hoffenheim,Werder Bremen,1,2,A,Germany,Bundesliga,football-data.co.uk
league_085ba3f4a08fa21d,2022-10-08,BUNDESLIGA,2022-23,LEAGUE,,Augsburg,Wolfsburg,1,1,D,Germany,Bundesliga,football-data.co.uk
league_37e138e758293d41,2022-10-08,BUNDESLIGA,2022-23,LEAGUE,,Bayer 04 Leverkusen,FC Schalke 04,4,0,H,Germany,Bundesliga,football-data.co.uk
league_ebe38b375fdef44a,2022-10-08,BUNDESLIGA,2022-23,LEAGUE,,Bochum,Eintracht Frankfurt,3,0,H,Germany,Bundesliga,football-data.co.uk
league_fad1dd486dc7e915,2022-10-08,BUNDESLIGA,2022-23,LEAGUE,,Borussia Dortmund,FC Bayern München,2,2,D,Germany,Bundesliga,football-data.co.uk
league_2814c461b26dbb38,2022-10-08,BUNDESLIGA,2022-23,LEAGUE,,FSV Mainz 05,RB Leipzig,1,1,D,Germany,Bundesliga,football-data.co.uk
league_f99c65b59b0b1b65,2022-10-09,BUNDESLIGA,2022-23,LEAGUE,,Borussia Mönchengladbach,FC Koln,5,2,H,Germany,Bundesliga,football-data.co.uk
league_570ee3eaabfb4c24,2022-10-09,BUNDESLIGA,2022-23,LEAGUE,,Hertha,Freiburg,2,2,D,Germany,Bundesliga,football-data.co.uk
league_a41ed66118785bd6,2022-10-09,BUNDESLIGA,2022-23,LEAGUE,,Stuttgart,Union Berlin,0,1,A,Germany,Bundesliga,football-data.co.uk
league_ad7e02a5a8c7f988,2022-10-14,BUNDESLIGA,2022-23,LEAGUE,,FC Schalke 04,Hoffenheim,0,3,A,Germany,Bundesliga,football-data.co.uk
league_ac4a83bf2bc9017c,2022-10-15,BUNDESLIGA,2022-23,LEAGUE,,Eintracht Frankfurt,Bayer 04 Leverkusen,5,1,H,Germany,Bundesliga,football-data.co.uk
league_ea8a44d0b0d0223c,2022-10-15,BUNDESLIGA,2022-23,LEAGUE,,RB Leipzig,Hertha,3,2,H,Germany,Bundesliga,football-data.co.uk
league_0cd445a3e9afe0e0,2022-10-15,BUNDESLIGA,2022-23,LEAGUE,,Stuttgart,Bochum,4,1,H,Germany,Bundesliga,football-data.co.uk
league_847d47b3098111d5,2022-10-15,BUNDESLIGA,2022-23,LEAGUE,,Werder Bremen,FSV Mainz 05,0,2,A,Germany,Bundesliga,football-data.co.uk
league_07ceaba664d04703,2022-10-15,BUNDESLIGA,2022-23,LEAGUE,,Wolfsburg,Borussia Mönchengladbach,2,2,D,Germany,Bundesliga,football-data.co.uk
league_9a7c14815542ed29,2022-10-16,BUNDESLIGA,2022-23,LEAGUE,,FC Bayern München,Freiburg,5,0,H,Germany,Bundesliga,football-data.co.uk
league_b3bb8f770cabe0f6,2022-10-16,BUNDESLIGA,2022-23,LEAGUE,,FC Koln,Augsburg,3,2,H,Germany,Bundesliga,football-data.co.uk
league_77e90be61ee67232,2022-10-16,BUNDESLIGA,2022-23,LEAGUE,,Union Berlin,Borussia Dortmund,2,0,H,Germany,Bundesliga,football-data.co.uk
league_92e48dcd0ba486a2,2022-10-21,BUNDESLIGA,2022-23,LEAGUE,,FSV Mainz 05,FC Koln,5,0,H,Germany,Bundesliga,football-data.co.uk
league_1ddfe58d15612fa6,2022-10-22,BUNDESLIGA,2022-23,LEAGUE,,Augsburg,RB Leipzig,3,3,D,Germany,Bundesliga,football-data.co.uk
league_c58e3836c3bec379,2022-10-22,BUNDESLIGA,2022-23,LEAGUE,,Bayer 04 Leverkusen,Wolfsburg,2,2,D,Germany,Bundesliga,football-data.co.uk
league_eccd03e4225a3859,2022-10-22,BUNDESLIGA,2022-23,LEAGUE,,Borussia Dortmund,Stuttgart,5,0,H,Germany,Bundesliga,football-data.co.uk
league_2601e1a4fb86577d,2022-10-22,BUNDESLIGA,2022-23,LEAGUE,,Borussia Mönchengladbach,Eintracht Frankfurt,1,3,A,Germany,Bundesliga,football-data.co.uk
league_4ef57ac690c25637,2022-10-22,BUNDESLIGA,2022-23,LEAGUE,,Freiburg,Werder Bremen,2,0,H,Germany,Bundesliga,football-data.co.uk
league_07e14314e05050bc,2022-10-22,BUNDESLIGA,2022-23,LEAGUE,,Hoffenheim,FC Bayern München,0,2,A,Germany,Bundesliga,football-data.co.uk
league_8bac1c9c9b67c31f,2022-10-23,BUNDESLIGA,2022-23,LEAGUE,,Bochum,Union Berlin,2,1,H,Germany,Bundesliga,football-data.co.uk
league_8984bc214d5a4d03,2022-10-23,BUNDESLIGA,2022-23,LEAGUE,,Hertha,FC Schalke 04,2,1,H,Germany,Bundesliga,football-data.co.uk
league_645bb8404872ae31,2022-10-28,BUNDESLIGA,2022-23,LEAGUE,,Werder Bremen,Hertha,1,0,H,Germany,Bundesliga,football-data.co.uk
league_4a42af07a52a4c40,2022-10-29,BUNDESLIGA,2022-23,LEAGUE,,Eintracht Frankfurt,Borussia Dortmund,1,2,A,Germany,Bundesliga,football-data.co.uk
league_423335dfe4cf9b2c,2022-10-29,BUNDESLIGA,2022-23,LEAGUE,,FC Bayern München,FSV Mainz 05,6,2,H,Germany,Bundesliga,football-data.co.uk
league_f86ae8248b7fe248,2022-10-29,BUNDESLIGA,2022-23,LEAGUE,,RB Leipzig,Bayer 04 Leverkusen,2,0,H,Germany,Bundesliga,football-data.co.uk
league_edf57ae358902aec,2022-10-29,BUNDESLIGA,2022-23,LEAGUE,,Stuttgart,Augsburg,2,1,H,Germany,Bundesliga,football-data.co.uk
league_6b9b1fc51d8a51d6,2022-10-29,BUNDESLIGA,2022-23,LEAGUE,,Wolfsburg,Bochum,4,0,H,Germany,Bundesliga,football-data.co.uk
league_d8ed209c0218b07a,2022-10-30,BUNDESLIGA,2022-23,LEAGUE,,FC Koln,Hoffenheim,1,1,D,Germany,Bundesliga,football-data.co.uk
league_f8a1e8bbd8378780,2022-10-30,BUNDESLIGA,2022-23,LEAGUE,,FC Schalke 04,Freiburg,0,2,A,Germany,Bundesliga,football-data.co.uk
league_e99b250230d4f615,2022-10-30,BUNDESLIGA,2022-23,LEAGUE,,Union Berlin,Borussia Mönchengladbach,2,1,H,Germany,Bundesliga,football-data.co.uk
league_5e9675226341551e,2022-11-04,BUNDESLIGA,2022-23,LEAGUE,,Borussia Mönchengladbach,Stuttgart,3,1,H,Germany,Bundesliga,football-data.co.uk
league_8fce7a28bfaafe08,2022-11-05,BUNDESLIGA,2022-23,LEAGUE,,Augsburg,Eintracht Frankfurt,1,2,A,Germany,Bundesliga,football-data.co.uk
league_cca81cafe59ccff3,2022-11-05,BUNDESLIGA,2022-23,LEAGUE,,Borussia Dortmund,Bochum,3,0,H,Germany,Bundesliga,football-data.co.uk
league_0e78ee2d65bbfc94,2022-11-05,BUNDESLIGA,2022-23,LEAGUE,,FSV Mainz 05,Wolfsburg,0,3,A,Germany,Bundesliga,football-data.co.uk
league_cc76074bf1a5ec38,2022-11-05,BUNDESLIGA,2022-23,LEAGUE,,Hertha,FC Bayern München,2,3,A,Germany,Bundesliga,football-data.co.uk
league_860f8d906c74082c,2022-11-05,BUNDESLIGA,2022-23,LEAGUE,,Hoffenheim,RB Leipzig,1,3,A,Germany,Bundesliga,football-data.co.uk
league_53113a840e1c4dcd,2022-11-05,BUNDESLIGA,2022-23,LEAGUE,,Werder Bremen,FC Schalke 04,2,1,H,Germany,Bundesliga,football-data.co.uk
league_80b7c9d4a77f3685,2022-11-06,BUNDESLIGA,2022-23,LEAGUE,,Bayer 04 Leverkusen,Union Berlin,5,0,H,Germany,Bundesliga,football-data.co.uk
league_4043a2cb961b4313,2022-11-06,BUNDESLIGA,2022-23,LEAGUE,,Freiburg,FC Koln,2,0,H,Germany,Bundesliga,football-data.co.uk
league_0f4c5451c41cd788,2022-11-08,BUNDESLIGA,2022-23,LEAGUE,,Bochum,Borussia Mönchengladbach,2,1,H,Germany,Bundesliga,football-data.co.uk
league_44e3fd4f256bac63,2022-11-08,BUNDESLIGA,2022-23,LEAGUE,,FC Bayern München,Werder Bremen,6,1,H,Germany,Bundesliga,football-data.co.uk
league_fdd3722847fad6f6,2022-11-08,BUNDESLIGA,2022-23,LEAGUE,,Stuttgart,Hertha,2,1,H,Germany,Bundesliga,football-data.co.uk
league_a2cd6cfc40c1143f,2022-11-08,BUNDESLIGA,2022-23,LEAGUE,,Wolfsburg,Borussia Dortmund,2,0,H,Germany,Bundesliga,football-data.co.uk
league_74b07a9ab335019f,2022-11-09,BUNDESLIGA,2022-23,LEAGUE,,Eintracht Frankfurt,Hoffenheim,4,2,H,Germany,Bundesliga,football-data.co.uk
league_b95c635717e1f51f,2022-11-09,BUNDESLIGA,2022-23,LEAGUE,,FC Koln,Bayer 04 Leverkusen,1,2,A,Germany,Bundesliga,football-data.co.uk
league_1bee09b917995183,2022-11-09,BUNDESLIGA,2022-23,LEAGUE,,FC Schalke 04,FSV Mainz 05,1,0,H,Germany,Bundesliga,football-data.co.uk
league_d5a2b0c7b9498355,2022-11-09,BUNDESLIGA,2022-23,LEAGUE,,RB Leipzig,Freiburg,3,1,H,Germany,Bundesliga,football-data.co.uk
league_083840dc4f3630e7,2022-11-09,BUNDESLIGA,2022-23,LEAGUE,,Union Berlin,Augsburg,2,2,D,Germany,Bundesliga,football-data.co.uk
league_d64c51ef2fbe3a85,2022-11-11,BUNDESLIGA,2022-23,LEAGUE,,Borussia Mönchengladbach,Borussia Dortmund,4,2,H,Germany,Bundesliga,football-data.co.uk
league_d9359c4ec1b1b685,2022-11-12,BUNDESLIGA,2022-23,LEAGUE,,Augsburg,Bochum,0,1,A,Germany,Bundesliga,football-data.co.uk
league_2aedf8d645a814d6,2022-11-12,BUNDESLIGA,2022-23,LEAGUE,,Bayer 04 Leverkusen,Stuttgart,2,0,H,Germany,Bundesliga,football-data.co.uk
league_29b1b0dfaf04d494,2022-11-12,BUNDESLIGA,2022-23,LEAGUE,,FC Schalke 04,FC Bayern München,0,2,A,Germany,Bundesliga,football-data.co.uk
league_6e0b99a1b9d65717,2022-11-12,BUNDESLIGA,2022-23,LEAGUE,,Hertha,FC Koln,2,0,H,Germany,Bundesliga,football-data.co.uk
league_79f427d539ce60dd,2022-11-12,BUNDESLIGA,2022-23,LEAGUE,,Hoffenheim,Wolfsburg,1,2,A,Germany,Bundesliga,football-data.co.uk
league_85d4f0c2064c0ddc,2022-11-12,BUNDESLIGA,2022-23,LEAGUE,,Werder Bremen,RB Leipzig,1,2,A,Germany,Bundesliga,football-data.co.uk
league_52ac7dc7fcecd6b0,2022-11-13,BUNDESLIGA,2022-23,LEAGUE,,FSV Mainz 05,Eintracht Frankfurt,1,1,D,Germany,Bundesliga,football-data.co.uk
league_b09f38e6b205c30c,2022-11-13,BUNDESLIGA,2022-23,LEAGUE,,Freiburg,Union Berlin,4,1,H,Germany,Bundesliga,football-data.co.uk
league_1abca76bd1746578,2023-01-20,BUNDESLIGA,2022-23,LEAGUE,,RB Leipzig,FC Bayern München,1,1,D,Germany,Bundesliga,football-data.co.uk
league_6a58b1d3fa8ec911,2023-01-21,BUNDESLIGA,2022-23,LEAGUE,,Bochum,Hertha,3,1,H,Germany,Bundesliga,football-data.co.uk
league_f83cdee186976824,2023-01-21,BUNDESLIGA,2022-23,LEAGUE,,Eintracht Frankfurt,FC Schalke 04,3,0,H,Germany,Bundesliga,football-data.co.uk
league_082f4b0cb46a26bc,2023-01-21,BUNDESLIGA,2022-23,LEAGUE,,FC Koln,Werder Bremen,7,1,H,Germany,Bundesliga,football-data.co.uk
league_2865917c9bf897d2,2023-01-21,BUNDESLIGA,2022-23,LEAGUE,,Stuttgart,FSV Mainz 05,1,1,D,Germany,Bundesliga,football-data.co.uk
league_19fa784a5e353dcd,2023-01-21,BUNDESLIGA,2022-23,LEAGUE,,Union Berlin,Hoffenheim,3,1,H,Germany,Bundesliga,football-data.co.uk
league_69021f3dc8043d93,2023-01-21,BUNDESLIGA,2022-23,LEAGUE,,Wolfsburg,Freiburg,6,0,H,Germany,Bundesliga,football-data.co.uk
league_cdde64476d321bde,2023-01-22,BUNDESLIGA,2022-23,LEAGUE,,Borussia Dortmund,Augsburg,4,3,H,Germany,Bundesliga,football-data.co.uk
league_0ee6b3017ede9dd8,2023-01-22,BUNDESLIGA,2022-23,LEAGUE,,Borussia Mönchengladbach,Bayer 04 Leverkusen,2,3,A,Germany,Bundesliga,football-data.co.uk
league_5f218d9653c429bf,2023-01-24,BUNDESLIGA,2022-23,LEAGUE,,FC Bayern München,FC Koln,1,1,D,Germany,Bundesliga,football-data.co.uk
league_a121929204cf6909,2023-01-24,BUNDESLIGA,2022-23,LEAGUE,,FC Schalke 04,RB Leipzig,1,6,A,Germany,Bundesliga,football-data.co.uk
league_4f6adf5b9c2651fc,2023-01-24,BUNDESLIGA,2022-23,LEAGUE,,Hertha,Wolfsburg,0,5,A,Germany,Bundesliga,football-data.co.uk
league_910cfaa19781c797,2023-01-24,BUNDESLIGA,2022-23,LEAGUE,,Hoffenheim,Stuttgart,2,2,D,Germany,Bundesliga,football-data.co.uk
league_e265612f1c3b28f8,2023-01-25,BUNDESLIGA,2022-23,LEAGUE,,Augsburg,Borussia Mönchengladbach,1,0,H,Germany,Bundesliga,football-data.co.uk
league_afbdbcbc97a1e190,2023-01-25,BUNDESLIGA,2022-23,LEAGUE,,Bayer 04 Leverkusen,Bochum,2,0,H,Germany,Bundesliga,football-data.co.uk
league_ac0922c78fe1c902,2023-01-25,BUNDESLIGA,2022-23,LEAGUE,,FSV Mainz 05,Borussia Dortmund,1,2,A,Germany,Bundesliga,football-data.co.uk
league_b61f95b11695e277,2023-01-25,BUNDESLIGA,2022-23,LEAGUE,,Freiburg,Eintracht Frankfurt,1,1,D,Germany,Bundesliga,football-data.co.uk
league_8f1c88f0b5f1a75f,2023-01-25,BUNDESLIGA,2022-23,LEAGUE,,Werder Bremen,Union Berlin,1,2,A,Germany,Bundesliga,football-data.co.uk
league_25042a70915d481a,2023-01-27,BUNDESLIGA,2022-23,LEAGUE,,RB Leipzig,Stuttgart,2,1,H,Germany,Bundesliga,football-data.co.uk
league_a224546be94778fd,2023-01-28,BUNDESLIGA,2022-23,LEAGUE,,FC Bayern München,Eintracht Frankfurt,1,1,D,Germany,Bundesliga,football-data.co.uk
league_8a242147d5985dcb,2023-01-28,BUNDESLIGA,2022-23,LEAGUE,,FSV Mainz 05,Bochum,5,2,H,Germany,Bundesliga,football-data.co.uk
league_c5ab9e1d03d26612,2023-01-28,BUNDESLIGA,2022-23,LEAGUE,,Freiburg,Augsburg,3,1,H,Germany,Bundesliga,football-data.co.uk
league_0e0ed0a796f4d6d7,2023-01-28,BUNDESLIGA,2022-23,LEAGUE,,Hertha,Union Berlin,0,2,A,Germany,Bundesliga,football-data.co.uk
league_7007512fcecb8c9c,2023-01-28,BUNDESLIGA,2022-23,LEAGUE,,Hoffenheim,Borussia Mönchengladbach,1,4,A,Germany,Bundesliga,football-data.co.uk
league_51151c67af5c2bc5,2023-01-28,BUNDESLIGA,2022-23,LEAGUE,,Werder Bremen,Wolfsburg,2,1,H,Germany,Bundesliga,football-data.co.uk
league_f47e234fe5e4372d,2023-01-29,BUNDESLIGA,2022-23,LEAGUE,,Bayer 04 Leverkusen,Borussia Dortmund,0,2,A,Germany,Bundesliga,football-data.co.uk
league_8c94316e77308ce8,2023-01-29,BUNDESLIGA,2022-23,LEAGUE,,FC Schalke 04,FC Koln,0,0,D,Germany,Bundesliga,football-data.co.uk
league_9a565136ddf380d1,2023-02-03,BUNDESLIGA,2022-23,LEAGUE,,Augsburg,Bayer 04 Leverkusen,1,0,H,Germany,Bundesliga,football-data.co.uk
league_7237b34942bba333,2023-02-04,BUNDESLIGA,2022-23,LEAGUE,,Bochum,Hoffenheim,5,2,H,Germany,Bundesliga,football-data.co.uk
league_a54d209c9a0dee0b,2023-02-04,BUNDESLIGA,2022-23,LEAGUE,,Borussia Dortmund,Freiburg,5,1,H,Germany,Bundesliga,football-data.co.uk
league_1dde372e8be0ff19,2023-02-04,BUNDESLIGA,2022-23,LEAGUE,,Borussia Mönchengladbach,FC Schalke 04,0,0,D,Germany,Bundesliga,football-data.co.uk
league_23f1b7f1ca78cda5,2023-02-04,BUNDESLIGA,2022-23,LEAGUE,,Eintracht Frankfurt,Hertha,3,0,H,Germany,Bundesliga,football-data.co.uk
league_8d999bdc4fb5b682,2023-02-04,BUNDESLIGA,2022-23,LEAGUE,,FC Koln,RB Leipzig,0,0,D,Germany,Bundesliga,football-data.co.uk
league_30dba3caf73625f2,2023-02-04,BUNDESLIGA,2022-23,LEAGUE,,Union Berlin,FSV Mainz 05,2,1,H,Germany,Bundesliga,football-data.co.uk
league_acf974de13ed9a3d,2023-02-05,BUNDESLIGA,2022-23,LEAGUE,,Stuttgart,Werder Bremen,0,2,A,Germany,Bundesliga,football-data.co.uk
league_2c26edbb0992e2c7,2023-02-05,BUNDESLIGA,2022-23,LEAGUE,,Wolfsburg,FC Bayern München,2,4,A,Germany,Bundesliga,football-data.co.uk
league_241c67238d139fa2,2023-02-10,BUNDESLIGA,2022-23,LEAGUE,,FC Schalke 04,Wolfsburg,0,0,D,Germany,Bundesliga,football-data.co.uk
league_5622dae549bf498b,2023-02-11,BUNDESLIGA,2022-23,LEAGUE,,FC Bayern München,Bochum,3,0,H,Germany,Bundesliga,football-data.co.uk
league_73b539ce5a72011c,2023-02-11,BUNDESLIGA,2022-23,LEAGUE,,FSV Mainz 05,Augsburg,3,1,H,Germany,Bundesliga,football-data.co.uk
league_fc47006c38edbea0,2023-02-11,BUNDESLIGA,2022-23,LEAGUE,,Freiburg,Stuttgart,2,1,H,Germany,Bundesliga,football-data.co.uk
league_7ee657123ff267e2,2023-02-11,BUNDESLIGA,2022-23,LEAGUE,,Hoffenheim,Bayer 04 Leverkusen,1,3,A,Germany,Bundesliga,football-data.co.uk
league_4462f0ec37675e5d,2023-02-11,BUNDESLIGA,2022-23,LEAGUE,,RB Leipzig,Union Berlin,1,2,A,Germany,Bundesliga,football-data.co.uk
league_5a5638d4f43de14f,2023-02-11,BUNDESLIGA,2022-23,LEAGUE,,Werder Bremen,Borussia Dortmund,0,2,A,Germany,Bundesliga,football-data.co.uk
league_ce367bc2aeab65a9,2023-02-12,BUNDESLIGA,2022-23,LEAGUE,,FC Koln,Eintracht Frankfurt,3,0,H,Germany,Bundesliga,football-data.co.uk
league_5775aea60e85ac76,2023-02-12,BUNDESLIGA,2022-23,LEAGUE,,Hertha,Borussia Mönchengladbach,4,1,H,Germany,Bundesliga,football-data.co.uk
league_79956fac3d3d8554,2023-02-17,BUNDESLIGA,2022-23,LEAGUE,,Augsburg,Hoffenheim,1,0,H,Germany,Bundesliga,football-data.co.uk
league_ab4445a42369d191,2023-02-18,BUNDESLIGA,2022-23,LEAGUE,,Bochum,Freiburg,0,2,A,Germany,Bundesliga,football-data.co.uk
league_cbbe830c7a619c96,2023-02-18,BUNDESLIGA,2022-23,LEAGUE,,Borussia Mönchengladbach,FC Bayern München,3,2,H,Germany,Bundesliga,football-data.co.uk
league_eebac0e21cdd0ee2,2023-02-18,BUNDESLIGA,2022-23,LEAGUE,,Eintracht Frankfurt,Werder Bremen,2,0,H,Germany,Bundesliga,football-data.co.uk
league_b9542dee978ee9af,2023-02-18,BUNDESLIGA,2022-23,LEAGUE,,Stuttgart,FC Koln,3,0,H,Germany,Bundesliga,football-data.co.uk
league_47d2722fe4b3e010,2023-02-18,BUNDESLIGA,2022-23,LEAGUE,,Wolfsburg,RB Leipzig,0,3,A,Germany,Bundesliga,football-data.co.uk
league_041f14fabc1bbd73,2023-02-19,BUNDESLIGA,2022-23,LEAGUE,,Bayer 04 Leverkusen,FSV Mainz 05,2,3,A,Germany,Bundesliga,football-data.co.uk
league_af9e0d44ba99d810,2023-02-19,BUNDESLIGA,2022-23,LEAGUE,,Borussia Dortmund,Hertha,4,1,H,Germany,Bundesliga,football-data.co.uk
league_66666a8ac47a1126,2023-02-19,BUNDESLIGA,2022-23,LEAGUE,,Union Berlin,FC Schalke 04,0,0,D,Germany,Bundesliga,football-data.co.uk
league_8eb39d68df6945fb,2023-02-24,BUNDESLIGA,2022-23,LEAGUE,,FSV Mainz 05,Borussia Mönchengladbach,4,0,H,Germany,Bundesliga,football-data.co.uk
league_734a7a59ebe5c6c0,2023-02-25,BUNDESLIGA,2022-23,LEAGUE,,FC Koln,Wolfsburg,0,2,A,Germany,Bundesliga,football-data.co.uk
league_cf018ff36ad4bd6f,2023-02-25,BUNDESLIGA,2022-23,LEAGUE,,FC Schalke 04,Stuttgart,2,1,H,Germany,Bundesliga,football-data.co.uk
league_f8afa4eb312d1701,2023-02-25,BUNDESLIGA,2022-23,LEAGUE,,Hertha,Augsburg,2,0,H,Germany,Bundesliga,football-data.co.uk
league_f696df38d19a0e77,2023-02-25,BUNDESLIGA,2022-23,LEAGUE,,Hoffenheim,Borussia Dortmund,0,1,A,Germany,Bundesliga,football-data.co.uk
league_02b63fadb9b2f888,2023-02-25,BUNDESLIGA,2022-23,LEAGUE,,RB Leipzig,Eintracht Frankfurt,2,1,H,Germany,Bundesliga,football-data.co.uk
league_9eebf75878fb4e90,2023-02-25,BUNDESLIGA,2022-23,LEAGUE,,Werder Bremen,Bochum,3,0,H,Germany,Bundesliga,football-data.co.uk
league_e8e9b1ae6224004e,2023-02-26,BUNDESLIGA,2022-23,LEAGUE,,FC Bayern München,Union Berlin,3,0,H,Germany,Bundesliga,football-data.co.uk
league_7c739c5507421b4f,2023-02-26,BUNDESLIGA,2022-23,LEAGUE,,Freiburg,Bayer 04 Leverkusen,1,1,D,Germany,Bundesliga,football-data.co.uk
league_ef1ea5926145ecf9,2023-03-03,BUNDESLIGA,2022-23,LEAGUE,,Borussia Dortmund,RB Leipzig,2,1,H,Germany,Bundesliga,football-data.co.uk
league_bfecbc053cc9d366,2023-03-04,BUNDESLIGA,2022-23,LEAGUE,,Augsburg,Werder Bremen,2,1,H,Germany,Bundesliga,football-data.co.uk
league_8bc5d7b398bf945d,2023-03-04,BUNDESLIGA,2022-23,LEAGUE,,Bochum,FC Schalke 04,0,2,A,Germany,Bundesliga,football-data.co.uk
league_2a6a678a5a8d56d1,2023-03-04,BUNDESLIGA,2022-23,LEAGUE,,Borussia Mönchengladbach,Freiburg,0,0,D,Germany,Bundesliga,football-data.co.uk
league_71aeb6bb04308f75,2023-03-04,BUNDESLIGA,2022-23,LEAGUE,,FSV Mainz 05,Hoffenheim,1,0,H,Germany,Bundesliga,football-data.co.uk
league_e87de908d3a56e0e,2023-03-04,BUNDESLIGA,2022-23,LEAGUE,,Stuttgart,FC Bayern München,1,2,A,Germany,Bundesliga,football-data.co.uk
league_d90789d7f9efd3e2,2023-03-04,BUNDESLIGA,2022-23,LEAGUE,,Union Berlin,FC Koln,0,0,D,Germany,Bundesliga,football-data.co.uk
league_4a698e56970b415b,2023-03-05,BUNDESLIGA,2022-23,LEAGUE,,Bayer 04 Leverkusen,Hertha,4,1,H,Germany,Bundesliga,football-data.co.uk
league_60ade39cc33ac928,2023-03-05,BUNDESLIGA,2022-23,LEAGUE,,Wolfsburg,Eintracht Frankfurt,2,2,D,Germany,Bundesliga,football-data.co.uk
league_49c21ad6a8b7fc56,2023-03-10,BUNDESLIGA,2022-23,LEAGUE,,FC Koln,Bochum,0,2,A,Germany,Bundesliga,football-data.co.uk
league_1c1c31a65b2cf5b1,2023-03-11,BUNDESLIGA,2022-23,LEAGUE,,Eintracht Frankfurt,Stuttgart,1,1,D,Germany,Bundesliga,football-data.co.uk
league_9f7d72487c6e51b6,2023-03-11,BUNDESLIGA,2022-23,LEAGUE,,FC Bayern München,Augsburg,5,3,H,Germany,Bundesliga,football-data.co.uk
league_38462f06fb8ab43b,2023-03-11,BUNDESLIGA,2022-23,LEAGUE,,FC Schalke 04,Borussia Dortmund,2,2,D,Germany,Bundesliga,football-data.co.uk
league_dac4eff46e1fe454,2023-03-11,BUNDESLIGA,2022-23,LEAGUE,,Hertha,FSV Mainz 05,1,1,D,Germany,Bundesliga,football-data.co.uk
league_fa20d55609e93a9b,2023-03-11,BUNDESLIGA,2022-23,LEAGUE,,RB Leipzig,Borussia Mönchengladbach,3,0,H,Germany,Bundesliga,football-data.co.uk
league_f3bd2d9cf85b184d,2023-03-12,BUNDESLIGA,2022-23,LEAGUE,,Freiburg,Hoffenheim,2,1,H,Germany,Bundesliga,football-data.co.uk
league_4a33c5ae7bf7b48b,2023-03-12,BUNDESLIGA,2022-23,LEAGUE,,Werder Bremen,Bayer 04 Leverkusen,2,3,A,Germany,Bundesliga,football-data.co.uk
league_9ea59ef58a262917,2023-03-12,BUNDESLIGA,2022-23,LEAGUE,,Wolfsburg,Union Berlin,1,1,D,Germany,Bundesliga,football-data.co.uk
league_f328f25a5c4916ea,2023-03-17,BUNDESLIGA,2022-23,LEAGUE,,Borussia Mönchengladbach,Werder Bremen,2,2,D,Germany,Bundesliga,football-data.co.uk
league_31a168131f9d723f,2023-03-18,BUNDESLIGA,2022-23,LEAGUE,,Augsburg,FC Schalke 04,1,1,D,Germany,Bundesliga,football-data.co.uk
league_de5aae9ab781d6a5,2023-03-18,BUNDESLIGA,2022-23,LEAGUE,,Bochum,RB Leipzig,1,0,H,Germany,Bundesliga,football-data.co.uk
league_cef99f4f01672e04,2023-03-18,BUNDESLIGA,2022-23,LEAGUE,,Borussia Dortmund,FC Koln,6,1,H,Germany,Bundesliga,football-data.co.uk
league_2e8ade418cab1f12,2023-03-18,BUNDESLIGA,2022-23,LEAGUE,,Hoffenheim,Hertha,3,1,H,Germany,Bundesliga,football-data.co.uk
league_8a1330708b6875a1,2023-03-18,BUNDESLIGA,2022-23,LEAGUE,,Stuttgart,Wolfsburg,0,1,A,Germany,Bundesliga,football-data.co.uk
league_23caef39d8a3d824,2023-03-19,BUNDESLIGA,2022-23,LEAGUE,,Bayer 04 Leverkusen,FC Bayern München,2,1,H,Germany,Bundesliga,football-data.co.uk
league_c3c8b2df0366dbf8,2023-03-19,BUNDESLIGA,2022-23,LEAGUE,,FSV Mainz 05,Freiburg,1,1,D,Germany,Bundesliga,football-data.co.uk
league_7e87fd4a96b8d23e,2023-03-19,BUNDESLIGA,2022-23,LEAGUE,,Union Berlin,Eintracht Frankfurt,2,0,H,Germany,Bundesliga,football-data.co.uk
league_46a8b26bddbed958,2023-03-31,BUNDESLIGA,2022-23,LEAGUE,,Eintracht Frankfurt,Bochum,1,1,D,Germany,Bundesliga,football-data.co.uk
league_db9a9702968d3e0a,2023-04-01,BUNDESLIGA,2022-23,LEAGUE,,FC Bayern München,Borussia Dortmund,4,2,H,Germany,Bundesliga,football-data.co.uk
league_e0e0e77f37b624dd,2023-04-01,BUNDESLIGA,2022-23,LEAGUE,,FC Schalke 04,Bayer 04 Leverkusen,0,3,A,Germany,Bundesliga,football-data.co.uk
league_c63409e6c872a61f,2023-04-01,BUNDESLIGA,2022-23,LEAGUE,,Freiburg,Hertha,1,1,D,Germany,Bundesliga,football-data.co.uk
league_cb007af4307bcf51,2023-04-01,BUNDESLIGA,2022-23,LEAGUE,,RB Leipzig,FSV Mainz 05,0,3,A,Germany,Bundesliga,football-data.co.uk
league_1dd59e055acb66a9,2023-04-01,BUNDESLIGA,2022-23,LEAGUE,,Union Berlin,Stuttgart,3,0,H,Germany,Bundesliga,football-data.co.uk
league_58bd112b6c3f437f,2023-04-01,BUNDESLIGA,2022-23,LEAGUE,,Wolfsburg,Augsburg,2,2,D,Germany,Bundesliga,football-data.co.uk
league_b5457170acafc93d,2023-04-02,BUNDESLIGA,2022-23,LEAGUE,,FC Koln,Borussia Mönchengladbach,0,0,D,Germany,Bundesliga,football-data.co.uk
league_761560098d19f56f,2023-04-02,BUNDESLIGA,2022-23,LEAGUE,,Werder Bremen,Hoffenheim,1,2,A,Germany,Bundesliga,football-data.co.uk
league_f58772424517fbb4,2023-04-08,BUNDESLIGA,2022-23,LEAGUE,,Augsburg,FC Koln,1,3,A,Germany,Bundesliga,football-data.co.uk
league_cc5cfef254010e83,2023-04-08,BUNDESLIGA,2022-23,LEAGUE,,Bayer 04 Leverkusen,Eintracht Frankfurt,3,1,H,Germany,Bundesliga,football-data.co.uk
league_446e8aef6bd69232,2023-04-08,BUNDESLIGA,2022-23,LEAGUE,,Borussia Dortmund,Union Berlin,2,1,H,Germany,Bundesliga,football-data.co.uk
league_0962542ff492d89d,2023-04-08,BUNDESLIGA,2022-23,LEAGUE,,FSV Mainz 05,Werder Bremen,2,2,D,Germany,Bundesliga,football-data.co.uk
league_6e68d0ea78cd2d65,2023-04-08,BUNDESLIGA,2022-23,LEAGUE,,Freiburg,FC Bayern München,0,1,A,Germany,Bundesliga,football-data.co.uk
league_2d1e2a5dfa4f8006,2023-04-08,BUNDESLIGA,2022-23,LEAGUE,,Hertha,RB Leipzig,0,1,A,Germany,Bundesliga,football-data.co.uk
league_de3986846129bdfa,2023-04-09,BUNDESLIGA,2022-23,LEAGUE,,Bochum,Stuttgart,2,3,A,Germany,Bundesliga,football-data.co.uk
league_7b5c5125d4351f75,2023-04-09,BUNDESLIGA,2022-23,LEAGUE,,Borussia Mönchengladbach,Wolfsburg,2,0,H,Germany,Bundesliga,football-data.co.uk
league_c92036acb6b4564c,2023-04-09,BUNDESLIGA,2022-23,LEAGUE,,Hoffenheim,FC Schalke 04,2,0,H,Germany,Bundesliga,football-data.co.uk
league_e4d812c35371b259,2023-04-14,BUNDESLIGA,2022-23,LEAGUE,,FC Schalke 04,Hertha,5,2,H,Germany,Bundesliga,football-data.co.uk
league_7f066c322cc4a21d,2023-04-15,BUNDESLIGA,2022-23,LEAGUE,,Eintracht Frankfurt,Borussia Mönchengladbach,1,1,D,Germany,Bundesliga,football-data.co.uk
league_083fcfbaedd52041,2023-04-15,BUNDESLIGA,2022-23,LEAGUE,,FC Bayern München,Hoffenheim,1,1,D,Germany,Bundesliga,football-data.co.uk
league_2973fd1c2c89f32e,2023-04-15,BUNDESLIGA,2022-23,LEAGUE,,FC Koln,FSV Mainz 05,1,1,D,Germany,Bundesliga,football-data.co.uk
league_fb8c57f32337ec61,2023-04-15,BUNDESLIGA,2022-23,LEAGUE,,RB Leipzig,Augsburg,3,2,H,Germany,Bundesliga,football-data.co.uk
league_55279eb9fa34d0df,2023-04-15,BUNDESLIGA,2022-23,LEAGUE,,Stuttgart,Borussia Dortmund,3,3,D,Germany,Bundesliga,football-data.co.uk
league_28e94c366ab2de26,2023-04-16,BUNDESLIGA,2022-23,LEAGUE,,Union Berlin,Bochum,1,1,D,Germany,Bundesliga,football-data.co.uk
league_483f837d583b3694,2023-04-16,BUNDESLIGA,2022-23,LEAGUE,,Werder Bremen,Freiburg,1,2,A,Germany,Bundesliga,football-data.co.uk
league_5086076c0835e6dc,2023-04-16,BUNDESLIGA,2022-23,LEAGUE,,Wolfsburg,Bayer 04 Leverkusen,0,0,D,Germany,Bundesliga,football-data.co.uk
league_ee46f7866684d5b7,2023-04-21,BUNDESLIGA,2022-23,LEAGUE,,Augsburg,Stuttgart,1,1,D,Germany,Bundesliga,football-data.co.uk
league_f77f7096437eb6ea,2023-04-22,BUNDESLIGA,2022-23,LEAGUE,,Bochum,Wolfsburg,1,5,A,Germany,Bundesliga,football-data.co.uk
league_1163457437cb570f,2023-04-22,BUNDESLIGA,2022-23,LEAGUE,,Borussia Dortmund,Eintracht Frankfurt,4,0,H,Germany,Bundesliga,football-data.co.uk
league_97b1415ef0385af9,2023-04-22,BUNDESLIGA,2022-23,LEAGUE,,FSV Mainz 05,FC Bayern München,3,1,H,Germany,Bundesliga,football-data.co.uk
league_825f09c2cea181f7,2023-04-22,BUNDESLIGA,2022-23,LEAGUE,,Hertha,Werder Bremen,2,4,A,Germany,Bundesliga,football-data.co.uk
league_15e6a8aaa6e2ec3a,2023-04-22,BUNDESLIGA,2022-23,LEAGUE,,Hoffenheim,FC Koln,1,3,A,Germany,Bundesliga,football-data.co.uk
league_aaba6a3aa11ed513,2023-04-23,BUNDESLIGA,2022-23,LEAGUE,,Bayer 04 Leverkusen,RB Leipzig,2,0,H,Germany,Bundesliga,football-data.co.uk
league_ece07d20da1882f6,2023-04-23,BUNDESLIGA,2022-23,LEAGUE,,Borussia Mönchengladbach,Union Berlin,0,1,A,Germany,Bundesliga,football-data.co.uk
league_56cfb1dcf5092436,2023-04-23,BUNDESLIGA,2022-23,LEAGUE,,Freiburg,FC Schalke 04,4,0,H,Germany,Bundesliga,football-data.co.uk
league_61f10376d45d9303,2023-04-28,BUNDESLIGA,2022-23,LEAGUE,,Bochum,Borussia Dortmund,1,1,D,Germany,Bundesliga,football-data.co.uk
league_49860195ea6bb8ae,2023-04-29,BUNDESLIGA,2022-23,LEAGUE,,Eintracht Frankfurt,Augsburg,1,1,D,Germany,Bundesliga,football-data.co.uk
league_6ea418bd7a5f428a,2023-04-29,BUNDESLIGA,2022-23,LEAGUE,,FC Koln,Freiburg,0,1,A,Germany,Bundesliga,football-data.co.uk
league_e04f2ac4e457fee8,2023-04-29,BUNDESLIGA,2022-23,LEAGUE,,FC Schalke 04,Werder Bremen,2,1,H,Germany,Bundesliga,football-data.co.uk
league_789f0755ac05704d,2023-04-29,BUNDESLIGA,2022-23,LEAGUE,,RB Leipzig,Hoffenheim,1,0,H,Germany,Bundesliga,football-data.co.uk
league_19a7e7b2ab441bc1,2023-04-29,BUNDESLIGA,2022-23,LEAGUE,,Stuttgart,Borussia Mönchengladbach,2,1,H,Germany,Bundesliga,football-data.co.uk
league_13c0e4c1e1775311,2023-04-29,BUNDESLIGA,2022-23,LEAGUE,,Union Berlin,Bayer 04 Leverkusen,0,0,D,Germany,Bundesliga,football-data.co.uk
league_7a00eb65974cc3c3,2023-04-30,BUNDESLIGA,2022-23,LEAGUE,,FC Bayern München,Hertha,2,0,H,Germany,Bundesliga,football-data.co.uk
league_4d10ba6a21389a78,2023-04-30,BUNDESLIGA,2022-23,LEAGUE,,Wolfsburg,FSV Mainz 05,3,0,H,Germany,Bundesliga,football-data.co.uk
league_2a6fa35fd0aea877,2023-05-05,BUNDESLIGA,2022-23,LEAGUE,,Bayer 04 Leverkusen,FC Koln,1,2,A,Germany,Bundesliga,football-data.co.uk
league_334a13ed536042c9,2023-05-05,BUNDESLIGA,2022-23,LEAGUE,,FSV Mainz 05,FC Schalke 04,2,3,A,Germany,Bundesliga,football-data.co.uk
league_32e9bc0ad599c34d,2023-05-06,BUNDESLIGA,2022-23,LEAGUE,,Augsburg,Union Berlin,1,0,H,Germany,Bundesliga,football-data.co.uk
league_9b74ea152078d59b,2023-05-06,BUNDESLIGA,2022-23,LEAGUE,,Borussia Mönchengladbach,Bochum,2,0,H,Germany,Bundesliga,football-data.co.uk
league_1b0f1f02f2bf6bcf,2023-05-06,BUNDESLIGA,2022-23,LEAGUE,,Freiburg,RB Leipzig,0,1,A,Germany,Bundesliga,football-data.co.uk
league_6861e33a3f3f8197,2023-05-06,BUNDESLIGA,2022-23,LEAGUE,,Hertha,Stuttgart,2,1,H,Germany,Bundesliga,football-data.co.uk
league_78c6b2bcaaf3673f,2023-05-06,BUNDESLIGA,2022-23,LEAGUE,,Hoffenheim,Eintracht Frankfurt,3,1,H,Germany,Bundesliga,football-data.co.uk
league_286d47c08c22cddc,2023-05-06,BUNDESLIGA,2022-23,LEAGUE,,Werder Bremen,FC Bayern München,1,2,A,Germany,Bundesliga,football-data.co.uk
league_2fe45e0f8c8085dc,2023-05-07,BUNDESLIGA,2022-23,LEAGUE,,Borussia Dortmund,Wolfsburg,6,0,H,Germany,Bundesliga,football-data.co.uk
league_e6e3c69edffa9b00,2023-05-12,BUNDESLIGA,2022-23,LEAGUE,,FC Koln,Hertha,5,2,H,Germany,Bundesliga,football-data.co.uk
league_898ad2c212190e70,2023-05-13,BUNDESLIGA,2022-23,LEAGUE,,Bochum,Augsburg,3,2,H,Germany,Bundesliga,football-data.co.uk
league_33d530df2faa7f78,2023-05-13,BUNDESLIGA,2022-23,LEAGUE,,Borussia Dortmund,Borussia Mönchengladbach,5,2,H,Germany,Bundesliga,football-data.co.uk
league_cf40d111101a8ef1,2023-05-13,BUNDESLIGA,2022-23,LEAGUE,,Eintracht Frankfurt,FSV Mainz 05,3,0,H,Germany,Bundesliga,football-data.co.uk
league_a0304811aa0c5efe,2023-05-13,BUNDESLIGA,2022-23,LEAGUE,,FC Bayern München,FC Schalke 04,6,0,H,Germany,Bundesliga,football-data.co.uk
league_2ce12d5eda7f58dc,2023-05-13,BUNDESLIGA,2022-23,LEAGUE,,Union Berlin,Freiburg,4,2,H,Germany,Bundesliga,football-data.co.uk
league_15c174df44f1d358,2023-05-13,BUNDESLIGA,2022-23,LEAGUE,,Wolfsburg,Hoffenheim,2,1,H,Germany,Bundesliga,football-data.co.uk
league_328cac19d1c325a0,2023-05-14,BUNDESLIGA,2022-23,LEAGUE,,RB Leipzig,Werder Bremen,2,1,H,Germany,Bundesliga,football-data.co.uk
league_401639f677407854,2023-05-14,BUNDESLIGA,2022-23,LEAGUE,,Stuttgart,Bayer 04 Leverkusen,1,1,D,Germany,Bundesliga,football-data.co.uk
league_2501eef176df9581,2023-05-19,BUNDESLIGA,2022-23,LEAGUE,,Freiburg,Wolfsburg,2,0,H,Germany,Bundesliga,football-data.co.uk
league_2b9e81498230f043,2023-05-20,BUNDESLIGA,2022-23,LEAGUE,,FC Bayern München,RB Leipzig,1,3,A,Germany,Bundesliga,football-data.co.uk
league_904941c6ef3f24a1,2023-05-20,BUNDESLIGA,2022-23,LEAGUE,,FC Schalke 04,Eintracht Frankfurt,2,2,D,Germany,Bundesliga,football-data.co.uk
league_14540f46ce125147,2023-05-20,BUNDESLIGA,2022-23,LEAGUE,,Hertha,Bochum,1,1,D,Germany,Bundesliga,football-data.co.uk
league_5f7ab01f267c7de7,2023-05-20,BUNDESLIGA,2022-23,LEAGUE,,Hoffenheim,Union Berlin,4,2,H,Germany,Bundesliga,football-data.co.uk
league_cc08ccdc4834dade,2023-05-20,BUNDESLIGA,2022-23,LEAGUE,,Werder Bremen,FC Koln,1,1,D,Germany,Bundesliga,football-data.co.uk
league_2527cf0c4b37a6fd,2023-05-21,BUNDESLIGA,2022-23,LEAGUE,,Augsburg,Borussia Dortmund,0,3,A,Germany,Bundesliga,football-data.co.uk
league_b1173d81998a82ee,2023-05-21,BUNDESLIGA,2022-23,LEAGUE,,Bayer 04 Leverkusen,Borussia Mönchengladbach,2,2,D,Germany,Bundesliga,football-data.co.uk
league_a9e672f6292b266e,2023-05-21,BUNDESLIGA,2022-23,LEAGUE,,FSV Mainz 05,Stuttgart,1,4,A,Germany,Bundesliga,football-data.co.uk
league_01ed0cff1be9601b,2023-05-27,BUNDESLIGA,2022-23,LEAGUE,,Bochum,Bayer 04 Leverkusen,3,0,H,Germany,Bundesliga,football-data.co.uk
league_ac438f21d3c7eecf,2023-05-27,BUNDESLIGA,2022-23,LEAGUE,,Borussia Dortmund,FSV Mainz 05,2,2,D,Germany,Bundesliga,football-data.co.uk
league_426969dd2bbb8a55,2023-05-27,BUNDESLIGA,2022-23,LEAGUE,,Borussia Mönchengladbach,Augsburg,2,0,H,Germany,Bundesliga,football-data.co.uk
league_32e49956cda6c089,2023-05-27,BUNDESLIGA,2022-23,LEAGUE,,Eintracht Frankfurt,Freiburg,2,1,H,Germany,Bundesliga,football-data.co.uk
league_7f0cc12ddd02d4f1,2023-05-27,BUNDESLIGA,2022-23,LEAGUE,,FC Koln,FC Bayern München,1,2,A,Germany,Bundesliga,football-data.co.uk
league_10d3821756f6bad6,2023-05-27,BUNDESLIGA,2022-23,LEAGUE,,RB Leipzig,FC Schalke 04,4,2,H,Germany,Bundesliga,football-data.co.uk
league_d89b234eb59649a6,2023-05-27,BUNDESLIGA,2022-23,LEAGUE,,Stuttgart,Hoffenheim,1,1,D,Germany,Bundesliga,football-data.co.uk
league_367673267a570453,2023-05-27,BUNDESLIGA,2022-23,LEAGUE,,Union Berlin,Werder Bremen,1,0,H,Germany,Bundesliga,football-data.co.uk
league_87a83a3435bdf2d6,2023-05-27,BUNDESLIGA,2022-23,LEAGUE,,Wolfsburg,Hertha,1,2,A,Germany,Bundesliga,football-data.co.uk
league_c56b6865b64bc009,2023-08-18,BUNDESLIGA,2023-24,LEAGUE,,Werder Bremen,FC Bayern München,0,4,A,Germany,Bundesliga,football-data.co.uk
league_e8827971de0e0d5f,2023-08-19,BUNDESLIGA,2023-24,LEAGUE,,Augsburg,Borussia Mönchengladbach,4,4,D,Germany,Bundesliga,football-data.co.uk
league_96688ff060cf842a,2023-08-19,BUNDESLIGA,2023-24,LEAGUE,,Bayer 04 Leverkusen,RB Leipzig,3,2,H,Germany,Bundesliga,football-data.co.uk
league_7ba27a44464eb487,2023-08-19,BUNDESLIGA,2023-24,LEAGUE,,Borussia Dortmund,FC Koln,1,0,H,Germany,Bundesliga,football-data.co.uk
league_67cb7412fbba3b31,2023-08-19,BUNDESLIGA,2023-24,LEAGUE,,Hoffenheim,Freiburg,1,2,A,Germany,Bundesliga,football-data.co.uk
league_66060332d1583a76,2023-08-19,BUNDESLIGA,2023-24,LEAGUE,,Stuttgart,Bochum,5,0,H,Germany,Bundesliga,football-data.co.uk
league_efce2311efaae217,2023-08-19,BUNDESLIGA,2023-24,LEAGUE,,Wolfsburg,Heidenheim,2,0,H,Germany,Bundesliga,football-data.co.uk
league_f8b4ce73de07a2c6,2023-08-20,BUNDESLIGA,2023-24,LEAGUE,,Eintracht Frankfurt,Darmstadt,1,0,H,Germany,Bundesliga,football-data.co.uk
league_324e58c630d05db0,2023-08-20,BUNDESLIGA,2023-24,LEAGUE,,Union Berlin,FSV Mainz 05,4,1,H,Germany,Bundesliga,football-data.co.uk
league_052109e3881a9a15,2023-08-25,BUNDESLIGA,2023-24,LEAGUE,,RB Leipzig,Stuttgart,5,1,H,Germany,Bundesliga,football-data.co.uk
league_5ab1e4d4e5facc1c,2023-08-26,BUNDESLIGA,2023-24,LEAGUE,,Bochum,Borussia Dortmund,1,1,D,Germany,Bundesliga,football-data.co.uk
league_a761f802339df3c8,2023-08-26,BUNDESLIGA,2023-24,LEAGUE,,Borussia Mönchengladbach,Bayer 04 Leverkusen,0,3,A,Germany,Bundesliga,football-data.co.uk
league_ef041d68c94fc7cb,2023-08-26,BUNDESLIGA,2023-24,LEAGUE,,Darmstadt,Union Berlin,1,4,A,Germany,Bundesliga,football-data.co.uk
league_0227f6bb60d72471,2023-08-26,BUNDESLIGA,2023-24,LEAGUE,,FC Koln,Wolfsburg,1,2,A,Germany,Bundesliga,football-data.co.uk
league_ec8bc4e774615490,2023-08-26,BUNDESLIGA,2023-24,LEAGUE,,Freiburg,Werder Bremen,1,0,H,Germany,Bundesliga,football-data.co.uk
league_e228c6f16f28acfc,2023-08-26,BUNDESLIGA,2023-24,LEAGUE,,Heidenheim,Hoffenheim,2,3,A,Germany,Bundesliga,football-data.co.uk
league_623e96b4738036fc,2023-08-27,BUNDESLIGA,2023-24,LEAGUE,,FC Bayern München,Augsburg,3,1,H,Germany,Bundesliga,football-data.co.uk
league_942d1e97fa4ef826,2023-08-27,BUNDESLIGA,2023-24,LEAGUE,,FSV Mainz 05,Eintracht Frankfurt,1,1,D,Germany,Bundesliga,football-data.co.uk
league_84cbdaf6650a3c86,2023-09-01,BUNDESLIGA,2023-24,LEAGUE,,Borussia Dortmund,Heidenheim,2,2,D,Germany,Bundesliga,football-data.co.uk
league_1cdc5c50f0485f4e,2023-09-02,BUNDESLIGA,2023-24,LEAGUE,,Augsburg,Bochum,2,2,D,Germany,Bundesliga,football-data.co.uk
league_d777878eb5245231,2023-09-02,BUNDESLIGA,2023-24,LEAGUE,,Bayer 04 Leverkusen,Darmstadt,5,1,H,Germany,Bundesliga,football-data.co.uk
league_b88006e1d78d82c0,2023-09-02,BUNDESLIGA,2023-24,LEAGUE,,Borussia Mönchengladbach,FC Bayern München,1,2,A,Germany,Bundesliga,football-data.co.uk
league_16ea9e3c667eb64a,2023-09-02,BUNDESLIGA,2023-24,LEAGUE,,Hoffenheim,Wolfsburg,3,1,H,Germany,Bundesliga,football-data.co.uk
league_2ea6f95054ed97e9,2023-09-02,BUNDESLIGA,2023-24,LEAGUE,,Stuttgart,Freiburg,5,0,H,Germany,Bundesliga,football-data.co.uk
league_6a886f39be89e801,2023-09-02,BUNDESLIGA,2023-24,LEAGUE,,Werder Bremen,FSV Mainz 05,4,0,H,Germany,Bundesliga,football-data.co.uk
league_445c14d0a464d051,2023-09-03,BUNDESLIGA,2023-24,LEAGUE,,Eintracht Frankfurt,FC Koln,1,1,D,Germany,Bundesliga,football-data.co.uk
league_ae1fef4153e00660,2023-09-03,BUNDESLIGA,2023-24,LEAGUE,,Union Berlin,RB Leipzig,0,3,A,Germany,Bundesliga,football-data.co.uk
league_b233faf1f2480d20,2023-09-15,BUNDESLIGA,2023-24,LEAGUE,,FC Bayern München,Bayer 04 Leverkusen,2,2,D,Germany,Bundesliga,football-data.co.uk
league_b6e5ef18abe43db9,2023-09-16,BUNDESLIGA,2023-24,LEAGUE,,Bochum,Eintracht Frankfurt,1,1,D,Germany,Bundesliga,football-data.co.uk
league_43b2a9a62f452f35,2023-09-16,BUNDESLIGA,2023-24,LEAGUE,,FC Koln,Hoffenheim,1,3,A,Germany,Bundesliga,football-data.co.uk
league_efd877e2afb8dcb9,2023-09-16,BUNDESLIGA,2023-24,LEAGUE,,FSV Mainz 05,Stuttgart,1,3,A,Germany,Bundesliga,football-data.co.uk
league_472e452499144cc5,2023-09-16,BUNDESLIGA,2023-24,LEAGUE,,Freiburg,Borussia Dortmund,2,4,A,Germany,Bundesliga,football-data.co.uk
league_279380e322dfb29c,2023-09-16,BUNDESLIGA,2023-24,LEAGUE,,RB Leipzig,Augsburg,3,0,H,Germany,Bundesliga,football-data.co.uk
league_ed2052bebc146681,2023-09-16,BUNDESLIGA,2023-24,LEAGUE,,Wolfsburg,Union Berlin,2,1,H,Germany,Bundesliga,football-data.co.uk
league_9d6ef96a55795c0a,2023-09-17,BUNDESLIGA,2023-24,LEAGUE,,Darmstadt,Borussia Mönchengladbach,3,3,D,Germany,Bundesliga,football-data.co.uk
league_f21090555c50cce8,2023-09-17,BUNDESLIGA,2023-24,LEAGUE,,Heidenheim,Werder Bremen,4,2,H,Germany,Bundesliga,football-data.co.uk
league_dbb9053873e8d521,2023-09-22,BUNDESLIGA,2023-24,LEAGUE,,Stuttgart,Darmstadt,3,1,H,Germany,Bundesliga,football-data.co.uk
league_b4eb3efc4997873a,2023-09-23,BUNDESLIGA,2023-24,LEAGUE,,Augsburg,FSV Mainz 05,2,1,H,Germany,Bundesliga,football-data.co.uk
league_cc11fa4ee245f745,2023-09-23,BUNDESLIGA,2023-24,LEAGUE,,Borussia Dortmund,Wolfsburg,1,0,H,Germany,Bundesliga,football-data.co.uk
league_3dab3c4298dada2e,2023-09-23,BUNDESLIGA,2023-24,LEAGUE,,Borussia Mönchengladbach,RB Leipzig,0,1,A,Germany,Bundesliga,football-data.co.uk
league_f1c7007273755010,2023-09-23,BUNDESLIGA,2023-24,LEAGUE,,FC Bayern München,Bochum,7,0,H,Germany,Bundesliga,football-data.co.uk
league_4b970bc7f5c6ef37,2023-09-23,BUNDESLIGA,2023-24,LEAGUE,,Union Berlin,Hoffenheim,0,2,A,Germany,Bundesliga,football-data.co.uk
league_586a5d1d619dcc13,2023-09-23,BUNDESLIGA,2023-24,LEAGUE,,Werder Bremen,FC Koln,2,1,H,Germany,Bundesliga,football-data.co.uk
league_417e2c223e02a3fb,2023-09-24,BUNDESLIGA,2023-24,LEAGUE,,Bayer 04 Leverkusen,Heidenheim,4,1,H,Germany,Bundesliga,football-data.co.uk
league_5a6eb7a92412f4ba,2023-09-24,BUNDESLIGA,2023-24,LEAGUE,,Eintracht Frankfurt,Freiburg,0,0,D,Germany,Bundesliga,football-data.co.uk
league_b2c34c8753e08379,2023-09-29,BUNDESLIGA,2023-24,LEAGUE,,Hoffenheim,Borussia Dortmund,1,3,A,Germany,Bundesliga,football-data.co.uk
league_e75ff9ac90d40d77,2023-09-30,BUNDESLIGA,2023-24,LEAGUE,,Bochum,Borussia Mönchengladbach,1,3,A,Germany,Bundesliga,football-data.co.uk
league_fe59f30f215e871d,2023-09-30,BUNDESLIGA,2023-24,LEAGUE,,FC Koln,Stuttgart,0,2,A,Germany,Bundesliga,football-data.co.uk
league_268abf72f4ff4252,2023-09-30,BUNDESLIGA,2023-24,LEAGUE,,FSV Mainz 05,Bayer 04 Leverkusen,0,3,A,Germany,Bundesliga,football-data.co.uk
league_2433a94eb8fe8a26,2023-09-30,BUNDESLIGA,2023-24,LEAGUE,,Heidenheim,Union Berlin,1,0,H,Germany,Bundesliga,football-data.co.uk
league_0354fe7e9f6ccbd7,2023-09-30,BUNDESLIGA,2023-24,LEAGUE,,RB Leipzig,FC Bayern München,2,2,D,Germany,Bundesliga,football-data.co.uk
league_51c7e4a672f6a28b,2023-09-30,BUNDESLIGA,2023-24,LEAGUE,,Wolfsburg,Eintracht Frankfurt,2,0,H,Germany,Bundesliga,football-data.co.uk
league_31a28afe2591afb5,2023-10-01,BUNDESLIGA,2023-24,LEAGUE,,Darmstadt,Werder Bremen,4,2,H,Germany,Bundesliga,football-data.co.uk
league_7b25d6f49f557e8b,2023-10-01,BUNDESLIGA,2023-24,LEAGUE,,Freiburg,Augsburg,2,0,H,Germany,Bundesliga,football-data.co.uk
league_d7077f19837732c6,2023-10-06,BUNDESLIGA,2023-24,LEAGUE,,Borussia Mönchengladbach,FSV Mainz 05,2,2,D,Germany,Bundesliga,football-data.co.uk
league_e428a850f201b611,2023-10-07,BUNDESLIGA,2023-24,LEAGUE,,Augsburg,Darmstadt,1,2,A,Germany,Bundesliga,football-data.co.uk
league_87fbf79c7917377a,2023-10-07,BUNDESLIGA,2023-24,LEAGUE,,Borussia Dortmund,Union Berlin,4,2,H,Germany,Bundesliga,football-data.co.uk
league_f1289084e7ff3fab,2023-10-07,BUNDESLIGA,2023-24,LEAGUE,,RB Leipzig,Bochum,0,0,D,Germany,Bundesliga,football-data.co.uk
league_d9aa511fba5ab016,2023-10-07,BUNDESLIGA,2023-24,LEAGUE,,Stuttgart,Wolfsburg,3,1,H,Germany,Bundesliga,football-data.co.uk
league_74003a2b3497fd74,2023-10-07,BUNDESLIGA,2023-24,LEAGUE,,Werder Bremen,Hoffenheim,2,3,A,Germany,Bundesliga,football-data.co.uk
league_74b1e953c05df1af,2023-10-08,BUNDESLIGA,2023-24,LEAGUE,,Bayer 04 Leverkusen,FC Koln,3,0,H,Germany,Bundesliga,football-data.co.uk
league_6d1561de711c5a92,2023-10-08,BUNDESLIGA,2023-24,LEAGUE,,Eintracht Frankfurt,Heidenheim,2,0,H,Germany,Bundesliga,football-data.co.uk
league_aecba315e62cf89f,2023-10-08,BUNDESLIGA,2023-24,LEAGUE,,FC Bayern München,Freiburg,3,0,H,Germany,Bundesliga,football-data.co.uk
league_b0475870b13a1645,2023-10-20,BUNDESLIGA,2023-24,LEAGUE,,Borussia Dortmund,Werder Bremen,1,0,H,Germany,Bundesliga,football-data.co.uk
league_d895cc1e7e9631c7,2023-10-21,BUNDESLIGA,2023-24,LEAGUE,,Darmstadt,RB Leipzig,1,3,A,Germany,Bundesliga,football-data.co.uk
league_b0b94610f8e14354,2023-10-21,BUNDESLIGA,2023-24,LEAGUE,,FSV Mainz 05,FC Bayern München,1,3,A,Germany,Bundesliga,football-data.co.uk
league_602d51f366b123fe,2023-10-21,BUNDESLIGA,2023-24,LEAGUE,,Freiburg,Bochum,2,1,H,Germany,Bundesliga,football-data.co.uk
league_ba7275a09c533ca3,2023-10-21,BUNDESLIGA,2023-24,LEAGUE,,Hoffenheim,Eintracht Frankfurt,1,3,A,Germany,Bundesliga,football-data.co.uk
league_de3443ffa69794bb,2023-10-21,BUNDESLIGA,2023-24,LEAGUE,,Union Berlin,Stuttgart,0,3,A,Germany,Bundesliga,football-data.co.uk
league_b6eb6fbc1ee322df,2023-10-21,BUNDESLIGA,2023-24,LEAGUE,,Wolfsburg,Bayer 04 Leverkusen,1,2,A,Germany,Bundesliga,football-data.co.uk
league_30c0fab326960e3a,2023-10-22,BUNDESLIGA,2023-24,LEAGUE,,FC Koln,Borussia Mönchengladbach,3,1,H,Germany,Bundesliga,football-data.co.uk
league_5fcb9f68b8e64d25,2023-10-22,BUNDESLIGA,2023-24,LEAGUE,,Heidenheim,Augsburg,2,5,A,Germany,Bundesliga,football-data.co.uk
league_6658e86c7f1c1152,2023-10-27,BUNDESLIGA,2023-24,LEAGUE,,Bochum,FSV Mainz 05,2,2,D,Germany,Bundesliga,football-data.co.uk
league_1c170912e3cd51ed,2023-10-28,BUNDESLIGA,2023-24,LEAGUE,,Augsburg,Wolfsburg,3,2,H,Germany,Bundesliga,football-data.co.uk
league_09524b7dae31344d,2023-10-28,BUNDESLIGA,2023-24,LEAGUE,,Borussia Mönchengladbach,Heidenheim,2,1,H,Germany,Bundesliga,football-data.co.uk
league_64e3c5d52bbeb156,2023-10-28,BUNDESLIGA,2023-24,LEAGUE,,FC Bayern München,Darmstadt,8,0,H,Germany,Bundesliga,football-data.co.uk
league_d09bc28df3e1426b,2023-10-28,BUNDESLIGA,2023-24,LEAGUE,,RB Leipzig,FC Koln,6,0,H,Germany,Bundesliga,football-data.co.uk
league_7a8dd46063326ec0,2023-10-28,BUNDESLIGA,2023-24,LEAGUE,,Stuttgart,Hoffenheim,2,3,A,Germany,Bundesliga,football-data.co.uk
league_6559464e92689628,2023-10-28,BUNDESLIGA,2023-24,LEAGUE,,Werder Bremen,Union Berlin,2,0,H,Germany,Bundesliga,football-data.co.uk
league_12633e244add4ed5,2023-10-29,BUNDESLIGA,2023-24,LEAGUE,,Bayer 04 Leverkusen,Freiburg,2,1,H,Germany,Bundesliga,football-data.co.uk
league_dd070944dabb9015,2023-10-29,BUNDESLIGA,2023-24,LEAGUE,,Eintracht Frankfurt,Borussia Dortmund,3,3,D,Germany,Bundesliga,football-data.co.uk
league_a2aee264f8d371e7,2023-11-03,BUNDESLIGA,2023-24,LEAGUE,,Darmstadt,Bochum,1,2,A,Germany,Bundesliga,football-data.co.uk
league_11ef3e78cefa23fc,2023-11-04,BUNDESLIGA,2023-24,LEAGUE,,Borussia Dortmund,FC Bayern München,0,4,A,Germany,Bundesliga,football-data.co.uk
league_322e108147b1db4c,2023-11-04,BUNDESLIGA,2023-24,LEAGUE,,FC Koln,Augsburg,1,1,D,Germany,Bundesliga,football-data.co.uk
league_da153779121dff8f,2023-11-04,BUNDESLIGA,2023-24,LEAGUE,,FSV Mainz 05,RB Leipzig,2,0,H,Germany,Bundesliga,football-data.co.uk
league_fb9b0f4cb5c09686,2023-11-04,BUNDESLIGA,2023-24,LEAGUE,,Freiburg,Borussia Mönchengladbach,3,3,D,Germany,Bundesliga,football-data.co.uk
league_202a755d0ef01bd9,2023-11-04,BUNDESLIGA,2023-24,LEAGUE,,Hoffenheim,Bayer 04 Leverkusen,2,3,A,Germany,Bundesliga,football-data.co.uk
league_3dcd85d6692ff995,2023-11-04,BUNDESLIGA,2023-24,LEAGUE,,Union Berlin,Eintracht Frankfurt,0,3,A,Germany,Bundesliga,football-data.co.uk
league_0be8233e61e67928,2023-11-05,BUNDESLIGA,2023-24,LEAGUE,,Heidenheim,Stuttgart,2,0,H,Germany,Bundesliga,football-data.co.uk
league_e294deb5bb460e07,2023-11-05,BUNDESLIGA,2023-24,LEAGUE,,Wolfsburg,Werder Bremen,2,2,D,Germany,Bundesliga,football-data.co.uk
league_13abfb5d9f2dd3fd,2023-11-10,BUNDESLIGA,2023-24,LEAGUE,,Borussia Mönchengladbach,Wolfsburg,4,0,H,Germany,Bundesliga,football-data.co.uk
league_b73525262101401c,2023-11-11,BUNDESLIGA,2023-24,LEAGUE,,Augsburg,Hoffenheim,1,1,D,Germany,Bundesliga,football-data.co.uk
league_7c2625a870393532,2023-11-11,BUNDESLIGA,2023-24,LEAGUE,,Bochum,FC Koln,1,1,D,Germany,Bundesliga,football-data.co.uk
league_3254a99c7b056f76,2023-11-11,BUNDESLIGA,2023-24,LEAGUE,,Darmstadt,FSV Mainz 05,0,0,D,Germany,Bundesliga,football-data.co.uk
league_018f287b3725a7ed,2023-11-11,BUNDESLIGA,2023-24,LEAGUE,,FC Bayern München,Heidenheim,4,2,H,Germany,Bundesliga,football-data.co.uk
league_54bad2b106d84918,2023-11-11,BUNDESLIGA,2023-24,LEAGUE,,Stuttgart,Borussia Dortmund,2,1,H,Germany,Bundesliga,football-data.co.uk
league_159e2b627dd3e4cc,2023-11-12,BUNDESLIGA,2023-24,LEAGUE,,Bayer 04 Leverkusen,Union Berlin,4,0,H,Germany,Bundesliga,football-data.co.uk
league_276d1455cac3a7d4,2023-11-12,BUNDESLIGA,2023-24,LEAGUE,,RB Leipzig,Freiburg,3,1,H,Germany,Bundesliga,football-data.co.uk
league_64d7da7344d578b3,2023-11-12,BUNDESLIGA,2023-24,LEAGUE,,Werder Bremen,Eintracht Frankfurt,2,2,D,Germany,Bundesliga,football-data.co.uk
league_41d03a9d9b5c10a3,2023-11-24,BUNDESLIGA,2023-24,LEAGUE,,FC Koln,FC Bayern München,0,1,A,Germany,Bundesliga,football-data.co.uk
league_eb75ae76d15e8e3a,2023-11-25,BUNDESLIGA,2023-24,LEAGUE,,Borussia Dortmund,Borussia Mönchengladbach,4,2,H,Germany,Bundesliga,football-data.co.uk
league_f08c80735f196d30,2023-11-25,BUNDESLIGA,2023-24,LEAGUE,,Eintracht Frankfurt,Stuttgart,1,2,A,Germany,Bundesliga,football-data.co.uk
league_7ee761e85e48e87a,2023-11-25,BUNDESLIGA,2023-24,LEAGUE,,Freiburg,Darmstadt,1,1,D,Germany,Bundesliga,football-data.co.uk
league_20a0abe76f5c7321,2023-11-25,BUNDESLIGA,2023-24,LEAGUE,,Union Berlin,Augsburg,1,1,D,Germany,Bundesliga,football-data.co.uk
league_919af3249533232c,2023-11-25,BUNDESLIGA,2023-24,LEAGUE,,Werder Bremen,Bayer 04 Leverkusen,0,3,A,Germany,Bundesliga,football-data.co.uk
league_097792abd91e3eee,2023-11-25,BUNDESLIGA,2023-24,LEAGUE,,Wolfsburg,RB Leipzig,2,1,H,Germany,Bundesliga,football-data.co.uk
league_419d5057ca94094c,2023-11-26,BUNDESLIGA,2023-24,LEAGUE,,Heidenheim,Bochum,0,0,D,Germany,Bundesliga,football-data.co.uk
league_5ec97accf626acde,2023-11-26,BUNDESLIGA,2023-24,LEAGUE,,Hoffenheim,FSV Mainz 05,1,1,D,Germany,Bundesliga,football-data.co.uk
league_0461052bcdfb0308,2023-12-01,BUNDESLIGA,2023-24,LEAGUE,,Darmstadt,FC Koln,0,1,A,Germany,Bundesliga,football-data.co.uk
league_acc88ee694686942,2023-12-02,BUNDESLIGA,2023-24,LEAGUE,,Bochum,Wolfsburg,3,1,H,Germany,Bundesliga,football-data.co.uk
league_1e8bffe7d73c25d6,2023-12-02,BUNDESLIGA,2023-24,LEAGUE,,Borussia Mönchengladbach,Hoffenheim,2,1,H,Germany,Bundesliga,football-data.co.uk
league_53da3f691a207d50,2023-12-02,BUNDESLIGA,2023-24,LEAGUE,,RB Leipzig,Heidenheim,2,1,H,Germany,Bundesliga,football-data.co.uk
league_1be8deaade5ba959,2023-12-02,BUNDESLIGA,2023-24,LEAGUE,,Stuttgart,Werder Bremen,2,0,H,Germany,Bundesliga,football-data.co.uk
league_cfa8ac329f32e5c3,2023-12-03,BUNDESLIGA,2023-24,LEAGUE,,Augsburg,Eintracht Frankfurt,2,1,H,Germany,Bundesliga,football-data.co.uk
league_f8ae62dadc3cc6fe,2023-12-03,BUNDESLIGA,2023-24,LEAGUE,,Bayer 04 Leverkusen,Borussia Dortmund,1,1,D,Germany,Bundesliga,football-data.co.uk
league_f0c418c96d401a11,2023-12-03,BUNDESLIGA,2023-24,LEAGUE,,FSV Mainz 05,Freiburg,0,1,A,Germany,Bundesliga,football-data.co.uk
league_fb7829b77a133b8e,2023-12-08,BUNDESLIGA,2023-24,LEAGUE,,Hoffenheim,Bochum,3,1,H,Germany,Bundesliga,football-data.co.uk
league_368946f27cc74379,2023-12-09,BUNDESLIGA,2023-24,LEAGUE,,Borussia Dortmund,RB Leipzig,2,3,A,Germany,Bundesliga,football-data.co.uk
league_60479058b435a30e,2023-12-09,BUNDESLIGA,2023-24,LEAGUE,,Eintracht Frankfurt,FC Bayern München,5,1,H,Germany,Bundesliga,football-data.co.uk
league_71ed420f299e1750,2023-12-09,BUNDESLIGA,2023-24,LEAGUE,,Heidenheim,Darmstadt,3,2,H,Germany,Bundesliga,football-data.co.uk
league_9f7641e18287ecf0,2023-12-09,BUNDESLIGA,2023-24,LEAGUE,,Union Berlin,Borussia Mönchengladbach,3,1,H,Germany,Bundesliga,football-data.co.uk
league_659ce505aa4ae195,2023-12-09,BUNDESLIGA,2023-24,LEAGUE,,Werder Bremen,Augsburg,2,0,H,Germany,Bundesliga,football-data.co.uk
league_1cc09634b9303510,2023-12-09,BUNDESLIGA,2023-24,LEAGUE,,Wolfsburg,Freiburg,0,1,A,Germany,Bundesliga,football-data.co.uk
league_ea79fd52d086518b,2023-12-10,BUNDESLIGA,2023-24,LEAGUE,,FC Koln,FSV Mainz 05,0,0,D,Germany,Bundesliga,football-data.co.uk
league_998a20c5b32288af,2023-12-10,BUNDESLIGA,2023-24,LEAGUE,,Stuttgart,Bayer 04 Leverkusen,1,1,D,Germany,Bundesliga,football-data.co.uk
league_e81148aa85414d83,2023-12-15,BUNDESLIGA,2023-24,LEAGUE,,Borussia Mönchengladbach,Werder Bremen,2,2,D,Germany,Bundesliga,football-data.co.uk
league_dd212b19205b4fba,2023-12-16,BUNDESLIGA,2023-24,LEAGUE,,Augsburg,Borussia Dortmund,1,1,D,Germany,Bundesliga,football-data.co.uk
league_be58c6198fa09592,2023-12-16,BUNDESLIGA,2023-24,LEAGUE,,Bochum,Union Berlin,3,0,H,Germany,Bundesliga,football-data.co.uk
league_a4547222707a04cf,2023-12-16,BUNDESLIGA,2023-24,LEAGUE,,Darmstadt,Wolfsburg,0,1,A,Germany,Bundesliga,football-data.co.uk
league_dd22ba097e80c315,2023-12-16,BUNDESLIGA,2023-24,LEAGUE,,FSV Mainz 05,Heidenheim,0,1,A,Germany,Bundesliga,football-data.co.uk
league_a4f599abf0b731e7,2023-12-16,BUNDESLIGA,2023-24,LEAGUE,,RB Leipzig,Hoffenheim,3,1,H,Germany,Bundesliga,football-data.co.uk
league_4fa11264bb1e9ba4,2023-12-17,BUNDESLIGA,2023-24,LEAGUE,,Bayer 04 Leverkusen,Eintracht Frankfurt,3,0,H,Germany,Bundesliga,football-data.co.uk
league_ca5de47b27be28d2,2023-12-17,BUNDESLIGA,2023-24,LEAGUE,,FC Bayern München,Stuttgart,3,0,H,Germany,Bundesliga,football-data.co.uk
league_237ddddde9f7dcb3,2023-12-17,BUNDESLIGA,2023-24,LEAGUE,,Freiburg,FC Koln,2,0,H,Germany,Bundesliga,football-data.co.uk
league_f7d52444158576e6,2023-12-19,BUNDESLIGA,2023-24,LEAGUE,,Borussia Dortmund,FSV Mainz 05,1,1,D,Germany,Bundesliga,football-data.co.uk
league_ac4a3064bdacbfa3,2023-12-19,BUNDESLIGA,2023-24,LEAGUE,,Hoffenheim,Darmstadt,3,3,D,Germany,Bundesliga,football-data.co.uk
league_65427a7610f93242,2023-12-19,BUNDESLIGA,2023-24,LEAGUE,,Werder Bremen,RB Leipzig,1,1,D,Germany,Bundesliga,football-data.co.uk
league_cdd5fa50e86c6bc4,2023-12-20,BUNDESLIGA,2023-24,LEAGUE,,Bayer 04 Leverkusen,Bochum,4,0,H,Germany,Bundesliga,football-data.co.uk
league_9ca6ee8de01483e0,2023-12-20,BUNDESLIGA,2023-24,LEAGUE,,Eintracht Frankfurt,Borussia Mönchengladbach,2,1,H,Germany,Bundesliga,football-data.co.uk
league_a69db5a22c15ba39,2023-12-20,BUNDESLIGA,2023-24,LEAGUE,,Heidenheim,Freiburg,3,2,H,Germany,Bundesliga,football-data.co.uk
league_fdd1ecbe891e2aaa,2023-12-20,BUNDESLIGA,2023-24,LEAGUE,,Stuttgart,Augsburg,3,0,H,Germany,Bundesliga,football-data.co.uk
league_aa729f139d0f7b5c,2023-12-20,BUNDESLIGA,2023-24,LEAGUE,,Union Berlin,FC Koln,2,0,H,Germany,Bundesliga,football-data.co.uk
league_16ac3fb215fe153c,2023-12-20,BUNDESLIGA,2023-24,LEAGUE,,Wolfsburg,FC Bayern München,1,2,A,Germany,Bundesliga,football-data.co.uk
league_b338fe496072bcc3,2024-01-12,BUNDESLIGA,2023-24,LEAGUE,,FC Bayern München,Hoffenheim,3,0,H,Germany,Bundesliga,football-data.co.uk
league_62354b9ddcbbcd19,2024-01-13,BUNDESLIGA,2023-24,LEAGUE,,Augsburg,Bayer 04 Leverkusen,0,1,A,Germany,Bundesliga,football-data.co.uk
league_062c59caf6812bc4,2024-01-13,BUNDESLIGA,2023-24,LEAGUE,,Darmstadt,Borussia Dortmund,0,3,A,Germany,Bundesliga,football-data.co.uk
league_501e6696624addcd,2024-01-13,BUNDESLIGA,2023-24,LEAGUE,,FC Koln,Heidenheim,1,1,D,Germany,Bundesliga,football-data.co.uk
league_dac7a3bb407dc196,2024-01-13,BUNDESLIGA,2023-24,LEAGUE,,FSV Mainz 05,Wolfsburg,1,1,D,Germany,Bundesliga,football-data.co.uk
league_8221b7d5dbd65d54,2024-01-13,BUNDESLIGA,2023-24,LEAGUE,,Freiburg,Union Berlin,0,0,D,Germany,Bundesliga,football-data.co.uk
league_e9fdc584f57725bf,2024-01-13,BUNDESLIGA,2023-24,LEAGUE,,RB Leipzig,Eintracht Frankfurt,0,1,A,Germany,Bundesliga,football-data.co.uk
league_7187ee2f8531dc4f,2024-01-14,BUNDESLIGA,2023-24,LEAGUE,,Bochum,Werder Bremen,1,1,D,Germany,Bundesliga,football-data.co.uk
league_025112559361e8bd,2024-01-14,BUNDESLIGA,2023-24,LEAGUE,,Borussia Mönchengladbach,Stuttgart,3,1,H,Germany,Bundesliga,football-data.co.uk
league_858526cd8ee0b78a,2024-01-20,BUNDESLIGA,2023-24,LEAGUE,,Bochum,Stuttgart,1,0,H,Germany,Bundesliga,football-data.co.uk
league_ad9e41761ad68391,2024-01-20,BUNDESLIGA,2023-24,LEAGUE,,Darmstadt,Eintracht Frankfurt,2,2,D,Germany,Bundesliga,football-data.co.uk
league_ae8453613aee4c5e,2024-01-20,BUNDESLIGA,2023-24,LEAGUE,,FC Koln,Borussia Dortmund,0,4,A,Germany,Bundesliga,football-data.co.uk
league_db7f0f31c07ac756,2024-01-20,BUNDESLIGA,2023-24,LEAGUE,,Freiburg,Hoffenheim,3,2,H,Germany,Bundesliga,football-data.co.uk
league_3e60417e2a4b2c6a,2024-01-20,BUNDESLIGA,2023-24,LEAGUE,,Heidenheim,Wolfsburg,1,1,D,Germany,Bundesliga,football-data.co.uk
league_fadcd1d9e703686e,2024-01-20,BUNDESLIGA,2023-24,LEAGUE,,RB Leipzig,Bayer 04 Leverkusen,2,3,A,Germany,Bundesliga,football-data.co.uk
league_8dca7b3c9d01c8c2,2024-01-21,BUNDESLIGA,2023-24,LEAGUE,,Borussia Mönchengladbach,Augsburg,1,2,A,Germany,Bundesliga,football-data.co.uk
league_ab52c0bd971f75ce,2024-01-21,BUNDESLIGA,2023-24,LEAGUE,,FC Bayern München,Werder Bremen,0,1,A,Germany,Bundesliga,football-data.co.uk
league_6d12563c98f23b69,2024-01-24,BUNDESLIGA,2023-24,LEAGUE,,FC Bayern München,Union Berlin,1,0,H,Germany,Bundesliga,football-data.co.uk
league_8dfa774f5689f831,2024-01-26,BUNDESLIGA,2023-24,LEAGUE,,Eintracht Frankfurt,FSV Mainz 05,1,0,H,Germany,Bundesliga,football-data.co.uk
league_e2b1a3c8891ed47f,2024-01-27,BUNDESLIGA,2023-24,LEAGUE,,Augsburg,FC Bayern München,2,3,A,Germany,Bundesliga,football-data.co.uk
league_fb02f338ed1fe8e8,2024-01-27,BUNDESLIGA,2023-24,LEAGUE,,Bayer 04 Leverkusen,Borussia Mönchengladbach,0,0,D,Germany,Bundesliga,football-data.co.uk
league_3b980adf4ae24d8a,2024-01-27,BUNDESLIGA,2023-24,LEAGUE,,Hoffenheim,Heidenheim,1,1,D,Germany,Bundesliga,football-data.co.uk
league_9f55f689256a5147,2024-01-27,BUNDESLIGA,2023-24,LEAGUE,,Stuttgart,RB Leipzig,5,2,H,Germany,Bundesliga,football-data.co.uk
league_cc8223da2c788ab2,2024-01-27,BUNDESLIGA,2023-24,LEAGUE,,Werder Bremen,Freiburg,3,1,H,Germany,Bundesliga,football-data.co.uk
league_585d2de1938fc9d7,2024-01-27,BUNDESLIGA,2023-24,LEAGUE,,Wolfsburg,FC Koln,1,1,D,Germany,Bundesliga,football-data.co.uk
league_57c916676fc7dcbd,2024-01-28,BUNDESLIGA,2023-24,LEAGUE,,Borussia Dortmund,Bochum,3,1,H,Germany,Bundesliga,football-data.co.uk
league_7de6d8c6bbc36941,2024-01-28,BUNDESLIGA,2023-24,LEAGUE,,Union Berlin,Darmstadt,1,0,H,Germany,Bundesliga,football-data.co.uk
league_5031146126a60181,2024-02-02,BUNDESLIGA,2023-24,LEAGUE,,Heidenheim,Borussia Dortmund,0,0,D,Germany,Bundesliga,football-data.co.uk
league_b368e31f51afbdc9,2024-02-03,BUNDESLIGA,2023-24,LEAGUE,,Bochum,Augsburg,1,1,D,Germany,Bundesliga,football-data.co.uk
league_36b65c1a35843718,2024-02-03,BUNDESLIGA,2023-24,LEAGUE,,Darmstadt,Bayer 04 Leverkusen,0,2,A,Germany,Bundesliga,football-data.co.uk
league_bfc19cbcf4410cfd,2024-02-03,BUNDESLIGA,2023-24,LEAGUE,,FC Bayern München,Borussia Mönchengladbach,3,1,H,Germany,Bundesliga,football-data.co.uk
league_eaebdb6bfc19e3d4,2024-02-03,BUNDESLIGA,2023-24,LEAGUE,,FC Koln,Eintracht Frankfurt,2,0,H,Germany,Bundesliga,football-data.co.uk
league_3f82140191fafab4,2024-02-03,BUNDESLIGA,2023-24,LEAGUE,,FSV Mainz 05,Werder Bremen,0,1,A,Germany,Bundesliga,football-data.co.uk
league_f8f1699e75cf8b8d,2024-02-03,BUNDESLIGA,2023-24,LEAGUE,,Freiburg,Stuttgart,1,3,A,Germany,Bundesliga,football-data.co.uk
league_aac2f24c0a817c29,2024-02-04,BUNDESLIGA,2023-24,LEAGUE,,RB Leipzig,Union Berlin,2,0,H,Germany,Bundesliga,football-data.co.uk
league_24d2f633b242ff88,2024-02-04,BUNDESLIGA,2023-24,LEAGUE,,Wolfsburg,Hoffenheim,2,2,D,Germany,Bundesliga,football-data.co.uk
league_f1b9987ab5a4e734,2024-02-07,BUNDESLIGA,2023-24,LEAGUE,,FSV Mainz 05,Union Berlin,1,1,D,Germany,Bundesliga,football-data.co.uk
league_04f9fc0f17479d9d,2024-02-09,BUNDESLIGA,2023-24,LEAGUE,,Borussia Dortmund,Freiburg,3,0,H,Germany,Bundesliga,football-data.co.uk
league_6d4bb5354817ec84,2024-02-10,BUNDESLIGA,2023-24,LEAGUE,,Augsburg,RB Leipzig,2,2,D,Germany,Bundesliga,football-data.co.uk
league_5e5aa03134382c87,2024-02-10,BUNDESLIGA,2023-24,LEAGUE,,Bayer 04 Leverkusen,FC Bayern München,3,0,H,Germany,Bundesliga,football-data.co.uk
league_4ab6df999cd94d10,2024-02-10,BUNDESLIGA,2023-24,LEAGUE,,Borussia Mönchengladbach,Darmstadt,0,0,D,Germany,Bundesliga,football-data.co.uk
league_de0724c13c1fa3a7,2024-02-10,BUNDESLIGA,2023-24,LEAGUE,,Eintracht Frankfurt,Bochum,1,1,D,Germany,Bundesliga,football-data.co.uk
league_75a86eac639f9303,2024-02-10,BUNDESLIGA,2023-24,LEAGUE,,Union Berlin,Wolfsburg,1,0,H,Germany,Bundesliga,football-data.co.uk
league_345d5cacaac7ef5e,2024-02-10,BUNDESLIGA,2023-24,LEAGUE,,Werder Bremen,Heidenheim,1,2,A,Germany,Bundesliga,football-data.co.uk
league_427e5b25b95779a8,2024-02-11,BUNDESLIGA,2023-24,LEAGUE,,Hoffenheim,FC Koln,1,1,D,Germany,Bundesliga,football-data.co.uk
league_6916a638d085035d,2024-02-11,BUNDESLIGA,2023-24,LEAGUE,,Stuttgart,FSV Mainz 05,3,1,H,Germany,Bundesliga,football-data.co.uk
league_a98fd4f4159dce17,2024-02-16,BUNDESLIGA,2023-24,LEAGUE,,FC Koln,Werder Bremen,0,1,A,Germany,Bundesliga,football-data.co.uk
league_2899d6f3dc313088,2024-02-17,BUNDESLIGA,2023-24,LEAGUE,,Darmstadt,Stuttgart,1,2,A,Germany,Bundesliga,football-data.co.uk
league_9362dd2cc507e7ee,2024-02-17,BUNDESLIGA,2023-24,LEAGUE,,FSV Mainz 05,Augsburg,1,0,H,Germany,Bundesliga,football-data.co.uk
league_cee416e6fbf437f0,2024-02-17,BUNDESLIGA,2023-24,LEAGUE,,Heidenheim,Bayer 04 Leverkusen,1,2,A,Germany,Bundesliga,football-data.co.uk
league_89cb2b93f9361dba,2024-02-17,BUNDESLIGA,2023-24,LEAGUE,,Hoffenheim,Union Berlin,0,1,A,Germany,Bundesliga,football-data.co.uk
league_2bb9ed193c550f7d,2024-02-17,BUNDESLIGA,2023-24,LEAGUE,,RB Leipzig,Borussia Mönchengladbach,2,0,H,Germany,Bundesliga,football-data.co.uk
league_9361a7dc4226a34f,2024-02-17,BUNDESLIGA,2023-24,LEAGUE,,Wolfsburg,Borussia Dortmund,1,1,D,Germany,Bundesliga,football-data.co.uk
league_7159f4017e370846,2024-02-18,BUNDESLIGA,2023-24,LEAGUE,,Bochum,FC Bayern München,3,2,H,Germany,Bundesliga,football-data.co.uk
league_dddc78bbcbf9ed22,2024-02-18,BUNDESLIGA,2023-24,LEAGUE,,Freiburg,Eintracht Frankfurt,3,3,D,Germany,Bundesliga,football-data.co.uk
league_549dc445fbcff9ca,2024-02-23,BUNDESLIGA,2023-24,LEAGUE,,Bayer 04 Leverkusen,FSV Mainz 05,2,1,H,Germany,Bundesliga,football-data.co.uk
league_76742bf45ef4861c,2024-02-24,BUNDESLIGA,2023-24,LEAGUE,,Borussia Mönchengladbach,Bochum,5,2,H,Germany,Bundesliga,football-data.co.uk
league_b5e1106fe514d352,2024-02-24,BUNDESLIGA,2023-24,LEAGUE,,FC Bayern München,RB Leipzig,2,1,H,Germany,Bundesliga,football-data.co.uk
league_1e24ca46c40d0fd9,2024-02-24,BUNDESLIGA,2023-24,LEAGUE,,Stuttgart,FC Koln,1,1,D,Germany,Bundesliga,football-data.co.uk
league_3f2e464df33ff18c,2024-02-24,BUNDESLIGA,2023-24,LEAGUE,,Union Berlin,Heidenheim,2,2,D,Germany,Bundesliga,football-data.co.uk
league_b368d68ee797c783,2024-02-24,BUNDESLIGA,2023-24,LEAGUE,,Werder Bremen,Darmstadt,1,1,D,Germany,Bundesliga,football-data.co.uk
league_922e8fe5c0a4c223,2024-02-25,BUNDESLIGA,2023-24,LEAGUE,,Augsburg,Freiburg,2,1,H,Germany,Bundesliga,football-data.co.uk
league_df156617e1b89341,2024-02-25,BUNDESLIGA,2023-24,LEAGUE,,Borussia Dortmund,Hoffenheim,2,3,A,Germany,Bundesliga,football-data.co.uk
league_1a942f994dc588a8,2024-02-25,BUNDESLIGA,2023-24,LEAGUE,,Eintracht Frankfurt,Wolfsburg,2,2,D,Germany,Bundesliga,football-data.co.uk
league_a257729c8e067d7f,2024-03-01,BUNDESLIGA,2023-24,LEAGUE,,Freiburg,FC Bayern München,2,2,D,Germany,Bundesliga,football-data.co.uk
league_7576e847b6bf56e0,2024-03-02,BUNDESLIGA,2023-24,LEAGUE,,Bochum,RB Leipzig,1,4,A,Germany,Bundesliga,football-data.co.uk
league_e1454dcfcbf1dbff,2024-03-02,BUNDESLIGA,2023-24,LEAGUE,,Darmstadt,Augsburg,0,6,A,Germany,Bundesliga,football-data.co.uk
league_4b92091b4e868314,2024-03-02,BUNDESLIGA,2023-24,LEAGUE,,FSV Mainz 05,Borussia Mönchengladbach,1,1,D,Germany,Bundesliga,football-data.co.uk
league_8270d4fb1a68d34b,2024-03-02,BUNDESLIGA,2023-24,LEAGUE,,Heidenheim,Eintracht Frankfurt,1,2,A,Germany,Bundesliga,football-data.co.uk
league_3d5a047760b5b63a,2024-03-02,BUNDESLIGA,2023-24,LEAGUE,,Union Berlin,Borussia Dortmund,0,2,A,Germany,Bundesliga,football-data.co.uk
league_d3673576eb73c3f9,2024-03-02,BUNDESLIGA,2023-24,LEAGUE,,Wolfsburg,Stuttgart,2,3,A,Germany,Bundesliga,football-data.co.uk
league_1effd7b899b1fa06,2024-03-03,BUNDESLIGA,2023-24,LEAGUE,,FC Koln,Bayer 04 Leverkusen,0,2,A,Germany,Bundesliga,football-data.co.uk
league_1dc1535d40757445,2024-03-03,BUNDESLIGA,2023-24,LEAGUE,,Hoffenheim,Werder Bremen,2,1,H,Germany,Bundesliga,football-data.co.uk
league_6d0995a1bc653781,2024-03-08,BUNDESLIGA,2023-24,LEAGUE,,Stuttgart,Union Berlin,2,0,H,Germany,Bundesliga,football-data.co.uk
league_683c51d9d862e4c9,2024-03-09,BUNDESLIGA,2023-24,LEAGUE,,Augsburg,Heidenheim,1,0,H,Germany,Bundesliga,football-data.co.uk
league_7750e4a80e7d82a1,2024-03-09,BUNDESLIGA,2023-24,LEAGUE,,Borussia Mönchengladbach,FC Koln,3,3,D,Germany,Bundesliga,football-data.co.uk
league_69ef403fa8801fba,2024-03-09,BUNDESLIGA,2023-24,LEAGUE,,FC Bayern München,FSV Mainz 05,8,1,H,Germany,Bundesliga,football-data.co.uk
league_3fe3c9d617e04415,2024-03-09,BUNDESLIGA,2023-24,LEAGUE,,RB Leipzig,Darmstadt,2,0,H,Germany,Bundesliga,football-data.co.uk
league_f2b985589c942d6e,2024-03-09,BUNDESLIGA,2023-24,LEAGUE,,Werder Bremen,Borussia Dortmund,1,2,A,Germany,Bundesliga,football-data.co.uk
league_40e33979d38ac2d1,2024-03-10,BUNDESLIGA,2023-24,LEAGUE,,Bayer 04 Leverkusen,Wolfsburg,2,0,H,Germany,Bundesliga,football-data.co.uk
league_5c3127d917c94643,2024-03-10,BUNDESLIGA,2023-24,LEAGUE,,Bochum,Freiburg,1,2,A,Germany,Bundesliga,football-data.co.uk
league_4ebc5bc8ac2b8e3d,2024-03-10,BUNDESLIGA,2023-24,LEAGUE,,Eintracht Frankfurt,Hoffenheim,3,1,H,Germany,Bundesliga,football-data.co.uk
league_b16dc1ad233d55d0,2024-03-15,BUNDESLIGA,2023-24,LEAGUE,,FC Koln,RB Leipzig,1,5,A,Germany,Bundesliga,football-data.co.uk
league_6051b3cbab8512f1,2024-03-16,BUNDESLIGA,2023-24,LEAGUE,,Darmstadt,FC Bayern München,2,5,A,Germany,Bundesliga,football-data.co.uk
league_825d1bd0bd09b494,2024-03-16,BUNDESLIGA,2023-24,LEAGUE,,FSV Mainz 05,Bochum,2,0,H,Germany,Bundesliga,football-data.co.uk
league_f120f3e068b9482d,2024-03-16,BUNDESLIGA,2023-24,LEAGUE,,Heidenheim,Borussia Mönchengladbach,1,1,D,Germany,Bundesliga,football-data.co.uk
league_74cce679644ab612,2024-03-16,BUNDESLIGA,2023-24,LEAGUE,,Hoffenheim,Stuttgart,0,3,A,Germany,Bundesliga,football-data.co.uk
league_c2251c329c02b791,2024-03-16,BUNDESLIGA,2023-24,LEAGUE,,Union Berlin,Werder Bremen,2,1,H,Germany,Bundesliga,football-data.co.uk
league_14d11cfe43da9a19,2024-03-16,BUNDESLIGA,2023-24,LEAGUE,,Wolfsburg,Augsburg,1,3,A,Germany,Bundesliga,football-data.co.uk
league_77ef00a34951f2af,2024-03-17,BUNDESLIGA,2023-24,LEAGUE,,Borussia Dortmund,Eintracht Frankfurt,3,1,H,Germany,Bundesliga,football-data.co.uk
league_8540d32f840c42bc,2024-03-17,BUNDESLIGA,2023-24,LEAGUE,,Freiburg,Bayer 04 Leverkusen,2,3,A,Germany,Bundesliga,football-data.co.uk
league_c51f42ac9ea7a80a,2024-03-30,BUNDESLIGA,2023-24,LEAGUE,,Bayer 04 Leverkusen,Hoffenheim,2,1,H,Germany,Bundesliga,football-data.co.uk
league_f0e77fe870f9264e,2024-03-30,BUNDESLIGA,2023-24,LEAGUE,,Borussia Mönchengladbach,Freiburg,0,3,A,Germany,Bundesliga,football-data.co.uk
league_49d7acb283522d89,2024-03-30,BUNDESLIGA,2023-24,LEAGUE,,Eintracht Frankfurt,Union Berlin,0,0,D,Germany,Bundesliga,football-data.co.uk
league_aebdcc243973a277,2024-03-30,BUNDESLIGA,2023-24,LEAGUE,,FC Bayern München,Borussia Dortmund,0,2,A,Germany,Bundesliga,football-data.co.uk
league_16065410dec141b8,2024-03-30,BUNDESLIGA,2023-24,LEAGUE,,RB Leipzig,FSV Mainz 05,0,0,D,Germany,Bundesliga,football-data.co.uk
league_f1f99de1e5ebd6a0,2024-03-30,BUNDESLIGA,2023-24,LEAGUE,,Werder Bremen,Wolfsburg,0,2,A,Germany,Bundesliga,football-data.co.uk
league_d66723f39adf02bf,2024-03-31,BUNDESLIGA,2023-24,LEAGUE,,Augsburg,FC Koln,1,1,D,Germany,Bundesliga,football-data.co.uk
league_94b7748402b7b578,2024-03-31,BUNDESLIGA,2023-24,LEAGUE,,Bochum,Darmstadt,2,2,D,Germany,Bundesliga,football-data.co.uk
league_46b9a1bc170504ed,2024-03-31,BUNDESLIGA,2023-24,LEAGUE,,Stuttgart,Heidenheim,3,3,D,Germany,Bundesliga,football-data.co.uk
league_7f1718717948f711,2024-04-05,BUNDESLIGA,2023-24,LEAGUE,,Eintracht Frankfurt,Werder Bremen,1,1,D,Germany,Bundesliga,football-data.co.uk
league_a8090311af226f38,2024-04-06,BUNDESLIGA,2023-24,LEAGUE,,Borussia Dortmund,Stuttgart,0,1,A,Germany,Bundesliga,football-data.co.uk
league_ef2d6bd31f129c86,2024-04-06,BUNDESLIGA,2023-24,LEAGUE,,FC Koln,Bochum,2,1,H,Germany,Bundesliga,football-data.co.uk
league_0dc5f613f418d37b,2024-04-06,BUNDESLIGA,2023-24,LEAGUE,,FSV Mainz 05,Darmstadt,4,0,H,Germany,Bundesliga,football-data.co.uk
league_046f42403e3c5448,2024-04-06,BUNDESLIGA,2023-24,LEAGUE,,Freiburg,RB Leipzig,1,4,A,Germany,Bundesliga,football-data.co.uk
league_59e869cf8a853bb3,2024-04-06,BUNDESLIGA,2023-24,LEAGUE,,Heidenheim,FC Bayern München,3,2,H,Germany,Bundesliga,football-data.co.uk
league_2db1269cdea35b0a,2024-04-06,BUNDESLIGA,2023-24,LEAGUE,,Union Berlin,Bayer 04 Leverkusen,0,1,A,Germany,Bundesliga,football-data.co.uk
league_303a633f07c90e53,2024-04-07,BUNDESLIGA,2023-24,LEAGUE,,Hoffenheim,Augsburg,3,1,H,Germany,Bundesliga,football-data.co.uk
league_d9e8cdfb1d32e825,2024-04-07,BUNDESLIGA,2023-24,LEAGUE,,Wolfsburg,Borussia Mönchengladbach,1,3,A,Germany,Bundesliga,football-data.co.uk
league_ba23ff878eebae9a,2024-04-12,BUNDESLIGA,2023-24,LEAGUE,,Augsburg,Union Berlin,2,0,H,Germany,Bundesliga,football-data.co.uk
league_16372157c8d61bfe,2024-04-13,BUNDESLIGA,2023-24,LEAGUE,,Bochum,Heidenheim,1,1,D,Germany,Bundesliga,football-data.co.uk
league_33e0a4e65684b415,2024-04-13,BUNDESLIGA,2023-24,LEAGUE,,Borussia Mönchengladbach,Borussia Dortmund,1,2,A,Germany,Bundesliga,football-data.co.uk
league_cde336c223faa466,2024-04-13,BUNDESLIGA,2023-24,LEAGUE,,FC Bayern München,FC Koln,2,0,H,Germany,Bundesliga,football-data.co.uk
league_7edd4d75fac90c6f,2024-04-13,BUNDESLIGA,2023-24,LEAGUE,,FSV Mainz 05,Hoffenheim,4,1,H,Germany,Bundesliga,football-data.co.uk
league_83a7f12620f3d107,2024-04-13,BUNDESLIGA,2023-24,LEAGUE,,RB Leipzig,Wolfsburg,3,0,H,Germany,Bundesliga,football-data.co.uk
league_ab51e3ddd3242e14,2024-04-13,BUNDESLIGA,2023-24,LEAGUE,,Stuttgart,Eintracht Frankfurt,3,0,H,Germany,Bundesliga,football-data.co.uk
league_1d0c9edb5f4ff5df,2024-04-14,BUNDESLIGA,2023-24,LEAGUE,,Bayer 04 Leverkusen,Werder Bremen,5,0,H,Germany,Bundesliga,football-data.co.uk
league_14549bd51d66b1f1,2024-04-14,BUNDESLIGA,2023-24,LEAGUE,,Darmstadt,Freiburg,0,1,A,Germany,Bundesliga,football-data.co.uk
league_501d3d86f6feeee0,2024-04-19,BUNDESLIGA,2023-24,LEAGUE,,Eintracht Frankfurt,Augsburg,3,1,H,Germany,Bundesliga,football-data.co.uk
league_b969f083cf63c888,2024-04-20,BUNDESLIGA,2023-24,LEAGUE,,FC Koln,Darmstadt,0,2,A,Germany,Bundesliga,football-data.co.uk
league_df2834f683525355,2024-04-20,BUNDESLIGA,2023-24,LEAGUE,,Heidenheim,RB Leipzig,1,2,A,Germany,Bundesliga,football-data.co.uk
league_5d04cc6f8b1a37d6,2024-04-20,BUNDESLIGA,2023-24,LEAGUE,,Hoffenheim,Borussia Mönchengladbach,4,3,H,Germany,Bundesliga,football-data.co.uk
league_e922a4b55267a0d0,2024-04-20,BUNDESLIGA,2023-24,LEAGUE,,Union Berlin,FC Bayern München,1,5,A,Germany,Bundesliga,football-data.co.uk
league_465dd0825cfb806a,2024-04-20,BUNDESLIGA,2023-24,LEAGUE,,Wolfsburg,Bochum,1,0,H,Germany,Bundesliga,football-data.co.uk
league_81adbb4d66222eb5,2024-04-21,BUNDESLIGA,2023-24,LEAGUE,,Borussia Dortmund,Bayer 04 Leverkusen,1,1,D,Germany,Bundesliga,football-data.co.uk
league_0ed907c417eeef4f,2024-04-21,BUNDESLIGA,2023-24,LEAGUE,,Freiburg,FSV Mainz 05,1,1,D,Germany,Bundesliga,football-data.co.uk
league_16ef9147a9a257d5,2024-04-21,BUNDESLIGA,2023-24,LEAGUE,,Werder Bremen,Stuttgart,2,1,H,Germany,Bundesliga,football-data.co.uk
league_ad5dd18b5ed853ae,2024-04-26,BUNDESLIGA,2023-24,LEAGUE,,Bochum,Hoffenheim,3,2,H,Germany,Bundesliga,football-data.co.uk
league_ebd15379d0a9dc76,2024-04-27,BUNDESLIGA,2023-24,LEAGUE,,Augsburg,Werder Bremen,0,3,A,Germany,Bundesliga,football-data.co.uk
league_b3d1ddbbbc7fe0dc,2024-04-27,BUNDESLIGA,2023-24,LEAGUE,,Bayer 04 Leverkusen,Stuttgart,2,2,D,Germany,Bundesliga,football-data.co.uk
league_15a8a49e7cef6c2d,2024-04-27,BUNDESLIGA,2023-24,LEAGUE,,FC Bayern München,Eintracht Frankfurt,2,1,H,Germany,Bundesliga,football-data.co.uk
league_3f3fcf622760ac7c,2024-04-27,BUNDESLIGA,2023-24,LEAGUE,,Freiburg,Wolfsburg,1,2,A,Germany,Bundesliga,football-data.co.uk
league_82ce3ad466d754c3,2024-04-27,BUNDESLIGA,2023-24,LEAGUE,,RB Leipzig,Borussia Dortmund,4,1,H,Germany,Bundesliga,football-data.co.uk
league_1f93e7c9783b8bc8,2024-04-28,BUNDESLIGA,2023-24,LEAGUE,,Borussia Mönchengladbach,Union Berlin,0,0,D,Germany,Bundesliga,football-data.co.uk
league_6921709eb07131a9,2024-04-28,BUNDESLIGA,2023-24,LEAGUE,,Darmstadt,Heidenheim,0,1,A,Germany,Bundesliga,football-data.co.uk
league_b72d161c724a51e8,2024-04-28,BUNDESLIGA,2023-24,LEAGUE,,FSV Mainz 05,FC Koln,1,1,D,Germany,Bundesliga,football-data.co.uk
league_b339dca98f4dfcc0,2024-05-03,BUNDESLIGA,2023-24,LEAGUE,,Hoffenheim,RB Leipzig,1,1,D,Germany,Bundesliga,football-data.co.uk
league_4f35ea91bdba39d2,2024-05-04,BUNDESLIGA,2023-24,LEAGUE,,Borussia Dortmund,Augsburg,5,1,H,Germany,Bundesliga,football-data.co.uk
league_b91ebac9321033db,2024-05-04,BUNDESLIGA,2023-24,LEAGUE,,FC Koln,Freiburg,0,0,D,Germany,Bundesliga,football-data.co.uk
league_40233b28398386b2,2024-05-04,BUNDESLIGA,2023-24,LEAGUE,,Stuttgart,FC Bayern München,3,1,H,Germany,Bundesliga,football-data.co.uk
league_cac17382cfe200c0,2024-05-04,BUNDESLIGA,2023-24,LEAGUE,,Werder Bremen,Borussia Mönchengladbach,2,2,D,Germany,Bundesliga,football-data.co.uk
league_c7c890374f03b801,2024-05-04,BUNDESLIGA,2023-24,LEAGUE,,Wolfsburg,Darmstadt,3,0,H,Germany,Bundesliga,football-data.co.uk
league_3d04deb0a12e7dfa,2024-05-05,BUNDESLIGA,2023-24,LEAGUE,,Eintracht Frankfurt,Bayer 04 Leverkusen,1,5,A,Germany,Bundesliga,football-data.co.uk
league_112096c4b2d15dca,2024-05-05,BUNDESLIGA,2023-24,LEAGUE,,Heidenheim,FSV Mainz 05,1,1,D,Germany,Bundesliga,football-data.co.uk
league_f1b193cea951abc7,2024-05-05,BUNDESLIGA,2023-24,LEAGUE,,Union Berlin,Bochum,3,4,A,Germany,Bundesliga,football-data.co.uk
league_e20139980a075d05,2024-05-10,BUNDESLIGA,2023-24,LEAGUE,,Augsburg,Stuttgart,0,1,A,Germany,Bundesliga,football-data.co.uk
league_1fcfef835d30ff1a,2024-05-11,BUNDESLIGA,2023-24,LEAGUE,,Borussia Mönchengladbach,Eintracht Frankfurt,1,1,D,Germany,Bundesliga,football-data.co.uk
league_513f6ad46a14bf3c,2024-05-11,BUNDESLIGA,2023-24,LEAGUE,,FC Koln,Union Berlin,3,2,H,Germany,Bundesliga,football-data.co.uk
league_0f2a01bc451e1db7,2024-05-11,BUNDESLIGA,2023-24,LEAGUE,,FSV Mainz 05,Borussia Dortmund,3,0,H,Germany,Bundesliga,football-data.co.uk
league_a3f8b055e03766ed,2024-05-11,BUNDESLIGA,2023-24,LEAGUE,,Freiburg,Heidenheim,1,1,D,Germany,Bundesliga,football-data.co.uk
league_7eb01a1e8fc3c9ed,2024-05-11,BUNDESLIGA,2023-24,LEAGUE,,RB Leipzig,Werder Bremen,1,1,D,Germany,Bundesliga,football-data.co.uk
league_400ef433e02d5d03,2024-05-12,BUNDESLIGA,2023-24,LEAGUE,,Bochum,Bayer 04 Leverkusen,0,5,A,Germany,Bundesliga,football-data.co.uk
league_3a10b4125540368a,2024-05-12,BUNDESLIGA,2023-24,LEAGUE,,Darmstadt,Hoffenheim,0,6,A,Germany,Bundesliga,football-data.co.uk
league_782cb73bf3f3e176,2024-05-12,BUNDESLIGA,2023-24,LEAGUE,,FC Bayern München,Wolfsburg,2,0,H,Germany,Bundesliga,football-data.co.uk
league_0610f0cfe1be2e81,2024-05-18,BUNDESLIGA,2023-24,LEAGUE,,Bayer 04 Leverkusen,Augsburg,2,1,H,Germany,Bundesliga,football-data.co.uk
league_5874a50f430bd2e7,2024-05-18,BUNDESLIGA,2023-24,LEAGUE,,Borussia Dortmund,Darmstadt,4,0,H,Germany,Bundesliga,football-data.co.uk
league_98314c0e048fba59,2024-05-18,BUNDESLIGA,2023-24,LEAGUE,,Eintracht Frankfurt,RB Leipzig,2,2,D,Germany,Bundesliga,football-data.co.uk
league_bf9fd46446514ba7,2024-05-18,BUNDESLIGA,2023-24,LEAGUE,,Heidenheim,FC Koln,4,1,H,Germany,Bundesliga,football-data.co.uk
league_e57324a83ff8f95b,2024-05-18,BUNDESLIGA,2023-24,LEAGUE,,Hoffenheim,FC Bayern München,4,2,H,Germany,Bundesliga,football-data.co.uk
league_9ee98ce63da99951,2024-05-18,BUNDESLIGA,2023-24,LEAGUE,,Stuttgart,Borussia Mönchengladbach,4,0,H,Germany,Bundesliga,football-data.co.uk
league_0283b195b986029a,2024-05-18,BUNDESLIGA,2023-24,LEAGUE,,Union Berlin,Freiburg,2,1,H,Germany,Bundesliga,football-data.co.uk
league_965f09890bbedf60,2024-05-18,BUNDESLIGA,2023-24,LEAGUE,,Werder Bremen,Bochum,4,1,H,Germany,Bundesliga,football-data.co.uk
league_caab1827e61a3516,2024-05-18,BUNDESLIGA,2023-24,LEAGUE,,Wolfsburg,FSV Mainz 05,1,3,A,Germany,Bundesliga,football-data.co.uk
league_2bb8131ce6a863ed,2024-08-23,BUNDESLIGA,2024-25,LEAGUE,,Borussia Mönchengladbach,Bayer 04 Leverkusen,2,3,A,Germany,Bundesliga,football-data.co.uk
league_0af7e223e04062e4,2024-08-24,BUNDESLIGA,2024-25,LEAGUE,,Augsburg,Werder Bremen,2,2,D,Germany,Bundesliga,football-data.co.uk
league_71b10d8e42a3ab07,2024-08-24,BUNDESLIGA,2024-25,LEAGUE,,Borussia Dortmund,Eintracht Frankfurt,2,0,H,Germany,Bundesliga,football-data.co.uk
league_47dfffb02351ebc4,2024-08-24,BUNDESLIGA,2024-25,LEAGUE,,FSV Mainz 05,Union Berlin,1,1,D,Germany,Bundesliga,football-data.co.uk
league_a42a3aa5ac0eb701,2024-08-24,BUNDESLIGA,2024-25,LEAGUE,,Freiburg,Stuttgart,3,1,H,Germany,Bundesliga,football-data.co.uk
league_853a6059acef5977,2024-08-24,BUNDESLIGA,2024-25,LEAGUE,,Hoffenheim,Holstein Kiel,3,2,H,Germany,Bundesliga,football-data.co.uk
league_f765cc4f9da500a7,2024-08-24,BUNDESLIGA,2024-25,LEAGUE,,RB Leipzig,Bochum,1,0,H,Germany,Bundesliga,football-data.co.uk
league_56497f8f7b335825,2024-08-25,BUNDESLIGA,2024-25,LEAGUE,,St Pauli,Heidenheim,0,2,A,Germany,Bundesliga,football-data.co.uk
league_fcc8d73a1562424e,2024-08-25,BUNDESLIGA,2024-25,LEAGUE,,Wolfsburg,FC Bayern München,2,3,A,Germany,Bundesliga,football-data.co.uk
league_de3d74a60e48d306,2024-08-30,BUNDESLIGA,2024-25,LEAGUE,,Union Berlin,St Pauli,1,0,H,Germany,Bundesliga,football-data.co.uk
league_879c2bfb1b3adb6b,2024-08-31,BUNDESLIGA,2024-25,LEAGUE,,Bayer 04 Leverkusen,RB Leipzig,2,3,A,Germany,Bundesliga,football-data.co.uk
league_9fb47ebfbe44cef7,2024-08-31,BUNDESLIGA,2024-25,LEAGUE,,Bochum,Borussia Mönchengladbach,0,2,A,Germany,Bundesliga,football-data.co.uk
league_8d7e9156751c1cfa,2024-08-31,BUNDESLIGA,2024-25,LEAGUE,,Eintracht Frankfurt,Hoffenheim,3,1,H,Germany,Bundesliga,football-data.co.uk
league_c962d77fa2a3c1ce,2024-08-31,BUNDESLIGA,2024-25,LEAGUE,,Holstein Kiel,Wolfsburg,0,2,A,Germany,Bundesliga,football-data.co.uk
league_f23c116eb26d8f77,2024-08-31,BUNDESLIGA,2024-25,LEAGUE,,Stuttgart,FSV Mainz 05,3,3,D,Germany,Bundesliga,football-data.co.uk
league_a44a25cfc4e0fbf2,2024-08-31,BUNDESLIGA,2024-25,LEAGUE,,Werder Bremen,Borussia Dortmund,0,0,D,Germany,Bundesliga,football-data.co.uk
league_45566036e4e3eed5,2024-09-01,BUNDESLIGA,2024-25,LEAGUE,,FC Bayern München,Freiburg,2,0,H,Germany,Bundesliga,football-data.co.uk
league_390ebd1ed372d7a2,2024-09-01,BUNDESLIGA,2024-25,LEAGUE,,Heidenheim,Augsburg,4,0,H,Germany,Bundesliga,football-data.co.uk
league_0570020e2b619d73,2024-09-13,BUNDESLIGA,2024-25,LEAGUE,,Borussia Dortmund,Heidenheim,4,2,H,Germany,Bundesliga,football-data.co.uk
league_bbcf4c1c610ff2ae,2024-09-14,BUNDESLIGA,2024-25,LEAGUE,,Borussia Mönchengladbach,Stuttgart,1,3,A,Germany,Bundesliga,football-data.co.uk
league_ea80c88e52d884bc,2024-09-14,BUNDESLIGA,2024-25,LEAGUE,,Freiburg,Bochum,2,1,H,Germany,Bundesliga,football-data.co.uk
league_14f1b3cb4ac18e77,2024-09-14,BUNDESLIGA,2024-25,LEAGUE,,Hoffenheim,Bayer 04 Leverkusen,1,4,A,Germany,Bundesliga,football-data.co.uk
league_ff78db43fa707eba,2024-09-14,BUNDESLIGA,2024-25,LEAGUE,,Holstein Kiel,FC Bayern München,1,6,A,Germany,Bundesliga,football-data.co.uk
league_20d78316bfb442cc,2024-09-14,BUNDESLIGA,2024-25,LEAGUE,,RB Leipzig,Union Berlin,0,0,D,Germany,Bundesliga,football-data.co.uk
league_ef0cd9b7a821c2e0,2024-09-14,BUNDESLIGA,2024-25,LEAGUE,,Wolfsburg,Eintracht Frankfurt,1,2,A,Germany,Bundesliga,football-data.co.uk
league_1147374525cc0784,2024-09-15,BUNDESLIGA,2024-25,LEAGUE,,Augsburg,St Pauli,3,1,H,Germany,Bundesliga,football-data.co.uk
league_ad69474ea605aad2,2024-09-15,BUNDESLIGA,2024-25,LEAGUE,,FSV Mainz 05,Werder Bremen,1,2,A,Germany,Bundesliga,football-data.co.uk
league_eeb31cdac620f774,2024-09-20,BUNDESLIGA,2024-25,LEAGUE,,Augsburg,FSV Mainz 05,2,3,A,Germany,Bundesliga,football-data.co.uk
league_82b68f6a3cce3afe,2024-09-21,BUNDESLIGA,2024-25,LEAGUE,,Bochum,Holstein Kiel,2,2,D,Germany,Bundesliga,football-data.co.uk
league_94505ffb8db20e7e,2024-09-21,BUNDESLIGA,2024-25,LEAGUE,,Eintracht Frankfurt,Borussia Mönchengladbach,2,0,H,Germany,Bundesliga,football-data.co.uk
league_83cf22217339b386,2024-09-21,BUNDESLIGA,2024-25,LEAGUE,,Heidenheim,Freiburg,0,3,A,Germany,Bundesliga,football-data.co.uk
league_53c4d713900955c0,2024-09-21,BUNDESLIGA,2024-25,LEAGUE,,Union Berlin,Hoffenheim,2,1,H,Germany,Bundesliga,football-data.co.uk
league_3f28974c8fc98cfa,2024-09-21,BUNDESLIGA,2024-25,LEAGUE,,Werder Bremen,FC Bayern München,0,5,A,Germany,Bundesliga,football-data.co.uk
league_6d29d874c6c78e5d,2024-09-22,BUNDESLIGA,2024-25,LEAGUE,,Bayer 04 Leverkusen,Wolfsburg,4,3,H,Germany,Bundesliga,football-data.co.uk
league_1163528e0fdbbc00,2024-09-22,BUNDESLIGA,2024-25,LEAGUE,,St Pauli,RB Leipzig,0,0,D,Germany,Bundesliga,football-data.co.uk
league_cf7d0e599cf7fb1e,2024-09-22,BUNDESLIGA,2024-25,LEAGUE,,Stuttgart,Borussia Dortmund,5,1,H,Germany,Bundesliga,football-data.co.uk
league_67974cdcdb648085,2024-09-27,BUNDESLIGA,2024-25,LEAGUE,,Borussia Dortmund,Bochum,4,2,H,Germany,Bundesliga,football-data.co.uk
league_5fa73816fbeff70e,2024-09-28,BUNDESLIGA,2024-25,LEAGUE,,Borussia Mönchengladbach,Union Berlin,1,0,H,Germany,Bundesliga,football-data.co.uk
league_fa049b02b88740a8,2024-09-28,BUNDESLIGA,2024-25,LEAGUE,,FC Bayern München,Bayer 04 Leverkusen,1,1,D,Germany,Bundesliga,football-data.co.uk
league_ef0c2c12f5e15941,2024-09-28,BUNDESLIGA,2024-25,LEAGUE,,FSV Mainz 05,Heidenheim,0,2,A,Germany,Bundesliga,football-data.co.uk
league_53ede903ea5f2fea,2024-09-28,BUNDESLIGA,2024-25,LEAGUE,,Freiburg,St Pauli,0,3,A,Germany,Bundesliga,football-data.co.uk
league_4e3dba2ee4e16dfe,2024-09-28,BUNDESLIGA,2024-25,LEAGUE,,RB Leipzig,Augsburg,4,0,H,Germany,Bundesliga,football-data.co.uk
league_d091943cfa6ec854,2024-09-28,BUNDESLIGA,2024-25,LEAGUE,,Wolfsburg,Stuttgart,2,2,D,Germany,Bundesliga,football-data.co.uk
league_b75bd731b03fc935,2024-09-29,BUNDESLIGA,2024-25,LEAGUE,,Hoffenheim,Werder Bremen,3,4,A,Germany,Bundesliga,football-data.co.uk
league_9d2688c4f6749db1,2024-09-29,BUNDESLIGA,2024-25,LEAGUE,,Holstein Kiel,Eintracht Frankfurt,2,4,A,Germany,Bundesliga,football-data.co.uk
league_56df93a6b91f69ed,2024-10-04,BUNDESLIGA,2024-25,LEAGUE,,Augsburg,Borussia Mönchengladbach,2,1,H,Germany,Bundesliga,football-data.co.uk
league_2f53454dc3496d3b,2024-10-05,BUNDESLIGA,2024-25,LEAGUE,,Bayer 04 Leverkusen,Holstein Kiel,2,2,D,Germany,Bundesliga,football-data.co.uk
league_2e2c6c34f5b95522,2024-10-05,BUNDESLIGA,2024-25,LEAGUE,,Bochum,Wolfsburg,1,3,A,Germany,Bundesliga,football-data.co.uk
league_3e3b40f2e6ac2d46,2024-10-05,BUNDESLIGA,2024-25,LEAGUE,,St Pauli,FSV Mainz 05,0,3,A,Germany,Bundesliga,football-data.co.uk
league_285c4c99c9c2bbc9,2024-10-05,BUNDESLIGA,2024-25,LEAGUE,,Union Berlin,Borussia Dortmund,2,1,H,Germany,Bundesliga,football-data.co.uk
league_5817edd6bb656016,2024-10-05,BUNDESLIGA,2024-25,LEAGUE,,Werder Bremen,Freiburg,0,1,A,Germany,Bundesliga,football-data.co.uk
league_4bbfd975a3a97f16,2024-10-06,BUNDESLIGA,2024-25,LEAGUE,,Eintracht Frankfurt,FC Bayern München,3,3,D,Germany,Bundesliga,football-data.co.uk
league_04d65f038c0040d7,2024-10-06,BUNDESLIGA,2024-25,LEAGUE,,Heidenheim,RB Leipzig,0,1,A,Germany,Bundesliga,football-data.co.uk
league_ff3cc51fef90ebcd,2024-10-06,BUNDESLIGA,2024-25,LEAGUE,,Stuttgart,Hoffenheim,1,1,D,Germany,Bundesliga,football-data.co.uk
league_a772c5d661566ebe,2024-10-18,BUNDESLIGA,2024-25,LEAGUE,,Borussia Dortmund,St Pauli,2,1,H,Germany,Bundesliga,football-data.co.uk
league_65394475d346fd92,2024-10-19,BUNDESLIGA,2024-25,LEAGUE,,Bayer 04 Leverkusen,Eintracht Frankfurt,2,1,H,Germany,Bundesliga,football-data.co.uk
league_5f3052762014801e,2024-10-19,BUNDESLIGA,2024-25,LEAGUE,,Borussia Mönchengladbach,Heidenheim,3,2,H,Germany,Bundesliga,football-data.co.uk
league_84021db646646723,2024-10-19,BUNDESLIGA,2024-25,LEAGUE,,FC Bayern München,Stuttgart,4,0,H,Germany,Bundesliga,football-data.co.uk
league_e6e345e9c99fbb0a,2024-10-19,BUNDESLIGA,2024-25,LEAGUE,,FSV Mainz 05,RB Leipzig,0,2,A,Germany,Bundesliga,football-data.co.uk
league_9e0fb34e80d6afd7,2024-10-19,BUNDESLIGA,2024-25,LEAGUE,,Freiburg,Augsburg,3,1,H,Germany,Bundesliga,football-data.co.uk
league_eb999a92d1427827,2024-10-19,BUNDESLIGA,2024-25,LEAGUE,,Hoffenheim,Bochum,3,1,H,Germany,Bundesliga,football-data.co.uk
league_8742dc73a36337c8,2024-10-20,BUNDESLIGA,2024-25,LEAGUE,,Holstein Kiel,Union Berlin,0,2,A,Germany,Bundesliga,football-data.co.uk
league_6f0c4ec561ac43aa,2024-10-20,BUNDESLIGA,2024-25,LEAGUE,,Wolfsburg,Werder Bremen,2,4,A,Germany,Bundesliga,football-data.co.uk
league_0cf1da2db813972f,2024-10-25,BUNDESLIGA,2024-25,LEAGUE,,FSV Mainz 05,Borussia Mönchengladbach,1,1,D,Germany,Bundesliga,football-data.co.uk
league_7467c7fc430312dc,2024-10-26,BUNDESLIGA,2024-25,LEAGUE,,Augsburg,Borussia Dortmund,2,1,H,Germany,Bundesliga,football-data.co.uk
league_d46aea729079f07a,2024-10-26,BUNDESLIGA,2024-25,LEAGUE,,RB Leipzig,Freiburg,3,1,H,Germany,Bundesliga,football-data.co.uk
league_e350ecac8a348cf1,2024-10-26,BUNDESLIGA,2024-25,LEAGUE,,St Pauli,Wolfsburg,0,0,D,Germany,Bundesliga,football-data.co.uk
league_59b0fec7804015ab,2024-10-26,BUNDESLIGA,2024-25,LEAGUE,,Stuttgart,Holstein Kiel,2,1,H,Germany,Bundesliga,football-data.co.uk
league_ace7eeaf3699a552,2024-10-26,BUNDESLIGA,2024-25,LEAGUE,,Werder Bremen,Bayer 04 Leverkusen,2,2,D,Germany,Bundesliga,football-data.co.uk
league_b1d076f967ed26d4,2024-10-27,BUNDESLIGA,2024-25,LEAGUE,,Bochum,FC Bayern München,0,5,A,Germany,Bundesliga,football-data.co.uk
league_7a3eb0a33432ddd5,2024-10-27,BUNDESLIGA,2024-25,LEAGUE,,Heidenheim,Hoffenheim,0,0,D,Germany,Bundesliga,football-data.co.uk
league_4558c5a6819fd1d0,2024-10-27,BUNDESLIGA,2024-25,LEAGUE,,Union Berlin,Eintracht Frankfurt,1,1,D,Germany,Bundesliga,football-data.co.uk
league_54de327d4f2de176,2024-11-01,BUNDESLIGA,2024-25,LEAGUE,,Bayer 04 Leverkusen,Stuttgart,0,0,D,Germany,Bundesliga,football-data.co.uk
league_28c340e011806ed4,2024-11-02,BUNDESLIGA,2024-25,LEAGUE,,Borussia Dortmund,RB Leipzig,2,1,H,Germany,Bundesliga,football-data.co.uk
league_1389b87faf6996f2,2024-11-02,BUNDESLIGA,2024-25,LEAGUE,,Eintracht Frankfurt,Bochum,7,2,H,Germany,Bundesliga,football-data.co.uk
league_51163666c2a207a2,2024-11-02,BUNDESLIGA,2024-25,LEAGUE,,FC Bayern München,Union Berlin,3,0,H,Germany,Bundesliga,football-data.co.uk
league_0728df440cd26dcc,2024-11-02,BUNDESLIGA,2024-25,LEAGUE,,Hoffenheim,St Pauli,0,2,A,Germany,Bundesliga,football-data.co.uk
league_b0c482eeb59a6020,2024-11-02,BUNDESLIGA,2024-25,LEAGUE,,Holstein Kiel,Heidenheim,1,0,H,Germany,Bundesliga,football-data.co.uk
league_3b33f569edbcbf61,2024-11-02,BUNDESLIGA,2024-25,LEAGUE,,Wolfsburg,Augsburg,1,1,D,Germany,Bundesliga,football-data.co.uk
league_9ff0a9b77994c4d7,2024-11-03,BUNDESLIGA,2024-25,LEAGUE,,Borussia Mönchengladbach,Werder Bremen,4,1,H,Germany,Bundesliga,football-data.co.uk
league_a4d5e1836223d89a,2024-11-03,BUNDESLIGA,2024-25,LEAGUE,,Freiburg,FSV Mainz 05,0,0,D,Germany,Bundesliga,football-data.co.uk
league_b1a5dc295f931ec9,2024-11-08,BUNDESLIGA,2024-25,LEAGUE,,Union Berlin,Freiburg,0,0,D,Germany,Bundesliga,football-data.co.uk
league_0eebb7df136a56e9,2024-11-09,BUNDESLIGA,2024-25,LEAGUE,,Bochum,Bayer 04 Leverkusen,1,1,D,Germany,Bundesliga,football-data.co.uk
league_4ae2aa5f23b92e46,2024-11-09,BUNDESLIGA,2024-25,LEAGUE,,FSV Mainz 05,Borussia Dortmund,3,1,H,Germany,Bundesliga,football-data.co.uk
league_4a12b9fabe34923d,2024-11-09,BUNDESLIGA,2024-25,LEAGUE,,RB Leipzig,Borussia Mönchengladbach,0,0,D,Germany,Bundesliga,football-data.co.uk
league_5857e1e260cd857c,2024-11-09,BUNDESLIGA,2024-25,LEAGUE,,St Pauli,FC Bayern München,0,1,A,Germany,Bundesliga,football-data.co.uk
league_72a11d600f0d6a91,2024-11-09,BUNDESLIGA,2024-25,LEAGUE,,Werder Bremen,Holstein Kiel,2,1,H,Germany,Bundesliga,football-data.co.uk
league_4f18c1da5af37c83,2024-11-10,BUNDESLIGA,2024-25,LEAGUE,,Augsburg,Hoffenheim,0,0,D,Germany,Bundesliga,football-data.co.uk
league_c583e1b5c8361a37,2024-11-10,BUNDESLIGA,2024-25,LEAGUE,,Heidenheim,Wolfsburg,1,3,A,Germany,Bundesliga,football-data.co.uk
league_8ddaa4c5d49f69ba,2024-11-10,BUNDESLIGA,2024-25,LEAGUE,,Stuttgart,Eintracht Frankfurt,2,3,A,Germany,Bundesliga,football-data.co.uk
league_3aa629269c546a2e,2024-11-22,BUNDESLIGA,2024-25,LEAGUE,,FC Bayern München,Augsburg,3,0,H,Germany,Bundesliga,football-data.co.uk
league_df80f146207390c3,2024-11-23,BUNDESLIGA,2024-25,LEAGUE,,Bayer 04 Leverkusen,Heidenheim,5,2,H,Germany,Bundesliga,football-data.co.uk
league_7a4fc9cffc2b052b,2024-11-23,BUNDESLIGA,2024-25,LEAGUE,,Borussia Dortmund,Freiburg,4,0,H,Germany,Bundesliga,football-data.co.uk
league_df3ff03259bd670f,2024-11-23,BUNDESLIGA,2024-25,LEAGUE,,Eintracht Frankfurt,Werder Bremen,1,0,H,Germany,Bundesliga,football-data.co.uk
league_a84514397bb1ee69,2024-11-23,BUNDESLIGA,2024-25,LEAGUE,,Hoffenheim,RB Leipzig,4,3,H,Germany,Bundesliga,football-data.co.uk
league_e3fb57abccb3024a,2024-11-23,BUNDESLIGA,2024-25,LEAGUE,,Stuttgart,Bochum,2,0,H,Germany,Bundesliga,football-data.co.uk
league_ed10d42f018b7fd0,2024-11-23,BUNDESLIGA,2024-25,LEAGUE,,Wolfsburg,Union Berlin,1,0,H,Germany,Bundesliga,football-data.co.uk
league_19ff269ca8a6d481,2024-11-24,BUNDESLIGA,2024-25,LEAGUE,,Borussia Mönchengladbach,St Pauli,2,0,H,Germany,Bundesliga,football-data.co.uk
league_37b13b7d68c76f78,2024-11-24,BUNDESLIGA,2024-25,LEAGUE,,Holstein Kiel,FSV Mainz 05,0,3,A,Germany,Bundesliga,football-data.co.uk
league_cd62b9bf45f3c9ce,2024-11-29,BUNDESLIGA,2024-25,LEAGUE,,St Pauli,Holstein Kiel,3,1,H,Germany,Bundesliga,football-data.co.uk
league_a592b1cb7b85819f,2024-11-30,BUNDESLIGA,2024-25,LEAGUE,,Augsburg,Bochum,1,0,H,Germany,Bundesliga,football-data.co.uk
league_d6c2990ae79b206a,2024-11-30,BUNDESLIGA,2024-25,LEAGUE,,Borussia Dortmund,FC Bayern München,1,1,D,Germany,Bundesliga,football-data.co.uk
league_364b3a676e23f155,2024-11-30,BUNDESLIGA,2024-25,LEAGUE,,Freiburg,Borussia Mönchengladbach,3,1,H,Germany,Bundesliga,football-data.co.uk
league_190d2dbdf1d7bd88,2024-11-30,BUNDESLIGA,2024-25,LEAGUE,,RB Leipzig,Wolfsburg,1,5,A,Germany,Bundesliga,football-data.co.uk
league_ce375c64ae4b3e48,2024-11-30,BUNDESLIGA,2024-25,LEAGUE,,Union Berlin,Bayer 04 Leverkusen,1,2,A,Germany,Bundesliga,football-data.co.uk
league_92077e1981832b08,2024-11-30,BUNDESLIGA,2024-25,LEAGUE,,Werder Bremen,Stuttgart,2,2,D,Germany,Bundesliga,football-data.co.uk
league_299fffe8d5969ed2,2024-12-01,BUNDESLIGA,2024-25,LEAGUE,,FSV Mainz 05,Hoffenheim,2,0,H,Germany,Bundesliga,football-data.co.uk
league_5809f9a77598484e,2024-12-01,BUNDESLIGA,2024-25,LEAGUE,,Heidenheim,Eintracht Frankfurt,0,4,A,Germany,Bundesliga,football-data.co.uk
league_d80521f0f80523cd,2024-12-06,BUNDESLIGA,2024-25,LEAGUE,,Stuttgart,Union Berlin,3,2,H,Germany,Bundesliga,football-data.co.uk
league_c91fde2306639131,2024-12-07,BUNDESLIGA,2024-25,LEAGUE,,Bayer 04 Leverkusen,St Pauli,2,1,H,Germany,Bundesliga,football-data.co.uk
league_9ef19c9f82726f5f,2024-12-07,BUNDESLIGA,2024-25,LEAGUE,,Bochum,Werder Bremen,0,1,A,Germany,Bundesliga,football-data.co.uk
league_c4bb3116b0bbd2c6,2024-12-07,BUNDESLIGA,2024-25,LEAGUE,,Borussia Mönchengladbach,Borussia Dortmund,1,1,D,Germany,Bundesliga,football-data.co.uk
league_c14d06fd3c6dcd09,2024-12-07,BUNDESLIGA,2024-25,LEAGUE,,Eintracht Frankfurt,Augsburg,2,2,D,Germany,Bundesliga,football-data.co.uk
league_9c3c489868466a26,2024-12-07,BUNDESLIGA,2024-25,LEAGUE,,FC Bayern München,Heidenheim,4,2,H,Germany,Bundesliga,football-data.co.uk
league_150d115f9e50f0e7,2024-12-07,BUNDESLIGA,2024-25,LEAGUE,,Holstein Kiel,RB Leipzig,0,2,A,Germany,Bundesliga,football-data.co.uk
league_c7b471e9753a5529,2024-12-08,BUNDESLIGA,2024-25,LEAGUE,,Hoffenheim,Freiburg,1,1,D,Germany,Bundesliga,football-data.co.uk
league_099b894391a0088a,2024-12-08,BUNDESLIGA,2024-25,LEAGUE,,Wolfsburg,FSV Mainz 05,4,3,H,Germany,Bundesliga,football-data.co.uk
league_db1bcc624d1ac39d,2024-12-13,BUNDESLIGA,2024-25,LEAGUE,,Freiburg,Wolfsburg,3,2,H,Germany,Bundesliga,football-data.co.uk
league_5a6ca10cd169b827,2024-12-14,BUNDESLIGA,2024-25,LEAGUE,,Augsburg,Bayer 04 Leverkusen,0,2,A,Germany,Bundesliga,football-data.co.uk
league_d48cc8fef728b11d,2024-12-14,BUNDESLIGA,2024-25,LEAGUE,,Borussia Mönchengladbach,Holstein Kiel,4,1,H,Germany,Bundesliga,football-data.co.uk
league_dfd18f7073528fed,2024-12-14,BUNDESLIGA,2024-25,LEAGUE,,FSV Mainz 05,FC Bayern München,2,1,H,Germany,Bundesliga,football-data.co.uk
league_89ea7a604b8e2d26,2024-12-14,BUNDESLIGA,2024-25,LEAGUE,,St Pauli,Werder Bremen,0,2,A,Germany,Bundesliga,football-data.co.uk
league_2c74dc1d16122e19,2024-12-14,BUNDESLIGA,2024-25,LEAGUE,,Union Berlin,Bochum,0,2,A,Germany,Bundesliga,football-data.co.uk
league_58cb0a8ada34a0a7,2024-12-15,BUNDESLIGA,2024-25,LEAGUE,,Borussia Dortmund,Hoffenheim,1,1,D,Germany,Bundesliga,football-data.co.uk
league_f0549dbd991d03a5,2024-12-15,BUNDESLIGA,2024-25,LEAGUE,,Heidenheim,Stuttgart,1,3,A,Germany,Bundesliga,football-data.co.uk
league_e0977cbbdda1fc54,2024-12-15,BUNDESLIGA,2024-25,LEAGUE,,RB Leipzig,Eintracht Frankfurt,2,1,H,Germany,Bundesliga,football-data.co.uk
league_4dab419ab77e91dc,2024-12-20,BUNDESLIGA,2024-25,LEAGUE,,FC Bayern München,RB Leipzig,5,1,H,Germany,Bundesliga,football-data.co.uk
league_372fe1d99d357ad9,2024-12-21,BUNDESLIGA,2024-25,LEAGUE,,Bayer 04 Leverkusen,Freiburg,5,1,H,Germany,Bundesliga,football-data.co.uk
league_76aec30ec880abe8,2024-12-21,BUNDESLIGA,2024-25,LEAGUE,,Eintracht Frankfurt,FSV Mainz 05,1,3,A,Germany,Bundesliga,football-data.co.uk
league_b7d066c25c50aa95,2024-12-21,BUNDESLIGA,2024-25,LEAGUE,,Hoffenheim,Borussia Mönchengladbach,1,2,A,Germany,Bundesliga,football-data.co.uk
league_89585352f98e10ec,2024-12-21,BUNDESLIGA,2024-25,LEAGUE,,Holstein Kiel,Augsburg,5,1,H,Germany,Bundesliga,football-data.co.uk
league_d185a8fc075b98ec,2024-12-21,BUNDESLIGA,2024-25,LEAGUE,,Stuttgart,St Pauli,0,1,A,Germany,Bundesliga,football-data.co.uk
league_db7a8fd8261989ab,2024-12-21,BUNDESLIGA,2024-25,LEAGUE,,Werder Bremen,Union Berlin,4,1,H,Germany,Bundesliga,football-data.co.uk
league_b61404871735aa1c,2024-12-22,BUNDESLIGA,2024-25,LEAGUE,,Bochum,Heidenheim,2,0,H,Germany,Bundesliga,football-data.co.uk
league_c6f25ffa14034ef5,2024-12-22,BUNDESLIGA,2024-25,LEAGUE,,Wolfsburg,Borussia Dortmund,1,3,A,Germany,Bundesliga,football-data.co.uk
league_abf477efac6cf174,2025-01-10,BUNDESLIGA,2024-25,LEAGUE,,Borussia Dortmund,Bayer 04 Leverkusen,2,3,A,Germany,Bundesliga,football-data.co.uk
league_ca51c6035898c65a,2025-01-11,BUNDESLIGA,2024-25,LEAGUE,,Borussia Mönchengladbach,FC Bayern München,0,1,A,Germany,Bundesliga,football-data.co.uk
league_306dda0f0611829f,2025-01-11,BUNDESLIGA,2024-25,LEAGUE,,FSV Mainz 05,Bochum,2,0,H,Germany,Bundesliga,football-data.co.uk
league_0899a7fbe0013681,2025-01-11,BUNDESLIGA,2024-25,LEAGUE,,Freiburg,Holstein Kiel,3,2,H,Germany,Bundesliga,football-data.co.uk
league_d293c16c7115204f,2025-01-11,BUNDESLIGA,2024-25,LEAGUE,,Heidenheim,Union Berlin,2,0,H,Germany,Bundesliga,football-data.co.uk
league_99a5b1ee5d42790f,2025-01-11,BUNDESLIGA,2024-25,LEAGUE,,Hoffenheim,Wolfsburg,0,1,A,Germany,Bundesliga,football-data.co.uk
league_0476b249f52aa796,2025-01-11,BUNDESLIGA,2024-25,LEAGUE,,St Pauli,Eintracht Frankfurt,0,1,A,Germany,Bundesliga,football-data.co.uk
league_f4039ef19ca7344d,2025-01-12,BUNDESLIGA,2024-25,LEAGUE,,Augsburg,Stuttgart,0,1,A,Germany,Bundesliga,football-data.co.uk
league_721de7dfa5be9464,2025-01-12,BUNDESLIGA,2024-25,LEAGUE,,RB Leipzig,Werder Bremen,4,2,H,Germany,Bundesliga,football-data.co.uk
league_f13ab29d9db195d3,2025-01-14,BUNDESLIGA,2024-25,LEAGUE,,Bayer 04 Leverkusen,FSV Mainz 05,1,0,H,Germany,Bundesliga,football-data.co.uk
league_eb558b5b5787c816,2025-01-14,BUNDESLIGA,2024-25,LEAGUE,,Eintracht Frankfurt,Freiburg,4,1,H,Germany,Bundesliga,football-data.co.uk
league_649400def0af45a9,2025-01-14,BUNDESLIGA,2024-25,LEAGUE,,Holstein Kiel,Borussia Dortmund,4,2,H,Germany,Bundesliga,football-data.co.uk
league_568b18cc3297a090,2025-01-14,BUNDESLIGA,2024-25,LEAGUE,,Wolfsburg,Borussia Mönchengladbach,5,1,H,Germany,Bundesliga,football-data.co.uk
league_975689a6851cbdde,2025-01-15,BUNDESLIGA,2024-25,LEAGUE,,Bochum,St Pauli,1,0,H,Germany,Bundesliga,football-data.co.uk
league_c58e9b5041198b54,2025-01-15,BUNDESLIGA,2024-25,LEAGUE,,FC Bayern München,Hoffenheim,5,0,H,Germany,Bundesliga,football-data.co.uk
league_8a2f2bbe8db1500f,2025-01-15,BUNDESLIGA,2024-25,LEAGUE,,Stuttgart,RB Leipzig,2,1,H,Germany,Bundesliga,football-data.co.uk
league_4674a0833433da8d,2025-01-15,BUNDESLIGA,2024-25,LEAGUE,,Union Berlin,Augsburg,0,2,A,Germany,Bundesliga,football-data.co.uk
league_60d2cb6c56f52f41,2025-01-15,BUNDESLIGA,2024-25,LEAGUE,,Werder Bremen,Heidenheim,3,3,D,Germany,Bundesliga,football-data.co.uk
league_8f4b70cb09443a3f,2025-01-17,BUNDESLIGA,2024-25,LEAGUE,,Eintracht Frankfurt,Borussia Dortmund,2,0,H,Germany,Bundesliga,football-data.co.uk
league_c8b22d2e38887e21,2025-01-18,BUNDESLIGA,2024-25,LEAGUE,,Bayer 04 Leverkusen,Borussia Mönchengladbach,3,1,H,Germany,Bundesliga,football-data.co.uk
league_36c3448ef00f8afc,2025-01-18,BUNDESLIGA,2024-25,LEAGUE,,Bochum,RB Leipzig,3,3,D,Germany,Bundesliga,football-data.co.uk
league_ac667823fda8646c,2025-01-18,BUNDESLIGA,2024-25,LEAGUE,,FC Bayern München,Wolfsburg,3,2,H,Germany,Bundesliga,football-data.co.uk
league_60dea4c22e0c9c90,2025-01-18,BUNDESLIGA,2024-25,LEAGUE,,Heidenheim,St Pauli,0,2,A,Germany,Bundesliga,football-data.co.uk
league_48cb214461934b4d,2025-01-18,BUNDESLIGA,2024-25,LEAGUE,,Holstein Kiel,Hoffenheim,1,3,A,Germany,Bundesliga,football-data.co.uk
league_06597baae6378d3c,2025-01-18,BUNDESLIGA,2024-25,LEAGUE,,Stuttgart,Freiburg,4,0,H,Germany,Bundesliga,football-data.co.uk
league_31b2cf96acf6498e,2025-01-19,BUNDESLIGA,2024-25,LEAGUE,,Union Berlin,FSV Mainz 05,2,1,H,Germany,Bundesliga,football-data.co.uk
league_3cf39972637cfff4,2025-01-19,BUNDESLIGA,2024-25,LEAGUE,,Werder Bremen,Augsburg,0,2,A,Germany,Bundesliga,football-data.co.uk
league_0b8ea62b87c352a9,2025-01-24,BUNDESLIGA,2024-25,LEAGUE,,Wolfsburg,Holstein Kiel,2,2,D,Germany,Bundesliga,football-data.co.uk
league_4effeac5079e1e3a,2025-01-25,BUNDESLIGA,2024-25,LEAGUE,,Augsburg,Heidenheim,2,1,H,Germany,Bundesliga,football-data.co.uk
league_3e2aef5698aaeb04,2025-01-25,BUNDESLIGA,2024-25,LEAGUE,,Borussia Dortmund,Werder Bremen,2,2,D,Germany,Bundesliga,football-data.co.uk
league_4214011321007cb3,2025-01-25,BUNDESLIGA,2024-25,LEAGUE,,Borussia Mönchengladbach,Bochum,3,0,H,Germany,Bundesliga,football-data.co.uk
league_560c2b69eac3cf2d,2025-01-25,BUNDESLIGA,2024-25,LEAGUE,,FSV Mainz 05,Stuttgart,2,0,H,Germany,Bundesliga,football-data.co.uk
league_8c963897c7994ae9,2025-01-25,BUNDESLIGA,2024-25,LEAGUE,,Freiburg,FC Bayern München,1,2,A,Germany,Bundesliga,football-data.co.uk
league_a396b404a2925a96,2025-01-25,BUNDESLIGA,2024-25,LEAGUE,,RB Leipzig,Bayer 04 Leverkusen,2,2,D,Germany,Bundesliga,football-data.co.uk
league_301b7588181532f5,2025-01-26,BUNDESLIGA,2024-25,LEAGUE,,Hoffenheim,Eintracht Frankfurt,2,2,D,Germany,Bundesliga,football-data.co.uk
league_b3904a156f1bbff2,2025-01-26,BUNDESLIGA,2024-25,LEAGUE,,St Pauli,Union Berlin,3,0,H,Germany,Bundesliga,football-data.co.uk
league_bbe63f84f4241451,2025-01-31,BUNDESLIGA,2024-25,LEAGUE,,Werder Bremen,FSV Mainz 05,1,0,H,Germany,Bundesliga,football-data.co.uk
league_af3d1f0ea61c5896,2025-02-01,BUNDESLIGA,2024-25,LEAGUE,,Bochum,Freiburg,0,1,A,Germany,Bundesliga,football-data.co.uk
league_5ffce7bf3c3db165,2025-02-01,BUNDESLIGA,2024-25,LEAGUE,,FC Bayern München,Holstein Kiel,4,3,H,Germany,Bundesliga,football-data.co.uk
league_51d35e490e6a58f7,2025-02-01,BUNDESLIGA,2024-25,LEAGUE,,Heidenheim,Borussia Dortmund,1,2,A,Germany,Bundesliga,football-data.co.uk
league_e7c062e16412d4ff,2025-02-01,BUNDESLIGA,2024-25,LEAGUE,,St Pauli,Augsburg,1,1,D,Germany,Bundesliga,football-data.co.uk
league_ded16bfd122dd39d,2025-02-01,BUNDESLIGA,2024-25,LEAGUE,,Stuttgart,Borussia Mönchengladbach,1,2,A,Germany,Bundesliga,football-data.co.uk
league_e5ce08a895d5ef3b,2025-02-01,BUNDESLIGA,2024-25,LEAGUE,,Union Berlin,RB Leipzig,0,0,D,Germany,Bundesliga,football-data.co.uk
league_53a0d0fde157cfdc,2025-02-02,BUNDESLIGA,2024-25,LEAGUE,,Bayer 04 Leverkusen,Hoffenheim,3,1,H,Germany,Bundesliga,football-data.co.uk
league_0e1b741a06a650e5,2025-02-02,BUNDESLIGA,2024-25,LEAGUE,,Eintracht Frankfurt,Wolfsburg,1,1,D,Germany,Bundesliga,football-data.co.uk
league_200673933b7b7780,2025-02-07,BUNDESLIGA,2024-25,LEAGUE,,FC Bayern München,Werder Bremen,3,0,H,Germany,Bundesliga,football-data.co.uk
league_2bddb8be62fb2cd1,2025-02-08,BUNDESLIGA,2024-25,LEAGUE,,Borussia Dortmund,Stuttgart,1,2,A,Germany,Bundesliga,football-data.co.uk
league_c4abd9ffabd2562a,2025-02-08,BUNDESLIGA,2024-25,LEAGUE,,Borussia Mönchengladbach,Eintracht Frankfurt,1,1,D,Germany,Bundesliga,football-data.co.uk
league_9765729b136102ba,2025-02-08,BUNDESLIGA,2024-25,LEAGUE,,FSV Mainz 05,Augsburg,0,0,D,Germany,Bundesliga,football-data.co.uk
league_34f608c09879c86c,2025-02-08,BUNDESLIGA,2024-25,LEAGUE,,Freiburg,Heidenheim,1,0,H,Germany,Bundesliga,football-data.co.uk
league_263243b195225d78,2025-02-08,BUNDESLIGA,2024-25,LEAGUE,,Hoffenheim,Union Berlin,0,4,A,Germany,Bundesliga,football-data.co.uk
league_b4522780a5d480b1,2025-02-08,BUNDESLIGA,2024-25,LEAGUE,,Wolfsburg,Bayer 04 Leverkusen,0,0,D,Germany,Bundesliga,football-data.co.uk
league_cc43e9409fd59d79,2025-02-09,BUNDESLIGA,2024-25,LEAGUE,,Holstein Kiel,Bochum,2,2,D,Germany,Bundesliga,football-data.co.uk
league_2a169afaa811a34b,2025-02-09,BUNDESLIGA,2024-25,LEAGUE,,RB Leipzig,St Pauli,2,0,H,Germany,Bundesliga,football-data.co.uk
league_01e9e1e37256f6fc,2025-02-14,BUNDESLIGA,2024-25,LEAGUE,,Augsburg,RB Leipzig,0,0,D,Germany,Bundesliga,football-data.co.uk
league_f71bf1a7efceddc9,2025-02-15,BUNDESLIGA,2024-25,LEAGUE,,Bayer 04 Leverkusen,FC Bayern München,0,0,D,Germany,Bundesliga,football-data.co.uk
league_0f7d8760d02fd366,2025-02-15,BUNDESLIGA,2024-25,LEAGUE,,Bochum,Borussia Dortmund,2,0,H,Germany,Bundesliga,football-data.co.uk
league_1fa5ea936bdc6ebc,2025-02-15,BUNDESLIGA,2024-25,LEAGUE,,St Pauli,Freiburg,0,1,A,Germany,Bundesliga,football-data.co.uk
league_c3b51f7ee0f5c1e7,2025-02-15,BUNDESLIGA,2024-25,LEAGUE,,Stuttgart,Wolfsburg,1,2,A,Germany,Bundesliga,football-data.co.uk
league_2269df0df0256b8d,2025-02-15,BUNDESLIGA,2024-25,LEAGUE,,Union Berlin,Borussia Mönchengladbach,1,2,A,Germany,Bundesliga,football-data.co.uk
league_ea6518095ae76760,2025-02-16,BUNDESLIGA,2024-25,LEAGUE,,Eintracht Frankfurt,Holstein Kiel,3,1,H,Germany,Bundesliga,football-data.co.uk
league_fbc2f51b0d2b2d9c,2025-02-16,BUNDESLIGA,2024-25,LEAGUE,,Heidenheim,FSV Mainz 05,0,2,A,Germany,Bundesliga,football-data.co.uk
league_11a47f8f34356ced,2025-02-16,BUNDESLIGA,2024-25,LEAGUE,,Werder Bremen,Hoffenheim,1,3,A,Germany,Bundesliga,football-data.co.uk
league_474cf085e1e7efde,2025-02-21,BUNDESLIGA,2024-25,LEAGUE,,Freiburg,Werder Bremen,5,0,H,Germany,Bundesliga,football-data.co.uk
league_b4c047fd2422603b,2025-02-22,BUNDESLIGA,2024-25,LEAGUE,,Borussia Dortmund,Union Berlin,6,0,H,Germany,Bundesliga,football-data.co.uk
league_6029314f7cb5d055,2025-02-22,BUNDESLIGA,2024-25,LEAGUE,,Borussia Mönchengladbach,Augsburg,0,3,A,Germany,Bundesliga,football-data.co.uk
league_2edd31912b403182,2025-02-22,BUNDESLIGA,2024-25,LEAGUE,,FSV Mainz 05,St Pauli,2,0,H,Germany,Bundesliga,football-data.co.uk
league_418ea4d31357220a,2025-02-22,BUNDESLIGA,2024-25,LEAGUE,,Holstein Kiel,Bayer 04 Leverkusen,0,2,A,Germany,Bundesliga,football-data.co.uk
league_f8be2e048cfd530c,2025-02-22,BUNDESLIGA,2024-25,LEAGUE,,Wolfsburg,Bochum,1,1,D,Germany,Bundesliga,football-data.co.uk
league_10eaaa3a9ce3d86a,2025-02-23,BUNDESLIGA,2024-25,LEAGUE,,FC Bayern München,Eintracht Frankfurt,4,0,H,Germany,Bundesliga,football-data.co.uk
league_f36597c9591d4749,2025-02-23,BUNDESLIGA,2024-25,LEAGUE,,Hoffenheim,Stuttgart,1,1,D,Germany,Bundesliga,football-data.co.uk
league_46dbf89489e7da9e,2025-02-23,BUNDESLIGA,2024-25,LEAGUE,,RB Leipzig,Heidenheim,2,2,D,Germany,Bundesliga,football-data.co.uk
league_c6bfcc3a9abf4e47,2025-02-28,BUNDESLIGA,2024-25,LEAGUE,,Stuttgart,FC Bayern München,1,3,A,Germany,Bundesliga,football-data.co.uk
league_3080c42f801ab01e,2025-03-01,BUNDESLIGA,2024-25,LEAGUE,,Bochum,Hoffenheim,0,1,A,Germany,Bundesliga,football-data.co.uk
league_048f73e29a60fe06,2025-03-01,BUNDESLIGA,2024-25,LEAGUE,,Eintracht Frankfurt,Bayer 04 Leverkusen,1,4,A,Germany,Bundesliga,football-data.co.uk
league_7c4a5c8c0b68c9d9,2025-03-01,BUNDESLIGA,2024-25,LEAGUE,,Heidenheim,Borussia Mönchengladbach,0,3,A,Germany,Bundesliga,football-data.co.uk
league_ab96240421a1160d,2025-03-01,BUNDESLIGA,2024-25,LEAGUE,,RB Leipzig,FSV Mainz 05,1,2,A,Germany,Bundesliga,football-data.co.uk
league_9c5a85467a03e633,2025-03-01,BUNDESLIGA,2024-25,LEAGUE,,St Pauli,Borussia Dortmund,0,2,A,Germany,Bundesliga,football-data.co.uk
league_ead9e66ce47bdca6,2025-03-01,BUNDESLIGA,2024-25,LEAGUE,,Werder Bremen,Wolfsburg,1,2,A,Germany,Bundesliga,football-data.co.uk
league_9e5723fc5fdf9142,2025-03-02,BUNDESLIGA,2024-25,LEAGUE,,Augsburg,Freiburg,0,0,D,Germany,Bundesliga,football-data.co.uk
league_ec1a442edfb24ac1,2025-03-02,BUNDESLIGA,2024-25,LEAGUE,,Union Berlin,Holstein Kiel,0,1,A,Germany,Bundesliga,football-data.co.uk
league_7ae8377f958290f9,2025-03-07,BUNDESLIGA,2024-25,LEAGUE,,Borussia Mönchengladbach,FSV Mainz 05,1,3,A,Germany,Bundesliga,football-data.co.uk
league_4ed3d12a913722d2,2025-03-08,BUNDESLIGA,2024-25,LEAGUE,,Bayer 04 Leverkusen,Werder Bremen,0,2,A,Germany,Bundesliga,football-data.co.uk
league_872207049d38f842,2025-03-08,BUNDESLIGA,2024-25,LEAGUE,,Borussia Dortmund,Augsburg,0,1,A,Germany,Bundesliga,football-data.co.uk
league_6080bf4a5146d5dc,2025-03-08,BUNDESLIGA,2024-25,LEAGUE,,FC Bayern München,Bochum,2,3,A,Germany,Bundesliga,football-data.co.uk
league_da6cdcdb79d547c7,2025-03-08,BUNDESLIGA,2024-25,LEAGUE,,Freiburg,RB Leipzig,0,0,D,Germany,Bundesliga,football-data.co.uk
league_83d1ec8de5796722,2025-03-08,BUNDESLIGA,2024-25,LEAGUE,,Holstein Kiel,Stuttgart,2,2,D,Germany,Bundesliga,football-data.co.uk
league_6089b40a98d6cb86,2025-03-08,BUNDESLIGA,2024-25,LEAGUE,,Wolfsburg,St Pauli,1,1,D,Germany,Bundesliga,football-data.co.uk
league_cdb8562a83d7b2ff,2025-03-09,BUNDESLIGA,2024-25,LEAGUE,,Eintracht Frankfurt,Union Berlin,1,2,A,Germany,Bundesliga,football-data.co.uk
league_3cbf3807b3e9d691,2025-03-09,BUNDESLIGA,2024-25,LEAGUE,,Hoffenheim,Heidenheim,1,1,D,Germany,Bundesliga,football-data.co.uk
league_b876c38362da70e4,2025-03-14,BUNDESLIGA,2024-25,LEAGUE,,St Pauli,Hoffenheim,1,0,H,Germany,Bundesliga,football-data.co.uk
league_146b5c42e2804d60,2025-03-15,BUNDESLIGA,2024-25,LEAGUE,,Augsburg,Wolfsburg,1,0,H,Germany,Bundesliga,football-data.co.uk
league_4556be6fa5b3192d,2025-03-15,BUNDESLIGA,2024-25,LEAGUE,,FSV Mainz 05,Freiburg,2,2,D,Germany,Bundesliga,football-data.co.uk
league_f586f696ab0f8fc9,2025-03-15,BUNDESLIGA,2024-25,LEAGUE,,RB Leipzig,Borussia Dortmund,2,0,H,Germany,Bundesliga,football-data.co.uk
league_665bb588e96046d9,2025-03-15,BUNDESLIGA,2024-25,LEAGUE,,Union Berlin,FC Bayern München,1,1,D,Germany,Bundesliga,football-data.co.uk
league_25771db568a0edd9,2025-03-15,BUNDESLIGA,2024-25,LEAGUE,,Werder Bremen,Borussia Mönchengladbach,2,4,A,Germany,Bundesliga,football-data.co.uk
league_516e161822f71cc5,2025-03-16,BUNDESLIGA,2024-25,LEAGUE,,Bochum,Eintracht Frankfurt,1,3,A,Germany,Bundesliga,football-data.co.uk
league_ad41c316e5682264,2025-03-16,BUNDESLIGA,2024-25,LEAGUE,,Heidenheim,Holstein Kiel,3,1,H,Germany,Bundesliga,football-data.co.uk
league_3ed92fef2f72d29c,2025-03-16,BUNDESLIGA,2024-25,LEAGUE,,Stuttgart,Bayer 04 Leverkusen,3,4,A,Germany,Bundesliga,football-data.co.uk
league_ed9d35fb462bced5,2025-03-28,BUNDESLIGA,2024-25,LEAGUE,,Bayer 04 Leverkusen,Bochum,3,1,H,Germany,Bundesliga,football-data.co.uk
league_41f6f399756586c4,2025-03-29,BUNDESLIGA,2024-25,LEAGUE,,Borussia Mönchengladbach,RB Leipzig,1,0,H,Germany,Bundesliga,football-data.co.uk
league_05cebcf5a6d5ebe1,2025-03-29,BUNDESLIGA,2024-25,LEAGUE,,Eintracht Frankfurt,Stuttgart,1,0,H,Germany,Bundesliga,football-data.co.uk
league_4aad0418b013d5ca,2025-03-29,BUNDESLIGA,2024-25,LEAGUE,,FC Bayern München,St Pauli,3,2,H,Germany,Bundesliga,football-data.co.uk
league_78da961776621b16,2025-03-29,BUNDESLIGA,2024-25,LEAGUE,,Hoffenheim,Augsburg,1,1,D,Germany,Bundesliga,football-data.co.uk
league_b9f3367c64311f82,2025-03-29,BUNDESLIGA,2024-25,LEAGUE,,Holstein Kiel,Werder Bremen,0,3,A,Germany,Bundesliga,football-data.co.uk
league_151bdb083a0c950e,2025-03-29,BUNDESLIGA,2024-25,LEAGUE,,Wolfsburg,Heidenheim,0,1,A,Germany,Bundesliga,football-data.co.uk
league_7b0dc719432a2369,2025-03-30,BUNDESLIGA,2024-25,LEAGUE,,Borussia Dortmund,FSV Mainz 05,3,1,H,Germany,Bundesliga,football-data.co.uk
league_491ce05bc354a06d,2025-03-30,BUNDESLIGA,2024-25,LEAGUE,,Freiburg,Union Berlin,1,2,A,Germany,Bundesliga,football-data.co.uk
league_06b327d94c59a131,2025-04-04,BUNDESLIGA,2024-25,LEAGUE,,Augsburg,FC Bayern München,1,3,A,Germany,Bundesliga,football-data.co.uk
league_1f2c626da6e11584,2025-04-05,BUNDESLIGA,2024-25,LEAGUE,,Bochum,Stuttgart,0,4,A,Germany,Bundesliga,football-data.co.uk
league_517f414137990ffa,2025-04-05,BUNDESLIGA,2024-25,LEAGUE,,FSV Mainz 05,Holstein Kiel,1,1,D,Germany,Bundesliga,football-data.co.uk
league_b3bfffc0ab054eb7,2025-04-05,BUNDESLIGA,2024-25,LEAGUE,,Freiburg,Borussia Dortmund,1,4,A,Germany,Bundesliga,football-data.co.uk
league_872e445a86625d4a,2025-04-05,BUNDESLIGA,2024-25,LEAGUE,,Heidenheim,Bayer 04 Leverkusen,0,1,A,Germany,Bundesliga,football-data.co.uk
league_ae688dcd503d59bc,2025-04-05,BUNDESLIGA,2024-25,LEAGUE,,RB Leipzig,Hoffenheim,3,1,H,Germany,Bundesliga,football-data.co.uk
league_9584319f83df3f59,2025-04-05,BUNDESLIGA,2024-25,LEAGUE,,Werder Bremen,Eintracht Frankfurt,2,0,H,Germany,Bundesliga,football-data.co.uk
league_cd07998d894f5dd1,2025-04-06,BUNDESLIGA,2024-25,LEAGUE,,St Pauli,Borussia Mönchengladbach,1,1,D,Germany,Bundesliga,football-data.co.uk
league_5e7ef17c19cc68d9,2025-04-06,BUNDESLIGA,2024-25,LEAGUE,,Union Berlin,Wolfsburg,1,0,H,Germany,Bundesliga,football-data.co.uk
league_aae9b5c9fe11db10,2025-04-11,BUNDESLIGA,2024-25,LEAGUE,,Wolfsburg,RB Leipzig,2,3,A,Germany,Bundesliga,football-data.co.uk
league_7d93c8b24dd9b2c4,2025-04-12,BUNDESLIGA,2024-25,LEAGUE,,Bayer 04 Leverkusen,Union Berlin,0,0,D,Germany,Bundesliga,football-data.co.uk
league_f422710ddd74fc9c,2025-04-12,BUNDESLIGA,2024-25,LEAGUE,,Bochum,Augsburg,1,2,A,Germany,Bundesliga,football-data.co.uk
league_e014592cb4098295,2025-04-12,BUNDESLIGA,2024-25,LEAGUE,,Borussia Mönchengladbach,Freiburg,1,2,A,Germany,Bundesliga,football-data.co.uk
league_3f7d2b2342967b63,2025-04-12,BUNDESLIGA,2024-25,LEAGUE,,FC Bayern München,Borussia Dortmund,2,2,D,Germany,Bundesliga,football-data.co.uk
league_5e46b593cd5da061,2025-04-12,BUNDESLIGA,2024-25,LEAGUE,,Hoffenheim,FSV Mainz 05,2,0,H,Germany,Bundesliga,football-data.co.uk
league_dc9bbdd148e1e594,2025-04-12,BUNDESLIGA,2024-25,LEAGUE,,Holstein Kiel,St Pauli,1,2,A,Germany,Bundesliga,football-data.co.uk
league_a4a4d35fcb94aaf7,2025-04-13,BUNDESLIGA,2024-25,LEAGUE,,Eintracht Frankfurt,Heidenheim,3,0,H,Germany,Bundesliga,football-data.co.uk
league_6ca51ec4766bc6f9,2025-04-13,BUNDESLIGA,2024-25,LEAGUE,,Stuttgart,Werder Bremen,1,2,A,Germany,Bundesliga,football-data.co.uk
league_a51652e3e143e48d,2025-04-19,BUNDESLIGA,2024-25,LEAGUE,,FSV Mainz 05,Wolfsburg,2,2,D,Germany,Bundesliga,football-data.co.uk
league_360a9bb91011eac8,2025-04-19,BUNDESLIGA,2024-25,LEAGUE,,Freiburg,Hoffenheim,3,2,H,Germany,Bundesliga,football-data.co.uk
league_2390ff6dc1f5c8fd,2025-04-19,BUNDESLIGA,2024-25,LEAGUE,,Heidenheim,FC Bayern München,0,4,A,Germany,Bundesliga,football-data.co.uk
league_b83e6adbfe503359,2025-04-19,BUNDESLIGA,2024-25,LEAGUE,,RB Leipzig,Holstein Kiel,1,1,D,Germany,Bundesliga,football-data.co.uk
league_0ef32c9e3853d36e,2025-04-19,BUNDESLIGA,2024-25,LEAGUE,,Union Berlin,Stuttgart,4,4,D,Germany,Bundesliga,football-data.co.uk
league_cb2cdd651bc344ce,2025-04-19,BUNDESLIGA,2024-25,LEAGUE,,Werder Bremen,Bochum,1,0,H,Germany,Bundesliga,football-data.co.uk
league_d649b350b2e752b9,2025-04-20,BUNDESLIGA,2024-25,LEAGUE,,Augsburg,Eintracht Frankfurt,0,0,D,Germany,Bundesliga,football-data.co.uk
league_e2f98cffa94aefcd,2025-04-20,BUNDESLIGA,2024-25,LEAGUE,,Borussia Dortmund,Borussia Mönchengladbach,3,2,H,Germany,Bundesliga,football-data.co.uk
league_835588e1c3a2a681,2025-04-20,BUNDESLIGA,2024-25,LEAGUE,,St Pauli,Bayer 04 Leverkusen,1,1,D,Germany,Bundesliga,football-data.co.uk
league_9ba21a1936f021af,2025-04-25,BUNDESLIGA,2024-25,LEAGUE,,Stuttgart,Heidenheim,0,1,A,Germany,Bundesliga,football-data.co.uk
league_d4c6f7d4ba136f90,2025-04-26,BUNDESLIGA,2024-25,LEAGUE,,Bayer 04 Leverkusen,Augsburg,2,0,H,Germany,Bundesliga,football-data.co.uk
league_98616917f01d0b12,2025-04-26,BUNDESLIGA,2024-25,LEAGUE,,Eintracht Frankfurt,RB Leipzig,4,0,H,Germany,Bundesliga,football-data.co.uk
league_53adfba553f02181,2025-04-26,BUNDESLIGA,2024-25,LEAGUE,,FC Bayern München,FSV Mainz 05,3,0,H,Germany,Bundesliga,football-data.co.uk
league_bdb7d53171682b41,2025-04-26,BUNDESLIGA,2024-25,LEAGUE,,Hoffenheim,Borussia Dortmund,2,3,A,Germany,Bundesliga,football-data.co.uk
league_c8211292cd6146ab,2025-04-26,BUNDESLIGA,2024-25,LEAGUE,,Holstein Kiel,Borussia Mönchengladbach,4,3,H,Germany,Bundesliga,football-data.co.uk
league_5ba1b4526592dd19,2025-04-26,BUNDESLIGA,2024-25,LEAGUE,,Wolfsburg,Freiburg,0,1,A,Germany,Bundesliga,football-data.co.uk
league_50053684a6faba3c,2025-04-27,BUNDESLIGA,2024-25,LEAGUE,,Bochum,Union Berlin,1,1,D,Germany,Bundesliga,football-data.co.uk
league_c6e4fedeb7f10bac,2025-04-27,BUNDESLIGA,2024-25,LEAGUE,,Werder Bremen,St Pauli,0,0,D,Germany,Bundesliga,football-data.co.uk
league_76b9e25ceb8fdcce,2025-05-02,BUNDESLIGA,2024-25,LEAGUE,,Heidenheim,Bochum,0,0,D,Germany,Bundesliga,football-data.co.uk
league_69da742a609f67b1,2025-05-03,BUNDESLIGA,2024-25,LEAGUE,,Borussia Dortmund,Wolfsburg,4,0,H,Germany,Bundesliga,football-data.co.uk
league_c679151c5af04c22,2025-05-03,BUNDESLIGA,2024-25,LEAGUE,,Borussia Mönchengladbach,Hoffenheim,4,4,D,Germany,Bundesliga,football-data.co.uk
league_4e542f8bb549be87,2025-05-03,BUNDESLIGA,2024-25,LEAGUE,,RB Leipzig,FC Bayern München,3,3,D,Germany,Bundesliga,football-data.co.uk
league_7ccd8efadc0640c2,2025-05-03,BUNDESLIGA,2024-25,LEAGUE,,St Pauli,Stuttgart,0,1,A,Germany,Bundesliga,football-data.co.uk
league_60921be67bf145a6,2025-05-03,BUNDESLIGA,2024-25,LEAGUE,,Union Berlin,Werder Bremen,2,2,D,Germany,Bundesliga,football-data.co.uk
league_54642d45f1b4cf66,2025-05-04,BUNDESLIGA,2024-25,LEAGUE,,Augsburg,Holstein Kiel,1,3,A,Germany,Bundesliga,football-data.co.uk
league_a848abe081c1e317,2025-05-04,BUNDESLIGA,2024-25,LEAGUE,,FSV Mainz 05,Eintracht Frankfurt,1,1,D,Germany,Bundesliga,football-data.co.uk
league_77794604ae389758,2025-05-04,BUNDESLIGA,2024-25,LEAGUE,,Freiburg,Bayer 04 Leverkusen,2,2,D,Germany,Bundesliga,football-data.co.uk
league_d70295bf9aa75c47,2025-05-09,BUNDESLIGA,2024-25,LEAGUE,,Wolfsburg,Hoffenheim,2,2,D,Germany,Bundesliga,football-data.co.uk
league_a3b725d5c17f6320,2025-05-10,BUNDESLIGA,2024-25,LEAGUE,,Bochum,FSV Mainz 05,1,4,A,Germany,Bundesliga,football-data.co.uk
league_2967fd3f9b9387f2,2025-05-10,BUNDESLIGA,2024-25,LEAGUE,,FC Bayern München,Borussia Mönchengladbach,2,0,H,Germany,Bundesliga,football-data.co.uk
league_9ff56214d2dfb1ed,2025-05-10,BUNDESLIGA,2024-25,LEAGUE,,Holstein Kiel,Freiburg,1,2,A,Germany,Bundesliga,football-data.co.uk
league_24f7cfbe9e7c6fea,2025-05-10,BUNDESLIGA,2024-25,LEAGUE,,Union Berlin,Heidenheim,0,3,A,Germany,Bundesliga,football-data.co.uk
league_c6db2a6cefe6261c,2025-05-10,BUNDESLIGA,2024-25,LEAGUE,,Werder Bremen,RB Leipzig,0,0,D,Germany,Bundesliga,football-data.co.uk
league_eb2f545692605761,2025-05-11,BUNDESLIGA,2024-25,LEAGUE,,Bayer 04 Leverkusen,Borussia Dortmund,2,4,A,Germany,Bundesliga,football-data.co.uk
league_7807ab98b934887b,2025-05-11,BUNDESLIGA,2024-25,LEAGUE,,Eintracht Frankfurt,St Pauli,2,2,D,Germany,Bundesliga,football-data.co.uk
league_06d16bc5e08c5ea2,2025-05-11,BUNDESLIGA,2024-25,LEAGUE,,Stuttgart,Augsburg,4,0,H,Germany,Bundesliga,football-data.co.uk
league_bf64995a87715577,2025-05-17,BUNDESLIGA,2024-25,LEAGUE,,Augsburg,Union Berlin,1,2,A,Germany,Bundesliga,football-data.co.uk
league_9bd60a3fb4465b47,2025-05-17,BUNDESLIGA,2024-25,LEAGUE,,Borussia Dortmund,Holstein Kiel,3,0,H,Germany,Bundesliga,football-data.co.uk
league_15cc34e2853a29ce,2025-05-17,BUNDESLIGA,2024-25,LEAGUE,,Borussia Mönchengladbach,Wolfsburg,0,1,A,Germany,Bundesliga,football-data.co.uk
league_84e577c4daf8b444,2025-05-17,BUNDESLIGA,2024-25,LEAGUE,,FSV Mainz 05,Bayer 04 Leverkusen,2,2,D,Germany,Bundesliga,football-data.co.uk
league_fa3b78b4416242e7,2025-05-17,BUNDESLIGA,2024-25,LEAGUE,,Freiburg,Eintracht Frankfurt,1,3,A,Germany,Bundesliga,football-data.co.uk
league_5434f5b3df6b509e,2025-05-17,BUNDESLIGA,2024-25,LEAGUE,,Heidenheim,Werder Bremen,1,4,A,Germany,Bundesliga,football-data.co.uk
league_1805bf8338d6870e,2025-05-17,BUNDESLIGA,2024-25,LEAGUE,,Hoffenheim,FC Bayern München,0,4,A,Germany,Bundesliga,football-data.co.uk
league_f62bde245aabc275,2025-05-17,BUNDESLIGA,2024-25,LEAGUE,,RB Leipzig,Stuttgart,2,3,A,Germany,Bundesliga,football-data.co.uk
league_bf3ca1669006f3ea,2025-05-17,BUNDESLIGA,2024-25,LEAGUE,,St Pauli,Bochum,0,2,A,Germany,Bundesliga,football-data.co.uk
league_e519830f6e3b0121,2025-08-22,BUNDESLIGA,2025-26,LEAGUE,,FC Bayern München,RB Leipzig,6,0,H,Germany,Bundesliga,football-data.co.uk
league_44b72b6c0cc1d5fb,2025-08-23,BUNDESLIGA,2025-26,LEAGUE,,Bayer 04 Leverkusen,Hoffenheim,1,2,A,Germany,Bundesliga,football-data.co.uk
league_01a4210e36dbdcbf,2025-08-23,BUNDESLIGA,2025-26,LEAGUE,,Eintracht Frankfurt,Werder Bremen,4,1,H,Germany,Bundesliga,football-data.co.uk
league_507b1174d630936c,2025-08-23,BUNDESLIGA,2025-26,LEAGUE,,Freiburg,Augsburg,1,3,A,Germany,Bundesliga,football-data.co.uk
league_fbaaafa1a01df7ce,2025-08-23,BUNDESLIGA,2025-26,LEAGUE,,Heidenheim,Wolfsburg,1,3,A,Germany,Bundesliga,football-data.co.uk
league_a5dfd9384f8c6acc,2025-08-23,BUNDESLIGA,2025-26,LEAGUE,,St Pauli,Borussia Dortmund,3,3,D,Germany,Bundesliga,football-data.co.uk
league_b2194c76e5123000,2025-08-23,BUNDESLIGA,2025-26,LEAGUE,,Union Berlin,Stuttgart,2,1,H,Germany,Bundesliga,football-data.co.uk
league_c2ab92849a7a2b9f,2025-08-24,BUNDESLIGA,2025-26,LEAGUE,,Borussia Mönchengladbach,Hamburg,0,0,D,Germany,Bundesliga,football-data.co.uk
league_c3543de6c4808bb0,2025-08-24,BUNDESLIGA,2025-26,LEAGUE,,FSV Mainz 05,FC Koln,0,1,A,Germany,Bundesliga,football-data.co.uk
league_51ca84e88171c379,2025-08-29,BUNDESLIGA,2025-26,LEAGUE,,Hamburg,St Pauli,0,2,A,Germany,Bundesliga,football-data.co.uk
league_3d2a86f03550c10a,2025-08-30,BUNDESLIGA,2025-26,LEAGUE,,Augsburg,FC Bayern München,2,3,A,Germany,Bundesliga,football-data.co.uk
league_0e83ba2d1d0985ed,2025-08-30,BUNDESLIGA,2025-26,LEAGUE,,Hoffenheim,Eintracht Frankfurt,1,3,A,Germany,Bundesliga,football-data.co.uk
league_df8d5d3d8e76d394,2025-08-30,BUNDESLIGA,2025-26,LEAGUE,,RB Leipzig,Heidenheim,2,0,H,Germany,Bundesliga,football-data.co.uk
league_8182c78e8b007a6d,2025-08-30,BUNDESLIGA,2025-26,LEAGUE,,Stuttgart,Borussia Mönchengladbach,1,0,H,Germany,Bundesliga,football-data.co.uk
league_994ba20d88f1179d,2025-08-30,BUNDESLIGA,2025-26,LEAGUE,,Werder Bremen,Bayer 04 Leverkusen,3,3,D,Germany,Bundesliga,football-data.co.uk
league_38e6a54757d27a1c,2025-08-31,BUNDESLIGA,2025-26,LEAGUE,,Borussia Dortmund,Union Berlin,3,0,H,Germany,Bundesliga,football-data.co.uk
league_8f17588476e7e595,2025-08-31,BUNDESLIGA,2025-26,LEAGUE,,FC Koln,Freiburg,4,1,H,Germany,Bundesliga,football-data.co.uk
league_023ddf9fd923f09d,2025-08-31,BUNDESLIGA,2025-26,LEAGUE,,Wolfsburg,FSV Mainz 05,1,1,D,Germany,Bundesliga,football-data.co.uk
league_99577dc09c8712d9,2025-09-12,BUNDESLIGA,2025-26,LEAGUE,,Bayer 04 Leverkusen,Eintracht Frankfurt,3,1,H,Germany,Bundesliga,football-data.co.uk
league_a5fb80862f8e339f,2025-09-13,BUNDESLIGA,2025-26,LEAGUE,,FC Bayern München,Hamburg,5,0,H,Germany,Bundesliga,football-data.co.uk
league_e52afc21f82e83b1,2025-09-13,BUNDESLIGA,2025-26,LEAGUE,,FSV Mainz 05,RB Leipzig,0,1,A,Germany,Bundesliga,football-data.co.uk
league_354940051b6699d9,2025-09-13,BUNDESLIGA,2025-26,LEAGUE,,Freiburg,Stuttgart,3,1,H,Germany,Bundesliga,football-data.co.uk
league_46b436a0d90b34de,2025-09-13,BUNDESLIGA,2025-26,LEAGUE,,Heidenheim,Borussia Dortmund,0,2,A,Germany,Bundesliga,football-data.co.uk
league_4629bfc760f5ad16,2025-09-13,BUNDESLIGA,2025-26,LEAGUE,,Union Berlin,Hoffenheim,2,4,A,Germany,Bundesliga,football-data.co.uk
league_4e23cb67c0063814,2025-09-13,BUNDESLIGA,2025-26,LEAGUE,,Wolfsburg,FC Koln,3,3,D,Germany,Bundesliga,football-data.co.uk
league_9819316e54184ca6,2025-09-14,BUNDESLIGA,2025-26,LEAGUE,,Borussia Mönchengladbach,Werder Bremen,0,4,A,Germany,Bundesliga,football-data.co.uk
league_1d3f6348bc9e370f,2025-09-14,BUNDESLIGA,2025-26,LEAGUE,,St Pauli,Augsburg,2,1,H,Germany,Bundesliga,football-data.co.uk
league_803c29fedca62776,2025-09-19,BUNDESLIGA,2025-26,LEAGUE,,Stuttgart,St Pauli,2,0,H,Germany,Bundesliga,football-data.co.uk
league_c8e9742ae4107c7b,2025-09-20,BUNDESLIGA,2025-26,LEAGUE,,Augsburg,FSV Mainz 05,1,4,A,Germany,Bundesliga,football-data.co.uk
league_093bd3b888cea055,2025-09-20,BUNDESLIGA,2025-26,LEAGUE,,Hamburg,Heidenheim,2,1,H,Germany,Bundesliga,football-data.co.uk
league_de5f97b1b4918b28,2025-09-20,BUNDESLIGA,2025-26,LEAGUE,,Hoffenheim,FC Bayern München,1,4,A,Germany,Bundesliga,football-data.co.uk
league_a215b40c10532135,2025-09-20,BUNDESLIGA,2025-26,LEAGUE,,RB Leipzig,FC Koln,3,1,H,Germany,Bundesliga,football-data.co.uk
league_4db9aa58ce549277,2025-09-20,BUNDESLIGA,2025-26,LEAGUE,,Werder Bremen,Freiburg,0,3,A,Germany,Bundesliga,football-data.co.uk
league_5092c43e108da622,2025-09-21,BUNDESLIGA,2025-26,LEAGUE,,Bayer 04 Leverkusen,Borussia Mönchengladbach,1,1,D,Germany,Bundesliga,football-data.co.uk
league_779638f5da843bb6,2025-09-21,BUNDESLIGA,2025-26,LEAGUE,,Borussia Dortmund,Wolfsburg,1,0,H,Germany,Bundesliga,football-data.co.uk
league_bd551b51192b3530,2025-09-21,BUNDESLIGA,2025-26,LEAGUE,,Eintracht Frankfurt,Union Berlin,3,4,A,Germany,Bundesliga,football-data.co.uk
league_49d68b3a064d3d68,2025-09-26,BUNDESLIGA,2025-26,LEAGUE,,FC Bayern München,Werder Bremen,4,0,H,Germany,Bundesliga,football-data.co.uk
league_c94e52cf599b43c9,2025-09-27,BUNDESLIGA,2025-26,LEAGUE,,Borussia Mönchengladbach,Eintracht Frankfurt,4,6,A,Germany,Bundesliga,football-data.co.uk
league_e88ca4ece41a7392,2025-09-27,BUNDESLIGA,2025-26,LEAGUE,,FSV Mainz 05,Borussia Dortmund,0,2,A,Germany,Bundesliga,football-data.co.uk
league_a25b8b751d10efcf,2025-09-27,BUNDESLIGA,2025-26,LEAGUE,,Heidenheim,Augsburg,2,1,H,Germany,Bundesliga,football-data.co.uk
league_9fc5a1d2f8100ba0,2025-09-27,BUNDESLIGA,2025-26,LEAGUE,,St Pauli,Bayer 04 Leverkusen,1,2,A,Germany,Bundesliga,football-data.co.uk
league_cc5e2760bd479eae,2025-09-27,BUNDESLIGA,2025-26,LEAGUE,,Wolfsburg,RB Leipzig,0,1,A,Germany,Bundesliga,football-data.co.uk
league_982e5bc2f513a12b,2025-09-28,BUNDESLIGA,2025-26,LEAGUE,,FC Koln,Stuttgart,1,2,A,Germany,Bundesliga,football-data.co.uk
league_ca02bb41a1f75929,2025-09-28,BUNDESLIGA,2025-26,LEAGUE,,Freiburg,Hoffenheim,1,1,D,Germany,Bundesliga,football-data.co.uk
league_3156d7120b6bcc4c,2025-09-28,BUNDESLIGA,2025-26,LEAGUE,,Union Berlin,Hamburg,0,0,D,Germany,Bundesliga,football-data.co.uk
league_104dd40edfd22308,2025-10-03,BUNDESLIGA,2025-26,LEAGUE,,Hoffenheim,FC Koln,0,1,A,Germany,Bundesliga,football-data.co.uk
league_ce0d09e42dcf634e,2025-10-04,BUNDESLIGA,2025-26,LEAGUE,,Augsburg,Wolfsburg,3,1,H,Germany,Bundesliga,football-data.co.uk
league_49598ded5c5a3d88,2025-10-04,BUNDESLIGA,2025-26,LEAGUE,,Bayer 04 Leverkusen,Union Berlin,2,0,H,Germany,Bundesliga,football-data.co.uk
league_0b84eb3a991dae71,2025-10-04,BUNDESLIGA,2025-26,LEAGUE,,Borussia Dortmund,RB Leipzig,1,1,D,Germany,Bundesliga,football-data.co.uk
league_363bca64e435fee8,2025-10-04,BUNDESLIGA,2025-26,LEAGUE,,Eintracht Frankfurt,FC Bayern München,0,3,A,Germany,Bundesliga,football-data.co.uk
league_8082ee1139e7cc21,2025-10-04,BUNDESLIGA,2025-26,LEAGUE,,Werder Bremen,St Pauli,1,0,H,Germany,Bundesliga,football-data.co.uk
league_f9249234a609fbfb,2025-10-05,BUNDESLIGA,2025-26,LEAGUE,,Borussia Mönchengladbach,Freiburg,0,0,D,Germany,Bundesliga,football-data.co.uk
league_f7b152780fae2589,2025-10-05,BUNDESLIGA,2025-26,LEAGUE,,Hamburg,FSV Mainz 05,4,0,H,Germany,Bundesliga,football-data.co.uk
league_90afede70bf11e5a,2025-10-05,BUNDESLIGA,2025-26,LEAGUE,,Stuttgart,Heidenheim,1,0,H,Germany,Bundesliga,football-data.co.uk
league_05b55504791bfe51,2025-10-17,BUNDESLIGA,2025-26,LEAGUE,,Union Berlin,Borussia Mönchengladbach,3,1,H,Germany,Bundesliga,football-data.co.uk
league_7682d7064602b2a5,2025-10-18,BUNDESLIGA,2025-26,LEAGUE,,FC Bayern München,Borussia Dortmund,2,1,H,Germany,Bundesliga,football-data.co.uk
league_a2abaaed73dcfb5d,2025-10-18,BUNDESLIGA,2025-26,LEAGUE,,FC Koln,Augsburg,1,1,D,Germany,Bundesliga,football-data.co.uk
league_155840e2a22f3645,2025-10-18,BUNDESLIGA,2025-26,LEAGUE,,FSV Mainz 05,Bayer 04 Leverkusen,3,4,A,Germany,Bundesliga,football-data.co.uk
league_cad7f73986afccd8,2025-10-18,BUNDESLIGA,2025-26,LEAGUE,,Heidenheim,Werder Bremen,2,2,D,Germany,Bundesliga,football-data.co.uk
league_66a35f60b6ce07a7,2025-10-18,BUNDESLIGA,2025-26,LEAGUE,,RB Leipzig,Hamburg,2,1,H,Germany,Bundesliga,football-data.co.uk
league_aad24a0316e71dc6,2025-10-18,BUNDESLIGA,2025-26,LEAGUE,,Wolfsburg,Stuttgart,0,3,A,Germany,Bundesliga,football-data.co.uk
league_4fe9ad3bc34f2a39,2025-10-19,BUNDESLIGA,2025-26,LEAGUE,,Freiburg,Eintracht Frankfurt,2,2,D,Germany,Bundesliga,football-data.co.uk
league_85c65d635d9d6c26,2025-10-19,BUNDESLIGA,2025-26,LEAGUE,,St Pauli,Hoffenheim,0,3,A,Germany,Bundesliga,football-data.co.uk
league_8e1208af5d34dc44,2025-10-24,BUNDESLIGA,2025-26,LEAGUE,,Werder Bremen,Union Berlin,1,0,H,Germany,Bundesliga,football-data.co.uk
league_65a8e702b7a2244e,2025-10-25,BUNDESLIGA,2025-26,LEAGUE,,Augsburg,RB Leipzig,0,6,A,Germany,Bundesliga,football-data.co.uk
league_75b0ab121c711e9f,2025-10-25,BUNDESLIGA,2025-26,LEAGUE,,Borussia Dortmund,FC Koln,1,0,H,Germany,Bundesliga,football-data.co.uk
league_c6af18cc868fd429,2025-10-25,BUNDESLIGA,2025-26,LEAGUE,,Borussia Mönchengladbach,FC Bayern München,0,3,A,Germany,Bundesliga,football-data.co.uk
league_f6ec4bb48b03cde6,2025-10-25,BUNDESLIGA,2025-26,LEAGUE,,Eintracht Frankfurt,St Pauli,2,0,H,Germany,Bundesliga,football-data.co.uk
league_07ca5d15db3014de,2025-10-25,BUNDESLIGA,2025-26,LEAGUE,,Hamburg,Wolfsburg,0,1,A,Germany,Bundesliga,football-data.co.uk
league_715cd132132f63ba,2025-10-25,BUNDESLIGA,2025-26,LEAGUE,,Hoffenheim,Heidenheim,3,1,H,Germany,Bundesliga,football-data.co.uk
league_1354b5b15f5b7d05,2025-10-26,BUNDESLIGA,2025-26,LEAGUE,,Bayer 04 Leverkusen,Freiburg,2,0,H,Germany,Bundesliga,football-data.co.uk
league_b4447e69f3a0c740,2025-10-26,BUNDESLIGA,2025-26,LEAGUE,,Stuttgart,FSV Mainz 05,2,1,H,Germany,Bundesliga,football-data.co.uk
league_d80ee6b4e02c46ea,2025-10-31,BUNDESLIGA,2025-26,LEAGUE,,Augsburg,Borussia Dortmund,0,1,A,Germany,Bundesliga,football-data.co.uk
league_3f90bada105da2f9,2025-11-01,BUNDESLIGA,2025-26,LEAGUE,,FC Bayern München,Bayer 04 Leverkusen,3,0,H,Germany,Bundesliga,football-data.co.uk
league_99de30b72884a659,2025-11-01,BUNDESLIGA,2025-26,LEAGUE,,FSV Mainz 05,Werder Bremen,1,1,D,Germany,Bundesliga,football-data.co.uk
league_4441b40532a45aef,2025-11-01,BUNDESLIGA,2025-26,LEAGUE,,Heidenheim,Eintracht Frankfurt,1,1,D,Germany,Bundesliga,football-data.co.uk
league_864edccc64193a71,2025-11-01,BUNDESLIGA,2025-26,LEAGUE,,RB Leipzig,Stuttgart,3,1,H,Germany,Bundesliga,football-data.co.uk
league_1908405297fd381c,2025-11-01,BUNDESLIGA,2025-26,LEAGUE,,St Pauli,Borussia Mönchengladbach,0,4,A,Germany,Bundesliga,football-data.co.uk
league_1e8d9b90fc29df82,2025-11-01,BUNDESLIGA,2025-26,LEAGUE,,Union Berlin,Freiburg,0,0,D,Germany,Bundesliga,football-data.co.uk
league_724071864a356acd,2025-11-02,BUNDESLIGA,2025-26,LEAGUE,,FC Koln,Hamburg,4,1,H,Germany,Bundesliga,football-data.co.uk
league_ea32559d0bf0658a,2025-11-02,BUNDESLIGA,2025-26,LEAGUE,,Wolfsburg,Hoffenheim,2,3,A,Germany,Bundesliga,football-data.co.uk
league_a5de3c1a7c0ceeb4,2025-11-07,BUNDESLIGA,2025-26,LEAGUE,,Werder Bremen,Wolfsburg,2,1,H,Germany,Bundesliga,football-data.co.uk
league_5ee368868af3ed69,2025-11-08,BUNDESLIGA,2025-26,LEAGUE,,Bayer 04 Leverkusen,Heidenheim,6,0,H,Germany,Bundesliga,football-data.co.uk
league_276d93affb60a288,2025-11-08,BUNDESLIGA,2025-26,LEAGUE,,Borussia Mönchengladbach,FC Koln,3,1,H,Germany,Bundesliga,football-data.co.uk
league_b4ab01c45a75299b,2025-11-08,BUNDESLIGA,2025-26,LEAGUE,,Hamburg,Borussia Dortmund,1,1,D,Germany,Bundesliga,football-data.co.uk
league_4f59075da2e34232,2025-11-08,BUNDESLIGA,2025-26,LEAGUE,,Hoffenheim,RB Leipzig,3,1,H,Germany,Bundesliga,football-data.co.uk
league_2e21e6720701b04d,2025-11-08,BUNDESLIGA,2025-26,LEAGUE,,Union Berlin,FC Bayern München,2,2,D,Germany,Bundesliga,football-data.co.uk
league_8d54600adfba9dea,2025-11-09,BUNDESLIGA,2025-26,LEAGUE,,Eintracht Frankfurt,FSV Mainz 05,1,0,H,Germany,Bundesliga,football-data.co.uk
league_553075fe52deec2a,2025-11-09,BUNDESLIGA,2025-26,LEAGUE,,Freiburg,St Pauli,2,1,H,Germany,Bundesliga,football-data.co.uk
league_c73b69d2790f81a5,2025-11-09,BUNDESLIGA,2025-26,LEAGUE,,Stuttgart,Augsburg,3,2,H,Germany,Bundesliga,football-data.co.uk
league_d64d91398b0c0efe,2025-11-21,BUNDESLIGA,2025-26,LEAGUE,,FSV Mainz 05,Hoffenheim,1,1,D,Germany,Bundesliga,football-data.co.uk
league_505ce091559449fe,2025-11-22,BUNDESLIGA,2025-26,LEAGUE,,Augsburg,Hamburg,1,0,H,Germany,Bundesliga,football-data.co.uk
league_b247ea5d815dac74,2025-11-22,BUNDESLIGA,2025-26,LEAGUE,,Borussia Dortmund,Stuttgart,3,3,D,Germany,Bundesliga,football-data.co.uk
league_080ef6e201e18fd7,2025-11-22,BUNDESLIGA,2025-26,LEAGUE,,FC Bayern München,Freiburg,6,2,H,Germany,Bundesliga,football-data.co.uk
league_51ebb25887b46d15,2025-11-22,BUNDESLIGA,2025-26,LEAGUE,,FC Koln,Eintracht Frankfurt,3,4,A,Germany,Bundesliga,football-data.co.uk
league_552adceacf7252a4,2025-11-22,BUNDESLIGA,2025-26,LEAGUE,,Heidenheim,Borussia Mönchengladbach,0,3,A,Germany,Bundesliga,football-data.co.uk
league_c4646c6052366ace,2025-11-22,BUNDESLIGA,2025-26,LEAGUE,,Wolfsburg,Bayer 04 Leverkusen,1,3,A,Germany,Bundesliga,football-data.co.uk
league_15a00b55e903ed9e,2025-11-23,BUNDESLIGA,2025-26,LEAGUE,,RB Leipzig,Werder Bremen,2,0,H,Germany,Bundesliga,football-data.co.uk
league_e5ea3153d04c8175,2025-11-23,BUNDESLIGA,2025-26,LEAGUE,,St Pauli,Union Berlin,0,1,A,Germany,Bundesliga,football-data.co.uk
league_3360219a051b1a75,2025-11-28,BUNDESLIGA,2025-26,LEAGUE,,Borussia Mönchengladbach,RB Leipzig,0,0,D,Germany,Bundesliga,football-data.co.uk
league_239197f9541025fa,2025-11-29,BUNDESLIGA,2025-26,LEAGUE,,Bayer 04 Leverkusen,Borussia Dortmund,1,2,A,Germany,Bundesliga,football-data.co.uk
league_7dbe975ccf4bf4c8,2025-11-29,BUNDESLIGA,2025-26,LEAGUE,,FC Bayern München,St Pauli,3,1,H,Germany,Bundesliga,football-data.co.uk
league_e199d63234487e79,2025-11-29,BUNDESLIGA,2025-26,LEAGUE,,Hoffenheim,Augsburg,3,0,H,Germany,Bundesliga,football-data.co.uk
league_4eb2e5fd441dbb84,2025-11-29,BUNDESLIGA,2025-26,LEAGUE,,Union Berlin,Heidenheim,1,2,A,Germany,Bundesliga,football-data.co.uk
league_1f8a378a76448aae,2025-11-29,BUNDESLIGA,2025-26,LEAGUE,,Werder Bremen,FC Koln,1,1,D,Germany,Bundesliga,football-data.co.uk
league_269e8fd3121d52c5,2025-11-30,BUNDESLIGA,2025-26,LEAGUE,,Eintracht Frankfurt,Wolfsburg,1,1,D,Germany,Bundesliga,football-data.co.uk
league_a7969d38f528984b,2025-11-30,BUNDESLIGA,2025-26,LEAGUE,,Freiburg,FSV Mainz 05,4,0,H,Germany,Bundesliga,football-data.co.uk
league_a4db1ecc29ca783c,2025-11-30,BUNDESLIGA,2025-26,LEAGUE,,Hamburg,Stuttgart,2,1,H,Germany,Bundesliga,football-data.co.uk
league_a23f8dbb2048f920,2025-12-05,BUNDESLIGA,2025-26,LEAGUE,,FSV Mainz 05,Borussia Mönchengladbach,0,1,A,Germany,Bundesliga,football-data.co.uk
league_4b0037608c784331,2025-12-06,BUNDESLIGA,2025-26,LEAGUE,,Augsburg,Bayer 04 Leverkusen,2,0,H,Germany,Bundesliga,football-data.co.uk
league_a1bc95fb125d18e0,2025-12-06,BUNDESLIGA,2025-26,LEAGUE,,FC Koln,St Pauli,1,1,D,Germany,Bundesliga,football-data.co.uk
league_a7784f5528c7d826,2025-12-06,BUNDESLIGA,2025-26,LEAGUE,,Heidenheim,Freiburg,2,1,H,Germany,Bundesliga,football-data.co.uk
league_cc3141a4c0efe279,2025-12-06,BUNDESLIGA,2025-26,LEAGUE,,RB Leipzig,Eintracht Frankfurt,6,0,H,Germany,Bundesliga,football-data.co.uk
league_384cf4ad758b1eb2,2025-12-06,BUNDESLIGA,2025-26,LEAGUE,,Stuttgart,FC Bayern München,0,5,A,Germany,Bundesliga,football-data.co.uk
league_82e1c66d942c732b,2025-12-06,BUNDESLIGA,2025-26,LEAGUE,,Wolfsburg,Union Berlin,3,1,H,Germany,Bundesliga,football-data.co.uk
league_ad4b0960909debf4,2025-12-07,BUNDESLIGA,2025-26,LEAGUE,,Borussia Dortmund,Hoffenheim,2,0,H,Germany,Bundesliga,football-data.co.uk
league_aa4b27718c68fefa,2025-12-07,BUNDESLIGA,2025-26,LEAGUE,,Hamburg,Werder Bremen,3,2,H,Germany,Bundesliga,football-data.co.uk
league_812fa2187eb3b41c,2025-12-12,BUNDESLIGA,2025-26,LEAGUE,,Union Berlin,RB Leipzig,3,1,H,Germany,Bundesliga,football-data.co.uk
league_a32928805bbe1c05,2025-12-13,BUNDESLIGA,2025-26,LEAGUE,,Bayer 04 Leverkusen,FC Koln,2,0,H,Germany,Bundesliga,football-data.co.uk
league_4a72186b4f803f9c,2025-12-13,BUNDESLIGA,2025-26,LEAGUE,,Borussia Mönchengladbach,Wolfsburg,1,3,A,Germany,Bundesliga,football-data.co.uk
league_d8e6faf9da8cde10,2025-12-13,BUNDESLIGA,2025-26,LEAGUE,,Eintracht Frankfurt,Augsburg,1,0,H,Germany,Bundesliga,football-data.co.uk
league_a066b3805f8e2d58,2025-12-13,BUNDESLIGA,2025-26,LEAGUE,,Hoffenheim,Hamburg,4,1,H,Germany,Bundesliga,football-data.co.uk
league_771097a2808c3e61,2025-12-13,BUNDESLIGA,2025-26,LEAGUE,,St Pauli,Heidenheim,2,1,H,Germany,Bundesliga,football-data.co.uk
league_83257c54d9905111,2025-12-14,BUNDESLIGA,2025-26,LEAGUE,,FC Bayern München,FSV Mainz 05,2,2,D,Germany,Bundesliga,football-data.co.uk
league_3784fb7c83cfa623,2025-12-14,BUNDESLIGA,2025-26,LEAGUE,,Freiburg,Borussia Dortmund,1,1,D,Germany,Bundesliga,football-data.co.uk
league_4c88ce5b46db54a3,2025-12-14,BUNDESLIGA,2025-26,LEAGUE,,Werder Bremen,Stuttgart,0,4,A,Germany,Bundesliga,football-data.co.uk
league_147a6ae34ca898e6,2025-12-19,BUNDESLIGA,2025-26,LEAGUE,,Borussia Dortmund,Borussia Mönchengladbach,2,0,H,Germany,Bundesliga,football-data.co.uk
league_4ad5ce346859d203,2025-12-20,BUNDESLIGA,2025-26,LEAGUE,,Augsburg,Werder Bremen,0,0,D,Germany,Bundesliga,football-data.co.uk
league_2f3afb1155ae22b0,2025-12-20,BUNDESLIGA,2025-26,LEAGUE,,FC Koln,Union Berlin,0,1,A,Germany,Bundesliga,football-data.co.uk
league_846498ff3c12fcc9,2025-12-20,BUNDESLIGA,2025-26,LEAGUE,,Hamburg,Eintracht Frankfurt,1,1,D,Germany,Bundesliga,football-data.co.uk
league_51374712241ba395,2025-12-20,BUNDESLIGA,2025-26,LEAGUE,,RB Leipzig,Bayer 04 Leverkusen,1,3,A,Germany,Bundesliga,football-data.co.uk
league_6261d4e63779b25b,2025-12-20,BUNDESLIGA,2025-26,LEAGUE,,Stuttgart,Hoffenheim,0,0,D,Germany,Bundesliga,football-data.co.uk
league_105fb0af4998cb2d,2025-12-20,BUNDESLIGA,2025-26,LEAGUE,,Wolfsburg,Freiburg,3,4,A,Germany,Bundesliga,football-data.co.uk
league_a27f71c98142e9cc,2025-12-21,BUNDESLIGA,2025-26,LEAGUE,,FSV Mainz 05,St Pauli,0,0,D,Germany,Bundesliga,football-data.co.uk
league_416936385cbfc252,2025-12-21,BUNDESLIGA,2025-26,LEAGUE,,Heidenheim,FC Bayern München,0,4,A,Germany,Bundesliga,football-data.co.uk
league_2b73c0f402890e9b,2026-01-09,BUNDESLIGA,2025-26,LEAGUE,,Eintracht Frankfurt,Borussia Dortmund,3,3,D,Germany,Bundesliga,football-data.co.uk
league_f83713339092fdce,2026-01-10,BUNDESLIGA,2025-26,LEAGUE,,Bayer 04 Leverkusen,Stuttgart,1,4,A,Germany,Bundesliga,football-data.co.uk
league_9e59ad773bab9779,2026-01-10,BUNDESLIGA,2025-26,LEAGUE,,Freiburg,Hamburg,2,1,H,Germany,Bundesliga,football-data.co.uk
league_4c4c3509f48e8ae1,2026-01-10,BUNDESLIGA,2025-26,LEAGUE,,Heidenheim,FC Koln,2,2,D,Germany,Bundesliga,football-data.co.uk
league_426a30f2f8b7e80e,2026-01-10,BUNDESLIGA,2025-26,LEAGUE,,Union Berlin,FSV Mainz 05,2,2,D,Germany,Bundesliga,football-data.co.uk
league_bd0c139242c1da6a,2026-01-11,BUNDESLIGA,2025-26,LEAGUE,,Borussia Mönchengladbach,Augsburg,4,0,H,Germany,Bundesliga,football-data.co.uk
league_1dc219e246e609e7,2026-01-11,BUNDESLIGA,2025-26,LEAGUE,,FC Bayern München,Wolfsburg,8,1,H,Germany,Bundesliga,football-data.co.uk
league_001ed4b43d644620,2026-01-13,BUNDESLIGA,2025-26,LEAGUE,,Borussia Dortmund,Werder Bremen,3,0,H,Germany,Bundesliga,football-data.co.uk
league_daf6c0edf53f8978,2026-01-13,BUNDESLIGA,2025-26,LEAGUE,,FSV Mainz 05,Heidenheim,2,1,H,Germany,Bundesliga,football-data.co.uk
league_640d944fbe9cc4e3,2026-01-13,BUNDESLIGA,2025-26,LEAGUE,,Stuttgart,Eintracht Frankfurt,3,2,H,Germany,Bundesliga,football-data.co.uk
league_5b4718c3bfd09b6e,2026-01-14,BUNDESLIGA,2025-26,LEAGUE,,FC Koln,FC Bayern München,1,3,A,Germany,Bundesliga,football-data.co.uk
league_7060f3106b71c338,2026-01-14,BUNDESLIGA,2025-26,LEAGUE,,Hoffenheim,Borussia Mönchengladbach,5,1,H,Germany,Bundesliga,football-data.co.uk
league_2dd1678f35f9bbe1,2026-01-14,BUNDESLIGA,2025-26,LEAGUE,,RB Leipzig,Freiburg,2,0,H,Germany,Bundesliga,football-data.co.uk
league_c944d67043f29c17,2026-01-14,BUNDESLIGA,2025-26,LEAGUE,,Wolfsburg,St Pauli,2,1,H,Germany,Bundesliga,football-data.co.uk
league_f97fd3d46d1e8f64,2026-01-15,BUNDESLIGA,2025-26,LEAGUE,,Augsburg,Union Berlin,1,1,D,Germany,Bundesliga,football-data.co.uk
league_4da436226fd3b12d,2026-01-16,BUNDESLIGA,2025-26,LEAGUE,,Werder Bremen,Eintracht Frankfurt,3,3,D,Germany,Bundesliga,football-data.co.uk
league_e194d43003cd7cbd,2026-01-17,BUNDESLIGA,2025-26,LEAGUE,,Borussia Dortmund,St Pauli,3,2,H,Germany,Bundesliga,football-data.co.uk
league_329db2dc085b7f80,2026-01-17,BUNDESLIGA,2025-26,LEAGUE,,FC Koln,FSV Mainz 05,2,1,H,Germany,Bundesliga,football-data.co.uk
league_0c552ec448163e14,2026-01-17,BUNDESLIGA,2025-26,LEAGUE,,Hamburg,Borussia Mönchengladbach,0,0,D,Germany,Bundesliga,football-data.co.uk
league_095af18c8b95bf47,2026-01-17,BUNDESLIGA,2025-26,LEAGUE,,Hoffenheim,Bayer 04 Leverkusen,1,0,H,Germany,Bundesliga,football-data.co.uk
league_ef5753308d889429,2026-01-17,BUNDESLIGA,2025-26,LEAGUE,,RB Leipzig,FC Bayern München,1,5,A,Germany,Bundesliga,football-data.co.uk
league_0e383c3eb3cec2d3,2026-01-17,BUNDESLIGA,2025-26,LEAGUE,,Wolfsburg,Heidenheim,1,1,D,Germany,Bundesliga,football-data.co.uk
league_2e733a3a9378ce83,2026-01-18,BUNDESLIGA,2025-26,LEAGUE,,Augsburg,Freiburg,2,2,D,Germany,Bundesliga,football-data.co.uk
league_dd1c95e285928c9e,2026-01-18,BUNDESLIGA,2025-26,LEAGUE,,Stuttgart,Union Berlin,1,1,D,Germany,Bundesliga,football-data.co.uk
league_0678fb3f958d4c9a,2026-01-23,BUNDESLIGA,2025-26,LEAGUE,,St Pauli,Hamburg,0,0,D,Germany,Bundesliga,football-data.co.uk
league_ac16b8c40e7d477f,2026-01-24,BUNDESLIGA,2025-26,LEAGUE,,Bayer 04 Leverkusen,Werder Bremen,1,0,H,Germany,Bundesliga,football-data.co.uk
league_28cf9e5bd1eaf407,2026-01-24,BUNDESLIGA,2025-26,LEAGUE,,Eintracht Frankfurt,Hoffenheim,1,3,A,Germany,Bundesliga,football-data.co.uk
league_33c5d4268c0990c2,2026-01-24,BUNDESLIGA,2025-26,LEAGUE,,FC Bayern München,Augsburg,1,2,A,Germany,Bundesliga,football-data.co.uk
league_eb56840aa05532a3,2026-01-24,BUNDESLIGA,2025-26,LEAGUE,,FSV Mainz 05,Wolfsburg,3,1,H,Germany,Bundesliga,football-data.co.uk
league_7298395d909a4405,2026-01-24,BUNDESLIGA,2025-26,LEAGUE,,Heidenheim,RB Leipzig,0,3,A,Germany,Bundesliga,football-data.co.uk
league_303781badb5dd158,2026-01-24,BUNDESLIGA,2025-26,LEAGUE,,Union Berlin,Borussia Dortmund,0,3,A,Germany,Bundesliga,football-data.co.uk
league_5e70f6e8340d52d2,2026-01-25,BUNDESLIGA,2025-26,LEAGUE,,Borussia Mönchengladbach,Stuttgart,0,3,A,Germany,Bundesliga,football-data.co.uk
league_6fe8a3e7d382654d,2026-01-25,BUNDESLIGA,2025-26,LEAGUE,,Freiburg,FC Koln,2,1,H,Germany,Bundesliga,football-data.co.uk
league_163f3f5797cbb040,2026-01-27,BUNDESLIGA,2025-26,LEAGUE,,St Pauli,RB Leipzig,1,1,D,Germany,Bundesliga,football-data.co.uk
league_c72697c3cf8572d0,2026-01-27,BUNDESLIGA,2025-26,LEAGUE,,Werder Bremen,Hoffenheim,0,2,A,Germany,Bundesliga,football-data.co.uk
league_b7e1c6d92df014b2,2026-01-30,BUNDESLIGA,2025-26,LEAGUE,,FC Koln,Wolfsburg,1,0,H,Germany,Bundesliga,football-data.co.uk
league_dce46930ef70e0bf,2026-01-31,BUNDESLIGA,2025-26,LEAGUE,,Augsburg,St Pauli,2,1,H,Germany,Bundesliga,football-data.co.uk
league_6ec3f709710a57e4,2026-01-31,BUNDESLIGA,2025-26,LEAGUE,,Eintracht Frankfurt,Bayer 04 Leverkusen,1,3,A,Germany,Bundesliga,football-data.co.uk
league_28d4b42cdedd1a2b,2026-01-31,BUNDESLIGA,2025-26,LEAGUE,,Hamburg,FC Bayern München,2,2,D,Germany,Bundesliga,football-data.co.uk
league_a7db3933191db796,2026-01-31,BUNDESLIGA,2025-26,LEAGUE,,Hoffenheim,Union Berlin,3,1,H,Germany,Bundesliga,football-data.co.uk
league_700e0b7b0f03496f,2026-01-31,BUNDESLIGA,2025-26,LEAGUE,,RB Leipzig,FSV Mainz 05,1,2,A,Germany,Bundesliga,football-data.co.uk
league_dfb3bdb79b4e33be,2026-01-31,BUNDESLIGA,2025-26,LEAGUE,,Werder Bremen,Borussia Mönchengladbach,1,1,D,Germany,Bundesliga,football-data.co.uk
league_96092aee2b24220b,2026-02-01,BUNDESLIGA,2025-26,LEAGUE,,Borussia Dortmund,Heidenheim,3,2,H,Germany,Bundesliga,football-data.co.uk
league_9c00324bda272145,2026-02-01,BUNDESLIGA,2025-26,LEAGUE,,Stuttgart,Freiburg,1,0,H,Germany,Bundesliga,football-data.co.uk
league_56181b9553cbffa6,2026-02-06,BUNDESLIGA,2025-26,LEAGUE,,Union Berlin,Eintracht Frankfurt,1,1,D,Germany,Bundesliga,football-data.co.uk
league_c9d73da2b7b3deae,2026-02-07,BUNDESLIGA,2025-26,LEAGUE,,Borussia Mönchengladbach,Bayer 04 Leverkusen,1,1,D,Germany,Bundesliga,football-data.co.uk
league_ba8a5a1d2bc15c73,2026-02-07,BUNDESLIGA,2025-26,LEAGUE,,FSV Mainz 05,Augsburg,2,0,H,Germany,Bundesliga,football-data.co.uk
league_0021f29d05399d77,2026-02-07,BUNDESLIGA,2025-26,LEAGUE,,Freiburg,Werder Bremen,1,0,H,Germany,Bundesliga,football-data.co.uk
league_ca300a9ad86022b0,2026-02-07,BUNDESLIGA,2025-26,LEAGUE,,Heidenheim,Hamburg,0,2,A,Germany,Bundesliga,football-data.co.uk
league_18b06a4d820a2147,2026-02-07,BUNDESLIGA,2025-26,LEAGUE,,St Pauli,Stuttgart,2,1,H,Germany,Bundesliga,football-data.co.uk
league_5af5bd3693a9fc57,2026-02-07,BUNDESLIGA,2025-26,LEAGUE,,Wolfsburg,Borussia Dortmund,1,2,A,Germany,Bundesliga,football-data.co.uk
league_13d9009ff24173f2,2026-02-08,BUNDESLIGA,2025-26,LEAGUE,,FC Bayern München,Hoffenheim,5,1,H,Germany,Bundesliga,football-data.co.uk
league_0dba50a2cb965d9c,2026-02-08,BUNDESLIGA,2025-26,LEAGUE,,FC Koln,RB Leipzig,1,2,A,Germany,Bundesliga,football-data.co.uk
league_11e827ee6134eca2,2026-02-13,BUNDESLIGA,2025-26,LEAGUE,,Borussia Dortmund,FSV Mainz 05,4,0,H,Germany,Bundesliga,football-data.co.uk
league_bbb282d8581a0e59,2026-02-14,BUNDESLIGA,2025-26,LEAGUE,,Bayer 04 Leverkusen,St Pauli,4,0,H,Germany,Bundesliga,football-data.co.uk
league_47cf4df144934a9d,2026-02-14,BUNDESLIGA,2025-26,LEAGUE,,Eintracht Frankfurt,Borussia Mönchengladbach,3,0,H,Germany,Bundesliga,football-data.co.uk
league_4e01635ade8e23d5,2026-02-14,BUNDESLIGA,2025-26,LEAGUE,,Hamburg,Union Berlin,3,2,H,Germany,Bundesliga,football-data.co.uk
league_0cb1a8d6628acccf,2026-02-14,BUNDESLIGA,2025-26,LEAGUE,,Hoffenheim,Freiburg,3,0,H,Germany,Bundesliga,football-data.co.uk
league_25cd094bf78c3f28,2026-02-14,BUNDESLIGA,2025-26,LEAGUE,,Stuttgart,FC Koln,3,1,H,Germany,Bundesliga,football-data.co.uk
league_c37f1449e879aee5,2026-02-14,BUNDESLIGA,2025-26,LEAGUE,,Werder Bremen,FC Bayern München,0,3,A,Germany,Bundesliga,football-data.co.uk
league_f31b78b0c490586d,2026-02-15,BUNDESLIGA,2025-26,LEAGUE,,Augsburg,Heidenheim,1,0,H,Germany,Bundesliga,football-data.co.uk
league_b1a4c9e6e0e6eafa,2026-02-15,BUNDESLIGA,2025-26,LEAGUE,,RB Leipzig,Wolfsburg,2,2,D,Germany,Bundesliga,football-data.co.uk
league_7356d597948b8b29,2026-02-20,BUNDESLIGA,2025-26,LEAGUE,,FSV Mainz 05,Hamburg,1,1,D,Germany,Bundesliga,football-data.co.uk
league_421fa7e9720ba138,2026-02-21,BUNDESLIGA,2025-26,LEAGUE,,FC Bayern München,Eintracht Frankfurt,3,2,H,Germany,Bundesliga,football-data.co.uk
league_edfd778d170f2739,2026-02-21,BUNDESLIGA,2025-26,LEAGUE,,FC Koln,Hoffenheim,2,2,D,Germany,Bundesliga,football-data.co.uk
league_3e1cad6f63abf3e1,2026-02-21,BUNDESLIGA,2025-26,LEAGUE,,RB Leipzig,Borussia Dortmund,2,2,D,Germany,Bundesliga,football-data.co.uk
league_8081ab31d39eb7aa,2026-02-21,BUNDESLIGA,2025-26,LEAGUE,,Union Berlin,Bayer 04 Leverkusen,1,0,H,Germany,Bundesliga,football-data.co.uk
league_95b415345e41508f,2026-02-21,BUNDESLIGA,2025-26,LEAGUE,,Wolfsburg,Augsburg,2,3,A,Germany,Bundesliga,football-data.co.uk
league_8dddff796f69901e,2026-02-22,BUNDESLIGA,2025-26,LEAGUE,,Freiburg,Borussia Mönchengladbach,2,1,H,Germany,Bundesliga,football-data.co.uk
league_5f393ee8eff2245f,2026-02-22,BUNDESLIGA,2025-26,LEAGUE,,Heidenheim,Stuttgart,3,3,D,Germany,Bundesliga,football-data.co.uk
league_04682f7916c95f21,2026-02-22,BUNDESLIGA,2025-26,LEAGUE,,St Pauli,Werder Bremen,2,1,H,Germany,Bundesliga,football-data.co.uk
league_bf0bda60692573aa,2026-02-27,BUNDESLIGA,2025-26,LEAGUE,,Augsburg,FC Koln,2,0,H,Germany,Bundesliga,football-data.co.uk
league_5f6ab83051a4ed02,2026-02-28,BUNDESLIGA,2025-26,LEAGUE,,Bayer 04 Leverkusen,FSV Mainz 05,1,1,D,Germany,Bundesliga,football-data.co.uk
league_f13963eeb393d078,2026-02-28,BUNDESLIGA,2025-26,LEAGUE,,Borussia Dortmund,FC Bayern München,2,3,A,Germany,Bundesliga,football-data.co.uk
league_ab0dd63fe2afbc73,2026-02-28,BUNDESLIGA,2025-26,LEAGUE,,Borussia Mönchengladbach,Union Berlin,1,0,H,Germany,Bundesliga,football-data.co.uk
league_74c88d83058b61db,2026-02-28,BUNDESLIGA,2025-26,LEAGUE,,Hoffenheim,St Pauli,0,1,A,Germany,Bundesliga,football-data.co.uk
league_a7215c49504588f6,2026-02-28,BUNDESLIGA,2025-26,LEAGUE,,Werder Bremen,Heidenheim,2,0,H,Germany,Bundesliga,football-data.co.uk
league_1a79c6267408dba6,2026-03-01,BUNDESLIGA,2025-26,LEAGUE,,Eintracht Frankfurt,Freiburg,2,0,H,Germany,Bundesliga,football-data.co.uk
league_67a47ce276aa864a,2026-03-01,BUNDESLIGA,2025-26,LEAGUE,,Hamburg,RB Leipzig,1,2,A,Germany,Bundesliga,football-data.co.uk
league_b1f5c227fc36bd78,2026-03-01,BUNDESLIGA,2025-26,LEAGUE,,Stuttgart,Wolfsburg,4,0,H,Germany,Bundesliga,football-data.co.uk
league_c0fef22e36940cf6,2026-03-04,BUNDESLIGA,2025-26,LEAGUE,,Hamburg,Bayer 04 Leverkusen,0,1,A,Germany,Bundesliga,football-data.co.uk
league_2ae626ea12bef73b,2026-03-06,BUNDESLIGA,2025-26,LEAGUE,,FC Bayern München,Borussia Mönchengladbach,4,1,H,Germany,Bundesliga,football-data.co.uk
league_554d6f32ae0f64de,2026-03-07,BUNDESLIGA,2025-26,LEAGUE,,FC Koln,Borussia Dortmund,1,2,A,Germany,Bundesliga,football-data.co.uk
league_f1def7be518054b1,2026-03-07,BUNDESLIGA,2025-26,LEAGUE,,FSV Mainz 05,Stuttgart,2,2,D,Germany,Bundesliga,football-data.co.uk
league_f1fed233a5bd79a3,2026-03-07,BUNDESLIGA,2025-26,LEAGUE,,Freiburg,Bayer 04 Leverkusen,3,3,D,Germany,Bundesliga,football-data.co.uk
league_5cea0d8313ef1987,2026-03-07,BUNDESLIGA,2025-26,LEAGUE,,Heidenheim,Hoffenheim,2,4,A,Germany,Bundesliga,football-data.co.uk
league_2cdaf46f564437fa,2026-03-07,BUNDESLIGA,2025-26,LEAGUE,,RB Leipzig,Augsburg,2,1,H,Germany,Bundesliga,football-data.co.uk
league_7a25d86edc663c9f,2026-03-07,BUNDESLIGA,2025-26,LEAGUE,,Wolfsburg,Hamburg,1,2,A,Germany,Bundesliga,football-data.co.uk
league_ee57a2ceb3e9f2df,2026-03-08,BUNDESLIGA,2025-26,LEAGUE,,St Pauli,Eintracht Frankfurt,0,0,D,Germany,Bundesliga,football-data.co.uk
league_196aa4c4d10ada16,2026-03-08,BUNDESLIGA,2025-26,LEAGUE,,Union Berlin,Werder Bremen,1,4,A,Germany,Bundesliga,football-data.co.uk
league_274786b6e9bd226b,2026-03-13,BUNDESLIGA,2025-26,LEAGUE,,Borussia Mönchengladbach,St Pauli,2,0,H,Germany,Bundesliga,football-data.co.uk
league_00c1cd4e5f3ff6a1,2026-03-14,BUNDESLIGA,2025-26,LEAGUE,,Bayer 04 Leverkusen,FC Bayern München,1,1,D,Germany,Bundesliga,football-data.co.uk
league_aee21c0a7a9d199b,2026-03-14,BUNDESLIGA,2025-26,LEAGUE,,Borussia Dortmund,Augsburg,2,0,H,Germany,Bundesliga,football-data.co.uk
league_65164b78c143640e,2026-03-14,BUNDESLIGA,2025-26,LEAGUE,,Eintracht Frankfurt,Heidenheim,1,0,H,Germany,Bundesliga,football-data.co.uk
league_f3b86a1be35a5a8b,2026-03-14,BUNDESLIGA,2025-26,LEAGUE,,Hamburg,FC Koln,1,1,D,Germany,Bundesliga,football-data.co.uk
league_4e6bf9d3b119822a,2026-03-14,BUNDESLIGA,2025-26,LEAGUE,,Hoffenheim,Wolfsburg,1,1,D,Germany,Bundesliga,football-data.co.uk
league_3e2a015085a636a2,2026-03-15,BUNDESLIGA,2025-26,LEAGUE,,Freiburg,Union Berlin,0,1,A,Germany,Bundesliga,football-data.co.uk
league_e30433cf564cf8aa,2026-03-15,BUNDESLIGA,2025-26,LEAGUE,,Stuttgart,RB Leipzig,1,0,H,Germany,Bundesliga,football-data.co.uk
league_bc392ccd8ce7a4cf,2026-03-15,BUNDESLIGA,2025-26,LEAGUE,,Werder Bremen,FSV Mainz 05,0,2,A,Germany,Bundesliga,football-data.co.uk
league_df12e0b250552f06,2026-03-20,BUNDESLIGA,2025-26,LEAGUE,,RB Leipzig,Hoffenheim,5,0,H,Germany,Bundesliga,football-data.co.uk
league_1a4ba88b6ac5a86c,2026-03-21,BUNDESLIGA,2025-26,LEAGUE,,Borussia Dortmund,Hamburg,3,2,H,Germany,Bundesliga,football-data.co.uk
league_5dc2361f963b1349,2026-03-21,BUNDESLIGA,2025-26,LEAGUE,,FC Bayern München,Union Berlin,4,0,H,Germany,Bundesliga,football-data.co.uk
league_3d20d6b5998b7f5c,2026-03-21,BUNDESLIGA,2025-26,LEAGUE,,FC Koln,Borussia Mönchengladbach,3,3,D,Germany,Bundesliga,football-data.co.uk
league_d7c9aa89bcf76f62,2026-03-21,BUNDESLIGA,2025-26,LEAGUE,,Heidenheim,Bayer 04 Leverkusen,3,3,D,Germany,Bundesliga,football-data.co.uk
league_03900946cc0d547c,2026-03-21,BUNDESLIGA,2025-26,LEAGUE,,Wolfsburg,Werder Bremen,0,1,A,Germany,Bundesliga,football-data.co.uk
league_39d87e7442975f80,2026-03-22,BUNDESLIGA,2025-26,LEAGUE,,Augsburg,Stuttgart,2,5,A,Germany,Bundesliga,football-data.co.uk
league_781cedb12d35629f,2026-03-22,BUNDESLIGA,2025-26,LEAGUE,,FSV Mainz 05,Eintracht Frankfurt,2,1,H,Germany,Bundesliga,football-data.co.uk
league_5841eec77d252fa6,2026-03-22,BUNDESLIGA,2025-26,LEAGUE,,St Pauli,Freiburg,1,2,A,Germany,Bundesliga,football-data.co.uk
league_b466a1b851fa79ec,2026-04-04,BUNDESLIGA,2025-26,LEAGUE,,Bayer 04 Leverkusen,Wolfsburg,6,3,H,Germany,Bundesliga,football-data.co.uk
league_62ef17a40a86bdfc,2026-04-04,BUNDESLIGA,2025-26,LEAGUE,,Borussia Mönchengladbach,Heidenheim,2,2,D,Germany,Bundesliga,football-data.co.uk
league_81ce9df9d6e1910f,2026-04-04,BUNDESLIGA,2025-26,LEAGUE,,Freiburg,FC Bayern München,2,3,A,Germany,Bundesliga,football-data.co.uk
league_df3243b4c0bf29c1,2026-04-04,BUNDESLIGA,2025-26,LEAGUE,,Hamburg,Augsburg,1,1,D,Germany,Bundesliga,football-data.co.uk
league_451578444b228e77,2026-04-04,BUNDESLIGA,2025-26,LEAGUE,,Hoffenheim,FSV Mainz 05,1,2,A,Germany,Bundesliga,football-data.co.uk
league_4a96ac705b224da5,2026-04-04,BUNDESLIGA,2025-26,LEAGUE,,Stuttgart,Borussia Dortmund,0,2,A,Germany,Bundesliga,football-data.co.uk
league_d0a6860af4558f3f,2026-04-04,BUNDESLIGA,2025-26,LEAGUE,,Werder Bremen,RB Leipzig,1,2,A,Germany,Bundesliga,football-data.co.uk
league_8489a5ccb4278ca7,2026-04-05,BUNDESLIGA,2025-26,LEAGUE,,Eintracht Frankfurt,FC Koln,2,2,D,Germany,Bundesliga,football-data.co.uk
league_d9a8eb39e7213cda,2026-04-05,BUNDESLIGA,2025-26,LEAGUE,,Union Berlin,St Pauli,1,1,D,Germany,Bundesliga,football-data.co.uk
league_836991641ef638dd,2026-04-10,BUNDESLIGA,2025-26,LEAGUE,,Augsburg,Hoffenheim,2,2,D,Germany,Bundesliga,football-data.co.uk
league_ceb5074929c3704c,2026-04-11,BUNDESLIGA,2025-26,LEAGUE,,Borussia Dortmund,Bayer 04 Leverkusen,0,1,A,Germany,Bundesliga,football-data.co.uk
league_03efdecbd8c1f316,2026-04-11,BUNDESLIGA,2025-26,LEAGUE,,Heidenheim,Union Berlin,3,1,H,Germany,Bundesliga,football-data.co.uk
league_0f1e4990992beea0,2026-04-11,BUNDESLIGA,2025-26,LEAGUE,,RB Leipzig,Borussia Mönchengladbach,1,0,H,Germany,Bundesliga,football-data.co.uk
league_b48681538eaf5030,2026-04-11,BUNDESLIGA,2025-26,LEAGUE,,St Pauli,FC Bayern München,0,5,A,Germany,Bundesliga,football-data.co.uk
league_273078fb8f003213,2026-04-11,BUNDESLIGA,2025-26,LEAGUE,,Wolfsburg,Eintracht Frankfurt,1,2,A,Germany,Bundesliga,football-data.co.uk
league_b9ef299efe6d59f7,2026-04-12,BUNDESLIGA,2025-26,LEAGUE,,FC Koln,Werder Bremen,3,1,H,Germany,Bundesliga,football-data.co.uk
league_590a5ca28fe2a9af,2026-04-12,BUNDESLIGA,2025-26,LEAGUE,,FSV Mainz 05,Freiburg,0,1,A,Germany,Bundesliga,football-data.co.uk
league_ecf4dfc6464d07db,2026-04-12,BUNDESLIGA,2025-26,LEAGUE,,Stuttgart,Hamburg,4,0,H,Germany,Bundesliga,football-data.co.uk
league_fb6dd6423197415f,2026-04-17,BUNDESLIGA,2025-26,LEAGUE,,St Pauli,FC Koln,1,1,D,Germany,Bundesliga,football-data.co.uk
league_072fe35556d2183a,2026-04-18,BUNDESLIGA,2025-26,LEAGUE,,Bayer 04 Leverkusen,Augsburg,1,2,A,Germany,Bundesliga,football-data.co.uk
league_5bcd8700fb2e1b07,2026-04-18,BUNDESLIGA,2025-26,LEAGUE,,Eintracht Frankfurt,RB Leipzig,1,3,A,Germany,Bundesliga,football-data.co.uk
league_1acdb95f78fc8c83,2026-04-18,BUNDESLIGA,2025-26,LEAGUE,,Hoffenheim,Borussia Dortmund,2,1,H,Germany,Bundesliga,football-data.co.uk
league_40b7d256bd3c58d9,2026-04-18,BUNDESLIGA,2025-26,LEAGUE,,Union Berlin,Wolfsburg,1,2,A,Germany,Bundesliga,football-data.co.uk
league_1d9ac9de7c515e18,2026-04-18,BUNDESLIGA,2025-26,LEAGUE,,Werder Bremen,Hamburg,3,1,H,Germany,Bundesliga,football-data.co.uk
league_8c81526379bfb526,2026-04-19,BUNDESLIGA,2025-26,LEAGUE,,Borussia Mönchengladbach,FSV Mainz 05,1,1,D,Germany,Bundesliga,football-data.co.uk
league_5b6070d5c0d48675,2026-04-19,BUNDESLIGA,2025-26,LEAGUE,,FC Bayern München,Stuttgart,4,2,H,Germany,Bundesliga,football-data.co.uk
league_f524a39299ec8341,2026-04-19,BUNDESLIGA,2025-26,LEAGUE,,Freiburg,Heidenheim,2,1,H,Germany,Bundesliga,football-data.co.uk
league_a6c5956b413443a0,2026-04-24,BUNDESLIGA,2025-26,LEAGUE,,RB Leipzig,Union Berlin,3,1,H,Germany,Bundesliga,football-data.co.uk
league_ec69a54c3ea0b154,2026-04-25,BUNDESLIGA,2025-26,LEAGUE,,Augsburg,Eintracht Frankfurt,1,1,D,Germany,Bundesliga,football-data.co.uk
league_d790e92e7a681981,2026-04-25,BUNDESLIGA,2025-26,LEAGUE,,FC Koln,Bayer 04 Leverkusen,1,2,A,Germany,Bundesliga,football-data.co.uk
league_cf6bc5fe8a90db4e,2026-04-25,BUNDESLIGA,2025-26,LEAGUE,,FSV Mainz 05,FC Bayern München,3,4,A,Germany,Bundesliga,football-data.co.uk
league_127913853097c40e,2026-04-25,BUNDESLIGA,2025-26,LEAGUE,,Hamburg,Hoffenheim,1,2,A,Germany,Bundesliga,football-data.co.uk
league_807029cfd169eaa6,2026-04-25,BUNDESLIGA,2025-26,LEAGUE,,Heidenheim,St Pauli,2,0,H,Germany,Bundesliga,football-data.co.uk
league_af5e73c61e3fca56,2026-04-25,BUNDESLIGA,2025-26,LEAGUE,,Wolfsburg,Borussia Mönchengladbach,0,0,D,Germany,Bundesliga,football-data.co.uk
league_8f5567ba2da02ad7,2026-04-26,BUNDESLIGA,2025-26,LEAGUE,,Borussia Dortmund,Freiburg,4,0,H,Germany,Bundesliga,football-data.co.uk
league_e1118779cc2a8565,2026-04-26,BUNDESLIGA,2025-26,LEAGUE,,Stuttgart,Werder Bremen,1,1,D,Germany,Bundesliga,football-data.co.uk
league_69703243f42c5185,2026-05-02,BUNDESLIGA,2025-26,LEAGUE,,Bayer 04 Leverkusen,RB Leipzig,4,1,H,Germany,Bundesliga,football-data.co.uk
league_01e339870b3e7dec,2026-05-02,BUNDESLIGA,2025-26,LEAGUE,,Eintracht Frankfurt,Hamburg,1,2,A,Germany,Bundesliga,football-data.co.uk
league_db6b4f92ec4e3e4c,2026-05-02,BUNDESLIGA,2025-26,LEAGUE,,FC Bayern München,Heidenheim,3,3,D,Germany,Bundesliga,football-data.co.uk
league_cf8108c25d8012bb,2026-05-02,BUNDESLIGA,2025-26,LEAGUE,,Hoffenheim,Stuttgart,3,3,D,Germany,Bundesliga,football-data.co.uk
league_bdeadd3fbe87964b,2026-05-02,BUNDESLIGA,2025-26,LEAGUE,,Union Berlin,FC Koln,2,2,D,Germany,Bundesliga,football-data.co.uk
league_6fcc919490f450a0,2026-05-02,BUNDESLIGA,2025-26,LEAGUE,,Werder Bremen,Augsburg,1,3,A,Germany,Bundesliga,football-data.co.uk
league_a66ec2cc84684cf8,2026-05-03,BUNDESLIGA,2025-26,LEAGUE,,Borussia Mönchengladbach,Borussia Dortmund,1,0,H,Germany,Bundesliga,football-data.co.uk
league_612e6a5e5da421fc,2026-05-03,BUNDESLIGA,2025-26,LEAGUE,,Freiburg,Wolfsburg,1,1,D,Germany,Bundesliga,football-data.co.uk
league_af59c56932634b76,2026-05-03,BUNDESLIGA,2025-26,LEAGUE,,St Pauli,FSV Mainz 05,1,2,A,Germany,Bundesliga,football-data.co.uk
league_6dad00a1e72032b6,2026-05-08,BUNDESLIGA,2025-26,LEAGUE,,Borussia Dortmund,Eintracht Frankfurt,3,2,H,Germany,Bundesliga,football-data.co.uk
league_7e508c5710c40de7,2026-05-09,BUNDESLIGA,2025-26,LEAGUE,,Augsburg,Borussia Mönchengladbach,3,1,H,Germany,Bundesliga,football-data.co.uk
league_57cac52bd69c2b9c,2026-05-09,BUNDESLIGA,2025-26,LEAGUE,,Hoffenheim,Werder Bremen,1,0,H,Germany,Bundesliga,football-data.co.uk
league_6c79a991d4697476,2026-05-09,BUNDESLIGA,2025-26,LEAGUE,,RB Leipzig,St Pauli,2,1,H,Germany,Bundesliga,football-data.co.uk
league_d966463e447b806c,2026-05-09,BUNDESLIGA,2025-26,LEAGUE,,Stuttgart,Bayer 04 Leverkusen,3,1,H,Germany,Bundesliga,football-data.co.uk
league_3b73a62e951c6a28,2026-05-09,BUNDESLIGA,2025-26,LEAGUE,,Wolfsburg,FC Bayern München,0,1,A,Germany,Bundesliga,football-data.co.uk
league_ce450d7c1d8b6450,2026-05-10,BUNDESLIGA,2025-26,LEAGUE,,FC Koln,Heidenheim,1,3,A,Germany,Bundesliga,football-data.co.uk
league_70e6b4ff88f62564,2026-05-10,BUNDESLIGA,2025-26,LEAGUE,,FSV Mainz 05,Union Berlin,1,3,A,Germany,Bundesliga,football-data.co.uk
league_8c73dc9c7e58260e,2026-05-10,BUNDESLIGA,2025-26,LEAGUE,,Hamburg,Freiburg,3,2,H,Germany,Bundesliga,football-data.co.uk
league_507d4439e171da73,2026-05-16,BUNDESLIGA,2025-26,LEAGUE,,Bayer 04 Leverkusen,Hamburg,1,1,D,Germany,Bundesliga,football-data.co.uk
league_8275c06340de23e6,2026-05-16,BUNDESLIGA,2025-26,LEAGUE,,Borussia Mönchengladbach,Hoffenheim,4,0,H,Germany,Bundesliga,football-data.co.uk
league_3c3d31ffdf3da6b4,2026-05-16,BUNDESLIGA,2025-26,LEAGUE,,Eintracht Frankfurt,Stuttgart,2,2,D,Germany,Bundesliga,football-data.co.uk
league_17b10a5365ba6dd8,2026-05-16,BUNDESLIGA,2025-26,LEAGUE,,FC Bayern München,FC Koln,5,1,H,Germany,Bundesliga,football-data.co.uk
league_9b95f807f64ebd4d,2026-05-16,BUNDESLIGA,2025-26,LEAGUE,,Freiburg,RB Leipzig,4,1,H,Germany,Bundesliga,football-data.co.uk
league_9d9b4f1d57b5a2ab,2026-05-16,BUNDESLIGA,2025-26,LEAGUE,,Heidenheim,FSV Mainz 05,0,2,A,Germany,Bundesliga,football-data.co.uk
league_bc46cbc69ab56c19,2026-05-16,BUNDESLIGA,2025-26,LEAGUE,,St Pauli,Wolfsburg,1,3,A,Germany,Bundesliga,football-data.co.uk
league_803859bf219df9a8,2026-05-16,BUNDESLIGA,2025-26,LEAGUE,,Union Berlin,Augsburg,4,0,H,Germany,Bundesliga,football-data.co.uk
league_908b7011757d65c4,2026-05-16,BUNDESLIGA,2025-26,LEAGUE,,Werder Bremen,Borussia Dortmund,0,2,A,Germany,Bundesliga,football-data.co.uk
