match_id,date,competition,season,stage,matchday,home_team,away_team,home_goals,away_goals,winner,country,league_name,data_source
league_21e62749ef8f8994,2016-08-05,EREDIVISIE,2016-17,LEAGUE,,Nijmegen,Zwolle,1,1,D,Netherlands,Eredivisie,football-data.co.uk
league_8b275dfc5d212388,2016-08-06,EREDIVISIE,2016-17,LEAGUE,,Den Haag,Go Ahead Eagles,3,0,H,Netherlands,Eredivisie,football-data.co.uk
league_3bd5e9e5d945a6cd,2016-08-06,EREDIVISIE,2016-17,LEAGUE,,Twente,Excelsior,1,2,A,Netherlands,Eredivisie,football-data.co.uk
league_3f1a38c031b215d2,2016-08-06,EREDIVISIE,2016-17,LEAGUE,,Utrecht,PSV Eindhoven,1,2,A,Netherlands,Eredivisie,football-data.co.uk
league_c5e7f2ab07c0b727,2016-08-06,EREDIVISIE,2016-17,LEAGUE,,Willem II,Vitesse,1,4,A,Netherlands,Eredivisie,football-data.co.uk
league_af4a2b6b47fb53b6,2016-08-07,EREDIVISIE,2016-17,LEAGUE,,AZ Alkmaar,Heerenveen,2,2,D,Netherlands,Eredivisie,football-data.co.uk
league_cd91cd6fd4c81213,2016-08-07,EREDIVISIE,2016-17,LEAGUE,,Groningen,Feyenoord Rotterdam,0,5,A,Netherlands,Eredivisie,football-data.co.uk
league_b20e0f959c5f646f,2016-08-07,EREDIVISIE,2016-17,LEAGUE,,Roda,Heracles,1,1,D,Netherlands,Eredivisie,football-data.co.uk
league_01917387402102ea,2016-08-07,EREDIVISIE,2016-17,LEAGUE,,Sparta Rotterdam,Ajax,1,3,A,Netherlands,Eredivisie,football-data.co.uk
league_df2f76b96df93194,2016-08-12,EREDIVISIE,2016-17,LEAGUE,,Heerenveen,Utrecht,2,2,D,Netherlands,Eredivisie,football-data.co.uk
league_c0a6cc93fb129bc5,2016-08-13,EREDIVISIE,2016-17,LEAGUE,,Ajax,Roda,2,2,D,Netherlands,Eredivisie,football-data.co.uk
league_c9ad460e48cfaa1b,2016-08-13,EREDIVISIE,2016-17,LEAGUE,,Excelsior,Groningen,2,0,H,Netherlands,Eredivisie,football-data.co.uk
league_2711d9be16b92fdc,2016-08-13,EREDIVISIE,2016-17,LEAGUE,,Vitesse,Den Haag,1,2,A,Netherlands,Eredivisie,football-data.co.uk
league_91e0d0325c8e886a,2016-08-13,EREDIVISIE,2016-17,LEAGUE,,Zwolle,Sparta Rotterdam,0,3,A,Netherlands,Eredivisie,football-data.co.uk
league_9603006a3d6645bf,2016-08-14,EREDIVISIE,2016-17,LEAGUE,,Feyenoord Rotterdam,Twente,2,0,H,Netherlands,Eredivisie,football-data.co.uk
league_d2f49ba56ac085ec,2016-08-14,EREDIVISIE,2016-17,LEAGUE,,Go Ahead Eagles,Nijmegen,2,2,D,Netherlands,Eredivisie,football-data.co.uk
league_4ee28a4616da89cb,2016-08-14,EREDIVISIE,2016-17,LEAGUE,,Heracles,Willem II,3,1,H,Netherlands,Eredivisie,football-data.co.uk
league_f23d8fd00c817500,2016-08-14,EREDIVISIE,2016-17,LEAGUE,,PSV Eindhoven,AZ Alkmaar,1,0,H,Netherlands,Eredivisie,football-data.co.uk
league_ee6df2830470e411,2016-08-19,EREDIVISIE,2016-17,LEAGUE,,Excelsior,Den Haag,1,2,A,Netherlands,Eredivisie,football-data.co.uk
league_12ca64f3d8ed304a,2016-08-20,EREDIVISIE,2016-17,LEAGUE,,Ajax,Willem II,1,2,A,Netherlands,Eredivisie,football-data.co.uk
league_aa57ef2e967d7c12,2016-08-20,EREDIVISIE,2016-17,LEAGUE,,Nijmegen,Heerenveen,2,1,H,Netherlands,Eredivisie,football-data.co.uk
league_24289e9d694fe6a6,2016-08-20,EREDIVISIE,2016-17,LEAGUE,,Roda,Vitesse,0,1,A,Netherlands,Eredivisie,football-data.co.uk
league_69dd8adcd2c7be4d,2016-08-20,EREDIVISIE,2016-17,LEAGUE,,Zwolle,PSV Eindhoven,0,4,A,Netherlands,Eredivisie,football-data.co.uk
league_b2f5fcd65430bee1,2016-08-21,EREDIVISIE,2016-17,LEAGUE,,Groningen,Twente,3,4,A,Netherlands,Eredivisie,football-data.co.uk
league_b9d730a4a144acb5,2016-08-21,EREDIVISIE,2016-17,LEAGUE,,Heracles,Feyenoord Rotterdam,0,1,A,Netherlands,Eredivisie,football-data.co.uk
league_f281794332b375fd,2016-08-21,EREDIVISIE,2016-17,LEAGUE,,Sparta Rotterdam,Go Ahead Eagles,1,0,H,Netherlands,Eredivisie,football-data.co.uk
league_7313b72333086613,2016-08-21,EREDIVISIE,2016-17,LEAGUE,,Utrecht,AZ Alkmaar,1,2,A,Netherlands,Eredivisie,football-data.co.uk
league_2e849684f8f072da,2016-08-26,EREDIVISIE,2016-17,LEAGUE,,Vitesse,Utrecht,1,1,D,Netherlands,Eredivisie,football-data.co.uk
league_5a4d326141963b21,2016-08-27,EREDIVISIE,2016-17,LEAGUE,,Feyenoord Rotterdam,Excelsior,4,1,H,Netherlands,Eredivisie,football-data.co.uk
league_619d4f2806f2bafa,2016-08-27,EREDIVISIE,2016-17,LEAGUE,,Heerenveen,Zwolle,1,0,H,Netherlands,Eredivisie,football-data.co.uk
league_2248f5a20f643604,2016-08-27,EREDIVISIE,2016-17,LEAGUE,,Twente,Sparta Rotterdam,3,1,H,Netherlands,Eredivisie,football-data.co.uk
league_7f0538fb5701a11e,2016-08-27,EREDIVISIE,2016-17,LEAGUE,,Willem II,Roda,0,0,D,Netherlands,Eredivisie,football-data.co.uk
league_11878793f8a42d8e,2016-08-28,EREDIVISIE,2016-17,LEAGUE,,AZ Alkmaar,Nijmegen,2,0,H,Netherlands,Eredivisie,football-data.co.uk
league_688d7fece83e5ca3,2016-08-28,EREDIVISIE,2016-17,LEAGUE,,Den Haag,Heracles,1,1,D,Netherlands,Eredivisie,football-data.co.uk
league_cdea64b43c62fce8,2016-08-28,EREDIVISIE,2016-17,LEAGUE,,Go Ahead Eagles,Ajax,0,3,A,Netherlands,Eredivisie,football-data.co.uk
league_78e348839e875ba8,2016-08-28,EREDIVISIE,2016-17,LEAGUE,,PSV Eindhoven,Groningen,0,0,D,Netherlands,Eredivisie,football-data.co.uk
league_07e2e39a9e1d6ede,2016-09-10,EREDIVISIE,2016-17,LEAGUE,,AZ Alkmaar,Willem II,2,0,H,Netherlands,Eredivisie,football-data.co.uk
league_ae6a5667235265a1,2016-09-10,EREDIVISIE,2016-17,LEAGUE,,Excelsior,Heracles,3,1,H,Netherlands,Eredivisie,football-data.co.uk
league_1d1b3f1b70984b9c,2016-09-10,EREDIVISIE,2016-17,LEAGUE,,Heerenveen,Twente,3,1,H,Netherlands,Eredivisie,football-data.co.uk
league_49abc2e55b116c09,2016-09-10,EREDIVISIE,2016-17,LEAGUE,,Nijmegen,PSV Eindhoven,0,4,A,Netherlands,Eredivisie,football-data.co.uk
league_3491278a5a238e7d,2016-09-10,EREDIVISIE,2016-17,LEAGUE,,Zwolle,Utrecht,1,1,D,Netherlands,Eredivisie,football-data.co.uk
league_6ee8689502ac474b,2016-09-11,EREDIVISIE,2016-17,LEAGUE,,Ajax,Vitesse,1,0,H,Netherlands,Eredivisie,football-data.co.uk
league_e1a8c8f8f29afc82,2016-09-11,EREDIVISIE,2016-17,LEAGUE,,Feyenoord Rotterdam,Den Haag,3,1,H,Netherlands,Eredivisie,football-data.co.uk
league_e4f422e3a1bc659e,2016-09-11,EREDIVISIE,2016-17,LEAGUE,,Go Ahead Eagles,Roda,2,0,H,Netherlands,Eredivisie,football-data.co.uk
league_2cbf9393756463e3,2016-09-11,EREDIVISIE,2016-17,LEAGUE,,Groningen,Sparta Rotterdam,1,1,D,Netherlands,Eredivisie,football-data.co.uk
league_219afa7b9ad50074,2016-09-16,EREDIVISIE,2016-17,LEAGUE,,Utrecht,Groningen,1,5,A,Netherlands,Eredivisie,football-data.co.uk
league_a900ccc96bdd289b,2016-09-17,EREDIVISIE,2016-17,LEAGUE,,Roda,Heerenveen,0,3,A,Netherlands,Eredivisie,football-data.co.uk
league_7a76873b4612ef5e,2016-09-17,EREDIVISIE,2016-17,LEAGUE,,Twente,Den Haag,4,1,H,Netherlands,Eredivisie,football-data.co.uk
league_ec9d9fd38a18e8c5,2016-09-17,EREDIVISIE,2016-17,LEAGUE,,Vitesse,Go Ahead Eagles,2,0,H,Netherlands,Eredivisie,football-data.co.uk
league_f5faa124583ba9dc,2016-09-17,EREDIVISIE,2016-17,LEAGUE,,Willem II,Excelsior,1,1,D,Netherlands,Eredivisie,football-data.co.uk
league_dc7d91bdca4377ec,2016-09-18,EREDIVISIE,2016-17,LEAGUE,,Heracles,Ajax,0,2,A,Netherlands,Eredivisie,football-data.co.uk
league_ea9f88d523afdc4f,2016-09-18,EREDIVISIE,2016-17,LEAGUE,,PSV Eindhoven,Feyenoord Rotterdam,0,1,A,Netherlands,Eredivisie,football-data.co.uk
league_3afc556ae29918f3,2016-09-18,EREDIVISIE,2016-17,LEAGUE,,Sparta Rotterdam,Nijmegen,2,0,H,Netherlands,Eredivisie,football-data.co.uk
league_bf114894ba244bf7,2016-09-18,EREDIVISIE,2016-17,LEAGUE,,Zwolle,AZ Alkmaar,0,2,A,Netherlands,Eredivisie,football-data.co.uk
league_3b85c62ca3ee0dee,2016-09-24,EREDIVISIE,2016-17,LEAGUE,,AZ Alkmaar,Go Ahead Eagles,2,2,D,Netherlands,Eredivisie,football-data.co.uk
league_bc54ecfe5ead8cf3,2016-09-24,EREDIVISIE,2016-17,LEAGUE,,Ajax,Zwolle,5,1,H,Netherlands,Eredivisie,football-data.co.uk
league_730000b3b2d23760,2016-09-24,EREDIVISIE,2016-17,LEAGUE,,Den Haag,Heerenveen,0,3,A,Netherlands,Eredivisie,football-data.co.uk
league_6da254237e6bee29,2016-09-24,EREDIVISIE,2016-17,LEAGUE,,Excelsior,PSV Eindhoven,1,3,A,Netherlands,Eredivisie,football-data.co.uk
league_1afd209fad39943a,2016-09-24,EREDIVISIE,2016-17,LEAGUE,,Groningen,Heracles,0,0,D,Netherlands,Eredivisie,football-data.co.uk
league_aaf0b9d591845899,2016-09-25,EREDIVISIE,2016-17,LEAGUE,,Feyenoord Rotterdam,Roda,5,0,H,Netherlands,Eredivisie,football-data.co.uk
league_40a11ffad7e6967a,2016-09-25,EREDIVISIE,2016-17,LEAGUE,,Nijmegen,Willem II,0,0,D,Netherlands,Eredivisie,football-data.co.uk
league_bacd6f878fa20fcc,2016-09-25,EREDIVISIE,2016-17,LEAGUE,,Twente,Vitesse,2,1,H,Netherlands,Eredivisie,football-data.co.uk
league_4de665dc249ef429,2016-09-25,EREDIVISIE,2016-17,LEAGUE,,Utrecht,Sparta Rotterdam,2,0,H,Netherlands,Eredivisie,football-data.co.uk
league_5b6223dd24470756,2016-09-30,EREDIVISIE,2016-17,LEAGUE,,Zwolle,Den Haag,2,1,H,Netherlands,Eredivisie,football-data.co.uk
league_00777c444ce8177a,2016-10-01,EREDIVISIE,2016-17,LEAGUE,,Go Ahead Eagles,Excelsior,3,0,H,Netherlands,Eredivisie,football-data.co.uk
league_78ccada986b54736,2016-10-01,EREDIVISIE,2016-17,LEAGUE,,Heerenveen,PSV Eindhoven,1,1,D,Netherlands,Eredivisie,football-data.co.uk
league_e4914a1636b8b598,2016-10-01,EREDIVISIE,2016-17,LEAGUE,,Roda,Nijmegen,0,1,A,Netherlands,Eredivisie,football-data.co.uk
league_4a01682f51058c64,2016-10-01,EREDIVISIE,2016-17,LEAGUE,,Vitesse,Groningen,2,1,H,Netherlands,Eredivisie,football-data.co.uk
league_c25046f9b2574701,2016-10-02,EREDIVISIE,2016-17,LEAGUE,,Ajax,Utrecht,3,2,H,Netherlands,Eredivisie,football-data.co.uk
league_8966f3073082369d,2016-10-02,EREDIVISIE,2016-17,LEAGUE,,Heracles,Twente,1,1,D,Netherlands,Eredivisie,football-data.co.uk
league_be9cfdfc5815c9df,2016-10-02,EREDIVISIE,2016-17,LEAGUE,,Sparta Rotterdam,AZ Alkmaar,1,1,D,Netherlands,Eredivisie,football-data.co.uk
league_23afb9e193c5c2cf,2016-10-02,EREDIVISIE,2016-17,LEAGUE,,Willem II,Feyenoord Rotterdam,0,2,A,Netherlands,Eredivisie,football-data.co.uk
league_79726e701de10108,2016-10-15,EREDIVISIE,2016-17,LEAGUE,,AZ Alkmaar,Vitesse,2,2,D,Netherlands,Eredivisie,football-data.co.uk
league_c9012df26a8420a1,2016-10-15,EREDIVISIE,2016-17,LEAGUE,,Groningen,Heerenveen,0,3,A,Netherlands,Eredivisie,football-data.co.uk
league_b9266bf793addf80,2016-10-15,EREDIVISIE,2016-17,LEAGUE,,PSV Eindhoven,Heracles,1,1,D,Netherlands,Eredivisie,football-data.co.uk
league_77d038cd0c40ace3,2016-10-15,EREDIVISIE,2016-17,LEAGUE,,Sparta Rotterdam,Willem II,2,2,D,Netherlands,Eredivisie,football-data.co.uk
league_b00a32606b1b83d6,2016-10-15,EREDIVISIE,2016-17,LEAGUE,,Utrecht,Go Ahead Eagles,3,0,H,Netherlands,Eredivisie,football-data.co.uk
league_6bab5aac1ad98561,2016-10-16,EREDIVISIE,2016-17,LEAGUE,,Den Haag,Ajax,0,2,A,Netherlands,Eredivisie,football-data.co.uk
league_413bddd95a21d077,2016-10-16,EREDIVISIE,2016-17,LEAGUE,,Excelsior,Roda,0,1,A,Netherlands,Eredivisie,football-data.co.uk
league_83267a0466a3d5bf,2016-10-16,EREDIVISIE,2016-17,LEAGUE,,Nijmegen,Feyenoord Rotterdam,1,2,A,Netherlands,Eredivisie,football-data.co.uk
league_dcb31318e01d2922,2016-10-16,EREDIVISIE,2016-17,LEAGUE,,Twente,Zwolle,2,2,D,Netherlands,Eredivisie,football-data.co.uk
league_c7257f7660cae2cc,2016-10-21,EREDIVISIE,2016-17,LEAGUE,,Excelsior,Zwolle,0,2,A,Netherlands,Eredivisie,football-data.co.uk
league_c6aa35a2afd539d8,2016-10-22,EREDIVISIE,2016-17,LEAGUE,,Go Ahead Eagles,Twente,0,2,A,Netherlands,Eredivisie,football-data.co.uk
league_802310f46259f324,2016-10-22,EREDIVISIE,2016-17,LEAGUE,,PSV Eindhoven,Sparta Rotterdam,1,0,H,Netherlands,Eredivisie,football-data.co.uk
league_cc9bcbf5c3a574c0,2016-10-22,EREDIVISIE,2016-17,LEAGUE,,Roda,Den Haag,1,1,D,Netherlands,Eredivisie,football-data.co.uk
league_961bf446e8c015f1,2016-10-22,EREDIVISIE,2016-17,LEAGUE,,Willem II,Utrecht,0,1,A,Netherlands,Eredivisie,football-data.co.uk
league_1c1497b5c463bd02,2016-10-23,EREDIVISIE,2016-17,LEAGUE,,Feyenoord Rotterdam,Ajax,1,1,D,Netherlands,Eredivisie,football-data.co.uk
league_665408ea9125e445,2016-10-23,EREDIVISIE,2016-17,LEAGUE,,Groningen,AZ Alkmaar,2,0,H,Netherlands,Eredivisie,football-data.co.uk
league_4f0f9c16cd34609b,2016-10-23,EREDIVISIE,2016-17,LEAGUE,,Heerenveen,Heracles,3,1,H,Netherlands,Eredivisie,football-data.co.uk
league_95811ae0ad3f0a0c,2016-10-23,EREDIVISIE,2016-17,LEAGUE,,Nijmegen,Vitesse,1,1,D,Netherlands,Eredivisie,football-data.co.uk
league_12df51e82d416b03,2016-10-28,EREDIVISIE,2016-17,LEAGUE,,Twente,Roda,0,0,D,Netherlands,Eredivisie,football-data.co.uk
league_be3fdf8fdc16e8dd,2016-10-29,EREDIVISIE,2016-17,LEAGUE,,Ajax,Excelsior,1,0,H,Netherlands,Eredivisie,football-data.co.uk
league_5519d343a895d67b,2016-10-29,EREDIVISIE,2016-17,LEAGUE,,Heracles,Sparta Rotterdam,2,2,D,Netherlands,Eredivisie,football-data.co.uk
league_65142ea731969605,2016-10-29,EREDIVISIE,2016-17,LEAGUE,,Vitesse,PSV Eindhoven,0,2,A,Netherlands,Eredivisie,football-data.co.uk
league_c8e41e767f497b32,2016-10-29,EREDIVISIE,2016-17,LEAGUE,,Willem II,Groningen,2,1,H,Netherlands,Eredivisie,football-data.co.uk
league_4043caa91a6f4631,2016-10-30,EREDIVISIE,2016-17,LEAGUE,,Den Haag,AZ Alkmaar,0,1,A,Netherlands,Eredivisie,football-data.co.uk
league_0f8078b5f4bed738,2016-10-30,EREDIVISIE,2016-17,LEAGUE,,Feyenoord Rotterdam,Heerenveen,2,2,D,Netherlands,Eredivisie,football-data.co.uk
league_39e1d0eb1652b152,2016-10-30,EREDIVISIE,2016-17,LEAGUE,,Utrecht,Nijmegen,1,1,D,Netherlands,Eredivisie,football-data.co.uk
league_4f5edf526494fc45,2016-10-30,EREDIVISIE,2016-17,LEAGUE,,Zwolle,Go Ahead Eagles,3,1,H,Netherlands,Eredivisie,football-data.co.uk
league_50b2b74b483420ad,2016-11-04,EREDIVISIE,2016-17,LEAGUE,,Sparta Rotterdam,Heerenveen,3,1,H,Netherlands,Eredivisie,football-data.co.uk
league_09b1acadab649c28,2016-11-05,EREDIVISIE,2016-17,LEAGUE,,Den Haag,Willem II,1,0,H,Netherlands,Eredivisie,football-data.co.uk
league_1d4808707e41bd3a,2016-11-05,EREDIVISIE,2016-17,LEAGUE,,Nijmegen,Groningen,1,1,D,Netherlands,Eredivisie,football-data.co.uk
league_f0a4bda8e1294d59,2016-11-05,EREDIVISIE,2016-17,LEAGUE,,PSV Eindhoven,Twente,1,1,D,Netherlands,Eredivisie,football-data.co.uk
league_fe7b14fd2b008816,2016-11-05,EREDIVISIE,2016-17,LEAGUE,,Zwolle,Roda,0,0,D,Netherlands,Eredivisie,football-data.co.uk
league_d8152a30fd2611bb,2016-11-06,EREDIVISIE,2016-17,LEAGUE,,AZ Alkmaar,Ajax,2,2,D,Netherlands,Eredivisie,football-data.co.uk
league_63639ebf1d9e253f,2016-11-06,EREDIVISIE,2016-17,LEAGUE,,Go Ahead Eagles,Feyenoord Rotterdam,1,0,H,Netherlands,Eredivisie,football-data.co.uk
league_50ea22ac8bfd5d84,2016-11-06,EREDIVISIE,2016-17,LEAGUE,,Utrecht,Excelsior,2,1,H,Netherlands,Eredivisie,football-data.co.uk
league_ef8446ff159472a2,2016-11-06,EREDIVISIE,2016-17,LEAGUE,,Vitesse,Heracles,1,2,A,Netherlands,Eredivisie,football-data.co.uk
league_150d4ee158614707,2016-11-19,EREDIVISIE,2016-17,LEAGUE,,Excelsior,Sparta Rotterdam,3,2,H,Netherlands,Eredivisie,football-data.co.uk
league_84a9c21e17d3cd33,2016-11-19,EREDIVISIE,2016-17,LEAGUE,,Groningen,Den Haag,2,1,H,Netherlands,Eredivisie,football-data.co.uk
league_da4bdebbb51c6674,2016-11-19,EREDIVISIE,2016-17,LEAGUE,,Heerenveen,Vitesse,1,1,D,Netherlands,Eredivisie,football-data.co.uk
league_2ff9da95825f74b9,2016-11-19,EREDIVISIE,2016-17,LEAGUE,,Heracles,Go Ahead Eagles,2,1,H,Netherlands,Eredivisie,football-data.co.uk
league_b686f314145e46cf,2016-11-19,EREDIVISIE,2016-17,LEAGUE,,Willem II,PSV Eindhoven,0,0,D,Netherlands,Eredivisie,football-data.co.uk
league_bf90f0889c780220,2016-11-20,EREDIVISIE,2016-17,LEAGUE,,Ajax,Nijmegen,5,0,H,Netherlands,Eredivisie,football-data.co.uk
league_85bab6ce025d727a,2016-11-20,EREDIVISIE,2016-17,LEAGUE,,Feyenoord Rotterdam,Zwolle,3,0,H,Netherlands,Eredivisie,football-data.co.uk
league_c3c609c7e9afb09c,2016-11-20,EREDIVISIE,2016-17,LEAGUE,,Roda,AZ Alkmaar,1,1,D,Netherlands,Eredivisie,football-data.co.uk
league_54133409217c0168,2016-11-20,EREDIVISIE,2016-17,LEAGUE,,Twente,Utrecht,1,1,D,Netherlands,Eredivisie,football-data.co.uk
league_8b0ecd0057c3185c,2016-11-25,EREDIVISIE,2016-17,LEAGUE,,Go Ahead Eagles,Willem II,0,1,A,Netherlands,Eredivisie,football-data.co.uk
league_46710a0ff1e1b4fd,2016-11-26,EREDIVISIE,2016-17,LEAGUE,,Nijmegen,Twente,3,2,H,Netherlands,Eredivisie,football-data.co.uk
league_cae9ab9c56a1011e,2016-11-26,EREDIVISIE,2016-17,LEAGUE,,PSV Eindhoven,Den Haag,3,1,H,Netherlands,Eredivisie,football-data.co.uk
league_325319cc86ff8871,2016-11-26,EREDIVISIE,2016-17,LEAGUE,,Vitesse,Excelsior,2,2,D,Netherlands,Eredivisie,football-data.co.uk
league_3a048beccb9bf81e,2016-11-26,EREDIVISIE,2016-17,LEAGUE,,Zwolle,Groningen,0,4,A,Netherlands,Eredivisie,football-data.co.uk
league_d64ab84d50492d1b,2016-11-27,EREDIVISIE,2016-17,LEAGUE,,AZ Alkmaar,Heracles,5,1,H,Netherlands,Eredivisie,football-data.co.uk
league_9d38ed5764332aa2,2016-11-27,EREDIVISIE,2016-17,LEAGUE,,Heerenveen,Ajax,0,1,A,Netherlands,Eredivisie,football-data.co.uk
league_d1c5c7ae0fdbbebc,2016-11-27,EREDIVISIE,2016-17,LEAGUE,,Sparta Rotterdam,Roda,2,2,D,Netherlands,Eredivisie,football-data.co.uk
league_18a83c0de3629e99,2016-11-27,EREDIVISIE,2016-17,LEAGUE,,Utrecht,Feyenoord Rotterdam,3,3,D,Netherlands,Eredivisie,football-data.co.uk
league_334d883bca8592db,2016-12-02,EREDIVISIE,2016-17,LEAGUE,,Heracles,Nijmegen,2,0,H,Netherlands,Eredivisie,football-data.co.uk
league_ce51faff6baa03d5,2016-12-03,EREDIVISIE,2016-17,LEAGUE,,Excelsior,AZ Alkmaar,3,3,D,Netherlands,Eredivisie,football-data.co.uk
league_8483a3e46635890f,2016-12-03,EREDIVISIE,2016-17,LEAGUE,,Go Ahead Eagles,Heerenveen,1,3,A,Netherlands,Eredivisie,football-data.co.uk
league_cc607e0f6f695213,2016-12-03,EREDIVISIE,2016-17,LEAGUE,,Roda,PSV Eindhoven,0,0,D,Netherlands,Eredivisie,football-data.co.uk
league_62a0b93df98919cb,2016-12-03,EREDIVISIE,2016-17,LEAGUE,,Vitesse,Zwolle,3,1,H,Netherlands,Eredivisie,football-data.co.uk
league_e0b95479773c35ab,2016-12-04,EREDIVISIE,2016-17,LEAGUE,,Ajax,Groningen,2,0,H,Netherlands,Eredivisie,football-data.co.uk
league_3b9fbb0a1aeba77d,2016-12-04,EREDIVISIE,2016-17,LEAGUE,,Den Haag,Utrecht,0,2,A,Netherlands,Eredivisie,football-data.co.uk
league_5e7df33e18a2ad0b,2016-12-04,EREDIVISIE,2016-17,LEAGUE,,Feyenoord Rotterdam,Sparta Rotterdam,6,1,H,Netherlands,Eredivisie,football-data.co.uk
league_a5c1fe03f11f8aa5,2016-12-04,EREDIVISIE,2016-17,LEAGUE,,Willem II,Twente,0,0,D,Netherlands,Eredivisie,football-data.co.uk
league_5ccc375312393b9f,2016-12-09,EREDIVISIE,2016-17,LEAGUE,,Groningen,Roda,2,0,H,Netherlands,Eredivisie,football-data.co.uk
league_b432c7c83209e98e,2016-12-10,EREDIVISIE,2016-17,LEAGUE,,Heerenveen,Excelsior,2,1,H,Netherlands,Eredivisie,football-data.co.uk
league_519109cf41877c94,2016-12-10,EREDIVISIE,2016-17,LEAGUE,,Nijmegen,Den Haag,3,0,H,Netherlands,Eredivisie,football-data.co.uk
league_ba6fe80d705c234a,2016-12-10,EREDIVISIE,2016-17,LEAGUE,,PSV Eindhoven,Go Ahead Eagles,1,0,H,Netherlands,Eredivisie,football-data.co.uk
league_41e8fbe9153c459c,2016-12-10,EREDIVISIE,2016-17,LEAGUE,,Zwolle,Willem II,0,0,D,Netherlands,Eredivisie,football-data.co.uk
league_50597f79963265e2,2016-12-11,EREDIVISIE,2016-17,LEAGUE,,AZ Alkmaar,Feyenoord Rotterdam,0,4,A,Netherlands,Eredivisie,football-data.co.uk
league_28ebfc245384cdbc,2016-12-11,EREDIVISIE,2016-17,LEAGUE,,Sparta Rotterdam,Vitesse,0,1,A,Netherlands,Eredivisie,football-data.co.uk
league_bc5060283389b188,2016-12-11,EREDIVISIE,2016-17,LEAGUE,,Twente,Ajax,1,0,H,Netherlands,Eredivisie,football-data.co.uk
league_0ee457cb727a360d,2016-12-11,EREDIVISIE,2016-17,LEAGUE,,Utrecht,Heracles,2,0,H,Netherlands,Eredivisie,football-data.co.uk
league_7718a1690f1ac012,2016-12-16,EREDIVISIE,2016-17,LEAGUE,,Willem II,Heerenveen,2,1,H,Netherlands,Eredivisie,football-data.co.uk
league_95b59d59ec299497,2016-12-17,EREDIVISIE,2016-17,LEAGUE,,Feyenoord Rotterdam,Vitesse,3,1,H,Netherlands,Eredivisie,football-data.co.uk
league_2d674d054c22b5b6,2016-12-17,EREDIVISIE,2016-17,LEAGUE,,Roda,Utrecht,0,0,D,Netherlands,Eredivisie,football-data.co.uk
league_c616a09750178866,2016-12-17,EREDIVISIE,2016-17,LEAGUE,,Twente,AZ Alkmaar,1,2,A,Netherlands,Eredivisie,football-data.co.uk
league_5f50b9eabe20cf8f,2016-12-18,EREDIVISIE,2016-17,LEAGUE,,Ajax,PSV Eindhoven,1,1,D,Netherlands,Eredivisie,football-data.co.uk
league_400b28232913cb75,2016-12-18,EREDIVISIE,2016-17,LEAGUE,,Den Haag,Sparta Rotterdam,1,0,H,Netherlands,Eredivisie,football-data.co.uk
league_bc8e5a132b7fb241,2016-12-18,EREDIVISIE,2016-17,LEAGUE,,Excelsior,Nijmegen,2,2,D,Netherlands,Eredivisie,football-data.co.uk
league_13dde610b1a1df13,2016-12-18,EREDIVISIE,2016-17,LEAGUE,,Groningen,Go Ahead Eagles,1,1,D,Netherlands,Eredivisie,football-data.co.uk
league_a6ddd4b009d182a3,2016-12-18,EREDIVISIE,2016-17,LEAGUE,,Heracles,Zwolle,3,0,H,Netherlands,Eredivisie,football-data.co.uk
league_7bd74a11f9b1fc1d,2017-01-13,EREDIVISIE,2016-17,LEAGUE,,Go Ahead Eagles,AZ Alkmaar,1,3,A,Netherlands,Eredivisie,football-data.co.uk
league_af10ca99591c4489,2017-01-14,EREDIVISIE,2016-17,LEAGUE,,Heerenveen,Den Haag,2,0,H,Netherlands,Eredivisie,football-data.co.uk
league_3952f7126034c707,2017-01-14,EREDIVISIE,2016-17,LEAGUE,,Heracles,Groningen,1,4,A,Netherlands,Eredivisie,football-data.co.uk
league_bc45af8315516551,2017-01-14,EREDIVISIE,2016-17,LEAGUE,,PSV Eindhoven,Excelsior,2,0,H,Netherlands,Eredivisie,football-data.co.uk
league_8a6810f4add18bd1,2017-01-14,EREDIVISIE,2016-17,LEAGUE,,Sparta Rotterdam,Utrecht,1,2,A,Netherlands,Eredivisie,football-data.co.uk
league_66475f326fd55295,2017-01-15,EREDIVISIE,2016-17,LEAGUE,,Roda,Feyenoord Rotterdam,0,2,A,Netherlands,Eredivisie,football-data.co.uk
league_842fcd88bb9c6366,2017-01-15,EREDIVISIE,2016-17,LEAGUE,,Vitesse,Twente,3,1,H,Netherlands,Eredivisie,football-data.co.uk
league_d518c3e3fca016b6,2017-01-15,EREDIVISIE,2016-17,LEAGUE,,Willem II,Nijmegen,0,1,A,Netherlands,Eredivisie,football-data.co.uk
league_f5ffead2763f959f,2017-01-15,EREDIVISIE,2016-17,LEAGUE,,Zwolle,Ajax,1,3,A,Netherlands,Eredivisie,football-data.co.uk
league_e0bd6fe165715051,2017-01-20,EREDIVISIE,2016-17,LEAGUE,,Twente,Heracles,1,0,H,Netherlands,Eredivisie,football-data.co.uk
league_a529e18776f3ae8f,2017-01-21,EREDIVISIE,2016-17,LEAGUE,,AZ Alkmaar,Sparta Rotterdam,1,1,D,Netherlands,Eredivisie,football-data.co.uk
league_9af6b7b31830700a,2017-01-21,EREDIVISIE,2016-17,LEAGUE,,Den Haag,Zwolle,1,2,A,Netherlands,Eredivisie,football-data.co.uk
league_9ac201a96f42bd07,2017-01-21,EREDIVISIE,2016-17,LEAGUE,,Feyenoord Rotterdam,Willem II,1,0,H,Netherlands,Eredivisie,football-data.co.uk
league_b75cf46eff31905f,2017-01-21,EREDIVISIE,2016-17,LEAGUE,,Groningen,Vitesse,1,1,D,Netherlands,Eredivisie,football-data.co.uk
league_87b068a51a913f24,2017-01-22,EREDIVISIE,2016-17,LEAGUE,,Excelsior,Go Ahead Eagles,1,1,D,Netherlands,Eredivisie,football-data.co.uk
league_1a2d361f5afcf4c5,2017-01-22,EREDIVISIE,2016-17,LEAGUE,,Nijmegen,Roda,2,0,H,Netherlands,Eredivisie,football-data.co.uk
league_b339d8804b7f4b60,2017-01-22,EREDIVISIE,2016-17,LEAGUE,,PSV Eindhoven,Heerenveen,4,3,H,Netherlands,Eredivisie,football-data.co.uk
league_d73638cf5e0ca74a,2017-01-22,EREDIVISIE,2016-17,LEAGUE,,Utrecht,Ajax,0,1,A,Netherlands,Eredivisie,football-data.co.uk
league_75bd049e67fb1e87,2017-01-27,EREDIVISIE,2016-17,LEAGUE,,Willem II,Sparta Rotterdam,3,2,H,Netherlands,Eredivisie,football-data.co.uk
league_f430a8040a16d511,2017-01-28,EREDIVISIE,2016-17,LEAGUE,,Go Ahead Eagles,Utrecht,0,1,A,Netherlands,Eredivisie,football-data.co.uk
league_e3d7eec8858d3979,2017-01-28,EREDIVISIE,2016-17,LEAGUE,,Heracles,PSV Eindhoven,1,2,A,Netherlands,Eredivisie,football-data.co.uk
league_49d7715e08f1cbe8,2017-01-28,EREDIVISIE,2016-17,LEAGUE,,Roda,Excelsior,4,0,H,Netherlands,Eredivisie,football-data.co.uk
league_2bea6055e6f916a0,2017-01-29,EREDIVISIE,2016-17,LEAGUE,,Ajax,Den Haag,3,0,H,Netherlands,Eredivisie,football-data.co.uk
league_e5ddd46d16cff042,2017-01-29,EREDIVISIE,2016-17,LEAGUE,,Feyenoord Rotterdam,Nijmegen,4,0,H,Netherlands,Eredivisie,football-data.co.uk
league_d0c49648b3d05802,2017-01-29,EREDIVISIE,2016-17,LEAGUE,,Heerenveen,Groningen,0,0,D,Netherlands,Eredivisie,football-data.co.uk
league_ef938e15464a305f,2017-01-29,EREDIVISIE,2016-17,LEAGUE,,Vitesse,AZ Alkmaar,2,1,H,Netherlands,Eredivisie,football-data.co.uk
league_7e5257f0693f89f3,2017-01-29,EREDIVISIE,2016-17,LEAGUE,,Zwolle,Twente,1,2,A,Netherlands,Eredivisie,football-data.co.uk
league_10affb2b8fe75f54,2017-02-03,EREDIVISIE,2016-17,LEAGUE,,Den Haag,Vitesse,0,2,A,Netherlands,Eredivisie,football-data.co.uk
league_b8929b355350234b,2017-02-04,EREDIVISIE,2016-17,LEAGUE,,AZ Alkmaar,PSV Eindhoven,2,4,A,Netherlands,Eredivisie,football-data.co.uk
league_2b147b955ca91cb5,2017-02-04,EREDIVISIE,2016-17,LEAGUE,,Groningen,Excelsior,1,1,D,Netherlands,Eredivisie,football-data.co.uk
league_ac9dff46d5c2eaef,2017-02-04,EREDIVISIE,2016-17,LEAGUE,,Nijmegen,Go Ahead Eagles,1,2,A,Netherlands,Eredivisie,football-data.co.uk
league_50bc93406c52e8a7,2017-02-04,EREDIVISIE,2016-17,LEAGUE,,Willem II,Heracles,1,3,A,Netherlands,Eredivisie,football-data.co.uk
league_b723a107266d1220,2017-02-05,EREDIVISIE,2016-17,LEAGUE,,Roda,Ajax,0,2,A,Netherlands,Eredivisie,football-data.co.uk
league_377f21e2915918c2,2017-02-05,EREDIVISIE,2016-17,LEAGUE,,Sparta Rotterdam,Zwolle,2,3,A,Netherlands,Eredivisie,football-data.co.uk
league_5075ae755156d519,2017-02-05,EREDIVISIE,2016-17,LEAGUE,,Twente,Feyenoord Rotterdam,0,2,A,Netherlands,Eredivisie,football-data.co.uk
league_8f7b5c27735b0f21,2017-02-05,EREDIVISIE,2016-17,LEAGUE,,Utrecht,Heerenveen,1,0,H,Netherlands,Eredivisie,football-data.co.uk
league_b2c2e949d4e956ad,2017-02-10,EREDIVISIE,2016-17,LEAGUE,,Zwolle,Nijmegen,2,0,H,Netherlands,Eredivisie,football-data.co.uk
league_79c7d9e3e8180f64,2017-02-11,EREDIVISIE,2016-17,LEAGUE,,Feyenoord Rotterdam,Groningen,2,0,H,Netherlands,Eredivisie,football-data.co.uk
league_9cba863f67f69bc3,2017-02-11,EREDIVISIE,2016-17,LEAGUE,,Go Ahead Eagles,Den Haag,3,1,H,Netherlands,Eredivisie,football-data.co.uk
league_99be87e73cd363f0,2017-02-11,EREDIVISIE,2016-17,LEAGUE,,Heracles,Roda,2,2,D,Netherlands,Eredivisie,football-data.co.uk
league_d1c25f51e420b514,2017-02-11,EREDIVISIE,2016-17,LEAGUE,,Vitesse,Willem II,0,2,A,Netherlands,Eredivisie,football-data.co.uk
league_28480f31e0dd7db3,2017-02-12,EREDIVISIE,2016-17,LEAGUE,,Ajax,Sparta Rotterdam,2,0,H,Netherlands,Eredivisie,football-data.co.uk
league_08e199aa4de15a88,2017-02-12,EREDIVISIE,2016-17,LEAGUE,,Excelsior,Twente,1,1,D,Netherlands,Eredivisie,football-data.co.uk
league_019a5f3e73ef08f5,2017-02-12,EREDIVISIE,2016-17,LEAGUE,,Heerenveen,AZ Alkmaar,1,2,A,Netherlands,Eredivisie,football-data.co.uk
league_e3db1a5b3b14a9a3,2017-02-12,EREDIVISIE,2016-17,LEAGUE,,PSV Eindhoven,Utrecht,3,0,H,Netherlands,Eredivisie,football-data.co.uk
league_3582acc10a54dc15,2017-02-17,EREDIVISIE,2016-17,LEAGUE,,Roda,Go Ahead Eagles,1,0,H,Netherlands,Eredivisie,football-data.co.uk
league_4a3eac568e542a8f,2017-02-18,EREDIVISIE,2016-17,LEAGUE,,Heracles,Excelsior,4,0,H,Netherlands,Eredivisie,football-data.co.uk
league_9de0e83a79c71e38,2017-02-18,EREDIVISIE,2016-17,LEAGUE,,PSV Eindhoven,Nijmegen,3,1,H,Netherlands,Eredivisie,football-data.co.uk
league_695e437b752f4f7d,2017-02-18,EREDIVISIE,2016-17,LEAGUE,,Twente,Heerenveen,1,0,H,Netherlands,Eredivisie,football-data.co.uk
league_95289f1f37ac7e32,2017-02-18,EREDIVISIE,2016-17,LEAGUE,,Utrecht,Zwolle,3,1,H,Netherlands,Eredivisie,football-data.co.uk
league_3ccbdccc71c1d748,2017-02-19,EREDIVISIE,2016-17,LEAGUE,,Den Haag,Feyenoord Rotterdam,0,1,A,Netherlands,Eredivisie,football-data.co.uk
league_6aa110dc3d47938e,2017-02-19,EREDIVISIE,2016-17,LEAGUE,,Sparta Rotterdam,Groningen,2,2,D,Netherlands,Eredivisie,football-data.co.uk
league_bb41468091077091,2017-02-19,EREDIVISIE,2016-17,LEAGUE,,Vitesse,Ajax,0,1,A,Netherlands,Eredivisie,football-data.co.uk
league_c3df39b5947f1763,2017-02-19,EREDIVISIE,2016-17,LEAGUE,,Willem II,AZ Alkmaar,1,1,D,Netherlands,Eredivisie,football-data.co.uk
league_b9b0f28ad42710f3,2017-02-24,EREDIVISIE,2016-17,LEAGUE,,Den Haag,Twente,1,1,D,Netherlands,Eredivisie,football-data.co.uk
league_0b982cc901e499b1,2017-02-25,EREDIVISIE,2016-17,LEAGUE,,Excelsior,Willem II,0,2,A,Netherlands,Eredivisie,football-data.co.uk
league_3160f3dfea7d6fc0,2017-02-25,EREDIVISIE,2016-17,LEAGUE,,Groningen,Utrecht,2,3,A,Netherlands,Eredivisie,football-data.co.uk
league_b5265f4f6407e1d4,2017-02-25,EREDIVISIE,2016-17,LEAGUE,,Heerenveen,Roda,3,0,H,Netherlands,Eredivisie,football-data.co.uk
league_8320ee805f3f524f,2017-02-25,EREDIVISIE,2016-17,LEAGUE,,Nijmegen,Sparta Rotterdam,0,1,A,Netherlands,Eredivisie,football-data.co.uk
league_97c6cb81eacda989,2017-02-26,EREDIVISIE,2016-17,LEAGUE,,AZ Alkmaar,Zwolle,1,1,D,Netherlands,Eredivisie,football-data.co.uk
league_b1a37a16221ae05a,2017-02-26,EREDIVISIE,2016-17,LEAGUE,,Ajax,Heracles,4,1,H,Netherlands,Eredivisie,football-data.co.uk
league_c5a9549d63673283,2017-02-26,EREDIVISIE,2016-17,LEAGUE,,Feyenoord Rotterdam,PSV Eindhoven,2,1,H,Netherlands,Eredivisie,football-data.co.uk
league_449fd5f61faaa262,2017-02-26,EREDIVISIE,2016-17,LEAGUE,,Go Ahead Eagles,Vitesse,1,3,A,Netherlands,Eredivisie,football-data.co.uk
league_109a9e88066b0ad7,2017-03-03,EREDIVISIE,2016-17,LEAGUE,,Heerenveen,Go Ahead Eagles,2,2,D,Netherlands,Eredivisie,football-data.co.uk
league_2ed5be75a79833cd,2017-03-04,EREDIVISIE,2016-17,LEAGUE,,PSV Eindhoven,Roda,4,0,H,Netherlands,Eredivisie,football-data.co.uk
league_8fd24198fbe2bfda,2017-03-04,EREDIVISIE,2016-17,LEAGUE,,Twente,Willem II,2,1,H,Netherlands,Eredivisie,football-data.co.uk
league_2296e13e7810d107,2017-03-04,EREDIVISIE,2016-17,LEAGUE,,Zwolle,Vitesse,3,1,H,Netherlands,Eredivisie,football-data.co.uk
league_87a89341860c318b,2017-03-05,EREDIVISIE,2016-17,LEAGUE,,AZ Alkmaar,Excelsior,1,1,D,Netherlands,Eredivisie,football-data.co.uk
league_b29ca3ad902cc6a2,2017-03-05,EREDIVISIE,2016-17,LEAGUE,,Groningen,Ajax,1,1,D,Netherlands,Eredivisie,football-data.co.uk
league_86d44650f11af1c7,2017-03-05,EREDIVISIE,2016-17,LEAGUE,,Nijmegen,Heracles,3,1,H,Netherlands,Eredivisie,football-data.co.uk
league_ede6b41314970e35,2017-03-05,EREDIVISIE,2016-17,LEAGUE,,Sparta Rotterdam,Feyenoord Rotterdam,1,0,H,Netherlands,Eredivisie,football-data.co.uk
league_f85cc33606d898ae,2017-03-05,EREDIVISIE,2016-17,LEAGUE,,Utrecht,Den Haag,1,1,D,Netherlands,Eredivisie,football-data.co.uk
league_651ad8dcbaa9fe02,2017-03-10,EREDIVISIE,2016-17,LEAGUE,,Vitesse,Sparta Rotterdam,5,0,H,Netherlands,Eredivisie,football-data.co.uk
league_f56238f490487da6,2017-03-11,EREDIVISIE,2016-17,LEAGUE,,Den Haag,Nijmegen,1,0,H,Netherlands,Eredivisie,football-data.co.uk
league_839712b60ba38bd8,2017-03-11,EREDIVISIE,2016-17,LEAGUE,,Excelsior,Heerenveen,4,1,H,Netherlands,Eredivisie,football-data.co.uk
league_0a98df17bbe74393,2017-03-11,EREDIVISIE,2016-17,LEAGUE,,Go Ahead Eagles,PSV Eindhoven,1,3,A,Netherlands,Eredivisie,football-data.co.uk
league_86ff481956f47dc2,2017-03-11,EREDIVISIE,2016-17,LEAGUE,,Heracles,Utrecht,2,1,H,Netherlands,Eredivisie,football-data.co.uk
league_ddd26d595de80323,2017-03-12,EREDIVISIE,2016-17,LEAGUE,,Ajax,Twente,3,0,H,Netherlands,Eredivisie,football-data.co.uk
league_804c464c64f906c5,2017-03-12,EREDIVISIE,2016-17,LEAGUE,,Feyenoord Rotterdam,AZ Alkmaar,5,2,H,Netherlands,Eredivisie,football-data.co.uk
league_950d0b3f83fb5162,2017-03-12,EREDIVISIE,2016-17,LEAGUE,,Roda,Groningen,3,1,H,Netherlands,Eredivisie,football-data.co.uk
league_dc41e67b4df7c664,2017-03-12,EREDIVISIE,2016-17,LEAGUE,,Willem II,Zwolle,2,0,H,Netherlands,Eredivisie,football-data.co.uk
league_73b0def2f48e2989,2017-03-17,EREDIVISIE,2016-17,LEAGUE,,Roda,Twente,0,3,A,Netherlands,Eredivisie,football-data.co.uk
league_d263cc1ce0091002,2017-03-18,EREDIVISIE,2016-17,LEAGUE,,Groningen,Willem II,1,1,D,Netherlands,Eredivisie,football-data.co.uk
league_4c4e9c7ef7ef8dcb,2017-03-18,EREDIVISIE,2016-17,LEAGUE,,Nijmegen,Utrecht,0,3,A,Netherlands,Eredivisie,football-data.co.uk
league_7a0a49c993192e1b,2017-03-18,EREDIVISIE,2016-17,LEAGUE,,PSV Eindhoven,Vitesse,1,0,H,Netherlands,Eredivisie,football-data.co.uk
league_836b1df704c5923f,2017-03-18,EREDIVISIE,2016-17,LEAGUE,,Sparta Rotterdam,Heracles,3,1,H,Netherlands,Eredivisie,football-data.co.uk
league_9983c7ac2ada4902,2017-03-19,EREDIVISIE,2016-17,LEAGUE,,AZ Alkmaar,Den Haag,4,0,H,Netherlands,Eredivisie,football-data.co.uk
league_509ce2d3c791ead8,2017-03-19,EREDIVISIE,2016-17,LEAGUE,,Excelsior,Ajax,1,1,D,Netherlands,Eredivisie,football-data.co.uk
league_c3117617488420b7,2017-03-19,EREDIVISIE,2016-17,LEAGUE,,Go Ahead Eagles,Zwolle,1,3,A,Netherlands,Eredivisie,football-data.co.uk
league_b5e5c4bfa3929912,2017-03-19,EREDIVISIE,2016-17,LEAGUE,,Heerenveen,Feyenoord Rotterdam,1,2,A,Netherlands,Eredivisie,football-data.co.uk
league_8a9bd68ed8c0189b,2017-04-01,EREDIVISIE,2016-17,LEAGUE,,AZ Alkmaar,Groningen,0,0,D,Netherlands,Eredivisie,football-data.co.uk
league_22e20a8606e1f525,2017-04-01,EREDIVISIE,2016-17,LEAGUE,,Heracles,Heerenveen,4,1,H,Netherlands,Eredivisie,football-data.co.uk
league_f0aca2033c0829db,2017-04-01,EREDIVISIE,2016-17,LEAGUE,,Sparta Rotterdam,PSV Eindhoven,0,2,A,Netherlands,Eredivisie,football-data.co.uk
league_80ef0cdecba10a27,2017-04-01,EREDIVISIE,2016-17,LEAGUE,,Utrecht,Willem II,2,0,H,Netherlands,Eredivisie,football-data.co.uk
league_efd0388c3a2ba2ef,2017-04-01,EREDIVISIE,2016-17,LEAGUE,,Zwolle,Excelsior,1,1,D,Netherlands,Eredivisie,football-data.co.uk
league_8abb201690ff9c79,2017-04-02,EREDIVISIE,2016-17,LEAGUE,,Ajax,Feyenoord Rotterdam,2,1,H,Netherlands,Eredivisie,football-data.co.uk
league_a6e2450324dfe94d,2017-04-02,EREDIVISIE,2016-17,LEAGUE,,Den Haag,Roda,4,1,H,Netherlands,Eredivisie,football-data.co.uk
league_c700e148e4598519,2017-04-02,EREDIVISIE,2016-17,LEAGUE,,Twente,Go Ahead Eagles,1,2,A,Netherlands,Eredivisie,football-data.co.uk
league_8957eddef4ca5319,2017-04-02,EREDIVISIE,2016-17,LEAGUE,,Vitesse,Nijmegen,2,1,H,Netherlands,Eredivisie,football-data.co.uk
league_2d9d80623dee66b6,2017-04-04,EREDIVISIE,2016-17,LEAGUE,,Excelsior,Utrecht,1,3,A,Netherlands,Eredivisie,football-data.co.uk
league_bb3f03a9c5fdc94d,2017-04-04,EREDIVISIE,2016-17,LEAGUE,,Heerenveen,Sparta Rotterdam,3,0,H,Netherlands,Eredivisie,football-data.co.uk
league_22e846b77e076534,2017-04-05,EREDIVISIE,2016-17,LEAGUE,,Ajax,AZ Alkmaar,4,1,H,Netherlands,Eredivisie,football-data.co.uk
league_946887b354c26fb5,2017-04-05,EREDIVISIE,2016-17,LEAGUE,,Feyenoord Rotterdam,Go Ahead Eagles,8,0,H,Netherlands,Eredivisie,football-data.co.uk
league_81d40aba62220ce5,2017-04-05,EREDIVISIE,2016-17,LEAGUE,,Groningen,Nijmegen,2,0,H,Netherlands,Eredivisie,football-data.co.uk
league_22d65cf9462cf19d,2017-04-05,EREDIVISIE,2016-17,LEAGUE,,Heracles,Vitesse,0,1,A,Netherlands,Eredivisie,football-data.co.uk
league_4e5bd3c103b8cd2e,2017-04-05,EREDIVISIE,2016-17,LEAGUE,,Willem II,Den Haag,1,2,A,Netherlands,Eredivisie,football-data.co.uk
league_00faae08dc358b49,2017-04-06,EREDIVISIE,2016-17,LEAGUE,,Roda,Zwolle,2,1,H,Netherlands,Eredivisie,football-data.co.uk
league_1897b9364fb18b7f,2017-04-06,EREDIVISIE,2016-17,LEAGUE,,Twente,PSV Eindhoven,2,2,D,Netherlands,Eredivisie,football-data.co.uk
league_f74b3921f349d516,2017-04-07,EREDIVISIE,2016-17,LEAGUE,,Sparta Rotterdam,Excelsior,2,3,A,Netherlands,Eredivisie,football-data.co.uk
league_13e3c5d809572c6f,2017-04-08,EREDIVISIE,2016-17,LEAGUE,,Den Haag,Groningen,4,3,H,Netherlands,Eredivisie,football-data.co.uk
league_e84adc7e91276ede,2017-04-08,EREDIVISIE,2016-17,LEAGUE,,Go Ahead Eagles,Heracles,1,4,A,Netherlands,Eredivisie,football-data.co.uk
league_df18ac463344021c,2017-04-08,EREDIVISIE,2016-17,LEAGUE,,Nijmegen,Ajax,1,5,A,Netherlands,Eredivisie,football-data.co.uk
league_b99c7b636b1dcfe5,2017-04-08,EREDIVISIE,2016-17,LEAGUE,,Vitesse,Heerenveen,4,2,H,Netherlands,Eredivisie,football-data.co.uk
league_88b230bc111df088,2017-04-09,EREDIVISIE,2016-17,LEAGUE,,AZ Alkmaar,Roda,1,1,D,Netherlands,Eredivisie,football-data.co.uk
league_44eb2737aa99b5ff,2017-04-09,EREDIVISIE,2016-17,LEAGUE,,PSV Eindhoven,Willem II,5,0,H,Netherlands,Eredivisie,football-data.co.uk
league_ab723e2e5fced7d9,2017-04-09,EREDIVISIE,2016-17,LEAGUE,,Utrecht,Twente,3,0,H,Netherlands,Eredivisie,football-data.co.uk
league_523950b14e8e47e1,2017-04-09,EREDIVISIE,2016-17,LEAGUE,,Zwolle,Feyenoord Rotterdam,2,2,D,Netherlands,Eredivisie,football-data.co.uk
league_65694d025a6ed195,2017-04-14,EREDIVISIE,2016-17,LEAGUE,,Heracles,AZ Alkmaar,1,2,A,Netherlands,Eredivisie,football-data.co.uk
league_db0aa35f0bc46e74,2017-04-15,EREDIVISIE,2016-17,LEAGUE,,Den Haag,PSV Eindhoven,1,1,D,Netherlands,Eredivisie,football-data.co.uk
league_be5bd04c67a6af2e,2017-04-15,EREDIVISIE,2016-17,LEAGUE,,Excelsior,Vitesse,1,0,H,Netherlands,Eredivisie,football-data.co.uk
league_e2e3bbc72de4ed92,2017-04-15,EREDIVISIE,2016-17,LEAGUE,,Roda,Sparta Rotterdam,3,1,H,Netherlands,Eredivisie,football-data.co.uk
league_b84254738f01c57c,2017-04-15,EREDIVISIE,2016-17,LEAGUE,,Twente,Nijmegen,3,0,H,Netherlands,Eredivisie,football-data.co.uk
league_e4aa87d082c24f07,2017-04-16,EREDIVISIE,2016-17,LEAGUE,,Ajax,Heerenveen,5,1,H,Netherlands,Eredivisie,football-data.co.uk
league_c40186d5c668f225,2017-04-16,EREDIVISIE,2016-17,LEAGUE,,Feyenoord Rotterdam,Utrecht,2,0,H,Netherlands,Eredivisie,football-data.co.uk
league_8449d806019b8f3f,2017-04-16,EREDIVISIE,2016-17,LEAGUE,,Groningen,Zwolle,5,1,H,Netherlands,Eredivisie,football-data.co.uk
league_8fcd58d54d88c545,2017-04-16,EREDIVISIE,2016-17,LEAGUE,,Willem II,Go Ahead Eagles,2,0,H,Netherlands,Eredivisie,football-data.co.uk
league_7a14521635c5a8f4,2017-04-21,EREDIVISIE,2016-17,LEAGUE,,Heerenveen,Willem II,1,0,H,Netherlands,Eredivisie,football-data.co.uk
league_98f0d6327d05a906,2017-04-22,EREDIVISIE,2016-17,LEAGUE,,AZ Alkmaar,Twente,2,1,H,Netherlands,Eredivisie,football-data.co.uk
league_6147d0df15e1cbf0,2017-04-22,EREDIVISIE,2016-17,LEAGUE,,Go Ahead Eagles,Groningen,2,3,A,Netherlands,Eredivisie,football-data.co.uk
league_73d9cb908e4f6c8d,2017-04-22,EREDIVISIE,2016-17,LEAGUE,,Nijmegen,Excelsior,0,1,A,Netherlands,Eredivisie,football-data.co.uk
league_d153f59bf85e54dc,2017-04-22,EREDIVISIE,2016-17,LEAGUE,,Zwolle,Heracles,1,2,A,Netherlands,Eredivisie,football-data.co.uk
league_2a5dd55b008f689c,2017-04-23,EREDIVISIE,2016-17,LEAGUE,,PSV Eindhoven,Ajax,1,0,H,Netherlands,Eredivisie,football-data.co.uk
league_e8a7cc7266386fe7,2017-04-23,EREDIVISIE,2016-17,LEAGUE,,Sparta Rotterdam,Den Haag,0,1,A,Netherlands,Eredivisie,football-data.co.uk
league_e71091902f7a1a3b,2017-04-23,EREDIVISIE,2016-17,LEAGUE,,Utrecht,Roda,1,0,H,Netherlands,Eredivisie,football-data.co.uk
league_214926f94e3d8aba,2017-04-23,EREDIVISIE,2016-17,LEAGUE,,Vitesse,Feyenoord Rotterdam,0,2,A,Netherlands,Eredivisie,football-data.co.uk
league_5928a3eafe38c668,2017-05-07,EREDIVISIE,2016-17,LEAGUE,,Ajax,Go Ahead Eagles,4,0,H,Netherlands,Eredivisie,football-data.co.uk
league_5015fe2235e0e28d,2017-05-07,EREDIVISIE,2016-17,LEAGUE,,Excelsior,Feyenoord Rotterdam,3,0,H,Netherlands,Eredivisie,football-data.co.uk
league_a1c6f1dd6151e077,2017-05-07,EREDIVISIE,2016-17,LEAGUE,,Groningen,PSV Eindhoven,1,1,D,Netherlands,Eredivisie,football-data.co.uk
league_f4d0b2a4898ee496,2017-05-07,EREDIVISIE,2016-17,LEAGUE,,Heracles,Den Haag,4,0,H,Netherlands,Eredivisie,football-data.co.uk
league_0135a0f36db2d231,2017-05-07,EREDIVISIE,2016-17,LEAGUE,,Nijmegen,AZ Alkmaar,2,1,H,Netherlands,Eredivisie,football-data.co.uk
league_1069dcbdbb0d257a,2017-05-07,EREDIVISIE,2016-17,LEAGUE,,Roda,Willem II,1,0,H,Netherlands,Eredivisie,football-data.co.uk
league_614a5f7f5f4711e3,2017-05-07,EREDIVISIE,2016-17,LEAGUE,,Sparta Rotterdam,Twente,1,0,H,Netherlands,Eredivisie,football-data.co.uk
league_b59b226c11b72183,2017-05-07,EREDIVISIE,2016-17,LEAGUE,,Utrecht,Vitesse,1,0,H,Netherlands,Eredivisie,football-data.co.uk
league_84c59baad0e49494,2017-05-07,EREDIVISIE,2016-17,LEAGUE,,Zwolle,Heerenveen,2,1,H,Netherlands,Eredivisie,football-data.co.uk
league_36d21332da4da7e6,2017-05-14,EREDIVISIE,2016-17,LEAGUE,,AZ Alkmaar,Utrecht,2,3,A,Netherlands,Eredivisie,football-data.co.uk
league_34825f341367d319,2017-05-14,EREDIVISIE,2016-17,LEAGUE,,Den Haag,Excelsior,4,1,H,Netherlands,Eredivisie,football-data.co.uk
league_c69d0876aee81509,2017-05-14,EREDIVISIE,2016-17,LEAGUE,,Feyenoord Rotterdam,Heracles,3,1,H,Netherlands,Eredivisie,football-data.co.uk
league_ef206a90a83c61da,2017-05-14,EREDIVISIE,2016-17,LEAGUE,,Go Ahead Eagles,Sparta Rotterdam,1,3,A,Netherlands,Eredivisie,football-data.co.uk
league_45324a096e955085,2017-05-14,EREDIVISIE,2016-17,LEAGUE,,Heerenveen,Nijmegen,0,2,A,Netherlands,Eredivisie,football-data.co.uk
league_52142076e9ca7e5c,2017-05-14,EREDIVISIE,2016-17,LEAGUE,,PSV Eindhoven,Zwolle,4,1,H,Netherlands,Eredivisie,football-data.co.uk
league_1334601b09408b1d,2017-05-14,EREDIVISIE,2016-17,LEAGUE,,Twente,Groningen,3,5,A,Netherlands,Eredivisie,football-data.co.uk
league_5b485cee383563d8,2017-05-14,EREDIVISIE,2016-17,LEAGUE,,Vitesse,Roda,3,0,H,Netherlands,Eredivisie,football-data.co.uk
league_6939f052f0b911af,2017-05-14,EREDIVISIE,2016-17,LEAGUE,,Willem II,Ajax,1,3,A,Netherlands,Eredivisie,football-data.co.uk
league_b4e8d1f754a6fdf4,2017-08-11,EREDIVISIE,2017-18,LEAGUE,,Den Haag,Utrecht,0,3,A,Netherlands,Eredivisie,football-data.co.uk
league_a416b9ecf6f23c48,2017-08-12,EREDIVISIE,2017-18,LEAGUE,,Heracles,Ajax,2,1,H,Netherlands,Eredivisie,football-data.co.uk
league_c24db326038c5a2a,2017-08-12,EREDIVISIE,2017-18,LEAGUE,,PSV Eindhoven,AZ Alkmaar,3,2,H,Netherlands,Eredivisie,football-data.co.uk
league_2e9659c9c81cba98,2017-08-12,EREDIVISIE,2017-18,LEAGUE,,VVV Venlo,Sparta Rotterdam,3,0,H,Netherlands,Eredivisie,football-data.co.uk
league_f1ffb4e5f0e799f6,2017-08-12,EREDIVISIE,2017-18,LEAGUE,,Vitesse,NAC Breda,4,1,H,Netherlands,Eredivisie,football-data.co.uk
league_c4fe700ca9904628,2017-08-13,EREDIVISIE,2017-18,LEAGUE,,Feyenoord Rotterdam,Twente,2,1,H,Netherlands,Eredivisie,football-data.co.uk
league_9767b93f6c3d085c,2017-08-13,EREDIVISIE,2017-18,LEAGUE,,Groningen,Heerenveen,3,3,D,Netherlands,Eredivisie,football-data.co.uk
league_ae8aaeddf6b61946,2017-08-13,EREDIVISIE,2017-18,LEAGUE,,Willem II,Excelsior,1,2,A,Netherlands,Eredivisie,football-data.co.uk
league_23b094adc6954b5a,2017-08-13,EREDIVISIE,2017-18,LEAGUE,,Zwolle,Roda,4,2,H,Netherlands,Eredivisie,football-data.co.uk
league_e09ffb7be6df9ea4,2017-08-18,EREDIVISIE,2017-18,LEAGUE,,Roda,Vitesse,1,3,A,Netherlands,Eredivisie,football-data.co.uk
league_c51446fca32fbba0,2017-08-19,EREDIVISIE,2017-18,LEAGUE,,AZ Alkmaar,Den Haag,2,0,H,Netherlands,Eredivisie,football-data.co.uk
league_bfe073d9225639d0,2017-08-19,EREDIVISIE,2017-18,LEAGUE,,Heerenveen,Heracles,1,1,D,Netherlands,Eredivisie,football-data.co.uk
league_d3f3c3490b4d95f4,2017-08-19,EREDIVISIE,2017-18,LEAGUE,,Twente,VVV Venlo,1,2,A,Netherlands,Eredivisie,football-data.co.uk
league_2b2af6c6cc3ae4d9,2017-08-20,EREDIVISIE,2017-18,LEAGUE,,Ajax,Groningen,3,1,H,Netherlands,Eredivisie,football-data.co.uk
league_48946405bb5cd424,2017-08-20,EREDIVISIE,2017-18,LEAGUE,,Excelsior,Feyenoord Rotterdam,0,1,A,Netherlands,Eredivisie,football-data.co.uk
league_f709272e7ea4d17a,2017-08-20,EREDIVISIE,2017-18,LEAGUE,,NAC Breda,PSV Eindhoven,1,4,A,Netherlands,Eredivisie,football-data.co.uk
league_2844a04b76b9f491,2017-08-20,EREDIVISIE,2017-18,LEAGUE,,Sparta Rotterdam,Zwolle,1,1,D,Netherlands,Eredivisie,football-data.co.uk
league_cefabfdd4b3ba920,2017-08-20,EREDIVISIE,2017-18,LEAGUE,,Utrecht,Willem II,2,0,H,Netherlands,Eredivisie,football-data.co.uk
league_9667e1a23e78d9db,2017-08-25,EREDIVISIE,2017-18,LEAGUE,,NAC Breda,Sparta Rotterdam,2,2,D,Netherlands,Eredivisie,football-data.co.uk
league_ff8f6480eed6a5df,2017-08-26,EREDIVISIE,2017-18,LEAGUE,,Den Haag,Heerenveen,1,2,A,Netherlands,Eredivisie,football-data.co.uk
league_23f27250a7e1f42c,2017-08-26,EREDIVISIE,2017-18,LEAGUE,,Heracles,Excelsior,2,2,D,Netherlands,Eredivisie,football-data.co.uk
league_f641f373184bafea,2017-08-26,EREDIVISIE,2017-18,LEAGUE,,Vitesse,AZ Alkmaar,1,2,A,Netherlands,Eredivisie,football-data.co.uk
league_3af58071ec378f8e,2017-08-26,EREDIVISIE,2017-18,LEAGUE,,Zwolle,Twente,2,0,H,Netherlands,Eredivisie,football-data.co.uk
league_e8073525270b9cb7,2017-08-27,EREDIVISIE,2017-18,LEAGUE,,Feyenoord Rotterdam,Willem II,5,0,H,Netherlands,Eredivisie,football-data.co.uk
league_2d42c6a595431df7,2017-08-27,EREDIVISIE,2017-18,LEAGUE,,Groningen,Utrecht,2,1,H,Netherlands,Eredivisie,football-data.co.uk
league_ac35c8fdc7f3ae17,2017-08-27,EREDIVISIE,2017-18,LEAGUE,,PSV Eindhoven,Roda,2,0,H,Netherlands,Eredivisie,football-data.co.uk
league_5e64a8c758f2340c,2017-08-27,EREDIVISIE,2017-18,LEAGUE,,VVV Venlo,Ajax,0,2,A,Netherlands,Eredivisie,football-data.co.uk
league_e1c6a87c4d308249,2017-09-09,EREDIVISIE,2017-18,LEAGUE,,Ajax,Zwolle,3,0,H,Netherlands,Eredivisie,football-data.co.uk
league_c6e9cc9aba0894b5,2017-09-09,EREDIVISIE,2017-18,LEAGUE,,Excelsior,Vitesse,0,3,A,Netherlands,Eredivisie,football-data.co.uk
league_fab837b648af4edb,2017-09-09,EREDIVISIE,2017-18,LEAGUE,,Heracles,Feyenoord Rotterdam,2,4,A,Netherlands,Eredivisie,football-data.co.uk
league_486a2a254f0474bc,2017-09-09,EREDIVISIE,2017-18,LEAGUE,,Willem II,Den Haag,1,2,A,Netherlands,Eredivisie,football-data.co.uk
league_431bbb7191132b09,2017-09-10,EREDIVISIE,2017-18,LEAGUE,,AZ Alkmaar,NAC Breda,2,1,H,Netherlands,Eredivisie,football-data.co.uk
league_236ae9a49ae3edc5,2017-09-10,EREDIVISIE,2017-18,LEAGUE,,Groningen,VVV Venlo,1,1,D,Netherlands,Eredivisie,football-data.co.uk
league_52cfbfabf3868aaa,2017-09-10,EREDIVISIE,2017-18,LEAGUE,,Heerenveen,PSV Eindhoven,2,0,H,Netherlands,Eredivisie,football-data.co.uk
league_b037147c0aca2917,2017-09-10,EREDIVISIE,2017-18,LEAGUE,,Sparta Rotterdam,Twente,1,0,H,Netherlands,Eredivisie,football-data.co.uk
league_06c805aa2cb1a45a,2017-09-10,EREDIVISIE,2017-18,LEAGUE,,Utrecht,Roda,2,0,H,Netherlands,Eredivisie,football-data.co.uk
league_c9a90d32d456a0cc,2017-09-15,EREDIVISIE,2017-18,LEAGUE,,Sparta Rotterdam,AZ Alkmaar,0,2,A,Netherlands,Eredivisie,football-data.co.uk
league_783d65efea7f9a65,2017-09-16,EREDIVISIE,2017-18,LEAGUE,,Excelsior,Heerenveen,1,2,A,Netherlands,Eredivisie,football-data.co.uk
league_04ae798c2fc57184,2017-09-16,EREDIVISIE,2017-18,LEAGUE,,NAC Breda,Groningen,2,1,H,Netherlands,Eredivisie,football-data.co.uk
league_d17dce44c406922f,2017-09-16,EREDIVISIE,2017-18,LEAGUE,,Roda,Willem II,1,3,A,Netherlands,Eredivisie,football-data.co.uk
league_3bb55a5f6f71648d,2017-09-16,EREDIVISIE,2017-18,LEAGUE,,Zwolle,Heracles,2,1,H,Netherlands,Eredivisie,football-data.co.uk
league_ec53f1755cf4cdcf,2017-09-17,EREDIVISIE,2017-18,LEAGUE,,Den Haag,Ajax,1,1,D,Netherlands,Eredivisie,football-data.co.uk
league_dfae8394d1333c7f,2017-09-17,EREDIVISIE,2017-18,LEAGUE,,PSV Eindhoven,Feyenoord Rotterdam,1,0,H,Netherlands,Eredivisie,football-data.co.uk
league_4495239cebe53c00,2017-09-17,EREDIVISIE,2017-18,LEAGUE,,Twente,Utrecht,4,0,H,Netherlands,Eredivisie,football-data.co.uk
league_cef1e62bddabe673,2017-09-17,EREDIVISIE,2017-18,LEAGUE,,Vitesse,VVV Venlo,1,1,D,Netherlands,Eredivisie,football-data.co.uk
league_0cde67896c5298bf,2017-09-23,EREDIVISIE,2017-18,LEAGUE,,Den Haag,Sparta Rotterdam,1,0,H,Netherlands,Eredivisie,football-data.co.uk
league_a137f262721eb25e,2017-09-23,EREDIVISIE,2017-18,LEAGUE,,Feyenoord Rotterdam,NAC Breda,0,2,A,Netherlands,Eredivisie,football-data.co.uk
league_ec46b9c3b1e0cb9d,2017-09-23,EREDIVISIE,2017-18,LEAGUE,,Heracles,Roda,2,1,H,Netherlands,Eredivisie,football-data.co.uk
league_dea2a4b955a84631,2017-09-23,EREDIVISIE,2017-18,LEAGUE,,Willem II,Heerenveen,1,2,A,Netherlands,Eredivisie,football-data.co.uk
league_2f551d133aa80e02,2017-09-24,EREDIVISIE,2017-18,LEAGUE,,AZ Alkmaar,Excelsior,0,2,A,Netherlands,Eredivisie,football-data.co.uk
league_205afad71380bd64,2017-09-24,EREDIVISIE,2017-18,LEAGUE,,Ajax,Vitesse,1,2,A,Netherlands,Eredivisie,football-data.co.uk
league_8a366ef33d47ddfa,2017-09-24,EREDIVISIE,2017-18,LEAGUE,,Groningen,Twente,1,0,H,Netherlands,Eredivisie,football-data.co.uk
league_d6be666762ad7470,2017-09-24,EREDIVISIE,2017-18,LEAGUE,,Utrecht,PSV Eindhoven,1,7,A,Netherlands,Eredivisie,football-data.co.uk
league_059fb9031a960bc7,2017-09-24,EREDIVISIE,2017-18,LEAGUE,,VVV Venlo,Zwolle,1,1,D,Netherlands,Eredivisie,football-data.co.uk
league_e45ff4651b692ea3,2017-09-29,EREDIVISIE,2017-18,LEAGUE,,Twente,Heracles,2,1,H,Netherlands,Eredivisie,football-data.co.uk
league_d67352a627092903,2017-09-30,EREDIVISIE,2017-18,LEAGUE,,Excelsior,VVV Venlo,0,2,A,Netherlands,Eredivisie,football-data.co.uk
league_d1eee79390fb91ce,2017-09-30,EREDIVISIE,2017-18,LEAGUE,,NAC Breda,Den Haag,0,1,A,Netherlands,Eredivisie,football-data.co.uk
league_5fa9eef1813f3df3,2017-09-30,EREDIVISIE,2017-18,LEAGUE,,PSV Eindhoven,Willem II,4,0,H,Netherlands,Eredivisie,football-data.co.uk
league_68ff302fdda98fce,2017-09-30,EREDIVISIE,2017-18,LEAGUE,,Zwolle,Groningen,3,2,H,Netherlands,Eredivisie,football-data.co.uk
league_a97580296992f8da,2017-10-01,EREDIVISIE,2017-18,LEAGUE,,AZ Alkmaar,Feyenoord Rotterdam,0,4,A,Netherlands,Eredivisie,football-data.co.uk
league_0cced1b5ac2b7a84,2017-10-01,EREDIVISIE,2017-18,LEAGUE,,Heerenveen,Ajax,0,4,A,Netherlands,Eredivisie,football-data.co.uk
league_aafe72a97307a770,2017-10-01,EREDIVISIE,2017-18,LEAGUE,,Sparta Rotterdam,Roda,1,2,A,Netherlands,Eredivisie,football-data.co.uk
league_f1e3efc5b45178de,2017-10-01,EREDIVISIE,2017-18,LEAGUE,,Vitesse,Utrecht,1,1,D,Netherlands,Eredivisie,football-data.co.uk
league_31a95950beb6476b,2017-10-14,EREDIVISIE,2017-18,LEAGUE,,Ajax,Sparta Rotterdam,4,0,H,Netherlands,Eredivisie,football-data.co.uk
league_0e2497924dbb0c0d,2017-10-14,EREDIVISIE,2017-18,LEAGUE,,Feyenoord Rotterdam,Zwolle,0,0,D,Netherlands,Eredivisie,football-data.co.uk
league_bf53fc5acea98e14,2017-10-14,EREDIVISIE,2017-18,LEAGUE,,Roda,NAC Breda,1,0,H,Netherlands,Eredivisie,football-data.co.uk
league_6fb4224ad28e4f89,2017-10-14,EREDIVISIE,2017-18,LEAGUE,,Utrecht,Heerenveen,3,1,H,Netherlands,Eredivisie,football-data.co.uk
league_41712d8ba46d7221,2017-10-15,EREDIVISIE,2017-18,LEAGUE,,Den Haag,Excelsior,1,2,A,Netherlands,Eredivisie,football-data.co.uk
league_ea3de8d14ee5c077,2017-10-15,EREDIVISIE,2017-18,LEAGUE,,Groningen,AZ Alkmaar,1,1,D,Netherlands,Eredivisie,football-data.co.uk
league_6669df64ebd51ef0,2017-10-15,EREDIVISIE,2017-18,LEAGUE,,Heracles,Vitesse,1,1,D,Netherlands,Eredivisie,football-data.co.uk
league_97fa151f4203730d,2017-10-15,EREDIVISIE,2017-18,LEAGUE,,VVV Venlo,PSV Eindhoven,2,5,A,Netherlands,Eredivisie,football-data.co.uk
league_697034e393d615f7,2017-10-15,EREDIVISIE,2017-18,LEAGUE,,Willem II,Twente,3,1,H,Netherlands,Eredivisie,football-data.co.uk
league_99fab2ca627db89c,2017-10-20,EREDIVISIE,2017-18,LEAGUE,,Groningen,Willem II,0,1,A,Netherlands,Eredivisie,football-data.co.uk
league_64e12a07e307c4db,2017-10-21,EREDIVISIE,2017-18,LEAGUE,,Excelsior,Sparta Rotterdam,1,1,D,Netherlands,Eredivisie,football-data.co.uk
league_29cefb39ea8b9a70,2017-10-21,EREDIVISIE,2017-18,LEAGUE,,NAC Breda,Zwolle,0,2,A,Netherlands,Eredivisie,football-data.co.uk
league_821c5c19f96eb9e9,2017-10-21,EREDIVISIE,2017-18,LEAGUE,,Twente,Roda,3,0,H,Netherlands,Eredivisie,football-data.co.uk
league_e501379a36199f72,2017-10-21,EREDIVISIE,2017-18,LEAGUE,,VVV Venlo,Den Haag,0,2,A,Netherlands,Eredivisie,football-data.co.uk
league_4101b543ed9dec9f,2017-10-22,EREDIVISIE,2017-18,LEAGUE,,AZ Alkmaar,Utrecht,3,0,H,Netherlands,Eredivisie,football-data.co.uk
league_5eb064f46e486097,2017-10-22,EREDIVISIE,2017-18,LEAGUE,,Feyenoord Rotterdam,Ajax,1,4,A,Netherlands,Eredivisie,football-data.co.uk
league_d2930fd8a206d1af,2017-10-22,EREDIVISIE,2017-18,LEAGUE,,Heerenveen,Vitesse,0,4,A,Netherlands,Eredivisie,football-data.co.uk
league_a699f06be05b68a1,2017-10-22,EREDIVISIE,2017-18,LEAGUE,,PSV Eindhoven,Heracles,3,0,H,Netherlands,Eredivisie,football-data.co.uk
league_fc54a9622036b42a,2017-10-27,EREDIVISIE,2017-18,LEAGUE,,Twente,Excelsior,1,3,A,Netherlands,Eredivisie,football-data.co.uk
league_aaeb9829e51a9694,2017-10-28,EREDIVISIE,2017-18,LEAGUE,,Heracles,VVV Venlo,3,0,H,Netherlands,Eredivisie,football-data.co.uk
league_f80e7ef4ebd2d1a0,2017-10-28,EREDIVISIE,2017-18,LEAGUE,,Roda,Feyenoord Rotterdam,1,1,D,Netherlands,Eredivisie,football-data.co.uk
league_2960350b57a5b5e3,2017-10-28,EREDIVISIE,2017-18,LEAGUE,,Willem II,Ajax,1,3,A,Netherlands,Eredivisie,football-data.co.uk
league_72dec52fea536143,2017-10-28,EREDIVISIE,2017-18,LEAGUE,,Zwolle,Den Haag,2,0,H,Netherlands,Eredivisie,football-data.co.uk
league_3043071c56167bd0,2017-10-29,EREDIVISIE,2017-18,LEAGUE,,Heerenveen,AZ Alkmaar,1,2,A,Netherlands,Eredivisie,football-data.co.uk
league_fe693679bdcb8a15,2017-10-29,EREDIVISIE,2017-18,LEAGUE,,Sparta Rotterdam,Groningen,2,1,H,Netherlands,Eredivisie,football-data.co.uk
league_ab7cab110a348753,2017-10-29,EREDIVISIE,2017-18,LEAGUE,,Utrecht,NAC Breda,2,2,D,Netherlands,Eredivisie,football-data.co.uk
league_5ff67e71c2133108,2017-10-29,EREDIVISIE,2017-18,LEAGUE,,Vitesse,PSV Eindhoven,2,4,A,Netherlands,Eredivisie,football-data.co.uk
league_7e054c72b79d08ec,2017-11-03,EREDIVISIE,2017-18,LEAGUE,,Sparta Rotterdam,Heerenveen,0,0,D,Netherlands,Eredivisie,football-data.co.uk
league_7cd0536a33d5715d,2017-11-04,EREDIVISIE,2017-18,LEAGUE,,AZ Alkmaar,Willem II,3,2,H,Netherlands,Eredivisie,football-data.co.uk
league_67471265cc639b93,2017-11-04,EREDIVISIE,2017-18,LEAGUE,,Excelsior,Roda,1,0,H,Netherlands,Eredivisie,football-data.co.uk
league_de2725ae9675c7d1,2017-11-04,EREDIVISIE,2017-18,LEAGUE,,Heracles,Groningen,2,1,H,Netherlands,Eredivisie,football-data.co.uk
league_6f4bbdde561cd4e5,2017-11-04,EREDIVISIE,2017-18,LEAGUE,,VVV Venlo,NAC Breda,0,0,D,Netherlands,Eredivisie,football-data.co.uk
league_20cca965dcfde1d9,2017-11-05,EREDIVISIE,2017-18,LEAGUE,,Ajax,Utrecht,1,2,A,Netherlands,Eredivisie,football-data.co.uk
league_bdb948f9c2b65fec,2017-11-05,EREDIVISIE,2017-18,LEAGUE,,Den Haag,Feyenoord Rotterdam,2,2,D,Netherlands,Eredivisie,football-data.co.uk
league_adbb629a637de0e7,2017-11-05,EREDIVISIE,2017-18,LEAGUE,,PSV Eindhoven,Twente,4,3,H,Netherlands,Eredivisie,football-data.co.uk
league_bd1986053b809064,2017-11-05,EREDIVISIE,2017-18,LEAGUE,,Vitesse,Zwolle,0,0,D,Netherlands,Eredivisie,football-data.co.uk
league_bf94d4d0a9e33ea7,2017-11-18,EREDIVISIE,2017-18,LEAGUE,,Feyenoord Rotterdam,VVV Venlo,1,1,D,Netherlands,Eredivisie,football-data.co.uk
league_082ee131aea3548f,2017-11-18,EREDIVISIE,2017-18,LEAGUE,,NAC Breda,Ajax,0,8,A,Netherlands,Eredivisie,football-data.co.uk
league_231e94154d374aa8,2017-11-18,EREDIVISIE,2017-18,LEAGUE,,Twente,Heerenveen,0,4,A,Netherlands,Eredivisie,football-data.co.uk
league_206e408343a0f8ea,2017-11-18,EREDIVISIE,2017-18,LEAGUE,,Willem II,Sparta Rotterdam,2,2,D,Netherlands,Eredivisie,football-data.co.uk
league_3562f38a84f36222,2017-11-19,EREDIVISIE,2017-18,LEAGUE,,Den Haag,Heracles,4,1,H,Netherlands,Eredivisie,football-data.co.uk
league_e9e51794f0475e6a,2017-11-19,EREDIVISIE,2017-18,LEAGUE,,Groningen,Vitesse,4,2,H,Netherlands,Eredivisie,football-data.co.uk
league_a45cda94e3183c60,2017-11-19,EREDIVISIE,2017-18,LEAGUE,,Roda,AZ Alkmaar,0,1,A,Netherlands,Eredivisie,football-data.co.uk
league_0b9e9b0c22d7c36a,2017-11-19,EREDIVISIE,2017-18,LEAGUE,,Utrecht,Excelsior,3,1,H,Netherlands,Eredivisie,football-data.co.uk
league_cc376148f59aa985,2017-11-19,EREDIVISIE,2017-18,LEAGUE,,Zwolle,PSV Eindhoven,0,1,A,Netherlands,Eredivisie,football-data.co.uk
league_af0d97b92043a9b9,2017-11-24,EREDIVISIE,2017-18,LEAGUE,,AZ Alkmaar,Twente,2,0,H,Netherlands,Eredivisie,football-data.co.uk
league_a074b929eef096b3,2017-11-25,EREDIVISIE,2017-18,LEAGUE,,Groningen,Feyenoord Rotterdam,0,2,A,Netherlands,Eredivisie,football-data.co.uk
league_b1fa6ed1ccc948d3,2017-11-25,EREDIVISIE,2017-18,LEAGUE,,Heerenveen,Zwolle,1,2,A,Netherlands,Eredivisie,football-data.co.uk
league_2e8f1b92afc960af,2017-11-25,EREDIVISIE,2017-18,LEAGUE,,Heracles,NAC Breda,2,1,H,Netherlands,Eredivisie,football-data.co.uk
league_2a799a08e4701ab8,2017-11-25,EREDIVISIE,2017-18,LEAGUE,,VVV Venlo,Willem II,3,3,D,Netherlands,Eredivisie,football-data.co.uk
league_9bcbb8466d3d4855,2017-11-26,EREDIVISIE,2017-18,LEAGUE,,Ajax,Roda,5,1,H,Netherlands,Eredivisie,football-data.co.uk
league_ca189a36ca44c4b8,2017-11-26,EREDIVISIE,2017-18,LEAGUE,,Excelsior,PSV Eindhoven,1,2,A,Netherlands,Eredivisie,football-data.co.uk
league_568afc79b5809415,2017-11-26,EREDIVISIE,2017-18,LEAGUE,,Sparta Rotterdam,Utrecht,1,3,A,Netherlands,Eredivisie,football-data.co.uk
league_763c99ec291169c9,2017-11-26,EREDIVISIE,2017-18,LEAGUE,,Vitesse,Den Haag,2,0,H,Netherlands,Eredivisie,football-data.co.uk
league_79fa3ccdb9a02e6f,2017-12-01,EREDIVISIE,2017-18,LEAGUE,,Zwolle,Utrecht,1,1,D,Netherlands,Eredivisie,football-data.co.uk
league_56928016a43c262a,2017-12-02,EREDIVISIE,2017-18,LEAGUE,,Den Haag,Groningen,0,3,A,Netherlands,Eredivisie,football-data.co.uk
league_3faf8d5b4fc5657d,2017-12-02,EREDIVISIE,2017-18,LEAGUE,,Feyenoord Rotterdam,Vitesse,1,0,H,Netherlands,Eredivisie,football-data.co.uk
league_733035a2590dd03f,2017-12-02,EREDIVISIE,2017-18,LEAGUE,,Twente,Ajax,3,3,D,Netherlands,Eredivisie,football-data.co.uk
league_12c7057581479ab2,2017-12-02,EREDIVISIE,2017-18,LEAGUE,,Willem II,Heracles,3,1,H,Netherlands,Eredivisie,football-data.co.uk
league_b7fb8f94de1e25b8,2017-12-03,EREDIVISIE,2017-18,LEAGUE,,NAC Breda,Excelsior,3,1,H,Netherlands,Eredivisie,football-data.co.uk
league_a0cd761e9deeb75f,2017-12-03,EREDIVISIE,2017-18,LEAGUE,,PSV Eindhoven,Sparta Rotterdam,1,0,H,Netherlands,Eredivisie,football-data.co.uk
league_0f9ab4b82d8cc9f7,2017-12-03,EREDIVISIE,2017-18,LEAGUE,,Roda,Heerenveen,2,1,H,Netherlands,Eredivisie,football-data.co.uk
league_569e18113b13abca,2017-12-03,EREDIVISIE,2017-18,LEAGUE,,VVV Venlo,AZ Alkmaar,0,2,A,Netherlands,Eredivisie,football-data.co.uk
league_6e80a1f5ffa7d183,2017-12-08,EREDIVISIE,2017-18,LEAGUE,,Willem II,NAC Breda,1,1,D,Netherlands,Eredivisie,football-data.co.uk
league_d0478e22def61048,2017-12-09,EREDIVISIE,2017-18,LEAGUE,,AZ Alkmaar,Heracles,5,0,H,Netherlands,Eredivisie,football-data.co.uk
league_c8d5a41d334a5a87,2017-12-09,EREDIVISIE,2017-18,LEAGUE,,Excelsior,Zwolle,1,2,A,Netherlands,Eredivisie,football-data.co.uk
league_3343334413a2ca32,2017-12-09,EREDIVISIE,2017-18,LEAGUE,,Heerenveen,VVV Venlo,2,2,D,Netherlands,Eredivisie,football-data.co.uk
league_727837c0d44330d8,2017-12-09,EREDIVISIE,2017-18,LEAGUE,,Twente,Den Haag,2,3,A,Netherlands,Eredivisie,football-data.co.uk
league_03d9205e2b5f7ae3,2017-12-10,EREDIVISIE,2017-18,LEAGUE,,Ajax,PSV Eindhoven,3,0,H,Netherlands,Eredivisie,football-data.co.uk
league_d4b1e5147b433aae,2017-12-10,EREDIVISIE,2017-18,LEAGUE,,Roda,Groningen,2,2,D,Netherlands,Eredivisie,football-data.co.uk
league_f99aca9779c682be,2017-12-12,EREDIVISIE,2017-18,LEAGUE,,NAC Breda,Twente,1,2,A,Netherlands,Eredivisie,football-data.co.uk
league_98a3ac14ad8884be,2017-12-12,EREDIVISIE,2017-18,LEAGUE,,Zwolle,AZ Alkmaar,1,1,D,Netherlands,Eredivisie,football-data.co.uk
league_e384b9006041c0cd,2017-12-13,EREDIVISIE,2017-18,LEAGUE,,Den Haag,Roda,3,2,H,Netherlands,Eredivisie,football-data.co.uk
league_bae0aa4bca03c34e,2017-12-13,EREDIVISIE,2017-18,LEAGUE,,Feyenoord Rotterdam,Heerenveen,1,1,D,Netherlands,Eredivisie,football-data.co.uk
league_80aaf5143df3f407,2017-12-13,EREDIVISIE,2017-18,LEAGUE,,Groningen,PSV Eindhoven,3,3,D,Netherlands,Eredivisie,football-data.co.uk
league_9a8f0b9f35508a84,2017-12-13,EREDIVISIE,2017-18,LEAGUE,,VVV Venlo,Utrecht,0,1,A,Netherlands,Eredivisie,football-data.co.uk
league_37c88c3e25537da8,2017-12-13,EREDIVISIE,2017-18,LEAGUE,,Vitesse,Willem II,2,2,D,Netherlands,Eredivisie,football-data.co.uk
league_db80909f96ca4b48,2017-12-14,EREDIVISIE,2017-18,LEAGUE,,Ajax,Excelsior,3,1,H,Netherlands,Eredivisie,football-data.co.uk
league_7cabab99d005915a,2017-12-14,EREDIVISIE,2017-18,LEAGUE,,Heracles,Sparta Rotterdam,3,2,H,Netherlands,Eredivisie,football-data.co.uk
league_0be95a45bffdee57,2017-12-16,EREDIVISIE,2017-18,LEAGUE,,Heerenveen,NAC Breda,1,0,H,Netherlands,Eredivisie,football-data.co.uk
league_ef34ccf5bfdb35a8,2017-12-16,EREDIVISIE,2017-18,LEAGUE,,PSV Eindhoven,Den Haag,3,0,H,Netherlands,Eredivisie,football-data.co.uk
league_c75d0c32668789ce,2017-12-16,EREDIVISIE,2017-18,LEAGUE,,Roda,VVV Venlo,0,1,A,Netherlands,Eredivisie,football-data.co.uk
league_44e27d18794798b8,2017-12-16,EREDIVISIE,2017-18,LEAGUE,,Twente,Vitesse,1,1,D,Netherlands,Eredivisie,football-data.co.uk
league_07f38b33577f7333,2017-12-16,EREDIVISIE,2017-18,LEAGUE,,Willem II,Zwolle,2,3,A,Netherlands,Eredivisie,football-data.co.uk
league_9b27d712f9e9c987,2017-12-17,EREDIVISIE,2017-18,LEAGUE,,AZ Alkmaar,Ajax,1,2,A,Netherlands,Eredivisie,football-data.co.uk
league_6fbe71ca42d4f6b0,2017-12-17,EREDIVISIE,2017-18,LEAGUE,,Excelsior,Groningen,2,0,H,Netherlands,Eredivisie,football-data.co.uk
league_69b75da5154d79b3,2017-12-17,EREDIVISIE,2017-18,LEAGUE,,Sparta Rotterdam,Feyenoord Rotterdam,0,7,A,Netherlands,Eredivisie,football-data.co.uk
league_2eb23ae0be96d288,2017-12-17,EREDIVISIE,2017-18,LEAGUE,,Utrecht,Heracles,1,1,D,Netherlands,Eredivisie,football-data.co.uk
league_8f23e9ad46da04d7,2017-12-22,EREDIVISIE,2017-18,LEAGUE,,Den Haag,Zwolle,4,0,H,Netherlands,Eredivisie,football-data.co.uk
league_c9ca44841ae5dff1,2017-12-23,EREDIVISIE,2017-18,LEAGUE,,AZ Alkmaar,Heerenveen,3,1,H,Netherlands,Eredivisie,football-data.co.uk
league_3757834a70af8a3e,2017-12-23,EREDIVISIE,2017-18,LEAGUE,,Excelsior,Twente,0,0,D,Netherlands,Eredivisie,football-data.co.uk
league_2db16f5f8e303d2b,2017-12-23,EREDIVISIE,2017-18,LEAGUE,,NAC Breda,Utrecht,3,1,H,Netherlands,Eredivisie,football-data.co.uk
league_c67dc7a654bb4351,2017-12-23,EREDIVISIE,2017-18,LEAGUE,,PSV Eindhoven,Vitesse,2,1,H,Netherlands,Eredivisie,football-data.co.uk
league_bdf2b5cdfcd763f5,2017-12-24,EREDIVISIE,2017-18,LEAGUE,,Ajax,Willem II,3,1,H,Netherlands,Eredivisie,football-data.co.uk
league_f2a0268381087870,2017-12-24,EREDIVISIE,2017-18,LEAGUE,,Feyenoord Rotterdam,Roda,5,1,H,Netherlands,Eredivisie,football-data.co.uk
league_666dadab521ac971,2017-12-24,EREDIVISIE,2017-18,LEAGUE,,Groningen,Sparta Rotterdam,4,0,H,Netherlands,Eredivisie,football-data.co.uk
league_55947e202c9e7189,2017-12-24,EREDIVISIE,2017-18,LEAGUE,,VVV Venlo,Heracles,3,1,H,Netherlands,Eredivisie,football-data.co.uk
league_09fd2a98443a71c5,2018-01-16,EREDIVISIE,2017-18,LEAGUE,,Sparta Rotterdam,Vitesse,0,1,A,Netherlands,Eredivisie,football-data.co.uk
league_34e401306ce0ad82,2018-01-19,EREDIVISIE,2017-18,LEAGUE,,Utrecht,AZ Alkmaar,1,1,D,Netherlands,Eredivisie,football-data.co.uk
league_3f7a70d0d1939bd1,2018-01-20,EREDIVISIE,2017-18,LEAGUE,,Den Haag,VVV Venlo,1,1,D,Netherlands,Eredivisie,football-data.co.uk
league_63b1c48efa3b2604,2018-01-20,EREDIVISIE,2017-18,LEAGUE,,Roda,Twente,1,1,D,Netherlands,Eredivisie,football-data.co.uk
league_35bf7692395a7639,2018-01-20,EREDIVISIE,2017-18,LEAGUE,,Vitesse,Heerenveen,1,1,D,Netherlands,Eredivisie,football-data.co.uk
league_aed8c8ebcafc547a,2018-01-20,EREDIVISIE,2017-18,LEAGUE,,Zwolle,NAC Breda,1,0,H,Netherlands,Eredivisie,football-data.co.uk
league_e74aa4b28536ec6f,2018-01-21,EREDIVISIE,2017-18,LEAGUE,,Ajax,Feyenoord Rotterdam,2,0,H,Netherlands,Eredivisie,football-data.co.uk
league_183f6d5258033534,2018-01-21,EREDIVISIE,2017-18,LEAGUE,,Heracles,PSV Eindhoven,1,2,A,Netherlands,Eredivisie,football-data.co.uk
league_fd142257b568f961,2018-01-21,EREDIVISIE,2017-18,LEAGUE,,Sparta Rotterdam,Excelsior,2,3,A,Netherlands,Eredivisie,football-data.co.uk
league_a3ad32097a9bca75,2018-01-21,EREDIVISIE,2017-18,LEAGUE,,Willem II,Groningen,1,1,D,Netherlands,Eredivisie,football-data.co.uk
league_2167d4c80ea007af,2018-01-24,EREDIVISIE,2017-18,LEAGUE,,Utrecht,Feyenoord Rotterdam,1,1,D,Netherlands,Eredivisie,football-data.co.uk
league_a09a7c940fede27f,2018-01-26,EREDIVISIE,2017-18,LEAGUE,,Heerenveen,Sparta Rotterdam,2,1,H,Netherlands,Eredivisie,football-data.co.uk
league_697b527907995c68,2018-01-27,EREDIVISIE,2017-18,LEAGUE,,Groningen,Heracles,3,3,D,Netherlands,Eredivisie,football-data.co.uk
league_6539cb8533ddb8d7,2018-01-27,EREDIVISIE,2017-18,LEAGUE,,NAC Breda,VVV Venlo,0,1,A,Netherlands,Eredivisie,football-data.co.uk
league_488569436a95b4bc,2018-01-27,EREDIVISIE,2017-18,LEAGUE,,Twente,PSV Eindhoven,0,2,A,Netherlands,Eredivisie,football-data.co.uk
league_efa68d85c4471062,2018-01-27,EREDIVISIE,2017-18,LEAGUE,,Zwolle,Vitesse,1,2,A,Netherlands,Eredivisie,football-data.co.uk
league_236de36920a02a24,2018-01-28,EREDIVISIE,2017-18,LEAGUE,,Feyenoord Rotterdam,Den Haag,3,1,H,Netherlands,Eredivisie,football-data.co.uk
league_ff5050b5229a6a72,2018-01-28,EREDIVISIE,2017-18,LEAGUE,,Roda,Excelsior,2,1,H,Netherlands,Eredivisie,football-data.co.uk
league_dd7f3365e7ebd5bd,2018-01-28,EREDIVISIE,2017-18,LEAGUE,,Utrecht,Ajax,0,0,D,Netherlands,Eredivisie,football-data.co.uk
league_c4300ef8443146ec,2018-01-28,EREDIVISIE,2017-18,LEAGUE,,Willem II,AZ Alkmaar,0,2,A,Netherlands,Eredivisie,football-data.co.uk
league_4203b19d1001a627,2018-02-02,EREDIVISIE,2017-18,LEAGUE,,Vitesse,Groningen,2,0,H,Netherlands,Eredivisie,football-data.co.uk
league_c09c9e001187f04c,2018-02-03,EREDIVISIE,2017-18,LEAGUE,,Heerenveen,Twente,1,0,H,Netherlands,Eredivisie,football-data.co.uk
league_119566185b52ca32,2018-02-03,EREDIVISIE,2017-18,LEAGUE,,Heracles,Den Haag,1,1,D,Netherlands,Eredivisie,football-data.co.uk
league_99c306fd694aee74,2018-02-03,EREDIVISIE,2017-18,LEAGUE,,PSV Eindhoven,Zwolle,4,0,H,Netherlands,Eredivisie,football-data.co.uk
league_c4669ecbeba634a6,2018-02-04,EREDIVISIE,2017-18,LEAGUE,,AZ Alkmaar,Roda,2,2,D,Netherlands,Eredivisie,football-data.co.uk
league_c1044eb6e9eb616d,2018-02-04,EREDIVISIE,2017-18,LEAGUE,,Ajax,NAC Breda,3,1,H,Netherlands,Eredivisie,football-data.co.uk
league_ad4a79830648c8f0,2018-02-04,EREDIVISIE,2017-18,LEAGUE,,Excelsior,Utrecht,2,2,D,Netherlands,Eredivisie,football-data.co.uk
league_757ba1776336caf1,2018-02-04,EREDIVISIE,2017-18,LEAGUE,,Sparta Rotterdam,Willem II,1,0,H,Netherlands,Eredivisie,football-data.co.uk
league_3ba9afed11dcba3b,2018-02-04,EREDIVISIE,2017-18,LEAGUE,,VVV Venlo,Feyenoord Rotterdam,1,0,H,Netherlands,Eredivisie,football-data.co.uk
league_ba129eaa9d80d8ba,2018-02-06,EREDIVISIE,2017-18,LEAGUE,,Zwolle,Heerenveen,3,2,H,Netherlands,Eredivisie,football-data.co.uk
league_11b2fcad89de8412,2018-02-07,EREDIVISIE,2017-18,LEAGUE,,NAC Breda,Heracles,6,1,H,Netherlands,Eredivisie,football-data.co.uk
league_3013c0030e838e56,2018-02-07,EREDIVISIE,2017-18,LEAGUE,,PSV Eindhoven,Excelsior,1,0,H,Netherlands,Eredivisie,football-data.co.uk
league_754b804fc0999456,2018-02-07,EREDIVISIE,2017-18,LEAGUE,,Roda,Ajax,2,4,A,Netherlands,Eredivisie,football-data.co.uk
league_fdc3ffccbde5cd28,2018-02-07,EREDIVISIE,2017-18,LEAGUE,,Twente,AZ Alkmaar,0,4,A,Netherlands,Eredivisie,football-data.co.uk
league_171eb2c23d51ac89,2018-02-07,EREDIVISIE,2017-18,LEAGUE,,Utrecht,Sparta Rotterdam,1,0,H,Netherlands,Eredivisie,football-data.co.uk
league_30af57145c032f3a,2018-02-07,EREDIVISIE,2017-18,LEAGUE,,Willem II,VVV Venlo,3,0,H,Netherlands,Eredivisie,football-data.co.uk
league_cea4c09464eede58,2018-02-08,EREDIVISIE,2017-18,LEAGUE,,Den Haag,Vitesse,1,0,H,Netherlands,Eredivisie,football-data.co.uk
league_a4553e580c9d630a,2018-02-08,EREDIVISIE,2017-18,LEAGUE,,Feyenoord Rotterdam,Groningen,3,0,H,Netherlands,Eredivisie,football-data.co.uk
league_a7ce2cee9d63959e,2018-02-10,EREDIVISIE,2017-18,LEAGUE,,AZ Alkmaar,VVV Venlo,0,0,D,Netherlands,Eredivisie,football-data.co.uk
league_84d1c34597539b89,2018-02-10,EREDIVISIE,2017-18,LEAGUE,,Heerenveen,Roda,1,1,D,Netherlands,Eredivisie,football-data.co.uk
league_4812fbc18353439c,2018-02-10,EREDIVISIE,2017-18,LEAGUE,,Heracles,Willem II,1,0,H,Netherlands,Eredivisie,football-data.co.uk
league_32382b77276d8f83,2018-02-10,EREDIVISIE,2017-18,LEAGUE,,Sparta Rotterdam,PSV Eindhoven,1,2,A,Netherlands,Eredivisie,football-data.co.uk
league_a3b22c4600467ef5,2018-02-10,EREDIVISIE,2017-18,LEAGUE,,Utrecht,Zwolle,2,1,H,Netherlands,Eredivisie,football-data.co.uk
league_50712e94cf40bb35,2018-02-11,EREDIVISIE,2017-18,LEAGUE,,Ajax,Twente,2,1,H,Netherlands,Eredivisie,football-data.co.uk
league_80e2ea8e127e8bb3,2018-02-11,EREDIVISIE,2017-18,LEAGUE,,Excelsior,NAC Breda,0,0,D,Netherlands,Eredivisie,football-data.co.uk
league_a3e39262163a118f,2018-02-11,EREDIVISIE,2017-18,LEAGUE,,Groningen,Den Haag,0,0,D,Netherlands,Eredivisie,football-data.co.uk
league_a300112ff75ccae3,2018-02-11,EREDIVISIE,2017-18,LEAGUE,,Vitesse,Feyenoord Rotterdam,3,1,H,Netherlands,Eredivisie,football-data.co.uk
league_18be433125b6eae9,2018-02-16,EREDIVISIE,2017-18,LEAGUE,,VVV Venlo,Groningen,1,1,D,Netherlands,Eredivisie,football-data.co.uk
league_5a1aa9911a9fd7c5,2018-02-17,EREDIVISIE,2017-18,LEAGUE,,Den Haag,Willem II,2,1,H,Netherlands,Eredivisie,football-data.co.uk
league_a8606b9521272ceb,2018-02-17,EREDIVISIE,2017-18,LEAGUE,,NAC Breda,AZ Alkmaar,1,3,A,Netherlands,Eredivisie,football-data.co.uk
league_d500989c1226da73,2018-02-17,EREDIVISIE,2017-18,LEAGUE,,PSV Eindhoven,Heerenveen,2,2,D,Netherlands,Eredivisie,football-data.co.uk
league_b07774b1f0afd4e4,2018-02-17,EREDIVISIE,2017-18,LEAGUE,,Vitesse,Excelsior,1,2,A,Netherlands,Eredivisie,football-data.co.uk
league_3a438823fe1c47e2,2018-02-18,EREDIVISIE,2017-18,LEAGUE,,Feyenoord Rotterdam,Heracles,1,0,H,Netherlands,Eredivisie,football-data.co.uk
league_55b8486ab9ec705a,2018-02-18,EREDIVISIE,2017-18,LEAGUE,,Roda,Utrecht,1,4,A,Netherlands,Eredivisie,football-data.co.uk
league_fc5c54fc13a1765d,2018-02-18,EREDIVISIE,2017-18,LEAGUE,,Twente,Sparta Rotterdam,1,1,D,Netherlands,Eredivisie,football-data.co.uk
league_f241abb2d47793af,2018-02-18,EREDIVISIE,2017-18,LEAGUE,,Zwolle,Ajax,0,1,A,Netherlands,Eredivisie,football-data.co.uk
league_278762a0cb6a88eb,2018-02-23,EREDIVISIE,2017-18,LEAGUE,,Groningen,NAC Breda,1,1,D,Netherlands,Eredivisie,football-data.co.uk
league_c056f6b279a7d064,2018-02-24,EREDIVISIE,2017-18,LEAGUE,,AZ Alkmaar,Sparta Rotterdam,2,1,H,Netherlands,Eredivisie,football-data.co.uk
league_8a57619fff5a1663,2018-02-24,EREDIVISIE,2017-18,LEAGUE,,Heerenveen,Excelsior,0,1,A,Netherlands,Eredivisie,football-data.co.uk
league_b4c076027bcdd9dc,2018-02-24,EREDIVISIE,2017-18,LEAGUE,,Heracles,Zwolle,2,1,H,Netherlands,Eredivisie,football-data.co.uk
league_321907ff3dabe77d,2018-02-24,EREDIVISIE,2017-18,LEAGUE,,VVV Venlo,Vitesse,2,2,D,Netherlands,Eredivisie,football-data.co.uk
league_835fbc1ddbfd3184,2018-02-25,EREDIVISIE,2017-18,LEAGUE,,Ajax,Den Haag,0,0,D,Netherlands,Eredivisie,football-data.co.uk
league_310da0ffb1cededf,2018-02-25,EREDIVISIE,2017-18,LEAGUE,,Feyenoord Rotterdam,PSV Eindhoven,1,3,A,Netherlands,Eredivisie,football-data.co.uk
league_423b2d7815d1826b,2018-02-25,EREDIVISIE,2017-18,LEAGUE,,Utrecht,Twente,3,1,H,Netherlands,Eredivisie,football-data.co.uk
league_da7901cbf010b9bc,2018-02-25,EREDIVISIE,2017-18,LEAGUE,,Willem II,Roda,1,0,H,Netherlands,Eredivisie,football-data.co.uk
league_982c3b74d3ff4cbb,2018-03-02,EREDIVISIE,2017-18,LEAGUE,,Roda,Heracles,0,3,A,Netherlands,Eredivisie,football-data.co.uk
league_4866b0d307de1e0b,2018-03-03,EREDIVISIE,2017-18,LEAGUE,,Excelsior,AZ Alkmaar,1,2,A,Netherlands,Eredivisie,football-data.co.uk
league_54a2d48683fc07e8,2018-03-03,EREDIVISIE,2017-18,LEAGUE,,Heerenveen,Willem II,2,0,H,Netherlands,Eredivisie,football-data.co.uk
league_8f0023868c5b972f,2018-03-03,EREDIVISIE,2017-18,LEAGUE,,NAC Breda,Feyenoord Rotterdam,2,1,H,Netherlands,Eredivisie,football-data.co.uk
league_f2068a6001ff0280,2018-03-03,EREDIVISIE,2017-18,LEAGUE,,PSV Eindhoven,Utrecht,3,0,H,Netherlands,Eredivisie,football-data.co.uk
league_75866b7d3c453e46,2018-03-04,EREDIVISIE,2017-18,LEAGUE,,Sparta Rotterdam,Den Haag,2,1,H,Netherlands,Eredivisie,football-data.co.uk
league_a729dacf5363d825,2018-03-04,EREDIVISIE,2017-18,LEAGUE,,Twente,Groningen,1,1,D,Netherlands,Eredivisie,football-data.co.uk
league_f0d89280427a573d,2018-03-04,EREDIVISIE,2017-18,LEAGUE,,Vitesse,Ajax,3,2,H,Netherlands,Eredivisie,football-data.co.uk
league_d2d35401a2aad5b4,2018-03-04,EREDIVISIE,2017-18,LEAGUE,,Zwolle,VVV Venlo,1,1,D,Netherlands,Eredivisie,football-data.co.uk
league_5447e7b48ef8e71f,2018-03-09,EREDIVISIE,2017-18,LEAGUE,,Heracles,Twente,2,1,H,Netherlands,Eredivisie,football-data.co.uk
league_93b03875054c73fc,2018-03-10,EREDIVISIE,2017-18,LEAGUE,,Den Haag,NAC Breda,0,2,A,Netherlands,Eredivisie,football-data.co.uk
league_a1451da406cb3c8a,2018-03-10,EREDIVISIE,2017-18,LEAGUE,,Roda,Sparta Rotterdam,0,2,A,Netherlands,Eredivisie,football-data.co.uk
league_45f0377353647a61,2018-03-10,EREDIVISIE,2017-18,LEAGUE,,VVV Venlo,Excelsior,2,3,A,Netherlands,Eredivisie,football-data.co.uk
league_555e373692e5b4ff,2018-03-10,EREDIVISIE,2017-18,LEAGUE,,Willem II,PSV Eindhoven,5,0,H,Netherlands,Eredivisie,football-data.co.uk
league_a0b139e03bb42296,2018-03-11,EREDIVISIE,2017-18,LEAGUE,,Ajax,Heerenveen,4,1,H,Netherlands,Eredivisie,football-data.co.uk
league_6481a4600469cbfe,2018-03-11,EREDIVISIE,2017-18,LEAGUE,,Feyenoord Rotterdam,AZ Alkmaar,2,1,H,Netherlands,Eredivisie,football-data.co.uk
league_0a64f7f5d941e1eb,2018-03-11,EREDIVISIE,2017-18,LEAGUE,,Groningen,Zwolle,2,0,H,Netherlands,Eredivisie,football-data.co.uk
league_302c00fdfa54cfd3,2018-03-11,EREDIVISIE,2017-18,LEAGUE,,Utrecht,Vitesse,5,1,H,Netherlands,Eredivisie,football-data.co.uk
league_465c8d06829a2551,2018-03-16,EREDIVISIE,2017-18,LEAGUE,,Excelsior,Den Haag,1,2,A,Netherlands,Eredivisie,football-data.co.uk
league_25022d4b3576bde2,2018-03-17,EREDIVISIE,2017-18,LEAGUE,,Heerenveen,Utrecht,2,2,D,Netherlands,Eredivisie,football-data.co.uk
league_5abdb2b5db05e44b,2018-03-17,EREDIVISIE,2017-18,LEAGUE,,PSV Eindhoven,VVV Venlo,3,0,H,Netherlands,Eredivisie,football-data.co.uk
league_d4408f81bb2a5bd2,2018-03-17,EREDIVISIE,2017-18,LEAGUE,,Twente,Willem II,2,2,D,Netherlands,Eredivisie,football-data.co.uk
league_54e345174b4f0689,2018-03-17,EREDIVISIE,2017-18,LEAGUE,,Vitesse,Heracles,0,0,D,Netherlands,Eredivisie,football-data.co.uk
league_20172d8de7335d14,2018-03-18,EREDIVISIE,2017-18,LEAGUE,,AZ Alkmaar,Groningen,3,2,H,Netherlands,Eredivisie,football-data.co.uk
league_89284fb7c50adad4,2018-03-18,EREDIVISIE,2017-18,LEAGUE,,NAC Breda,Roda,0,1,A,Netherlands,Eredivisie,football-data.co.uk
league_b773eaf7df1e40f0,2018-03-18,EREDIVISIE,2017-18,LEAGUE,,Sparta Rotterdam,Ajax,2,5,A,Netherlands,Eredivisie,football-data.co.uk
league_6b54d10737283ea3,2018-03-18,EREDIVISIE,2017-18,LEAGUE,,Zwolle,Feyenoord Rotterdam,3,4,A,Netherlands,Eredivisie,football-data.co.uk
league_8f8673132f191530,2018-03-31,EREDIVISIE,2017-18,LEAGUE,,Den Haag,AZ Alkmaar,0,3,A,Netherlands,Eredivisie,football-data.co.uk
league_ece5e494a118004d,2018-03-31,EREDIVISIE,2017-18,LEAGUE,,PSV Eindhoven,NAC Breda,5,1,H,Netherlands,Eredivisie,football-data.co.uk
league_87e8a5eef6ef56df,2018-03-31,EREDIVISIE,2017-18,LEAGUE,,Vitesse,Roda,0,3,A,Netherlands,Eredivisie,football-data.co.uk
league_ace3f0466486c72d,2018-03-31,EREDIVISIE,2017-18,LEAGUE,,Willem II,Utrecht,3,2,H,Netherlands,Eredivisie,football-data.co.uk
league_abc6c5b7bd3a4521,2018-03-31,EREDIVISIE,2017-18,LEAGUE,,Zwolle,Sparta Rotterdam,2,0,H,Netherlands,Eredivisie,football-data.co.uk
league_1996c7303aaf250f,2018-04-01,EREDIVISIE,2017-18,LEAGUE,,Feyenoord Rotterdam,Excelsior,5,0,H,Netherlands,Eredivisie,football-data.co.uk
league_c1f61fa858c9489d,2018-04-01,EREDIVISIE,2017-18,LEAGUE,,Groningen,Ajax,1,2,A,Netherlands,Eredivisie,football-data.co.uk
league_18063cf27ef0e96e,2018-04-01,EREDIVISIE,2017-18,LEAGUE,,Heracles,Heerenveen,1,2,A,Netherlands,Eredivisie,football-data.co.uk
league_198aa65db5726785,2018-04-01,EREDIVISIE,2017-18,LEAGUE,,VVV Venlo,Twente,0,0,D,Netherlands,Eredivisie,football-data.co.uk
league_1a8db293467320c3,2018-04-06,EREDIVISIE,2017-18,LEAGUE,,Excelsior,Willem II,2,1,H,Netherlands,Eredivisie,football-data.co.uk
league_f3fb691f8181911c,2018-04-07,EREDIVISIE,2017-18,LEAGUE,,AZ Alkmaar,PSV Eindhoven,2,3,A,Netherlands,Eredivisie,football-data.co.uk
league_66964501a02f9732,2018-04-07,EREDIVISIE,2017-18,LEAGUE,,NAC Breda,Vitesse,1,0,H,Netherlands,Eredivisie,football-data.co.uk
league_00cc64f7fdb13f3c,2018-04-07,EREDIVISIE,2017-18,LEAGUE,,Roda,Zwolle,3,2,H,Netherlands,Eredivisie,football-data.co.uk
league_163431e4f6fd31be,2018-04-07,EREDIVISIE,2017-18,LEAGUE,,Sparta Rotterdam,VVV Venlo,3,2,H,Netherlands,Eredivisie,football-data.co.uk
league_ce838ac88d51cf04,2018-04-08,EREDIVISIE,2017-18,LEAGUE,,Ajax,Heracles,1,0,H,Netherlands,Eredivisie,football-data.co.uk
league_d7e685660e35858e,2018-04-08,EREDIVISIE,2017-18,LEAGUE,,Heerenveen,Groningen,1,1,D,Netherlands,Eredivisie,football-data.co.uk
league_65ecdb5c9e86e2ed,2018-04-08,EREDIVISIE,2017-18,LEAGUE,,Twente,Feyenoord Rotterdam,1,3,A,Netherlands,Eredivisie,football-data.co.uk
league_b6105ac442bb101f,2018-04-08,EREDIVISIE,2017-18,LEAGUE,,Utrecht,Den Haag,3,3,D,Netherlands,Eredivisie,football-data.co.uk
league_94954b6cd21f0406,2018-04-13,EREDIVISIE,2017-18,LEAGUE,,Heracles,AZ Alkmaar,0,3,A,Netherlands,Eredivisie,football-data.co.uk
league_d8f92a9f83dc14d1,2018-04-14,EREDIVISIE,2017-18,LEAGUE,,Den Haag,Twente,2,1,H,Netherlands,Eredivisie,football-data.co.uk
league_e299d88fe2e51ab2,2018-04-14,EREDIVISIE,2017-18,LEAGUE,,VVV Venlo,Heerenveen,0,2,A,Netherlands,Eredivisie,football-data.co.uk
league_36b163e19be7b680,2018-04-14,EREDIVISIE,2017-18,LEAGUE,,Vitesse,Sparta Rotterdam,7,0,H,Netherlands,Eredivisie,football-data.co.uk
league_59df4483ffaab101,2018-04-14,EREDIVISIE,2017-18,LEAGUE,,Zwolle,Excelsior,1,1,D,Netherlands,Eredivisie,football-data.co.uk
league_d99379c595bda40a,2018-04-15,EREDIVISIE,2017-18,LEAGUE,,Feyenoord Rotterdam,Utrecht,3,1,H,Netherlands,Eredivisie,football-data.co.uk
league_6565840216486a27,2018-04-15,EREDIVISIE,2017-18,LEAGUE,,Groningen,Roda,2,1,H,Netherlands,Eredivisie,football-data.co.uk
league_8b3a111ebaae7c0b,2018-04-15,EREDIVISIE,2017-18,LEAGUE,,NAC Breda,Willem II,1,2,A,Netherlands,Eredivisie,football-data.co.uk
league_239ec18db2298187,2018-04-15,EREDIVISIE,2017-18,LEAGUE,,PSV Eindhoven,Ajax,3,0,H,Netherlands,Eredivisie,football-data.co.uk
league_d4cb51bdf74b2588,2018-04-17,EREDIVISIE,2017-18,LEAGUE,,Heerenveen,Den Haag,2,0,H,Netherlands,Eredivisie,football-data.co.uk
league_57870b2582a7227e,2018-04-17,EREDIVISIE,2017-18,LEAGUE,,Twente,Zwolle,2,0,H,Netherlands,Eredivisie,football-data.co.uk
league_6bcf27d072cf0f5b,2018-04-18,EREDIVISIE,2017-18,LEAGUE,,AZ Alkmaar,Vitesse,4,3,H,Netherlands,Eredivisie,football-data.co.uk
league_159706e3182caf9b,2018-04-18,EREDIVISIE,2017-18,LEAGUE,,Excelsior,Heracles,2,2,D,Netherlands,Eredivisie,football-data.co.uk
league_80d677ff6b635431,2018-04-18,EREDIVISIE,2017-18,LEAGUE,,Roda,PSV Eindhoven,2,2,D,Netherlands,Eredivisie,football-data.co.uk
league_3329b6b459a07b19,2018-04-18,EREDIVISIE,2017-18,LEAGUE,,Sparta Rotterdam,NAC Breda,2,1,H,Netherlands,Eredivisie,football-data.co.uk
league_944d4fbd67cf93a1,2018-04-18,EREDIVISIE,2017-18,LEAGUE,,Willem II,Feyenoord Rotterdam,1,5,A,Netherlands,Eredivisie,football-data.co.uk
league_fa781103f2969f8f,2018-04-19,EREDIVISIE,2017-18,LEAGUE,,Ajax,VVV Venlo,4,1,H,Netherlands,Eredivisie,football-data.co.uk
league_749526929e8379df,2018-04-19,EREDIVISIE,2017-18,LEAGUE,,Utrecht,Groningen,1,1,D,Netherlands,Eredivisie,football-data.co.uk
league_3bcb09d9bb6409fb,2018-04-29,EREDIVISIE,2017-18,LEAGUE,,Ajax,AZ Alkmaar,3,0,H,Netherlands,Eredivisie,football-data.co.uk
league_f143a64aa9381dfe,2018-04-29,EREDIVISIE,2017-18,LEAGUE,,Den Haag,PSV Eindhoven,3,3,D,Netherlands,Eredivisie,football-data.co.uk
league_e85af7b0ec80340f,2018-04-29,EREDIVISIE,2017-18,LEAGUE,,Feyenoord Rotterdam,Sparta Rotterdam,3,1,H,Netherlands,Eredivisie,football-data.co.uk
league_8ff75108eac38e64,2018-04-29,EREDIVISIE,2017-18,LEAGUE,,Groningen,Excelsior,4,0,H,Netherlands,Eredivisie,football-data.co.uk
league_00dd8e34803c4afe,2018-04-29,EREDIVISIE,2017-18,LEAGUE,,Heracles,Utrecht,2,2,D,Netherlands,Eredivisie,football-data.co.uk
league_8b3fe8f50440380e,2018-04-29,EREDIVISIE,2017-18,LEAGUE,,NAC Breda,Heerenveen,3,0,H,Netherlands,Eredivisie,football-data.co.uk
league_d1490772e0d4c212,2018-04-29,EREDIVISIE,2017-18,LEAGUE,,VVV Venlo,Roda,1,4,A,Netherlands,Eredivisie,football-data.co.uk
league_d0b5e6ce92a1889e,2018-04-29,EREDIVISIE,2017-18,LEAGUE,,Vitesse,Twente,5,0,H,Netherlands,Eredivisie,football-data.co.uk
league_8d03434e61db266b,2018-04-29,EREDIVISIE,2017-18,LEAGUE,,Zwolle,Willem II,0,1,A,Netherlands,Eredivisie,football-data.co.uk
league_d01410b35585abd6,2018-05-06,EREDIVISIE,2017-18,LEAGUE,,AZ Alkmaar,Zwolle,6,0,H,Netherlands,Eredivisie,football-data.co.uk
league_e448d03a8ea80b81,2018-05-06,EREDIVISIE,2017-18,LEAGUE,,Excelsior,Ajax,1,2,A,Netherlands,Eredivisie,football-data.co.uk
league_c157833f3393906d,2018-05-06,EREDIVISIE,2017-18,LEAGUE,,Heerenveen,Feyenoord Rotterdam,2,3,A,Netherlands,Eredivisie,football-data.co.uk
league_5cf94341164dd55d,2018-05-06,EREDIVISIE,2017-18,LEAGUE,,PSV Eindhoven,Groningen,0,0,D,Netherlands,Eredivisie,football-data.co.uk
league_efa3aa712d1e08a0,2018-05-06,EREDIVISIE,2017-18,LEAGUE,,Roda,Den Haag,2,3,A,Netherlands,Eredivisie,football-data.co.uk
league_c43ddb1110647e34,2018-05-06,EREDIVISIE,2017-18,LEAGUE,,Sparta Rotterdam,Heracles,2,5,A,Netherlands,Eredivisie,football-data.co.uk
league_075737bdf7f9ff93,2018-05-06,EREDIVISIE,2017-18,LEAGUE,,Twente,NAC Breda,1,1,D,Netherlands,Eredivisie,football-data.co.uk
league_94b9705059ab76fb,2018-05-06,EREDIVISIE,2017-18,LEAGUE,,Utrecht,VVV Venlo,1,0,H,Netherlands,Eredivisie,football-data.co.uk
league_b7066bd55f17ba6c,2018-05-06,EREDIVISIE,2017-18,LEAGUE,,Willem II,Vitesse,2,2,D,Netherlands,Eredivisie,football-data.co.uk
league_6ec5af3502e014f1,2018-08-10,EREDIVISIE,2018-19,LEAGUE,,Zwolle,Heerenveen,2,3,A,Netherlands,Eredivisie,football-data.co.uk
league_cb38433086b1b28a,2018-08-11,EREDIVISIE,2018-19,LEAGUE,,Ajax,Heracles,1,1,D,Netherlands,Eredivisie,football-data.co.uk
league_5e4d8bfc9c68102b,2018-08-11,EREDIVISIE,2018-19,LEAGUE,,Excelsior,For Sittard,1,1,D,Netherlands,Eredivisie,football-data.co.uk
league_ac321d11de908105,2018-08-11,EREDIVISIE,2018-19,LEAGUE,,PSV Eindhoven,Utrecht,4,0,H,Netherlands,Eredivisie,football-data.co.uk
league_44d6ed1b4b6807f7,2018-08-11,EREDIVISIE,2018-19,LEAGUE,,Willem II,VVV Venlo,0,1,A,Netherlands,Eredivisie,football-data.co.uk
league_edb628a554a1d75b,2018-08-12,EREDIVISIE,2018-19,LEAGUE,,AZ Alkmaar,NAC Breda,5,0,H,Netherlands,Eredivisie,football-data.co.uk
league_d1134409ea2c1cdd,2018-08-12,EREDIVISIE,2018-19,LEAGUE,,Den Haag,FC Emmen,1,2,A,Netherlands,Eredivisie,football-data.co.uk
league_b431e87b2f37409d,2018-08-12,EREDIVISIE,2018-19,LEAGUE,,Graafschap,Feyenoord Rotterdam,2,0,H,Netherlands,Eredivisie,football-data.co.uk
league_29bae6abe9ffe197,2018-08-12,EREDIVISIE,2018-19,LEAGUE,,Vitesse,Groningen,5,1,H,Netherlands,Eredivisie,football-data.co.uk
league_0ec294a068656eab,2018-08-17,EREDIVISIE,2018-19,LEAGUE,,Groningen,Willem II,0,1,A,Netherlands,Eredivisie,football-data.co.uk
league_7e6173a369fef147,2018-08-18,EREDIVISIE,2018-19,LEAGUE,,For Sittard,PSV Eindhoven,1,2,A,Netherlands,Eredivisie,football-data.co.uk
league_af0d0e1b58230559,2018-08-18,EREDIVISIE,2018-19,LEAGUE,,Heracles,Den Haag,4,2,H,Netherlands,Eredivisie,football-data.co.uk
league_5a72b97c15b9cfb7,2018-08-18,EREDIVISIE,2018-19,LEAGUE,,NAC Breda,Graafschap,3,0,H,Netherlands,Eredivisie,football-data.co.uk
league_b4b688852920215d,2018-08-18,EREDIVISIE,2018-19,LEAGUE,,VVV Venlo,Ajax,0,1,A,Netherlands,Eredivisie,football-data.co.uk
league_3ed07858e5981e6d,2018-08-19,EREDIVISIE,2018-19,LEAGUE,,FC Emmen,AZ Alkmaar,1,4,A,Netherlands,Eredivisie,football-data.co.uk
league_5f3438aa81523d21,2018-08-19,EREDIVISIE,2018-19,LEAGUE,,Feyenoord Rotterdam,Excelsior,3,0,H,Netherlands,Eredivisie,football-data.co.uk
league_3db91d1abb8bc5f9,2018-08-19,EREDIVISIE,2018-19,LEAGUE,,Heerenveen,Vitesse,1,1,D,Netherlands,Eredivisie,football-data.co.uk
league_c845174ddf2fe4eb,2018-08-19,EREDIVISIE,2018-19,LEAGUE,,Utrecht,Zwolle,2,0,H,Netherlands,Eredivisie,football-data.co.uk
league_299e63c06663befa,2018-08-24,EREDIVISIE,2018-19,LEAGUE,,Den Haag,For Sittard,3,1,H,Netherlands,Eredivisie,football-data.co.uk
league_b8e8ddecbedd0742,2018-08-25,EREDIVISIE,2018-19,LEAGUE,,Ajax,FC Emmen,5,0,H,Netherlands,Eredivisie,football-data.co.uk
league_a61f7a100e0bdfb0,2018-08-25,EREDIVISIE,2018-19,LEAGUE,,Graafschap,Groningen,0,1,A,Netherlands,Eredivisie,football-data.co.uk
league_2497bb500eb0f3fd,2018-08-25,EREDIVISIE,2018-19,LEAGUE,,NAC Breda,Excelsior,0,2,A,Netherlands,Eredivisie,football-data.co.uk
league_6033907e0529bfb8,2018-08-25,EREDIVISIE,2018-19,LEAGUE,,Zwolle,PSV Eindhoven,1,2,A,Netherlands,Eredivisie,football-data.co.uk
league_b585d5ef19cd10e0,2018-08-26,EREDIVISIE,2018-19,LEAGUE,,AZ Alkmaar,Vitesse,0,0,D,Netherlands,Eredivisie,football-data.co.uk
league_8fb446881941c16e,2018-08-26,EREDIVISIE,2018-19,LEAGUE,,Heerenveen,Feyenoord Rotterdam,3,5,A,Netherlands,Eredivisie,football-data.co.uk
league_1db82a2d6c471e21,2018-08-26,EREDIVISIE,2018-19,LEAGUE,,Utrecht,VVV Venlo,1,1,D,Netherlands,Eredivisie,football-data.co.uk
league_a26f261c576cb0a4,2018-08-26,EREDIVISIE,2018-19,LEAGUE,,Willem II,Heracles,5,0,H,Netherlands,Eredivisie,football-data.co.uk
league_9a1e58aacc78f530,2018-08-31,EREDIVISIE,2018-19,LEAGUE,,FC Emmen,Graafschap,1,1,D,Netherlands,Eredivisie,football-data.co.uk
league_aa69c374e24b9fa4,2018-09-01,EREDIVISIE,2018-19,LEAGUE,,Excelsior,Den Haag,2,4,A,Netherlands,Eredivisie,football-data.co.uk
league_2585ad3952564d97,2018-09-01,EREDIVISIE,2018-19,LEAGUE,,For Sittard,Utrecht,1,1,D,Netherlands,Eredivisie,football-data.co.uk
league_d234cb677cd997ae,2018-09-01,EREDIVISIE,2018-19,LEAGUE,,PSV Eindhoven,Willem II,6,1,H,Netherlands,Eredivisie,football-data.co.uk
league_ba87af0b491d2a49,2018-09-01,EREDIVISIE,2018-19,LEAGUE,,VVV Venlo,Heerenveen,1,1,D,Netherlands,Eredivisie,football-data.co.uk
league_d7c3334b5dcb4948,2018-09-02,EREDIVISIE,2018-19,LEAGUE,,Feyenoord Rotterdam,NAC Breda,4,2,H,Netherlands,Eredivisie,football-data.co.uk
league_2df1a8148a7e5c6b,2018-09-02,EREDIVISIE,2018-19,LEAGUE,,Groningen,Zwolle,0,1,A,Netherlands,Eredivisie,football-data.co.uk
league_8c8c6aa0c64e12c9,2018-09-02,EREDIVISIE,2018-19,LEAGUE,,Heracles,AZ Alkmaar,3,2,H,Netherlands,Eredivisie,football-data.co.uk
league_6743ae25ef3f02db,2018-09-02,EREDIVISIE,2018-19,LEAGUE,,Vitesse,Ajax,0,4,A,Netherlands,Eredivisie,football-data.co.uk
league_92963681e20f925d,2018-09-15,EREDIVISIE,2018-19,LEAGUE,,Ajax,Groningen,3,0,H,Netherlands,Eredivisie,football-data.co.uk
league_d9907acbe36232fa,2018-09-15,EREDIVISIE,2018-19,LEAGUE,,Den Haag,PSV Eindhoven,0,7,A,Netherlands,Eredivisie,football-data.co.uk
league_b156c18294944706,2018-09-15,EREDIVISIE,2018-19,LEAGUE,,Graafschap,VVV Venlo,1,2,A,Netherlands,Eredivisie,football-data.co.uk
league_0dfae564042e440d,2018-09-15,EREDIVISIE,2018-19,LEAGUE,,Willem II,Excelsior,2,2,D,Netherlands,Eredivisie,football-data.co.uk
league_8194659b0808f139,2018-09-16,EREDIVISIE,2018-19,LEAGUE,,AZ Alkmaar,Feyenoord Rotterdam,1,1,D,Netherlands,Eredivisie,football-data.co.uk
league_c0fc448846849246,2018-09-16,EREDIVISIE,2018-19,LEAGUE,,Heerenveen,Heracles,3,5,A,Netherlands,Eredivisie,football-data.co.uk
league_1c1c2e36b9518f11,2018-09-16,EREDIVISIE,2018-19,LEAGUE,,NAC Breda,For Sittard,2,3,A,Netherlands,Eredivisie,football-data.co.uk
league_50e490127ba088d6,2018-09-16,EREDIVISIE,2018-19,LEAGUE,,Utrecht,FC Emmen,1,2,A,Netherlands,Eredivisie,football-data.co.uk
league_b05008030da08578,2018-09-16,EREDIVISIE,2018-19,LEAGUE,,Zwolle,Vitesse,0,2,A,Netherlands,Eredivisie,football-data.co.uk
league_fd8a269bce044d2f,2018-09-21,EREDIVISIE,2018-19,LEAGUE,,Heracles,Graafschap,4,0,H,Netherlands,Eredivisie,football-data.co.uk
league_1f8ac29e800fd8a2,2018-09-22,EREDIVISIE,2018-19,LEAGUE,,Excelsior,Heerenveen,3,3,D,Netherlands,Eredivisie,football-data.co.uk
league_b345c6374864b824,2018-09-22,EREDIVISIE,2018-19,LEAGUE,,For Sittard,Willem II,4,4,D,Netherlands,Eredivisie,football-data.co.uk
league_ee8d0cc3c12b4eb0,2018-09-22,EREDIVISIE,2018-19,LEAGUE,,VVV Venlo,NAC Breda,3,0,H,Netherlands,Eredivisie,football-data.co.uk
league_0972ce70707b70be,2018-09-22,EREDIVISIE,2018-19,LEAGUE,,Vitesse,Den Haag,1,1,D,Netherlands,Eredivisie,football-data.co.uk
league_e9609e1a0b7a0148,2018-09-23,EREDIVISIE,2018-19,LEAGUE,,FC Emmen,Zwolle,0,1,A,Netherlands,Eredivisie,football-data.co.uk
league_8b39c09441e75a6c,2018-09-23,EREDIVISIE,2018-19,LEAGUE,,Feyenoord Rotterdam,Utrecht,1,0,H,Netherlands,Eredivisie,football-data.co.uk
league_049639d0345be913,2018-09-23,EREDIVISIE,2018-19,LEAGUE,,Groningen,AZ Alkmaar,1,3,A,Netherlands,Eredivisie,football-data.co.uk
league_cc18082ca7a998b1,2018-09-23,EREDIVISIE,2018-19,LEAGUE,,PSV Eindhoven,Ajax,3,0,H,Netherlands,Eredivisie,football-data.co.uk
league_7dca6e680696e9e4,2018-09-29,EREDIVISIE,2018-19,LEAGUE,,Excelsior,VVV Venlo,1,0,H,Netherlands,Eredivisie,football-data.co.uk
league_195a91ba6d7da38b,2018-09-29,EREDIVISIE,2018-19,LEAGUE,,For Sittard,Ajax,0,2,A,Netherlands,Eredivisie,football-data.co.uk
league_309f5a4fe444a2ab,2018-09-29,EREDIVISIE,2018-19,LEAGUE,,Heerenveen,Den Haag,1,1,D,Netherlands,Eredivisie,football-data.co.uk
league_10dd96f3942d3472,2018-09-29,EREDIVISIE,2018-19,LEAGUE,,NAC Breda,PSV Eindhoven,0,2,A,Netherlands,Eredivisie,football-data.co.uk
league_b43c2ef08af91598,2018-09-30,EREDIVISIE,2018-19,LEAGUE,,AZ Alkmaar,Zwolle,2,2,D,Netherlands,Eredivisie,football-data.co.uk
league_17369c8a5c66056e,2018-09-30,EREDIVISIE,2018-19,LEAGUE,,Feyenoord Rotterdam,Vitesse,2,1,H,Netherlands,Eredivisie,football-data.co.uk
league_0aebecf34caf8359,2018-09-30,EREDIVISIE,2018-19,LEAGUE,,Graafschap,Willem II,2,1,H,Netherlands,Eredivisie,football-data.co.uk
league_c02272efd6ff8f08,2018-09-30,EREDIVISIE,2018-19,LEAGUE,,Groningen,Utrecht,1,1,D,Netherlands,Eredivisie,football-data.co.uk
league_fa8049d74d81b325,2018-09-30,EREDIVISIE,2018-19,LEAGUE,,Heracles,FC Emmen,2,1,H,Netherlands,Eredivisie,football-data.co.uk
league_91c53f6e6c787632,2018-10-05,EREDIVISIE,2018-19,LEAGUE,,Utrecht,NAC Breda,2,1,H,Netherlands,Eredivisie,football-data.co.uk
league_433bc348a4b7cc77,2018-10-06,EREDIVISIE,2018-19,LEAGUE,,Den Haag,Groningen,1,0,H,Netherlands,Eredivisie,football-data.co.uk
league_3f45234a3a926c96,2018-10-06,EREDIVISIE,2018-19,LEAGUE,,Graafschap,Heerenveen,0,5,A,Netherlands,Eredivisie,football-data.co.uk
league_dab04937ffebebf5,2018-10-06,EREDIVISIE,2018-19,LEAGUE,,PSV Eindhoven,VVV Venlo,4,0,H,Netherlands,Eredivisie,football-data.co.uk
league_4c7267794883a061,2018-10-06,EREDIVISIE,2018-19,LEAGUE,,Zwolle,Excelsior,2,0,H,Netherlands,Eredivisie,football-data.co.uk
league_9df1215a267393e5,2018-10-07,EREDIVISIE,2018-19,LEAGUE,,Ajax,AZ Alkmaar,5,0,H,Netherlands,Eredivisie,football-data.co.uk
league_3771ceb0d81212e9,2018-10-07,EREDIVISIE,2018-19,LEAGUE,,FC Emmen,For Sittard,3,3,D,Netherlands,Eredivisie,football-data.co.uk
league_137595a76a68a9c6,2018-10-07,EREDIVISIE,2018-19,LEAGUE,,Vitesse,Heracles,4,0,H,Netherlands,Eredivisie,football-data.co.uk
league_ebf20875e8304839,2018-10-07,EREDIVISIE,2018-19,LEAGUE,,Willem II,Feyenoord Rotterdam,1,1,D,Netherlands,Eredivisie,football-data.co.uk
league_ce2240bcf5648d89,2018-10-20,EREDIVISIE,2018-19,LEAGUE,,Excelsior,Vitesse,2,0,H,Netherlands,Eredivisie,football-data.co.uk
league_d5a435dc6baf5aaa,2018-10-20,EREDIVISIE,2018-19,LEAGUE,,Heerenveen,Ajax,0,4,A,Netherlands,Eredivisie,football-data.co.uk
league_2dabb03b6457e0ba,2018-10-20,EREDIVISIE,2018-19,LEAGUE,,PSV Eindhoven,FC Emmen,6,0,H,Netherlands,Eredivisie,football-data.co.uk
league_8b83ffef86b3139d,2018-10-20,EREDIVISIE,2018-19,LEAGUE,,Utrecht,AZ Alkmaar,2,1,H,Netherlands,Eredivisie,football-data.co.uk
league_c1bcd40aa17af11a,2018-10-21,EREDIVISIE,2018-19,LEAGUE,,Feyenoord Rotterdam,Zwolle,3,0,H,Netherlands,Eredivisie,football-data.co.uk
league_ff5bedb18d66bb98,2018-10-21,EREDIVISIE,2018-19,LEAGUE,,For Sittard,Graafschap,3,1,H,Netherlands,Eredivisie,football-data.co.uk
league_ed329941d7cf9912,2018-10-21,EREDIVISIE,2018-19,LEAGUE,,Heracles,Groningen,4,1,H,Netherlands,Eredivisie,football-data.co.uk
league_3c2131ea1212affa,2018-10-21,EREDIVISIE,2018-19,LEAGUE,,NAC Breda,Willem II,2,2,D,Netherlands,Eredivisie,football-data.co.uk
league_a228a70f594f068d,2018-10-21,EREDIVISIE,2018-19,LEAGUE,,VVV Venlo,Den Haag,2,0,H,Netherlands,Eredivisie,football-data.co.uk
league_58f9bd4fe244d301,2018-10-26,EREDIVISIE,2018-19,LEAGUE,,FC Emmen,VVV Venlo,1,1,D,Netherlands,Eredivisie,football-data.co.uk
league_33f1865d6f949426,2018-10-27,EREDIVISIE,2018-19,LEAGUE,,Den Haag,NAC Breda,1,1,D,Netherlands,Eredivisie,football-data.co.uk
league_49614c606beee1d3,2018-10-27,EREDIVISIE,2018-19,LEAGUE,,Graafschap,Excelsior,4,1,H,Netherlands,Eredivisie,football-data.co.uk
league_49ce9b780d7f66cf,2018-10-27,EREDIVISIE,2018-19,LEAGUE,,Groningen,PSV Eindhoven,1,2,A,Netherlands,Eredivisie,football-data.co.uk
league_e26559853058310b,2018-10-27,EREDIVISIE,2018-19,LEAGUE,,Zwolle,Heracles,1,1,D,Netherlands,Eredivisie,football-data.co.uk
league_86f17622dbc62a97,2018-10-28,EREDIVISIE,2018-19,LEAGUE,,AZ Alkmaar,Heerenveen,2,3,A,Netherlands,Eredivisie,football-data.co.uk
league_9337fb667123e04d,2018-10-28,EREDIVISIE,2018-19,LEAGUE,,Ajax,Feyenoord Rotterdam,3,0,H,Netherlands,Eredivisie,football-data.co.uk
league_28154636485262d3,2018-10-28,EREDIVISIE,2018-19,LEAGUE,,Vitesse,For Sittard,2,1,H,Netherlands,Eredivisie,football-data.co.uk
league_978b04909f3e7f22,2018-10-28,EREDIVISIE,2018-19,LEAGUE,,Willem II,Utrecht,0,1,A,Netherlands,Eredivisie,football-data.co.uk
league_0b8888f5fe0f6d7b,2018-11-02,EREDIVISIE,2018-19,LEAGUE,,Excelsior,Groningen,2,4,A,Netherlands,Eredivisie,football-data.co.uk
league_f0285a08876782d3,2018-11-03,EREDIVISIE,2018-19,LEAGUE,,AZ Alkmaar,Graafschap,1,0,H,Netherlands,Eredivisie,football-data.co.uk
league_2b71de503e5b293b,2018-11-03,EREDIVISIE,2018-19,LEAGUE,,Ajax,Willem II,2,0,H,Netherlands,Eredivisie,football-data.co.uk
league_25604bc358b29bbb,2018-11-03,EREDIVISIE,2018-19,LEAGUE,,NAC Breda,Heracles,2,1,H,Netherlands,Eredivisie,football-data.co.uk
league_264711f3be253003,2018-11-03,EREDIVISIE,2018-19,LEAGUE,,PSV Eindhoven,Vitesse,1,0,H,Netherlands,Eredivisie,football-data.co.uk
league_167ee9060727c2ec,2018-11-04,EREDIVISIE,2018-19,LEAGUE,,For Sittard,Zwolle,3,0,H,Netherlands,Eredivisie,football-data.co.uk
league_2dfe6a82b644d382,2018-11-04,EREDIVISIE,2018-19,LEAGUE,,Heerenveen,FC Emmen,1,1,D,Netherlands,Eredivisie,football-data.co.uk
league_d7663ffe3e39f1c4,2018-11-04,EREDIVISIE,2018-19,LEAGUE,,Utrecht,Den Haag,3,0,H,Netherlands,Eredivisie,football-data.co.uk
league_6863e2e299d5aae0,2018-11-09,EREDIVISIE,2018-19,LEAGUE,,Zwolle,Willem II,2,3,A,Netherlands,Eredivisie,football-data.co.uk
league_f77924fa7e2959fe,2018-11-10,EREDIVISIE,2018-19,LEAGUE,,FC Emmen,NAC Breda,2,0,H,Netherlands,Eredivisie,football-data.co.uk
league_9213574656faa7db,2018-11-10,EREDIVISIE,2018-19,LEAGUE,,Graafschap,PSV Eindhoven,1,4,A,Netherlands,Eredivisie,football-data.co.uk
league_9cce47579ef5eb89,2018-11-10,EREDIVISIE,2018-19,LEAGUE,,VVV Venlo,For Sittard,3,2,H,Netherlands,Eredivisie,football-data.co.uk
league_a2e0cd8d77e0f1b8,2018-11-10,EREDIVISIE,2018-19,LEAGUE,,Vitesse,Utrecht,2,1,H,Netherlands,Eredivisie,football-data.co.uk
league_fd6f1a07fe4001ca,2018-11-11,EREDIVISIE,2018-19,LEAGUE,,Den Haag,AZ Alkmaar,0,1,A,Netherlands,Eredivisie,football-data.co.uk
league_c30c7635e76698fa,2018-11-11,EREDIVISIE,2018-19,LEAGUE,,Excelsior,Ajax,1,7,A,Netherlands,Eredivisie,football-data.co.uk
league_023bdc01ad9426c4,2018-11-11,EREDIVISIE,2018-19,LEAGUE,,Groningen,Heerenveen,2,0,H,Netherlands,Eredivisie,football-data.co.uk
league_fcd564f569cff926,2018-11-11,EREDIVISIE,2018-19,LEAGUE,,Heracles,Feyenoord Rotterdam,0,2,A,Netherlands,Eredivisie,football-data.co.uk
league_a151d661dd9d80e1,2018-11-24,EREDIVISIE,2018-19,LEAGUE,,For Sittard,Heracles,3,0,H,Netherlands,Eredivisie,football-data.co.uk
league_f3f71259bcda8647,2018-11-24,EREDIVISIE,2018-19,LEAGUE,,NAC Breda,Ajax,0,3,A,Netherlands,Eredivisie,football-data.co.uk
league_a2ee5c6da88e32be,2018-11-24,EREDIVISIE,2018-19,LEAGUE,,PSV Eindhoven,Heerenveen,3,0,H,Netherlands,Eredivisie,football-data.co.uk
league_7ed5ee87eca1746a,2018-11-24,EREDIVISIE,2018-19,LEAGUE,,Zwolle,Den Haag,2,3,A,Netherlands,Eredivisie,football-data.co.uk
league_365a492b6d2e901d,2018-11-25,EREDIVISIE,2018-19,LEAGUE,,FC Emmen,Excelsior,1,2,A,Netherlands,Eredivisie,football-data.co.uk
league_83d990ab5dd69251,2018-11-25,EREDIVISIE,2018-19,LEAGUE,,Feyenoord Rotterdam,Groningen,1,0,H,Netherlands,Eredivisie,football-data.co.uk
league_13c4f7de268dfc0d,2018-11-25,EREDIVISIE,2018-19,LEAGUE,,Utrecht,Graafschap,5,0,H,Netherlands,Eredivisie,football-data.co.uk
league_ce0c2d06113ddd20,2018-11-25,EREDIVISIE,2018-19,LEAGUE,,VVV Venlo,AZ Alkmaar,2,2,D,Netherlands,Eredivisie,football-data.co.uk
league_f0754410d081982f,2018-11-25,EREDIVISIE,2018-19,LEAGUE,,Willem II,Vitesse,1,3,A,Netherlands,Eredivisie,football-data.co.uk
league_18a90078bcc5b85c,2018-11-30,EREDIVISIE,2018-19,LEAGUE,,Excelsior,Utrecht,3,3,D,Netherlands,Eredivisie,football-data.co.uk
league_f031038f8959632b,2018-12-01,EREDIVISIE,2018-19,LEAGUE,,AZ Alkmaar,Willem II,0,2,A,Netherlands,Eredivisie,football-data.co.uk
league_2c2ac376cad5e15a,2018-12-01,EREDIVISIE,2018-19,LEAGUE,,Graafschap,Zwolle,0,2,A,Netherlands,Eredivisie,football-data.co.uk
league_bc1e9a1658bf4bf4,2018-12-01,EREDIVISIE,2018-19,LEAGUE,,Heerenveen,For Sittard,3,1,H,Netherlands,Eredivisie,football-data.co.uk
league_c70ff395774b549c,2018-12-01,EREDIVISIE,2018-19,LEAGUE,,Vitesse,FC Emmen,1,1,D,Netherlands,Eredivisie,football-data.co.uk
league_1bdae3f6040c345f,2018-12-02,EREDIVISIE,2018-19,LEAGUE,,Ajax,Den Haag,5,1,H,Netherlands,Eredivisie,football-data.co.uk
league_229c0b5a1abfb13e,2018-12-02,EREDIVISIE,2018-19,LEAGUE,,Feyenoord Rotterdam,PSV Eindhoven,2,1,H,Netherlands,Eredivisie,football-data.co.uk
league_9ecc6ab9de466085,2018-12-02,EREDIVISIE,2018-19,LEAGUE,,Groningen,NAC Breda,5,2,H,Netherlands,Eredivisie,football-data.co.uk
league_64957767a7b7c060,2018-12-02,EREDIVISIE,2018-19,LEAGUE,,Heracles,VVV Venlo,4,1,H,Netherlands,Eredivisie,football-data.co.uk
league_1e47e39c411be237,2018-12-06,EREDIVISIE,2018-19,LEAGUE,,Feyenoord Rotterdam,VVV Venlo,4,1,H,Netherlands,Eredivisie,football-data.co.uk
league_12f7ba8c564d2aea,2018-12-07,EREDIVISIE,2018-19,LEAGUE,,For Sittard,AZ Alkmaar,0,3,A,Netherlands,Eredivisie,football-data.co.uk
league_1bd39c04010aa47b,2018-12-07,EREDIVISIE,2018-19,LEAGUE,,PSV Eindhoven,Excelsior,6,0,H,Netherlands,Eredivisie,football-data.co.uk
league_1a522915a06da315,2018-12-08,EREDIVISIE,2018-19,LEAGUE,,Den Haag,Graafschap,0,0,D,Netherlands,Eredivisie,football-data.co.uk
league_832e3b4e9d7e9705,2018-12-08,EREDIVISIE,2018-19,LEAGUE,,Willem II,Heerenveen,1,5,A,Netherlands,Eredivisie,football-data.co.uk
league_b542cc05b655c4ce,2018-12-08,EREDIVISIE,2018-19,LEAGUE,,Zwolle,Ajax,1,4,A,Netherlands,Eredivisie,football-data.co.uk
league_e44598ee58427655,2018-12-09,EREDIVISIE,2018-19,LEAGUE,,FC Emmen,Feyenoord Rotterdam,1,4,A,Netherlands,Eredivisie,football-data.co.uk
league_c337d4885f7f14a7,2018-12-09,EREDIVISIE,2018-19,LEAGUE,,NAC Breda,Vitesse,2,1,H,Netherlands,Eredivisie,football-data.co.uk
league_05facc91919eb986,2018-12-09,EREDIVISIE,2018-19,LEAGUE,,Utrecht,Heracles,3,1,H,Netherlands,Eredivisie,football-data.co.uk
league_adec25efbbc59448,2018-12-09,EREDIVISIE,2018-19,LEAGUE,,VVV Venlo,Groningen,0,0,D,Netherlands,Eredivisie,football-data.co.uk
league_35852375f7e30295,2018-12-14,EREDIVISIE,2018-19,LEAGUE,,Willem II,Den Haag,0,3,A,Netherlands,Eredivisie,football-data.co.uk
league_f77b3e6a1c879ebf,2018-12-15,EREDIVISIE,2018-19,LEAGUE,,AZ Alkmaar,Excelsior,2,1,H,Netherlands,Eredivisie,football-data.co.uk
league_e7099a46bd583137,2018-12-15,EREDIVISIE,2018-19,LEAGUE,,Heracles,PSV Eindhoven,0,4,A,Netherlands,Eredivisie,football-data.co.uk
league_3cc69e61cb404429,2018-12-15,EREDIVISIE,2018-19,LEAGUE,,Vitesse,VVV Venlo,2,1,H,Netherlands,Eredivisie,football-data.co.uk
league_71ee097fd1a8e126,2018-12-15,EREDIVISIE,2018-19,LEAGUE,,Zwolle,NAC Breda,0,0,D,Netherlands,Eredivisie,football-data.co.uk
league_9e609170fd979d69,2018-12-16,EREDIVISIE,2018-19,LEAGUE,,Ajax,Graafschap,8,0,H,Netherlands,Eredivisie,football-data.co.uk
league_59391825284ad5f8,2018-12-16,EREDIVISIE,2018-19,LEAGUE,,Feyenoord Rotterdam,For Sittard,0,2,A,Netherlands,Eredivisie,football-data.co.uk
league_93cee865275fc812,2018-12-16,EREDIVISIE,2018-19,LEAGUE,,Groningen,FC Emmen,1,2,A,Netherlands,Eredivisie,football-data.co.uk
league_d7c4485b5eb2f887,2018-12-16,EREDIVISIE,2018-19,LEAGUE,,Heerenveen,Utrecht,2,3,A,Netherlands,Eredivisie,football-data.co.uk
league_0cad489b0f548c49,2018-12-21,EREDIVISIE,2018-19,LEAGUE,,VVV Venlo,Zwolle,2,0,H,Netherlands,Eredivisie,football-data.co.uk
league_dec6e05841286537,2018-12-22,EREDIVISIE,2018-19,LEAGUE,,Excelsior,Heracles,0,3,A,Netherlands,Eredivisie,football-data.co.uk
league_314b47a9d3237493,2018-12-22,EREDIVISIE,2018-19,LEAGUE,,For Sittard,Groningen,0,0,D,Netherlands,Eredivisie,football-data.co.uk
league_0480432f70c3c1b5,2018-12-22,EREDIVISIE,2018-19,LEAGUE,,NAC Breda,Heerenveen,4,2,H,Netherlands,Eredivisie,football-data.co.uk
league_25d8802a66564e63,2018-12-22,EREDIVISIE,2018-19,LEAGUE,,PSV Eindhoven,AZ Alkmaar,3,1,H,Netherlands,Eredivisie,football-data.co.uk
league_6bbb42d5c7b95c38,2018-12-23,EREDIVISIE,2018-19,LEAGUE,,Den Haag,Feyenoord Rotterdam,2,2,D,Netherlands,Eredivisie,football-data.co.uk
league_ec833ae6d9a8617d,2018-12-23,EREDIVISIE,2018-19,LEAGUE,,FC Emmen,Willem II,0,2,A,Netherlands,Eredivisie,football-data.co.uk
league_de53cf2c1eb301aa,2018-12-23,EREDIVISIE,2018-19,LEAGUE,,Graafschap,Vitesse,2,2,D,Netherlands,Eredivisie,football-data.co.uk
league_660da9a63173bf62,2018-12-23,EREDIVISIE,2018-19,LEAGUE,,Utrecht,Ajax,1,3,A,Netherlands,Eredivisie,football-data.co.uk
league_99b0224d114781a2,2019-01-18,EREDIVISIE,2018-19,LEAGUE,,Vitesse,Excelsior,3,2,H,Netherlands,Eredivisie,football-data.co.uk
league_02a67d1464ac896e,2019-01-19,EREDIVISIE,2018-19,LEAGUE,,AZ Alkmaar,Utrecht,3,0,H,Netherlands,Eredivisie,football-data.co.uk
league_cbfc87cc1289c66f,2019-01-19,EREDIVISIE,2018-19,LEAGUE,,Den Haag,VVV Venlo,2,4,A,Netherlands,Eredivisie,football-data.co.uk
league_5995ef135c017678,2019-01-19,EREDIVISIE,2018-19,LEAGUE,,Groningen,Heracles,3,0,H,Netherlands,Eredivisie,football-data.co.uk
league_43e954e105d23e49,2019-01-19,EREDIVISIE,2018-19,LEAGUE,,Zwolle,Feyenoord Rotterdam,3,1,H,Netherlands,Eredivisie,football-data.co.uk
league_0ea6d75f9f81b1b7,2019-01-20,EREDIVISIE,2018-19,LEAGUE,,Ajax,Heerenveen,4,4,D,Netherlands,Eredivisie,football-data.co.uk
league_ae6f37b1f7710acf,2019-01-20,EREDIVISIE,2018-19,LEAGUE,,FC Emmen,PSV Eindhoven,2,2,D,Netherlands,Eredivisie,football-data.co.uk
league_c7f6c161a202f9bc,2019-01-20,EREDIVISIE,2018-19,LEAGUE,,Graafschap,For Sittard,5,1,H,Netherlands,Eredivisie,football-data.co.uk
league_37c5e53071b3e2ca,2019-01-20,EREDIVISIE,2018-19,LEAGUE,,Willem II,NAC Breda,2,0,H,Netherlands,Eredivisie,football-data.co.uk
league_b578bf6bc8ae5bfd,2019-01-25,EREDIVISIE,2018-19,LEAGUE,,NAC Breda,Den Haag,1,1,D,Netherlands,Eredivisie,football-data.co.uk
league_514b175484782acc,2019-01-26,EREDIVISIE,2018-19,LEAGUE,,Excelsior,Graafschap,2,0,H,Netherlands,Eredivisie,football-data.co.uk
league_fd51dcc091c7723e,2019-01-26,EREDIVISIE,2018-19,LEAGUE,,Heracles,Zwolle,0,2,A,Netherlands,Eredivisie,football-data.co.uk
league_f25df708803fc41f,2019-01-26,EREDIVISIE,2018-19,LEAGUE,,PSV Eindhoven,Groningen,2,1,H,Netherlands,Eredivisie,football-data.co.uk
league_e14d097fe50b5391,2019-01-26,EREDIVISIE,2018-19,LEAGUE,,VVV Venlo,FC Emmen,2,3,A,Netherlands,Eredivisie,football-data.co.uk
league_6054fff56fdcfcfa,2019-01-27,EREDIVISIE,2018-19,LEAGUE,,Feyenoord Rotterdam,Ajax,6,2,H,Netherlands,Eredivisie,football-data.co.uk
league_3355818bafb3e523,2019-01-27,EREDIVISIE,2018-19,LEAGUE,,For Sittard,Vitesse,2,1,H,Netherlands,Eredivisie,football-data.co.uk
league_626164ccd7b71686,2019-01-27,EREDIVISIE,2018-19,LEAGUE,,Heerenveen,AZ Alkmaar,0,2,A,Netherlands,Eredivisie,football-data.co.uk
league_9cfcd99cc2a300c7,2019-01-27,EREDIVISIE,2018-19,LEAGUE,,Utrecht,Willem II,0,1,A,Netherlands,Eredivisie,football-data.co.uk
league_87c0e402c664cb1b,2019-02-01,EREDIVISIE,2018-19,LEAGUE,,Graafschap,NAC Breda,3,0,H,Netherlands,Eredivisie,football-data.co.uk
league_9f8caa42d9febc87,2019-02-02,EREDIVISIE,2018-19,LEAGUE,,AZ Alkmaar,FC Emmen,5,0,H,Netherlands,Eredivisie,football-data.co.uk
league_c9e1025c6960ad1f,2019-02-02,EREDIVISIE,2018-19,LEAGUE,,Ajax,VVV Venlo,6,0,H,Netherlands,Eredivisie,football-data.co.uk
league_8cd9d2f1ad3743b0,2019-02-02,EREDIVISIE,2018-19,LEAGUE,,Vitesse,Heerenveen,2,2,D,Netherlands,Eredivisie,football-data.co.uk
league_d7f7ae0817124ff3,2019-02-02,EREDIVISIE,2018-19,LEAGUE,,Willem II,Groningen,1,2,A,Netherlands,Eredivisie,football-data.co.uk
league_7b7f9e200e168c8e,2019-02-03,EREDIVISIE,2018-19,LEAGUE,,Den Haag,Heracles,2,0,H,Netherlands,Eredivisie,football-data.co.uk
league_59a9cc914dc2e016,2019-02-03,EREDIVISIE,2018-19,LEAGUE,,Excelsior,Feyenoord Rotterdam,2,1,H,Netherlands,Eredivisie,football-data.co.uk
league_68e7291aaaaba004,2019-02-03,EREDIVISIE,2018-19,LEAGUE,,PSV Eindhoven,For Sittard,5,0,H,Netherlands,Eredivisie,football-data.co.uk
league_9616bb1edb0ebcfe,2019-02-03,EREDIVISIE,2018-19,LEAGUE,,Zwolle,Utrecht,4,3,H,Netherlands,Eredivisie,football-data.co.uk
league_83b82506f5a13b96,2019-02-08,EREDIVISIE,2018-19,LEAGUE,,NAC Breda,AZ Alkmaar,0,3,A,Netherlands,Eredivisie,football-data.co.uk
league_63808790297cdb98,2019-02-09,EREDIVISIE,2018-19,LEAGUE,,Feyenoord Rotterdam,Graafschap,4,0,H,Netherlands,Eredivisie,football-data.co.uk
league_a967ff98006cf4f7,2019-02-09,EREDIVISIE,2018-19,LEAGUE,,Heerenveen,Zwolle,1,1,D,Netherlands,Eredivisie,football-data.co.uk
league_9c43c84a7289b1f7,2019-02-09,EREDIVISIE,2018-19,LEAGUE,,Heracles,Ajax,1,0,H,Netherlands,Eredivisie,football-data.co.uk
league_5e4978e8d281ff4a,2019-02-09,EREDIVISIE,2018-19,LEAGUE,,VVV Venlo,Willem II,2,1,H,Netherlands,Eredivisie,football-data.co.uk
league_a39a382275371ee1,2019-02-10,EREDIVISIE,2018-19,LEAGUE,,FC Emmen,Den Haag,3,2,H,Netherlands,Eredivisie,football-data.co.uk
league_d6d1bd15e602ec6b,2019-02-10,EREDIVISIE,2018-19,LEAGUE,,For Sittard,Excelsior,4,1,H,Netherlands,Eredivisie,football-data.co.uk
league_d55ae238bbefe1b3,2019-02-10,EREDIVISIE,2018-19,LEAGUE,,Groningen,Vitesse,2,1,H,Netherlands,Eredivisie,football-data.co.uk
league_c5a39db9b83ceed5,2019-02-10,EREDIVISIE,2018-19,LEAGUE,,Utrecht,PSV Eindhoven,2,2,D,Netherlands,Eredivisie,football-data.co.uk
league_0387c2bcb11c1739,2019-02-15,EREDIVISIE,2018-19,LEAGUE,,Den Haag,Zwolle,1,0,H,Netherlands,Eredivisie,football-data.co.uk
league_28b0eeb34628d9c9,2019-02-16,EREDIVISIE,2018-19,LEAGUE,,AZ Alkmaar,VVV Venlo,3,0,H,Netherlands,Eredivisie,football-data.co.uk
league_634d6331fe011c15,2019-02-16,EREDIVISIE,2018-19,LEAGUE,,Heerenveen,PSV Eindhoven,2,2,D,Netherlands,Eredivisie,football-data.co.uk
league_947e0321d98c8624,2019-02-16,EREDIVISIE,2018-19,LEAGUE,,Heracles,For Sittard,6,0,H,Netherlands,Eredivisie,football-data.co.uk
league_967ac3b92eae4429,2019-02-16,EREDIVISIE,2018-19,LEAGUE,,Vitesse,Willem II,3,2,H,Netherlands,Eredivisie,football-data.co.uk
league_ac21ce87fbd0349f,2019-02-17,EREDIVISIE,2018-19,LEAGUE,,Ajax,NAC Breda,5,0,H,Netherlands,Eredivisie,football-data.co.uk
league_225bbcfcec7cda2c,2019-02-17,EREDIVISIE,2018-19,LEAGUE,,Excelsior,FC Emmen,2,1,H,Netherlands,Eredivisie,football-data.co.uk
league_edaf4ff23640f392,2019-02-17,EREDIVISIE,2018-19,LEAGUE,,Graafschap,Utrecht,0,1,A,Netherlands,Eredivisie,football-data.co.uk
league_a727ce3837145473,2019-02-17,EREDIVISIE,2018-19,LEAGUE,,Groningen,Feyenoord Rotterdam,1,0,H,Netherlands,Eredivisie,football-data.co.uk
league_630efc3425e18d6c,2019-02-22,EREDIVISIE,2018-19,LEAGUE,,VVV Venlo,Heracles,0,1,A,Netherlands,Eredivisie,football-data.co.uk
league_229036a58422ce8b,2019-02-23,EREDIVISIE,2018-19,LEAGUE,,For Sittard,Heerenveen,2,4,A,Netherlands,Eredivisie,football-data.co.uk
league_644c048f9f628523,2019-02-23,EREDIVISIE,2018-19,LEAGUE,,NAC Breda,Groningen,0,0,D,Netherlands,Eredivisie,football-data.co.uk
league_77f98e2347686650,2019-02-23,EREDIVISIE,2018-19,LEAGUE,,Utrecht,Excelsior,0,0,D,Netherlands,Eredivisie,football-data.co.uk
league_fb6c4c2a5d14ad64,2019-02-23,EREDIVISIE,2018-19,LEAGUE,,Zwolle,Graafschap,0,3,A,Netherlands,Eredivisie,football-data.co.uk
league_9e1a52d4a55bb397,2019-02-24,EREDIVISIE,2018-19,LEAGUE,,Den Haag,Ajax,1,5,A,Netherlands,Eredivisie,football-data.co.uk
league_ee14add569a835cc,2019-02-24,EREDIVISIE,2018-19,LEAGUE,,FC Emmen,Vitesse,0,3,A,Netherlands,Eredivisie,football-data.co.uk
league_a6afdd6e153fa619,2019-02-24,EREDIVISIE,2018-19,LEAGUE,,PSV Eindhoven,Feyenoord Rotterdam,1,1,D,Netherlands,Eredivisie,football-data.co.uk
league_43c4a1cf9e6af32c,2019-02-24,EREDIVISIE,2018-19,LEAGUE,,Willem II,AZ Alkmaar,2,1,H,Netherlands,Eredivisie,football-data.co.uk
league_2a24161f162f7f75,2019-03-01,EREDIVISIE,2018-19,LEAGUE,,Graafschap,Den Haag,1,1,D,Netherlands,Eredivisie,football-data.co.uk
league_100c51b4b92bcab5,2019-03-02,EREDIVISIE,2018-19,LEAGUE,,Excelsior,PSV Eindhoven,0,2,A,Netherlands,Eredivisie,football-data.co.uk
league_275d13cf86c7c680,2019-03-02,EREDIVISIE,2018-19,LEAGUE,,Heracles,Utrecht,1,5,A,Netherlands,Eredivisie,football-data.co.uk
league_3cf9bafb1399146c,2019-03-02,EREDIVISIE,2018-19,LEAGUE,,Vitesse,NAC Breda,4,1,H,Netherlands,Eredivisie,football-data.co.uk
league_1f7c72137de8695b,2019-03-03,EREDIVISIE,2018-19,LEAGUE,,AZ Alkmaar,For Sittard,4,2,H,Netherlands,Eredivisie,football-data.co.uk
league_d2239e54ec63088f,2019-03-03,EREDIVISIE,2018-19,LEAGUE,,Feyenoord Rotterdam,FC Emmen,4,0,H,Netherlands,Eredivisie,football-data.co.uk
league_3b52c8d16e583ef4,2019-03-03,EREDIVISIE,2018-19,LEAGUE,,Groningen,VVV Venlo,3,2,H,Netherlands,Eredivisie,football-data.co.uk
league_721625eafbce1e11,2019-03-03,EREDIVISIE,2018-19,LEAGUE,,Heerenveen,Willem II,4,2,H,Netherlands,Eredivisie,football-data.co.uk
league_b284ef54fa659468,2019-03-08,EREDIVISIE,2018-19,LEAGUE,,Utrecht,Groningen,0,0,D,Netherlands,Eredivisie,football-data.co.uk
league_454cc1882244da1a,2019-03-09,EREDIVISIE,2018-19,LEAGUE,,Den Haag,Heerenveen,2,3,A,Netherlands,Eredivisie,football-data.co.uk
league_fc1fb8433476aaae,2019-03-09,EREDIVISIE,2018-19,LEAGUE,,PSV Eindhoven,NAC Breda,2,0,H,Netherlands,Eredivisie,football-data.co.uk
league_43d81bbfee65f01c,2019-03-09,EREDIVISIE,2018-19,LEAGUE,,VVV Venlo,Excelsior,1,0,H,Netherlands,Eredivisie,football-data.co.uk
league_f4f38ffa83817ad3,2019-03-09,EREDIVISIE,2018-19,LEAGUE,,Willem II,Graafschap,3,2,H,Netherlands,Eredivisie,football-data.co.uk
league_3d279572a924d95b,2019-03-10,EREDIVISIE,2018-19,LEAGUE,,Ajax,For Sittard,4,0,H,Netherlands,Eredivisie,football-data.co.uk
league_2055f6a5d76dccf9,2019-03-10,EREDIVISIE,2018-19,LEAGUE,,FC Emmen,Heracles,1,1,D,Netherlands,Eredivisie,football-data.co.uk
league_358ef94736e62c42,2019-03-10,EREDIVISIE,2018-19,LEAGUE,,Vitesse,Feyenoord Rotterdam,1,1,D,Netherlands,Eredivisie,football-data.co.uk
league_b7b585e0e69dffba,2019-03-10,EREDIVISIE,2018-19,LEAGUE,,Zwolle,AZ Alkmaar,0,0,D,Netherlands,Eredivisie,football-data.co.uk
league_5948761e2f2ee320,2019-03-13,EREDIVISIE,2018-19,LEAGUE,,Ajax,Zwolle,2,1,H,Netherlands,Eredivisie,football-data.co.uk
league_4b7718ca5595d146,2019-03-15,EREDIVISIE,2018-19,LEAGUE,,For Sittard,FC Emmen,3,1,H,Netherlands,Eredivisie,football-data.co.uk
league_3040ceb9a2643b4f,2019-03-16,EREDIVISIE,2018-19,LEAGUE,,Feyenoord Rotterdam,Willem II,2,3,A,Netherlands,Eredivisie,football-data.co.uk
league_a822b05ca2942fd0,2019-03-16,EREDIVISIE,2018-19,LEAGUE,,Heerenveen,Graafschap,0,3,A,Netherlands,Eredivisie,football-data.co.uk
league_02483f033bde0f63,2019-03-16,EREDIVISIE,2018-19,LEAGUE,,Heracles,Vitesse,3,2,H,Netherlands,Eredivisie,football-data.co.uk
league_ae058fde0618fc8a,2019-03-16,EREDIVISIE,2018-19,LEAGUE,,NAC Breda,Utrecht,0,4,A,Netherlands,Eredivisie,football-data.co.uk
league_322c55a10784cf98,2019-03-17,EREDIVISIE,2018-19,LEAGUE,,AZ Alkmaar,Ajax,1,0,H,Netherlands,Eredivisie,football-data.co.uk
league_722a9d376fb38236,2019-03-17,EREDIVISIE,2018-19,LEAGUE,,Excelsior,Zwolle,0,2,A,Netherlands,Eredivisie,football-data.co.uk
league_5cced1a215c79903,2019-03-17,EREDIVISIE,2018-19,LEAGUE,,Groningen,Den Haag,1,0,H,Netherlands,Eredivisie,football-data.co.uk
league_5d87c125e522d73e,2019-03-17,EREDIVISIE,2018-19,LEAGUE,,VVV Venlo,PSV Eindhoven,0,1,A,Netherlands,Eredivisie,football-data.co.uk
league_25627db4f242d041,2019-03-30,EREDIVISIE,2018-19,LEAGUE,,AZ Alkmaar,Groningen,1,0,H,Netherlands,Eredivisie,football-data.co.uk
league_e88becdff01afca9,2019-03-30,EREDIVISIE,2018-19,LEAGUE,,Den Haag,Vitesse,3,3,D,Netherlands,Eredivisie,football-data.co.uk
league_2f58f23602d0fa0d,2019-03-30,EREDIVISIE,2018-19,LEAGUE,,Graafschap,Heracles,1,2,A,Netherlands,Eredivisie,football-data.co.uk
league_cb93ad66cc037243,2019-03-30,EREDIVISIE,2018-19,LEAGUE,,Heerenveen,Excelsior,1,0,H,Netherlands,Eredivisie,football-data.co.uk
league_175958ff6058c0ba,2019-03-30,EREDIVISIE,2018-19,LEAGUE,,Willem II,For Sittard,3,2,H,Netherlands,Eredivisie,football-data.co.uk
league_ed5b664a4f486e51,2019-03-31,EREDIVISIE,2018-19,LEAGUE,,Ajax,PSV Eindhoven,3,1,H,Netherlands,Eredivisie,football-data.co.uk
league_fcac13c4642b2890,2019-03-31,EREDIVISIE,2018-19,LEAGUE,,NAC Breda,VVV Venlo,1,1,D,Netherlands,Eredivisie,football-data.co.uk
league_079715fecb486e2a,2019-03-31,EREDIVISIE,2018-19,LEAGUE,,Utrecht,Feyenoord Rotterdam,3,2,H,Netherlands,Eredivisie,football-data.co.uk
league_d00fd1b977915ca7,2019-03-31,EREDIVISIE,2018-19,LEAGUE,,Zwolle,FC Emmen,3,0,H,Netherlands,Eredivisie,football-data.co.uk
league_b92637c32675368e,2019-04-02,EREDIVISIE,2018-19,LEAGUE,,Groningen,Graafschap,1,0,H,Netherlands,Eredivisie,football-data.co.uk
league_c77291298a4e0ec1,2019-04-02,EREDIVISIE,2018-19,LEAGUE,,Heracles,Willem II,3,4,A,Netherlands,Eredivisie,football-data.co.uk
league_796cab1ddbc1f360,2019-04-02,EREDIVISIE,2018-19,LEAGUE,,Vitesse,AZ Alkmaar,2,2,D,Netherlands,Eredivisie,football-data.co.uk
league_fd58e54d93964a8e,2019-04-03,EREDIVISIE,2018-19,LEAGUE,,Excelsior,NAC Breda,1,2,A,Netherlands,Eredivisie,football-data.co.uk
league_0bfc909fc99b3265,2019-04-03,EREDIVISIE,2018-19,LEAGUE,,FC Emmen,Ajax,2,5,A,Netherlands,Eredivisie,football-data.co.uk
league_0cea0d8e60a9de50,2019-04-03,EREDIVISIE,2018-19,LEAGUE,,For Sittard,Den Haag,0,0,D,Netherlands,Eredivisie,football-data.co.uk
league_a0f7a7c48b75fbea,2019-04-03,EREDIVISIE,2018-19,LEAGUE,,VVV Venlo,Utrecht,2,6,A,Netherlands,Eredivisie,football-data.co.uk
league_e4aa9cda6d5f385f,2019-04-04,EREDIVISIE,2018-19,LEAGUE,,Feyenoord Rotterdam,Heerenveen,3,0,H,Netherlands,Eredivisie,football-data.co.uk
league_a76b737a44ca45ef,2019-04-04,EREDIVISIE,2018-19,LEAGUE,,PSV Eindhoven,Zwolle,4,0,H,Netherlands,Eredivisie,football-data.co.uk
league_a1db2cedb47d4b5a,2019-04-06,EREDIVISIE,2018-19,LEAGUE,,Den Haag,Utrecht,5,0,H,Netherlands,Eredivisie,football-data.co.uk
league_d617988dabd71205,2019-04-06,EREDIVISIE,2018-19,LEAGUE,,Graafschap,AZ Alkmaar,1,1,D,Netherlands,Eredivisie,football-data.co.uk
league_de8744a7c7b1a46e,2019-04-06,EREDIVISIE,2018-19,LEAGUE,,Groningen,Excelsior,1,0,H,Netherlands,Eredivisie,football-data.co.uk
league_b3e19ab5e0cfd255,2019-04-06,EREDIVISIE,2018-19,LEAGUE,,Heracles,NAC Breda,1,0,H,Netherlands,Eredivisie,football-data.co.uk
league_3767b51a9514673b,2019-04-06,EREDIVISIE,2018-19,LEAGUE,,Willem II,Ajax,1,4,A,Netherlands,Eredivisie,football-data.co.uk
league_c1dea90267ead6e9,2019-04-07,EREDIVISIE,2018-19,LEAGUE,,FC Emmen,Heerenveen,2,0,H,Netherlands,Eredivisie,football-data.co.uk
league_5f3a12de54c56777,2019-04-07,EREDIVISIE,2018-19,LEAGUE,,VVV Venlo,Feyenoord Rotterdam,0,3,A,Netherlands,Eredivisie,football-data.co.uk
league_619f5f5c3a3c3192,2019-04-07,EREDIVISIE,2018-19,LEAGUE,,Vitesse,PSV Eindhoven,3,3,D,Netherlands,Eredivisie,football-data.co.uk
league_e73a23574b14cb07,2019-04-07,EREDIVISIE,2018-19,LEAGUE,,Zwolle,For Sittard,5,0,H,Netherlands,Eredivisie,football-data.co.uk
league_9ba339a19ebd04b6,2019-04-12,EREDIVISIE,2018-19,LEAGUE,,NAC Breda,FC Emmen,1,1,D,Netherlands,Eredivisie,football-data.co.uk
league_8f3f030cc60addd9,2019-04-13,EREDIVISIE,2018-19,LEAGUE,,AZ Alkmaar,Den Haag,2,3,A,Netherlands,Eredivisie,football-data.co.uk
league_69408bae5fa0ac34,2019-04-13,EREDIVISIE,2018-19,LEAGUE,,Ajax,Excelsior,6,2,H,Netherlands,Eredivisie,football-data.co.uk
league_03dd2b8514950c2f,2019-04-13,EREDIVISIE,2018-19,LEAGUE,,Feyenoord Rotterdam,Heracles,2,1,H,Netherlands,Eredivisie,football-data.co.uk
league_8f40bbfc0557db22,2019-04-13,EREDIVISIE,2018-19,LEAGUE,,For Sittard,VVV Venlo,1,1,D,Netherlands,Eredivisie,football-data.co.uk
league_839ee4f8d03dd73c,2019-04-14,EREDIVISIE,2018-19,LEAGUE,,Heerenveen,Groningen,1,1,D,Netherlands,Eredivisie,football-data.co.uk
league_b9e0bf9a617b89cb,2019-04-14,EREDIVISIE,2018-19,LEAGUE,,PSV Eindhoven,Graafschap,2,1,H,Netherlands,Eredivisie,football-data.co.uk
league_3e3ec26c1df734f9,2019-04-14,EREDIVISIE,2018-19,LEAGUE,,Utrecht,Vitesse,0,0,D,Netherlands,Eredivisie,football-data.co.uk
league_98448b880652cc9e,2019-04-14,EREDIVISIE,2018-19,LEAGUE,,Willem II,Zwolle,2,0,H,Netherlands,Eredivisie,football-data.co.uk
league_53d4732b76d4757a,2019-04-19,EREDIVISIE,2018-19,LEAGUE,,Heracles,Heerenveen,2,1,H,Netherlands,Eredivisie,football-data.co.uk
league_a392796cf81de243,2019-04-20,EREDIVISIE,2018-19,LEAGUE,,FC Emmen,Utrecht,2,0,H,Netherlands,Eredivisie,football-data.co.uk
league_8c3d2190dbe40609,2019-04-20,EREDIVISIE,2018-19,LEAGUE,,Feyenoord Rotterdam,AZ Alkmaar,2,1,H,Netherlands,Eredivisie,football-data.co.uk
league_f20df8153dda7670,2019-04-20,EREDIVISIE,2018-19,LEAGUE,,Groningen,Ajax,0,1,A,Netherlands,Eredivisie,football-data.co.uk
league_3fc1d40a0274226c,2019-04-20,EREDIVISIE,2018-19,LEAGUE,,VVV Venlo,Graafschap,4,1,H,Netherlands,Eredivisie,football-data.co.uk
league_716020f5fde7d8b4,2019-04-20,EREDIVISIE,2018-19,LEAGUE,,Vitesse,Zwolle,4,1,H,Netherlands,Eredivisie,football-data.co.uk
league_79994d1a633c98d6,2019-04-21,EREDIVISIE,2018-19,LEAGUE,,Excelsior,Willem II,1,1,D,Netherlands,Eredivisie,football-data.co.uk
league_792822f1a640d78d,2019-04-21,EREDIVISIE,2018-19,LEAGUE,,For Sittard,NAC Breda,2,1,H,Netherlands,Eredivisie,football-data.co.uk
league_cb6cca04eebea26f,2019-04-21,EREDIVISIE,2018-19,LEAGUE,,PSV Eindhoven,Den Haag,3,1,H,Netherlands,Eredivisie,football-data.co.uk
league_26e49d5509dc3502,2019-04-23,EREDIVISIE,2018-19,LEAGUE,,AZ Alkmaar,Heracles,2,1,H,Netherlands,Eredivisie,football-data.co.uk
league_5686cae25dc72639,2019-04-23,EREDIVISIE,2018-19,LEAGUE,,Ajax,Vitesse,4,2,H,Netherlands,Eredivisie,football-data.co.uk
league_2a32a1fe6204c2a8,2019-04-23,EREDIVISIE,2018-19,LEAGUE,,Graafschap,FC Emmen,1,0,H,Netherlands,Eredivisie,football-data.co.uk
league_4c273823861118d1,2019-04-23,EREDIVISIE,2018-19,LEAGUE,,Heerenveen,VVV Venlo,2,2,D,Netherlands,Eredivisie,football-data.co.uk
league_60d362fdca6ab1ea,2019-04-24,EREDIVISIE,2018-19,LEAGUE,,NAC Breda,Feyenoord Rotterdam,0,4,A,Netherlands,Eredivisie,football-data.co.uk
league_1e97895217fa0b6c,2019-04-24,EREDIVISIE,2018-19,LEAGUE,,Utrecht,For Sittard,2,1,H,Netherlands,Eredivisie,football-data.co.uk
league_de96e3ea9a0dd4d6,2019-04-25,EREDIVISIE,2018-19,LEAGUE,,Den Haag,Excelsior,3,1,H,Netherlands,Eredivisie,football-data.co.uk
league_afa33f34652fa181,2019-04-25,EREDIVISIE,2018-19,LEAGUE,,Willem II,PSV Eindhoven,0,3,A,Netherlands,Eredivisie,football-data.co.uk
league_7a8b49c0cd0ec70d,2019-04-29,EREDIVISIE,2018-19,LEAGUE,,Zwolle,Groningen,3,2,H,Netherlands,Eredivisie,football-data.co.uk
league_3b47c98ec8865a5c,2019-05-12,EREDIVISIE,2018-19,LEAGUE,,AZ Alkmaar,PSV Eindhoven,1,0,H,Netherlands,Eredivisie,football-data.co.uk
league_dc98b72e5c8419ee,2019-05-12,EREDIVISIE,2018-19,LEAGUE,,Ajax,Utrecht,4,1,H,Netherlands,Eredivisie,football-data.co.uk
league_af3d4dbb9d27a116,2019-05-12,EREDIVISIE,2018-19,LEAGUE,,Feyenoord Rotterdam,Den Haag,0,2,A,Netherlands,Eredivisie,football-data.co.uk
league_fcff311f34043314,2019-05-12,EREDIVISIE,2018-19,LEAGUE,,Groningen,For Sittard,3,0,H,Netherlands,Eredivisie,football-data.co.uk
league_d3a8e15606c6410a,2019-05-12,EREDIVISIE,2018-19,LEAGUE,,Heerenveen,NAC Breda,2,1,H,Netherlands,Eredivisie,football-data.co.uk
league_cda31137843bef5d,2019-05-12,EREDIVISIE,2018-19,LEAGUE,,Heracles,Excelsior,4,5,A,Netherlands,Eredivisie,football-data.co.uk
league_5e0b2fc6aeeebee3,2019-05-12,EREDIVISIE,2018-19,LEAGUE,,Vitesse,Graafschap,6,1,H,Netherlands,Eredivisie,football-data.co.uk
league_1d5c0a64cd11fcbd,2019-05-12,EREDIVISIE,2018-19,LEAGUE,,Willem II,FC Emmen,2,3,A,Netherlands,Eredivisie,football-data.co.uk
league_b68ddf2937b918a1,2019-05-12,EREDIVISIE,2018-19,LEAGUE,,Zwolle,VVV Venlo,2,4,A,Netherlands,Eredivisie,football-data.co.uk
league_e4de8d25b0922dc1,2019-05-15,EREDIVISIE,2018-19,LEAGUE,,Den Haag,Willem II,6,2,H,Netherlands,Eredivisie,football-data.co.uk
league_89c01bac2eebaa0e,2019-05-15,EREDIVISIE,2018-19,LEAGUE,,Excelsior,AZ Alkmaar,4,2,H,Netherlands,Eredivisie,football-data.co.uk
league_d61240dbc5e51b12,2019-05-15,EREDIVISIE,2018-19,LEAGUE,,FC Emmen,Groningen,1,0,H,Netherlands,Eredivisie,football-data.co.uk
league_5895d0032325d652,2019-05-15,EREDIVISIE,2018-19,LEAGUE,,For Sittard,Feyenoord Rotterdam,1,4,A,Netherlands,Eredivisie,football-data.co.uk
league_af09d68b060e75fd,2019-05-15,EREDIVISIE,2018-19,LEAGUE,,Graafschap,Ajax,1,4,A,Netherlands,Eredivisie,football-data.co.uk
league_f728223d953a13f7,2019-05-15,EREDIVISIE,2018-19,LEAGUE,,NAC Breda,Zwolle,0,0,D,Netherlands,Eredivisie,football-data.co.uk
league_d37d8e4b5085cfbb,2019-05-15,EREDIVISIE,2018-19,LEAGUE,,PSV Eindhoven,Heracles,3,1,H,Netherlands,Eredivisie,football-data.co.uk
league_361da8530400dbfc,2019-05-15,EREDIVISIE,2018-19,LEAGUE,,Utrecht,Heerenveen,3,1,H,Netherlands,Eredivisie,football-data.co.uk
league_88ade1fba9dabcb5,2019-05-15,EREDIVISIE,2018-19,LEAGUE,,VVV Venlo,Vitesse,1,3,A,Netherlands,Eredivisie,football-data.co.uk
league_d303081a8d9b9e52,2019-08-02,EREDIVISIE,2019-20,LEAGUE,,Zwolle,Willem II,1,3,A,Netherlands,Eredivisie,football-data.co.uk
league_a0741ef7296f813f,2019-08-03,EREDIVISIE,2019-20,LEAGUE,,FC Emmen,Groningen,0,1,A,Netherlands,Eredivisie,football-data.co.uk
league_d82acee60dfe6a35,2019-08-03,EREDIVISIE,2019-20,LEAGUE,,Twente,PSV Eindhoven,1,1,D,Netherlands,Eredivisie,football-data.co.uk
league_9f1a706dd5f6d7ea,2019-08-03,EREDIVISIE,2019-20,LEAGUE,,VVV Venlo,Waalwijk,3,1,H,Netherlands,Eredivisie,football-data.co.uk
league_cbfd29d9ea734dcb,2019-08-03,EREDIVISIE,2019-20,LEAGUE,,Vitesse,Ajax,2,2,D,Netherlands,Eredivisie,football-data.co.uk
league_d0174a350bc6db92,2019-08-04,EREDIVISIE,2019-20,LEAGUE,,AZ Alkmaar,For Sittard,4,0,H,Netherlands,Eredivisie,football-data.co.uk
league_f75637d1a6abcfb3,2019-08-04,EREDIVISIE,2019-20,LEAGUE,,Den Haag,Utrecht,2,4,A,Netherlands,Eredivisie,football-data.co.uk
league_a3a00a55154665fc,2019-08-04,EREDIVISIE,2019-20,LEAGUE,,Feyenoord Rotterdam,Sparta Rotterdam,2,2,D,Netherlands,Eredivisie,football-data.co.uk
league_4320700dc1d383ff,2019-08-04,EREDIVISIE,2019-20,LEAGUE,,Heracles,Heerenveen,0,4,A,Netherlands,Eredivisie,football-data.co.uk
league_60fcd5c83b1fc161,2019-08-09,EREDIVISIE,2019-20,LEAGUE,,Sparta Rotterdam,VVV Venlo,4,1,H,Netherlands,Eredivisie,football-data.co.uk
league_59246aac7f37c610,2019-08-10,EREDIVISIE,2019-20,LEAGUE,,Ajax,FC Emmen,5,0,H,Netherlands,Eredivisie,football-data.co.uk
league_1635d25f09f726a3,2019-08-10,EREDIVISIE,2019-20,LEAGUE,,Groningen,Twente,1,3,A,Netherlands,Eredivisie,football-data.co.uk
league_d82f6912b13269d5,2019-08-10,EREDIVISIE,2019-20,LEAGUE,,Willem II,Vitesse,0,2,A,Netherlands,Eredivisie,football-data.co.uk
league_7e476e3f0f0bbf01,2019-08-11,EREDIVISIE,2019-20,LEAGUE,,For Sittard,Heracles,1,1,D,Netherlands,Eredivisie,football-data.co.uk
league_327979dbc885f219,2019-08-11,EREDIVISIE,2019-20,LEAGUE,,Heerenveen,Feyenoord Rotterdam,1,1,D,Netherlands,Eredivisie,football-data.co.uk
league_cf8fa249f1064d91,2019-08-11,EREDIVISIE,2019-20,LEAGUE,,PSV Eindhoven,Den Haag,3,1,H,Netherlands,Eredivisie,football-data.co.uk
league_c44d641a8de5eaba,2019-08-11,EREDIVISIE,2019-20,LEAGUE,,Utrecht,Zwolle,3,1,H,Netherlands,Eredivisie,football-data.co.uk
league_2130addb105f8571,2019-08-11,EREDIVISIE,2019-20,LEAGUE,,Waalwijk,AZ Alkmaar,0,2,A,Netherlands,Eredivisie,football-data.co.uk
league_fdb9522fb8a29ec0,2019-08-16,EREDIVISIE,2019-20,LEAGUE,,Vitesse,Zwolle,3,0,H,Netherlands,Eredivisie,football-data.co.uk
league_d92ae7b20d003954,2019-08-17,EREDIVISIE,2019-20,LEAGUE,,Den Haag,Sparta Rotterdam,1,2,A,Netherlands,Eredivisie,football-data.co.uk
league_d0edd5dfc6346d65,2019-08-17,EREDIVISIE,2019-20,LEAGUE,,FC Emmen,Heerenveen,2,0,H,Netherlands,Eredivisie,football-data.co.uk
league_79ddc3baf4d17e28,2019-08-17,EREDIVISIE,2019-20,LEAGUE,,VVV Venlo,Ajax,1,4,A,Netherlands,Eredivisie,football-data.co.uk
league_7a2acb6efbf2c2b4,2019-08-18,EREDIVISIE,2019-20,LEAGUE,,AZ Alkmaar,Groningen,0,0,D,Netherlands,Eredivisie,football-data.co.uk
league_41eac893679a0098,2019-08-18,EREDIVISIE,2019-20,LEAGUE,,Feyenoord Rotterdam,Utrecht,1,1,D,Netherlands,Eredivisie,football-data.co.uk
league_4f8111578041b668,2019-08-18,EREDIVISIE,2019-20,LEAGUE,,For Sittard,Willem II,2,3,A,Netherlands,Eredivisie,football-data.co.uk
league_b29ec6df7aa05d5b,2019-08-18,EREDIVISIE,2019-20,LEAGUE,,Heracles,PSV Eindhoven,0,2,A,Netherlands,Eredivisie,football-data.co.uk
league_d073a1e4455c35ca,2019-08-18,EREDIVISIE,2019-20,LEAGUE,,Twente,Waalwijk,3,3,D,Netherlands,Eredivisie,football-data.co.uk
league_9547ac6bcccdaea5,2019-08-24,EREDIVISIE,2019-20,LEAGUE,,Heerenveen,Twente,0,0,D,Netherlands,Eredivisie,football-data.co.uk
league_21dc7a4fc9dab37d,2019-08-24,EREDIVISIE,2019-20,LEAGUE,,Heracles,Vitesse,1,1,D,Netherlands,Eredivisie,football-data.co.uk
league_ac8f6fce94c4651a,2019-08-24,EREDIVISIE,2019-20,LEAGUE,,Willem II,FC Emmen,2,1,H,Netherlands,Eredivisie,football-data.co.uk
league_372c8506063310aa,2019-08-25,EREDIVISIE,2019-20,LEAGUE,,Utrecht,VVV Venlo,1,2,A,Netherlands,Eredivisie,football-data.co.uk
league_fa453bb8d5abdcce,2019-08-25,EREDIVISIE,2019-20,LEAGUE,,Waalwijk,Den Haag,0,3,A,Netherlands,Eredivisie,football-data.co.uk
league_340768bc2dcd6fcc,2019-08-25,EREDIVISIE,2019-20,LEAGUE,,Zwolle,Sparta Rotterdam,2,2,D,Netherlands,Eredivisie,football-data.co.uk
league_8a2d8c2fb993142b,2019-08-30,EREDIVISIE,2019-20,LEAGUE,,FC Emmen,Zwolle,1,3,A,Netherlands,Eredivisie,football-data.co.uk
league_510a408c65262b1f,2019-08-31,EREDIVISIE,2019-20,LEAGUE,,Den Haag,VVV Venlo,1,0,H,Netherlands,Eredivisie,football-data.co.uk
league_4a4f3d9de6bd80d1,2019-08-31,EREDIVISIE,2019-20,LEAGUE,,Groningen,Heracles,1,2,A,Netherlands,Eredivisie,football-data.co.uk
league_92a223e22fa67f0a,2019-08-31,EREDIVISIE,2019-20,LEAGUE,,Heerenveen,For Sittard,1,1,D,Netherlands,Eredivisie,football-data.co.uk
league_6515e1ffdc8b80f2,2019-09-01,EREDIVISIE,2019-20,LEAGUE,,Sparta Rotterdam,Ajax,1,4,A,Netherlands,Eredivisie,football-data.co.uk
league_43d191d8a0ef4c8e,2019-09-01,EREDIVISIE,2019-20,LEAGUE,,Twente,Utrecht,3,1,H,Netherlands,Eredivisie,football-data.co.uk
league_0400745d42b5e95f,2019-09-01,EREDIVISIE,2019-20,LEAGUE,,Vitesse,AZ Alkmaar,2,1,H,Netherlands,Eredivisie,football-data.co.uk
league_a9305a837388d07d,2019-09-01,EREDIVISIE,2019-20,LEAGUE,,Waalwijk,PSV Eindhoven,1,3,A,Netherlands,Eredivisie,football-data.co.uk
league_45f939bec946796b,2019-09-01,EREDIVISIE,2019-20,LEAGUE,,Willem II,Feyenoord Rotterdam,0,1,A,Netherlands,Eredivisie,football-data.co.uk
league_c0382c66f0c000de,2019-09-14,EREDIVISIE,2019-20,LEAGUE,,AZ Alkmaar,Sparta Rotterdam,5,1,H,Netherlands,Eredivisie,football-data.co.uk
league_3bdb2dfb37d9b8b9,2019-09-14,EREDIVISIE,2019-20,LEAGUE,,Ajax,Heerenveen,4,1,H,Netherlands,Eredivisie,football-data.co.uk
league_d8e450ce14cb8f7c,2019-09-14,EREDIVISIE,2019-20,LEAGUE,,PSV Eindhoven,Vitesse,5,0,H,Netherlands,Eredivisie,football-data.co.uk
league_e405fb59159d808d,2019-09-14,EREDIVISIE,2019-20,LEAGUE,,Utrecht,FC Emmen,3,1,H,Netherlands,Eredivisie,football-data.co.uk
league_0ff5042a678d0ac6,2019-09-14,EREDIVISIE,2019-20,LEAGUE,,VVV Venlo,Groningen,2,1,H,Netherlands,Eredivisie,football-data.co.uk
league_1e07dce276358f5c,2019-09-15,EREDIVISIE,2019-20,LEAGUE,,Feyenoord Rotterdam,Den Haag,3,2,H,Netherlands,Eredivisie,football-data.co.uk
league_5d49d2ffbe682462,2019-09-15,EREDIVISIE,2019-20,LEAGUE,,For Sittard,Twente,2,3,A,Netherlands,Eredivisie,football-data.co.uk
league_72a3cf65e310bb91,2019-09-15,EREDIVISIE,2019-20,LEAGUE,,Heracles,Willem II,4,1,H,Netherlands,Eredivisie,football-data.co.uk
league_d6ca190fdaa3ddbf,2019-09-15,EREDIVISIE,2019-20,LEAGUE,,Zwolle,Waalwijk,6,2,H,Netherlands,Eredivisie,football-data.co.uk
league_508c87e6368d9acf,2019-09-20,EREDIVISIE,2019-20,LEAGUE,,Twente,Heracles,2,3,A,Netherlands,Eredivisie,football-data.co.uk
league_5f5ecd995bc9fbad,2019-09-21,EREDIVISIE,2019-20,LEAGUE,,Groningen,Zwolle,2,0,H,Netherlands,Eredivisie,football-data.co.uk
league_9a5b81e8a73a21fe,2019-09-21,EREDIVISIE,2019-20,LEAGUE,,Sparta Rotterdam,Waalwijk,4,0,H,Netherlands,Eredivisie,football-data.co.uk
league_e06d5e687e2dec1b,2019-09-21,EREDIVISIE,2019-20,LEAGUE,,Vitesse,For Sittard,4,2,H,Netherlands,Eredivisie,football-data.co.uk
league_94fed2377307dbf1,2019-09-21,EREDIVISIE,2019-20,LEAGUE,,Willem II,VVV Venlo,1,0,H,Netherlands,Eredivisie,football-data.co.uk
league_b5a1feec57c7584b,2019-09-22,EREDIVISIE,2019-20,LEAGUE,,Den Haag,AZ Alkmaar,0,1,A,Netherlands,Eredivisie,football-data.co.uk
league_87cc9be55903e35b,2019-09-22,EREDIVISIE,2019-20,LEAGUE,,FC Emmen,Feyenoord Rotterdam,3,3,D,Netherlands,Eredivisie,football-data.co.uk
league_fc9c84486056b869,2019-09-22,EREDIVISIE,2019-20,LEAGUE,,Heerenveen,Utrecht,1,1,D,Netherlands,Eredivisie,football-data.co.uk
league_c24c13ec602ae57f,2019-09-22,EREDIVISIE,2019-20,LEAGUE,,PSV Eindhoven,Ajax,1,1,D,Netherlands,Eredivisie,football-data.co.uk
league_39c5b95774d434fd,2019-09-25,EREDIVISIE,2019-20,LEAGUE,,Ajax,For Sittard,5,0,H,Netherlands,Eredivisie,football-data.co.uk
league_f35267bb50594a94,2019-09-25,EREDIVISIE,2019-20,LEAGUE,,PSV Eindhoven,Groningen,3,1,H,Netherlands,Eredivisie,football-data.co.uk
league_b019b47e9791c2e0,2019-09-26,EREDIVISIE,2019-20,LEAGUE,,Feyenoord Rotterdam,AZ Alkmaar,0,3,A,Netherlands,Eredivisie,football-data.co.uk
league_28817df8ee5d2c1e,2019-09-27,EREDIVISIE,2019-20,LEAGUE,,FC Emmen,Den Haag,3,0,H,Netherlands,Eredivisie,football-data.co.uk
league_c5d6c38cb3668c1e,2019-09-28,EREDIVISIE,2019-20,LEAGUE,,Ajax,Groningen,2,0,H,Netherlands,Eredivisie,football-data.co.uk
league_0e160235f6cae5cf,2019-09-28,EREDIVISIE,2019-20,LEAGUE,,For Sittard,Sparta Rotterdam,0,0,D,Netherlands,Eredivisie,football-data.co.uk
league_d078d2288196b283,2019-09-28,EREDIVISIE,2019-20,LEAGUE,,VVV Venlo,Heerenveen,0,3,A,Netherlands,Eredivisie,football-data.co.uk
league_cb254bcacda46902,2019-09-29,EREDIVISIE,2019-20,LEAGUE,,AZ Alkmaar,Heracles,2,0,H,Netherlands,Eredivisie,football-data.co.uk
league_92a9b843651cc071,2019-09-29,EREDIVISIE,2019-20,LEAGUE,,Feyenoord Rotterdam,Twente,5,1,H,Netherlands,Eredivisie,football-data.co.uk
league_c13689e193ebd078,2019-09-29,EREDIVISIE,2019-20,LEAGUE,,Utrecht,Willem II,2,0,H,Netherlands,Eredivisie,football-data.co.uk
league_c16c1fc217d3c54b,2019-09-29,EREDIVISIE,2019-20,LEAGUE,,Waalwijk,Vitesse,1,2,A,Netherlands,Eredivisie,football-data.co.uk
league_791273fa51603693,2019-09-29,EREDIVISIE,2019-20,LEAGUE,,Zwolle,PSV Eindhoven,0,4,A,Netherlands,Eredivisie,football-data.co.uk
league_85ff4997d1dcd3cf,2019-10-04,EREDIVISIE,2019-20,LEAGUE,,Groningen,Waalwijk,3,0,H,Netherlands,Eredivisie,football-data.co.uk
league_65298947945ef3ff,2019-10-05,EREDIVISIE,2019-20,LEAGUE,,Heerenveen,Zwolle,1,0,H,Netherlands,Eredivisie,football-data.co.uk
league_ffa1ab42b2f0651a,2019-10-05,EREDIVISIE,2019-20,LEAGUE,,Heracles,FC Emmen,2,0,H,Netherlands,Eredivisie,football-data.co.uk
league_a0090e81bd4f628c,2019-10-05,EREDIVISIE,2019-20,LEAGUE,,Sparta Rotterdam,Twente,2,1,H,Netherlands,Eredivisie,football-data.co.uk
league_2607e5b50efc0280,2019-10-05,EREDIVISIE,2019-20,LEAGUE,,Vitesse,Utrecht,2,1,H,Netherlands,Eredivisie,football-data.co.uk
league_fd79ad78623430f9,2019-10-06,EREDIVISIE,2019-20,LEAGUE,,Den Haag,Ajax,0,2,A,Netherlands,Eredivisie,football-data.co.uk
league_7229e958d683d8b4,2019-10-06,EREDIVISIE,2019-20,LEAGUE,,For Sittard,Feyenoord Rotterdam,4,2,H,Netherlands,Eredivisie,football-data.co.uk
league_140c06399d3aa818,2019-10-06,EREDIVISIE,2019-20,LEAGUE,,PSV Eindhoven,VVV Venlo,4,1,H,Netherlands,Eredivisie,football-data.co.uk
league_625ce1aec827830c,2019-10-06,EREDIVISIE,2019-20,LEAGUE,,Willem II,AZ Alkmaar,1,1,D,Netherlands,Eredivisie,football-data.co.uk
league_8f292ed884f52157,2019-10-19,EREDIVISIE,2019-20,LEAGUE,,AZ Alkmaar,Heerenveen,2,4,A,Netherlands,Eredivisie,football-data.co.uk
league_1782825576299968,2019-10-19,EREDIVISIE,2019-20,LEAGUE,,Twente,Willem II,0,1,A,Netherlands,Eredivisie,football-data.co.uk
league_151de5bfd0bda083,2019-10-19,EREDIVISIE,2019-20,LEAGUE,,Utrecht,PSV Eindhoven,3,0,H,Netherlands,Eredivisie,football-data.co.uk
league_afd8bf6edc52dc3c,2019-10-19,EREDIVISIE,2019-20,LEAGUE,,VVV Venlo,Vitesse,0,4,A,Netherlands,Eredivisie,football-data.co.uk
league_23b274357cda11d9,2019-10-19,EREDIVISIE,2019-20,LEAGUE,,Waalwijk,Ajax,1,2,A,Netherlands,Eredivisie,football-data.co.uk
league_85281ef3032a8d4e,2019-10-20,EREDIVISIE,2019-20,LEAGUE,,FC Emmen,For Sittard,2,1,H,Netherlands,Eredivisie,football-data.co.uk
league_c585228be623f710,2019-10-20,EREDIVISIE,2019-20,LEAGUE,,Feyenoord Rotterdam,Heracles,1,1,D,Netherlands,Eredivisie,football-data.co.uk
league_20d5de9d35fc8777,2019-10-20,EREDIVISIE,2019-20,LEAGUE,,Groningen,Sparta Rotterdam,2,0,H,Netherlands,Eredivisie,football-data.co.uk
league_bfebd80a568d0b88,2019-10-20,EREDIVISIE,2019-20,LEAGUE,,Zwolle,Den Haag,3,1,H,Netherlands,Eredivisie,football-data.co.uk
league_6d731fe1b9f248f4,2019-10-25,EREDIVISIE,2019-20,LEAGUE,,Twente,FC Emmen,4,1,H,Netherlands,Eredivisie,football-data.co.uk
league_4b9323a934b68b27,2019-10-26,EREDIVISIE,2019-20,LEAGUE,,For Sittard,VVV Venlo,4,1,H,Netherlands,Eredivisie,football-data.co.uk
league_25ee6d3554f85e96,2019-10-26,EREDIVISIE,2019-20,LEAGUE,,Heracles,Zwolle,4,0,H,Netherlands,Eredivisie,football-data.co.uk
league_078512cbd8d7fdc8,2019-10-26,EREDIVISIE,2019-20,LEAGUE,,Vitesse,Den Haag,0,2,A,Netherlands,Eredivisie,football-data.co.uk
league_575c95eac4891b8f,2019-10-26,EREDIVISIE,2019-20,LEAGUE,,Willem II,Waalwijk,2,1,H,Netherlands,Eredivisie,football-data.co.uk
league_6fa99a9206dd5fa3,2019-10-27,EREDIVISIE,2019-20,LEAGUE,,Ajax,Feyenoord Rotterdam,4,0,H,Netherlands,Eredivisie,football-data.co.uk
league_bba6f313e1a13f33,2019-10-27,EREDIVISIE,2019-20,LEAGUE,,Heerenveen,Groningen,1,1,D,Netherlands,Eredivisie,football-data.co.uk
league_0411325482ef40e8,2019-10-27,EREDIVISIE,2019-20,LEAGUE,,PSV Eindhoven,AZ Alkmaar,0,4,A,Netherlands,Eredivisie,football-data.co.uk
league_a5d47aa34fd81771,2019-10-27,EREDIVISIE,2019-20,LEAGUE,,Sparta Rotterdam,Utrecht,1,2,A,Netherlands,Eredivisie,football-data.co.uk
league_b378c671aef257b8,2019-11-01,EREDIVISIE,2019-20,LEAGUE,,Zwolle,Ajax,2,4,A,Netherlands,Eredivisie,football-data.co.uk
league_b84b51542da37305,2019-11-02,EREDIVISIE,2019-20,LEAGUE,,AZ Alkmaar,Twente,3,0,H,Netherlands,Eredivisie,football-data.co.uk
league_8789e26fae136581,2019-11-02,EREDIVISIE,2019-20,LEAGUE,,Sparta Rotterdam,PSV Eindhoven,2,2,D,Netherlands,Eredivisie,football-data.co.uk
league_6f9806833399f16e,2019-11-02,EREDIVISIE,2019-20,LEAGUE,,Waalwijk,Heracles,2,0,H,Netherlands,Eredivisie,football-data.co.uk
league_b6a60452fd05d18d,2019-11-03,EREDIVISIE,2019-20,LEAGUE,,Den Haag,Heerenveen,1,1,D,Netherlands,Eredivisie,football-data.co.uk
league_d00db52371cd7503,2019-11-03,EREDIVISIE,2019-20,LEAGUE,,FC Emmen,Vitesse,2,1,H,Netherlands,Eredivisie,football-data.co.uk
league_4757c6b07f762e5b,2019-11-03,EREDIVISIE,2019-20,LEAGUE,,Groningen,Willem II,2,0,H,Netherlands,Eredivisie,football-data.co.uk
league_ebd62cdb10dd934d,2019-11-03,EREDIVISIE,2019-20,LEAGUE,,Utrecht,For Sittard,6,0,H,Netherlands,Eredivisie,football-data.co.uk
league_992bba8183e80613,2019-11-03,EREDIVISIE,2019-20,LEAGUE,,VVV Venlo,Feyenoord Rotterdam,0,3,A,Netherlands,Eredivisie,football-data.co.uk
league_a889a4dd347c4349,2019-11-08,EREDIVISIE,2019-20,LEAGUE,,Vitesse,Groningen,1,2,A,Netherlands,Eredivisie,football-data.co.uk
league_20ea4af5e0a799d0,2019-11-09,EREDIVISIE,2019-20,LEAGUE,,For Sittard,Den Haag,1,0,H,Netherlands,Eredivisie,football-data.co.uk
league_bfa848e0db70cd12,2019-11-09,EREDIVISIE,2019-20,LEAGUE,,Heerenveen,Sparta Rotterdam,2,1,H,Netherlands,Eredivisie,football-data.co.uk
league_465761d79e68b619,2019-11-09,EREDIVISIE,2019-20,LEAGUE,,Heracles,VVV Venlo,6,1,H,Netherlands,Eredivisie,football-data.co.uk
league_1e4b2274cea53e38,2019-11-10,EREDIVISIE,2019-20,LEAGUE,,AZ Alkmaar,FC Emmen,3,0,H,Netherlands,Eredivisie,football-data.co.uk
league_5f28f5296318bece,2019-11-10,EREDIVISIE,2019-20,LEAGUE,,Ajax,Utrecht,4,0,H,Netherlands,Eredivisie,football-data.co.uk
league_0cfbf3c745dd9f40,2019-11-10,EREDIVISIE,2019-20,LEAGUE,,Feyenoord Rotterdam,Waalwijk,3,2,H,Netherlands,Eredivisie,football-data.co.uk
league_ca2f4a510d0ab084,2019-11-10,EREDIVISIE,2019-20,LEAGUE,,Twente,Zwolle,2,1,H,Netherlands,Eredivisie,football-data.co.uk
league_354dc4b3ab3d63fa,2019-11-10,EREDIVISIE,2019-20,LEAGUE,,Willem II,PSV Eindhoven,2,1,H,Netherlands,Eredivisie,football-data.co.uk
league_41954456468cae82,2019-11-23,EREDIVISIE,2019-20,LEAGUE,,Ajax,Heracles,4,1,H,Netherlands,Eredivisie,football-data.co.uk
league_95dea4e1425bbf8f,2019-11-23,EREDIVISIE,2019-20,LEAGUE,,Den Haag,Willem II,3,3,D,Netherlands,Eredivisie,football-data.co.uk
league_49eef5d6cb0d96d5,2019-11-23,EREDIVISIE,2019-20,LEAGUE,,Utrecht,AZ Alkmaar,0,3,A,Netherlands,Eredivisie,football-data.co.uk
league_0707f7a6799d6844,2019-11-23,EREDIVISIE,2019-20,LEAGUE,,Zwolle,For Sittard,3,1,H,Netherlands,Eredivisie,football-data.co.uk
league_67bbe9a0a7828cb2,2019-11-24,EREDIVISIE,2019-20,LEAGUE,,Groningen,Feyenoord Rotterdam,1,1,D,Netherlands,Eredivisie,football-data.co.uk
league_bcd11b35180147b3,2019-11-24,EREDIVISIE,2019-20,LEAGUE,,PSV Eindhoven,Heerenveen,2,1,H,Netherlands,Eredivisie,football-data.co.uk
league_aa8ffae5d4f90764,2019-11-24,EREDIVISIE,2019-20,LEAGUE,,Sparta Rotterdam,Vitesse,2,0,H,Netherlands,Eredivisie,football-data.co.uk
league_c53f56b6efed8afb,2019-11-24,EREDIVISIE,2019-20,LEAGUE,,VVV Venlo,Twente,2,1,H,Netherlands,Eredivisie,football-data.co.uk
league_37aedaf3f450559a,2019-11-24,EREDIVISIE,2019-20,LEAGUE,,Waalwijk,FC Emmen,1,1,D,Netherlands,Eredivisie,football-data.co.uk
league_31ac4020cb7191b2,2019-11-29,EREDIVISIE,2019-20,LEAGUE,,Heerenveen,Vitesse,3,2,H,Netherlands,Eredivisie,football-data.co.uk
league_0fa59c36eb151be1,2019-11-30,EREDIVISIE,2019-20,LEAGUE,,For Sittard,Groningen,1,0,H,Netherlands,Eredivisie,football-data.co.uk
league_af6c722902b7e913,2019-11-30,EREDIVISIE,2019-20,LEAGUE,,Heracles,Den Haag,4,0,H,Netherlands,Eredivisie,football-data.co.uk
league_ded81cb52b561c14,2019-11-30,EREDIVISIE,2019-20,LEAGUE,,Willem II,Sparta Rotterdam,4,0,H,Netherlands,Eredivisie,football-data.co.uk
league_27d09de6f8b1c916,2019-12-01,EREDIVISIE,2019-20,LEAGUE,,AZ Alkmaar,VVV Venlo,1,0,H,Netherlands,Eredivisie,football-data.co.uk
league_e2d1a15814456986,2019-12-01,EREDIVISIE,2019-20,LEAGUE,,FC Emmen,PSV Eindhoven,1,1,D,Netherlands,Eredivisie,football-data.co.uk
league_dc031b305d61b4ec,2019-12-01,EREDIVISIE,2019-20,LEAGUE,,Feyenoord Rotterdam,Zwolle,1,0,H,Netherlands,Eredivisie,football-data.co.uk
league_7b734b4447c30f0b,2019-12-01,EREDIVISIE,2019-20,LEAGUE,,Twente,Ajax,2,5,A,Netherlands,Eredivisie,football-data.co.uk
league_82cc8dd57e1e44bb,2019-12-01,EREDIVISIE,2019-20,LEAGUE,,Utrecht,Waalwijk,0,1,A,Netherlands,Eredivisie,football-data.co.uk
league_d47e99513bbe114f,2019-12-06,EREDIVISIE,2019-20,LEAGUE,,Ajax,Willem II,0,2,A,Netherlands,Eredivisie,football-data.co.uk
league_4f4e77eb0b7e5666,2019-12-07,EREDIVISIE,2019-20,LEAGUE,,Den Haag,Twente,0,0,D,Netherlands,Eredivisie,football-data.co.uk
league_de5e2653ab6373b1,2019-12-07,EREDIVISIE,2019-20,LEAGUE,,PSV Eindhoven,For Sittard,5,0,H,Netherlands,Eredivisie,football-data.co.uk
league_8dfe4120994af42d,2019-12-07,EREDIVISIE,2019-20,LEAGUE,,VVV Venlo,FC Emmen,2,0,H,Netherlands,Eredivisie,football-data.co.uk
league_39906f20fa74718a,2019-12-07,EREDIVISIE,2019-20,LEAGUE,,Zwolle,AZ Alkmaar,0,3,A,Netherlands,Eredivisie,football-data.co.uk
league_76ee3950d8ad6a5f,2019-12-08,EREDIVISIE,2019-20,LEAGUE,,Groningen,Utrecht,0,1,A,Netherlands,Eredivisie,football-data.co.uk
league_7471af5b076d60eb,2019-12-08,EREDIVISIE,2019-20,LEAGUE,,Sparta Rotterdam,Heracles,0,0,D,Netherlands,Eredivisie,football-data.co.uk
league_6671045d371c59cf,2019-12-08,EREDIVISIE,2019-20,LEAGUE,,Vitesse,Feyenoord Rotterdam,0,0,D,Netherlands,Eredivisie,football-data.co.uk
league_0fa5ab305774119a,2019-12-08,EREDIVISIE,2019-20,LEAGUE,,Waalwijk,Heerenveen,1,3,A,Netherlands,Eredivisie,football-data.co.uk
league_747657aa0c17ed2d,2019-12-13,EREDIVISIE,2019-20,LEAGUE,,Heerenveen,Willem II,1,2,A,Netherlands,Eredivisie,football-data.co.uk
league_7c6f3f0f4d329253,2019-12-14,EREDIVISIE,2019-20,LEAGUE,,Den Haag,Groningen,1,1,D,Netherlands,Eredivisie,football-data.co.uk
league_d7d0e2fc344bb9c8,2019-12-14,EREDIVISIE,2019-20,LEAGUE,,For Sittard,Waalwijk,3,2,H,Netherlands,Eredivisie,football-data.co.uk
league_698a8190ce9215a8,2019-12-14,EREDIVISIE,2019-20,LEAGUE,,Twente,Vitesse,0,3,A,Netherlands,Eredivisie,football-data.co.uk
league_c8ebe8a088fd5223,2019-12-14,EREDIVISIE,2019-20,LEAGUE,,VVV Venlo,Zwolle,1,2,A,Netherlands,Eredivisie,football-data.co.uk
league_2a1f5119f17cc0a4,2019-12-15,EREDIVISIE,2019-20,LEAGUE,,AZ Alkmaar,Ajax,1,0,H,Netherlands,Eredivisie,football-data.co.uk
league_e44becba75c1d561,2019-12-15,EREDIVISIE,2019-20,LEAGUE,,FC Emmen,Sparta Rotterdam,2,0,H,Netherlands,Eredivisie,football-data.co.uk
league_322ab62b8e062ee7,2019-12-15,EREDIVISIE,2019-20,LEAGUE,,Feyenoord Rotterdam,PSV Eindhoven,3,1,H,Netherlands,Eredivisie,football-data.co.uk
league_40f93743a887ce24,2019-12-15,EREDIVISIE,2019-20,LEAGUE,,Heracles,Utrecht,1,3,A,Netherlands,Eredivisie,football-data.co.uk
league_ed394f69023a0c13,2019-12-20,EREDIVISIE,2019-20,LEAGUE,,Waalwijk,Twente,3,0,H,Netherlands,Eredivisie,football-data.co.uk
league_fc92b1a99d8a5876,2019-12-21,EREDIVISIE,2019-20,LEAGUE,,Heerenveen,Heracles,1,1,D,Netherlands,Eredivisie,football-data.co.uk
league_96ecdfe5decfc6e0,2019-12-21,EREDIVISIE,2019-20,LEAGUE,,PSV Eindhoven,Zwolle,4,1,H,Netherlands,Eredivisie,football-data.co.uk
league_51aa82cafcd70801,2019-12-21,EREDIVISIE,2019-20,LEAGUE,,Sparta Rotterdam,AZ Alkmaar,3,0,H,Netherlands,Eredivisie,football-data.co.uk
league_60b370e0e05407b4,2019-12-21,EREDIVISIE,2019-20,LEAGUE,,Willem II,For Sittard,0,0,D,Netherlands,Eredivisie,football-data.co.uk
league_a9a8ae8a1bb0fdb7,2019-12-22,EREDIVISIE,2019-20,LEAGUE,,Ajax,Den Haag,6,1,H,Netherlands,Eredivisie,football-data.co.uk
league_c1253ede68f640d4,2019-12-22,EREDIVISIE,2019-20,LEAGUE,,Groningen,FC Emmen,2,0,H,Netherlands,Eredivisie,football-data.co.uk
league_4b0883ab71129dde,2019-12-22,EREDIVISIE,2019-20,LEAGUE,,Utrecht,Feyenoord Rotterdam,1,2,A,Netherlands,Eredivisie,football-data.co.uk
league_d7bd751469899434,2019-12-22,EREDIVISIE,2019-20,LEAGUE,,Vitesse,VVV Venlo,3,0,H,Netherlands,Eredivisie,football-data.co.uk
league_06de0f6068ba5cab,2020-01-17,EREDIVISIE,2019-20,LEAGUE,,Zwolle,Utrecht,3,3,D,Netherlands,Eredivisie,football-data.co.uk
league_22d0b9ab018dd83b,2020-01-18,EREDIVISIE,2019-20,LEAGUE,,AZ Alkmaar,Willem II,1,3,A,Netherlands,Eredivisie,football-data.co.uk
league_ec360f5bf9fac2c8,2020-01-18,EREDIVISIE,2019-20,LEAGUE,,Feyenoord Rotterdam,Heerenveen,3,1,H,Netherlands,Eredivisie,football-data.co.uk
league_11e8bfac2e9f577f,2020-01-18,EREDIVISIE,2019-20,LEAGUE,,For Sittard,Vitesse,1,3,A,Netherlands,Eredivisie,football-data.co.uk
league_9a11844cd732d280,2020-01-18,EREDIVISIE,2019-20,LEAGUE,,Twente,Groningen,0,0,D,Netherlands,Eredivisie,football-data.co.uk
league_a2e9af34bdfb979b,2020-01-19,EREDIVISIE,2019-20,LEAGUE,,Ajax,Sparta Rotterdam,2,1,H,Netherlands,Eredivisie,football-data.co.uk
league_8156f0d6d2606ec5,2020-01-19,EREDIVISIE,2019-20,LEAGUE,,Den Haag,Waalwijk,2,0,H,Netherlands,Eredivisie,football-data.co.uk
league_84d3632c55d623fd,2020-01-19,EREDIVISIE,2019-20,LEAGUE,,FC Emmen,Heracles,1,0,H,Netherlands,Eredivisie,football-data.co.uk
league_90152c123758c438,2020-01-19,EREDIVISIE,2019-20,LEAGUE,,VVV Venlo,PSV Eindhoven,1,1,D,Netherlands,Eredivisie,football-data.co.uk
league_38ac77017506ec29,2020-01-24,EREDIVISIE,2019-20,LEAGUE,,Utrecht,Den Haag,4,0,H,Netherlands,Eredivisie,football-data.co.uk
league_c9798887b5d92cbd,2020-01-25,EREDIVISIE,2019-20,LEAGUE,,Heerenveen,AZ Alkmaar,1,2,A,Netherlands,Eredivisie,football-data.co.uk
league_91632a5a5a8801fa,2020-01-25,EREDIVISIE,2019-20,LEAGUE,,Heracles,Feyenoord Rotterdam,2,3,A,Netherlands,Eredivisie,football-data.co.uk
league_ec438457a71cab8c,2020-01-25,EREDIVISIE,2019-20,LEAGUE,,Sparta Rotterdam,For Sittard,1,1,D,Netherlands,Eredivisie,football-data.co.uk
league_9909fe250b1434e6,2020-01-25,EREDIVISIE,2019-20,LEAGUE,,Waalwijk,VVV Venlo,1,2,A,Netherlands,Eredivisie,football-data.co.uk
league_15d84c233e525f7e,2020-01-26,EREDIVISIE,2019-20,LEAGUE,,Groningen,Ajax,2,1,H,Netherlands,Eredivisie,football-data.co.uk
league_8e7d52c897337d87,2020-01-26,EREDIVISIE,2019-20,LEAGUE,,PSV Eindhoven,Twente,1,1,D,Netherlands,Eredivisie,football-data.co.uk
league_b2ff23fa62bc858d,2020-01-26,EREDIVISIE,2019-20,LEAGUE,,Vitesse,FC Emmen,1,1,D,Netherlands,Eredivisie,football-data.co.uk
league_916d93311e046cfe,2020-01-26,EREDIVISIE,2019-20,LEAGUE,,Willem II,Zwolle,0,0,D,Netherlands,Eredivisie,football-data.co.uk
league_38450dc43fb509ad,2020-01-31,EREDIVISIE,2019-20,LEAGUE,,AZ Alkmaar,Waalwijk,4,0,H,Netherlands,Eredivisie,football-data.co.uk
league_067d8a6933809453,2020-02-01,EREDIVISIE,2019-20,LEAGUE,,Den Haag,Vitesse,0,0,D,Netherlands,Eredivisie,football-data.co.uk
league_87cf952f187c3572,2020-02-01,EREDIVISIE,2019-20,LEAGUE,,Feyenoord Rotterdam,FC Emmen,3,0,H,Netherlands,Eredivisie,football-data.co.uk
league_1b8a6925b12caf8d,2020-02-01,EREDIVISIE,2019-20,LEAGUE,,Twente,Sparta Rotterdam,2,0,H,Netherlands,Eredivisie,football-data.co.uk
league_2d06f434a066def2,2020-02-01,EREDIVISIE,2019-20,LEAGUE,,Zwolle,Groningen,1,0,H,Netherlands,Eredivisie,football-data.co.uk
league_066a022a442a8883,2020-02-02,EREDIVISIE,2019-20,LEAGUE,,Ajax,PSV Eindhoven,1,0,H,Netherlands,Eredivisie,football-data.co.uk
league_def8949b9d2f07a7,2020-02-02,EREDIVISIE,2019-20,LEAGUE,,For Sittard,Heerenveen,2,1,H,Netherlands,Eredivisie,football-data.co.uk
league_ad53ef1c29c21ca7,2020-02-02,EREDIVISIE,2019-20,LEAGUE,,VVV Venlo,Utrecht,1,1,D,Netherlands,Eredivisie,football-data.co.uk
league_c679a283f0d72341,2020-02-02,EREDIVISIE,2019-20,LEAGUE,,Willem II,Heracles,1,0,H,Netherlands,Eredivisie,football-data.co.uk
league_7d9587e984ff9d84,2020-02-07,EREDIVISIE,2019-20,LEAGUE,,Heracles,For Sittard,2,0,H,Netherlands,Eredivisie,football-data.co.uk
league_ca248f6ccbac39ea,2020-02-08,EREDIVISIE,2019-20,LEAGUE,,Groningen,Vitesse,1,0,H,Netherlands,Eredivisie,football-data.co.uk
league_d3dcb1841863fa3c,2020-02-08,EREDIVISIE,2019-20,LEAGUE,,Heerenveen,VVV Venlo,1,1,D,Netherlands,Eredivisie,football-data.co.uk
league_2e2398b86ad115b0,2020-02-08,EREDIVISIE,2019-20,LEAGUE,,PSV Eindhoven,Willem II,3,0,H,Netherlands,Eredivisie,football-data.co.uk
league_f69fbd74b3806918,2020-02-08,EREDIVISIE,2019-20,LEAGUE,,Waalwijk,Zwolle,0,0,D,Netherlands,Eredivisie,football-data.co.uk
league_c6192d74300ae367,2020-02-11,EREDIVISIE,2019-20,LEAGUE,,FC Emmen,Twente,2,0,H,Netherlands,Eredivisie,football-data.co.uk
league_f112b349eca3e7a0,2020-02-11,EREDIVISIE,2019-20,LEAGUE,,Sparta Rotterdam,Den Haag,4,2,H,Netherlands,Eredivisie,football-data.co.uk
league_8aa584e893519fbb,2020-02-14,EREDIVISIE,2019-20,LEAGUE,,VVV Venlo,Heracles,1,0,H,Netherlands,Eredivisie,football-data.co.uk
league_ae86631b7817ec00,2020-02-15,EREDIVISIE,2019-20,LEAGUE,,Den Haag,PSV Eindhoven,0,3,A,Netherlands,Eredivisie,football-data.co.uk
league_9e0fa2e58dc93bc1,2020-02-15,EREDIVISIE,2019-20,LEAGUE,,For Sittard,FC Emmen,0,0,D,Netherlands,Eredivisie,football-data.co.uk
league_e9eae429e29020c8,2020-02-15,EREDIVISIE,2019-20,LEAGUE,,Twente,AZ Alkmaar,2,0,H,Netherlands,Eredivisie,football-data.co.uk
league_24d3bb4d432095b5,2020-02-16,EREDIVISIE,2019-20,LEAGUE,,Ajax,Waalwijk,3,0,H,Netherlands,Eredivisie,football-data.co.uk
league_8572732d5c63c3b3,2020-02-16,EREDIVISIE,2019-20,LEAGUE,,Sparta Rotterdam,Groningen,1,2,A,Netherlands,Eredivisie,football-data.co.uk
league_25b6fe4759dbfe97,2020-02-16,EREDIVISIE,2019-20,LEAGUE,,Vitesse,Heerenveen,4,2,H,Netherlands,Eredivisie,football-data.co.uk
league_e02758015a2317ab,2020-02-16,EREDIVISIE,2019-20,LEAGUE,,Willem II,Utrecht,1,1,D,Netherlands,Eredivisie,football-data.co.uk
league_ba724023ec4c7e41,2020-02-16,EREDIVISIE,2019-20,LEAGUE,,Zwolle,Feyenoord Rotterdam,3,4,A,Netherlands,Eredivisie,football-data.co.uk
league_9f9427a8d05205c0,2020-02-21,EREDIVISIE,2019-20,LEAGUE,,Waalwijk,Sparta Rotterdam,0,1,A,Netherlands,Eredivisie,football-data.co.uk
league_989405881901025d,2020-02-22,EREDIVISIE,2019-20,LEAGUE,,FC Emmen,Willem II,4,2,H,Netherlands,Eredivisie,football-data.co.uk
league_afa24cf0a03a427f,2020-02-22,EREDIVISIE,2019-20,LEAGUE,,Feyenoord Rotterdam,For Sittard,2,1,H,Netherlands,Eredivisie,football-data.co.uk
league_100cefca2bfa28af,2020-02-22,EREDIVISIE,2019-20,LEAGUE,,Groningen,VVV Venlo,0,1,A,Netherlands,Eredivisie,football-data.co.uk
league_8c295dfdabcb2943,2020-02-22,EREDIVISIE,2019-20,LEAGUE,,Heerenveen,Den Haag,2,2,D,Netherlands,Eredivisie,football-data.co.uk
league_ffca3b3127570a1e,2020-02-23,EREDIVISIE,2019-20,LEAGUE,,AZ Alkmaar,Zwolle,2,0,H,Netherlands,Eredivisie,football-data.co.uk
league_5eae55bef3e1457a,2020-02-23,EREDIVISIE,2019-20,LEAGUE,,Heracles,Ajax,1,0,H,Netherlands,Eredivisie,football-data.co.uk
league_5c50409f2dc5ef8f,2020-02-23,EREDIVISIE,2019-20,LEAGUE,,Utrecht,Twente,2,1,H,Netherlands,Eredivisie,football-data.co.uk
league_32b7023652146a46,2020-02-23,EREDIVISIE,2019-20,LEAGUE,,Vitesse,PSV Eindhoven,1,2,A,Netherlands,Eredivisie,football-data.co.uk
league_cb547e7d7f4a2c95,2020-02-28,EREDIVISIE,2019-20,LEAGUE,,Willem II,Groningen,3,1,H,Netherlands,Eredivisie,football-data.co.uk
league_9428dcdde7de0bf7,2020-02-29,EREDIVISIE,2019-20,LEAGUE,,Den Haag,Heracles,0,0,D,Netherlands,Eredivisie,football-data.co.uk
league_839f9ff96e9fa67a,2020-02-29,EREDIVISIE,2019-20,LEAGUE,,Twente,Heerenveen,2,3,A,Netherlands,Eredivisie,football-data.co.uk
league_aabe9a3529b3e2fa,2020-02-29,EREDIVISIE,2019-20,LEAGUE,,VVV Venlo,For Sittard,0,0,D,Netherlands,Eredivisie,football-data.co.uk
league_667efae297acc190,2020-02-29,EREDIVISIE,2019-20,LEAGUE,,Zwolle,Vitesse,4,3,H,Netherlands,Eredivisie,football-data.co.uk
league_767cb5168519b0c2,2020-03-01,EREDIVISIE,2019-20,LEAGUE,,Ajax,AZ Alkmaar,0,2,A,Netherlands,Eredivisie,football-data.co.uk
league_11d3fd5ac1a75985,2020-03-01,EREDIVISIE,2019-20,LEAGUE,,PSV Eindhoven,Feyenoord Rotterdam,1,1,D,Netherlands,Eredivisie,football-data.co.uk
league_cadafe642dc0cdf1,2020-03-01,EREDIVISIE,2019-20,LEAGUE,,Sparta Rotterdam,FC Emmen,5,1,H,Netherlands,Eredivisie,football-data.co.uk
league_6e3372cfcda80e8f,2020-03-01,EREDIVISIE,2019-20,LEAGUE,,Waalwijk,Utrecht,2,1,H,Netherlands,Eredivisie,football-data.co.uk
league_968ef61d84238690,2020-03-06,EREDIVISIE,2019-20,LEAGUE,,For Sittard,Zwolle,1,1,D,Netherlands,Eredivisie,football-data.co.uk
league_0991a8b418d6e154,2020-03-07,EREDIVISIE,2019-20,LEAGUE,,AZ Alkmaar,Den Haag,4,0,H,Netherlands,Eredivisie,football-data.co.uk
league_11414d6c2c00deef,2020-03-07,EREDIVISIE,2019-20,LEAGUE,,FC Emmen,VVV Venlo,3,0,H,Netherlands,Eredivisie,football-data.co.uk
league_b884fd868189cbfe,2020-03-07,EREDIVISIE,2019-20,LEAGUE,,Heerenveen,Ajax,1,3,A,Netherlands,Eredivisie,football-data.co.uk
league_1e05712ca514ce26,2020-03-07,EREDIVISIE,2019-20,LEAGUE,,Vitesse,Twente,1,0,H,Netherlands,Eredivisie,football-data.co.uk
league_1b5c9f9d0447647c,2020-03-08,EREDIVISIE,2019-20,LEAGUE,,Feyenoord Rotterdam,Willem II,2,0,H,Netherlands,Eredivisie,football-data.co.uk
league_9b6a98b42bce901c,2020-03-08,EREDIVISIE,2019-20,LEAGUE,,Groningen,PSV Eindhoven,0,1,A,Netherlands,Eredivisie,football-data.co.uk
league_cb326a97d65e9924,2020-03-08,EREDIVISIE,2019-20,LEAGUE,,Heracles,Waalwijk,4,2,H,Netherlands,Eredivisie,football-data.co.uk
league_f2b8111db7e85c74,2020-03-08,EREDIVISIE,2019-20,LEAGUE,,Utrecht,Sparta Rotterdam,5,1,H,Netherlands,Eredivisie,football-data.co.uk
league_2a0cc14069fbc149,2020-09-12,EREDIVISIE,2020-21,LEAGUE,,Heerenveen,Willem II,2,0,H,Netherlands,Eredivisie,football-data.co.uk
league_ff72cf29fa2c8b2a,2020-09-12,EREDIVISIE,2020-21,LEAGUE,,Twente,For Sittard,2,0,H,Netherlands,Eredivisie,football-data.co.uk
league_008601b654af2861,2020-09-12,EREDIVISIE,2020-21,LEAGUE,,Zwolle,Feyenoord Rotterdam,0,2,A,Netherlands,Eredivisie,football-data.co.uk
league_fc424eb9cf1e7e70,2020-09-13,EREDIVISIE,2020-21,LEAGUE,,FC Emmen,VVV Venlo,3,5,A,Netherlands,Eredivisie,football-data.co.uk
league_0ef79da402c71c3d,2020-09-13,EREDIVISIE,2020-21,LEAGUE,,Groningen,PSV Eindhoven,1,3,A,Netherlands,Eredivisie,football-data.co.uk
league_d00c00a14d62fe71,2020-09-13,EREDIVISIE,2020-21,LEAGUE,,Heracles,Den Haag,2,0,H,Netherlands,Eredivisie,football-data.co.uk
league_a8a8027d81001863,2020-09-13,EREDIVISIE,2020-21,LEAGUE,,Sparta Rotterdam,Ajax,0,1,A,Netherlands,Eredivisie,football-data.co.uk
league_c4c7afd41fef3845,2020-09-13,EREDIVISIE,2020-21,LEAGUE,,Waalwijk,Vitesse,0,1,A,Netherlands,Eredivisie,football-data.co.uk
league_6c3700cc2357ac66,2020-09-18,EREDIVISIE,2020-21,LEAGUE,,VVV Venlo,Utrecht,1,1,D,Netherlands,Eredivisie,football-data.co.uk
league_54422ede638e1ec6,2020-09-19,EREDIVISIE,2020-21,LEAGUE,,AZ Alkmaar,Zwolle,1,1,D,Netherlands,Eredivisie,football-data.co.uk
league_3a01841a64257af2,2020-09-19,EREDIVISIE,2020-21,LEAGUE,,For Sittard,Heerenveen,1,3,A,Netherlands,Eredivisie,football-data.co.uk
league_41a152c00510961f,2020-09-19,EREDIVISIE,2020-21,LEAGUE,,PSV Eindhoven,FC Emmen,2,1,H,Netherlands,Eredivisie,football-data.co.uk
league_fd8718729ba8c302,2020-09-19,EREDIVISIE,2020-21,LEAGUE,,Vitesse,Sparta Rotterdam,2,0,H,Netherlands,Eredivisie,football-data.co.uk
league_c75f38a538778e4c,2020-09-20,EREDIVISIE,2020-21,LEAGUE,,Ajax,Waalwijk,3,0,H,Netherlands,Eredivisie,football-data.co.uk
league_9c7c37c8b4e1f6a0,2020-09-20,EREDIVISIE,2020-21,LEAGUE,,Den Haag,Groningen,0,1,A,Netherlands,Eredivisie,football-data.co.uk
league_9fd3939a616ed229,2020-09-20,EREDIVISIE,2020-21,LEAGUE,,Feyenoord Rotterdam,Twente,1,1,D,Netherlands,Eredivisie,football-data.co.uk
league_008692769594f351,2020-09-20,EREDIVISIE,2020-21,LEAGUE,,Willem II,Heracles,4,0,H,Netherlands,Eredivisie,football-data.co.uk
league_bd30f5b10f319f25,2020-09-25,EREDIVISIE,2020-21,LEAGUE,,Twente,Groningen,3,1,H,Netherlands,Eredivisie,football-data.co.uk
league_b9a7e30aad76f49c,2020-09-26,EREDIVISIE,2020-21,LEAGUE,,Ajax,Vitesse,2,1,H,Netherlands,Eredivisie,football-data.co.uk
league_22d6786cada9b432,2020-09-26,EREDIVISIE,2020-21,LEAGUE,,For Sittard,AZ Alkmaar,3,3,D,Netherlands,Eredivisie,football-data.co.uk
league_6798a05432d2bddc,2020-09-26,EREDIVISIE,2020-21,LEAGUE,,Heerenveen,VVV Venlo,1,0,H,Netherlands,Eredivisie,football-data.co.uk
league_a9d94b89837009e4,2020-09-26,EREDIVISIE,2020-21,LEAGUE,,Zwolle,Sparta Rotterdam,4,0,H,Netherlands,Eredivisie,football-data.co.uk
league_5752a594660b853f,2020-09-27,EREDIVISIE,2020-21,LEAGUE,,FC Emmen,Willem II,1,1,D,Netherlands,Eredivisie,football-data.co.uk
league_0eeab8b5164f6ba9,2020-09-27,EREDIVISIE,2020-21,LEAGUE,,Feyenoord Rotterdam,Den Haag,4,2,H,Netherlands,Eredivisie,football-data.co.uk
league_5bcced5f2ec673a2,2020-09-27,EREDIVISIE,2020-21,LEAGUE,,Heracles,PSV Eindhoven,1,1,D,Netherlands,Eredivisie,football-data.co.uk
league_b9c01df02d679ea3,2020-09-27,EREDIVISIE,2020-21,LEAGUE,,Utrecht,Waalwijk,3,1,H,Netherlands,Eredivisie,football-data.co.uk
league_d742e9db05457653,2020-10-02,EREDIVISIE,2020-21,LEAGUE,,Utrecht,Heerenveen,1,1,D,Netherlands,Eredivisie,football-data.co.uk
league_d249323a10224954,2020-10-03,EREDIVISIE,2020-21,LEAGUE,,Twente,FC Emmen,1,1,D,Netherlands,Eredivisie,football-data.co.uk
league_2e25de8de8724c3a,2020-10-03,EREDIVISIE,2020-21,LEAGUE,,VVV Venlo,Den Haag,1,2,A,Netherlands,Eredivisie,football-data.co.uk
league_f383f4e9c41ab951,2020-10-03,EREDIVISIE,2020-21,LEAGUE,,Vitesse,Heracles,3,0,H,Netherlands,Eredivisie,football-data.co.uk
league_3f2720cfff3fe128,2020-10-04,EREDIVISIE,2020-21,LEAGUE,,Groningen,Ajax,1,0,H,Netherlands,Eredivisie,football-data.co.uk
league_041b96067bfa94b6,2020-10-04,EREDIVISIE,2020-21,LEAGUE,,PSV Eindhoven,For Sittard,2,0,H,Netherlands,Eredivisie,football-data.co.uk
league_d0f1082e738629d9,2020-10-04,EREDIVISIE,2020-21,LEAGUE,,Sparta Rotterdam,AZ Alkmaar,4,4,D,Netherlands,Eredivisie,football-data.co.uk
league_75246eb61877267b,2020-10-04,EREDIVISIE,2020-21,LEAGUE,,Willem II,Feyenoord Rotterdam,1,4,A,Netherlands,Eredivisie,football-data.co.uk
league_1dd5204281b174f1,2020-10-17,EREDIVISIE,2020-21,LEAGUE,,AZ Alkmaar,VVV Venlo,2,2,D,Netherlands,Eredivisie,football-data.co.uk
league_828cfcbda793edb6,2020-10-17,EREDIVISIE,2020-21,LEAGUE,,Heracles,Waalwijk,0,1,A,Netherlands,Eredivisie,football-data.co.uk
league_bc35f27c696ec089,2020-10-17,EREDIVISIE,2020-21,LEAGUE,,Willem II,Twente,0,3,A,Netherlands,Eredivisie,football-data.co.uk
league_599068f1e696da6f,2020-10-18,EREDIVISIE,2020-21,LEAGUE,,Ajax,Heerenveen,5,1,H,Netherlands,Eredivisie,football-data.co.uk
league_f32b4e0422b63f03,2020-10-18,EREDIVISIE,2020-21,LEAGUE,,Den Haag,Vitesse,0,2,A,Netherlands,Eredivisie,football-data.co.uk
league_74fbb2a5dc18a1b2,2020-10-18,EREDIVISIE,2020-21,LEAGUE,,FC Emmen,For Sittard,2,2,D,Netherlands,Eredivisie,football-data.co.uk
league_16e9cfa83de058b6,2020-10-18,EREDIVISIE,2020-21,LEAGUE,,Feyenoord Rotterdam,Sparta Rotterdam,1,1,D,Netherlands,Eredivisie,football-data.co.uk
league_6c9e5d2a15859fc4,2020-10-18,EREDIVISIE,2020-21,LEAGUE,,Groningen,Utrecht,0,0,D,Netherlands,Eredivisie,football-data.co.uk
league_7e6a1d61c85dd191,2020-10-18,EREDIVISIE,2020-21,LEAGUE,,Zwolle,PSV Eindhoven,0,3,A,Netherlands,Eredivisie,football-data.co.uk
league_570cbbabb6ce4b01,2020-10-21,EREDIVISIE,2020-21,LEAGUE,,Waalwijk,Zwolle,1,1,D,Netherlands,Eredivisie,football-data.co.uk
league_eaa7162783534e29,2020-10-24,EREDIVISIE,2020-21,LEAGUE,,Heerenveen,FC Emmen,4,0,H,Netherlands,Eredivisie,football-data.co.uk
league_cb11add4bc5dd765,2020-10-24,EREDIVISIE,2020-21,LEAGUE,,Utrecht,Twente,2,1,H,Netherlands,Eredivisie,football-data.co.uk
league_a930350ea0ecd504,2020-10-24,EREDIVISIE,2020-21,LEAGUE,,VVV Venlo,Ajax,0,13,A,Netherlands,Eredivisie,football-data.co.uk
league_6ccd9b219ac293c3,2020-10-24,EREDIVISIE,2020-21,LEAGUE,,Zwolle,Willem II,0,0,D,Netherlands,Eredivisie,football-data.co.uk
league_f9bc52393209e9e9,2020-10-25,EREDIVISIE,2020-21,LEAGUE,,Den Haag,AZ Alkmaar,2,2,D,Netherlands,Eredivisie,football-data.co.uk
league_f3ff6200aaea040c,2020-10-25,EREDIVISIE,2020-21,LEAGUE,,For Sittard,Groningen,1,3,A,Netherlands,Eredivisie,football-data.co.uk
league_c085c806cbc124e4,2020-10-25,EREDIVISIE,2020-21,LEAGUE,,Sparta Rotterdam,Heracles,1,1,D,Netherlands,Eredivisie,football-data.co.uk
league_729e29a899aeabac,2020-10-25,EREDIVISIE,2020-21,LEAGUE,,Vitesse,PSV Eindhoven,2,1,H,Netherlands,Eredivisie,football-data.co.uk
league_ec7e446dc45d03bc,2020-10-25,EREDIVISIE,2020-21,LEAGUE,,Waalwijk,Feyenoord Rotterdam,2,2,D,Netherlands,Eredivisie,football-data.co.uk
league_7cb85f7f3f25af79,2020-10-31,EREDIVISIE,2020-21,LEAGUE,,Ajax,For Sittard,5,2,H,Netherlands,Eredivisie,football-data.co.uk
league_60841bcae4e1bfbc,2020-10-31,EREDIVISIE,2020-21,LEAGUE,,Groningen,VVV Venlo,2,1,H,Netherlands,Eredivisie,football-data.co.uk
league_0bfaed27bd8eb7a5,2020-10-31,EREDIVISIE,2020-21,LEAGUE,,Twente,Zwolle,5,1,H,Netherlands,Eredivisie,football-data.co.uk
league_e67dfe0714b03c58,2020-10-31,EREDIVISIE,2020-21,LEAGUE,,Willem II,Vitesse,1,3,A,Netherlands,Eredivisie,football-data.co.uk
league_53bf0ff475760f40,2020-11-01,EREDIVISIE,2020-21,LEAGUE,,AZ Alkmaar,Waalwijk,3,0,H,Netherlands,Eredivisie,football-data.co.uk
league_57befddfa8cfa78b,2020-11-01,EREDIVISIE,2020-21,LEAGUE,,FC Emmen,Feyenoord Rotterdam,2,3,A,Netherlands,Eredivisie,football-data.co.uk
league_9c9600394823635a,2020-11-01,EREDIVISIE,2020-21,LEAGUE,,Heracles,Utrecht,4,1,H,Netherlands,Eredivisie,football-data.co.uk
league_a3d668456a21b749,2020-11-01,EREDIVISIE,2020-21,LEAGUE,,PSV Eindhoven,Den Haag,4,0,H,Netherlands,Eredivisie,football-data.co.uk
league_242e989e9e69b5ca,2020-11-01,EREDIVISIE,2020-21,LEAGUE,,Sparta Rotterdam,Heerenveen,1,4,A,Netherlands,Eredivisie,football-data.co.uk
league_144486daeb61c4f2,2020-11-06,EREDIVISIE,2020-21,LEAGUE,,For Sittard,Zwolle,2,2,D,Netherlands,Eredivisie,football-data.co.uk
league_31bce2efc6bb7ef2,2020-11-07,EREDIVISIE,2020-21,LEAGUE,,Den Haag,Twente,2,4,A,Netherlands,Eredivisie,football-data.co.uk
league_b78245720605df9a,2020-11-07,EREDIVISIE,2020-21,LEAGUE,,VVV Venlo,Heracles,3,2,H,Netherlands,Eredivisie,football-data.co.uk
league_b7f201481dc25fd4,2020-11-07,EREDIVISIE,2020-21,LEAGUE,,Waalwijk,Sparta Rotterdam,0,2,A,Netherlands,Eredivisie,football-data.co.uk
league_b9a007d0b3ec4926,2020-11-08,EREDIVISIE,2020-21,LEAGUE,,Feyenoord Rotterdam,Groningen,2,0,H,Netherlands,Eredivisie,football-data.co.uk
league_24c9790d8cc65bdc,2020-11-08,EREDIVISIE,2020-21,LEAGUE,,Heerenveen,AZ Alkmaar,0,3,A,Netherlands,Eredivisie,football-data.co.uk
league_a2519abdacbd9189,2020-11-08,EREDIVISIE,2020-21,LEAGUE,,PSV Eindhoven,Willem II,3,0,H,Netherlands,Eredivisie,football-data.co.uk
league_5dbb0139c8a039bb,2020-11-08,EREDIVISIE,2020-21,LEAGUE,,Utrecht,Ajax,0,3,A,Netherlands,Eredivisie,football-data.co.uk
league_a79c6c7900ca0f6d,2020-11-08,EREDIVISIE,2020-21,LEAGUE,,Vitesse,FC Emmen,3,1,H,Netherlands,Eredivisie,football-data.co.uk
league_b7da37bf30338f8a,2020-11-21,EREDIVISIE,2020-21,LEAGUE,,Groningen,Vitesse,1,1,D,Netherlands,Eredivisie,football-data.co.uk
league_b3e0ccaeb24aa410,2020-11-21,EREDIVISIE,2020-21,LEAGUE,,Willem II,VVV Venlo,2,1,H,Netherlands,Eredivisie,football-data.co.uk
league_9762e2e2aae2dc27,2020-11-21,EREDIVISIE,2020-21,LEAGUE,,Zwolle,Utrecht,1,1,D,Netherlands,Eredivisie,football-data.co.uk
league_fc5ef1f5d468f222,2020-11-22,EREDIVISIE,2020-21,LEAGUE,,AZ Alkmaar,FC Emmen,1,0,H,Netherlands,Eredivisie,football-data.co.uk
league_a829819f792ab7a5,2020-11-22,EREDIVISIE,2020-21,LEAGUE,,Ajax,Heracles,5,0,H,Netherlands,Eredivisie,football-data.co.uk
league_1df538ac14a61ba0,2020-11-22,EREDIVISIE,2020-21,LEAGUE,,For Sittard,Feyenoord Rotterdam,1,3,A,Netherlands,Eredivisie,football-data.co.uk
league_1c92340c47fdc85f,2020-11-22,EREDIVISIE,2020-21,LEAGUE,,Sparta Rotterdam,Den Haag,6,0,H,Netherlands,Eredivisie,football-data.co.uk
league_f2adab06ced66692,2020-11-22,EREDIVISIE,2020-21,LEAGUE,,Twente,PSV Eindhoven,1,1,D,Netherlands,Eredivisie,football-data.co.uk
league_c317b885831c50c9,2020-11-22,EREDIVISIE,2020-21,LEAGUE,,Waalwijk,Heerenveen,1,1,D,Netherlands,Eredivisie,football-data.co.uk
league_784e5205b206880b,2020-11-27,EREDIVISIE,2020-21,LEAGUE,,Twente,Waalwijk,0,2,A,Netherlands,Eredivisie,football-data.co.uk
league_0940be6a5dfa1c65,2020-11-28,EREDIVISIE,2020-21,LEAGUE,,Den Haag,Heerenveen,1,1,D,Netherlands,Eredivisie,football-data.co.uk
league_4a2c1111440432c2,2020-11-28,EREDIVISIE,2020-21,LEAGUE,,FC Emmen,Ajax,0,5,A,Netherlands,Eredivisie,football-data.co.uk
league_b71f6ae0390840f8,2020-11-28,EREDIVISIE,2020-21,LEAGUE,,VVV Venlo,Zwolle,2,2,D,Netherlands,Eredivisie,football-data.co.uk
league_5dff3e0ac561e194,2020-11-29,EREDIVISIE,2020-21,LEAGUE,,Feyenoord Rotterdam,Utrecht,1,1,D,Netherlands,Eredivisie,football-data.co.uk
league_50af26cde6d58a8a,2020-11-29,EREDIVISIE,2020-21,LEAGUE,,Groningen,Willem II,1,0,H,Netherlands,Eredivisie,football-data.co.uk
league_f8189b9dbcb7a483,2020-11-29,EREDIVISIE,2020-21,LEAGUE,,Heracles,AZ Alkmaar,1,2,A,Netherlands,Eredivisie,football-data.co.uk
league_c39f7ff95e4821c7,2020-11-29,EREDIVISIE,2020-21,LEAGUE,,PSV Eindhoven,Sparta Rotterdam,1,0,H,Netherlands,Eredivisie,football-data.co.uk
league_80df2f1592f97f89,2020-11-29,EREDIVISIE,2020-21,LEAGUE,,Vitesse,For Sittard,2,0,H,Netherlands,Eredivisie,football-data.co.uk
league_479cfaa7dfcf3014,2020-12-04,EREDIVISIE,2020-21,LEAGUE,,Sparta Rotterdam,FC Emmen,2,1,H,Netherlands,Eredivisie,football-data.co.uk
league_6cca095143bcf8d5,2020-12-05,EREDIVISIE,2020-21,LEAGUE,,Ajax,Twente,1,2,A,Netherlands,Eredivisie,football-data.co.uk
league_aa6064b9e051b882,2020-12-05,EREDIVISIE,2020-21,LEAGUE,,For Sittard,Willem II,3,2,H,Netherlands,Eredivisie,football-data.co.uk
league_b0404f95651bc1df,2020-12-05,EREDIVISIE,2020-21,LEAGUE,,Waalwijk,VVV Venlo,3,2,H,Netherlands,Eredivisie,football-data.co.uk
league_d068e7d57a304633,2020-12-05,EREDIVISIE,2020-21,LEAGUE,,Zwolle,Vitesse,2,1,H,Netherlands,Eredivisie,football-data.co.uk
league_a2c0554519730301,2020-12-06,EREDIVISIE,2020-21,LEAGUE,,AZ Alkmaar,Groningen,1,2,A,Netherlands,Eredivisie,football-data.co.uk
league_53f8b1905cbb53d9,2020-12-06,EREDIVISIE,2020-21,LEAGUE,,Feyenoord Rotterdam,Heracles,0,0,D,Netherlands,Eredivisie,football-data.co.uk
league_9e5ea37fd4e6f366,2020-12-06,EREDIVISIE,2020-21,LEAGUE,,Heerenveen,PSV Eindhoven,2,2,D,Netherlands,Eredivisie,football-data.co.uk
league_daae2bd7f6e63846,2020-12-06,EREDIVISIE,2020-21,LEAGUE,,Utrecht,Den Haag,1,1,D,Netherlands,Eredivisie,football-data.co.uk
league_91fcf74d2de10982,2020-12-11,EREDIVISIE,2020-21,LEAGUE,,Heracles,For Sittard,1,2,A,Netherlands,Eredivisie,football-data.co.uk
league_6e25e09dd00feaf9,2020-12-12,EREDIVISIE,2020-21,LEAGUE,,Ajax,Zwolle,4,0,H,Netherlands,Eredivisie,football-data.co.uk
league_421348080bd34076,2020-12-12,EREDIVISIE,2020-21,LEAGUE,,FC Emmen,Den Haag,1,1,D,Netherlands,Eredivisie,football-data.co.uk
league_2b65fa74e001ea23,2020-12-12,EREDIVISIE,2020-21,LEAGUE,,Groningen,Waalwijk,2,0,H,Netherlands,Eredivisie,football-data.co.uk
league_fe903739df2fd2d6,2020-12-13,EREDIVISIE,2020-21,LEAGUE,,PSV Eindhoven,Utrecht,2,1,H,Netherlands,Eredivisie,football-data.co.uk
league_cc5a5160e171f139,2020-12-13,EREDIVISIE,2020-21,LEAGUE,,Twente,AZ Alkmaar,1,3,A,Netherlands,Eredivisie,football-data.co.uk
league_94a4206935f6cfdf,2020-12-13,EREDIVISIE,2020-21,LEAGUE,,VVV Venlo,Feyenoord Rotterdam,0,3,A,Netherlands,Eredivisie,football-data.co.uk
league_242ec2ab43225942,2020-12-13,EREDIVISIE,2020-21,LEAGUE,,Vitesse,Heerenveen,1,1,D,Netherlands,Eredivisie,football-data.co.uk
league_c03bab1b364e570f,2020-12-13,EREDIVISIE,2020-21,LEAGUE,,Willem II,Sparta Rotterdam,1,3,A,Netherlands,Eredivisie,football-data.co.uk
league_d419f4dbc8e9ff9e,2020-12-18,EREDIVISIE,2020-21,LEAGUE,,Zwolle,FC Emmen,0,0,D,Netherlands,Eredivisie,football-data.co.uk
league_582dc8fdf878e6e5,2020-12-19,EREDIVISIE,2020-21,LEAGUE,,Sparta Rotterdam,Groningen,2,3,A,Netherlands,Eredivisie,football-data.co.uk
league_05896b08ea1c142f,2020-12-19,EREDIVISIE,2020-21,LEAGUE,,Utrecht,For Sittard,1,1,D,Netherlands,Eredivisie,football-data.co.uk
league_2ee5d64a301a567e,2020-12-19,EREDIVISIE,2020-21,LEAGUE,,VVV Venlo,Twente,1,2,A,Netherlands,Eredivisie,football-data.co.uk
league_fdaebaa273c7a03b,2020-12-19,EREDIVISIE,2020-21,LEAGUE,,Waalwijk,PSV Eindhoven,1,4,A,Netherlands,Eredivisie,football-data.co.uk
league_4d904f4754d88516,2020-12-20,EREDIVISIE,2020-21,LEAGUE,,AZ Alkmaar,Willem II,5,3,H,Netherlands,Eredivisie,football-data.co.uk
league_a05018740b86c6ba,2020-12-20,EREDIVISIE,2020-21,LEAGUE,,Den Haag,Ajax,2,4,A,Netherlands,Eredivisie,football-data.co.uk
league_773ea5e2a0d4806e,2020-12-20,EREDIVISIE,2020-21,LEAGUE,,Heerenveen,Heracles,1,2,A,Netherlands,Eredivisie,football-data.co.uk
league_5cc8c26fc41fb0cc,2020-12-20,EREDIVISIE,2020-21,LEAGUE,,Vitesse,Feyenoord Rotterdam,1,0,H,Netherlands,Eredivisie,football-data.co.uk
league_d5796773040b9284,2020-12-22,EREDIVISIE,2020-21,LEAGUE,,FC Emmen,Utrecht,2,3,A,Netherlands,Eredivisie,football-data.co.uk
league_678b41a4602b025f,2020-12-22,EREDIVISIE,2020-21,LEAGUE,,For Sittard,Waalwijk,2,1,H,Netherlands,Eredivisie,football-data.co.uk
league_fac6cb85b0e8870a,2020-12-22,EREDIVISIE,2020-21,LEAGUE,,PSV Eindhoven,VVV Venlo,4,1,H,Netherlands,Eredivisie,football-data.co.uk
league_ca3007120b955732,2020-12-22,EREDIVISIE,2020-21,LEAGUE,,Twente,Sparta Rotterdam,0,2,A,Netherlands,Eredivisie,football-data.co.uk
league_535c15de43799618,2020-12-23,EREDIVISIE,2020-21,LEAGUE,,AZ Alkmaar,Vitesse,3,1,H,Netherlands,Eredivisie,football-data.co.uk
league_7e7e55858465c7fd,2020-12-23,EREDIVISIE,2020-21,LEAGUE,,Den Haag,Zwolle,0,2,A,Netherlands,Eredivisie,football-data.co.uk
league_1541b1d74f6c5c8b,2020-12-23,EREDIVISIE,2020-21,LEAGUE,,Feyenoord Rotterdam,Heerenveen,3,0,H,Netherlands,Eredivisie,football-data.co.uk
league_e7515dadab4479df,2020-12-23,EREDIVISIE,2020-21,LEAGUE,,Groningen,Heracles,0,1,A,Netherlands,Eredivisie,football-data.co.uk
league_7f6db18b02d19a52,2020-12-23,EREDIVISIE,2020-21,LEAGUE,,Willem II,Ajax,1,1,D,Netherlands,Eredivisie,football-data.co.uk
league_877725a197d2cc90,2020-12-27,EREDIVISIE,2020-21,LEAGUE,,Utrecht,AZ Alkmaar,2,2,D,Netherlands,Eredivisie,football-data.co.uk
league_2f3f16e965408d37,2021-01-09,EREDIVISIE,2020-21,LEAGUE,,FC Emmen,Twente,1,4,A,Netherlands,Eredivisie,football-data.co.uk
league_34f91ddf15380c51,2021-01-09,EREDIVISIE,2020-21,LEAGUE,,Heracles,Vitesse,0,2,A,Netherlands,Eredivisie,football-data.co.uk
league_9ed49bb861f0711c,2021-01-09,EREDIVISIE,2020-21,LEAGUE,,Utrecht,Groningen,2,2,D,Netherlands,Eredivisie,football-data.co.uk
league_bb67096d19f4482c,2021-01-09,EREDIVISIE,2020-21,LEAGUE,,Waalwijk,Den Haag,0,1,A,Netherlands,Eredivisie,football-data.co.uk
league_868512953ea4cf92,2021-01-09,EREDIVISIE,2020-21,LEAGUE,,Zwolle,AZ Alkmaar,1,1,D,Netherlands,Eredivisie,football-data.co.uk
league_3e0eacedb43b3585,2021-01-10,EREDIVISIE,2020-21,LEAGUE,,Ajax,PSV Eindhoven,2,2,D,Netherlands,Eredivisie,football-data.co.uk
league_9772bdbcca2c4589,2021-01-10,EREDIVISIE,2020-21,LEAGUE,,Heerenveen,For Sittard,1,3,A,Netherlands,Eredivisie,football-data.co.uk
league_f32518e4c239e291,2021-01-10,EREDIVISIE,2020-21,LEAGUE,,Sparta Rotterdam,Feyenoord Rotterdam,0,2,A,Netherlands,Eredivisie,football-data.co.uk
league_d902b9ffee67bc29,2021-01-10,EREDIVISIE,2020-21,LEAGUE,,VVV Venlo,Willem II,2,1,H,Netherlands,Eredivisie,football-data.co.uk
league_8ec5a620e85624a8,2021-01-12,EREDIVISIE,2020-21,LEAGUE,,Heracles,FC Emmen,4,0,H,Netherlands,Eredivisie,football-data.co.uk
league_d12e6e250be0c4df,2021-01-12,EREDIVISIE,2020-21,LEAGUE,,Vitesse,Utrecht,1,0,H,Netherlands,Eredivisie,football-data.co.uk
league_82fe109b9617be8e,2021-01-13,EREDIVISIE,2020-21,LEAGUE,,Den Haag,VVV Venlo,1,4,A,Netherlands,Eredivisie,football-data.co.uk
league_f87f4b15d6d82ebb,2021-01-13,EREDIVISIE,2020-21,LEAGUE,,Feyenoord Rotterdam,Zwolle,1,0,H,Netherlands,Eredivisie,football-data.co.uk
league_e9a9d8f02ddab1f4,2021-01-13,EREDIVISIE,2020-21,LEAGUE,,For Sittard,Sparta Rotterdam,0,1,A,Netherlands,Eredivisie,football-data.co.uk
league_1182d9560a24c8ae,2021-01-13,EREDIVISIE,2020-21,LEAGUE,,PSV Eindhoven,AZ Alkmaar,1,3,A,Netherlands,Eredivisie,football-data.co.uk
league_71e2416d51b75389,2021-01-14,EREDIVISIE,2020-21,LEAGUE,,Heerenveen,Waalwijk,1,1,D,Netherlands,Eredivisie,football-data.co.uk
league_7d20d3e70a99d425,2021-01-14,EREDIVISIE,2020-21,LEAGUE,,Twente,Ajax,1,3,A,Netherlands,Eredivisie,football-data.co.uk
league_00fef0fbad2ae8b5,2021-01-14,EREDIVISIE,2020-21,LEAGUE,,Willem II,Groningen,2,3,A,Netherlands,Eredivisie,football-data.co.uk
league_2fcab16ecb37d2e3,2021-01-16,EREDIVISIE,2020-21,LEAGUE,,AZ Alkmaar,Den Haag,2,1,H,Netherlands,Eredivisie,football-data.co.uk
league_a3f06b5a8f69cf59,2021-01-16,EREDIVISIE,2020-21,LEAGUE,,FC Emmen,Vitesse,1,4,A,Netherlands,Eredivisie,football-data.co.uk
league_c0864b73fb67445e,2021-01-16,EREDIVISIE,2020-21,LEAGUE,,Sparta Rotterdam,PSV Eindhoven,3,5,A,Netherlands,Eredivisie,football-data.co.uk
league_a0cdce0bf704f254,2021-01-16,EREDIVISIE,2020-21,LEAGUE,,Utrecht,Heracles,2,0,H,Netherlands,Eredivisie,football-data.co.uk
league_9068832981f0f7de,2021-01-16,EREDIVISIE,2020-21,LEAGUE,,Zwolle,For Sittard,0,2,A,Netherlands,Eredivisie,football-data.co.uk
league_8c59d06d5b5569c5,2021-01-17,EREDIVISIE,2020-21,LEAGUE,,Ajax,Feyenoord Rotterdam,1,0,H,Netherlands,Eredivisie,football-data.co.uk
league_66462f4daa09f8ce,2021-01-17,EREDIVISIE,2020-21,LEAGUE,,Groningen,Twente,2,2,D,Netherlands,Eredivisie,football-data.co.uk
league_99d3482266ff8b0e,2021-01-17,EREDIVISIE,2020-21,LEAGUE,,VVV Venlo,Heerenveen,1,1,D,Netherlands,Eredivisie,football-data.co.uk
league_0401e66cb2b318f8,2021-01-17,EREDIVISIE,2020-21,LEAGUE,,Waalwijk,Willem II,1,1,D,Netherlands,Eredivisie,football-data.co.uk
league_4928659ccd1ac5ed,2021-01-22,EREDIVISIE,2020-21,LEAGUE,,Willem II,Zwolle,1,3,A,Netherlands,Eredivisie,football-data.co.uk
league_53cf02eafb0818de,2021-01-23,EREDIVISIE,2020-21,LEAGUE,,Den Haag,FC Emmen,0,0,D,Netherlands,Eredivisie,football-data.co.uk
league_3059e1dfdca6534e,2021-01-23,EREDIVISIE,2020-21,LEAGUE,,Heracles,Heerenveen,1,0,H,Netherlands,Eredivisie,football-data.co.uk
league_1fe31aa1b75f7e35,2021-01-23,EREDIVISIE,2020-21,LEAGUE,,PSV Eindhoven,Waalwijk,2,0,H,Netherlands,Eredivisie,football-data.co.uk
league_d3c772276450c4b4,2021-01-23,EREDIVISIE,2020-21,LEAGUE,,Vitesse,Groningen,1,0,H,Netherlands,Eredivisie,football-data.co.uk
league_c86b21ac9f8ce740,2021-01-24,EREDIVISIE,2020-21,LEAGUE,,Feyenoord Rotterdam,AZ Alkmaar,2,3,A,Netherlands,Eredivisie,football-data.co.uk
league_ecbefda778c0d21b,2021-01-24,EREDIVISIE,2020-21,LEAGUE,,For Sittard,Ajax,1,2,A,Netherlands,Eredivisie,football-data.co.uk
league_4017a08e1dc81cb3,2021-01-24,EREDIVISIE,2020-21,LEAGUE,,Twente,VVV Venlo,0,1,A,Netherlands,Eredivisie,football-data.co.uk
league_18249ffbc9b6c7f2,2021-01-24,EREDIVISIE,2020-21,LEAGUE,,Utrecht,Sparta Rotterdam,1,0,H,Netherlands,Eredivisie,football-data.co.uk
league_dcc44c711946f671,2021-01-26,EREDIVISIE,2020-21,LEAGUE,,FC Emmen,PSV Eindhoven,0,2,A,Netherlands,Eredivisie,football-data.co.uk
league_54f62fd084c82acc,2021-01-26,EREDIVISIE,2020-21,LEAGUE,,Groningen,Den Haag,3,0,H,Netherlands,Eredivisie,football-data.co.uk
league_b77ef3f9504af39c,2021-01-26,EREDIVISIE,2020-21,LEAGUE,,Zwolle,Heracles,2,2,D,Netherlands,Eredivisie,football-data.co.uk
league_4caab62656387d8c,2021-01-27,EREDIVISIE,2020-21,LEAGUE,,AZ Alkmaar,Utrecht,0,1,A,Netherlands,Eredivisie,football-data.co.uk
league_835e248b1014d5f8,2021-01-27,EREDIVISIE,2020-21,LEAGUE,,Heerenveen,Feyenoord Rotterdam,3,0,H,Netherlands,Eredivisie,football-data.co.uk
league_3b90a26b23093b83,2021-01-27,EREDIVISIE,2020-21,LEAGUE,,VVV Venlo,Vitesse,4,1,H,Netherlands,Eredivisie,football-data.co.uk
league_593e53e29039ba04,2021-01-27,EREDIVISIE,2020-21,LEAGUE,,Waalwijk,For Sittard,1,2,A,Netherlands,Eredivisie,football-data.co.uk
league_056ee513c792d0e9,2021-01-28,EREDIVISIE,2020-21,LEAGUE,,Ajax,Willem II,3,1,H,Netherlands,Eredivisie,football-data.co.uk
league_a696b54a288013e1,2021-01-28,EREDIVISIE,2020-21,LEAGUE,,Sparta Rotterdam,Twente,0,0,D,Netherlands,Eredivisie,football-data.co.uk
league_6f82adf1ae5b3c59,2021-01-30,EREDIVISIE,2020-21,LEAGUE,,For Sittard,VVV Venlo,3,2,H,Netherlands,Eredivisie,football-data.co.uk
league_c2f3b6ea6fbff988,2021-01-30,EREDIVISIE,2020-21,LEAGUE,,Heracles,Groningen,1,0,H,Netherlands,Eredivisie,football-data.co.uk
league_7f2d28bb8e4b922c,2021-01-30,EREDIVISIE,2020-21,LEAGUE,,Utrecht,Zwolle,3,3,D,Netherlands,Eredivisie,football-data.co.uk
league_d5018b434df7171b,2021-01-30,EREDIVISIE,2020-21,LEAGUE,,Vitesse,Waalwijk,1,1,D,Netherlands,Eredivisie,football-data.co.uk
league_f61da59fc2421489,2021-01-31,EREDIVISIE,2020-21,LEAGUE,,AZ Alkmaar,Ajax,0,3,A,Netherlands,Eredivisie,football-data.co.uk
league_83605ac78d066fda,2021-01-31,EREDIVISIE,2020-21,LEAGUE,,Den Haag,Sparta Rotterdam,1,1,D,Netherlands,Eredivisie,football-data.co.uk
league_6c6e9771c6e6fac7,2021-01-31,EREDIVISIE,2020-21,LEAGUE,,Feyenoord Rotterdam,PSV Eindhoven,3,1,H,Netherlands,Eredivisie,football-data.co.uk
league_34944bfc45d1f03a,2021-01-31,EREDIVISIE,2020-21,LEAGUE,,Twente,Heerenveen,0,0,D,Netherlands,Eredivisie,football-data.co.uk
league_05d363e0e95a5fcb,2021-01-31,EREDIVISIE,2020-21,LEAGUE,,Willem II,FC Emmen,2,0,H,Netherlands,Eredivisie,football-data.co.uk
league_3324be0f0a826982,2021-02-05,EREDIVISIE,2020-21,LEAGUE,,For Sittard,Heracles,0,1,A,Netherlands,Eredivisie,football-data.co.uk
league_e3b0516024551602,2021-02-06,EREDIVISIE,2020-21,LEAGUE,,FC Emmen,AZ Alkmaar,0,1,A,Netherlands,Eredivisie,football-data.co.uk
league_3c534c95079d56ab,2021-02-06,EREDIVISIE,2020-21,LEAGUE,,Heerenveen,Vitesse,1,0,H,Netherlands,Eredivisie,football-data.co.uk
league_ca2a448a7bccd1be,2021-02-06,EREDIVISIE,2020-21,LEAGUE,,PSV Eindhoven,Twente,3,0,H,Netherlands,Eredivisie,football-data.co.uk
league_cbfef6f671032555,2021-02-06,EREDIVISIE,2020-21,LEAGUE,,Zwolle,Waalwijk,1,1,D,Netherlands,Eredivisie,football-data.co.uk
league_fde4f4b5e5af796b,2021-02-12,EREDIVISIE,2020-21,LEAGUE,,Waalwijk,FC Emmen,1,0,H,Netherlands,Eredivisie,football-data.co.uk
league_474fccba6722c7ed,2021-02-13,EREDIVISIE,2020-21,LEAGUE,,Den Haag,PSV Eindhoven,2,2,D,Netherlands,Eredivisie,football-data.co.uk
league_8dfdbacd13dea674,2021-02-13,EREDIVISIE,2020-21,LEAGUE,,Groningen,Zwolle,1,0,H,Netherlands,Eredivisie,football-data.co.uk
league_fca4e0725c1d402d,2021-02-13,EREDIVISIE,2020-21,LEAGUE,,Heracles,Ajax,0,2,A,Netherlands,Eredivisie,football-data.co.uk
league_855fe4651a0b3e51,2021-02-13,EREDIVISIE,2020-21,LEAGUE,,Sparta Rotterdam,For Sittard,1,2,A,Netherlands,Eredivisie,football-data.co.uk
league_f63e2275ce0b2275,2021-02-14,EREDIVISIE,2020-21,LEAGUE,,AZ Alkmaar,Heerenveen,3,1,H,Netherlands,Eredivisie,football-data.co.uk
league_2749985af9c6658c,2021-02-14,EREDIVISIE,2020-21,LEAGUE,,Feyenoord Rotterdam,Willem II,5,0,H,Netherlands,Eredivisie,football-data.co.uk
league_96816badef74f200,2021-02-14,EREDIVISIE,2020-21,LEAGUE,,Utrecht,VVV Venlo,3,1,H,Netherlands,Eredivisie,football-data.co.uk
league_9b4a674d4471f8fc,2021-02-14,EREDIVISIE,2020-21,LEAGUE,,Vitesse,Twente,0,2,A,Netherlands,Eredivisie,football-data.co.uk
league_f31ff845d187d707,2021-02-19,EREDIVISIE,2020-21,LEAGUE,,Willem II,Utrecht,0,6,A,Netherlands,Eredivisie,football-data.co.uk
league_c7823838dd395014,2021-02-20,EREDIVISIE,2020-21,LEAGUE,,FC Emmen,Zwolle,3,2,H,Netherlands,Eredivisie,football-data.co.uk
league_ccf3543ba942d058,2021-02-20,EREDIVISIE,2020-21,LEAGUE,,For Sittard,Den Haag,2,0,H,Netherlands,Eredivisie,football-data.co.uk
league_7e30a8cd3d7a61af,2021-02-20,EREDIVISIE,2020-21,LEAGUE,,VVV Venlo,AZ Alkmaar,1,4,A,Netherlands,Eredivisie,football-data.co.uk
league_d351b307f32445d6,2021-02-21,EREDIVISIE,2020-21,LEAGUE,,Ajax,Sparta Rotterdam,4,2,H,Netherlands,Eredivisie,football-data.co.uk
league_dce516fa10d8248d,2021-02-21,EREDIVISIE,2020-21,LEAGUE,,Heerenveen,Groningen,1,1,D,Netherlands,Eredivisie,football-data.co.uk
league_29ff427d722c4ba7,2021-02-21,EREDIVISIE,2020-21,LEAGUE,,PSV Eindhoven,Vitesse,3,1,H,Netherlands,Eredivisie,football-data.co.uk
league_4be8515ad09f6755,2021-02-21,EREDIVISIE,2020-21,LEAGUE,,Twente,Feyenoord Rotterdam,2,2,D,Netherlands,Eredivisie,football-data.co.uk
league_85c7ecc95289ee21,2021-02-21,EREDIVISIE,2020-21,LEAGUE,,Waalwijk,Heracles,3,0,H,Netherlands,Eredivisie,football-data.co.uk
league_0c164abc1b39af18,2021-02-24,EREDIVISIE,2020-21,LEAGUE,,Groningen,Feyenoord Rotterdam,0,0,D,Netherlands,Eredivisie,football-data.co.uk
league_236c7572b652c136,2021-02-24,EREDIVISIE,2020-21,LEAGUE,,Willem II,Den Haag,1,1,D,Netherlands,Eredivisie,football-data.co.uk
league_63b8fb32b0a598d3,2021-02-26,EREDIVISIE,2020-21,LEAGUE,,Zwolle,Heerenveen,4,1,H,Netherlands,Eredivisie,football-data.co.uk
league_803abbda2f84c77e,2021-02-27,EREDIVISIE,2020-21,LEAGUE,,Den Haag,Waalwijk,0,0,D,Netherlands,Eredivisie,football-data.co.uk
league_0a1030f87c3a3812,2021-02-27,EREDIVISIE,2020-21,LEAGUE,,Heracles,Twente,2,2,D,Netherlands,Eredivisie,football-data.co.uk
league_94f04af29a1ae3e1,2021-02-27,EREDIVISIE,2020-21,LEAGUE,,Utrecht,FC Emmen,0,1,A,Netherlands,Eredivisie,football-data.co.uk
league_144173a7b5ca5fc2,2021-02-27,EREDIVISIE,2020-21,LEAGUE,,Vitesse,VVV Venlo,4,1,H,Netherlands,Eredivisie,football-data.co.uk
league_ef48ac867a1cd00a,2021-02-28,EREDIVISIE,2020-21,LEAGUE,,AZ Alkmaar,Feyenoord Rotterdam,4,2,H,Netherlands,Eredivisie,football-data.co.uk
league_6e6311bc226096b5,2021-02-28,EREDIVISIE,2020-21,LEAGUE,,Groningen,For Sittard,1,0,H,Netherlands,Eredivisie,football-data.co.uk
league_e759169d69f2ec7c,2021-02-28,EREDIVISIE,2020-21,LEAGUE,,PSV Eindhoven,Ajax,1,1,D,Netherlands,Eredivisie,football-data.co.uk
league_0cc68a02b1f1c85f,2021-02-28,EREDIVISIE,2020-21,LEAGUE,,Sparta Rotterdam,Willem II,0,2,A,Netherlands,Eredivisie,football-data.co.uk
league_56e9612ae474cb53,2021-03-05,EREDIVISIE,2020-21,LEAGUE,,FC Emmen,Sparta Rotterdam,1,1,D,Netherlands,Eredivisie,football-data.co.uk
league_c94e64eeaf6c59b9,2021-03-06,EREDIVISIE,2020-21,LEAGUE,,Feyenoord Rotterdam,VVV Venlo,6,0,H,Netherlands,Eredivisie,football-data.co.uk
league_03837b78fbc0db0c,2021-03-06,EREDIVISIE,2020-21,LEAGUE,,Heerenveen,Den Haag,3,0,H,Netherlands,Eredivisie,football-data.co.uk
league_e0e0a11d53cd3e0f,2021-03-06,EREDIVISIE,2020-21,LEAGUE,,Twente,Willem II,1,1,D,Netherlands,Eredivisie,football-data.co.uk
league_65d8d2d9d0817735,2021-03-06,EREDIVISIE,2020-21,LEAGUE,,Waalwijk,Utrecht,1,2,A,Netherlands,Eredivisie,football-data.co.uk
league_bed4edee0bcc46d5,2021-03-07,EREDIVISIE,2020-21,LEAGUE,,Ajax,Groningen,3,1,H,Netherlands,Eredivisie,football-data.co.uk
league_5bc3a8fddd6c854b,2021-03-07,EREDIVISIE,2020-21,LEAGUE,,For Sittard,PSV Eindhoven,1,3,A,Netherlands,Eredivisie,football-data.co.uk
league_f177afb64b583234,2021-03-07,EREDIVISIE,2020-21,LEAGUE,,Heracles,Zwolle,2,1,H,Netherlands,Eredivisie,football-data.co.uk
league_4264ca1f4d678c2b,2021-03-07,EREDIVISIE,2020-21,LEAGUE,,Vitesse,AZ Alkmaar,2,1,H,Netherlands,Eredivisie,football-data.co.uk
league_1ad9f604ab1b49bd,2021-03-09,EREDIVISIE,2020-21,LEAGUE,,VVV Venlo,Sparta Rotterdam,0,1,A,Netherlands,Eredivisie,football-data.co.uk
league_f6554bbfedda78fb,2021-03-13,EREDIVISIE,2020-21,LEAGUE,,AZ Alkmaar,Twente,4,1,H,Netherlands,Eredivisie,football-data.co.uk
league_d9b90706541e938d,2021-03-13,EREDIVISIE,2020-21,LEAGUE,,Den Haag,Heracles,1,2,A,Netherlands,Eredivisie,football-data.co.uk
league_abc637d6bc2b3a47,2021-03-13,EREDIVISIE,2020-21,LEAGUE,,Groningen,FC Emmen,1,1,D,Netherlands,Eredivisie,football-data.co.uk
league_42e79ab86a817b6a,2021-03-13,EREDIVISIE,2020-21,LEAGUE,,Sparta Rotterdam,Waalwijk,2,0,H,Netherlands,Eredivisie,football-data.co.uk
league_5af0e824a88e08a9,2021-03-13,EREDIVISIE,2020-21,LEAGUE,,Willem II,Heerenveen,3,1,H,Netherlands,Eredivisie,football-data.co.uk
league_cd2e7ede97f7722a,2021-03-14,EREDIVISIE,2020-21,LEAGUE,,PSV Eindhoven,Feyenoord Rotterdam,1,1,D,Netherlands,Eredivisie,football-data.co.uk
league_69236c482583e8c9,2021-03-14,EREDIVISIE,2020-21,LEAGUE,,Utrecht,Vitesse,1,3,A,Netherlands,Eredivisie,football-data.co.uk
league_88f1c7634c1b22a9,2021-03-14,EREDIVISIE,2020-21,LEAGUE,,VVV Venlo,For Sittard,1,3,A,Netherlands,Eredivisie,football-data.co.uk
league_001d07176cf7d1b1,2021-03-14,EREDIVISIE,2020-21,LEAGUE,,Zwolle,Ajax,0,2,A,Netherlands,Eredivisie,football-data.co.uk
league_d989f18c8b42334d,2021-03-19,EREDIVISIE,2020-21,LEAGUE,,Heerenveen,Twente,0,0,D,Netherlands,Eredivisie,football-data.co.uk
league_62aa134c6239d4c5,2021-03-20,EREDIVISIE,2020-21,LEAGUE,,Feyenoord Rotterdam,FC Emmen,1,1,D,Netherlands,Eredivisie,football-data.co.uk
league_27681be9be77dc45,2021-03-20,EREDIVISIE,2020-21,LEAGUE,,For Sittard,Utrecht,0,1,A,Netherlands,Eredivisie,football-data.co.uk
league_fe923515739659d7,2021-03-20,EREDIVISIE,2020-21,LEAGUE,,Waalwijk,Groningen,3,1,H,Netherlands,Eredivisie,football-data.co.uk
league_72fd3e5e85b17240,2021-03-21,EREDIVISIE,2020-21,LEAGUE,,AZ Alkmaar,PSV Eindhoven,2,0,H,Netherlands,Eredivisie,football-data.co.uk
league_1c5d307b702b0fc4,2021-03-21,EREDIVISIE,2020-21,LEAGUE,,Ajax,Den Haag,5,0,H,Netherlands,Eredivisie,football-data.co.uk
league_b5aad75b6988d30b,2021-03-21,EREDIVISIE,2020-21,LEAGUE,,Heracles,Sparta Rotterdam,1,1,D,Netherlands,Eredivisie,football-data.co.uk
league_8b37f82fd2b38912,2021-03-21,EREDIVISIE,2020-21,LEAGUE,,Vitesse,Willem II,0,0,D,Netherlands,Eredivisie,football-data.co.uk
league_0f2d8da11c5a154e,2021-03-21,EREDIVISIE,2020-21,LEAGUE,,Zwolle,VVV Venlo,2,1,H,Netherlands,Eredivisie,football-data.co.uk
league_f5369c3ed11decf1,2021-04-03,EREDIVISIE,2020-21,LEAGUE,,Sparta Rotterdam,Zwolle,3,2,H,Netherlands,Eredivisie,football-data.co.uk
league_302f9372d93a70ed,2021-04-03,EREDIVISIE,2020-21,LEAGUE,,Twente,Vitesse,1,2,A,Netherlands,Eredivisie,football-data.co.uk
league_a8ede7dfa111ea61,2021-04-03,EREDIVISIE,2020-21,LEAGUE,,VVV Venlo,Groningen,0,1,A,Netherlands,Eredivisie,football-data.co.uk
league_f4de48d084dfcf00,2021-04-03,EREDIVISIE,2020-21,LEAGUE,,Willem II,AZ Alkmaar,0,1,A,Netherlands,Eredivisie,football-data.co.uk
league_419ca5f18d3f13b8,2021-04-04,EREDIVISIE,2020-21,LEAGUE,,Den Haag,Utrecht,1,4,A,Netherlands,Eredivisie,football-data.co.uk
league_7aacb536e1130209,2021-04-04,EREDIVISIE,2020-21,LEAGUE,,FC Emmen,Waalwijk,3,1,H,Netherlands,Eredivisie,football-data.co.uk
league_43e75a78da6181b3,2021-04-04,EREDIVISIE,2020-21,LEAGUE,,Feyenoord Rotterdam,For Sittard,2,0,H,Netherlands,Eredivisie,football-data.co.uk
league_437fd0902cc003f4,2021-04-04,EREDIVISIE,2020-21,LEAGUE,,Heerenveen,Ajax,1,2,A,Netherlands,Eredivisie,football-data.co.uk
league_0c5424ce1d17b962,2021-04-04,EREDIVISIE,2020-21,LEAGUE,,PSV Eindhoven,Heracles,3,0,H,Netherlands,Eredivisie,football-data.co.uk
league_34be0358a10a9d16,2021-04-09,EREDIVISIE,2020-21,LEAGUE,,Vitesse,Den Haag,0,0,D,Netherlands,Eredivisie,football-data.co.uk
league_4be16bea4d7f3e45,2021-04-10,EREDIVISIE,2020-21,LEAGUE,,AZ Alkmaar,Sparta Rotterdam,2,0,H,Netherlands,Eredivisie,football-data.co.uk
league_53a6123db2077d60,2021-04-10,EREDIVISIE,2020-21,LEAGUE,,For Sittard,FC Emmen,1,3,A,Netherlands,Eredivisie,football-data.co.uk
league_592e606d67926238,2021-04-10,EREDIVISIE,2020-21,LEAGUE,,Heracles,Willem II,4,0,H,Netherlands,Eredivisie,football-data.co.uk
league_346904c57bc6fcff,2021-04-10,EREDIVISIE,2020-21,LEAGUE,,Zwolle,Twente,1,0,H,Netherlands,Eredivisie,football-data.co.uk
league_a9a46e02ec6d3251,2021-04-11,EREDIVISIE,2020-21,LEAGUE,,Groningen,Heerenveen,0,2,A,Netherlands,Eredivisie,football-data.co.uk
league_51fcf602cdee33c5,2021-04-11,EREDIVISIE,2020-21,LEAGUE,,Utrecht,Feyenoord Rotterdam,1,2,A,Netherlands,Eredivisie,football-data.co.uk
league_d0ee76ad6ac92209,2021-04-11,EREDIVISIE,2020-21,LEAGUE,,VVV Venlo,PSV Eindhoven,0,2,A,Netherlands,Eredivisie,football-data.co.uk
league_34b2afae9f364539,2021-04-11,EREDIVISIE,2020-21,LEAGUE,,Waalwijk,Ajax,0,1,A,Netherlands,Eredivisie,football-data.co.uk
league_8a9255b16d38ddfe,2021-04-22,EREDIVISIE,2020-21,LEAGUE,,Ajax,Utrecht,1,1,D,Netherlands,Eredivisie,football-data.co.uk
league_f941c07ad4e81b91,2021-04-23,EREDIVISIE,2020-21,LEAGUE,,Willem II,Waalwijk,1,0,H,Netherlands,Eredivisie,football-data.co.uk
league_ab79bd0a6adaa292,2021-04-24,EREDIVISIE,2020-21,LEAGUE,,Heerenveen,Zwolle,0,2,A,Netherlands,Eredivisie,football-data.co.uk
league_074acaa06e753637,2021-04-24,EREDIVISIE,2020-21,LEAGUE,,PSV Eindhoven,Groningen,1,0,H,Netherlands,Eredivisie,football-data.co.uk
league_71c4599f6e821d1c,2021-04-24,EREDIVISIE,2020-21,LEAGUE,,Sparta Rotterdam,VVV Venlo,2,0,H,Netherlands,Eredivisie,football-data.co.uk
league_29c86dd28d2cbd56,2021-04-25,EREDIVISIE,2020-21,LEAGUE,,Ajax,AZ Alkmaar,2,0,H,Netherlands,Eredivisie,football-data.co.uk
league_b2292795ffebe50f,2021-04-25,EREDIVISIE,2020-21,LEAGUE,,Den Haag,For Sittard,0,3,A,Netherlands,Eredivisie,football-data.co.uk
league_30b81de7c544e674,2021-04-25,EREDIVISIE,2020-21,LEAGUE,,FC Emmen,Heracles,3,1,H,Netherlands,Eredivisie,football-data.co.uk
league_000a559c33e49a6c,2021-04-25,EREDIVISIE,2020-21,LEAGUE,,Feyenoord Rotterdam,Vitesse,0,0,D,Netherlands,Eredivisie,football-data.co.uk
league_6c4cbf4ac4357eb8,2021-04-25,EREDIVISIE,2020-21,LEAGUE,,Twente,Utrecht,1,2,A,Netherlands,Eredivisie,football-data.co.uk
league_bad8cb9b968c7bf3,2021-05-01,EREDIVISIE,2020-21,LEAGUE,,For Sittard,Twente,3,0,H,Netherlands,Eredivisie,football-data.co.uk
league_ab6f966b68827308,2021-05-01,EREDIVISIE,2020-21,LEAGUE,,Heracles,VVV Venlo,4,0,H,Netherlands,Eredivisie,football-data.co.uk
league_681699e8c067960a,2021-05-01,EREDIVISIE,2020-21,LEAGUE,,Utrecht,Willem II,3,2,H,Netherlands,Eredivisie,football-data.co.uk
league_466d60d84642d192,2021-05-01,EREDIVISIE,2020-21,LEAGUE,,Vitesse,Zwolle,2,1,H,Netherlands,Eredivisie,football-data.co.uk
league_352bf7d46f5d3712,2021-05-01,EREDIVISIE,2020-21,LEAGUE,,Waalwijk,AZ Alkmaar,1,3,A,Netherlands,Eredivisie,football-data.co.uk
league_e53dcf901b1efd44,2021-05-02,EREDIVISIE,2020-21,LEAGUE,,Ajax,FC Emmen,4,0,H,Netherlands,Eredivisie,football-data.co.uk
league_a86cfc82a0b47e3f,2021-05-02,EREDIVISIE,2020-21,LEAGUE,,Den Haag,Feyenoord Rotterdam,3,2,H,Netherlands,Eredivisie,football-data.co.uk
league_1bd100e57acc3bdd,2021-05-02,EREDIVISIE,2020-21,LEAGUE,,Groningen,Sparta Rotterdam,1,2,A,Netherlands,Eredivisie,football-data.co.uk
league_f86bf47ae6acda36,2021-05-02,EREDIVISIE,2020-21,LEAGUE,,PSV Eindhoven,Heerenveen,2,2,D,Netherlands,Eredivisie,football-data.co.uk
league_87f0097c8b82b620,2021-05-07,EREDIVISIE,2020-21,LEAGUE,,Sparta Rotterdam,Vitesse,3,0,H,Netherlands,Eredivisie,football-data.co.uk
league_0de2540d3bc22a32,2021-05-08,EREDIVISIE,2020-21,LEAGUE,,AZ Alkmaar,For Sittard,1,0,H,Netherlands,Eredivisie,football-data.co.uk
league_8931811f6f3cdd50,2021-05-08,EREDIVISIE,2020-21,LEAGUE,,Heerenveen,Utrecht,0,0,D,Netherlands,Eredivisie,football-data.co.uk
league_907fbb5a28bbc2f8,2021-05-08,EREDIVISIE,2020-21,LEAGUE,,Twente,Heracles,1,1,D,Netherlands,Eredivisie,football-data.co.uk
league_953a1673818763ad,2021-05-08,EREDIVISIE,2020-21,LEAGUE,,VVV Venlo,Waalwijk,3,3,D,Netherlands,Eredivisie,football-data.co.uk
league_2528d9a8f809114d,2021-05-09,EREDIVISIE,2020-21,LEAGUE,,FC Emmen,Groningen,0,4,A,Netherlands,Eredivisie,football-data.co.uk
league_ef7dc223e28ef19c,2021-05-09,EREDIVISIE,2020-21,LEAGUE,,Feyenoord Rotterdam,Ajax,0,3,A,Netherlands,Eredivisie,football-data.co.uk
league_04dc67843adcc333,2021-05-09,EREDIVISIE,2020-21,LEAGUE,,Willem II,PSV Eindhoven,0,2,A,Netherlands,Eredivisie,football-data.co.uk
league_0e377a365e85eb42,2021-05-09,EREDIVISIE,2020-21,LEAGUE,,Zwolle,Den Haag,0,1,A,Netherlands,Eredivisie,football-data.co.uk
league_490ed8c5111f9fd6,2021-05-13,EREDIVISIE,2020-21,LEAGUE,,Ajax,VVV Venlo,3,1,H,Netherlands,Eredivisie,football-data.co.uk
league_e5e8a0f1394a4fc9,2021-05-13,EREDIVISIE,2020-21,LEAGUE,,Den Haag,Willem II,1,4,A,Netherlands,Eredivisie,football-data.co.uk
league_f337973914bb7f18,2021-05-13,EREDIVISIE,2020-21,LEAGUE,,FC Emmen,Heerenveen,3,1,H,Netherlands,Eredivisie,football-data.co.uk
league_f87477b4a57cf570,2021-05-13,EREDIVISIE,2020-21,LEAGUE,,For Sittard,Vitesse,3,3,D,Netherlands,Eredivisie,football-data.co.uk
league_3c1e73b502d8a95c,2021-05-13,EREDIVISIE,2020-21,LEAGUE,,Groningen,AZ Alkmaar,0,0,D,Netherlands,Eredivisie,football-data.co.uk
league_d1446e4dd64eda6e,2021-05-13,EREDIVISIE,2020-21,LEAGUE,,Heracles,Feyenoord Rotterdam,1,1,D,Netherlands,Eredivisie,football-data.co.uk
league_45340cd41e4bcd2e,2021-05-13,EREDIVISIE,2020-21,LEAGUE,,PSV Eindhoven,Zwolle,4,2,H,Netherlands,Eredivisie,football-data.co.uk
league_b970baebb93096e0,2021-05-13,EREDIVISIE,2020-21,LEAGUE,,Sparta Rotterdam,Utrecht,0,0,D,Netherlands,Eredivisie,football-data.co.uk
league_1223d6875047ec13,2021-05-13,EREDIVISIE,2020-21,LEAGUE,,Waalwijk,Twente,2,1,H,Netherlands,Eredivisie,football-data.co.uk
league_d6d2190f76ad8c00,2021-05-16,EREDIVISIE,2020-21,LEAGUE,,AZ Alkmaar,Heracles,5,0,H,Netherlands,Eredivisie,football-data.co.uk
league_348829fc68564904,2021-05-16,EREDIVISIE,2020-21,LEAGUE,,Feyenoord Rotterdam,Waalwijk,3,0,H,Netherlands,Eredivisie,football-data.co.uk
league_a092b1fd47cab2e2,2021-05-16,EREDIVISIE,2020-21,LEAGUE,,Heerenveen,Sparta Rotterdam,1,2,A,Netherlands,Eredivisie,football-data.co.uk
league_26e7aee3a266775c,2021-05-16,EREDIVISIE,2020-21,LEAGUE,,Twente,Den Haag,3,2,H,Netherlands,Eredivisie,football-data.co.uk
league_bfb8da97dc6aa260,2021-05-16,EREDIVISIE,2020-21,LEAGUE,,Utrecht,PSV Eindhoven,1,1,D,Netherlands,Eredivisie,football-data.co.uk
league_353d3f420b7e62c8,2021-05-16,EREDIVISIE,2020-21,LEAGUE,,VVV Venlo,FC Emmen,0,4,A,Netherlands,Eredivisie,football-data.co.uk
league_65d7027b47ceb941,2021-05-16,EREDIVISIE,2020-21,LEAGUE,,Vitesse,Ajax,1,3,A,Netherlands,Eredivisie,football-data.co.uk
league_80acaaff6c9c9715,2021-05-16,EREDIVISIE,2020-21,LEAGUE,,Willem II,For Sittard,2,1,H,Netherlands,Eredivisie,football-data.co.uk
league_ac8ee7139a09dfbd,2021-05-16,EREDIVISIE,2020-21,LEAGUE,,Zwolle,Groningen,1,0,H,Netherlands,Eredivisie,football-data.co.uk
league_50e20592829a7627,2021-08-13,EREDIVISIE,2021-22,LEAGUE,,Go Ahead Eagles,Heerenveen,0,1,A,Netherlands,Eredivisie,football-data.co.uk
league_f31147385482b438,2021-08-14,EREDIVISIE,2021-22,LEAGUE,,Ajax,Nijmegen,5,0,H,Netherlands,Eredivisie,football-data.co.uk
league_2fb7467263a31401,2021-08-14,EREDIVISIE,2021-22,LEAGUE,,For Sittard,Twente,2,1,H,Netherlands,Eredivisie,football-data.co.uk
league_6b80fa154187e0d0,2021-08-14,EREDIVISIE,2021-22,LEAGUE,,Heracles,PSV Eindhoven,0,2,A,Netherlands,Eredivisie,football-data.co.uk
league_54e9201828285bb9,2021-08-14,EREDIVISIE,2021-22,LEAGUE,,Waalwijk,AZ Alkmaar,1,0,H,Netherlands,Eredivisie,football-data.co.uk
league_4e6410b5dfa57cc7,2021-08-15,EREDIVISIE,2021-22,LEAGUE,,Cambuur,Groningen,1,2,A,Netherlands,Eredivisie,football-data.co.uk
league_3712f28ec974f37a,2021-08-15,EREDIVISIE,2021-22,LEAGUE,,Utrecht,Sparta Rotterdam,4,0,H,Netherlands,Eredivisie,football-data.co.uk
league_053153da6b6afdfa,2021-08-15,EREDIVISIE,2021-22,LEAGUE,,Willem II,Feyenoord Rotterdam,0,4,A,Netherlands,Eredivisie,football-data.co.uk
league_de16705ff7146253,2021-08-15,EREDIVISIE,2021-22,LEAGUE,,Zwolle,Vitesse,0,1,A,Netherlands,Eredivisie,football-data.co.uk
league_34e2ed823addbbb6,2021-08-20,EREDIVISIE,2021-22,LEAGUE,,Nijmegen,Zwolle,2,0,H,Netherlands,Eredivisie,football-data.co.uk
league_b17e47f17dc5d02a,2021-08-21,EREDIVISIE,2021-22,LEAGUE,,Groningen,Utrecht,0,0,D,Netherlands,Eredivisie,football-data.co.uk
league_41ab7714dc7d027c,2021-08-21,EREDIVISIE,2021-22,LEAGUE,,Heerenveen,Waalwijk,3,2,H,Netherlands,Eredivisie,football-data.co.uk
league_f357567763ee49fc,2021-08-21,EREDIVISIE,2021-22,LEAGUE,,PSV Eindhoven,Cambuur,4,1,H,Netherlands,Eredivisie,football-data.co.uk
league_ec53d76db231f4ec,2021-08-21,EREDIVISIE,2021-22,LEAGUE,,Sparta Rotterdam,Heracles,1,1,D,Netherlands,Eredivisie,football-data.co.uk
league_b24fbd54784c1bc4,2021-08-22,EREDIVISIE,2021-22,LEAGUE,,Feyenoord Rotterdam,Go Ahead Eagles,2,0,H,Netherlands,Eredivisie,football-data.co.uk
league_0e4e0e2233519b4e,2021-08-22,EREDIVISIE,2021-22,LEAGUE,,Twente,Ajax,1,1,D,Netherlands,Eredivisie,football-data.co.uk
league_57bac2be3cbbe482,2021-08-22,EREDIVISIE,2021-22,LEAGUE,,Vitesse,Willem II,0,3,A,Netherlands,Eredivisie,football-data.co.uk
league_ec1fe91862457f7c,2021-08-27,EREDIVISIE,2021-22,LEAGUE,,For Sittard,Waalwijk,2,2,D,Netherlands,Eredivisie,football-data.co.uk
league_5e0287496320b576,2021-08-28,EREDIVISIE,2021-22,LEAGUE,,Cambuur,Twente,2,0,H,Netherlands,Eredivisie,football-data.co.uk
league_eca04e8faaa3ca0f,2021-08-28,EREDIVISIE,2021-22,LEAGUE,,Go Ahead Eagles,Sparta Rotterdam,2,0,H,Netherlands,Eredivisie,football-data.co.uk
league_8857546c80d465f0,2021-08-28,EREDIVISIE,2021-22,LEAGUE,,PSV Eindhoven,Groningen,5,2,H,Netherlands,Eredivisie,football-data.co.uk
league_7ca8463acf944c87,2021-08-28,EREDIVISIE,2021-22,LEAGUE,,Willem II,Zwolle,1,0,H,Netherlands,Eredivisie,football-data.co.uk
league_7460ea354e4e719c,2021-08-29,EREDIVISIE,2021-22,LEAGUE,,Ajax,Vitesse,5,0,H,Netherlands,Eredivisie,football-data.co.uk
league_52b96a28fbd5cb5c,2021-08-29,EREDIVISIE,2021-22,LEAGUE,,Heerenveen,AZ Alkmaar,1,3,A,Netherlands,Eredivisie,football-data.co.uk
league_643d429b11fa454c,2021-08-29,EREDIVISIE,2021-22,LEAGUE,,Heracles,Nijmegen,0,1,A,Netherlands,Eredivisie,football-data.co.uk
league_f9474588d7187c8d,2021-08-29,EREDIVISIE,2021-22,LEAGUE,,Utrecht,Feyenoord Rotterdam,3,1,H,Netherlands,Eredivisie,football-data.co.uk
league_d0959e0505e52ead,2021-09-11,EREDIVISIE,2021-22,LEAGUE,,AZ Alkmaar,PSV Eindhoven,0,3,A,Netherlands,Eredivisie,football-data.co.uk
league_c3b9fb2ad333397f,2021-09-11,EREDIVISIE,2021-22,LEAGUE,,Cambuur,Go Ahead Eagles,5,2,H,Netherlands,Eredivisie,football-data.co.uk
league_53e20f77cf3c97a3,2021-09-11,EREDIVISIE,2021-22,LEAGUE,,Twente,Utrecht,1,0,H,Netherlands,Eredivisie,football-data.co.uk
league_e1ea041765ea4fab,2021-09-11,EREDIVISIE,2021-22,LEAGUE,,Zwolle,Ajax,0,2,A,Netherlands,Eredivisie,football-data.co.uk
league_561b18c6511dfbd4,2021-09-12,EREDIVISIE,2021-22,LEAGUE,,Groningen,Heerenveen,1,1,D,Netherlands,Eredivisie,football-data.co.uk
league_73bd9fc834e4950e,2021-09-12,EREDIVISIE,2021-22,LEAGUE,,Nijmegen,Willem II,0,0,D,Netherlands,Eredivisie,football-data.co.uk
league_4c8aa68cf777dc83,2021-09-12,EREDIVISIE,2021-22,LEAGUE,,Sparta Rotterdam,For Sittard,3,1,H,Netherlands,Eredivisie,football-data.co.uk
league_50fdc58f526f978b,2021-09-12,EREDIVISIE,2021-22,LEAGUE,,Waalwijk,Vitesse,1,2,A,Netherlands,Eredivisie,football-data.co.uk
league_737ee2094bf3adce,2021-09-17,EREDIVISIE,2021-22,LEAGUE,,Sparta Rotterdam,Nijmegen,1,1,D,Netherlands,Eredivisie,football-data.co.uk
league_7c6723b96c4fca29,2021-09-18,EREDIVISIE,2021-22,LEAGUE,,Ajax,Cambuur,9,0,H,Netherlands,Eredivisie,football-data.co.uk
league_5fc3ad5440b62bae,2021-09-18,EREDIVISIE,2021-22,LEAGUE,,Heerenveen,For Sittard,1,0,H,Netherlands,Eredivisie,football-data.co.uk
league_ad490bc8c41c2050,2021-09-18,EREDIVISIE,2021-22,LEAGUE,,Utrecht,Waalwijk,2,2,D,Netherlands,Eredivisie,football-data.co.uk
league_51442e98edad828e,2021-09-18,EREDIVISIE,2021-22,LEAGUE,,Willem II,Groningen,2,1,H,Netherlands,Eredivisie,football-data.co.uk
league_b63ca9282bf6509e,2021-09-19,EREDIVISIE,2021-22,LEAGUE,,Go Ahead Eagles,Zwolle,1,0,H,Netherlands,Eredivisie,football-data.co.uk
league_4e741fcf33833b05,2021-09-19,EREDIVISIE,2021-22,LEAGUE,,Heracles,AZ Alkmaar,3,2,H,Netherlands,Eredivisie,football-data.co.uk
league_8b3f813f9a30daa9,2021-09-19,EREDIVISIE,2021-22,LEAGUE,,PSV Eindhoven,Feyenoord Rotterdam,0,4,A,Netherlands,Eredivisie,football-data.co.uk
league_80acce0f156834e7,2021-09-19,EREDIVISIE,2021-22,LEAGUE,,Vitesse,Twente,1,4,A,Netherlands,Eredivisie,football-data.co.uk
league_686603c498d5bf3c,2021-09-21,EREDIVISIE,2021-22,LEAGUE,,For Sittard,Ajax,0,5,A,Netherlands,Eredivisie,football-data.co.uk
league_7eaaddd8f57c5d01,2021-09-21,EREDIVISIE,2021-22,LEAGUE,,Waalwijk,Willem II,1,2,A,Netherlands,Eredivisie,football-data.co.uk
league_278cff37126a32ff,2021-09-22,EREDIVISIE,2021-22,LEAGUE,,Feyenoord Rotterdam,Heerenveen,3,1,H,Netherlands,Eredivisie,football-data.co.uk
league_3a40c33f7816f67a,2021-09-22,EREDIVISIE,2021-22,LEAGUE,,Go Ahead Eagles,PSV Eindhoven,1,2,A,Netherlands,Eredivisie,football-data.co.uk
league_f83f79fc08fc2ee8,2021-09-22,EREDIVISIE,2021-22,LEAGUE,,Groningen,Vitesse,0,1,A,Netherlands,Eredivisie,football-data.co.uk
league_85122811357e3660,2021-09-22,EREDIVISIE,2021-22,LEAGUE,,Nijmegen,Utrecht,0,3,A,Netherlands,Eredivisie,football-data.co.uk
league_7bda321aa1c6c7f8,2021-09-22,EREDIVISIE,2021-22,LEAGUE,,Zwolle,Sparta Rotterdam,1,1,D,Netherlands,Eredivisie,football-data.co.uk
league_7b0ae2042c1a630a,2021-09-23,EREDIVISIE,2021-22,LEAGUE,,Cambuur,Heracles,2,1,H,Netherlands,Eredivisie,football-data.co.uk
league_da77175880aa9dc6,2021-09-23,EREDIVISIE,2021-22,LEAGUE,,Twente,AZ Alkmaar,3,1,H,Netherlands,Eredivisie,football-data.co.uk
league_e2eaff6a02d3056b,2021-09-25,EREDIVISIE,2021-22,LEAGUE,,Ajax,Groningen,3,0,H,Netherlands,Eredivisie,football-data.co.uk
league_dcd5ea3755595a20,2021-09-25,EREDIVISIE,2021-22,LEAGUE,,Feyenoord Rotterdam,Nijmegen,5,3,H,Netherlands,Eredivisie,football-data.co.uk
league_75e07c8d21ec8ffc,2021-09-25,EREDIVISIE,2021-22,LEAGUE,,Utrecht,Zwolle,5,1,H,Netherlands,Eredivisie,football-data.co.uk
league_8ffb60340f0bcdb8,2021-09-25,EREDIVISIE,2021-22,LEAGUE,,Vitesse,For Sittard,1,1,D,Netherlands,Eredivisie,football-data.co.uk
league_0c40de0bb1054f3b,2021-09-25,EREDIVISIE,2021-22,LEAGUE,,Willem II,PSV Eindhoven,2,1,H,Netherlands,Eredivisie,football-data.co.uk
league_4dbecf89ba98cdae,2021-09-26,EREDIVISIE,2021-22,LEAGUE,,AZ Alkmaar,Go Ahead Eagles,5,0,H,Netherlands,Eredivisie,football-data.co.uk
league_8a67267d4791372f,2021-09-26,EREDIVISIE,2021-22,LEAGUE,,Heerenveen,Twente,2,3,A,Netherlands,Eredivisie,football-data.co.uk
league_ce229a4c23865259,2021-09-26,EREDIVISIE,2021-22,LEAGUE,,Heracles,Waalwijk,1,0,H,Netherlands,Eredivisie,football-data.co.uk
league_6faab136a940ca1d,2021-09-26,EREDIVISIE,2021-22,LEAGUE,,Sparta Rotterdam,Cambuur,0,4,A,Netherlands,Eredivisie,football-data.co.uk
league_ab96526b2e48e4af,2021-10-01,EREDIVISIE,2021-22,LEAGUE,,Groningen,Twente,1,1,D,Netherlands,Eredivisie,football-data.co.uk
league_16bd21a0b339db4b,2021-10-02,EREDIVISIE,2021-22,LEAGUE,,For Sittard,Nijmegen,1,3,A,Netherlands,Eredivisie,football-data.co.uk
league_763eb62264b95cc3,2021-10-02,EREDIVISIE,2021-22,LEAGUE,,Heracles,Willem II,3,2,H,Netherlands,Eredivisie,football-data.co.uk
league_347b15fd51dffa22,2021-10-02,EREDIVISIE,2021-22,LEAGUE,,Waalwijk,Go Ahead Eagles,1,1,D,Netherlands,Eredivisie,football-data.co.uk
league_acd4531cd98ddd4d,2021-10-02,EREDIVISIE,2021-22,LEAGUE,,Zwolle,Heerenveen,0,1,A,Netherlands,Eredivisie,football-data.co.uk
league_43d83c2fe206ffb0,2021-10-03,EREDIVISIE,2021-22,LEAGUE,,Ajax,Utrecht,0,1,A,Netherlands,Eredivisie,football-data.co.uk
league_93f56028a92f32a9,2021-10-03,EREDIVISIE,2021-22,LEAGUE,,Cambuur,AZ Alkmaar,1,3,A,Netherlands,Eredivisie,football-data.co.uk
league_d987ad1aff14a6a3,2021-10-03,EREDIVISIE,2021-22,LEAGUE,,PSV Eindhoven,Sparta Rotterdam,2,1,H,Netherlands,Eredivisie,football-data.co.uk
league_2cae934085da4c30,2021-10-03,EREDIVISIE,2021-22,LEAGUE,,Vitesse,Feyenoord Rotterdam,2,1,H,Netherlands,Eredivisie,football-data.co.uk
league_fca4d3fef697bf0f,2021-10-16,EREDIVISIE,2021-22,LEAGUE,,Feyenoord Rotterdam,Waalwijk,2,2,D,Netherlands,Eredivisie,football-data.co.uk
league_f339b41308a26b81,2021-10-16,EREDIVISIE,2021-22,LEAGUE,,For Sittard,Cambuur,1,0,H,Netherlands,Eredivisie,football-data.co.uk
league_17f52fc8ef53e33a,2021-10-16,EREDIVISIE,2021-22,LEAGUE,,Go Ahead Eagles,Heracles,4,2,H,Netherlands,Eredivisie,football-data.co.uk
league_f6d9ba7ea3dacf70,2021-10-16,EREDIVISIE,2021-22,LEAGUE,,Heerenveen,Ajax,0,2,A,Netherlands,Eredivisie,football-data.co.uk
league_9e4375571a0637c4,2021-10-16,EREDIVISIE,2021-22,LEAGUE,,PSV Eindhoven,Zwolle,3,1,H,Netherlands,Eredivisie,football-data.co.uk
league_d933bd24b6c35863,2021-10-17,EREDIVISIE,2021-22,LEAGUE,,AZ Alkmaar,Utrecht,5,1,H,Netherlands,Eredivisie,football-data.co.uk
league_70d719b5f0237a76,2021-10-17,EREDIVISIE,2021-22,LEAGUE,,Nijmegen,Vitesse,0,1,A,Netherlands,Eredivisie,football-data.co.uk
league_b742362afad53800,2021-10-17,EREDIVISIE,2021-22,LEAGUE,,Sparta Rotterdam,Groningen,1,1,D,Netherlands,Eredivisie,football-data.co.uk
league_dabc17a1081ff456,2021-10-17,EREDIVISIE,2021-22,LEAGUE,,Twente,Willem II,1,1,D,Netherlands,Eredivisie,football-data.co.uk
league_794206d5638775ca,2021-10-22,EREDIVISIE,2021-22,LEAGUE,,Willem II,For Sittard,1,1,D,Netherlands,Eredivisie,football-data.co.uk
league_8d35de518e9f87f4,2021-10-23,EREDIVISIE,2021-22,LEAGUE,,Utrecht,Heerenveen,2,1,H,Netherlands,Eredivisie,football-data.co.uk
league_fb64b229c3c8d857,2021-10-23,EREDIVISIE,2021-22,LEAGUE,,Waalwijk,Sparta Rotterdam,1,0,H,Netherlands,Eredivisie,football-data.co.uk
league_3cff0aa711a58cf6,2021-10-23,EREDIVISIE,2021-22,LEAGUE,,Zwolle,Heracles,1,0,H,Netherlands,Eredivisie,football-data.co.uk
league_7614085041826f51,2021-10-24,EREDIVISIE,2021-22,LEAGUE,,Ajax,PSV Eindhoven,5,0,H,Netherlands,Eredivisie,football-data.co.uk
league_eb035cae982d51f7,2021-10-24,EREDIVISIE,2021-22,LEAGUE,,Cambuur,Feyenoord Rotterdam,2,3,A,Netherlands,Eredivisie,football-data.co.uk
league_c3a5c00ca4e7eebc,2021-10-24,EREDIVISIE,2021-22,LEAGUE,,Groningen,AZ Alkmaar,2,0,H,Netherlands,Eredivisie,football-data.co.uk
league_ba5972480af4900f,2021-10-24,EREDIVISIE,2021-22,LEAGUE,,Twente,Nijmegen,1,2,A,Netherlands,Eredivisie,football-data.co.uk
league_209727cafb769c72,2021-10-24,EREDIVISIE,2021-22,LEAGUE,,Vitesse,Go Ahead Eagles,1,2,A,Netherlands,Eredivisie,football-data.co.uk
league_a4b2bec31ddc556b,2021-10-30,EREDIVISIE,2021-22,LEAGUE,,AZ Alkmaar,Zwolle,3,2,H,Netherlands,Eredivisie,football-data.co.uk
league_a1021f89b46daa92,2021-10-30,EREDIVISIE,2021-22,LEAGUE,,Heerenveen,Vitesse,1,2,A,Netherlands,Eredivisie,football-data.co.uk
league_5c9f7f3becf60039,2021-10-30,EREDIVISIE,2021-22,LEAGUE,,Heracles,Ajax,0,0,D,Netherlands,Eredivisie,football-data.co.uk
league_2e54fcd4bff1d44b,2021-10-30,EREDIVISIE,2021-22,LEAGUE,,PSV Eindhoven,Twente,5,2,H,Netherlands,Eredivisie,football-data.co.uk
league_3f66c992bf801aeb,2021-10-31,EREDIVISIE,2021-22,LEAGUE,,Go Ahead Eagles,For Sittard,4,3,H,Netherlands,Eredivisie,football-data.co.uk
league_dc3c9875d9a28d7f,2021-10-31,EREDIVISIE,2021-22,LEAGUE,,Nijmegen,Groningen,3,0,H,Netherlands,Eredivisie,football-data.co.uk
league_05afd84a37c4e1dc,2021-10-31,EREDIVISIE,2021-22,LEAGUE,,Sparta Rotterdam,Feyenoord Rotterdam,0,1,A,Netherlands,Eredivisie,football-data.co.uk
league_4b0bcc3512e3e5e6,2021-10-31,EREDIVISIE,2021-22,LEAGUE,,Utrecht,Willem II,5,1,H,Netherlands,Eredivisie,football-data.co.uk
league_5a03f1f905445363,2021-10-31,EREDIVISIE,2021-22,LEAGUE,,Waalwijk,Cambuur,0,1,A,Netherlands,Eredivisie,football-data.co.uk
league_0b480ccc71df6a30,2021-11-05,EREDIVISIE,2021-22,LEAGUE,,Twente,Heracles,1,0,H,Netherlands,Eredivisie,football-data.co.uk
league_900f20910acc7248,2021-11-06,EREDIVISIE,2021-22,LEAGUE,,Nijmegen,Heerenveen,1,1,D,Netherlands,Eredivisie,football-data.co.uk
league_ec47eea6dc3f1085,2021-11-06,EREDIVISIE,2021-22,LEAGUE,,Willem II,Sparta Rotterdam,0,3,A,Netherlands,Eredivisie,football-data.co.uk
league_38ca0f5239689838,2021-11-06,EREDIVISIE,2021-22,LEAGUE,,Zwolle,Cambuur,1,2,A,Netherlands,Eredivisie,football-data.co.uk
league_8223a6c16c1e15c1,2021-11-07,EREDIVISIE,2021-22,LEAGUE,,Ajax,Go Ahead Eagles,0,0,D,Netherlands,Eredivisie,football-data.co.uk
league_4d213a53d983ff27,2021-11-07,EREDIVISIE,2021-22,LEAGUE,,Feyenoord Rotterdam,AZ Alkmaar,1,0,H,Netherlands,Eredivisie,football-data.co.uk
league_367af1da4af8a10b,2021-11-07,EREDIVISIE,2021-22,LEAGUE,,For Sittard,PSV Eindhoven,1,4,A,Netherlands,Eredivisie,football-data.co.uk
league_8afc577982048ecb,2021-11-07,EREDIVISIE,2021-22,LEAGUE,,Groningen,Waalwijk,1,1,D,Netherlands,Eredivisie,football-data.co.uk
league_ec22c2ef13274b86,2021-11-07,EREDIVISIE,2021-22,LEAGUE,,Vitesse,Utrecht,2,1,H,Netherlands,Eredivisie,football-data.co.uk
league_a149e7045e6b4580,2021-11-20,EREDIVISIE,2021-22,LEAGUE,,AZ Alkmaar,Nijmegen,1,1,D,Netherlands,Eredivisie,football-data.co.uk
league_ce12d46a420fc5ff,2021-11-20,EREDIVISIE,2021-22,LEAGUE,,Heracles,For Sittard,3,1,H,Netherlands,Eredivisie,football-data.co.uk
league_325550a31f316049,2021-11-20,EREDIVISIE,2021-22,LEAGUE,,PSV Eindhoven,Vitesse,2,0,H,Netherlands,Eredivisie,football-data.co.uk
league_565675a4674f1ff4,2021-11-20,EREDIVISIE,2021-22,LEAGUE,,Sparta Rotterdam,Twente,0,1,A,Netherlands,Eredivisie,football-data.co.uk
league_21270e1f47ccf101,2021-11-21,EREDIVISIE,2021-22,LEAGUE,,Cambuur,Utrecht,2,1,H,Netherlands,Eredivisie,football-data.co.uk
league_a509758ace6028d6,2021-11-21,EREDIVISIE,2021-22,LEAGUE,,Feyenoord Rotterdam,Zwolle,4,0,H,Netherlands,Eredivisie,football-data.co.uk
league_70c33457049e7a3a,2021-11-21,EREDIVISIE,2021-22,LEAGUE,,Go Ahead Eagles,Groningen,0,1,A,Netherlands,Eredivisie,football-data.co.uk
league_f0ad66648c2a5f79,2021-11-21,EREDIVISIE,2021-22,LEAGUE,,Heerenveen,Willem II,2,1,H,Netherlands,Eredivisie,football-data.co.uk
league_5a0a3051c6c4d54a,2021-11-21,EREDIVISIE,2021-22,LEAGUE,,Waalwijk,Ajax,0,5,A,Netherlands,Eredivisie,football-data.co.uk
league_cb58eadd1f93977e,2021-11-26,EREDIVISIE,2021-22,LEAGUE,,Nijmegen,Cambuur,2,3,A,Netherlands,Eredivisie,football-data.co.uk
league_edf62dcf8adc217d,2021-11-27,EREDIVISIE,2021-22,LEAGUE,,For Sittard,Groningen,1,4,A,Netherlands,Eredivisie,football-data.co.uk
league_048b18636a690ebe,2021-11-27,EREDIVISIE,2021-22,LEAGUE,,Willem II,Go Ahead Eagles,0,1,A,Netherlands,Eredivisie,football-data.co.uk
league_14928d0af23a91b5,2021-11-27,EREDIVISIE,2021-22,LEAGUE,,Zwolle,Waalwijk,0,0,D,Netherlands,Eredivisie,football-data.co.uk
league_58155e3642f2d79d,2021-11-28,EREDIVISIE,2021-22,LEAGUE,,Heerenveen,PSV Eindhoven,1,1,D,Netherlands,Eredivisie,football-data.co.uk
league_b1b0265695bc6d06,2021-11-28,EREDIVISIE,2021-22,LEAGUE,,Sparta Rotterdam,Ajax,0,1,A,Netherlands,Eredivisie,football-data.co.uk
league_1b95aef4a788b16d,2021-11-28,EREDIVISIE,2021-22,LEAGUE,,Twente,Feyenoord Rotterdam,0,0,D,Netherlands,Eredivisie,football-data.co.uk
league_47ef10701b559fde,2021-11-28,EREDIVISIE,2021-22,LEAGUE,,Utrecht,Heracles,1,0,H,Netherlands,Eredivisie,football-data.co.uk
league_3c7ac7290c63a7bf,2021-11-28,EREDIVISIE,2021-22,LEAGUE,,Vitesse,AZ Alkmaar,0,0,D,Netherlands,Eredivisie,football-data.co.uk
league_3141469112804910,2021-12-01,EREDIVISIE,2021-22,LEAGUE,,Feyenoord Rotterdam,Heracles,2,1,H,Netherlands,Eredivisie,football-data.co.uk
league_413f2d9782bea287,2021-12-02,EREDIVISIE,2021-22,LEAGUE,,AZ Alkmaar,For Sittard,2,1,H,Netherlands,Eredivisie,football-data.co.uk
league_8ced0b66aa84720e,2021-12-02,EREDIVISIE,2021-22,LEAGUE,,Ajax,Willem II,5,0,H,Netherlands,Eredivisie,football-data.co.uk
league_27a181e79f0e2a36,2021-12-03,EREDIVISIE,2021-22,LEAGUE,,Groningen,Zwolle,1,1,D,Netherlands,Eredivisie,football-data.co.uk
league_d606a20b53677498,2021-12-04,EREDIVISIE,2021-22,LEAGUE,,Cambuur,Vitesse,1,6,A,Netherlands,Eredivisie,football-data.co.uk
league_aabf71354256c403,2021-12-04,EREDIVISIE,2021-22,LEAGUE,,Heracles,Heerenveen,0,1,A,Netherlands,Eredivisie,football-data.co.uk
league_ee51d850b9e61b5a,2021-12-04,EREDIVISIE,2021-22,LEAGUE,,PSV Eindhoven,Utrecht,4,1,H,Netherlands,Eredivisie,football-data.co.uk
league_e15124c580a55555,2021-12-05,EREDIVISIE,2021-22,LEAGUE,,AZ Alkmaar,Sparta Rotterdam,3,1,H,Netherlands,Eredivisie,football-data.co.uk
league_1d3a0574d94f5f85,2021-12-05,EREDIVISIE,2021-22,LEAGUE,,Feyenoord Rotterdam,For Sittard,5,0,H,Netherlands,Eredivisie,football-data.co.uk
league_117c76b944f59d82,2021-12-05,EREDIVISIE,2021-22,LEAGUE,,Go Ahead Eagles,Twente,1,2,A,Netherlands,Eredivisie,football-data.co.uk
league_048c83a4dbb06ef2,2021-12-05,EREDIVISIE,2021-22,LEAGUE,,Waalwijk,Nijmegen,2,1,H,Netherlands,Eredivisie,football-data.co.uk
league_de04d99daf94b775,2021-12-10,EREDIVISIE,2021-22,LEAGUE,,Willem II,Cambuur,1,3,A,Netherlands,Eredivisie,football-data.co.uk
league_228e80cb46ac65f3,2021-12-11,EREDIVISIE,2021-22,LEAGUE,,Heerenveen,Sparta Rotterdam,0,0,D,Netherlands,Eredivisie,football-data.co.uk
league_323ffec7ea20408c,2021-12-11,EREDIVISIE,2021-22,LEAGUE,,Utrecht,Go Ahead Eagles,0,0,D,Netherlands,Eredivisie,football-data.co.uk
league_0aab312e2c1973c6,2021-12-11,EREDIVISIE,2021-22,LEAGUE,,Zwolle,For Sittard,0,1,A,Netherlands,Eredivisie,football-data.co.uk
league_fd95a5f02a4c8a2f,2021-12-12,EREDIVISIE,2021-22,LEAGUE,,Ajax,AZ Alkmaar,1,2,A,Netherlands,Eredivisie,football-data.co.uk
league_021baaf21ed86521,2021-12-12,EREDIVISIE,2021-22,LEAGUE,,Groningen,Feyenoord Rotterdam,1,1,D,Netherlands,Eredivisie,football-data.co.uk
league_b45a17f6007e947c,2021-12-12,EREDIVISIE,2021-22,LEAGUE,,Nijmegen,PSV Eindhoven,1,2,A,Netherlands,Eredivisie,football-data.co.uk
league_ea604da149104f80,2021-12-12,EREDIVISIE,2021-22,LEAGUE,,Twente,Waalwijk,2,1,H,Netherlands,Eredivisie,football-data.co.uk
league_a5776cb389a37a2b,2021-12-12,EREDIVISIE,2021-22,LEAGUE,,Vitesse,Heracles,2,1,H,Netherlands,Eredivisie,football-data.co.uk
league_4de00ea52c4534f3,2021-12-18,EREDIVISIE,2021-22,LEAGUE,,AZ Alkmaar,Willem II,4,1,H,Netherlands,Eredivisie,football-data.co.uk
league_e73bf6163db97421,2021-12-18,EREDIVISIE,2021-22,LEAGUE,,For Sittard,Utrecht,2,2,D,Netherlands,Eredivisie,football-data.co.uk
league_47369a7583613944,2021-12-18,EREDIVISIE,2021-22,LEAGUE,,Heracles,Groningen,4,2,H,Netherlands,Eredivisie,football-data.co.uk
league_cdb0226a1392fcc8,2021-12-18,EREDIVISIE,2021-22,LEAGUE,,Sparta Rotterdam,Vitesse,2,2,D,Netherlands,Eredivisie,football-data.co.uk
league_4fc3a55d782ee5ae,2021-12-18,EREDIVISIE,2021-22,LEAGUE,,Zwolle,Twente,1,3,A,Netherlands,Eredivisie,football-data.co.uk
league_1d9b9f0d013d7b1c,2021-12-19,EREDIVISIE,2021-22,LEAGUE,,Cambuur,Heerenveen,1,2,A,Netherlands,Eredivisie,football-data.co.uk
league_f559676f24f028f5,2021-12-19,EREDIVISIE,2021-22,LEAGUE,,Feyenoord Rotterdam,Ajax,0,2,A,Netherlands,Eredivisie,football-data.co.uk
league_5ad16a004114304d,2021-12-19,EREDIVISIE,2021-22,LEAGUE,,Go Ahead Eagles,Nijmegen,0,2,A,Netherlands,Eredivisie,football-data.co.uk
league_ae131206ff8dcf06,2021-12-19,EREDIVISIE,2021-22,LEAGUE,,Waalwijk,PSV Eindhoven,1,4,A,Netherlands,Eredivisie,football-data.co.uk
league_3e9ff52efe83d77e,2021-12-21,EREDIVISIE,2021-22,LEAGUE,,AZ Alkmaar,Groningen,1,0,H,Netherlands,Eredivisie,football-data.co.uk
league_574f7dcb64dd9264,2021-12-21,EREDIVISIE,2021-22,LEAGUE,,Vitesse,Zwolle,1,0,H,Netherlands,Eredivisie,football-data.co.uk
league_648fb7e8b51579d2,2021-12-22,EREDIVISIE,2021-22,LEAGUE,,Ajax,For Sittard,5,0,H,Netherlands,Eredivisie,football-data.co.uk
league_37bd3141ea832702,2021-12-22,EREDIVISIE,2021-22,LEAGUE,,Heerenveen,Feyenoord Rotterdam,0,3,A,Netherlands,Eredivisie,football-data.co.uk
league_2b2cba0686459eb8,2021-12-22,EREDIVISIE,2021-22,LEAGUE,,Heracles,Cambuur,1,1,D,Netherlands,Eredivisie,football-data.co.uk
league_64b6f68531ac2f15,2021-12-22,EREDIVISIE,2021-22,LEAGUE,,Utrecht,Twente,1,1,D,Netherlands,Eredivisie,football-data.co.uk
league_c99a9d5b4c2b2806,2021-12-22,EREDIVISIE,2021-22,LEAGUE,,Willem II,Nijmegen,0,1,A,Netherlands,Eredivisie,football-data.co.uk
league_7a68b592e2b03fdb,2021-12-23,EREDIVISIE,2021-22,LEAGUE,,PSV Eindhoven,Go Ahead Eagles,2,0,H,Netherlands,Eredivisie,football-data.co.uk
league_db0a406fa7bc4fea,2021-12-23,EREDIVISIE,2021-22,LEAGUE,,Sparta Rotterdam,Waalwijk,1,1,D,Netherlands,Eredivisie,football-data.co.uk
league_d6594e41a650af94,2022-01-14,EREDIVISIE,2021-22,LEAGUE,,Zwolle,Willem II,2,0,H,Netherlands,Eredivisie,football-data.co.uk
league_b1b3292c33a5f0bf,2022-01-15,EREDIVISIE,2021-22,LEAGUE,,Feyenoord Rotterdam,Vitesse,0,1,A,Netherlands,Eredivisie,football-data.co.uk
league_4681eac3471c08fe,2022-01-15,EREDIVISIE,2021-22,LEAGUE,,Go Ahead Eagles,Waalwijk,0,2,A,Netherlands,Eredivisie,football-data.co.uk
league_5763bb64a46a842c,2022-01-15,EREDIVISIE,2021-22,LEAGUE,,Nijmegen,Heracles,0,0,D,Netherlands,Eredivisie,football-data.co.uk
league_d6ebfdca2e2319b0,2022-01-15,EREDIVISIE,2021-22,LEAGUE,,Twente,Heerenveen,2,0,H,Netherlands,Eredivisie,football-data.co.uk
league_6585f61fc5d83cbf,2022-01-16,EREDIVISIE,2021-22,LEAGUE,,Cambuur,Sparta Rotterdam,1,1,D,Netherlands,Eredivisie,football-data.co.uk
league_c790e8a13c218fd5,2022-01-16,EREDIVISIE,2021-22,LEAGUE,,For Sittard,AZ Alkmaar,1,2,A,Netherlands,Eredivisie,football-data.co.uk
league_41939ce23f670926,2022-01-16,EREDIVISIE,2021-22,LEAGUE,,Groningen,PSV Eindhoven,0,1,A,Netherlands,Eredivisie,football-data.co.uk
league_0a98d0b2b964d33c,2022-01-16,EREDIVISIE,2021-22,LEAGUE,,Utrecht,Ajax,0,3,A,Netherlands,Eredivisie,football-data.co.uk
league_f41f961f0003bd6b,2022-01-22,EREDIVISIE,2021-22,LEAGUE,,AZ Alkmaar,Cambuur,0,0,D,Netherlands,Eredivisie,football-data.co.uk
league_4cef321c860cc6df,2022-01-22,EREDIVISIE,2021-22,LEAGUE,,Heerenveen,Zwolle,0,1,A,Netherlands,Eredivisie,football-data.co.uk
league_aa7a58b439891f9d,2022-01-22,EREDIVISIE,2021-22,LEAGUE,,Vitesse,Groningen,1,3,A,Netherlands,Eredivisie,football-data.co.uk
league_b136d36dff264e0b,2022-01-22,EREDIVISIE,2021-22,LEAGUE,,Willem II,Twente,0,1,A,Netherlands,Eredivisie,football-data.co.uk
league_477b7328299b3578,2022-01-23,EREDIVISIE,2021-22,LEAGUE,,Heracles,Go Ahead Eagles,1,1,D,Netherlands,Eredivisie,football-data.co.uk
league_4dd2b325673c3b13,2022-01-23,EREDIVISIE,2021-22,LEAGUE,,Nijmegen,Feyenoord Rotterdam,1,4,A,Netherlands,Eredivisie,football-data.co.uk
league_70099f8b5c972654,2022-01-23,EREDIVISIE,2021-22,LEAGUE,,PSV Eindhoven,Ajax,1,2,A,Netherlands,Eredivisie,football-data.co.uk
league_8e97ded7ae10287f,2022-01-23,EREDIVISIE,2021-22,LEAGUE,,Sparta Rotterdam,Utrecht,0,3,A,Netherlands,Eredivisie,football-data.co.uk
league_25096b912c487ce3,2022-01-23,EREDIVISIE,2021-22,LEAGUE,,Waalwijk,For Sittard,2,1,H,Netherlands,Eredivisie,football-data.co.uk
league_b18567c0069538df,2022-02-05,EREDIVISIE,2021-22,LEAGUE,,For Sittard,Heerenveen,2,0,H,Netherlands,Eredivisie,football-data.co.uk
league_ba226fa3562faa4e,2022-02-05,EREDIVISIE,2021-22,LEAGUE,,PSV Eindhoven,AZ Alkmaar,1,2,A,Netherlands,Eredivisie,football-data.co.uk
league_bece1d393645e5fe,2022-02-05,EREDIVISIE,2021-22,LEAGUE,,Twente,Vitesse,3,0,H,Netherlands,Eredivisie,football-data.co.uk
league_82179d79e1227c9c,2022-02-05,EREDIVISIE,2021-22,LEAGUE,,Utrecht,Cambuur,3,2,H,Netherlands,Eredivisie,football-data.co.uk
league_e42984bda4c23adb,2022-02-05,EREDIVISIE,2021-22,LEAGUE,,Zwolle,Nijmegen,1,1,D,Netherlands,Eredivisie,football-data.co.uk
league_d06f2d0af3a5d36c,2022-02-06,EREDIVISIE,2021-22,LEAGUE,,Ajax,Heracles,3,0,H,Netherlands,Eredivisie,football-data.co.uk
league_4fbacd172b615750,2022-02-06,EREDIVISIE,2021-22,LEAGUE,,Feyenoord Rotterdam,Sparta Rotterdam,4,0,H,Netherlands,Eredivisie,football-data.co.uk
league_2f259c8c02100877,2022-02-06,EREDIVISIE,2021-22,LEAGUE,,Groningen,Go Ahead Eagles,2,1,H,Netherlands,Eredivisie,football-data.co.uk
league_23fd73dad2daaf99,2022-02-06,EREDIVISIE,2021-22,LEAGUE,,Willem II,Waalwijk,3,1,H,Netherlands,Eredivisie,football-data.co.uk
league_0cb12c576bdc01ed,2022-02-11,EREDIVISIE,2021-22,LEAGUE,,Heracles,Utrecht,1,0,H,Netherlands,Eredivisie,football-data.co.uk
league_fb0e8b649a4269b5,2022-02-12,EREDIVISIE,2021-22,LEAGUE,,Cambuur,Zwolle,3,4,A,Netherlands,Eredivisie,football-data.co.uk
league_ec9f9c6d2f516b87,2022-02-12,EREDIVISIE,2021-22,LEAGUE,,Groningen,For Sittard,0,1,A,Netherlands,Eredivisie,football-data.co.uk
league_db84944b445001d8,2022-02-12,EREDIVISIE,2021-22,LEAGUE,,Vitesse,PSV Eindhoven,0,5,A,Netherlands,Eredivisie,football-data.co.uk
league_cde9d8952107e20f,2022-02-13,EREDIVISIE,2021-22,LEAGUE,,Ajax,Twente,5,0,H,Netherlands,Eredivisie,football-data.co.uk
league_e652f08b1d97abc5,2022-02-13,EREDIVISIE,2021-22,LEAGUE,,Go Ahead Eagles,AZ Alkmaar,1,4,A,Netherlands,Eredivisie,football-data.co.uk
league_452ea3731bf34e7b,2022-02-13,EREDIVISIE,2021-22,LEAGUE,,Heerenveen,Nijmegen,0,1,A,Netherlands,Eredivisie,football-data.co.uk
league_37aa2393936d606c,2022-02-13,EREDIVISIE,2021-22,LEAGUE,,Sparta Rotterdam,Willem II,1,0,H,Netherlands,Eredivisie,football-data.co.uk
league_24ca4e02a70fbc78,2022-02-13,EREDIVISIE,2021-22,LEAGUE,,Waalwijk,Feyenoord Rotterdam,0,2,A,Netherlands,Eredivisie,football-data.co.uk
league_9d5734ae5b246f7f,2022-02-19,EREDIVISIE,2021-22,LEAGUE,,AZ Alkmaar,Heracles,2,1,H,Netherlands,Eredivisie,football-data.co.uk
league_332b18b907dc0f9f,2022-02-19,EREDIVISIE,2021-22,LEAGUE,,Nijmegen,Waalwijk,1,1,D,Netherlands,Eredivisie,football-data.co.uk
league_f52e54cb292406ab,2022-02-19,EREDIVISIE,2021-22,LEAGUE,,Willem II,Ajax,0,1,A,Netherlands,Eredivisie,football-data.co.uk
league_9643c4e3af723ecd,2022-02-20,EREDIVISIE,2021-22,LEAGUE,,Feyenoord Rotterdam,Cambuur,3,1,H,Netherlands,Eredivisie,football-data.co.uk
league_0b7c84746205bd8a,2022-02-20,EREDIVISIE,2021-22,LEAGUE,,PSV Eindhoven,Heerenveen,3,1,H,Netherlands,Eredivisie,football-data.co.uk
league_1f20d464a1e74367,2022-02-20,EREDIVISIE,2021-22,LEAGUE,,Twente,Go Ahead Eagles,2,2,D,Netherlands,Eredivisie,football-data.co.uk
league_5b5c50c0fc3f16d4,2022-02-20,EREDIVISIE,2021-22,LEAGUE,,Utrecht,Vitesse,1,1,D,Netherlands,Eredivisie,football-data.co.uk
league_9268bb86f0541ba8,2022-02-20,EREDIVISIE,2021-22,LEAGUE,,Zwolle,Groningen,1,1,D,Netherlands,Eredivisie,football-data.co.uk
league_ca4e7bcf48929cf3,2022-02-25,EREDIVISIE,2021-22,LEAGUE,,Waalwijk,Twente,1,2,A,Netherlands,Eredivisie,football-data.co.uk
league_2b93cc8bd2df5351,2022-02-26,EREDIVISIE,2021-22,LEAGUE,,Cambuur,For Sittard,2,1,H,Netherlands,Eredivisie,football-data.co.uk
league_3a3c5dc3670da3f8,2022-02-26,EREDIVISIE,2021-22,LEAGUE,,Groningen,Willem II,1,0,H,Netherlands,Eredivisie,football-data.co.uk
league_f999a8f74a91fd2a,2022-02-26,EREDIVISIE,2021-22,LEAGUE,,Heracles,Zwolle,2,0,H,Netherlands,Eredivisie,football-data.co.uk
league_64c5df56545c4915,2022-02-27,EREDIVISIE,2021-22,LEAGUE,,AZ Alkmaar,Feyenoord Rotterdam,2,1,H,Netherlands,Eredivisie,football-data.co.uk
league_b961bc47a3dc5b06,2022-02-27,EREDIVISIE,2021-22,LEAGUE,,Go Ahead Eagles,Ajax,2,1,H,Netherlands,Eredivisie,football-data.co.uk
league_96931beaf18b33ec,2022-02-27,EREDIVISIE,2021-22,LEAGUE,,Heerenveen,Utrecht,1,2,A,Netherlands,Eredivisie,football-data.co.uk
league_6b514b6d15e524d8,2022-02-27,EREDIVISIE,2021-22,LEAGUE,,Sparta Rotterdam,PSV Eindhoven,1,2,A,Netherlands,Eredivisie,football-data.co.uk
league_824765eae9226cbf,2022-02-27,EREDIVISIE,2021-22,LEAGUE,,Vitesse,Nijmegen,4,1,H,Netherlands,Eredivisie,football-data.co.uk
league_5f6fd0e600dce495,2022-03-05,EREDIVISIE,2021-22,LEAGUE,,Feyenoord Rotterdam,Groningen,1,1,D,Netherlands,Eredivisie,football-data.co.uk
league_4e2f2398e01356ab,2022-03-05,EREDIVISIE,2021-22,LEAGUE,,Go Ahead Eagles,Utrecht,1,1,D,Netherlands,Eredivisie,football-data.co.uk
league_d2c63a7c7437b68e,2022-03-05,EREDIVISIE,2021-22,LEAGUE,,Willem II,Heerenveen,0,0,D,Netherlands,Eredivisie,football-data.co.uk
league_68bd44c4b07e26a6,2022-03-06,EREDIVISIE,2021-22,LEAGUE,,Ajax,Waalwijk,3,2,H,Netherlands,Eredivisie,football-data.co.uk
league_7f5a9322d10210d1,2022-03-06,EREDIVISIE,2021-22,LEAGUE,,For Sittard,Zwolle,0,1,A,Netherlands,Eredivisie,football-data.co.uk
league_e0831e14578a998a,2022-03-06,EREDIVISIE,2021-22,LEAGUE,,Nijmegen,AZ Alkmaar,1,3,A,Netherlands,Eredivisie,football-data.co.uk
league_5ffa22cff0b05604,2022-03-06,EREDIVISIE,2021-22,LEAGUE,,PSV Eindhoven,Heracles,3,1,H,Netherlands,Eredivisie,football-data.co.uk
league_29e7854279225953,2022-03-06,EREDIVISIE,2021-22,LEAGUE,,Twente,Cambuur,1,0,H,Netherlands,Eredivisie,football-data.co.uk
league_5fd7d706a244c3f6,2022-03-11,EREDIVISIE,2021-22,LEAGUE,,Cambuur,Ajax,2,3,A,Netherlands,Eredivisie,football-data.co.uk
league_92e37504f07b4b06,2022-03-12,EREDIVISIE,2021-22,LEAGUE,,Groningen,Nijmegen,4,3,H,Netherlands,Eredivisie,football-data.co.uk
league_870bf914d9dc1931,2022-03-12,EREDIVISIE,2021-22,LEAGUE,,Sparta Rotterdam,Go Ahead Eagles,1,0,H,Netherlands,Eredivisie,football-data.co.uk
league_18b6b685ad0b4fe6,2022-03-12,EREDIVISIE,2021-22,LEAGUE,,Waalwijk,Heerenveen,0,0,D,Netherlands,Eredivisie,football-data.co.uk
league_cb25a397b606677b,2022-03-13,EREDIVISIE,2021-22,LEAGUE,,AZ Alkmaar,Twente,0,1,A,Netherlands,Eredivisie,football-data.co.uk
league_602cf03f247eeabc,2022-03-13,EREDIVISIE,2021-22,LEAGUE,,For Sittard,Willem II,1,0,H,Netherlands,Eredivisie,football-data.co.uk
league_971c4be7a2d741cb,2022-03-13,EREDIVISIE,2021-22,LEAGUE,,Heracles,Vitesse,0,0,D,Netherlands,Eredivisie,football-data.co.uk
league_eb961f29a274986c,2022-03-13,EREDIVISIE,2021-22,LEAGUE,,Utrecht,PSV Eindhoven,0,1,A,Netherlands,Eredivisie,football-data.co.uk
league_f52504c783534574,2022-03-13,EREDIVISIE,2021-22,LEAGUE,,Zwolle,Feyenoord Rotterdam,1,2,A,Netherlands,Eredivisie,football-data.co.uk
league_c2ab08e3f4f49338,2022-03-18,EREDIVISIE,2021-22,LEAGUE,,Heerenveen,Heracles,2,0,H,Netherlands,Eredivisie,football-data.co.uk
league_e34c89ec89eac946,2022-03-19,EREDIVISIE,2021-22,LEAGUE,,Go Ahead Eagles,Cambuur,3,0,H,Netherlands,Eredivisie,football-data.co.uk
league_29406373036b03e1,2022-03-19,EREDIVISIE,2021-22,LEAGUE,,Nijmegen,Sparta Rotterdam,0,0,D,Netherlands,Eredivisie,football-data.co.uk
league_3cfbd62fb5455259,2022-03-19,EREDIVISIE,2021-22,LEAGUE,,Twente,Zwolle,1,0,H,Netherlands,Eredivisie,football-data.co.uk
league_cac6dbe99fff24a7,2022-03-20,EREDIVISIE,2021-22,LEAGUE,,Ajax,Feyenoord Rotterdam,3,2,H,Netherlands,Eredivisie,football-data.co.uk
league_fa7deeb425f39833,2022-03-20,EREDIVISIE,2021-22,LEAGUE,,PSV Eindhoven,For Sittard,5,0,H,Netherlands,Eredivisie,football-data.co.uk
league_cc39bcda1946e478,2022-03-20,EREDIVISIE,2021-22,LEAGUE,,Utrecht,Groningen,1,3,A,Netherlands,Eredivisie,football-data.co.uk
league_cde7edeb175c2596,2022-03-20,EREDIVISIE,2021-22,LEAGUE,,Vitesse,Waalwijk,1,2,A,Netherlands,Eredivisie,football-data.co.uk
league_8fd03850cdfa2da8,2022-03-20,EREDIVISIE,2021-22,LEAGUE,,Willem II,AZ Alkmaar,2,2,D,Netherlands,Eredivisie,football-data.co.uk
league_41eae3413b381d30,2022-04-02,EREDIVISIE,2021-22,LEAGUE,,AZ Alkmaar,Vitesse,3,1,H,Netherlands,Eredivisie,football-data.co.uk
league_e5b7db2022c9fff3,2022-04-02,EREDIVISIE,2021-22,LEAGUE,,Feyenoord Rotterdam,Willem II,2,0,H,Netherlands,Eredivisie,football-data.co.uk
league_fb906cf371427870,2022-04-02,EREDIVISIE,2021-22,LEAGUE,,Groningen,Ajax,1,3,A,Netherlands,Eredivisie,football-data.co.uk
league_825e7b8aaee23cff,2022-04-02,EREDIVISIE,2021-22,LEAGUE,,Twente,PSV Eindhoven,3,3,D,Netherlands,Eredivisie,football-data.co.uk
league_81bc4dd42f15f8b5,2022-04-02,EREDIVISIE,2021-22,LEAGUE,,Waalwijk,Utrecht,1,1,D,Netherlands,Eredivisie,football-data.co.uk
league_1e9c97ade5cd28d0,2022-04-03,EREDIVISIE,2021-22,LEAGUE,,Cambuur,Nijmegen,1,2,A,Netherlands,Eredivisie,football-data.co.uk
league_836a1f1a1a3d97d8,2022-04-03,EREDIVISIE,2021-22,LEAGUE,,For Sittard,Heracles,0,2,A,Netherlands,Eredivisie,football-data.co.uk
league_14799ea6de042b08,2022-04-03,EREDIVISIE,2021-22,LEAGUE,,Sparta Rotterdam,Heerenveen,1,1,D,Netherlands,Eredivisie,football-data.co.uk
league_496a62e218fc3df5,2022-04-03,EREDIVISIE,2021-22,LEAGUE,,Zwolle,Go Ahead Eagles,0,1,A,Netherlands,Eredivisie,football-data.co.uk
league_ab01899e150e6345,2022-04-08,EREDIVISIE,2021-22,LEAGUE,,Go Ahead Eagles,Willem II,4,0,H,Netherlands,Eredivisie,football-data.co.uk
league_1900d59999764c81,2022-04-09,EREDIVISIE,2021-22,LEAGUE,,Ajax,Sparta Rotterdam,2,1,H,Netherlands,Eredivisie,football-data.co.uk
league_4401fef26bfaaf6a,2022-04-09,EREDIVISIE,2021-22,LEAGUE,,Nijmegen,Twente,0,2,A,Netherlands,Eredivisie,football-data.co.uk
league_d1bb0f9c8dfbe210,2022-04-09,EREDIVISIE,2021-22,LEAGUE,,Utrecht,For Sittard,1,1,D,Netherlands,Eredivisie,football-data.co.uk
league_fc712f7ea59485e0,2022-04-10,EREDIVISIE,2021-22,LEAGUE,,Heerenveen,Groningen,3,1,H,Netherlands,Eredivisie,football-data.co.uk
league_c85ab961702aa1c6,2022-04-10,EREDIVISIE,2021-22,LEAGUE,,Heracles,Feyenoord Rotterdam,1,4,A,Netherlands,Eredivisie,football-data.co.uk
league_c72975101bb83431,2022-04-10,EREDIVISIE,2021-22,LEAGUE,,PSV Eindhoven,Waalwijk,2,0,H,Netherlands,Eredivisie,football-data.co.uk
league_7181f76c28c8afbb,2022-04-10,EREDIVISIE,2021-22,LEAGUE,,Vitesse,Cambuur,1,0,H,Netherlands,Eredivisie,football-data.co.uk
league_a7df00f29186a5d1,2022-04-10,EREDIVISIE,2021-22,LEAGUE,,Zwolle,AZ Alkmaar,2,1,H,Netherlands,Eredivisie,football-data.co.uk
league_fc104a85da1034f1,2022-04-16,EREDIVISIE,2021-22,LEAGUE,,For Sittard,Sparta Rotterdam,3,0,H,Netherlands,Eredivisie,football-data.co.uk
league_e76490d53bb1c93c,2022-04-19,EREDIVISIE,2021-22,LEAGUE,,Vitesse,Sparta Rotterdam,0,1,A,Netherlands,Eredivisie,football-data.co.uk
league_8dd190708751f4bb,2022-04-22,EREDIVISIE,2021-22,LEAGUE,,Twente,Sparta Rotterdam,2,0,H,Netherlands,Eredivisie,football-data.co.uk
league_ffa7e24a2959cea5,2022-04-23,EREDIVISIE,2021-22,LEAGUE,,AZ Alkmaar,Heerenveen,2,1,H,Netherlands,Eredivisie,football-data.co.uk
league_3f74e36a6eb87b0c,2022-04-23,EREDIVISIE,2021-22,LEAGUE,,Cambuur,PSV Eindhoven,1,2,A,Netherlands,Eredivisie,football-data.co.uk
league_fbfcfb46ff227b6b,2022-04-23,EREDIVISIE,2021-22,LEAGUE,,Nijmegen,Ajax,0,1,A,Netherlands,Eredivisie,football-data.co.uk
league_4186ba1187748ad5,2022-04-23,EREDIVISIE,2021-22,LEAGUE,,Waalwijk,Zwolle,0,2,A,Netherlands,Eredivisie,football-data.co.uk
league_5f1d3ab4c103d187,2022-04-24,EREDIVISIE,2021-22,LEAGUE,,Feyenoord Rotterdam,Utrecht,2,1,H,Netherlands,Eredivisie,football-data.co.uk
league_9552a72a76b6c1f4,2022-04-24,EREDIVISIE,2021-22,LEAGUE,,For Sittard,Go Ahead Eagles,1,0,H,Netherlands,Eredivisie,football-data.co.uk
league_51713e86439bcf76,2022-04-24,EREDIVISIE,2021-22,LEAGUE,,Groningen,Heracles,0,1,A,Netherlands,Eredivisie,football-data.co.uk
league_2bc57e8012137931,2022-04-24,EREDIVISIE,2021-22,LEAGUE,,Willem II,Vitesse,1,0,H,Netherlands,Eredivisie,football-data.co.uk
league_eb83d5eb1b883b4d,2022-04-29,EREDIVISIE,2021-22,LEAGUE,,Utrecht,Nijmegen,1,0,H,Netherlands,Eredivisie,football-data.co.uk
league_eff937e52f7c5867,2022-04-30,EREDIVISIE,2021-22,LEAGUE,,Ajax,Zwolle,3,0,H,Netherlands,Eredivisie,football-data.co.uk
league_f6755f606fec300f,2022-04-30,EREDIVISIE,2021-22,LEAGUE,,Heracles,Twente,1,1,D,Netherlands,Eredivisie,football-data.co.uk
league_bbe60b9cb223a74b,2022-04-30,EREDIVISIE,2021-22,LEAGUE,,Sparta Rotterdam,AZ Alkmaar,1,1,D,Netherlands,Eredivisie,football-data.co.uk
league_ed97c32c817e18ef,2022-05-01,EREDIVISIE,2021-22,LEAGUE,,For Sittard,Feyenoord Rotterdam,1,3,A,Netherlands,Eredivisie,football-data.co.uk
league_783820aa77206403,2022-05-01,EREDIVISIE,2021-22,LEAGUE,,Go Ahead Eagles,Vitesse,1,2,A,Netherlands,Eredivisie,football-data.co.uk
league_732605c751dbb977,2022-05-01,EREDIVISIE,2021-22,LEAGUE,,Heerenveen,Cambuur,3,3,D,Netherlands,Eredivisie,football-data.co.uk
league_bc042f95c14efaf3,2022-05-01,EREDIVISIE,2021-22,LEAGUE,,PSV Eindhoven,Willem II,4,2,H,Netherlands,Eredivisie,football-data.co.uk
league_8d7ca717b086a940,2022-05-01,EREDIVISIE,2021-22,LEAGUE,,Waalwijk,Groningen,3,1,H,Netherlands,Eredivisie,football-data.co.uk
league_6ad2487a0c95bd73,2022-05-06,EREDIVISIE,2021-22,LEAGUE,,Cambuur,Waalwijk,1,1,D,Netherlands,Eredivisie,football-data.co.uk
league_b1bc14b161d6ebad,2022-05-07,EREDIVISIE,2021-22,LEAGUE,,Groningen,Sparta Rotterdam,1,2,A,Netherlands,Eredivisie,football-data.co.uk
league_a481bd7c25ac56be,2022-05-07,EREDIVISIE,2021-22,LEAGUE,,Twente,For Sittard,1,2,A,Netherlands,Eredivisie,football-data.co.uk
league_ee85f75b291e1f9b,2022-05-07,EREDIVISIE,2021-22,LEAGUE,,Willem II,Heracles,2,0,H,Netherlands,Eredivisie,football-data.co.uk
league_b751bf8fac87e0eb,2022-05-07,EREDIVISIE,2021-22,LEAGUE,,Zwolle,Utrecht,1,1,D,Netherlands,Eredivisie,football-data.co.uk
league_de194f97f3123e60,2022-05-08,EREDIVISIE,2021-22,LEAGUE,,AZ Alkmaar,Ajax,2,2,D,Netherlands,Eredivisie,football-data.co.uk
league_6c6e4169641ea021,2022-05-08,EREDIVISIE,2021-22,LEAGUE,,Feyenoord Rotterdam,PSV Eindhoven,2,2,D,Netherlands,Eredivisie,football-data.co.uk
league_8e267ac522f5cc44,2022-05-08,EREDIVISIE,2021-22,LEAGUE,,Nijmegen,Go Ahead Eagles,1,0,H,Netherlands,Eredivisie,football-data.co.uk
league_75a6085fd2ac15c1,2022-05-08,EREDIVISIE,2021-22,LEAGUE,,Vitesse,Heerenveen,1,2,A,Netherlands,Eredivisie,football-data.co.uk
league_aa48d166ff8a7bb3,2022-05-11,EREDIVISIE,2021-22,LEAGUE,,Ajax,Heerenveen,5,0,H,Netherlands,Eredivisie,football-data.co.uk
league_39570b72d39d699a,2022-05-11,EREDIVISIE,2021-22,LEAGUE,,Cambuur,Willem II,1,1,D,Netherlands,Eredivisie,football-data.co.uk
league_94cb06e5e0618bb4,2022-05-11,EREDIVISIE,2021-22,LEAGUE,,For Sittard,Vitesse,1,2,A,Netherlands,Eredivisie,football-data.co.uk
league_56a56bdd9827aa06,2022-05-11,EREDIVISIE,2021-22,LEAGUE,,Go Ahead Eagles,Feyenoord Rotterdam,0,1,A,Netherlands,Eredivisie,football-data.co.uk
league_2e4cfde2c60a9b08,2022-05-11,EREDIVISIE,2021-22,LEAGUE,,PSV Eindhoven,Nijmegen,3,2,H,Netherlands,Eredivisie,football-data.co.uk
league_c83303847f7f1b72,2022-05-11,EREDIVISIE,2021-22,LEAGUE,,Sparta Rotterdam,Zwolle,2,0,H,Netherlands,Eredivisie,football-data.co.uk
league_7c2a4345a1cc50ee,2022-05-11,EREDIVISIE,2021-22,LEAGUE,,Twente,Groningen,3,0,H,Netherlands,Eredivisie,football-data.co.uk
league_ca43de00dc4fc81f,2022-05-11,EREDIVISIE,2021-22,LEAGUE,,Utrecht,AZ Alkmaar,2,2,D,Netherlands,Eredivisie,football-data.co.uk
league_777f832c6cc16dc5,2022-05-11,EREDIVISIE,2021-22,LEAGUE,,Waalwijk,Heracles,2,0,H,Netherlands,Eredivisie,football-data.co.uk
league_2b149fcde25d1439,2022-05-15,EREDIVISIE,2021-22,LEAGUE,,AZ Alkmaar,Waalwijk,1,3,A,Netherlands,Eredivisie,football-data.co.uk
league_82f683ab93df261e,2022-05-15,EREDIVISIE,2021-22,LEAGUE,,Feyenoord Rotterdam,Twente,1,2,A,Netherlands,Eredivisie,football-data.co.uk
league_c9d56ae187bb0bf7,2022-05-15,EREDIVISIE,2021-22,LEAGUE,,Groningen,Cambuur,2,3,A,Netherlands,Eredivisie,football-data.co.uk
league_e7793f202d1a488f,2022-05-15,EREDIVISIE,2021-22,LEAGUE,,Heerenveen,Go Ahead Eagles,3,1,H,Netherlands,Eredivisie,football-data.co.uk
league_73e134f514c6c78c,2022-05-15,EREDIVISIE,2021-22,LEAGUE,,Heracles,Sparta Rotterdam,1,3,A,Netherlands,Eredivisie,football-data.co.uk
league_9d6676d474dfa68b,2022-05-15,EREDIVISIE,2021-22,LEAGUE,,Nijmegen,For Sittard,0,1,A,Netherlands,Eredivisie,football-data.co.uk
league_b3fdcb780eeda719,2022-05-15,EREDIVISIE,2021-22,LEAGUE,,Vitesse,Ajax,2,2,D,Netherlands,Eredivisie,football-data.co.uk
league_f20dea92b13718dd,2022-05-15,EREDIVISIE,2021-22,LEAGUE,,Willem II,Utrecht,3,0,H,Netherlands,Eredivisie,football-data.co.uk
league_7d639d122019c5cf,2022-05-15,EREDIVISIE,2021-22,LEAGUE,,Zwolle,PSV Eindhoven,1,2,A,Netherlands,Eredivisie,football-data.co.uk
league_6e976db3b5043ea2,2022-08-05,EREDIVISIE,2022-23,LEAGUE,,Heerenveen,Sparta Rotterdam,0,0,D,Netherlands,Eredivisie,football-data.co.uk
league_c400f0748ad57eef,2022-08-06,EREDIVISIE,2022-23,LEAGUE,,Cambuur,Excelsior,0,2,A,Netherlands,Eredivisie,football-data.co.uk
league_1647c73d08c1c065,2022-08-06,EREDIVISIE,2022-23,LEAGUE,,For Sittard,Ajax,2,3,A,Netherlands,Eredivisie,football-data.co.uk
league_c64e3c19c8892a3b,2022-08-06,EREDIVISIE,2022-23,LEAGUE,,PSV Eindhoven,FC Emmen,4,1,H,Netherlands,Eredivisie,football-data.co.uk
league_14663bc179946611,2022-08-06,EREDIVISIE,2022-23,LEAGUE,,Waalwijk,Utrecht,2,2,D,Netherlands,Eredivisie,football-data.co.uk
league_ff8b1363ac933383,2022-08-07,EREDIVISIE,2022-23,LEAGUE,,AZ Alkmaar,Go Ahead Eagles,2,0,H,Netherlands,Eredivisie,football-data.co.uk
league_9d2de61e4629ebb2,2022-08-07,EREDIVISIE,2022-23,LEAGUE,,Groningen,Volendam,2,2,D,Netherlands,Eredivisie,football-data.co.uk
league_f8aaa39152953290,2022-08-07,EREDIVISIE,2022-23,LEAGUE,,Nijmegen,Twente,0,1,A,Netherlands,Eredivisie,football-data.co.uk
league_c64a802fddeeee24,2022-08-07,EREDIVISIE,2022-23,LEAGUE,,Vitesse,Feyenoord Rotterdam,2,5,A,Netherlands,Eredivisie,football-data.co.uk
league_0fc6110f051c11c4,2022-08-12,EREDIVISIE,2022-23,LEAGUE,,Excelsior,Vitesse,3,1,H,Netherlands,Eredivisie,football-data.co.uk
league_aa797558ee41ed7d,2022-08-13,EREDIVISIE,2022-23,LEAGUE,,FC Emmen,Waalwijk,1,1,D,Netherlands,Eredivisie,football-data.co.uk
league_8fc12383ac0432bb,2022-08-13,EREDIVISIE,2022-23,LEAGUE,,Feyenoord Rotterdam,Heerenveen,0,0,D,Netherlands,Eredivisie,football-data.co.uk
league_e3ea74db1bc79b6c,2022-08-13,EREDIVISIE,2022-23,LEAGUE,,Go Ahead Eagles,PSV Eindhoven,2,5,A,Netherlands,Eredivisie,football-data.co.uk
league_6935e7afca9b3e59,2022-08-13,EREDIVISIE,2022-23,LEAGUE,,Utrecht,Cambuur,0,0,D,Netherlands,Eredivisie,football-data.co.uk
league_0ddc4804f9d11082,2022-08-14,EREDIVISIE,2022-23,LEAGUE,,Ajax,Groningen,6,1,H,Netherlands,Eredivisie,football-data.co.uk
league_18c21d2cf1f26b0a,2022-08-14,EREDIVISIE,2022-23,LEAGUE,,Sparta Rotterdam,AZ Alkmaar,2,3,A,Netherlands,Eredivisie,football-data.co.uk
league_a1ee6dde1977ffd9,2022-08-14,EREDIVISIE,2022-23,LEAGUE,,Twente,For Sittard,3,0,H,Netherlands,Eredivisie,football-data.co.uk
league_b9648a10b1b095c2,2022-08-14,EREDIVISIE,2022-23,LEAGUE,,Volendam,Nijmegen,1,4,A,Netherlands,Eredivisie,football-data.co.uk
league_26c47e356fabc909,2022-08-20,EREDIVISIE,2022-23,LEAGUE,,FC Emmen,Utrecht,3,2,H,Netherlands,Eredivisie,football-data.co.uk
league_daa780497ca6e0f2,2022-08-20,EREDIVISIE,2022-23,LEAGUE,,For Sittard,Cambuur,1,4,A,Netherlands,Eredivisie,football-data.co.uk
league_8b37a5546e81b85f,2022-08-20,EREDIVISIE,2022-23,LEAGUE,,Vitesse,Heerenveen,0,4,A,Netherlands,Eredivisie,football-data.co.uk
league_f3b149ed91666992,2022-08-21,EREDIVISIE,2022-23,LEAGUE,,Groningen,Go Ahead Eagles,1,0,H,Netherlands,Eredivisie,football-data.co.uk
league_01aa1dc44d69b300,2022-08-21,EREDIVISIE,2022-23,LEAGUE,,Sparta Rotterdam,Ajax,0,1,A,Netherlands,Eredivisie,football-data.co.uk
league_367894b3e99f222b,2022-08-21,EREDIVISIE,2022-23,LEAGUE,,Waalwijk,Feyenoord Rotterdam,0,1,A,Netherlands,Eredivisie,football-data.co.uk
league_fe018ce03e160cb6,2022-08-26,EREDIVISIE,2022-23,LEAGUE,,Nijmegen,Groningen,1,1,D,Netherlands,Eredivisie,football-data.co.uk
league_fed205b9c74af19b,2022-08-27,EREDIVISIE,2022-23,LEAGUE,,Feyenoord Rotterdam,FC Emmen,4,0,H,Netherlands,Eredivisie,football-data.co.uk
league_7ac477a8626c6e61,2022-08-27,EREDIVISIE,2022-23,LEAGUE,,Go Ahead Eagles,Sparta Rotterdam,0,1,A,Netherlands,Eredivisie,football-data.co.uk
league_bbccd3369f7d4569,2022-08-27,EREDIVISIE,2022-23,LEAGUE,,Heerenveen,For Sittard,2,1,H,Netherlands,Eredivisie,football-data.co.uk
league_a7a79502a28e4d8c,2022-08-27,EREDIVISIE,2022-23,LEAGUE,,Vitesse,Waalwijk,2,2,D,Netherlands,Eredivisie,football-data.co.uk
league_61203dc097e5b14e,2022-08-28,EREDIVISIE,2022-23,LEAGUE,,Cambuur,AZ Alkmaar,0,1,A,Netherlands,Eredivisie,football-data.co.uk
league_e99624a08859822b,2022-08-28,EREDIVISIE,2022-23,LEAGUE,,Excelsior,PSV Eindhoven,1,6,A,Netherlands,Eredivisie,football-data.co.uk
league_7c1c1526c74ceb1b,2022-08-28,EREDIVISIE,2022-23,LEAGUE,,Utrecht,Ajax,0,2,A,Netherlands,Eredivisie,football-data.co.uk
league_f4de37a7f69310e9,2022-08-28,EREDIVISIE,2022-23,LEAGUE,,Volendam,Twente,1,0,H,Netherlands,Eredivisie,football-data.co.uk
league_87f3e8ad1fa2fd9f,2022-08-31,EREDIVISIE,2022-23,LEAGUE,,PSV Eindhoven,Volendam,7,1,H,Netherlands,Eredivisie,football-data.co.uk
league_e24f40962acdcbe0,2022-08-31,EREDIVISIE,2022-23,LEAGUE,,Twente,Excelsior,4,0,H,Netherlands,Eredivisie,football-data.co.uk
league_a0f18cfbc97cdb8c,2022-09-01,EREDIVISIE,2022-23,LEAGUE,,AZ Alkmaar,Nijmegen,1,1,D,Netherlands,Eredivisie,football-data.co.uk
league_962299b7e7ffe49f,2022-09-02,EREDIVISIE,2022-23,LEAGUE,,For Sittard,Utrecht,3,4,A,Netherlands,Eredivisie,football-data.co.uk
league_ca9223783e480e6c,2022-09-03,EREDIVISIE,2022-23,LEAGUE,,Ajax,Cambuur,4,0,H,Netherlands,Eredivisie,football-data.co.uk
league_a8e498355da935ca,2022-09-03,EREDIVISIE,2022-23,LEAGUE,,Go Ahead Eagles,Feyenoord Rotterdam,3,4,A,Netherlands,Eredivisie,football-data.co.uk
league_6d155e0105a49fbb,2022-09-03,EREDIVISIE,2022-23,LEAGUE,,Sparta Rotterdam,Volendam,4,0,H,Netherlands,Eredivisie,football-data.co.uk
league_7dfc3fe03d7e901b,2022-09-03,EREDIVISIE,2022-23,LEAGUE,,Twente,PSV Eindhoven,2,1,H,Netherlands,Eredivisie,football-data.co.uk
league_6fac4923e637eb4a,2022-09-04,EREDIVISIE,2022-23,LEAGUE,,FC Emmen,AZ Alkmaar,0,3,A,Netherlands,Eredivisie,football-data.co.uk
league_6b9c063444e8fa7f,2022-09-04,EREDIVISIE,2022-23,LEAGUE,,Groningen,Vitesse,0,1,A,Netherlands,Eredivisie,football-data.co.uk
league_a5fa4b34a14f8d5e,2022-09-04,EREDIVISIE,2022-23,LEAGUE,,Heerenveen,Nijmegen,0,0,D,Netherlands,Eredivisie,football-data.co.uk
league_56eac95db3db8c08,2022-09-04,EREDIVISIE,2022-23,LEAGUE,,Waalwijk,Excelsior,5,2,H,Netherlands,Eredivisie,football-data.co.uk
league_c8543c1e29867d43,2022-09-09,EREDIVISIE,2022-23,LEAGUE,,Volendam,Go Ahead Eagles,2,3,A,Netherlands,Eredivisie,football-data.co.uk
league_506729d8f7101910,2022-09-10,EREDIVISIE,2022-23,LEAGUE,,Ajax,Heerenveen,5,0,H,Netherlands,Eredivisie,football-data.co.uk
league_0ca050a5925712da,2022-09-10,EREDIVISIE,2022-23,LEAGUE,,Excelsior,FC Emmen,2,1,H,Netherlands,Eredivisie,football-data.co.uk
league_419a43811ac09098,2022-09-10,EREDIVISIE,2022-23,LEAGUE,,Nijmegen,For Sittard,1,1,D,Netherlands,Eredivisie,football-data.co.uk
league_78f83459a7370d5d,2022-09-11,EREDIVISIE,2022-23,LEAGUE,,AZ Alkmaar,Twente,1,1,D,Netherlands,Eredivisie,football-data.co.uk
league_1b7023662180128a,2022-09-11,EREDIVISIE,2022-23,LEAGUE,,Cambuur,Groningen,0,1,A,Netherlands,Eredivisie,football-data.co.uk
league_6a38782dc6294f0d,2022-09-11,EREDIVISIE,2022-23,LEAGUE,,Feyenoord Rotterdam,Sparta Rotterdam,3,0,H,Netherlands,Eredivisie,football-data.co.uk
league_325a2970014f2b26,2022-09-11,EREDIVISIE,2022-23,LEAGUE,,PSV Eindhoven,Waalwijk,1,0,H,Netherlands,Eredivisie,football-data.co.uk
league_54aaea0b3a23715a,2022-09-11,EREDIVISIE,2022-23,LEAGUE,,Utrecht,Vitesse,1,0,H,Netherlands,Eredivisie,football-data.co.uk
league_8769bde04ddfacc9,2022-09-16,EREDIVISIE,2022-23,LEAGUE,,Utrecht,Nijmegen,0,0,D,Netherlands,Eredivisie,football-data.co.uk
league_2765bb0facf797f9,2022-09-17,EREDIVISIE,2022-23,LEAGUE,,For Sittard,Excelsior,1,0,H,Netherlands,Eredivisie,football-data.co.uk
league_13b274b3cb97779f,2022-09-17,EREDIVISIE,2022-23,LEAGUE,,Sparta Rotterdam,Groningen,2,1,H,Netherlands,Eredivisie,football-data.co.uk
league_037f7b676fd25733,2022-09-17,EREDIVISIE,2022-23,LEAGUE,,Vitesse,Volendam,1,1,D,Netherlands,Eredivisie,football-data.co.uk
league_d4dd35da772cdde8,2022-09-17,EREDIVISIE,2022-23,LEAGUE,,Waalwijk,Cambuur,5,1,H,Netherlands,Eredivisie,football-data.co.uk
league_d8a62b13b150c7f4,2022-09-18,EREDIVISIE,2022-23,LEAGUE,,AZ Alkmaar,Ajax,2,1,H,Netherlands,Eredivisie,football-data.co.uk
league_a8bee7349ca48811,2022-09-18,EREDIVISIE,2022-23,LEAGUE,,Go Ahead Eagles,FC Emmen,2,0,H,Netherlands,Eredivisie,football-data.co.uk
league_1bc36ebf22d62c89,2022-09-18,EREDIVISIE,2022-23,LEAGUE,,Heerenveen,Twente,2,1,H,Netherlands,Eredivisie,football-data.co.uk
league_001c530f3a661740,2022-09-18,EREDIVISIE,2022-23,LEAGUE,,PSV Eindhoven,Feyenoord Rotterdam,4,3,H,Netherlands,Eredivisie,football-data.co.uk
league_6eb733e45cccef10,2022-10-01,EREDIVISIE,2022-23,LEAGUE,,Ajax,Go Ahead Eagles,1,1,D,Netherlands,Eredivisie,football-data.co.uk
league_c6c4a3c0dee84086,2022-10-01,EREDIVISIE,2022-23,LEAGUE,,Cambuur,PSV Eindhoven,3,0,H,Netherlands,Eredivisie,football-data.co.uk
league_415f9b92e754dda0,2022-10-01,EREDIVISIE,2022-23,LEAGUE,,Groningen,AZ Alkmaar,1,4,A,Netherlands,Eredivisie,football-data.co.uk
league_38e70ca244d1be75,2022-10-01,EREDIVISIE,2022-23,LEAGUE,,Twente,Vitesse,3,0,H,Netherlands,Eredivisie,football-data.co.uk
league_e725af2ebdf11f7e,2022-10-02,EREDIVISIE,2022-23,LEAGUE,,Excelsior,Utrecht,0,1,A,Netherlands,Eredivisie,football-data.co.uk
league_4f8ab337c72cd75c,2022-10-02,EREDIVISIE,2022-23,LEAGUE,,FC Emmen,Heerenveen,0,0,D,Netherlands,Eredivisie,football-data.co.uk
league_98ef09ad524198cf,2022-10-02,EREDIVISIE,2022-23,LEAGUE,,For Sittard,Volendam,2,0,H,Netherlands,Eredivisie,football-data.co.uk
league_b5a5a045987547b4,2022-10-02,EREDIVISIE,2022-23,LEAGUE,,Nijmegen,Feyenoord Rotterdam,1,1,D,Netherlands,Eredivisie,football-data.co.uk
league_25d2f198da88a4d9,2022-10-02,EREDIVISIE,2022-23,LEAGUE,,Waalwijk,Sparta Rotterdam,2,2,D,Netherlands,Eredivisie,football-data.co.uk
league_b7e11dc363e54f3c,2022-10-07,EREDIVISIE,2022-23,LEAGUE,,Groningen,Waalwijk,2,3,A,Netherlands,Eredivisie,football-data.co.uk
league_b91f3e063b289c5c,2022-10-08,EREDIVISIE,2022-23,LEAGUE,,Nijmegen,Excelsior,1,1,D,Netherlands,Eredivisie,football-data.co.uk
league_671a9d3454438ba9,2022-10-08,EREDIVISIE,2022-23,LEAGUE,,Sparta Rotterdam,FC Emmen,3,1,H,Netherlands,Eredivisie,football-data.co.uk
league_8371b515bc80b0f1,2022-10-08,EREDIVISIE,2022-23,LEAGUE,,Volendam,Ajax,2,4,A,Netherlands,Eredivisie,football-data.co.uk
league_c55ea87f099630e2,2022-10-09,EREDIVISIE,2022-23,LEAGUE,,Feyenoord Rotterdam,Twente,2,0,H,Netherlands,Eredivisie,football-data.co.uk
league_c91456d734fdd92c,2022-10-09,EREDIVISIE,2022-23,LEAGUE,,Go Ahead Eagles,Cambuur,0,0,D,Netherlands,Eredivisie,football-data.co.uk
league_090d21676bf7eab9,2022-10-09,EREDIVISIE,2022-23,LEAGUE,,Heerenveen,PSV Eindhoven,0,1,A,Netherlands,Eredivisie,football-data.co.uk
league_ed876f59985eec4c,2022-10-09,EREDIVISIE,2022-23,LEAGUE,,Utrecht,AZ Alkmaar,1,2,A,Netherlands,Eredivisie,football-data.co.uk
league_c97bf1732fbbad0b,2022-10-09,EREDIVISIE,2022-23,LEAGUE,,Vitesse,For Sittard,1,2,A,Netherlands,Eredivisie,football-data.co.uk
league_d1bb5329b142d9e0,2022-10-14,EREDIVISIE,2022-23,LEAGUE,,FC Emmen,Volendam,1,1,D,Netherlands,Eredivisie,football-data.co.uk
league_67f03a9162167475,2022-10-15,EREDIVISIE,2022-23,LEAGUE,,Cambuur,Vitesse,0,3,A,Netherlands,Eredivisie,football-data.co.uk
league_bef2c5afb98a552a,2022-10-15,EREDIVISIE,2022-23,LEAGUE,,For Sittard,Waalwijk,0,0,D,Netherlands,Eredivisie,football-data.co.uk
league_9a71c6a635b18a9d,2022-10-15,EREDIVISIE,2022-23,LEAGUE,,Go Ahead Eagles,Heerenveen,1,1,D,Netherlands,Eredivisie,football-data.co.uk
league_b7c6d7b6d946121b,2022-10-16,EREDIVISIE,2022-23,LEAGUE,,AZ Alkmaar,Feyenoord Rotterdam,1,3,A,Netherlands,Eredivisie,football-data.co.uk
league_b56475aff95d3e4f,2022-10-16,EREDIVISIE,2022-23,LEAGUE,,Ajax,Excelsior,7,1,H,Netherlands,Eredivisie,football-data.co.uk
league_145a564caef32450,2022-10-16,EREDIVISIE,2022-23,LEAGUE,,PSV Eindhoven,Utrecht,6,1,H,Netherlands,Eredivisie,football-data.co.uk
league_f791fbbef91a3cf0,2022-10-16,EREDIVISIE,2022-23,LEAGUE,,Sparta Rotterdam,Nijmegen,2,0,H,Netherlands,Eredivisie,football-data.co.uk
league_9655a892138fa7bb,2022-10-16,EREDIVISIE,2022-23,LEAGUE,,Twente,Groningen,3,0,H,Netherlands,Eredivisie,football-data.co.uk
league_b539c3c5b3a99f17,2022-10-22,EREDIVISIE,2022-23,LEAGUE,,Feyenoord Rotterdam,For Sittard,1,1,D,Netherlands,Eredivisie,football-data.co.uk
league_24e5b1d3589e4c55,2022-10-22,EREDIVISIE,2022-23,LEAGUE,,Vitesse,FC Emmen,2,1,H,Netherlands,Eredivisie,football-data.co.uk
league_3efb2653f69cc3d6,2022-10-22,EREDIVISIE,2022-23,LEAGUE,,Waalwijk,Ajax,1,4,A,Netherlands,Eredivisie,football-data.co.uk
league_854cb52f15f06e57,2022-10-23,EREDIVISIE,2022-23,LEAGUE,,Cambuur,Twente,0,1,A,Netherlands,Eredivisie,football-data.co.uk
league_028195268eb884eb,2022-10-23,EREDIVISIE,2022-23,LEAGUE,,Excelsior,AZ Alkmaar,2,1,H,Netherlands,Eredivisie,football-data.co.uk
league_ba500147abc1323a,2022-10-23,EREDIVISIE,2022-23,LEAGUE,,Groningen,PSV Eindhoven,4,2,H,Netherlands,Eredivisie,football-data.co.uk
league_56a5f6e64bfb0281,2022-10-23,EREDIVISIE,2022-23,LEAGUE,,Nijmegen,Go Ahead Eagles,3,3,D,Netherlands,Eredivisie,football-data.co.uk
league_99b99233e8897911,2022-10-23,EREDIVISIE,2022-23,LEAGUE,,Utrecht,Sparta Rotterdam,3,1,H,Netherlands,Eredivisie,football-data.co.uk
league_2792f0f132963291,2022-10-23,EREDIVISIE,2022-23,LEAGUE,,Volendam,Heerenveen,1,3,A,Netherlands,Eredivisie,football-data.co.uk
league_d8af3768cf5e5836,2022-10-29,EREDIVISIE,2022-23,LEAGUE,,Go Ahead Eagles,Excelsior,3,1,H,Netherlands,Eredivisie,football-data.co.uk
league_64fe854add75fbee,2022-10-29,EREDIVISIE,2022-23,LEAGUE,,Heerenveen,Utrecht,1,2,A,Netherlands,Eredivisie,football-data.co.uk
league_1514f9309cbba75d,2022-10-29,EREDIVISIE,2022-23,LEAGUE,,Sparta Rotterdam,For Sittard,3,1,H,Netherlands,Eredivisie,football-data.co.uk
league_b51db6ae66622b00,2022-10-30,EREDIVISIE,2022-23,LEAGUE,,AZ Alkmaar,Volendam,2,1,H,Netherlands,Eredivisie,football-data.co.uk
league_ea9de60ce097bcd7,2022-10-30,EREDIVISIE,2022-23,LEAGUE,,FC Emmen,Groningen,0,0,D,Netherlands,Eredivisie,football-data.co.uk
league_dc4c5241406fabec,2022-10-30,EREDIVISIE,2022-23,LEAGUE,,PSV Eindhoven,Nijmegen,3,0,H,Netherlands,Eredivisie,football-data.co.uk
league_6c7ad834f635bc18,2022-10-30,EREDIVISIE,2022-23,LEAGUE,,Twente,Waalwijk,3,0,H,Netherlands,Eredivisie,football-data.co.uk
league_e0828587c5e87443,2022-11-04,EREDIVISIE,2022-23,LEAGUE,,Cambuur,Nijmegen,0,1,A,Netherlands,Eredivisie,football-data.co.uk
league_7f25b695e5966cc6,2022-11-05,EREDIVISIE,2022-23,LEAGUE,,Excelsior,Heerenveen,0,1,A,Netherlands,Eredivisie,football-data.co.uk
league_a44e82ae527dacb5,2022-11-05,EREDIVISIE,2022-23,LEAGUE,,For Sittard,FC Emmen,0,1,A,Netherlands,Eredivisie,football-data.co.uk
league_2d21d08dbf19f0d6,2022-11-05,EREDIVISIE,2022-23,LEAGUE,,Vitesse,Sparta Rotterdam,0,4,A,Netherlands,Eredivisie,football-data.co.uk
league_49030b7903fb4e9c,2022-11-06,EREDIVISIE,2022-23,LEAGUE,,Ajax,PSV Eindhoven,1,2,A,Netherlands,Eredivisie,football-data.co.uk
league_d04d60b9dea8dc12,2022-11-06,EREDIVISIE,2022-23,LEAGUE,,Twente,Go Ahead Eagles,1,1,D,Netherlands,Eredivisie,football-data.co.uk
league_582df2248322e57d,2022-11-06,EREDIVISIE,2022-23,LEAGUE,,Utrecht,Groningen,2,1,H,Netherlands,Eredivisie,football-data.co.uk
league_b19a6e8afdcb36bd,2022-11-06,EREDIVISIE,2022-23,LEAGUE,,Volendam,Feyenoord Rotterdam,0,2,A,Netherlands,Eredivisie,football-data.co.uk
league_d270f983cc453a4c,2022-11-06,EREDIVISIE,2022-23,LEAGUE,,Waalwijk,AZ Alkmaar,3,1,H,Netherlands,Eredivisie,football-data.co.uk
league_694646118eba694d,2022-11-09,EREDIVISIE,2022-23,LEAGUE,,Ajax,Vitesse,2,2,D,Netherlands,Eredivisie,football-data.co.uk
league_67fd879f16c55459,2022-11-10,EREDIVISIE,2022-23,LEAGUE,,Feyenoord Rotterdam,Cambuur,1,0,H,Netherlands,Eredivisie,football-data.co.uk
league_0d2314fc4fd404a2,2022-11-11,EREDIVISIE,2022-23,LEAGUE,,Sparta Rotterdam,Twente,1,1,D,Netherlands,Eredivisie,football-data.co.uk
league_876161897f51dc3f,2022-11-12,EREDIVISIE,2022-23,LEAGUE,,FC Emmen,Ajax,3,3,D,Netherlands,Eredivisie,football-data.co.uk
league_c9ee0a29e0e696c1,2022-11-12,EREDIVISIE,2022-23,LEAGUE,,PSV Eindhoven,AZ Alkmaar,0,1,A,Netherlands,Eredivisie,football-data.co.uk
league_277245f8aca77304,2022-11-12,EREDIVISIE,2022-23,LEAGUE,,Volendam,Utrecht,0,4,A,Netherlands,Eredivisie,football-data.co.uk
league_dd5afe9524b47a6f,2022-11-13,EREDIVISIE,2022-23,LEAGUE,,Feyenoord Rotterdam,Excelsior,5,1,H,Netherlands,Eredivisie,football-data.co.uk
league_07e089b82096182f,2022-11-13,EREDIVISIE,2022-23,LEAGUE,,Go Ahead Eagles,Vitesse,2,2,D,Netherlands,Eredivisie,football-data.co.uk
league_0f7c6861f12c1d2e,2022-11-13,EREDIVISIE,2022-23,LEAGUE,,Groningen,For Sittard,2,3,A,Netherlands,Eredivisie,football-data.co.uk
league_68a8d14735ecc540,2022-11-13,EREDIVISIE,2022-23,LEAGUE,,Heerenveen,Cambuur,2,1,H,Netherlands,Eredivisie,football-data.co.uk
league_d7def09ac8fb5a65,2022-11-13,EREDIVISIE,2022-23,LEAGUE,,Nijmegen,Waalwijk,6,1,H,Netherlands,Eredivisie,football-data.co.uk
league_4aac54397ee98e8c,2023-01-06,EREDIVISIE,2022-23,LEAGUE,,Twente,FC Emmen,2,0,H,Netherlands,Eredivisie,football-data.co.uk
league_8af2777d628ef4a5,2023-01-07,EREDIVISIE,2022-23,LEAGUE,,AZ Alkmaar,Vitesse,1,1,D,Netherlands,Eredivisie,football-data.co.uk
league_273a7d0d25cb47c7,2023-01-07,EREDIVISIE,2022-23,LEAGUE,,For Sittard,Go Ahead Eagles,0,2,A,Netherlands,Eredivisie,football-data.co.uk
league_de83cf2fb747b3f2,2023-01-07,EREDIVISIE,2022-23,LEAGUE,,PSV Eindhoven,Sparta Rotterdam,0,0,D,Netherlands,Eredivisie,football-data.co.uk
league_6c7c171f8cecb1ff,2023-01-07,EREDIVISIE,2022-23,LEAGUE,,Waalwijk,Heerenveen,0,0,D,Netherlands,Eredivisie,football-data.co.uk
league_7819de40120b7487,2023-01-08,EREDIVISIE,2022-23,LEAGUE,,Cambuur,Volendam,0,3,A,Netherlands,Eredivisie,football-data.co.uk
league_f1909a749d02e173,2023-01-08,EREDIVISIE,2022-23,LEAGUE,,Excelsior,Groningen,1,0,H,Netherlands,Eredivisie,football-data.co.uk
league_f555dfeb1e5b43bb,2023-01-08,EREDIVISIE,2022-23,LEAGUE,,Nijmegen,Ajax,1,1,D,Netherlands,Eredivisie,football-data.co.uk
league_02346e85c6e1772a,2023-01-08,EREDIVISIE,2022-23,LEAGUE,,Utrecht,Feyenoord Rotterdam,1,1,D,Netherlands,Eredivisie,football-data.co.uk
league_6e97147887c752d2,2023-01-14,EREDIVISIE,2022-23,LEAGUE,,Ajax,Twente,0,0,D,Netherlands,Eredivisie,football-data.co.uk
league_5c3d8e35302cbc3d,2023-01-14,EREDIVISIE,2022-23,LEAGUE,,Heerenveen,AZ Alkmaar,0,2,A,Netherlands,Eredivisie,football-data.co.uk
league_fe3324931367da96,2023-01-14,EREDIVISIE,2022-23,LEAGUE,,Sparta Rotterdam,Excelsior,1,0,H,Netherlands,Eredivisie,football-data.co.uk
league_6b822cc7895b5c84,2023-01-14,EREDIVISIE,2022-23,LEAGUE,,Volendam,Waalwijk,2,1,H,Netherlands,Eredivisie,football-data.co.uk
league_5054cc836823195b,2023-01-15,EREDIVISIE,2022-23,LEAGUE,,FC Emmen,Cambuur,0,0,D,Netherlands,Eredivisie,football-data.co.uk
league_f7899cb12088ec1d,2023-01-15,EREDIVISIE,2022-23,LEAGUE,,For Sittard,PSV Eindhoven,2,2,D,Netherlands,Eredivisie,football-data.co.uk
league_bda8af9ec6f143b4,2023-01-15,EREDIVISIE,2022-23,LEAGUE,,Go Ahead Eagles,Utrecht,2,2,D,Netherlands,Eredivisie,football-data.co.uk
league_51862f3ae23b67d4,2023-01-15,EREDIVISIE,2022-23,LEAGUE,,Groningen,Feyenoord Rotterdam,0,3,A,Netherlands,Eredivisie,football-data.co.uk
league_f7046d67769cb846,2023-01-15,EREDIVISIE,2022-23,LEAGUE,,Vitesse,Nijmegen,0,0,D,Netherlands,Eredivisie,football-data.co.uk
league_1c0aa2f5302f0b4d,2023-01-20,EREDIVISIE,2022-23,LEAGUE,,Excelsior,Volendam,2,0,H,Netherlands,Eredivisie,football-data.co.uk
league_1b515ed3649ff3b4,2023-01-21,EREDIVISIE,2022-23,LEAGUE,,Cambuur,Sparta Rotterdam,0,3,A,Netherlands,Eredivisie,football-data.co.uk
league_f44f3ecbe905aadd,2023-01-21,EREDIVISIE,2022-23,LEAGUE,,Nijmegen,FC Emmen,3,1,H,Netherlands,Eredivisie,football-data.co.uk
league_641a7b55797ca0c2,2023-01-21,EREDIVISIE,2022-23,LEAGUE,,PSV Eindhoven,Vitesse,1,0,H,Netherlands,Eredivisie,football-data.co.uk
league_34ac36b275a23889,2023-01-22,EREDIVISIE,2022-23,LEAGUE,,AZ Alkmaar,For Sittard,3,1,H,Netherlands,Eredivisie,football-data.co.uk
league_91a0672a24945785,2023-01-22,EREDIVISIE,2022-23,LEAGUE,,Feyenoord Rotterdam,Ajax,1,1,D,Netherlands,Eredivisie,football-data.co.uk
league_15c7564a21fdbcab,2023-01-22,EREDIVISIE,2022-23,LEAGUE,,Heerenveen,Groningen,3,1,H,Netherlands,Eredivisie,football-data.co.uk
league_73c989f47627da0f,2023-01-22,EREDIVISIE,2022-23,LEAGUE,,Twente,Utrecht,2,0,H,Netherlands,Eredivisie,football-data.co.uk
league_6d550e83bdb498c7,2023-01-24,EREDIVISIE,2022-23,LEAGUE,,FC Emmen,PSV Eindhoven,1,0,H,Netherlands,Eredivisie,football-data.co.uk
league_efae0b5c03caa7f7,2023-01-24,EREDIVISIE,2022-23,LEAGUE,,Sparta Rotterdam,Waalwijk,0,0,D,Netherlands,Eredivisie,football-data.co.uk
league_b2927be963c5c795,2023-01-25,EREDIVISIE,2022-23,LEAGUE,,Feyenoord Rotterdam,Nijmegen,2,0,H,Netherlands,Eredivisie,football-data.co.uk
league_b33e0ef3a50a7377,2023-01-25,EREDIVISIE,2022-23,LEAGUE,,For Sittard,Heerenveen,2,0,H,Netherlands,Eredivisie,football-data.co.uk
league_33bfcbe8b3714846,2023-01-25,EREDIVISIE,2022-23,LEAGUE,,Go Ahead Eagles,AZ Alkmaar,1,4,A,Netherlands,Eredivisie,football-data.co.uk
league_0d24b4791830bea9,2023-01-25,EREDIVISIE,2022-23,LEAGUE,,Utrecht,Excelsior,1,0,H,Netherlands,Eredivisie,football-data.co.uk
league_03e7d34c3e4a1cd5,2023-01-25,EREDIVISIE,2022-23,LEAGUE,,Vitesse,Twente,2,2,D,Netherlands,Eredivisie,football-data.co.uk
league_13542560709a0182,2023-01-26,EREDIVISIE,2022-23,LEAGUE,,Ajax,Volendam,1,1,D,Netherlands,Eredivisie,football-data.co.uk
league_d1f7f707bed0572f,2023-01-26,EREDIVISIE,2022-23,LEAGUE,,Groningen,Cambuur,0,1,A,Netherlands,Eredivisie,football-data.co.uk
league_f58aa05366cc869b,2023-01-28,EREDIVISIE,2022-23,LEAGUE,,AZ Alkmaar,Utrecht,5,5,D,Netherlands,Eredivisie,football-data.co.uk
league_a226b81fa8aa9d7d,2023-01-28,EREDIVISIE,2022-23,LEAGUE,,Heerenveen,Vitesse,1,3,A,Netherlands,Eredivisie,football-data.co.uk
league_3332cbf548376aff,2023-01-28,EREDIVISIE,2022-23,LEAGUE,,Nijmegen,Sparta Rotterdam,1,1,D,Netherlands,Eredivisie,football-data.co.uk
league_a1da6c67f8d5e0e4,2023-01-28,EREDIVISIE,2022-23,LEAGUE,,PSV Eindhoven,Go Ahead Eagles,2,0,H,Netherlands,Eredivisie,football-data.co.uk
league_a059b5efd058411d,2023-01-28,EREDIVISIE,2022-23,LEAGUE,,Waalwijk,FC Emmen,2,0,H,Netherlands,Eredivisie,football-data.co.uk
league_7479a08f22b53518,2023-01-29,EREDIVISIE,2022-23,LEAGUE,,Cambuur,For Sittard,1,2,A,Netherlands,Eredivisie,football-data.co.uk
league_74d74e7f42bff4e0,2023-01-29,EREDIVISIE,2022-23,LEAGUE,,Excelsior,Ajax,1,4,A,Netherlands,Eredivisie,football-data.co.uk
league_ccbd09adc9d5e67b,2023-01-29,EREDIVISIE,2022-23,LEAGUE,,Twente,Feyenoord Rotterdam,1,1,D,Netherlands,Eredivisie,football-data.co.uk
league_958e4ebb9f80be3e,2023-01-29,EREDIVISIE,2022-23,LEAGUE,,Volendam,Groningen,3,2,H,Netherlands,Eredivisie,football-data.co.uk
league_5d37835f8ce49b20,2023-02-01,EREDIVISIE,2022-23,LEAGUE,,Waalwijk,Go Ahead Eagles,3,1,H,Netherlands,Eredivisie,football-data.co.uk
league_091b680728120304,2023-02-03,EREDIVISIE,2022-23,LEAGUE,,For Sittard,Sparta Rotterdam,0,0,D,Netherlands,Eredivisie,football-data.co.uk
league_cf945f88d03aa256,2023-02-04,EREDIVISIE,2022-23,LEAGUE,,Excelsior,Waalwijk,0,0,D,Netherlands,Eredivisie,football-data.co.uk
league_e4627c9ef2fb7f16,2023-02-04,EREDIVISIE,2022-23,LEAGUE,,FC Emmen,Vitesse,2,2,D,Netherlands,Eredivisie,football-data.co.uk
league_db8ab3409d8c9857,2023-02-04,EREDIVISIE,2022-23,LEAGUE,,Utrecht,Heerenveen,1,0,H,Netherlands,Eredivisie,football-data.co.uk
league_9ffaff97d234ef46,2023-02-04,EREDIVISIE,2022-23,LEAGUE,,Volendam,AZ Alkmaar,1,1,D,Netherlands,Eredivisie,football-data.co.uk
league_930ae3c9ff1e89ea,2023-02-05,EREDIVISIE,2022-23,LEAGUE,,Cambuur,Ajax,0,5,A,Netherlands,Eredivisie,football-data.co.uk
league_6ea393b08317c51a,2023-02-05,EREDIVISIE,2022-23,LEAGUE,,Feyenoord Rotterdam,PSV Eindhoven,2,2,D,Netherlands,Eredivisie,football-data.co.uk
league_e65614701e87a81f,2023-02-05,EREDIVISIE,2022-23,LEAGUE,,Go Ahead Eagles,Nijmegen,1,0,H,Netherlands,Eredivisie,football-data.co.uk
league_1477cafdd99ad350,2023-02-05,EREDIVISIE,2022-23,LEAGUE,,Groningen,Twente,1,1,D,Netherlands,Eredivisie,football-data.co.uk
league_591b2fc44276b16f,2023-02-10,EREDIVISIE,2022-23,LEAGUE,,AZ Alkmaar,Excelsior,5,0,H,Netherlands,Eredivisie,football-data.co.uk
league_ce6e410c7418c2a1,2023-02-11,EREDIVISIE,2022-23,LEAGUE,,FC Emmen,For Sittard,0,1,A,Netherlands,Eredivisie,football-data.co.uk
league_2b17ca04631018d2,2023-02-11,EREDIVISIE,2022-23,LEAGUE,,Nijmegen,Cambuur,0,0,D,Netherlands,Eredivisie,football-data.co.uk
league_5c170ad4ca232169,2023-02-11,EREDIVISIE,2022-23,LEAGUE,,PSV Eindhoven,Groningen,6,0,H,Netherlands,Eredivisie,football-data.co.uk
league_7eb6bf9873237bcb,2023-02-12,EREDIVISIE,2022-23,LEAGUE,,Ajax,Waalwijk,3,1,H,Netherlands,Eredivisie,football-data.co.uk
league_a039be55279bd5aa,2023-02-12,EREDIVISIE,2022-23,LEAGUE,,Heerenveen,Feyenoord Rotterdam,1,2,A,Netherlands,Eredivisie,football-data.co.uk
league_4e2ef9ead4270507,2023-02-12,EREDIVISIE,2022-23,LEAGUE,,Sparta Rotterdam,Go Ahead Eagles,2,1,H,Netherlands,Eredivisie,football-data.co.uk
league_3928e09a0e5e005a,2023-02-12,EREDIVISIE,2022-23,LEAGUE,,Twente,Volendam,3,0,H,Netherlands,Eredivisie,football-data.co.uk
league_41a7b60a8a338200,2023-02-12,EREDIVISIE,2022-23,LEAGUE,,Vitesse,Utrecht,2,0,H,Netherlands,Eredivisie,football-data.co.uk
league_71930f83ab0b4445,2023-02-17,EREDIVISIE,2022-23,LEAGUE,,Waalwijk,For Sittard,3,1,H,Netherlands,Eredivisie,football-data.co.uk
league_bc5a335180a253a2,2023-02-18,EREDIVISIE,2022-23,LEAGUE,,Feyenoord Rotterdam,AZ Alkmaar,2,1,H,Netherlands,Eredivisie,football-data.co.uk
league_33f2331c1b35fc28,2023-02-18,EREDIVISIE,2022-23,LEAGUE,,Groningen,FC Emmen,1,1,D,Netherlands,Eredivisie,football-data.co.uk
league_3528a38003c09cd7,2023-02-18,EREDIVISIE,2022-23,LEAGUE,,Volendam,Vitesse,2,0,H,Netherlands,Eredivisie,football-data.co.uk
league_1c52e9614a228492,2023-02-19,EREDIVISIE,2022-23,LEAGUE,,Ajax,Sparta Rotterdam,4,0,H,Netherlands,Eredivisie,football-data.co.uk
league_d0dd3d76f8c465c5,2023-02-19,EREDIVISIE,2022-23,LEAGUE,,Cambuur,Heerenveen,1,2,A,Netherlands,Eredivisie,football-data.co.uk
league_1c7ffee17d9e1fbe,2023-02-19,EREDIVISIE,2022-23,LEAGUE,,Excelsior,Nijmegen,0,3,A,Netherlands,Eredivisie,football-data.co.uk
league_3f8b5d0dfcc3e90a,2023-02-19,EREDIVISIE,2022-23,LEAGUE,,Go Ahead Eagles,Twente,2,0,H,Netherlands,Eredivisie,football-data.co.uk
league_e957ddc7c603151a,2023-02-19,EREDIVISIE,2022-23,LEAGUE,,Utrecht,PSV Eindhoven,2,2,D,Netherlands,Eredivisie,football-data.co.uk
league_951ff33f93e2b092,2023-02-24,EREDIVISIE,2022-23,LEAGUE,,Sparta Rotterdam,Utrecht,0,3,A,Netherlands,Eredivisie,football-data.co.uk
league_bbcb0dc158f9e085,2023-02-25,EREDIVISIE,2022-23,LEAGUE,,AZ Alkmaar,Cambuur,2,1,H,Netherlands,Eredivisie,football-data.co.uk
league_f22c110c1c556034,2023-02-25,EREDIVISIE,2022-23,LEAGUE,,Groningen,Excelsior,3,0,H,Netherlands,Eredivisie,football-data.co.uk
league_3623aa7967766901,2023-02-25,EREDIVISIE,2022-23,LEAGUE,,Heerenveen,Waalwijk,1,4,A,Netherlands,Eredivisie,football-data.co.uk
league_6d993fd7d5652e5b,2023-02-25,EREDIVISIE,2022-23,LEAGUE,,Nijmegen,Volendam,3,0,H,Netherlands,Eredivisie,football-data.co.uk
league_c13a3460020ef18f,2023-02-26,EREDIVISIE,2022-23,LEAGUE,,FC Emmen,Go Ahead Eagles,2,2,D,Netherlands,Eredivisie,football-data.co.uk
league_3c3978baaaa305ea,2023-02-26,EREDIVISIE,2022-23,LEAGUE,,For Sittard,Feyenoord Rotterdam,2,4,A,Netherlands,Eredivisie,football-data.co.uk
league_abe7c8e61191a036,2023-02-26,EREDIVISIE,2022-23,LEAGUE,,PSV Eindhoven,Twente,3,1,H,Netherlands,Eredivisie,football-data.co.uk
league_9c8773dc7ff3353d,2023-02-26,EREDIVISIE,2022-23,LEAGUE,,Vitesse,Ajax,1,2,A,Netherlands,Eredivisie,football-data.co.uk
league_ef267fc0aba8ffd4,2023-03-03,EREDIVISIE,2022-23,LEAGUE,,Utrecht,For Sittard,1,2,A,Netherlands,Eredivisie,football-data.co.uk
league_c3aa46b77a1f6a40,2023-03-03,EREDIVISIE,2022-23,LEAGUE,,Vitesse,AZ Alkmaar,0,1,A,Netherlands,Eredivisie,football-data.co.uk
league_d3165ad584feaf13,2023-03-04,EREDIVISIE,2022-23,LEAGUE,,Feyenoord Rotterdam,Groningen,1,0,H,Netherlands,Eredivisie,football-data.co.uk
league_8c7aa501472d92d2,2023-03-04,EREDIVISIE,2022-23,LEAGUE,,Twente,Heerenveen,3,3,D,Netherlands,Eredivisie,football-data.co.uk
league_f427f1a46829d60c,2023-03-04,EREDIVISIE,2022-23,LEAGUE,,Volendam,FC Emmen,3,1,H,Netherlands,Eredivisie,football-data.co.uk
league_3a20410579a0afaf,2023-03-05,EREDIVISIE,2022-23,LEAGUE,,Ajax,Nijmegen,1,0,H,Netherlands,Eredivisie,football-data.co.uk
league_320c9530ef3b3059,2023-03-05,EREDIVISIE,2022-23,LEAGUE,,Cambuur,Go Ahead Eagles,4,1,H,Netherlands,Eredivisie,football-data.co.uk
league_7a36e17e2576f52d,2023-03-05,EREDIVISIE,2022-23,LEAGUE,,Excelsior,Sparta Rotterdam,1,4,A,Netherlands,Eredivisie,football-data.co.uk
league_2253e0f86da89769,2023-03-05,EREDIVISIE,2022-23,LEAGUE,,Waalwijk,PSV Eindhoven,0,1,A,Netherlands,Eredivisie,football-data.co.uk
league_282b59ce720e72af,2023-03-11,EREDIVISIE,2022-23,LEAGUE,,AZ Alkmaar,Groningen,1,0,H,Netherlands,Eredivisie,football-data.co.uk
league_82cdb799d277dfee,2023-03-11,EREDIVISIE,2022-23,LEAGUE,,FC Emmen,Excelsior,2,0,H,Netherlands,Eredivisie,football-data.co.uk
league_1264be66010cab51,2023-03-11,EREDIVISIE,2022-23,LEAGUE,,For Sittard,Twente,0,3,A,Netherlands,Eredivisie,football-data.co.uk
league_3ac3f7d883080e33,2023-03-11,EREDIVISIE,2022-23,LEAGUE,,Sparta Rotterdam,Vitesse,3,1,H,Netherlands,Eredivisie,football-data.co.uk
league_579253dfd1b44f12,2023-03-12,EREDIVISIE,2022-23,LEAGUE,,Feyenoord Rotterdam,Volendam,2,1,H,Netherlands,Eredivisie,football-data.co.uk
league_94ebe7c5be85af93,2023-03-12,EREDIVISIE,2022-23,LEAGUE,,Heerenveen,Ajax,2,4,A,Netherlands,Eredivisie,football-data.co.uk
league_edb4a68c3f99ff68,2023-03-12,EREDIVISIE,2022-23,LEAGUE,,Nijmegen,Utrecht,2,2,D,Netherlands,Eredivisie,football-data.co.uk
league_3f9bbd75700b1122,2023-03-12,EREDIVISIE,2022-23,LEAGUE,,PSV Eindhoven,Cambuur,5,2,H,Netherlands,Eredivisie,football-data.co.uk
league_3c865737840f6715,2023-03-17,EREDIVISIE,2022-23,LEAGUE,,Volendam,For Sittard,2,1,H,Netherlands,Eredivisie,football-data.co.uk
league_bc4c3cb1d677424b,2023-03-18,EREDIVISIE,2022-23,LEAGUE,,FC Emmen,Sparta Rotterdam,0,2,A,Netherlands,Eredivisie,football-data.co.uk
league_0ffb211d031017d2,2023-03-18,EREDIVISIE,2022-23,LEAGUE,,Utrecht,Go Ahead Eagles,1,2,A,Netherlands,Eredivisie,football-data.co.uk
league_e3df684221b234b2,2023-03-18,EREDIVISIE,2022-23,LEAGUE,,Waalwijk,Nijmegen,1,3,A,Netherlands,Eredivisie,football-data.co.uk
league_3f4f736bd15fb7a3,2023-03-19,EREDIVISIE,2022-23,LEAGUE,,Ajax,Feyenoord Rotterdam,2,3,A,Netherlands,Eredivisie,football-data.co.uk
league_a0b3bcdb2f14a963,2023-03-19,EREDIVISIE,2022-23,LEAGUE,,Excelsior,Cambuur,4,1,H,Netherlands,Eredivisie,football-data.co.uk
league_5b663ff41cfb3b08,2023-03-19,EREDIVISIE,2022-23,LEAGUE,,Groningen,Heerenveen,0,2,A,Netherlands,Eredivisie,football-data.co.uk
league_d85920c74170ea11,2023-03-19,EREDIVISIE,2022-23,LEAGUE,,Twente,AZ Alkmaar,2,1,H,Netherlands,Eredivisie,football-data.co.uk
league_ccda471e5ba092ce,2023-03-19,EREDIVISIE,2022-23,LEAGUE,,Vitesse,PSV Eindhoven,1,1,D,Netherlands,Eredivisie,football-data.co.uk
league_635ed02b95685df7,2023-04-01,EREDIVISIE,2022-23,LEAGUE,,AZ Alkmaar,Heerenveen,1,1,D,Netherlands,Eredivisie,football-data.co.uk
league_a3709ae1b4f5e3a3,2023-04-01,EREDIVISIE,2022-23,LEAGUE,,Cambuur,FC Emmen,1,2,A,Netherlands,Eredivisie,football-data.co.uk
league_bc0349b1b65efaa7,2023-04-01,EREDIVISIE,2022-23,LEAGUE,,Excelsior,Twente,0,0,D,Netherlands,Eredivisie,football-data.co.uk
league_d482163dae2363f3,2023-04-01,EREDIVISIE,2022-23,LEAGUE,,Nijmegen,PSV Eindhoven,2,4,A,Netherlands,Eredivisie,football-data.co.uk
league_45d7deb76e5ec467,2023-04-01,EREDIVISIE,2022-23,LEAGUE,,Waalwijk,Vitesse,1,0,H,Netherlands,Eredivisie,football-data.co.uk
league_9831bae7a6b83b7b,2023-04-02,EREDIVISIE,2022-23,LEAGUE,,For Sittard,Groningen,3,1,H,Netherlands,Eredivisie,football-data.co.uk
league_21eb54dfb5aa3aec,2023-04-02,EREDIVISIE,2022-23,LEAGUE,,Go Ahead Eagles,Ajax,0,0,D,Netherlands,Eredivisie,football-data.co.uk
league_66a5e9b783ff66f5,2023-04-02,EREDIVISIE,2022-23,LEAGUE,,Sparta Rotterdam,Feyenoord Rotterdam,1,3,A,Netherlands,Eredivisie,football-data.co.uk
league_6cc6262b21a79056,2023-04-02,EREDIVISIE,2022-23,LEAGUE,,Utrecht,Volendam,0,0,D,Netherlands,Eredivisie,football-data.co.uk
league_6b8d91dd10c56278,2023-04-07,EREDIVISIE,2022-23,LEAGUE,,Groningen,Utrecht,1,2,A,Netherlands,Eredivisie,football-data.co.uk
league_271248cc8247261f,2023-04-08,EREDIVISIE,2022-23,LEAGUE,,AZ Alkmaar,Sparta Rotterdam,0,1,A,Netherlands,Eredivisie,football-data.co.uk
league_e84a787b20cb08af,2023-04-08,EREDIVISIE,2022-23,LEAGUE,,Heerenveen,Volendam,2,1,H,Netherlands,Eredivisie,football-data.co.uk
league_609d1797138f07e4,2023-04-08,EREDIVISIE,2022-23,LEAGUE,,PSV Eindhoven,Excelsior,4,0,H,Netherlands,Eredivisie,football-data.co.uk
league_4ca3c4f40193ec7d,2023-04-08,EREDIVISIE,2022-23,LEAGUE,,Vitesse,Go Ahead Eagles,2,0,H,Netherlands,Eredivisie,football-data.co.uk
league_927b43c548eac41f,2023-04-09,EREDIVISIE,2022-23,LEAGUE,,Ajax,For Sittard,4,0,H,Netherlands,Eredivisie,football-data.co.uk
league_494fd44aa007dc5a,2023-04-09,EREDIVISIE,2022-23,LEAGUE,,FC Emmen,Nijmegen,0,0,D,Netherlands,Eredivisie,football-data.co.uk
league_d117087b69ce173a,2023-04-09,EREDIVISIE,2022-23,LEAGUE,,Feyenoord Rotterdam,Waalwijk,5,1,H,Netherlands,Eredivisie,football-data.co.uk
league_cfd00e986137c8d9,2023-04-09,EREDIVISIE,2022-23,LEAGUE,,Twente,Cambuur,4,0,H,Netherlands,Eredivisie,football-data.co.uk
league_cd8924ca5d7fd57e,2023-04-14,EREDIVISIE,2022-23,LEAGUE,,Excelsior,Go Ahead Eagles,2,1,H,Netherlands,Eredivisie,football-data.co.uk
league_91cd3b61d39de698,2023-04-15,EREDIVISIE,2022-23,LEAGUE,,Sparta Rotterdam,Heerenveen,4,0,H,Netherlands,Eredivisie,football-data.co.uk
league_36f2985c92800b5b,2023-04-15,EREDIVISIE,2022-23,LEAGUE,,Waalwijk,Groningen,2,1,H,Netherlands,Eredivisie,football-data.co.uk
league_caa7cc458be2ab0d,2023-04-16,EREDIVISIE,2022-23,LEAGUE,,Ajax,FC Emmen,3,1,H,Netherlands,Eredivisie,football-data.co.uk
league_27e9c5f802cead3d,2023-04-16,EREDIVISIE,2022-23,LEAGUE,,Cambuur,Feyenoord Rotterdam,0,3,A,Netherlands,Eredivisie,football-data.co.uk
league_b669e473d2517430,2023-04-16,EREDIVISIE,2022-23,LEAGUE,,For Sittard,AZ Alkmaar,0,3,A,Netherlands,Eredivisie,football-data.co.uk
league_f8dea55f967b671d,2023-04-16,EREDIVISIE,2022-23,LEAGUE,,Nijmegen,Vitesse,1,4,A,Netherlands,Eredivisie,football-data.co.uk
league_7b2542e8620ad8fb,2023-04-16,EREDIVISIE,2022-23,LEAGUE,,Utrecht,Twente,1,0,H,Netherlands,Eredivisie,football-data.co.uk
league_320d37d649db75f6,2023-04-16,EREDIVISIE,2022-23,LEAGUE,,Volendam,PSV Eindhoven,2,3,A,Netherlands,Eredivisie,football-data.co.uk
league_db80715d2cfefaa0,2023-04-19,EREDIVISIE,2022-23,LEAGUE,,Go Ahead Eagles,Waalwijk,3,2,H,Netherlands,Eredivisie,football-data.co.uk
league_086571e199aba2cb,2023-04-21,EREDIVISIE,2022-23,LEAGUE,,Volendam,Cambuur,2,0,H,Netherlands,Eredivisie,football-data.co.uk
league_278012729cb9e334,2023-04-22,EREDIVISIE,2022-23,LEAGUE,,Heerenveen,FC Emmen,2,3,A,Netherlands,Eredivisie,football-data.co.uk
league_285a847df9d6bb5f,2023-04-22,EREDIVISIE,2022-23,LEAGUE,,Vitesse,Excelsior,0,0,D,Netherlands,Eredivisie,football-data.co.uk
league_82680c9ac2693df5,2023-04-23,EREDIVISIE,2022-23,LEAGUE,,AZ Alkmaar,Waalwijk,3,0,H,Netherlands,Eredivisie,football-data.co.uk
league_7d366b2e5d262f82,2023-04-23,EREDIVISIE,2022-23,LEAGUE,,Feyenoord Rotterdam,Utrecht,3,1,H,Netherlands,Eredivisie,football-data.co.uk
league_58ed32c126db58f3,2023-04-23,EREDIVISIE,2022-23,LEAGUE,,Go Ahead Eagles,For Sittard,2,0,H,Netherlands,Eredivisie,football-data.co.uk
league_37daa06e128f96b5,2023-04-23,EREDIVISIE,2022-23,LEAGUE,,PSV Eindhoven,Ajax,3,0,H,Netherlands,Eredivisie,football-data.co.uk
league_6cd81703d88ab594,2023-04-23,EREDIVISIE,2022-23,LEAGUE,,Twente,Sparta Rotterdam,3,3,D,Netherlands,Eredivisie,football-data.co.uk
league_080615a6b2b6efe2,2023-04-25,EREDIVISIE,2022-23,LEAGUE,,Groningen,Nijmegen,0,1,A,Netherlands,Eredivisie,football-data.co.uk
league_81aca14621e09d2a,2023-05-05,EREDIVISIE,2022-23,LEAGUE,,Waalwijk,Volendam,4,1,H,Netherlands,Eredivisie,football-data.co.uk
league_ccc58c83b5e1acbd,2023-05-06,EREDIVISIE,2022-23,LEAGUE,,Ajax,AZ Alkmaar,0,0,D,Netherlands,Eredivisie,football-data.co.uk
league_b706ccd8361444e4,2023-05-06,EREDIVISIE,2022-23,LEAGUE,,Cambuur,Utrecht,0,3,A,Netherlands,Eredivisie,football-data.co.uk
league_1851e8b2cbfc5e75,2023-05-06,EREDIVISIE,2022-23,LEAGUE,,Nijmegen,Heerenveen,2,3,A,Netherlands,Eredivisie,football-data.co.uk
league_0e375fd0de06a384,2023-05-06,EREDIVISIE,2022-23,LEAGUE,,Sparta Rotterdam,PSV Eindhoven,0,1,A,Netherlands,Eredivisie,football-data.co.uk
league_81a5d422d9f4c425,2023-05-07,EREDIVISIE,2022-23,LEAGUE,,Excelsior,Feyenoord Rotterdam,0,2,A,Netherlands,Eredivisie,football-data.co.uk
league_dcf30fc46a165737,2023-05-07,EREDIVISIE,2022-23,LEAGUE,,FC Emmen,Twente,0,3,A,Netherlands,Eredivisie,football-data.co.uk
league_2a48ef507b8de71a,2023-05-07,EREDIVISIE,2022-23,LEAGUE,,For Sittard,Vitesse,2,0,H,Netherlands,Eredivisie,football-data.co.uk
league_cf3a7e0f97a126a6,2023-05-07,EREDIVISIE,2022-23,LEAGUE,,Go Ahead Eagles,Groningen,1,1,D,Netherlands,Eredivisie,football-data.co.uk
league_1cbdfa232bb5c77e,2023-05-12,EREDIVISIE,2022-23,LEAGUE,,Twente,Nijmegen,4,0,H,Netherlands,Eredivisie,football-data.co.uk
league_92e041a787a63035,2023-05-13,EREDIVISIE,2022-23,LEAGUE,,Heerenveen,Excelsior,0,0,D,Netherlands,Eredivisie,football-data.co.uk
league_2415d98fd954bdc2,2023-05-13,EREDIVISIE,2022-23,LEAGUE,,Utrecht,Waalwijk,2,0,H,Netherlands,Eredivisie,football-data.co.uk
league_4b078204fe9025a7,2023-05-13,EREDIVISIE,2022-23,LEAGUE,,Volendam,Sparta Rotterdam,2,1,H,Netherlands,Eredivisie,football-data.co.uk
league_0ed5a06a59326597,2023-05-14,EREDIVISIE,2022-23,LEAGUE,,AZ Alkmaar,FC Emmen,5,1,H,Netherlands,Eredivisie,football-data.co.uk
league_3e187c90179edd3a,2023-05-14,EREDIVISIE,2022-23,LEAGUE,,Feyenoord Rotterdam,Go Ahead Eagles,3,0,H,Netherlands,Eredivisie,football-data.co.uk
league_18df0b260c7a9594,2023-05-14,EREDIVISIE,2022-23,LEAGUE,,Groningen,Ajax,2,3,A,Netherlands,Eredivisie,football-data.co.uk
league_694c64a13b2c3aff,2023-05-14,EREDIVISIE,2022-23,LEAGUE,,PSV Eindhoven,For Sittard,2,1,H,Netherlands,Eredivisie,football-data.co.uk
league_a37ef6799e302a5f,2023-05-14,EREDIVISIE,2022-23,LEAGUE,,Vitesse,Cambuur,2,0,H,Netherlands,Eredivisie,football-data.co.uk
league_6dd49239f22b44fc,2023-05-21,EREDIVISIE,2022-23,LEAGUE,,Ajax,Utrecht,3,1,H,Netherlands,Eredivisie,football-data.co.uk
league_6306c1c54e93d409,2023-05-21,EREDIVISIE,2022-23,LEAGUE,,Excelsior,For Sittard,3,0,H,Netherlands,Eredivisie,football-data.co.uk
league_14fe0a2a0a182360,2023-05-21,EREDIVISIE,2022-23,LEAGUE,,FC Emmen,Feyenoord Rotterdam,1,3,A,Netherlands,Eredivisie,football-data.co.uk
league_6f9f2fe5cd6a2bf5,2023-05-21,EREDIVISIE,2022-23,LEAGUE,,Go Ahead Eagles,Volendam,3,0,H,Netherlands,Eredivisie,football-data.co.uk
league_636060e7742a30ff,2023-05-21,EREDIVISIE,2022-23,LEAGUE,,Nijmegen,AZ Alkmaar,0,3,A,Netherlands,Eredivisie,football-data.co.uk
league_b5e0a16e56ac4e50,2023-05-21,EREDIVISIE,2022-23,LEAGUE,,PSV Eindhoven,Heerenveen,3,3,D,Netherlands,Eredivisie,football-data.co.uk
league_baa972b467329255,2023-05-21,EREDIVISIE,2022-23,LEAGUE,,Sparta Rotterdam,Cambuur,4,1,H,Netherlands,Eredivisie,football-data.co.uk
league_f80bc842b8f841bd,2023-05-21,EREDIVISIE,2022-23,LEAGUE,,Vitesse,Groningen,6,0,H,Netherlands,Eredivisie,football-data.co.uk
league_eed017370ff310ae,2023-05-21,EREDIVISIE,2022-23,LEAGUE,,Waalwijk,Twente,0,5,A,Netherlands,Eredivisie,football-data.co.uk
league_beca49101bf53d4f,2023-05-28,EREDIVISIE,2022-23,LEAGUE,,AZ Alkmaar,PSV Eindhoven,1,2,A,Netherlands,Eredivisie,football-data.co.uk
league_9386efdfa618afb6,2023-05-28,EREDIVISIE,2022-23,LEAGUE,,Cambuur,Waalwijk,4,0,H,Netherlands,Eredivisie,football-data.co.uk
league_0dcdbdc6cd46913d,2023-05-28,EREDIVISIE,2022-23,LEAGUE,,Feyenoord Rotterdam,Vitesse,0,1,A,Netherlands,Eredivisie,football-data.co.uk
league_790d2e04ebfb345a,2023-05-28,EREDIVISIE,2022-23,LEAGUE,,For Sittard,Nijmegen,1,1,D,Netherlands,Eredivisie,football-data.co.uk
league_7ce70646be64bae2,2023-05-28,EREDIVISIE,2022-23,LEAGUE,,Groningen,Sparta Rotterdam,0,5,A,Netherlands,Eredivisie,football-data.co.uk
league_47c90eb73caf1854,2023-05-28,EREDIVISIE,2022-23,LEAGUE,,Heerenveen,Go Ahead Eagles,2,0,H,Netherlands,Eredivisie,football-data.co.uk
league_8d9d32da29cbf29a,2023-05-28,EREDIVISIE,2022-23,LEAGUE,,Twente,Ajax,3,1,H,Netherlands,Eredivisie,football-data.co.uk
league_6615c801be16f83b,2023-05-28,EREDIVISIE,2022-23,LEAGUE,,Utrecht,FC Emmen,3,2,H,Netherlands,Eredivisie,football-data.co.uk
league_236c1247917f37b8,2023-05-28,EREDIVISIE,2022-23,LEAGUE,,Volendam,Excelsior,3,2,H,Netherlands,Eredivisie,football-data.co.uk
league_6997f604ad8f29b6,2023-08-11,EREDIVISIE,2023-24,LEAGUE,,Volendam,Vitesse,1,2,A,Netherlands,Eredivisie,football-data.co.uk
league_816386172bdf9349,2023-08-12,EREDIVISIE,2023-24,LEAGUE,,Ajax,Heracles,4,1,H,Netherlands,Eredivisie,football-data.co.uk
league_191b6bb74f1a3a47,2023-08-12,EREDIVISIE,2023-24,LEAGUE,,Heerenveen,Waalwijk,3,1,H,Netherlands,Eredivisie,football-data.co.uk
league_fdc73c6f50974945,2023-08-12,EREDIVISIE,2023-24,LEAGUE,,PSV Eindhoven,Utrecht,2,0,H,Netherlands,Eredivisie,football-data.co.uk
league_f7d85c1389a38277,2023-08-12,EREDIVISIE,2023-24,LEAGUE,,Zwolle,Sparta Rotterdam,1,2,A,Netherlands,Eredivisie,football-data.co.uk
league_297132b3752c79ff,2023-08-13,EREDIVISIE,2023-24,LEAGUE,,AZ Alkmaar,Go Ahead Eagles,5,1,H,Netherlands,Eredivisie,football-data.co.uk
league_4e4f05dc77b631a6,2023-08-13,EREDIVISIE,2023-24,LEAGUE,,Almere City,Twente,1,4,A,Netherlands,Eredivisie,football-data.co.uk
league_252ada6f04045f4e,2023-08-13,EREDIVISIE,2023-24,LEAGUE,,Feyenoord Rotterdam,For Sittard,0,0,D,Netherlands,Eredivisie,football-data.co.uk
league_e6fc1aa01b65652b,2023-08-13,EREDIVISIE,2023-24,LEAGUE,,Nijmegen,Excelsior,3,4,A,Netherlands,Eredivisie,football-data.co.uk
league_0e0e795181ed80be,2023-08-18,EREDIVISIE,2023-24,LEAGUE,,Heracles,Nijmegen,2,1,H,Netherlands,Eredivisie,football-data.co.uk
league_a034e771d3d24593,2023-08-19,EREDIVISIE,2023-24,LEAGUE,,Excelsior,Ajax,2,2,D,Netherlands,Eredivisie,football-data.co.uk
league_4add44741e4afec9,2023-08-19,EREDIVISIE,2023-24,LEAGUE,,For Sittard,Almere City,2,1,H,Netherlands,Eredivisie,football-data.co.uk
league_ecf73939c4031dc8,2023-08-19,EREDIVISIE,2023-24,LEAGUE,,Go Ahead Eagles,Volendam,4,1,H,Netherlands,Eredivisie,football-data.co.uk
league_6b4ada2f37517a44,2023-08-19,EREDIVISIE,2023-24,LEAGUE,,Vitesse,PSV Eindhoven,1,3,A,Netherlands,Eredivisie,football-data.co.uk
league_42b1bcaf69371344,2023-08-20,EREDIVISIE,2023-24,LEAGUE,,Sparta Rotterdam,Feyenoord Rotterdam,2,2,D,Netherlands,Eredivisie,football-data.co.uk
league_aec13f5b00e8d207,2023-08-20,EREDIVISIE,2023-24,LEAGUE,,Twente,Zwolle,3,1,H,Netherlands,Eredivisie,football-data.co.uk
league_027c9611831cadcc,2023-08-20,EREDIVISIE,2023-24,LEAGUE,,Utrecht,Heerenveen,0,2,A,Netherlands,Eredivisie,football-data.co.uk
league_cf98514f60b9f84f,2023-08-20,EREDIVISIE,2023-24,LEAGUE,,Waalwijk,AZ Alkmaar,1,3,A,Netherlands,Eredivisie,football-data.co.uk
league_099dfde8d28c05d4,2023-08-26,EREDIVISIE,2023-24,LEAGUE,,Excelsior,For Sittard,2,2,D,Netherlands,Eredivisie,football-data.co.uk
league_f429082c33ef2c38,2023-08-26,EREDIVISIE,2023-24,LEAGUE,,Nijmegen,Waalwijk,3,0,H,Netherlands,Eredivisie,football-data.co.uk
league_a9201350411622ab,2023-08-27,EREDIVISIE,2023-24,LEAGUE,,Feyenoord Rotterdam,Almere City,6,1,H,Netherlands,Eredivisie,football-data.co.uk
league_d8ba2ace5eb8cad2,2023-08-27,EREDIVISIE,2023-24,LEAGUE,,Heerenveen,Sparta Rotterdam,1,3,A,Netherlands,Eredivisie,football-data.co.uk
league_626e3d50550894a4,2023-08-27,EREDIVISIE,2023-24,LEAGUE,,Zwolle,Utrecht,1,0,H,Netherlands,Eredivisie,football-data.co.uk
league_d8ca5be495dcef1f,2023-09-01,EREDIVISIE,2023-24,LEAGUE,,Sparta Rotterdam,Nijmegen,1,1,D,Netherlands,Eredivisie,football-data.co.uk
league_8c9ba2241d236b7d,2023-09-02,EREDIVISIE,2023-24,LEAGUE,,Almere City,Zwolle,1,2,A,Netherlands,Eredivisie,football-data.co.uk
league_a7c1bcec758ed8a5,2023-09-02,EREDIVISIE,2023-24,LEAGUE,,Go Ahead Eagles,Heerenveen,3,2,H,Netherlands,Eredivisie,football-data.co.uk
league_35077ad2ae038ab3,2023-09-02,EREDIVISIE,2023-24,LEAGUE,,Heracles,Excelsior,3,1,H,Netherlands,Eredivisie,football-data.co.uk
league_4ae210f63715c24d,2023-09-02,EREDIVISIE,2023-24,LEAGUE,,Waalwijk,PSV Eindhoven,0,4,A,Netherlands,Eredivisie,football-data.co.uk
league_2d166787caa3e080,2023-09-03,EREDIVISIE,2023-24,LEAGUE,,For Sittard,Ajax,0,0,D,Netherlands,Eredivisie,football-data.co.uk
league_2e018e40758b4a6b,2023-09-03,EREDIVISIE,2023-24,LEAGUE,,Utrecht,Feyenoord Rotterdam,1,5,A,Netherlands,Eredivisie,football-data.co.uk
league_524ba8bedeaf04fb,2023-09-03,EREDIVISIE,2023-24,LEAGUE,,Vitesse,AZ Alkmaar,0,2,A,Netherlands,Eredivisie,football-data.co.uk
league_263984f702792a19,2023-09-03,EREDIVISIE,2023-24,LEAGUE,,Volendam,Twente,0,2,A,Netherlands,Eredivisie,football-data.co.uk
league_92c80fc8849cefc9,2023-09-16,EREDIVISIE,2023-24,LEAGUE,,Feyenoord Rotterdam,Heerenveen,6,1,H,Netherlands,Eredivisie,football-data.co.uk
league_56d3d9f4538f7990,2023-09-16,EREDIVISIE,2023-24,LEAGUE,,For Sittard,Volendam,3,1,H,Netherlands,Eredivisie,football-data.co.uk
league_d43bddab009562d1,2023-09-16,EREDIVISIE,2023-24,LEAGUE,,Heracles,Utrecht,1,3,A,Netherlands,Eredivisie,football-data.co.uk
league_e040a6ea8699cec3,2023-09-16,EREDIVISIE,2023-24,LEAGUE,,PSV Eindhoven,Nijmegen,4,0,H,Netherlands,Eredivisie,football-data.co.uk
league_f6a6f5efe6c5d102,2023-09-16,EREDIVISIE,2023-24,LEAGUE,,Vitesse,Waalwijk,0,2,A,Netherlands,Eredivisie,football-data.co.uk
league_fc948053816fe1f8,2023-09-17,EREDIVISIE,2023-24,LEAGUE,,AZ Alkmaar,Sparta Rotterdam,2,0,H,Netherlands,Eredivisie,football-data.co.uk
league_d6493768dc06ebc0,2023-09-17,EREDIVISIE,2023-24,LEAGUE,,Excelsior,Almere City,0,0,D,Netherlands,Eredivisie,football-data.co.uk
league_ac85d1d71d3c710a,2023-09-17,EREDIVISIE,2023-24,LEAGUE,,Twente,Ajax,3,1,H,Netherlands,Eredivisie,football-data.co.uk
league_7aaabe6744eaaf6d,2023-09-17,EREDIVISIE,2023-24,LEAGUE,,Zwolle,Go Ahead Eagles,1,1,D,Netherlands,Eredivisie,football-data.co.uk
league_5d409abb7bd110f0,2023-09-22,EREDIVISIE,2023-24,LEAGUE,,Go Ahead Eagles,For Sittard,3,0,H,Netherlands,Eredivisie,football-data.co.uk
league_9b6c594976a458d0,2023-09-23,EREDIVISIE,2023-24,LEAGUE,,Almere City,PSV Eindhoven,0,4,A,Netherlands,Eredivisie,football-data.co.uk
league_f84b0103fd3fa090,2023-09-23,EREDIVISIE,2023-24,LEAGUE,,Heerenveen,Excelsior,0,3,A,Netherlands,Eredivisie,football-data.co.uk
league_d7a9fcddafd09035,2023-09-23,EREDIVISIE,2023-24,LEAGUE,,Nijmegen,Utrecht,3,0,H,Netherlands,Eredivisie,football-data.co.uk
league_fd1917a92ea1225d,2023-09-23,EREDIVISIE,2023-24,LEAGUE,,Volendam,Heracles,2,2,D,Netherlands,Eredivisie,football-data.co.uk
league_57accf817dfa78a5,2023-09-24,EREDIVISIE,2023-24,LEAGUE,,Sparta Rotterdam,Vitesse,1,0,H,Netherlands,Eredivisie,football-data.co.uk
league_1f606bceb53c35b7,2023-09-24,EREDIVISIE,2023-24,LEAGUE,,Waalwijk,Twente,1,0,H,Netherlands,Eredivisie,football-data.co.uk
league_542ae9a1706ed7ed,2023-09-24,EREDIVISIE,2023-24,LEAGUE,,Zwolle,AZ Alkmaar,0,3,A,Netherlands,Eredivisie,football-data.co.uk
league_0c113b10348feafb,2023-09-27,EREDIVISIE,2023-24,LEAGUE,,Ajax,Feyenoord Rotterdam,0,4,A,Netherlands,Eredivisie,football-data.co.uk
league_9b42c249712ba7d5,2023-09-27,EREDIVISIE,2023-24,LEAGUE,,PSV Eindhoven,Go Ahead Eagles,3,0,H,Netherlands,Eredivisie,football-data.co.uk
league_b6013fc00cf750ef,2023-09-27,EREDIVISIE,2023-24,LEAGUE,,Twente,Vitesse,1,0,H,Netherlands,Eredivisie,football-data.co.uk
league_648ba2b80ab4add8,2023-09-28,EREDIVISIE,2023-24,LEAGUE,,AZ Alkmaar,Heracles,1,1,D,Netherlands,Eredivisie,football-data.co.uk
league_c97bdbaa161af74f,2023-09-30,EREDIVISIE,2023-24,LEAGUE,,Feyenoord Rotterdam,Go Ahead Eagles,3,1,H,Netherlands,Eredivisie,football-data.co.uk
league_46788e7f53378690,2023-09-30,EREDIVISIE,2023-24,LEAGUE,,PSV Eindhoven,Volendam,3,1,H,Netherlands,Eredivisie,football-data.co.uk
league_052c82801a0dc081,2023-09-30,EREDIVISIE,2023-24,LEAGUE,,Twente,Heerenveen,1,0,H,Netherlands,Eredivisie,football-data.co.uk
league_6fa1992a2aabca9f,2023-09-30,EREDIVISIE,2023-24,LEAGUE,,Utrecht,Almere City,0,2,A,Netherlands,Eredivisie,football-data.co.uk
league_e4d533a38384c208,2023-10-01,EREDIVISIE,2023-24,LEAGUE,,AZ Alkmaar,For Sittard,4,0,H,Netherlands,Eredivisie,football-data.co.uk
league_bc85349acf836558,2023-10-01,EREDIVISIE,2023-24,LEAGUE,,Excelsior,Sparta Rotterdam,2,1,H,Netherlands,Eredivisie,football-data.co.uk
league_3c219bd057f24c7c,2023-10-01,EREDIVISIE,2023-24,LEAGUE,,Heracles,Zwolle,2,1,H,Netherlands,Eredivisie,football-data.co.uk
league_cc4c0d47e89619eb,2023-10-01,EREDIVISIE,2023-24,LEAGUE,,Nijmegen,Vitesse,1,3,A,Netherlands,Eredivisie,football-data.co.uk
league_897c225b7c582a28,2023-10-06,EREDIVISIE,2023-24,LEAGUE,,Volendam,Utrecht,1,0,H,Netherlands,Eredivisie,football-data.co.uk
league_4d9d9ba288fb741c,2023-10-07,EREDIVISIE,2023-24,LEAGUE,,Almere City,Waalwijk,1,0,H,Netherlands,Eredivisie,football-data.co.uk
league_7a945ce117127bd7,2023-10-07,EREDIVISIE,2023-24,LEAGUE,,Go Ahead Eagles,Heracles,4,0,H,Netherlands,Eredivisie,football-data.co.uk
league_2ca1a656c778f4f7,2023-10-07,EREDIVISIE,2023-24,LEAGUE,,Heerenveen,Nijmegen,1,1,D,Netherlands,Eredivisie,football-data.co.uk
league_9909111bfed45954,2023-10-07,EREDIVISIE,2023-24,LEAGUE,,Vitesse,Excelsior,0,0,D,Netherlands,Eredivisie,football-data.co.uk
league_acf377265ac07315,2023-10-08,EREDIVISIE,2023-24,LEAGUE,,Ajax,AZ Alkmaar,1,2,A,Netherlands,Eredivisie,football-data.co.uk
league_00608c51b248a7d0,2023-10-08,EREDIVISIE,2023-24,LEAGUE,,For Sittard,Twente,0,3,A,Netherlands,Eredivisie,football-data.co.uk
league_1c473860e1b84ab4,2023-10-08,EREDIVISIE,2023-24,LEAGUE,,Sparta Rotterdam,PSV Eindhoven,0,4,A,Netherlands,Eredivisie,football-data.co.uk
league_2e3f85d225890e8f,2023-10-08,EREDIVISIE,2023-24,LEAGUE,,Zwolle,Feyenoord Rotterdam,0,2,A,Netherlands,Eredivisie,football-data.co.uk
league_ccdc714a08a118c3,2023-10-21,EREDIVISIE,2023-24,LEAGUE,,AZ Alkmaar,Heerenveen,3,0,H,Netherlands,Eredivisie,football-data.co.uk
league_f8b04ffc0e355d02,2023-10-21,EREDIVISIE,2023-24,LEAGUE,,Feyenoord Rotterdam,Vitesse,4,0,H,Netherlands,Eredivisie,football-data.co.uk
league_9b62d32bb6610ee7,2023-10-21,EREDIVISIE,2023-24,LEAGUE,,Nijmegen,Almere City,1,1,D,Netherlands,Eredivisie,football-data.co.uk
league_181deb4891cf3eef,2023-10-21,EREDIVISIE,2023-24,LEAGUE,,PSV Eindhoven,For Sittard,3,1,H,Netherlands,Eredivisie,football-data.co.uk
league_e64a7f1df4aa469c,2023-10-21,EREDIVISIE,2023-24,LEAGUE,,Waalwijk,Volendam,2,1,H,Netherlands,Eredivisie,football-data.co.uk
league_6831d7802e49b69a,2023-10-22,EREDIVISIE,2023-24,LEAGUE,,Excelsior,Zwolle,2,4,A,Netherlands,Eredivisie,football-data.co.uk
league_7d6ecd350c560175,2023-10-22,EREDIVISIE,2023-24,LEAGUE,,Go Ahead Eagles,Sparta Rotterdam,0,0,D,Netherlands,Eredivisie,football-data.co.uk
league_7de5d3283ff90dca,2023-10-22,EREDIVISIE,2023-24,LEAGUE,,Heracles,Twente,2,2,D,Netherlands,Eredivisie,football-data.co.uk
league_22440a4c381bb64c,2023-10-22,EREDIVISIE,2023-24,LEAGUE,,Utrecht,Ajax,4,3,H,Netherlands,Eredivisie,football-data.co.uk
league_c8c8065c0eaa6fa3,2023-10-27,EREDIVISIE,2023-24,LEAGUE,,Vitesse,Zwolle,1,1,D,Netherlands,Eredivisie,football-data.co.uk
league_ce9f0b0fdb5d722d,2023-10-28,EREDIVISIE,2023-24,LEAGUE,,Almere City,Go Ahead Eagles,0,0,D,Netherlands,Eredivisie,football-data.co.uk
league_ed16241ccac0c476,2023-10-28,EREDIVISIE,2023-24,LEAGUE,,For Sittard,Utrecht,0,0,D,Netherlands,Eredivisie,football-data.co.uk
league_0b02ef8dc482e90d,2023-10-28,EREDIVISIE,2023-24,LEAGUE,,Heerenveen,Heracles,3,0,H,Netherlands,Eredivisie,football-data.co.uk
league_a251d62904af871c,2023-10-28,EREDIVISIE,2023-24,LEAGUE,,Sparta Rotterdam,Waalwijk,2,0,H,Netherlands,Eredivisie,football-data.co.uk
league_e7e3141ae1c4b968,2023-10-29,EREDIVISIE,2023-24,LEAGUE,,PSV Eindhoven,Ajax,5,2,H,Netherlands,Eredivisie,football-data.co.uk
league_5106ec8dbcb5b9c9,2023-10-29,EREDIVISIE,2023-24,LEAGUE,,Twente,Feyenoord Rotterdam,2,1,H,Netherlands,Eredivisie,football-data.co.uk
league_315b70ff26eaf500,2023-10-29,EREDIVISIE,2023-24,LEAGUE,,Volendam,Excelsior,3,1,H,Netherlands,Eredivisie,football-data.co.uk
league_ecd05cc292896bf4,2023-11-02,EREDIVISIE,2023-24,LEAGUE,,Ajax,Volendam,2,0,H,Netherlands,Eredivisie,football-data.co.uk
league_9cff350a52a429fd,2023-11-04,EREDIVISIE,2023-24,LEAGUE,,Excelsior,AZ Alkmaar,1,1,D,Netherlands,Eredivisie,football-data.co.uk
league_f44f31807efb9033,2023-11-04,EREDIVISIE,2023-24,LEAGUE,,Go Ahead Eagles,Vitesse,5,1,H,Netherlands,Eredivisie,football-data.co.uk
league_aaa1530f8c5c0a00,2023-11-04,EREDIVISIE,2023-24,LEAGUE,,Heracles,PSV Eindhoven,0,6,A,Netherlands,Eredivisie,football-data.co.uk
league_37b46d842aaea8fe,2023-11-04,EREDIVISIE,2023-24,LEAGUE,,Waalwijk,Feyenoord Rotterdam,1,2,A,Netherlands,Eredivisie,football-data.co.uk
league_9bc6eec11544427c,2023-11-05,EREDIVISIE,2023-24,LEAGUE,,Ajax,Heerenveen,4,1,H,Netherlands,Eredivisie,football-data.co.uk
league_ba2a79a93312901c,2023-11-05,EREDIVISIE,2023-24,LEAGUE,,Nijmegen,Volendam,3,3,D,Netherlands,Eredivisie,football-data.co.uk
league_f19d5b6d3b67e1de,2023-11-05,EREDIVISIE,2023-24,LEAGUE,,Sparta Rotterdam,Almere City,1,2,A,Netherlands,Eredivisie,football-data.co.uk
league_c6fd9b1c9f0a9264,2023-11-05,EREDIVISIE,2023-24,LEAGUE,,Utrecht,Twente,1,1,D,Netherlands,Eredivisie,football-data.co.uk
league_7b532f9143c66570,2023-11-05,EREDIVISIE,2023-24,LEAGUE,,Zwolle,For Sittard,2,0,H,Netherlands,Eredivisie,football-data.co.uk
league_6d849458885bc8ef,2023-11-10,EREDIVISIE,2023-24,LEAGUE,,For Sittard,Heracles,4,1,H,Netherlands,Eredivisie,football-data.co.uk
league_6c9c036c80ba7ce7,2023-11-11,EREDIVISIE,2023-24,LEAGUE,,Twente,Nijmegen,3,3,D,Netherlands,Eredivisie,football-data.co.uk
league_f9237f109e0fff4e,2023-11-11,EREDIVISIE,2023-24,LEAGUE,,Vitesse,Heerenveen,1,3,A,Netherlands,Eredivisie,football-data.co.uk
league_491904b366227fcc,2023-11-11,EREDIVISIE,2023-24,LEAGUE,,Waalwijk,Go Ahead Eagles,0,1,A,Netherlands,Eredivisie,football-data.co.uk
league_773ce700a5b9901a,2023-11-12,EREDIVISIE,2023-24,LEAGUE,,Almere City,Ajax,2,2,D,Netherlands,Eredivisie,football-data.co.uk
league_bf9b34aeba8d0a72,2023-11-12,EREDIVISIE,2023-24,LEAGUE,,Feyenoord Rotterdam,AZ Alkmaar,1,0,H,Netherlands,Eredivisie,football-data.co.uk
league_c4053a9a4c5a3a7d,2023-11-12,EREDIVISIE,2023-24,LEAGUE,,PSV Eindhoven,Zwolle,4,0,H,Netherlands,Eredivisie,football-data.co.uk
league_0a1b64e51fddd8be,2023-11-12,EREDIVISIE,2023-24,LEAGUE,,Utrecht,Excelsior,2,2,D,Netherlands,Eredivisie,football-data.co.uk
league_d659918152b60444,2023-11-12,EREDIVISIE,2023-24,LEAGUE,,Volendam,Sparta Rotterdam,1,4,A,Netherlands,Eredivisie,football-data.co.uk
league_6f0f04294841e510,2023-11-25,EREDIVISIE,2023-24,LEAGUE,,Ajax,Vitesse,5,0,H,Netherlands,Eredivisie,football-data.co.uk
league_1115f54ca83c40f6,2023-11-25,EREDIVISIE,2023-24,LEAGUE,,Excelsior,Feyenoord Rotterdam,2,4,A,Netherlands,Eredivisie,football-data.co.uk
league_056a3ea861e88220,2023-11-25,EREDIVISIE,2023-24,LEAGUE,,Heerenveen,For Sittard,3,0,H,Netherlands,Eredivisie,football-data.co.uk
league_7d63fc0a22f56386,2023-11-25,EREDIVISIE,2023-24,LEAGUE,,Twente,PSV Eindhoven,0,3,A,Netherlands,Eredivisie,football-data.co.uk
league_a25f9f9913e22dcd,2023-11-25,EREDIVISIE,2023-24,LEAGUE,,Zwolle,Waalwijk,1,2,A,Netherlands,Eredivisie,football-data.co.uk
league_2a14aee9f16e4a4b,2023-11-26,EREDIVISIE,2023-24,LEAGUE,,AZ Alkmaar,Volendam,3,0,H,Netherlands,Eredivisie,football-data.co.uk
league_900e1cb9e9d6e34e,2023-11-26,EREDIVISIE,2023-24,LEAGUE,,Almere City,Heracles,0,5,A,Netherlands,Eredivisie,football-data.co.uk
league_cd8753effbc19f1d,2023-11-26,EREDIVISIE,2023-24,LEAGUE,,Nijmegen,Go Ahead Eagles,1,1,D,Netherlands,Eredivisie,football-data.co.uk
league_3a9d4dfa10da1f5b,2023-11-26,EREDIVISIE,2023-24,LEAGUE,,Sparta Rotterdam,Utrecht,1,2,A,Netherlands,Eredivisie,football-data.co.uk
league_bed7e0aa2e7e807f,2023-12-01,EREDIVISIE,2023-24,LEAGUE,,Heerenveen,Almere City,3,0,H,Netherlands,Eredivisie,football-data.co.uk
league_55172fb4cfde78cb,2023-12-02,EREDIVISIE,2023-24,LEAGUE,,For Sittard,Vitesse,3,1,H,Netherlands,Eredivisie,football-data.co.uk
league_6edc476d333bd28b,2023-12-02,EREDIVISIE,2023-24,LEAGUE,,Heracles,Sparta Rotterdam,0,1,A,Netherlands,Eredivisie,football-data.co.uk
league_bf9fcfd125c64f7b,2023-12-02,EREDIVISIE,2023-24,LEAGUE,,Volendam,Zwolle,0,5,A,Netherlands,Eredivisie,football-data.co.uk
league_c2e79e9305bd2123,2023-12-02,EREDIVISIE,2023-24,LEAGUE,,Waalwijk,Excelsior,2,2,D,Netherlands,Eredivisie,football-data.co.uk
league_4a30de64e09b0675,2023-12-03,EREDIVISIE,2023-24,LEAGUE,,Feyenoord Rotterdam,PSV Eindhoven,1,2,A,Netherlands,Eredivisie,football-data.co.uk
league_1c77bab5df1149f6,2023-12-03,EREDIVISIE,2023-24,LEAGUE,,Go Ahead Eagles,Twente,1,3,A,Netherlands,Eredivisie,football-data.co.uk
league_e34979b7695d964b,2023-12-03,EREDIVISIE,2023-24,LEAGUE,,Nijmegen,Ajax,1,2,A,Netherlands,Eredivisie,football-data.co.uk
league_3436b776fa2e3a6a,2023-12-03,EREDIVISIE,2023-24,LEAGUE,,Utrecht,AZ Alkmaar,1,1,D,Netherlands,Eredivisie,football-data.co.uk
league_b22b2197608a2b8e,2023-12-06,EREDIVISIE,2023-24,LEAGUE,,AZ Alkmaar,Nijmegen,1,2,A,Netherlands,Eredivisie,football-data.co.uk
league_deff6378fb78f8da,2023-12-06,EREDIVISIE,2023-24,LEAGUE,,Waalwijk,Ajax,2,3,A,Netherlands,Eredivisie,football-data.co.uk
league_f85f172a7a1a2ebf,2023-12-07,EREDIVISIE,2023-24,LEAGUE,,Feyenoord Rotterdam,Volendam,3,1,H,Netherlands,Eredivisie,football-data.co.uk
league_a42ac278fea3af9c,2023-12-07,EREDIVISIE,2023-24,LEAGUE,,PSV Eindhoven,Heerenveen,2,0,H,Netherlands,Eredivisie,football-data.co.uk
league_cf5c67d323157f59,2023-12-08,EREDIVISIE,2023-24,LEAGUE,,Twente,Excelsior,4,2,H,Netherlands,Eredivisie,football-data.co.uk
league_c3d5a9d5ffd797ec,2023-12-09,EREDIVISIE,2023-24,LEAGUE,,AZ Alkmaar,Almere City,4,1,H,Netherlands,Eredivisie,football-data.co.uk
league_68dda64574fa2714,2023-12-09,EREDIVISIE,2023-24,LEAGUE,,Ajax,Sparta Rotterdam,2,1,H,Netherlands,Eredivisie,football-data.co.uk
league_c21fab65672321da,2023-12-09,EREDIVISIE,2023-24,LEAGUE,,Zwolle,Nijmegen,1,3,A,Netherlands,Eredivisie,football-data.co.uk
league_a09be52b888b0e8a,2023-12-10,EREDIVISIE,2023-24,LEAGUE,,For Sittard,Waalwijk,1,0,H,Netherlands,Eredivisie,football-data.co.uk
league_c656dad8f3b3a6f9,2023-12-10,EREDIVISIE,2023-24,LEAGUE,,Go Ahead Eagles,Utrecht,0,2,A,Netherlands,Eredivisie,football-data.co.uk
league_33eb856e71dac380,2023-12-10,EREDIVISIE,2023-24,LEAGUE,,Vitesse,Heracles,2,0,H,Netherlands,Eredivisie,football-data.co.uk
league_6f9b57c26cd8a544,2023-12-15,EREDIVISIE,2023-24,LEAGUE,,Nijmegen,For Sittard,4,1,H,Netherlands,Eredivisie,football-data.co.uk
league_bc3df46fc02c9b7a,2023-12-16,EREDIVISIE,2023-24,LEAGUE,,Excelsior,Go Ahead Eagles,1,1,D,Netherlands,Eredivisie,football-data.co.uk
league_2a08683f628a63f4,2023-12-16,EREDIVISIE,2023-24,LEAGUE,,Heerenveen,Volendam,1,2,A,Netherlands,Eredivisie,football-data.co.uk
league_f0b581a48daf8a3b,2023-12-16,EREDIVISIE,2023-24,LEAGUE,,Utrecht,Waalwijk,1,1,D,Netherlands,Eredivisie,football-data.co.uk
league_03a9495e23f54fb0,2023-12-17,EREDIVISIE,2023-24,LEAGUE,,AZ Alkmaar,PSV Eindhoven,0,4,A,Netherlands,Eredivisie,football-data.co.uk
league_2b943092c05c8811,2023-12-17,EREDIVISIE,2023-24,LEAGUE,,Ajax,Zwolle,2,2,D,Netherlands,Eredivisie,football-data.co.uk
league_ad3e9030dac5e7f8,2023-12-17,EREDIVISIE,2023-24,LEAGUE,,Almere City,Vitesse,5,0,H,Netherlands,Eredivisie,football-data.co.uk
league_162bb27835941454,2023-12-17,EREDIVISIE,2023-24,LEAGUE,,Heracles,Feyenoord Rotterdam,0,4,A,Netherlands,Eredivisie,football-data.co.uk
league_0523ce89af798088,2023-12-17,EREDIVISIE,2023-24,LEAGUE,,Sparta Rotterdam,Twente,2,2,D,Netherlands,Eredivisie,football-data.co.uk
league_f220add3b5e6fbd0,2024-01-12,EREDIVISIE,2023-24,LEAGUE,,Waalwijk,Heracles,1,2,A,Netherlands,Eredivisie,football-data.co.uk
league_a4776d508f9b0754,2024-01-13,EREDIVISIE,2023-24,LEAGUE,,For Sittard,Sparta Rotterdam,0,2,A,Netherlands,Eredivisie,football-data.co.uk
league_f10eb49f93c8e531,2024-01-13,EREDIVISIE,2023-24,LEAGUE,,PSV Eindhoven,Excelsior,3,1,H,Netherlands,Eredivisie,football-data.co.uk
league_5e22f83245b22969,2024-01-13,EREDIVISIE,2023-24,LEAGUE,,Twente,AZ Alkmaar,2,1,H,Netherlands,Eredivisie,football-data.co.uk
league_682344922c28ff4c,2024-01-13,EREDIVISIE,2023-24,LEAGUE,,Zwolle,Heerenveen,2,2,D,Netherlands,Eredivisie,football-data.co.uk
league_26a7245fef364afc,2024-01-14,EREDIVISIE,2023-24,LEAGUE,,Feyenoord Rotterdam,Nijmegen,2,2,D,Netherlands,Eredivisie,football-data.co.uk
league_9f4f69cbd1957e46,2024-01-14,EREDIVISIE,2023-24,LEAGUE,,Go Ahead Eagles,Ajax,2,3,A,Netherlands,Eredivisie,football-data.co.uk
league_d0725fbc4ea38bc8,2024-01-14,EREDIVISIE,2023-24,LEAGUE,,Vitesse,Utrecht,0,0,D,Netherlands,Eredivisie,football-data.co.uk
league_12fe09ff985068ab,2024-01-14,EREDIVISIE,2023-24,LEAGUE,,Volendam,Almere City,0,1,A,Netherlands,Eredivisie,football-data.co.uk
league_ed88d3a9ccfd187a,2024-01-19,EREDIVISIE,2023-24,LEAGUE,,Excelsior,Heerenveen,3,0,H,Netherlands,Eredivisie,football-data.co.uk
league_00aa3f9212e94543,2024-01-20,EREDIVISIE,2023-24,LEAGUE,,AZ Alkmaar,Zwolle,2,2,D,Netherlands,Eredivisie,football-data.co.uk
league_515c22f06c909887,2024-01-20,EREDIVISIE,2023-24,LEAGUE,,Heracles,Volendam,1,1,D,Netherlands,Eredivisie,football-data.co.uk
league_d9db7f583434adc3,2024-01-20,EREDIVISIE,2023-24,LEAGUE,,Nijmegen,Twente,1,0,H,Netherlands,Eredivisie,football-data.co.uk
league_606dbebe936bf607,2024-01-21,EREDIVISIE,2023-24,LEAGUE,,Ajax,Waalwijk,4,1,H,Netherlands,Eredivisie,football-data.co.uk
league_b5d12902d01b4439,2024-01-21,EREDIVISIE,2023-24,LEAGUE,,Sparta Rotterdam,Go Ahead Eagles,0,2,A,Netherlands,Eredivisie,football-data.co.uk
league_27dadfdb36357a85,2024-01-21,EREDIVISIE,2023-24,LEAGUE,,Utrecht,PSV Eindhoven,1,1,D,Netherlands,Eredivisie,football-data.co.uk
league_c98d8e4e2691de1b,2024-01-21,EREDIVISIE,2023-24,LEAGUE,,Vitesse,Feyenoord Rotterdam,1,2,A,Netherlands,Eredivisie,football-data.co.uk
league_2fd002666650770d,2024-01-24,EREDIVISIE,2023-24,LEAGUE,,Almere City,For Sittard,0,0,D,Netherlands,Eredivisie,football-data.co.uk
league_1212acb1674532c3,2024-01-26,EREDIVISIE,2023-24,LEAGUE,,Zwolle,Vitesse,1,0,H,Netherlands,Eredivisie,football-data.co.uk
league_a33cdfd223b69670,2024-01-27,EREDIVISIE,2023-24,LEAGUE,,Excelsior,Utrecht,1,1,D,Netherlands,Eredivisie,football-data.co.uk
league_2017736e5687bfd8,2024-01-27,EREDIVISIE,2023-24,LEAGUE,,Heracles,Ajax,2,4,A,Netherlands,Eredivisie,football-data.co.uk
league_fb3e917c2fc39e54,2024-01-27,EREDIVISIE,2023-24,LEAGUE,,PSV Eindhoven,Almere City,2,0,H,Netherlands,Eredivisie,football-data.co.uk
league_58dcfc0dc159af08,2024-01-27,EREDIVISIE,2023-24,LEAGUE,,Waalwijk,Sparta Rotterdam,1,1,D,Netherlands,Eredivisie,football-data.co.uk
league_9eab3fe1cbec1b95,2024-01-28,EREDIVISIE,2023-24,LEAGUE,,Feyenoord Rotterdam,Twente,0,0,D,Netherlands,Eredivisie,football-data.co.uk
league_b460d5cb20fb0353,2024-01-28,EREDIVISIE,2023-24,LEAGUE,,Go Ahead Eagles,Nijmegen,2,2,D,Netherlands,Eredivisie,football-data.co.uk
league_bd223dbd1edc5d7b,2024-01-28,EREDIVISIE,2023-24,LEAGUE,,Heerenveen,AZ Alkmaar,2,2,D,Netherlands,Eredivisie,football-data.co.uk
league_0808a84b6454674f,2024-01-28,EREDIVISIE,2023-24,LEAGUE,,Volendam,For Sittard,0,1,A,Netherlands,Eredivisie,football-data.co.uk
league_9ff8b66c1851c0d0,2024-02-02,EREDIVISIE,2023-24,LEAGUE,,Almere City,Excelsior,2,1,H,Netherlands,Eredivisie,football-data.co.uk
league_585c5625408d27cd,2024-02-03,EREDIVISIE,2023-24,LEAGUE,,Ajax,PSV Eindhoven,1,1,D,Netherlands,Eredivisie,football-data.co.uk
league_12dfe768731996c6,2024-02-03,EREDIVISIE,2023-24,LEAGUE,,For Sittard,Heerenveen,3,3,D,Netherlands,Eredivisie,football-data.co.uk
league_caa656613a50a83b,2024-02-03,EREDIVISIE,2023-24,LEAGUE,,Nijmegen,Heracles,3,1,H,Netherlands,Eredivisie,football-data.co.uk
league_cdf85834cade7450,2024-02-03,EREDIVISIE,2023-24,LEAGUE,,Twente,Waalwijk,3,0,H,Netherlands,Eredivisie,football-data.co.uk
league_21db9e02e7b34ad0,2024-02-04,EREDIVISIE,2023-24,LEAGUE,,AZ Alkmaar,Feyenoord Rotterdam,0,1,A,Netherlands,Eredivisie,football-data.co.uk
league_26d4d48c48610d93,2024-02-04,EREDIVISIE,2023-24,LEAGUE,,Sparta Rotterdam,Zwolle,0,2,A,Netherlands,Eredivisie,football-data.co.uk
league_327edbd65628edcd,2024-02-04,EREDIVISIE,2023-24,LEAGUE,,Utrecht,Volendam,4,2,H,Netherlands,Eredivisie,football-data.co.uk
league_d4a628fbf06ca1bd,2024-02-04,EREDIVISIE,2023-24,LEAGUE,,Vitesse,Go Ahead Eagles,0,2,A,Netherlands,Eredivisie,football-data.co.uk
league_ad902c58bf983150,2024-02-09,EREDIVISIE,2023-24,LEAGUE,,Waalwijk,Nijmegen,2,0,H,Netherlands,Eredivisie,football-data.co.uk
league_dbb32aeb8258b9d9,2024-02-10,EREDIVISIE,2023-24,LEAGUE,,Almere City,AZ Alkmaar,0,0,D,Netherlands,Eredivisie,football-data.co.uk
league_3e2c38106abbf19d,2024-02-10,EREDIVISIE,2023-24,LEAGUE,,Excelsior,Twente,0,3,A,Netherlands,Eredivisie,football-data.co.uk
league_a24ed4456dffab17,2024-02-10,EREDIVISIE,2023-24,LEAGUE,,Heracles,Vitesse,3,2,H,Netherlands,Eredivisie,football-data.co.uk
league_fe25b4d76e9e9169,2024-02-11,EREDIVISIE,2023-24,LEAGUE,,Feyenoord Rotterdam,Sparta Rotterdam,2,0,H,Netherlands,Eredivisie,football-data.co.uk
league_989249afaa6b0654,2024-02-11,EREDIVISIE,2023-24,LEAGUE,,Go Ahead Eagles,Zwolle,1,1,D,Netherlands,Eredivisie,football-data.co.uk
league_91a420486551b405,2024-02-11,EREDIVISIE,2023-24,LEAGUE,,Heerenveen,Ajax,3,2,H,Netherlands,Eredivisie,football-data.co.uk
league_bdc441fcb6199c62,2024-02-11,EREDIVISIE,2023-24,LEAGUE,,Utrecht,For Sittard,4,0,H,Netherlands,Eredivisie,football-data.co.uk
league_23469009d0a26cf8,2024-02-11,EREDIVISIE,2023-24,LEAGUE,,Volendam,PSV Eindhoven,1,5,A,Netherlands,Eredivisie,football-data.co.uk
league_1335f2f18f47403c,2024-02-16,EREDIVISIE,2023-24,LEAGUE,,PSV Eindhoven,Heracles,2,0,H,Netherlands,Eredivisie,football-data.co.uk
league_0b2cb27e9bc01140,2024-02-17,EREDIVISIE,2023-24,LEAGUE,,For Sittard,AZ Alkmaar,1,2,A,Netherlands,Eredivisie,football-data.co.uk
league_bf114aebbbedb595,2024-02-17,EREDIVISIE,2023-24,LEAGUE,,Heerenveen,Go Ahead Eagles,0,2,A,Netherlands,Eredivisie,football-data.co.uk
league_afb5caf6612e5187,2024-02-17,EREDIVISIE,2023-24,LEAGUE,,Sparta Rotterdam,Excelsior,4,2,H,Netherlands,Eredivisie,football-data.co.uk
league_12759eb5cb5d2e17,2024-02-17,EREDIVISIE,2023-24,LEAGUE,,Zwolle,Almere City,0,1,A,Netherlands,Eredivisie,football-data.co.uk
league_d47b9ff80c8d417e,2024-02-18,EREDIVISIE,2023-24,LEAGUE,,Ajax,Nijmegen,2,2,D,Netherlands,Eredivisie,football-data.co.uk
league_89f4df840f513217,2024-02-18,EREDIVISIE,2023-24,LEAGUE,,Feyenoord Rotterdam,Waalwijk,1,0,H,Netherlands,Eredivisie,football-data.co.uk
league_c58aea6d10d25f8b,2024-02-18,EREDIVISIE,2023-24,LEAGUE,,Twente,Utrecht,0,1,A,Netherlands,Eredivisie,football-data.co.uk
league_2ae017e31b50bcec,2024-02-18,EREDIVISIE,2023-24,LEAGUE,,Vitesse,Volendam,1,1,D,Netherlands,Eredivisie,football-data.co.uk
league_0504d632cb919035,2024-02-23,EREDIVISIE,2023-24,LEAGUE,,Utrecht,Heracles,1,0,H,Netherlands,Eredivisie,football-data.co.uk
league_69053bff21133569,2024-02-24,EREDIVISIE,2023-24,LEAGUE,,Nijmegen,Sparta Rotterdam,2,0,H,Netherlands,Eredivisie,football-data.co.uk
league_f81cdabee3f3e45d,2024-02-24,EREDIVISIE,2023-24,LEAGUE,,Waalwijk,For Sittard,0,1,A,Netherlands,Eredivisie,football-data.co.uk
league_3c632991596401e4,2024-02-24,EREDIVISIE,2023-24,LEAGUE,,Zwolle,PSV Eindhoven,1,7,A,Netherlands,Eredivisie,football-data.co.uk
league_0d3a46c1f5722b85,2024-02-25,EREDIVISIE,2023-24,LEAGUE,,AZ Alkmaar,Ajax,2,0,H,Netherlands,Eredivisie,football-data.co.uk
league_98d1696bc5b063c8,2024-02-25,EREDIVISIE,2023-24,LEAGUE,,Almere City,Feyenoord Rotterdam,0,2,A,Netherlands,Eredivisie,football-data.co.uk
league_8c189c1d121303cb,2024-02-25,EREDIVISIE,2023-24,LEAGUE,,Excelsior,Vitesse,1,2,A,Netherlands,Eredivisie,football-data.co.uk
league_b4033eae7672343a,2024-02-25,EREDIVISIE,2023-24,LEAGUE,,Twente,Go Ahead Eagles,3,0,H,Netherlands,Eredivisie,football-data.co.uk
league_06db1a93bc3e117f,2024-02-25,EREDIVISIE,2023-24,LEAGUE,,Volendam,Heerenveen,0,4,A,Netherlands,Eredivisie,football-data.co.uk
league_05303028f54ebd0a,2024-03-01,EREDIVISIE,2023-24,LEAGUE,,Volendam,Nijmegen,2,5,A,Netherlands,Eredivisie,football-data.co.uk
league_4b0d3e8743cd20df,2024-03-02,EREDIVISIE,2023-24,LEAGUE,,Go Ahead Eagles,Waalwijk,1,0,H,Netherlands,Eredivisie,football-data.co.uk
league_0f4d97445e7b6117,2024-03-02,EREDIVISIE,2023-24,LEAGUE,,Sparta Rotterdam,AZ Alkmaar,1,1,D,Netherlands,Eredivisie,football-data.co.uk
league_c548ba9d3cd9dcb8,2024-03-02,EREDIVISIE,2023-24,LEAGUE,,Vitesse,Twente,1,2,A,Netherlands,Eredivisie,football-data.co.uk
league_b8f967f9d4bd9aa1,2024-03-03,EREDIVISIE,2023-24,LEAGUE,,Ajax,Utrecht,2,0,H,Netherlands,Eredivisie,football-data.co.uk
league_e8d3dfcb0efe5c11,2024-03-03,EREDIVISIE,2023-24,LEAGUE,,For Sittard,Excelsior,5,2,H,Netherlands,Eredivisie,football-data.co.uk
league_dacb041845d15fd0,2024-03-03,EREDIVISIE,2023-24,LEAGUE,,Heerenveen,Zwolle,2,0,H,Netherlands,Eredivisie,football-data.co.uk
league_83e1fdc9329a4cee,2024-03-03,EREDIVISIE,2023-24,LEAGUE,,Heracles,Almere City,2,2,D,Netherlands,Eredivisie,football-data.co.uk
league_c099574047dd6346,2024-03-03,EREDIVISIE,2023-24,LEAGUE,,PSV Eindhoven,Feyenoord Rotterdam,2,2,D,Netherlands,Eredivisie,football-data.co.uk
league_73a97718f16cfbb3,2024-03-08,EREDIVISIE,2023-24,LEAGUE,,Go Ahead Eagles,PSV Eindhoven,0,1,A,Netherlands,Eredivisie,football-data.co.uk
league_18e4f17634669679,2024-03-09,EREDIVISIE,2023-24,LEAGUE,,Almere City,Utrecht,1,1,D,Netherlands,Eredivisie,football-data.co.uk
league_c1755bd052550d68,2024-03-09,EREDIVISIE,2023-24,LEAGUE,,Twente,Sparta Rotterdam,2,1,H,Netherlands,Eredivisie,football-data.co.uk
league_bd9150a1f8edf202,2024-03-09,EREDIVISIE,2023-24,LEAGUE,,Waalwijk,Vitesse,3,1,H,Netherlands,Eredivisie,football-data.co.uk
league_739e54dde7bfbf6e,2024-03-10,EREDIVISIE,2023-24,LEAGUE,,AZ Alkmaar,Excelsior,4,0,H,Netherlands,Eredivisie,football-data.co.uk
league_d934660f4afc85c5,2024-03-10,EREDIVISIE,2023-24,LEAGUE,,Ajax,For Sittard,2,2,D,Netherlands,Eredivisie,football-data.co.uk
league_c6046a66b4045a02,2024-03-10,EREDIVISIE,2023-24,LEAGUE,,Feyenoord Rotterdam,Heracles,3,0,H,Netherlands,Eredivisie,football-data.co.uk
league_99ef3247bf19c662,2024-03-10,EREDIVISIE,2023-24,LEAGUE,,Nijmegen,Heerenveen,2,0,H,Netherlands,Eredivisie,football-data.co.uk
league_98ee861ee0b6cf1b,2024-03-10,EREDIVISIE,2023-24,LEAGUE,,Zwolle,Volendam,1,1,D,Netherlands,Eredivisie,football-data.co.uk
league_2b6c6ddc405c4180,2024-03-15,EREDIVISIE,2023-24,LEAGUE,,Heracles,Go Ahead Eagles,2,0,H,Netherlands,Eredivisie,football-data.co.uk
league_63934316174fcc89,2024-03-16,EREDIVISIE,2023-24,LEAGUE,,Excelsior,Waalwijk,1,1,D,Netherlands,Eredivisie,football-data.co.uk
league_515a9c4cdd06723f,2024-03-16,EREDIVISIE,2023-24,LEAGUE,,For Sittard,Zwolle,3,1,H,Netherlands,Eredivisie,football-data.co.uk
league_98256dbc90fc20d1,2024-03-16,EREDIVISIE,2023-24,LEAGUE,,Vitesse,Almere City,1,1,D,Netherlands,Eredivisie,football-data.co.uk
league_018e355025711efa,2024-03-17,EREDIVISIE,2023-24,LEAGUE,,Heerenveen,Feyenoord Rotterdam,2,3,A,Netherlands,Eredivisie,football-data.co.uk
league_30739ed1c49369e8,2024-03-17,EREDIVISIE,2023-24,LEAGUE,,PSV Eindhoven,Twente,1,0,H,Netherlands,Eredivisie,football-data.co.uk
league_c1a823b0e9b4b9c7,2024-03-17,EREDIVISIE,2023-24,LEAGUE,,Sparta Rotterdam,Ajax,2,2,D,Netherlands,Eredivisie,football-data.co.uk
league_aa4079f827d25d44,2024-03-17,EREDIVISIE,2023-24,LEAGUE,,Utrecht,Nijmegen,1,0,H,Netherlands,Eredivisie,football-data.co.uk
league_5e901522cc9353eb,2024-03-17,EREDIVISIE,2023-24,LEAGUE,,Volendam,AZ Alkmaar,0,4,A,Netherlands,Eredivisie,football-data.co.uk
league_7a6b6747faec0e47,2024-03-30,EREDIVISIE,2023-24,LEAGUE,,AZ Alkmaar,Vitesse,2,0,H,Netherlands,Eredivisie,football-data.co.uk
league_81b1b42bcaf2ccb5,2024-03-30,EREDIVISIE,2023-24,LEAGUE,,Go Ahead Eagles,Excelsior,3,0,H,Netherlands,Eredivisie,football-data.co.uk
league_3f282b9400f215d1,2024-03-30,EREDIVISIE,2023-24,LEAGUE,,Nijmegen,PSV Eindhoven,3,1,H,Netherlands,Eredivisie,football-data.co.uk
league_44100cb252a770e3,2024-03-30,EREDIVISIE,2023-24,LEAGUE,,Sparta Rotterdam,For Sittard,4,0,H,Netherlands,Eredivisie,football-data.co.uk
league_313900b3e8782018,2024-03-30,EREDIVISIE,2023-24,LEAGUE,,Waalwijk,Heerenveen,1,1,D,Netherlands,Eredivisie,football-data.co.uk
league_b68d0df9b45296d8,2024-03-31,EREDIVISIE,2023-24,LEAGUE,,Almere City,Volendam,1,1,D,Netherlands,Eredivisie,football-data.co.uk
league_1b96ebd827178613,2024-03-31,EREDIVISIE,2023-24,LEAGUE,,Feyenoord Rotterdam,Utrecht,4,2,H,Netherlands,Eredivisie,football-data.co.uk
league_5bf1a810eef4cdec,2024-03-31,EREDIVISIE,2023-24,LEAGUE,,Twente,Heracles,1,0,H,Netherlands,Eredivisie,football-data.co.uk
league_e4d3ec57b2b14dc2,2024-03-31,EREDIVISIE,2023-24,LEAGUE,,Zwolle,Ajax,1,3,A,Netherlands,Eredivisie,football-data.co.uk
league_f4d17ce341d66e8b,2024-04-02,EREDIVISIE,2023-24,LEAGUE,,Excelsior,PSV Eindhoven,0,2,A,Netherlands,Eredivisie,football-data.co.uk
league_114ccb6a5937a54a,2024-04-02,EREDIVISIE,2023-24,LEAGUE,,For Sittard,Nijmegen,1,1,D,Netherlands,Eredivisie,football-data.co.uk
league_bc6f75514da036b3,2024-04-02,EREDIVISIE,2023-24,LEAGUE,,Vitesse,Sparta Rotterdam,1,4,A,Netherlands,Eredivisie,football-data.co.uk
league_aa0de3e5b49f72b0,2024-04-03,EREDIVISIE,2023-24,LEAGUE,,Heerenveen,Twente,3,3,D,Netherlands,Eredivisie,football-data.co.uk
league_fc2fe4efdd0c0c00,2024-04-03,EREDIVISIE,2023-24,LEAGUE,,Heracles,AZ Alkmaar,5,0,H,Netherlands,Eredivisie,football-data.co.uk
league_6105a33b94dce90f,2024-04-03,EREDIVISIE,2023-24,LEAGUE,,Utrecht,Zwolle,5,1,H,Netherlands,Eredivisie,football-data.co.uk
league_6ad92f1b96b46d97,2024-04-04,EREDIVISIE,2023-24,LEAGUE,,Ajax,Go Ahead Eagles,1,1,D,Netherlands,Eredivisie,football-data.co.uk
league_34c29bdf96ad9ca8,2024-04-04,EREDIVISIE,2023-24,LEAGUE,,Volendam,Feyenoord Rotterdam,0,0,D,Netherlands,Eredivisie,football-data.co.uk
league_badb575a6ee4d755,2024-04-04,EREDIVISIE,2023-24,LEAGUE,,Waalwijk,Almere City,0,0,D,Netherlands,Eredivisie,football-data.co.uk
league_1d2f65369438015f,2024-04-06,EREDIVISIE,2023-24,LEAGUE,,PSV Eindhoven,AZ Alkmaar,5,1,H,Netherlands,Eredivisie,football-data.co.uk
league_4f3f05db2c08c64b,2024-04-06,EREDIVISIE,2023-24,LEAGUE,,Sparta Rotterdam,Heracles,1,2,A,Netherlands,Eredivisie,football-data.co.uk
league_574632e3bcdb5538,2024-04-06,EREDIVISIE,2023-24,LEAGUE,,Twente,For Sittard,2,0,H,Netherlands,Eredivisie,football-data.co.uk
league_f246e99f108771bc,2024-04-06,EREDIVISIE,2023-24,LEAGUE,,Zwolle,Excelsior,2,1,H,Netherlands,Eredivisie,football-data.co.uk
league_f8fd98a491446aa9,2024-04-07,EREDIVISIE,2023-24,LEAGUE,,Feyenoord Rotterdam,Ajax,6,0,H,Netherlands,Eredivisie,football-data.co.uk
league_db6703dfb0a50c46,2024-04-07,EREDIVISIE,2023-24,LEAGUE,,Go Ahead Eagles,Almere City,1,1,D,Netherlands,Eredivisie,football-data.co.uk
league_d6f100eab8385502,2024-04-07,EREDIVISIE,2023-24,LEAGUE,,Heerenveen,Utrecht,2,3,A,Netherlands,Eredivisie,football-data.co.uk
league_9955757c676280bf,2024-04-07,EREDIVISIE,2023-24,LEAGUE,,Vitesse,Nijmegen,0,3,A,Netherlands,Eredivisie,football-data.co.uk
league_2950bb64c8dd9dde,2024-04-07,EREDIVISIE,2023-24,LEAGUE,,Volendam,Waalwijk,3,2,H,Netherlands,Eredivisie,football-data.co.uk
league_c21b2b501e1e5651,2024-04-12,EREDIVISIE,2023-24,LEAGUE,,Excelsior,Volendam,4,0,H,Netherlands,Eredivisie,football-data.co.uk
league_59a5c03ad6592ad0,2024-04-13,EREDIVISIE,2023-24,LEAGUE,,AZ Alkmaar,Waalwijk,3,2,H,Netherlands,Eredivisie,football-data.co.uk
league_bea8753a360c74f7,2024-04-13,EREDIVISIE,2023-24,LEAGUE,,Almere City,Sparta Rotterdam,2,3,A,Netherlands,Eredivisie,football-data.co.uk
league_72391b4f30d832d5,2024-04-13,EREDIVISIE,2023-24,LEAGUE,,PSV Eindhoven,Vitesse,6,0,H,Netherlands,Eredivisie,football-data.co.uk
league_6009827278a10e97,2024-04-14,EREDIVISIE,2023-24,LEAGUE,,Ajax,Twente,2,1,H,Netherlands,Eredivisie,football-data.co.uk
league_c60fcc8892d64c2c,2024-04-14,EREDIVISIE,2023-24,LEAGUE,,For Sittard,Feyenoord Rotterdam,0,1,A,Netherlands,Eredivisie,football-data.co.uk
league_66da8ad0f0011c4e,2024-04-14,EREDIVISIE,2023-24,LEAGUE,,Heracles,Heerenveen,0,2,A,Netherlands,Eredivisie,football-data.co.uk
league_47dd51bfd3649241,2024-04-14,EREDIVISIE,2023-24,LEAGUE,,Nijmegen,Zwolle,2,2,D,Netherlands,Eredivisie,football-data.co.uk
league_439916ded455626c,2024-04-14,EREDIVISIE,2023-24,LEAGUE,,Utrecht,Go Ahead Eagles,2,1,H,Netherlands,Eredivisie,football-data.co.uk
league_b39d4af8dd8c6233,2024-04-24,EREDIVISIE,2023-24,LEAGUE,,Ajax,Excelsior,2,2,D,Netherlands,Eredivisie,football-data.co.uk
league_82f3141be2270f5e,2024-04-24,EREDIVISIE,2023-24,LEAGUE,,Twente,Almere City,3,1,H,Netherlands,Eredivisie,football-data.co.uk
league_ffbd852d868f56df,2024-04-25,EREDIVISIE,2023-24,LEAGUE,,Go Ahead Eagles,Feyenoord Rotterdam,1,3,A,Netherlands,Eredivisie,football-data.co.uk
league_c287bf73b23475cf,2024-04-25,EREDIVISIE,2023-24,LEAGUE,,Heerenveen,PSV Eindhoven,0,8,A,Netherlands,Eredivisie,football-data.co.uk
league_3e0c02253b3f8673,2024-04-28,EREDIVISIE,2023-24,LEAGUE,,Nijmegen,AZ Alkmaar,0,3,A,Netherlands,Eredivisie,football-data.co.uk
league_6dd42a9cdf3d9ab3,2024-04-28,EREDIVISIE,2023-24,LEAGUE,,Sparta Rotterdam,Volendam,1,0,H,Netherlands,Eredivisie,football-data.co.uk
league_b7c0821b41b9b2f5,2024-04-28,EREDIVISIE,2023-24,LEAGUE,,Vitesse,For Sittard,3,2,H,Netherlands,Eredivisie,football-data.co.uk
league_bdc2d684927127ce,2024-04-28,EREDIVISIE,2023-24,LEAGUE,,Waalwijk,Utrecht,2,2,D,Netherlands,Eredivisie,football-data.co.uk
league_ccc458ee00ba80c7,2024-04-28,EREDIVISIE,2023-24,LEAGUE,,Zwolle,Heracles,3,1,H,Netherlands,Eredivisie,football-data.co.uk
league_7716f802c91d6f01,2024-05-03,EREDIVISIE,2023-24,LEAGUE,,Almere City,Heerenveen,1,1,D,Netherlands,Eredivisie,football-data.co.uk
league_62af0dc4fdf18c09,2024-05-03,EREDIVISIE,2023-24,LEAGUE,,For Sittard,Go Ahead Eagles,0,0,D,Netherlands,Eredivisie,football-data.co.uk
league_f3a8068160a8b562,2024-05-05,EREDIVISIE,2023-24,LEAGUE,,AZ Alkmaar,Twente,2,1,H,Netherlands,Eredivisie,football-data.co.uk
league_d968a53df45f330b,2024-05-05,EREDIVISIE,2023-24,LEAGUE,,Feyenoord Rotterdam,Zwolle,5,0,H,Netherlands,Eredivisie,football-data.co.uk
league_b9f511820cee2811,2024-05-05,EREDIVISIE,2023-24,LEAGUE,,Heracles,Waalwijk,0,5,A,Netherlands,Eredivisie,football-data.co.uk
league_9fde0a81747cf47a,2024-05-05,EREDIVISIE,2023-24,LEAGUE,,PSV Eindhoven,Sparta Rotterdam,4,2,H,Netherlands,Eredivisie,football-data.co.uk
league_e907d7b1cc287004,2024-05-05,EREDIVISIE,2023-24,LEAGUE,,Utrecht,Vitesse,1,0,H,Netherlands,Eredivisie,football-data.co.uk
league_d55b41e56ba6ef0b,2024-05-05,EREDIVISIE,2023-24,LEAGUE,,Volendam,Ajax,1,4,A,Netherlands,Eredivisie,football-data.co.uk
league_44d84886102d88cb,2024-05-06,EREDIVISIE,2023-24,LEAGUE,,Excelsior,Nijmegen,0,3,A,Netherlands,Eredivisie,football-data.co.uk
league_90e2714eae9c303c,2024-05-12,EREDIVISIE,2023-24,LEAGUE,,Ajax,Almere City,3,0,H,Netherlands,Eredivisie,football-data.co.uk
league_669b6f01c46e9f79,2024-05-12,EREDIVISIE,2023-24,LEAGUE,,Excelsior,Heracles,4,0,H,Netherlands,Eredivisie,football-data.co.uk
league_83f2efaef0768662,2024-05-12,EREDIVISIE,2023-24,LEAGUE,,For Sittard,PSV Eindhoven,1,1,D,Netherlands,Eredivisie,football-data.co.uk
league_eb0bfafa2fa4c276,2024-05-12,EREDIVISIE,2023-24,LEAGUE,,Go Ahead Eagles,AZ Alkmaar,0,3,A,Netherlands,Eredivisie,football-data.co.uk
league_292400bbaf3f0bc1,2024-05-12,EREDIVISIE,2023-24,LEAGUE,,Heerenveen,Vitesse,1,3,A,Netherlands,Eredivisie,football-data.co.uk
league_d011441be52d3e6c,2024-05-12,EREDIVISIE,2023-24,LEAGUE,,Nijmegen,Feyenoord Rotterdam,2,3,A,Netherlands,Eredivisie,football-data.co.uk
league_cfb13042f6e46d3a,2024-05-12,EREDIVISIE,2023-24,LEAGUE,,Twente,Volendam,7,2,H,Netherlands,Eredivisie,football-data.co.uk
league_6007a753d714432b,2024-05-12,EREDIVISIE,2023-24,LEAGUE,,Utrecht,Sparta Rotterdam,0,1,A,Netherlands,Eredivisie,football-data.co.uk
league_d91ee77380f9f9c3,2024-05-12,EREDIVISIE,2023-24,LEAGUE,,Waalwijk,Zwolle,1,1,D,Netherlands,Eredivisie,football-data.co.uk
league_7eaa5a0e1a50693f,2024-05-19,EREDIVISIE,2023-24,LEAGUE,,AZ Alkmaar,Utrecht,3,3,D,Netherlands,Eredivisie,football-data.co.uk
league_480eadfe05d0f59a,2024-05-19,EREDIVISIE,2023-24,LEAGUE,,Almere City,Nijmegen,1,4,A,Netherlands,Eredivisie,football-data.co.uk
league_8c8510ca54395edf,2024-05-19,EREDIVISIE,2023-24,LEAGUE,,Feyenoord Rotterdam,Excelsior,4,0,H,Netherlands,Eredivisie,football-data.co.uk
league_e7cf632393b85dcd,2024-05-19,EREDIVISIE,2023-24,LEAGUE,,Heracles,For Sittard,0,0,D,Netherlands,Eredivisie,football-data.co.uk
league_0901e3e6c1c59e62,2024-05-19,EREDIVISIE,2023-24,LEAGUE,,PSV Eindhoven,Waalwijk,3,1,H,Netherlands,Eredivisie,football-data.co.uk
league_787743dc0761b982,2024-05-19,EREDIVISIE,2023-24,LEAGUE,,Sparta Rotterdam,Heerenveen,2,1,H,Netherlands,Eredivisie,football-data.co.uk
league_86cb0dc85f57eaf9,2024-05-19,EREDIVISIE,2023-24,LEAGUE,,Vitesse,Ajax,2,2,D,Netherlands,Eredivisie,football-data.co.uk
league_c66edee279a5b1cc,2024-05-19,EREDIVISIE,2023-24,LEAGUE,,Volendam,Go Ahead Eagles,1,2,A,Netherlands,Eredivisie,football-data.co.uk
league_262bc3b0c635efa8,2024-05-19,EREDIVISIE,2023-24,LEAGUE,,Zwolle,Twente,1,2,A,Netherlands,Eredivisie,football-data.co.uk
league_08da9f25375c8051,2024-08-09,EREDIVISIE,2024-25,LEAGUE,,Groningen,NAC Breda,4,1,H,Netherlands,Eredivisie,football-data.co.uk
league_63a10f60653eaca1,2024-08-10,EREDIVISIE,2024-25,LEAGUE,,Almere City,AZ Alkmaar,0,1,A,Netherlands,Eredivisie,football-data.co.uk
league_8ad7ede745e5cc0a,2024-08-10,EREDIVISIE,2024-25,LEAGUE,,Feyenoord Rotterdam,Willem II,1,1,D,Netherlands,Eredivisie,football-data.co.uk
league_1d3198faa2bbaabd,2024-08-10,EREDIVISIE,2024-25,LEAGUE,,Nijmegen,Twente,1,2,A,Netherlands,Eredivisie,football-data.co.uk
league_84daa6223ba33041,2024-08-10,EREDIVISIE,2024-25,LEAGUE,,PSV Eindhoven,Waalwijk,5,1,H,Netherlands,Eredivisie,football-data.co.uk
league_919e2678ce3a4e15,2024-08-11,EREDIVISIE,2024-25,LEAGUE,,Ajax,Heerenveen,1,0,H,Netherlands,Eredivisie,football-data.co.uk
league_5d51c41aae5d51fa,2024-08-11,EREDIVISIE,2024-25,LEAGUE,,Go Ahead Eagles,For Sittard,0,2,A,Netherlands,Eredivisie,football-data.co.uk
league_89d6c27907e3b573,2024-08-11,EREDIVISIE,2024-25,LEAGUE,,Sparta Rotterdam,Heracles,0,0,D,Netherlands,Eredivisie,football-data.co.uk
league_10fcc58e3fbb7f45,2024-08-11,EREDIVISIE,2024-25,LEAGUE,,Utrecht,Zwolle,1,0,H,Netherlands,Eredivisie,football-data.co.uk
league_841ada8869fcc646,2024-08-16,EREDIVISIE,2024-25,LEAGUE,,For Sittard,Almere City,3,0,H,Netherlands,Eredivisie,football-data.co.uk
league_573846c8dc12e71a,2024-08-17,EREDIVISIE,2024-25,LEAGUE,,AZ Alkmaar,Nijmegen,1,0,H,Netherlands,Eredivisie,football-data.co.uk
league_28c8189a07dd1261,2024-08-17,EREDIVISIE,2024-25,LEAGUE,,Heerenveen,Utrecht,1,1,D,Netherlands,Eredivisie,football-data.co.uk
league_89c1a934830825db,2024-08-17,EREDIVISIE,2024-25,LEAGUE,,Twente,Sparta Rotterdam,1,1,D,Netherlands,Eredivisie,football-data.co.uk
league_753bdcce48e96a5b,2024-08-17,EREDIVISIE,2024-25,LEAGUE,,Waalwijk,Groningen,1,2,A,Netherlands,Eredivisie,football-data.co.uk
league_f182b26c5506b313,2024-08-18,EREDIVISIE,2024-25,LEAGUE,,Heracles,PSV Eindhoven,1,3,A,Netherlands,Eredivisie,football-data.co.uk
league_538bbaba3aa51815,2024-08-18,EREDIVISIE,2024-25,LEAGUE,,NAC Breda,Ajax,2,1,H,Netherlands,Eredivisie,football-data.co.uk
league_58a46e9108567725,2024-08-18,EREDIVISIE,2024-25,LEAGUE,,Willem II,Go Ahead Eagles,2,0,H,Netherlands,Eredivisie,football-data.co.uk
league_52a1b216bb34b864,2024-08-18,EREDIVISIE,2024-25,LEAGUE,,Zwolle,Feyenoord Rotterdam,1,5,A,Netherlands,Eredivisie,football-data.co.uk
league_cb30598bb022a657,2024-08-24,EREDIVISIE,2024-25,LEAGUE,,Almere City,PSV Eindhoven,1,7,A,Netherlands,Eredivisie,football-data.co.uk
league_56f91cf020eb6529,2024-08-24,EREDIVISIE,2024-25,LEAGUE,,NAC Breda,Utrecht,1,2,A,Netherlands,Eredivisie,football-data.co.uk
league_a7d46efe1d42c335,2024-08-24,EREDIVISIE,2024-25,LEAGUE,,Nijmegen,Zwolle,1,0,H,Netherlands,Eredivisie,football-data.co.uk
league_a1742edbe90992ef,2024-08-25,EREDIVISIE,2024-25,LEAGUE,,Go Ahead Eagles,Waalwijk,2,0,H,Netherlands,Eredivisie,football-data.co.uk
league_f6fa8411004a154f,2024-08-25,EREDIVISIE,2024-25,LEAGUE,,Groningen,AZ Alkmaar,0,0,D,Netherlands,Eredivisie,football-data.co.uk
league_0b27ea5b3f365751,2024-08-25,EREDIVISIE,2024-25,LEAGUE,,Heracles,Willem II,1,1,D,Netherlands,Eredivisie,football-data.co.uk
league_e8595b8649c50d0a,2024-08-25,EREDIVISIE,2024-25,LEAGUE,,Sparta Rotterdam,Feyenoord Rotterdam,1,1,D,Netherlands,Eredivisie,football-data.co.uk
league_c0a3ea9c6758b07e,2024-08-30,EREDIVISIE,2024-25,LEAGUE,,Waalwijk,AZ Alkmaar,0,3,A,Netherlands,Eredivisie,football-data.co.uk
league_0d4e428211501c66,2024-08-31,EREDIVISIE,2024-25,LEAGUE,,Almere City,Groningen,1,1,D,Netherlands,Eredivisie,football-data.co.uk
league_30475ed63b91ab30,2024-08-31,EREDIVISIE,2024-25,LEAGUE,,For Sittard,Nijmegen,0,3,A,Netherlands,Eredivisie,football-data.co.uk
league_c6149ba2dd4f77d0,2024-08-31,EREDIVISIE,2024-25,LEAGUE,,Heerenveen,NAC Breda,4,0,H,Netherlands,Eredivisie,football-data.co.uk
league_ef06ffca74591f83,2024-08-31,EREDIVISIE,2024-25,LEAGUE,,Willem II,Sparta Rotterdam,1,2,A,Netherlands,Eredivisie,football-data.co.uk
league_0af4a956ad2a98c4,2024-09-01,EREDIVISIE,2024-25,LEAGUE,,PSV Eindhoven,Go Ahead Eagles,3,0,H,Netherlands,Eredivisie,football-data.co.uk
league_dafdfc39ef371fda,2024-09-01,EREDIVISIE,2024-25,LEAGUE,,Utrecht,Twente,2,1,H,Netherlands,Eredivisie,football-data.co.uk
league_db06e852d9f1eaea,2024-09-01,EREDIVISIE,2024-25,LEAGUE,,Zwolle,Heracles,3,0,H,Netherlands,Eredivisie,football-data.co.uk
league_611b4bd07c0f58e9,2024-09-14,EREDIVISIE,2024-25,LEAGUE,,AZ Alkmaar,Heerenveen,9,1,H,Netherlands,Eredivisie,football-data.co.uk
league_ab6c5afb6aaf7b23,2024-09-14,EREDIVISIE,2024-25,LEAGUE,,Groningen,Feyenoord Rotterdam,2,2,D,Netherlands,Eredivisie,football-data.co.uk
league_ca425b2514d0762c,2024-09-14,EREDIVISIE,2024-25,LEAGUE,,NAC Breda,For Sittard,1,0,H,Netherlands,Eredivisie,football-data.co.uk
league_ccb846943224e384,2024-09-14,EREDIVISIE,2024-25,LEAGUE,,PSV Eindhoven,Nijmegen,2,0,H,Netherlands,Eredivisie,football-data.co.uk
league_2582f3bb13a35dbf,2024-09-14,EREDIVISIE,2024-25,LEAGUE,,Twente,Zwolle,1,1,D,Netherlands,Eredivisie,football-data.co.uk
league_a5a5afbadc8cb4e3,2024-09-15,EREDIVISIE,2024-25,LEAGUE,,Heracles,Almere City,0,0,D,Netherlands,Eredivisie,football-data.co.uk
league_b18777dd5a9995ac,2024-09-15,EREDIVISIE,2024-25,LEAGUE,,Sparta Rotterdam,Go Ahead Eagles,1,2,A,Netherlands,Eredivisie,football-data.co.uk
league_796404756fe76509,2024-09-15,EREDIVISIE,2024-25,LEAGUE,,Willem II,Waalwijk,3,0,H,Netherlands,Eredivisie,football-data.co.uk
league_1be123bf9475a935,2024-09-17,EREDIVISIE,2024-25,LEAGUE,,Twente,Heerenveen,2,0,H,Netherlands,Eredivisie,football-data.co.uk
league_eca2e2d80c3d929f,2024-09-18,EREDIVISIE,2024-25,LEAGUE,,Ajax,For Sittard,5,0,H,Netherlands,Eredivisie,football-data.co.uk
league_acf62a6373159323,2024-09-20,EREDIVISIE,2024-25,LEAGUE,,Zwolle,AZ Alkmaar,1,2,A,Netherlands,Eredivisie,football-data.co.uk
league_c8dd6f890188f642,2024-09-21,EREDIVISIE,2024-25,LEAGUE,,Go Ahead Eagles,Ajax,1,1,D,Netherlands,Eredivisie,football-data.co.uk
league_1a2bdc154739300f,2024-09-21,EREDIVISIE,2024-25,LEAGUE,,Nijmegen,Heracles,1,2,A,Netherlands,Eredivisie,football-data.co.uk
league_d673f36ccd3758de,2024-09-21,EREDIVISIE,2024-25,LEAGUE,,Utrecht,Willem II,3,2,H,Netherlands,Eredivisie,football-data.co.uk
league_e25aae3639d57b65,2024-09-21,EREDIVISIE,2024-25,LEAGUE,,Waalwijk,Sparta Rotterdam,1,2,A,Netherlands,Eredivisie,football-data.co.uk
league_dc76573a916c06d6,2024-09-22,EREDIVISIE,2024-25,LEAGUE,,Almere City,Twente,0,5,A,Netherlands,Eredivisie,football-data.co.uk
league_34ee0c1189bdb0e3,2024-09-22,EREDIVISIE,2024-25,LEAGUE,,Feyenoord Rotterdam,NAC Breda,2,0,H,Netherlands,Eredivisie,football-data.co.uk
league_316ed6f4af819e1a,2024-09-22,EREDIVISIE,2024-25,LEAGUE,,For Sittard,PSV Eindhoven,1,3,A,Netherlands,Eredivisie,football-data.co.uk
league_7f024055cc187286,2024-09-22,EREDIVISIE,2024-25,LEAGUE,,Heerenveen,Groningen,2,1,H,Netherlands,Eredivisie,football-data.co.uk
league_d056d90f94c1f8fa,2024-09-27,EREDIVISIE,2024-25,LEAGUE,,Heracles,Heerenveen,2,1,H,Netherlands,Eredivisie,football-data.co.uk
league_ccc1efd9a26c44b8,2024-09-28,EREDIVISIE,2024-25,LEAGUE,,Nijmegen,Feyenoord Rotterdam,1,1,D,Netherlands,Eredivisie,football-data.co.uk
league_b4898c3552eae23e,2024-09-28,EREDIVISIE,2024-25,LEAGUE,,Sparta Rotterdam,For Sittard,1,1,D,Netherlands,Eredivisie,football-data.co.uk
league_31ec38db4ab4357e,2024-09-28,EREDIVISIE,2024-25,LEAGUE,,Willem II,PSV Eindhoven,0,2,A,Netherlands,Eredivisie,football-data.co.uk
league_723d7120bb59f63a,2024-09-29,EREDIVISIE,2024-25,LEAGUE,,AZ Alkmaar,Utrecht,1,2,A,Netherlands,Eredivisie,football-data.co.uk
league_b137154be7195386,2024-09-29,EREDIVISIE,2024-25,LEAGUE,,Groningen,Go Ahead Eagles,0,1,A,Netherlands,Eredivisie,football-data.co.uk
league_f42de36979e4f0c1,2024-09-29,EREDIVISIE,2024-25,LEAGUE,,Twente,NAC Breda,1,0,H,Netherlands,Eredivisie,football-data.co.uk
league_9a07caf77a7de294,2024-09-29,EREDIVISIE,2024-25,LEAGUE,,Waalwijk,Ajax,0,2,A,Netherlands,Eredivisie,football-data.co.uk
league_8e66288ccaad22a3,2024-09-29,EREDIVISIE,2024-25,LEAGUE,,Zwolle,Almere City,1,0,H,Netherlands,Eredivisie,football-data.co.uk
league_6e38870503365051,2024-10-04,EREDIVISIE,2024-25,LEAGUE,,Almere City,Willem II,0,1,A,Netherlands,Eredivisie,football-data.co.uk
league_b5a385ec9c19e816,2024-10-05,EREDIVISIE,2024-25,LEAGUE,,NAC Breda,Nijmegen,1,0,H,Netherlands,Eredivisie,football-data.co.uk
league_811eee0c6f116f45,2024-10-05,EREDIVISIE,2024-25,LEAGUE,,PSV Eindhoven,Sparta Rotterdam,2,1,H,Netherlands,Eredivisie,football-data.co.uk
league_593c6b4c2b28d691,2024-10-05,EREDIVISIE,2024-25,LEAGUE,,Utrecht,Waalwijk,3,2,H,Netherlands,Eredivisie,football-data.co.uk
league_3aecc5a9d3ea53ae,2024-10-06,EREDIVISIE,2024-25,LEAGUE,,Ajax,Groningen,3,1,H,Netherlands,Eredivisie,football-data.co.uk
league_a4ec0e2dd5fa38dd,2024-10-06,EREDIVISIE,2024-25,LEAGUE,,Feyenoord Rotterdam,Twente,2,1,H,Netherlands,Eredivisie,football-data.co.uk
league_8846796dfcc4f58b,2024-10-06,EREDIVISIE,2024-25,LEAGUE,,For Sittard,AZ Alkmaar,1,0,H,Netherlands,Eredivisie,football-data.co.uk
league_17c31d81a806f1d2,2024-10-06,EREDIVISIE,2024-25,LEAGUE,,Go Ahead Eagles,Heracles,4,1,H,Netherlands,Eredivisie,football-data.co.uk
league_cbff9f56926a4bb5,2024-10-06,EREDIVISIE,2024-25,LEAGUE,,Heerenveen,Zwolle,1,1,D,Netherlands,Eredivisie,football-data.co.uk
league_96782b72b3d853dc,2024-10-19,EREDIVISIE,2024-25,LEAGUE,,AZ Alkmaar,PSV Eindhoven,1,2,A,Netherlands,Eredivisie,football-data.co.uk
league_3cfc3c08041a84a6,2024-10-19,EREDIVISIE,2024-25,LEAGUE,,Go Ahead Eagles,Feyenoord Rotterdam,1,5,A,Netherlands,Eredivisie,football-data.co.uk
league_73bbba1cfe891631,2024-10-19,EREDIVISIE,2024-25,LEAGUE,,Nijmegen,Heerenveen,3,0,H,Netherlands,Eredivisie,football-data.co.uk
league_47d5376cc9668e2a,2024-10-19,EREDIVISIE,2024-25,LEAGUE,,Sparta Rotterdam,Almere City,2,2,D,Netherlands,Eredivisie,football-data.co.uk
league_c92a30e302d228dc,2024-10-19,EREDIVISIE,2024-25,LEAGUE,,Waalwijk,Twente,2,2,D,Netherlands,Eredivisie,football-data.co.uk
league_86edd93e1622e8fb,2024-10-20,EREDIVISIE,2024-25,LEAGUE,,Groningen,Utrecht,0,1,A,Netherlands,Eredivisie,football-data.co.uk
league_b87f90c84e116c61,2024-10-20,EREDIVISIE,2024-25,LEAGUE,,Heracles,Ajax,3,4,A,Netherlands,Eredivisie,football-data.co.uk
league_ce2439e484f0f492,2024-10-20,EREDIVISIE,2024-25,LEAGUE,,Willem II,For Sittard,0,0,D,Netherlands,Eredivisie,football-data.co.uk
league_7bb9eba75c67b50f,2024-10-20,EREDIVISIE,2024-25,LEAGUE,,Zwolle,NAC Breda,1,2,A,Netherlands,Eredivisie,football-data.co.uk
league_70c7a06ec38d0c15,2024-10-25,EREDIVISIE,2024-25,LEAGUE,,Almere City,Nijmegen,1,0,H,Netherlands,Eredivisie,football-data.co.uk
league_62244a4c07b8307f,2024-10-26,EREDIVISIE,2024-25,LEAGUE,,For Sittard,Groningen,1,0,H,Netherlands,Eredivisie,football-data.co.uk
league_d826290ca956d144,2024-10-26,EREDIVISIE,2024-25,LEAGUE,,Heerenveen,Sparta Rotterdam,2,0,H,Netherlands,Eredivisie,football-data.co.uk
league_f68e718c281049a7,2024-10-26,EREDIVISIE,2024-25,LEAGUE,,NAC Breda,Waalwijk,4,1,H,Netherlands,Eredivisie,football-data.co.uk
league_481e3263de92ff00,2024-10-26,EREDIVISIE,2024-25,LEAGUE,,PSV Eindhoven,Zwolle,6,0,H,Netherlands,Eredivisie,football-data.co.uk
league_4a23f5a1a7dbe732,2024-10-27,EREDIVISIE,2024-25,LEAGUE,,AZ Alkmaar,Go Ahead Eagles,2,2,D,Netherlands,Eredivisie,football-data.co.uk
league_b28bdf749cd6392e,2024-10-27,EREDIVISIE,2024-25,LEAGUE,,Ajax,Willem II,1,0,H,Netherlands,Eredivisie,football-data.co.uk
league_9341ec8ce72c6af8,2024-10-27,EREDIVISIE,2024-25,LEAGUE,,Twente,Heracles,5,0,H,Netherlands,Eredivisie,football-data.co.uk
league_f1d60a90232d0f8a,2024-10-27,EREDIVISIE,2024-25,LEAGUE,,Utrecht,Feyenoord Rotterdam,0,2,A,Netherlands,Eredivisie,football-data.co.uk
league_f66c274f5d7ed7fd,2024-10-30,EREDIVISIE,2024-25,LEAGUE,,Feyenoord Rotterdam,Ajax,0,2,A,Netherlands,Eredivisie,football-data.co.uk
league_bc4d071aa0d98322,2024-11-02,EREDIVISIE,2024-25,LEAGUE,,Ajax,PSV Eindhoven,3,2,H,Netherlands,Eredivisie,football-data.co.uk
league_eef43dbc1feb9938,2024-11-02,EREDIVISIE,2024-25,LEAGUE,,Feyenoord Rotterdam,AZ Alkmaar,3,2,H,Netherlands,Eredivisie,football-data.co.uk
league_6987d1b9720a615a,2024-11-02,EREDIVISIE,2024-25,LEAGUE,,For Sittard,Heerenveen,3,0,H,Netherlands,Eredivisie,football-data.co.uk
league_54714f0dbb777889,2024-11-02,EREDIVISIE,2024-25,LEAGUE,,Heracles,NAC Breda,2,0,H,Netherlands,Eredivisie,football-data.co.uk
league_068d997abcb8875e,2024-11-02,EREDIVISIE,2024-25,LEAGUE,,Willem II,Twente,0,1,A,Netherlands,Eredivisie,football-data.co.uk
league_070310ddf2f496b2,2024-11-03,EREDIVISIE,2024-25,LEAGUE,,Go Ahead Eagles,Zwolle,2,2,D,Netherlands,Eredivisie,football-data.co.uk
league_7b30e89b6d7d4511,2024-11-03,EREDIVISIE,2024-25,LEAGUE,,Nijmegen,Groningen,6,0,H,Netherlands,Eredivisie,football-data.co.uk
league_b50f74ed68a98d6e,2024-11-03,EREDIVISIE,2024-25,LEAGUE,,Sparta Rotterdam,Utrecht,1,4,A,Netherlands,Eredivisie,football-data.co.uk
league_de908447dd50df73,2024-11-03,EREDIVISIE,2024-25,LEAGUE,,Waalwijk,Almere City,2,0,H,Netherlands,Eredivisie,football-data.co.uk
league_478ce08ea002228d,2024-11-08,EREDIVISIE,2024-25,LEAGUE,,Utrecht,Heracles,1,0,H,Netherlands,Eredivisie,football-data.co.uk
league_9b1589c9f6ce160f,2024-11-09,EREDIVISIE,2024-25,LEAGUE,,Groningen,Sparta Rotterdam,1,0,H,Netherlands,Eredivisie,football-data.co.uk
league_7ce67b66b98a0ffe,2024-11-09,EREDIVISIE,2024-25,LEAGUE,,NAC Breda,PSV Eindhoven,0,3,A,Netherlands,Eredivisie,football-data.co.uk
league_6047c01334d63b49,2024-11-09,EREDIVISIE,2024-25,LEAGUE,,Waalwijk,Nijmegen,0,3,A,Netherlands,Eredivisie,football-data.co.uk
league_f4598a590e88cd3c,2024-11-09,EREDIVISIE,2024-25,LEAGUE,,Zwolle,For Sittard,3,1,H,Netherlands,Eredivisie,football-data.co.uk
league_8e4aad2c4521c870,2024-11-10,EREDIVISIE,2024-25,LEAGUE,,AZ Alkmaar,Willem II,1,2,A,Netherlands,Eredivisie,football-data.co.uk
league_a585f1b3baa707d4,2024-11-10,EREDIVISIE,2024-25,LEAGUE,,Almere City,Feyenoord Rotterdam,1,4,A,Netherlands,Eredivisie,football-data.co.uk
league_61462cda265bda62,2024-11-10,EREDIVISIE,2024-25,LEAGUE,,Heerenveen,Go Ahead Eagles,1,0,H,Netherlands,Eredivisie,football-data.co.uk
league_327c01920e0a3c41,2024-11-10,EREDIVISIE,2024-25,LEAGUE,,Twente,Ajax,2,2,D,Netherlands,Eredivisie,football-data.co.uk
league_47e2b193391e7c67,2024-11-23,EREDIVISIE,2024-25,LEAGUE,,Feyenoord Rotterdam,Heerenveen,3,0,H,Netherlands,Eredivisie,football-data.co.uk
league_e3d6ba599c30e709,2024-11-23,EREDIVISIE,2024-25,LEAGUE,,For Sittard,Twente,1,2,A,Netherlands,Eredivisie,football-data.co.uk
league_2f6f676b104b7222,2024-11-23,EREDIVISIE,2024-25,LEAGUE,,Go Ahead Eagles,Almere City,3,0,H,Netherlands,Eredivisie,football-data.co.uk
league_a3bbdc1c6c5b3e0e,2024-11-23,EREDIVISIE,2024-25,LEAGUE,,Heracles,Waalwijk,2,2,D,Netherlands,Eredivisie,football-data.co.uk
league_60396915bbb69379,2024-11-23,EREDIVISIE,2024-25,LEAGUE,,PSV Eindhoven,Groningen,5,0,H,Netherlands,Eredivisie,football-data.co.uk
league_79e6e8e5c62492db,2024-11-24,EREDIVISIE,2024-25,LEAGUE,,Ajax,Zwolle,2,0,H,Netherlands,Eredivisie,football-data.co.uk
league_6fa8b89e43724b57,2024-11-24,EREDIVISIE,2024-25,LEAGUE,,Nijmegen,Utrecht,1,2,A,Netherlands,Eredivisie,football-data.co.uk
league_9388123af84c8101,2024-11-24,EREDIVISIE,2024-25,LEAGUE,,Sparta Rotterdam,AZ Alkmaar,1,2,A,Netherlands,Eredivisie,football-data.co.uk
league_c54d97fdec08008a,2024-11-24,EREDIVISIE,2024-25,LEAGUE,,Willem II,NAC Breda,2,2,D,Netherlands,Eredivisie,football-data.co.uk
league_83b9dc61552835e9,2024-11-29,EREDIVISIE,2024-25,LEAGUE,,Heerenveen,Waalwijk,1,1,D,Netherlands,Eredivisie,football-data.co.uk
league_ceaff9e695db9077,2024-11-30,EREDIVISIE,2024-25,LEAGUE,,Feyenoord Rotterdam,For Sittard,1,1,D,Netherlands,Eredivisie,football-data.co.uk
league_65936ffd2692982c,2024-11-30,EREDIVISIE,2024-25,LEAGUE,,Groningen,Willem II,2,0,H,Netherlands,Eredivisie,football-data.co.uk
league_f77ca6a10cd4f275,2024-11-30,EREDIVISIE,2024-25,LEAGUE,,NAC Breda,Almere City,1,0,H,Netherlands,Eredivisie,football-data.co.uk
league_dcb326f9c3bae168,2024-11-30,EREDIVISIE,2024-25,LEAGUE,,Zwolle,Sparta Rotterdam,1,0,H,Netherlands,Eredivisie,football-data.co.uk
league_6193e7c39dfdf21d,2024-12-01,EREDIVISIE,2024-25,LEAGUE,,AZ Alkmaar,Heracles,1,0,H,Netherlands,Eredivisie,football-data.co.uk
league_a129b9b7534067b9,2024-12-01,EREDIVISIE,2024-25,LEAGUE,,Nijmegen,Ajax,1,2,A,Netherlands,Eredivisie,football-data.co.uk
league_cd35e33c76ae6162,2024-12-01,EREDIVISIE,2024-25,LEAGUE,,Twente,Go Ahead Eagles,3,2,H,Netherlands,Eredivisie,football-data.co.uk
league_b9b92d73819d2564,2024-12-01,EREDIVISIE,2024-25,LEAGUE,,Utrecht,PSV Eindhoven,2,5,A,Netherlands,Eredivisie,football-data.co.uk
league_2bb9cf757446cc89,2024-12-04,EREDIVISIE,2024-25,LEAGUE,,Ajax,Utrecht,2,2,D,Netherlands,Eredivisie,football-data.co.uk
league_23393a17000517f2,2024-12-06,EREDIVISIE,2024-25,LEAGUE,,PSV Eindhoven,Twente,6,1,H,Netherlands,Eredivisie,football-data.co.uk
league_243ff0ae955d4363,2024-12-07,EREDIVISIE,2024-25,LEAGUE,,Go Ahead Eagles,Nijmegen,5,0,H,Netherlands,Eredivisie,football-data.co.uk
league_f1febec20fb7135f,2024-12-07,EREDIVISIE,2024-25,LEAGUE,,Heracles,For Sittard,2,2,D,Netherlands,Eredivisie,football-data.co.uk
league_818d0488e1137e33,2024-12-07,EREDIVISIE,2024-25,LEAGUE,,Sparta Rotterdam,NAC Breda,0,2,A,Netherlands,Eredivisie,football-data.co.uk
league_4feda833eb590153,2024-12-07,EREDIVISIE,2024-25,LEAGUE,,Waalwijk,Feyenoord Rotterdam,2,3,A,Netherlands,Eredivisie,football-data.co.uk
league_119887cfb1d18d8d,2024-12-08,EREDIVISIE,2024-25,LEAGUE,,AZ Alkmaar,Ajax,2,1,H,Netherlands,Eredivisie,football-data.co.uk
league_e90bbfd118f2da94,2024-12-08,EREDIVISIE,2024-25,LEAGUE,,Almere City,Utrecht,1,3,A,Netherlands,Eredivisie,football-data.co.uk
league_4df623e00418c02a,2024-12-08,EREDIVISIE,2024-25,LEAGUE,,Groningen,Zwolle,0,0,D,Netherlands,Eredivisie,football-data.co.uk
league_5d5791761ec2f5fc,2024-12-08,EREDIVISIE,2024-25,LEAGUE,,Willem II,Heerenveen,1,2,A,Netherlands,Eredivisie,football-data.co.uk
league_1a23366b56e21490,2024-12-13,EREDIVISIE,2024-25,LEAGUE,,Zwolle,Willem II,0,1,A,Netherlands,Eredivisie,football-data.co.uk
league_91f475a62a5b1713,2024-12-14,EREDIVISIE,2024-25,LEAGUE,,Feyenoord Rotterdam,Heracles,5,2,H,Netherlands,Eredivisie,football-data.co.uk
league_adfcf944b68e9acc,2024-12-14,EREDIVISIE,2024-25,LEAGUE,,For Sittard,Waalwijk,3,2,H,Netherlands,Eredivisie,football-data.co.uk
league_86e51a65aca36bf8,2024-12-14,EREDIVISIE,2024-25,LEAGUE,,Heerenveen,PSV Eindhoven,1,0,H,Netherlands,Eredivisie,football-data.co.uk
league_3a8fd9de62741890,2024-12-15,EREDIVISIE,2024-25,LEAGUE,,Ajax,Almere City,3,0,H,Netherlands,Eredivisie,football-data.co.uk
league_04b870479d89ac8c,2024-12-15,EREDIVISIE,2024-25,LEAGUE,,NAC Breda,AZ Alkmaar,1,2,A,Netherlands,Eredivisie,football-data.co.uk
league_5a6b88a8883a6d50,2024-12-15,EREDIVISIE,2024-25,LEAGUE,,Nijmegen,Sparta Rotterdam,1,1,D,Netherlands,Eredivisie,football-data.co.uk
league_c02a295c9e1abd94,2024-12-15,EREDIVISIE,2024-25,LEAGUE,,Twente,Groningen,2,0,H,Netherlands,Eredivisie,football-data.co.uk
league_73ddf8bc9bbaa916,2024-12-15,EREDIVISIE,2024-25,LEAGUE,,Utrecht,Go Ahead Eagles,3,3,D,Netherlands,Eredivisie,football-data.co.uk
league_a37499a38f0711d5,2024-12-20,EREDIVISIE,2024-25,LEAGUE,,Waalwijk,Zwolle,1,1,D,Netherlands,Eredivisie,football-data.co.uk
league_2d8fde99d8bfed85,2024-12-21,EREDIVISIE,2024-25,LEAGUE,,AZ Alkmaar,Twente,1,0,H,Netherlands,Eredivisie,football-data.co.uk
league_2aab938d01bf6ab9,2024-12-21,EREDIVISIE,2024-25,LEAGUE,,Almere City,Heerenveen,3,0,H,Netherlands,Eredivisie,football-data.co.uk
league_9be1bf4b362553d3,2024-12-21,EREDIVISIE,2024-25,LEAGUE,,Go Ahead Eagles,NAC Breda,2,1,H,Netherlands,Eredivisie,football-data.co.uk
league_13b3568e9defd648,2024-12-22,EREDIVISIE,2024-25,LEAGUE,,PSV Eindhoven,Feyenoord Rotterdam,3,0,H,Netherlands,Eredivisie,football-data.co.uk
league_f4f0e963c587861f,2024-12-22,EREDIVISIE,2024-25,LEAGUE,,Sparta Rotterdam,Ajax,0,2,A,Netherlands,Eredivisie,football-data.co.uk
league_968b0a8c09eff23f,2024-12-22,EREDIVISIE,2024-25,LEAGUE,,Utrecht,For Sittard,2,5,A,Netherlands,Eredivisie,football-data.co.uk
league_ab1517ae3679cec8,2024-12-22,EREDIVISIE,2024-25,LEAGUE,,Willem II,Nijmegen,4,1,H,Netherlands,Eredivisie,football-data.co.uk
league_b5f52a0b351e017e,2025-01-10,EREDIVISIE,2024-25,LEAGUE,,For Sittard,Go Ahead Eagles,0,3,A,Netherlands,Eredivisie,football-data.co.uk
league_8dfa14d241aea96c,2025-01-11,EREDIVISIE,2024-25,LEAGUE,,Ajax,Waalwijk,2,1,H,Netherlands,Eredivisie,football-data.co.uk
league_3effd92f4db49eb1,2025-01-11,EREDIVISIE,2024-25,LEAGUE,,Heracles,Sparta Rotterdam,1,1,D,Netherlands,Eredivisie,football-data.co.uk
league_08411960377202da,2025-01-11,EREDIVISIE,2024-25,LEAGUE,,PSV Eindhoven,AZ Alkmaar,2,2,D,Netherlands,Eredivisie,football-data.co.uk
league_d815beec3186f5c8,2025-01-11,EREDIVISIE,2024-25,LEAGUE,,Zwolle,Nijmegen,0,1,A,Netherlands,Eredivisie,football-data.co.uk
league_d3d41964abb9719d,2025-01-12,EREDIVISIE,2024-25,LEAGUE,,Feyenoord Rotterdam,Utrecht,1,2,A,Netherlands,Eredivisie,football-data.co.uk
league_b546bd04e5f4ce13,2025-01-12,EREDIVISIE,2024-25,LEAGUE,,Groningen,Almere City,0,0,D,Netherlands,Eredivisie,football-data.co.uk
league_37bd3db25d1fb50a,2025-01-12,EREDIVISIE,2024-25,LEAGUE,,NAC Breda,Heerenveen,2,4,A,Netherlands,Eredivisie,football-data.co.uk
league_95cf8c95d0777e29,2025-01-12,EREDIVISIE,2024-25,LEAGUE,,Twente,Willem II,6,2,H,Netherlands,Eredivisie,football-data.co.uk
league_32eb1145f07e3585,2025-01-18,EREDIVISIE,2024-25,LEAGUE,,Go Ahead Eagles,Groningen,2,1,H,Netherlands,Eredivisie,football-data.co.uk
league_75e69d81c1cc2e46,2025-01-18,EREDIVISIE,2024-25,LEAGUE,,Utrecht,AZ Alkmaar,0,0,D,Netherlands,Eredivisie,football-data.co.uk
league_111a4eff3fc461a4,2025-01-18,EREDIVISIE,2024-25,LEAGUE,,Willem II,Feyenoord Rotterdam,1,1,D,Netherlands,Eredivisie,football-data.co.uk
league_5413bb5b93786c8d,2025-01-18,EREDIVISIE,2024-25,LEAGUE,,Zwolle,PSV Eindhoven,3,1,H,Netherlands,Eredivisie,football-data.co.uk
league_e68b1ca74a7ffcdc,2025-01-19,EREDIVISIE,2024-25,LEAGUE,,Almere City,Heracles,0,2,A,Netherlands,Eredivisie,football-data.co.uk
league_e6eeb48e828f82c3,2025-01-19,EREDIVISIE,2024-25,LEAGUE,,Heerenveen,Ajax,0,2,A,Netherlands,Eredivisie,football-data.co.uk
league_9f67525f24769df3,2025-01-19,EREDIVISIE,2024-25,LEAGUE,,NAC Breda,Twente,2,1,H,Netherlands,Eredivisie,football-data.co.uk
league_ec963492128e6b66,2025-01-19,EREDIVISIE,2024-25,LEAGUE,,Nijmegen,For Sittard,4,1,H,Netherlands,Eredivisie,football-data.co.uk
league_eed5bde98e86307f,2025-01-19,EREDIVISIE,2024-25,LEAGUE,,Sparta Rotterdam,Waalwijk,1,1,D,Netherlands,Eredivisie,football-data.co.uk
league_b77a61151f92f0fd,2025-01-24,EREDIVISIE,2024-25,LEAGUE,,Heracles,Utrecht,1,1,D,Netherlands,Eredivisie,football-data.co.uk
league_fadca5fa05a85c23,2025-01-25,EREDIVISIE,2024-25,LEAGUE,,Groningen,Heerenveen,1,0,H,Netherlands,Eredivisie,football-data.co.uk
league_7971a0da87b3ab58,2025-01-25,EREDIVISIE,2024-25,LEAGUE,,PSV Eindhoven,NAC Breda,3,2,H,Netherlands,Eredivisie,football-data.co.uk
league_11cd77d3b7cb0c74,2025-01-26,EREDIVISIE,2024-25,LEAGUE,,AZ Alkmaar,Sparta Rotterdam,1,2,A,Netherlands,Eredivisie,football-data.co.uk
league_3b8476b5ca560cee,2025-01-26,EREDIVISIE,2024-25,LEAGUE,,For Sittard,Zwolle,1,4,A,Netherlands,Eredivisie,football-data.co.uk
league_ca68e1077f9df0e8,2025-01-26,EREDIVISIE,2024-25,LEAGUE,,Waalwijk,Willem II,2,0,H,Netherlands,Eredivisie,football-data.co.uk
league_ce183771032cb81a,2025-01-28,EREDIVISIE,2024-25,LEAGUE,,Heracles,Groningen,1,1,D,Netherlands,Eredivisie,football-data.co.uk
league_fdfd89463c6e1244,2025-01-31,EREDIVISIE,2024-25,LEAGUE,,NAC Breda,Heracles,1,1,D,Netherlands,Eredivisie,football-data.co.uk
league_efaa38105a163990,2025-02-01,EREDIVISIE,2024-25,LEAGUE,,Heerenveen,For Sittard,2,2,D,Netherlands,Eredivisie,football-data.co.uk
league_55156ecea47495c5,2025-02-01,EREDIVISIE,2024-25,LEAGUE,,Nijmegen,PSV Eindhoven,3,3,D,Netherlands,Eredivisie,football-data.co.uk
league_b24f5c9252b42617,2025-02-01,EREDIVISIE,2024-25,LEAGUE,,Zwolle,Utrecht,3,3,D,Netherlands,Eredivisie,football-data.co.uk
league_0bb2db171fa08baa,2025-02-02,EREDIVISIE,2024-25,LEAGUE,,Ajax,Feyenoord Rotterdam,2,1,H,Netherlands,Eredivisie,football-data.co.uk
league_b93a0238b0745452,2025-02-02,EREDIVISIE,2024-25,LEAGUE,,Almere City,Waalwijk,1,4,A,Netherlands,Eredivisie,football-data.co.uk
league_076aa5e8205ffb9f,2025-02-02,EREDIVISIE,2024-25,LEAGUE,,Go Ahead Eagles,Twente,2,2,D,Netherlands,Eredivisie,football-data.co.uk
league_0b51942049468ce3,2025-02-02,EREDIVISIE,2024-25,LEAGUE,,Sparta Rotterdam,Groningen,1,0,H,Netherlands,Eredivisie,football-data.co.uk
league_efdd173a0bebd3f4,2025-02-02,EREDIVISIE,2024-25,LEAGUE,,Willem II,AZ Alkmaar,0,2,A,Netherlands,Eredivisie,football-data.co.uk
league_f216e96548b43cc7,2025-02-08,EREDIVISIE,2024-25,LEAGUE,,Feyenoord Rotterdam,Sparta Rotterdam,3,0,H,Netherlands,Eredivisie,football-data.co.uk
league_9a938719d7790eb8,2025-02-08,EREDIVISIE,2024-25,LEAGUE,,Groningen,Nijmegen,2,1,H,Netherlands,Eredivisie,football-data.co.uk
league_9617f08a11d8e7f1,2025-02-08,EREDIVISIE,2024-25,LEAGUE,,Heracles,Go Ahead Eagles,4,2,H,Netherlands,Eredivisie,football-data.co.uk
league_8aa82069f3a8126a,2025-02-08,EREDIVISIE,2024-25,LEAGUE,,PSV Eindhoven,Willem II,1,1,D,Netherlands,Eredivisie,football-data.co.uk
league_8913e18837db6c3b,2025-02-09,EREDIVISIE,2024-25,LEAGUE,,AZ Alkmaar,Zwolle,2,0,H,Netherlands,Eredivisie,football-data.co.uk
league_47fee6fda66065a1,2025-02-09,EREDIVISIE,2024-25,LEAGUE,,For Sittard,Ajax,0,2,A,Netherlands,Eredivisie,football-data.co.uk
league_81721916f9d5b2f1,2025-02-09,EREDIVISIE,2024-25,LEAGUE,,Heerenveen,Twente,3,3,D,Netherlands,Eredivisie,football-data.co.uk
league_173267ad2741b3cb,2025-02-09,EREDIVISIE,2024-25,LEAGUE,,Utrecht,Almere City,0,1,A,Netherlands,Eredivisie,football-data.co.uk
league_221ff39af5d1ff72,2025-02-09,EREDIVISIE,2024-25,LEAGUE,,Waalwijk,NAC Breda,5,0,H,Netherlands,Eredivisie,football-data.co.uk
league_a92a5d3a59c391e3,2025-02-14,EREDIVISIE,2024-25,LEAGUE,,Go Ahead Eagles,Sparta Rotterdam,1,0,H,Netherlands,Eredivisie,football-data.co.uk
league_6f8ac66de414d8da,2025-02-15,EREDIVISIE,2024-25,LEAGUE,,NAC Breda,Feyenoord Rotterdam,0,0,D,Netherlands,Eredivisie,football-data.co.uk
league_d1bf419231bcaa9a,2025-02-15,EREDIVISIE,2024-25,LEAGUE,,PSV Eindhoven,Utrecht,2,2,D,Netherlands,Eredivisie,football-data.co.uk
league_bdb25bb0f4facffb,2025-02-15,EREDIVISIE,2024-25,LEAGUE,,Willem II,Groningen,1,3,A,Netherlands,Eredivisie,football-data.co.uk
league_275c46e7363aaa10,2025-02-16,EREDIVISIE,2024-25,LEAGUE,,Ajax,Heracles,4,0,H,Netherlands,Eredivisie,football-data.co.uk
league_3bcde7947da3aa6a,2025-02-16,EREDIVISIE,2024-25,LEAGUE,,Nijmegen,Almere City,2,2,D,Netherlands,Eredivisie,football-data.co.uk
league_678bffac14013285,2025-02-16,EREDIVISIE,2024-25,LEAGUE,,Twente,Waalwijk,2,0,H,Netherlands,Eredivisie,football-data.co.uk
league_6d6e62736bc24e6c,2025-02-16,EREDIVISIE,2024-25,LEAGUE,,Zwolle,Heerenveen,1,1,D,Netherlands,Eredivisie,football-data.co.uk
league_4b6884b674bea52d,2025-02-22,EREDIVISIE,2024-25,LEAGUE,,Feyenoord Rotterdam,Almere City,2,1,H,Netherlands,Eredivisie,football-data.co.uk
league_e4efe725db2ba04e,2025-02-23,EREDIVISIE,2024-25,LEAGUE,,AZ Alkmaar,For Sittard,1,0,H,Netherlands,Eredivisie,football-data.co.uk
league_73d25fb45905e1cc,2025-02-23,EREDIVISIE,2024-25,LEAGUE,,Ajax,Go Ahead Eagles,2,0,H,Netherlands,Eredivisie,football-data.co.uk
league_3c2c9ae899b5459b,2025-02-23,EREDIVISIE,2024-25,LEAGUE,,Twente,Nijmegen,2,0,H,Netherlands,Eredivisie,football-data.co.uk
league_ed63f312a4788276,2025-02-28,EREDIVISIE,2024-25,LEAGUE,,Waalwijk,For Sittard,1,2,A,Netherlands,Eredivisie,football-data.co.uk
league_76ef28c08b0d3453,2025-03-01,EREDIVISIE,2024-25,LEAGUE,,Feyenoord Rotterdam,Nijmegen,0,0,D,Netherlands,Eredivisie,football-data.co.uk
league_62008c00394b1e5a,2025-03-01,EREDIVISIE,2024-25,LEAGUE,,Go Ahead Eagles,PSV Eindhoven,3,2,H,Netherlands,Eredivisie,football-data.co.uk
league_9b69fd2e4a74bcab,2025-03-01,EREDIVISIE,2024-25,LEAGUE,,Groningen,Twente,1,1,D,Netherlands,Eredivisie,football-data.co.uk
league_2c92516f681ca847,2025-03-01,EREDIVISIE,2024-25,LEAGUE,,Utrecht,NAC Breda,1,0,H,Netherlands,Eredivisie,football-data.co.uk
league_6eca8294c848999c,2025-03-02,EREDIVISIE,2024-25,LEAGUE,,Almere City,Ajax,0,1,A,Netherlands,Eredivisie,football-data.co.uk
league_2543bd9418dd1d57,2025-03-02,EREDIVISIE,2024-25,LEAGUE,,Heerenveen,AZ Alkmaar,3,1,H,Netherlands,Eredivisie,football-data.co.uk
league_7a1df05a4b44de4b,2025-03-02,EREDIVISIE,2024-25,LEAGUE,,Heracles,Zwolle,4,2,H,Netherlands,Eredivisie,football-data.co.uk
league_c5aebc058ce726df,2025-03-02,EREDIVISIE,2024-25,LEAGUE,,Sparta Rotterdam,Willem II,4,0,H,Netherlands,Eredivisie,football-data.co.uk
league_c7a9496dafd3794d,2025-03-07,EREDIVISIE,2024-25,LEAGUE,,NAC Breda,Sparta Rotterdam,1,1,D,Netherlands,Eredivisie,football-data.co.uk
league_56027ab0a852371c,2025-03-08,EREDIVISIE,2024-25,LEAGUE,,For Sittard,Heracles,1,0,H,Netherlands,Eredivisie,football-data.co.uk
league_b01fbc9216bf3ebd,2025-03-08,EREDIVISIE,2024-25,LEAGUE,,PSV Eindhoven,Heerenveen,2,1,H,Netherlands,Eredivisie,football-data.co.uk
league_0c16fc9d2344f5d6,2025-03-09,EREDIVISIE,2024-25,LEAGUE,,Nijmegen,Go Ahead Eagles,2,3,A,Netherlands,Eredivisie,football-data.co.uk
league_9c00cabe2e2bbaa2,2025-03-09,EREDIVISIE,2024-25,LEAGUE,,Twente,Almere City,1,0,H,Netherlands,Eredivisie,football-data.co.uk
league_d0b04126358b7637,2025-03-09,EREDIVISIE,2024-25,LEAGUE,,Willem II,Utrecht,2,3,A,Netherlands,Eredivisie,football-data.co.uk
league_5b62e869a28b5d14,2025-03-09,EREDIVISIE,2024-25,LEAGUE,,Zwolle,Ajax,0,1,A,Netherlands,Eredivisie,football-data.co.uk
league_0e71f163363682ac,2025-03-14,EREDIVISIE,2024-25,LEAGUE,,Almere City,NAC Breda,1,1,D,Netherlands,Eredivisie,football-data.co.uk
league_91eefff5ef0e621d,2025-03-15,EREDIVISIE,2024-25,LEAGUE,,Heerenveen,Heracles,1,1,D,Netherlands,Eredivisie,football-data.co.uk
league_337d96252b329a3f,2025-03-15,EREDIVISIE,2024-25,LEAGUE,,Sparta Rotterdam,Zwolle,1,1,D,Netherlands,Eredivisie,football-data.co.uk
league_84f63f2d19d36600,2025-03-15,EREDIVISIE,2024-25,LEAGUE,,Utrecht,Nijmegen,0,1,A,Netherlands,Eredivisie,football-data.co.uk
league_ac93408ce27e4311,2025-03-15,EREDIVISIE,2024-25,LEAGUE,,Waalwijk,PSV Eindhoven,0,3,A,Netherlands,Eredivisie,football-data.co.uk
league_1f7441cbb76f70fd,2025-03-16,EREDIVISIE,2024-25,LEAGUE,,Ajax,AZ Alkmaar,2,2,D,Netherlands,Eredivisie,football-data.co.uk
league_0611f12ca105f518,2025-03-16,EREDIVISIE,2024-25,LEAGUE,,Go Ahead Eagles,Willem II,1,0,H,Netherlands,Eredivisie,football-data.co.uk
league_50d0a053de9fa71b,2025-03-16,EREDIVISIE,2024-25,LEAGUE,,Groningen,For Sittard,1,0,H,Netherlands,Eredivisie,football-data.co.uk
league_45049e3bb03325f3,2025-03-16,EREDIVISIE,2024-25,LEAGUE,,Twente,Feyenoord Rotterdam,2,6,A,Netherlands,Eredivisie,football-data.co.uk
league_1a42f1fe8798dc28,2025-03-29,EREDIVISIE,2024-25,LEAGUE,,For Sittard,Sparta Rotterdam,0,3,A,Netherlands,Eredivisie,football-data.co.uk
league_14df5aafdf3e1339,2025-03-29,EREDIVISIE,2024-25,LEAGUE,,NAC Breda,Groningen,1,1,D,Netherlands,Eredivisie,football-data.co.uk
league_53c7361bb6b474eb,2025-03-29,EREDIVISIE,2024-25,LEAGUE,,Nijmegen,AZ Alkmaar,3,3,D,Netherlands,Eredivisie,football-data.co.uk
league_2dd6bdb92f50233b,2025-03-29,EREDIVISIE,2024-25,LEAGUE,,Willem II,Almere City,0,2,A,Netherlands,Eredivisie,football-data.co.uk
league_007e6ca2789db727,2025-03-29,EREDIVISIE,2024-25,LEAGUE,,Zwolle,Waalwijk,2,0,H,Netherlands,Eredivisie,football-data.co.uk
league_5051d4a72849a996,2025-03-30,EREDIVISIE,2024-25,LEAGUE,,Feyenoord Rotterdam,Go Ahead Eagles,3,2,H,Netherlands,Eredivisie,football-data.co.uk
league_67136303bd13ff0a,2025-03-30,EREDIVISIE,2024-25,LEAGUE,,Heracles,Twente,2,1,H,Netherlands,Eredivisie,football-data.co.uk
league_19f58c2c7478ee1d,2025-03-30,EREDIVISIE,2024-25,LEAGUE,,PSV Eindhoven,Ajax,0,2,A,Netherlands,Eredivisie,football-data.co.uk
league_f0ecb258c9fe8fc8,2025-03-30,EREDIVISIE,2024-25,LEAGUE,,Utrecht,Heerenveen,2,0,H,Netherlands,Eredivisie,football-data.co.uk
league_f67e557be540928e,2025-04-01,EREDIVISIE,2024-25,LEAGUE,,AZ Alkmaar,Waalwijk,2,2,D,Netherlands,Eredivisie,football-data.co.uk
league_bce84d5e33bfd82e,2025-04-02,EREDIVISIE,2024-25,LEAGUE,,Feyenoord Rotterdam,Groningen,4,1,H,Netherlands,Eredivisie,football-data.co.uk
league_dd47c4ba71e551c2,2025-04-04,EREDIVISIE,2024-25,LEAGUE,,Heerenveen,Willem II,3,1,H,Netherlands,Eredivisie,football-data.co.uk
league_9a31a7fada0537b6,2025-04-05,EREDIVISIE,2024-25,LEAGUE,,AZ Alkmaar,Feyenoord Rotterdam,0,1,A,Netherlands,Eredivisie,football-data.co.uk
league_31639f148d53d336,2025-04-05,EREDIVISIE,2024-25,LEAGUE,,Almere City,Zwolle,2,2,D,Netherlands,Eredivisie,football-data.co.uk
league_9213ebf8241d253f,2025-04-05,EREDIVISIE,2024-25,LEAGUE,,Groningen,PSV Eindhoven,1,3,A,Netherlands,Eredivisie,football-data.co.uk
league_67106567c05f3590,2025-04-05,EREDIVISIE,2024-25,LEAGUE,,Twente,For Sittard,1,1,D,Netherlands,Eredivisie,football-data.co.uk
league_a7051c2dd2980129,2025-04-06,EREDIVISIE,2024-25,LEAGUE,,Ajax,NAC Breda,3,1,H,Netherlands,Eredivisie,football-data.co.uk
league_b0a2c9b72940271b,2025-04-06,EREDIVISIE,2024-25,LEAGUE,,Go Ahead Eagles,Utrecht,2,2,D,Netherlands,Eredivisie,football-data.co.uk
league_23cc1062b47b9621,2025-04-06,EREDIVISIE,2024-25,LEAGUE,,Sparta Rotterdam,Nijmegen,2,0,H,Netherlands,Eredivisie,football-data.co.uk
league_a1b4ae618d1e5175,2025-04-06,EREDIVISIE,2024-25,LEAGUE,,Waalwijk,Heracles,0,0,D,Netherlands,Eredivisie,football-data.co.uk
league_07a0a6840f0133ab,2025-04-11,EREDIVISIE,2024-25,LEAGUE,,Nijmegen,Waalwijk,2,1,H,Netherlands,Eredivisie,football-data.co.uk
league_e8dae745ad6e250a,2025-04-12,EREDIVISIE,2024-25,LEAGUE,,For Sittard,Feyenoord Rotterdam,0,2,A,Netherlands,Eredivisie,football-data.co.uk
league_0e7be5121b4fe7fc,2025-04-12,EREDIVISIE,2024-25,LEAGUE,,NAC Breda,Go Ahead Eagles,1,1,D,Netherlands,Eredivisie,football-data.co.uk
league_aba60b51a2475bb4,2025-04-12,EREDIVISIE,2024-25,LEAGUE,,PSV Eindhoven,Almere City,5,0,H,Netherlands,Eredivisie,football-data.co.uk
league_871dae09e5347148,2025-04-12,EREDIVISIE,2024-25,LEAGUE,,Sparta Rotterdam,Heerenveen,3,1,H,Netherlands,Eredivisie,football-data.co.uk
league_4d09aa0d119246b0,2025-04-13,EREDIVISIE,2024-25,LEAGUE,,Heracles,AZ Alkmaar,1,0,H,Netherlands,Eredivisie,football-data.co.uk
league_00a6d65cf9eacde9,2025-04-13,EREDIVISIE,2024-25,LEAGUE,,Utrecht,Groningen,3,1,H,Netherlands,Eredivisie,football-data.co.uk
league_b6698f285f743706,2025-04-13,EREDIVISIE,2024-25,LEAGUE,,Willem II,Ajax,1,2,A,Netherlands,Eredivisie,football-data.co.uk
league_a54f33cff8d30ea1,2025-04-13,EREDIVISIE,2024-25,LEAGUE,,Zwolle,Twente,1,1,D,Netherlands,Eredivisie,football-data.co.uk
league_0446968a79279f1d,2025-04-19,EREDIVISIE,2024-25,LEAGUE,,Heerenveen,Almere City,2,1,H,Netherlands,Eredivisie,football-data.co.uk
league_3cadd6e42680feb7,2025-04-20,EREDIVISIE,2024-25,LEAGUE,,Utrecht,Ajax,4,0,H,Netherlands,Eredivisie,football-data.co.uk
league_9d10a6e4779d7c9a,2025-04-23,EREDIVISIE,2024-25,LEAGUE,,Groningen,Heracles,4,1,H,Netherlands,Eredivisie,football-data.co.uk
league_ddd0e8825487e2a2,2025-04-24,EREDIVISIE,2024-25,LEAGUE,,AZ Alkmaar,NAC Breda,1,1,D,Netherlands,Eredivisie,football-data.co.uk
league_257c2aeac1299f76,2025-04-24,EREDIVISIE,2024-25,LEAGUE,,Twente,PSV Eindhoven,1,3,A,Netherlands,Eredivisie,football-data.co.uk
league_bf0515154d3180ab,2025-04-25,EREDIVISIE,2024-25,LEAGUE,,Feyenoord Rotterdam,Zwolle,4,0,H,Netherlands,Eredivisie,football-data.co.uk
league_87cc8f5e331f57f2,2025-04-25,EREDIVISIE,2024-25,LEAGUE,,Waalwijk,Utrecht,0,4,A,Netherlands,Eredivisie,football-data.co.uk
league_7521f72b4d315f00,2025-04-27,EREDIVISIE,2024-25,LEAGUE,,Ajax,Sparta Rotterdam,1,1,D,Netherlands,Eredivisie,football-data.co.uk
league_88e526d53e751f6a,2025-04-27,EREDIVISIE,2024-25,LEAGUE,,Almere City,Go Ahead Eagles,0,0,D,Netherlands,Eredivisie,football-data.co.uk
league_56139a118c038f26,2025-04-27,EREDIVISIE,2024-25,LEAGUE,,For Sittard,Willem II,1,0,H,Netherlands,Eredivisie,football-data.co.uk
league_afe8509a72d27f8d,2025-04-27,EREDIVISIE,2024-25,LEAGUE,,Heerenveen,Nijmegen,1,0,H,Netherlands,Eredivisie,football-data.co.uk
league_225ce99f89ccfc8a,2025-05-03,EREDIVISIE,2024-25,LEAGUE,,Groningen,Waalwijk,6,1,H,Netherlands,Eredivisie,football-data.co.uk
league_9a4197b9637e1329,2025-05-03,EREDIVISIE,2024-25,LEAGUE,,Heracles,Feyenoord Rotterdam,1,4,A,Netherlands,Eredivisie,football-data.co.uk
league_6acc087b2ab7073f,2025-05-03,EREDIVISIE,2024-25,LEAGUE,,Nijmegen,Willem II,1,1,D,Netherlands,Eredivisie,football-data.co.uk
league_e3dc499a68c01c7f,2025-05-03,EREDIVISIE,2024-25,LEAGUE,,PSV Eindhoven,For Sittard,4,1,H,Netherlands,Eredivisie,football-data.co.uk
league_da5d5f78001c778e,2025-05-04,EREDIVISIE,2024-25,LEAGUE,,Go Ahead Eagles,AZ Alkmaar,0,3,A,Netherlands,Eredivisie,football-data.co.uk
league_c5731c1ca4604c18,2025-05-04,EREDIVISIE,2024-25,LEAGUE,,NAC Breda,Zwolle,1,3,A,Netherlands,Eredivisie,football-data.co.uk
league_fc34f25ad0db15ce,2025-05-04,EREDIVISIE,2024-25,LEAGUE,,Sparta Rotterdam,Twente,0,2,A,Netherlands,Eredivisie,football-data.co.uk
league_ee18da35fedcb35f,2025-05-09,EREDIVISIE,2024-25,LEAGUE,,Willem II,Heracles,1,2,A,Netherlands,Eredivisie,football-data.co.uk
league_1a6cfd32b7048023,2025-05-10,EREDIVISIE,2024-25,LEAGUE,,Almere City,Sparta Rotterdam,0,3,A,Netherlands,Eredivisie,football-data.co.uk
league_bddf8634e4b1a4df,2025-05-10,EREDIVISIE,2024-25,LEAGUE,,For Sittard,NAC Breda,1,0,H,Netherlands,Eredivisie,football-data.co.uk
league_dfd1b89f9049bfab,2025-05-10,EREDIVISIE,2024-25,LEAGUE,,Waalwijk,Heerenveen,3,1,H,Netherlands,Eredivisie,football-data.co.uk
league_0f089687b4e3e936,2025-05-11,EREDIVISIE,2024-25,LEAGUE,,AZ Alkmaar,Groningen,3,0,H,Netherlands,Eredivisie,football-data.co.uk
league_9eaf0e99b27a47c1,2025-05-11,EREDIVISIE,2024-25,LEAGUE,,Ajax,Nijmegen,0,3,A,Netherlands,Eredivisie,football-data.co.uk
league_2c20f19ab77c7606,2025-05-11,EREDIVISIE,2024-25,LEAGUE,,Feyenoord Rotterdam,PSV Eindhoven,2,3,A,Netherlands,Eredivisie,football-data.co.uk
league_1fba3a4f2ebb7ccb,2025-05-11,EREDIVISIE,2024-25,LEAGUE,,Twente,Utrecht,2,0,H,Netherlands,Eredivisie,football-data.co.uk
league_0fb5ff3d8e09bee1,2025-05-11,EREDIVISIE,2024-25,LEAGUE,,Zwolle,Go Ahead Eagles,1,1,D,Netherlands,Eredivisie,football-data.co.uk
league_bed9ef915caa27c5,2025-05-14,EREDIVISIE,2024-25,LEAGUE,,Almere City,For Sittard,1,1,D,Netherlands,Eredivisie,football-data.co.uk
league_a6576e022f816787,2025-05-14,EREDIVISIE,2024-25,LEAGUE,,Feyenoord Rotterdam,Waalwijk,2,0,H,Netherlands,Eredivisie,football-data.co.uk
league_2880aaa562dd835d,2025-05-14,EREDIVISIE,2024-25,LEAGUE,,Go Ahead Eagles,Heerenveen,1,0,H,Netherlands,Eredivisie,football-data.co.uk
league_ee87373456621de4,2025-05-14,EREDIVISIE,2024-25,LEAGUE,,Groningen,Ajax,2,2,D,Netherlands,Eredivisie,football-data.co.uk
league_0ccbfb41e1c63c0c,2025-05-14,EREDIVISIE,2024-25,LEAGUE,,Nijmegen,NAC Breda,3,0,H,Netherlands,Eredivisie,football-data.co.uk
league_c86cc7c3cebe46bd,2025-05-14,EREDIVISIE,2024-25,LEAGUE,,PSV Eindhoven,Heracles,4,1,H,Netherlands,Eredivisie,football-data.co.uk
league_473ab64282eb62d2,2025-05-14,EREDIVISIE,2024-25,LEAGUE,,Twente,AZ Alkmaar,2,3,A,Netherlands,Eredivisie,football-data.co.uk
league_83c730a6e93dc1f4,2025-05-14,EREDIVISIE,2024-25,LEAGUE,,Utrecht,Sparta Rotterdam,1,1,D,Netherlands,Eredivisie,football-data.co.uk
league_1ceba74d20d6326f,2025-05-14,EREDIVISIE,2024-25,LEAGUE,,Willem II,Zwolle,1,2,A,Netherlands,Eredivisie,football-data.co.uk
league_00728f39fe8de24e,2025-05-18,EREDIVISIE,2024-25,LEAGUE,,AZ Alkmaar,Almere City,1,1,D,Netherlands,Eredivisie,football-data.co.uk
league_2e39c98b60fcda71,2025-05-18,EREDIVISIE,2024-25,LEAGUE,,Ajax,Twente,2,0,H,Netherlands,Eredivisie,football-data.co.uk
league_0e13fc3d31bf491a,2025-05-18,EREDIVISIE,2024-25,LEAGUE,,For Sittard,Utrecht,0,0,D,Netherlands,Eredivisie,football-data.co.uk
league_3e3d95eac25ce4b9,2025-05-18,EREDIVISIE,2024-25,LEAGUE,,Heerenveen,Feyenoord Rotterdam,2,0,H,Netherlands,Eredivisie,football-data.co.uk
league_42e1144b5ae17ddf,2025-05-18,EREDIVISIE,2024-25,LEAGUE,,Heracles,Nijmegen,1,2,A,Netherlands,Eredivisie,football-data.co.uk
league_9ad54f18f794f45e,2025-05-18,EREDIVISIE,2024-25,LEAGUE,,NAC Breda,Willem II,1,1,D,Netherlands,Eredivisie,football-data.co.uk
league_e33b22686def5298,2025-05-18,EREDIVISIE,2024-25,LEAGUE,,Sparta Rotterdam,PSV Eindhoven,1,3,A,Netherlands,Eredivisie,football-data.co.uk
league_4f40b7c10f9ca743,2025-05-18,EREDIVISIE,2024-25,LEAGUE,,Waalwijk,Go Ahead Eagles,5,3,H,Netherlands,Eredivisie,football-data.co.uk
league_aa0b2ac5e9e1eae8,2025-05-18,EREDIVISIE,2024-25,LEAGUE,,Zwolle,Groningen,2,0,H,Netherlands,Eredivisie,football-data.co.uk
league_1b434f33b526c76e,2025-08-08,EREDIVISIE,2025-26,LEAGUE,,For Sittard,Go Ahead Eagles,2,2,D,Netherlands,Eredivisie,football-data.co.uk
league_69a0416e36d422e5,2025-08-09,EREDIVISIE,2025-26,LEAGUE,,Feyenoord Rotterdam,NAC Breda,2,0,H,Netherlands,Eredivisie,football-data.co.uk
league_dbc5683e863952bf,2025-08-09,EREDIVISIE,2025-26,LEAGUE,,Heerenveen,Volendam,1,1,D,Netherlands,Eredivisie,football-data.co.uk
league_920435e806f96472,2025-08-09,EREDIVISIE,2025-26,LEAGUE,,Nijmegen,Excelsior,5,0,H,Netherlands,Eredivisie,football-data.co.uk
league_6df26e9caa0e4749,2025-08-09,EREDIVISIE,2025-26,LEAGUE,,PSV Eindhoven,Sparta Rotterdam,6,1,H,Netherlands,Eredivisie,football-data.co.uk
league_ba1f19ed8be54b8e,2025-08-10,EREDIVISIE,2025-26,LEAGUE,,AZ Alkmaar,Groningen,4,1,H,Netherlands,Eredivisie,football-data.co.uk
league_3d20545a66c55d0e,2025-08-10,EREDIVISIE,2025-26,LEAGUE,,Ajax,Telstar,2,0,H,Netherlands,Eredivisie,football-data.co.uk
league_0ebaa5807a7230ce,2025-08-10,EREDIVISIE,2025-26,LEAGUE,,Utrecht,Heracles,4,0,H,Netherlands,Eredivisie,football-data.co.uk
league_0649d4eb145b5811,2025-08-10,EREDIVISIE,2025-26,LEAGUE,,Zwolle,Twente,1,0,H,Netherlands,Eredivisie,football-data.co.uk
league_2219abbc963b64be,2025-08-15,EREDIVISIE,2025-26,LEAGUE,,Telstar,Zwolle,0,2,A,Netherlands,Eredivisie,football-data.co.uk
league_71f342e1444447c3,2025-08-16,EREDIVISIE,2025-26,LEAGUE,,Excelsior,Feyenoord Rotterdam,1,2,A,Netherlands,Eredivisie,football-data.co.uk
league_612bc1ce62eaaad5,2025-08-16,EREDIVISIE,2025-26,LEAGUE,,Groningen,Heerenveen,2,1,H,Netherlands,Eredivisie,football-data.co.uk
league_16d5b025119abc54,2025-08-16,EREDIVISIE,2025-26,LEAGUE,,Heracles,Nijmegen,1,4,A,Netherlands,Eredivisie,football-data.co.uk
league_b1ebc882f7fbf6f4,2025-08-17,EREDIVISIE,2025-26,LEAGUE,,Go Ahead Eagles,Ajax,2,2,D,Netherlands,Eredivisie,football-data.co.uk
league_ee7b57293dcca7ee,2025-08-17,EREDIVISIE,2025-26,LEAGUE,,NAC Breda,For Sittard,2,1,H,Netherlands,Eredivisie,football-data.co.uk
league_4d291e57c74b9aff,2025-08-17,EREDIVISIE,2025-26,LEAGUE,,Sparta Rotterdam,Utrecht,2,1,H,Netherlands,Eredivisie,football-data.co.uk
league_9fd3cf08968caa91,2025-08-17,EREDIVISIE,2025-26,LEAGUE,,Twente,PSV Eindhoven,0,2,A,Netherlands,Eredivisie,football-data.co.uk
league_25167a2d782deb7b,2025-08-17,EREDIVISIE,2025-26,LEAGUE,,Volendam,AZ Alkmaar,2,2,D,Netherlands,Eredivisie,football-data.co.uk
league_874228cfc75cd4f9,2025-08-23,EREDIVISIE,2025-26,LEAGUE,,Go Ahead Eagles,Sparta Rotterdam,0,3,A,Netherlands,Eredivisie,football-data.co.uk
league_14e2882250d5d178,2025-08-23,EREDIVISIE,2025-26,LEAGUE,,PSV Eindhoven,Groningen,4,2,H,Netherlands,Eredivisie,football-data.co.uk
league_cfb0c7e4dc53f162,2025-08-23,EREDIVISIE,2025-26,LEAGUE,,Telstar,Volendam,2,2,D,Netherlands,Eredivisie,football-data.co.uk
league_5bccb36dd3d6c2ac,2025-08-24,EREDIVISIE,2025-26,LEAGUE,,Ajax,Heracles,2,0,H,Netherlands,Eredivisie,football-data.co.uk
league_bc1f0c8ee814ba83,2025-08-24,EREDIVISIE,2025-26,LEAGUE,,Heerenveen,Twente,1,2,A,Netherlands,Eredivisie,football-data.co.uk
league_7e67133b9e0a6311,2025-08-24,EREDIVISIE,2025-26,LEAGUE,,Nijmegen,NAC Breda,3,0,H,Netherlands,Eredivisie,football-data.co.uk
league_b3a950e6075e7b53,2025-08-24,EREDIVISIE,2025-26,LEAGUE,,Utrecht,Excelsior,4,1,H,Netherlands,Eredivisie,football-data.co.uk
league_fa3ff88dd5c476ad,2025-08-29,EREDIVISIE,2025-26,LEAGUE,,Groningen,Heracles,4,0,H,Netherlands,Eredivisie,football-data.co.uk
league_b2957362d3c8020a,2025-08-30,EREDIVISIE,2025-26,LEAGUE,,Excelsior,Twente,1,0,H,Netherlands,Eredivisie,football-data.co.uk
league_1f13f3b0563342b2,2025-08-30,EREDIVISIE,2025-26,LEAGUE,,Heerenveen,Go Ahead Eagles,2,2,D,Netherlands,Eredivisie,football-data.co.uk
league_f0bace0806f1e795,2025-08-30,EREDIVISIE,2025-26,LEAGUE,,PSV Eindhoven,Telstar,0,2,A,Netherlands,Eredivisie,football-data.co.uk
league_bb93df6a40d1da72,2025-08-30,EREDIVISIE,2025-26,LEAGUE,,Volendam,Ajax,1,1,D,Netherlands,Eredivisie,football-data.co.uk
league_9b18d7906ec22e4c,2025-08-31,EREDIVISIE,2025-26,LEAGUE,,For Sittard,Nijmegen,3,2,H,Netherlands,Eredivisie,football-data.co.uk
league_4960278d58118227,2025-08-31,EREDIVISIE,2025-26,LEAGUE,,NAC Breda,AZ Alkmaar,0,1,A,Netherlands,Eredivisie,football-data.co.uk
league_faefed30074ea2ab,2025-08-31,EREDIVISIE,2025-26,LEAGUE,,Sparta Rotterdam,Feyenoord Rotterdam,0,4,A,Netherlands,Eredivisie,football-data.co.uk
league_b2a68464d88b61b0,2025-08-31,EREDIVISIE,2025-26,LEAGUE,,Zwolle,Utrecht,0,2,A,Netherlands,Eredivisie,football-data.co.uk
league_7269f3a94e5b19b9,2025-09-13,EREDIVISIE,2025-26,LEAGUE,,Ajax,Zwolle,3,1,H,Netherlands,Eredivisie,football-data.co.uk
league_d6b355440e2e0d5a,2025-09-13,EREDIVISIE,2025-26,LEAGUE,,Feyenoord Rotterdam,Heerenveen,1,0,H,Netherlands,Eredivisie,football-data.co.uk
league_e34f86c9616ff864,2025-09-13,EREDIVISIE,2025-26,LEAGUE,,Go Ahead Eagles,Volendam,3,0,H,Netherlands,Eredivisie,football-data.co.uk
league_8d9a6831d0187e87,2025-09-13,EREDIVISIE,2025-26,LEAGUE,,Nijmegen,PSV Eindhoven,3,5,A,Netherlands,Eredivisie,football-data.co.uk
league_aef9d3ddf6e85ff6,2025-09-13,EREDIVISIE,2025-26,LEAGUE,,Twente,NAC Breda,2,2,D,Netherlands,Eredivisie,football-data.co.uk
league_1a1fbd53e7d7f9eb,2025-09-14,EREDIVISIE,2025-26,LEAGUE,,Excelsior,Sparta Rotterdam,0,1,A,Netherlands,Eredivisie,football-data.co.uk
league_234e3d587183a154,2025-09-14,EREDIVISIE,2025-26,LEAGUE,,Heracles,AZ Alkmaar,1,2,A,Netherlands,Eredivisie,football-data.co.uk
league_f80a0bfde43b8f7f,2025-09-14,EREDIVISIE,2025-26,LEAGUE,,Telstar,For Sittard,1,3,A,Netherlands,Eredivisie,football-data.co.uk
league_498d52ea474f0581,2025-09-14,EREDIVISIE,2025-26,LEAGUE,,Utrecht,Groningen,0,1,A,Netherlands,Eredivisie,football-data.co.uk
league_028bbe0a0813a32b,2025-09-17,EREDIVISIE,2025-26,LEAGUE,,Feyenoord Rotterdam,For Sittard,2,0,H,Netherlands,Eredivisie,football-data.co.uk
league_cf1f3b9ff322da12,2025-09-19,EREDIVISIE,2025-26,LEAGUE,,Sparta Rotterdam,Twente,1,5,A,Netherlands,Eredivisie,football-data.co.uk
league_cd8fb6cfcda93a77,2025-09-20,EREDIVISIE,2025-26,LEAGUE,,For Sittard,Utrecht,1,0,H,Netherlands,Eredivisie,football-data.co.uk
league_7f2580af2fcf6519,2025-09-20,EREDIVISIE,2025-26,LEAGUE,,Groningen,Telstar,2,0,H,Netherlands,Eredivisie,football-data.co.uk
league_da86cf4f552244d0,2025-09-20,EREDIVISIE,2025-26,LEAGUE,,NAC Breda,Heracles,2,1,H,Netherlands,Eredivisie,football-data.co.uk
league_f84aed5b43c40082,2025-09-20,EREDIVISIE,2025-26,LEAGUE,,Volendam,Excelsior,1,2,A,Netherlands,Eredivisie,football-data.co.uk
league_797f1eae010e7a76,2025-09-21,EREDIVISIE,2025-26,LEAGUE,,AZ Alkmaar,Feyenoord Rotterdam,3,3,D,Netherlands,Eredivisie,football-data.co.uk
league_902a99e09d33a1e9,2025-09-21,EREDIVISIE,2025-26,LEAGUE,,Heerenveen,Nijmegen,3,2,H,Netherlands,Eredivisie,football-data.co.uk
league_1a1023aaf8bcff4b,2025-09-21,EREDIVISIE,2025-26,LEAGUE,,PSV Eindhoven,Ajax,2,2,D,Netherlands,Eredivisie,football-data.co.uk
league_aa6ab53efb6f9e38,2025-09-21,EREDIVISIE,2025-26,LEAGUE,,Zwolle,Go Ahead Eagles,0,2,A,Netherlands,Eredivisie,football-data.co.uk
league_6d6b4341584c8275,2025-09-24,EREDIVISIE,2025-26,LEAGUE,,AZ Alkmaar,Zwolle,2,2,D,Netherlands,Eredivisie,football-data.co.uk
league_8ffebb7a342f68af,2025-09-26,EREDIVISIE,2025-26,LEAGUE,,Twente,For Sittard,3,2,H,Netherlands,Eredivisie,football-data.co.uk
league_8121451b70a8631b,2025-09-27,EREDIVISIE,2025-26,LEAGUE,,Ajax,NAC Breda,2,1,H,Netherlands,Eredivisie,football-data.co.uk
league_b3ef21a62bf03837,2025-09-27,EREDIVISIE,2025-26,LEAGUE,,Excelsior,PSV Eindhoven,1,2,A,Netherlands,Eredivisie,football-data.co.uk
league_5a3dc02a339c58ba,2025-09-27,EREDIVISIE,2025-26,LEAGUE,,Heracles,Sparta Rotterdam,3,0,H,Netherlands,Eredivisie,football-data.co.uk
league_60ab59b41fddb031,2025-09-27,EREDIVISIE,2025-26,LEAGUE,,Volendam,Zwolle,2,1,H,Netherlands,Eredivisie,football-data.co.uk
league_40c748e6b8da3a41,2025-09-28,EREDIVISIE,2025-26,LEAGUE,,Groningen,Feyenoord Rotterdam,0,1,A,Netherlands,Eredivisie,football-data.co.uk
league_249eb5f3d5856abb,2025-09-28,EREDIVISIE,2025-26,LEAGUE,,Nijmegen,AZ Alkmaar,2,1,H,Netherlands,Eredivisie,football-data.co.uk
league_9b4654831fe0ff57,2025-09-28,EREDIVISIE,2025-26,LEAGUE,,Telstar,Go Ahead Eagles,4,2,H,Netherlands,Eredivisie,football-data.co.uk
league_6cec153c2b61d1c3,2025-09-28,EREDIVISIE,2025-26,LEAGUE,,Utrecht,Heerenveen,2,2,D,Netherlands,Eredivisie,football-data.co.uk
league_db3986488eb2d63b,2025-10-03,EREDIVISIE,2025-26,LEAGUE,,NAC Breda,Groningen,1,2,A,Netherlands,Eredivisie,football-data.co.uk
league_c119c4a9614365c4,2025-10-04,EREDIVISIE,2025-26,LEAGUE,,For Sittard,Volendam,1,0,H,Netherlands,Eredivisie,football-data.co.uk
league_af2307ae50f64a82,2025-10-04,EREDIVISIE,2025-26,LEAGUE,,Heerenveen,Excelsior,2,1,H,Netherlands,Eredivisie,football-data.co.uk
league_41661e228c6f007f,2025-10-04,EREDIVISIE,2025-26,LEAGUE,,Sparta Rotterdam,Ajax,3,3,D,Netherlands,Eredivisie,football-data.co.uk
league_3acbdb672a0f25b7,2025-10-04,EREDIVISIE,2025-26,LEAGUE,,Zwolle,PSV Eindhoven,0,4,A,Netherlands,Eredivisie,football-data.co.uk
league_3d8c745a5bd7444a,2025-10-05,EREDIVISIE,2025-26,LEAGUE,,AZ Alkmaar,Telstar,2,1,H,Netherlands,Eredivisie,football-data.co.uk
league_b764d4718d965fcb,2025-10-05,EREDIVISIE,2025-26,LEAGUE,,Feyenoord Rotterdam,Utrecht,3,2,H,Netherlands,Eredivisie,football-data.co.uk
league_7da3211af68696b6,2025-10-05,EREDIVISIE,2025-26,LEAGUE,,Go Ahead Eagles,Nijmegen,1,1,D,Netherlands,Eredivisie,football-data.co.uk
league_00997e8c08d90858,2025-10-05,EREDIVISIE,2025-26,LEAGUE,,Twente,Heracles,2,1,H,Netherlands,Eredivisie,football-data.co.uk
league_cee53dd5d9884f16,2025-10-18,EREDIVISIE,2025-26,LEAGUE,,Ajax,AZ Alkmaar,0,2,A,Netherlands,Eredivisie,football-data.co.uk
league_34be568b9e44bfa5,2025-10-18,EREDIVISIE,2025-26,LEAGUE,,NAC Breda,Zwolle,2,2,D,Netherlands,Eredivisie,football-data.co.uk
league_0f30fea928bd6141,2025-10-18,EREDIVISIE,2025-26,LEAGUE,,Nijmegen,Twente,3,3,D,Netherlands,Eredivisie,football-data.co.uk
league_341376fb00240ade,2025-10-18,EREDIVISIE,2025-26,LEAGUE,,PSV Eindhoven,Go Ahead Eagles,2,1,H,Netherlands,Eredivisie,football-data.co.uk
league_3743834fac3060b9,2025-10-18,EREDIVISIE,2025-26,LEAGUE,,Utrecht,Volendam,3,1,H,Netherlands,Eredivisie,football-data.co.uk
league_03eeb2cc764bd047,2025-10-19,EREDIVISIE,2025-26,LEAGUE,,Excelsior,For Sittard,1,0,H,Netherlands,Eredivisie,football-data.co.uk
league_240ef439fa6c22be,2025-10-19,EREDIVISIE,2025-26,LEAGUE,,Groningen,Sparta Rotterdam,0,2,A,Netherlands,Eredivisie,football-data.co.uk
league_15dde8ca66e79814,2025-10-19,EREDIVISIE,2025-26,LEAGUE,,Heracles,Feyenoord Rotterdam,0,7,A,Netherlands,Eredivisie,football-data.co.uk
league_c846835f1e9470dc,2025-10-19,EREDIVISIE,2025-26,LEAGUE,,Telstar,Heerenveen,2,3,A,Netherlands,Eredivisie,football-data.co.uk
league_6d4ca8be0f4cdf44,2025-10-24,EREDIVISIE,2025-26,LEAGUE,,Heerenveen,NAC Breda,3,3,D,Netherlands,Eredivisie,football-data.co.uk
league_0046259a83b26ae0,2025-10-25,EREDIVISIE,2025-26,LEAGUE,,For Sittard,Groningen,1,2,A,Netherlands,Eredivisie,football-data.co.uk
league_507f5d353603f1d1,2025-10-25,EREDIVISIE,2025-26,LEAGUE,,Sparta Rotterdam,Telstar,1,0,H,Netherlands,Eredivisie,football-data.co.uk
league_973a947bf0d7b2e7,2025-10-25,EREDIVISIE,2025-26,LEAGUE,,Volendam,Heracles,3,0,H,Netherlands,Eredivisie,football-data.co.uk
league_52cdf51c96655a8c,2025-10-25,EREDIVISIE,2025-26,LEAGUE,,Zwolle,Nijmegen,2,2,D,Netherlands,Eredivisie,football-data.co.uk
league_94cd0a8a44300a54,2025-10-26,EREDIVISIE,2025-26,LEAGUE,,AZ Alkmaar,Utrecht,4,1,H,Netherlands,Eredivisie,football-data.co.uk
league_fa36a5cbaeb0bd35,2025-10-26,EREDIVISIE,2025-26,LEAGUE,,Feyenoord Rotterdam,PSV Eindhoven,2,3,A,Netherlands,Eredivisie,football-data.co.uk
league_a34b4f65fc0d1535,2025-10-26,EREDIVISIE,2025-26,LEAGUE,,Go Ahead Eagles,Excelsior,2,0,H,Netherlands,Eredivisie,football-data.co.uk
league_18eb0fa09cc92560,2025-10-26,EREDIVISIE,2025-26,LEAGUE,,Twente,Ajax,2,3,A,Netherlands,Eredivisie,football-data.co.uk
league_82c7bff4cd97fd25,2025-10-31,EREDIVISIE,2025-26,LEAGUE,,PSV Eindhoven,For Sittard,5,2,H,Netherlands,Eredivisie,football-data.co.uk
league_1e48733c77198b8e,2025-11-01,EREDIVISIE,2025-26,LEAGUE,,Ajax,Heerenveen,1,1,D,Netherlands,Eredivisie,football-data.co.uk
league_b91d2c8a12919167,2025-11-01,EREDIVISIE,2025-26,LEAGUE,,Feyenoord Rotterdam,Volendam,3,1,H,Netherlands,Eredivisie,football-data.co.uk
league_946821a7b5c4f4eb,2025-11-01,EREDIVISIE,2025-26,LEAGUE,,NAC Breda,Go Ahead Eagles,1,0,H,Netherlands,Eredivisie,football-data.co.uk
league_20636c567b5d9783,2025-11-01,EREDIVISIE,2025-26,LEAGUE,,Telstar,Excelsior,2,2,D,Netherlands,Eredivisie,football-data.co.uk
league_07d12e260a0b174a,2025-11-02,EREDIVISIE,2025-26,LEAGUE,,Groningen,Twente,1,1,D,Netherlands,Eredivisie,football-data.co.uk
league_5cebd5199caf03d1,2025-11-02,EREDIVISIE,2025-26,LEAGUE,,Heracles,Zwolle,8,2,H,Netherlands,Eredivisie,football-data.co.uk
league_489575a32c665435,2025-11-02,EREDIVISIE,2025-26,LEAGUE,,Sparta Rotterdam,AZ Alkmaar,0,1,A,Netherlands,Eredivisie,football-data.co.uk
league_7b8a401563975eeb,2025-11-02,EREDIVISIE,2025-26,LEAGUE,,Utrecht,Nijmegen,1,0,H,Netherlands,Eredivisie,football-data.co.uk
league_50fb4d6370d199b0,2025-11-07,EREDIVISIE,2025-26,LEAGUE,,Twente,Telstar,0,0,D,Netherlands,Eredivisie,football-data.co.uk
league_09cea7dab50e4bf5,2025-11-08,EREDIVISIE,2025-26,LEAGUE,,Excelsior,Heracles,1,2,A,Netherlands,Eredivisie,football-data.co.uk
league_f7b90ef8136b4bcc,2025-11-08,EREDIVISIE,2025-26,LEAGUE,,For Sittard,Heerenveen,2,0,H,Netherlands,Eredivisie,football-data.co.uk
league_cf497a27d36eb717,2025-11-08,EREDIVISIE,2025-26,LEAGUE,,Volendam,NAC Breda,2,1,H,Netherlands,Eredivisie,football-data.co.uk
league_aaafa0bf39f2e6a5,2025-11-08,EREDIVISIE,2025-26,LEAGUE,,Zwolle,Sparta Rotterdam,1,0,H,Netherlands,Eredivisie,football-data.co.uk
league_1371f9d0be622cb4,2025-11-09,EREDIVISIE,2025-26,LEAGUE,,AZ Alkmaar,PSV Eindhoven,1,5,A,Netherlands,Eredivisie,football-data.co.uk
league_74c572bb9e7b9f5c,2025-11-09,EREDIVISIE,2025-26,LEAGUE,,Go Ahead Eagles,Feyenoord Rotterdam,2,1,H,Netherlands,Eredivisie,football-data.co.uk
league_5cba6e98352002f4,2025-11-09,EREDIVISIE,2025-26,LEAGUE,,Nijmegen,Groningen,2,0,H,Netherlands,Eredivisie,football-data.co.uk
league_ad7cd84e7d627533,2025-11-09,EREDIVISIE,2025-26,LEAGUE,,Utrecht,Ajax,2,1,H,Netherlands,Eredivisie,football-data.co.uk
league_a9c7b337fbe23f81,2025-11-22,EREDIVISIE,2025-26,LEAGUE,,Ajax,Excelsior,1,2,A,Netherlands,Eredivisie,football-data.co.uk
league_2bc136121a42067d,2025-11-22,EREDIVISIE,2025-26,LEAGUE,,Heracles,Go Ahead Eagles,4,2,H,Netherlands,Eredivisie,football-data.co.uk
league_c4b7466a2eb7f666,2025-11-22,EREDIVISIE,2025-26,LEAGUE,,NAC Breda,PSV Eindhoven,0,1,A,Netherlands,Eredivisie,football-data.co.uk
league_68567e7661165cbc,2025-11-22,EREDIVISIE,2025-26,LEAGUE,,Sparta Rotterdam,For Sittard,1,1,D,Netherlands,Eredivisie,football-data.co.uk
league_91cefd4213a23b0b,2025-11-22,EREDIVISIE,2025-26,LEAGUE,,Volendam,Twente,1,1,D,Netherlands,Eredivisie,football-data.co.uk
league_de18c6d092b7ecab,2025-11-23,EREDIVISIE,2025-26,LEAGUE,,Feyenoord Rotterdam,Nijmegen,2,4,A,Netherlands,Eredivisie,football-data.co.uk
league_156f116e0ad1b7cd,2025-11-23,EREDIVISIE,2025-26,LEAGUE,,Groningen,Zwolle,2,2,D,Netherlands,Eredivisie,football-data.co.uk
league_2ccb485f64714a09,2025-11-23,EREDIVISIE,2025-26,LEAGUE,,Heerenveen,AZ Alkmaar,3,1,H,Netherlands,Eredivisie,football-data.co.uk
league_dadc16a43e8eb7a7,2025-11-23,EREDIVISIE,2025-26,LEAGUE,,Telstar,Utrecht,1,1,D,Netherlands,Eredivisie,football-data.co.uk
league_7459cf48a21578dd,2025-11-28,EREDIVISIE,2025-26,LEAGUE,,Zwolle,Heerenveen,2,1,H,Netherlands,Eredivisie,football-data.co.uk
league_83dc837c8d739a90,2025-11-29,EREDIVISIE,2025-26,LEAGUE,,Excelsior,NAC Breda,1,0,H,Netherlands,Eredivisie,football-data.co.uk
league_fd0fccfbb467a275,2025-11-29,EREDIVISIE,2025-26,LEAGUE,,For Sittard,Heracles,1,1,D,Netherlands,Eredivisie,football-data.co.uk
league_7f5e6d4a396352e5,2025-11-29,EREDIVISIE,2025-26,LEAGUE,,Nijmegen,Sparta Rotterdam,3,1,H,Netherlands,Eredivisie,football-data.co.uk
league_ef4040af66652454,2025-11-30,EREDIVISIE,2025-26,LEAGUE,,Go Ahead Eagles,Utrecht,2,2,D,Netherlands,Eredivisie,football-data.co.uk
league_f9743e6228a6df4c,2025-11-30,EREDIVISIE,2025-26,LEAGUE,,PSV Eindhoven,Volendam,3,0,H,Netherlands,Eredivisie,football-data.co.uk
league_e892f0e004a71aeb,2025-11-30,EREDIVISIE,2025-26,LEAGUE,,Telstar,Feyenoord Rotterdam,1,2,A,Netherlands,Eredivisie,football-data.co.uk
league_c12fa6444cc3a154,2025-11-30,EREDIVISIE,2025-26,LEAGUE,,Twente,AZ Alkmaar,1,0,H,Netherlands,Eredivisie,football-data.co.uk
league_0bd7521857306326,2025-12-02,EREDIVISIE,2025-26,LEAGUE,,Ajax,Groningen,2,0,H,Netherlands,Eredivisie,football-data.co.uk
league_fc43437c386ab233,2025-12-05,EREDIVISIE,2025-26,LEAGUE,,Excelsior,Groningen,0,2,A,Netherlands,Eredivisie,football-data.co.uk
league_4d542230fa560f43,2025-12-06,EREDIVISIE,2025-26,LEAGUE,,Feyenoord Rotterdam,Zwolle,6,1,H,Netherlands,Eredivisie,football-data.co.uk
league_29a4d63b3fe8a2ab,2025-12-06,EREDIVISIE,2025-26,LEAGUE,,For Sittard,Ajax,1,3,A,Netherlands,Eredivisie,football-data.co.uk
league_6d640f380623dbb5,2025-12-06,EREDIVISIE,2025-26,LEAGUE,,Heerenveen,PSV Eindhoven,0,2,A,Netherlands,Eredivisie,football-data.co.uk
league_acd3360e2e73c146,2025-12-06,EREDIVISIE,2025-26,LEAGUE,,Heracles,Telstar,1,1,D,Netherlands,Eredivisie,football-data.co.uk
league_640adb2a38c8916a,2025-12-07,EREDIVISIE,2025-26,LEAGUE,,AZ Alkmaar,Go Ahead Eagles,2,2,D,Netherlands,Eredivisie,football-data.co.uk
league_ff83183fa98ce515,2025-12-07,EREDIVISIE,2025-26,LEAGUE,,Sparta Rotterdam,NAC Breda,1,0,H,Netherlands,Eredivisie,football-data.co.uk
league_6c6a3cd4d8a97acb,2025-12-07,EREDIVISIE,2025-26,LEAGUE,,Utrecht,Twente,1,1,D,Netherlands,Eredivisie,football-data.co.uk
league_1a347297695bb17a,2025-12-07,EREDIVISIE,2025-26,LEAGUE,,Volendam,Nijmegen,2,3,A,Netherlands,Eredivisie,football-data.co.uk
league_b1e61378bcdf3346,2025-12-13,EREDIVISIE,2025-26,LEAGUE,,Groningen,Volendam,3,0,H,Netherlands,Eredivisie,football-data.co.uk
league_ca300fa388af2625,2025-12-13,EREDIVISIE,2025-26,LEAGUE,,PSV Eindhoven,Heracles,4,3,H,Netherlands,Eredivisie,football-data.co.uk
league_5d1f03cc8d548ab2,2025-12-13,EREDIVISIE,2025-26,LEAGUE,,Telstar,Nijmegen,2,2,D,Netherlands,Eredivisie,football-data.co.uk
league_8063849bc6e6132a,2025-12-13,EREDIVISIE,2025-26,LEAGUE,,Zwolle,For Sittard,1,0,H,Netherlands,Eredivisie,football-data.co.uk
league_c174b8ff402c0910,2025-12-14,EREDIVISIE,2025-26,LEAGUE,,Ajax,Feyenoord Rotterdam,2,0,H,Netherlands,Eredivisie,football-data.co.uk
league_91dc9157fbc6c9b7,2025-12-14,EREDIVISIE,2025-26,LEAGUE,,NAC Breda,Utrecht,1,1,D,Netherlands,Eredivisie,football-data.co.uk
league_40c027d6acb8b4df,2025-12-14,EREDIVISIE,2025-26,LEAGUE,,Sparta Rotterdam,Heerenveen,0,3,A,Netherlands,Eredivisie,football-data.co.uk
league_0c27e0306e7075a2,2025-12-14,EREDIVISIE,2025-26,LEAGUE,,Twente,Go Ahead Eagles,2,0,H,Netherlands,Eredivisie,football-data.co.uk
league_db0bfae76747bee5,2025-12-20,EREDIVISIE,2025-26,LEAGUE,,Excelsior,Zwolle,2,1,H,Netherlands,Eredivisie,football-data.co.uk
league_f4aee667db3e6612,2025-12-20,EREDIVISIE,2025-26,LEAGUE,,Heracles,Heerenveen,0,3,A,Netherlands,Eredivisie,football-data.co.uk
league_ee2886e0d7608f46,2025-12-20,EREDIVISIE,2025-26,LEAGUE,,NAC Breda,Telstar,0,1,A,Netherlands,Eredivisie,football-data.co.uk
league_f1fbcc83f353bbe1,2025-12-20,EREDIVISIE,2025-26,LEAGUE,,Nijmegen,Ajax,2,2,D,Netherlands,Eredivisie,football-data.co.uk
league_e3110cc2da8af9da,2025-12-21,EREDIVISIE,2025-26,LEAGUE,,Feyenoord Rotterdam,Twente,1,1,D,Netherlands,Eredivisie,football-data.co.uk
league_7dda93430fd1bf24,2025-12-21,EREDIVISIE,2025-26,LEAGUE,,For Sittard,AZ Alkmaar,4,3,H,Netherlands,Eredivisie,football-data.co.uk
league_45e65a79d605fcc0,2025-12-21,EREDIVISIE,2025-26,LEAGUE,,Go Ahead Eagles,Groningen,1,1,D,Netherlands,Eredivisie,football-data.co.uk
league_f1cdeb270d8515ce,2025-12-21,EREDIVISIE,2025-26,LEAGUE,,Utrecht,PSV Eindhoven,1,2,A,Netherlands,Eredivisie,football-data.co.uk
league_b5f1a033fd99b80b,2025-12-21,EREDIVISIE,2025-26,LEAGUE,,Volendam,Sparta Rotterdam,0,1,A,Netherlands,Eredivisie,football-data.co.uk
league_0ce07551171592ac,2026-01-10,EREDIVISIE,2025-26,LEAGUE,,AZ Alkmaar,Volendam,1,0,H,Netherlands,Eredivisie,football-data.co.uk
league_4ff4edd09408a28f,2026-01-10,EREDIVISIE,2025-26,LEAGUE,,Groningen,NAC Breda,0,0,D,Netherlands,Eredivisie,football-data.co.uk
league_b3f6361f5303885f,2026-01-10,EREDIVISIE,2025-26,LEAGUE,,PSV Eindhoven,Excelsior,5,1,H,Netherlands,Eredivisie,football-data.co.uk
league_794dc6d63b753d75,2026-01-10,EREDIVISIE,2025-26,LEAGUE,,Twente,Zwolle,1,1,D,Netherlands,Eredivisie,football-data.co.uk
league_7571c17f6507fae4,2026-01-11,EREDIVISIE,2025-26,LEAGUE,,Go Ahead Eagles,For Sittard,2,2,D,Netherlands,Eredivisie,football-data.co.uk
league_d98748e6c233ef8a,2026-01-11,EREDIVISIE,2025-26,LEAGUE,,Heerenveen,Feyenoord Rotterdam,2,2,D,Netherlands,Eredivisie,football-data.co.uk
league_72f981f8230e664e,2026-01-11,EREDIVISIE,2025-26,LEAGUE,,Sparta Rotterdam,Heracles,2,0,H,Netherlands,Eredivisie,football-data.co.uk
league_f257ba917df9a416,2026-01-11,EREDIVISIE,2025-26,LEAGUE,,Telstar,Ajax,2,3,A,Netherlands,Eredivisie,football-data.co.uk
league_b110ff406cedde56,2026-01-17,EREDIVISIE,2025-26,LEAGUE,,Ajax,Go Ahead Eagles,2,2,D,Netherlands,Eredivisie,football-data.co.uk
league_4fa455a51e605b01,2026-01-17,EREDIVISIE,2025-26,LEAGUE,,Excelsior,Telstar,2,2,D,Netherlands,Eredivisie,football-data.co.uk
league_16c4bbaad439fc09,2026-01-17,EREDIVISIE,2025-26,LEAGUE,,For Sittard,PSV Eindhoven,1,2,A,Netherlands,Eredivisie,football-data.co.uk
league_e8260d7d48a5e7a3,2026-01-17,EREDIVISIE,2025-26,LEAGUE,,NAC Breda,Nijmegen,3,4,A,Netherlands,Eredivisie,football-data.co.uk
league_8e6a8a090ef23b9c,2026-01-17,EREDIVISIE,2025-26,LEAGUE,,Zwolle,AZ Alkmaar,3,1,H,Netherlands,Eredivisie,football-data.co.uk
league_6c8a7a57fc7e0635,2026-01-18,EREDIVISIE,2025-26,LEAGUE,,Feyenoord Rotterdam,Sparta Rotterdam,3,4,A,Netherlands,Eredivisie,football-data.co.uk
league_f1d908e59a7dae99,2026-01-18,EREDIVISIE,2025-26,LEAGUE,,Heerenveen,Groningen,0,2,A,Netherlands,Eredivisie,football-data.co.uk
league_333a27b75a2ba77d,2026-01-18,EREDIVISIE,2025-26,LEAGUE,,Heracles,Twente,0,2,A,Netherlands,Eredivisie,football-data.co.uk
league_7a3ad1643ccff0ad,2026-01-18,EREDIVISIE,2025-26,LEAGUE,,Volendam,Utrecht,2,1,H,Netherlands,Eredivisie,football-data.co.uk
league_60127e56763a0498,2026-01-21,EREDIVISIE,2025-26,LEAGUE,,AZ Alkmaar,Excelsior,1,1,D,Netherlands,Eredivisie,football-data.co.uk
league_4cd206c21edf585f,2026-01-24,EREDIVISIE,2025-26,LEAGUE,,Ajax,Volendam,2,0,H,Netherlands,Eredivisie,football-data.co.uk
league_49e5993365394264,2026-01-24,EREDIVISIE,2025-26,LEAGUE,,Nijmegen,Zwolle,2,1,H,Netherlands,Eredivisie,football-data.co.uk
league_68bcac817cc32376,2026-01-24,EREDIVISIE,2025-26,LEAGUE,,PSV Eindhoven,NAC Breda,2,2,D,Netherlands,Eredivisie,football-data.co.uk
league_01b1145917912299,2026-01-24,EREDIVISIE,2025-26,LEAGUE,,Twente,Excelsior,0,0,D,Netherlands,Eredivisie,football-data.co.uk
league_5830f7e6c49d9318,2026-01-25,EREDIVISIE,2025-26,LEAGUE,,Feyenoord Rotterdam,Heracles,4,2,H,Netherlands,Eredivisie,football-data.co.uk
league_b253d67193afdb3f,2026-01-25,EREDIVISIE,2025-26,LEAGUE,,Groningen,For Sittard,1,2,A,Netherlands,Eredivisie,football-data.co.uk
league_b6a9862532a27368,2026-01-25,EREDIVISIE,2025-26,LEAGUE,,Telstar,AZ Alkmaar,0,1,A,Netherlands,Eredivisie,football-data.co.uk
league_ed29edce1ba092cf,2026-01-25,EREDIVISIE,2025-26,LEAGUE,,Utrecht,Sparta Rotterdam,0,1,A,Netherlands,Eredivisie,football-data.co.uk
league_a1fb486665bc074c,2026-01-30,EREDIVISIE,2025-26,LEAGUE,,NAC Breda,Twente,2,2,D,Netherlands,Eredivisie,football-data.co.uk
league_4530cd3ea98aeb29,2026-01-31,EREDIVISIE,2025-26,LEAGUE,,AZ Alkmaar,Nijmegen,1,3,A,Netherlands,Eredivisie,football-data.co.uk
league_c21f0b7ef5c84260,2026-01-31,EREDIVISIE,2025-26,LEAGUE,,Sparta Rotterdam,Groningen,2,0,H,Netherlands,Eredivisie,football-data.co.uk
league_e7f87779bb031a64,2026-01-31,EREDIVISIE,2025-26,LEAGUE,,Zwolle,Telstar,4,1,H,Netherlands,Eredivisie,football-data.co.uk
league_33333dc50775bc96,2026-02-01,EREDIVISIE,2025-26,LEAGUE,,Excelsior,Ajax,2,2,D,Netherlands,Eredivisie,football-data.co.uk
league_f12524d34f4fdf7f,2026-02-01,EREDIVISIE,2025-26,LEAGUE,,Heerenveen,Utrecht,1,1,D,Netherlands,Eredivisie,football-data.co.uk
league_8ae57b8d40ae1d77,2026-02-01,EREDIVISIE,2025-26,LEAGUE,,Heracles,For Sittard,2,1,H,Netherlands,Eredivisie,football-data.co.uk
league_db32949930311ba2,2026-02-01,EREDIVISIE,2025-26,LEAGUE,,PSV Eindhoven,Feyenoord Rotterdam,3,0,H,Netherlands,Eredivisie,football-data.co.uk
league_089b9d0c10d6b3da,2026-02-01,EREDIVISIE,2025-26,LEAGUE,,Volendam,Go Ahead Eagles,1,1,D,Netherlands,Eredivisie,football-data.co.uk
league_1fac763fd8097cba,2026-02-06,EREDIVISIE,2025-26,LEAGUE,,NAC Breda,Excelsior,0,2,A,Netherlands,Eredivisie,football-data.co.uk
league_a8d7809d23fa357e,2026-02-07,EREDIVISIE,2025-26,LEAGUE,,For Sittard,Sparta Rotterdam,2,2,D,Netherlands,Eredivisie,football-data.co.uk
league_1f4b0bafc34c4d03,2026-02-07,EREDIVISIE,2025-26,LEAGUE,,Nijmegen,Heracles,4,1,H,Netherlands,Eredivisie,football-data.co.uk
league_a6d9b6cea7f3eaa7,2026-02-07,EREDIVISIE,2025-26,LEAGUE,,Twente,Heerenveen,5,0,H,Netherlands,Eredivisie,football-data.co.uk
league_551d1dbee973cb69,2026-02-07,EREDIVISIE,2025-26,LEAGUE,,Zwolle,Volendam,1,2,A,Netherlands,Eredivisie,football-data.co.uk
league_790c11a337e088c3,2026-02-08,EREDIVISIE,2025-26,LEAGUE,,AZ Alkmaar,Ajax,1,1,D,Netherlands,Eredivisie,football-data.co.uk
league_be13a79316b2c5b6,2026-02-08,EREDIVISIE,2025-26,LEAGUE,,Go Ahead Eagles,Telstar,1,1,D,Netherlands,Eredivisie,football-data.co.uk
league_d4da790ea5061758,2026-02-08,EREDIVISIE,2025-26,LEAGUE,,Groningen,PSV Eindhoven,1,2,A,Netherlands,Eredivisie,football-data.co.uk
league_6fc3086cb1bbd21e,2026-02-08,EREDIVISIE,2025-26,LEAGUE,,Utrecht,Feyenoord Rotterdam,0,1,A,Netherlands,Eredivisie,football-data.co.uk
league_6d71ececc104dbbe,2026-02-11,EREDIVISIE,2025-26,LEAGUE,,Go Ahead Eagles,Heerenveen,1,3,A,Netherlands,Eredivisie,football-data.co.uk
league_a3c8e6bdff1a07ed,2026-02-11,EREDIVISIE,2025-26,LEAGUE,,Nijmegen,Utrecht,1,3,A,Netherlands,Eredivisie,football-data.co.uk
league_8131f28d13454884,2026-02-13,EREDIVISIE,2025-26,LEAGUE,,Volendam,PSV Eindhoven,2,1,H,Netherlands,Eredivisie,football-data.co.uk
league_fd93414be703a396,2026-02-14,EREDIVISIE,2025-26,LEAGUE,,Ajax,For Sittard,4,1,H,Netherlands,Eredivisie,football-data.co.uk
league_f9c2d9a127da7d9f,2026-02-14,EREDIVISIE,2025-26,LEAGUE,,Excelsior,AZ Alkmaar,1,2,A,Netherlands,Eredivisie,football-data.co.uk
league_fe84e6b85e0cb844,2026-02-14,EREDIVISIE,2025-26,LEAGUE,,Groningen,Utrecht,1,2,A,Netherlands,Eredivisie,football-data.co.uk
league_9b7b7ddce3d6e400,2026-02-14,EREDIVISIE,2025-26,LEAGUE,,Heracles,NAC Breda,0,1,A,Netherlands,Eredivisie,football-data.co.uk
league_c7a8feee1f732484,2026-02-15,EREDIVISIE,2025-26,LEAGUE,,Feyenoord Rotterdam,Go Ahead Eagles,1,0,H,Netherlands,Eredivisie,football-data.co.uk
league_c04a500d21132d3c,2026-02-15,EREDIVISIE,2025-26,LEAGUE,,Heerenveen,Zwolle,4,2,H,Netherlands,Eredivisie,football-data.co.uk
league_3eb7a8c1336373c0,2026-02-15,EREDIVISIE,2025-26,LEAGUE,,Telstar,Twente,1,1,D,Netherlands,Eredivisie,football-data.co.uk
league_1bea194435ace712,2026-02-17,EREDIVISIE,2025-26,LEAGUE,,Sparta Rotterdam,Nijmegen,1,1,D,Netherlands,Eredivisie,football-data.co.uk
league_9d9a0eded611740b,2026-02-20,EREDIVISIE,2025-26,LEAGUE,,For Sittard,Excelsior,2,1,H,Netherlands,Eredivisie,football-data.co.uk
league_81ef7750414d29d1,2026-02-21,EREDIVISIE,2025-26,LEAGUE,,Ajax,Nijmegen,1,1,D,Netherlands,Eredivisie,football-data.co.uk
league_92c136f128ef5659,2026-02-21,EREDIVISIE,2025-26,LEAGUE,,NAC Breda,Volendam,1,0,H,Netherlands,Eredivisie,football-data.co.uk
league_a91154eac134a416,2026-02-21,EREDIVISIE,2025-26,LEAGUE,,PSV Eindhoven,Heerenveen,3,1,H,Netherlands,Eredivisie,football-data.co.uk
league_ce2fa65cfa8bef91,2026-02-22,EREDIVISIE,2025-26,LEAGUE,,AZ Alkmaar,Sparta Rotterdam,3,1,H,Netherlands,Eredivisie,football-data.co.uk
league_233e0dcf75130040,2026-02-22,EREDIVISIE,2025-26,LEAGUE,,Feyenoord Rotterdam,Telstar,2,1,H,Netherlands,Eredivisie,football-data.co.uk
league_1128ac4bdaeae388,2026-02-22,EREDIVISIE,2025-26,LEAGUE,,Go Ahead Eagles,Heracles,4,0,H,Netherlands,Eredivisie,football-data.co.uk
league_e7c9f43d600be825,2026-02-22,EREDIVISIE,2025-26,LEAGUE,,Twente,Groningen,2,1,H,Netherlands,Eredivisie,football-data.co.uk
league_6d5b280683ebc443,2026-02-22,EREDIVISIE,2025-26,LEAGUE,,Utrecht,Zwolle,1,1,D,Netherlands,Eredivisie,football-data.co.uk
league_ec656dd1413e7e03,2026-02-27,EREDIVISIE,2025-26,LEAGUE,,Telstar,NAC Breda,3,0,H,Netherlands,Eredivisie,football-data.co.uk
league_6bc76ddb070f1c99,2026-02-28,EREDIVISIE,2025-26,LEAGUE,,Heerenveen,Sparta Rotterdam,2,1,H,Netherlands,Eredivisie,football-data.co.uk
league_084db1d87efa9e56,2026-02-28,EREDIVISIE,2025-26,LEAGUE,,Heracles,PSV Eindhoven,1,3,A,Netherlands,Eredivisie,football-data.co.uk
league_c5510704042121dc,2026-02-28,EREDIVISIE,2025-26,LEAGUE,,Nijmegen,For Sittard,2,3,A,Netherlands,Eredivisie,football-data.co.uk
league_e1e364b542d4e735,2026-03-01,EREDIVISIE,2025-26,LEAGUE,,Excelsior,Go Ahead Eagles,0,1,A,Netherlands,Eredivisie,football-data.co.uk
league_743618089c5cf2e4,2026-03-01,EREDIVISIE,2025-26,LEAGUE,,Twente,Feyenoord Rotterdam,2,0,H,Netherlands,Eredivisie,football-data.co.uk
league_375fa4d2e56576d0,2026-03-01,EREDIVISIE,2025-26,LEAGUE,,Utrecht,AZ Alkmaar,2,0,H,Netherlands,Eredivisie,football-data.co.uk
league_6a278ef87019e4e4,2026-03-01,EREDIVISIE,2025-26,LEAGUE,,Volendam,Groningen,3,2,H,Netherlands,Eredivisie,football-data.co.uk
league_b4038719b5a4472c,2026-03-01,EREDIVISIE,2025-26,LEAGUE,,Zwolle,Ajax,0,0,D,Netherlands,Eredivisie,football-data.co.uk
league_9d7f6a50871a1deb,2026-03-06,EREDIVISIE,2025-26,LEAGUE,,Heracles,Utrecht,0,0,D,Netherlands,Eredivisie,football-data.co.uk
league_dc31e8dba44ed124,2026-03-07,EREDIVISIE,2025-26,LEAGUE,,Excelsior,Heerenveen,1,2,A,Netherlands,Eredivisie,football-data.co.uk
league_f54407b7bfb334b4,2026-03-07,EREDIVISIE,2025-26,LEAGUE,,Groningen,Ajax,3,1,H,Netherlands,Eredivisie,football-data.co.uk
league_ee9c2c1b5e7026a7,2026-03-07,EREDIVISIE,2025-26,LEAGUE,,PSV Eindhoven,AZ Alkmaar,2,1,H,Netherlands,Eredivisie,football-data.co.uk
league_c7772faa9cf72036,2026-03-08,EREDIVISIE,2025-26,LEAGUE,,For Sittard,Telstar,1,4,A,Netherlands,Eredivisie,football-data.co.uk
league_c624cc800053c834,2026-03-08,EREDIVISIE,2025-26,LEAGUE,,Go Ahead Eagles,Twente,1,4,A,Netherlands,Eredivisie,football-data.co.uk
league_ecc8ecafd3019afb,2026-03-08,EREDIVISIE,2025-26,LEAGUE,,NAC Breda,Feyenoord Rotterdam,3,3,D,Netherlands,Eredivisie,football-data.co.uk
league_9624979dcb1dceed,2026-03-08,EREDIVISIE,2025-26,LEAGUE,,Nijmegen,Volendam,3,0,H,Netherlands,Eredivisie,football-data.co.uk
league_c471a1e20ea7432c,2026-03-08,EREDIVISIE,2025-26,LEAGUE,,Sparta Rotterdam,Zwolle,1,1,D,Netherlands,Eredivisie,football-data.co.uk
league_5af7f2032131b4d9,2026-03-13,EREDIVISIE,2025-26,LEAGUE,,Zwolle,Groningen,1,1,D,Netherlands,Eredivisie,football-data.co.uk
league_2f9d63ff446778f6,2026-03-14,EREDIVISIE,2025-26,LEAGUE,,Ajax,Sparta Rotterdam,4,0,H,Netherlands,Eredivisie,football-data.co.uk
league_df1fb49d28de2030,2026-03-14,EREDIVISIE,2025-26,LEAGUE,,Heerenveen,Telstar,3,0,H,Netherlands,Eredivisie,football-data.co.uk
league_c989cf935db577e9,2026-03-14,EREDIVISIE,2025-26,LEAGUE,,PSV Eindhoven,Nijmegen,2,3,A,Netherlands,Eredivisie,football-data.co.uk
league_109febde19d63ace,2026-03-14,EREDIVISIE,2025-26,LEAGUE,,Volendam,For Sittard,1,2,A,Netherlands,Eredivisie,football-data.co.uk
league_bb7dc19c23791e20,2026-03-15,EREDIVISIE,2025-26,LEAGUE,,AZ Alkmaar,Heracles,4,0,H,Netherlands,Eredivisie,football-data.co.uk
league_690b1c3a95db78ff,2026-03-15,EREDIVISIE,2025-26,LEAGUE,,Feyenoord Rotterdam,Excelsior,2,1,H,Netherlands,Eredivisie,football-data.co.uk
league_0b459792b4fad737,2026-03-15,EREDIVISIE,2025-26,LEAGUE,,Go Ahead Eagles,NAC Breda,6,0,H,Netherlands,Eredivisie,football-data.co.uk
league_76f56a524228d498,2026-03-15,EREDIVISIE,2025-26,LEAGUE,,Twente,Utrecht,0,2,A,Netherlands,Eredivisie,football-data.co.uk
league_65c1627a788f29a0,2026-03-20,EREDIVISIE,2025-26,LEAGUE,,Heracles,Excelsior,1,1,D,Netherlands,Eredivisie,football-data.co.uk
league_92ebedfaedb4cf6c,2026-03-21,EREDIVISIE,2025-26,LEAGUE,,For Sittard,Twente,1,2,A,Netherlands,Eredivisie,football-data.co.uk
league_2398f067c9f0610e,2026-03-21,EREDIVISIE,2025-26,LEAGUE,,Sparta Rotterdam,Volendam,2,0,H,Netherlands,Eredivisie,football-data.co.uk
league_3c2edde4d8017f4d,2026-03-21,EREDIVISIE,2025-26,LEAGUE,,Zwolle,NAC Breda,2,1,H,Netherlands,Eredivisie,football-data.co.uk
league_d0f6b6db087ea0ff,2026-03-22,EREDIVISIE,2025-26,LEAGUE,,Feyenoord Rotterdam,Ajax,1,1,D,Netherlands,Eredivisie,football-data.co.uk
league_622a1d90a3046a6e,2026-03-22,EREDIVISIE,2025-26,LEAGUE,,Groningen,AZ Alkmaar,3,0,H,Netherlands,Eredivisie,football-data.co.uk
league_3083938c60c8a85e,2026-03-22,EREDIVISIE,2025-26,LEAGUE,,Nijmegen,Heerenveen,2,2,D,Netherlands,Eredivisie,football-data.co.uk
league_2005de1f20ef47c1,2026-03-22,EREDIVISIE,2025-26,LEAGUE,,Telstar,PSV Eindhoven,3,1,H,Netherlands,Eredivisie,football-data.co.uk
league_30ff0559daf16bee,2026-03-22,EREDIVISIE,2025-26,LEAGUE,,Utrecht,Go Ahead Eagles,2,0,H,Netherlands,Eredivisie,football-data.co.uk
league_d78707bc4a48b59a,2026-04-04,EREDIVISIE,2025-26,LEAGUE,,AZ Alkmaar,For Sittard,2,0,H,Netherlands,Eredivisie,football-data.co.uk
league_057afbb857b625e1,2026-04-04,EREDIVISIE,2025-26,LEAGUE,,Ajax,Twente,1,2,A,Netherlands,Eredivisie,football-data.co.uk
league_b64edb11901ff3ae,2026-04-04,EREDIVISIE,2025-26,LEAGUE,,Excelsior,Nijmegen,0,2,A,Netherlands,Eredivisie,football-data.co.uk
league_592f85ca24fd6dfb,2026-04-04,EREDIVISIE,2025-26,LEAGUE,,PSV Eindhoven,Utrecht,4,3,H,Netherlands,Eredivisie,football-data.co.uk
league_b3ab72e08ee56d55,2026-04-04,EREDIVISIE,2025-26,LEAGUE,,Telstar,Groningen,0,2,A,Netherlands,Eredivisie,football-data.co.uk
league_b9cb805977932d86,2026-04-05,EREDIVISIE,2025-26,LEAGUE,,Go Ahead Eagles,Zwolle,5,0,H,Netherlands,Eredivisie,football-data.co.uk
league_d86d24f7d45ad49b,2026-04-05,EREDIVISIE,2025-26,LEAGUE,,Heerenveen,Heracles,4,1,H,Netherlands,Eredivisie,football-data.co.uk
league_0f9028a377decb68,2026-04-05,EREDIVISIE,2025-26,LEAGUE,,NAC Breda,Sparta Rotterdam,0,0,D,Netherlands,Eredivisie,football-data.co.uk
league_d844ee92254daf50,2026-04-05,EREDIVISIE,2025-26,LEAGUE,,Volendam,Feyenoord Rotterdam,0,0,D,Netherlands,Eredivisie,football-data.co.uk
league_afa14160d749ca45,2026-04-10,EREDIVISIE,2025-26,LEAGUE,,Twente,Volendam,2,1,H,Netherlands,Eredivisie,football-data.co.uk
league_94634c450ba23704,2026-04-11,EREDIVISIE,2025-26,LEAGUE,,Groningen,Go Ahead Eagles,0,0,D,Netherlands,Eredivisie,football-data.co.uk
league_419ffbe58f03a156,2026-04-11,EREDIVISIE,2025-26,LEAGUE,,Heracles,Ajax,0,3,A,Netherlands,Eredivisie,football-data.co.uk
league_c4e6b9926f88ff29,2026-04-11,EREDIVISIE,2025-26,LEAGUE,,Sparta Rotterdam,PSV Eindhoven,0,2,A,Netherlands,Eredivisie,football-data.co.uk
league_37d7da7fd6a240e6,2026-04-11,EREDIVISIE,2025-26,LEAGUE,,Utrecht,Telstar,4,1,H,Netherlands,Eredivisie,football-data.co.uk
league_ed7c63f532591acc,2026-04-12,EREDIVISIE,2025-26,LEAGUE,,AZ Alkmaar,Heerenveen,3,0,H,Netherlands,Eredivisie,football-data.co.uk
league_9b0429fce9f5f161,2026-04-12,EREDIVISIE,2025-26,LEAGUE,,For Sittard,NAC Breda,1,1,D,Netherlands,Eredivisie,football-data.co.uk
league_66d17c29d8e749ad,2026-04-12,EREDIVISIE,2025-26,LEAGUE,,Nijmegen,Feyenoord Rotterdam,1,1,D,Netherlands,Eredivisie,football-data.co.uk
league_fe12c56a016b2b3f,2026-04-12,EREDIVISIE,2025-26,LEAGUE,,Zwolle,Excelsior,2,2,D,Netherlands,Eredivisie,football-data.co.uk
league_8b1242043a7e64dd,2026-04-22,EREDIVISIE,2025-26,LEAGUE,,Telstar,Sparta Rotterdam,4,1,H,Netherlands,Eredivisie,football-data.co.uk
league_2fa36fd1fe2d6360,2026-04-23,EREDIVISIE,2025-26,LEAGUE,,Go Ahead Eagles,AZ Alkmaar,0,0,D,Netherlands,Eredivisie,football-data.co.uk
league_246366b26741fd90,2026-04-23,EREDIVISIE,2025-26,LEAGUE,,PSV Eindhoven,Zwolle,6,1,H,Netherlands,Eredivisie,football-data.co.uk
league_47929687612a9b21,2026-04-25,EREDIVISIE,2025-26,LEAGUE,,Feyenoord Rotterdam,Groningen,3,1,H,Netherlands,Eredivisie,football-data.co.uk
league_5748cf2bcdc6068e,2026-04-25,EREDIVISIE,2025-26,LEAGUE,,Heerenveen,For Sittard,2,1,H,Netherlands,Eredivisie,football-data.co.uk
league_3c7bd4c6a6c3c6c3,2026-04-25,EREDIVISIE,2025-26,LEAGUE,,NAC Breda,Ajax,0,2,A,Netherlands,Eredivisie,football-data.co.uk
league_6e9f9d171a802ae5,2026-04-25,EREDIVISIE,2025-26,LEAGUE,,Twente,Nijmegen,1,1,D,Netherlands,Eredivisie,football-data.co.uk
league_53ed09ab36952e11,2026-04-26,EREDIVISIE,2025-26,LEAGUE,,Excelsior,Utrecht,5,0,H,Netherlands,Eredivisie,football-data.co.uk
league_e71fc7b8bcaaf7e5,2026-04-26,EREDIVISIE,2025-26,LEAGUE,,Heracles,Volendam,0,2,A,Netherlands,Eredivisie,football-data.co.uk
league_1beb9df73de1e29b,2026-05-02,EREDIVISIE,2025-26,LEAGUE,,Ajax,PSV Eindhoven,2,2,D,Netherlands,Eredivisie,football-data.co.uk
league_786040398e1458cf,2026-05-02,EREDIVISIE,2025-26,LEAGUE,,Groningen,Excelsior,2,3,A,Netherlands,Eredivisie,football-data.co.uk
league_9d3888e5bf99f77a,2026-05-02,EREDIVISIE,2025-26,LEAGUE,,Nijmegen,Telstar,1,1,D,Netherlands,Eredivisie,football-data.co.uk
league_88e8ab454d1992dc,2026-05-02,EREDIVISIE,2025-26,LEAGUE,,Utrecht,NAC Breda,2,0,H,Netherlands,Eredivisie,football-data.co.uk
league_2f480f9bd62128a6,2026-05-03,EREDIVISIE,2025-26,LEAGUE,,AZ Alkmaar,Twente,2,2,D,Netherlands,Eredivisie,football-data.co.uk
league_70fe33d4e9a7b659,2026-05-03,EREDIVISIE,2025-26,LEAGUE,,For Sittard,Feyenoord Rotterdam,1,2,A,Netherlands,Eredivisie,football-data.co.uk
league_f8dab7136af5a32e,2026-05-03,EREDIVISIE,2025-26,LEAGUE,,Sparta Rotterdam,Go Ahead Eagles,2,2,D,Netherlands,Eredivisie,football-data.co.uk
league_3dd7cbaf03df5626,2026-05-03,EREDIVISIE,2025-26,LEAGUE,,Volendam,Heerenveen,0,2,A,Netherlands,Eredivisie,football-data.co.uk
league_b79b3c6111ea9f51,2026-05-03,EREDIVISIE,2025-26,LEAGUE,,Zwolle,Heracles,1,0,H,Netherlands,Eredivisie,football-data.co.uk
league_5d1dd3a07ec8fd00,2026-05-10,EREDIVISIE,2025-26,LEAGUE,,Ajax,Utrecht,1,2,A,Netherlands,Eredivisie,football-data.co.uk
league_5330288c60b78d07,2026-05-10,EREDIVISIE,2025-26,LEAGUE,,Excelsior,Volendam,1,1,D,Netherlands,Eredivisie,football-data.co.uk
league_df4127b8e224c23e,2026-05-10,EREDIVISIE,2025-26,LEAGUE,,Feyenoord Rotterdam,AZ Alkmaar,1,1,D,Netherlands,Eredivisie,football-data.co.uk
league_e02d9ee4767779e7,2026-05-10,EREDIVISIE,2025-26,LEAGUE,,For Sittard,Zwolle,3,2,H,Netherlands,Eredivisie,football-data.co.uk
league_9fb5103b2a5ccbce,2026-05-10,EREDIVISIE,2025-26,LEAGUE,,Go Ahead Eagles,PSV Eindhoven,1,4,A,Netherlands,Eredivisie,football-data.co.uk
league_619edf96255a22d3,2026-05-10,EREDIVISIE,2025-26,LEAGUE,,Groningen,Nijmegen,2,1,H,Netherlands,Eredivisie,football-data.co.uk
league_161b0e3462d165f4,2026-05-10,EREDIVISIE,2025-26,LEAGUE,,NAC Breda,Heerenveen,2,0,H,Netherlands,Eredivisie,football-data.co.uk
league_e0f699c1ef072dea,2026-05-10,EREDIVISIE,2025-26,LEAGUE,,Telstar,Heracles,3,0,H,Netherlands,Eredivisie,football-data.co.uk
league_d4a95fb4bd6c9408,2026-05-10,EREDIVISIE,2025-26,LEAGUE,,Twente,Sparta Rotterdam,4,0,H,Netherlands,Eredivisie,football-data.co.uk
league_8a953eb08ca184df,2026-05-17,EREDIVISIE,2025-26,LEAGUE,,AZ Alkmaar,NAC Breda,3,3,D,Netherlands,Eredivisie,football-data.co.uk
league_d38724644b8cb4e7,2026-05-17,EREDIVISIE,2025-26,LEAGUE,,Heerenveen,Ajax,0,0,D,Netherlands,Eredivisie,football-data.co.uk
league_98b96521d9205e92,2026-05-17,EREDIVISIE,2025-26,LEAGUE,,Heracles,Groningen,1,2,A,Netherlands,Eredivisie,football-data.co.uk
league_b0139101c5449248,2026-05-17,EREDIVISIE,2025-26,LEAGUE,,Nijmegen,Go Ahead Eagles,2,1,H,Netherlands,Eredivisie,football-data.co.uk
league_5d0179c82613b2c8,2026-05-17,EREDIVISIE,2025-26,LEAGUE,,PSV Eindhoven,Twente,5,1,H,Netherlands,Eredivisie,football-data.co.uk
league_28d8daf3e7f21308,2026-05-17,EREDIVISIE,2025-26,LEAGUE,,Sparta Rotterdam,Excelsior,2,3,A,Netherlands,Eredivisie,football-data.co.uk
league_62e7c0abd26971b5,2026-05-17,EREDIVISIE,2025-26,LEAGUE,,Utrecht,For Sittard,2,0,H,Netherlands,Eredivisie,football-data.co.uk
league_57378a3a8a8c36bf,2026-05-17,EREDIVISIE,2025-26,LEAGUE,,Volendam,Telstar,1,2,A,Netherlands,Eredivisie,football-data.co.uk
league_a5e186d24e2db94b,2026-05-17,EREDIVISIE,2025-26,LEAGUE,,Zwolle,Feyenoord Rotterdam,0,2,A,Netherlands,Eredivisie,football-data.co.uk
