match_id,date,competition,season,stage,matchday,home_team,away_team,home_goals,away_goals,winner,country,league_name,data_source
league_28c66c2e1256188a,2016-08-12,LIGUE_1,2016-17,LEAGUE,,AS Monaco,Guingamp,2,2,D,France,Ligue 1,football-data.co.uk
league_167cea18cf5f221a,2016-08-12,LIGUE_1,2016-17,LEAGUE,,Bastia,Paris Saint-Germain FC,0,1,A,France,Ligue 1,football-data.co.uk
league_ad4c2c5a2e0d2f03,2016-08-13,LIGUE_1,2016-17,LEAGUE,,Bordeaux,AS Saint-Étienne,3,2,H,France,Ligue 1,football-data.co.uk
league_60dac6e043a9574c,2016-08-13,LIGUE_1,2016-17,LEAGUE,,Caen,Lorient,3,2,H,France,Ligue 1,football-data.co.uk
league_e374d06944a8081c,2016-08-13,LIGUE_1,2016-17,LEAGUE,,Dijon,Nantes,0,1,A,France,Ligue 1,football-data.co.uk
league_cc899e8ef91ee836,2016-08-13,LIGUE_1,2016-17,LEAGUE,,Metz,Lille,3,2,H,France,Ligue 1,football-data.co.uk
league_04fda7e1598a9924,2016-08-13,LIGUE_1,2016-17,LEAGUE,,Montpellier,Angers,1,0,H,France,Ligue 1,football-data.co.uk
league_ea56e785ada18bca,2016-08-14,LIGUE_1,2016-17,LEAGUE,,Nancy,Olympique Lyonnais,0,3,A,France,Ligue 1,football-data.co.uk
league_24eb198f90dd1d6f,2016-08-14,LIGUE_1,2016-17,LEAGUE,,Nice,Rennes,1,0,H,France,Ligue 1,football-data.co.uk
league_b8db2639881f8954,2016-08-14,LIGUE_1,2016-17,LEAGUE,,Olympique Marseille,Toulouse,0,0,D,France,Ligue 1,football-data.co.uk
league_6f2a072ca80e425a,2016-08-19,LIGUE_1,2016-17,LEAGUE,,Olympique Lyonnais,Caen,2,0,H,France,Ligue 1,football-data.co.uk
league_cb897c4e1cae8097,2016-08-20,LIGUE_1,2016-17,LEAGUE,,Angers,Nice,0,1,A,France,Ligue 1,football-data.co.uk
league_ccce4bf5d40e530c,2016-08-20,LIGUE_1,2016-17,LEAGUE,,Lille,Dijon,1,0,H,France,Ligue 1,football-data.co.uk
league_fd470c2babb9b17d,2016-08-20,LIGUE_1,2016-17,LEAGUE,,Lorient,Bastia,0,3,A,France,Ligue 1,football-data.co.uk
league_3d7b71267a90d271,2016-08-20,LIGUE_1,2016-17,LEAGUE,,Nantes,AS Monaco,0,1,A,France,Ligue 1,football-data.co.uk
league_a9197748d49ccc97,2016-08-20,LIGUE_1,2016-17,LEAGUE,,Rennes,Nancy,2,0,H,France,Ligue 1,football-data.co.uk
league_d89a29eecc22b8e1,2016-08-20,LIGUE_1,2016-17,LEAGUE,,Toulouse,Bordeaux,4,1,H,France,Ligue 1,football-data.co.uk
league_cf6bcb66f16d33a3,2016-08-21,LIGUE_1,2016-17,LEAGUE,,AS Saint-Étienne,Montpellier,3,1,H,France,Ligue 1,football-data.co.uk
league_1ca4309126b49e1b,2016-08-21,LIGUE_1,2016-17,LEAGUE,,Guingamp,Olympique Marseille,2,1,H,France,Ligue 1,football-data.co.uk
league_ece32bfbe95b6fa4,2016-08-21,LIGUE_1,2016-17,LEAGUE,,Paris Saint-Germain FC,Metz,3,0,H,France,Ligue 1,football-data.co.uk
league_554d978cc932eef6,2016-08-26,LIGUE_1,2016-17,LEAGUE,,Olympique Marseille,Lorient,2,0,H,France,Ligue 1,football-data.co.uk
league_0b45f2674bb3349d,2016-08-27,LIGUE_1,2016-17,LEAGUE,,Caen,Bastia,2,0,H,France,Ligue 1,football-data.co.uk
league_e17fb0646f302e03,2016-08-27,LIGUE_1,2016-17,LEAGUE,,Dijon,Olympique Lyonnais,4,2,H,France,Ligue 1,football-data.co.uk
league_7f629009e29aa11d,2016-08-27,LIGUE_1,2016-17,LEAGUE,,Metz,Angers,2,0,H,France,Ligue 1,football-data.co.uk
league_219aaada854bbd87,2016-08-27,LIGUE_1,2016-17,LEAGUE,,Montpellier,Rennes,1,1,D,France,Ligue 1,football-data.co.uk
league_49534d92d8b6d3e4,2016-08-27,LIGUE_1,2016-17,LEAGUE,,Nancy,Guingamp,0,2,A,France,Ligue 1,football-data.co.uk
league_0df2e83ea7343fa7,2016-08-27,LIGUE_1,2016-17,LEAGUE,,Nice,Lille,1,1,D,France,Ligue 1,football-data.co.uk
league_3cd55278805f0719,2016-08-28,LIGUE_1,2016-17,LEAGUE,,AS Monaco,Paris Saint-Germain FC,3,1,H,France,Ligue 1,football-data.co.uk
league_774431d814fe831c,2016-08-28,LIGUE_1,2016-17,LEAGUE,,AS Saint-Étienne,Toulouse,0,0,D,France,Ligue 1,football-data.co.uk
league_3b7851c291b9f737,2016-08-28,LIGUE_1,2016-17,LEAGUE,,Bordeaux,Nantes,1,0,H,France,Ligue 1,football-data.co.uk
league_18edcebaadff2e97,2016-09-09,LIGUE_1,2016-17,LEAGUE,,Paris Saint-Germain FC,AS Saint-Étienne,1,1,D,France,Ligue 1,football-data.co.uk
league_7b0ab8b451a02065,2016-09-10,LIGUE_1,2016-17,LEAGUE,,Angers,Dijon,3,1,H,France,Ligue 1,football-data.co.uk
league_00531b54365d0202,2016-09-10,LIGUE_1,2016-17,LEAGUE,,Bastia,Toulouse,2,1,H,France,Ligue 1,football-data.co.uk
league_467c0e03fa802189,2016-09-10,LIGUE_1,2016-17,LEAGUE,,Guingamp,Montpellier,1,1,D,France,Ligue 1,football-data.co.uk
league_8383673981ef6f5c,2016-09-10,LIGUE_1,2016-17,LEAGUE,,Lille,AS Monaco,1,4,A,France,Ligue 1,football-data.co.uk
league_de20af39f5722a5f,2016-09-10,LIGUE_1,2016-17,LEAGUE,,Lorient,Nancy,0,2,A,France,Ligue 1,football-data.co.uk
league_d4b721496880d5e4,2016-09-10,LIGUE_1,2016-17,LEAGUE,,Olympique Lyonnais,Bordeaux,1,3,A,France,Ligue 1,football-data.co.uk
league_e6588d4c300dac29,2016-09-11,LIGUE_1,2016-17,LEAGUE,,Nantes,Metz,0,3,A,France,Ligue 1,football-data.co.uk
league_276102ff6e18eef3,2016-09-11,LIGUE_1,2016-17,LEAGUE,,Nice,Olympique Marseille,3,2,H,France,Ligue 1,football-data.co.uk
league_973c15892d903aa8,2016-09-11,LIGUE_1,2016-17,LEAGUE,,Rennes,Caen,2,0,H,France,Ligue 1,football-data.co.uk
league_5c9018fe3baccc88,2016-09-16,LIGUE_1,2016-17,LEAGUE,,Caen,Paris Saint-Germain FC,0,6,A,France,Ligue 1,football-data.co.uk
league_97c6892457474159,2016-09-17,LIGUE_1,2016-17,LEAGUE,,AS Monaco,Rennes,3,0,H,France,Ligue 1,football-data.co.uk
league_a6c5562bf28d4940,2016-09-17,LIGUE_1,2016-17,LEAGUE,,Bordeaux,Angers,0,1,A,France,Ligue 1,football-data.co.uk
league_108d0d8aec6b0a4a,2016-09-17,LIGUE_1,2016-17,LEAGUE,,Dijon,Metz,0,0,D,France,Ligue 1,football-data.co.uk
league_8c35263841cf49ce,2016-09-17,LIGUE_1,2016-17,LEAGUE,,Lorient,Lille,1,0,H,France,Ligue 1,football-data.co.uk
league_532d50a464cf9d5a,2016-09-17,LIGUE_1,2016-17,LEAGUE,,Nancy,Nantes,1,1,D,France,Ligue 1,football-data.co.uk
league_9fc2f6550a721628,2016-09-17,LIGUE_1,2016-17,LEAGUE,,Toulouse,Guingamp,2,1,H,France,Ligue 1,football-data.co.uk
league_8caae30064fe3354,2016-09-18,LIGUE_1,2016-17,LEAGUE,,AS Saint-Étienne,Bastia,1,0,H,France,Ligue 1,football-data.co.uk
league_f88893066bf303cd,2016-09-18,LIGUE_1,2016-17,LEAGUE,,Montpellier,Nice,1,1,D,France,Ligue 1,football-data.co.uk
league_62d8c1d93e1b8929,2016-09-18,LIGUE_1,2016-17,LEAGUE,,Olympique Marseille,Olympique Lyonnais,0,0,D,France,Ligue 1,football-data.co.uk
league_c16290a09b4d04e2,2016-09-20,LIGUE_1,2016-17,LEAGUE,,Lille,Toulouse,1,2,A,France,Ligue 1,football-data.co.uk
league_f8f2139e04f4883f,2016-09-20,LIGUE_1,2016-17,LEAGUE,,Paris Saint-Germain FC,Dijon,3,0,H,France,Ligue 1,football-data.co.uk
league_0dc933165c17ee53,2016-09-21,LIGUE_1,2016-17,LEAGUE,,Angers,Caen,2,1,H,France,Ligue 1,football-data.co.uk
league_fd6a38b22ccc9e5b,2016-09-21,LIGUE_1,2016-17,LEAGUE,,Bastia,Nancy,0,0,D,France,Ligue 1,football-data.co.uk
league_96cd8b29b2fd109b,2016-09-21,LIGUE_1,2016-17,LEAGUE,,Guingamp,Lorient,1,0,H,France,Ligue 1,football-data.co.uk
league_abd4500be527ddea,2016-09-21,LIGUE_1,2016-17,LEAGUE,,Metz,Bordeaux,0,3,A,France,Ligue 1,football-data.co.uk
league_3e41580b59d40f2a,2016-09-21,LIGUE_1,2016-17,LEAGUE,,Nantes,AS Saint-Étienne,0,0,D,France,Ligue 1,football-data.co.uk
league_63551a580e95dae1,2016-09-21,LIGUE_1,2016-17,LEAGUE,,Nice,AS Monaco,4,0,H,France,Ligue 1,football-data.co.uk
league_5fda3be5e5fba267,2016-09-21,LIGUE_1,2016-17,LEAGUE,,Olympique Lyonnais,Montpellier,5,1,H,France,Ligue 1,football-data.co.uk
league_6f9635270caa5c34,2016-09-21,LIGUE_1,2016-17,LEAGUE,,Rennes,Olympique Marseille,3,2,H,France,Ligue 1,football-data.co.uk
league_2821f6e9db157087,2016-09-23,LIGUE_1,2016-17,LEAGUE,,Toulouse,Paris Saint-Germain FC,2,0,H,France,Ligue 1,football-data.co.uk
league_45aabd1ab0cdfa3f,2016-09-24,LIGUE_1,2016-17,LEAGUE,,AS Monaco,Angers,2,1,H,France,Ligue 1,football-data.co.uk
league_6844c6f08acb023d,2016-09-24,LIGUE_1,2016-17,LEAGUE,,Bastia,Guingamp,1,0,H,France,Ligue 1,football-data.co.uk
league_47230c2e72bf3dbd,2016-09-24,LIGUE_1,2016-17,LEAGUE,,Bordeaux,Caen,0,0,D,France,Ligue 1,football-data.co.uk
league_42e52d85ab2b9210,2016-09-24,LIGUE_1,2016-17,LEAGUE,,Dijon,Rennes,3,0,H,France,Ligue 1,football-data.co.uk
league_b028947b0d260496,2016-09-24,LIGUE_1,2016-17,LEAGUE,,Lorient,Olympique Lyonnais,1,0,H,France,Ligue 1,football-data.co.uk
league_523fffee27a934f2,2016-09-24,LIGUE_1,2016-17,LEAGUE,,Montpellier,Metz,0,1,A,France,Ligue 1,football-data.co.uk
league_da714adf2fc21b45,2016-09-25,LIGUE_1,2016-17,LEAGUE,,AS Saint-Étienne,Lille,3,1,H,France,Ligue 1,football-data.co.uk
league_267ff85c397a660a,2016-09-25,LIGUE_1,2016-17,LEAGUE,,Nancy,Nice,0,1,A,France,Ligue 1,football-data.co.uk
league_e697103a554a970a,2016-09-25,LIGUE_1,2016-17,LEAGUE,,Olympique Marseille,Nantes,2,1,H,France,Ligue 1,football-data.co.uk
league_64fd30eb5fd101a7,2016-09-30,LIGUE_1,2016-17,LEAGUE,,Rennes,Guingamp,1,0,H,France,Ligue 1,football-data.co.uk
league_29af976d483c0b45,2016-10-01,LIGUE_1,2016-17,LEAGUE,,Caen,Toulouse,1,0,H,France,Ligue 1,football-data.co.uk
league_13bc0cd1167c47d5,2016-10-01,LIGUE_1,2016-17,LEAGUE,,Dijon,Montpellier,3,3,D,France,Ligue 1,football-data.co.uk
league_0e81e71706f2e50c,2016-10-01,LIGUE_1,2016-17,LEAGUE,,Lille,Nancy,1,0,H,France,Ligue 1,football-data.co.uk
league_a9c0979951e5c496,2016-10-01,LIGUE_1,2016-17,LEAGUE,,Metz,AS Monaco,0,7,A,France,Ligue 1,football-data.co.uk
league_5ae65a38c4d35a9e,2016-10-01,LIGUE_1,2016-17,LEAGUE,,Nantes,Bastia,1,0,H,France,Ligue 1,football-data.co.uk
league_e527544671cb7a7f,2016-10-01,LIGUE_1,2016-17,LEAGUE,,Paris Saint-Germain FC,Bordeaux,2,0,H,France,Ligue 1,football-data.co.uk
league_befbf222eadbaa28,2016-10-02,LIGUE_1,2016-17,LEAGUE,,Angers,Olympique Marseille,1,1,D,France,Ligue 1,football-data.co.uk
league_6bfc6a59ca594aef,2016-10-02,LIGUE_1,2016-17,LEAGUE,,Nice,Lorient,2,1,H,France,Ligue 1,football-data.co.uk
league_e88b6247371e5de2,2016-10-02,LIGUE_1,2016-17,LEAGUE,,Olympique Lyonnais,AS Saint-Étienne,2,0,H,France,Ligue 1,football-data.co.uk
league_ad1848dfe169cba3,2016-10-14,LIGUE_1,2016-17,LEAGUE,,Nice,Olympique Lyonnais,2,0,H,France,Ligue 1,football-data.co.uk
league_b7d1e5a2deefe786,2016-10-14,LIGUE_1,2016-17,LEAGUE,,Toulouse,AS Monaco,3,1,H,France,Ligue 1,football-data.co.uk
league_41a33046e5a3901b,2016-10-15,LIGUE_1,2016-17,LEAGUE,,Bastia,Angers,1,2,A,France,Ligue 1,football-data.co.uk
league_a8d19faf46212c46,2016-10-15,LIGUE_1,2016-17,LEAGUE,,Guingamp,Lille,1,0,H,France,Ligue 1,football-data.co.uk
league_edcdcd1310587a11,2016-10-15,LIGUE_1,2016-17,LEAGUE,,Lorient,Nantes,1,2,A,France,Ligue 1,football-data.co.uk
league_2f39a0f5126a3877,2016-10-15,LIGUE_1,2016-17,LEAGUE,,Montpellier,Caen,3,2,H,France,Ligue 1,football-data.co.uk
league_f2abe81617ed8169,2016-10-15,LIGUE_1,2016-17,LEAGUE,,Nancy,Paris Saint-Germain FC,1,2,A,France,Ligue 1,football-data.co.uk
league_12191ac8455e22ae,2016-10-16,LIGUE_1,2016-17,LEAGUE,,AS Saint-Étienne,Dijon,1,1,D,France,Ligue 1,football-data.co.uk
league_1749a4b1f0b8ec81,2016-10-16,LIGUE_1,2016-17,LEAGUE,,Olympique Marseille,Metz,1,0,H,France,Ligue 1,football-data.co.uk
league_52f8aecb5de5b630,2016-10-16,LIGUE_1,2016-17,LEAGUE,,Rennes,Bordeaux,1,1,D,France,Ligue 1,football-data.co.uk
league_a83e324918e70434,2016-10-21,LIGUE_1,2016-17,LEAGUE,,AS Monaco,Montpellier,6,2,H,France,Ligue 1,football-data.co.uk
league_5f882f4ad7a2ff5a,2016-10-22,LIGUE_1,2016-17,LEAGUE,,Angers,Toulouse,0,0,D,France,Ligue 1,football-data.co.uk
league_4cb4224b2e149f86,2016-10-22,LIGUE_1,2016-17,LEAGUE,,Bordeaux,Nancy,1,1,D,France,Ligue 1,football-data.co.uk
league_91503ba80c0d7b49,2016-10-22,LIGUE_1,2016-17,LEAGUE,,Dijon,Lorient,1,0,H,France,Ligue 1,football-data.co.uk
league_3052c03cc8e11809,2016-10-22,LIGUE_1,2016-17,LEAGUE,,Lille,Bastia,2,1,H,France,Ligue 1,football-data.co.uk
league_2fd746092fc838a3,2016-10-22,LIGUE_1,2016-17,LEAGUE,,Nantes,Rennes,1,2,A,France,Ligue 1,football-data.co.uk
league_f03b1c38aa489461,2016-10-22,LIGUE_1,2016-17,LEAGUE,,Olympique Lyonnais,Guingamp,1,3,A,France,Ligue 1,football-data.co.uk
league_368461516e764aac,2016-10-23,LIGUE_1,2016-17,LEAGUE,,Caen,AS Saint-Étienne,0,2,A,France,Ligue 1,football-data.co.uk
league_d5becb245b933a9b,2016-10-23,LIGUE_1,2016-17,LEAGUE,,Metz,Nice,2,4,A,France,Ligue 1,football-data.co.uk
league_9069acc121ca2986,2016-10-23,LIGUE_1,2016-17,LEAGUE,,Paris Saint-Germain FC,Olympique Marseille,0,0,D,France,Ligue 1,football-data.co.uk
league_be25f8ecb284d2b4,2016-10-28,LIGUE_1,2016-17,LEAGUE,,Lille,Paris Saint-Germain FC,0,1,A,France,Ligue 1,football-data.co.uk
league_e76288d3f8953391,2016-10-29,LIGUE_1,2016-17,LEAGUE,,AS Saint-Étienne,AS Monaco,1,1,D,France,Ligue 1,football-data.co.uk
league_0d630ec783d0ab33,2016-10-29,LIGUE_1,2016-17,LEAGUE,,Bastia,Dijon,0,0,D,France,Ligue 1,football-data.co.uk
league_cdfb3f54c46f4a0e,2016-10-29,LIGUE_1,2016-17,LEAGUE,,Guingamp,Angers,1,0,H,France,Ligue 1,football-data.co.uk
league_a789536fb485fe56,2016-10-29,LIGUE_1,2016-17,LEAGUE,,Lorient,Montpellier,2,2,D,France,Ligue 1,football-data.co.uk
league_25895a66eaf59250,2016-10-29,LIGUE_1,2016-17,LEAGUE,,Nancy,Caen,2,0,H,France,Ligue 1,football-data.co.uk
league_dfb23856195e0dc7,2016-10-29,LIGUE_1,2016-17,LEAGUE,,Toulouse,Olympique Lyonnais,1,2,A,France,Ligue 1,football-data.co.uk
league_073e11c9cbc65455,2016-10-30,LIGUE_1,2016-17,LEAGUE,,Nice,Nantes,4,1,H,France,Ligue 1,football-data.co.uk
league_0912297e2ac14c25,2016-10-30,LIGUE_1,2016-17,LEAGUE,,Olympique Marseille,Bordeaux,0,0,D,France,Ligue 1,football-data.co.uk
league_7f4bca196fbb0baa,2016-10-30,LIGUE_1,2016-17,LEAGUE,,Rennes,Metz,1,0,H,France,Ligue 1,football-data.co.uk
league_1778cb9773509561,2016-11-04,LIGUE_1,2016-17,LEAGUE,,Montpellier,Olympique Marseille,3,1,H,France,Ligue 1,football-data.co.uk
league_6acefea704743e09,2016-11-05,LIGUE_1,2016-17,LEAGUE,,AS Monaco,Nancy,6,0,H,France,Ligue 1,football-data.co.uk
league_008d4e00333a6b4b,2016-11-05,LIGUE_1,2016-17,LEAGUE,,Angers,Lille,1,0,H,France,Ligue 1,football-data.co.uk
league_30a079d33d2cf4b0,2016-11-05,LIGUE_1,2016-17,LEAGUE,,Bordeaux,Lorient,2,1,H,France,Ligue 1,football-data.co.uk
league_77bd563c292ea3c7,2016-11-05,LIGUE_1,2016-17,LEAGUE,,Dijon,Guingamp,3,3,D,France,Ligue 1,football-data.co.uk
league_6879b9dd999a18a4,2016-11-05,LIGUE_1,2016-17,LEAGUE,,Nantes,Toulouse,1,1,D,France,Ligue 1,football-data.co.uk
league_88da49eb2fbf8056,2016-11-05,LIGUE_1,2016-17,LEAGUE,,Olympique Lyonnais,Bastia,2,1,H,France,Ligue 1,football-data.co.uk
league_ac7209470f38e86a,2016-11-06,LIGUE_1,2016-17,LEAGUE,,Caen,Nice,1,0,H,France,Ligue 1,football-data.co.uk
league_451c3cd1c5f1e7d5,2016-11-06,LIGUE_1,2016-17,LEAGUE,,Metz,AS Saint-Étienne,0,0,D,France,Ligue 1,football-data.co.uk
league_0e58469eefe49075,2016-11-06,LIGUE_1,2016-17,LEAGUE,,Paris Saint-Germain FC,Rennes,4,0,H,France,Ligue 1,football-data.co.uk
league_bb7bdd77ee1b9792,2016-11-18,LIGUE_1,2016-17,LEAGUE,,Lille,Olympique Lyonnais,0,1,A,France,Ligue 1,football-data.co.uk
league_7cffbddeb59b604b,2016-11-18,LIGUE_1,2016-17,LEAGUE,,Lorient,AS Monaco,0,3,A,France,Ligue 1,football-data.co.uk
league_0e068bc53a2d2acb,2016-11-19,LIGUE_1,2016-17,LEAGUE,,Bastia,Montpellier,1,1,D,France,Ligue 1,football-data.co.uk
league_19673c766376daa4,2016-11-19,LIGUE_1,2016-17,LEAGUE,,Nancy,Dijon,1,0,H,France,Ligue 1,football-data.co.uk
league_b5d15e13613911b8,2016-11-19,LIGUE_1,2016-17,LEAGUE,,Paris Saint-Germain FC,Nantes,2,0,H,France,Ligue 1,football-data.co.uk
league_03cb14936413abf0,2016-11-19,LIGUE_1,2016-17,LEAGUE,,Rennes,Angers,1,1,D,France,Ligue 1,football-data.co.uk
league_f08aa6c86b80cf51,2016-11-19,LIGUE_1,2016-17,LEAGUE,,Toulouse,Metz,1,2,A,France,Ligue 1,football-data.co.uk
league_77237c5a2666bcc7,2016-11-20,LIGUE_1,2016-17,LEAGUE,,AS Saint-Étienne,Nice,0,1,A,France,Ligue 1,football-data.co.uk
league_7dc423386e616816,2016-11-20,LIGUE_1,2016-17,LEAGUE,,Guingamp,Bordeaux,1,1,D,France,Ligue 1,football-data.co.uk
league_1c49f83945482d4d,2016-11-20,LIGUE_1,2016-17,LEAGUE,,Olympique Marseille,Caen,1,0,H,France,Ligue 1,football-data.co.uk
league_435af09bbc37030c,2016-11-25,LIGUE_1,2016-17,LEAGUE,,Rennes,Toulouse,1,0,H,France,Ligue 1,football-data.co.uk
league_cbc6b9cf68e99f3b,2016-11-26,LIGUE_1,2016-17,LEAGUE,,AS Monaco,Olympique Marseille,4,0,H,France,Ligue 1,football-data.co.uk
league_674a856e0c7debcd,2016-11-26,LIGUE_1,2016-17,LEAGUE,,Bordeaux,Dijon,3,2,H,France,Ligue 1,football-data.co.uk
league_64643a3fdd049006,2016-11-26,LIGUE_1,2016-17,LEAGUE,,Caen,Guingamp,1,1,D,France,Ligue 1,football-data.co.uk
league_a36d64b1143369aa,2016-11-26,LIGUE_1,2016-17,LEAGUE,,Metz,Lorient,3,3,D,France,Ligue 1,football-data.co.uk
league_026a7398bbeed6f1,2016-11-26,LIGUE_1,2016-17,LEAGUE,,Montpellier,Nancy,0,0,D,France,Ligue 1,football-data.co.uk
league_4a9b98f85aced644,2016-11-26,LIGUE_1,2016-17,LEAGUE,,Nantes,Lille,0,0,D,France,Ligue 1,football-data.co.uk
league_777f0e0be0a30d4a,2016-11-27,LIGUE_1,2016-17,LEAGUE,,Angers,AS Saint-Étienne,1,2,A,France,Ligue 1,football-data.co.uk
league_dcacd3dc7523abef,2016-11-27,LIGUE_1,2016-17,LEAGUE,,Nice,Bastia,1,1,D,France,Ligue 1,football-data.co.uk
league_0723a27c73b1a8bb,2016-11-27,LIGUE_1,2016-17,LEAGUE,,Olympique Lyonnais,Paris Saint-Germain FC,1,2,A,France,Ligue 1,football-data.co.uk
league_aef4b46fbaae0b9f,2016-11-29,LIGUE_1,2016-17,LEAGUE,,Dijon,AS Monaco,1,1,D,France,Ligue 1,football-data.co.uk
league_bc5f2b31257c39d9,2016-11-29,LIGUE_1,2016-17,LEAGUE,,Lille,Caen,4,2,H,France,Ligue 1,football-data.co.uk
league_913a04898ff5b180,2016-11-29,LIGUE_1,2016-17,LEAGUE,,Lorient,Rennes,2,1,H,France,Ligue 1,football-data.co.uk
league_821e839ca23a80b4,2016-11-30,LIGUE_1,2016-17,LEAGUE,,AS Saint-Étienne,Olympique Marseille,0,0,D,France,Ligue 1,football-data.co.uk
league_10a64deca76982c1,2016-11-30,LIGUE_1,2016-17,LEAGUE,,Bastia,Bordeaux,1,1,D,France,Ligue 1,football-data.co.uk
league_6a3d475be60211ba,2016-11-30,LIGUE_1,2016-17,LEAGUE,,Guingamp,Nice,0,1,A,France,Ligue 1,football-data.co.uk
league_642cafd2cd1a0777,2016-11-30,LIGUE_1,2016-17,LEAGUE,,Nancy,Metz,4,0,H,France,Ligue 1,football-data.co.uk
league_23a68864b1a7573a,2016-11-30,LIGUE_1,2016-17,LEAGUE,,Nantes,Olympique Lyonnais,0,6,A,France,Ligue 1,football-data.co.uk
league_c5c6fe8841aecf45,2016-11-30,LIGUE_1,2016-17,LEAGUE,,Paris Saint-Germain FC,Angers,2,0,H,France,Ligue 1,football-data.co.uk
league_0d16fe3ea23fcb4a,2016-11-30,LIGUE_1,2016-17,LEAGUE,,Toulouse,Montpellier,1,0,H,France,Ligue 1,football-data.co.uk
league_deb1517da208b9c2,2016-12-02,LIGUE_1,2016-17,LEAGUE,,Caen,Dijon,3,3,D,France,Ligue 1,football-data.co.uk
league_abb2045ed64b2e1f,2016-12-03,LIGUE_1,2016-17,LEAGUE,,AS Monaco,Bastia,5,0,H,France,Ligue 1,football-data.co.uk
league_977f6f38100ab039,2016-12-03,LIGUE_1,2016-17,LEAGUE,,Angers,Lorient,2,2,D,France,Ligue 1,football-data.co.uk
league_ec700b59364826d3,2016-12-03,LIGUE_1,2016-17,LEAGUE,,Bordeaux,Lille,0,1,A,France,Ligue 1,football-data.co.uk
league_353f58f62708ac75,2016-12-03,LIGUE_1,2016-17,LEAGUE,,Guingamp,Nantes,2,0,H,France,Ligue 1,football-data.co.uk
league_fd94e5b8264ae06c,2016-12-03,LIGUE_1,2016-17,LEAGUE,,Montpellier,Paris Saint-Germain FC,3,0,H,France,Ligue 1,football-data.co.uk
league_7ec8b119e48df8a6,2016-12-04,LIGUE_1,2016-17,LEAGUE,,Nice,Toulouse,3,0,H,France,Ligue 1,football-data.co.uk
league_02951bceb119eb6e,2016-12-04,LIGUE_1,2016-17,LEAGUE,,Olympique Marseille,Nancy,3,0,H,France,Ligue 1,football-data.co.uk
league_916c19e213c49bde,2016-12-04,LIGUE_1,2016-17,LEAGUE,,Rennes,AS Saint-Étienne,2,0,H,France,Ligue 1,football-data.co.uk
league_4a2732ec492fe779,2016-12-10,LIGUE_1,2016-17,LEAGUE,,Bastia,Metz,2,0,H,France,Ligue 1,football-data.co.uk
league_226e865a07e6f5d0,2016-12-10,LIGUE_1,2016-17,LEAGUE,,Bordeaux,AS Monaco,0,4,A,France,Ligue 1,football-data.co.uk
league_1c940a2bcbb58aed,2016-12-10,LIGUE_1,2016-17,LEAGUE,,Dijon,Olympique Marseille,1,2,A,France,Ligue 1,football-data.co.uk
league_70c776eb49f001fc,2016-12-10,LIGUE_1,2016-17,LEAGUE,,Lille,Montpellier,2,1,H,France,Ligue 1,football-data.co.uk
league_2c87a1a16be97312,2016-12-10,LIGUE_1,2016-17,LEAGUE,,Nancy,Angers,2,0,H,France,Ligue 1,football-data.co.uk
league_14188950ae782710,2016-12-10,LIGUE_1,2016-17,LEAGUE,,Toulouse,Lorient,3,2,H,France,Ligue 1,football-data.co.uk
league_21f6ff5a254610b8,2016-12-11,LIGUE_1,2016-17,LEAGUE,,AS Saint-Étienne,Guingamp,1,0,H,France,Ligue 1,football-data.co.uk
league_133da8ba1eab83ad,2016-12-11,LIGUE_1,2016-17,LEAGUE,,Olympique Lyonnais,Rennes,1,0,H,France,Ligue 1,football-data.co.uk
league_5acba30757256487,2016-12-11,LIGUE_1,2016-17,LEAGUE,,Paris Saint-Germain FC,Nice,2,2,D,France,Ligue 1,football-data.co.uk
league_fd17f9405333b826,2016-12-16,LIGUE_1,2016-17,LEAGUE,,Angers,Nantes,0,2,A,France,Ligue 1,football-data.co.uk
league_313d6ab4287cdf79,2016-12-17,LIGUE_1,2016-17,LEAGUE,,Guingamp,Paris Saint-Germain FC,2,1,H,France,Ligue 1,football-data.co.uk
league_c5f4f59f969cd857,2016-12-17,LIGUE_1,2016-17,LEAGUE,,Lorient,AS Saint-Étienne,2,1,H,France,Ligue 1,football-data.co.uk
league_7277b8a7cad8c095,2016-12-17,LIGUE_1,2016-17,LEAGUE,,Montpellier,Bordeaux,4,0,H,France,Ligue 1,football-data.co.uk
league_52f1416c68cb3b0a,2016-12-17,LIGUE_1,2016-17,LEAGUE,,Rennes,Bastia,1,2,A,France,Ligue 1,football-data.co.uk
league_157c521c41ecdcca,2016-12-17,LIGUE_1,2016-17,LEAGUE,,Toulouse,Nancy,1,1,D,France,Ligue 1,football-data.co.uk
league_cb92fba57845808f,2016-12-18,LIGUE_1,2016-17,LEAGUE,,AS Monaco,Olympique Lyonnais,1,3,A,France,Ligue 1,football-data.co.uk
league_b1bab05b95bdaf0c,2016-12-18,LIGUE_1,2016-17,LEAGUE,,Caen,Metz,3,0,H,France,Ligue 1,football-data.co.uk
league_608a5abd00068a8e,2016-12-18,LIGUE_1,2016-17,LEAGUE,,Nice,Dijon,2,1,H,France,Ligue 1,football-data.co.uk
league_340451385f18e3cb,2016-12-18,LIGUE_1,2016-17,LEAGUE,,Olympique Marseille,Lille,2,0,H,France,Ligue 1,football-data.co.uk
league_d07749fdfeb8eb7f,2016-12-21,LIGUE_1,2016-17,LEAGUE,,AS Monaco,Caen,2,1,H,France,Ligue 1,football-data.co.uk
league_ea9cffaaef364870,2016-12-21,LIGUE_1,2016-17,LEAGUE,,AS Saint-Étienne,Nancy,0,0,D,France,Ligue 1,football-data.co.uk
league_26b15966844a3600,2016-12-21,LIGUE_1,2016-17,LEAGUE,,Bastia,Olympique Marseille,1,2,A,France,Ligue 1,football-data.co.uk
league_4de6387cc4996047,2016-12-21,LIGUE_1,2016-17,LEAGUE,,Bordeaux,Nice,0,0,D,France,Ligue 1,football-data.co.uk
league_d2fe5c17b18575f8,2016-12-21,LIGUE_1,2016-17,LEAGUE,,Dijon,Toulouse,2,0,H,France,Ligue 1,football-data.co.uk
league_bb9f4ff837948e59,2016-12-21,LIGUE_1,2016-17,LEAGUE,,Lille,Rennes,1,1,D,France,Ligue 1,football-data.co.uk
league_8f5aa565f652b943,2016-12-21,LIGUE_1,2016-17,LEAGUE,,Metz,Guingamp,2,2,D,France,Ligue 1,football-data.co.uk
league_b6b6e516949ebaa1,2016-12-21,LIGUE_1,2016-17,LEAGUE,,Nantes,Montpellier,1,0,H,France,Ligue 1,football-data.co.uk
league_09d290118195a2f2,2016-12-21,LIGUE_1,2016-17,LEAGUE,,Olympique Lyonnais,Angers,2,0,H,France,Ligue 1,football-data.co.uk
league_65c7672edc019b08,2016-12-21,LIGUE_1,2016-17,LEAGUE,,Paris Saint-Germain FC,Lorient,5,0,H,France,Ligue 1,football-data.co.uk
league_4c91e9b0b43fd508,2017-01-13,LIGUE_1,2016-17,LEAGUE,,Lille,AS Saint-Étienne,1,1,D,France,Ligue 1,football-data.co.uk
league_0dfb174e84e890f3,2017-01-14,LIGUE_1,2016-17,LEAGUE,,Angers,Bordeaux,1,1,D,France,Ligue 1,football-data.co.uk
league_f0b2d0450361dc36,2017-01-14,LIGUE_1,2016-17,LEAGUE,,Lorient,Guingamp,3,1,H,France,Ligue 1,football-data.co.uk
league_12e37f177f76ecc0,2017-01-14,LIGUE_1,2016-17,LEAGUE,,Montpellier,Dijon,1,1,D,France,Ligue 1,football-data.co.uk
league_29e214877dae0feb,2017-01-14,LIGUE_1,2016-17,LEAGUE,,Nancy,Bastia,1,0,H,France,Ligue 1,football-data.co.uk
league_8ff0c04dc2a0ca20,2017-01-14,LIGUE_1,2016-17,LEAGUE,,Rennes,Paris Saint-Germain FC,0,1,A,France,Ligue 1,football-data.co.uk
league_91d88a036f712263,2017-01-14,LIGUE_1,2016-17,LEAGUE,,Toulouse,Nantes,0,1,A,France,Ligue 1,football-data.co.uk
league_8b709619146a11af,2017-01-15,LIGUE_1,2016-17,LEAGUE,,Caen,Olympique Lyonnais,3,2,H,France,Ligue 1,football-data.co.uk
league_6c09331d8e549a04,2017-01-15,LIGUE_1,2016-17,LEAGUE,,Nice,Metz,0,0,D,France,Ligue 1,football-data.co.uk
league_535ff03b39cca302,2017-01-15,LIGUE_1,2016-17,LEAGUE,,Olympique Marseille,AS Monaco,1,4,A,France,Ligue 1,football-data.co.uk
league_e50115cd1a8fd613,2017-01-18,LIGUE_1,2016-17,LEAGUE,,Nantes,Caen,1,0,H,France,Ligue 1,football-data.co.uk
league_aee54e6f2179dc34,2017-01-20,LIGUE_1,2016-17,LEAGUE,,Bastia,Nice,1,1,D,France,Ligue 1,football-data.co.uk
league_3ca56031cb87fe0d,2017-01-21,LIGUE_1,2016-17,LEAGUE,,Bordeaux,Toulouse,1,0,H,France,Ligue 1,football-data.co.uk
league_19ca0feba3a5a887,2017-01-21,LIGUE_1,2016-17,LEAGUE,,Dijon,Lille,0,0,D,France,Ligue 1,football-data.co.uk
league_12172cbd22f6a0eb,2017-01-21,LIGUE_1,2016-17,LEAGUE,,Guingamp,Rennes,1,1,D,France,Ligue 1,football-data.co.uk
league_693dca93e5a8779d,2017-01-21,LIGUE_1,2016-17,LEAGUE,,Metz,Montpellier,2,0,H,France,Ligue 1,football-data.co.uk
league_7e98de601e457e01,2017-01-21,LIGUE_1,2016-17,LEAGUE,,Nantes,Paris Saint-Germain FC,0,2,A,France,Ligue 1,football-data.co.uk
league_9249b489516a1545,2017-01-22,LIGUE_1,2016-17,LEAGUE,,AS Monaco,Lorient,4,0,H,France,Ligue 1,football-data.co.uk
league_787095812e06a42a,2017-01-22,LIGUE_1,2016-17,LEAGUE,,AS Saint-Étienne,Angers,2,1,H,France,Ligue 1,football-data.co.uk
league_b6a68252fc2112cc,2017-01-22,LIGUE_1,2016-17,LEAGUE,,Olympique Lyonnais,Olympique Marseille,3,1,H,France,Ligue 1,football-data.co.uk
league_e3b696817948a390,2017-01-27,LIGUE_1,2016-17,LEAGUE,,Olympique Marseille,Montpellier,5,1,H,France,Ligue 1,football-data.co.uk
league_e4fb0fa538a5d46d,2017-01-28,LIGUE_1,2016-17,LEAGUE,,Angers,Metz,2,1,H,France,Ligue 1,football-data.co.uk
league_7c209d31d849d660,2017-01-28,LIGUE_1,2016-17,LEAGUE,,Bastia,Caen,1,1,D,France,Ligue 1,football-data.co.uk
league_1a69665a0a93b58c,2017-01-28,LIGUE_1,2016-17,LEAGUE,,Lorient,Dijon,2,3,A,France,Ligue 1,football-data.co.uk
league_ccb5f8f044cbdd02,2017-01-28,LIGUE_1,2016-17,LEAGUE,,Nancy,Bordeaux,0,2,A,France,Ligue 1,football-data.co.uk
league_beb0d26c390ed431,2017-01-28,LIGUE_1,2016-17,LEAGUE,,Olympique Lyonnais,Lille,1,2,A,France,Ligue 1,football-data.co.uk
league_f07cbf1d09d95694,2017-01-28,LIGUE_1,2016-17,LEAGUE,,Rennes,Nantes,1,1,D,France,Ligue 1,football-data.co.uk
league_a5e3f882922e8b4c,2017-01-29,LIGUE_1,2016-17,LEAGUE,,Nice,Guingamp,3,1,H,France,Ligue 1,football-data.co.uk
league_6a782cf6715e57f5,2017-01-29,LIGUE_1,2016-17,LEAGUE,,Paris Saint-Germain FC,AS Monaco,1,1,D,France,Ligue 1,football-data.co.uk
league_9843972f44234b59,2017-01-29,LIGUE_1,2016-17,LEAGUE,,Toulouse,AS Saint-Étienne,0,3,A,France,Ligue 1,football-data.co.uk
league_4dd5cc2402fca618,2017-02-03,LIGUE_1,2016-17,LEAGUE,,Metz,Olympique Marseille,1,0,H,France,Ligue 1,football-data.co.uk
league_215b33a75db476df,2017-02-04,LIGUE_1,2016-17,LEAGUE,,AS Monaco,Nice,3,0,H,France,Ligue 1,football-data.co.uk
league_fefb990a9a53ef37,2017-02-04,LIGUE_1,2016-17,LEAGUE,,Bordeaux,Rennes,1,1,D,France,Ligue 1,football-data.co.uk
league_ecdf5efb9ed6f584,2017-02-04,LIGUE_1,2016-17,LEAGUE,,Dijon,Paris Saint-Germain FC,1,3,A,France,Ligue 1,football-data.co.uk
league_0962787ac3403bce,2017-02-04,LIGUE_1,2016-17,LEAGUE,,Guingamp,Caen,0,1,A,France,Ligue 1,football-data.co.uk
league_c9d147166b91344e,2017-02-04,LIGUE_1,2016-17,LEAGUE,,Lille,Lorient,0,1,A,France,Ligue 1,football-data.co.uk
league_4bf42f4a36c5b11b,2017-02-04,LIGUE_1,2016-17,LEAGUE,,Montpellier,Bastia,2,1,H,France,Ligue 1,football-data.co.uk
league_0eeceef529cb9a1a,2017-02-05,LIGUE_1,2016-17,LEAGUE,,AS Saint-Étienne,Olympique Lyonnais,2,0,H,France,Ligue 1,football-data.co.uk
league_be42fd57553983da,2017-02-05,LIGUE_1,2016-17,LEAGUE,,Nantes,Nancy,0,2,A,France,Ligue 1,football-data.co.uk
league_d32491d669c30cff,2017-02-05,LIGUE_1,2016-17,LEAGUE,,Toulouse,Angers,4,0,H,France,Ligue 1,football-data.co.uk
league_5925d94f2cb529df,2017-02-07,LIGUE_1,2016-17,LEAGUE,,Caen,Bordeaux,0,4,A,France,Ligue 1,football-data.co.uk
league_e7f80e8b3cbef731,2017-02-07,LIGUE_1,2016-17,LEAGUE,,Montpellier,AS Monaco,1,2,A,France,Ligue 1,football-data.co.uk
league_45454cab87123e95,2017-02-07,LIGUE_1,2016-17,LEAGUE,,Paris Saint-Germain FC,Lille,2,1,H,France,Ligue 1,football-data.co.uk
league_81afc2794c63d6a8,2017-02-08,LIGUE_1,2016-17,LEAGUE,,Angers,Rennes,0,0,D,France,Ligue 1,football-data.co.uk
league_f825b84c8bfdfa9f,2017-02-08,LIGUE_1,2016-17,LEAGUE,,Lorient,Toulouse,1,1,D,France,Ligue 1,football-data.co.uk
league_dcfef0cc4d277c45,2017-02-08,LIGUE_1,2016-17,LEAGUE,,Metz,Dijon,2,1,H,France,Ligue 1,football-data.co.uk
league_1b533c22f6161f94,2017-02-08,LIGUE_1,2016-17,LEAGUE,,Nice,AS Saint-Étienne,1,0,H,France,Ligue 1,football-data.co.uk
league_53e0feb4c883c53b,2017-02-08,LIGUE_1,2016-17,LEAGUE,,Olympique Lyonnais,Nancy,4,0,H,France,Ligue 1,football-data.co.uk
league_381df6303f3d2ad1,2017-02-08,LIGUE_1,2016-17,LEAGUE,,Olympique Marseille,Guingamp,2,0,H,France,Ligue 1,football-data.co.uk
league_278969ed6ff2cfe3,2017-02-10,LIGUE_1,2016-17,LEAGUE,,Bordeaux,Paris Saint-Germain FC,0,3,A,France,Ligue 1,football-data.co.uk
league_17b8c2b5c2cfc420,2017-02-11,LIGUE_1,2016-17,LEAGUE,,AS Monaco,Metz,5,0,H,France,Ligue 1,football-data.co.uk
league_5fda754ea2ca1374,2017-02-11,LIGUE_1,2016-17,LEAGUE,,Dijon,Caen,2,0,H,France,Ligue 1,football-data.co.uk
league_46674146df2612af,2017-02-11,LIGUE_1,2016-17,LEAGUE,,Guingamp,Olympique Lyonnais,2,1,H,France,Ligue 1,football-data.co.uk
league_bac961aa59624b23,2017-02-11,LIGUE_1,2016-17,LEAGUE,,Lille,Angers,1,2,A,France,Ligue 1,football-data.co.uk
league_f6d9abf19bd905c5,2017-02-11,LIGUE_1,2016-17,LEAGUE,,Nancy,Montpellier,0,3,A,France,Ligue 1,football-data.co.uk
league_ddd249fabfc28676,2017-02-11,LIGUE_1,2016-17,LEAGUE,,Toulouse,Bastia,4,1,H,France,Ligue 1,football-data.co.uk
league_d80fc8aef00073e5,2017-02-12,LIGUE_1,2016-17,LEAGUE,,AS Saint-Étienne,Lorient,4,0,H,France,Ligue 1,football-data.co.uk
league_c0f92bec9438d46b,2017-02-12,LIGUE_1,2016-17,LEAGUE,,Nantes,Olympique Marseille,3,2,H,France,Ligue 1,football-data.co.uk
league_dc80f49e78b2c399,2017-02-12,LIGUE_1,2016-17,LEAGUE,,Rennes,Nice,2,2,D,France,Ligue 1,football-data.co.uk
league_ec43da03108e6a52,2017-02-17,LIGUE_1,2016-17,LEAGUE,,Bastia,AS Monaco,1,1,D,France,Ligue 1,football-data.co.uk
league_5b5feb79a510e364,2017-02-18,LIGUE_1,2016-17,LEAGUE,,Angers,Nancy,1,0,H,France,Ligue 1,football-data.co.uk
league_9d1e8cfed970c140,2017-02-18,LIGUE_1,2016-17,LEAGUE,,Caen,Lille,0,1,A,France,Ligue 1,football-data.co.uk
league_0c47c1ca09cae1b7,2017-02-18,LIGUE_1,2016-17,LEAGUE,,Lorient,Nice,0,1,A,France,Ligue 1,football-data.co.uk
league_c30035eea024dfef,2017-02-18,LIGUE_1,2016-17,LEAGUE,,Metz,Nantes,1,1,D,France,Ligue 1,football-data.co.uk
league_396811e65ebb1ca3,2017-02-18,LIGUE_1,2016-17,LEAGUE,,Olympique Marseille,Rennes,2,0,H,France,Ligue 1,football-data.co.uk
league_86956d4ec9dd8a2e,2017-02-19,LIGUE_1,2016-17,LEAGUE,,Bordeaux,Guingamp,3,0,H,France,Ligue 1,football-data.co.uk
league_87d882298eed5c31,2017-02-19,LIGUE_1,2016-17,LEAGUE,,Montpellier,AS Saint-Étienne,2,1,H,France,Ligue 1,football-data.co.uk
league_77cf32ed401e85b2,2017-02-19,LIGUE_1,2016-17,LEAGUE,,Olympique Lyonnais,Dijon,4,2,H,France,Ligue 1,football-data.co.uk
league_7f3c8d5697c75aee,2017-02-19,LIGUE_1,2016-17,LEAGUE,,Paris Saint-Germain FC,Toulouse,0,0,D,France,Ligue 1,football-data.co.uk
league_4784f0ea533f9352,2017-02-21,LIGUE_1,2016-17,LEAGUE,,Caen,Nancy,1,0,H,France,Ligue 1,football-data.co.uk
league_fcb6733ada068c9c,2017-02-24,LIGUE_1,2016-17,LEAGUE,,Nantes,Dijon,3,1,H,France,Ligue 1,football-data.co.uk
league_9f64d1b9a4a3426e,2017-02-24,LIGUE_1,2016-17,LEAGUE,,Nice,Montpellier,2,1,H,France,Ligue 1,football-data.co.uk
league_e1568ec1bfb7d6e9,2017-02-25,LIGUE_1,2016-17,LEAGUE,,Angers,Bastia,3,0,H,France,Ligue 1,football-data.co.uk
league_3b23338e1c298aa5,2017-02-25,LIGUE_1,2016-17,LEAGUE,,Guingamp,AS Monaco,1,2,A,France,Ligue 1,football-data.co.uk
league_9ec60daa5631d56f,2017-02-25,LIGUE_1,2016-17,LEAGUE,,Lille,Bordeaux,2,3,A,France,Ligue 1,football-data.co.uk
league_b57f36f6e1dc01e9,2017-02-25,LIGUE_1,2016-17,LEAGUE,,Nancy,Toulouse,0,0,D,France,Ligue 1,football-data.co.uk
league_26c3c8745a88fde3,2017-02-25,LIGUE_1,2016-17,LEAGUE,,Rennes,Lorient,1,0,H,France,Ligue 1,football-data.co.uk
league_0d9e3516ab137f68,2017-02-26,LIGUE_1,2016-17,LEAGUE,,AS Saint-Étienne,Caen,0,1,A,France,Ligue 1,football-data.co.uk
league_e39779d39baaa14f,2017-02-26,LIGUE_1,2016-17,LEAGUE,,Olympique Lyonnais,Metz,5,0,H,France,Ligue 1,football-data.co.uk
league_e6c2a3aed1c4d9b2,2017-02-26,LIGUE_1,2016-17,LEAGUE,,Olympique Marseille,Paris Saint-Germain FC,1,5,A,France,Ligue 1,football-data.co.uk
league_de2ba9716f07bae8,2017-03-01,LIGUE_1,2016-17,LEAGUE,,Bastia,Nantes,2,2,D,France,Ligue 1,football-data.co.uk
league_f243b5d454a84030,2017-03-03,LIGUE_1,2016-17,LEAGUE,,Bordeaux,Olympique Lyonnais,1,1,D,France,Ligue 1,football-data.co.uk
league_7a16598a44ab078e,2017-03-04,LIGUE_1,2016-17,LEAGUE,,Bastia,AS Saint-Étienne,0,0,D,France,Ligue 1,football-data.co.uk
league_523c8d5ca99f9e0c,2017-03-04,LIGUE_1,2016-17,LEAGUE,,Caen,Angers,2,3,A,France,Ligue 1,football-data.co.uk
league_ca4ed21a485023b1,2017-03-04,LIGUE_1,2016-17,LEAGUE,,Dijon,Nice,0,1,A,France,Ligue 1,football-data.co.uk
league_e53d055c373dea27,2017-03-04,LIGUE_1,2016-17,LEAGUE,,Metz,Rennes,1,1,D,France,Ligue 1,football-data.co.uk
league_95b46a1f94d4b015,2017-03-04,LIGUE_1,2016-17,LEAGUE,,Montpellier,Guingamp,1,1,D,France,Ligue 1,football-data.co.uk
league_9cdf95a7a7c62466,2017-03-04,LIGUE_1,2016-17,LEAGUE,,Paris Saint-Germain FC,Nancy,1,0,H,France,Ligue 1,football-data.co.uk
league_fa5cf3bea9c4f327,2017-03-05,LIGUE_1,2016-17,LEAGUE,,AS Monaco,Nantes,4,0,H,France,Ligue 1,football-data.co.uk
league_411ef6190d6d3331,2017-03-05,LIGUE_1,2016-17,LEAGUE,,Lorient,Olympique Marseille,1,4,A,France,Ligue 1,football-data.co.uk
league_3b29072c900208b3,2017-03-05,LIGUE_1,2016-17,LEAGUE,,Toulouse,Lille,1,1,D,France,Ligue 1,football-data.co.uk
league_808f5bd1fe0a2142,2017-03-10,LIGUE_1,2016-17,LEAGUE,,Nice,Caen,2,2,D,France,Ligue 1,football-data.co.uk
league_d902925ae6382557,2017-03-10,LIGUE_1,2016-17,LEAGUE,,Olympique Marseille,Angers,3,0,H,France,Ligue 1,football-data.co.uk
league_1a5b4d3532992918,2017-03-11,LIGUE_1,2016-17,LEAGUE,,AS Monaco,Bordeaux,2,1,H,France,Ligue 1,football-data.co.uk
league_1064b0b997bc8edf,2017-03-11,LIGUE_1,2016-17,LEAGUE,,Guingamp,Bastia,5,0,H,France,Ligue 1,football-data.co.uk
league_b7e0a98b04c3c52c,2017-03-11,LIGUE_1,2016-17,LEAGUE,,Montpellier,Nantes,2,3,A,France,Ligue 1,football-data.co.uk
league_11e4701c63fd8556,2017-03-11,LIGUE_1,2016-17,LEAGUE,,Nancy,Lille,1,2,A,France,Ligue 1,football-data.co.uk
league_8470e3c8089b179c,2017-03-11,LIGUE_1,2016-17,LEAGUE,,Rennes,Dijon,1,1,D,France,Ligue 1,football-data.co.uk
league_c6f0ab148ece597d,2017-03-12,LIGUE_1,2016-17,LEAGUE,,AS Saint-Étienne,Metz,2,2,D,France,Ligue 1,football-data.co.uk
league_a6c33d0be1ba0a5e,2017-03-12,LIGUE_1,2016-17,LEAGUE,,Lorient,Paris Saint-Germain FC,1,2,A,France,Ligue 1,football-data.co.uk
league_9bb1aea89ced8ac8,2017-03-12,LIGUE_1,2016-17,LEAGUE,,Olympique Lyonnais,Toulouse,4,0,H,France,Ligue 1,football-data.co.uk
league_2930cb88d387548b,2017-03-17,LIGUE_1,2016-17,LEAGUE,,Lille,Olympique Marseille,0,0,D,France,Ligue 1,football-data.co.uk
league_00585572e64bcd85,2017-03-17,LIGUE_1,2016-17,LEAGUE,,Metz,Bastia,1,0,H,France,Ligue 1,football-data.co.uk
league_fd460ce613b2d851,2017-03-18,LIGUE_1,2016-17,LEAGUE,,Angers,Guingamp,3,0,H,France,Ligue 1,football-data.co.uk
league_cb55252175dc142d,2017-03-18,LIGUE_1,2016-17,LEAGUE,,Bordeaux,Montpellier,5,1,H,France,Ligue 1,football-data.co.uk
league_23e338eaba7bfc18,2017-03-18,LIGUE_1,2016-17,LEAGUE,,Nancy,Lorient,2,3,A,France,Ligue 1,football-data.co.uk
league_0ed2442a5702208c,2017-03-18,LIGUE_1,2016-17,LEAGUE,,Nantes,Nice,1,1,D,France,Ligue 1,football-data.co.uk
league_64b3e33f9ecfad01,2017-03-18,LIGUE_1,2016-17,LEAGUE,,Toulouse,Rennes,0,0,D,France,Ligue 1,football-data.co.uk
league_65a18f53753f9f53,2017-03-19,LIGUE_1,2016-17,LEAGUE,,Caen,AS Monaco,0,3,A,France,Ligue 1,football-data.co.uk
league_d1275c2f1c443edb,2017-03-19,LIGUE_1,2016-17,LEAGUE,,Dijon,AS Saint-Étienne,0,1,A,France,Ligue 1,football-data.co.uk
league_62977a70ef79d99d,2017-03-19,LIGUE_1,2016-17,LEAGUE,,Paris Saint-Germain FC,Olympique Lyonnais,2,1,H,France,Ligue 1,football-data.co.uk
league_d314809882d10939,2017-03-31,LIGUE_1,2016-17,LEAGUE,,Guingamp,Nancy,1,0,H,France,Ligue 1,football-data.co.uk
league_47473d30a8dfbf07,2017-04-01,LIGUE_1,2016-17,LEAGUE,,Bastia,Lille,0,1,A,France,Ligue 1,football-data.co.uk
league_063e244af7b73b39,2017-04-01,LIGUE_1,2016-17,LEAGUE,,Olympique Marseille,Dijon,1,1,D,France,Ligue 1,football-data.co.uk
league_eae56253219382ff,2017-04-02,LIGUE_1,2016-17,LEAGUE,,Lorient,Caen,1,0,H,France,Ligue 1,football-data.co.uk
league_4221f89993c285c6,2017-04-02,LIGUE_1,2016-17,LEAGUE,,Montpellier,Toulouse,0,1,A,France,Ligue 1,football-data.co.uk
league_0e8a75c94aada198,2017-04-02,LIGUE_1,2016-17,LEAGUE,,Nantes,Angers,2,1,H,France,Ligue 1,football-data.co.uk
league_721f7c50e3fe030c,2017-04-02,LIGUE_1,2016-17,LEAGUE,,Nice,Bordeaux,2,1,H,France,Ligue 1,football-data.co.uk
league_0fe4ea774e726936,2017-04-02,LIGUE_1,2016-17,LEAGUE,,Rennes,Olympique Lyonnais,1,1,D,France,Ligue 1,football-data.co.uk
league_6b65ef785bb7927c,2017-04-05,LIGUE_1,2016-17,LEAGUE,,Metz,Olympique Lyonnais,0,3,A,France,Ligue 1,football-data.co.uk
league_4f93806ec76f02ef,2017-04-07,LIGUE_1,2016-17,LEAGUE,,Lille,Nice,1,2,A,France,Ligue 1,football-data.co.uk
league_e40bfd4d6c575e2f,2017-04-08,LIGUE_1,2016-17,LEAGUE,,Angers,AS Monaco,0,1,A,France,Ligue 1,football-data.co.uk
league_4667667b8c64364c,2017-04-08,LIGUE_1,2016-17,LEAGUE,,Bordeaux,Metz,3,0,H,France,Ligue 1,football-data.co.uk
league_8d686883ea615bb6,2017-04-08,LIGUE_1,2016-17,LEAGUE,,Caen,Montpellier,0,2,A,France,Ligue 1,football-data.co.uk
league_dfc86a68afbf7822,2017-04-08,LIGUE_1,2016-17,LEAGUE,,Dijon,Bastia,1,2,A,France,Ligue 1,football-data.co.uk
league_71e91b3e24e52b57,2017-04-08,LIGUE_1,2016-17,LEAGUE,,Nancy,Rennes,3,0,H,France,Ligue 1,football-data.co.uk
league_46110728661d8272,2017-04-08,LIGUE_1,2016-17,LEAGUE,,Olympique Lyonnais,Lorient,1,4,A,France,Ligue 1,football-data.co.uk
league_3d20ea01ee699694,2017-04-09,LIGUE_1,2016-17,LEAGUE,,AS Saint-Étienne,Nantes,1,1,D,France,Ligue 1,football-data.co.uk
league_9ecee6fe91179ee4,2017-04-09,LIGUE_1,2016-17,LEAGUE,,Paris Saint-Germain FC,Guingamp,4,0,H,France,Ligue 1,football-data.co.uk
league_ef5b5b7f9dd510ea,2017-04-09,LIGUE_1,2016-17,LEAGUE,,Toulouse,Olympique Marseille,0,0,D,France,Ligue 1,football-data.co.uk
league_2fb1553092f09b4c,2017-04-14,LIGUE_1,2016-17,LEAGUE,,Angers,Paris Saint-Germain FC,0,2,A,France,Ligue 1,football-data.co.uk
league_daf764a424657b8c,2017-04-15,LIGUE_1,2016-17,LEAGUE,,AS Monaco,Dijon,2,1,H,France,Ligue 1,football-data.co.uk
league_ed27ea59f0ead28f,2017-04-15,LIGUE_1,2016-17,LEAGUE,,Guingamp,Toulouse,2,1,H,France,Ligue 1,football-data.co.uk
league_4c991ac87978ef0d,2017-04-15,LIGUE_1,2016-17,LEAGUE,,Metz,Caen,2,2,D,France,Ligue 1,football-data.co.uk
league_d3c46bfe54f565ae,2017-04-15,LIGUE_1,2016-17,LEAGUE,,Montpellier,Lorient,2,0,H,France,Ligue 1,football-data.co.uk
league_a01576afb5619ec7,2017-04-15,LIGUE_1,2016-17,LEAGUE,,Nice,Nancy,3,1,H,France,Ligue 1,football-data.co.uk
league_a148a6d34d2d0021,2017-04-15,LIGUE_1,2016-17,LEAGUE,,Rennes,Lille,2,0,H,France,Ligue 1,football-data.co.uk
league_e2f6cdb3991f364d,2017-04-16,LIGUE_1,2016-17,LEAGUE,,Bastia,Olympique Lyonnais,0,3,A,France,Ligue 1,football-data.co.uk
league_c8d3e04ac1414258,2017-04-16,LIGUE_1,2016-17,LEAGUE,,Nantes,Bordeaux,0,1,A,France,Ligue 1,football-data.co.uk
league_69296a6a0de2de98,2017-04-16,LIGUE_1,2016-17,LEAGUE,,Olympique Marseille,AS Saint-Étienne,4,0,H,France,Ligue 1,football-data.co.uk
league_df0395fa566ea30f,2017-04-18,LIGUE_1,2016-17,LEAGUE,,Metz,Paris Saint-Germain FC,2,3,A,France,Ligue 1,football-data.co.uk
league_7b6a4fc56907652b,2017-04-21,LIGUE_1,2016-17,LEAGUE,,Nancy,Olympique Marseille,0,0,D,France,Ligue 1,football-data.co.uk
league_0b1a35a4c96b1fa5,2017-04-22,LIGUE_1,2016-17,LEAGUE,,Bordeaux,Bastia,2,0,H,France,Ligue 1,football-data.co.uk
league_15dca28e3b207cf7,2017-04-22,LIGUE_1,2016-17,LEAGUE,,Caen,Nantes,0,2,A,France,Ligue 1,football-data.co.uk
league_93d7b9e0d83fa9e2,2017-04-22,LIGUE_1,2016-17,LEAGUE,,Dijon,Angers,3,2,H,France,Ligue 1,football-data.co.uk
league_0cce87c102ed74c6,2017-04-22,LIGUE_1,2016-17,LEAGUE,,Lille,Guingamp,3,0,H,France,Ligue 1,football-data.co.uk
league_d895933c12a99045,2017-04-22,LIGUE_1,2016-17,LEAGUE,,Lorient,Metz,5,1,H,France,Ligue 1,football-data.co.uk
league_bf898141d34cf617,2017-04-22,LIGUE_1,2016-17,LEAGUE,,Paris Saint-Germain FC,Montpellier,2,0,H,France,Ligue 1,football-data.co.uk
league_992fbe811345e59f,2017-04-23,LIGUE_1,2016-17,LEAGUE,,AS Saint-Étienne,Rennes,1,1,D,France,Ligue 1,football-data.co.uk
league_f06aa22a39ea6ab8,2017-04-23,LIGUE_1,2016-17,LEAGUE,,Olympique Lyonnais,AS Monaco,1,2,A,France,Ligue 1,football-data.co.uk
league_6ff4ec4db15f315d,2017-04-23,LIGUE_1,2016-17,LEAGUE,,Toulouse,Nice,1,1,D,France,Ligue 1,football-data.co.uk
league_e05890b2f1813fe7,2017-04-28,LIGUE_1,2016-17,LEAGUE,,Angers,Olympique Lyonnais,1,2,A,France,Ligue 1,football-data.co.uk
league_2c43deaba877ec45,2017-04-29,LIGUE_1,2016-17,LEAGUE,,AS Monaco,Toulouse,3,1,H,France,Ligue 1,football-data.co.uk
league_be972557a0e051b0,2017-04-29,LIGUE_1,2016-17,LEAGUE,,Bastia,Rennes,1,0,H,France,Ligue 1,football-data.co.uk
league_17c1810336fef604,2017-04-29,LIGUE_1,2016-17,LEAGUE,,Guingamp,AS Saint-Étienne,0,2,A,France,Ligue 1,football-data.co.uk
league_5a921623f83849f4,2017-04-29,LIGUE_1,2016-17,LEAGUE,,Metz,Nancy,2,1,H,France,Ligue 1,football-data.co.uk
league_d3afa65ddca4e54f,2017-04-29,LIGUE_1,2016-17,LEAGUE,,Montpellier,Lille,0,3,A,France,Ligue 1,football-data.co.uk
league_1608ecf5e6df1915,2017-04-29,LIGUE_1,2016-17,LEAGUE,,Nantes,Lorient,1,0,H,France,Ligue 1,football-data.co.uk
league_c8f0c97511eb0207,2017-04-30,LIGUE_1,2016-17,LEAGUE,,Caen,Olympique Marseille,1,5,A,France,Ligue 1,football-data.co.uk
league_5f2bb975cec5ca49,2017-04-30,LIGUE_1,2016-17,LEAGUE,,Dijon,Bordeaux,0,0,D,France,Ligue 1,football-data.co.uk
league_a89ea9a17cdd8427,2017-04-30,LIGUE_1,2016-17,LEAGUE,,Nice,Paris Saint-Germain FC,3,1,H,France,Ligue 1,football-data.co.uk
league_d13eb6841d7a6ca0,2017-05-05,LIGUE_1,2016-17,LEAGUE,,AS Saint-Étienne,Bordeaux,2,2,D,France,Ligue 1,football-data.co.uk
league_ca157762bca5ed5d,2017-05-06,LIGUE_1,2016-17,LEAGUE,,Guingamp,Dijon,4,0,H,France,Ligue 1,football-data.co.uk
league_9786e1394914d9e2,2017-05-06,LIGUE_1,2016-17,LEAGUE,,Lille,Metz,0,2,A,France,Ligue 1,football-data.co.uk
league_7060286747f0a5eb,2017-05-06,LIGUE_1,2016-17,LEAGUE,,Lorient,Angers,1,1,D,France,Ligue 1,football-data.co.uk
league_15be8423fa3f4e1c,2017-05-06,LIGUE_1,2016-17,LEAGUE,,Nancy,AS Monaco,0,3,A,France,Ligue 1,football-data.co.uk
league_de7d8f2404b7325a,2017-05-06,LIGUE_1,2016-17,LEAGUE,,Paris Saint-Germain FC,Bastia,5,0,H,France,Ligue 1,football-data.co.uk
league_a826c052fe871e6c,2017-05-06,LIGUE_1,2016-17,LEAGUE,,Toulouse,Caen,0,1,A,France,Ligue 1,football-data.co.uk
league_45d734625193a71c,2017-05-07,LIGUE_1,2016-17,LEAGUE,,Olympique Lyonnais,Nantes,3,2,H,France,Ligue 1,football-data.co.uk
league_7af3d477dc7a38d0,2017-05-07,LIGUE_1,2016-17,LEAGUE,,Olympique Marseille,Nice,2,1,H,France,Ligue 1,football-data.co.uk
league_ca6a3d552942a53e,2017-05-07,LIGUE_1,2016-17,LEAGUE,,Rennes,Montpellier,1,0,H,France,Ligue 1,football-data.co.uk
league_2fdbb2491bdb2782,2017-05-14,LIGUE_1,2016-17,LEAGUE,,AS Monaco,Lille,4,0,H,France,Ligue 1,football-data.co.uk
league_8abc1aa117aa488f,2017-05-14,LIGUE_1,2016-17,LEAGUE,,AS Saint-Étienne,Paris Saint-Germain FC,0,5,A,France,Ligue 1,football-data.co.uk
league_3fdd9959822e588f,2017-05-14,LIGUE_1,2016-17,LEAGUE,,Bastia,Lorient,2,0,H,France,Ligue 1,football-data.co.uk
league_6e20e5820267ad5c,2017-05-14,LIGUE_1,2016-17,LEAGUE,,Bordeaux,Olympique Marseille,1,1,D,France,Ligue 1,football-data.co.uk
league_4b7fb3045fad6f89,2017-05-14,LIGUE_1,2016-17,LEAGUE,,Caen,Rennes,0,1,A,France,Ligue 1,football-data.co.uk
league_28ba0b2921ef9d2b,2017-05-14,LIGUE_1,2016-17,LEAGUE,,Dijon,Nancy,2,0,H,France,Ligue 1,football-data.co.uk
league_3b623edccfb1bf45,2017-05-14,LIGUE_1,2016-17,LEAGUE,,Metz,Toulouse,1,1,D,France,Ligue 1,football-data.co.uk
league_ee9c8b68df58a171,2017-05-14,LIGUE_1,2016-17,LEAGUE,,Montpellier,Olympique Lyonnais,1,3,A,France,Ligue 1,football-data.co.uk
league_563f412f7075f4bb,2017-05-14,LIGUE_1,2016-17,LEAGUE,,Nantes,Guingamp,4,1,H,France,Ligue 1,football-data.co.uk
league_c6fd6e5957396ed8,2017-05-14,LIGUE_1,2016-17,LEAGUE,,Nice,Angers,0,2,A,France,Ligue 1,football-data.co.uk
league_75ccb8ad2600fa43,2017-05-17,LIGUE_1,2016-17,LEAGUE,,AS Monaco,AS Saint-Étienne,2,0,H,France,Ligue 1,football-data.co.uk
league_85fe3a936697ec7f,2017-05-20,LIGUE_1,2016-17,LEAGUE,,Angers,Montpellier,2,0,H,France,Ligue 1,football-data.co.uk
league_e2bd2b375bf3ab70,2017-05-20,LIGUE_1,2016-17,LEAGUE,,Guingamp,Metz,1,0,H,France,Ligue 1,football-data.co.uk
league_5b79be651b83cd2f,2017-05-20,LIGUE_1,2016-17,LEAGUE,,Lille,Nantes,3,0,H,France,Ligue 1,football-data.co.uk
league_053d35d01697f2f3,2017-05-20,LIGUE_1,2016-17,LEAGUE,,Lorient,Bordeaux,1,1,D,France,Ligue 1,football-data.co.uk
league_f82d00741f27c47b,2017-05-20,LIGUE_1,2016-17,LEAGUE,,Nancy,AS Saint-Étienne,3,1,H,France,Ligue 1,football-data.co.uk
league_61d5282153e570e1,2017-05-20,LIGUE_1,2016-17,LEAGUE,,Olympique Lyonnais,Nice,3,3,D,France,Ligue 1,football-data.co.uk
league_1cc8cbfc58233b37,2017-05-20,LIGUE_1,2016-17,LEAGUE,,Olympique Marseille,Bastia,1,0,H,France,Ligue 1,football-data.co.uk
league_9f1363e26ee0ee3d,2017-05-20,LIGUE_1,2016-17,LEAGUE,,Paris Saint-Germain FC,Caen,1,1,D,France,Ligue 1,football-data.co.uk
league_405c3eb5458df3b6,2017-05-20,LIGUE_1,2016-17,LEAGUE,,Rennes,AS Monaco,2,3,A,France,Ligue 1,football-data.co.uk
league_ff22033069b5a988,2017-05-20,LIGUE_1,2016-17,LEAGUE,,Toulouse,Dijon,0,0,D,France,Ligue 1,football-data.co.uk
league_157ec4bf6a380306,2017-08-04,LIGUE_1,2017-18,LEAGUE,,AS Monaco,Toulouse,3,2,H,France,Ligue 1,football-data.co.uk
league_84fddcec7dd6d5ef,2017-08-05,LIGUE_1,2017-18,LEAGUE,,AS Saint-Étienne,Nice,1,0,H,France,Ligue 1,football-data.co.uk
league_e33bc7b73c602dfa,2017-08-05,LIGUE_1,2017-18,LEAGUE,,Metz,Guingamp,1,3,A,France,Ligue 1,football-data.co.uk
league_5655199679fa4463,2017-08-05,LIGUE_1,2017-18,LEAGUE,,Montpellier,Caen,1,0,H,France,Ligue 1,football-data.co.uk
league_8005da4c8a2fe686,2017-08-05,LIGUE_1,2017-18,LEAGUE,,Olympique Lyonnais,Strasbourg,4,0,H,France,Ligue 1,football-data.co.uk
league_07ec8478bb4dad8c,2017-08-05,LIGUE_1,2017-18,LEAGUE,,Paris Saint-Germain FC,Amiens,2,0,H,France,Ligue 1,football-data.co.uk
league_f24b160f5613ec57,2017-08-05,LIGUE_1,2017-18,LEAGUE,,Troyes,Rennes,1,1,D,France,Ligue 1,football-data.co.uk
league_771f4f805208bb7c,2017-08-06,LIGUE_1,2017-18,LEAGUE,,Angers,Bordeaux,2,2,D,France,Ligue 1,football-data.co.uk
league_9344466d777e0c03,2017-08-06,LIGUE_1,2017-18,LEAGUE,,Lille,Nantes,3,0,H,France,Ligue 1,football-data.co.uk
league_32992bc134ae81c1,2017-08-06,LIGUE_1,2017-18,LEAGUE,,Olympique Marseille,Dijon,3,0,H,France,Ligue 1,football-data.co.uk
league_d6a6f4b6d0821284,2017-08-11,LIGUE_1,2017-18,LEAGUE,,Nice,Troyes,1,2,A,France,Ligue 1,football-data.co.uk
league_b94fc374e8c10bf1,2017-08-11,LIGUE_1,2017-18,LEAGUE,,Rennes,Olympique Lyonnais,1,2,A,France,Ligue 1,football-data.co.uk
league_ec38e13d554b3da5,2017-08-12,LIGUE_1,2017-18,LEAGUE,,Amiens,Angers,0,2,A,France,Ligue 1,football-data.co.uk
league_3d91b14aba770892,2017-08-12,LIGUE_1,2017-18,LEAGUE,,Bordeaux,Metz,2,0,H,France,Ligue 1,football-data.co.uk
league_0ddc9936423e3bf8,2017-08-12,LIGUE_1,2017-18,LEAGUE,,Caen,AS Saint-Étienne,0,1,A,France,Ligue 1,football-data.co.uk
league_0420eba817e26617,2017-08-12,LIGUE_1,2017-18,LEAGUE,,Nantes,Olympique Marseille,0,1,A,France,Ligue 1,football-data.co.uk
league_dcd6b4c64b5109ea,2017-08-12,LIGUE_1,2017-18,LEAGUE,,Toulouse,Montpellier,1,0,H,France,Ligue 1,football-data.co.uk
league_735ec456390a2203,2017-08-13,LIGUE_1,2017-18,LEAGUE,,Dijon,AS Monaco,1,4,A,France,Ligue 1,football-data.co.uk
league_0a82d6e7144b525d,2017-08-13,LIGUE_1,2017-18,LEAGUE,,Guingamp,Paris Saint-Germain FC,0,3,A,France,Ligue 1,football-data.co.uk
league_919a891a83c6c97a,2017-08-13,LIGUE_1,2017-18,LEAGUE,,Strasbourg,Lille,3,0,H,France,Ligue 1,football-data.co.uk
league_90d6ebc44274e9c3,2017-08-18,LIGUE_1,2017-18,LEAGUE,,Metz,AS Monaco,0,1,A,France,Ligue 1,football-data.co.uk
league_da2b08b00bba70d0,2017-08-19,LIGUE_1,2017-18,LEAGUE,,AS Saint-Étienne,Amiens,3,0,H,France,Ligue 1,football-data.co.uk
league_9f91889919a0a7d8,2017-08-19,LIGUE_1,2017-18,LEAGUE,,Montpellier,Strasbourg,1,1,D,France,Ligue 1,football-data.co.uk
league_b498c257aa6bc4c8,2017-08-19,LIGUE_1,2017-18,LEAGUE,,Nice,Guingamp,2,0,H,France,Ligue 1,football-data.co.uk
league_85fe4b80d65f9ba3,2017-08-19,LIGUE_1,2017-18,LEAGUE,,Olympique Lyonnais,Bordeaux,3,3,D,France,Ligue 1,football-data.co.uk
league_ffde9017bca0e424,2017-08-19,LIGUE_1,2017-18,LEAGUE,,Rennes,Dijon,2,2,D,France,Ligue 1,football-data.co.uk
league_483849026cf0b109,2017-08-19,LIGUE_1,2017-18,LEAGUE,,Troyes,Nantes,0,1,A,France,Ligue 1,football-data.co.uk
league_ea3e93e261fcbeb5,2017-08-20,LIGUE_1,2017-18,LEAGUE,,Lille,Caen,0,2,A,France,Ligue 1,football-data.co.uk
league_8ec26e7d44497fb5,2017-08-20,LIGUE_1,2017-18,LEAGUE,,Olympique Marseille,Angers,1,1,D,France,Ligue 1,football-data.co.uk
league_551bbc9378704eb4,2017-08-20,LIGUE_1,2017-18,LEAGUE,,Paris Saint-Germain FC,Toulouse,6,2,H,France,Ligue 1,football-data.co.uk
league_841b6c28e1c2f80b,2017-08-25,LIGUE_1,2017-18,LEAGUE,,Paris Saint-Germain FC,AS Saint-Étienne,3,0,H,France,Ligue 1,football-data.co.uk
league_21475e7151f30fa4,2017-08-26,LIGUE_1,2017-18,LEAGUE,,Amiens,Nice,3,0,H,France,Ligue 1,football-data.co.uk
league_8429f7e18b6ec25e,2017-08-26,LIGUE_1,2017-18,LEAGUE,,Bordeaux,Troyes,2,1,H,France,Ligue 1,football-data.co.uk
league_120c980c36ea34d1,2017-08-26,LIGUE_1,2017-18,LEAGUE,,Caen,Metz,1,0,H,France,Ligue 1,football-data.co.uk
league_69c922c9ab00ab50,2017-08-26,LIGUE_1,2017-18,LEAGUE,,Dijon,Montpellier,2,1,H,France,Ligue 1,football-data.co.uk
league_5482ca33f87e375c,2017-08-26,LIGUE_1,2017-18,LEAGUE,,Nantes,Olympique Lyonnais,0,0,D,France,Ligue 1,football-data.co.uk
league_e71a19b91f075814,2017-08-26,LIGUE_1,2017-18,LEAGUE,,Toulouse,Rennes,3,2,H,France,Ligue 1,football-data.co.uk
league_65f3fef7a15c3754,2017-08-27,LIGUE_1,2017-18,LEAGUE,,AS Monaco,Olympique Marseille,6,1,H,France,Ligue 1,football-data.co.uk
league_1f6f17f146930fa2,2017-08-27,LIGUE_1,2017-18,LEAGUE,,Angers,Lille,1,1,D,France,Ligue 1,football-data.co.uk
league_7d9b710b2d5738de,2017-08-27,LIGUE_1,2017-18,LEAGUE,,Guingamp,Strasbourg,2,0,H,France,Ligue 1,football-data.co.uk
league_fc9d4b22141c681a,2017-09-08,LIGUE_1,2017-18,LEAGUE,,Lille,Bordeaux,0,0,D,France,Ligue 1,football-data.co.uk
league_175271e5a7f85461,2017-09-08,LIGUE_1,2017-18,LEAGUE,,Metz,Paris Saint-Germain FC,1,5,A,France,Ligue 1,football-data.co.uk
league_ae3b89553666ae6e,2017-09-09,LIGUE_1,2017-18,LEAGUE,,Caen,Dijon,2,1,H,France,Ligue 1,football-data.co.uk
league_9edaecd808ee5e68,2017-09-09,LIGUE_1,2017-18,LEAGUE,,Montpellier,Nantes,0,1,A,France,Ligue 1,football-data.co.uk
league_8ff40aa52173795f,2017-09-09,LIGUE_1,2017-18,LEAGUE,,Nice,AS Monaco,4,0,H,France,Ligue 1,football-data.co.uk
league_3e92629b1c8df04a,2017-09-09,LIGUE_1,2017-18,LEAGUE,,Strasbourg,Amiens,0,1,A,France,Ligue 1,football-data.co.uk
league_9297a2b8d7838456,2017-09-09,LIGUE_1,2017-18,LEAGUE,,Troyes,Toulouse,0,0,D,France,Ligue 1,football-data.co.uk
league_5497a68317da9122,2017-09-10,LIGUE_1,2017-18,LEAGUE,,AS Saint-Étienne,Angers,1,1,D,France,Ligue 1,football-data.co.uk
league_e65e26888e7ebe17,2017-09-10,LIGUE_1,2017-18,LEAGUE,,Olympique Lyonnais,Guingamp,2,1,H,France,Ligue 1,football-data.co.uk
league_63cc31821ac0cb67,2017-09-10,LIGUE_1,2017-18,LEAGUE,,Olympique Marseille,Rennes,1,3,A,France,Ligue 1,football-data.co.uk
league_17be2bc250b6ad27,2017-09-15,LIGUE_1,2017-18,LEAGUE,,Toulouse,Bordeaux,0,1,A,France,Ligue 1,football-data.co.uk
league_c4144fb91e9ab3fa,2017-09-16,LIGUE_1,2017-18,LEAGUE,,AS Monaco,Strasbourg,3,0,H,France,Ligue 1,football-data.co.uk
league_4dfc64d1514d35dd,2017-09-16,LIGUE_1,2017-18,LEAGUE,,Dijon,AS Saint-Étienne,0,1,A,France,Ligue 1,football-data.co.uk
league_a4aa910f351c776f,2017-09-16,LIGUE_1,2017-18,LEAGUE,,Guingamp,Lille,1,0,H,France,Ligue 1,football-data.co.uk
league_2006a053fcfb0111,2017-09-16,LIGUE_1,2017-18,LEAGUE,,Nantes,Caen,1,0,H,France,Ligue 1,football-data.co.uk
league_522a6c8f35c4c89f,2017-09-16,LIGUE_1,2017-18,LEAGUE,,Troyes,Montpellier,0,1,A,France,Ligue 1,football-data.co.uk
league_c8ff0f000dc1adb9,2017-09-17,LIGUE_1,2017-18,LEAGUE,,Amiens,Olympique Marseille,0,2,A,France,Ligue 1,football-data.co.uk
league_94e13a93ce0e8fa2,2017-09-17,LIGUE_1,2017-18,LEAGUE,,Angers,Metz,0,1,A,France,Ligue 1,football-data.co.uk
league_24921080a1716478,2017-09-17,LIGUE_1,2017-18,LEAGUE,,Paris Saint-Germain FC,Olympique Lyonnais,2,0,H,France,Ligue 1,football-data.co.uk
league_cbf12ac26642fdab,2017-09-17,LIGUE_1,2017-18,LEAGUE,,Rennes,Nice,0,1,A,France,Ligue 1,football-data.co.uk
league_c39dc1acc3325ed3,2017-09-22,LIGUE_1,2017-18,LEAGUE,,Lille,AS Monaco,0,4,A,France,Ligue 1,football-data.co.uk
league_6125201c32d56a0f,2017-09-22,LIGUE_1,2017-18,LEAGUE,,Nice,Angers,2,2,D,France,Ligue 1,football-data.co.uk
league_b0ebfc6673e5fe83,2017-09-23,LIGUE_1,2017-18,LEAGUE,,Bordeaux,Guingamp,3,1,H,France,Ligue 1,football-data.co.uk
league_a37c84f622b81002,2017-09-23,LIGUE_1,2017-18,LEAGUE,,Caen,Amiens,1,0,H,France,Ligue 1,football-data.co.uk
league_c7cabd7ba1230e0d,2017-09-23,LIGUE_1,2017-18,LEAGUE,,Metz,Troyes,0,1,A,France,Ligue 1,football-data.co.uk
league_c14b3f66dd42bc30,2017-09-23,LIGUE_1,2017-18,LEAGUE,,Montpellier,Paris Saint-Germain FC,0,0,D,France,Ligue 1,football-data.co.uk
league_d6acdc07c828824b,2017-09-23,LIGUE_1,2017-18,LEAGUE,,Olympique Lyonnais,Dijon,3,3,D,France,Ligue 1,football-data.co.uk
league_e0ce102f05455817,2017-09-24,LIGUE_1,2017-18,LEAGUE,,AS Saint-Étienne,Rennes,2,2,D,France,Ligue 1,football-data.co.uk
league_7d03bd6fa80f63e2,2017-09-24,LIGUE_1,2017-18,LEAGUE,,Olympique Marseille,Toulouse,2,0,H,France,Ligue 1,football-data.co.uk
league_4376399f4a5b9492,2017-09-24,LIGUE_1,2017-18,LEAGUE,,Strasbourg,Nantes,1,2,A,France,Ligue 1,football-data.co.uk
league_9b87e180b7a55f13,2017-09-29,LIGUE_1,2017-18,LEAGUE,,AS Monaco,Montpellier,1,1,D,France,Ligue 1,football-data.co.uk
league_7b22715d1aa05539,2017-09-30,LIGUE_1,2017-18,LEAGUE,,Dijon,Strasbourg,1,1,D,France,Ligue 1,football-data.co.uk
league_3b8adc18beda987c,2017-09-30,LIGUE_1,2017-18,LEAGUE,,Guingamp,Toulouse,1,1,D,France,Ligue 1,football-data.co.uk
league_b89adbd11d1a0f33,2017-09-30,LIGUE_1,2017-18,LEAGUE,,Nantes,Metz,1,0,H,France,Ligue 1,football-data.co.uk
league_ae093a5f9f6abd48,2017-09-30,LIGUE_1,2017-18,LEAGUE,,Paris Saint-Germain FC,Bordeaux,6,2,H,France,Ligue 1,football-data.co.uk
league_7b2ff161ed998626,2017-09-30,LIGUE_1,2017-18,LEAGUE,,Rennes,Caen,0,1,A,France,Ligue 1,football-data.co.uk
league_3201a9f817264d06,2017-10-01,LIGUE_1,2017-18,LEAGUE,,Angers,Olympique Lyonnais,3,3,D,France,Ligue 1,football-data.co.uk
league_ce39de3295b8d135,2017-10-01,LIGUE_1,2017-18,LEAGUE,,Nice,Olympique Marseille,2,4,A,France,Ligue 1,football-data.co.uk
league_9a59885086d06906,2017-10-01,LIGUE_1,2017-18,LEAGUE,,Troyes,AS Saint-Étienne,2,1,H,France,Ligue 1,football-data.co.uk
league_179e74d7b90756a1,2017-10-13,LIGUE_1,2017-18,LEAGUE,,Olympique Lyonnais,AS Monaco,3,2,H,France,Ligue 1,football-data.co.uk
league_053537c215020797,2017-10-14,LIGUE_1,2017-18,LEAGUE,,AS Saint-Étienne,Metz,3,1,H,France,Ligue 1,football-data.co.uk
league_08109c444f3ef3c1,2017-10-14,LIGUE_1,2017-18,LEAGUE,,Caen,Angers,0,2,A,France,Ligue 1,football-data.co.uk
league_c19eeaea1631f325,2017-10-14,LIGUE_1,2017-18,LEAGUE,,Dijon,Paris Saint-Germain FC,1,2,A,France,Ligue 1,football-data.co.uk
league_c27a4b78c2410ca8,2017-10-14,LIGUE_1,2017-18,LEAGUE,,Guingamp,Rennes,2,0,H,France,Ligue 1,football-data.co.uk
league_f33ab17798bfe01e,2017-10-14,LIGUE_1,2017-18,LEAGUE,,Lille,Troyes,2,2,D,France,Ligue 1,football-data.co.uk
league_85b56ab4930a4617,2017-10-14,LIGUE_1,2017-18,LEAGUE,,Toulouse,Amiens,1,0,H,France,Ligue 1,football-data.co.uk
league_b35fb3fc0d07fb59,2017-10-15,LIGUE_1,2017-18,LEAGUE,,Bordeaux,Nantes,1,1,D,France,Ligue 1,football-data.co.uk
league_9f592a872276d121,2017-10-15,LIGUE_1,2017-18,LEAGUE,,Montpellier,Nice,2,0,H,France,Ligue 1,football-data.co.uk
league_decf0b259137ac45,2017-10-15,LIGUE_1,2017-18,LEAGUE,,Strasbourg,Olympique Marseille,3,3,D,France,Ligue 1,football-data.co.uk
league_bd68a621ff0d69bd,2017-10-20,LIGUE_1,2017-18,LEAGUE,,AS Saint-Étienne,Montpellier,0,1,A,France,Ligue 1,football-data.co.uk
league_f233b1d53691e7fb,2017-10-21,LIGUE_1,2017-18,LEAGUE,,AS Monaco,Caen,2,0,H,France,Ligue 1,football-data.co.uk
league_de9ec84df23099fc,2017-10-21,LIGUE_1,2017-18,LEAGUE,,Amiens,Bordeaux,1,0,H,France,Ligue 1,football-data.co.uk
league_9b687f9d2eb4a9ce,2017-10-21,LIGUE_1,2017-18,LEAGUE,,Angers,Toulouse,0,1,A,France,Ligue 1,football-data.co.uk
league_f91168f504b977e6,2017-10-21,LIGUE_1,2017-18,LEAGUE,,Metz,Dijon,1,2,A,France,Ligue 1,football-data.co.uk
league_2e55ffcacc402988,2017-10-21,LIGUE_1,2017-18,LEAGUE,,Nantes,Guingamp,2,1,H,France,Ligue 1,football-data.co.uk
league_beedca2a54998d15,2017-10-21,LIGUE_1,2017-18,LEAGUE,,Rennes,Lille,1,0,H,France,Ligue 1,football-data.co.uk
league_19dccb9639cd821b,2017-10-22,LIGUE_1,2017-18,LEAGUE,,Nice,Strasbourg,1,2,A,France,Ligue 1,football-data.co.uk
league_81f6620711dea140,2017-10-22,LIGUE_1,2017-18,LEAGUE,,Olympique Marseille,Paris Saint-Germain FC,2,2,D,France,Ligue 1,football-data.co.uk
league_fe98c9c5511a26ff,2017-10-22,LIGUE_1,2017-18,LEAGUE,,Troyes,Olympique Lyonnais,0,5,A,France,Ligue 1,football-data.co.uk
league_2b534d6e85a2feaa,2017-10-27,LIGUE_1,2017-18,LEAGUE,,Paris Saint-Germain FC,Nice,3,0,H,France,Ligue 1,football-data.co.uk
league_63b9201330020af5,2017-10-28,LIGUE_1,2017-18,LEAGUE,,Bordeaux,AS Monaco,0,2,A,France,Ligue 1,football-data.co.uk
league_0a7fb58316867296,2017-10-28,LIGUE_1,2017-18,LEAGUE,,Caen,Troyes,1,0,H,France,Ligue 1,football-data.co.uk
league_ad8ab4f2ab89802f,2017-10-28,LIGUE_1,2017-18,LEAGUE,,Dijon,Nantes,1,0,H,France,Ligue 1,football-data.co.uk
league_2cf6b7c77e0b8934,2017-10-28,LIGUE_1,2017-18,LEAGUE,,Guingamp,Amiens,1,1,D,France,Ligue 1,football-data.co.uk
league_4e70514efc6a8fbd,2017-10-28,LIGUE_1,2017-18,LEAGUE,,Montpellier,Rennes,0,1,A,France,Ligue 1,football-data.co.uk
league_5a3d2ffde8aa4ef7,2017-10-28,LIGUE_1,2017-18,LEAGUE,,Strasbourg,Angers,2,2,D,France,Ligue 1,football-data.co.uk
league_a8b0a919674bd7f0,2017-10-29,LIGUE_1,2017-18,LEAGUE,,Lille,Olympique Marseille,0,1,A,France,Ligue 1,football-data.co.uk
league_db2cad0aa0cf43e6,2017-10-29,LIGUE_1,2017-18,LEAGUE,,Olympique Lyonnais,Metz,2,0,H,France,Ligue 1,football-data.co.uk
league_d38ec83969fae547,2017-10-29,LIGUE_1,2017-18,LEAGUE,,Toulouse,AS Saint-Étienne,0,0,D,France,Ligue 1,football-data.co.uk
league_28286beb27c19f05,2017-11-03,LIGUE_1,2017-18,LEAGUE,,Rennes,Bordeaux,1,0,H,France,Ligue 1,football-data.co.uk
league_2eb148cc81841877,2017-11-04,LIGUE_1,2017-18,LEAGUE,,AS Monaco,Guingamp,6,0,H,France,Ligue 1,football-data.co.uk
league_8188cee2a755d267,2017-11-04,LIGUE_1,2017-18,LEAGUE,,Angers,Paris Saint-Germain FC,0,5,A,France,Ligue 1,football-data.co.uk
league_eebf0a46233cfd26,2017-11-04,LIGUE_1,2017-18,LEAGUE,,Montpellier,Amiens,1,1,D,France,Ligue 1,football-data.co.uk
league_d49f86038976a551,2017-11-04,LIGUE_1,2017-18,LEAGUE,,Nantes,Toulouse,2,1,H,France,Ligue 1,football-data.co.uk
league_8f9e8e3d619b0fd5,2017-11-04,LIGUE_1,2017-18,LEAGUE,,Troyes,Strasbourg,3,0,H,France,Ligue 1,football-data.co.uk
league_19df774c51c4b30d,2017-11-05,LIGUE_1,2017-18,LEAGUE,,AS Saint-Étienne,Olympique Lyonnais,0,5,A,France,Ligue 1,football-data.co.uk
league_f54fe497283ea2b7,2017-11-05,LIGUE_1,2017-18,LEAGUE,,Metz,Lille,0,3,A,France,Ligue 1,football-data.co.uk
league_2530e87cf64857e1,2017-11-05,LIGUE_1,2017-18,LEAGUE,,Nice,Dijon,1,0,H,France,Ligue 1,football-data.co.uk
league_cb1a0c8d60dad92e,2017-11-05,LIGUE_1,2017-18,LEAGUE,,Olympique Marseille,Caen,5,0,H,France,Ligue 1,football-data.co.uk
league_c2d83dc7d9b0121c,2017-11-17,LIGUE_1,2017-18,LEAGUE,,Amiens,AS Monaco,1,1,D,France,Ligue 1,football-data.co.uk
league_bb5f55f3c8f69b78,2017-11-17,LIGUE_1,2017-18,LEAGUE,,Lille,AS Saint-Étienne,3,1,H,France,Ligue 1,football-data.co.uk
league_40bc8a8e03e10cc1,2017-11-18,LIGUE_1,2017-18,LEAGUE,,Dijon,Troyes,3,1,H,France,Ligue 1,football-data.co.uk
league_d8e0a7c375f801e2,2017-11-18,LIGUE_1,2017-18,LEAGUE,,Guingamp,Angers,1,1,D,France,Ligue 1,football-data.co.uk
league_f2f2828321f3cd75,2017-11-18,LIGUE_1,2017-18,LEAGUE,,Paris Saint-Germain FC,Nantes,4,1,H,France,Ligue 1,football-data.co.uk
league_5df6f4f1e361b5af,2017-11-18,LIGUE_1,2017-18,LEAGUE,,Strasbourg,Rennes,2,1,H,France,Ligue 1,football-data.co.uk
league_0f06f54112ff5976,2017-11-18,LIGUE_1,2017-18,LEAGUE,,Toulouse,Metz,0,0,D,France,Ligue 1,football-data.co.uk
league_bb722ce0cba60af1,2017-11-19,LIGUE_1,2017-18,LEAGUE,,Bordeaux,Olympique Marseille,1,1,D,France,Ligue 1,football-data.co.uk
league_40fbe50cca88abf0,2017-11-19,LIGUE_1,2017-18,LEAGUE,,Caen,Nice,1,1,D,France,Ligue 1,football-data.co.uk
league_8fd723ac7bbb0bc4,2017-11-19,LIGUE_1,2017-18,LEAGUE,,Olympique Lyonnais,Montpellier,0,0,D,France,Ligue 1,football-data.co.uk
league_4135263a89a27628,2017-11-20,LIGUE_1,2017-18,LEAGUE,,Amiens,Lille,3,0,H,France,Ligue 1,football-data.co.uk
league_b6b1c872282c7e3c,2017-11-24,LIGUE_1,2017-18,LEAGUE,,AS Saint-Étienne,Strasbourg,2,2,D,France,Ligue 1,football-data.co.uk
league_e9869346806526b0,2017-11-25,LIGUE_1,2017-18,LEAGUE,,Caen,Bordeaux,1,0,H,France,Ligue 1,football-data.co.uk
league_2f4b919051b10ed9,2017-11-25,LIGUE_1,2017-18,LEAGUE,,Dijon,Toulouse,3,1,H,France,Ligue 1,football-data.co.uk
league_a614e4a6600549a8,2017-11-25,LIGUE_1,2017-18,LEAGUE,,Metz,Amiens,0,2,A,France,Ligue 1,football-data.co.uk
league_5fc3dc0d4b5e684c,2017-11-25,LIGUE_1,2017-18,LEAGUE,,Montpellier,Lille,3,0,H,France,Ligue 1,football-data.co.uk
league_98861a82464c196a,2017-11-25,LIGUE_1,2017-18,LEAGUE,,Rennes,Nantes,2,1,H,France,Ligue 1,football-data.co.uk
league_19655552d7482068,2017-11-25,LIGUE_1,2017-18,LEAGUE,,Troyes,Angers,3,0,H,France,Ligue 1,football-data.co.uk
league_32d4a724128f4bca,2017-11-26,LIGUE_1,2017-18,LEAGUE,,AS Monaco,Paris Saint-Germain FC,1,2,A,France,Ligue 1,football-data.co.uk
league_ddf6bb597ceab3b4,2017-11-26,LIGUE_1,2017-18,LEAGUE,,Nice,Olympique Lyonnais,0,5,A,France,Ligue 1,football-data.co.uk
league_8160f9c49781331b,2017-11-26,LIGUE_1,2017-18,LEAGUE,,Olympique Marseille,Guingamp,1,0,H,France,Ligue 1,football-data.co.uk
league_10b2018526fad299,2017-11-28,LIGUE_1,2017-18,LEAGUE,,Amiens,Dijon,2,1,H,France,Ligue 1,football-data.co.uk
league_b92977f68ebdbf69,2017-11-28,LIGUE_1,2017-18,LEAGUE,,Bordeaux,AS Saint-Étienne,3,0,H,France,Ligue 1,football-data.co.uk
league_8895ee3321fbf791,2017-11-28,LIGUE_1,2017-18,LEAGUE,,Strasbourg,Caen,0,0,D,France,Ligue 1,football-data.co.uk
league_aee61ad692823e0b,2017-11-29,LIGUE_1,2017-18,LEAGUE,,Angers,Rennes,1,2,A,France,Ligue 1,football-data.co.uk
league_2dd10fbdb634874d,2017-11-29,LIGUE_1,2017-18,LEAGUE,,Guingamp,Montpellier,0,0,D,France,Ligue 1,football-data.co.uk
league_e5d42e94b104856e,2017-11-29,LIGUE_1,2017-18,LEAGUE,,Metz,Olympique Marseille,0,3,A,France,Ligue 1,football-data.co.uk
league_89e0a791682fe9b0,2017-11-29,LIGUE_1,2017-18,LEAGUE,,Nantes,AS Monaco,1,0,H,France,Ligue 1,football-data.co.uk
league_0d5f2d88a559f25f,2017-11-29,LIGUE_1,2017-18,LEAGUE,,Olympique Lyonnais,Lille,1,2,A,France,Ligue 1,football-data.co.uk
league_af9ccf1b81512dd5,2017-11-29,LIGUE_1,2017-18,LEAGUE,,Paris Saint-Germain FC,Troyes,2,0,H,France,Ligue 1,football-data.co.uk
league_af5e52dcc0652e49,2017-11-29,LIGUE_1,2017-18,LEAGUE,,Toulouse,Nice,1,2,A,France,Ligue 1,football-data.co.uk
league_02aee1188b0c2c4b,2017-12-01,LIGUE_1,2017-18,LEAGUE,,Dijon,Bordeaux,3,2,H,France,Ligue 1,football-data.co.uk
league_07a227e01aa42ca2,2017-12-02,LIGUE_1,2017-18,LEAGUE,,AS Monaco,Angers,1,0,H,France,Ligue 1,football-data.co.uk
league_fc97d83b5b5f8a2b,2017-12-02,LIGUE_1,2017-18,LEAGUE,,Lille,Toulouse,1,0,H,France,Ligue 1,football-data.co.uk
league_0fa7dfe7e73ca9c5,2017-12-02,LIGUE_1,2017-18,LEAGUE,,Nice,Metz,3,1,H,France,Ligue 1,football-data.co.uk
league_3a3e92f99214bc92,2017-12-02,LIGUE_1,2017-18,LEAGUE,,Rennes,Amiens,2,0,H,France,Ligue 1,football-data.co.uk
league_26c0e7c332b90472,2017-12-02,LIGUE_1,2017-18,LEAGUE,,Strasbourg,Paris Saint-Germain FC,2,1,H,France,Ligue 1,football-data.co.uk
league_9141fb120b9aa35f,2017-12-02,LIGUE_1,2017-18,LEAGUE,,Troyes,Guingamp,0,1,A,France,Ligue 1,football-data.co.uk
league_797af7a274d93b21,2017-12-03,LIGUE_1,2017-18,LEAGUE,,AS Saint-Étienne,Nantes,1,1,D,France,Ligue 1,football-data.co.uk
league_fea4b11fcc3d98ee,2017-12-03,LIGUE_1,2017-18,LEAGUE,,Caen,Olympique Lyonnais,1,2,A,France,Ligue 1,football-data.co.uk
league_e63dbcceba5528ed,2017-12-03,LIGUE_1,2017-18,LEAGUE,,Montpellier,Olympique Marseille,1,1,D,France,Ligue 1,football-data.co.uk
league_33513cf154d21c50,2017-12-08,LIGUE_1,2017-18,LEAGUE,,Bordeaux,Strasbourg,0,3,A,France,Ligue 1,football-data.co.uk
league_b7e55025b6e4c22f,2017-12-09,LIGUE_1,2017-18,LEAGUE,,AS Monaco,Troyes,3,2,H,France,Ligue 1,football-data.co.uk
league_cad079506d57356d,2017-12-09,LIGUE_1,2017-18,LEAGUE,,Angers,Montpellier,1,1,D,France,Ligue 1,football-data.co.uk
league_82c0d90bd1b5a110,2017-12-09,LIGUE_1,2017-18,LEAGUE,,Guingamp,Dijon,4,0,H,France,Ligue 1,football-data.co.uk
league_fccca51d11435d66,2017-12-09,LIGUE_1,2017-18,LEAGUE,,Metz,Rennes,1,1,D,France,Ligue 1,football-data.co.uk
league_c9a3d75dec96dc21,2017-12-09,LIGUE_1,2017-18,LEAGUE,,Paris Saint-Germain FC,Lille,3,1,H,France,Ligue 1,football-data.co.uk
league_67fa6c8ad3c6c192,2017-12-09,LIGUE_1,2017-18,LEAGUE,,Toulouse,Caen,2,0,H,France,Ligue 1,football-data.co.uk
league_0668136d4fd98f6a,2017-12-10,LIGUE_1,2017-18,LEAGUE,,Amiens,Olympique Lyonnais,1,2,A,France,Ligue 1,football-data.co.uk
league_f8f31cd2de9ccd31,2017-12-10,LIGUE_1,2017-18,LEAGUE,,Nantes,Nice,1,2,A,France,Ligue 1,football-data.co.uk
league_a6851e04f6d12908,2017-12-10,LIGUE_1,2017-18,LEAGUE,,Olympique Marseille,AS Saint-Étienne,3,0,H,France,Ligue 1,football-data.co.uk
league_1d0556759aac3142,2017-12-15,LIGUE_1,2017-18,LEAGUE,,AS Saint-Étienne,AS Monaco,0,4,A,France,Ligue 1,football-data.co.uk
league_4076960b542c5d5e,2017-12-16,LIGUE_1,2017-18,LEAGUE,,Caen,Guingamp,0,0,D,France,Ligue 1,football-data.co.uk
league_4156ef47e39db6f6,2017-12-16,LIGUE_1,2017-18,LEAGUE,,Dijon,Lille,3,0,H,France,Ligue 1,football-data.co.uk
league_a059dcf54f41e9ee,2017-12-16,LIGUE_1,2017-18,LEAGUE,,Montpellier,Metz,1,3,A,France,Ligue 1,football-data.co.uk
league_fa7d01f6525bd31a,2017-12-16,LIGUE_1,2017-18,LEAGUE,,Rennes,Paris Saint-Germain FC,1,4,A,France,Ligue 1,football-data.co.uk
league_c4c0fcdc9cfdeff9,2017-12-16,LIGUE_1,2017-18,LEAGUE,,Strasbourg,Toulouse,2,1,H,France,Ligue 1,football-data.co.uk
league_22362402a7e92d3e,2017-12-16,LIGUE_1,2017-18,LEAGUE,,Troyes,Amiens,1,0,H,France,Ligue 1,football-data.co.uk
league_ee5a0967ed683ce4,2017-12-17,LIGUE_1,2017-18,LEAGUE,,Nantes,Angers,1,0,H,France,Ligue 1,football-data.co.uk
league_197a0903b707fea6,2017-12-17,LIGUE_1,2017-18,LEAGUE,,Nice,Bordeaux,1,0,H,France,Ligue 1,football-data.co.uk
league_ac4a9c031f435c30,2017-12-17,LIGUE_1,2017-18,LEAGUE,,Olympique Lyonnais,Olympique Marseille,2,0,H,France,Ligue 1,football-data.co.uk
league_ba4a8b459a9b12ea,2017-12-20,LIGUE_1,2017-18,LEAGUE,,AS Monaco,Rennes,2,1,H,France,Ligue 1,football-data.co.uk
league_f935e69a3216667a,2017-12-20,LIGUE_1,2017-18,LEAGUE,,Amiens,Nantes,0,1,A,France,Ligue 1,football-data.co.uk
league_c347eb3162c567eb,2017-12-20,LIGUE_1,2017-18,LEAGUE,,Angers,Dijon,2,1,H,France,Ligue 1,football-data.co.uk
league_3b83c8ebb103cc4a,2017-12-20,LIGUE_1,2017-18,LEAGUE,,Bordeaux,Montpellier,0,2,A,France,Ligue 1,football-data.co.uk
league_ba0b89c209cd8065,2017-12-20,LIGUE_1,2017-18,LEAGUE,,Guingamp,AS Saint-Étienne,2,1,H,France,Ligue 1,football-data.co.uk
league_543ab268d1b26624,2017-12-20,LIGUE_1,2017-18,LEAGUE,,Lille,Nice,1,1,D,France,Ligue 1,football-data.co.uk
league_12bee4da6996b4cb,2017-12-20,LIGUE_1,2017-18,LEAGUE,,Metz,Strasbourg,3,0,H,France,Ligue 1,football-data.co.uk
league_be264965b5c840d3,2017-12-20,LIGUE_1,2017-18,LEAGUE,,Olympique Marseille,Troyes,3,1,H,France,Ligue 1,football-data.co.uk
league_03217ba889a29d82,2017-12-20,LIGUE_1,2017-18,LEAGUE,,Paris Saint-Germain FC,Caen,3,1,H,France,Ligue 1,football-data.co.uk
league_4fa86c5b5e4c644a,2017-12-20,LIGUE_1,2017-18,LEAGUE,,Toulouse,Olympique Lyonnais,1,2,A,France,Ligue 1,football-data.co.uk
league_192dcceeeb265509,2018-01-12,LIGUE_1,2017-18,LEAGUE,,Strasbourg,Guingamp,0,2,A,France,Ligue 1,football-data.co.uk
league_14ef32ac5cee7def,2018-01-13,LIGUE_1,2017-18,LEAGUE,,Caen,Lille,0,1,A,France,Ligue 1,football-data.co.uk
league_78d10a0e5db04e23,2018-01-13,LIGUE_1,2017-18,LEAGUE,,Dijon,Metz,1,1,D,France,Ligue 1,football-data.co.uk
league_ac6e6f4859ef970d,2018-01-13,LIGUE_1,2017-18,LEAGUE,,Montpellier,AS Monaco,0,0,D,France,Ligue 1,football-data.co.uk
league_3121c98255efa13d,2018-01-13,LIGUE_1,2017-18,LEAGUE,,Nice,Amiens,1,0,H,France,Ligue 1,football-data.co.uk
league_e71d32200e0c0a9c,2018-01-13,LIGUE_1,2017-18,LEAGUE,,Rennes,Olympique Marseille,0,3,A,France,Ligue 1,football-data.co.uk
league_25ad735511e7779c,2018-01-13,LIGUE_1,2017-18,LEAGUE,,Troyes,Bordeaux,0,1,A,France,Ligue 1,football-data.co.uk
league_6e5d027363dfb28b,2018-01-14,LIGUE_1,2017-18,LEAGUE,,AS Saint-Étienne,Toulouse,2,0,H,France,Ligue 1,football-data.co.uk
league_94ef0d0841a1bb8d,2018-01-14,LIGUE_1,2017-18,LEAGUE,,Nantes,Paris Saint-Germain FC,0,1,A,France,Ligue 1,football-data.co.uk
league_7a8620998a6de85f,2018-01-14,LIGUE_1,2017-18,LEAGUE,,Olympique Lyonnais,Angers,1,1,D,France,Ligue 1,football-data.co.uk
league_7782e51c268bc75b,2018-01-16,LIGUE_1,2017-18,LEAGUE,,AS Monaco,Nice,2,2,D,France,Ligue 1,football-data.co.uk
league_cb5cf0adce6389c4,2018-01-16,LIGUE_1,2017-18,LEAGUE,,Bordeaux,Caen,0,2,A,France,Ligue 1,football-data.co.uk
league_4015cf341f0ecf81,2018-01-16,LIGUE_1,2017-18,LEAGUE,,Olympique Marseille,Strasbourg,2,0,H,France,Ligue 1,football-data.co.uk
league_5a9b7bd92f010985,2018-01-17,LIGUE_1,2017-18,LEAGUE,,Amiens,Montpellier,1,1,D,France,Ligue 1,football-data.co.uk
league_e6e764cdc5577a77,2018-01-17,LIGUE_1,2017-18,LEAGUE,,Angers,Troyes,3,1,H,France,Ligue 1,football-data.co.uk
league_c5be60036b9160e5,2018-01-17,LIGUE_1,2017-18,LEAGUE,,Guingamp,Olympique Lyonnais,0,2,A,France,Ligue 1,football-data.co.uk
league_54db77dd5c82d291,2018-01-17,LIGUE_1,2017-18,LEAGUE,,Lille,Rennes,1,2,A,France,Ligue 1,football-data.co.uk
league_8132911df6a5c1c9,2018-01-17,LIGUE_1,2017-18,LEAGUE,,Metz,AS Saint-Étienne,3,0,H,France,Ligue 1,football-data.co.uk
league_d23f9e5df1f09450,2018-01-17,LIGUE_1,2017-18,LEAGUE,,Paris Saint-Germain FC,Dijon,8,0,H,France,Ligue 1,football-data.co.uk
league_08f0b44e0e3cf1fa,2018-01-17,LIGUE_1,2017-18,LEAGUE,,Toulouse,Nantes,1,1,D,France,Ligue 1,football-data.co.uk
league_89571162cdcf097a,2018-01-19,LIGUE_1,2017-18,LEAGUE,,Caen,Olympique Marseille,0,2,A,France,Ligue 1,football-data.co.uk
league_de8fdd987940e648,2018-01-20,LIGUE_1,2017-18,LEAGUE,,Amiens,Guingamp,3,1,H,France,Ligue 1,football-data.co.uk
league_3c2cbddf2cca5ca6,2018-01-20,LIGUE_1,2017-18,LEAGUE,,Montpellier,Toulouse,2,1,H,France,Ligue 1,football-data.co.uk
league_5247d41335a8f68c,2018-01-20,LIGUE_1,2017-18,LEAGUE,,Nantes,Bordeaux,0,1,A,France,Ligue 1,football-data.co.uk
league_ba3c0b859399fe37,2018-01-20,LIGUE_1,2017-18,LEAGUE,,Rennes,Angers,1,0,H,France,Ligue 1,football-data.co.uk
league_540ce5d302929e52,2018-01-20,LIGUE_1,2017-18,LEAGUE,,Strasbourg,Dijon,3,2,H,France,Ligue 1,football-data.co.uk
league_9d04e422c086289a,2018-01-20,LIGUE_1,2017-18,LEAGUE,,Troyes,Lille,1,0,H,France,Ligue 1,football-data.co.uk
league_58380f34e9c03394,2018-01-21,LIGUE_1,2017-18,LEAGUE,,AS Monaco,Metz,3,1,H,France,Ligue 1,football-data.co.uk
league_8bd71e372dbc5ecb,2018-01-21,LIGUE_1,2017-18,LEAGUE,,Nice,AS Saint-Étienne,1,0,H,France,Ligue 1,football-data.co.uk
league_02b0ff87cd4e6082,2018-01-21,LIGUE_1,2017-18,LEAGUE,,Olympique Lyonnais,Paris Saint-Germain FC,2,1,H,France,Ligue 1,football-data.co.uk
league_49f747b7dad03e00,2018-01-26,LIGUE_1,2017-18,LEAGUE,,Dijon,Rennes,2,1,H,France,Ligue 1,football-data.co.uk
league_782918222bbfa6d0,2018-01-27,LIGUE_1,2017-18,LEAGUE,,AS Saint-Étienne,Caen,2,1,H,France,Ligue 1,football-data.co.uk
league_564213420fb87401,2018-01-27,LIGUE_1,2017-18,LEAGUE,,Angers,Amiens,1,0,H,France,Ligue 1,football-data.co.uk
league_ed7a58adadfbee9b,2018-01-27,LIGUE_1,2017-18,LEAGUE,,Guingamp,Nantes,0,3,A,France,Ligue 1,football-data.co.uk
league_d7687a0d3f1813b0,2018-01-27,LIGUE_1,2017-18,LEAGUE,,Metz,Nice,2,1,H,France,Ligue 1,football-data.co.uk
league_dca24c03addf17d0,2018-01-27,LIGUE_1,2017-18,LEAGUE,,Paris Saint-Germain FC,Montpellier,4,0,H,France,Ligue 1,football-data.co.uk
league_4e44a7eb4330206e,2018-01-27,LIGUE_1,2017-18,LEAGUE,,Toulouse,Troyes,1,0,H,France,Ligue 1,football-data.co.uk
league_37f5a8842f51e808,2018-01-28,LIGUE_1,2017-18,LEAGUE,,Bordeaux,Olympique Lyonnais,3,1,H,France,Ligue 1,football-data.co.uk
league_b374121208771008,2018-01-28,LIGUE_1,2017-18,LEAGUE,,Lille,Strasbourg,2,1,H,France,Ligue 1,football-data.co.uk
league_5e3cf99858a87467,2018-01-28,LIGUE_1,2017-18,LEAGUE,,Olympique Marseille,AS Monaco,2,2,D,France,Ligue 1,football-data.co.uk
league_1aa530d6340535b7,2018-02-02,LIGUE_1,2017-18,LEAGUE,,Olympique Marseille,Metz,6,3,H,France,Ligue 1,football-data.co.uk
league_53d65d5499010f9f,2018-02-03,LIGUE_1,2017-18,LEAGUE,,Amiens,AS Saint-Étienne,0,2,A,France,Ligue 1,football-data.co.uk
league_5171a896c405026c,2018-02-03,LIGUE_1,2017-18,LEAGUE,,Lille,Paris Saint-Germain FC,0,3,A,France,Ligue 1,football-data.co.uk
league_1120247b12fad414,2018-02-03,LIGUE_1,2017-18,LEAGUE,,Montpellier,Angers,2,1,H,France,Ligue 1,football-data.co.uk
league_9ab76a6cdc3f7552,2018-02-03,LIGUE_1,2017-18,LEAGUE,,Nice,Toulouse,0,1,A,France,Ligue 1,football-data.co.uk
league_eff88d3232c01d2c,2018-02-03,LIGUE_1,2017-18,LEAGUE,,Strasbourg,Bordeaux,0,2,A,France,Ligue 1,football-data.co.uk
league_7a0de9e489946523,2018-02-04,LIGUE_1,2017-18,LEAGUE,,AS Monaco,Olympique Lyonnais,3,2,H,France,Ligue 1,football-data.co.uk
league_717e2e34f31f2ab4,2018-02-04,LIGUE_1,2017-18,LEAGUE,,Caen,Nantes,3,2,H,France,Ligue 1,football-data.co.uk
league_97a730830dacc489,2018-02-04,LIGUE_1,2017-18,LEAGUE,,Rennes,Guingamp,0,1,A,France,Ligue 1,football-data.co.uk
league_747f0eeb2d2e446a,2018-02-09,LIGUE_1,2017-18,LEAGUE,,AS Saint-Étienne,Olympique Marseille,2,2,D,France,Ligue 1,football-data.co.uk
league_02eef45bcc8f946e,2018-02-10,LIGUE_1,2017-18,LEAGUE,,Angers,AS Monaco,0,4,A,France,Ligue 1,football-data.co.uk
league_343d0f53bb81b29b,2018-02-10,LIGUE_1,2017-18,LEAGUE,,Bordeaux,Amiens,3,2,H,France,Ligue 1,football-data.co.uk
league_e2e679540324679c,2018-02-10,LIGUE_1,2017-18,LEAGUE,,Dijon,Nice,3,2,H,France,Ligue 1,football-data.co.uk
league_e9aa047834783d91,2018-02-10,LIGUE_1,2017-18,LEAGUE,,Guingamp,Caen,0,0,D,France,Ligue 1,football-data.co.uk
league_3f067678f99ff530,2018-02-10,LIGUE_1,2017-18,LEAGUE,,Metz,Montpellier,0,1,A,France,Ligue 1,football-data.co.uk
league_5bf968afec3a23f2,2018-02-10,LIGUE_1,2017-18,LEAGUE,,Toulouse,Paris Saint-Germain FC,0,1,A,France,Ligue 1,football-data.co.uk
league_0d3c9d0042f5b072,2018-02-11,LIGUE_1,2017-18,LEAGUE,,Nantes,Lille,2,2,D,France,Ligue 1,football-data.co.uk
league_effd9cbae16a3286,2018-02-11,LIGUE_1,2017-18,LEAGUE,,Olympique Lyonnais,Rennes,0,2,A,France,Ligue 1,football-data.co.uk
league_9d2452f9c87fc0db,2018-02-11,LIGUE_1,2017-18,LEAGUE,,Strasbourg,Troyes,2,1,H,France,Ligue 1,football-data.co.uk
league_b04cf683d6c4e040,2018-02-16,LIGUE_1,2017-18,LEAGUE,,AS Monaco,Dijon,4,0,H,France,Ligue 1,football-data.co.uk
league_a3538557b106303c,2018-02-17,LIGUE_1,2017-18,LEAGUE,,Amiens,Toulouse,0,0,D,France,Ligue 1,football-data.co.uk
league_32027fb0a516e2ef,2018-02-17,LIGUE_1,2017-18,LEAGUE,,Angers,AS Saint-Étienne,0,1,A,France,Ligue 1,football-data.co.uk
league_8b654cea9b2ec6c3,2018-02-17,LIGUE_1,2017-18,LEAGUE,,Caen,Rennes,2,2,D,France,Ligue 1,football-data.co.uk
league_425567700fb71001,2018-02-17,LIGUE_1,2017-18,LEAGUE,,Montpellier,Guingamp,1,1,D,France,Ligue 1,football-data.co.uk
league_2bb072ef095a5614,2018-02-17,LIGUE_1,2017-18,LEAGUE,,Paris Saint-Germain FC,Strasbourg,5,2,H,France,Ligue 1,football-data.co.uk
league_d379a05989ab38f6,2018-02-17,LIGUE_1,2017-18,LEAGUE,,Troyes,Metz,1,0,H,France,Ligue 1,football-data.co.uk
league_c1aa24c3f591db82,2018-02-18,LIGUE_1,2017-18,LEAGUE,,Lille,Olympique Lyonnais,2,2,D,France,Ligue 1,football-data.co.uk
league_0ecdb1e9c7ec0ade,2018-02-18,LIGUE_1,2017-18,LEAGUE,,Nice,Nantes,1,1,D,France,Ligue 1,football-data.co.uk
league_17a9bcefdcc9a503,2018-02-18,LIGUE_1,2017-18,LEAGUE,,Olympique Marseille,Bordeaux,1,0,H,France,Ligue 1,football-data.co.uk
league_0bb64063c2f86da0,2018-02-20,LIGUE_1,2017-18,LEAGUE,,Troyes,Dijon,0,0,D,France,Ligue 1,football-data.co.uk
league_845b40dc24240b6a,2018-02-23,LIGUE_1,2017-18,LEAGUE,,Strasbourg,Montpellier,0,0,D,France,Ligue 1,football-data.co.uk
league_8203bc8455c62f47,2018-02-24,LIGUE_1,2017-18,LEAGUE,,Dijon,Caen,2,0,H,France,Ligue 1,football-data.co.uk
league_0505896b5378a127,2018-02-24,LIGUE_1,2017-18,LEAGUE,,Guingamp,Metz,2,2,D,France,Ligue 1,football-data.co.uk
league_a34a3aadf6328f69,2018-02-24,LIGUE_1,2017-18,LEAGUE,,Lille,Angers,1,2,A,France,Ligue 1,football-data.co.uk
league_27751d668d5d1f18,2018-02-24,LIGUE_1,2017-18,LEAGUE,,Nantes,Amiens,0,1,A,France,Ligue 1,football-data.co.uk
league_0b2d45e6394c91a0,2018-02-24,LIGUE_1,2017-18,LEAGUE,,Rennes,Troyes,2,0,H,France,Ligue 1,football-data.co.uk
league_5c9662298c1582bd,2018-02-24,LIGUE_1,2017-18,LEAGUE,,Toulouse,AS Monaco,3,3,D,France,Ligue 1,football-data.co.uk
league_dd0acaf21036940c,2018-02-25,LIGUE_1,2017-18,LEAGUE,,Bordeaux,Nice,0,0,D,France,Ligue 1,football-data.co.uk
league_910d2cf260255db2,2018-02-25,LIGUE_1,2017-18,LEAGUE,,Olympique Lyonnais,AS Saint-Étienne,1,1,D,France,Ligue 1,football-data.co.uk
league_53b3f068a298a6ca,2018-02-25,LIGUE_1,2017-18,LEAGUE,,Paris Saint-Germain FC,Olympique Marseille,3,0,H,France,Ligue 1,football-data.co.uk
league_cd2c326a9e27fb72,2018-03-02,LIGUE_1,2017-18,LEAGUE,,AS Monaco,Bordeaux,2,1,H,France,Ligue 1,football-data.co.uk
league_b15a6807f38345b1,2018-03-02,LIGUE_1,2017-18,LEAGUE,,Nice,Lille,2,1,H,France,Ligue 1,football-data.co.uk
league_f52d233237b65094,2018-03-03,LIGUE_1,2017-18,LEAGUE,,AS Saint-Étienne,Dijon,2,2,D,France,Ligue 1,football-data.co.uk
league_d849657973787edb,2018-03-03,LIGUE_1,2017-18,LEAGUE,,Amiens,Rennes,0,2,A,France,Ligue 1,football-data.co.uk
league_08fbfbbfb08fce79,2018-03-03,LIGUE_1,2017-18,LEAGUE,,Angers,Guingamp,3,0,H,France,Ligue 1,football-data.co.uk
league_4ea005a7b045015a,2018-03-03,LIGUE_1,2017-18,LEAGUE,,Metz,Toulouse,1,1,D,France,Ligue 1,football-data.co.uk
league_103903885b68e631,2018-03-03,LIGUE_1,2017-18,LEAGUE,,Troyes,Paris Saint-Germain FC,0,2,A,France,Ligue 1,football-data.co.uk
league_35ecfeab8aed91a3,2018-03-04,LIGUE_1,2017-18,LEAGUE,,Caen,Strasbourg,2,0,H,France,Ligue 1,football-data.co.uk
league_119c915436cbef68,2018-03-04,LIGUE_1,2017-18,LEAGUE,,Montpellier,Olympique Lyonnais,1,1,D,France,Ligue 1,football-data.co.uk
league_1b4d0b50592a76e5,2018-03-04,LIGUE_1,2017-18,LEAGUE,,Olympique Marseille,Nantes,1,1,D,France,Ligue 1,football-data.co.uk
league_fb0e7dbc1a22e381,2018-03-09,LIGUE_1,2017-18,LEAGUE,,Strasbourg,AS Monaco,1,3,A,France,Ligue 1,football-data.co.uk
league_7a514f7d2ab14e17,2018-03-10,LIGUE_1,2017-18,LEAGUE,,Bordeaux,Angers,0,0,D,France,Ligue 1,football-data.co.uk
league_b03b3f01dd6f9def,2018-03-10,LIGUE_1,2017-18,LEAGUE,,Dijon,Amiens,1,1,D,France,Ligue 1,football-data.co.uk
league_6e94b6a4d0279b9b,2018-03-10,LIGUE_1,2017-18,LEAGUE,,Lille,Montpellier,1,1,D,France,Ligue 1,football-data.co.uk
league_39d964dcf7c3ef73,2018-03-10,LIGUE_1,2017-18,LEAGUE,,Nantes,Troyes,1,0,H,France,Ligue 1,football-data.co.uk
league_f9736887d0df2707,2018-03-10,LIGUE_1,2017-18,LEAGUE,,Paris Saint-Germain FC,Metz,5,0,H,France,Ligue 1,football-data.co.uk
league_39f3b23c611a301e,2018-03-10,LIGUE_1,2017-18,LEAGUE,,Rennes,AS Saint-Étienne,1,1,D,France,Ligue 1,football-data.co.uk
league_e75e49904c5c69c9,2018-03-11,LIGUE_1,2017-18,LEAGUE,,Guingamp,Nice,2,5,A,France,Ligue 1,football-data.co.uk
league_a500dc06a24641d3,2018-03-11,LIGUE_1,2017-18,LEAGUE,,Olympique Lyonnais,Caen,1,0,H,France,Ligue 1,football-data.co.uk
league_e88add87effbbbd0,2018-03-11,LIGUE_1,2017-18,LEAGUE,,Toulouse,Olympique Marseille,1,2,A,France,Ligue 1,football-data.co.uk
league_47f6f726ffad4628,2018-03-14,LIGUE_1,2017-18,LEAGUE,,Paris Saint-Germain FC,Angers,2,1,H,France,Ligue 1,football-data.co.uk
league_5e3d528091187b50,2018-03-16,LIGUE_1,2017-18,LEAGUE,,AS Monaco,Lille,2,1,H,France,Ligue 1,football-data.co.uk
league_d706b787f5f3142f,2018-03-17,LIGUE_1,2017-18,LEAGUE,,Amiens,Troyes,1,1,D,France,Ligue 1,football-data.co.uk
league_536856fc2eae004a,2018-03-17,LIGUE_1,2017-18,LEAGUE,,Angers,Caen,3,0,H,France,Ligue 1,football-data.co.uk
league_e9bc200a7e3f222e,2018-03-17,LIGUE_1,2017-18,LEAGUE,,Bordeaux,Rennes,0,2,A,France,Ligue 1,football-data.co.uk
league_250925e97dc77f9c,2018-03-17,LIGUE_1,2017-18,LEAGUE,,Montpellier,Dijon,2,2,D,France,Ligue 1,football-data.co.uk
league_faa3632ffb18e88c,2018-03-17,LIGUE_1,2017-18,LEAGUE,,Toulouse,Strasbourg,2,2,D,France,Ligue 1,football-data.co.uk
league_31161d4457e45fda,2018-03-18,LIGUE_1,2017-18,LEAGUE,,AS Saint-Étienne,Guingamp,2,0,H,France,Ligue 1,football-data.co.uk
league_2c79c068368dbfd4,2018-03-18,LIGUE_1,2017-18,LEAGUE,,Metz,Nantes,1,1,D,France,Ligue 1,football-data.co.uk
league_9e4fc99edf19a92b,2018-03-18,LIGUE_1,2017-18,LEAGUE,,Nice,Paris Saint-Germain FC,1,2,A,France,Ligue 1,football-data.co.uk
league_04e08ac56db872b1,2018-03-18,LIGUE_1,2017-18,LEAGUE,,Olympique Marseille,Olympique Lyonnais,2,3,A,France,Ligue 1,football-data.co.uk
league_f762ad065b200479,2018-03-31,LIGUE_1,2017-18,LEAGUE,,Dijon,Olympique Marseille,1,3,A,France,Ligue 1,football-data.co.uk
league_5d97ed6553956c55,2018-04-01,LIGUE_1,2017-18,LEAGUE,,Caen,Montpellier,1,3,A,France,Ligue 1,football-data.co.uk
league_b0ad23cbe4079341,2018-04-01,LIGUE_1,2017-18,LEAGUE,,Guingamp,Bordeaux,2,1,H,France,Ligue 1,football-data.co.uk
league_e7ea99967b95e38c,2018-04-01,LIGUE_1,2017-18,LEAGUE,,Lille,Amiens,0,1,A,France,Ligue 1,football-data.co.uk
league_9dd91fd8f24928e8,2018-04-01,LIGUE_1,2017-18,LEAGUE,,Nantes,AS Saint-Étienne,0,3,A,France,Ligue 1,football-data.co.uk
league_de5f849b019fe88a,2018-04-01,LIGUE_1,2017-18,LEAGUE,,Olympique Lyonnais,Toulouse,2,0,H,France,Ligue 1,football-data.co.uk
league_7da204e5591cdc22,2018-04-01,LIGUE_1,2017-18,LEAGUE,,Strasbourg,Metz,2,2,D,France,Ligue 1,football-data.co.uk
league_78af68960b7f8dc3,2018-04-01,LIGUE_1,2017-18,LEAGUE,,Troyes,Nice,0,2,A,France,Ligue 1,football-data.co.uk
league_ea6bc9e67543b821,2018-04-04,LIGUE_1,2017-18,LEAGUE,,Rennes,AS Monaco,1,1,D,France,Ligue 1,football-data.co.uk
league_11a15a3b4ff69c99,2018-04-06,LIGUE_1,2017-18,LEAGUE,,AS Saint-Étienne,Paris Saint-Germain FC,1,1,D,France,Ligue 1,football-data.co.uk
league_a15f8ca63963ab53,2018-04-07,LIGUE_1,2017-18,LEAGUE,,AS Monaco,Nantes,2,1,H,France,Ligue 1,football-data.co.uk
league_2883e91cf0054fec,2018-04-07,LIGUE_1,2017-18,LEAGUE,,Amiens,Caen,3,0,H,France,Ligue 1,football-data.co.uk
league_53c66bb2a661be29,2018-04-07,LIGUE_1,2017-18,LEAGUE,,Angers,Strasbourg,1,1,D,France,Ligue 1,football-data.co.uk
league_b792c5055ed90b29,2018-04-07,LIGUE_1,2017-18,LEAGUE,,Bordeaux,Lille,2,1,H,France,Ligue 1,football-data.co.uk
league_3d3fe1ab86ce7df5,2018-04-07,LIGUE_1,2017-18,LEAGUE,,Guingamp,Troyes,4,0,H,France,Ligue 1,football-data.co.uk
league_72ed036f4e40cad2,2018-04-07,LIGUE_1,2017-18,LEAGUE,,Toulouse,Dijon,0,1,A,France,Ligue 1,football-data.co.uk
league_437b0d131a6d1aee,2018-04-08,LIGUE_1,2017-18,LEAGUE,,Metz,Olympique Lyonnais,0,5,A,France,Ligue 1,football-data.co.uk
league_ab21ec9b27e62f51,2018-04-08,LIGUE_1,2017-18,LEAGUE,,Nice,Rennes,1,1,D,France,Ligue 1,football-data.co.uk
league_50127eee770045b5,2018-04-08,LIGUE_1,2017-18,LEAGUE,,Olympique Marseille,Montpellier,0,0,D,France,Ligue 1,football-data.co.uk
league_29cc50198e5177f2,2018-04-13,LIGUE_1,2017-18,LEAGUE,,Angers,Nice,1,1,D,France,Ligue 1,football-data.co.uk
league_31c42e1467f81abb,2018-04-14,LIGUE_1,2017-18,LEAGUE,,Lille,Guingamp,2,2,D,France,Ligue 1,football-data.co.uk
league_cc241340873a66db,2018-04-14,LIGUE_1,2017-18,LEAGUE,,Nantes,Dijon,1,1,D,France,Ligue 1,football-data.co.uk
league_42051312bee039f2,2018-04-14,LIGUE_1,2017-18,LEAGUE,,Olympique Lyonnais,Amiens,3,0,H,France,Ligue 1,football-data.co.uk
league_aa6d8416c8c2778e,2018-04-14,LIGUE_1,2017-18,LEAGUE,,Rennes,Metz,1,2,A,France,Ligue 1,football-data.co.uk
league_e61e09f746625d0a,2018-04-14,LIGUE_1,2017-18,LEAGUE,,Strasbourg,AS Saint-Étienne,0,1,A,France,Ligue 1,football-data.co.uk
league_b036f17221e7a215,2018-04-15,LIGUE_1,2017-18,LEAGUE,,Montpellier,Bordeaux,1,3,A,France,Ligue 1,football-data.co.uk
league_16c2c9fed4591d5b,2018-04-15,LIGUE_1,2017-18,LEAGUE,,Paris Saint-Germain FC,AS Monaco,7,1,H,France,Ligue 1,football-data.co.uk
league_fbad1a84628fd3d9,2018-04-15,LIGUE_1,2017-18,LEAGUE,,Troyes,Olympique Marseille,2,3,A,France,Ligue 1,football-data.co.uk
league_6e90e3c492a6e76b,2018-04-20,LIGUE_1,2017-18,LEAGUE,,Dijon,Olympique Lyonnais,2,5,A,France,Ligue 1,football-data.co.uk
league_85ad3284bbc644d1,2018-04-20,LIGUE_1,2017-18,LEAGUE,,Nantes,Rennes,1,1,D,France,Ligue 1,football-data.co.uk
league_e30d03bc9f6ae970,2018-04-21,LIGUE_1,2017-18,LEAGUE,,Amiens,Strasbourg,3,1,H,France,Ligue 1,football-data.co.uk
league_5f4514e369c20402,2018-04-21,LIGUE_1,2017-18,LEAGUE,,Guingamp,AS Monaco,3,1,H,France,Ligue 1,football-data.co.uk
league_2b9c731c616ec77b,2018-04-21,LIGUE_1,2017-18,LEAGUE,,Metz,Caen,1,1,D,France,Ligue 1,football-data.co.uk
league_dd7ddae874d8ab68,2018-04-21,LIGUE_1,2017-18,LEAGUE,,Olympique Marseille,Lille,5,1,H,France,Ligue 1,football-data.co.uk
league_d2832e2b1a1a1977,2018-04-21,LIGUE_1,2017-18,LEAGUE,,Toulouse,Angers,2,0,H,France,Ligue 1,football-data.co.uk
league_4ace428a1158fd10,2018-04-22,LIGUE_1,2017-18,LEAGUE,,AS Saint-Étienne,Troyes,2,1,H,France,Ligue 1,football-data.co.uk
league_2c86ca89b5587559,2018-04-22,LIGUE_1,2017-18,LEAGUE,,Bordeaux,Paris Saint-Germain FC,0,1,A,France,Ligue 1,football-data.co.uk
league_72002739518154e7,2018-04-22,LIGUE_1,2017-18,LEAGUE,,Nice,Montpellier,1,0,H,France,Ligue 1,football-data.co.uk
league_62f4912b253a7b2d,2018-04-25,LIGUE_1,2017-18,LEAGUE,,Caen,Toulouse,0,0,D,France,Ligue 1,football-data.co.uk
league_3f6518cd7e06344d,2018-04-27,LIGUE_1,2017-18,LEAGUE,,Montpellier,AS Saint-Étienne,0,1,A,France,Ligue 1,football-data.co.uk
league_3d745a8cc6a5c19e,2018-04-28,LIGUE_1,2017-18,LEAGUE,,AS Monaco,Amiens,0,0,D,France,Ligue 1,football-data.co.uk
league_ca0c69d0e2ec94ea,2018-04-28,LIGUE_1,2017-18,LEAGUE,,Bordeaux,Dijon,3,1,H,France,Ligue 1,football-data.co.uk
league_c5835e57f1a33747,2018-04-28,LIGUE_1,2017-18,LEAGUE,,Lille,Metz,3,1,H,France,Ligue 1,football-data.co.uk
league_baa0627200c50ea5,2018-04-28,LIGUE_1,2017-18,LEAGUE,,Olympique Lyonnais,Nantes,2,0,H,France,Ligue 1,football-data.co.uk
league_2e02affee126d244,2018-04-28,LIGUE_1,2017-18,LEAGUE,,Strasbourg,Nice,1,1,D,France,Ligue 1,football-data.co.uk
league_3f554be3f01ddefb,2018-04-28,LIGUE_1,2017-18,LEAGUE,,Troyes,Caen,3,1,H,France,Ligue 1,football-data.co.uk
league_6bebd61e6608efcf,2018-04-29,LIGUE_1,2017-18,LEAGUE,,Angers,Olympique Marseille,1,1,D,France,Ligue 1,football-data.co.uk
league_a65ab846d818613a,2018-04-29,LIGUE_1,2017-18,LEAGUE,,Paris Saint-Germain FC,Guingamp,2,2,D,France,Ligue 1,football-data.co.uk
league_02e57c1807efdab5,2018-04-29,LIGUE_1,2017-18,LEAGUE,,Rennes,Toulouse,2,1,H,France,Ligue 1,football-data.co.uk
league_c36370db3cb64def,2018-05-04,LIGUE_1,2017-18,LEAGUE,,Amiens,Paris Saint-Germain FC,2,2,D,France,Ligue 1,football-data.co.uk
league_738f8f90df9756ea,2018-05-06,LIGUE_1,2017-18,LEAGUE,,AS Saint-Étienne,Bordeaux,1,3,A,France,Ligue 1,football-data.co.uk
league_12ea1fa42b66bdb7,2018-05-06,LIGUE_1,2017-18,LEAGUE,,Caen,AS Monaco,1,2,A,France,Ligue 1,football-data.co.uk
league_612d26bd6a972eed,2018-05-06,LIGUE_1,2017-18,LEAGUE,,Dijon,Guingamp,3,1,H,France,Ligue 1,football-data.co.uk
league_f8999e7e0c24c241,2018-05-06,LIGUE_1,2017-18,LEAGUE,,Metz,Angers,1,2,A,France,Ligue 1,football-data.co.uk
league_aa0ba7661e295170,2018-05-06,LIGUE_1,2017-18,LEAGUE,,Nantes,Montpellier,0,2,A,France,Ligue 1,football-data.co.uk
league_9bccbe676e830679,2018-05-06,LIGUE_1,2017-18,LEAGUE,,Olympique Lyonnais,Troyes,3,0,H,France,Ligue 1,football-data.co.uk
league_ab38f7b128974572,2018-05-06,LIGUE_1,2017-18,LEAGUE,,Olympique Marseille,Nice,2,1,H,France,Ligue 1,football-data.co.uk
league_14b32635fc2e3cd9,2018-05-06,LIGUE_1,2017-18,LEAGUE,,Rennes,Strasbourg,2,1,H,France,Ligue 1,football-data.co.uk
league_6eb0cefed4256124,2018-05-06,LIGUE_1,2017-18,LEAGUE,,Toulouse,Lille,2,3,A,France,Ligue 1,football-data.co.uk
league_a3dba997412871af,2018-05-11,LIGUE_1,2017-18,LEAGUE,,Guingamp,Olympique Marseille,3,3,D,France,Ligue 1,football-data.co.uk
league_16e93f4e8da6820f,2018-05-12,LIGUE_1,2017-18,LEAGUE,,AS Monaco,AS Saint-Étienne,1,0,H,France,Ligue 1,football-data.co.uk
league_dda65109a9002f0a,2018-05-12,LIGUE_1,2017-18,LEAGUE,,Amiens,Metz,2,0,H,France,Ligue 1,football-data.co.uk
league_3fe3ed0cffba4685,2018-05-12,LIGUE_1,2017-18,LEAGUE,,Angers,Nantes,0,2,A,France,Ligue 1,football-data.co.uk
league_f44b110a5d24cb1e,2018-05-12,LIGUE_1,2017-18,LEAGUE,,Bordeaux,Toulouse,4,2,H,France,Ligue 1,football-data.co.uk
league_c41cc71d159dcdac,2018-05-12,LIGUE_1,2017-18,LEAGUE,,Lille,Dijon,2,1,H,France,Ligue 1,football-data.co.uk
league_9d05c6f45bf1c519,2018-05-12,LIGUE_1,2017-18,LEAGUE,,Montpellier,Troyes,1,1,D,France,Ligue 1,football-data.co.uk
league_875261e975546e8c,2018-05-12,LIGUE_1,2017-18,LEAGUE,,Nice,Caen,4,1,H,France,Ligue 1,football-data.co.uk
league_8ac14cb9c95449de,2018-05-12,LIGUE_1,2017-18,LEAGUE,,Paris Saint-Germain FC,Rennes,0,2,A,France,Ligue 1,football-data.co.uk
league_3f6216618acdeb4e,2018-05-12,LIGUE_1,2017-18,LEAGUE,,Strasbourg,Olympique Lyonnais,3,2,H,France,Ligue 1,football-data.co.uk
league_61755f78bb8fdad4,2018-05-19,LIGUE_1,2017-18,LEAGUE,,AS Saint-Étienne,Lille,5,0,H,France,Ligue 1,football-data.co.uk
league_f5b9ae904869a39c,2018-05-19,LIGUE_1,2017-18,LEAGUE,,Caen,Paris Saint-Germain FC,0,0,D,France,Ligue 1,football-data.co.uk
league_b5111575509b8dd6,2018-05-19,LIGUE_1,2017-18,LEAGUE,,Dijon,Angers,2,1,H,France,Ligue 1,football-data.co.uk
league_11b98ff7c49b05c0,2018-05-19,LIGUE_1,2017-18,LEAGUE,,Metz,Bordeaux,0,4,A,France,Ligue 1,football-data.co.uk
league_8d7c75e0c719f70a,2018-05-19,LIGUE_1,2017-18,LEAGUE,,Nantes,Strasbourg,1,0,H,France,Ligue 1,football-data.co.uk
league_2941726267c83482,2018-05-19,LIGUE_1,2017-18,LEAGUE,,Olympique Lyonnais,Nice,3,2,H,France,Ligue 1,football-data.co.uk
league_e87366cbc0e00aae,2018-05-19,LIGUE_1,2017-18,LEAGUE,,Olympique Marseille,Amiens,2,1,H,France,Ligue 1,football-data.co.uk
league_b0f229c1fdeed8c6,2018-05-19,LIGUE_1,2017-18,LEAGUE,,Rennes,Montpellier,1,1,D,France,Ligue 1,football-data.co.uk
league_7ea56cd56e232517,2018-05-19,LIGUE_1,2017-18,LEAGUE,,Toulouse,Guingamp,2,1,H,France,Ligue 1,football-data.co.uk
league_bb740a3e8ec4e477,2018-05-19,LIGUE_1,2017-18,LEAGUE,,Troyes,AS Monaco,0,3,A,France,Ligue 1,football-data.co.uk
league_a1df4ffa71eab4eb,2018-08-10,LIGUE_1,2018-19,LEAGUE,,Olympique Marseille,Toulouse,4,0,H,France,Ligue 1,football-data.co.uk
league_1eaf6aab20dfd758,2018-08-11,LIGUE_1,2018-19,LEAGUE,,AS Saint-Étienne,Guingamp,2,1,H,France,Ligue 1,football-data.co.uk
league_c442830b19234820,2018-08-11,LIGUE_1,2018-19,LEAGUE,,Angers,Nimes,3,4,A,France,Ligue 1,football-data.co.uk
league_f737a9cc60e3da71,2018-08-11,LIGUE_1,2018-19,LEAGUE,,Lille,Rennes,3,1,H,France,Ligue 1,football-data.co.uk
league_99ed1a9925c0563f,2018-08-11,LIGUE_1,2018-19,LEAGUE,,Montpellier,Dijon,1,2,A,France,Ligue 1,football-data.co.uk
league_e9359768e3158224,2018-08-11,LIGUE_1,2018-19,LEAGUE,,Nantes,AS Monaco,1,3,A,France,Ligue 1,football-data.co.uk
league_6de0ca8ce3443bab,2018-08-11,LIGUE_1,2018-19,LEAGUE,,Nice,Reims,0,1,A,France,Ligue 1,football-data.co.uk
league_33d5b132c8614bbc,2018-08-12,LIGUE_1,2018-19,LEAGUE,,Bordeaux,Strasbourg,0,2,A,France,Ligue 1,football-data.co.uk
league_8dec8950dfc8e0f3,2018-08-12,LIGUE_1,2018-19,LEAGUE,,Olympique Lyonnais,Amiens,2,0,H,France,Ligue 1,football-data.co.uk
league_8b0b4c95e7e11fba,2018-08-12,LIGUE_1,2018-19,LEAGUE,,Paris Saint-Germain FC,Caen,3,0,H,France,Ligue 1,football-data.co.uk
league_9ec2967883624a16,2018-08-17,LIGUE_1,2018-19,LEAGUE,,Reims,Olympique Lyonnais,1,0,H,France,Ligue 1,football-data.co.uk
league_2ede344fcd0cfaf6,2018-08-18,LIGUE_1,2018-19,LEAGUE,,AS Monaco,Lille,0,0,D,France,Ligue 1,football-data.co.uk
league_2e6565fac6f83e02,2018-08-18,LIGUE_1,2018-19,LEAGUE,,Amiens,Montpellier,1,2,A,France,Ligue 1,football-data.co.uk
league_d697f8683c8637df,2018-08-18,LIGUE_1,2018-19,LEAGUE,,Caen,Nice,1,1,D,France,Ligue 1,football-data.co.uk
league_a7361079abfaaaf0,2018-08-18,LIGUE_1,2018-19,LEAGUE,,Dijon,Nantes,2,0,H,France,Ligue 1,football-data.co.uk
league_4f3d71c20a228425,2018-08-18,LIGUE_1,2018-19,LEAGUE,,Guingamp,Paris Saint-Germain FC,1,3,A,France,Ligue 1,football-data.co.uk
league_5ce6228d72b668af,2018-08-18,LIGUE_1,2018-19,LEAGUE,,Rennes,Angers,1,0,H,France,Ligue 1,football-data.co.uk
league_cc4704236c6f84db,2018-08-19,LIGUE_1,2018-19,LEAGUE,,Nimes,Olympique Marseille,3,1,H,France,Ligue 1,football-data.co.uk
league_c1b1cb65acd83fd6,2018-08-19,LIGUE_1,2018-19,LEAGUE,,Strasbourg,AS Saint-Étienne,1,1,D,France,Ligue 1,football-data.co.uk
league_551a4ef8c8d29518,2018-08-19,LIGUE_1,2018-19,LEAGUE,,Toulouse,Bordeaux,2,1,H,France,Ligue 1,football-data.co.uk
league_dde9669734410561,2018-08-24,LIGUE_1,2018-19,LEAGUE,,Olympique Lyonnais,Strasbourg,2,0,H,France,Ligue 1,football-data.co.uk
league_842ec6454ee5e718,2018-08-25,LIGUE_1,2018-19,LEAGUE,,Amiens,Reims,4,1,H,France,Ligue 1,football-data.co.uk
league_36afa13623a153c5,2018-08-25,LIGUE_1,2018-19,LEAGUE,,Montpellier,AS Saint-Étienne,0,0,D,France,Ligue 1,football-data.co.uk
league_782d7dd0ace7cb24,2018-08-25,LIGUE_1,2018-19,LEAGUE,,Nantes,Caen,1,1,D,France,Ligue 1,football-data.co.uk
league_2a12f1496f46ab80,2018-08-25,LIGUE_1,2018-19,LEAGUE,,Nice,Dijon,0,4,A,France,Ligue 1,football-data.co.uk
league_c61553190faf43fb,2018-08-25,LIGUE_1,2018-19,LEAGUE,,Paris Saint-Germain FC,Angers,3,1,H,France,Ligue 1,football-data.co.uk
league_4da5558d2cb95317,2018-08-25,LIGUE_1,2018-19,LEAGUE,,Toulouse,Nimes,1,0,H,France,Ligue 1,football-data.co.uk
league_3771201ab61f7289,2018-08-26,LIGUE_1,2018-19,LEAGUE,,Bordeaux,AS Monaco,2,1,H,France,Ligue 1,football-data.co.uk
league_62cc53bda44f045f,2018-08-26,LIGUE_1,2018-19,LEAGUE,,Lille,Guingamp,3,0,H,France,Ligue 1,football-data.co.uk
league_c378d081f23aa410,2018-08-26,LIGUE_1,2018-19,LEAGUE,,Olympique Marseille,Rennes,2,2,D,France,Ligue 1,football-data.co.uk
league_46a1d924f2d84a64,2018-08-31,LIGUE_1,2018-19,LEAGUE,,Olympique Lyonnais,Nice,0,1,A,France,Ligue 1,football-data.co.uk
league_d8076dbac29c2e5d,2018-09-01,LIGUE_1,2018-19,LEAGUE,,Angers,Lille,1,0,H,France,Ligue 1,football-data.co.uk
league_39da0b666ca6cb07,2018-09-01,LIGUE_1,2018-19,LEAGUE,,Dijon,Caen,0,2,A,France,Ligue 1,football-data.co.uk
league_6de5d3bf7ba36bf3,2018-09-01,LIGUE_1,2018-19,LEAGUE,,Guingamp,Toulouse,1,2,A,France,Ligue 1,football-data.co.uk
league_4472d5146cd9cf14,2018-09-01,LIGUE_1,2018-19,LEAGUE,,Nimes,Paris Saint-Germain FC,2,4,A,France,Ligue 1,football-data.co.uk
league_dce9918890cc0c1d,2018-09-01,LIGUE_1,2018-19,LEAGUE,,Reims,Montpellier,0,1,A,France,Ligue 1,football-data.co.uk
league_bf8a78158efa0669,2018-09-01,LIGUE_1,2018-19,LEAGUE,,Strasbourg,Nantes,2,3,A,France,Ligue 1,football-data.co.uk
league_66066e837380114a,2018-09-02,LIGUE_1,2018-19,LEAGUE,,AS Monaco,Olympique Marseille,2,3,A,France,Ligue 1,football-data.co.uk
league_ce0c277c8e94509d,2018-09-02,LIGUE_1,2018-19,LEAGUE,,AS Saint-Étienne,Amiens,0,0,D,France,Ligue 1,football-data.co.uk
league_e80f351379add9b5,2018-09-02,LIGUE_1,2018-19,LEAGUE,,Rennes,Bordeaux,2,0,H,France,Ligue 1,football-data.co.uk
league_0af27999ddc78b1c,2018-09-14,LIGUE_1,2018-19,LEAGUE,,Nice,Rennes,2,1,H,France,Ligue 1,football-data.co.uk
league_6c6954ee6b18865c,2018-09-14,LIGUE_1,2018-19,LEAGUE,,Paris Saint-Germain FC,AS Saint-Étienne,4,0,H,France,Ligue 1,football-data.co.uk
league_c51413755ebfacf5,2018-09-15,LIGUE_1,2018-19,LEAGUE,,Amiens,Lille,2,3,A,France,Ligue 1,football-data.co.uk
league_efe1ff396e304415,2018-09-15,LIGUE_1,2018-19,LEAGUE,,Caen,Olympique Lyonnais,2,2,D,France,Ligue 1,football-data.co.uk
league_e3b84c1abe7b0840,2018-09-15,LIGUE_1,2018-19,LEAGUE,,Dijon,Angers,1,3,A,France,Ligue 1,football-data.co.uk
league_8b741ef3dad236f9,2018-09-15,LIGUE_1,2018-19,LEAGUE,,Montpellier,Strasbourg,1,1,D,France,Ligue 1,football-data.co.uk
league_35f508cc87a7ce6a,2018-09-15,LIGUE_1,2018-19,LEAGUE,,Toulouse,AS Monaco,1,1,D,France,Ligue 1,football-data.co.uk
league_068035c7b639f235,2018-09-16,LIGUE_1,2018-19,LEAGUE,,Bordeaux,Nimes,3,3,D,France,Ligue 1,football-data.co.uk
league_5f663f974affdd63,2018-09-16,LIGUE_1,2018-19,LEAGUE,,Nantes,Reims,0,0,D,France,Ligue 1,football-data.co.uk
league_1d17cd15df0706ee,2018-09-16,LIGUE_1,2018-19,LEAGUE,,Olympique Marseille,Guingamp,4,0,H,France,Ligue 1,football-data.co.uk
league_a553cb340c121b29,2018-09-21,LIGUE_1,2018-19,LEAGUE,,AS Monaco,Nimes,1,1,D,France,Ligue 1,football-data.co.uk
league_0ab38cecdcdac71e,2018-09-22,LIGUE_1,2018-19,LEAGUE,,AS Saint-Étienne,Caen,2,1,H,France,Ligue 1,football-data.co.uk
league_a00ea66e158f7f45,2018-09-22,LIGUE_1,2018-19,LEAGUE,,Angers,Toulouse,0,0,D,France,Ligue 1,football-data.co.uk
league_43b53604d365f38b,2018-09-22,LIGUE_1,2018-19,LEAGUE,,Lille,Nantes,2,1,H,France,Ligue 1,football-data.co.uk
league_70692cbdb65606f6,2018-09-22,LIGUE_1,2018-19,LEAGUE,,Montpellier,Nice,1,0,H,France,Ligue 1,football-data.co.uk
league_340ca0e97b41fd3b,2018-09-22,LIGUE_1,2018-19,LEAGUE,,Reims,Dijon,0,0,D,France,Ligue 1,football-data.co.uk
league_790a2eab82cecfc3,2018-09-22,LIGUE_1,2018-19,LEAGUE,,Strasbourg,Amiens,3,1,H,France,Ligue 1,football-data.co.uk
league_4ce55b9ab567e707,2018-09-23,LIGUE_1,2018-19,LEAGUE,,Guingamp,Bordeaux,1,3,A,France,Ligue 1,football-data.co.uk
league_eaf173a97e2a6f01,2018-09-23,LIGUE_1,2018-19,LEAGUE,,Olympique Lyonnais,Olympique Marseille,4,2,H,France,Ligue 1,football-data.co.uk
league_78259b28826f4e82,2018-09-23,LIGUE_1,2018-19,LEAGUE,,Rennes,Paris Saint-Germain FC,1,3,A,France,Ligue 1,football-data.co.uk
league_841ad830f5ec41b4,2018-09-25,LIGUE_1,2018-19,LEAGUE,,AS Monaco,Angers,0,1,A,France,Ligue 1,football-data.co.uk
league_1062f017e51d4478,2018-09-25,LIGUE_1,2018-19,LEAGUE,,Nantes,Nice,1,2,A,France,Ligue 1,football-data.co.uk
league_3b671ae576617774,2018-09-25,LIGUE_1,2018-19,LEAGUE,,Toulouse,AS Saint-Étienne,2,3,A,France,Ligue 1,football-data.co.uk
league_0ef70fb5f2d54da2,2018-09-26,LIGUE_1,2018-19,LEAGUE,,Amiens,Rennes,2,1,H,France,Ligue 1,football-data.co.uk
league_f5c8ae4bd8e1ed80,2018-09-26,LIGUE_1,2018-19,LEAGUE,,Bordeaux,Lille,1,0,H,France,Ligue 1,football-data.co.uk
league_6377f00ec707e220,2018-09-26,LIGUE_1,2018-19,LEAGUE,,Caen,Montpellier,2,2,D,France,Ligue 1,football-data.co.uk
league_49f0c60fb5efa298,2018-09-26,LIGUE_1,2018-19,LEAGUE,,Dijon,Olympique Lyonnais,0,3,A,France,Ligue 1,football-data.co.uk
league_f8dacb2b4fdfdbcf,2018-09-26,LIGUE_1,2018-19,LEAGUE,,Nimes,Guingamp,0,0,D,France,Ligue 1,football-data.co.uk
league_f654095ea8d356cc,2018-09-26,LIGUE_1,2018-19,LEAGUE,,Olympique Marseille,Strasbourg,3,2,H,France,Ligue 1,football-data.co.uk
league_c2107a335f2ad3b6,2018-09-26,LIGUE_1,2018-19,LEAGUE,,Paris Saint-Germain FC,Reims,4,1,H,France,Ligue 1,football-data.co.uk
league_5a842196450e8a57,2018-09-28,LIGUE_1,2018-19,LEAGUE,,AS Saint-Étienne,AS Monaco,2,0,H,France,Ligue 1,football-data.co.uk
league_0921267cc6ae2e2a,2018-09-29,LIGUE_1,2018-19,LEAGUE,,Angers,Guingamp,0,1,A,France,Ligue 1,football-data.co.uk
league_62db8de6f6aca50d,2018-09-29,LIGUE_1,2018-19,LEAGUE,,Caen,Amiens,1,0,H,France,Ligue 1,football-data.co.uk
league_6570d0564d61bbb4,2018-09-29,LIGUE_1,2018-19,LEAGUE,,Nice,Paris Saint-Germain FC,0,3,A,France,Ligue 1,football-data.co.uk
league_8a0e5dfc251250d3,2018-09-29,LIGUE_1,2018-19,LEAGUE,,Olympique Lyonnais,Nantes,1,1,D,France,Ligue 1,football-data.co.uk
league_a0687f0289f59c49,2018-09-29,LIGUE_1,2018-19,LEAGUE,,Reims,Bordeaux,0,0,D,France,Ligue 1,football-data.co.uk
league_477d5127240d9140,2018-09-29,LIGUE_1,2018-19,LEAGUE,,Strasbourg,Dijon,3,0,H,France,Ligue 1,football-data.co.uk
league_59da2d1493e0a47c,2018-09-30,LIGUE_1,2018-19,LEAGUE,,Lille,Olympique Marseille,3,0,H,France,Ligue 1,football-data.co.uk
league_dc21c27e2b4a97f9,2018-09-30,LIGUE_1,2018-19,LEAGUE,,Montpellier,Nimes,3,0,H,France,Ligue 1,football-data.co.uk
league_40a042a83c0ceb1f,2018-09-30,LIGUE_1,2018-19,LEAGUE,,Rennes,Toulouse,1,1,D,France,Ligue 1,football-data.co.uk
league_f2496efc44997439,2018-10-05,LIGUE_1,2018-19,LEAGUE,,Toulouse,Nice,1,1,D,France,Ligue 1,football-data.co.uk
league_de59fd30ce8d8698,2018-10-06,LIGUE_1,2018-19,LEAGUE,,Amiens,Dijon,1,0,H,France,Ligue 1,football-data.co.uk
league_e741e3c7749dd7ba,2018-10-06,LIGUE_1,2018-19,LEAGUE,,Angers,Strasbourg,2,2,D,France,Ligue 1,football-data.co.uk
league_0465bc83bd4ffba7,2018-10-06,LIGUE_1,2018-19,LEAGUE,,Guingamp,Montpellier,1,1,D,France,Ligue 1,football-data.co.uk
league_670c5687db9c6b89,2018-10-06,LIGUE_1,2018-19,LEAGUE,,Lille,AS Saint-Étienne,3,1,H,France,Ligue 1,football-data.co.uk
league_4fdab850385c2af1,2018-10-06,LIGUE_1,2018-19,LEAGUE,,Nimes,Reims,0,0,D,France,Ligue 1,football-data.co.uk
league_befbd640a6ad34dc,2018-10-07,LIGUE_1,2018-19,LEAGUE,,AS Monaco,Rennes,1,2,A,France,Ligue 1,football-data.co.uk
league_f969a8a7065cf4b3,2018-10-07,LIGUE_1,2018-19,LEAGUE,,Bordeaux,Nantes,3,0,H,France,Ligue 1,football-data.co.uk
league_a7c09be6d3216735,2018-10-07,LIGUE_1,2018-19,LEAGUE,,Olympique Marseille,Caen,2,0,H,France,Ligue 1,football-data.co.uk
league_827942511697e085,2018-10-07,LIGUE_1,2018-19,LEAGUE,,Paris Saint-Germain FC,Olympique Lyonnais,5,0,H,France,Ligue 1,football-data.co.uk
league_f3f6d619d0d2cce3,2018-10-19,LIGUE_1,2018-19,LEAGUE,,Olympique Lyonnais,Nimes,2,0,H,France,Ligue 1,football-data.co.uk
league_c5d9f94f69a31b69,2018-10-20,LIGUE_1,2018-19,LEAGUE,,Caen,Guingamp,0,0,D,France,Ligue 1,football-data.co.uk
league_3f3d711276f96d5b,2018-10-20,LIGUE_1,2018-19,LEAGUE,,Dijon,Lille,1,2,A,France,Ligue 1,football-data.co.uk
league_47abf7d215c85de8,2018-10-20,LIGUE_1,2018-19,LEAGUE,,Nantes,Toulouse,4,0,H,France,Ligue 1,football-data.co.uk
league_edd61cf40e4dc1a7,2018-10-20,LIGUE_1,2018-19,LEAGUE,,Paris Saint-Germain FC,Amiens,5,0,H,France,Ligue 1,football-data.co.uk
league_e8374467a9d710ef,2018-10-20,LIGUE_1,2018-19,LEAGUE,,Reims,Angers,1,1,D,France,Ligue 1,football-data.co.uk
league_6f67dd5f3ccef634,2018-10-20,LIGUE_1,2018-19,LEAGUE,,Strasbourg,AS Monaco,2,1,H,France,Ligue 1,football-data.co.uk
league_44697cd46b90901e,2018-10-21,LIGUE_1,2018-19,LEAGUE,,AS Saint-Étienne,Rennes,1,1,D,France,Ligue 1,football-data.co.uk
league_5d0d88de91cc87dd,2018-10-21,LIGUE_1,2018-19,LEAGUE,,Montpellier,Bordeaux,2,0,H,France,Ligue 1,football-data.co.uk
league_68dc657b2a0c5d7f,2018-10-21,LIGUE_1,2018-19,LEAGUE,,Nice,Olympique Marseille,0,1,A,France,Ligue 1,football-data.co.uk
league_8e18296e63fb1533,2018-10-26,LIGUE_1,2018-19,LEAGUE,,Nimes,AS Saint-Étienne,1,1,D,France,Ligue 1,football-data.co.uk
league_1645c37b3177e5af,2018-10-27,LIGUE_1,2018-19,LEAGUE,,AS Monaco,Dijon,2,2,D,France,Ligue 1,football-data.co.uk
league_638cc5338a0eb9b8,2018-10-27,LIGUE_1,2018-19,LEAGUE,,Amiens,Nantes,1,2,A,France,Ligue 1,football-data.co.uk
league_8b96f48417059072,2018-10-27,LIGUE_1,2018-19,LEAGUE,,Angers,Olympique Lyonnais,1,2,A,France,Ligue 1,football-data.co.uk
league_f77117943fb16872,2018-10-27,LIGUE_1,2018-19,LEAGUE,,Guingamp,Strasbourg,1,1,D,France,Ligue 1,football-data.co.uk
league_32f4844c2fd18bd2,2018-10-27,LIGUE_1,2018-19,LEAGUE,,Lille,Caen,1,0,H,France,Ligue 1,football-data.co.uk
league_a6a13de2f877e1d3,2018-10-27,LIGUE_1,2018-19,LEAGUE,,Toulouse,Montpellier,0,3,A,France,Ligue 1,football-data.co.uk
league_a7ac514a8b7e5dce,2018-10-28,LIGUE_1,2018-19,LEAGUE,,Bordeaux,Nice,0,1,A,France,Ligue 1,football-data.co.uk
league_228ad78f232d2636,2018-10-28,LIGUE_1,2018-19,LEAGUE,,Olympique Marseille,Paris Saint-Germain FC,0,2,A,France,Ligue 1,football-data.co.uk
league_afe24172b75f00f1,2018-10-28,LIGUE_1,2018-19,LEAGUE,,Rennes,Reims,0,2,A,France,Ligue 1,football-data.co.uk
league_f511a6510497d19c,2018-11-02,LIGUE_1,2018-19,LEAGUE,,Paris Saint-Germain FC,Lille,2,1,H,France,Ligue 1,football-data.co.uk
league_404d60d0afcda47d,2018-11-03,LIGUE_1,2018-19,LEAGUE,,Caen,Rennes,1,2,A,France,Ligue 1,football-data.co.uk
league_dc37c0c6f9579b9a,2018-11-03,LIGUE_1,2018-19,LEAGUE,,Dijon,Nimes,0,4,A,France,Ligue 1,football-data.co.uk
league_b5640edc9037ad1d,2018-11-03,LIGUE_1,2018-19,LEAGUE,,Nice,Amiens,1,0,H,France,Ligue 1,football-data.co.uk
league_7a8f360645dfe8d1,2018-11-03,LIGUE_1,2018-19,LEAGUE,,Olympique Lyonnais,Bordeaux,1,1,D,France,Ligue 1,football-data.co.uk
league_be2bd8553f73472d,2018-11-03,LIGUE_1,2018-19,LEAGUE,,Reims,AS Monaco,1,0,H,France,Ligue 1,football-data.co.uk
league_86dd9b0b0702fea5,2018-11-03,LIGUE_1,2018-19,LEAGUE,,Strasbourg,Toulouse,1,1,D,France,Ligue 1,football-data.co.uk
league_ae8c61a6f29b21e0,2018-11-04,LIGUE_1,2018-19,LEAGUE,,AS Saint-Étienne,Angers,4,3,H,France,Ligue 1,football-data.co.uk
league_d267e1d1e3bf3cf4,2018-11-04,LIGUE_1,2018-19,LEAGUE,,Montpellier,Olympique Marseille,3,0,H,France,Ligue 1,football-data.co.uk
league_a496834c2aa960d5,2018-11-04,LIGUE_1,2018-19,LEAGUE,,Nantes,Guingamp,5,0,H,France,Ligue 1,football-data.co.uk
league_8eb26362d4e5c50b,2018-11-09,LIGUE_1,2018-19,LEAGUE,,Lille,Strasbourg,0,0,D,France,Ligue 1,football-data.co.uk
league_92d15a34af8c46b6,2018-11-10,LIGUE_1,2018-19,LEAGUE,,AS Saint-Étienne,Reims,2,0,H,France,Ligue 1,football-data.co.uk
league_88e3b9e7301954b7,2018-11-10,LIGUE_1,2018-19,LEAGUE,,Angers,Montpellier,1,0,H,France,Ligue 1,football-data.co.uk
league_bcc2b02eda0fcae6,2018-11-10,LIGUE_1,2018-19,LEAGUE,,Guingamp,Olympique Lyonnais,2,4,A,France,Ligue 1,football-data.co.uk
league_7c0fed90df762323,2018-11-10,LIGUE_1,2018-19,LEAGUE,,Nimes,Nice,0,1,A,France,Ligue 1,football-data.co.uk
league_903d1b28006948b4,2018-11-10,LIGUE_1,2018-19,LEAGUE,,Toulouse,Amiens,0,1,A,France,Ligue 1,football-data.co.uk
league_ec393bb07e481f72,2018-11-11,LIGUE_1,2018-19,LEAGUE,,AS Monaco,Paris Saint-Germain FC,0,4,A,France,Ligue 1,football-data.co.uk
league_9e84aa5665cc9486,2018-11-11,LIGUE_1,2018-19,LEAGUE,,Bordeaux,Caen,0,0,D,France,Ligue 1,football-data.co.uk
league_f57b94cf8674d0bf,2018-11-11,LIGUE_1,2018-19,LEAGUE,,Olympique Marseille,Dijon,2,0,H,France,Ligue 1,football-data.co.uk
league_1db90f51e6b84f1e,2018-11-11,LIGUE_1,2018-19,LEAGUE,,Rennes,Nantes,1,1,D,France,Ligue 1,football-data.co.uk
league_b7ba53926bb3ff62,2018-11-23,LIGUE_1,2018-19,LEAGUE,,Olympique Lyonnais,AS Saint-Étienne,1,0,H,France,Ligue 1,football-data.co.uk
league_869a684a7ddd6472,2018-11-24,LIGUE_1,2018-19,LEAGUE,,Caen,AS Monaco,0,1,A,France,Ligue 1,football-data.co.uk
league_44d710d3a8b12c0f,2018-11-24,LIGUE_1,2018-19,LEAGUE,,Dijon,Bordeaux,0,0,D,France,Ligue 1,football-data.co.uk
league_791a2a8ac75c9fb7,2018-11-24,LIGUE_1,2018-19,LEAGUE,,Nantes,Angers,1,1,D,France,Ligue 1,football-data.co.uk
league_c2db8c2c318ba1c6,2018-11-24,LIGUE_1,2018-19,LEAGUE,,Paris Saint-Germain FC,Toulouse,1,0,H,France,Ligue 1,football-data.co.uk
league_2d9981f760d829cc,2018-11-24,LIGUE_1,2018-19,LEAGUE,,Reims,Guingamp,2,1,H,France,Ligue 1,football-data.co.uk
league_8ede8b2dca1bbfbc,2018-11-24,LIGUE_1,2018-19,LEAGUE,,Strasbourg,Nimes,0,1,A,France,Ligue 1,football-data.co.uk
league_06ea6e77b718efbd,2018-11-25,LIGUE_1,2018-19,LEAGUE,,Amiens,Olympique Marseille,1,3,A,France,Ligue 1,football-data.co.uk
league_dcb0175cf9a1ad8a,2018-11-25,LIGUE_1,2018-19,LEAGUE,,Montpellier,Rennes,2,2,D,France,Ligue 1,football-data.co.uk
league_2a3277df209397a0,2018-11-25,LIGUE_1,2018-19,LEAGUE,,Nice,Lille,2,0,H,France,Ligue 1,football-data.co.uk
league_8c3c901b65b41007,2018-11-30,LIGUE_1,2018-19,LEAGUE,,AS Saint-Étienne,Nantes,3,0,H,France,Ligue 1,football-data.co.uk
league_c98aa6250d9ff8d5,2018-12-01,LIGUE_1,2018-19,LEAGUE,,AS Monaco,Montpellier,1,2,A,France,Ligue 1,football-data.co.uk
league_f030a07ab1ba3749,2018-12-01,LIGUE_1,2018-19,LEAGUE,,Angers,Caen,1,1,D,France,Ligue 1,football-data.co.uk
league_9addc82987ee3814,2018-12-01,LIGUE_1,2018-19,LEAGUE,,Guingamp,Nice,0,0,D,France,Ligue 1,football-data.co.uk
league_3f407591d927d5a3,2018-12-01,LIGUE_1,2018-19,LEAGUE,,Lille,Olympique Lyonnais,2,2,D,France,Ligue 1,football-data.co.uk
league_b8c6c24b027481dd,2018-12-01,LIGUE_1,2018-19,LEAGUE,,Nimes,Amiens,3,0,H,France,Ligue 1,football-data.co.uk
league_c8e6ee84749a26d4,2018-12-02,LIGUE_1,2018-19,LEAGUE,,Bordeaux,Paris Saint-Germain FC,2,2,D,France,Ligue 1,football-data.co.uk
league_04f13d24d62a14ac,2018-12-02,LIGUE_1,2018-19,LEAGUE,,Olympique Marseille,Reims,0,0,D,France,Ligue 1,football-data.co.uk
league_a6816ee0422ae77d,2018-12-02,LIGUE_1,2018-19,LEAGUE,,Rennes,Strasbourg,1,4,A,France,Ligue 1,football-data.co.uk
league_96d16fa32477b413,2018-12-02,LIGUE_1,2018-19,LEAGUE,,Toulouse,Dijon,2,2,D,France,Ligue 1,football-data.co.uk
league_4d6f6206fdb62d07,2018-12-04,LIGUE_1,2018-19,LEAGUE,,Amiens,AS Monaco,0,2,A,France,Ligue 1,football-data.co.uk
league_36e4d532097db12f,2018-12-04,LIGUE_1,2018-19,LEAGUE,,Montpellier,Lille,0,1,A,France,Ligue 1,football-data.co.uk
league_aff8650f5436eb99,2018-12-04,LIGUE_1,2018-19,LEAGUE,,Nice,Angers,0,0,D,France,Ligue 1,football-data.co.uk
league_950e1b1c055bf1c8,2018-12-05,LIGUE_1,2018-19,LEAGUE,,Bordeaux,AS Saint-Étienne,3,2,H,France,Ligue 1,football-data.co.uk
league_06f2556797d0bfdb,2018-12-05,LIGUE_1,2018-19,LEAGUE,,Caen,Nimes,1,2,A,France,Ligue 1,football-data.co.uk
league_be49c85da63b7162,2018-12-05,LIGUE_1,2018-19,LEAGUE,,Dijon,Guingamp,2,1,H,France,Ligue 1,football-data.co.uk
league_8f52b84e59efa803,2018-12-05,LIGUE_1,2018-19,LEAGUE,,Nantes,Olympique Marseille,3,2,H,France,Ligue 1,football-data.co.uk
league_968bfa814e35a438,2018-12-05,LIGUE_1,2018-19,LEAGUE,,Olympique Lyonnais,Rennes,0,2,A,France,Ligue 1,football-data.co.uk
league_c75aab4044fcecfd,2018-12-05,LIGUE_1,2018-19,LEAGUE,,Reims,Toulouse,0,1,A,France,Ligue 1,football-data.co.uk
league_da551002614995b5,2018-12-05,LIGUE_1,2018-19,LEAGUE,,Strasbourg,Paris Saint-Germain FC,1,1,D,France,Ligue 1,football-data.co.uk
league_b62b434a10001d6a,2018-12-08,LIGUE_1,2018-19,LEAGUE,,Guingamp,Amiens,1,2,A,France,Ligue 1,football-data.co.uk
league_d3bc1d63fcedd6b4,2018-12-08,LIGUE_1,2018-19,LEAGUE,,Rennes,Dijon,2,0,H,France,Ligue 1,football-data.co.uk
league_b646b611f4ad1c7e,2018-12-09,LIGUE_1,2018-19,LEAGUE,,Lille,Reims,1,1,D,France,Ligue 1,football-data.co.uk
league_74f42e762a796f71,2018-12-09,LIGUE_1,2018-19,LEAGUE,,Strasbourg,Caen,2,2,D,France,Ligue 1,football-data.co.uk
league_f1c06235a20c2a2b,2018-12-15,LIGUE_1,2018-19,LEAGUE,,Reims,Strasbourg,2,1,H,France,Ligue 1,football-data.co.uk
league_2590f307a25af22e,2018-12-16,LIGUE_1,2018-19,LEAGUE,,Nice,AS Saint-Étienne,1,1,D,France,Ligue 1,football-data.co.uk
league_ff652e3de8800ca7,2018-12-16,LIGUE_1,2018-19,LEAGUE,,Nimes,Lille,2,3,A,France,Ligue 1,football-data.co.uk
league_9f7938c4d699fad6,2018-12-16,LIGUE_1,2018-19,LEAGUE,,Olympique Lyonnais,AS Monaco,3,0,H,France,Ligue 1,football-data.co.uk
league_c5048070a600043c,2018-12-18,LIGUE_1,2018-19,LEAGUE,,Caen,Toulouse,2,1,H,France,Ligue 1,football-data.co.uk
league_c7870eb2b9fabc53,2018-12-22,LIGUE_1,2018-19,LEAGUE,,AS Monaco,Guingamp,0,2,A,France,Ligue 1,football-data.co.uk
league_be558dd810fc197f,2018-12-22,LIGUE_1,2018-19,LEAGUE,,AS Saint-Étienne,Dijon,3,0,H,France,Ligue 1,football-data.co.uk
league_b5888f5c80f4fe4a,2018-12-22,LIGUE_1,2018-19,LEAGUE,,Angers,Olympique Marseille,1,1,D,France,Ligue 1,football-data.co.uk
league_a2d3fe9c7ad74a5e,2018-12-22,LIGUE_1,2018-19,LEAGUE,,Lille,Toulouse,1,2,A,France,Ligue 1,football-data.co.uk
league_173d8a552f0ea93f,2018-12-22,LIGUE_1,2018-19,LEAGUE,,Montpellier,Olympique Lyonnais,1,1,D,France,Ligue 1,football-data.co.uk
league_c7e9331c80526823,2018-12-22,LIGUE_1,2018-19,LEAGUE,,Paris Saint-Germain FC,Nantes,1,0,H,France,Ligue 1,football-data.co.uk
league_0b01b3844cfc8282,2018-12-22,LIGUE_1,2018-19,LEAGUE,,Reims,Caen,2,2,D,France,Ligue 1,football-data.co.uk
league_7e72df3cc3fb2940,2018-12-22,LIGUE_1,2018-19,LEAGUE,,Rennes,Nimes,4,0,H,France,Ligue 1,football-data.co.uk
league_d2dfc16fd2672bcd,2018-12-22,LIGUE_1,2018-19,LEAGUE,,Strasbourg,Nice,2,0,H,France,Ligue 1,football-data.co.uk
league_aea273e44e61c884,2018-12-23,LIGUE_1,2018-19,LEAGUE,,Bordeaux,Amiens,1,1,D,France,Ligue 1,football-data.co.uk
league_1678061e3f118981,2019-01-08,LIGUE_1,2018-19,LEAGUE,,Amiens,Angers,0,0,D,France,Ligue 1,football-data.co.uk
league_08816f38b2b5db5d,2019-01-08,LIGUE_1,2018-19,LEAGUE,,Nantes,Montpellier,2,0,H,France,Ligue 1,football-data.co.uk
league_8bd145af6e0fefa7,2019-01-11,LIGUE_1,2018-19,LEAGUE,,Caen,Lille,1,3,A,France,Ligue 1,football-data.co.uk
league_a4896d7676355032,2019-01-11,LIGUE_1,2018-19,LEAGUE,,Olympique Lyonnais,Reims,1,1,D,France,Ligue 1,football-data.co.uk
league_557e6afb1d2839a8,2019-01-12,LIGUE_1,2018-19,LEAGUE,,Amiens,Paris Saint-Germain FC,0,3,A,France,Ligue 1,football-data.co.uk
league_f71fe0882148abfc,2019-01-12,LIGUE_1,2018-19,LEAGUE,,Guingamp,AS Saint-Étienne,0,1,A,France,Ligue 1,football-data.co.uk
league_0c8823fb26e7cced,2019-01-12,LIGUE_1,2018-19,LEAGUE,,Nice,Bordeaux,1,0,H,France,Ligue 1,football-data.co.uk
league_2f72b67077c732ba,2019-01-13,LIGUE_1,2018-19,LEAGUE,,Dijon,Montpellier,1,1,D,France,Ligue 1,football-data.co.uk
league_8dc1b5614db36907,2019-01-13,LIGUE_1,2018-19,LEAGUE,,Nantes,Rennes,0,1,A,France,Ligue 1,football-data.co.uk
league_39c715d99b9a76ab,2019-01-13,LIGUE_1,2018-19,LEAGUE,,Olympique Marseille,AS Monaco,1,1,D,France,Ligue 1,football-data.co.uk
league_c8a4dc08cf19c388,2019-01-13,LIGUE_1,2018-19,LEAGUE,,Toulouse,Strasbourg,1,2,A,France,Ligue 1,football-data.co.uk
league_8614a08c54b19f17,2019-01-15,LIGUE_1,2018-19,LEAGUE,,Angers,Bordeaux,1,2,A,France,Ligue 1,football-data.co.uk
league_c6d8169bf1f94fc2,2019-01-16,LIGUE_1,2018-19,LEAGUE,,AS Monaco,Nice,1,1,D,France,Ligue 1,football-data.co.uk
league_00877e329eacacd9,2019-01-16,LIGUE_1,2018-19,LEAGUE,,AS Saint-Étienne,Olympique Marseille,2,1,H,France,Ligue 1,football-data.co.uk
league_f33166b5c2aba76b,2019-01-16,LIGUE_1,2018-19,LEAGUE,,Guingamp,Rennes,2,1,H,France,Ligue 1,football-data.co.uk
league_c208fafbe7055346,2019-01-16,LIGUE_1,2018-19,LEAGUE,,Nimes,Nantes,1,0,H,France,Ligue 1,football-data.co.uk
league_99848772e3193d8f,2019-01-16,LIGUE_1,2018-19,LEAGUE,,Toulouse,Olympique Lyonnais,2,2,D,France,Ligue 1,football-data.co.uk
league_b50ab159a52d07bf,2019-01-18,LIGUE_1,2018-19,LEAGUE,,Lille,Amiens,2,1,H,France,Ligue 1,football-data.co.uk
league_e0b641d8fc484046,2019-01-19,LIGUE_1,2018-19,LEAGUE,,AS Monaco,Strasbourg,1,5,A,France,Ligue 1,football-data.co.uk
league_9280d6bce2103ca5,2019-01-19,LIGUE_1,2018-19,LEAGUE,,Nimes,Toulouse,0,1,A,France,Ligue 1,football-data.co.uk
league_c2b7a323a52c12e8,2019-01-19,LIGUE_1,2018-19,LEAGUE,,Paris Saint-Germain FC,Guingamp,9,0,H,France,Ligue 1,football-data.co.uk
league_a2a50e7848fe5042,2019-01-19,LIGUE_1,2018-19,LEAGUE,,Reims,Nice,1,1,D,France,Ligue 1,football-data.co.uk
league_479130900790573c,2019-01-20,LIGUE_1,2018-19,LEAGUE,,AS Saint-Étienne,Olympique Lyonnais,1,2,A,France,Ligue 1,football-data.co.uk
league_cc5eac82142368dc,2019-01-20,LIGUE_1,2018-19,LEAGUE,,Angers,Nantes,1,0,H,France,Ligue 1,football-data.co.uk
league_f91fe1bb4eeb97ba,2019-01-20,LIGUE_1,2018-19,LEAGUE,,Bordeaux,Dijon,1,0,H,France,Ligue 1,football-data.co.uk
league_d889331281c41586,2019-01-20,LIGUE_1,2018-19,LEAGUE,,Caen,Olympique Marseille,0,1,A,France,Ligue 1,football-data.co.uk
league_4d00caa3fcc647fd,2019-01-20,LIGUE_1,2018-19,LEAGUE,,Rennes,Montpellier,0,0,D,France,Ligue 1,football-data.co.uk
league_8c2e394ccf196697,2019-01-23,LIGUE_1,2018-19,LEAGUE,,Nimes,Angers,3,1,H,France,Ligue 1,football-data.co.uk
league_77cc9cbf4590d870,2019-01-25,LIGUE_1,2018-19,LEAGUE,,Olympique Marseille,Lille,1,2,A,France,Ligue 1,football-data.co.uk
league_1e8868755f58b26f,2019-01-26,LIGUE_1,2018-19,LEAGUE,,Dijon,AS Monaco,2,0,H,France,Ligue 1,football-data.co.uk
league_2ba7e35710016685,2019-01-26,LIGUE_1,2018-19,LEAGUE,,Guingamp,Reims,0,1,A,France,Ligue 1,football-data.co.uk
league_112d5e15bb647f8a,2019-01-26,LIGUE_1,2018-19,LEAGUE,,Nice,Nimes,2,0,H,France,Ligue 1,football-data.co.uk
league_2f7eb4072356c075,2019-01-26,LIGUE_1,2018-19,LEAGUE,,Strasbourg,Bordeaux,1,0,H,France,Ligue 1,football-data.co.uk
league_056f206b28a73958,2019-01-27,LIGUE_1,2018-19,LEAGUE,,Amiens,Olympique Lyonnais,0,1,A,France,Ligue 1,football-data.co.uk
league_c01caa42fa41876e,2019-01-27,LIGUE_1,2018-19,LEAGUE,,Montpellier,Caen,2,0,H,France,Ligue 1,football-data.co.uk
league_1c3f8956253cb979,2019-01-27,LIGUE_1,2018-19,LEAGUE,,Paris Saint-Germain FC,Rennes,4,1,H,France,Ligue 1,football-data.co.uk
league_e46cad75eacb789c,2019-01-27,LIGUE_1,2018-19,LEAGUE,,Toulouse,Angers,0,0,D,France,Ligue 1,football-data.co.uk
league_e630f4c1c64bd2c6,2019-01-30,LIGUE_1,2018-19,LEAGUE,,Nantes,AS Saint-Étienne,1,1,D,France,Ligue 1,football-data.co.uk
league_cf5c07e57b8ffcaf,2019-02-01,LIGUE_1,2018-19,LEAGUE,,Lille,Nice,4,0,H,France,Ligue 1,football-data.co.uk
league_cbc20e80ac4522c8,2019-02-02,LIGUE_1,2018-19,LEAGUE,,AS Monaco,Toulouse,2,1,H,France,Ligue 1,football-data.co.uk
league_d9602c09764f961b,2019-02-02,LIGUE_1,2018-19,LEAGUE,,Angers,Dijon,1,0,H,France,Ligue 1,football-data.co.uk
league_e7ff6c4ab7bf254a,2019-02-02,LIGUE_1,2018-19,LEAGUE,,Reims,Olympique Marseille,2,1,H,France,Ligue 1,football-data.co.uk
league_3c16896d722c6f74,2019-02-02,LIGUE_1,2018-19,LEAGUE,,Rennes,Amiens,1,0,H,France,Ligue 1,football-data.co.uk
league_2c7b92fe0056cd6d,2019-02-03,LIGUE_1,2018-19,LEAGUE,,Nimes,Montpellier,1,1,D,France,Ligue 1,football-data.co.uk
league_5568843ffcb61b39,2019-02-03,LIGUE_1,2018-19,LEAGUE,,Olympique Lyonnais,Paris Saint-Germain FC,2,1,H,France,Ligue 1,football-data.co.uk
league_2c84454a4a28be48,2019-02-05,LIGUE_1,2018-19,LEAGUE,,Olympique Marseille,Bordeaux,1,0,H,France,Ligue 1,football-data.co.uk
league_a2a0d6eb777e1a78,2019-02-08,LIGUE_1,2018-19,LEAGUE,,Dijon,Olympique Marseille,1,2,A,France,Ligue 1,football-data.co.uk
league_98b88c1bd90f4e7e,2019-02-09,LIGUE_1,2018-19,LEAGUE,,Amiens,Caen,1,0,H,France,Ligue 1,football-data.co.uk
league_093998d2757386cf,2019-02-09,LIGUE_1,2018-19,LEAGUE,,Paris Saint-Germain FC,Bordeaux,1,0,H,France,Ligue 1,football-data.co.uk
league_75f7ab8d1171f5c1,2019-02-09,LIGUE_1,2018-19,LEAGUE,,Strasbourg,Angers,1,2,A,France,Ligue 1,football-data.co.uk
league_0ef4ab74c8f5078b,2019-02-10,LIGUE_1,2018-19,LEAGUE,,Guingamp,Lille,0,2,A,France,Ligue 1,football-data.co.uk
league_686cdbca59577551,2019-02-10,LIGUE_1,2018-19,LEAGUE,,Montpellier,AS Monaco,2,2,D,France,Ligue 1,football-data.co.uk
league_81610179b4de69fa,2019-02-10,LIGUE_1,2018-19,LEAGUE,,Nantes,Nimes,2,4,A,France,Ligue 1,football-data.co.uk
league_e141de296814be82,2019-02-10,LIGUE_1,2018-19,LEAGUE,,Nice,Olympique Lyonnais,1,0,H,France,Ligue 1,football-data.co.uk
league_24de476369facd8b,2019-02-10,LIGUE_1,2018-19,LEAGUE,,Rennes,AS Saint-Étienne,3,0,H,France,Ligue 1,football-data.co.uk
league_006a5ec75c3285b7,2019-02-10,LIGUE_1,2018-19,LEAGUE,,Toulouse,Reims,1,1,D,France,Ligue 1,football-data.co.uk
league_889843352a7bd275,2019-02-13,LIGUE_1,2018-19,LEAGUE,,AS Saint-Étienne,Strasbourg,2,1,H,France,Ligue 1,football-data.co.uk
league_1786b98ce239470f,2019-02-13,LIGUE_1,2018-19,LEAGUE,,Caen,Nantes,0,1,A,France,Ligue 1,football-data.co.uk
league_6141b0ff3d20bb90,2019-02-15,LIGUE_1,2018-19,LEAGUE,,Nimes,Dijon,2,0,H,France,Ligue 1,football-data.co.uk
league_a40633a2a0f19f0d,2019-02-15,LIGUE_1,2018-19,LEAGUE,,Olympique Lyonnais,Guingamp,2,1,H,France,Ligue 1,football-data.co.uk
league_0b0dc87b10cb095f,2019-02-16,LIGUE_1,2018-19,LEAGUE,,AS Monaco,Nantes,1,0,H,France,Ligue 1,football-data.co.uk
league_9be0c7ccbe757d8d,2019-02-16,LIGUE_1,2018-19,LEAGUE,,Angers,Nice,3,0,H,France,Ligue 1,football-data.co.uk
league_4eb5e2ed71ee0338,2019-02-16,LIGUE_1,2018-19,LEAGUE,,Olympique Marseille,Amiens,2,0,H,France,Ligue 1,football-data.co.uk
league_3b71a9ee09be5b18,2019-02-17,LIGUE_1,2018-19,LEAGUE,,AS Saint-Étienne,Paris Saint-Germain FC,0,1,A,France,Ligue 1,football-data.co.uk
league_8658a8163bdf1f84,2019-02-17,LIGUE_1,2018-19,LEAGUE,,Bordeaux,Toulouse,2,1,H,France,Ligue 1,football-data.co.uk
league_b478ff19012bcf97,2019-02-17,LIGUE_1,2018-19,LEAGUE,,Caen,Strasbourg,0,0,D,France,Ligue 1,football-data.co.uk
league_53d9f29356da8a45,2019-02-17,LIGUE_1,2018-19,LEAGUE,,Lille,Montpellier,0,0,D,France,Ligue 1,football-data.co.uk
league_83a61d4d9a1e087c,2019-02-17,LIGUE_1,2018-19,LEAGUE,,Reims,Rennes,2,0,H,France,Ligue 1,football-data.co.uk
league_380b235f8ab20c9b,2019-02-20,LIGUE_1,2018-19,LEAGUE,,Bordeaux,Guingamp,0,0,D,France,Ligue 1,football-data.co.uk
league_70debfb867ab29f7,2019-02-20,LIGUE_1,2018-19,LEAGUE,,Paris Saint-Germain FC,Montpellier,5,1,H,France,Ligue 1,football-data.co.uk
league_b2c5dd45bea37583,2019-02-22,LIGUE_1,2018-19,LEAGUE,,Dijon,AS Saint-Étienne,0,1,A,France,Ligue 1,football-data.co.uk
league_abacfdbc7b65e294,2019-02-22,LIGUE_1,2018-19,LEAGUE,,Strasbourg,Lille,1,1,D,France,Ligue 1,football-data.co.uk
league_ef405edbcf917da4,2019-02-23,LIGUE_1,2018-19,LEAGUE,,Amiens,Nice,1,0,H,France,Ligue 1,football-data.co.uk
league_b04955e9e08df0a0,2019-02-23,LIGUE_1,2018-19,LEAGUE,,Guingamp,Angers,1,0,H,France,Ligue 1,football-data.co.uk
league_38663c3095b4e0aa,2019-02-23,LIGUE_1,2018-19,LEAGUE,,Paris Saint-Germain FC,Nimes,3,0,H,France,Ligue 1,football-data.co.uk
league_fd6703d8ed132055,2019-02-24,LIGUE_1,2018-19,LEAGUE,,AS Monaco,Olympique Lyonnais,2,0,H,France,Ligue 1,football-data.co.uk
league_e6cf97572b6bf847,2019-02-24,LIGUE_1,2018-19,LEAGUE,,Montpellier,Reims,2,4,A,France,Ligue 1,football-data.co.uk
league_2bccc54ccc12b36e,2019-02-24,LIGUE_1,2018-19,LEAGUE,,Nantes,Bordeaux,1,0,H,France,Ligue 1,football-data.co.uk
league_91e8f5053e052767,2019-02-24,LIGUE_1,2018-19,LEAGUE,,Rennes,Olympique Marseille,1,1,D,France,Ligue 1,football-data.co.uk
league_36f69cc2adf16a25,2019-02-24,LIGUE_1,2018-19,LEAGUE,,Toulouse,Caen,1,1,D,France,Ligue 1,football-data.co.uk
league_d649b132990e440c,2019-03-02,LIGUE_1,2018-19,LEAGUE,,Angers,AS Monaco,2,2,D,France,Ligue 1,football-data.co.uk
league_8ee05e5dff7aa7b5,2019-03-02,LIGUE_1,2018-19,LEAGUE,,Caen,Paris Saint-Germain FC,1,2,A,France,Ligue 1,football-data.co.uk
league_eb05333016ae916b,2019-03-02,LIGUE_1,2018-19,LEAGUE,,Reims,Amiens,2,2,D,France,Ligue 1,football-data.co.uk
league_b3e8926fd9b79312,2019-03-03,LIGUE_1,2018-19,LEAGUE,,Guingamp,Nantes,0,0,D,France,Ligue 1,football-data.co.uk
league_d033b57ca7db6624,2019-03-03,LIGUE_1,2018-19,LEAGUE,,Lille,Dijon,1,0,H,France,Ligue 1,football-data.co.uk
league_c6feb17381e523b2,2019-03-03,LIGUE_1,2018-19,LEAGUE,,Nice,Strasbourg,1,0,H,France,Ligue 1,football-data.co.uk
league_acf0f16f70d965bd,2019-03-03,LIGUE_1,2018-19,LEAGUE,,Olympique Lyonnais,Toulouse,5,1,H,France,Ligue 1,football-data.co.uk
league_1774deb92a50f0be,2019-03-03,LIGUE_1,2018-19,LEAGUE,,Olympique Marseille,AS Saint-Étienne,2,0,H,France,Ligue 1,football-data.co.uk
league_d8b9e092ba09b123,2019-03-05,LIGUE_1,2018-19,LEAGUE,,Bordeaux,Montpellier,1,2,A,France,Ligue 1,football-data.co.uk
league_8522c53e7baf2700,2019-03-09,LIGUE_1,2018-19,LEAGUE,,AS Monaco,Bordeaux,1,1,D,France,Ligue 1,football-data.co.uk
league_e662fe778d1c6b1a,2019-03-09,LIGUE_1,2018-19,LEAGUE,,Amiens,Nimes,2,1,H,France,Ligue 1,football-data.co.uk
league_a5469101c4872618,2019-03-09,LIGUE_1,2018-19,LEAGUE,,Dijon,Reims,1,1,D,France,Ligue 1,football-data.co.uk
league_6392ae8fff05be2c,2019-03-09,LIGUE_1,2018-19,LEAGUE,,Strasbourg,Olympique Lyonnais,2,2,D,France,Ligue 1,football-data.co.uk
league_bacc40d391fce7ca,2019-03-10,LIGUE_1,2018-19,LEAGUE,,AS Saint-Étienne,Lille,0,1,A,France,Ligue 1,football-data.co.uk
league_439854404d7fdbc9,2019-03-10,LIGUE_1,2018-19,LEAGUE,,Montpellier,Angers,2,2,D,France,Ligue 1,football-data.co.uk
league_c7cb1761036a9bfb,2019-03-10,LIGUE_1,2018-19,LEAGUE,,Olympique Marseille,Nice,1,0,H,France,Ligue 1,football-data.co.uk
league_0b3809eccfa71123,2019-03-10,LIGUE_1,2018-19,LEAGUE,,Rennes,Caen,3,1,H,France,Ligue 1,football-data.co.uk
league_544ebbcffc430a1e,2019-03-10,LIGUE_1,2018-19,LEAGUE,,Toulouse,Guingamp,1,0,H,France,Ligue 1,football-data.co.uk
league_b7938751966e46b6,2019-03-12,LIGUE_1,2018-19,LEAGUE,,Dijon,Paris Saint-Germain FC,0,4,A,France,Ligue 1,football-data.co.uk
league_3ba5cb87934d50ba,2019-03-15,LIGUE_1,2018-19,LEAGUE,,Lille,AS Monaco,0,1,A,France,Ligue 1,football-data.co.uk
league_4731cb33978da29d,2019-03-15,LIGUE_1,2018-19,LEAGUE,,Nice,Toulouse,1,1,D,France,Ligue 1,football-data.co.uk
league_284f420f48a1528a,2019-03-16,LIGUE_1,2018-19,LEAGUE,,Angers,Amiens,0,0,D,France,Ligue 1,football-data.co.uk
league_f56e0563947c5c41,2019-03-16,LIGUE_1,2018-19,LEAGUE,,Caen,AS Saint-Étienne,0,5,A,France,Ligue 1,football-data.co.uk
league_5cd7726d5aa5b166,2019-03-16,LIGUE_1,2018-19,LEAGUE,,Guingamp,Dijon,1,0,H,France,Ligue 1,football-data.co.uk
league_14c394e861709ff5,2019-03-16,LIGUE_1,2018-19,LEAGUE,,Nimes,Strasbourg,2,2,D,France,Ligue 1,football-data.co.uk
league_c5a486fc72f65450,2019-03-17,LIGUE_1,2018-19,LEAGUE,,Bordeaux,Rennes,1,1,D,France,Ligue 1,football-data.co.uk
league_589b0f5fce457de3,2019-03-17,LIGUE_1,2018-19,LEAGUE,,Olympique Lyonnais,Montpellier,3,2,H,France,Ligue 1,football-data.co.uk
league_595ca8a1cc9bfbbe,2019-03-17,LIGUE_1,2018-19,LEAGUE,,Paris Saint-Germain FC,Olympique Marseille,3,1,H,France,Ligue 1,football-data.co.uk
league_e839cd9ac3d9ba7c,2019-03-17,LIGUE_1,2018-19,LEAGUE,,Reims,Nantes,1,0,H,France,Ligue 1,football-data.co.uk
league_570bb69eac655917,2019-03-29,LIGUE_1,2018-19,LEAGUE,,Rennes,Olympique Lyonnais,0,1,A,France,Ligue 1,football-data.co.uk
league_5433bbbf420e5fff,2019-03-30,LIGUE_1,2018-19,LEAGUE,,Olympique Marseille,Angers,2,2,D,France,Ligue 1,football-data.co.uk
league_5a4004a3c88b5a0c,2019-03-31,LIGUE_1,2018-19,LEAGUE,,AS Monaco,Caen,0,1,A,France,Ligue 1,football-data.co.uk
league_021cbe8667ced084,2019-03-31,LIGUE_1,2018-19,LEAGUE,,Amiens,Bordeaux,0,0,D,France,Ligue 1,football-data.co.uk
league_ea2bbbb79ed205bd,2019-03-31,LIGUE_1,2018-19,LEAGUE,,Dijon,Nice,0,1,A,France,Ligue 1,football-data.co.uk
league_6b73ff871dec7560,2019-03-31,LIGUE_1,2018-19,LEAGUE,,Nantes,Lille,2,3,A,France,Ligue 1,football-data.co.uk
league_dfca53d4729104c1,2019-03-31,LIGUE_1,2018-19,LEAGUE,,Toulouse,Paris Saint-Germain FC,0,1,A,France,Ligue 1,football-data.co.uk
league_75a63e9862f6ab45,2019-04-01,LIGUE_1,2018-19,LEAGUE,,AS Saint-Étienne,Nimes,2,1,H,France,Ligue 1,football-data.co.uk
league_e8d62209faa83f8c,2019-04-03,LIGUE_1,2018-19,LEAGUE,,Montpellier,Guingamp,2,0,H,France,Ligue 1,football-data.co.uk
league_4b24e97066ed5199,2019-04-03,LIGUE_1,2018-19,LEAGUE,,Strasbourg,Reims,4,0,H,France,Ligue 1,football-data.co.uk
league_2179fd72b954067a,2019-04-05,LIGUE_1,2018-19,LEAGUE,,Bordeaux,Olympique Marseille,2,0,H,France,Ligue 1,football-data.co.uk
league_f25d4c7a0e57d1ba,2019-04-06,LIGUE_1,2018-19,LEAGUE,,Amiens,AS Saint-Étienne,2,2,D,France,Ligue 1,football-data.co.uk
league_ddf4231038fc3f53,2019-04-06,LIGUE_1,2018-19,LEAGUE,,Angers,Rennes,3,3,D,France,Ligue 1,football-data.co.uk
league_b466752c0c968fbf,2019-04-06,LIGUE_1,2018-19,LEAGUE,,Guingamp,AS Monaco,1,1,D,France,Ligue 1,football-data.co.uk
league_45621da3ed359895,2019-04-06,LIGUE_1,2018-19,LEAGUE,,Nimes,Caen,2,0,H,France,Ligue 1,football-data.co.uk
league_5930c47726d0196a,2019-04-06,LIGUE_1,2018-19,LEAGUE,,Olympique Lyonnais,Dijon,1,3,A,France,Ligue 1,football-data.co.uk
league_8ea5d684377caf31,2019-04-07,LIGUE_1,2018-19,LEAGUE,,Nice,Montpellier,1,0,H,France,Ligue 1,football-data.co.uk
league_3acea66f513cddb8,2019-04-07,LIGUE_1,2018-19,LEAGUE,,Paris Saint-Germain FC,Strasbourg,2,2,D,France,Ligue 1,football-data.co.uk
league_a97562c8bb1578b5,2019-04-07,LIGUE_1,2018-19,LEAGUE,,Reims,Lille,1,1,D,France,Ligue 1,football-data.co.uk
league_44cd0ec85a1f6659,2019-04-07,LIGUE_1,2018-19,LEAGUE,,Toulouse,Nantes,1,0,H,France,Ligue 1,football-data.co.uk
league_857cef284f72203f,2019-04-09,LIGUE_1,2018-19,LEAGUE,,Nimes,Rennes,3,1,H,France,Ligue 1,football-data.co.uk
league_442a098e539f7048,2019-04-12,LIGUE_1,2018-19,LEAGUE,,Dijon,Amiens,0,0,D,France,Ligue 1,football-data.co.uk
league_e304cb085789b7d1,2019-04-12,LIGUE_1,2018-19,LEAGUE,,Nantes,Olympique Lyonnais,2,1,H,France,Ligue 1,football-data.co.uk
league_bc74a9e97910a83a,2019-04-13,LIGUE_1,2018-19,LEAGUE,,AS Monaco,Reims,0,0,D,France,Ligue 1,football-data.co.uk
league_e08f6944e1f7bc54,2019-04-13,LIGUE_1,2018-19,LEAGUE,,Caen,Angers,0,1,A,France,Ligue 1,football-data.co.uk
league_949896b5b9b0c942,2019-04-13,LIGUE_1,2018-19,LEAGUE,,Olympique Marseille,Nimes,2,1,H,France,Ligue 1,football-data.co.uk
league_eb24506270e7b2a8,2019-04-13,LIGUE_1,2018-19,LEAGUE,,Strasbourg,Guingamp,3,3,D,France,Ligue 1,football-data.co.uk
league_7b65d0fad2349340,2019-04-14,LIGUE_1,2018-19,LEAGUE,,AS Saint-Étienne,Bordeaux,3,0,H,France,Ligue 1,football-data.co.uk
league_edb567a0def98365,2019-04-14,LIGUE_1,2018-19,LEAGUE,,Lille,Paris Saint-Germain FC,5,1,H,France,Ligue 1,football-data.co.uk
league_7de9c857ef20193d,2019-04-14,LIGUE_1,2018-19,LEAGUE,,Montpellier,Toulouse,2,1,H,France,Ligue 1,football-data.co.uk
league_e5c0757cc25f1d1b,2019-04-14,LIGUE_1,2018-19,LEAGUE,,Rennes,Nice,0,0,D,France,Ligue 1,football-data.co.uk
league_0839741c914dd984,2019-04-17,LIGUE_1,2018-19,LEAGUE,,Nantes,Paris Saint-Germain FC,3,2,H,France,Ligue 1,football-data.co.uk
league_f73551384bc2b44f,2019-04-19,LIGUE_1,2018-19,LEAGUE,,Dijon,Rennes,3,2,H,France,Ligue 1,football-data.co.uk
league_0179cdb930723568,2019-04-19,LIGUE_1,2018-19,LEAGUE,,Olympique Lyonnais,Angers,2,1,H,France,Ligue 1,football-data.co.uk
league_a36a04bd023d0a69,2019-04-20,LIGUE_1,2018-19,LEAGUE,,Guingamp,Olympique Marseille,1,3,A,France,Ligue 1,football-data.co.uk
league_0c2f23535458a5c0,2019-04-20,LIGUE_1,2018-19,LEAGUE,,Nice,Caen,0,1,A,France,Ligue 1,football-data.co.uk
league_fd96d308fa3fc23d,2019-04-20,LIGUE_1,2018-19,LEAGUE,,Nimes,Bordeaux,2,1,H,France,Ligue 1,football-data.co.uk
league_760a99c93ff8a7bb,2019-04-20,LIGUE_1,2018-19,LEAGUE,,Strasbourg,Montpellier,1,3,A,France,Ligue 1,football-data.co.uk
league_f3780900e3c98b56,2019-04-21,LIGUE_1,2018-19,LEAGUE,,Nantes,Amiens,3,2,H,France,Ligue 1,football-data.co.uk
league_7da2c8a576485c68,2019-04-21,LIGUE_1,2018-19,LEAGUE,,Paris Saint-Germain FC,AS Monaco,3,1,H,France,Ligue 1,football-data.co.uk
league_f29543efa3da513e,2019-04-21,LIGUE_1,2018-19,LEAGUE,,Reims,AS Saint-Étienne,0,2,A,France,Ligue 1,football-data.co.uk
league_13db62e3962288d4,2019-04-21,LIGUE_1,2018-19,LEAGUE,,Toulouse,Lille,0,0,D,France,Ligue 1,football-data.co.uk
league_e1fc9f6671efbe81,2019-04-26,LIGUE_1,2018-19,LEAGUE,,Bordeaux,Olympique Lyonnais,2,3,A,France,Ligue 1,football-data.co.uk
league_b229d6b69f708eaa,2019-04-28,LIGUE_1,2018-19,LEAGUE,,AS Saint-Étienne,Toulouse,2,0,H,France,Ligue 1,football-data.co.uk
league_b523f05ecd9f2cb6,2019-04-28,LIGUE_1,2018-19,LEAGUE,,Amiens,Strasbourg,0,0,D,France,Ligue 1,football-data.co.uk
league_4bbc253622321805,2019-04-28,LIGUE_1,2018-19,LEAGUE,,Angers,Reims,1,1,D,France,Ligue 1,football-data.co.uk
league_e80e9d38c3977b30,2019-04-28,LIGUE_1,2018-19,LEAGUE,,Caen,Dijon,1,0,H,France,Ligue 1,football-data.co.uk
league_af202cd344ee88e2,2019-04-28,LIGUE_1,2018-19,LEAGUE,,Lille,Nimes,5,0,H,France,Ligue 1,football-data.co.uk
league_a698cd6d4bb11cd1,2019-04-28,LIGUE_1,2018-19,LEAGUE,,Nice,Guingamp,3,0,H,France,Ligue 1,football-data.co.uk
league_1286bb24bb9c993f,2019-04-28,LIGUE_1,2018-19,LEAGUE,,Olympique Marseille,Nantes,1,2,A,France,Ligue 1,football-data.co.uk
league_17165c78070cd5c6,2019-04-30,LIGUE_1,2018-19,LEAGUE,,Montpellier,Paris Saint-Germain FC,3,2,H,France,Ligue 1,football-data.co.uk
league_ab0b79b496fafcdc,2019-05-01,LIGUE_1,2018-19,LEAGUE,,Rennes,AS Monaco,2,2,D,France,Ligue 1,football-data.co.uk
league_aff01b07be05b700,2019-05-03,LIGUE_1,2018-19,LEAGUE,,Strasbourg,Olympique Marseille,1,1,D,France,Ligue 1,football-data.co.uk
league_31104531b08f998b,2019-05-04,LIGUE_1,2018-19,LEAGUE,,Bordeaux,Angers,0,1,A,France,Ligue 1,football-data.co.uk
league_567eaafd11dd296a,2019-05-04,LIGUE_1,2018-19,LEAGUE,,Guingamp,Caen,0,0,D,France,Ligue 1,football-data.co.uk
league_53ced476d050c8a4,2019-05-04,LIGUE_1,2018-19,LEAGUE,,Paris Saint-Germain FC,Nice,1,1,D,France,Ligue 1,football-data.co.uk
league_237ac94bb2ddd00e,2019-05-04,LIGUE_1,2018-19,LEAGUE,,Reims,Nimes,0,3,A,France,Ligue 1,football-data.co.uk
league_e242870c03dd4e5d,2019-05-05,LIGUE_1,2018-19,LEAGUE,,AS Monaco,AS Saint-Étienne,2,3,A,France,Ligue 1,football-data.co.uk
league_8036e8395723262d,2019-05-05,LIGUE_1,2018-19,LEAGUE,,Montpellier,Amiens,1,1,D,France,Ligue 1,football-data.co.uk
league_3dd008374478a686,2019-05-05,LIGUE_1,2018-19,LEAGUE,,Nantes,Dijon,3,0,H,France,Ligue 1,football-data.co.uk
league_a56d476f778158a3,2019-05-05,LIGUE_1,2018-19,LEAGUE,,Olympique Lyonnais,Lille,2,2,D,France,Ligue 1,football-data.co.uk
league_afc754f9059be069,2019-05-05,LIGUE_1,2018-19,LEAGUE,,Toulouse,Rennes,2,2,D,France,Ligue 1,football-data.co.uk
league_10d90da21cc5a9aa,2019-05-10,LIGUE_1,2018-19,LEAGUE,,AS Saint-Étienne,Montpellier,0,1,A,France,Ligue 1,football-data.co.uk
league_0922400965058a12,2019-05-11,LIGUE_1,2018-19,LEAGUE,,Amiens,Toulouse,0,0,D,France,Ligue 1,football-data.co.uk
league_b2df575da19d3117,2019-05-11,LIGUE_1,2018-19,LEAGUE,,Angers,Paris Saint-Germain FC,1,2,A,France,Ligue 1,football-data.co.uk
league_35ea57a6340dc3b5,2019-05-11,LIGUE_1,2018-19,LEAGUE,,Caen,Reims,3,2,H,France,Ligue 1,football-data.co.uk
league_16036dad600268b9,2019-05-11,LIGUE_1,2018-19,LEAGUE,,Dijon,Strasbourg,2,1,H,France,Ligue 1,football-data.co.uk
league_3436c9cb77322600,2019-05-11,LIGUE_1,2018-19,LEAGUE,,Nice,Nantes,1,1,D,France,Ligue 1,football-data.co.uk
league_f7b87512c2d3d9b4,2019-05-11,LIGUE_1,2018-19,LEAGUE,,Nimes,AS Monaco,1,0,H,France,Ligue 1,football-data.co.uk
league_ac3070e99b6eab49,2019-05-12,LIGUE_1,2018-19,LEAGUE,,Lille,Bordeaux,1,0,H,France,Ligue 1,football-data.co.uk
league_ecf2b2a1ccc7db02,2019-05-12,LIGUE_1,2018-19,LEAGUE,,Olympique Marseille,Olympique Lyonnais,0,3,A,France,Ligue 1,football-data.co.uk
league_4f599f9577692665,2019-05-12,LIGUE_1,2018-19,LEAGUE,,Rennes,Guingamp,1,1,D,France,Ligue 1,football-data.co.uk
league_c4300556d8e82ae6,2019-05-18,LIGUE_1,2018-19,LEAGUE,,AS Monaco,Amiens,2,0,H,France,Ligue 1,football-data.co.uk
league_2c46b9e269bc421e,2019-05-18,LIGUE_1,2018-19,LEAGUE,,AS Saint-Étienne,Nice,3,0,H,France,Ligue 1,football-data.co.uk
league_82c62b11b27c3273,2019-05-18,LIGUE_1,2018-19,LEAGUE,,Bordeaux,Reims,0,1,A,France,Ligue 1,football-data.co.uk
league_54e1d64a0819ca69,2019-05-18,LIGUE_1,2018-19,LEAGUE,,Guingamp,Nimes,2,2,D,France,Ligue 1,football-data.co.uk
league_0b8289e18dc53166,2019-05-18,LIGUE_1,2018-19,LEAGUE,,Lille,Angers,5,0,H,France,Ligue 1,football-data.co.uk
league_815abe4fbc1c9e6e,2019-05-18,LIGUE_1,2018-19,LEAGUE,,Montpellier,Nantes,1,1,D,France,Ligue 1,football-data.co.uk
league_c40eb73ac06bdf48,2019-05-18,LIGUE_1,2018-19,LEAGUE,,Olympique Lyonnais,Caen,4,0,H,France,Ligue 1,football-data.co.uk
league_e54980df779a302f,2019-05-18,LIGUE_1,2018-19,LEAGUE,,Paris Saint-Germain FC,Dijon,4,0,H,France,Ligue 1,football-data.co.uk
league_ef4ab13f8718e33d,2019-05-18,LIGUE_1,2018-19,LEAGUE,,Strasbourg,Rennes,0,2,A,France,Ligue 1,football-data.co.uk
league_fe0ac65af642532e,2019-05-18,LIGUE_1,2018-19,LEAGUE,,Toulouse,Olympique Marseille,2,5,A,France,Ligue 1,football-data.co.uk
league_41afa32d8d2901db,2019-05-24,LIGUE_1,2018-19,LEAGUE,,Amiens,Guingamp,2,1,H,France,Ligue 1,football-data.co.uk
league_4bdf872150b7f2fe,2019-05-24,LIGUE_1,2018-19,LEAGUE,,Angers,AS Saint-Étienne,1,1,D,France,Ligue 1,football-data.co.uk
league_92770af736c8b86a,2019-05-24,LIGUE_1,2018-19,LEAGUE,,Caen,Bordeaux,0,1,A,France,Ligue 1,football-data.co.uk
league_f5f078a4ff6a6a6e,2019-05-24,LIGUE_1,2018-19,LEAGUE,,Dijon,Toulouse,2,1,H,France,Ligue 1,football-data.co.uk
league_a0c3c2200630e43e,2019-05-24,LIGUE_1,2018-19,LEAGUE,,Nantes,Strasbourg,0,1,A,France,Ligue 1,football-data.co.uk
league_f073b21732b9a976,2019-05-24,LIGUE_1,2018-19,LEAGUE,,Nice,AS Monaco,2,0,H,France,Ligue 1,football-data.co.uk
league_4f4a679de7654ed5,2019-05-24,LIGUE_1,2018-19,LEAGUE,,Nimes,Olympique Lyonnais,2,3,A,France,Ligue 1,football-data.co.uk
league_8eda2c685c3adc16,2019-05-24,LIGUE_1,2018-19,LEAGUE,,Olympique Marseille,Montpellier,1,0,H,France,Ligue 1,football-data.co.uk
league_0cdc3458938f4af8,2019-05-24,LIGUE_1,2018-19,LEAGUE,,Reims,Paris Saint-Germain FC,3,1,H,France,Ligue 1,football-data.co.uk
league_c5aaf61a41367631,2019-05-24,LIGUE_1,2018-19,LEAGUE,,Rennes,Lille,3,1,H,France,Ligue 1,football-data.co.uk
league_1d02606f32eb92e8,2019-08-09,LIGUE_1,2019-20,LEAGUE,,AS Monaco,Olympique Lyonnais,0,3,A,France,Ligue 1,football-data.co.uk
league_91285d7776deb4cf,2019-08-10,LIGUE_1,2019-20,LEAGUE,,Angers,Bordeaux,3,1,H,France,Ligue 1,football-data.co.uk
league_5d98c00592ab9b82,2019-08-10,LIGUE_1,2019-20,LEAGUE,,Brest,Toulouse,1,1,D,France,Ligue 1,football-data.co.uk
league_9bb7b3018b981435,2019-08-10,LIGUE_1,2019-20,LEAGUE,,Dijon,AS Saint-Étienne,1,2,A,France,Ligue 1,football-data.co.uk
league_526c890ec9938834,2019-08-10,LIGUE_1,2019-20,LEAGUE,,Montpellier,Rennes,0,1,A,France,Ligue 1,football-data.co.uk
league_58e34bec080de02e,2019-08-10,LIGUE_1,2019-20,LEAGUE,,Nice,Amiens,2,1,H,France,Ligue 1,football-data.co.uk
league_38bd39398e07d756,2019-08-10,LIGUE_1,2019-20,LEAGUE,,Olympique Marseille,Reims,0,2,A,France,Ligue 1,football-data.co.uk
league_029e2956fbd940d7,2019-08-11,LIGUE_1,2019-20,LEAGUE,,Lille,Nantes,2,1,H,France,Ligue 1,football-data.co.uk
league_62772cbd7f2bc60e,2019-08-11,LIGUE_1,2019-20,LEAGUE,,Paris Saint-Germain FC,Nimes,3,0,H,France,Ligue 1,football-data.co.uk
league_a69df4248f941858,2019-08-11,LIGUE_1,2019-20,LEAGUE,,Strasbourg,Metz,1,1,D,France,Ligue 1,football-data.co.uk
league_4178858181302db1,2019-08-16,LIGUE_1,2019-20,LEAGUE,,Olympique Lyonnais,Angers,6,0,H,France,Ligue 1,football-data.co.uk
league_8994f1db1e5dd149,2019-08-17,LIGUE_1,2019-20,LEAGUE,,Amiens,Lille,1,0,H,France,Ligue 1,football-data.co.uk
league_241f97d770ba0f09,2019-08-17,LIGUE_1,2019-20,LEAGUE,,Bordeaux,Montpellier,1,1,D,France,Ligue 1,football-data.co.uk
league_93490a2bb1801051,2019-08-17,LIGUE_1,2019-20,LEAGUE,,Metz,AS Monaco,3,0,H,France,Ligue 1,football-data.co.uk
league_428fe0643651ecd8,2019-08-17,LIGUE_1,2019-20,LEAGUE,,Nantes,Olympique Marseille,0,0,D,France,Ligue 1,football-data.co.uk
league_1851649bc3e7e37e,2019-08-17,LIGUE_1,2019-20,LEAGUE,,Nimes,Nice,1,2,A,France,Ligue 1,football-data.co.uk
league_c281d1a067292d93,2019-08-17,LIGUE_1,2019-20,LEAGUE,,Toulouse,Dijon,1,0,H,France,Ligue 1,football-data.co.uk
league_d699b561843442e6,2019-08-18,LIGUE_1,2019-20,LEAGUE,,AS Saint-Étienne,Brest,1,1,D,France,Ligue 1,football-data.co.uk
league_d06977652720fd4c,2019-08-18,LIGUE_1,2019-20,LEAGUE,,Reims,Strasbourg,0,0,D,France,Ligue 1,football-data.co.uk
league_b6f42c018b818eff,2019-08-18,LIGUE_1,2019-20,LEAGUE,,Rennes,Paris Saint-Germain FC,2,1,H,France,Ligue 1,football-data.co.uk
league_33cdecdf74915849,2019-08-24,LIGUE_1,2019-20,LEAGUE,,Amiens,Nantes,1,2,A,France,Ligue 1,football-data.co.uk
league_2f87954371c34694,2019-08-24,LIGUE_1,2019-20,LEAGUE,,Angers,Metz,3,0,H,France,Ligue 1,football-data.co.uk
league_d5ceb53252410b0c,2019-08-24,LIGUE_1,2019-20,LEAGUE,,Brest,Reims,1,0,H,France,Ligue 1,football-data.co.uk
league_0a55d0c6d010fdea,2019-08-24,LIGUE_1,2019-20,LEAGUE,,Dijon,Bordeaux,0,2,A,France,Ligue 1,football-data.co.uk
league_ad0b00e29c87b25e,2019-08-25,LIGUE_1,2019-20,LEAGUE,,AS Monaco,Nimes,2,2,D,France,Ligue 1,football-data.co.uk
league_7fc0fd16f5175554,2019-08-25,LIGUE_1,2019-20,LEAGUE,,Paris Saint-Germain FC,Toulouse,4,0,H,France,Ligue 1,football-data.co.uk
league_b6a0f8c037a32a2c,2019-08-25,LIGUE_1,2019-20,LEAGUE,,Strasbourg,Rennes,0,2,A,France,Ligue 1,football-data.co.uk
league_32ddede8950203cc,2019-08-27,LIGUE_1,2019-20,LEAGUE,,Montpellier,Olympique Lyonnais,1,0,H,France,Ligue 1,football-data.co.uk
league_fa6a4954eb15b547,2019-08-28,LIGUE_1,2019-20,LEAGUE,,Lille,AS Saint-Étienne,3,0,H,France,Ligue 1,football-data.co.uk
league_e6520f05854904a1,2019-08-28,LIGUE_1,2019-20,LEAGUE,,Nice,Olympique Marseille,1,2,A,France,Ligue 1,football-data.co.uk
league_40ed8e46aef3a51d,2019-08-30,LIGUE_1,2019-20,LEAGUE,,Metz,Paris Saint-Germain FC,0,2,A,France,Ligue 1,football-data.co.uk
league_88524ae6a7a0bc2d,2019-08-31,LIGUE_1,2019-20,LEAGUE,,Angers,Dijon,2,0,H,France,Ligue 1,football-data.co.uk
league_da719d2014118a28,2019-08-31,LIGUE_1,2019-20,LEAGUE,,Nantes,Montpellier,1,0,H,France,Ligue 1,football-data.co.uk
league_b6d57be00b0778e2,2019-08-31,LIGUE_1,2019-20,LEAGUE,,Nimes,Brest,3,0,H,France,Ligue 1,football-data.co.uk
league_11ac5524b9a3838e,2019-08-31,LIGUE_1,2019-20,LEAGUE,,Olympique Lyonnais,Bordeaux,1,1,D,France,Ligue 1,football-data.co.uk
league_b06bf9536f598829,2019-08-31,LIGUE_1,2019-20,LEAGUE,,Toulouse,Amiens,2,0,H,France,Ligue 1,football-data.co.uk
league_f6d788afe5bf7ba8,2019-09-01,LIGUE_1,2019-20,LEAGUE,,Olympique Marseille,AS Saint-Étienne,1,0,H,France,Ligue 1,football-data.co.uk
league_9dd22d1c9ace5ecb,2019-09-01,LIGUE_1,2019-20,LEAGUE,,Reims,Lille,2,0,H,France,Ligue 1,football-data.co.uk
league_70c7165b3082a8bd,2019-09-01,LIGUE_1,2019-20,LEAGUE,,Rennes,Nice,1,2,A,France,Ligue 1,football-data.co.uk
league_bddc31abee987489,2019-09-01,LIGUE_1,2019-20,LEAGUE,,Strasbourg,AS Monaco,2,2,D,France,Ligue 1,football-data.co.uk
league_d140a8b3add9fe05,2019-09-13,LIGUE_1,2019-20,LEAGUE,,Amiens,Olympique Lyonnais,2,2,D,France,Ligue 1,football-data.co.uk
league_2e1f1e1500bbf4e8,2019-09-13,LIGUE_1,2019-20,LEAGUE,,Lille,Angers,2,1,H,France,Ligue 1,football-data.co.uk
league_f06235b34ca1465a,2019-09-14,LIGUE_1,2019-20,LEAGUE,,Bordeaux,Metz,2,0,H,France,Ligue 1,football-data.co.uk
league_b4d7e84ea1944393,2019-09-14,LIGUE_1,2019-20,LEAGUE,,Brest,Rennes,0,0,D,France,Ligue 1,football-data.co.uk
league_f80adc3928605ff3,2019-09-14,LIGUE_1,2019-20,LEAGUE,,Dijon,Nimes,0,0,D,France,Ligue 1,football-data.co.uk
league_d9e49403e6066cb1,2019-09-14,LIGUE_1,2019-20,LEAGUE,,Montpellier,Nice,2,1,H,France,Ligue 1,football-data.co.uk
league_961bba26ed58a97f,2019-09-14,LIGUE_1,2019-20,LEAGUE,,Paris Saint-Germain FC,Strasbourg,1,0,H,France,Ligue 1,football-data.co.uk
league_0a46907784201499,2019-09-15,LIGUE_1,2019-20,LEAGUE,,AS Monaco,Olympique Marseille,3,4,A,France,Ligue 1,football-data.co.uk
league_62d13a4fb0807565,2019-09-15,LIGUE_1,2019-20,LEAGUE,,AS Saint-Étienne,Toulouse,2,2,D,France,Ligue 1,football-data.co.uk
league_59e272af6261ad1e,2019-09-15,LIGUE_1,2019-20,LEAGUE,,Nantes,Reims,1,0,H,France,Ligue 1,football-data.co.uk
league_76355eaf0e644ae2,2019-09-20,LIGUE_1,2019-20,LEAGUE,,Strasbourg,Nantes,2,1,H,France,Ligue 1,football-data.co.uk
league_03d48a61461698b6,2019-09-21,LIGUE_1,2019-20,LEAGUE,,Bordeaux,Brest,2,2,D,France,Ligue 1,football-data.co.uk
league_4c788194f097879c,2019-09-21,LIGUE_1,2019-20,LEAGUE,,Metz,Amiens,1,2,A,France,Ligue 1,football-data.co.uk
league_83a047b2af6d233c,2019-09-21,LIGUE_1,2019-20,LEAGUE,,Nice,Dijon,2,1,H,France,Ligue 1,football-data.co.uk
league_49ba4ee6bf1b788b,2019-09-21,LIGUE_1,2019-20,LEAGUE,,Nimes,Toulouse,1,0,H,France,Ligue 1,football-data.co.uk
league_60d40f1c5da5275d,2019-09-21,LIGUE_1,2019-20,LEAGUE,,Olympique Marseille,Montpellier,1,1,D,France,Ligue 1,football-data.co.uk
league_8e50d17f225ff14a,2019-09-21,LIGUE_1,2019-20,LEAGUE,,Reims,AS Monaco,0,0,D,France,Ligue 1,football-data.co.uk
league_45937c0bfcc59cb7,2019-09-22,LIGUE_1,2019-20,LEAGUE,,Angers,AS Saint-Étienne,4,1,H,France,Ligue 1,football-data.co.uk
league_3f085cd1e65e4869,2019-09-22,LIGUE_1,2019-20,LEAGUE,,Olympique Lyonnais,Paris Saint-Germain FC,0,1,A,France,Ligue 1,football-data.co.uk
league_9d1c85cd9bf45e1d,2019-09-22,LIGUE_1,2019-20,LEAGUE,,Rennes,Lille,1,1,D,France,Ligue 1,football-data.co.uk
league_c264ccf7df25c047,2019-09-24,LIGUE_1,2019-20,LEAGUE,,AS Monaco,Nice,3,1,H,France,Ligue 1,football-data.co.uk
league_ab5cc9ae394c245e,2019-09-24,LIGUE_1,2019-20,LEAGUE,,Dijon,Olympique Marseille,0,0,D,France,Ligue 1,football-data.co.uk
league_8133701d3231b3a7,2019-09-25,LIGUE_1,2019-20,LEAGUE,,AS Saint-Étienne,Metz,0,1,A,France,Ligue 1,football-data.co.uk
league_e52044641a9bf2a4,2019-09-25,LIGUE_1,2019-20,LEAGUE,,Amiens,Bordeaux,1,3,A,France,Ligue 1,football-data.co.uk
league_487d6c6d79bee2d7,2019-09-25,LIGUE_1,2019-20,LEAGUE,,Brest,Olympique Lyonnais,2,2,D,France,Ligue 1,football-data.co.uk
league_14888af13b07875c,2019-09-25,LIGUE_1,2019-20,LEAGUE,,Lille,Strasbourg,2,0,H,France,Ligue 1,football-data.co.uk
league_8873adb761480d56,2019-09-25,LIGUE_1,2019-20,LEAGUE,,Montpellier,Nimes,1,0,H,France,Ligue 1,football-data.co.uk
league_ef15b843e3506587,2019-09-25,LIGUE_1,2019-20,LEAGUE,,Nantes,Rennes,1,0,H,France,Ligue 1,football-data.co.uk
league_4483ae16cc2566cc,2019-09-25,LIGUE_1,2019-20,LEAGUE,,Paris Saint-Germain FC,Reims,0,2,A,France,Ligue 1,football-data.co.uk
league_eb4b86ad96178307,2019-09-25,LIGUE_1,2019-20,LEAGUE,,Toulouse,Angers,0,2,A,France,Ligue 1,football-data.co.uk
league_c5b46e081bc33320,2019-09-28,LIGUE_1,2019-20,LEAGUE,,AS Monaco,Brest,4,1,H,France,Ligue 1,football-data.co.uk
league_f98098e7626a29c6,2019-09-28,LIGUE_1,2019-20,LEAGUE,,Angers,Amiens,1,1,D,France,Ligue 1,football-data.co.uk
league_5715b18a758defab,2019-09-28,LIGUE_1,2019-20,LEAGUE,,Bordeaux,Paris Saint-Germain FC,0,1,A,France,Ligue 1,football-data.co.uk
league_96fd3744752b4424,2019-09-28,LIGUE_1,2019-20,LEAGUE,,Metz,Toulouse,2,2,D,France,Ligue 1,football-data.co.uk
league_0eefd6a427e9788c,2019-09-28,LIGUE_1,2019-20,LEAGUE,,Nice,Lille,1,1,D,France,Ligue 1,football-data.co.uk
league_98ef927c57be33fd,2019-09-28,LIGUE_1,2019-20,LEAGUE,,Olympique Lyonnais,Nantes,0,1,A,France,Ligue 1,football-data.co.uk
league_99a757765aa7c339,2019-09-28,LIGUE_1,2019-20,LEAGUE,,Reims,Dijon,1,2,A,France,Ligue 1,football-data.co.uk
league_868828492b31eac7,2019-09-29,LIGUE_1,2019-20,LEAGUE,,Nimes,AS Saint-Étienne,0,1,A,France,Ligue 1,football-data.co.uk
league_c9dc4313f04c50bc,2019-09-29,LIGUE_1,2019-20,LEAGUE,,Olympique Marseille,Rennes,1,1,D,France,Ligue 1,football-data.co.uk
league_5ea6ad416b8cc634,2019-09-29,LIGUE_1,2019-20,LEAGUE,,Strasbourg,Montpellier,1,0,H,France,Ligue 1,football-data.co.uk
league_6e34e98f087ad832,2019-10-04,LIGUE_1,2019-20,LEAGUE,,Amiens,Olympique Marseille,3,1,H,France,Ligue 1,football-data.co.uk
league_8f1cf1140ef6fc18,2019-10-05,LIGUE_1,2019-20,LEAGUE,,Brest,Metz,2,0,H,France,Ligue 1,football-data.co.uk
league_0f1dfccc428be885,2019-10-05,LIGUE_1,2019-20,LEAGUE,,Dijon,Strasbourg,1,0,H,France,Ligue 1,football-data.co.uk
league_2716f52f3f7e0819,2019-10-05,LIGUE_1,2019-20,LEAGUE,,Montpellier,AS Monaco,3,1,H,France,Ligue 1,football-data.co.uk
league_2e9b8a2ff7123379,2019-10-05,LIGUE_1,2019-20,LEAGUE,,Nantes,Nice,1,0,H,France,Ligue 1,football-data.co.uk
league_e87fe194659406d7,2019-10-05,LIGUE_1,2019-20,LEAGUE,,Paris Saint-Germain FC,Angers,4,0,H,France,Ligue 1,football-data.co.uk
league_d7bab4dc8a8b096f,2019-10-05,LIGUE_1,2019-20,LEAGUE,,Toulouse,Bordeaux,1,3,A,France,Ligue 1,football-data.co.uk
league_652ab69e66fc77fc,2019-10-06,LIGUE_1,2019-20,LEAGUE,,AS Saint-Étienne,Olympique Lyonnais,1,0,H,France,Ligue 1,football-data.co.uk
league_400c07bd871cfec0,2019-10-06,LIGUE_1,2019-20,LEAGUE,,Lille,Nimes,2,2,D,France,Ligue 1,football-data.co.uk
league_edf3a545cd252461,2019-10-06,LIGUE_1,2019-20,LEAGUE,,Rennes,Reims,0,1,A,France,Ligue 1,football-data.co.uk
league_6e0eec99f8a7bedf,2019-10-18,LIGUE_1,2019-20,LEAGUE,,Nice,Paris Saint-Germain FC,1,4,A,France,Ligue 1,football-data.co.uk
league_ec5d96cd05f37798,2019-10-19,LIGUE_1,2019-20,LEAGUE,,Angers,Brest,0,1,A,France,Ligue 1,football-data.co.uk
league_b8c7a55cb0c691b2,2019-10-19,LIGUE_1,2019-20,LEAGUE,,Metz,Nantes,1,0,H,France,Ligue 1,football-data.co.uk
league_a0619680185c44e1,2019-10-19,LIGUE_1,2019-20,LEAGUE,,Nimes,Amiens,1,1,D,France,Ligue 1,football-data.co.uk
league_09d4914795b90d9b,2019-10-19,LIGUE_1,2019-20,LEAGUE,,Olympique Lyonnais,Dijon,0,0,D,France,Ligue 1,football-data.co.uk
league_998381b219d735e2,2019-10-19,LIGUE_1,2019-20,LEAGUE,,Reims,Montpellier,1,0,H,France,Ligue 1,football-data.co.uk
league_319af9107c8ff6f4,2019-10-19,LIGUE_1,2019-20,LEAGUE,,Toulouse,Lille,2,1,H,France,Ligue 1,football-data.co.uk
league_598e75c76223dc75,2019-10-20,LIGUE_1,2019-20,LEAGUE,,AS Monaco,Rennes,3,2,H,France,Ligue 1,football-data.co.uk
league_bf9679cd682119e6,2019-10-20,LIGUE_1,2019-20,LEAGUE,,Bordeaux,AS Saint-Étienne,0,1,A,France,Ligue 1,football-data.co.uk
league_ba867abb65038bf9,2019-10-20,LIGUE_1,2019-20,LEAGUE,,Olympique Marseille,Strasbourg,2,0,H,France,Ligue 1,football-data.co.uk
league_723bffdc0c563cad,2019-10-25,LIGUE_1,2019-20,LEAGUE,,Nantes,AS Monaco,0,1,A,France,Ligue 1,football-data.co.uk
league_e935293a7a89153f,2019-10-26,LIGUE_1,2019-20,LEAGUE,,Brest,Dijon,2,0,H,France,Ligue 1,football-data.co.uk
league_7bcfb3987d23ba64,2019-10-26,LIGUE_1,2019-20,LEAGUE,,Lille,Bordeaux,3,0,H,France,Ligue 1,football-data.co.uk
league_d9ee9478112719b4,2019-10-26,LIGUE_1,2019-20,LEAGUE,,Montpellier,Angers,0,0,D,France,Ligue 1,football-data.co.uk
league_800b170651f62752,2019-10-26,LIGUE_1,2019-20,LEAGUE,,Olympique Lyonnais,Metz,2,0,H,France,Ligue 1,football-data.co.uk
league_b4fc78ea98114c1a,2019-10-26,LIGUE_1,2019-20,LEAGUE,,Reims,Nimes,0,0,D,France,Ligue 1,football-data.co.uk
league_c47c90d41a3ec46f,2019-10-26,LIGUE_1,2019-20,LEAGUE,,Strasbourg,Nice,1,0,H,France,Ligue 1,football-data.co.uk
league_ec13d2f9a0332cf9,2019-10-27,LIGUE_1,2019-20,LEAGUE,,AS Saint-Étienne,Amiens,2,2,D,France,Ligue 1,football-data.co.uk
league_a5fffc9a2d8908e5,2019-10-27,LIGUE_1,2019-20,LEAGUE,,Paris Saint-Germain FC,Olympique Marseille,4,0,H,France,Ligue 1,football-data.co.uk
league_7637d52060bd6720,2019-10-27,LIGUE_1,2019-20,LEAGUE,,Rennes,Toulouse,3,2,H,France,Ligue 1,football-data.co.uk
league_bce282bc73459758,2019-11-01,LIGUE_1,2019-20,LEAGUE,,Dijon,Paris Saint-Germain FC,2,1,H,France,Ligue 1,football-data.co.uk
league_6f45b0588d648ba9,2019-11-02,LIGUE_1,2019-20,LEAGUE,,Amiens,Brest,1,0,H,France,Ligue 1,football-data.co.uk
league_3385d02f5f2db3a5,2019-11-02,LIGUE_1,2019-20,LEAGUE,,Angers,Strasbourg,1,0,H,France,Ligue 1,football-data.co.uk
league_1e8ecec0e266833f,2019-11-02,LIGUE_1,2019-20,LEAGUE,,Metz,Montpellier,2,2,D,France,Ligue 1,football-data.co.uk
league_e5514c648e40fe12,2019-11-02,LIGUE_1,2019-20,LEAGUE,,Olympique Marseille,Lille,2,1,H,France,Ligue 1,football-data.co.uk
league_6249d28b0ab51cb4,2019-11-02,LIGUE_1,2019-20,LEAGUE,,Toulouse,Olympique Lyonnais,2,3,A,France,Ligue 1,football-data.co.uk
league_de4040bd300483da,2019-11-03,LIGUE_1,2019-20,LEAGUE,,AS Saint-Étienne,AS Monaco,1,0,H,France,Ligue 1,football-data.co.uk
league_193905db4a2fdf00,2019-11-03,LIGUE_1,2019-20,LEAGUE,,Bordeaux,Nantes,2,0,H,France,Ligue 1,football-data.co.uk
league_1745b24fc3ffb522,2019-11-03,LIGUE_1,2019-20,LEAGUE,,Nice,Reims,2,0,H,France,Ligue 1,football-data.co.uk
league_ff516144c118c6b8,2019-11-08,LIGUE_1,2019-20,LEAGUE,,Nice,Bordeaux,1,1,D,France,Ligue 1,football-data.co.uk
league_557cda40c448ab0b,2019-11-09,LIGUE_1,2019-20,LEAGUE,,AS Monaco,Dijon,1,0,H,France,Ligue 1,football-data.co.uk
league_9e785f0c4bfd1bb9,2019-11-09,LIGUE_1,2019-20,LEAGUE,,Brest,Paris Saint-Germain FC,1,2,A,France,Ligue 1,football-data.co.uk
league_d32005cf675915f2,2019-11-09,LIGUE_1,2019-20,LEAGUE,,Lille,Metz,0,0,D,France,Ligue 1,football-data.co.uk
league_608b0ad276a3d0eb,2019-11-09,LIGUE_1,2019-20,LEAGUE,,Reims,Angers,0,0,D,France,Ligue 1,football-data.co.uk
league_5fb395fbd88363fa,2019-11-09,LIGUE_1,2019-20,LEAGUE,,Strasbourg,Nimes,4,1,H,France,Ligue 1,football-data.co.uk
league_80879274c757fca3,2019-11-10,LIGUE_1,2019-20,LEAGUE,,Montpellier,Toulouse,3,0,H,France,Ligue 1,football-data.co.uk
league_3ec5de62217950af,2019-11-10,LIGUE_1,2019-20,LEAGUE,,Nantes,AS Saint-Étienne,2,3,A,France,Ligue 1,football-data.co.uk
league_3cf51db9e72fa48a,2019-11-10,LIGUE_1,2019-20,LEAGUE,,Olympique Marseille,Olympique Lyonnais,2,1,H,France,Ligue 1,football-data.co.uk
league_cdbf15f6aab85927,2019-11-10,LIGUE_1,2019-20,LEAGUE,,Rennes,Amiens,3,1,H,France,Ligue 1,football-data.co.uk
league_ac5fdfbbbaa240fd,2019-11-22,LIGUE_1,2019-20,LEAGUE,,Paris Saint-Germain FC,Lille,2,0,H,France,Ligue 1,football-data.co.uk
league_22b50ca30fc0c010,2019-11-23,LIGUE_1,2019-20,LEAGUE,,Amiens,Strasbourg,0,4,A,France,Ligue 1,football-data.co.uk
league_a1d24a4418d89e6d,2019-11-23,LIGUE_1,2019-20,LEAGUE,,Angers,Nimes,1,0,H,France,Ligue 1,football-data.co.uk
league_c7b3690a111d399d,2019-11-23,LIGUE_1,2019-20,LEAGUE,,Brest,Nantes,1,1,D,France,Ligue 1,football-data.co.uk
league_72f1f53d3850de4f,2019-11-23,LIGUE_1,2019-20,LEAGUE,,Dijon,Rennes,2,1,H,France,Ligue 1,football-data.co.uk
league_bd91c872bd51a589,2019-11-23,LIGUE_1,2019-20,LEAGUE,,Metz,Reims,1,1,D,France,Ligue 1,football-data.co.uk
league_b6ff008ff09efd5b,2019-11-23,LIGUE_1,2019-20,LEAGUE,,Olympique Lyonnais,Nice,2,1,H,France,Ligue 1,football-data.co.uk
league_d65f54598ce38dc1,2019-11-24,LIGUE_1,2019-20,LEAGUE,,AS Saint-Étienne,Montpellier,0,0,D,France,Ligue 1,football-data.co.uk
league_158e2dd47b7b21a8,2019-11-24,LIGUE_1,2019-20,LEAGUE,,Bordeaux,AS Monaco,2,1,H,France,Ligue 1,football-data.co.uk
league_f21df3cee2659593,2019-11-24,LIGUE_1,2019-20,LEAGUE,,Toulouse,Olympique Marseille,0,2,A,France,Ligue 1,football-data.co.uk
league_17fab25182efb868,2019-11-29,LIGUE_1,2019-20,LEAGUE,,Olympique Marseille,Brest,2,1,H,France,Ligue 1,football-data.co.uk
league_5e6e58d3baf422be,2019-11-30,LIGUE_1,2019-20,LEAGUE,,Lille,Dijon,1,0,H,France,Ligue 1,football-data.co.uk
league_f808cf81124d52bd,2019-11-30,LIGUE_1,2019-20,LEAGUE,,Montpellier,Amiens,4,2,H,France,Ligue 1,football-data.co.uk
league_a81e614a2171f86e,2019-11-30,LIGUE_1,2019-20,LEAGUE,,Nice,Angers,3,1,H,France,Ligue 1,football-data.co.uk
league_95e805142eb2ff74,2019-11-30,LIGUE_1,2019-20,LEAGUE,,Nimes,Metz,1,1,D,France,Ligue 1,football-data.co.uk
league_15e09c25828a0e5c,2019-11-30,LIGUE_1,2019-20,LEAGUE,,Reims,Bordeaux,1,1,D,France,Ligue 1,football-data.co.uk
league_794983ce007d92a8,2019-11-30,LIGUE_1,2019-20,LEAGUE,,Strasbourg,Olympique Lyonnais,1,2,A,France,Ligue 1,football-data.co.uk
league_68b164380c8f00d5,2019-12-01,LIGUE_1,2019-20,LEAGUE,,Nantes,Toulouse,2,1,H,France,Ligue 1,football-data.co.uk
league_5060a99a1a7ee576,2019-12-01,LIGUE_1,2019-20,LEAGUE,,Rennes,AS Saint-Étienne,2,1,H,France,Ligue 1,football-data.co.uk
league_43864db05494e90a,2019-12-03,LIGUE_1,2019-20,LEAGUE,,Angers,Olympique Marseille,0,2,A,France,Ligue 1,football-data.co.uk
league_166f14f81e69dc0b,2019-12-03,LIGUE_1,2019-20,LEAGUE,,Bordeaux,Nimes,6,0,H,France,Ligue 1,football-data.co.uk
league_93a857594c67b6d7,2019-12-03,LIGUE_1,2019-20,LEAGUE,,Brest,Strasbourg,5,0,H,France,Ligue 1,football-data.co.uk
league_dec91665a69a3167,2019-12-03,LIGUE_1,2019-20,LEAGUE,,Olympique Lyonnais,Lille,0,1,A,France,Ligue 1,football-data.co.uk
league_43b806eec318a70d,2019-12-04,LIGUE_1,2019-20,LEAGUE,,AS Saint-Étienne,Nice,4,1,H,France,Ligue 1,football-data.co.uk
league_47fb79093d8b136f,2019-12-04,LIGUE_1,2019-20,LEAGUE,,Dijon,Montpellier,2,2,D,France,Ligue 1,football-data.co.uk
league_262b4ab18dfaeb92,2019-12-04,LIGUE_1,2019-20,LEAGUE,,Metz,Rennes,0,1,A,France,Ligue 1,football-data.co.uk
league_355bb80aa49fbfcf,2019-12-04,LIGUE_1,2019-20,LEAGUE,,Paris Saint-Germain FC,Nantes,2,0,H,France,Ligue 1,football-data.co.uk
league_8a8c5f25e2a4efac,2019-12-04,LIGUE_1,2019-20,LEAGUE,,Toulouse,AS Monaco,1,2,A,France,Ligue 1,football-data.co.uk
league_0af9b556dc3d9cee,2019-12-06,LIGUE_1,2019-20,LEAGUE,,Lille,Brest,1,0,H,France,Ligue 1,football-data.co.uk
league_a0cb70ea0a03455d,2019-12-06,LIGUE_1,2019-20,LEAGUE,,Nimes,Olympique Lyonnais,0,4,A,France,Ligue 1,football-data.co.uk
league_f3321a0bb5874f95,2019-12-07,LIGUE_1,2019-20,LEAGUE,,AS Monaco,Amiens,3,0,H,France,Ligue 1,football-data.co.uk
league_72a3ace4c506c0d7,2019-12-07,LIGUE_1,2019-20,LEAGUE,,Montpellier,Paris Saint-Germain FC,1,3,A,France,Ligue 1,football-data.co.uk
league_b857bb280cc48f05,2019-12-07,LIGUE_1,2019-20,LEAGUE,,Nice,Metz,4,1,H,France,Ligue 1,football-data.co.uk
league_a3aab33287f01303,2019-12-07,LIGUE_1,2019-20,LEAGUE,,Rennes,Angers,2,1,H,France,Ligue 1,football-data.co.uk
league_d799809041ee408f,2019-12-07,LIGUE_1,2019-20,LEAGUE,,Strasbourg,Toulouse,4,2,H,France,Ligue 1,football-data.co.uk
league_ae9de0289dd95a70,2019-12-08,LIGUE_1,2019-20,LEAGUE,,Nantes,Dijon,1,0,H,France,Ligue 1,football-data.co.uk
league_42051d482f8f615c,2019-12-08,LIGUE_1,2019-20,LEAGUE,,Olympique Marseille,Bordeaux,3,1,H,France,Ligue 1,football-data.co.uk
league_84e390803492852d,2019-12-08,LIGUE_1,2019-20,LEAGUE,,Reims,AS Saint-Étienne,3,1,H,France,Ligue 1,football-data.co.uk
league_ca6218775deb0e7d,2019-12-13,LIGUE_1,2019-20,LEAGUE,,Lille,Montpellier,2,1,H,France,Ligue 1,football-data.co.uk
league_a7cd52f01a79bcea,2019-12-14,LIGUE_1,2019-20,LEAGUE,,Amiens,Dijon,1,1,D,France,Ligue 1,football-data.co.uk
league_3ed4d1f38f2bfae9,2019-12-14,LIGUE_1,2019-20,LEAGUE,,Angers,AS Monaco,0,0,D,France,Ligue 1,football-data.co.uk
league_f91d12fd3f758a54,2019-12-14,LIGUE_1,2019-20,LEAGUE,,Brest,Nice,0,0,D,France,Ligue 1,football-data.co.uk
league_71b6c3bba46c81bb,2019-12-14,LIGUE_1,2019-20,LEAGUE,,Metz,Olympique Marseille,1,1,D,France,Ligue 1,football-data.co.uk
league_3dd324e54405cad5,2019-12-14,LIGUE_1,2019-20,LEAGUE,,Nimes,Nantes,0,1,A,France,Ligue 1,football-data.co.uk
league_597a1d90ea3a5876,2019-12-14,LIGUE_1,2019-20,LEAGUE,,Toulouse,Reims,0,1,A,France,Ligue 1,football-data.co.uk
league_074c400c7d5a78a1,2019-12-15,LIGUE_1,2019-20,LEAGUE,,AS Saint-Étienne,Paris Saint-Germain FC,0,4,A,France,Ligue 1,football-data.co.uk
league_dc83c919c357e8ca,2019-12-15,LIGUE_1,2019-20,LEAGUE,,Bordeaux,Strasbourg,0,1,A,France,Ligue 1,football-data.co.uk
league_d3524ea11f452a98,2019-12-15,LIGUE_1,2019-20,LEAGUE,,Olympique Lyonnais,Rennes,0,1,A,France,Ligue 1,football-data.co.uk
league_009fe9bf392d0437,2019-12-21,LIGUE_1,2019-20,LEAGUE,,AS Monaco,Lille,5,1,H,France,Ligue 1,football-data.co.uk
league_85dc43f95642695a,2019-12-21,LIGUE_1,2019-20,LEAGUE,,Dijon,Metz,2,2,D,France,Ligue 1,football-data.co.uk
league_73874f90664a0915,2019-12-21,LIGUE_1,2019-20,LEAGUE,,Montpellier,Brest,4,0,H,France,Ligue 1,football-data.co.uk
league_92de510965b1db6a,2019-12-21,LIGUE_1,2019-20,LEAGUE,,Nantes,Angers,1,2,A,France,Ligue 1,football-data.co.uk
league_af024d851e3d9490,2019-12-21,LIGUE_1,2019-20,LEAGUE,,Nice,Toulouse,3,0,H,France,Ligue 1,football-data.co.uk
league_5a41fc703921dc82,2019-12-21,LIGUE_1,2019-20,LEAGUE,,Olympique Marseille,Nimes,3,1,H,France,Ligue 1,football-data.co.uk
league_068bf83e0a9ca5d8,2019-12-21,LIGUE_1,2019-20,LEAGUE,,Paris Saint-Germain FC,Amiens,4,1,H,France,Ligue 1,football-data.co.uk
league_fc8603b963aad9b3,2019-12-21,LIGUE_1,2019-20,LEAGUE,,Reims,Olympique Lyonnais,1,1,D,France,Ligue 1,football-data.co.uk
league_0475e57771780070,2019-12-21,LIGUE_1,2019-20,LEAGUE,,Rennes,Bordeaux,1,0,H,France,Ligue 1,football-data.co.uk
league_f2af66cb08d3eb24,2019-12-21,LIGUE_1,2019-20,LEAGUE,,Strasbourg,AS Saint-Étienne,2,1,H,France,Ligue 1,football-data.co.uk
league_54409cf013dd2c00,2020-01-10,LIGUE_1,2019-20,LEAGUE,,Rennes,Olympique Marseille,0,1,A,France,Ligue 1,football-data.co.uk
league_4fbdfeafc39193b4,2020-01-11,LIGUE_1,2019-20,LEAGUE,,Amiens,Montpellier,1,2,A,France,Ligue 1,football-data.co.uk
league_3ea32ac318018a66,2020-01-11,LIGUE_1,2019-20,LEAGUE,,Angers,Nice,1,1,D,France,Ligue 1,football-data.co.uk
league_4944dd3f3da19a6d,2020-01-11,LIGUE_1,2019-20,LEAGUE,,Bordeaux,Olympique Lyonnais,1,2,A,France,Ligue 1,football-data.co.uk
league_55f0c721966922cb,2020-01-11,LIGUE_1,2019-20,LEAGUE,,Metz,Strasbourg,1,0,H,France,Ligue 1,football-data.co.uk
league_6413c8f222b60e3c,2020-01-11,LIGUE_1,2019-20,LEAGUE,,Nimes,Reims,2,0,H,France,Ligue 1,football-data.co.uk
league_25ba0e9ae92e52d0,2020-01-11,LIGUE_1,2019-20,LEAGUE,,Toulouse,Brest,2,5,A,France,Ligue 1,football-data.co.uk
league_d58526df8f9750e6,2020-01-12,LIGUE_1,2019-20,LEAGUE,,AS Saint-Étienne,Nantes,0,2,A,France,Ligue 1,football-data.co.uk
league_33a69014099fccc0,2020-01-12,LIGUE_1,2019-20,LEAGUE,,Dijon,Lille,1,0,H,France,Ligue 1,football-data.co.uk
league_9127e3ae988c9300,2020-01-12,LIGUE_1,2019-20,LEAGUE,,Paris Saint-Germain FC,AS Monaco,3,3,D,France,Ligue 1,football-data.co.uk
league_8299e7cb12251178,2020-01-15,LIGUE_1,2019-20,LEAGUE,,AS Monaco,Paris Saint-Germain FC,1,4,A,France,Ligue 1,football-data.co.uk
league_09b9120f381dab2f,2020-01-15,LIGUE_1,2019-20,LEAGUE,,Amiens,Reims,1,1,D,France,Ligue 1,football-data.co.uk
league_78121a96bd2279a5,2020-01-15,LIGUE_1,2019-20,LEAGUE,,Nimes,Rennes,0,1,A,France,Ligue 1,football-data.co.uk
league_bc66aee878892885,2020-01-24,LIGUE_1,2019-20,LEAGUE,,Nice,Rennes,1,1,D,France,Ligue 1,football-data.co.uk
league_0f49f3f4531f10ad,2020-01-25,LIGUE_1,2019-20,LEAGUE,,AS Monaco,Strasbourg,1,3,A,France,Ligue 1,football-data.co.uk
league_06f26993eeb8fdd4,2020-01-25,LIGUE_1,2019-20,LEAGUE,,AS Saint-Étienne,Nimes,2,1,H,France,Ligue 1,football-data.co.uk
league_f787989a02c36818,2020-01-25,LIGUE_1,2019-20,LEAGUE,,Brest,Amiens,2,1,H,France,Ligue 1,football-data.co.uk
league_ad5c59a217b60aff,2020-01-25,LIGUE_1,2019-20,LEAGUE,,Montpellier,Dijon,2,1,H,France,Ligue 1,football-data.co.uk
league_367f08b03dfe2e51,2020-01-25,LIGUE_1,2019-20,LEAGUE,,Olympique Marseille,Angers,0,0,D,France,Ligue 1,football-data.co.uk
league_071c86c2ffc76262,2020-01-25,LIGUE_1,2019-20,LEAGUE,,Reims,Metz,0,1,A,France,Ligue 1,football-data.co.uk
league_b01c3c345809ead8,2020-01-26,LIGUE_1,2019-20,LEAGUE,,Lille,Paris Saint-Germain FC,0,2,A,France,Ligue 1,football-data.co.uk
league_1bbcb30c242a1ca4,2020-01-26,LIGUE_1,2019-20,LEAGUE,,Nantes,Bordeaux,0,1,A,France,Ligue 1,football-data.co.uk
league_1cb3ebe7659c5350,2020-01-26,LIGUE_1,2019-20,LEAGUE,,Olympique Lyonnais,Toulouse,3,0,H,France,Ligue 1,football-data.co.uk
league_43c9ba8cb2f3e3d0,2020-01-31,LIGUE_1,2019-20,LEAGUE,,Rennes,Nantes,3,2,H,France,Ligue 1,football-data.co.uk
league_fe5ca5f7725e34ba,2020-02-01,LIGUE_1,2019-20,LEAGUE,,Amiens,Toulouse,0,0,D,France,Ligue 1,football-data.co.uk
league_55656b06902bfc57,2020-02-01,LIGUE_1,2019-20,LEAGUE,,Angers,Reims,1,4,A,France,Ligue 1,football-data.co.uk
league_ccdb7c6ae3faaf20,2020-02-01,LIGUE_1,2019-20,LEAGUE,,Dijon,Brest,3,0,H,France,Ligue 1,football-data.co.uk
league_b1ee23b49449e635,2020-02-01,LIGUE_1,2019-20,LEAGUE,,Nimes,AS Monaco,3,1,H,France,Ligue 1,football-data.co.uk
league_4c2c1b4c1fea2cca,2020-02-01,LIGUE_1,2019-20,LEAGUE,,Paris Saint-Germain FC,Montpellier,5,0,H,France,Ligue 1,football-data.co.uk
league_11a4144db10a39ef,2020-02-01,LIGUE_1,2019-20,LEAGUE,,Strasbourg,Lille,1,2,A,France,Ligue 1,football-data.co.uk
league_dff5756b9343459e,2020-02-02,LIGUE_1,2019-20,LEAGUE,,Bordeaux,Olympique Marseille,0,0,D,France,Ligue 1,football-data.co.uk
league_700982ac3b74c764,2020-02-02,LIGUE_1,2019-20,LEAGUE,,Metz,AS Saint-Étienne,3,1,H,France,Ligue 1,football-data.co.uk
league_5036edab2937e5aa,2020-02-02,LIGUE_1,2019-20,LEAGUE,,Nice,Olympique Lyonnais,2,1,H,France,Ligue 1,football-data.co.uk
league_c1b776cd0186505b,2020-02-04,LIGUE_1,2019-20,LEAGUE,,AS Monaco,Angers,1,0,H,France,Ligue 1,football-data.co.uk
league_68ee953e24b6928b,2020-02-04,LIGUE_1,2019-20,LEAGUE,,Lille,Rennes,1,0,H,France,Ligue 1,football-data.co.uk
league_f222a1045007ab11,2020-02-04,LIGUE_1,2019-20,LEAGUE,,Nantes,Paris Saint-Germain FC,1,2,A,France,Ligue 1,football-data.co.uk
league_ac131d451d79e0bf,2020-02-05,LIGUE_1,2019-20,LEAGUE,,AS Saint-Étienne,Olympique Marseille,0,2,A,France,Ligue 1,football-data.co.uk
league_0eb32e5af858acc5,2020-02-05,LIGUE_1,2019-20,LEAGUE,,Brest,Bordeaux,1,1,D,France,Ligue 1,football-data.co.uk
league_e2e6bf386ec2ecd9,2020-02-05,LIGUE_1,2019-20,LEAGUE,,Montpellier,Metz,1,1,D,France,Ligue 1,football-data.co.uk
league_d49ef1fe896a24d2,2020-02-05,LIGUE_1,2019-20,LEAGUE,,Nimes,Dijon,2,0,H,France,Ligue 1,football-data.co.uk
league_7262739db2961b76,2020-02-05,LIGUE_1,2019-20,LEAGUE,,Olympique Lyonnais,Amiens,0,0,D,France,Ligue 1,football-data.co.uk
league_b985b09a0aa3bc13,2020-02-05,LIGUE_1,2019-20,LEAGUE,,Reims,Nice,1,1,D,France,Ligue 1,football-data.co.uk
league_08bbb85250b2bd7d,2020-02-05,LIGUE_1,2019-20,LEAGUE,,Toulouse,Strasbourg,0,1,A,France,Ligue 1,football-data.co.uk
league_db5095a6cba78dbe,2020-02-07,LIGUE_1,2019-20,LEAGUE,,Angers,Lille,0,2,A,France,Ligue 1,football-data.co.uk
league_c9eb2cac89869f7d,2020-02-08,LIGUE_1,2019-20,LEAGUE,,Amiens,AS Monaco,1,2,A,France,Ligue 1,football-data.co.uk
league_a933e367ecd4ed03,2020-02-08,LIGUE_1,2019-20,LEAGUE,,Dijon,Nantes,3,3,D,France,Ligue 1,football-data.co.uk
league_db3b24f18d81313d,2020-02-08,LIGUE_1,2019-20,LEAGUE,,Metz,Bordeaux,1,2,A,France,Ligue 1,football-data.co.uk
league_58004228b0ca042b,2020-02-08,LIGUE_1,2019-20,LEAGUE,,Nice,Nimes,1,3,A,France,Ligue 1,football-data.co.uk
league_1d0950e104b716da,2020-02-08,LIGUE_1,2019-20,LEAGUE,,Olympique Marseille,Toulouse,1,0,H,France,Ligue 1,football-data.co.uk
league_e2e1f0dacf78026a,2020-02-08,LIGUE_1,2019-20,LEAGUE,,Rennes,Brest,0,0,D,France,Ligue 1,football-data.co.uk
league_7c74e578a39f46a4,2020-02-09,LIGUE_1,2019-20,LEAGUE,,Montpellier,AS Saint-Étienne,1,0,H,France,Ligue 1,football-data.co.uk
league_f71a3b0677b224e7,2020-02-09,LIGUE_1,2019-20,LEAGUE,,Paris Saint-Germain FC,Olympique Lyonnais,4,2,H,France,Ligue 1,football-data.co.uk
league_e714eb04166d9ea2,2020-02-09,LIGUE_1,2019-20,LEAGUE,,Strasbourg,Reims,3,0,H,France,Ligue 1,football-data.co.uk
league_80fdd8ac4e6fbfc2,2020-02-14,LIGUE_1,2019-20,LEAGUE,,AS Monaco,Montpellier,1,0,H,France,Ligue 1,football-data.co.uk
league_45367b2195618a6c,2020-02-15,LIGUE_1,2019-20,LEAGUE,,Amiens,Paris Saint-Germain FC,4,4,D,France,Ligue 1,football-data.co.uk
league_feb5a081fd16b08c,2020-02-15,LIGUE_1,2019-20,LEAGUE,,Bordeaux,Dijon,2,2,D,France,Ligue 1,football-data.co.uk
league_7218bc9154130193,2020-02-15,LIGUE_1,2019-20,LEAGUE,,Nantes,Metz,0,0,D,France,Ligue 1,football-data.co.uk
league_9ced5a006bbecfe8,2020-02-15,LIGUE_1,2019-20,LEAGUE,,Nimes,Angers,1,0,H,France,Ligue 1,football-data.co.uk
league_ed0366d4d027b55a,2020-02-15,LIGUE_1,2019-20,LEAGUE,,Toulouse,Nice,0,2,A,France,Ligue 1,football-data.co.uk
league_f0628d7d8fd3673a,2020-02-16,LIGUE_1,2019-20,LEAGUE,,Brest,AS Saint-Étienne,3,2,H,France,Ligue 1,football-data.co.uk
league_b8260211803f792a,2020-02-16,LIGUE_1,2019-20,LEAGUE,,Lille,Olympique Marseille,1,2,A,France,Ligue 1,football-data.co.uk
league_2a0a1c130d28a709,2020-02-16,LIGUE_1,2019-20,LEAGUE,,Olympique Lyonnais,Strasbourg,1,1,D,France,Ligue 1,football-data.co.uk
league_88ea4b9a9dad3c73,2020-02-16,LIGUE_1,2019-20,LEAGUE,,Reims,Rennes,1,0,H,France,Ligue 1,football-data.co.uk
league_1f5c2707c3bc4172,2020-02-21,LIGUE_1,2019-20,LEAGUE,,Metz,Olympique Lyonnais,0,2,A,France,Ligue 1,football-data.co.uk
league_e3164d313eaa62b6,2020-02-21,LIGUE_1,2019-20,LEAGUE,,Nice,Brest,2,2,D,France,Ligue 1,football-data.co.uk
league_efce533761498b22,2020-02-22,LIGUE_1,2019-20,LEAGUE,,Angers,Montpellier,1,0,H,France,Ligue 1,football-data.co.uk
league_a89d9daa2fc063f8,2020-02-22,LIGUE_1,2019-20,LEAGUE,,Dijon,AS Monaco,1,1,D,France,Ligue 1,football-data.co.uk
league_d2cf4f542e64de29,2020-02-22,LIGUE_1,2019-20,LEAGUE,,Lille,Toulouse,3,0,H,France,Ligue 1,football-data.co.uk
league_0ddfe8a43ebfa799,2020-02-22,LIGUE_1,2019-20,LEAGUE,,Olympique Marseille,Nantes,1,3,A,France,Ligue 1,football-data.co.uk
league_dbb607378ea01b3e,2020-02-22,LIGUE_1,2019-20,LEAGUE,,Strasbourg,Amiens,0,0,D,France,Ligue 1,football-data.co.uk
league_28b9230bb95bd367,2020-02-23,LIGUE_1,2019-20,LEAGUE,,AS Saint-Étienne,Reims,1,1,D,France,Ligue 1,football-data.co.uk
league_e7dff5fbffc3eecc,2020-02-23,LIGUE_1,2019-20,LEAGUE,,Paris Saint-Germain FC,Bordeaux,4,3,H,France,Ligue 1,football-data.co.uk
league_45da7f8b524a322f,2020-02-23,LIGUE_1,2019-20,LEAGUE,,Rennes,Nimes,2,1,H,France,Ligue 1,football-data.co.uk
league_0b90db2a9ede205d,2020-02-28,LIGUE_1,2019-20,LEAGUE,,Nimes,Olympique Marseille,2,3,A,France,Ligue 1,football-data.co.uk
league_c267858857a27aed,2020-02-29,LIGUE_1,2019-20,LEAGUE,,AS Monaco,Reims,1,1,D,France,Ligue 1,football-data.co.uk
league_2949ae74b1088daa,2020-02-29,LIGUE_1,2019-20,LEAGUE,,Amiens,Metz,0,1,A,France,Ligue 1,football-data.co.uk
league_2aac7f82e443da4c,2020-02-29,LIGUE_1,2019-20,LEAGUE,,Brest,Angers,0,1,A,France,Ligue 1,football-data.co.uk
league_61296f98914f9519,2020-02-29,LIGUE_1,2019-20,LEAGUE,,Montpellier,Strasbourg,3,0,H,France,Ligue 1,football-data.co.uk
league_573bb2f2059a8809,2020-02-29,LIGUE_1,2019-20,LEAGUE,,Paris Saint-Germain FC,Dijon,4,0,H,France,Ligue 1,football-data.co.uk
league_b69f303deed04300,2020-02-29,LIGUE_1,2019-20,LEAGUE,,Toulouse,Rennes,0,2,A,France,Ligue 1,football-data.co.uk
league_9ee2291beecd7b46,2020-03-01,LIGUE_1,2019-20,LEAGUE,,Bordeaux,Nice,1,1,D,France,Ligue 1,football-data.co.uk
league_b8808f6678f175ad,2020-03-01,LIGUE_1,2019-20,LEAGUE,,Nantes,Lille,0,1,A,France,Ligue 1,football-data.co.uk
league_65501a43f614956c,2020-03-01,LIGUE_1,2019-20,LEAGUE,,Olympique Lyonnais,AS Saint-Étienne,2,0,H,France,Ligue 1,football-data.co.uk
league_c44ebc32a9801459,2020-03-06,LIGUE_1,2019-20,LEAGUE,,Olympique Marseille,Amiens,2,2,D,France,Ligue 1,football-data.co.uk
league_5c391d6f22454f76,2020-03-07,LIGUE_1,2019-20,LEAGUE,,Angers,Nantes,2,0,H,France,Ligue 1,football-data.co.uk
league_6e947287e5178413,2020-03-07,LIGUE_1,2019-20,LEAGUE,,Dijon,Toulouse,2,1,H,France,Ligue 1,football-data.co.uk
league_664ad9ddd0c08765,2020-03-07,LIGUE_1,2019-20,LEAGUE,,Metz,Nimes,2,1,H,France,Ligue 1,football-data.co.uk
league_bb19b3c147404d6e,2020-03-07,LIGUE_1,2019-20,LEAGUE,,Nice,AS Monaco,2,1,H,France,Ligue 1,football-data.co.uk
league_9b2338b7f1367492,2020-03-07,LIGUE_1,2019-20,LEAGUE,,Reims,Brest,1,0,H,France,Ligue 1,football-data.co.uk
league_b4dd78c21c51a422,2020-03-08,LIGUE_1,2019-20,LEAGUE,,AS Saint-Étienne,Bordeaux,1,1,D,France,Ligue 1,football-data.co.uk
league_f68ed984199cb040,2020-03-08,LIGUE_1,2019-20,LEAGUE,,Lille,Olympique Lyonnais,1,0,H,France,Ligue 1,football-data.co.uk
league_731f45692bda0e8a,2020-03-08,LIGUE_1,2019-20,LEAGUE,,Rennes,Montpellier,5,0,H,France,Ligue 1,football-data.co.uk
league_e468faaec26d22d2,2020-08-21,LIGUE_1,2020-21,LEAGUE,,Bordeaux,Nantes,0,0,D,France,Ligue 1,football-data.co.uk
league_1822681154cfbbe8,2020-08-22,LIGUE_1,2020-21,LEAGUE,,Dijon,Angers,0,1,A,France,Ligue 1,football-data.co.uk
league_55a8698026795671,2020-08-22,LIGUE_1,2020-21,LEAGUE,,Lille,Rennes,1,1,D,France,Ligue 1,football-data.co.uk
league_900b325fafe542c4,2020-08-23,LIGUE_1,2020-21,LEAGUE,,AS Monaco,Reims,2,2,D,France,Ligue 1,football-data.co.uk
league_8e83d004f3a51cae,2020-08-23,LIGUE_1,2020-21,LEAGUE,,Lorient,Strasbourg,3,1,H,France,Ligue 1,football-data.co.uk
league_469b6f0ce34ef949,2020-08-23,LIGUE_1,2020-21,LEAGUE,,Nice,Lens,2,1,H,France,Ligue 1,football-data.co.uk
league_a8386fec7078a1af,2020-08-23,LIGUE_1,2020-21,LEAGUE,,Nimes,Brest,4,0,H,France,Ligue 1,football-data.co.uk
league_8947159012a18772,2020-08-28,LIGUE_1,2020-21,LEAGUE,,Olympique Lyonnais,Dijon,4,1,H,France,Ligue 1,football-data.co.uk
league_602d3fc42f0d64d4,2020-08-29,LIGUE_1,2020-21,LEAGUE,,Rennes,Montpellier,2,1,H,France,Ligue 1,football-data.co.uk
league_a5c62ca904ad8b7d,2020-08-29,LIGUE_1,2020-21,LEAGUE,,Strasbourg,Nice,0,2,A,France,Ligue 1,football-data.co.uk
league_de37cfbe63cc21ad,2020-08-30,LIGUE_1,2020-21,LEAGUE,,AS Saint-Étienne,Lorient,2,0,H,France,Ligue 1,football-data.co.uk
league_ed30f4314a5909e0,2020-08-30,LIGUE_1,2020-21,LEAGUE,,Angers,Bordeaux,0,2,A,France,Ligue 1,football-data.co.uk
league_109c8abcd8765cf4,2020-08-30,LIGUE_1,2020-21,LEAGUE,,Brest,Olympique Marseille,2,3,A,France,Ligue 1,football-data.co.uk
league_856ac8ad50e007cb,2020-08-30,LIGUE_1,2020-21,LEAGUE,,Metz,AS Monaco,0,1,A,France,Ligue 1,football-data.co.uk
league_561480024d1b6da0,2020-08-30,LIGUE_1,2020-21,LEAGUE,,Nantes,Nimes,2,1,H,France,Ligue 1,football-data.co.uk
league_cbeea6b87f1fe819,2020-08-30,LIGUE_1,2020-21,LEAGUE,,Reims,Lille,0,1,A,France,Ligue 1,football-data.co.uk
league_a9deac02bfcec508,2020-09-10,LIGUE_1,2020-21,LEAGUE,,Lens,Paris Saint-Germain FC,1,0,H,France,Ligue 1,football-data.co.uk
league_989f215b95fb115d,2020-09-11,LIGUE_1,2020-21,LEAGUE,,Bordeaux,Olympique Lyonnais,0,0,D,France,Ligue 1,football-data.co.uk
league_6ab4614a71e6ece3,2020-09-12,LIGUE_1,2020-21,LEAGUE,,AS Saint-Étienne,Strasbourg,2,0,H,France,Ligue 1,football-data.co.uk
league_52b7fe7840e7c7c6,2020-09-12,LIGUE_1,2020-21,LEAGUE,,Montpellier,Nice,3,1,H,France,Ligue 1,football-data.co.uk
league_93a792303e57bafe,2020-09-13,LIGUE_1,2020-21,LEAGUE,,AS Monaco,Nantes,2,1,H,France,Ligue 1,football-data.co.uk
league_a5de206f72f55c5b,2020-09-13,LIGUE_1,2020-21,LEAGUE,,Angers,Reims,1,0,H,France,Ligue 1,football-data.co.uk
league_f5b8343a7788fc82,2020-09-13,LIGUE_1,2020-21,LEAGUE,,Dijon,Brest,0,2,A,France,Ligue 1,football-data.co.uk
league_1296e33c13f96694,2020-09-13,LIGUE_1,2020-21,LEAGUE,,Lille,Metz,1,0,H,France,Ligue 1,football-data.co.uk
league_4e1dacb2db765e35,2020-09-13,LIGUE_1,2020-21,LEAGUE,,Lorient,Lens,2,3,A,France,Ligue 1,football-data.co.uk
league_91dcc6dcd32b636b,2020-09-13,LIGUE_1,2020-21,LEAGUE,,Nimes,Rennes,2,4,A,France,Ligue 1,football-data.co.uk
league_2b02c8670ddf5c78,2020-09-13,LIGUE_1,2020-21,LEAGUE,,Paris Saint-Germain FC,Olympique Marseille,0,1,A,France,Ligue 1,football-data.co.uk
league_87c7e336aeb87d26,2020-09-15,LIGUE_1,2020-21,LEAGUE,,Montpellier,Olympique Lyonnais,2,1,H,France,Ligue 1,football-data.co.uk
league_90a7612165bc368e,2020-09-16,LIGUE_1,2020-21,LEAGUE,,Paris Saint-Germain FC,Metz,1,0,H,France,Ligue 1,football-data.co.uk
league_a36cbe50896a276f,2020-09-17,LIGUE_1,2020-21,LEAGUE,,Olympique Marseille,AS Saint-Étienne,0,2,A,France,Ligue 1,football-data.co.uk
league_dc9596d153ff36ae,2020-09-18,LIGUE_1,2020-21,LEAGUE,,Olympique Lyonnais,Nimes,0,0,D,France,Ligue 1,football-data.co.uk
league_4caa2a6dca937974,2020-09-19,LIGUE_1,2020-21,LEAGUE,,Lens,Bordeaux,2,1,H,France,Ligue 1,football-data.co.uk
league_cae427fea080b8b8,2020-09-19,LIGUE_1,2020-21,LEAGUE,,Rennes,AS Monaco,2,1,H,France,Ligue 1,football-data.co.uk
league_e3c9221da43ed58b,2020-09-20,LIGUE_1,2020-21,LEAGUE,,Brest,Lorient,3,2,H,France,Ligue 1,football-data.co.uk
league_d6125b4c26ca03fc,2020-09-20,LIGUE_1,2020-21,LEAGUE,,Metz,Reims,2,1,H,France,Ligue 1,football-data.co.uk
league_a268b66db3c5316c,2020-09-20,LIGUE_1,2020-21,LEAGUE,,Montpellier,Angers,4,1,H,France,Ligue 1,football-data.co.uk
league_3a89bbd7dea7554d,2020-09-20,LIGUE_1,2020-21,LEAGUE,,Nantes,AS Saint-Étienne,2,2,D,France,Ligue 1,football-data.co.uk
league_308af5d155f5ac27,2020-09-20,LIGUE_1,2020-21,LEAGUE,,Nice,Paris Saint-Germain FC,0,3,A,France,Ligue 1,football-data.co.uk
league_97df95b0c86dfc38,2020-09-20,LIGUE_1,2020-21,LEAGUE,,Olympique Marseille,Lille,1,1,D,France,Ligue 1,football-data.co.uk
league_ecdb3384950699ee,2020-09-20,LIGUE_1,2020-21,LEAGUE,,Strasbourg,Dijon,1,0,H,France,Ligue 1,football-data.co.uk
league_5ca85cfe013f7bef,2020-09-25,LIGUE_1,2020-21,LEAGUE,,Lille,Nantes,2,0,H,France,Ligue 1,football-data.co.uk
league_6e1f489e0bc11b70,2020-09-26,LIGUE_1,2020-21,LEAGUE,,AS Saint-Étienne,Rennes,0,3,A,France,Ligue 1,football-data.co.uk
league_59c2d5a697f16fc8,2020-09-26,LIGUE_1,2020-21,LEAGUE,,Olympique Marseille,Metz,1,1,D,France,Ligue 1,football-data.co.uk
league_7740f6dcae2b19f8,2020-09-27,LIGUE_1,2020-21,LEAGUE,,AS Monaco,Strasbourg,3,2,H,France,Ligue 1,football-data.co.uk
league_4d71f9bbc83190ee,2020-09-27,LIGUE_1,2020-21,LEAGUE,,Angers,Brest,3,2,H,France,Ligue 1,football-data.co.uk
league_30371cec83a879bb,2020-09-27,LIGUE_1,2020-21,LEAGUE,,Bordeaux,Nice,0,0,D,France,Ligue 1,football-data.co.uk
league_b849e53e40f33e68,2020-09-27,LIGUE_1,2020-21,LEAGUE,,Dijon,Montpellier,2,2,D,France,Ligue 1,football-data.co.uk
league_e330479059d9ac01,2020-09-27,LIGUE_1,2020-21,LEAGUE,,Lorient,Olympique Lyonnais,1,1,D,France,Ligue 1,football-data.co.uk
league_360d11c049d61f8c,2020-09-27,LIGUE_1,2020-21,LEAGUE,,Nimes,Lens,1,1,D,France,Ligue 1,football-data.co.uk
league_8b73355af45ac6a7,2020-09-27,LIGUE_1,2020-21,LEAGUE,,Reims,Paris Saint-Germain FC,0,2,A,France,Ligue 1,football-data.co.uk
league_49655d79450fad39,2020-10-02,LIGUE_1,2020-21,LEAGUE,,Paris Saint-Germain FC,Angers,6,1,H,France,Ligue 1,football-data.co.uk
league_becbad967e834002,2020-10-03,LIGUE_1,2020-21,LEAGUE,,Lens,AS Saint-Étienne,2,0,H,France,Ligue 1,football-data.co.uk
league_cd198772b5985687,2020-10-03,LIGUE_1,2020-21,LEAGUE,,Nice,Nantes,2,1,H,France,Ligue 1,football-data.co.uk
league_65d3e1a3311114da,2020-10-04,LIGUE_1,2020-21,LEAGUE,,Bordeaux,Dijon,3,0,H,France,Ligue 1,football-data.co.uk
league_e65c8be7e2445547,2020-10-04,LIGUE_1,2020-21,LEAGUE,,Brest,AS Monaco,1,0,H,France,Ligue 1,football-data.co.uk
league_764028aaf9e50624,2020-10-04,LIGUE_1,2020-21,LEAGUE,,Metz,Lorient,3,1,H,France,Ligue 1,football-data.co.uk
league_941868d195181a0c,2020-10-04,LIGUE_1,2020-21,LEAGUE,,Montpellier,Nimes,0,1,A,France,Ligue 1,football-data.co.uk
league_e60b0d1052ad6051,2020-10-04,LIGUE_1,2020-21,LEAGUE,,Olympique Lyonnais,Olympique Marseille,1,1,D,France,Ligue 1,football-data.co.uk
league_88eb679ecb6de6db,2020-10-04,LIGUE_1,2020-21,LEAGUE,,Rennes,Reims,2,2,D,France,Ligue 1,football-data.co.uk
league_c8b0bc28948d12b5,2020-10-04,LIGUE_1,2020-21,LEAGUE,,Strasbourg,Lille,0,3,A,France,Ligue 1,football-data.co.uk
league_6148e15de3694f96,2020-10-16,LIGUE_1,2020-21,LEAGUE,,Dijon,Rennes,1,1,D,France,Ligue 1,football-data.co.uk
league_6eddfcd3611d8804,2020-10-16,LIGUE_1,2020-21,LEAGUE,,Nimes,Paris Saint-Germain FC,0,4,A,France,Ligue 1,football-data.co.uk
league_414e564f9a19fd39,2020-10-17,LIGUE_1,2020-21,LEAGUE,,Olympique Marseille,Bordeaux,3,1,H,France,Ligue 1,football-data.co.uk
league_640fa754158fbbdb,2020-10-17,LIGUE_1,2020-21,LEAGUE,,Reims,Lorient,1,3,A,France,Ligue 1,football-data.co.uk
league_420a2f7f829947d3,2020-10-18,LIGUE_1,2020-21,LEAGUE,,AS Monaco,Montpellier,1,1,D,France,Ligue 1,football-data.co.uk
league_e1dbb43beb837785,2020-10-18,LIGUE_1,2020-21,LEAGUE,,AS Saint-Étienne,Nice,1,3,A,France,Ligue 1,football-data.co.uk
league_a8d84b6b1c967141,2020-10-18,LIGUE_1,2020-21,LEAGUE,,Angers,Metz,1,1,D,France,Ligue 1,football-data.co.uk
league_52bd4a8eff203966,2020-10-18,LIGUE_1,2020-21,LEAGUE,,Lille,Lens,4,0,H,France,Ligue 1,football-data.co.uk
league_3890afc6610923c2,2020-10-18,LIGUE_1,2020-21,LEAGUE,,Nantes,Brest,3,1,H,France,Ligue 1,football-data.co.uk
league_166efa0628afda4f,2020-10-18,LIGUE_1,2020-21,LEAGUE,,Strasbourg,Olympique Lyonnais,2,3,A,France,Ligue 1,football-data.co.uk
league_9909c2fd6d985f18,2020-10-23,LIGUE_1,2020-21,LEAGUE,,Rennes,Angers,1,2,A,France,Ligue 1,football-data.co.uk
league_10be140286b8742e,2020-10-24,LIGUE_1,2020-21,LEAGUE,,Lorient,Olympique Marseille,0,1,A,France,Ligue 1,football-data.co.uk
league_031e937134970896,2020-10-24,LIGUE_1,2020-21,LEAGUE,,Paris Saint-Germain FC,Dijon,4,0,H,France,Ligue 1,football-data.co.uk
league_67d5f55d923134dc,2020-10-25,LIGUE_1,2020-21,LEAGUE,,Bordeaux,Nimes,2,0,H,France,Ligue 1,football-data.co.uk
league_11c6b8d2e8d4080d,2020-10-25,LIGUE_1,2020-21,LEAGUE,,Brest,Strasbourg,0,3,A,France,Ligue 1,football-data.co.uk
league_c9b520b403e959fe,2020-10-25,LIGUE_1,2020-21,LEAGUE,,Metz,AS Saint-Étienne,2,0,H,France,Ligue 1,football-data.co.uk
league_5ad1e58a5669c660,2020-10-25,LIGUE_1,2020-21,LEAGUE,,Montpellier,Reims,0,4,A,France,Ligue 1,football-data.co.uk
league_64505d10eecc6641,2020-10-25,LIGUE_1,2020-21,LEAGUE,,Nice,Lille,1,1,D,France,Ligue 1,football-data.co.uk
league_8f64ceb802011112,2020-10-25,LIGUE_1,2020-21,LEAGUE,,Olympique Lyonnais,AS Monaco,4,1,H,France,Ligue 1,football-data.co.uk
league_23d17a731808e72d,2020-10-31,LIGUE_1,2020-21,LEAGUE,,Nantes,Paris Saint-Germain FC,0,3,A,France,Ligue 1,football-data.co.uk
league_2efe347da26ee4b0,2020-10-31,LIGUE_1,2020-21,LEAGUE,,Rennes,Brest,2,1,H,France,Ligue 1,football-data.co.uk
league_088e0d7e32331bd0,2020-11-01,LIGUE_1,2020-21,LEAGUE,,AS Monaco,Bordeaux,4,0,H,France,Ligue 1,football-data.co.uk
league_c9341b7286e5f599,2020-11-01,LIGUE_1,2020-21,LEAGUE,,AS Saint-Étienne,Montpellier,0,1,A,France,Ligue 1,football-data.co.uk
league_3b87cd2c830f5576,2020-11-01,LIGUE_1,2020-21,LEAGUE,,Angers,Nice,0,3,A,France,Ligue 1,football-data.co.uk
league_8cbfb0bb80867332,2020-11-01,LIGUE_1,2020-21,LEAGUE,,Dijon,Lorient,0,0,D,France,Ligue 1,football-data.co.uk
league_ceba6d447652b00f,2020-11-01,LIGUE_1,2020-21,LEAGUE,,Lille,Olympique Lyonnais,1,1,D,France,Ligue 1,football-data.co.uk
league_e08fb53b6b352a9f,2020-11-01,LIGUE_1,2020-21,LEAGUE,,Nimes,Metz,0,1,A,France,Ligue 1,football-data.co.uk
league_0bb2febfef8ec3f6,2020-11-01,LIGUE_1,2020-21,LEAGUE,,Reims,Strasbourg,2,1,H,France,Ligue 1,football-data.co.uk
league_11259f6356d4613a,2020-11-06,LIGUE_1,2020-21,LEAGUE,,Strasbourg,Olympique Marseille,0,1,A,France,Ligue 1,football-data.co.uk
league_c179b41d0b58edf5,2020-11-07,LIGUE_1,2020-21,LEAGUE,,Bordeaux,Montpellier,0,2,A,France,Ligue 1,football-data.co.uk
league_4777acd8df98ee4c,2020-11-07,LIGUE_1,2020-21,LEAGUE,,Paris Saint-Germain FC,Rennes,3,0,H,France,Ligue 1,football-data.co.uk
league_1b72ae32133effa8,2020-11-08,LIGUE_1,2020-21,LEAGUE,,Brest,Lille,3,2,H,France,Ligue 1,football-data.co.uk
league_6c2255d9faca7e25,2020-11-08,LIGUE_1,2020-21,LEAGUE,,Lens,Reims,4,4,D,France,Ligue 1,football-data.co.uk
league_e69831d9c775a7d6,2020-11-08,LIGUE_1,2020-21,LEAGUE,,Lorient,Nantes,0,2,A,France,Ligue 1,football-data.co.uk
league_695a345748a5562b,2020-11-08,LIGUE_1,2020-21,LEAGUE,,Metz,Dijon,1,1,D,France,Ligue 1,football-data.co.uk
league_c69befcaf3b4461d,2020-11-08,LIGUE_1,2020-21,LEAGUE,,Nice,AS Monaco,1,2,A,France,Ligue 1,football-data.co.uk
league_64c7d4bbaad80a95,2020-11-08,LIGUE_1,2020-21,LEAGUE,,Nimes,Angers,1,5,A,France,Ligue 1,football-data.co.uk
league_d7e8a14469144032,2020-11-08,LIGUE_1,2020-21,LEAGUE,,Olympique Lyonnais,AS Saint-Étienne,2,1,H,France,Ligue 1,football-data.co.uk
league_5d691c0162e8b895,2020-11-20,LIGUE_1,2020-21,LEAGUE,,AS Monaco,Paris Saint-Germain FC,3,2,H,France,Ligue 1,football-data.co.uk
league_58735605f52d2bd0,2020-11-20,LIGUE_1,2020-21,LEAGUE,,Rennes,Bordeaux,0,1,A,France,Ligue 1,football-data.co.uk
league_2b0cbc35d0638605,2020-11-21,LIGUE_1,2020-21,LEAGUE,,Brest,AS Saint-Étienne,4,1,H,France,Ligue 1,football-data.co.uk
league_fbac129da64cf744,2020-11-22,LIGUE_1,2020-21,LEAGUE,,Angers,Olympique Lyonnais,0,1,A,France,Ligue 1,football-data.co.uk
league_e729a7855b197f27,2020-11-22,LIGUE_1,2020-21,LEAGUE,,Dijon,Lens,0,1,A,France,Ligue 1,football-data.co.uk
league_ac175e440e860acf,2020-11-22,LIGUE_1,2020-21,LEAGUE,,Lille,Lorient,4,0,H,France,Ligue 1,football-data.co.uk
league_2be923ece1074773,2020-11-22,LIGUE_1,2020-21,LEAGUE,,Montpellier,Strasbourg,4,3,H,France,Ligue 1,football-data.co.uk
league_5c818ef0112c3bff,2020-11-22,LIGUE_1,2020-21,LEAGUE,,Nantes,Metz,1,1,D,France,Ligue 1,football-data.co.uk
league_8c743b1b3ab363dc,2020-11-22,LIGUE_1,2020-21,LEAGUE,,Reims,Nimes,0,1,A,France,Ligue 1,football-data.co.uk
league_2ab0cd94dcfe7fdc,2020-11-25,LIGUE_1,2020-21,LEAGUE,,Lens,Nantes,1,1,D,France,Ligue 1,football-data.co.uk
league_630c4e87310f45c4,2020-11-27,LIGUE_1,2020-21,LEAGUE,,Strasbourg,Rennes,1,1,D,France,Ligue 1,football-data.co.uk
league_5f67b61ef2cbbd03,2020-11-28,LIGUE_1,2020-21,LEAGUE,,Olympique Marseille,Nantes,3,1,H,France,Ligue 1,football-data.co.uk
league_d77107ee4a7dd1b7,2020-11-28,LIGUE_1,2020-21,LEAGUE,,Paris Saint-Germain FC,Bordeaux,2,2,D,France,Ligue 1,football-data.co.uk
league_74789a11d9e747e2,2020-11-29,LIGUE_1,2020-21,LEAGUE,,AS Monaco,Nimes,3,0,H,France,Ligue 1,football-data.co.uk
league_eae6a7a20776726f,2020-11-29,LIGUE_1,2020-21,LEAGUE,,AS Saint-Étienne,Lille,1,1,D,France,Ligue 1,football-data.co.uk
league_02155e6e277b0c74,2020-11-29,LIGUE_1,2020-21,LEAGUE,,Lens,Angers,1,3,A,France,Ligue 1,football-data.co.uk
league_766f98fa707e427a,2020-11-29,LIGUE_1,2020-21,LEAGUE,,Lorient,Montpellier,0,1,A,France,Ligue 1,football-data.co.uk
league_9ae9328c65823af5,2020-11-29,LIGUE_1,2020-21,LEAGUE,,Metz,Brest,0,2,A,France,Ligue 1,football-data.co.uk
league_2c4e9ee11c27c277,2020-11-29,LIGUE_1,2020-21,LEAGUE,,Nice,Dijon,1,3,A,France,Ligue 1,football-data.co.uk
league_4beda26f73cab332,2020-11-29,LIGUE_1,2020-21,LEAGUE,,Olympique Lyonnais,Reims,3,0,H,France,Ligue 1,football-data.co.uk
league_6a755d4e2c703fbc,2020-12-04,LIGUE_1,2020-21,LEAGUE,,Nimes,Olympique Marseille,0,2,A,France,Ligue 1,football-data.co.uk
league_6d5a6f671146687a,2020-12-05,LIGUE_1,2020-21,LEAGUE,,Montpellier,Paris Saint-Germain FC,1,3,A,France,Ligue 1,football-data.co.uk
league_766f9dcc4e4b674b,2020-12-05,LIGUE_1,2020-21,LEAGUE,,Rennes,Lens,0,2,A,France,Ligue 1,football-data.co.uk
league_73b55b53e6cb9f1d,2020-12-06,LIGUE_1,2020-21,LEAGUE,,Angers,Lorient,2,0,H,France,Ligue 1,football-data.co.uk
league_33f9d8dc2721949b,2020-12-06,LIGUE_1,2020-21,LEAGUE,,Bordeaux,Brest,1,0,H,France,Ligue 1,football-data.co.uk
league_a46bf81202c8aa92,2020-12-06,LIGUE_1,2020-21,LEAGUE,,Dijon,AS Saint-Étienne,0,0,D,France,Ligue 1,football-data.co.uk
league_35ae27b7b87a7296,2020-12-06,LIGUE_1,2020-21,LEAGUE,,Lille,AS Monaco,2,1,H,France,Ligue 1,football-data.co.uk
league_c7fcc8b63d32f83f,2020-12-06,LIGUE_1,2020-21,LEAGUE,,Metz,Olympique Lyonnais,1,3,A,France,Ligue 1,football-data.co.uk
league_2efcc1d0aad58a2c,2020-12-06,LIGUE_1,2020-21,LEAGUE,,Nantes,Strasbourg,0,4,A,France,Ligue 1,football-data.co.uk
league_9fea2c9b27895c9f,2020-12-06,LIGUE_1,2020-21,LEAGUE,,Reims,Nice,0,0,D,France,Ligue 1,football-data.co.uk
league_d228228f6dc0fb2e,2020-12-11,LIGUE_1,2020-21,LEAGUE,,AS Saint-Étienne,Angers,0,0,D,France,Ligue 1,football-data.co.uk
league_1883962b4ea6aed8,2020-12-12,LIGUE_1,2020-21,LEAGUE,,Lens,Montpellier,2,3,A,France,Ligue 1,football-data.co.uk
league_64dea12a3e937cf6,2020-12-12,LIGUE_1,2020-21,LEAGUE,,Olympique Marseille,AS Monaco,2,1,H,France,Ligue 1,football-data.co.uk
league_48a69398a1a8505f,2020-12-13,LIGUE_1,2020-21,LEAGUE,,Brest,Reims,2,1,H,France,Ligue 1,football-data.co.uk
league_69cea683313bcefc,2020-12-13,LIGUE_1,2020-21,LEAGUE,,Lille,Bordeaux,2,1,H,France,Ligue 1,football-data.co.uk
league_76375097b6509c7b,2020-12-13,LIGUE_1,2020-21,LEAGUE,,Lorient,Nimes,3,0,H,France,Ligue 1,football-data.co.uk
league_54e936e32aea64e9,2020-12-13,LIGUE_1,2020-21,LEAGUE,,Nantes,Dijon,1,1,D,France,Ligue 1,football-data.co.uk
league_8a2f0742011163bf,2020-12-13,LIGUE_1,2020-21,LEAGUE,,Nice,Rennes,0,1,A,France,Ligue 1,football-data.co.uk
league_65d011224d80e2a8,2020-12-13,LIGUE_1,2020-21,LEAGUE,,Paris Saint-Germain FC,Olympique Lyonnais,0,1,A,France,Ligue 1,football-data.co.uk
league_4c3184f17010cf58,2020-12-13,LIGUE_1,2020-21,LEAGUE,,Strasbourg,Metz,2,2,D,France,Ligue 1,football-data.co.uk
league_1b5b3bb9d4f4491b,2020-12-16,LIGUE_1,2020-21,LEAGUE,,AS Monaco,Lens,0,3,A,France,Ligue 1,football-data.co.uk
league_9ec60279a6eecba3,2020-12-16,LIGUE_1,2020-21,LEAGUE,,Angers,Strasbourg,0,2,A,France,Ligue 1,football-data.co.uk
league_998f0eacb58f63c3,2020-12-16,LIGUE_1,2020-21,LEAGUE,,Bordeaux,AS Saint-Étienne,1,2,A,France,Ligue 1,football-data.co.uk
league_854dc6a41a9380de,2020-12-16,LIGUE_1,2020-21,LEAGUE,,Dijon,Lille,0,2,A,France,Ligue 1,football-data.co.uk
league_54d25e9f409ef276,2020-12-16,LIGUE_1,2020-21,LEAGUE,,Montpellier,Metz,0,2,A,France,Ligue 1,football-data.co.uk
league_3854038beff2fe5e,2020-12-16,LIGUE_1,2020-21,LEAGUE,,Nimes,Nice,0,2,A,France,Ligue 1,football-data.co.uk
league_1e3b2fb224ae134b,2020-12-16,LIGUE_1,2020-21,LEAGUE,,Olympique Lyonnais,Brest,2,2,D,France,Ligue 1,football-data.co.uk
league_a29e6ad30b33a33c,2020-12-16,LIGUE_1,2020-21,LEAGUE,,Paris Saint-Germain FC,Lorient,2,0,H,France,Ligue 1,football-data.co.uk
league_7110f172ba579c41,2020-12-16,LIGUE_1,2020-21,LEAGUE,,Reims,Nantes,3,2,H,France,Ligue 1,football-data.co.uk
league_aa052583946367c7,2020-12-16,LIGUE_1,2020-21,LEAGUE,,Rennes,Olympique Marseille,2,1,H,France,Ligue 1,football-data.co.uk
league_a9e446c7d8ccc369,2020-12-19,LIGUE_1,2020-21,LEAGUE,,Metz,Lens,2,0,H,France,Ligue 1,football-data.co.uk
league_f2da07ec74cf224a,2020-12-19,LIGUE_1,2020-21,LEAGUE,,Nice,Olympique Lyonnais,1,4,A,France,Ligue 1,football-data.co.uk
league_bf215cac3e3e1191,2020-12-19,LIGUE_1,2020-21,LEAGUE,,Olympique Marseille,Reims,1,1,D,France,Ligue 1,football-data.co.uk
league_be8c5d3de950ded9,2020-12-20,LIGUE_1,2020-21,LEAGUE,,AS Saint-Étienne,Nimes,2,2,D,France,Ligue 1,football-data.co.uk
league_e2fbe969b00c113d,2020-12-20,LIGUE_1,2020-21,LEAGUE,,Brest,Montpellier,2,2,D,France,Ligue 1,football-data.co.uk
league_00089d70f4231d6e,2020-12-20,LIGUE_1,2020-21,LEAGUE,,Dijon,AS Monaco,0,1,A,France,Ligue 1,football-data.co.uk
league_36d8ec6618e670a2,2020-12-20,LIGUE_1,2020-21,LEAGUE,,Lille,Paris Saint-Germain FC,0,0,D,France,Ligue 1,football-data.co.uk
league_a4682adb2824464a,2020-12-20,LIGUE_1,2020-21,LEAGUE,,Lorient,Rennes,0,3,A,France,Ligue 1,football-data.co.uk
league_92c923c5a27bfb4f,2020-12-20,LIGUE_1,2020-21,LEAGUE,,Nantes,Angers,1,1,D,France,Ligue 1,football-data.co.uk
league_b8a5dcf4a7f38a42,2020-12-20,LIGUE_1,2020-21,LEAGUE,,Strasbourg,Bordeaux,0,2,A,France,Ligue 1,football-data.co.uk
league_5efc02597bfeab4d,2020-12-23,LIGUE_1,2020-21,LEAGUE,,AS Monaco,AS Saint-Étienne,2,2,D,France,Ligue 1,football-data.co.uk
league_96d86e25e8f9d933,2020-12-23,LIGUE_1,2020-21,LEAGUE,,Angers,Olympique Marseille,2,1,H,France,Ligue 1,football-data.co.uk
league_1ebdf746c0ee218c,2020-12-23,LIGUE_1,2020-21,LEAGUE,,Bordeaux,Reims,1,3,A,France,Ligue 1,football-data.co.uk
league_f338a4c5429238d0,2020-12-23,LIGUE_1,2020-21,LEAGUE,,Lens,Brest,2,1,H,France,Ligue 1,football-data.co.uk
league_d0a08d95316e1c00,2020-12-23,LIGUE_1,2020-21,LEAGUE,,Montpellier,Lille,2,3,A,France,Ligue 1,football-data.co.uk
league_140648e51c8a37ae,2020-12-23,LIGUE_1,2020-21,LEAGUE,,Nice,Lorient,2,2,D,France,Ligue 1,football-data.co.uk
league_f67a211c0bf2b0c3,2020-12-23,LIGUE_1,2020-21,LEAGUE,,Nimes,Dijon,1,3,A,France,Ligue 1,football-data.co.uk
league_af19f58e1b21a305,2020-12-23,LIGUE_1,2020-21,LEAGUE,,Olympique Lyonnais,Nantes,3,0,H,France,Ligue 1,football-data.co.uk
league_60db0e205640fec1,2020-12-23,LIGUE_1,2020-21,LEAGUE,,Paris Saint-Germain FC,Strasbourg,4,0,H,France,Ligue 1,football-data.co.uk
league_34b09b0dfddc55b1,2020-12-23,LIGUE_1,2020-21,LEAGUE,,Rennes,Metz,1,0,H,France,Ligue 1,football-data.co.uk
league_b3f748c155f127d4,2021-01-06,LIGUE_1,2020-21,LEAGUE,,AS Saint-Étienne,Paris Saint-Germain FC,1,1,D,France,Ligue 1,football-data.co.uk
league_a75e01d93e5bd14a,2021-01-06,LIGUE_1,2020-21,LEAGUE,,Brest,Nice,2,0,H,France,Ligue 1,football-data.co.uk
league_ee5f3161d204fcd4,2021-01-06,LIGUE_1,2020-21,LEAGUE,,Lille,Angers,1,2,A,France,Ligue 1,football-data.co.uk
league_5f7178a3fb82ccdf,2021-01-06,LIGUE_1,2020-21,LEAGUE,,Lorient,AS Monaco,2,5,A,France,Ligue 1,football-data.co.uk
league_cc7818d21d4b8164,2021-01-06,LIGUE_1,2020-21,LEAGUE,,Metz,Bordeaux,0,0,D,France,Ligue 1,football-data.co.uk
league_8264eb100390c457,2021-01-06,LIGUE_1,2020-21,LEAGUE,,Nantes,Rennes,0,0,D,France,Ligue 1,football-data.co.uk
league_bc281ec60216aad3,2021-01-06,LIGUE_1,2020-21,LEAGUE,,Olympique Lyonnais,Lens,3,2,H,France,Ligue 1,football-data.co.uk
league_cdfae17b6599dbf2,2021-01-06,LIGUE_1,2020-21,LEAGUE,,Olympique Marseille,Montpellier,3,1,H,France,Ligue 1,football-data.co.uk
league_37f82cb016daaf18,2021-01-06,LIGUE_1,2020-21,LEAGUE,,Reims,Dijon,0,0,D,France,Ligue 1,football-data.co.uk
league_6dc1140008085749,2021-01-06,LIGUE_1,2020-21,LEAGUE,,Strasbourg,Nimes,5,0,H,France,Ligue 1,football-data.co.uk
league_156e76cf805c2dcf,2021-01-09,LIGUE_1,2020-21,LEAGUE,,AS Monaco,Angers,3,0,H,France,Ligue 1,football-data.co.uk
league_52ae34be10bd5828,2021-01-09,LIGUE_1,2020-21,LEAGUE,,Bordeaux,Lorient,2,1,H,France,Ligue 1,football-data.co.uk
league_be0013c10864b5e7,2021-01-09,LIGUE_1,2020-21,LEAGUE,,Dijon,Olympique Marseille,0,0,D,France,Ligue 1,football-data.co.uk
league_e77cf6d7ddb1e0c1,2021-01-09,LIGUE_1,2020-21,LEAGUE,,Lens,Strasbourg,0,1,A,France,Ligue 1,football-data.co.uk
league_f27f1e0374567b97,2021-01-09,LIGUE_1,2020-21,LEAGUE,,Metz,Nice,1,1,D,France,Ligue 1,football-data.co.uk
league_d2c5f19e15c83e23,2021-01-09,LIGUE_1,2020-21,LEAGUE,,Montpellier,Nantes,1,1,D,France,Ligue 1,football-data.co.uk
league_f4326a9996558d92,2021-01-09,LIGUE_1,2020-21,LEAGUE,,Nimes,Lille,0,1,A,France,Ligue 1,football-data.co.uk
league_a25a27fd1904dd04,2021-01-09,LIGUE_1,2020-21,LEAGUE,,Paris Saint-Germain FC,Brest,3,0,H,France,Ligue 1,football-data.co.uk
league_3bacabae4b3f1de0,2021-01-09,LIGUE_1,2020-21,LEAGUE,,Reims,AS Saint-Étienne,3,1,H,France,Ligue 1,football-data.co.uk
league_a7d267fd49d975fa,2021-01-09,LIGUE_1,2020-21,LEAGUE,,Rennes,Olympique Lyonnais,2,2,D,France,Ligue 1,football-data.co.uk
league_e110b792b2d7c072,2021-01-15,LIGUE_1,2020-21,LEAGUE,,Montpellier,AS Monaco,2,3,A,France,Ligue 1,football-data.co.uk
league_221c3a1e184416c5,2021-01-16,LIGUE_1,2020-21,LEAGUE,,Angers,Paris Saint-Germain FC,0,1,A,France,Ligue 1,football-data.co.uk
league_d091743904be9f00,2021-01-16,LIGUE_1,2020-21,LEAGUE,,Olympique Marseille,Nimes,1,2,A,France,Ligue 1,football-data.co.uk
league_e637e4cd958aecac,2021-01-17,LIGUE_1,2020-21,LEAGUE,,Brest,Rennes,1,2,A,France,Ligue 1,football-data.co.uk
league_4031cab1cf2be0db,2021-01-17,LIGUE_1,2020-21,LEAGUE,,Lille,Reims,2,1,H,France,Ligue 1,football-data.co.uk
league_2465524b0bdfda6f,2021-01-17,LIGUE_1,2020-21,LEAGUE,,Nantes,Lens,1,1,D,France,Ligue 1,football-data.co.uk
league_ef66a6a7bffde7f9,2021-01-17,LIGUE_1,2020-21,LEAGUE,,Nice,Bordeaux,0,3,A,France,Ligue 1,football-data.co.uk
league_bc9d63644443e591,2021-01-17,LIGUE_1,2020-21,LEAGUE,,Olympique Lyonnais,Metz,0,1,A,France,Ligue 1,football-data.co.uk
league_32406205271df959,2021-01-17,LIGUE_1,2020-21,LEAGUE,,Strasbourg,AS Saint-Étienne,1,0,H,France,Ligue 1,football-data.co.uk
league_f34caadcbc77924f,2021-01-20,LIGUE_1,2020-21,LEAGUE,,Olympique Marseille,Lens,0,1,A,France,Ligue 1,football-data.co.uk
league_bb537c08a928c753,2021-01-22,LIGUE_1,2020-21,LEAGUE,,Paris Saint-Germain FC,Montpellier,4,0,H,France,Ligue 1,football-data.co.uk
league_d5a2a4c1794e9900,2021-01-23,LIGUE_1,2020-21,LEAGUE,,AS Monaco,Olympique Marseille,3,1,H,France,Ligue 1,football-data.co.uk
league_7db3f942b0c9d472,2021-01-23,LIGUE_1,2020-21,LEAGUE,,Lens,Nice,0,1,A,France,Ligue 1,football-data.co.uk
league_4690ee65085d6c3f,2021-01-24,LIGUE_1,2020-21,LEAGUE,,AS Saint-Étienne,Olympique Lyonnais,0,5,A,France,Ligue 1,football-data.co.uk
league_7703e2261d2170c8,2021-01-24,LIGUE_1,2020-21,LEAGUE,,Bordeaux,Angers,2,1,H,France,Ligue 1,football-data.co.uk
league_1254ec891a0a9d78,2021-01-24,LIGUE_1,2020-21,LEAGUE,,Dijon,Strasbourg,1,1,D,France,Ligue 1,football-data.co.uk
league_1f9470c50f995d98,2021-01-24,LIGUE_1,2020-21,LEAGUE,,Metz,Nantes,2,0,H,France,Ligue 1,football-data.co.uk
league_739e0d511f55ea5c,2021-01-24,LIGUE_1,2020-21,LEAGUE,,Reims,Brest,1,0,H,France,Ligue 1,football-data.co.uk
league_6a40d44242b45001,2021-01-24,LIGUE_1,2020-21,LEAGUE,,Rennes,Lille,0,1,A,France,Ligue 1,football-data.co.uk
league_94a976ace40041f4,2021-01-27,LIGUE_1,2020-21,LEAGUE,,Lorient,Dijon,3,2,H,France,Ligue 1,football-data.co.uk
league_4811fc0dba3fa98d,2021-01-29,LIGUE_1,2020-21,LEAGUE,,Olympique Lyonnais,Bordeaux,2,1,H,France,Ligue 1,football-data.co.uk
league_26557ee52ce8e918,2021-01-30,LIGUE_1,2020-21,LEAGUE,,Montpellier,Lens,1,2,A,France,Ligue 1,football-data.co.uk
league_6f2825c4581c744f,2021-01-31,LIGUE_1,2020-21,LEAGUE,,Angers,Nimes,3,1,H,France,Ligue 1,football-data.co.uk
league_f3b28e1b55b802fc,2021-01-31,LIGUE_1,2020-21,LEAGUE,,Brest,Metz,2,4,A,France,Ligue 1,football-data.co.uk
league_8563ff3127a074fc,2021-01-31,LIGUE_1,2020-21,LEAGUE,,Lille,Dijon,1,0,H,France,Ligue 1,football-data.co.uk
league_7e6ca469d8c80411,2021-01-31,LIGUE_1,2020-21,LEAGUE,,Lorient,Paris Saint-Germain FC,3,2,H,France,Ligue 1,football-data.co.uk
league_6d4e72b54c1489e9,2021-01-31,LIGUE_1,2020-21,LEAGUE,,Nantes,AS Monaco,1,2,A,France,Ligue 1,football-data.co.uk
league_c96f029a52178ccb,2021-01-31,LIGUE_1,2020-21,LEAGUE,,Nice,AS Saint-Étienne,0,1,A,France,Ligue 1,football-data.co.uk
league_f93537670bdd6490,2021-01-31,LIGUE_1,2020-21,LEAGUE,,Strasbourg,Reims,0,1,A,France,Ligue 1,football-data.co.uk
league_3c58cdca8ed27df4,2021-02-03,LIGUE_1,2020-21,LEAGUE,,AS Monaco,Nice,2,1,H,France,Ligue 1,football-data.co.uk
league_0dfb9a090e318d62,2021-02-03,LIGUE_1,2020-21,LEAGUE,,AS Saint-Étienne,Nantes,1,1,D,France,Ligue 1,football-data.co.uk
league_69676655bfdd8a27,2021-02-03,LIGUE_1,2020-21,LEAGUE,,Bordeaux,Lille,0,3,A,France,Ligue 1,football-data.co.uk
league_075a08ef62a1279c,2021-02-03,LIGUE_1,2020-21,LEAGUE,,Dijon,Olympique Lyonnais,0,1,A,France,Ligue 1,football-data.co.uk
league_1043bb3e079db430,2021-02-03,LIGUE_1,2020-21,LEAGUE,,Lens,Olympique Marseille,2,2,D,France,Ligue 1,football-data.co.uk
league_ce5942dd9ba90217,2021-02-03,LIGUE_1,2020-21,LEAGUE,,Metz,Montpellier,1,1,D,France,Ligue 1,football-data.co.uk
league_09a02ef7e68d7a7f,2021-02-03,LIGUE_1,2020-21,LEAGUE,,Paris Saint-Germain FC,Nimes,3,0,H,France,Ligue 1,football-data.co.uk
league_3307555a571fbc34,2021-02-03,LIGUE_1,2020-21,LEAGUE,,Reims,Angers,0,0,D,France,Ligue 1,football-data.co.uk
league_63ea2c08823cce67,2021-02-03,LIGUE_1,2020-21,LEAGUE,,Rennes,Lorient,1,1,D,France,Ligue 1,football-data.co.uk
league_632de22d1929cb49,2021-02-03,LIGUE_1,2020-21,LEAGUE,,Strasbourg,Brest,2,2,D,France,Ligue 1,football-data.co.uk
league_ac73141f7ea4ed13,2021-02-06,LIGUE_1,2020-21,LEAGUE,,Lens,Rennes,0,0,D,France,Ligue 1,football-data.co.uk
league_0aa39c4423c9b2eb,2021-02-06,LIGUE_1,2020-21,LEAGUE,,Lorient,Reims,1,0,H,France,Ligue 1,football-data.co.uk
league_915999ad151bf5d8,2021-02-06,LIGUE_1,2020-21,LEAGUE,,Olympique Lyonnais,Strasbourg,3,0,H,France,Ligue 1,football-data.co.uk
league_174ccf85d44f60d2,2021-02-07,LIGUE_1,2020-21,LEAGUE,,AS Saint-Étienne,Metz,1,0,H,France,Ligue 1,football-data.co.uk
league_0eda7d81b49f9ff2,2021-02-07,LIGUE_1,2020-21,LEAGUE,,Brest,Bordeaux,2,1,H,France,Ligue 1,football-data.co.uk
league_01f5206fb307a274,2021-02-07,LIGUE_1,2020-21,LEAGUE,,Montpellier,Dijon,4,2,H,France,Ligue 1,football-data.co.uk
league_640ff178e2193fe2,2021-02-07,LIGUE_1,2020-21,LEAGUE,,Nantes,Lille,0,2,A,France,Ligue 1,football-data.co.uk
league_a6ad30e94fffb017,2021-02-07,LIGUE_1,2020-21,LEAGUE,,Nice,Angers,3,0,H,France,Ligue 1,football-data.co.uk
league_23b228dcd0b14500,2021-02-07,LIGUE_1,2020-21,LEAGUE,,Nimes,AS Monaco,3,4,A,France,Ligue 1,football-data.co.uk
league_49f8e9bff2411662,2021-02-07,LIGUE_1,2020-21,LEAGUE,,Olympique Marseille,Paris Saint-Germain FC,0,2,A,France,Ligue 1,football-data.co.uk
league_f08dc13a8f2ea621,2021-02-13,LIGUE_1,2020-21,LEAGUE,,Olympique Lyonnais,Montpellier,1,2,A,France,Ligue 1,football-data.co.uk
league_673988a431dc888d,2021-02-13,LIGUE_1,2020-21,LEAGUE,,Paris Saint-Germain FC,Nice,2,1,H,France,Ligue 1,football-data.co.uk
league_269e68563e2909f7,2021-02-13,LIGUE_1,2020-21,LEAGUE,,Reims,Lens,1,1,D,France,Ligue 1,football-data.co.uk
league_05b14adf6f61e6bc,2021-02-14,LIGUE_1,2020-21,LEAGUE,,AS Monaco,Lorient,2,2,D,France,Ligue 1,football-data.co.uk
league_3e6828daf7aafe3f,2021-02-14,LIGUE_1,2020-21,LEAGUE,,Angers,Nantes,1,3,A,France,Ligue 1,football-data.co.uk
league_ad36a54c03ae497a,2021-02-14,LIGUE_1,2020-21,LEAGUE,,Bordeaux,Olympique Marseille,0,0,D,France,Ligue 1,football-data.co.uk
league_7adca52d6ed56267,2021-02-14,LIGUE_1,2020-21,LEAGUE,,Dijon,Nimes,0,2,A,France,Ligue 1,football-data.co.uk
league_5b2db916922b4cbe,2021-02-14,LIGUE_1,2020-21,LEAGUE,,Lille,Brest,0,0,D,France,Ligue 1,football-data.co.uk
league_80282f0eb54b6f66,2021-02-14,LIGUE_1,2020-21,LEAGUE,,Metz,Strasbourg,1,2,A,France,Ligue 1,football-data.co.uk
league_31b1e278a93fb794,2021-02-14,LIGUE_1,2020-21,LEAGUE,,Rennes,AS Saint-Étienne,0,2,A,France,Ligue 1,football-data.co.uk
league_41ce44449f310d30,2021-02-17,LIGUE_1,2020-21,LEAGUE,,Olympique Marseille,Nice,3,2,H,France,Ligue 1,football-data.co.uk
league_076ee7ee76efeb4f,2021-02-19,LIGUE_1,2020-21,LEAGUE,,Brest,Olympique Lyonnais,2,3,A,France,Ligue 1,football-data.co.uk
league_65f1aaba44d9dbc2,2021-02-20,LIGUE_1,2020-21,LEAGUE,,AS Saint-Étienne,Reims,1,1,D,France,Ligue 1,football-data.co.uk
league_00563adff7c6b735,2021-02-20,LIGUE_1,2020-21,LEAGUE,,Nantes,Olympique Marseille,1,1,D,France,Ligue 1,football-data.co.uk
league_fbde6d83455f1a90,2021-02-21,LIGUE_1,2020-21,LEAGUE,,Lens,Dijon,2,1,H,France,Ligue 1,football-data.co.uk
league_dd0dad21b5615c1e,2021-02-21,LIGUE_1,2020-21,LEAGUE,,Lorient,Lille,1,4,A,France,Ligue 1,football-data.co.uk
league_ec2e31b6e3a723a1,2021-02-21,LIGUE_1,2020-21,LEAGUE,,Montpellier,Rennes,2,1,H,France,Ligue 1,football-data.co.uk
league_166fed4d0922ad8c,2021-02-21,LIGUE_1,2020-21,LEAGUE,,Nice,Metz,1,2,A,France,Ligue 1,football-data.co.uk
league_d7478a41b4977eac,2021-02-21,LIGUE_1,2020-21,LEAGUE,,Nimes,Bordeaux,2,0,H,France,Ligue 1,football-data.co.uk
league_20b0ccb5448efc98,2021-02-21,LIGUE_1,2020-21,LEAGUE,,Paris Saint-Germain FC,AS Monaco,0,2,A,France,Ligue 1,football-data.co.uk
league_406916da372f085d,2021-02-21,LIGUE_1,2020-21,LEAGUE,,Strasbourg,Angers,0,0,D,France,Ligue 1,football-data.co.uk
league_3e6d2d2cf6a4f34c,2021-02-24,LIGUE_1,2020-21,LEAGUE,,Nimes,Lorient,1,0,H,France,Ligue 1,football-data.co.uk
league_85980ba5f8aed778,2021-02-26,LIGUE_1,2020-21,LEAGUE,,Rennes,Nice,1,2,A,France,Ligue 1,football-data.co.uk
league_482b8c91a24711b7,2021-02-27,LIGUE_1,2020-21,LEAGUE,,Bordeaux,Metz,1,2,A,France,Ligue 1,football-data.co.uk
league_6eb8dc3a88343410,2021-02-27,LIGUE_1,2020-21,LEAGUE,,Dijon,Paris Saint-Germain FC,0,4,A,France,Ligue 1,football-data.co.uk
league_f309e36628d2fe4c,2021-02-28,LIGUE_1,2020-21,LEAGUE,,AS Monaco,Brest,2,0,H,France,Ligue 1,football-data.co.uk
league_30ba71f91476a9af,2021-02-28,LIGUE_1,2020-21,LEAGUE,,Angers,Lens,2,2,D,France,Ligue 1,football-data.co.uk
league_a7a3bd7eebc13a23,2021-02-28,LIGUE_1,2020-21,LEAGUE,,Lille,Strasbourg,1,1,D,France,Ligue 1,football-data.co.uk
league_ef6e15fea5dbd835,2021-02-28,LIGUE_1,2020-21,LEAGUE,,Lorient,AS Saint-Étienne,2,1,H,France,Ligue 1,football-data.co.uk
league_444e6a52ef4e40df,2021-02-28,LIGUE_1,2020-21,LEAGUE,,Nimes,Nantes,1,1,D,France,Ligue 1,football-data.co.uk
league_8f053f0d10497515,2021-02-28,LIGUE_1,2020-21,LEAGUE,,Olympique Marseille,Olympique Lyonnais,1,1,D,France,Ligue 1,football-data.co.uk
league_ddb526f95bf8129b,2021-02-28,LIGUE_1,2020-21,LEAGUE,,Reims,Montpellier,0,0,D,France,Ligue 1,football-data.co.uk
league_96e3a17f76985075,2021-03-03,LIGUE_1,2020-21,LEAGUE,,AS Saint-Étienne,Lens,2,3,A,France,Ligue 1,football-data.co.uk
league_feec827656d369fb,2021-03-03,LIGUE_1,2020-21,LEAGUE,,Bordeaux,Paris Saint-Germain FC,0,1,A,France,Ligue 1,football-data.co.uk
league_3b458efbd23e7d8b,2021-03-03,LIGUE_1,2020-21,LEAGUE,,Brest,Dijon,3,1,H,France,Ligue 1,football-data.co.uk
league_976d00b443ef3c2f,2021-03-03,LIGUE_1,2020-21,LEAGUE,,Lille,Olympique Marseille,2,0,H,France,Ligue 1,football-data.co.uk
league_d2cf894353e22088,2021-03-03,LIGUE_1,2020-21,LEAGUE,,Metz,Angers,0,1,A,France,Ligue 1,football-data.co.uk
league_4856bb0117f56c29,2021-03-03,LIGUE_1,2020-21,LEAGUE,,Montpellier,Lorient,1,1,D,France,Ligue 1,football-data.co.uk
league_d2c293b744fffdbe,2021-03-03,LIGUE_1,2020-21,LEAGUE,,Nantes,Reims,1,2,A,France,Ligue 1,football-data.co.uk
league_712105311020fd4b,2021-03-03,LIGUE_1,2020-21,LEAGUE,,Nice,Nimes,2,1,H,France,Ligue 1,football-data.co.uk
league_74dc81e3910af1d3,2021-03-03,LIGUE_1,2020-21,LEAGUE,,Olympique Lyonnais,Rennes,1,0,H,France,Ligue 1,football-data.co.uk
league_30e2b097daadc3f5,2021-03-03,LIGUE_1,2020-21,LEAGUE,,Strasbourg,AS Monaco,1,0,H,France,Ligue 1,football-data.co.uk
league_b948d2ce0e7db59e,2021-03-10,LIGUE_1,2020-21,LEAGUE,,Olympique Marseille,Rennes,1,0,H,France,Ligue 1,football-data.co.uk
league_31d4cf6ec9ef1d15,2021-03-12,LIGUE_1,2020-21,LEAGUE,,Reims,Olympique Lyonnais,1,1,D,France,Ligue 1,football-data.co.uk
league_fefd6ad7714c4401,2021-03-13,LIGUE_1,2020-21,LEAGUE,,Angers,AS Saint-Étienne,0,1,A,France,Ligue 1,football-data.co.uk
league_10261222473b7d4e,2021-03-13,LIGUE_1,2020-21,LEAGUE,,Olympique Marseille,Brest,3,1,H,France,Ligue 1,football-data.co.uk
league_4b55d9e277c79fcf,2021-03-14,LIGUE_1,2020-21,LEAGUE,,AS Monaco,Lille,0,0,D,France,Ligue 1,football-data.co.uk
league_65aacb59da15f9f1,2021-03-14,LIGUE_1,2020-21,LEAGUE,,Dijon,Bordeaux,1,3,A,France,Ligue 1,football-data.co.uk
league_ab1a3938118e51e0,2021-03-14,LIGUE_1,2020-21,LEAGUE,,Lens,Metz,2,2,D,France,Ligue 1,football-data.co.uk
league_3beb92f5a07c4ce4,2021-03-14,LIGUE_1,2020-21,LEAGUE,,Lorient,Nice,1,1,D,France,Ligue 1,football-data.co.uk
league_b5dec630611fc873,2021-03-14,LIGUE_1,2020-21,LEAGUE,,Nimes,Montpellier,1,1,D,France,Ligue 1,football-data.co.uk
league_8fbf6279c46f00ff,2021-03-14,LIGUE_1,2020-21,LEAGUE,,Paris Saint-Germain FC,Nantes,1,2,A,France,Ligue 1,football-data.co.uk
league_91b162019c73a6f1,2021-03-14,LIGUE_1,2020-21,LEAGUE,,Rennes,Strasbourg,1,0,H,France,Ligue 1,football-data.co.uk
league_bfde9c5038f1c588,2021-03-19,LIGUE_1,2020-21,LEAGUE,,AS Saint-Étienne,AS Monaco,0,4,A,France,Ligue 1,football-data.co.uk
league_b7c5e3006c03b472,2021-03-20,LIGUE_1,2020-21,LEAGUE,,Metz,Rennes,1,3,A,France,Ligue 1,football-data.co.uk
league_e83460a03994fff1,2021-03-20,LIGUE_1,2020-21,LEAGUE,,Nice,Olympique Marseille,3,0,H,France,Ligue 1,football-data.co.uk
league_db2d1d273188bbe1,2021-03-21,LIGUE_1,2020-21,LEAGUE,,Brest,Angers,0,0,D,France,Ligue 1,football-data.co.uk
league_ef04c03cc6491088,2021-03-21,LIGUE_1,2020-21,LEAGUE,,Dijon,Reims,0,1,A,France,Ligue 1,football-data.co.uk
league_c1e018b1a922c16e,2021-03-21,LIGUE_1,2020-21,LEAGUE,,Lille,Nimes,1,2,A,France,Ligue 1,football-data.co.uk
league_0640ae23c2ad6601,2021-03-21,LIGUE_1,2020-21,LEAGUE,,Montpellier,Bordeaux,3,1,H,France,Ligue 1,football-data.co.uk
league_c9c263d6e64849f7,2021-03-21,LIGUE_1,2020-21,LEAGUE,,Nantes,Lorient,1,1,D,France,Ligue 1,football-data.co.uk
league_d344d078ef232245,2021-03-21,LIGUE_1,2020-21,LEAGUE,,Olympique Lyonnais,Paris Saint-Germain FC,2,4,A,France,Ligue 1,football-data.co.uk
league_100b4057e9f1b9a2,2021-03-21,LIGUE_1,2020-21,LEAGUE,,Strasbourg,Lens,1,2,A,France,Ligue 1,football-data.co.uk
league_f711e1510c8a7ecc,2021-04-03,LIGUE_1,2020-21,LEAGUE,,AS Monaco,Metz,4,0,H,France,Ligue 1,football-data.co.uk
league_00ac0b8d0ff1d6fd,2021-04-03,LIGUE_1,2020-21,LEAGUE,,Lens,Olympique Lyonnais,1,1,D,France,Ligue 1,football-data.co.uk
league_4d32a773064a8973,2021-04-03,LIGUE_1,2020-21,LEAGUE,,Paris Saint-Germain FC,Lille,0,1,A,France,Ligue 1,football-data.co.uk
league_374afc4f47fdca47,2021-04-04,LIGUE_1,2020-21,LEAGUE,,Angers,Montpellier,1,1,D,France,Ligue 1,football-data.co.uk
league_378b06238fbe725a,2021-04-04,LIGUE_1,2020-21,LEAGUE,,Bordeaux,Strasbourg,2,3,A,France,Ligue 1,football-data.co.uk
league_0f7acd5da127435f,2021-04-04,LIGUE_1,2020-21,LEAGUE,,Lorient,Brest,1,0,H,France,Ligue 1,football-data.co.uk
league_f2f7c287b11ad017,2021-04-04,LIGUE_1,2020-21,LEAGUE,,Nantes,Nice,1,2,A,France,Ligue 1,football-data.co.uk
league_13a36b2d88ef61b5,2021-04-04,LIGUE_1,2020-21,LEAGUE,,Nimes,AS Saint-Étienne,0,2,A,France,Ligue 1,football-data.co.uk
league_c1703f34117514c9,2021-04-04,LIGUE_1,2020-21,LEAGUE,,Olympique Marseille,Dijon,2,0,H,France,Ligue 1,football-data.co.uk
league_9b27dc86dfa643e5,2021-04-04,LIGUE_1,2020-21,LEAGUE,,Reims,Rennes,2,2,D,France,Ligue 1,football-data.co.uk
league_da1b270816988372,2021-04-09,LIGUE_1,2020-21,LEAGUE,,Metz,Lille,0,2,A,France,Ligue 1,football-data.co.uk
league_d574a07bfab59872,2021-04-10,LIGUE_1,2020-21,LEAGUE,,Montpellier,Olympique Marseille,3,3,D,France,Ligue 1,football-data.co.uk
league_39e305c4385a1211,2021-04-10,LIGUE_1,2020-21,LEAGUE,,Strasbourg,Paris Saint-Germain FC,1,4,A,France,Ligue 1,football-data.co.uk
league_1801b949be33c05c,2021-04-11,LIGUE_1,2020-21,LEAGUE,,AS Monaco,Dijon,3,0,H,France,Ligue 1,football-data.co.uk
league_3ee05caefe3aad92,2021-04-11,LIGUE_1,2020-21,LEAGUE,,AS Saint-Étienne,Bordeaux,4,1,H,France,Ligue 1,football-data.co.uk
league_989c789cb00d7ca5,2021-04-11,LIGUE_1,2020-21,LEAGUE,,Brest,Nimes,1,1,D,France,Ligue 1,football-data.co.uk
league_2208dc510df8b196,2021-04-11,LIGUE_1,2020-21,LEAGUE,,Lens,Lorient,4,1,H,France,Ligue 1,football-data.co.uk
league_0f5547690369f320,2021-04-11,LIGUE_1,2020-21,LEAGUE,,Nice,Reims,0,0,D,France,Ligue 1,football-data.co.uk
league_40f00553ff6bfb1c,2021-04-11,LIGUE_1,2020-21,LEAGUE,,Olympique Lyonnais,Angers,3,0,H,France,Ligue 1,football-data.co.uk
league_9a4f60ba81811ee1,2021-04-11,LIGUE_1,2020-21,LEAGUE,,Rennes,Nantes,1,0,H,France,Ligue 1,football-data.co.uk
league_c6dc6d5cdd46a3bb,2021-04-16,LIGUE_1,2020-21,LEAGUE,,Lille,Montpellier,1,1,D,France,Ligue 1,football-data.co.uk
league_4a9e2efc06c7a167,2021-04-17,LIGUE_1,2020-21,LEAGUE,,Angers,Rennes,0,3,A,France,Ligue 1,football-data.co.uk
league_835e6a6a57a0d2d6,2021-04-17,LIGUE_1,2020-21,LEAGUE,,Olympique Marseille,Lorient,3,2,H,France,Ligue 1,football-data.co.uk
league_1c4deddba7009119,2021-04-18,LIGUE_1,2020-21,LEAGUE,,Bordeaux,AS Monaco,0,3,A,France,Ligue 1,football-data.co.uk
league_0f8aafc06f7e9ff1,2021-04-18,LIGUE_1,2020-21,LEAGUE,,Brest,Lens,1,1,D,France,Ligue 1,football-data.co.uk
league_cd4321a25438fe45,2021-04-18,LIGUE_1,2020-21,LEAGUE,,Dijon,Nice,2,0,H,France,Ligue 1,football-data.co.uk
league_3533d227230ab6cb,2021-04-18,LIGUE_1,2020-21,LEAGUE,,Nantes,Olympique Lyonnais,1,2,A,France,Ligue 1,football-data.co.uk
league_a6154aa1dfd3e4a4,2021-04-18,LIGUE_1,2020-21,LEAGUE,,Nimes,Strasbourg,1,1,D,France,Ligue 1,football-data.co.uk
league_dbd97c52cb49cd82,2021-04-18,LIGUE_1,2020-21,LEAGUE,,Paris Saint-Germain FC,AS Saint-Étienne,3,2,H,France,Ligue 1,football-data.co.uk
league_984d38313e55e2f3,2021-04-18,LIGUE_1,2020-21,LEAGUE,,Reims,Metz,0,0,D,France,Ligue 1,football-data.co.uk
league_9278cb266cc6bd09,2021-04-23,LIGUE_1,2020-21,LEAGUE,,Reims,Olympique Marseille,1,3,A,France,Ligue 1,football-data.co.uk
league_7d191a4d5fcb02f7,2021-04-24,LIGUE_1,2020-21,LEAGUE,,AS Saint-Étienne,Brest,1,2,A,France,Ligue 1,football-data.co.uk
league_5503cf0fa7e659ec,2021-04-24,LIGUE_1,2020-21,LEAGUE,,Metz,Paris Saint-Germain FC,1,3,A,France,Ligue 1,football-data.co.uk
league_2479fa0cd0d2f99a,2021-04-25,LIGUE_1,2020-21,LEAGUE,,Angers,AS Monaco,0,1,A,France,Ligue 1,football-data.co.uk
league_33073d06bfb9c1e3,2021-04-25,LIGUE_1,2020-21,LEAGUE,,Lens,Nimes,2,1,H,France,Ligue 1,football-data.co.uk
league_d9cd08e9b6bbe21d,2021-04-25,LIGUE_1,2020-21,LEAGUE,,Lorient,Bordeaux,4,1,H,France,Ligue 1,football-data.co.uk
league_28223bef165eeec3,2021-04-25,LIGUE_1,2020-21,LEAGUE,,Nice,Montpellier,3,1,H,France,Ligue 1,football-data.co.uk
league_bdb931b44e23bd22,2021-04-25,LIGUE_1,2020-21,LEAGUE,,Olympique Lyonnais,Lille,2,3,A,France,Ligue 1,football-data.co.uk
league_77ac2dff9e7f37a2,2021-04-25,LIGUE_1,2020-21,LEAGUE,,Rennes,Dijon,5,1,H,France,Ligue 1,football-data.co.uk
league_462d51456104dc8a,2021-04-25,LIGUE_1,2020-21,LEAGUE,,Strasbourg,Nantes,1,2,A,France,Ligue 1,football-data.co.uk
league_25ef25c954abed99,2021-04-30,LIGUE_1,2020-21,LEAGUE,,Olympique Marseille,Strasbourg,1,1,D,France,Ligue 1,football-data.co.uk
league_f0b9f57b204f0b28,2021-05-01,LIGUE_1,2020-21,LEAGUE,,Lille,Nice,2,0,H,France,Ligue 1,football-data.co.uk
league_ab8ef1dcb2ff981c,2021-05-01,LIGUE_1,2020-21,LEAGUE,,Paris Saint-Germain FC,Lens,2,1,H,France,Ligue 1,football-data.co.uk
league_2a6e7e885e1afc9b,2021-05-02,LIGUE_1,2020-21,LEAGUE,,AS Monaco,Olympique Lyonnais,2,3,A,France,Ligue 1,football-data.co.uk
league_8172f97d2e00370b,2021-05-02,LIGUE_1,2020-21,LEAGUE,,Bordeaux,Rennes,1,0,H,France,Ligue 1,football-data.co.uk
league_238907243e61f659,2021-05-02,LIGUE_1,2020-21,LEAGUE,,Brest,Nantes,1,4,A,France,Ligue 1,football-data.co.uk
league_5590cb039225718e,2021-05-02,LIGUE_1,2020-21,LEAGUE,,Dijon,Metz,1,5,A,France,Ligue 1,football-data.co.uk
league_b61e443241ec90fd,2021-05-02,LIGUE_1,2020-21,LEAGUE,,Lorient,Angers,2,0,H,France,Ligue 1,football-data.co.uk
league_79f3732d8e860918,2021-05-02,LIGUE_1,2020-21,LEAGUE,,Montpellier,AS Saint-Étienne,1,2,A,France,Ligue 1,football-data.co.uk
league_8fc2a52afd7eddd7,2021-05-02,LIGUE_1,2020-21,LEAGUE,,Nimes,Reims,2,2,D,France,Ligue 1,football-data.co.uk
league_eda4053d0907fc93,2021-05-07,LIGUE_1,2020-21,LEAGUE,,Lens,Lille,0,3,A,France,Ligue 1,football-data.co.uk
league_27ff42eb4346dcf6,2021-05-08,LIGUE_1,2020-21,LEAGUE,,Nantes,Bordeaux,3,0,H,France,Ligue 1,football-data.co.uk
league_b29ac86773bbfe63,2021-05-08,LIGUE_1,2020-21,LEAGUE,,Olympique Lyonnais,Lorient,4,1,H,France,Ligue 1,football-data.co.uk
league_874f5f56502ffce8,2021-05-09,LIGUE_1,2020-21,LEAGUE,,AS Saint-Étienne,Olympique Marseille,1,0,H,France,Ligue 1,football-data.co.uk
league_bccb035671e070f7,2021-05-09,LIGUE_1,2020-21,LEAGUE,,Angers,Dijon,3,0,H,France,Ligue 1,football-data.co.uk
league_84d74e9075d70b57,2021-05-09,LIGUE_1,2020-21,LEAGUE,,Metz,Nimes,0,3,A,France,Ligue 1,football-data.co.uk
league_64a037929ce38b74,2021-05-09,LIGUE_1,2020-21,LEAGUE,,Nice,Brest,3,2,H,France,Ligue 1,football-data.co.uk
league_bf1cc81f4773ad5c,2021-05-09,LIGUE_1,2020-21,LEAGUE,,Reims,AS Monaco,0,1,A,France,Ligue 1,football-data.co.uk
league_aaa78e722660852c,2021-05-09,LIGUE_1,2020-21,LEAGUE,,Rennes,Paris Saint-Germain FC,1,1,D,France,Ligue 1,football-data.co.uk
league_ceb3d457dfed9640,2021-05-09,LIGUE_1,2020-21,LEAGUE,,Strasbourg,Montpellier,2,3,A,France,Ligue 1,football-data.co.uk
league_af2a310ce2fa527f,2021-05-16,LIGUE_1,2020-21,LEAGUE,,AS Monaco,Rennes,2,1,H,France,Ligue 1,football-data.co.uk
league_bc5ca336c2d19b81,2021-05-16,LIGUE_1,2020-21,LEAGUE,,Bordeaux,Lens,3,0,H,France,Ligue 1,football-data.co.uk
league_b06b6bf8f80f7721,2021-05-16,LIGUE_1,2020-21,LEAGUE,,Dijon,Nantes,0,4,A,France,Ligue 1,football-data.co.uk
league_839e679c6968d67c,2021-05-16,LIGUE_1,2020-21,LEAGUE,,Lille,AS Saint-Étienne,0,0,D,France,Ligue 1,football-data.co.uk
league_56cb13cf5084af12,2021-05-16,LIGUE_1,2020-21,LEAGUE,,Lorient,Metz,2,1,H,France,Ligue 1,football-data.co.uk
league_fccc57bbb1e53bf9,2021-05-16,LIGUE_1,2020-21,LEAGUE,,Montpellier,Brest,0,0,D,France,Ligue 1,football-data.co.uk
league_b579614d525ae3dd,2021-05-16,LIGUE_1,2020-21,LEAGUE,,Nice,Strasbourg,0,2,A,France,Ligue 1,football-data.co.uk
league_6fb4165bc4be229d,2021-05-16,LIGUE_1,2020-21,LEAGUE,,Nimes,Olympique Lyonnais,2,5,A,France,Ligue 1,football-data.co.uk
league_c5d2b733eaa0adf4,2021-05-16,LIGUE_1,2020-21,LEAGUE,,Olympique Marseille,Angers,3,2,H,France,Ligue 1,football-data.co.uk
league_7d6f71e6962cee62,2021-05-16,LIGUE_1,2020-21,LEAGUE,,Paris Saint-Germain FC,Reims,4,0,H,France,Ligue 1,football-data.co.uk
league_3ecb62cd2e8518a4,2021-05-23,LIGUE_1,2020-21,LEAGUE,,AS Saint-Étienne,Dijon,0,1,A,France,Ligue 1,football-data.co.uk
league_86538f3dcaf5383e,2021-05-23,LIGUE_1,2020-21,LEAGUE,,Angers,Lille,1,2,A,France,Ligue 1,football-data.co.uk
league_fcbfefa8667791b0,2021-05-23,LIGUE_1,2020-21,LEAGUE,,Brest,Paris Saint-Germain FC,0,2,A,France,Ligue 1,football-data.co.uk
league_3690f609f6f990b2,2021-05-23,LIGUE_1,2020-21,LEAGUE,,Lens,AS Monaco,0,0,D,France,Ligue 1,football-data.co.uk
league_d24156254206ef21,2021-05-23,LIGUE_1,2020-21,LEAGUE,,Metz,Olympique Marseille,1,1,D,France,Ligue 1,football-data.co.uk
league_dd978e82da184247,2021-05-23,LIGUE_1,2020-21,LEAGUE,,Nantes,Montpellier,1,2,A,France,Ligue 1,football-data.co.uk
league_cc03088b51411430,2021-05-23,LIGUE_1,2020-21,LEAGUE,,Olympique Lyonnais,Nice,2,3,A,France,Ligue 1,football-data.co.uk
league_05ec0a3055935e8a,2021-05-23,LIGUE_1,2020-21,LEAGUE,,Reims,Bordeaux,1,2,A,France,Ligue 1,football-data.co.uk
league_452bf3b498e3b376,2021-05-23,LIGUE_1,2020-21,LEAGUE,,Rennes,Nimes,2,0,H,France,Ligue 1,football-data.co.uk
league_5fa4bd4eb2d741c5,2021-05-23,LIGUE_1,2020-21,LEAGUE,,Strasbourg,Lorient,1,1,D,France,Ligue 1,football-data.co.uk
league_0690d438b6b8be13,2021-08-06,LIGUE_1,2021-22,LEAGUE,,AS Monaco,Nantes,1,1,D,France,Ligue 1,football-data.co.uk
league_67e6f0df71ba217f,2021-08-07,LIGUE_1,2021-22,LEAGUE,,Olympique Lyonnais,Brest,1,1,D,France,Ligue 1,football-data.co.uk
league_ef0ef89dc6ab99e1,2021-08-07,LIGUE_1,2021-22,LEAGUE,,Troyes,Paris Saint-Germain FC,1,2,A,France,Ligue 1,football-data.co.uk
league_0bd0805dde1d9117,2021-08-08,LIGUE_1,2021-22,LEAGUE,,AS Saint-Étienne,Lorient,1,1,D,France,Ligue 1,football-data.co.uk
league_6033f1d25cfabcbd,2021-08-08,LIGUE_1,2021-22,LEAGUE,,Bordeaux,Clermont,0,2,A,France,Ligue 1,football-data.co.uk
league_660c687ab88cb738,2021-08-08,LIGUE_1,2021-22,LEAGUE,,Metz,Lille,3,3,D,France,Ligue 1,football-data.co.uk
league_3aabc36508904357,2021-08-08,LIGUE_1,2021-22,LEAGUE,,Montpellier,Olympique Marseille,2,3,A,France,Ligue 1,football-data.co.uk
league_d7bda75ce3b70ed5,2021-08-08,LIGUE_1,2021-22,LEAGUE,,Nice,Reims,0,0,D,France,Ligue 1,football-data.co.uk
league_9e069941f79c023f,2021-08-08,LIGUE_1,2021-22,LEAGUE,,Rennes,Lens,1,1,D,France,Ligue 1,football-data.co.uk
league_c998478f13d2a194,2021-08-08,LIGUE_1,2021-22,LEAGUE,,Strasbourg,Angers,0,2,A,France,Ligue 1,football-data.co.uk
league_a56c006cc34220d1,2021-08-13,LIGUE_1,2021-22,LEAGUE,,Lorient,AS Monaco,1,0,H,France,Ligue 1,football-data.co.uk
league_716a2dc5de534ff8,2021-08-14,LIGUE_1,2021-22,LEAGUE,,Lille,Nice,0,4,A,France,Ligue 1,football-data.co.uk
league_cc14ee801b1d6a95,2021-08-14,LIGUE_1,2021-22,LEAGUE,,Paris Saint-Germain FC,Strasbourg,4,2,H,France,Ligue 1,football-data.co.uk
league_3a7ecf9538ea2518,2021-08-15,LIGUE_1,2021-22,LEAGUE,,Angers,Olympique Lyonnais,3,0,H,France,Ligue 1,football-data.co.uk
league_2bd5050e1117605e,2021-08-15,LIGUE_1,2021-22,LEAGUE,,Brest,Rennes,1,1,D,France,Ligue 1,football-data.co.uk
league_bd6b138b198c5bc9,2021-08-15,LIGUE_1,2021-22,LEAGUE,,Clermont,Troyes,2,0,H,France,Ligue 1,football-data.co.uk
league_90d38a5e755992e0,2021-08-15,LIGUE_1,2021-22,LEAGUE,,Lens,AS Saint-Étienne,2,2,D,France,Ligue 1,football-data.co.uk
league_0ede79c06e09c3b3,2021-08-15,LIGUE_1,2021-22,LEAGUE,,Nantes,Metz,2,0,H,France,Ligue 1,football-data.co.uk
league_d1287f40009e9fd1,2021-08-15,LIGUE_1,2021-22,LEAGUE,,Olympique Marseille,Bordeaux,2,2,D,France,Ligue 1,football-data.co.uk
league_a44821548a7064be,2021-08-15,LIGUE_1,2021-22,LEAGUE,,Reims,Montpellier,3,3,D,France,Ligue 1,football-data.co.uk
league_ea5bd7a9030a00a7,2021-08-20,LIGUE_1,2021-22,LEAGUE,,Brest,Paris Saint-Germain FC,2,4,A,France,Ligue 1,football-data.co.uk
league_4a958f43208adb6c,2021-08-21,LIGUE_1,2021-22,LEAGUE,,AS Monaco,Lens,0,2,A,France,Ligue 1,football-data.co.uk
league_cc24bfe3b15ffd8f,2021-08-21,LIGUE_1,2021-22,LEAGUE,,AS Saint-Étienne,Lille,1,1,D,France,Ligue 1,football-data.co.uk
league_b0f94b01fa6600e6,2021-08-22,LIGUE_1,2021-22,LEAGUE,,Bordeaux,Angers,1,1,D,France,Ligue 1,football-data.co.uk
league_de3eceb6c64de5b1,2021-08-22,LIGUE_1,2021-22,LEAGUE,,Metz,Reims,1,1,D,France,Ligue 1,football-data.co.uk
league_c1048aba83fbd4f6,2021-08-22,LIGUE_1,2021-22,LEAGUE,,Montpellier,Lorient,3,1,H,France,Ligue 1,football-data.co.uk
league_9ee2adec4d0a7e22,2021-08-22,LIGUE_1,2021-22,LEAGUE,,Olympique Lyonnais,Clermont,3,3,D,France,Ligue 1,football-data.co.uk
league_e2ac040969e405da,2021-08-22,LIGUE_1,2021-22,LEAGUE,,Rennes,Nantes,1,0,H,France,Ligue 1,football-data.co.uk
league_49f6d4a08fb33e0f,2021-08-22,LIGUE_1,2021-22,LEAGUE,,Strasbourg,Troyes,1,1,D,France,Ligue 1,football-data.co.uk
league_69154aee12351639,2021-08-27,LIGUE_1,2021-22,LEAGUE,,Nantes,Olympique Lyonnais,0,1,A,France,Ligue 1,football-data.co.uk
league_bbcaad8d4df0118d,2021-08-28,LIGUE_1,2021-22,LEAGUE,,Nice,Bordeaux,4,0,H,France,Ligue 1,football-data.co.uk
league_ccd225351ef2c53c,2021-08-28,LIGUE_1,2021-22,LEAGUE,,Olympique Marseille,AS Saint-Étienne,3,1,H,France,Ligue 1,football-data.co.uk
league_36400e16b56bddbc,2021-08-29,LIGUE_1,2021-22,LEAGUE,,Angers,Rennes,2,0,H,France,Ligue 1,football-data.co.uk
league_70f55d9be3a79ef1,2021-08-29,LIGUE_1,2021-22,LEAGUE,,Clermont,Metz,2,2,D,France,Ligue 1,football-data.co.uk
league_0293fd59fb7d9ad8,2021-08-29,LIGUE_1,2021-22,LEAGUE,,Lens,Lorient,2,2,D,France,Ligue 1,football-data.co.uk
league_3c7f69073c418299,2021-08-29,LIGUE_1,2021-22,LEAGUE,,Lille,Montpellier,2,1,H,France,Ligue 1,football-data.co.uk
league_170a5c6439596be6,2021-08-29,LIGUE_1,2021-22,LEAGUE,,Reims,Paris Saint-Germain FC,0,2,A,France,Ligue 1,football-data.co.uk
league_45081f5c35c618ff,2021-08-29,LIGUE_1,2021-22,LEAGUE,,Strasbourg,Brest,3,1,H,France,Ligue 1,football-data.co.uk
league_47b11f514ea4f072,2021-08-29,LIGUE_1,2021-22,LEAGUE,,Troyes,AS Monaco,1,2,A,France,Ligue 1,football-data.co.uk
league_bb785310d0fab278,2021-09-10,LIGUE_1,2021-22,LEAGUE,,Lorient,Lille,2,1,H,France,Ligue 1,football-data.co.uk
league_f48690c4fa92fb7d,2021-09-11,LIGUE_1,2021-22,LEAGUE,,AS Monaco,Olympique Marseille,0,2,A,France,Ligue 1,football-data.co.uk
league_261d1164fa04477e,2021-09-11,LIGUE_1,2021-22,LEAGUE,,Paris Saint-Germain FC,Clermont,4,0,H,France,Ligue 1,football-data.co.uk
league_7f890af80b365d59,2021-09-12,LIGUE_1,2021-22,LEAGUE,,Bordeaux,Lens,2,3,A,France,Ligue 1,football-data.co.uk
league_dda67f5a203cc000,2021-09-12,LIGUE_1,2021-22,LEAGUE,,Brest,Angers,1,1,D,France,Ligue 1,football-data.co.uk
league_aefa823e7c2e9991,2021-09-12,LIGUE_1,2021-22,LEAGUE,,Metz,Troyes,0,2,A,France,Ligue 1,football-data.co.uk
league_b940485d2129047d,2021-09-12,LIGUE_1,2021-22,LEAGUE,,Montpellier,AS Saint-Étienne,2,0,H,France,Ligue 1,football-data.co.uk
league_c0865b935e730a69,2021-09-12,LIGUE_1,2021-22,LEAGUE,,Nantes,Nice,0,2,A,France,Ligue 1,football-data.co.uk
league_23d3ef126ec4894b,2021-09-12,LIGUE_1,2021-22,LEAGUE,,Olympique Lyonnais,Strasbourg,3,1,H,France,Ligue 1,football-data.co.uk
league_1fecc7554c8d8f47,2021-09-12,LIGUE_1,2021-22,LEAGUE,,Rennes,Reims,0,2,A,France,Ligue 1,football-data.co.uk
league_fd429f12855c2a29,2021-09-17,LIGUE_1,2021-22,LEAGUE,,Strasbourg,Metz,3,0,H,France,Ligue 1,football-data.co.uk
league_dd5e69679262d74e,2021-09-18,LIGUE_1,2021-22,LEAGUE,,AS Saint-Étienne,Bordeaux,1,2,A,France,Ligue 1,football-data.co.uk
league_e6a7b98f1da2aa2a,2021-09-18,LIGUE_1,2021-22,LEAGUE,,Lens,Lille,1,0,H,France,Ligue 1,football-data.co.uk
league_d8d67d5e95ec6080,2021-09-19,LIGUE_1,2021-22,LEAGUE,,Angers,Nantes,1,4,A,France,Ligue 1,football-data.co.uk
league_73cf8d8a12396dbc,2021-09-19,LIGUE_1,2021-22,LEAGUE,,Clermont,Brest,1,1,D,France,Ligue 1,football-data.co.uk
league_8f55ca9a54da26a2,2021-09-19,LIGUE_1,2021-22,LEAGUE,,Nice,AS Monaco,2,2,D,France,Ligue 1,football-data.co.uk
league_c086be691f2b7adb,2021-09-19,LIGUE_1,2021-22,LEAGUE,,Olympique Marseille,Rennes,2,0,H,France,Ligue 1,football-data.co.uk
league_8580f0aa433e30c5,2021-09-19,LIGUE_1,2021-22,LEAGUE,,Paris Saint-Germain FC,Olympique Lyonnais,2,1,H,France,Ligue 1,football-data.co.uk
league_49b11ed215d1a309,2021-09-19,LIGUE_1,2021-22,LEAGUE,,Reims,Lorient,0,0,D,France,Ligue 1,football-data.co.uk
league_68f28910b5bb9646,2021-09-19,LIGUE_1,2021-22,LEAGUE,,Troyes,Montpellier,1,1,D,France,Ligue 1,football-data.co.uk
league_fb5dc81da5596bf3,2021-09-22,LIGUE_1,2021-22,LEAGUE,,AS Monaco,AS Saint-Étienne,3,1,H,France,Ligue 1,football-data.co.uk
league_614faa6c8e1ef64b,2021-09-22,LIGUE_1,2021-22,LEAGUE,,Angers,Olympique Marseille,0,0,D,France,Ligue 1,football-data.co.uk
league_74800659f61445b7,2021-09-22,LIGUE_1,2021-22,LEAGUE,,Lens,Strasbourg,0,1,A,France,Ligue 1,football-data.co.uk
league_8965e5856fe54156,2021-09-22,LIGUE_1,2021-22,LEAGUE,,Lille,Reims,2,1,H,France,Ligue 1,football-data.co.uk
league_007e50fb0ececea8,2021-09-22,LIGUE_1,2021-22,LEAGUE,,Lorient,Nice,1,0,H,France,Ligue 1,football-data.co.uk
league_99bb689d28030324,2021-09-22,LIGUE_1,2021-22,LEAGUE,,Metz,Paris Saint-Germain FC,1,2,A,France,Ligue 1,football-data.co.uk
league_8919fa411e3c5ebf,2021-09-22,LIGUE_1,2021-22,LEAGUE,,Montpellier,Bordeaux,3,3,D,France,Ligue 1,football-data.co.uk
league_b3844034b2c36848,2021-09-22,LIGUE_1,2021-22,LEAGUE,,Nantes,Brest,3,1,H,France,Ligue 1,football-data.co.uk
league_2ed4a539e2a0cea8,2021-09-22,LIGUE_1,2021-22,LEAGUE,,Olympique Lyonnais,Troyes,3,1,H,France,Ligue 1,football-data.co.uk
league_b31d820348ae114e,2021-09-22,LIGUE_1,2021-22,LEAGUE,,Rennes,Clermont,6,0,H,France,Ligue 1,football-data.co.uk
league_4bf381862fec2f09,2021-09-25,LIGUE_1,2021-22,LEAGUE,,AS Saint-Étienne,Nice,0,3,A,France,Ligue 1,football-data.co.uk
league_02e65132979765d6,2021-09-25,LIGUE_1,2021-22,LEAGUE,,Olympique Lyonnais,Lorient,1,1,D,France,Ligue 1,football-data.co.uk
league_61c89be81007ed3d,2021-09-25,LIGUE_1,2021-22,LEAGUE,,Paris Saint-Germain FC,Montpellier,2,0,H,France,Ligue 1,football-data.co.uk
league_501d982ab43c3fc2,2021-09-25,LIGUE_1,2021-22,LEAGUE,,Strasbourg,Lille,1,2,A,France,Ligue 1,football-data.co.uk
league_e5a3acf2254e3bb0,2021-09-26,LIGUE_1,2021-22,LEAGUE,,Bordeaux,Rennes,1,1,D,France,Ligue 1,football-data.co.uk
league_aeefcb5ca11f8b04,2021-09-26,LIGUE_1,2021-22,LEAGUE,,Brest,Metz,1,2,A,France,Ligue 1,football-data.co.uk
league_4ebb8f6c60e1cf83,2021-09-26,LIGUE_1,2021-22,LEAGUE,,Clermont,AS Monaco,1,3,A,France,Ligue 1,football-data.co.uk
league_5682a759f9db8291,2021-09-26,LIGUE_1,2021-22,LEAGUE,,Olympique Marseille,Lens,2,3,A,France,Ligue 1,football-data.co.uk
league_520fc804405fc5c4,2021-09-26,LIGUE_1,2021-22,LEAGUE,,Reims,Nantes,3,1,H,France,Ligue 1,football-data.co.uk
league_56fc2ca4f5df4043,2021-09-26,LIGUE_1,2021-22,LEAGUE,,Troyes,Angers,1,1,D,France,Ligue 1,football-data.co.uk
league_dc517cc1e6cf0186,2021-10-01,LIGUE_1,2021-22,LEAGUE,,Lens,Reims,2,0,H,France,Ligue 1,football-data.co.uk
league_38bca86cf08c6b56,2021-10-02,LIGUE_1,2021-22,LEAGUE,,Montpellier,Strasbourg,1,1,D,France,Ligue 1,football-data.co.uk
league_7f0ee86f1d6c1196,2021-10-02,LIGUE_1,2021-22,LEAGUE,,Nice,Brest,2,1,H,France,Ligue 1,football-data.co.uk
league_51db61084694c2ff,2021-10-03,LIGUE_1,2021-22,LEAGUE,,AS Monaco,Bordeaux,3,0,H,France,Ligue 1,football-data.co.uk
league_cb13e9123e5a2115,2021-10-03,LIGUE_1,2021-22,LEAGUE,,AS Saint-Étienne,Olympique Lyonnais,1,1,D,France,Ligue 1,football-data.co.uk
league_30f5b7861e2d39e5,2021-10-03,LIGUE_1,2021-22,LEAGUE,,Angers,Metz,3,2,H,France,Ligue 1,football-data.co.uk
league_4b318fc675a4bcd3,2021-10-03,LIGUE_1,2021-22,LEAGUE,,Lille,Olympique Marseille,2,0,H,France,Ligue 1,football-data.co.uk
league_6985f03e2055d778,2021-10-03,LIGUE_1,2021-22,LEAGUE,,Lorient,Clermont,1,1,D,France,Ligue 1,football-data.co.uk
league_bd7a21a5e4a5dd16,2021-10-03,LIGUE_1,2021-22,LEAGUE,,Nantes,Troyes,2,0,H,France,Ligue 1,football-data.co.uk
league_474ebce488c98a44,2021-10-03,LIGUE_1,2021-22,LEAGUE,,Rennes,Paris Saint-Germain FC,2,0,H,France,Ligue 1,football-data.co.uk
league_e991f960d6f67fd2,2021-10-15,LIGUE_1,2021-22,LEAGUE,,Paris Saint-Germain FC,Angers,2,1,H,France,Ligue 1,football-data.co.uk
league_a481f0e9e0c5cd9a,2021-10-16,LIGUE_1,2021-22,LEAGUE,,Clermont,Lille,1,0,H,France,Ligue 1,football-data.co.uk
league_f7fec34012fcff1b,2021-10-16,LIGUE_1,2021-22,LEAGUE,,Olympique Lyonnais,AS Monaco,2,0,H,France,Ligue 1,football-data.co.uk
league_daa715134ce2ec01,2021-10-17,LIGUE_1,2021-22,LEAGUE,,Bordeaux,Nantes,1,1,D,France,Ligue 1,football-data.co.uk
league_8d7159c670b08a4f,2021-10-17,LIGUE_1,2021-22,LEAGUE,,Brest,Reims,1,1,D,France,Ligue 1,football-data.co.uk
league_ae9275b50b70a44a,2021-10-17,LIGUE_1,2021-22,LEAGUE,,Metz,Rennes,0,3,A,France,Ligue 1,football-data.co.uk
league_679938a97c7cb49f,2021-10-17,LIGUE_1,2021-22,LEAGUE,,Montpellier,Lens,1,0,H,France,Ligue 1,football-data.co.uk
league_11d7f7c5696a6c9d,2021-10-17,LIGUE_1,2021-22,LEAGUE,,Olympique Marseille,Lorient,4,1,H,France,Ligue 1,football-data.co.uk
league_c2569b9c699d5037,2021-10-17,LIGUE_1,2021-22,LEAGUE,,Strasbourg,AS Saint-Étienne,5,1,H,France,Ligue 1,football-data.co.uk
league_48dd2745aeeffc00,2021-10-17,LIGUE_1,2021-22,LEAGUE,,Troyes,Nice,1,0,H,France,Ligue 1,football-data.co.uk
league_c38635fa1d05bae6,2021-10-22,LIGUE_1,2021-22,LEAGUE,,AS Saint-Étienne,Angers,2,2,D,France,Ligue 1,football-data.co.uk
league_b0ebd3869b23a1a7,2021-10-23,LIGUE_1,2021-22,LEAGUE,,Lille,Brest,1,1,D,France,Ligue 1,football-data.co.uk
league_0b15e00df6bbe12a,2021-10-23,LIGUE_1,2021-22,LEAGUE,,Nantes,Clermont,2,1,H,France,Ligue 1,football-data.co.uk
league_7d498f30a51cfdcd,2021-10-24,LIGUE_1,2021-22,LEAGUE,,AS Monaco,Montpellier,3,1,H,France,Ligue 1,football-data.co.uk
league_1af28d6286920bad,2021-10-24,LIGUE_1,2021-22,LEAGUE,,Lens,Metz,4,1,H,France,Ligue 1,football-data.co.uk
league_dcfc8460707aa34b,2021-10-24,LIGUE_1,2021-22,LEAGUE,,Lorient,Bordeaux,1,1,D,France,Ligue 1,football-data.co.uk
league_9a469b8d95961455,2021-10-24,LIGUE_1,2021-22,LEAGUE,,Nice,Olympique Lyonnais,3,2,H,France,Ligue 1,football-data.co.uk
league_930275e9196731ca,2021-10-24,LIGUE_1,2021-22,LEAGUE,,Olympique Marseille,Paris Saint-Germain FC,0,0,D,France,Ligue 1,football-data.co.uk
league_64e3393cf54aaae6,2021-10-24,LIGUE_1,2021-22,LEAGUE,,Reims,Troyes,1,2,A,France,Ligue 1,football-data.co.uk
league_e4d9b6860d4a070d,2021-10-24,LIGUE_1,2021-22,LEAGUE,,Rennes,Strasbourg,1,0,H,France,Ligue 1,football-data.co.uk
league_e55a26da96259fc3,2021-10-27,LIGUE_1,2021-22,LEAGUE,,Nice,Olympique Marseille,1,1,D,France,Ligue 1,football-data.co.uk
league_af878734a0e36772,2021-10-29,LIGUE_1,2021-22,LEAGUE,,Paris Saint-Germain FC,Lille,2,1,H,France,Ligue 1,football-data.co.uk
league_89a51a527b0d7b32,2021-10-30,LIGUE_1,2021-22,LEAGUE,,Metz,AS Saint-Étienne,1,1,D,France,Ligue 1,football-data.co.uk
league_1633622afd5038b6,2021-10-30,LIGUE_1,2021-22,LEAGUE,,Olympique Lyonnais,Lens,2,1,H,France,Ligue 1,football-data.co.uk
league_726609676b0e4c84,2021-10-31,LIGUE_1,2021-22,LEAGUE,,Angers,Nice,1,2,A,France,Ligue 1,football-data.co.uk
league_4419b30be8163ec6,2021-10-31,LIGUE_1,2021-22,LEAGUE,,Bordeaux,Reims,3,2,H,France,Ligue 1,football-data.co.uk
league_c26cfc59a6eb1da6,2021-10-31,LIGUE_1,2021-22,LEAGUE,,Brest,AS Monaco,2,0,H,France,Ligue 1,football-data.co.uk
league_3602e64ac3b879b7,2021-10-31,LIGUE_1,2021-22,LEAGUE,,Clermont,Olympique Marseille,0,1,A,France,Ligue 1,football-data.co.uk
league_296b9e7cc2658645,2021-10-31,LIGUE_1,2021-22,LEAGUE,,Montpellier,Nantes,2,0,H,France,Ligue 1,football-data.co.uk
league_eca4c2272244fb33,2021-10-31,LIGUE_1,2021-22,LEAGUE,,Strasbourg,Lorient,4,0,H,France,Ligue 1,football-data.co.uk
league_6db1877d89807201,2021-10-31,LIGUE_1,2021-22,LEAGUE,,Troyes,Rennes,2,2,D,France,Ligue 1,football-data.co.uk
league_ef4214a9df0eddfd,2021-11-05,LIGUE_1,2021-22,LEAGUE,,Lens,Troyes,4,0,H,France,Ligue 1,football-data.co.uk
league_c43328423540ad2e,2021-11-06,LIGUE_1,2021-22,LEAGUE,,Bordeaux,Paris Saint-Germain FC,2,3,A,France,Ligue 1,football-data.co.uk
league_091a3dd417527ca0,2021-11-06,LIGUE_1,2021-22,LEAGUE,,Lille,Angers,1,1,D,France,Ligue 1,football-data.co.uk
league_2fb53313e294057a,2021-11-07,LIGUE_1,2021-22,LEAGUE,,AS Saint-Étienne,Clermont,3,2,H,France,Ligue 1,football-data.co.uk
league_537044bcc339e438,2021-11-07,LIGUE_1,2021-22,LEAGUE,,Lorient,Brest,1,2,A,France,Ligue 1,football-data.co.uk
league_36a32d2baa768613,2021-11-07,LIGUE_1,2021-22,LEAGUE,,Nantes,Strasbourg,2,2,D,France,Ligue 1,football-data.co.uk
league_552df1a20afd313c,2021-11-07,LIGUE_1,2021-22,LEAGUE,,Nice,Montpellier,0,1,A,France,Ligue 1,football-data.co.uk
league_2c658f911367cd84,2021-11-07,LIGUE_1,2021-22,LEAGUE,,Olympique Marseille,Metz,0,0,D,France,Ligue 1,football-data.co.uk
league_59c24d29f39167e6,2021-11-07,LIGUE_1,2021-22,LEAGUE,,Reims,AS Monaco,0,0,D,France,Ligue 1,football-data.co.uk
league_f9115d1d49f0dd25,2021-11-07,LIGUE_1,2021-22,LEAGUE,,Rennes,Olympique Lyonnais,4,1,H,France,Ligue 1,football-data.co.uk
league_ef1cbb4ece33da76,2021-11-19,LIGUE_1,2021-22,LEAGUE,,AS Monaco,Lille,2,2,D,France,Ligue 1,football-data.co.uk
league_63d22f7664c9aba7,2021-11-20,LIGUE_1,2021-22,LEAGUE,,Paris Saint-Germain FC,Nantes,3,1,H,France,Ligue 1,football-data.co.uk
league_60f345924884dbfc,2021-11-20,LIGUE_1,2021-22,LEAGUE,,Rennes,Montpellier,2,0,H,France,Ligue 1,football-data.co.uk
league_62a58c91f0e1ae4f,2021-11-21,LIGUE_1,2021-22,LEAGUE,,Angers,Lorient,1,0,H,France,Ligue 1,football-data.co.uk
league_f8b4c6a8ff894c6c,2021-11-21,LIGUE_1,2021-22,LEAGUE,,Brest,Lens,4,0,H,France,Ligue 1,football-data.co.uk
league_e4db52dbc38dabd1,2021-11-21,LIGUE_1,2021-22,LEAGUE,,Clermont,Nice,1,2,A,France,Ligue 1,football-data.co.uk
league_fcd026e6e2c4bbec,2021-11-21,LIGUE_1,2021-22,LEAGUE,,Metz,Bordeaux,3,3,D,France,Ligue 1,football-data.co.uk
league_835683011f2a74dd,2021-11-21,LIGUE_1,2021-22,LEAGUE,,Strasbourg,Reims,1,1,D,France,Ligue 1,football-data.co.uk
league_9562b8d9ac9c0e09,2021-11-21,LIGUE_1,2021-22,LEAGUE,,Troyes,AS Saint-Étienne,0,1,A,France,Ligue 1,football-data.co.uk
league_8c1cb165f2205049,2021-11-26,LIGUE_1,2021-22,LEAGUE,,Lens,Angers,2,2,D,France,Ligue 1,football-data.co.uk
league_eb37eb5aad872886,2021-11-27,LIGUE_1,2021-22,LEAGUE,,Lille,Nantes,1,1,D,France,Ligue 1,football-data.co.uk
league_1d97c7991d83164b,2021-11-27,LIGUE_1,2021-22,LEAGUE,,Nice,Metz,0,1,A,France,Ligue 1,football-data.co.uk
league_cfc42e7ae09b0b4d,2021-11-28,LIGUE_1,2021-22,LEAGUE,,AS Monaco,Strasbourg,1,1,D,France,Ligue 1,football-data.co.uk
league_de5aaa91f639befe,2021-11-28,LIGUE_1,2021-22,LEAGUE,,AS Saint-Étienne,Paris Saint-Germain FC,1,3,A,France,Ligue 1,football-data.co.uk
league_0ff3ce2e4aa74a45,2021-11-28,LIGUE_1,2021-22,LEAGUE,,Bordeaux,Brest,1,2,A,France,Ligue 1,football-data.co.uk
league_755f903856fa4896,2021-11-28,LIGUE_1,2021-22,LEAGUE,,Lorient,Rennes,0,2,A,France,Ligue 1,football-data.co.uk
league_f1861cc261d133ee,2021-11-28,LIGUE_1,2021-22,LEAGUE,,Montpellier,Olympique Lyonnais,0,1,A,France,Ligue 1,football-data.co.uk
league_f9b833cd36f81112,2021-11-28,LIGUE_1,2021-22,LEAGUE,,Olympique Marseille,Troyes,1,0,H,France,Ligue 1,football-data.co.uk
league_373db16881db021c,2021-11-28,LIGUE_1,2021-22,LEAGUE,,Reims,Clermont,1,0,H,France,Ligue 1,football-data.co.uk
league_b57a1c04e20b67fc,2021-12-01,LIGUE_1,2021-22,LEAGUE,,Angers,AS Monaco,1,3,A,France,Ligue 1,football-data.co.uk
league_3a0c7b163b385dd7,2021-12-01,LIGUE_1,2021-22,LEAGUE,,Brest,AS Saint-Étienne,1,0,H,France,Ligue 1,football-data.co.uk
league_49b158189282f054,2021-12-01,LIGUE_1,2021-22,LEAGUE,,Clermont,Lens,2,2,D,France,Ligue 1,football-data.co.uk
league_a8cac3886571fe25,2021-12-01,LIGUE_1,2021-22,LEAGUE,,Metz,Montpellier,1,3,A,France,Ligue 1,football-data.co.uk
league_3fa752da16215963,2021-12-01,LIGUE_1,2021-22,LEAGUE,,Nantes,Olympique Marseille,0,1,A,France,Ligue 1,football-data.co.uk
league_f0bfd284ba3e4dc1,2021-12-01,LIGUE_1,2021-22,LEAGUE,,Olympique Lyonnais,Reims,1,2,A,France,Ligue 1,football-data.co.uk
league_7f41b27c4e871bcb,2021-12-01,LIGUE_1,2021-22,LEAGUE,,Paris Saint-Germain FC,Nice,0,0,D,France,Ligue 1,football-data.co.uk
league_cd3fdf1955b340f1,2021-12-01,LIGUE_1,2021-22,LEAGUE,,Rennes,Lille,1,2,A,France,Ligue 1,football-data.co.uk
league_851506b7d791a35c,2021-12-01,LIGUE_1,2021-22,LEAGUE,,Strasbourg,Bordeaux,5,2,H,France,Ligue 1,football-data.co.uk
league_4fc38e410cc890a1,2021-12-01,LIGUE_1,2021-22,LEAGUE,,Troyes,Lorient,2,0,H,France,Ligue 1,football-data.co.uk
league_5023f46d8f5a373a,2021-12-04,LIGUE_1,2021-22,LEAGUE,,Lens,Paris Saint-Germain FC,1,1,D,France,Ligue 1,football-data.co.uk
league_0c40b49a477f7609,2021-12-04,LIGUE_1,2021-22,LEAGUE,,Lille,Troyes,2,1,H,France,Ligue 1,football-data.co.uk
league_168050e6e8764d34,2021-12-04,LIGUE_1,2021-22,LEAGUE,,Olympique Marseille,Brest,1,2,A,France,Ligue 1,football-data.co.uk
league_dbc1acf438de98c0,2021-12-05,LIGUE_1,2021-22,LEAGUE,,AS Monaco,Metz,4,0,H,France,Ligue 1,football-data.co.uk
league_381880c10715f826,2021-12-05,LIGUE_1,2021-22,LEAGUE,,AS Saint-Étienne,Rennes,0,5,A,France,Ligue 1,football-data.co.uk
league_c7ac2fe03c68376f,2021-12-05,LIGUE_1,2021-22,LEAGUE,,Bordeaux,Olympique Lyonnais,2,2,D,France,Ligue 1,football-data.co.uk
league_a22802da5dfc6245,2021-12-05,LIGUE_1,2021-22,LEAGUE,,Lorient,Nantes,0,1,A,France,Ligue 1,football-data.co.uk
league_9cb33056920b6be7,2021-12-05,LIGUE_1,2021-22,LEAGUE,,Montpellier,Clermont,1,0,H,France,Ligue 1,football-data.co.uk
league_f73c8a5f4ee198df,2021-12-05,LIGUE_1,2021-22,LEAGUE,,Nice,Strasbourg,0,3,A,France,Ligue 1,football-data.co.uk
league_abbb702a2244cee4,2021-12-05,LIGUE_1,2021-22,LEAGUE,,Reims,Angers,1,2,A,France,Ligue 1,football-data.co.uk
league_9a779166630854fa,2021-12-10,LIGUE_1,2021-22,LEAGUE,,Nantes,Lens,3,2,H,France,Ligue 1,football-data.co.uk
league_d8f93ab90b89abe2,2021-12-11,LIGUE_1,2021-22,LEAGUE,,Brest,Montpellier,0,4,A,France,Ligue 1,football-data.co.uk
league_e32aa35940eef582,2021-12-11,LIGUE_1,2021-22,LEAGUE,,Reims,AS Saint-Étienne,2,0,H,France,Ligue 1,football-data.co.uk
league_3b23d7680e44fc85,2021-12-12,LIGUE_1,2021-22,LEAGUE,,Angers,Clermont,0,1,A,France,Ligue 1,football-data.co.uk
league_b7f59353b57e917e,2021-12-12,LIGUE_1,2021-22,LEAGUE,,Lille,Olympique Lyonnais,0,0,D,France,Ligue 1,football-data.co.uk
league_3bcfdd9792f3ad1b,2021-12-12,LIGUE_1,2021-22,LEAGUE,,Metz,Lorient,4,1,H,France,Ligue 1,football-data.co.uk
league_a756e4344c9900de,2021-12-12,LIGUE_1,2021-22,LEAGUE,,Paris Saint-Germain FC,AS Monaco,2,0,H,France,Ligue 1,football-data.co.uk
league_7888f1664fae6516,2021-12-12,LIGUE_1,2021-22,LEAGUE,,Rennes,Nice,1,2,A,France,Ligue 1,football-data.co.uk
league_26ea51f28ea45769,2021-12-12,LIGUE_1,2021-22,LEAGUE,,Strasbourg,Olympique Marseille,0,2,A,France,Ligue 1,football-data.co.uk
league_ac2a1338e8c6f99f,2021-12-12,LIGUE_1,2021-22,LEAGUE,,Troyes,Bordeaux,1,2,A,France,Ligue 1,football-data.co.uk
league_caa1e728c1e0cb46,2021-12-22,LIGUE_1,2021-22,LEAGUE,,AS Monaco,Rennes,2,1,H,France,Ligue 1,football-data.co.uk
league_bb70f2f48e0e7df5,2021-12-22,LIGUE_1,2021-22,LEAGUE,,AS Saint-Étienne,Nantes,0,1,A,France,Ligue 1,football-data.co.uk
league_d7a6efe50ab40039,2021-12-22,LIGUE_1,2021-22,LEAGUE,,Bordeaux,Lille,2,3,A,France,Ligue 1,football-data.co.uk
league_50c4b142ededf499,2021-12-22,LIGUE_1,2021-22,LEAGUE,,Lorient,Paris Saint-Germain FC,1,1,D,France,Ligue 1,football-data.co.uk
league_e208c8c04e8c8611,2021-12-22,LIGUE_1,2021-22,LEAGUE,,Montpellier,Angers,4,1,H,France,Ligue 1,football-data.co.uk
league_109eafbc5621c0e6,2021-12-22,LIGUE_1,2021-22,LEAGUE,,Nice,Lens,2,1,H,France,Ligue 1,football-data.co.uk
league_2de8bd4868193eec,2021-12-22,LIGUE_1,2021-22,LEAGUE,,Olympique Lyonnais,Metz,1,1,D,France,Ligue 1,football-data.co.uk
league_d4237ccf6b601694,2021-12-22,LIGUE_1,2021-22,LEAGUE,,Olympique Marseille,Reims,1,1,D,France,Ligue 1,football-data.co.uk
league_36f056ded6bad7aa,2021-12-22,LIGUE_1,2021-22,LEAGUE,,Troyes,Brest,1,1,D,France,Ligue 1,football-data.co.uk
league_1c13c512f66a5a5d,2022-01-07,LIGUE_1,2021-22,LEAGUE,,Bordeaux,Olympique Marseille,0,1,A,France,Ligue 1,football-data.co.uk
league_c45aaa5dc81cca28,2022-01-08,LIGUE_1,2021-22,LEAGUE,,Lens,Rennes,1,0,H,France,Ligue 1,football-data.co.uk
league_3c3c13ed944bbc97,2022-01-09,LIGUE_1,2021-22,LEAGUE,,Brest,Nice,0,3,A,France,Ligue 1,football-data.co.uk
league_2b1ab52ddc5be977,2022-01-09,LIGUE_1,2021-22,LEAGUE,,Clermont,Reims,0,0,D,France,Ligue 1,football-data.co.uk
league_493c771e457d8efc,2022-01-09,LIGUE_1,2021-22,LEAGUE,,Metz,Strasbourg,0,2,A,France,Ligue 1,football-data.co.uk
league_315bee800b352231,2022-01-09,LIGUE_1,2021-22,LEAGUE,,Nantes,AS Monaco,0,0,D,France,Ligue 1,football-data.co.uk
league_e7a56ef181fde1dc,2022-01-09,LIGUE_1,2021-22,LEAGUE,,Olympique Lyonnais,Paris Saint-Germain FC,1,1,D,France,Ligue 1,football-data.co.uk
league_ec47d913841c25f7,2022-01-14,LIGUE_1,2021-22,LEAGUE,,Nice,Nantes,2,1,H,France,Ligue 1,football-data.co.uk
league_9abb7852bd951d49,2022-01-15,LIGUE_1,2021-22,LEAGUE,,AS Saint-Étienne,Lens,1,2,A,France,Ligue 1,football-data.co.uk
league_831330fcf8258b2c,2022-01-15,LIGUE_1,2021-22,LEAGUE,,Paris Saint-Germain FC,Brest,2,0,H,France,Ligue 1,football-data.co.uk
league_8252a2e26dd597df,2022-01-16,LIGUE_1,2021-22,LEAGUE,,AS Monaco,Clermont,4,0,H,France,Ligue 1,football-data.co.uk
league_1a37874d5a0c1880,2022-01-16,LIGUE_1,2021-22,LEAGUE,,Lorient,Angers,0,0,D,France,Ligue 1,football-data.co.uk
league_228500daf0bc9e3a,2022-01-16,LIGUE_1,2021-22,LEAGUE,,Olympique Marseille,Lille,1,1,D,France,Ligue 1,football-data.co.uk
league_043d391e7d2739a9,2022-01-16,LIGUE_1,2021-22,LEAGUE,,Reims,Metz,0,1,A,France,Ligue 1,football-data.co.uk
league_72284c56c8bb169e,2022-01-16,LIGUE_1,2021-22,LEAGUE,,Rennes,Bordeaux,6,0,H,France,Ligue 1,football-data.co.uk
league_dce5e593e8a38e9c,2022-01-16,LIGUE_1,2021-22,LEAGUE,,Strasbourg,Montpellier,3,1,H,France,Ligue 1,football-data.co.uk
league_cca392954a96c770,2022-01-16,LIGUE_1,2021-22,LEAGUE,,Troyes,Olympique Lyonnais,0,1,A,France,Ligue 1,football-data.co.uk
league_d89263c7adcd4587,2022-01-19,LIGUE_1,2021-22,LEAGUE,,Clermont,Strasbourg,0,2,A,France,Ligue 1,football-data.co.uk
league_292ce6acf8b58217,2022-01-19,LIGUE_1,2021-22,LEAGUE,,Lille,Lorient,3,1,H,France,Ligue 1,football-data.co.uk
league_da41fb803ab11506,2022-01-19,LIGUE_1,2021-22,LEAGUE,,Montpellier,Troyes,0,1,A,France,Ligue 1,football-data.co.uk
league_c14c707588f216b2,2022-01-21,LIGUE_1,2021-22,LEAGUE,,Olympique Lyonnais,AS Saint-Étienne,1,0,H,France,Ligue 1,football-data.co.uk
league_ef9cbad19b895b3b,2022-01-22,LIGUE_1,2021-22,LEAGUE,,Brest,Lille,2,0,H,France,Ligue 1,football-data.co.uk
league_f859e92503b4a059,2022-01-22,LIGUE_1,2021-22,LEAGUE,,Lens,Olympique Marseille,0,2,A,France,Ligue 1,football-data.co.uk
league_1b490d83a5504b72,2022-01-23,LIGUE_1,2021-22,LEAGUE,,Angers,Troyes,2,1,H,France,Ligue 1,football-data.co.uk
league_b9d7e46709e72429,2022-01-23,LIGUE_1,2021-22,LEAGUE,,Bordeaux,Strasbourg,4,3,H,France,Ligue 1,football-data.co.uk
league_b71fa9f2db47de9d,2022-01-23,LIGUE_1,2021-22,LEAGUE,,Clermont,Rennes,2,1,H,France,Ligue 1,football-data.co.uk
league_94b06f6acb9e6e33,2022-01-23,LIGUE_1,2021-22,LEAGUE,,Metz,Nice,0,2,A,France,Ligue 1,football-data.co.uk
league_2f3210a9aa7696d8,2022-01-23,LIGUE_1,2021-22,LEAGUE,,Montpellier,AS Monaco,3,2,H,France,Ligue 1,football-data.co.uk
league_915fd3db3e50c1e4,2022-01-23,LIGUE_1,2021-22,LEAGUE,,Nantes,Lorient,4,2,H,France,Ligue 1,football-data.co.uk
league_7c605e383fe6659d,2022-01-23,LIGUE_1,2021-22,LEAGUE,,Paris Saint-Germain FC,Reims,4,0,H,France,Ligue 1,football-data.co.uk
league_670e14fffdd3ec90,2022-01-26,LIGUE_1,2021-22,LEAGUE,,Angers,AS Saint-Étienne,0,1,A,France,Ligue 1,football-data.co.uk
league_30d0c0e34c47a08a,2022-02-01,LIGUE_1,2021-22,LEAGUE,,Olympique Lyonnais,Olympique Marseille,2,1,H,France,Ligue 1,football-data.co.uk
league_ea444f6e97293bcd,2022-02-04,LIGUE_1,2021-22,LEAGUE,,Olympique Marseille,Angers,5,2,H,France,Ligue 1,football-data.co.uk
league_e4ca9a09e187b40d,2022-02-05,LIGUE_1,2021-22,LEAGUE,,AS Monaco,Olympique Lyonnais,2,0,H,France,Ligue 1,football-data.co.uk
league_55dbf4dd029f0dbb,2022-02-05,LIGUE_1,2021-22,LEAGUE,,AS Saint-Étienne,Montpellier,3,1,H,France,Ligue 1,football-data.co.uk
league_2e13447bfbaded0d,2022-02-06,LIGUE_1,2021-22,LEAGUE,,Lille,Paris Saint-Germain FC,1,5,A,France,Ligue 1,football-data.co.uk
league_6caccefc8ea1ed39,2022-02-06,LIGUE_1,2021-22,LEAGUE,,Lorient,Lens,2,0,H,France,Ligue 1,football-data.co.uk
league_5c7827c05a0c2fc1,2022-02-06,LIGUE_1,2021-22,LEAGUE,,Nice,Clermont,0,1,A,France,Ligue 1,football-data.co.uk
league_048ae6ccee62c967,2022-02-06,LIGUE_1,2021-22,LEAGUE,,Reims,Bordeaux,5,0,H,France,Ligue 1,football-data.co.uk
league_b1b16b6a7af9a519,2022-02-06,LIGUE_1,2021-22,LEAGUE,,Rennes,Brest,2,0,H,France,Ligue 1,football-data.co.uk
league_c2e930a05e04e01e,2022-02-06,LIGUE_1,2021-22,LEAGUE,,Strasbourg,Nantes,1,0,H,France,Ligue 1,football-data.co.uk
league_ae01ec79d195b785,2022-02-06,LIGUE_1,2021-22,LEAGUE,,Troyes,Metz,0,0,D,France,Ligue 1,football-data.co.uk
league_c6a403b64811af85,2022-02-11,LIGUE_1,2021-22,LEAGUE,,Paris Saint-Germain FC,Rennes,1,0,H,France,Ligue 1,football-data.co.uk
league_4dccfb6d9d1985f0,2022-02-12,LIGUE_1,2021-22,LEAGUE,,Montpellier,Lille,0,1,A,France,Ligue 1,football-data.co.uk
league_acb8c3282aa6bd2b,2022-02-12,LIGUE_1,2021-22,LEAGUE,,Olympique Lyonnais,Nice,2,0,H,France,Ligue 1,football-data.co.uk
league_4ebcb901fa21b70e,2022-02-13,LIGUE_1,2021-22,LEAGUE,,AS Monaco,Lorient,0,0,D,France,Ligue 1,football-data.co.uk
league_a711305386f9b878,2022-02-13,LIGUE_1,2021-22,LEAGUE,,Angers,Strasbourg,0,1,A,France,Ligue 1,football-data.co.uk
league_b6001bcf44ad309f,2022-02-13,LIGUE_1,2021-22,LEAGUE,,Brest,Troyes,5,1,H,France,Ligue 1,football-data.co.uk
league_b576c1b5d065a3c7,2022-02-13,LIGUE_1,2021-22,LEAGUE,,Clermont,AS Saint-Étienne,1,2,A,France,Ligue 1,football-data.co.uk
league_fb8e501d16a3c4fa,2022-02-13,LIGUE_1,2021-22,LEAGUE,,Lens,Bordeaux,3,2,H,France,Ligue 1,football-data.co.uk
league_1145e9d61bf2041c,2022-02-13,LIGUE_1,2021-22,LEAGUE,,Metz,Olympique Marseille,1,2,A,France,Ligue 1,football-data.co.uk
league_119515f1fed6c445,2022-02-13,LIGUE_1,2021-22,LEAGUE,,Nantes,Reims,1,0,H,France,Ligue 1,football-data.co.uk
league_972f1904a77625e2,2022-02-18,LIGUE_1,2021-22,LEAGUE,,Lille,Metz,0,0,D,France,Ligue 1,football-data.co.uk
league_61c48f5d8e14a2ec,2022-02-19,LIGUE_1,2021-22,LEAGUE,,Lens,Olympique Lyonnais,1,1,D,France,Ligue 1,football-data.co.uk
league_8d343af0c27e04e1,2022-02-19,LIGUE_1,2021-22,LEAGUE,,Nantes,Paris Saint-Germain FC,3,1,H,France,Ligue 1,football-data.co.uk
league_8f18de6b4ff88bc2,2022-02-20,LIGUE_1,2021-22,LEAGUE,,AS Saint-Étienne,Strasbourg,2,2,D,France,Ligue 1,football-data.co.uk
league_8ca7d22ef62236ec,2022-02-20,LIGUE_1,2021-22,LEAGUE,,Bordeaux,AS Monaco,1,1,D,France,Ligue 1,football-data.co.uk
league_35e0a03f73119383,2022-02-20,LIGUE_1,2021-22,LEAGUE,,Lorient,Montpellier,0,1,A,France,Ligue 1,football-data.co.uk
league_f7fac83af064b569,2022-02-20,LIGUE_1,2021-22,LEAGUE,,Nice,Angers,1,0,H,France,Ligue 1,football-data.co.uk
league_f5d08c591f9221b7,2022-02-20,LIGUE_1,2021-22,LEAGUE,,Olympique Marseille,Clermont,0,2,A,France,Ligue 1,football-data.co.uk
league_2d709f3e6ba64c23,2022-02-20,LIGUE_1,2021-22,LEAGUE,,Reims,Brest,1,1,D,France,Ligue 1,football-data.co.uk
league_d694b62bca682c0a,2022-02-20,LIGUE_1,2021-22,LEAGUE,,Rennes,Troyes,4,1,H,France,Ligue 1,football-data.co.uk
league_e086318295f974ab,2022-02-25,LIGUE_1,2021-22,LEAGUE,,Montpellier,Rennes,2,4,A,France,Ligue 1,football-data.co.uk
league_13a5c3b88b0be210,2022-02-26,LIGUE_1,2021-22,LEAGUE,,Paris Saint-Germain FC,AS Saint-Étienne,3,1,H,France,Ligue 1,football-data.co.uk
league_82cb55fe1db4303d,2022-02-26,LIGUE_1,2021-22,LEAGUE,,Strasbourg,Nice,0,0,D,France,Ligue 1,football-data.co.uk
league_f3679eb945cbad00,2022-02-27,LIGUE_1,2021-22,LEAGUE,,AS Monaco,Reims,1,2,A,France,Ligue 1,football-data.co.uk
league_66d789119b88307e,2022-02-27,LIGUE_1,2021-22,LEAGUE,,Angers,Lens,1,2,A,France,Ligue 1,football-data.co.uk
league_b8570b8cb343dd2d,2022-02-27,LIGUE_1,2021-22,LEAGUE,,Brest,Lorient,0,1,A,France,Ligue 1,football-data.co.uk
league_b1fdc431545a3297,2022-02-27,LIGUE_1,2021-22,LEAGUE,,Clermont,Bordeaux,1,1,D,France,Ligue 1,football-data.co.uk
league_e86705a07d2bd8c3,2022-02-27,LIGUE_1,2021-22,LEAGUE,,Metz,Nantes,0,0,D,France,Ligue 1,football-data.co.uk
league_ede76e7acf531d95,2022-02-27,LIGUE_1,2021-22,LEAGUE,,Olympique Lyonnais,Lille,0,1,A,France,Ligue 1,football-data.co.uk
league_8cf91b183035b2a7,2022-02-27,LIGUE_1,2021-22,LEAGUE,,Troyes,Olympique Marseille,1,1,D,France,Ligue 1,football-data.co.uk
league_188e28e4ed109fd5,2022-03-04,LIGUE_1,2021-22,LEAGUE,,Lorient,Olympique Lyonnais,1,4,A,France,Ligue 1,football-data.co.uk
league_cdd5593ebbf62327,2022-03-05,LIGUE_1,2021-22,LEAGUE,,Lens,Brest,0,1,A,France,Ligue 1,football-data.co.uk
league_abc410fe49eb44d0,2022-03-05,LIGUE_1,2021-22,LEAGUE,,Nice,Paris Saint-Germain FC,1,0,H,France,Ligue 1,football-data.co.uk
league_c3c224be0b9a0330,2022-03-06,LIGUE_1,2021-22,LEAGUE,,AS Saint-Étienne,Metz,1,0,H,France,Ligue 1,football-data.co.uk
league_f0af8ddae896cf94,2022-03-06,LIGUE_1,2021-22,LEAGUE,,Bordeaux,Troyes,0,2,A,France,Ligue 1,football-data.co.uk
league_8d27773a033aa65f,2022-03-06,LIGUE_1,2021-22,LEAGUE,,Lille,Clermont,4,0,H,France,Ligue 1,football-data.co.uk
league_033b0dd7c91be2a8,2022-03-06,LIGUE_1,2021-22,LEAGUE,,Nantes,Montpellier,2,0,H,France,Ligue 1,football-data.co.uk
league_434142481cdef629,2022-03-06,LIGUE_1,2021-22,LEAGUE,,Olympique Marseille,AS Monaco,0,1,A,France,Ligue 1,football-data.co.uk
league_7e8582cbf292bb85,2022-03-06,LIGUE_1,2021-22,LEAGUE,,Reims,Strasbourg,1,1,D,France,Ligue 1,football-data.co.uk
league_61b511173f8452a2,2022-03-06,LIGUE_1,2021-22,LEAGUE,,Rennes,Angers,2,0,H,France,Ligue 1,football-data.co.uk
league_33c2dc12cc0cd84d,2022-03-11,LIGUE_1,2021-22,LEAGUE,,Lille,AS Saint-Étienne,0,0,D,France,Ligue 1,football-data.co.uk
league_41f8e4ad730fc075,2022-03-12,LIGUE_1,2021-22,LEAGUE,,Montpellier,Nice,0,0,D,France,Ligue 1,football-data.co.uk
league_c8affe797299d5ee,2022-03-12,LIGUE_1,2021-22,LEAGUE,,Troyes,Nantes,1,0,H,France,Ligue 1,football-data.co.uk
league_9aaba0c591d362d2,2022-03-13,LIGUE_1,2021-22,LEAGUE,,Angers,Reims,0,1,A,France,Ligue 1,football-data.co.uk
league_e79e277b691b288c,2022-03-13,LIGUE_1,2021-22,LEAGUE,,Brest,Olympique Marseille,1,4,A,France,Ligue 1,football-data.co.uk
league_4e92e278e0d7aafc,2022-03-13,LIGUE_1,2021-22,LEAGUE,,Clermont,Lorient,0,2,A,France,Ligue 1,football-data.co.uk
league_b2fa39a78d17654f,2022-03-13,LIGUE_1,2021-22,LEAGUE,,Metz,Lens,0,0,D,France,Ligue 1,football-data.co.uk
league_279841733e749eb8,2022-03-13,LIGUE_1,2021-22,LEAGUE,,Olympique Lyonnais,Rennes,2,4,A,France,Ligue 1,football-data.co.uk
league_6360eb2ddad90a69,2022-03-13,LIGUE_1,2021-22,LEAGUE,,Paris Saint-Germain FC,Bordeaux,3,0,H,France,Ligue 1,football-data.co.uk
league_b31b9819a8d0ec53,2022-03-13,LIGUE_1,2021-22,LEAGUE,,Strasbourg,AS Monaco,1,0,H,France,Ligue 1,football-data.co.uk
league_6d6828ea939aff3c,2022-03-18,LIGUE_1,2021-22,LEAGUE,,AS Saint-Étienne,Troyes,1,1,D,France,Ligue 1,football-data.co.uk
league_562d16276a22bbb6,2022-03-19,LIGUE_1,2021-22,LEAGUE,,Lens,Clermont,3,1,H,France,Ligue 1,football-data.co.uk
league_eb9c6914e663ba9f,2022-03-19,LIGUE_1,2021-22,LEAGUE,,Nantes,Lille,0,1,A,France,Ligue 1,football-data.co.uk
league_ff1e0734962c91c5,2022-03-20,LIGUE_1,2021-22,LEAGUE,,AS Monaco,Paris Saint-Germain FC,3,0,H,France,Ligue 1,football-data.co.uk
league_f65fcca75b2a504f,2022-03-20,LIGUE_1,2021-22,LEAGUE,,Angers,Brest,1,0,H,France,Ligue 1,football-data.co.uk
league_aaedb8cc100ffa85,2022-03-20,LIGUE_1,2021-22,LEAGUE,,Bordeaux,Montpellier,0,2,A,France,Ligue 1,football-data.co.uk
league_2fb989a4867c9b3b,2022-03-20,LIGUE_1,2021-22,LEAGUE,,Lorient,Strasbourg,0,0,D,France,Ligue 1,football-data.co.uk
league_70cf9b8da2491f9e,2022-03-20,LIGUE_1,2021-22,LEAGUE,,Olympique Marseille,Nice,2,1,H,France,Ligue 1,football-data.co.uk
league_8444ba20f0ecbfd2,2022-03-20,LIGUE_1,2021-22,LEAGUE,,Reims,Olympique Lyonnais,0,0,D,France,Ligue 1,football-data.co.uk
league_7a3ad5b24b1be51e,2022-03-20,LIGUE_1,2021-22,LEAGUE,,Rennes,Metz,6,1,H,France,Ligue 1,football-data.co.uk
league_d04d94177a0deab0,2022-04-02,LIGUE_1,2021-22,LEAGUE,,Lille,Bordeaux,0,0,D,France,Ligue 1,football-data.co.uk
league_6d16584ffc6a567e,2022-04-02,LIGUE_1,2021-22,LEAGUE,,Nice,Rennes,1,1,D,France,Ligue 1,football-data.co.uk
league_cb2d95ded795e554,2022-04-03,LIGUE_1,2021-22,LEAGUE,,AS Saint-Étienne,Olympique Marseille,2,4,A,France,Ligue 1,football-data.co.uk
league_fff7cf01475bd7df,2022-04-03,LIGUE_1,2021-22,LEAGUE,,Clermont,Nantes,2,3,A,France,Ligue 1,football-data.co.uk
league_bfb52c2552cfb811,2022-04-03,LIGUE_1,2021-22,LEAGUE,,Metz,AS Monaco,1,2,A,France,Ligue 1,football-data.co.uk
league_efbef218c113c1bd,2022-04-03,LIGUE_1,2021-22,LEAGUE,,Montpellier,Brest,1,2,A,France,Ligue 1,football-data.co.uk
league_95723054184e67ae,2022-04-03,LIGUE_1,2021-22,LEAGUE,,Olympique Lyonnais,Angers,3,2,H,France,Ligue 1,football-data.co.uk
league_5bdac9d2068e6236,2022-04-03,LIGUE_1,2021-22,LEAGUE,,Paris Saint-Germain FC,Lorient,5,1,H,France,Ligue 1,football-data.co.uk
league_e3e08fcdc7389f86,2022-04-03,LIGUE_1,2021-22,LEAGUE,,Strasbourg,Lens,1,0,H,France,Ligue 1,football-data.co.uk
league_509ed7923dd3859a,2022-04-03,LIGUE_1,2021-22,LEAGUE,,Troyes,Reims,1,0,H,France,Ligue 1,football-data.co.uk
league_00e6b44f5160c3a8,2022-04-08,LIGUE_1,2021-22,LEAGUE,,Lorient,AS Saint-Étienne,6,2,H,France,Ligue 1,football-data.co.uk
league_912fcc8f8ad88069,2022-04-09,LIGUE_1,2021-22,LEAGUE,,Clermont,Paris Saint-Germain FC,1,6,A,France,Ligue 1,football-data.co.uk
league_be6e29b6730f4338,2022-04-09,LIGUE_1,2021-22,LEAGUE,,Reims,Rennes,2,3,A,France,Ligue 1,football-data.co.uk
league_af5a6118b6864872,2022-04-10,LIGUE_1,2021-22,LEAGUE,,AS Monaco,Troyes,2,1,H,France,Ligue 1,football-data.co.uk
league_61f9e477a849dabc,2022-04-10,LIGUE_1,2021-22,LEAGUE,,Angers,Lille,1,1,D,France,Ligue 1,football-data.co.uk
league_d7ca5b042aeb2bf6,2022-04-10,LIGUE_1,2021-22,LEAGUE,,Bordeaux,Metz,3,1,H,France,Ligue 1,football-data.co.uk
league_c2307fad28f047c5,2022-04-10,LIGUE_1,2021-22,LEAGUE,,Brest,Nantes,1,1,D,France,Ligue 1,football-data.co.uk
league_73ae84ff011ffdf2,2022-04-10,LIGUE_1,2021-22,LEAGUE,,Lens,Nice,3,0,H,France,Ligue 1,football-data.co.uk
league_3efe8f6db7ca7899,2022-04-10,LIGUE_1,2021-22,LEAGUE,,Olympique Marseille,Montpellier,2,0,H,France,Ligue 1,football-data.co.uk
league_5fa70d553d95e27b,2022-04-10,LIGUE_1,2021-22,LEAGUE,,Strasbourg,Olympique Lyonnais,1,1,D,France,Ligue 1,football-data.co.uk
league_332243fcaf1bb81c,2022-04-15,LIGUE_1,2021-22,LEAGUE,,Rennes,AS Monaco,2,3,A,France,Ligue 1,football-data.co.uk
league_d7abe36c5c27b23b,2022-04-16,LIGUE_1,2021-22,LEAGUE,,AS Saint-Étienne,Brest,2,1,H,France,Ligue 1,football-data.co.uk
league_1962177867c7d733,2022-04-16,LIGUE_1,2021-22,LEAGUE,,Lille,Lens,1,2,A,France,Ligue 1,football-data.co.uk
league_c9d7ef57fc749e6c,2022-04-17,LIGUE_1,2021-22,LEAGUE,,Metz,Clermont,1,1,D,France,Ligue 1,football-data.co.uk
league_e9862c26b0b94580,2022-04-17,LIGUE_1,2021-22,LEAGUE,,Montpellier,Reims,0,0,D,France,Ligue 1,football-data.co.uk
league_6398e1df4c2c945f,2022-04-17,LIGUE_1,2021-22,LEAGUE,,Nantes,Angers,1,1,D,France,Ligue 1,football-data.co.uk
league_296236896941a356,2022-04-17,LIGUE_1,2021-22,LEAGUE,,Nice,Lorient,2,1,H,France,Ligue 1,football-data.co.uk
league_5683f87e22bd5bfc,2022-04-17,LIGUE_1,2021-22,LEAGUE,,Olympique Lyonnais,Bordeaux,6,1,H,France,Ligue 1,football-data.co.uk
league_386a8712f6b62a19,2022-04-17,LIGUE_1,2021-22,LEAGUE,,Paris Saint-Germain FC,Olympique Marseille,2,1,H,France,Ligue 1,football-data.co.uk
league_191d7f5d7b2c67a9,2022-04-17,LIGUE_1,2021-22,LEAGUE,,Troyes,Strasbourg,1,1,D,France,Ligue 1,football-data.co.uk
league_16422b6751da7251,2022-04-20,LIGUE_1,2021-22,LEAGUE,,AS Monaco,Nice,1,0,H,France,Ligue 1,football-data.co.uk
league_997922c56e2beba8,2022-04-20,LIGUE_1,2021-22,LEAGUE,,Angers,Paris Saint-Germain FC,0,3,A,France,Ligue 1,football-data.co.uk
league_ed1373b167b950f8,2022-04-20,LIGUE_1,2021-22,LEAGUE,,Bordeaux,AS Saint-Étienne,2,2,D,France,Ligue 1,football-data.co.uk
league_0682e59d4f7660f9,2022-04-20,LIGUE_1,2021-22,LEAGUE,,Brest,Olympique Lyonnais,2,1,H,France,Ligue 1,football-data.co.uk
league_8f39badaa1b239cf,2022-04-20,LIGUE_1,2021-22,LEAGUE,,Lens,Montpellier,2,0,H,France,Ligue 1,football-data.co.uk
league_a3a6fd58e24c12c7,2022-04-20,LIGUE_1,2021-22,LEAGUE,,Lorient,Metz,1,0,H,France,Ligue 1,football-data.co.uk
league_2e4b94a4b7e1e16d,2022-04-20,LIGUE_1,2021-22,LEAGUE,,Olympique Marseille,Nantes,3,2,H,France,Ligue 1,football-data.co.uk
league_71c67815aa27eaf7,2022-04-20,LIGUE_1,2021-22,LEAGUE,,Reims,Lille,2,1,H,France,Ligue 1,football-data.co.uk
league_f71e4504444cefcf,2022-04-20,LIGUE_1,2021-22,LEAGUE,,Strasbourg,Rennes,2,1,H,France,Ligue 1,football-data.co.uk
league_e38d1c3234c6e378,2022-04-20,LIGUE_1,2021-22,LEAGUE,,Troyes,Clermont,0,1,A,France,Ligue 1,football-data.co.uk
league_518468d908fe465b,2022-04-23,LIGUE_1,2021-22,LEAGUE,,AS Saint-Étienne,AS Monaco,1,4,A,France,Ligue 1,football-data.co.uk
league_a2ba32fc26cdf40f,2022-04-23,LIGUE_1,2021-22,LEAGUE,,Olympique Lyonnais,Montpellier,5,2,H,France,Ligue 1,football-data.co.uk
league_330b356a1b2fb3ac,2022-04-23,LIGUE_1,2021-22,LEAGUE,,Paris Saint-Germain FC,Lens,1,1,D,France,Ligue 1,football-data.co.uk
league_ebe2b8ff9b67ead9,2022-04-24,LIGUE_1,2021-22,LEAGUE,,Clermont,Angers,2,2,D,France,Ligue 1,football-data.co.uk
league_08010f60cfe07e31,2022-04-24,LIGUE_1,2021-22,LEAGUE,,Lille,Strasbourg,1,0,H,France,Ligue 1,football-data.co.uk
league_506f696ec9338910,2022-04-24,LIGUE_1,2021-22,LEAGUE,,Metz,Brest,0,1,A,France,Ligue 1,football-data.co.uk
league_42a8caf261e229ad,2022-04-24,LIGUE_1,2021-22,LEAGUE,,Nantes,Bordeaux,5,3,H,France,Ligue 1,football-data.co.uk
league_7c1eb7ffbd81adae,2022-04-24,LIGUE_1,2021-22,LEAGUE,,Nice,Troyes,1,0,H,France,Ligue 1,football-data.co.uk
league_936536370dfc2668,2022-04-24,LIGUE_1,2021-22,LEAGUE,,Reims,Olympique Marseille,0,1,A,France,Ligue 1,football-data.co.uk
league_34aa2eda67cbd2a6,2022-04-24,LIGUE_1,2021-22,LEAGUE,,Rennes,Lorient,5,0,H,France,Ligue 1,football-data.co.uk
league_34a05374ccaa3328,2022-04-29,LIGUE_1,2021-22,LEAGUE,,Strasbourg,Paris Saint-Germain FC,3,3,D,France,Ligue 1,football-data.co.uk
league_33fbe69c76f4f713,2022-04-30,LIGUE_1,2021-22,LEAGUE,,Lens,Nantes,2,2,D,France,Ligue 1,football-data.co.uk
league_34c8376e6cc73a07,2022-04-30,LIGUE_1,2021-22,LEAGUE,,Rennes,AS Saint-Étienne,2,0,H,France,Ligue 1,football-data.co.uk
league_4e4ffe900cf428fc,2022-05-01,LIGUE_1,2021-22,LEAGUE,,AS Monaco,Angers,2,0,H,France,Ligue 1,football-data.co.uk
league_a7c571234a41f7b7,2022-05-01,LIGUE_1,2021-22,LEAGUE,,Bordeaux,Nice,0,1,A,France,Ligue 1,football-data.co.uk
league_2c2bebc8839c12cc,2022-05-01,LIGUE_1,2021-22,LEAGUE,,Brest,Clermont,2,0,H,France,Ligue 1,football-data.co.uk
league_adf235bc0cb9ad73,2022-05-01,LIGUE_1,2021-22,LEAGUE,,Lorient,Reims,1,2,A,France,Ligue 1,football-data.co.uk
league_824d3ad2c0fe9492,2022-05-01,LIGUE_1,2021-22,LEAGUE,,Montpellier,Metz,2,2,D,France,Ligue 1,football-data.co.uk
league_8589e90a5b91b45d,2022-05-01,LIGUE_1,2021-22,LEAGUE,,Olympique Marseille,Olympique Lyonnais,0,3,A,France,Ligue 1,football-data.co.uk
league_275777f2be9e1a98,2022-05-01,LIGUE_1,2021-22,LEAGUE,,Troyes,Lille,3,0,H,France,Ligue 1,football-data.co.uk
league_6069b8433caf28c9,2022-05-06,LIGUE_1,2021-22,LEAGUE,,Lille,AS Monaco,1,2,A,France,Ligue 1,football-data.co.uk
league_c6301e74a5f7fe47,2022-05-07,LIGUE_1,2021-22,LEAGUE,,Brest,Strasbourg,0,1,A,France,Ligue 1,football-data.co.uk
league_64d1bb59f7480d5e,2022-05-08,LIGUE_1,2021-22,LEAGUE,,Angers,Bordeaux,4,1,H,France,Ligue 1,football-data.co.uk
league_89435a17ee18d95d,2022-05-08,LIGUE_1,2021-22,LEAGUE,,Clermont,Montpellier,2,1,H,France,Ligue 1,football-data.co.uk
league_4297441d412e15d7,2022-05-08,LIGUE_1,2021-22,LEAGUE,,Lorient,Olympique Marseille,0,3,A,France,Ligue 1,football-data.co.uk
league_514c01bd05f583f4,2022-05-08,LIGUE_1,2021-22,LEAGUE,,Metz,Olympique Lyonnais,3,2,H,France,Ligue 1,football-data.co.uk
league_1ee74ba752a8797c,2022-05-08,LIGUE_1,2021-22,LEAGUE,,Paris Saint-Germain FC,Troyes,2,2,D,France,Ligue 1,football-data.co.uk
league_3887b4e5030790f5,2022-05-08,LIGUE_1,2021-22,LEAGUE,,Reims,Lens,1,2,A,France,Ligue 1,football-data.co.uk
league_abcc2e3adf8948e5,2022-05-11,LIGUE_1,2021-22,LEAGUE,,Nantes,Rennes,2,1,H,France,Ligue 1,football-data.co.uk
league_afc1ff802673f406,2022-05-11,LIGUE_1,2021-22,LEAGUE,,Nice,AS Saint-Étienne,4,2,H,France,Ligue 1,football-data.co.uk
league_949aeadd8893cfcd,2022-05-14,LIGUE_1,2021-22,LEAGUE,,AS Monaco,Brest,4,2,H,France,Ligue 1,football-data.co.uk
league_75ba7f9b4e738ece,2022-05-14,LIGUE_1,2021-22,LEAGUE,,AS Saint-Étienne,Reims,1,2,A,France,Ligue 1,football-data.co.uk
league_ec9156b0e8284411,2022-05-14,LIGUE_1,2021-22,LEAGUE,,Bordeaux,Lorient,0,0,D,France,Ligue 1,football-data.co.uk
league_0902882a5f82b1af,2022-05-14,LIGUE_1,2021-22,LEAGUE,,Metz,Angers,1,0,H,France,Ligue 1,football-data.co.uk
league_df6d6a948433876a,2022-05-14,LIGUE_1,2021-22,LEAGUE,,Montpellier,Paris Saint-Germain FC,0,4,A,France,Ligue 1,football-data.co.uk
league_7404695d65dd2441,2022-05-14,LIGUE_1,2021-22,LEAGUE,,Nice,Lille,1,3,A,France,Ligue 1,football-data.co.uk
league_7d37c7647d184e53,2022-05-14,LIGUE_1,2021-22,LEAGUE,,Olympique Lyonnais,Nantes,3,2,H,France,Ligue 1,football-data.co.uk
league_43fddc48dc78aaab,2022-05-14,LIGUE_1,2021-22,LEAGUE,,Rennes,Olympique Marseille,2,0,H,France,Ligue 1,football-data.co.uk
league_7d55cbae48a83241,2022-05-14,LIGUE_1,2021-22,LEAGUE,,Strasbourg,Clermont,1,0,H,France,Ligue 1,football-data.co.uk
league_405cecf44852e9da,2022-05-14,LIGUE_1,2021-22,LEAGUE,,Troyes,Lens,1,3,A,France,Ligue 1,football-data.co.uk
league_993e128e4a4ea445,2022-05-21,LIGUE_1,2021-22,LEAGUE,,Angers,Montpellier,2,0,H,France,Ligue 1,football-data.co.uk
league_70f432e76f43d4a0,2022-05-21,LIGUE_1,2021-22,LEAGUE,,Brest,Bordeaux,2,4,A,France,Ligue 1,football-data.co.uk
league_8c2c1dec3a801156,2022-05-21,LIGUE_1,2021-22,LEAGUE,,Clermont,Olympique Lyonnais,1,2,A,France,Ligue 1,football-data.co.uk
league_79eeb50ee972fd07,2022-05-21,LIGUE_1,2021-22,LEAGUE,,Lens,AS Monaco,2,2,D,France,Ligue 1,football-data.co.uk
league_45763f93cf0ead61,2022-05-21,LIGUE_1,2021-22,LEAGUE,,Lille,Rennes,2,2,D,France,Ligue 1,football-data.co.uk
league_c9d26cb0c3bb4f62,2022-05-21,LIGUE_1,2021-22,LEAGUE,,Lorient,Troyes,1,1,D,France,Ligue 1,football-data.co.uk
league_cd61da88f25c5eab,2022-05-21,LIGUE_1,2021-22,LEAGUE,,Nantes,AS Saint-Étienne,1,1,D,France,Ligue 1,football-data.co.uk
league_7c3e5b85503322b2,2022-05-21,LIGUE_1,2021-22,LEAGUE,,Olympique Marseille,Strasbourg,4,0,H,France,Ligue 1,football-data.co.uk
league_84eb95c7362d461a,2022-05-21,LIGUE_1,2021-22,LEAGUE,,Paris Saint-Germain FC,Metz,5,0,H,France,Ligue 1,football-data.co.uk
league_499ef1907872369f,2022-05-21,LIGUE_1,2021-22,LEAGUE,,Reims,Nice,2,3,A,France,Ligue 1,football-data.co.uk
league_cabdf81495227faf,2022-08-05,LIGUE_1,2022-23,LEAGUE,,Olympique Lyonnais,Ajaccio,2,1,H,France,Ligue 1,football-data.co.uk
league_160dad65676e1406,2022-08-06,LIGUE_1,2022-23,LEAGUE,,Clermont,Paris Saint-Germain FC,0,5,A,France,Ligue 1,football-data.co.uk
league_1657e750f2c489c2,2022-08-06,LIGUE_1,2022-23,LEAGUE,,Strasbourg,AS Monaco,1,2,A,France,Ligue 1,football-data.co.uk
league_f4713a26fc292ef5,2022-08-07,LIGUE_1,2022-23,LEAGUE,,Angers,Nantes,0,0,D,France,Ligue 1,football-data.co.uk
league_a9f547d81955cb57,2022-08-07,LIGUE_1,2022-23,LEAGUE,,Lens,Brest,3,2,H,France,Ligue 1,football-data.co.uk
league_cea4bb211e4e733f,2022-08-07,LIGUE_1,2022-23,LEAGUE,,Lille,Auxerre,4,1,H,France,Ligue 1,football-data.co.uk
league_2fd20c4690f0e24b,2022-08-07,LIGUE_1,2022-23,LEAGUE,,Montpellier,Troyes,3,2,H,France,Ligue 1,football-data.co.uk
league_63314b5143f646fc,2022-08-07,LIGUE_1,2022-23,LEAGUE,,Olympique Marseille,Reims,4,1,H,France,Ligue 1,football-data.co.uk
league_28b14e6a520ab588,2022-08-07,LIGUE_1,2022-23,LEAGUE,,Rennes,Lorient,0,1,A,France,Ligue 1,football-data.co.uk
league_7f2758b994a70fcc,2022-08-07,LIGUE_1,2022-23,LEAGUE,,Toulouse,Nice,1,1,D,France,Ligue 1,football-data.co.uk
league_b83f93185bb17bf1,2022-08-12,LIGUE_1,2022-23,LEAGUE,,Nantes,Lille,1,1,D,France,Ligue 1,football-data.co.uk
league_0e86bdf3d3ff76b4,2022-08-13,LIGUE_1,2022-23,LEAGUE,,AS Monaco,Rennes,1,1,D,France,Ligue 1,football-data.co.uk
league_b26badc69b396689,2022-08-13,LIGUE_1,2022-23,LEAGUE,,Paris Saint-Germain FC,Montpellier,5,2,H,France,Ligue 1,football-data.co.uk
league_fc50045f8b5d618e,2022-08-14,LIGUE_1,2022-23,LEAGUE,,Ajaccio,Lens,0,0,D,France,Ligue 1,football-data.co.uk
league_de5918d726b504d3,2022-08-14,LIGUE_1,2022-23,LEAGUE,,Auxerre,Angers,2,2,D,France,Ligue 1,football-data.co.uk
league_32f4bc9e7b9e8cbd,2022-08-14,LIGUE_1,2022-23,LEAGUE,,Brest,Olympique Marseille,1,1,D,France,Ligue 1,football-data.co.uk
league_4c47ed0e551a259f,2022-08-14,LIGUE_1,2022-23,LEAGUE,,Nice,Strasbourg,1,1,D,France,Ligue 1,football-data.co.uk
league_c64892ed5e4ba8d6,2022-08-14,LIGUE_1,2022-23,LEAGUE,,Reims,Clermont,2,4,A,France,Ligue 1,football-data.co.uk
league_d816fb0da66b7148,2022-08-14,LIGUE_1,2022-23,LEAGUE,,Troyes,Toulouse,0,3,A,France,Ligue 1,football-data.co.uk
league_a3dd1bb7b2f8e1d8,2022-08-19,LIGUE_1,2022-23,LEAGUE,,Olympique Lyonnais,Troyes,4,1,H,France,Ligue 1,football-data.co.uk
league_93adc94f1b534264,2022-08-20,LIGUE_1,2022-23,LEAGUE,,AS Monaco,Lens,1,4,A,France,Ligue 1,football-data.co.uk
league_5064daf7a1863f17,2022-08-20,LIGUE_1,2022-23,LEAGUE,,Olympique Marseille,Nantes,2,1,H,France,Ligue 1,football-data.co.uk
league_c35cf59353f4af07,2022-08-21,LIGUE_1,2022-23,LEAGUE,,Angers,Brest,1,3,A,France,Ligue 1,football-data.co.uk
league_9d258fcfa8f0f39f,2022-08-21,LIGUE_1,2022-23,LEAGUE,,Clermont,Nice,1,0,H,France,Ligue 1,football-data.co.uk
league_3a52798962dc62a1,2022-08-21,LIGUE_1,2022-23,LEAGUE,,Lille,Paris Saint-Germain FC,1,7,A,France,Ligue 1,football-data.co.uk
league_ecf732fa51cb0a0e,2022-08-21,LIGUE_1,2022-23,LEAGUE,,Montpellier,Auxerre,1,2,A,France,Ligue 1,football-data.co.uk
league_4935ab6e6d015f9e,2022-08-21,LIGUE_1,2022-23,LEAGUE,,Rennes,Ajaccio,2,1,H,France,Ligue 1,football-data.co.uk
league_77c543df1ffca859,2022-08-21,LIGUE_1,2022-23,LEAGUE,,Strasbourg,Reims,1,1,D,France,Ligue 1,football-data.co.uk
league_352b7777b8a93bec,2022-08-21,LIGUE_1,2022-23,LEAGUE,,Toulouse,Lorient,2,2,D,France,Ligue 1,football-data.co.uk
league_3c5bbc12cc0224d4,2022-08-26,LIGUE_1,2022-23,LEAGUE,,Ajaccio,Lille,1,3,A,France,Ligue 1,football-data.co.uk
league_920b989c55e51366,2022-08-27,LIGUE_1,2022-23,LEAGUE,,Auxerre,Strasbourg,1,0,H,France,Ligue 1,football-data.co.uk
league_f3a99539c1939948,2022-08-27,LIGUE_1,2022-23,LEAGUE,,Lens,Rennes,2,1,H,France,Ligue 1,football-data.co.uk
league_3ddb03e10da389a5,2022-08-28,LIGUE_1,2022-23,LEAGUE,,Brest,Montpellier,0,7,A,France,Ligue 1,football-data.co.uk
league_ce4f1698f8594faa,2022-08-28,LIGUE_1,2022-23,LEAGUE,,Lorient,Clermont,2,1,H,France,Ligue 1,football-data.co.uk
league_a7e40efd4ed2888f,2022-08-28,LIGUE_1,2022-23,LEAGUE,,Nantes,Toulouse,3,1,H,France,Ligue 1,football-data.co.uk
league_ee6f93e2ec740bda,2022-08-28,LIGUE_1,2022-23,LEAGUE,,Nice,Olympique Marseille,0,3,A,France,Ligue 1,football-data.co.uk
league_4ee09d25535fd6f7,2022-08-28,LIGUE_1,2022-23,LEAGUE,,Paris Saint-Germain FC,AS Monaco,1,1,D,France,Ligue 1,football-data.co.uk
league_add8905755fba224,2022-08-28,LIGUE_1,2022-23,LEAGUE,,Reims,Olympique Lyonnais,1,1,D,France,Ligue 1,football-data.co.uk
league_feaff1a322975df0,2022-08-28,LIGUE_1,2022-23,LEAGUE,,Troyes,Angers,3,1,H,France,Ligue 1,football-data.co.uk
league_790f86a758d11492,2022-08-31,LIGUE_1,2022-23,LEAGUE,,AS Monaco,Troyes,2,4,A,France,Ligue 1,football-data.co.uk
league_1d363d2d07fb2dfb,2022-08-31,LIGUE_1,2022-23,LEAGUE,,Angers,Reims,2,4,A,France,Ligue 1,football-data.co.uk
league_c2743ed86856ba1a,2022-08-31,LIGUE_1,2022-23,LEAGUE,,Lens,Lorient,5,2,H,France,Ligue 1,football-data.co.uk
league_e00a27e8cc12e878,2022-08-31,LIGUE_1,2022-23,LEAGUE,,Lille,Nice,1,2,A,France,Ligue 1,football-data.co.uk
league_2b73e36c30b1362c,2022-08-31,LIGUE_1,2022-23,LEAGUE,,Montpellier,Ajaccio,2,0,H,France,Ligue 1,football-data.co.uk
league_ca845429967f406a,2022-08-31,LIGUE_1,2022-23,LEAGUE,,Olympique Lyonnais,Auxerre,2,1,H,France,Ligue 1,football-data.co.uk
league_f5209fb93aa4542e,2022-08-31,LIGUE_1,2022-23,LEAGUE,,Olympique Marseille,Clermont,1,0,H,France,Ligue 1,football-data.co.uk
league_a04aa0aa6abf412f,2022-08-31,LIGUE_1,2022-23,LEAGUE,,Rennes,Brest,3,1,H,France,Ligue 1,football-data.co.uk
league_31e0d55c8a729d9a,2022-08-31,LIGUE_1,2022-23,LEAGUE,,Strasbourg,Nantes,1,1,D,France,Ligue 1,football-data.co.uk
league_f89c59c1889e0199,2022-08-31,LIGUE_1,2022-23,LEAGUE,,Toulouse,Paris Saint-Germain FC,0,3,A,France,Ligue 1,football-data.co.uk
league_405427375d266f68,2022-09-03,LIGUE_1,2022-23,LEAGUE,,Auxerre,Olympique Marseille,0,2,A,France,Ligue 1,football-data.co.uk
league_2d9abb12511ad262,2022-09-03,LIGUE_1,2022-23,LEAGUE,,Nantes,Paris Saint-Germain FC,0,3,A,France,Ligue 1,football-data.co.uk
league_c092d932cac28495,2022-09-03,LIGUE_1,2022-23,LEAGUE,,Olympique Lyonnais,Angers,5,0,H,France,Ligue 1,football-data.co.uk
league_48bea536af6ff81d,2022-09-04,LIGUE_1,2022-23,LEAGUE,,Ajaccio,Lorient,0,1,A,France,Ligue 1,football-data.co.uk
league_4fc87f61f3449e13,2022-09-04,LIGUE_1,2022-23,LEAGUE,,Brest,Strasbourg,1,1,D,France,Ligue 1,football-data.co.uk
league_181455306395de5d,2022-09-04,LIGUE_1,2022-23,LEAGUE,,Clermont,Toulouse,2,0,H,France,Ligue 1,football-data.co.uk
league_c419b4e3e7f14bd5,2022-09-04,LIGUE_1,2022-23,LEAGUE,,Montpellier,Lille,1,3,A,France,Ligue 1,football-data.co.uk
league_b9dc4123872e16f0,2022-09-04,LIGUE_1,2022-23,LEAGUE,,Nice,AS Monaco,0,1,A,France,Ligue 1,football-data.co.uk
league_6f8e29a3d1ac62c2,2022-09-04,LIGUE_1,2022-23,LEAGUE,,Reims,Lens,1,1,D,France,Ligue 1,football-data.co.uk
league_3a3fe500e65aeb48,2022-09-04,LIGUE_1,2022-23,LEAGUE,,Troyes,Rennes,1,1,D,France,Ligue 1,football-data.co.uk
league_0789e419e1d24f88,2022-09-07,LIGUE_1,2022-23,LEAGUE,,Lorient,Olympique Lyonnais,3,1,H,France,Ligue 1,football-data.co.uk
league_dd4287408db0131e,2022-09-09,LIGUE_1,2022-23,LEAGUE,,Lens,Troyes,1,0,H,France,Ligue 1,football-data.co.uk
league_b00d13c53cfc0fe6,2022-09-10,LIGUE_1,2022-23,LEAGUE,,Olympique Marseille,Lille,2,1,H,France,Ligue 1,football-data.co.uk
league_5c3f2d020918fd46,2022-09-10,LIGUE_1,2022-23,LEAGUE,,Paris Saint-Germain FC,Brest,1,0,H,France,Ligue 1,football-data.co.uk
league_fc20c17ec6230509,2022-09-11,LIGUE_1,2022-23,LEAGUE,,AS Monaco,Olympique Lyonnais,2,1,H,France,Ligue 1,football-data.co.uk
league_f7a51998ebc53d7b,2022-09-11,LIGUE_1,2022-23,LEAGUE,,Ajaccio,Nice,0,1,A,France,Ligue 1,football-data.co.uk
league_2804ff7c4d616b71,2022-09-11,LIGUE_1,2022-23,LEAGUE,,Angers,Montpellier,2,1,H,France,Ligue 1,football-data.co.uk
league_d6d9dd24cb7eab95,2022-09-11,LIGUE_1,2022-23,LEAGUE,,Lorient,Nantes,3,2,H,France,Ligue 1,football-data.co.uk
league_fcbbdf84e0d6cd62,2022-09-11,LIGUE_1,2022-23,LEAGUE,,Rennes,Auxerre,5,0,H,France,Ligue 1,football-data.co.uk
league_da86a09ebbb4e180,2022-09-11,LIGUE_1,2022-23,LEAGUE,,Strasbourg,Clermont,0,0,D,France,Ligue 1,football-data.co.uk
league_d62c2fb29d5abda9,2022-09-11,LIGUE_1,2022-23,LEAGUE,,Toulouse,Reims,1,0,H,France,Ligue 1,football-data.co.uk
league_5d15371352339bb3,2022-09-16,LIGUE_1,2022-23,LEAGUE,,Auxerre,Lorient,1,3,A,France,Ligue 1,football-data.co.uk
league_b30bfbed7bbbf216,2022-09-17,LIGUE_1,2022-23,LEAGUE,,Lille,Toulouse,2,1,H,France,Ligue 1,football-data.co.uk
league_7b0e2a11e074cc94,2022-09-17,LIGUE_1,2022-23,LEAGUE,,Montpellier,Strasbourg,2,1,H,France,Ligue 1,football-data.co.uk
league_a9e593c62ef266c4,2022-09-18,LIGUE_1,2022-23,LEAGUE,,Brest,Ajaccio,0,1,A,France,Ligue 1,football-data.co.uk
league_567e957384dd01e7,2022-09-18,LIGUE_1,2022-23,LEAGUE,,Clermont,Troyes,1,3,A,France,Ligue 1,football-data.co.uk
league_9e0beafc5417ff1d,2022-09-18,LIGUE_1,2022-23,LEAGUE,,Nantes,Lens,0,0,D,France,Ligue 1,football-data.co.uk
league_a5c224b253618cc4,2022-09-18,LIGUE_1,2022-23,LEAGUE,,Nice,Angers,0,1,A,France,Ligue 1,football-data.co.uk
league_a84acc68fad91374,2022-09-18,LIGUE_1,2022-23,LEAGUE,,Olympique Lyonnais,Paris Saint-Germain FC,0,1,A,France,Ligue 1,football-data.co.uk
league_91c0328c425ee624,2022-09-18,LIGUE_1,2022-23,LEAGUE,,Olympique Marseille,Rennes,1,1,D,France,Ligue 1,football-data.co.uk
league_f2bc1f6f1e449b9f,2022-09-18,LIGUE_1,2022-23,LEAGUE,,Reims,AS Monaco,0,3,A,France,Ligue 1,football-data.co.uk
league_9cc59c8e03156756,2022-09-30,LIGUE_1,2022-23,LEAGUE,,Angers,Olympique Marseille,0,3,A,France,Ligue 1,football-data.co.uk
league_eb1016fcbd96caec,2022-10-01,LIGUE_1,2022-23,LEAGUE,,Paris Saint-Germain FC,Nice,2,1,H,France,Ligue 1,football-data.co.uk
league_e33828c610d552ce,2022-10-01,LIGUE_1,2022-23,LEAGUE,,Strasbourg,Rennes,1,3,A,France,Ligue 1,football-data.co.uk
league_a405903593d1a845,2022-10-02,LIGUE_1,2022-23,LEAGUE,,AS Monaco,Nantes,4,1,H,France,Ligue 1,football-data.co.uk
league_b20d72ef429d3c2d,2022-10-02,LIGUE_1,2022-23,LEAGUE,,Ajaccio,Clermont,1,3,A,France,Ligue 1,football-data.co.uk
league_fd453159727f8b05,2022-10-02,LIGUE_1,2022-23,LEAGUE,,Auxerre,Brest,1,1,D,France,Ligue 1,football-data.co.uk
league_ea3b8afaeec85931,2022-10-02,LIGUE_1,2022-23,LEAGUE,,Lens,Olympique Lyonnais,1,0,H,France,Ligue 1,football-data.co.uk
league_ea8bf73623980155,2022-10-02,LIGUE_1,2022-23,LEAGUE,,Lorient,Lille,2,1,H,France,Ligue 1,football-data.co.uk
league_79278dee52c61fde,2022-10-02,LIGUE_1,2022-23,LEAGUE,,Toulouse,Montpellier,4,2,H,France,Ligue 1,football-data.co.uk
league_e8ca0900dd3b0cfd,2022-10-02,LIGUE_1,2022-23,LEAGUE,,Troyes,Reims,2,2,D,France,Ligue 1,football-data.co.uk
league_e5dfa7aee5cd1e9e,2022-10-07,LIGUE_1,2022-23,LEAGUE,,Olympique Lyonnais,Toulouse,1,1,D,France,Ligue 1,football-data.co.uk
league_1a4e8df0d7572242,2022-10-08,LIGUE_1,2022-23,LEAGUE,,Olympique Marseille,Ajaccio,1,2,A,France,Ligue 1,football-data.co.uk
league_6175f7caf153a89b,2022-10-08,LIGUE_1,2022-23,LEAGUE,,Reims,Paris Saint-Germain FC,0,0,D,France,Ligue 1,football-data.co.uk
league_4a28cfc232bbc605,2022-10-09,LIGUE_1,2022-23,LEAGUE,,Angers,Strasbourg,2,3,A,France,Ligue 1,football-data.co.uk
league_d25a8d106a145fbb,2022-10-09,LIGUE_1,2022-23,LEAGUE,,Brest,Lorient,1,2,A,France,Ligue 1,football-data.co.uk
league_1629abbeb2c3f791,2022-10-09,LIGUE_1,2022-23,LEAGUE,,Clermont,Auxerre,2,1,H,France,Ligue 1,football-data.co.uk
league_f05c53e05fe0d5af,2022-10-09,LIGUE_1,2022-23,LEAGUE,,Lille,Lens,1,0,H,France,Ligue 1,football-data.co.uk
league_9056fe0cf18d5163,2022-10-09,LIGUE_1,2022-23,LEAGUE,,Montpellier,AS Monaco,0,2,A,France,Ligue 1,football-data.co.uk
league_7ba1ec976cafaeab,2022-10-09,LIGUE_1,2022-23,LEAGUE,,Nice,Troyes,3,2,H,France,Ligue 1,football-data.co.uk
league_8db804733f5cbb6d,2022-10-09,LIGUE_1,2022-23,LEAGUE,,Rennes,Nantes,3,0,H,France,Ligue 1,football-data.co.uk
league_b0220a37eeb2eaa5,2022-10-14,LIGUE_1,2022-23,LEAGUE,,Strasbourg,Lille,0,3,A,France,Ligue 1,football-data.co.uk
league_9b3d256b23f62a46,2022-10-15,LIGUE_1,2022-23,LEAGUE,,Lens,Montpellier,1,0,H,France,Ligue 1,football-data.co.uk
league_741a85c1441992b2,2022-10-15,LIGUE_1,2022-23,LEAGUE,,Lorient,Reims,0,0,D,France,Ligue 1,football-data.co.uk
league_21df5d05fc2a0c96,2022-10-16,LIGUE_1,2022-23,LEAGUE,,AS Monaco,Clermont,1,1,D,France,Ligue 1,football-data.co.uk
league_c305c890b223397b,2022-10-16,LIGUE_1,2022-23,LEAGUE,,Auxerre,Nice,1,1,D,France,Ligue 1,football-data.co.uk
league_ebb9aa7381b101e5,2022-10-16,LIGUE_1,2022-23,LEAGUE,,Nantes,Brest,4,1,H,France,Ligue 1,football-data.co.uk
league_06c6ecdb8d69db60,2022-10-16,LIGUE_1,2022-23,LEAGUE,,Paris Saint-Germain FC,Olympique Marseille,1,0,H,France,Ligue 1,football-data.co.uk
league_133dd8e564d28268,2022-10-16,LIGUE_1,2022-23,LEAGUE,,Rennes,Olympique Lyonnais,3,2,H,France,Ligue 1,football-data.co.uk
league_7129338412d934e1,2022-10-16,LIGUE_1,2022-23,LEAGUE,,Toulouse,Angers,3,2,H,France,Ligue 1,football-data.co.uk
league_003c7971e7c5a2ee,2022-10-16,LIGUE_1,2022-23,LEAGUE,,Troyes,Ajaccio,1,1,D,France,Ligue 1,football-data.co.uk
league_a49a556cf5e2a1c9,2022-10-21,LIGUE_1,2022-23,LEAGUE,,Ajaccio,Paris Saint-Germain FC,0,3,A,France,Ligue 1,football-data.co.uk
league_c871dd1130ceb55e,2022-10-22,LIGUE_1,2022-23,LEAGUE,,Montpellier,Olympique Lyonnais,1,2,A,France,Ligue 1,football-data.co.uk
league_9c4196e7929a5c85,2022-10-22,LIGUE_1,2022-23,LEAGUE,,Olympique Marseille,Lens,0,1,A,France,Ligue 1,football-data.co.uk
league_75b56a54ed77e238,2022-10-23,LIGUE_1,2022-23,LEAGUE,,Angers,Rennes,1,2,A,France,Ligue 1,football-data.co.uk
league_3969be8ae3366155,2022-10-23,LIGUE_1,2022-23,LEAGUE,,Clermont,Brest,1,3,A,France,Ligue 1,football-data.co.uk
league_034bdcefd9ab2282,2022-10-23,LIGUE_1,2022-23,LEAGUE,,Lille,AS Monaco,4,3,H,France,Ligue 1,football-data.co.uk
league_c489271baa042752,2022-10-23,LIGUE_1,2022-23,LEAGUE,,Nice,Nantes,1,1,D,France,Ligue 1,football-data.co.uk
league_2e226a9674c10d1a,2022-10-23,LIGUE_1,2022-23,LEAGUE,,Reims,Auxerre,2,1,H,France,Ligue 1,football-data.co.uk
league_a8b5f953213fb4ed,2022-10-23,LIGUE_1,2022-23,LEAGUE,,Toulouse,Strasbourg,2,2,D,France,Ligue 1,football-data.co.uk
league_842535e36f66eb3b,2022-10-23,LIGUE_1,2022-23,LEAGUE,,Troyes,Lorient,2,2,D,France,Ligue 1,football-data.co.uk
league_3c44cf267ede45ed,2022-10-28,LIGUE_1,2022-23,LEAGUE,,Lens,Toulouse,3,0,H,France,Ligue 1,football-data.co.uk
league_6ab1e5a44b835b70,2022-10-29,LIGUE_1,2022-23,LEAGUE,,Paris Saint-Germain FC,Troyes,4,3,H,France,Ligue 1,football-data.co.uk
league_1ca3d375e9300bbb,2022-10-29,LIGUE_1,2022-23,LEAGUE,,Strasbourg,Olympique Marseille,2,2,D,France,Ligue 1,football-data.co.uk
league_3d6c72a162834ec4,2022-10-30,LIGUE_1,2022-23,LEAGUE,,AS Monaco,Angers,2,0,H,France,Ligue 1,football-data.co.uk
league_f1da948cf06105ef,2022-10-30,LIGUE_1,2022-23,LEAGUE,,Auxerre,Ajaccio,1,0,H,France,Ligue 1,football-data.co.uk
league_99a89c573c2cd225,2022-10-30,LIGUE_1,2022-23,LEAGUE,,Brest,Reims,0,0,D,France,Ligue 1,football-data.co.uk
league_629f42cab9b9364a,2022-10-30,LIGUE_1,2022-23,LEAGUE,,Lorient,Nice,1,2,A,France,Ligue 1,football-data.co.uk
league_56e3b761fb574336,2022-10-30,LIGUE_1,2022-23,LEAGUE,,Nantes,Clermont,1,1,D,France,Ligue 1,football-data.co.uk
league_26e3f68fc2408c8a,2022-10-30,LIGUE_1,2022-23,LEAGUE,,Olympique Lyonnais,Lille,1,0,H,France,Ligue 1,football-data.co.uk
league_9fe4a2bbc37b9980,2022-10-30,LIGUE_1,2022-23,LEAGUE,,Rennes,Montpellier,3,0,H,France,Ligue 1,football-data.co.uk
league_ce48e6b0439fe591,2022-11-04,LIGUE_1,2022-23,LEAGUE,,Troyes,Auxerre,1,1,D,France,Ligue 1,football-data.co.uk
league_e6bb878df971f315,2022-11-05,LIGUE_1,2022-23,LEAGUE,,Ajaccio,Strasbourg,4,2,H,France,Ligue 1,football-data.co.uk
league_6e074fa169be70dc,2022-11-05,LIGUE_1,2022-23,LEAGUE,,Angers,Lens,1,2,A,France,Ligue 1,football-data.co.uk
league_b33f504711e4cbcb,2022-11-06,LIGUE_1,2022-23,LEAGUE,,Clermont,Montpellier,1,1,D,France,Ligue 1,football-data.co.uk
league_1cc0db6cd8da4d05,2022-11-06,LIGUE_1,2022-23,LEAGUE,,Lille,Rennes,1,1,D,France,Ligue 1,football-data.co.uk
league_166ec78ff141e382,2022-11-06,LIGUE_1,2022-23,LEAGUE,,Lorient,Paris Saint-Germain FC,1,2,A,France,Ligue 1,football-data.co.uk
league_a49659331f74b6b9,2022-11-06,LIGUE_1,2022-23,LEAGUE,,Nice,Brest,1,0,H,France,Ligue 1,football-data.co.uk
league_17d5db9b7bcb90d7,2022-11-06,LIGUE_1,2022-23,LEAGUE,,Olympique Marseille,Olympique Lyonnais,1,0,H,France,Ligue 1,football-data.co.uk
league_68619e125cd543c1,2022-11-06,LIGUE_1,2022-23,LEAGUE,,Reims,Nantes,1,0,H,France,Ligue 1,football-data.co.uk
league_205bd333690b1ecd,2022-11-06,LIGUE_1,2022-23,LEAGUE,,Toulouse,AS Monaco,0,2,A,France,Ligue 1,football-data.co.uk
league_63570785fdcde801,2022-11-11,LIGUE_1,2022-23,LEAGUE,,Olympique Lyonnais,Nice,1,1,D,France,Ligue 1,football-data.co.uk
league_7a5a2dc84f84c64c,2022-11-12,LIGUE_1,2022-23,LEAGUE,,Lens,Clermont,2,1,H,France,Ligue 1,football-data.co.uk
league_e340b7037e2bc5cf,2022-11-12,LIGUE_1,2022-23,LEAGUE,,Rennes,Toulouse,2,1,H,France,Ligue 1,football-data.co.uk
league_28d705d8535dcb51,2022-11-13,LIGUE_1,2022-23,LEAGUE,,AS Monaco,Olympique Marseille,2,3,A,France,Ligue 1,football-data.co.uk
league_f8e935d366bf0deb,2022-11-13,LIGUE_1,2022-23,LEAGUE,,Brest,Troyes,2,1,H,France,Ligue 1,football-data.co.uk
league_9970da5a84fd58f1,2022-11-13,LIGUE_1,2022-23,LEAGUE,,Lille,Angers,1,0,H,France,Ligue 1,football-data.co.uk
league_69b674a2ac4aee8b,2022-11-13,LIGUE_1,2022-23,LEAGUE,,Montpellier,Reims,1,1,D,France,Ligue 1,football-data.co.uk
league_82d853f0100e61f2,2022-11-13,LIGUE_1,2022-23,LEAGUE,,Nantes,Ajaccio,2,2,D,France,Ligue 1,football-data.co.uk
league_107db63edff7b6b5,2022-11-13,LIGUE_1,2022-23,LEAGUE,,Paris Saint-Germain FC,Auxerre,5,0,H,France,Ligue 1,football-data.co.uk
league_745af83da36ce32b,2022-11-13,LIGUE_1,2022-23,LEAGUE,,Strasbourg,Lorient,1,1,D,France,Ligue 1,football-data.co.uk
league_20a6df53c52ef4e5,2022-12-28,LIGUE_1,2022-23,LEAGUE,,Ajaccio,Angers,1,0,H,France,Ligue 1,football-data.co.uk
league_b3e202acd6426aeb,2022-12-28,LIGUE_1,2022-23,LEAGUE,,Auxerre,AS Monaco,2,3,A,France,Ligue 1,football-data.co.uk
league_fc42b5ce835d4cce,2022-12-28,LIGUE_1,2022-23,LEAGUE,,Brest,Olympique Lyonnais,2,4,A,France,Ligue 1,football-data.co.uk
league_724f10ab3bc23fd4,2022-12-28,LIGUE_1,2022-23,LEAGUE,,Clermont,Lille,0,2,A,France,Ligue 1,football-data.co.uk
league_5be8e06618152a3f,2022-12-28,LIGUE_1,2022-23,LEAGUE,,Paris Saint-Germain FC,Strasbourg,2,1,H,France,Ligue 1,football-data.co.uk
league_22a0b6818b9522ce,2022-12-28,LIGUE_1,2022-23,LEAGUE,,Troyes,Nantes,0,0,D,France,Ligue 1,football-data.co.uk
league_fdbce47123d2fa92,2022-12-29,LIGUE_1,2022-23,LEAGUE,,Lorient,Montpellier,0,2,A,France,Ligue 1,football-data.co.uk
league_2a5f9faa6f939a47,2022-12-29,LIGUE_1,2022-23,LEAGUE,,Nice,Lens,0,0,D,France,Ligue 1,football-data.co.uk
league_947f48779beebbfe,2022-12-29,LIGUE_1,2022-23,LEAGUE,,Olympique Marseille,Toulouse,6,1,H,France,Ligue 1,football-data.co.uk
league_cf00d851ac672204,2022-12-29,LIGUE_1,2022-23,LEAGUE,,Reims,Rennes,3,1,H,France,Ligue 1,football-data.co.uk
league_3ba544b619e1a40a,2023-01-01,LIGUE_1,2022-23,LEAGUE,,AS Monaco,Brest,1,0,H,France,Ligue 1,football-data.co.uk
league_119dcac6b8adbd7a,2023-01-01,LIGUE_1,2022-23,LEAGUE,,Angers,Lorient,1,2,A,France,Ligue 1,football-data.co.uk
league_0cc15998a91f1216,2023-01-01,LIGUE_1,2022-23,LEAGUE,,Lens,Paris Saint-Germain FC,3,1,H,France,Ligue 1,football-data.co.uk
league_a0356a1b5ab36cd2,2023-01-01,LIGUE_1,2022-23,LEAGUE,,Nantes,Auxerre,1,0,H,France,Ligue 1,football-data.co.uk
league_a4bc5ac8147abe2f,2023-01-01,LIGUE_1,2022-23,LEAGUE,,Olympique Lyonnais,Clermont,0,1,A,France,Ligue 1,football-data.co.uk
league_3e38ad9f9b5fa89d,2023-01-01,LIGUE_1,2022-23,LEAGUE,,Toulouse,Ajaccio,2,0,H,France,Ligue 1,football-data.co.uk
league_dabb4f8eef2dfecd,2023-01-02,LIGUE_1,2022-23,LEAGUE,,Lille,Reims,1,1,D,France,Ligue 1,football-data.co.uk
league_9156ceebdca15718,2023-01-02,LIGUE_1,2022-23,LEAGUE,,Montpellier,Olympique Marseille,1,2,A,France,Ligue 1,football-data.co.uk
league_f2c21e5a6eea36c1,2023-01-02,LIGUE_1,2022-23,LEAGUE,,Rennes,Nice,2,1,H,France,Ligue 1,football-data.co.uk
league_acf2f0105f19471b,2023-01-02,LIGUE_1,2022-23,LEAGUE,,Strasbourg,Troyes,2,3,A,France,Ligue 1,football-data.co.uk
league_063b2dc69b86c11f,2023-01-11,LIGUE_1,2022-23,LEAGUE,,Ajaccio,Reims,0,1,A,France,Ligue 1,football-data.co.uk
league_b38f4db57d449979,2023-01-11,LIGUE_1,2022-23,LEAGUE,,Auxerre,Toulouse,0,5,A,France,Ligue 1,football-data.co.uk
league_8c1794e050ea2235,2023-01-11,LIGUE_1,2022-23,LEAGUE,,Brest,Lille,0,0,D,France,Ligue 1,football-data.co.uk
league_793883463e175f6b,2023-01-11,LIGUE_1,2022-23,LEAGUE,,Clermont,Rennes,2,1,H,France,Ligue 1,football-data.co.uk
league_913bdae024c0a00a,2023-01-11,LIGUE_1,2022-23,LEAGUE,,Lorient,AS Monaco,2,2,D,France,Ligue 1,football-data.co.uk
league_0cb88dc0e7152fff,2023-01-11,LIGUE_1,2022-23,LEAGUE,,Nantes,Olympique Lyonnais,0,0,D,France,Ligue 1,football-data.co.uk
league_5a813c99d9a6a980,2023-01-11,LIGUE_1,2022-23,LEAGUE,,Nice,Montpellier,6,1,H,France,Ligue 1,football-data.co.uk
league_72a2d1c004e12c05,2023-01-11,LIGUE_1,2022-23,LEAGUE,,Paris Saint-Germain FC,Angers,2,0,H,France,Ligue 1,football-data.co.uk
league_62f25d89ff7ff7c2,2023-01-11,LIGUE_1,2022-23,LEAGUE,,Strasbourg,Lens,2,2,D,France,Ligue 1,football-data.co.uk
league_307f08fa8cb1f1a2,2023-01-11,LIGUE_1,2022-23,LEAGUE,,Troyes,Olympique Marseille,0,2,A,France,Ligue 1,football-data.co.uk
league_067cb4de17517770,2023-01-14,LIGUE_1,2022-23,LEAGUE,,Lens,Auxerre,1,0,H,France,Ligue 1,football-data.co.uk
league_e2004b61863d186c,2023-01-14,LIGUE_1,2022-23,LEAGUE,,Olympique Lyonnais,Strasbourg,1,2,A,France,Ligue 1,football-data.co.uk
league_879d2376d1bca9c3,2023-01-14,LIGUE_1,2022-23,LEAGUE,,Olympique Marseille,Lorient,3,1,H,France,Ligue 1,football-data.co.uk
league_37fce26262e71376,2023-01-15,LIGUE_1,2022-23,LEAGUE,,AS Monaco,Ajaccio,7,1,H,France,Ligue 1,football-data.co.uk
league_0a5e3fccb7338bcc,2023-01-15,LIGUE_1,2022-23,LEAGUE,,Angers,Clermont,1,2,A,France,Ligue 1,football-data.co.uk
league_7e713b249ca6c423,2023-01-15,LIGUE_1,2022-23,LEAGUE,,Lille,Troyes,5,1,H,France,Ligue 1,football-data.co.uk
league_7da971b21945cde4,2023-01-15,LIGUE_1,2022-23,LEAGUE,,Montpellier,Nantes,0,3,A,France,Ligue 1,football-data.co.uk
league_66ceafd5ad7223c3,2023-01-15,LIGUE_1,2022-23,LEAGUE,,Reims,Nice,0,0,D,France,Ligue 1,football-data.co.uk
league_5c5e0418cff74f42,2023-01-15,LIGUE_1,2022-23,LEAGUE,,Rennes,Paris Saint-Germain FC,1,0,H,France,Ligue 1,football-data.co.uk
league_a8d4f0e8ce2b8e0f,2023-01-15,LIGUE_1,2022-23,LEAGUE,,Toulouse,Brest,1,1,D,France,Ligue 1,football-data.co.uk
league_0b29b4f8a794f6b7,2023-01-27,LIGUE_1,2022-23,LEAGUE,,Lorient,Rennes,2,1,H,France,Ligue 1,football-data.co.uk
league_afd9341b737b5a05,2023-01-28,LIGUE_1,2022-23,LEAGUE,,Olympique Marseille,AS Monaco,1,1,D,France,Ligue 1,football-data.co.uk
league_a6920d5410a94b8f,2023-01-28,LIGUE_1,2022-23,LEAGUE,,Troyes,Lens,1,1,D,France,Ligue 1,football-data.co.uk
league_c93e356551f5d75b,2023-01-29,LIGUE_1,2022-23,LEAGUE,,Ajaccio,Olympique Lyonnais,0,2,A,France,Ligue 1,football-data.co.uk
league_7d548503806a85e8,2023-01-29,LIGUE_1,2022-23,LEAGUE,,Auxerre,Montpellier,0,2,A,France,Ligue 1,football-data.co.uk
league_1d9b0a1e7dcbe74c,2023-01-29,LIGUE_1,2022-23,LEAGUE,,Brest,Angers,4,0,H,France,Ligue 1,football-data.co.uk
league_33a55557c2793cff,2023-01-29,LIGUE_1,2022-23,LEAGUE,,Clermont,Nantes,0,0,D,France,Ligue 1,football-data.co.uk
league_3bd9a5340f0a2ebd,2023-01-29,LIGUE_1,2022-23,LEAGUE,,Nice,Lille,1,0,H,France,Ligue 1,football-data.co.uk
league_85e22a22acf7108a,2023-01-29,LIGUE_1,2022-23,LEAGUE,,Paris Saint-Germain FC,Reims,1,1,D,France,Ligue 1,football-data.co.uk
league_44b7e7109d041b16,2023-01-29,LIGUE_1,2022-23,LEAGUE,,Strasbourg,Toulouse,1,2,A,France,Ligue 1,football-data.co.uk
league_73804830e832f832,2023-02-01,LIGUE_1,2022-23,LEAGUE,,AS Monaco,Auxerre,3,2,H,France,Ligue 1,football-data.co.uk
league_dbf4e4f20812f83b,2023-02-01,LIGUE_1,2022-23,LEAGUE,,Angers,Ajaccio,1,2,A,France,Ligue 1,football-data.co.uk
league_4d5891be919d6c4f,2023-02-01,LIGUE_1,2022-23,LEAGUE,,Lens,Nice,0,1,A,France,Ligue 1,football-data.co.uk
league_9a685c73c7b4ffce,2023-02-01,LIGUE_1,2022-23,LEAGUE,,Lille,Clermont,0,0,D,France,Ligue 1,football-data.co.uk
league_5b4406728a03151d,2023-02-01,LIGUE_1,2022-23,LEAGUE,,Montpellier,Paris Saint-Germain FC,1,3,A,France,Ligue 1,football-data.co.uk
league_8bbf638cf528a3be,2023-02-01,LIGUE_1,2022-23,LEAGUE,,Nantes,Olympique Marseille,0,2,A,France,Ligue 1,football-data.co.uk
league_b823e6bd4b7b1cd9,2023-02-01,LIGUE_1,2022-23,LEAGUE,,Olympique Lyonnais,Brest,0,0,D,France,Ligue 1,football-data.co.uk
league_2d131665ab7c2bba,2023-02-01,LIGUE_1,2022-23,LEAGUE,,Reims,Lorient,4,2,H,France,Ligue 1,football-data.co.uk
league_106b47d83c00b351,2023-02-01,LIGUE_1,2022-23,LEAGUE,,Rennes,Strasbourg,3,0,H,France,Ligue 1,football-data.co.uk
league_c4fee1f75371dcfd,2023-02-01,LIGUE_1,2022-23,LEAGUE,,Toulouse,Troyes,4,1,H,France,Ligue 1,football-data.co.uk
league_a7021e37254baa48,2023-02-04,LIGUE_1,2022-23,LEAGUE,,Paris Saint-Germain FC,Toulouse,2,1,H,France,Ligue 1,football-data.co.uk
league_387a9d0a018f222a,2023-02-04,LIGUE_1,2022-23,LEAGUE,,Rennes,Lille,1,3,A,France,Ligue 1,football-data.co.uk
league_5fe3c2b858bfbd9c,2023-02-04,LIGUE_1,2022-23,LEAGUE,,Troyes,Olympique Lyonnais,1,3,A,France,Ligue 1,football-data.co.uk
league_54a88d7500331d80,2023-02-05,LIGUE_1,2022-23,LEAGUE,,Ajaccio,Nantes,0,2,A,France,Ligue 1,football-data.co.uk
league_eb5989c0b525f724,2023-02-05,LIGUE_1,2022-23,LEAGUE,,Auxerre,Reims,0,0,D,France,Ligue 1,football-data.co.uk
league_88ceda3038c03d1f,2023-02-05,LIGUE_1,2022-23,LEAGUE,,Brest,Lens,1,1,D,France,Ligue 1,football-data.co.uk
league_75f078e5c25765c2,2023-02-05,LIGUE_1,2022-23,LEAGUE,,Clermont,AS Monaco,0,2,A,France,Ligue 1,football-data.co.uk
league_a7ae31374b2732e3,2023-02-05,LIGUE_1,2022-23,LEAGUE,,Lorient,Angers,0,0,D,France,Ligue 1,football-data.co.uk
league_b2fbb4847ef9042a,2023-02-05,LIGUE_1,2022-23,LEAGUE,,Olympique Marseille,Nice,1,3,A,France,Ligue 1,football-data.co.uk
league_d1436a29240a3ed1,2023-02-05,LIGUE_1,2022-23,LEAGUE,,Strasbourg,Montpellier,2,0,H,France,Ligue 1,football-data.co.uk
league_29bc43453d46e7a0,2023-02-10,LIGUE_1,2022-23,LEAGUE,,Nice,Ajaccio,3,0,H,France,Ligue 1,football-data.co.uk
league_affff0ccde4ff9cd,2023-02-11,LIGUE_1,2022-23,LEAGUE,,AS Monaco,Paris Saint-Germain FC,3,1,H,France,Ligue 1,football-data.co.uk
league_356bba12b3a6b3fa,2023-02-11,LIGUE_1,2022-23,LEAGUE,,Clermont,Olympique Marseille,0,2,A,France,Ligue 1,football-data.co.uk
league_42e451f8e53dfe69,2023-02-12,LIGUE_1,2022-23,LEAGUE,,Angers,Auxerre,1,1,D,France,Ligue 1,football-data.co.uk
league_47ce74274a6a2ed3,2023-02-12,LIGUE_1,2022-23,LEAGUE,,Lille,Strasbourg,2,0,H,France,Ligue 1,football-data.co.uk
league_c2aea40e34db34ff,2023-02-12,LIGUE_1,2022-23,LEAGUE,,Montpellier,Brest,3,0,H,France,Ligue 1,football-data.co.uk
league_32dd60156093f607,2023-02-12,LIGUE_1,2022-23,LEAGUE,,Nantes,Lorient,1,0,H,France,Ligue 1,football-data.co.uk
league_7e7df55f96e4b9b3,2023-02-12,LIGUE_1,2022-23,LEAGUE,,Olympique Lyonnais,Lens,2,1,H,France,Ligue 1,football-data.co.uk
league_35ba2b571a2e4646,2023-02-12,LIGUE_1,2022-23,LEAGUE,,Reims,Troyes,4,0,H,France,Ligue 1,football-data.co.uk
league_3d7a4d7f1e97319d,2023-02-12,LIGUE_1,2022-23,LEAGUE,,Toulouse,Rennes,3,1,H,France,Ligue 1,football-data.co.uk
league_f20450af764cc21e,2023-02-17,LIGUE_1,2022-23,LEAGUE,,Auxerre,Olympique Lyonnais,2,1,H,France,Ligue 1,football-data.co.uk
league_894cde3725e8bb80,2023-02-18,LIGUE_1,2022-23,LEAGUE,,Nice,Reims,0,0,D,France,Ligue 1,football-data.co.uk
league_944ca2ca49252145,2023-02-18,LIGUE_1,2022-23,LEAGUE,,Strasbourg,Angers,2,1,H,France,Ligue 1,football-data.co.uk
league_e119a470d3241b10,2023-02-19,LIGUE_1,2022-23,LEAGUE,,Brest,AS Monaco,1,2,A,France,Ligue 1,football-data.co.uk
league_0ec24388d34300f0,2023-02-19,LIGUE_1,2022-23,LEAGUE,,Lens,Nantes,3,1,H,France,Ligue 1,football-data.co.uk
league_f9b23e9d4d3e3376,2023-02-19,LIGUE_1,2022-23,LEAGUE,,Lorient,Ajaccio,3,0,H,France,Ligue 1,football-data.co.uk
league_e9978b75334d6ea1,2023-02-19,LIGUE_1,2022-23,LEAGUE,,Paris Saint-Germain FC,Lille,4,3,H,France,Ligue 1,football-data.co.uk
league_872d3bf7c9cd2130,2023-02-19,LIGUE_1,2022-23,LEAGUE,,Rennes,Clermont,2,0,H,France,Ligue 1,football-data.co.uk
league_448e0911758c384a,2023-02-19,LIGUE_1,2022-23,LEAGUE,,Toulouse,Olympique Marseille,2,3,A,France,Ligue 1,football-data.co.uk
league_75ef77591a3535da,2023-02-19,LIGUE_1,2022-23,LEAGUE,,Troyes,Montpellier,0,1,A,France,Ligue 1,football-data.co.uk
league_915c5fc901fa7cc7,2023-02-24,LIGUE_1,2022-23,LEAGUE,,Lille,Brest,2,1,H,France,Ligue 1,football-data.co.uk
league_27574f0e49f3eb49,2023-02-25,LIGUE_1,2022-23,LEAGUE,,Angers,Olympique Lyonnais,1,3,A,France,Ligue 1,football-data.co.uk
league_daf4c688abd906e9,2023-02-25,LIGUE_1,2022-23,LEAGUE,,Montpellier,Lens,1,1,D,France,Ligue 1,football-data.co.uk
league_d4064a3985fa5a9f,2023-02-26,LIGUE_1,2022-23,LEAGUE,,AS Monaco,Nice,0,3,A,France,Ligue 1,football-data.co.uk
league_56727e6a85658ac2,2023-02-26,LIGUE_1,2022-23,LEAGUE,,Ajaccio,Troyes,2,1,H,France,Ligue 1,football-data.co.uk
league_af7e172e78dda54f,2023-02-26,LIGUE_1,2022-23,LEAGUE,,Clermont,Strasbourg,1,1,D,France,Ligue 1,football-data.co.uk
league_864f8ab3d3280350,2023-02-26,LIGUE_1,2022-23,LEAGUE,,Lorient,Auxerre,0,1,A,France,Ligue 1,football-data.co.uk
league_90677ccec01b91dc,2023-02-26,LIGUE_1,2022-23,LEAGUE,,Nantes,Rennes,0,1,A,France,Ligue 1,football-data.co.uk
league_54d529c0383b0d78,2023-02-26,LIGUE_1,2022-23,LEAGUE,,Olympique Marseille,Paris Saint-Germain FC,0,3,A,France,Ligue 1,football-data.co.uk
league_f953fc5050ff774f,2023-02-26,LIGUE_1,2022-23,LEAGUE,,Reims,Toulouse,3,0,H,France,Ligue 1,football-data.co.uk
league_a16b34e88d89f7f6,2023-03-03,LIGUE_1,2022-23,LEAGUE,,Nice,Auxerre,1,1,D,France,Ligue 1,football-data.co.uk
league_afdf30243c1a27e1,2023-03-04,LIGUE_1,2022-23,LEAGUE,,Lens,Lille,1,1,D,France,Ligue 1,football-data.co.uk
league_c5c339cf7d6a2c3d,2023-03-04,LIGUE_1,2022-23,LEAGUE,,Paris Saint-Germain FC,Nantes,4,2,H,France,Ligue 1,football-data.co.uk
league_eca3b31ad64a3136,2023-03-05,LIGUE_1,2022-23,LEAGUE,,Montpellier,Angers,5,0,H,France,Ligue 1,football-data.co.uk
league_00612775fbc7f6e5,2023-03-05,LIGUE_1,2022-23,LEAGUE,,Olympique Lyonnais,Lorient,0,0,D,France,Ligue 1,football-data.co.uk
league_af78a50f8c1f1792,2023-03-05,LIGUE_1,2022-23,LEAGUE,,Reims,Ajaccio,1,0,H,France,Ligue 1,football-data.co.uk
league_45cc9a790e47c0a0,2023-03-05,LIGUE_1,2022-23,LEAGUE,,Rennes,Olympique Marseille,0,1,A,France,Ligue 1,football-data.co.uk
league_73cdc6a0e0fa8aac,2023-03-05,LIGUE_1,2022-23,LEAGUE,,Strasbourg,Brest,0,1,A,France,Ligue 1,football-data.co.uk
league_cc0df42bf4b6662d,2023-03-05,LIGUE_1,2022-23,LEAGUE,,Toulouse,Clermont,0,1,A,France,Ligue 1,football-data.co.uk
league_19a5bc3158c9d2b6,2023-03-05,LIGUE_1,2022-23,LEAGUE,,Troyes,AS Monaco,2,2,D,France,Ligue 1,football-data.co.uk
league_756b6b137bb216c6,2023-03-10,LIGUE_1,2022-23,LEAGUE,,Lille,Olympique Lyonnais,3,3,D,France,Ligue 1,football-data.co.uk
league_c2bc55bee3f995c4,2023-03-11,LIGUE_1,2022-23,LEAGUE,,Auxerre,Rennes,0,0,D,France,Ligue 1,football-data.co.uk
league_a0fdc0c32a952901,2023-03-11,LIGUE_1,2022-23,LEAGUE,,Brest,Paris Saint-Germain FC,1,2,A,France,Ligue 1,football-data.co.uk
league_5279f1bbe0d062f3,2023-03-12,LIGUE_1,2022-23,LEAGUE,,AS Monaco,Reims,0,1,A,France,Ligue 1,football-data.co.uk
league_5561de1b40a87542,2023-03-12,LIGUE_1,2022-23,LEAGUE,,Ajaccio,Montpellier,0,1,A,France,Ligue 1,football-data.co.uk
league_9a9726953110607b,2023-03-12,LIGUE_1,2022-23,LEAGUE,,Angers,Toulouse,0,2,A,France,Ligue 1,football-data.co.uk
league_18281f7f0b36ca58,2023-03-12,LIGUE_1,2022-23,LEAGUE,,Clermont,Lens,0,4,A,France,Ligue 1,football-data.co.uk
league_68f78b792205f52d,2023-03-12,LIGUE_1,2022-23,LEAGUE,,Lorient,Troyes,2,0,H,France,Ligue 1,football-data.co.uk
league_62f346cde7468579,2023-03-12,LIGUE_1,2022-23,LEAGUE,,Nantes,Nice,2,2,D,France,Ligue 1,football-data.co.uk
league_9f3a266e71e3797a,2023-03-12,LIGUE_1,2022-23,LEAGUE,,Olympique Marseille,Strasbourg,2,2,D,France,Ligue 1,football-data.co.uk
league_0569ed42b957a6b2,2023-03-17,LIGUE_1,2022-23,LEAGUE,,Olympique Lyonnais,Nantes,1,1,D,France,Ligue 1,football-data.co.uk
league_9b46156f2f2ee5f8,2023-03-18,LIGUE_1,2022-23,LEAGUE,,Lens,Angers,3,0,H,France,Ligue 1,football-data.co.uk
league_f40d481b7675c2d9,2023-03-18,LIGUE_1,2022-23,LEAGUE,,Toulouse,Lille,0,2,A,France,Ligue 1,football-data.co.uk
league_6b4b983a517b0163,2023-03-19,LIGUE_1,2022-23,LEAGUE,,Ajaccio,AS Monaco,0,2,A,France,Ligue 1,football-data.co.uk
league_c2e66d3351418326,2023-03-19,LIGUE_1,2022-23,LEAGUE,,Montpellier,Clermont,2,1,H,France,Ligue 1,football-data.co.uk
league_8eaa17ffb6510e80,2023-03-19,LIGUE_1,2022-23,LEAGUE,,Nice,Lorient,1,1,D,France,Ligue 1,football-data.co.uk
league_26ecd8a9fe5ba6fb,2023-03-19,LIGUE_1,2022-23,LEAGUE,,Paris Saint-Germain FC,Rennes,0,2,A,France,Ligue 1,football-data.co.uk
league_9096295313070580,2023-03-19,LIGUE_1,2022-23,LEAGUE,,Reims,Olympique Marseille,1,2,A,France,Ligue 1,football-data.co.uk
league_1e2897230ea8c33c,2023-03-19,LIGUE_1,2022-23,LEAGUE,,Strasbourg,Auxerre,2,0,H,France,Ligue 1,football-data.co.uk
league_898ab9b59a878b75,2023-03-19,LIGUE_1,2022-23,LEAGUE,,Troyes,Brest,2,2,D,France,Ligue 1,football-data.co.uk
league_13d2ee787a84f6fd,2023-03-31,LIGUE_1,2022-23,LEAGUE,,Olympique Marseille,Montpellier,1,1,D,France,Ligue 1,football-data.co.uk
league_78f23e37b39c6acb,2023-04-01,LIGUE_1,2022-23,LEAGUE,,Auxerre,Troyes,1,0,H,France,Ligue 1,football-data.co.uk
league_c62c6c72cc5b55a1,2023-04-01,LIGUE_1,2022-23,LEAGUE,,Rennes,Lens,0,1,A,France,Ligue 1,football-data.co.uk
league_a1528cbf5ac41e6c,2023-04-02,LIGUE_1,2022-23,LEAGUE,,AS Monaco,Strasbourg,4,3,H,France,Ligue 1,football-data.co.uk
league_ff3750e6cfd0311a,2023-04-02,LIGUE_1,2022-23,LEAGUE,,Angers,Nice,1,1,D,France,Ligue 1,football-data.co.uk
league_83e058fd39f689df,2023-04-02,LIGUE_1,2022-23,LEAGUE,,Brest,Toulouse,3,1,H,France,Ligue 1,football-data.co.uk
league_3b364d359d0d718b,2023-04-02,LIGUE_1,2022-23,LEAGUE,,Clermont,Ajaccio,2,1,H,France,Ligue 1,football-data.co.uk
league_688e707a31dbea05,2023-04-02,LIGUE_1,2022-23,LEAGUE,,Lille,Lorient,3,1,H,France,Ligue 1,football-data.co.uk
league_c55c4a9ca7a8fd33,2023-04-02,LIGUE_1,2022-23,LEAGUE,,Nantes,Reims,0,3,A,France,Ligue 1,football-data.co.uk
league_1cba141f4088db38,2023-04-02,LIGUE_1,2022-23,LEAGUE,,Paris Saint-Germain FC,Olympique Lyonnais,0,1,A,France,Ligue 1,football-data.co.uk
league_e2588dc9f78e7468,2023-04-07,LIGUE_1,2022-23,LEAGUE,,Lens,Strasbourg,2,1,H,France,Ligue 1,football-data.co.uk
league_34b650d0daa8d02b,2023-04-08,LIGUE_1,2022-23,LEAGUE,,Angers,Lille,1,0,H,France,Ligue 1,football-data.co.uk
league_5e2ab8232c2e79cc,2023-04-08,LIGUE_1,2022-23,LEAGUE,,Nice,Paris Saint-Germain FC,0,2,A,France,Ligue 1,football-data.co.uk
league_b96abeeab0e9a9c8,2023-04-09,LIGUE_1,2022-23,LEAGUE,,Ajaccio,Auxerre,0,3,A,France,Ligue 1,football-data.co.uk
league_39d0876ddd91094b,2023-04-09,LIGUE_1,2022-23,LEAGUE,,Lorient,Olympique Marseille,0,0,D,France,Ligue 1,football-data.co.uk
league_58265ed993cc6969,2023-04-09,LIGUE_1,2022-23,LEAGUE,,Montpellier,Toulouse,1,2,A,France,Ligue 1,football-data.co.uk
league_204b33cf3036c40c,2023-04-09,LIGUE_1,2022-23,LEAGUE,,Nantes,AS Monaco,2,2,D,France,Ligue 1,football-data.co.uk
league_dcf08a6e99c8cd83,2023-04-09,LIGUE_1,2022-23,LEAGUE,,Olympique Lyonnais,Rennes,3,1,H,France,Ligue 1,football-data.co.uk
league_ce76cec32f120334,2023-04-09,LIGUE_1,2022-23,LEAGUE,,Reims,Brest,1,1,D,France,Ligue 1,football-data.co.uk
league_fde8d4569c94dcff,2023-04-09,LIGUE_1,2022-23,LEAGUE,,Troyes,Clermont,0,2,A,France,Ligue 1,football-data.co.uk
league_3c76bf69583b1f7c,2023-04-14,LIGUE_1,2022-23,LEAGUE,,Toulouse,Olympique Lyonnais,1,2,A,France,Ligue 1,football-data.co.uk
league_624d203d52b9ace0,2023-04-15,LIGUE_1,2022-23,LEAGUE,,Paris Saint-Germain FC,Lens,3,1,H,France,Ligue 1,football-data.co.uk
league_df77185c84fb685a,2023-04-15,LIGUE_1,2022-23,LEAGUE,,Rennes,Reims,3,0,H,France,Ligue 1,football-data.co.uk
league_36827586fdd60c62,2023-04-16,LIGUE_1,2022-23,LEAGUE,,AS Monaco,Lorient,3,1,H,France,Ligue 1,football-data.co.uk
league_99ee58c15e0f9a83,2023-04-16,LIGUE_1,2022-23,LEAGUE,,Auxerre,Nantes,2,1,H,France,Ligue 1,football-data.co.uk
league_d15adee2c5378970,2023-04-16,LIGUE_1,2022-23,LEAGUE,,Brest,Nice,1,0,H,France,Ligue 1,football-data.co.uk
league_f005912a88a6e84c,2023-04-16,LIGUE_1,2022-23,LEAGUE,,Clermont,Angers,2,1,H,France,Ligue 1,football-data.co.uk
league_36ffad8426db244b,2023-04-16,LIGUE_1,2022-23,LEAGUE,,Lille,Montpellier,2,1,H,France,Ligue 1,football-data.co.uk
league_9a50bc2135aacebc,2023-04-16,LIGUE_1,2022-23,LEAGUE,,Olympique Marseille,Troyes,3,1,H,France,Ligue 1,football-data.co.uk
league_bf3bd80b3fe3053e,2023-04-16,LIGUE_1,2022-23,LEAGUE,,Strasbourg,Ajaccio,3,1,H,France,Ligue 1,football-data.co.uk
league_368070c33d333aa9,2023-04-21,LIGUE_1,2022-23,LEAGUE,,Angers,Paris Saint-Germain FC,1,2,A,France,Ligue 1,football-data.co.uk
league_0fc9d4dbc5b00618,2023-04-22,LIGUE_1,2022-23,LEAGUE,,Auxerre,Lille,1,1,D,France,Ligue 1,football-data.co.uk
league_5ffdcb51210a7873,2023-04-22,LIGUE_1,2022-23,LEAGUE,,Lens,AS Monaco,3,0,H,France,Ligue 1,football-data.co.uk
league_b02587e39ff24327,2023-04-23,LIGUE_1,2022-23,LEAGUE,,Ajaccio,Brest,0,0,D,France,Ligue 1,football-data.co.uk
league_b97f2cc0415b4c27,2023-04-23,LIGUE_1,2022-23,LEAGUE,,Lorient,Toulouse,0,1,A,France,Ligue 1,football-data.co.uk
league_9671c066181c416b,2023-04-23,LIGUE_1,2022-23,LEAGUE,,Montpellier,Rennes,1,0,H,France,Ligue 1,football-data.co.uk
league_5d8c9802ea1fc21a,2023-04-23,LIGUE_1,2022-23,LEAGUE,,Nantes,Troyes,2,2,D,France,Ligue 1,football-data.co.uk
league_38ff0f04b962e376,2023-04-23,LIGUE_1,2022-23,LEAGUE,,Nice,Clermont,1,2,A,France,Ligue 1,football-data.co.uk
league_72d666f7e73f410b,2023-04-23,LIGUE_1,2022-23,LEAGUE,,Olympique Lyonnais,Olympique Marseille,1,2,A,France,Ligue 1,football-data.co.uk
league_9640cab308759d27,2023-04-23,LIGUE_1,2022-23,LEAGUE,,Reims,Strasbourg,0,2,A,France,Ligue 1,football-data.co.uk
league_f8b5f9e53e042225,2023-04-28,LIGUE_1,2022-23,LEAGUE,,Strasbourg,Olympique Lyonnais,1,2,A,France,Ligue 1,football-data.co.uk
league_0231647a4262fa8a,2023-04-29,LIGUE_1,2022-23,LEAGUE,,Lille,Ajaccio,3,0,H,France,Ligue 1,football-data.co.uk
league_c9ce3b6dc9ccc198,2023-04-30,LIGUE_1,2022-23,LEAGUE,,AS Monaco,Montpellier,0,4,A,France,Ligue 1,football-data.co.uk
league_7d11279a381d8a4a,2023-04-30,LIGUE_1,2022-23,LEAGUE,,Clermont,Reims,1,0,H,France,Ligue 1,football-data.co.uk
league_b5aa63e616894300,2023-04-30,LIGUE_1,2022-23,LEAGUE,,Olympique Marseille,Auxerre,2,1,H,France,Ligue 1,football-data.co.uk
league_c58fb69b8bbfd24d,2023-04-30,LIGUE_1,2022-23,LEAGUE,,Paris Saint-Germain FC,Lorient,1,3,A,France,Ligue 1,football-data.co.uk
league_7e16988d9ad2efde,2023-04-30,LIGUE_1,2022-23,LEAGUE,,Rennes,Angers,4,2,H,France,Ligue 1,football-data.co.uk
league_c70fdecfb0ea8466,2023-04-30,LIGUE_1,2022-23,LEAGUE,,Troyes,Nice,0,1,A,France,Ligue 1,football-data.co.uk
league_1a379457b74faf3a,2023-05-02,LIGUE_1,2022-23,LEAGUE,,Toulouse,Lens,0,1,A,France,Ligue 1,football-data.co.uk
league_eb7cea66683d0305,2023-05-03,LIGUE_1,2022-23,LEAGUE,,Brest,Nantes,2,0,H,France,Ligue 1,football-data.co.uk
league_299aa9e6ef4b5902,2023-05-06,LIGUE_1,2022-23,LEAGUE,,Lens,Olympique Marseille,2,1,H,France,Ligue 1,football-data.co.uk
league_e11240eacf5204f6,2023-05-06,LIGUE_1,2022-23,LEAGUE,,Nice,Rennes,2,1,H,France,Ligue 1,football-data.co.uk
league_ebe6066686713e76,2023-05-06,LIGUE_1,2022-23,LEAGUE,,Reims,Lille,1,0,H,France,Ligue 1,football-data.co.uk
league_bf2bda632c9a706b,2023-05-07,LIGUE_1,2022-23,LEAGUE,,Ajaccio,Toulouse,0,0,D,France,Ligue 1,football-data.co.uk
league_6f9236d0cc6ea6f5,2023-05-07,LIGUE_1,2022-23,LEAGUE,,Angers,AS Monaco,1,2,A,France,Ligue 1,football-data.co.uk
league_55bfcd34e7f7e46c,2023-05-07,LIGUE_1,2022-23,LEAGUE,,Auxerre,Clermont,1,1,D,France,Ligue 1,football-data.co.uk
league_85004029800c3de9,2023-05-07,LIGUE_1,2022-23,LEAGUE,,Lorient,Brest,2,1,H,France,Ligue 1,football-data.co.uk
league_a82f2cbf76dbfd8c,2023-05-07,LIGUE_1,2022-23,LEAGUE,,Nantes,Strasbourg,0,2,A,France,Ligue 1,football-data.co.uk
league_b80d8db0bad997a7,2023-05-07,LIGUE_1,2022-23,LEAGUE,,Olympique Lyonnais,Montpellier,5,4,H,France,Ligue 1,football-data.co.uk
league_fb9351d10cbe6ce7,2023-05-07,LIGUE_1,2022-23,LEAGUE,,Troyes,Paris Saint-Germain FC,1,3,A,France,Ligue 1,football-data.co.uk
league_6ffb9bd86869277e,2023-05-12,LIGUE_1,2022-23,LEAGUE,,Lens,Reims,2,1,H,France,Ligue 1,football-data.co.uk
league_a101365113dfb416,2023-05-13,LIGUE_1,2022-23,LEAGUE,,Paris Saint-Germain FC,Ajaccio,5,0,H,France,Ligue 1,football-data.co.uk
league_5a63eba80ad17bc5,2023-05-13,LIGUE_1,2022-23,LEAGUE,,Strasbourg,Nice,2,0,H,France,Ligue 1,football-data.co.uk
league_418490928c8eed47,2023-05-14,LIGUE_1,2022-23,LEAGUE,,AS Monaco,Lille,0,0,D,France,Ligue 1,football-data.co.uk
league_7daf49724d974382,2023-05-14,LIGUE_1,2022-23,LEAGUE,,Brest,Auxerre,1,0,H,France,Ligue 1,football-data.co.uk
league_75752983b8000439,2023-05-14,LIGUE_1,2022-23,LEAGUE,,Clermont,Olympique Lyonnais,2,1,H,France,Ligue 1,football-data.co.uk
league_7ccdd4ea90f2d96e,2023-05-14,LIGUE_1,2022-23,LEAGUE,,Montpellier,Lorient,1,1,D,France,Ligue 1,football-data.co.uk
league_47e497299c9e3b01,2023-05-14,LIGUE_1,2022-23,LEAGUE,,Olympique Marseille,Angers,3,1,H,France,Ligue 1,football-data.co.uk
league_80956eef6082460f,2023-05-14,LIGUE_1,2022-23,LEAGUE,,Rennes,Troyes,4,0,H,France,Ligue 1,football-data.co.uk
league_d1e1b11a5f8bda2a,2023-05-14,LIGUE_1,2022-23,LEAGUE,,Toulouse,Nantes,0,0,D,France,Ligue 1,football-data.co.uk
league_2fb32d07a042b88e,2023-05-19,LIGUE_1,2022-23,LEAGUE,,Olympique Lyonnais,AS Monaco,3,1,H,France,Ligue 1,football-data.co.uk
league_896689aadf66e551,2023-05-20,LIGUE_1,2022-23,LEAGUE,,Lille,Olympique Marseille,2,1,H,France,Ligue 1,football-data.co.uk
league_174f5c45f9ca4011,2023-05-20,LIGUE_1,2022-23,LEAGUE,,Nantes,Montpellier,0,3,A,France,Ligue 1,football-data.co.uk
league_bd11816baaa4e923,2023-05-21,LIGUE_1,2022-23,LEAGUE,,Ajaccio,Rennes,0,5,A,France,Ligue 1,football-data.co.uk
league_178fdaf75c16566a,2023-05-21,LIGUE_1,2022-23,LEAGUE,,Auxerre,Paris Saint-Germain FC,1,2,A,France,Ligue 1,football-data.co.uk
league_9bb03159053169b8,2023-05-21,LIGUE_1,2022-23,LEAGUE,,Brest,Clermont,2,1,H,France,Ligue 1,football-data.co.uk
league_8fc9ce0bcbf27e13,2023-05-21,LIGUE_1,2022-23,LEAGUE,,Lorient,Lens,1,3,A,France,Ligue 1,football-data.co.uk
league_110cf84cae2b196f,2023-05-21,LIGUE_1,2022-23,LEAGUE,,Nice,Toulouse,0,0,D,France,Ligue 1,football-data.co.uk
league_acac4634c667c905,2023-05-21,LIGUE_1,2022-23,LEAGUE,,Reims,Angers,2,2,D,France,Ligue 1,football-data.co.uk
league_4397d7575818f070,2023-05-21,LIGUE_1,2022-23,LEAGUE,,Troyes,Strasbourg,1,1,D,France,Ligue 1,football-data.co.uk
league_ca0f290023b4933d,2023-05-27,LIGUE_1,2022-23,LEAGUE,,Angers,Troyes,2,1,H,France,Ligue 1,football-data.co.uk
league_6ff5613daac014e8,2023-05-27,LIGUE_1,2022-23,LEAGUE,,Clermont,Lorient,2,0,H,France,Ligue 1,football-data.co.uk
league_9b51bddbc9ee0c23,2023-05-27,LIGUE_1,2022-23,LEAGUE,,Lens,Ajaccio,3,0,H,France,Ligue 1,football-data.co.uk
league_8fb4aba1ebd73e1d,2023-05-27,LIGUE_1,2022-23,LEAGUE,,Lille,Nantes,2,1,H,France,Ligue 1,football-data.co.uk
league_425c6a67f592f579,2023-05-27,LIGUE_1,2022-23,LEAGUE,,Montpellier,Nice,2,3,A,France,Ligue 1,football-data.co.uk
league_29faa1033f43150f,2023-05-27,LIGUE_1,2022-23,LEAGUE,,Olympique Lyonnais,Reims,3,0,H,France,Ligue 1,football-data.co.uk
league_923aed71afefbcbe,2023-05-27,LIGUE_1,2022-23,LEAGUE,,Olympique Marseille,Brest,1,2,A,France,Ligue 1,football-data.co.uk
league_036977b5de463a46,2023-05-27,LIGUE_1,2022-23,LEAGUE,,Rennes,AS Monaco,2,0,H,France,Ligue 1,football-data.co.uk
league_512621ee7d599c11,2023-05-27,LIGUE_1,2022-23,LEAGUE,,Strasbourg,Paris Saint-Germain FC,1,1,D,France,Ligue 1,football-data.co.uk
league_e65835ade162e79e,2023-05-27,LIGUE_1,2022-23,LEAGUE,,Toulouse,Auxerre,1,1,D,France,Ligue 1,football-data.co.uk
league_cf6b3c9f705411f6,2023-06-03,LIGUE_1,2022-23,LEAGUE,,AS Monaco,Toulouse,1,2,A,France,Ligue 1,football-data.co.uk
league_7ca0f4a01620645e,2023-06-03,LIGUE_1,2022-23,LEAGUE,,Ajaccio,Olympique Marseille,1,0,H,France,Ligue 1,football-data.co.uk
league_08cba7b8c731d632,2023-06-03,LIGUE_1,2022-23,LEAGUE,,Auxerre,Lens,1,3,A,France,Ligue 1,football-data.co.uk
league_9625f8ea9786963e,2023-06-03,LIGUE_1,2022-23,LEAGUE,,Brest,Rennes,1,2,A,France,Ligue 1,football-data.co.uk
league_c3f8c2fb4d662904,2023-06-03,LIGUE_1,2022-23,LEAGUE,,Lorient,Strasbourg,2,1,H,France,Ligue 1,football-data.co.uk
league_97e2e6395f691925,2023-06-03,LIGUE_1,2022-23,LEAGUE,,Nantes,Angers,1,0,H,France,Ligue 1,football-data.co.uk
league_516a46fbdc473381,2023-06-03,LIGUE_1,2022-23,LEAGUE,,Nice,Olympique Lyonnais,3,1,H,France,Ligue 1,football-data.co.uk
league_aa8e167b7045ba70,2023-06-03,LIGUE_1,2022-23,LEAGUE,,Paris Saint-Germain FC,Clermont,2,3,A,France,Ligue 1,football-data.co.uk
league_0262c64a2a8d2301,2023-06-03,LIGUE_1,2022-23,LEAGUE,,Reims,Montpellier,1,3,A,France,Ligue 1,football-data.co.uk
league_ba31752987a5b5d3,2023-06-03,LIGUE_1,2022-23,LEAGUE,,Troyes,Lille,1,1,D,France,Ligue 1,football-data.co.uk
league_a1095a6e49a1d710,2023-08-11,LIGUE_1,2023-24,LEAGUE,,Nice,Lille,1,1,D,France,Ligue 1,football-data.co.uk
league_d008d845d9668515,2023-08-12,LIGUE_1,2023-24,LEAGUE,,Olympique Marseille,Reims,2,1,H,France,Ligue 1,football-data.co.uk
league_2e32843a9a9f1512,2023-08-12,LIGUE_1,2023-24,LEAGUE,,Paris Saint-Germain FC,Lorient,0,0,D,France,Ligue 1,football-data.co.uk
league_02d9ec3fe649143e,2023-08-13,LIGUE_1,2023-24,LEAGUE,,Brest,Lens,3,2,H,France,Ligue 1,football-data.co.uk
league_186d1e8ebc15e6f2,2023-08-13,LIGUE_1,2023-24,LEAGUE,,Clermont,AS Monaco,2,4,A,France,Ligue 1,football-data.co.uk
league_6e91088fe4a022b5,2023-08-13,LIGUE_1,2023-24,LEAGUE,,Montpellier,Le Havre,2,2,D,France,Ligue 1,football-data.co.uk
league_7876ec7eaecf931a,2023-08-13,LIGUE_1,2023-24,LEAGUE,,Nantes,Toulouse,1,2,A,France,Ligue 1,football-data.co.uk
league_664446e5530ce1d9,2023-08-13,LIGUE_1,2023-24,LEAGUE,,Rennes,Metz,5,1,H,France,Ligue 1,football-data.co.uk
league_8f18100dbeb19e11,2023-08-13,LIGUE_1,2023-24,LEAGUE,,Strasbourg,Olympique Lyonnais,2,1,H,France,Ligue 1,football-data.co.uk
league_a655dfc93e62fd88,2023-08-18,LIGUE_1,2023-24,LEAGUE,,Metz,Olympique Marseille,2,2,D,France,Ligue 1,football-data.co.uk
league_3b16b74d05a31806,2023-08-19,LIGUE_1,2023-24,LEAGUE,,Olympique Lyonnais,Montpellier,1,4,A,France,Ligue 1,football-data.co.uk
league_114e54b835efebb4,2023-08-19,LIGUE_1,2023-24,LEAGUE,,Toulouse,Paris Saint-Germain FC,1,1,D,France,Ligue 1,football-data.co.uk
league_b46c90b07ce52939,2023-08-20,LIGUE_1,2023-24,LEAGUE,,AS Monaco,Strasbourg,3,0,H,France,Ligue 1,football-data.co.uk
league_c3e4c64c2987765d,2023-08-20,LIGUE_1,2023-24,LEAGUE,,Le Havre,Brest,1,2,A,France,Ligue 1,football-data.co.uk
league_a7df00e54ce624e3,2023-08-20,LIGUE_1,2023-24,LEAGUE,,Lens,Rennes,1,1,D,France,Ligue 1,football-data.co.uk
league_710c5ca323d2f452,2023-08-20,LIGUE_1,2023-24,LEAGUE,,Lille,Nantes,2,0,H,France,Ligue 1,football-data.co.uk
league_e96d478f6da2a102,2023-08-20,LIGUE_1,2023-24,LEAGUE,,Lorient,Nice,1,1,D,France,Ligue 1,football-data.co.uk
league_0490886132cc1bef,2023-08-20,LIGUE_1,2023-24,LEAGUE,,Reims,Clermont,2,0,H,France,Ligue 1,football-data.co.uk
league_822944037890257b,2023-08-25,LIGUE_1,2023-24,LEAGUE,,Nantes,AS Monaco,3,3,D,France,Ligue 1,football-data.co.uk
league_2b1222cf53ebbec0,2023-08-26,LIGUE_1,2023-24,LEAGUE,,Olympique Marseille,Brest,2,0,H,France,Ligue 1,football-data.co.uk
league_ef01f27548702ad6,2023-08-26,LIGUE_1,2023-24,LEAGUE,,Paris Saint-Germain FC,Lens,3,1,H,France,Ligue 1,football-data.co.uk
league_158d08a17a34e5b0,2023-08-27,LIGUE_1,2023-24,LEAGUE,,Clermont,Metz,0,1,A,France,Ligue 1,football-data.co.uk
league_1ee9f75540829242,2023-08-27,LIGUE_1,2023-24,LEAGUE,,Lorient,Lille,4,1,H,France,Ligue 1,football-data.co.uk
league_4aa9c339020f0e4b,2023-08-27,LIGUE_1,2023-24,LEAGUE,,Montpellier,Reims,1,3,A,France,Ligue 1,football-data.co.uk
league_e08123b673e23754,2023-08-27,LIGUE_1,2023-24,LEAGUE,,Nice,Olympique Lyonnais,0,0,D,France,Ligue 1,football-data.co.uk
league_465c4766214b768a,2023-08-27,LIGUE_1,2023-24,LEAGUE,,Rennes,Le Havre,2,2,D,France,Ligue 1,football-data.co.uk
league_115dfdf80efcc034,2023-08-27,LIGUE_1,2023-24,LEAGUE,,Strasbourg,Toulouse,2,0,H,France,Ligue 1,football-data.co.uk
league_d50c4bbb7ee836ea,2023-09-01,LIGUE_1,2023-24,LEAGUE,,Nantes,Olympique Marseille,1,1,D,France,Ligue 1,football-data.co.uk
league_d21b9be8239cafed,2023-09-02,LIGUE_1,2023-24,LEAGUE,,AS Monaco,Lens,3,0,H,France,Ligue 1,football-data.co.uk
league_38dce33cebed8d21,2023-09-02,LIGUE_1,2023-24,LEAGUE,,Brest,Rennes,0,0,D,France,Ligue 1,football-data.co.uk
league_26a1157c5d7f65a6,2023-09-03,LIGUE_1,2023-24,LEAGUE,,Le Havre,Lorient,3,0,H,France,Ligue 1,football-data.co.uk
league_e76435ff99d6b499,2023-09-03,LIGUE_1,2023-24,LEAGUE,,Lille,Montpellier,1,0,H,France,Ligue 1,football-data.co.uk
league_cf8205f9ac15b012,2023-09-03,LIGUE_1,2023-24,LEAGUE,,Metz,Reims,2,2,D,France,Ligue 1,football-data.co.uk
league_338eea59504ba911,2023-09-03,LIGUE_1,2023-24,LEAGUE,,Nice,Strasbourg,2,0,H,France,Ligue 1,football-data.co.uk
league_bf0363c0c5a39983,2023-09-03,LIGUE_1,2023-24,LEAGUE,,Olympique Lyonnais,Paris Saint-Germain FC,1,4,A,France,Ligue 1,football-data.co.uk
league_8d69a5f5c97b6290,2023-09-03,LIGUE_1,2023-24,LEAGUE,,Toulouse,Clermont,2,2,D,France,Ligue 1,football-data.co.uk
league_fe02f71f22c2c154,2023-09-15,LIGUE_1,2023-24,LEAGUE,,Paris Saint-Germain FC,Nice,2,3,A,France,Ligue 1,football-data.co.uk
league_d91c29654118f7f5,2023-09-16,LIGUE_1,2023-24,LEAGUE,,Lens,Metz,0,1,A,France,Ligue 1,football-data.co.uk
league_341905f498a89345,2023-09-16,LIGUE_1,2023-24,LEAGUE,,Rennes,Lille,2,2,D,France,Ligue 1,football-data.co.uk
league_3c8f03bb9255a4ad,2023-09-17,LIGUE_1,2023-24,LEAGUE,,Clermont,Nantes,0,1,A,France,Ligue 1,football-data.co.uk
league_de107b822236ace1,2023-09-17,LIGUE_1,2023-24,LEAGUE,,Lorient,AS Monaco,2,2,D,France,Ligue 1,football-data.co.uk
league_4e60d5557ca516ea,2023-09-17,LIGUE_1,2023-24,LEAGUE,,Olympique Lyonnais,Le Havre,0,0,D,France,Ligue 1,football-data.co.uk
league_ac35dddd781469e9,2023-09-17,LIGUE_1,2023-24,LEAGUE,,Olympique Marseille,Toulouse,0,0,D,France,Ligue 1,football-data.co.uk
league_a68d739113b99650,2023-09-17,LIGUE_1,2023-24,LEAGUE,,Reims,Brest,1,2,A,France,Ligue 1,football-data.co.uk
league_087e733e4b79e4a7,2023-09-17,LIGUE_1,2023-24,LEAGUE,,Strasbourg,Montpellier,2,2,D,France,Ligue 1,football-data.co.uk
league_9f36d0956073e04a,2023-09-22,LIGUE_1,2023-24,LEAGUE,,AS Monaco,Nice,0,1,A,France,Ligue 1,football-data.co.uk
league_e37648f16c1331b7,2023-09-23,LIGUE_1,2023-24,LEAGUE,,Brest,Olympique Lyonnais,1,0,H,France,Ligue 1,football-data.co.uk
league_4fb5349c41be0ab6,2023-09-23,LIGUE_1,2023-24,LEAGUE,,Nantes,Lorient,5,3,H,France,Ligue 1,football-data.co.uk
league_6101532af6061a47,2023-09-24,LIGUE_1,2023-24,LEAGUE,,Le Havre,Clermont,2,1,H,France,Ligue 1,football-data.co.uk
league_41231c64adf0ec4b,2023-09-24,LIGUE_1,2023-24,LEAGUE,,Lens,Toulouse,2,1,H,France,Ligue 1,football-data.co.uk
league_2de551ff01f652d1,2023-09-24,LIGUE_1,2023-24,LEAGUE,,Metz,Strasbourg,0,1,A,France,Ligue 1,football-data.co.uk
league_f974ec7f0ef0a90e,2023-09-24,LIGUE_1,2023-24,LEAGUE,,Montpellier,Rennes,0,0,D,France,Ligue 1,football-data.co.uk
league_999d030856e15bea,2023-09-24,LIGUE_1,2023-24,LEAGUE,,Paris Saint-Germain FC,Olympique Marseille,4,0,H,France,Ligue 1,football-data.co.uk
league_48174c7e815d12c3,2023-09-26,LIGUE_1,2023-24,LEAGUE,,Lille,Reims,1,2,A,France,Ligue 1,football-data.co.uk
league_0e2932a99da0c01c,2023-09-29,LIGUE_1,2023-24,LEAGUE,,Strasbourg,Lens,0,1,A,France,Ligue 1,football-data.co.uk
league_4bc5274e5059ba93,2023-09-30,LIGUE_1,2023-24,LEAGUE,,AS Monaco,Olympique Marseille,3,2,H,France,Ligue 1,football-data.co.uk
league_10e33c812303e53c,2023-09-30,LIGUE_1,2023-24,LEAGUE,,Clermont,Paris Saint-Germain FC,0,0,D,France,Ligue 1,football-data.co.uk
league_8bbad49aa7473a89,2023-10-01,LIGUE_1,2023-24,LEAGUE,,Le Havre,Lille,0,2,A,France,Ligue 1,football-data.co.uk
league_98dbb4e363095f8c,2023-10-01,LIGUE_1,2023-24,LEAGUE,,Lorient,Montpellier,0,3,A,France,Ligue 1,football-data.co.uk
league_d48d1a46a7ee2dd0,2023-10-01,LIGUE_1,2023-24,LEAGUE,,Nice,Brest,0,0,D,France,Ligue 1,football-data.co.uk
league_edfa13dcfce1d4aa,2023-10-01,LIGUE_1,2023-24,LEAGUE,,Reims,Olympique Lyonnais,2,0,H,France,Ligue 1,football-data.co.uk
league_e1e6e1605cb104d2,2023-10-01,LIGUE_1,2023-24,LEAGUE,,Rennes,Nantes,3,1,H,France,Ligue 1,football-data.co.uk
league_b7ce57b3eeef3f17,2023-10-01,LIGUE_1,2023-24,LEAGUE,,Toulouse,Metz,3,0,H,France,Ligue 1,football-data.co.uk
league_ffde7ce489f01755,2023-10-06,LIGUE_1,2023-24,LEAGUE,,Strasbourg,Nantes,1,2,A,France,Ligue 1,football-data.co.uk
league_306643eda3c7ddc7,2023-10-07,LIGUE_1,2023-24,LEAGUE,,Metz,Nice,0,1,A,France,Ligue 1,football-data.co.uk
league_732b4818a3c8def7,2023-10-07,LIGUE_1,2023-24,LEAGUE,,Reims,AS Monaco,1,3,A,France,Ligue 1,football-data.co.uk
league_77e07c9ecf902329,2023-10-08,LIGUE_1,2023-24,LEAGUE,,Brest,Toulouse,1,1,D,France,Ligue 1,football-data.co.uk
league_ee11fd2ee3bc57f2,2023-10-08,LIGUE_1,2023-24,LEAGUE,,Lens,Lille,1,1,D,France,Ligue 1,football-data.co.uk
league_5cf5d1e492ec74b2,2023-10-08,LIGUE_1,2023-24,LEAGUE,,Olympique Lyonnais,Lorient,3,3,D,France,Ligue 1,football-data.co.uk
league_531ff9ccb2399125,2023-10-08,LIGUE_1,2023-24,LEAGUE,,Olympique Marseille,Le Havre,3,0,H,France,Ligue 1,football-data.co.uk
league_87681a7a90c43e28,2023-10-08,LIGUE_1,2023-24,LEAGUE,,Rennes,Paris Saint-Germain FC,1,3,A,France,Ligue 1,football-data.co.uk
league_6ba5238af10d3f9b,2023-10-20,LIGUE_1,2023-24,LEAGUE,,Le Havre,Lens,0,0,D,France,Ligue 1,football-data.co.uk
league_ff7d9b7b31150cd7,2023-10-21,LIGUE_1,2023-24,LEAGUE,,Nice,Olympique Marseille,1,0,H,France,Ligue 1,football-data.co.uk
league_3fae07c51149c645,2023-10-21,LIGUE_1,2023-24,LEAGUE,,Paris Saint-Germain FC,Strasbourg,3,0,H,France,Ligue 1,football-data.co.uk
league_dfd83a9d26a5b6a9,2023-10-22,LIGUE_1,2023-24,LEAGUE,,AS Monaco,Metz,2,1,H,France,Ligue 1,football-data.co.uk
league_78277d5504caaa4a,2023-10-22,LIGUE_1,2023-24,LEAGUE,,Lille,Brest,1,0,H,France,Ligue 1,football-data.co.uk
league_8f7bf1e8baebc05d,2023-10-22,LIGUE_1,2023-24,LEAGUE,,Lorient,Rennes,2,1,H,France,Ligue 1,football-data.co.uk
league_d2cc554f9d8c4e69,2023-10-22,LIGUE_1,2023-24,LEAGUE,,Nantes,Montpellier,2,0,H,France,Ligue 1,football-data.co.uk
league_21f0c4b661bf9b7c,2023-10-22,LIGUE_1,2023-24,LEAGUE,,Olympique Lyonnais,Clermont,1,2,A,France,Ligue 1,football-data.co.uk
league_f0edc2f955f25d25,2023-10-22,LIGUE_1,2023-24,LEAGUE,,Toulouse,Reims,1,1,D,France,Ligue 1,football-data.co.uk
league_872b8541f43b3de8,2023-10-27,LIGUE_1,2023-24,LEAGUE,,Clermont,Nice,0,1,A,France,Ligue 1,football-data.co.uk
league_2990782a2ee62403,2023-10-28,LIGUE_1,2023-24,LEAGUE,,Lens,Nantes,4,0,H,France,Ligue 1,football-data.co.uk
league_6d7c73ef1fe53f36,2023-10-28,LIGUE_1,2023-24,LEAGUE,,Reims,Lorient,1,0,H,France,Ligue 1,football-data.co.uk
league_662f2ffa986ba06c,2023-10-29,LIGUE_1,2023-24,LEAGUE,,Brest,Paris Saint-Germain FC,2,3,A,France,Ligue 1,football-data.co.uk
league_9875a0e8af6b1837,2023-10-29,LIGUE_1,2023-24,LEAGUE,,Lille,AS Monaco,2,0,H,France,Ligue 1,football-data.co.uk
league_eed498b63d9a7dec,2023-10-29,LIGUE_1,2023-24,LEAGUE,,Metz,Le Havre,0,0,D,France,Ligue 1,football-data.co.uk
league_b40b246bf962005d,2023-10-29,LIGUE_1,2023-24,LEAGUE,,Montpellier,Toulouse,3,0,H,France,Ligue 1,football-data.co.uk
league_c0e51660ec3cf447,2023-10-29,LIGUE_1,2023-24,LEAGUE,,Rennes,Strasbourg,1,1,D,France,Ligue 1,football-data.co.uk
league_0b29d6d77678eb6c,2023-11-03,LIGUE_1,2023-24,LEAGUE,,Paris Saint-Germain FC,Montpellier,3,0,H,France,Ligue 1,football-data.co.uk
league_9619895bd3d2388a,2023-11-04,LIGUE_1,2023-24,LEAGUE,,Lorient,Lens,0,0,D,France,Ligue 1,football-data.co.uk
league_6e43d10db63b470f,2023-11-04,LIGUE_1,2023-24,LEAGUE,,Olympique Marseille,Lille,0,0,D,France,Ligue 1,football-data.co.uk
league_f9e99dca243670a1,2023-11-05,LIGUE_1,2023-24,LEAGUE,,AS Monaco,Brest,2,0,H,France,Ligue 1,football-data.co.uk
league_adaee60b374999f3,2023-11-05,LIGUE_1,2023-24,LEAGUE,,Nantes,Reims,0,1,A,France,Ligue 1,football-data.co.uk
league_c17b52b89d71bddb,2023-11-05,LIGUE_1,2023-24,LEAGUE,,Nice,Rennes,2,0,H,France,Ligue 1,football-data.co.uk
league_e12b1b847adcd073,2023-11-05,LIGUE_1,2023-24,LEAGUE,,Olympique Lyonnais,Metz,1,1,D,France,Ligue 1,football-data.co.uk
league_a1473dd6ec128bc9,2023-11-05,LIGUE_1,2023-24,LEAGUE,,Strasbourg,Clermont,0,0,D,France,Ligue 1,football-data.co.uk
league_cf1db4fd82197620,2023-11-05,LIGUE_1,2023-24,LEAGUE,,Toulouse,Le Havre,1,2,A,France,Ligue 1,football-data.co.uk
league_ab6cd8a150f832ef,2023-11-10,LIGUE_1,2023-24,LEAGUE,,Montpellier,Nice,0,0,D,France,Ligue 1,football-data.co.uk
league_f167c8c370f3e2b2,2023-11-11,LIGUE_1,2023-24,LEAGUE,,Le Havre,AS Monaco,0,0,D,France,Ligue 1,football-data.co.uk
league_e30edfd62e1d4bf4,2023-11-11,LIGUE_1,2023-24,LEAGUE,,Reims,Paris Saint-Germain FC,0,3,A,France,Ligue 1,football-data.co.uk
league_12a98083d77e2681,2023-11-12,LIGUE_1,2023-24,LEAGUE,,Clermont,Lorient,1,0,H,France,Ligue 1,football-data.co.uk
league_99415b0073a82690,2023-11-12,LIGUE_1,2023-24,LEAGUE,,Lens,Olympique Marseille,1,0,H,France,Ligue 1,football-data.co.uk
league_7aa5633376406115,2023-11-12,LIGUE_1,2023-24,LEAGUE,,Lille,Toulouse,1,1,D,France,Ligue 1,football-data.co.uk
league_f00cac94451213e4,2023-11-12,LIGUE_1,2023-24,LEAGUE,,Metz,Nantes,3,1,H,France,Ligue 1,football-data.co.uk
league_262afab45573992c,2023-11-12,LIGUE_1,2023-24,LEAGUE,,Rennes,Olympique Lyonnais,0,1,A,France,Ligue 1,football-data.co.uk
league_d1ae1259ccb19a93,2023-11-24,LIGUE_1,2023-24,LEAGUE,,Paris Saint-Germain FC,AS Monaco,5,2,H,France,Ligue 1,football-data.co.uk
league_7df801db104e3c6a,2023-11-25,LIGUE_1,2023-24,LEAGUE,,Clermont,Lens,0,3,A,France,Ligue 1,football-data.co.uk
league_0a6b3760a1333d9c,2023-11-25,LIGUE_1,2023-24,LEAGUE,,Strasbourg,Olympique Marseille,1,1,D,France,Ligue 1,football-data.co.uk
league_3ca0613788a53ed0,2023-11-26,LIGUE_1,2023-24,LEAGUE,,Lorient,Metz,2,3,A,France,Ligue 1,football-data.co.uk
league_8a378a161e1d3c3c,2023-11-26,LIGUE_1,2023-24,LEAGUE,,Montpellier,Brest,1,3,A,France,Ligue 1,football-data.co.uk
league_bf115ab395f089a2,2023-11-26,LIGUE_1,2023-24,LEAGUE,,Nantes,Le Havre,0,0,D,France,Ligue 1,football-data.co.uk
league_6bde1113dff73cc4,2023-11-26,LIGUE_1,2023-24,LEAGUE,,Nice,Toulouse,1,0,H,France,Ligue 1,football-data.co.uk
league_35b6089b481f396f,2023-11-26,LIGUE_1,2023-24,LEAGUE,,Olympique Lyonnais,Lille,0,2,A,France,Ligue 1,football-data.co.uk
league_39b278fbdada9f07,2023-11-26,LIGUE_1,2023-24,LEAGUE,,Rennes,Reims,3,1,H,France,Ligue 1,football-data.co.uk
league_cc3b8d324d137768,2023-11-29,LIGUE_1,2023-24,LEAGUE,,Montpellier,Clermont,1,1,D,France,Ligue 1,football-data.co.uk
league_fbb84d1c15682187,2023-12-01,LIGUE_1,2023-24,LEAGUE,,Reims,Strasbourg,2,1,H,France,Ligue 1,football-data.co.uk
league_4dbb18f43b4419d1,2023-12-02,LIGUE_1,2023-24,LEAGUE,,Lens,Olympique Lyonnais,3,2,H,France,Ligue 1,football-data.co.uk
league_10b04fc824454d10,2023-12-02,LIGUE_1,2023-24,LEAGUE,,Nantes,Nice,1,0,H,France,Ligue 1,football-data.co.uk
league_8e8dc0cba47a7120,2023-12-03,LIGUE_1,2023-24,LEAGUE,,AS Monaco,Montpellier,2,0,H,France,Ligue 1,football-data.co.uk
league_e792b764fe8f651b,2023-12-03,LIGUE_1,2023-24,LEAGUE,,Brest,Clermont,3,0,H,France,Ligue 1,football-data.co.uk
league_604d6c5f9560ed3a,2023-12-03,LIGUE_1,2023-24,LEAGUE,,Le Havre,Paris Saint-Germain FC,0,2,A,France,Ligue 1,football-data.co.uk
league_9f45be098b5de386,2023-12-03,LIGUE_1,2023-24,LEAGUE,,Lille,Metz,2,0,H,France,Ligue 1,football-data.co.uk
league_3a460f22dc06594a,2023-12-03,LIGUE_1,2023-24,LEAGUE,,Olympique Marseille,Rennes,2,0,H,France,Ligue 1,football-data.co.uk
league_52d9c72732d037d7,2023-12-03,LIGUE_1,2023-24,LEAGUE,,Toulouse,Lorient,1,1,D,France,Ligue 1,football-data.co.uk
league_5e5a4f40b9a6507b,2023-12-06,LIGUE_1,2023-24,LEAGUE,,Olympique Marseille,Olympique Lyonnais,3,0,H,France,Ligue 1,football-data.co.uk
league_8b19e14d5dc6cb68,2023-12-07,LIGUE_1,2023-24,LEAGUE,,Brest,Strasbourg,1,1,D,France,Ligue 1,football-data.co.uk
league_94e414c65896d795,2023-12-08,LIGUE_1,2023-24,LEAGUE,,Montpellier,Lens,0,0,D,France,Ligue 1,football-data.co.uk
league_0b80e9d546f522cf,2023-12-09,LIGUE_1,2023-24,LEAGUE,,Paris Saint-Germain FC,Nantes,2,1,H,France,Ligue 1,football-data.co.uk
league_8da5ba82c689a19a,2023-12-09,LIGUE_1,2023-24,LEAGUE,,Rennes,AS Monaco,1,2,A,France,Ligue 1,football-data.co.uk
league_82b534e87177e95a,2023-12-10,LIGUE_1,2023-24,LEAGUE,,Clermont,Lille,0,0,D,France,Ligue 1,football-data.co.uk
league_a3f4d2ecb732bc86,2023-12-10,LIGUE_1,2023-24,LEAGUE,,Lorient,Olympique Marseille,2,4,A,France,Ligue 1,football-data.co.uk
league_257e6182b1e3299c,2023-12-10,LIGUE_1,2023-24,LEAGUE,,Metz,Brest,0,1,A,France,Ligue 1,football-data.co.uk
league_0a2e40b5da5bfcaa,2023-12-10,LIGUE_1,2023-24,LEAGUE,,Nice,Reims,2,1,H,France,Ligue 1,football-data.co.uk
league_d94916fc54341aab,2023-12-10,LIGUE_1,2023-24,LEAGUE,,Olympique Lyonnais,Toulouse,3,0,H,France,Ligue 1,football-data.co.uk
league_11e0a918576cec26,2023-12-10,LIGUE_1,2023-24,LEAGUE,,Strasbourg,Le Havre,2,1,H,France,Ligue 1,football-data.co.uk
league_828a596e6b33974f,2023-12-15,LIGUE_1,2023-24,LEAGUE,,AS Monaco,Olympique Lyonnais,0,1,A,France,Ligue 1,football-data.co.uk
league_e4e545a9c7b42946,2023-12-16,LIGUE_1,2023-24,LEAGUE,,Le Havre,Nice,3,1,H,France,Ligue 1,football-data.co.uk
league_5b0560eb0ae02718,2023-12-16,LIGUE_1,2023-24,LEAGUE,,Lens,Reims,2,0,H,France,Ligue 1,football-data.co.uk
league_cbcb6a49e7f3a03a,2023-12-17,LIGUE_1,2023-24,LEAGUE,,Lille,Paris Saint-Germain FC,1,1,D,France,Ligue 1,football-data.co.uk
league_9e53718bd5a4f7fc,2023-12-17,LIGUE_1,2023-24,LEAGUE,,Lorient,Strasbourg,1,2,A,France,Ligue 1,football-data.co.uk
league_58e71609ae5e64c9,2023-12-17,LIGUE_1,2023-24,LEAGUE,,Metz,Montpellier,0,1,A,France,Ligue 1,football-data.co.uk
league_3cffe8962fb262d0,2023-12-17,LIGUE_1,2023-24,LEAGUE,,Nantes,Brest,0,2,A,France,Ligue 1,football-data.co.uk
league_1e331e750e2c9658,2023-12-17,LIGUE_1,2023-24,LEAGUE,,Olympique Marseille,Clermont,2,1,H,France,Ligue 1,football-data.co.uk
league_75d649b80c8864ec,2023-12-17,LIGUE_1,2023-24,LEAGUE,,Toulouse,Rennes,0,0,D,France,Ligue 1,football-data.co.uk
league_e564ea2ab310adec,2023-12-20,LIGUE_1,2023-24,LEAGUE,,Brest,Lorient,4,0,H,France,Ligue 1,football-data.co.uk
league_7ab00c891a3eb550,2023-12-20,LIGUE_1,2023-24,LEAGUE,,Clermont,Rennes,1,3,A,France,Ligue 1,football-data.co.uk
league_a0544224d7efb308,2023-12-20,LIGUE_1,2023-24,LEAGUE,,Montpellier,Olympique Marseille,1,1,D,France,Ligue 1,football-data.co.uk
league_7d385804dfd2a5e1,2023-12-20,LIGUE_1,2023-24,LEAGUE,,Nice,Lens,2,0,H,France,Ligue 1,football-data.co.uk
league_ebe2533a14e4ded3,2023-12-20,LIGUE_1,2023-24,LEAGUE,,Olympique Lyonnais,Nantes,1,0,H,France,Ligue 1,football-data.co.uk
league_6faa5e57687e2521,2023-12-20,LIGUE_1,2023-24,LEAGUE,,Paris Saint-Germain FC,Metz,3,1,H,France,Ligue 1,football-data.co.uk
league_3a199e3b8715abd3,2023-12-20,LIGUE_1,2023-24,LEAGUE,,Reims,Le Havre,1,0,H,France,Ligue 1,football-data.co.uk
league_7e7d951bef821068,2023-12-20,LIGUE_1,2023-24,LEAGUE,,Strasbourg,Lille,2,1,H,France,Ligue 1,football-data.co.uk
league_ccc2fbb9ff70c7fe,2023-12-20,LIGUE_1,2023-24,LEAGUE,,Toulouse,AS Monaco,1,2,A,France,Ligue 1,football-data.co.uk
league_35f2122723112e63,2024-01-12,LIGUE_1,2023-24,LEAGUE,,Olympique Marseille,Strasbourg,1,1,D,France,Ligue 1,football-data.co.uk
league_abf4f14a2056cf1a,2024-01-13,LIGUE_1,2023-24,LEAGUE,,AS Monaco,Reims,1,3,A,France,Ligue 1,football-data.co.uk
league_01a7f1167adeb4a6,2024-01-13,LIGUE_1,2023-24,LEAGUE,,Rennes,Nice,2,0,H,France,Ligue 1,football-data.co.uk
league_f8a817b6cf1dc18c,2024-01-14,LIGUE_1,2023-24,LEAGUE,,Brest,Montpellier,2,0,H,France,Ligue 1,football-data.co.uk
league_4c5117040dd297b3,2024-01-14,LIGUE_1,2023-24,LEAGUE,,Le Havre,Olympique Lyonnais,3,1,H,France,Ligue 1,football-data.co.uk
league_53bce15fca7053bc,2024-01-14,LIGUE_1,2023-24,LEAGUE,,Lens,Paris Saint-Germain FC,0,2,A,France,Ligue 1,football-data.co.uk
league_3214e6661ca5208b,2024-01-14,LIGUE_1,2023-24,LEAGUE,,Lille,Lorient,3,0,H,France,Ligue 1,football-data.co.uk
league_c60394b1a6c177a0,2024-01-14,LIGUE_1,2023-24,LEAGUE,,Metz,Toulouse,0,1,A,France,Ligue 1,football-data.co.uk
league_f82cef7b2e646636,2024-01-14,LIGUE_1,2023-24,LEAGUE,,Nantes,Clermont,1,2,A,France,Ligue 1,football-data.co.uk
league_4cd2cd548c6a4e04,2024-01-26,LIGUE_1,2023-24,LEAGUE,,Olympique Lyonnais,Rennes,2,3,A,France,Ligue 1,football-data.co.uk
league_b6784e1348f9d3c1,2024-01-27,LIGUE_1,2023-24,LEAGUE,,Nice,Metz,1,0,H,France,Ligue 1,football-data.co.uk
league_2fcec05c4288a8f4,2024-01-27,LIGUE_1,2023-24,LEAGUE,,Olympique Marseille,AS Monaco,2,2,D,France,Ligue 1,football-data.co.uk
league_6164d878551650dd,2024-01-28,LIGUE_1,2023-24,LEAGUE,,Clermont,Strasbourg,1,1,D,France,Ligue 1,football-data.co.uk
league_adc300f731c98443,2024-01-28,LIGUE_1,2023-24,LEAGUE,,Lorient,Le Havre,3,3,D,France,Ligue 1,football-data.co.uk
league_407169c1b6fc5c13,2024-01-28,LIGUE_1,2023-24,LEAGUE,,Montpellier,Lille,0,0,D,France,Ligue 1,football-data.co.uk
league_d6e692765eeab81d,2024-01-28,LIGUE_1,2023-24,LEAGUE,,Paris Saint-Germain FC,Brest,2,2,D,France,Ligue 1,football-data.co.uk
league_fb551bf5f2ae4284,2024-01-28,LIGUE_1,2023-24,LEAGUE,,Reims,Nantes,0,0,D,France,Ligue 1,football-data.co.uk
league_44d3335268160f5c,2024-01-28,LIGUE_1,2023-24,LEAGUE,,Toulouse,Lens,0,2,A,France,Ligue 1,football-data.co.uk
league_f50ff6354991b626,2024-02-02,LIGUE_1,2023-24,LEAGUE,,Strasbourg,Paris Saint-Germain FC,1,2,A,France,Ligue 1,football-data.co.uk
league_16df05e13e9bc69a,2024-02-03,LIGUE_1,2023-24,LEAGUE,,Nantes,Lens,0,1,A,France,Ligue 1,football-data.co.uk
league_f75bf41478dc22d1,2024-02-03,LIGUE_1,2023-24,LEAGUE,,Rennes,Montpellier,2,1,H,France,Ligue 1,football-data.co.uk
league_484f17ae956d6199,2024-02-04,LIGUE_1,2023-24,LEAGUE,,AS Monaco,Le Havre,1,1,D,France,Ligue 1,football-data.co.uk
league_992fc0860eec02ab,2024-02-04,LIGUE_1,2023-24,LEAGUE,,Brest,Nice,0,0,D,France,Ligue 1,football-data.co.uk
league_267a1ce376e289af,2024-02-04,LIGUE_1,2023-24,LEAGUE,,Lille,Clermont,4,0,H,France,Ligue 1,football-data.co.uk
league_483610022e2925a8,2024-02-04,LIGUE_1,2023-24,LEAGUE,,Metz,Lorient,1,2,A,France,Ligue 1,football-data.co.uk
league_b7f5fc07befde7ea,2024-02-04,LIGUE_1,2023-24,LEAGUE,,Olympique Lyonnais,Olympique Marseille,1,0,H,France,Ligue 1,football-data.co.uk
league_75823d1b57cd730a,2024-02-04,LIGUE_1,2023-24,LEAGUE,,Reims,Toulouse,2,3,A,France,Ligue 1,football-data.co.uk
league_cc0ad0fb8a95a748,2024-02-09,LIGUE_1,2023-24,LEAGUE,,Olympique Marseille,Metz,1,1,D,France,Ligue 1,football-data.co.uk
league_f8331f71768b0712,2024-02-10,LIGUE_1,2023-24,LEAGUE,,Lens,Strasbourg,3,1,H,France,Ligue 1,football-data.co.uk
league_6f70bdb834d55d46,2024-02-10,LIGUE_1,2023-24,LEAGUE,,Paris Saint-Germain FC,Lille,3,1,H,France,Ligue 1,football-data.co.uk
league_2b97cea1749afacc,2024-02-11,LIGUE_1,2023-24,LEAGUE,,Clermont,Brest,1,1,D,France,Ligue 1,football-data.co.uk
league_dc4aabfb506de30b,2024-02-11,LIGUE_1,2023-24,LEAGUE,,Le Havre,Rennes,0,1,A,France,Ligue 1,football-data.co.uk
league_a56bc416c6687588,2024-02-11,LIGUE_1,2023-24,LEAGUE,,Lorient,Reims,2,0,H,France,Ligue 1,football-data.co.uk
league_57673b649407d621,2024-02-11,LIGUE_1,2023-24,LEAGUE,,Montpellier,Olympique Lyonnais,1,2,A,France,Ligue 1,football-data.co.uk
league_eda4ced368460a9e,2024-02-11,LIGUE_1,2023-24,LEAGUE,,Nice,AS Monaco,2,3,A,France,Ligue 1,football-data.co.uk
league_1026b71ae75dc27d,2024-02-11,LIGUE_1,2023-24,LEAGUE,,Toulouse,Nantes,1,2,A,France,Ligue 1,football-data.co.uk
league_7b638c8b81be0f88,2024-02-16,LIGUE_1,2023-24,LEAGUE,,Olympique Lyonnais,Nice,1,0,H,France,Ligue 1,football-data.co.uk
league_126f41d54ef5f2e8,2024-02-17,LIGUE_1,2023-24,LEAGUE,,Lille,Le Havre,3,0,H,France,Ligue 1,football-data.co.uk
league_b35b7fcd7f6b85ec,2024-02-17,LIGUE_1,2023-24,LEAGUE,,Nantes,Paris Saint-Germain FC,0,2,A,France,Ligue 1,football-data.co.uk
league_03e669eb9f23147b,2024-02-18,LIGUE_1,2023-24,LEAGUE,,AS Monaco,Toulouse,1,2,A,France,Ligue 1,football-data.co.uk
league_82d2387f61e6995d,2024-02-18,LIGUE_1,2023-24,LEAGUE,,Brest,Olympique Marseille,1,0,H,France,Ligue 1,football-data.co.uk
league_205c170a45da8407,2024-02-18,LIGUE_1,2023-24,LEAGUE,,Montpellier,Metz,3,0,H,France,Ligue 1,football-data.co.uk
league_08afd9bf3271e9bf,2024-02-18,LIGUE_1,2023-24,LEAGUE,,Reims,Lens,1,1,D,France,Ligue 1,football-data.co.uk
league_3e332e9594f095d1,2024-02-18,LIGUE_1,2023-24,LEAGUE,,Rennes,Clermont,3,1,H,France,Ligue 1,football-data.co.uk
league_57c184f2e3daa628,2024-02-18,LIGUE_1,2023-24,LEAGUE,,Strasbourg,Lorient,1,3,A,France,Ligue 1,football-data.co.uk
league_d4d44e0b3b553c7b,2024-02-23,LIGUE_1,2023-24,LEAGUE,,Metz,Olympique Lyonnais,1,2,A,France,Ligue 1,football-data.co.uk
league_3f0949b8f2e2ae86,2024-02-24,LIGUE_1,2023-24,LEAGUE,,Lorient,Nantes,0,1,A,France,Ligue 1,football-data.co.uk
league_c9654eff45ebae87,2024-02-24,LIGUE_1,2023-24,LEAGUE,,Strasbourg,Brest,0,3,A,France,Ligue 1,football-data.co.uk
league_c020ce7e937ffda2,2024-02-25,LIGUE_1,2023-24,LEAGUE,,Le Havre,Reims,1,2,A,France,Ligue 1,football-data.co.uk
league_80f46ee2a40fe456,2024-02-25,LIGUE_1,2023-24,LEAGUE,,Lens,AS Monaco,2,3,A,France,Ligue 1,football-data.co.uk
league_8c55eda26638de4c,2024-02-25,LIGUE_1,2023-24,LEAGUE,,Nice,Clermont,0,0,D,France,Ligue 1,football-data.co.uk
league_3126a7b567dc2507,2024-02-25,LIGUE_1,2023-24,LEAGUE,,Olympique Marseille,Montpellier,4,1,H,France,Ligue 1,football-data.co.uk
league_0a02884f1876fc16,2024-02-25,LIGUE_1,2023-24,LEAGUE,,Paris Saint-Germain FC,Rennes,1,1,D,France,Ligue 1,football-data.co.uk
league_c1eb0522e3cc0601,2024-02-25,LIGUE_1,2023-24,LEAGUE,,Toulouse,Lille,3,1,H,France,Ligue 1,football-data.co.uk
league_9f6e43ea02ac4ea2,2024-03-01,LIGUE_1,2023-24,LEAGUE,,AS Monaco,Paris Saint-Germain FC,0,0,D,France,Ligue 1,football-data.co.uk
league_39d042b9d4e0f15d,2024-03-02,LIGUE_1,2023-24,LEAGUE,,Clermont,Olympique Marseille,1,5,A,France,Ligue 1,football-data.co.uk
league_8c68b579e9a1b193,2024-03-02,LIGUE_1,2023-24,LEAGUE,,Reims,Lille,0,1,A,France,Ligue 1,football-data.co.uk
league_fd40961f7065d0a6,2024-03-03,LIGUE_1,2023-24,LEAGUE,,Brest,Le Havre,1,0,H,France,Ligue 1,football-data.co.uk
league_d34c8a7962665d0a,2024-03-03,LIGUE_1,2023-24,LEAGUE,,Montpellier,Strasbourg,2,2,D,France,Ligue 1,football-data.co.uk
league_27a1c3438e045369,2024-03-03,LIGUE_1,2023-24,LEAGUE,,Nantes,Metz,0,2,A,France,Ligue 1,football-data.co.uk
league_859a83815f2a6136,2024-03-03,LIGUE_1,2023-24,LEAGUE,,Olympique Lyonnais,Lens,0,3,A,France,Ligue 1,football-data.co.uk
league_c26877907c280c46,2024-03-03,LIGUE_1,2023-24,LEAGUE,,Rennes,Lorient,1,2,A,France,Ligue 1,football-data.co.uk
league_97f3244dc8eb42fa,2024-03-03,LIGUE_1,2023-24,LEAGUE,,Toulouse,Nice,2,1,H,France,Ligue 1,football-data.co.uk
league_f05e9324df787bf2,2024-03-08,LIGUE_1,2023-24,LEAGUE,,Nice,Montpellier,1,2,A,France,Ligue 1,football-data.co.uk
league_d86dbf8b696e0e59,2024-03-09,LIGUE_1,2023-24,LEAGUE,,Lens,Brest,1,0,H,France,Ligue 1,football-data.co.uk
league_45f6929b10ddc203,2024-03-09,LIGUE_1,2023-24,LEAGUE,,Lorient,Olympique Lyonnais,0,2,A,France,Ligue 1,football-data.co.uk
league_539fc22d98d0cf82,2024-03-10,LIGUE_1,2023-24,LEAGUE,,Le Havre,Toulouse,1,0,H,France,Ligue 1,football-data.co.uk
league_68e7538e63e1f1ad,2024-03-10,LIGUE_1,2023-24,LEAGUE,,Lille,Rennes,2,2,D,France,Ligue 1,football-data.co.uk
league_8c96ad48f963d400,2024-03-10,LIGUE_1,2023-24,LEAGUE,,Metz,Clermont,1,0,H,France,Ligue 1,football-data.co.uk
league_6abf0e664c4d68cf,2024-03-10,LIGUE_1,2023-24,LEAGUE,,Olympique Marseille,Nantes,2,0,H,France,Ligue 1,football-data.co.uk
league_a4d7a0fc1641fe3a,2024-03-10,LIGUE_1,2023-24,LEAGUE,,Paris Saint-Germain FC,Reims,2,2,D,France,Ligue 1,football-data.co.uk
league_0550d23775d2dc5e,2024-03-10,LIGUE_1,2023-24,LEAGUE,,Strasbourg,AS Monaco,0,1,A,France,Ligue 1,football-data.co.uk
league_cda8897f4f0c4adb,2024-03-15,LIGUE_1,2023-24,LEAGUE,,Toulouse,Olympique Lyonnais,2,3,A,France,Ligue 1,football-data.co.uk
league_f6a94e1d6700f78e,2024-03-16,LIGUE_1,2023-24,LEAGUE,,Lens,Nice,1,3,A,France,Ligue 1,football-data.co.uk
league_583a928be73b298b,2024-03-16,LIGUE_1,2023-24,LEAGUE,,Nantes,Strasbourg,1,3,A,France,Ligue 1,football-data.co.uk
league_4cca7c35e4d11ae8,2024-03-17,LIGUE_1,2023-24,LEAGUE,,AS Monaco,Lorient,2,2,D,France,Ligue 1,football-data.co.uk
league_b9c27fab71e823e7,2024-03-17,LIGUE_1,2023-24,LEAGUE,,Brest,Lille,1,1,D,France,Ligue 1,football-data.co.uk
league_656233256b6e882d,2024-03-17,LIGUE_1,2023-24,LEAGUE,,Clermont,Le Havre,2,1,H,France,Ligue 1,football-data.co.uk
league_a59dfb58556d2daf,2024-03-17,LIGUE_1,2023-24,LEAGUE,,Montpellier,Paris Saint-Germain FC,2,6,A,France,Ligue 1,football-data.co.uk
league_21fef0c5c8f6fc4c,2024-03-17,LIGUE_1,2023-24,LEAGUE,,Reims,Metz,2,1,H,France,Ligue 1,football-data.co.uk
league_16a9adb044056901,2024-03-17,LIGUE_1,2023-24,LEAGUE,,Rennes,Olympique Marseille,2,0,H,France,Ligue 1,football-data.co.uk
league_e5f55982835c1fae,2024-03-29,LIGUE_1,2023-24,LEAGUE,,Lille,Lens,2,1,H,France,Ligue 1,football-data.co.uk
league_7a98fa638f421d8f,2024-03-30,LIGUE_1,2023-24,LEAGUE,,Metz,AS Monaco,2,5,A,France,Ligue 1,football-data.co.uk
league_8c5477a13516741b,2024-03-30,LIGUE_1,2023-24,LEAGUE,,Olympique Lyonnais,Reims,1,1,D,France,Ligue 1,football-data.co.uk
league_af27e3dd5d9a859b,2024-03-31,LIGUE_1,2023-24,LEAGUE,,Clermont,Toulouse,0,3,A,France,Ligue 1,football-data.co.uk
league_c91e9f348f90f4eb,2024-03-31,LIGUE_1,2023-24,LEAGUE,,Le Havre,Montpellier,0,2,A,France,Ligue 1,football-data.co.uk
league_1cfd93c2885961b5,2024-03-31,LIGUE_1,2023-24,LEAGUE,,Lorient,Brest,0,1,A,France,Ligue 1,football-data.co.uk
league_d41fe7ff2862dc87,2024-03-31,LIGUE_1,2023-24,LEAGUE,,Nice,Nantes,1,2,A,France,Ligue 1,football-data.co.uk
league_51776d2b8cce25d7,2024-03-31,LIGUE_1,2023-24,LEAGUE,,Olympique Marseille,Paris Saint-Germain FC,0,2,A,France,Ligue 1,football-data.co.uk
league_6e18ad15dc4c3940,2024-03-31,LIGUE_1,2023-24,LEAGUE,,Strasbourg,Rennes,2,0,H,France,Ligue 1,football-data.co.uk
league_0fe26314b6475a56,2024-04-05,LIGUE_1,2023-24,LEAGUE,,Lille,Olympique Marseille,3,1,H,France,Ligue 1,football-data.co.uk
league_771217c1ba7b169c,2024-04-06,LIGUE_1,2023-24,LEAGUE,,Lens,Le Havre,1,1,D,France,Ligue 1,football-data.co.uk
league_25e33ede6e344cfc,2024-04-06,LIGUE_1,2023-24,LEAGUE,,Paris Saint-Germain FC,Clermont,1,1,D,France,Ligue 1,football-data.co.uk
league_6162b881243c3b8b,2024-04-07,LIGUE_1,2023-24,LEAGUE,,AS Monaco,Rennes,1,0,H,France,Ligue 1,football-data.co.uk
league_15e1c3a64f1f4625,2024-04-07,LIGUE_1,2023-24,LEAGUE,,Brest,Metz,4,3,H,France,Ligue 1,football-data.co.uk
league_29b8b85f135252a7,2024-04-07,LIGUE_1,2023-24,LEAGUE,,Montpellier,Lorient,2,0,H,France,Ligue 1,football-data.co.uk
league_4321b9ee5c23378f,2024-04-07,LIGUE_1,2023-24,LEAGUE,,Nantes,Olympique Lyonnais,1,3,A,France,Ligue 1,football-data.co.uk
league_45bf2fd60bed7ad3,2024-04-07,LIGUE_1,2023-24,LEAGUE,,Reims,Nice,0,0,D,France,Ligue 1,football-data.co.uk
league_f7162a33e51fdb09,2024-04-07,LIGUE_1,2023-24,LEAGUE,,Toulouse,Strasbourg,0,0,D,France,Ligue 1,football-data.co.uk
league_abd659a78de39754,2024-04-12,LIGUE_1,2023-24,LEAGUE,,Metz,Lens,2,1,H,France,Ligue 1,football-data.co.uk
league_bb16eb363a4e31f9,2024-04-13,LIGUE_1,2023-24,LEAGUE,,Rennes,Toulouse,1,2,A,France,Ligue 1,football-data.co.uk
league_8043ab64753a2a74,2024-04-13,LIGUE_1,2023-24,LEAGUE,,Strasbourg,Reims,3,1,H,France,Ligue 1,football-data.co.uk
league_0205869d9a626ca0,2024-04-14,LIGUE_1,2023-24,LEAGUE,,Clermont,Montpellier,1,1,D,France,Ligue 1,football-data.co.uk
league_b7be13b2fb6985b6,2024-04-14,LIGUE_1,2023-24,LEAGUE,,Le Havre,Nantes,0,1,A,France,Ligue 1,football-data.co.uk
league_d3e46765e6eb8087,2024-04-14,LIGUE_1,2023-24,LEAGUE,,Olympique Lyonnais,Brest,4,3,H,France,Ligue 1,football-data.co.uk
league_11a52fa3d0d78ae7,2024-04-19,LIGUE_1,2023-24,LEAGUE,,Nice,Lorient,3,0,H,France,Ligue 1,football-data.co.uk
league_e4372e2722e607b5,2024-04-20,LIGUE_1,2023-24,LEAGUE,,Lens,Clermont,1,0,H,France,Ligue 1,football-data.co.uk
league_396f4e1d793add76,2024-04-20,LIGUE_1,2023-24,LEAGUE,,Nantes,Rennes,0,3,A,France,Ligue 1,football-data.co.uk
league_e2d20abd29b544cc,2024-04-21,LIGUE_1,2023-24,LEAGUE,,Brest,AS Monaco,0,2,A,France,Ligue 1,football-data.co.uk
league_72e016f4d2a0b174,2024-04-21,LIGUE_1,2023-24,LEAGUE,,Le Havre,Metz,0,1,A,France,Ligue 1,football-data.co.uk
league_810c522217c2fb09,2024-04-21,LIGUE_1,2023-24,LEAGUE,,Lille,Strasbourg,1,0,H,France,Ligue 1,football-data.co.uk
league_d8b827b40c6d0079,2024-04-21,LIGUE_1,2023-24,LEAGUE,,Paris Saint-Germain FC,Olympique Lyonnais,4,1,H,France,Ligue 1,football-data.co.uk
league_8d1d571adf142cc8,2024-04-21,LIGUE_1,2023-24,LEAGUE,,Reims,Montpellier,1,2,A,France,Ligue 1,football-data.co.uk
league_368d72ecb95a2711,2024-04-21,LIGUE_1,2023-24,LEAGUE,,Toulouse,Olympique Marseille,2,2,D,France,Ligue 1,football-data.co.uk
league_8ca37ac433472369,2024-04-24,LIGUE_1,2023-24,LEAGUE,,AS Monaco,Lille,1,0,H,France,Ligue 1,football-data.co.uk
league_97140ba65ef8132c,2024-04-24,LIGUE_1,2023-24,LEAGUE,,Lorient,Paris Saint-Germain FC,1,4,A,France,Ligue 1,football-data.co.uk
league_0f44178fd2b0c386,2024-04-24,LIGUE_1,2023-24,LEAGUE,,Olympique Marseille,Nice,2,2,D,France,Ligue 1,football-data.co.uk
league_b91d7a07afedeb46,2024-04-26,LIGUE_1,2023-24,LEAGUE,,Montpellier,Nantes,1,1,D,France,Ligue 1,football-data.co.uk
league_af7d4caf20f1de71,2024-04-27,LIGUE_1,2023-24,LEAGUE,,Paris Saint-Germain FC,Le Havre,3,3,D,France,Ligue 1,football-data.co.uk
league_f11580874fbc9814,2024-04-28,LIGUE_1,2023-24,LEAGUE,,Clermont,Reims,4,1,H,France,Ligue 1,football-data.co.uk
league_c90677bbd1059c02,2024-04-28,LIGUE_1,2023-24,LEAGUE,,Lorient,Toulouse,1,2,A,France,Ligue 1,football-data.co.uk
league_ba677ba2362a9b1b,2024-04-28,LIGUE_1,2023-24,LEAGUE,,Metz,Lille,1,2,A,France,Ligue 1,football-data.co.uk
league_1e4d1b1c9e7d0da2,2024-04-28,LIGUE_1,2023-24,LEAGUE,,Olympique Lyonnais,AS Monaco,3,2,H,France,Ligue 1,football-data.co.uk
league_39d5945d72cfd4c8,2024-04-28,LIGUE_1,2023-24,LEAGUE,,Olympique Marseille,Lens,2,1,H,France,Ligue 1,football-data.co.uk
league_e8b6366b5f950b71,2024-04-28,LIGUE_1,2023-24,LEAGUE,,Rennes,Brest,4,5,A,France,Ligue 1,football-data.co.uk
league_2f8786df38690157,2024-04-28,LIGUE_1,2023-24,LEAGUE,,Strasbourg,Nice,1,3,A,France,Ligue 1,football-data.co.uk
league_a244c0ffdd7c8d7a,2024-05-03,LIGUE_1,2023-24,LEAGUE,,Lens,Lorient,2,0,H,France,Ligue 1,football-data.co.uk
league_3a6a908873ed815e,2024-05-03,LIGUE_1,2023-24,LEAGUE,,Toulouse,Montpellier,1,2,A,France,Ligue 1,football-data.co.uk
league_5d575e122505e1ed,2024-05-04,LIGUE_1,2023-24,LEAGUE,,AS Monaco,Clermont,4,1,H,France,Ligue 1,football-data.co.uk
league_40df22ba95423880,2024-05-04,LIGUE_1,2023-24,LEAGUE,,Brest,Nantes,0,0,D,France,Ligue 1,football-data.co.uk
league_47a529d4f661c579,2024-05-04,LIGUE_1,2023-24,LEAGUE,,Le Havre,Strasbourg,3,1,H,France,Ligue 1,football-data.co.uk
league_d87b9b7116e1f0fc,2024-05-04,LIGUE_1,2023-24,LEAGUE,,Metz,Rennes,2,3,A,France,Ligue 1,football-data.co.uk
league_8e221ac38a2989ac,2024-05-06,LIGUE_1,2023-24,LEAGUE,,Lille,Olympique Lyonnais,3,4,A,France,Ligue 1,football-data.co.uk
league_610c74710834279b,2024-05-10,LIGUE_1,2023-24,LEAGUE,,Brest,Reims,1,1,D,France,Ligue 1,football-data.co.uk
league_a9e4460bc706dd56,2024-05-10,LIGUE_1,2023-24,LEAGUE,,Nice,Le Havre,1,0,H,France,Ligue 1,football-data.co.uk
league_ee0949878f24cb40,2024-05-12,LIGUE_1,2023-24,LEAGUE,,Clermont,Olympique Lyonnais,0,1,A,France,Ligue 1,football-data.co.uk
league_b4c59d9c986e589f,2024-05-12,LIGUE_1,2023-24,LEAGUE,,Montpellier,AS Monaco,0,2,A,France,Ligue 1,football-data.co.uk
league_3b02f003e07c28c6,2024-05-12,LIGUE_1,2023-24,LEAGUE,,Nantes,Lille,1,2,A,France,Ligue 1,football-data.co.uk
league_5a0e2691fd8bc109,2024-05-12,LIGUE_1,2023-24,LEAGUE,,Olympique Marseille,Lorient,3,1,H,France,Ligue 1,football-data.co.uk
league_41ef6b04587bde86,2024-05-12,LIGUE_1,2023-24,LEAGUE,,Paris Saint-Germain FC,Toulouse,1,3,A,France,Ligue 1,football-data.co.uk
league_1fb1b7ce8b4c0799,2024-05-12,LIGUE_1,2023-24,LEAGUE,,Rennes,Lens,1,1,D,France,Ligue 1,football-data.co.uk
league_4861c8a85534883c,2024-05-12,LIGUE_1,2023-24,LEAGUE,,Strasbourg,Metz,2,1,H,France,Ligue 1,football-data.co.uk
league_1c1c8d155866a2da,2024-05-15,LIGUE_1,2023-24,LEAGUE,,Nice,Paris Saint-Germain FC,1,2,A,France,Ligue 1,football-data.co.uk
league_e848b4f5ad0c8e8e,2024-05-15,LIGUE_1,2023-24,LEAGUE,,Reims,Olympique Marseille,1,0,H,France,Ligue 1,football-data.co.uk
league_2497cc19226b7808,2024-05-19,LIGUE_1,2023-24,LEAGUE,,AS Monaco,Nantes,4,0,H,France,Ligue 1,football-data.co.uk
league_8b14e34084a95840,2024-05-19,LIGUE_1,2023-24,LEAGUE,,Le Havre,Olympique Marseille,1,2,A,France,Ligue 1,football-data.co.uk
league_619b3f85131af035,2024-05-19,LIGUE_1,2023-24,LEAGUE,,Lens,Montpellier,2,2,D,France,Ligue 1,football-data.co.uk
league_eb20155cc1d671b6,2024-05-19,LIGUE_1,2023-24,LEAGUE,,Lille,Nice,2,2,D,France,Ligue 1,football-data.co.uk
league_0d6c117c414893e6,2024-05-19,LIGUE_1,2023-24,LEAGUE,,Lorient,Clermont,5,0,H,France,Ligue 1,football-data.co.uk
league_a22fd3cc6971fa82,2024-05-19,LIGUE_1,2023-24,LEAGUE,,Metz,Paris Saint-Germain FC,0,2,A,France,Ligue 1,football-data.co.uk
league_17ab131bc919866e,2024-05-19,LIGUE_1,2023-24,LEAGUE,,Olympique Lyonnais,Strasbourg,2,1,H,France,Ligue 1,football-data.co.uk
league_fab5cc98dd95f766,2024-05-19,LIGUE_1,2023-24,LEAGUE,,Reims,Rennes,2,1,H,France,Ligue 1,football-data.co.uk
league_b46aa78f1c18a0f1,2024-05-19,LIGUE_1,2023-24,LEAGUE,,Toulouse,Brest,0,3,A,France,Ligue 1,football-data.co.uk
league_126773289f2d1512,2024-08-16,LIGUE_1,2024-25,LEAGUE,,Le Havre,Paris Saint-Germain FC,1,4,A,France,Ligue 1,football-data.co.uk
league_bda51f117a455deb,2024-08-17,LIGUE_1,2024-25,LEAGUE,,AS Monaco,AS Saint-Étienne,1,0,H,France,Ligue 1,football-data.co.uk
league_bd2c1aeba1f111ac,2024-08-17,LIGUE_1,2024-25,LEAGUE,,Brest,Olympique Marseille,1,5,A,France,Ligue 1,football-data.co.uk
league_1519ec4413882590,2024-08-17,LIGUE_1,2024-25,LEAGUE,,Reims,Lille,0,2,A,France,Ligue 1,football-data.co.uk
league_e00862679de515ba,2024-08-18,LIGUE_1,2024-25,LEAGUE,,Angers,Lens,0,1,A,France,Ligue 1,football-data.co.uk
league_8b797f4d5d58ea5b,2024-08-18,LIGUE_1,2024-25,LEAGUE,,Auxerre,Nice,2,1,H,France,Ligue 1,football-data.co.uk
league_dc0e3fb95ccd788a,2024-08-18,LIGUE_1,2024-25,LEAGUE,,Montpellier,Strasbourg,1,1,D,France,Ligue 1,football-data.co.uk
league_5762debdcabadc2f,2024-08-18,LIGUE_1,2024-25,LEAGUE,,Rennes,Olympique Lyonnais,3,0,H,France,Ligue 1,football-data.co.uk
league_f0a3f29dbb64d274,2024-08-18,LIGUE_1,2024-25,LEAGUE,,Toulouse,Nantes,0,0,D,France,Ligue 1,football-data.co.uk
league_79c9c4680f584e6c,2024-08-23,LIGUE_1,2024-25,LEAGUE,,Paris Saint-Germain FC,Montpellier,6,0,H,France,Ligue 1,football-data.co.uk
league_395d6869350492a8,2024-08-24,LIGUE_1,2024-25,LEAGUE,,AS Saint-Étienne,Le Havre,0,2,A,France,Ligue 1,football-data.co.uk
league_18d5c25e25519a2b,2024-08-24,LIGUE_1,2024-25,LEAGUE,,Lille,Angers,2,0,H,France,Ligue 1,football-data.co.uk
league_a511f69e50a0c3cc,2024-08-24,LIGUE_1,2024-25,LEAGUE,,Olympique Lyonnais,AS Monaco,0,2,A,France,Ligue 1,football-data.co.uk
league_808f6d59e0cbc260,2024-08-25,LIGUE_1,2024-25,LEAGUE,,Lens,Brest,2,0,H,France,Ligue 1,football-data.co.uk
league_b80e724b876f6205,2024-08-25,LIGUE_1,2024-25,LEAGUE,,Nantes,Auxerre,2,0,H,France,Ligue 1,football-data.co.uk
league_38f8b67001003dbe,2024-08-25,LIGUE_1,2024-25,LEAGUE,,Nice,Toulouse,1,1,D,France,Ligue 1,football-data.co.uk
league_8a5b64c37a4a59ce,2024-08-25,LIGUE_1,2024-25,LEAGUE,,Olympique Marseille,Reims,2,2,D,France,Ligue 1,football-data.co.uk
league_e276bddfab231a03,2024-08-25,LIGUE_1,2024-25,LEAGUE,,Strasbourg,Rennes,3,1,H,France,Ligue 1,football-data.co.uk
league_8c9e54862ec0ab9d,2024-08-30,LIGUE_1,2024-25,LEAGUE,,Olympique Lyonnais,Strasbourg,4,3,H,France,Ligue 1,football-data.co.uk
league_1733a682fd95af06,2024-08-31,LIGUE_1,2024-25,LEAGUE,,Brest,AS Saint-Étienne,4,0,H,France,Ligue 1,football-data.co.uk
league_919fe49b98dc1112,2024-08-31,LIGUE_1,2024-25,LEAGUE,,Montpellier,Nantes,1,3,A,France,Ligue 1,football-data.co.uk
league_a97858537b7b5f9a,2024-08-31,LIGUE_1,2024-25,LEAGUE,,Toulouse,Olympique Marseille,1,3,A,France,Ligue 1,football-data.co.uk
league_963825edf6ed0882,2024-09-01,LIGUE_1,2024-25,LEAGUE,,AS Monaco,Lens,1,1,D,France,Ligue 1,football-data.co.uk
league_45b51316ab4feac2,2024-09-01,LIGUE_1,2024-25,LEAGUE,,Angers,Nice,1,4,A,France,Ligue 1,football-data.co.uk
league_eccfdf0cf466bfb4,2024-09-01,LIGUE_1,2024-25,LEAGUE,,Le Havre,Auxerre,3,1,H,France,Ligue 1,football-data.co.uk
league_0cac8b99d5d8e668,2024-09-01,LIGUE_1,2024-25,LEAGUE,,Lille,Paris Saint-Germain FC,1,3,A,France,Ligue 1,football-data.co.uk
league_d3d222567c2ae59d,2024-09-01,LIGUE_1,2024-25,LEAGUE,,Reims,Rennes,2,1,H,France,Ligue 1,football-data.co.uk
league_b8a16d5229c822b4,2024-09-13,LIGUE_1,2024-25,LEAGUE,,AS Saint-Étienne,Lille,1,0,H,France,Ligue 1,football-data.co.uk
league_928df5a356b55d84,2024-09-14,LIGUE_1,2024-25,LEAGUE,,Auxerre,AS Monaco,0,3,A,France,Ligue 1,football-data.co.uk
league_b77f9bee5c964ab9,2024-09-14,LIGUE_1,2024-25,LEAGUE,,Olympique Marseille,Nice,2,0,H,France,Ligue 1,football-data.co.uk
league_5d9bac6d7b8ae0a0,2024-09-14,LIGUE_1,2024-25,LEAGUE,,Paris Saint-Germain FC,Brest,3,1,H,France,Ligue 1,football-data.co.uk
league_037de2fcccd240b8,2024-09-15,LIGUE_1,2024-25,LEAGUE,,Lens,Olympique Lyonnais,0,0,D,France,Ligue 1,football-data.co.uk
league_95c61fbd384345ea,2024-09-15,LIGUE_1,2024-25,LEAGUE,,Nantes,Reims,1,2,A,France,Ligue 1,football-data.co.uk
league_5a1f20043618b0c9,2024-09-15,LIGUE_1,2024-25,LEAGUE,,Rennes,Montpellier,3,0,H,France,Ligue 1,football-data.co.uk
league_98221677b41480e7,2024-09-15,LIGUE_1,2024-25,LEAGUE,,Strasbourg,Angers,1,1,D,France,Ligue 1,football-data.co.uk
league_edb6f49f0679488b,2024-09-15,LIGUE_1,2024-25,LEAGUE,,Toulouse,Le Havre,2,0,H,France,Ligue 1,football-data.co.uk
league_7005eb093bd5b60a,2024-09-20,LIGUE_1,2024-25,LEAGUE,,Nice,AS Saint-Étienne,8,0,H,France,Ligue 1,football-data.co.uk
league_138e6db320d5169c,2024-09-21,LIGUE_1,2024-25,LEAGUE,,Lille,Strasbourg,3,3,D,France,Ligue 1,football-data.co.uk
league_973ef82b3b65588b,2024-09-21,LIGUE_1,2024-25,LEAGUE,,Reims,Paris Saint-Germain FC,1,1,D,France,Ligue 1,football-data.co.uk
league_5b1b9996f4ed9dc7,2024-09-21,LIGUE_1,2024-25,LEAGUE,,Rennes,Lens,1,1,D,France,Ligue 1,football-data.co.uk
league_b7799c984ee105c1,2024-09-22,LIGUE_1,2024-25,LEAGUE,,AS Monaco,Le Havre,3,1,H,France,Ligue 1,football-data.co.uk
league_ead7ee8225caab83,2024-09-22,LIGUE_1,2024-25,LEAGUE,,Angers,Nantes,1,1,D,France,Ligue 1,football-data.co.uk
league_6dcc6a47d911d3fa,2024-09-22,LIGUE_1,2024-25,LEAGUE,,Brest,Toulouse,2,0,H,France,Ligue 1,football-data.co.uk
league_0e3018a4588ce6ad,2024-09-22,LIGUE_1,2024-25,LEAGUE,,Montpellier,Auxerre,3,2,H,France,Ligue 1,football-data.co.uk
league_b39437511ded5cee,2024-09-22,LIGUE_1,2024-25,LEAGUE,,Olympique Lyonnais,Olympique Marseille,2,3,A,France,Ligue 1,football-data.co.uk
league_9d2a046b0162ad54,2024-09-27,LIGUE_1,2024-25,LEAGUE,,Auxerre,Brest,3,0,H,France,Ligue 1,football-data.co.uk
league_7f81e276fa86f3c9,2024-09-27,LIGUE_1,2024-25,LEAGUE,,Paris Saint-Germain FC,Rennes,3,1,H,France,Ligue 1,football-data.co.uk
league_5c13a710ee7ec7f2,2024-09-28,LIGUE_1,2024-25,LEAGUE,,AS Monaco,Montpellier,2,1,H,France,Ligue 1,football-data.co.uk
league_ce99d3f038e837c1,2024-09-28,LIGUE_1,2024-25,LEAGUE,,Le Havre,Lille,0,3,A,France,Ligue 1,football-data.co.uk
league_305d948b22846156,2024-09-28,LIGUE_1,2024-25,LEAGUE,,Lens,Nice,0,0,D,France,Ligue 1,football-data.co.uk
league_b420cbdbe1f6c4a9,2024-09-29,LIGUE_1,2024-25,LEAGUE,,Angers,Reims,1,3,A,France,Ligue 1,football-data.co.uk
league_cc5e117da9fc9c92,2024-09-29,LIGUE_1,2024-25,LEAGUE,,Nantes,AS Saint-Étienne,2,2,D,France,Ligue 1,football-data.co.uk
league_52fe40e31dce9955,2024-09-29,LIGUE_1,2024-25,LEAGUE,,Strasbourg,Olympique Marseille,1,0,H,France,Ligue 1,football-data.co.uk
league_bba0c70f3c05e7bf,2024-09-29,LIGUE_1,2024-25,LEAGUE,,Toulouse,Olympique Lyonnais,1,2,A,France,Ligue 1,football-data.co.uk
league_ef825710334b1d71,2024-10-04,LIGUE_1,2024-25,LEAGUE,,Olympique Marseille,Angers,1,1,D,France,Ligue 1,football-data.co.uk
league_9a30773e482aa954,2024-10-05,LIGUE_1,2024-25,LEAGUE,,AS Saint-Étienne,Auxerre,3,1,H,France,Ligue 1,football-data.co.uk
league_54c1655e43cde09c,2024-10-05,LIGUE_1,2024-25,LEAGUE,,Lille,Toulouse,2,1,H,France,Ligue 1,football-data.co.uk
league_da6930f497dd5d8b,2024-10-05,LIGUE_1,2024-25,LEAGUE,,Rennes,AS Monaco,1,2,A,France,Ligue 1,football-data.co.uk
league_9017c55f8e3fee6e,2024-10-06,LIGUE_1,2024-25,LEAGUE,,Brest,Le Havre,2,0,H,France,Ligue 1,football-data.co.uk
league_dc2f2c7e3e3365f9,2024-10-06,LIGUE_1,2024-25,LEAGUE,,Nice,Paris Saint-Germain FC,1,1,D,France,Ligue 1,football-data.co.uk
league_f0f9477acbcde501,2024-10-06,LIGUE_1,2024-25,LEAGUE,,Olympique Lyonnais,Nantes,2,0,H,France,Ligue 1,football-data.co.uk
league_fa4429d32a68796f,2024-10-06,LIGUE_1,2024-25,LEAGUE,,Reims,Montpellier,4,2,H,France,Ligue 1,football-data.co.uk
league_c88173ef5fded7eb,2024-10-06,LIGUE_1,2024-25,LEAGUE,,Strasbourg,Lens,2,2,D,France,Ligue 1,football-data.co.uk
league_323e86d7fb89b948,2024-10-18,LIGUE_1,2024-25,LEAGUE,,AS Monaco,Lille,0,0,D,France,Ligue 1,football-data.co.uk
league_a150b5d32e742d89,2024-10-19,LIGUE_1,2024-25,LEAGUE,,AS Saint-Étienne,Lens,0,2,A,France,Ligue 1,football-data.co.uk
league_ae79214b70bde1bd,2024-10-19,LIGUE_1,2024-25,LEAGUE,,Brest,Rennes,1,1,D,France,Ligue 1,football-data.co.uk
league_52062f4410fbec4f,2024-10-19,LIGUE_1,2024-25,LEAGUE,,Paris Saint-Germain FC,Strasbourg,4,2,H,France,Ligue 1,football-data.co.uk
league_2035bf436f2fe5ee,2024-10-20,LIGUE_1,2024-25,LEAGUE,,Auxerre,Reims,2,1,H,France,Ligue 1,football-data.co.uk
league_b5612044863d8363,2024-10-20,LIGUE_1,2024-25,LEAGUE,,Le Havre,Olympique Lyonnais,0,4,A,France,Ligue 1,football-data.co.uk
league_f54a4ff2152c8e2c,2024-10-20,LIGUE_1,2024-25,LEAGUE,,Montpellier,Olympique Marseille,0,5,A,France,Ligue 1,football-data.co.uk
league_82970edc3bedc0bf,2024-10-20,LIGUE_1,2024-25,LEAGUE,,Nantes,Nice,1,1,D,France,Ligue 1,football-data.co.uk
league_3fe64f1de94bc7de,2024-10-20,LIGUE_1,2024-25,LEAGUE,,Toulouse,Angers,1,1,D,France,Ligue 1,football-data.co.uk
league_c86745b1790e91ba,2024-10-25,LIGUE_1,2024-25,LEAGUE,,Rennes,Le Havre,1,0,H,France,Ligue 1,football-data.co.uk
league_d38c7a56d5455bc0,2024-10-26,LIGUE_1,2024-25,LEAGUE,,Angers,AS Saint-Étienne,4,2,H,France,Ligue 1,football-data.co.uk
league_72d1a3acece250a1,2024-10-26,LIGUE_1,2024-25,LEAGUE,,Lens,Lille,0,2,A,France,Ligue 1,football-data.co.uk
league_f35955fb9bdfbf5f,2024-10-26,LIGUE_1,2024-25,LEAGUE,,Reims,Brest,1,2,A,France,Ligue 1,football-data.co.uk
league_d2a9ff6b7fbc91fa,2024-10-27,LIGUE_1,2024-25,LEAGUE,,Montpellier,Toulouse,0,3,A,France,Ligue 1,football-data.co.uk
league_2a4ad02c66d594af,2024-10-27,LIGUE_1,2024-25,LEAGUE,,Nice,AS Monaco,2,1,H,France,Ligue 1,football-data.co.uk
league_ea86dc2315d1e569,2024-10-27,LIGUE_1,2024-25,LEAGUE,,Olympique Lyonnais,Auxerre,2,2,D,France,Ligue 1,football-data.co.uk
league_a08e2c5b221425b0,2024-10-27,LIGUE_1,2024-25,LEAGUE,,Olympique Marseille,Paris Saint-Germain FC,0,3,A,France,Ligue 1,football-data.co.uk
league_0b8e367bf4a0402e,2024-10-27,LIGUE_1,2024-25,LEAGUE,,Strasbourg,Nantes,3,1,H,France,Ligue 1,football-data.co.uk
league_0860f821603d736e,2024-11-01,LIGUE_1,2024-25,LEAGUE,,AS Monaco,Angers,0,1,A,France,Ligue 1,football-data.co.uk
league_3e346649a8c5bb56,2024-11-01,LIGUE_1,2024-25,LEAGUE,,Lille,Olympique Lyonnais,1,1,D,France,Ligue 1,football-data.co.uk
league_06bec9125e2573c7,2024-11-02,LIGUE_1,2024-25,LEAGUE,,AS Saint-Étienne,Strasbourg,2,0,H,France,Ligue 1,football-data.co.uk
league_f36da2efa6eb0089,2024-11-02,LIGUE_1,2024-25,LEAGUE,,Brest,Nice,0,1,A,France,Ligue 1,football-data.co.uk
league_812ca7848d8274cc,2024-11-02,LIGUE_1,2024-25,LEAGUE,,Paris Saint-Germain FC,Lens,1,0,H,France,Ligue 1,football-data.co.uk
league_cb5591c369a6fe31,2024-11-03,LIGUE_1,2024-25,LEAGUE,,Auxerre,Rennes,4,0,H,France,Ligue 1,football-data.co.uk
league_97e38548ee183c5e,2024-11-03,LIGUE_1,2024-25,LEAGUE,,Le Havre,Montpellier,1,0,H,France,Ligue 1,football-data.co.uk
league_289eed15803046a1,2024-11-03,LIGUE_1,2024-25,LEAGUE,,Nantes,Olympique Marseille,1,2,A,France,Ligue 1,football-data.co.uk
league_87e5483772135062,2024-11-03,LIGUE_1,2024-25,LEAGUE,,Toulouse,Reims,1,0,H,France,Ligue 1,football-data.co.uk
league_9d4e4759bbc7f80c,2024-11-08,LIGUE_1,2024-25,LEAGUE,,Olympique Marseille,Auxerre,1,3,A,France,Ligue 1,football-data.co.uk
league_e4b42dcdb2284641,2024-11-09,LIGUE_1,2024-25,LEAGUE,,Angers,Paris Saint-Germain FC,2,4,A,France,Ligue 1,football-data.co.uk
league_2922fa2823f896c5,2024-11-09,LIGUE_1,2024-25,LEAGUE,,Lens,Nantes,3,2,H,France,Ligue 1,football-data.co.uk
league_f4452ccb624c4f64,2024-11-09,LIGUE_1,2024-25,LEAGUE,,Strasbourg,AS Monaco,1,3,A,France,Ligue 1,football-data.co.uk
league_6d466e86b397a70d,2024-11-10,LIGUE_1,2024-25,LEAGUE,,Le Havre,Reims,0,3,A,France,Ligue 1,football-data.co.uk
league_cc8f2c27cf97f59c,2024-11-10,LIGUE_1,2024-25,LEAGUE,,Montpellier,Brest,3,1,H,France,Ligue 1,football-data.co.uk
league_82475fb6ee4d643f,2024-11-10,LIGUE_1,2024-25,LEAGUE,,Nice,Lille,2,2,D,France,Ligue 1,football-data.co.uk
league_bafe89c540a0a971,2024-11-10,LIGUE_1,2024-25,LEAGUE,,Olympique Lyonnais,AS Saint-Étienne,1,0,H,France,Ligue 1,football-data.co.uk
league_0bc326afdad0fa4c,2024-11-10,LIGUE_1,2024-25,LEAGUE,,Rennes,Toulouse,0,2,A,France,Ligue 1,football-data.co.uk
league_d23b8f9fddabbbae,2024-11-22,LIGUE_1,2024-25,LEAGUE,,AS Monaco,Brest,3,2,H,France,Ligue 1,football-data.co.uk
league_9e45a2b16b136ea0,2024-11-22,LIGUE_1,2024-25,LEAGUE,,Paris Saint-Germain FC,Toulouse,3,0,H,France,Ligue 1,football-data.co.uk
league_8815b85668a1b538,2024-11-23,LIGUE_1,2024-25,LEAGUE,,AS Saint-Étienne,Montpellier,1,0,H,France,Ligue 1,football-data.co.uk
league_67c1ab55985c88e7,2024-11-23,LIGUE_1,2024-25,LEAGUE,,Lens,Olympique Marseille,1,3,A,France,Ligue 1,football-data.co.uk
league_dae920183c6b1d8e,2024-11-23,LIGUE_1,2024-25,LEAGUE,,Reims,Olympique Lyonnais,1,1,D,France,Ligue 1,football-data.co.uk
league_dd0adc8bb1851754,2024-11-24,LIGUE_1,2024-25,LEAGUE,,Auxerre,Angers,1,0,H,France,Ligue 1,football-data.co.uk
league_d0fa384bfd5e75f9,2024-11-24,LIGUE_1,2024-25,LEAGUE,,Lille,Rennes,1,0,H,France,Ligue 1,football-data.co.uk
league_b3ce30f767bc06f0,2024-11-24,LIGUE_1,2024-25,LEAGUE,,Nantes,Le Havre,0,2,A,France,Ligue 1,football-data.co.uk
league_c8db5850f4d9e69e,2024-11-24,LIGUE_1,2024-25,LEAGUE,,Nice,Strasbourg,2,1,H,France,Ligue 1,football-data.co.uk
league_01ec4c055347bebd,2024-11-29,LIGUE_1,2024-25,LEAGUE,,Reims,Lens,0,2,A,France,Ligue 1,football-data.co.uk
league_a87f5f0b19db2cd9,2024-11-30,LIGUE_1,2024-25,LEAGUE,,Brest,Strasbourg,3,1,H,France,Ligue 1,football-data.co.uk
league_bc739d4f9595d6d6,2024-11-30,LIGUE_1,2024-25,LEAGUE,,Paris Saint-Germain FC,Nantes,1,1,D,France,Ligue 1,football-data.co.uk
league_59a15db20bc91ec3,2024-11-30,LIGUE_1,2024-25,LEAGUE,,Rennes,AS Saint-Étienne,5,0,H,France,Ligue 1,football-data.co.uk
league_7f6ecc1c684cb8ee,2024-12-01,LIGUE_1,2024-25,LEAGUE,,Le Havre,Angers,0,1,A,France,Ligue 1,football-data.co.uk
league_51c76ec45ec42899,2024-12-01,LIGUE_1,2024-25,LEAGUE,,Montpellier,Lille,2,2,D,France,Ligue 1,football-data.co.uk
league_c2425f12a129257b,2024-12-01,LIGUE_1,2024-25,LEAGUE,,Olympique Lyonnais,Nice,4,1,H,France,Ligue 1,football-data.co.uk
league_bf774a0560541444,2024-12-01,LIGUE_1,2024-25,LEAGUE,,Olympique Marseille,AS Monaco,2,1,H,France,Ligue 1,football-data.co.uk
league_e8b275082d03661b,2024-12-01,LIGUE_1,2024-25,LEAGUE,,Toulouse,Auxerre,2,0,H,France,Ligue 1,football-data.co.uk
league_1b21ab9e9bf99db2,2024-12-06,LIGUE_1,2024-25,LEAGUE,,Auxerre,Paris Saint-Germain FC,0,0,D,France,Ligue 1,football-data.co.uk
league_f65a57663877d6c1,2024-12-06,LIGUE_1,2024-25,LEAGUE,,Lille,Brest,3,1,H,France,Ligue 1,football-data.co.uk
league_065bff9257992645,2024-12-07,LIGUE_1,2024-25,LEAGUE,,AS Monaco,Toulouse,2,0,H,France,Ligue 1,football-data.co.uk
league_7857504116f12448,2024-12-07,LIGUE_1,2024-25,LEAGUE,,Angers,Olympique Lyonnais,0,3,A,France,Ligue 1,football-data.co.uk
league_329418938660d815,2024-12-07,LIGUE_1,2024-25,LEAGUE,,Nice,Le Havre,2,1,H,France,Ligue 1,football-data.co.uk
league_83cdb5b8895c4f38,2024-12-08,LIGUE_1,2024-25,LEAGUE,,AS Saint-Étienne,Olympique Marseille,0,2,A,France,Ligue 1,football-data.co.uk
league_a63dd878fabe664c,2024-12-08,LIGUE_1,2024-25,LEAGUE,,Lens,Montpellier,2,0,H,France,Ligue 1,football-data.co.uk
league_4bc51ff0362a0e12,2024-12-08,LIGUE_1,2024-25,LEAGUE,,Nantes,Rennes,1,0,H,France,Ligue 1,football-data.co.uk
league_e2f4640ab461b248,2024-12-08,LIGUE_1,2024-25,LEAGUE,,Strasbourg,Reims,0,0,D,France,Ligue 1,football-data.co.uk
league_190129b7afe73499,2024-12-13,LIGUE_1,2024-25,LEAGUE,,Toulouse,AS Saint-Étienne,2,1,H,France,Ligue 1,football-data.co.uk
league_4020f201fc69ba16,2024-12-14,LIGUE_1,2024-25,LEAGUE,,Auxerre,Lens,2,2,D,France,Ligue 1,football-data.co.uk
league_7574d0668a7a0a18,2024-12-14,LIGUE_1,2024-25,LEAGUE,,Olympique Marseille,Lille,1,1,D,France,Ligue 1,football-data.co.uk
league_95ffa07256bc1175,2024-12-14,LIGUE_1,2024-25,LEAGUE,,Reims,AS Monaco,0,0,D,France,Ligue 1,football-data.co.uk
league_f64f5ea44b0d2643,2024-12-15,LIGUE_1,2024-25,LEAGUE,,Brest,Nantes,4,1,H,France,Ligue 1,football-data.co.uk
league_8fe640871c60ad26,2024-12-15,LIGUE_1,2024-25,LEAGUE,,Le Havre,Strasbourg,0,3,A,France,Ligue 1,football-data.co.uk
league_b8bb46964c12afbd,2024-12-15,LIGUE_1,2024-25,LEAGUE,,Montpellier,Nice,2,2,D,France,Ligue 1,football-data.co.uk
league_1af8e420fc35aec9,2024-12-15,LIGUE_1,2024-25,LEAGUE,,Paris Saint-Germain FC,Olympique Lyonnais,3,1,H,France,Ligue 1,football-data.co.uk
league_b1a1890262e6d2f9,2024-12-15,LIGUE_1,2024-25,LEAGUE,,Rennes,Angers,2,0,H,France,Ligue 1,football-data.co.uk
league_29b2a0b57ccc0c98,2024-12-18,LIGUE_1,2024-25,LEAGUE,,AS Monaco,Paris Saint-Germain FC,2,4,A,France,Ligue 1,football-data.co.uk
league_d595e20e0d6cc38b,2025-01-03,LIGUE_1,2024-25,LEAGUE,,Nice,Rennes,3,2,H,France,Ligue 1,football-data.co.uk
league_2aba3c7d01df4dbf,2025-01-04,LIGUE_1,2024-25,LEAGUE,,AS Saint-Étienne,Reims,3,1,H,France,Ligue 1,football-data.co.uk
league_dfd74ca1408ef1b7,2025-01-04,LIGUE_1,2024-25,LEAGUE,,Lille,Nantes,1,1,D,France,Ligue 1,football-data.co.uk
league_8bc87932a43664c1,2025-01-04,LIGUE_1,2024-25,LEAGUE,,Olympique Lyonnais,Montpellier,1,0,H,France,Ligue 1,football-data.co.uk
league_4593f35e65877a6e,2025-01-05,LIGUE_1,2024-25,LEAGUE,,Angers,Brest,2,0,H,France,Ligue 1,football-data.co.uk
league_d29c91effcd5f33f,2025-01-05,LIGUE_1,2024-25,LEAGUE,,Lens,Toulouse,0,1,A,France,Ligue 1,football-data.co.uk
league_cf57f330466f9746,2025-01-05,LIGUE_1,2024-25,LEAGUE,,Olympique Marseille,Le Havre,5,1,H,France,Ligue 1,football-data.co.uk
league_0becfa53cf81abda,2025-01-05,LIGUE_1,2024-25,LEAGUE,,Strasbourg,Auxerre,3,1,H,France,Ligue 1,football-data.co.uk
league_0ca3ea1fcceebefd,2025-01-10,LIGUE_1,2024-25,LEAGUE,,Auxerre,Lille,0,0,D,France,Ligue 1,football-data.co.uk
league_9b327372a4606a3b,2025-01-10,LIGUE_1,2024-25,LEAGUE,,Nantes,AS Monaco,2,2,D,France,Ligue 1,football-data.co.uk
league_4ef08f88d5bf61d4,2025-01-11,LIGUE_1,2024-25,LEAGUE,,Brest,Olympique Lyonnais,2,1,H,France,Ligue 1,football-data.co.uk
league_e48d905050b1f192,2025-01-11,LIGUE_1,2024-25,LEAGUE,,Reims,Nice,2,4,A,France,Ligue 1,football-data.co.uk
league_6b521da473df64ec,2025-01-11,LIGUE_1,2024-25,LEAGUE,,Rennes,Olympique Marseille,1,2,A,France,Ligue 1,football-data.co.uk
league_4f355c7aedd1d8c9,2025-01-12,LIGUE_1,2024-25,LEAGUE,,Le Havre,Lens,1,2,A,France,Ligue 1,football-data.co.uk
league_6809590357b0803f,2025-01-12,LIGUE_1,2024-25,LEAGUE,,Montpellier,Angers,1,3,A,France,Ligue 1,football-data.co.uk
league_e665ceac30ee3c93,2025-01-12,LIGUE_1,2024-25,LEAGUE,,Paris Saint-Germain FC,AS Saint-Étienne,2,1,H,France,Ligue 1,football-data.co.uk
league_4e1e213d6d95db1b,2025-01-12,LIGUE_1,2024-25,LEAGUE,,Toulouse,Strasbourg,1,2,A,France,Ligue 1,football-data.co.uk
league_3b3919df1a6ae431,2025-01-17,LIGUE_1,2024-25,LEAGUE,,Lille,Nice,2,1,H,France,Ligue 1,football-data.co.uk
league_2af858362329df9d,2025-01-17,LIGUE_1,2024-25,LEAGUE,,Montpellier,AS Monaco,2,1,H,France,Ligue 1,football-data.co.uk
league_0e20358f318be5cd,2025-01-18,LIGUE_1,2024-25,LEAGUE,,Lens,Paris Saint-Germain FC,1,2,A,France,Ligue 1,football-data.co.uk
league_757fc838fab1864a,2025-01-18,LIGUE_1,2024-25,LEAGUE,,Olympique Lyonnais,Toulouse,0,0,D,France,Ligue 1,football-data.co.uk
league_2a1c2701ac70670d,2025-01-18,LIGUE_1,2024-25,LEAGUE,,Rennes,Brest,1,2,A,France,Ligue 1,football-data.co.uk
league_d8d3e74061fa56ef,2025-01-19,LIGUE_1,2024-25,LEAGUE,,AS Saint-Étienne,Nantes,1,1,D,France,Ligue 1,football-data.co.uk
league_bc6d062c9df45d16,2025-01-19,LIGUE_1,2024-25,LEAGUE,,Angers,Auxerre,2,0,H,France,Ligue 1,football-data.co.uk
league_129702cdbd8f6c11,2025-01-19,LIGUE_1,2024-25,LEAGUE,,Olympique Marseille,Strasbourg,1,1,D,France,Ligue 1,football-data.co.uk
league_5496250ae490dae7,2025-01-19,LIGUE_1,2024-25,LEAGUE,,Reims,Le Havre,1,1,D,France,Ligue 1,football-data.co.uk
league_5b3cc303eac409e2,2025-01-24,LIGUE_1,2024-25,LEAGUE,,Auxerre,AS Saint-Étienne,1,1,D,France,Ligue 1,football-data.co.uk
league_e385bb03e732a69e,2025-01-25,LIGUE_1,2024-25,LEAGUE,,AS Monaco,Rennes,3,2,H,France,Ligue 1,football-data.co.uk
league_cf36b3fdb4169759,2025-01-25,LIGUE_1,2024-25,LEAGUE,,Paris Saint-Germain FC,Reims,1,1,D,France,Ligue 1,football-data.co.uk
league_0103e79a35fe0333,2025-01-25,LIGUE_1,2024-25,LEAGUE,,Strasbourg,Lille,2,1,H,France,Ligue 1,football-data.co.uk
league_b4c7d0f8ac2c23f4,2025-01-26,LIGUE_1,2024-25,LEAGUE,,Le Havre,Brest,0,1,A,France,Ligue 1,football-data.co.uk
league_e77ef8fb5a4d3473,2025-01-26,LIGUE_1,2024-25,LEAGUE,,Lens,Angers,1,0,H,France,Ligue 1,football-data.co.uk
league_5b810f035b6863a2,2025-01-26,LIGUE_1,2024-25,LEAGUE,,Nantes,Olympique Lyonnais,1,1,D,France,Ligue 1,football-data.co.uk
league_ce65a29e75a573a5,2025-01-26,LIGUE_1,2024-25,LEAGUE,,Nice,Olympique Marseille,2,0,H,France,Ligue 1,football-data.co.uk
league_0fab74c4b3f2635c,2025-01-26,LIGUE_1,2024-25,LEAGUE,,Toulouse,Montpellier,1,2,A,France,Ligue 1,football-data.co.uk
league_1a9d49925adf5a76,2025-01-31,LIGUE_1,2024-25,LEAGUE,,Montpellier,Lens,0,2,A,France,Ligue 1,football-data.co.uk
league_3f9abeb0c538c6b5,2025-02-01,LIGUE_1,2024-25,LEAGUE,,AS Monaco,Auxerre,4,2,H,France,Ligue 1,football-data.co.uk
league_56c569fcba468cb3,2025-02-01,LIGUE_1,2024-25,LEAGUE,,Brest,Paris Saint-Germain FC,2,5,A,France,Ligue 1,football-data.co.uk
league_7eaa39aa185526c2,2025-02-01,LIGUE_1,2024-25,LEAGUE,,Lille,AS Saint-Étienne,4,1,H,France,Ligue 1,football-data.co.uk
league_44c1c8191de37030,2025-02-02,LIGUE_1,2024-25,LEAGUE,,Angers,Le Havre,1,1,D,France,Ligue 1,football-data.co.uk
league_e2ab5776156fa677,2025-02-02,LIGUE_1,2024-25,LEAGUE,,Olympique Marseille,Olympique Lyonnais,3,2,H,France,Ligue 1,football-data.co.uk
league_edfa3d9dfe27c304,2025-02-02,LIGUE_1,2024-25,LEAGUE,,Reims,Nantes,1,2,A,France,Ligue 1,football-data.co.uk
league_7ede442044e57240,2025-02-02,LIGUE_1,2024-25,LEAGUE,,Rennes,Strasbourg,1,0,H,France,Ligue 1,football-data.co.uk
league_c028f84a861895ae,2025-02-02,LIGUE_1,2024-25,LEAGUE,,Toulouse,Nice,1,1,D,France,Ligue 1,football-data.co.uk
league_75a535d750e45a37,2025-02-07,LIGUE_1,2024-25,LEAGUE,,Nantes,Brest,0,2,A,France,Ligue 1,football-data.co.uk
league_3613f1706edf7da4,2025-02-07,LIGUE_1,2024-25,LEAGUE,,Paris Saint-Germain FC,AS Monaco,4,1,H,France,Ligue 1,football-data.co.uk
league_084ab1708438490e,2025-02-08,LIGUE_1,2024-25,LEAGUE,,AS Saint-Étienne,Rennes,0,2,A,France,Ligue 1,football-data.co.uk
league_7f2727b6e225d5db,2025-02-08,LIGUE_1,2024-25,LEAGUE,,Lille,Le Havre,1,2,A,France,Ligue 1,football-data.co.uk
league_be43c510a7adf579,2025-02-08,LIGUE_1,2024-25,LEAGUE,,Nice,Lens,2,0,H,France,Ligue 1,football-data.co.uk
league_88cd01c01b1395df,2025-02-09,LIGUE_1,2024-25,LEAGUE,,Angers,Olympique Marseille,0,2,A,France,Ligue 1,football-data.co.uk
league_6b20342d60f06dec,2025-02-09,LIGUE_1,2024-25,LEAGUE,,Auxerre,Toulouse,2,2,D,France,Ligue 1,football-data.co.uk
league_7a72a27e7919743a,2025-02-09,LIGUE_1,2024-25,LEAGUE,,Olympique Lyonnais,Reims,4,0,H,France,Ligue 1,football-data.co.uk
league_0b0418b5da80e053,2025-02-09,LIGUE_1,2024-25,LEAGUE,,Strasbourg,Montpellier,2,0,H,France,Ligue 1,football-data.co.uk
league_bc087b20e435c0cb,2025-02-14,LIGUE_1,2024-25,LEAGUE,,Brest,Auxerre,2,2,D,France,Ligue 1,football-data.co.uk
league_99a0f42808f91b33,2025-02-15,LIGUE_1,2024-25,LEAGUE,,AS Monaco,Nantes,7,1,H,France,Ligue 1,football-data.co.uk
league_48bc408114614a5a,2025-02-15,LIGUE_1,2024-25,LEAGUE,,Olympique Marseille,AS Saint-Étienne,5,1,H,France,Ligue 1,football-data.co.uk
league_1bf2c876293c5544,2025-02-15,LIGUE_1,2024-25,LEAGUE,,Toulouse,Paris Saint-Germain FC,0,1,A,France,Ligue 1,football-data.co.uk
league_99335139f5206cea,2025-02-16,LIGUE_1,2024-25,LEAGUE,,Le Havre,Nice,1,3,A,France,Ligue 1,football-data.co.uk
league_428ba1565c1c4a7e,2025-02-16,LIGUE_1,2024-25,LEAGUE,,Lens,Strasbourg,0,2,A,France,Ligue 1,football-data.co.uk
league_ebc5deb075150b21,2025-02-16,LIGUE_1,2024-25,LEAGUE,,Montpellier,Olympique Lyonnais,1,4,A,France,Ligue 1,football-data.co.uk
league_f02a6e6a81ace9fa,2025-02-16,LIGUE_1,2024-25,LEAGUE,,Reims,Angers,0,1,A,France,Ligue 1,football-data.co.uk
league_2b83d1e5ba43f774,2025-02-16,LIGUE_1,2024-25,LEAGUE,,Rennes,Lille,0,2,A,France,Ligue 1,football-data.co.uk
league_17408b5d9b54a899,2025-02-21,LIGUE_1,2024-25,LEAGUE,,Rennes,Reims,1,0,H,France,Ligue 1,football-data.co.uk
league_79e7b920963b4cef,2025-02-22,LIGUE_1,2024-25,LEAGUE,,AS Saint-Étienne,Angers,3,3,D,France,Ligue 1,football-data.co.uk
league_3ce608410414bc49,2025-02-22,LIGUE_1,2024-25,LEAGUE,,Auxerre,Olympique Marseille,3,0,H,France,Ligue 1,football-data.co.uk
league_4c1320853410e30d,2025-02-22,LIGUE_1,2024-25,LEAGUE,,Lille,AS Monaco,2,1,H,France,Ligue 1,football-data.co.uk
league_8fa5bb228e5f1acc,2025-02-23,LIGUE_1,2024-25,LEAGUE,,Le Havre,Toulouse,1,4,A,France,Ligue 1,football-data.co.uk
league_5bb23927f0e5042b,2025-02-23,LIGUE_1,2024-25,LEAGUE,,Nantes,Lens,3,1,H,France,Ligue 1,football-data.co.uk
league_c0909e696cebae50,2025-02-23,LIGUE_1,2024-25,LEAGUE,,Nice,Montpellier,2,0,H,France,Ligue 1,football-data.co.uk
league_a81ba7756f1452fc,2025-02-23,LIGUE_1,2024-25,LEAGUE,,Olympique Lyonnais,Paris Saint-Germain FC,2,3,A,France,Ligue 1,football-data.co.uk
league_0badfd7b8fe0a507,2025-02-23,LIGUE_1,2024-25,LEAGUE,,Strasbourg,Brest,0,0,D,France,Ligue 1,football-data.co.uk
league_1c4d17576b591190,2025-02-28,LIGUE_1,2024-25,LEAGUE,,AS Monaco,Reims,3,0,H,France,Ligue 1,football-data.co.uk
league_c37715e37b7e2e77,2025-03-01,LIGUE_1,2024-25,LEAGUE,,AS Saint-Étienne,Nice,1,3,A,France,Ligue 1,football-data.co.uk
league_25379988b8175b24,2025-03-01,LIGUE_1,2024-25,LEAGUE,,Lens,Le Havre,3,4,A,France,Ligue 1,football-data.co.uk
league_b77b33fbc1619c6a,2025-03-01,LIGUE_1,2024-25,LEAGUE,,Paris Saint-Germain FC,Lille,4,1,H,France,Ligue 1,football-data.co.uk
league_09cb732f699b9fec,2025-03-02,LIGUE_1,2024-25,LEAGUE,,Angers,Toulouse,0,4,A,France,Ligue 1,football-data.co.uk
league_d2072d6de0c61d23,2025-03-02,LIGUE_1,2024-25,LEAGUE,,Auxerre,Strasbourg,0,1,A,France,Ligue 1,football-data.co.uk
league_88480cf9fb40d4ec,2025-03-02,LIGUE_1,2024-25,LEAGUE,,Montpellier,Rennes,0,4,A,France,Ligue 1,football-data.co.uk
league_951d65845039f47f,2025-03-02,LIGUE_1,2024-25,LEAGUE,,Olympique Lyonnais,Brest,2,1,H,France,Ligue 1,football-data.co.uk
league_b5814e0e92b839df,2025-03-02,LIGUE_1,2024-25,LEAGUE,,Olympique Marseille,Nantes,2,0,H,France,Ligue 1,football-data.co.uk
league_f9dce74315eab64d,2025-03-07,LIGUE_1,2024-25,LEAGUE,,Toulouse,AS Monaco,1,1,D,France,Ligue 1,football-data.co.uk
league_7a84b5840d8cf172,2025-03-08,LIGUE_1,2024-25,LEAGUE,,Lille,Montpellier,1,0,H,France,Ligue 1,football-data.co.uk
league_5df4b501745584d7,2025-03-08,LIGUE_1,2024-25,LEAGUE,,Olympique Marseille,Lens,0,1,A,France,Ligue 1,football-data.co.uk
league_d672221fe982e39c,2025-03-08,LIGUE_1,2024-25,LEAGUE,,Rennes,Paris Saint-Germain FC,1,4,A,France,Ligue 1,football-data.co.uk
league_b2244a80dada3d54,2025-03-09,LIGUE_1,2024-25,LEAGUE,,Brest,Angers,2,0,H,France,Ligue 1,football-data.co.uk
league_f1f2e60b6833e780,2025-03-09,LIGUE_1,2024-25,LEAGUE,,Le Havre,AS Saint-Étienne,1,1,D,France,Ligue 1,football-data.co.uk
league_2092f375087f17b0,2025-03-09,LIGUE_1,2024-25,LEAGUE,,Nantes,Strasbourg,0,1,A,France,Ligue 1,football-data.co.uk
league_43228fb7d95ba812,2025-03-09,LIGUE_1,2024-25,LEAGUE,,Nice,Olympique Lyonnais,0,2,A,France,Ligue 1,football-data.co.uk
league_866ba397dc720481,2025-03-09,LIGUE_1,2024-25,LEAGUE,,Reims,Auxerre,0,2,A,France,Ligue 1,football-data.co.uk
league_3367943afe398139,2025-03-14,LIGUE_1,2024-25,LEAGUE,,Nice,Auxerre,1,1,D,France,Ligue 1,football-data.co.uk
league_9def6b4058110811,2025-03-15,LIGUE_1,2024-25,LEAGUE,,Angers,AS Monaco,0,2,A,France,Ligue 1,football-data.co.uk
league_3115621ef308b033,2025-03-15,LIGUE_1,2024-25,LEAGUE,,Lens,Rennes,1,0,H,France,Ligue 1,football-data.co.uk
league_2495398b14ea9dd0,2025-03-15,LIGUE_1,2024-25,LEAGUE,,Nantes,Lille,1,0,H,France,Ligue 1,football-data.co.uk
league_093078026876b191,2025-03-16,LIGUE_1,2024-25,LEAGUE,,Brest,Reims,0,0,D,France,Ligue 1,football-data.co.uk
league_77658aabd000c287,2025-03-16,LIGUE_1,2024-25,LEAGUE,,Montpellier,AS Saint-Étienne,0,2,A,France,Ligue 1,football-data.co.uk
league_33b7c4064091f603,2025-03-16,LIGUE_1,2024-25,LEAGUE,,Olympique Lyonnais,Le Havre,4,2,H,France,Ligue 1,football-data.co.uk
league_6406aab7b9a4dac4,2025-03-16,LIGUE_1,2024-25,LEAGUE,,Paris Saint-Germain FC,Olympique Marseille,3,1,H,France,Ligue 1,football-data.co.uk
league_a50928d0e04dec8f,2025-03-16,LIGUE_1,2024-25,LEAGUE,,Strasbourg,Toulouse,2,1,H,France,Ligue 1,football-data.co.uk
league_a794a3105bc345fa,2025-03-28,LIGUE_1,2024-25,LEAGUE,,Strasbourg,Olympique Lyonnais,4,2,H,France,Ligue 1,football-data.co.uk
league_5364b6398276703c,2025-03-29,LIGUE_1,2024-25,LEAGUE,,AS Monaco,Nice,2,1,H,France,Ligue 1,football-data.co.uk
league_f6e2bd03d4b10e45,2025-03-29,LIGUE_1,2024-25,LEAGUE,,AS Saint-Étienne,Paris Saint-Germain FC,1,6,A,France,Ligue 1,football-data.co.uk
league_47b266d4602da63e,2025-03-29,LIGUE_1,2024-25,LEAGUE,,Reims,Olympique Marseille,3,1,H,France,Ligue 1,football-data.co.uk
league_3b2e145aadae5065,2025-03-30,LIGUE_1,2024-25,LEAGUE,,Angers,Rennes,0,3,A,France,Ligue 1,football-data.co.uk
league_906aad5a608af77d,2025-03-30,LIGUE_1,2024-25,LEAGUE,,Auxerre,Montpellier,1,0,H,France,Ligue 1,football-data.co.uk
league_799f964762dbb63e,2025-03-30,LIGUE_1,2024-25,LEAGUE,,Le Havre,Nantes,3,2,H,France,Ligue 1,football-data.co.uk
league_65570c9c95d94874,2025-03-30,LIGUE_1,2024-25,LEAGUE,,Lille,Lens,1,0,H,France,Ligue 1,football-data.co.uk
league_7e046ae22673ec2d,2025-03-30,LIGUE_1,2024-25,LEAGUE,,Toulouse,Brest,2,4,A,France,Ligue 1,football-data.co.uk
league_e9afa8b481dd841d,2025-04-04,LIGUE_1,2024-25,LEAGUE,,Nice,Nantes,1,2,A,France,Ligue 1,football-data.co.uk
league_b4a9aae8196ea16a,2025-04-05,LIGUE_1,2024-25,LEAGUE,,Brest,AS Monaco,2,1,H,France,Ligue 1,football-data.co.uk
league_82f663f4870179d3,2025-04-05,LIGUE_1,2024-25,LEAGUE,,Olympique Lyonnais,Lille,2,1,H,France,Ligue 1,football-data.co.uk
league_acd562353bc75543,2025-04-05,LIGUE_1,2024-25,LEAGUE,,Paris Saint-Germain FC,Angers,1,0,H,France,Ligue 1,football-data.co.uk
league_69e9e3288c0b07b4,2025-04-06,LIGUE_1,2024-25,LEAGUE,,Lens,AS Saint-Étienne,1,0,H,France,Ligue 1,football-data.co.uk
league_64b58d8403f32429,2025-04-06,LIGUE_1,2024-25,LEAGUE,,Montpellier,Le Havre,0,2,A,France,Ligue 1,football-data.co.uk
league_d5ed7a4f29600a70,2025-04-06,LIGUE_1,2024-25,LEAGUE,,Olympique Marseille,Toulouse,3,2,H,France,Ligue 1,football-data.co.uk
league_560f3fe15c37f89e,2025-04-06,LIGUE_1,2024-25,LEAGUE,,Reims,Strasbourg,0,1,A,France,Ligue 1,football-data.co.uk
league_be6ebbea6b6d04b1,2025-04-06,LIGUE_1,2024-25,LEAGUE,,Rennes,Auxerre,0,1,A,France,Ligue 1,football-data.co.uk
league_dee604684807c795,2025-04-11,LIGUE_1,2024-25,LEAGUE,,Lens,Reims,0,2,A,France,Ligue 1,football-data.co.uk
league_c19c2aa8cfa3a8b8,2025-04-12,LIGUE_1,2024-25,LEAGUE,,AS Monaco,Olympique Marseille,3,0,H,France,Ligue 1,football-data.co.uk
league_ce537b908c8e603f,2025-04-12,LIGUE_1,2024-25,LEAGUE,,Strasbourg,Nice,2,2,D,France,Ligue 1,football-data.co.uk
league_35d83f4f1186b242,2025-04-12,LIGUE_1,2024-25,LEAGUE,,Toulouse,Lille,1,2,A,France,Ligue 1,football-data.co.uk
league_f17d7c83daefb98f,2025-04-13,LIGUE_1,2024-25,LEAGUE,,AS Saint-Étienne,Brest,3,3,D,France,Ligue 1,football-data.co.uk
league_d0583a88fb46ba61,2025-04-13,LIGUE_1,2024-25,LEAGUE,,Angers,Montpellier,2,0,H,France,Ligue 1,football-data.co.uk
league_5494a693f48ced31,2025-04-13,LIGUE_1,2024-25,LEAGUE,,Auxerre,Olympique Lyonnais,1,3,A,France,Ligue 1,football-data.co.uk
league_9c0608e6fa8086bd,2025-04-13,LIGUE_1,2024-25,LEAGUE,,Le Havre,Rennes,1,5,A,France,Ligue 1,football-data.co.uk
league_1f6a132438abc5a8,2025-04-18,LIGUE_1,2024-25,LEAGUE,,Rennes,Nantes,2,1,H,France,Ligue 1,football-data.co.uk
league_f04e77da5f753f36,2025-04-19,LIGUE_1,2024-25,LEAGUE,,AS Monaco,Strasbourg,0,0,D,France,Ligue 1,football-data.co.uk
league_0e199a9263735cee,2025-04-19,LIGUE_1,2024-25,LEAGUE,,Olympique Marseille,Montpellier,5,1,H,France,Ligue 1,football-data.co.uk
league_de88dfc887724c73,2025-04-19,LIGUE_1,2024-25,LEAGUE,,Paris Saint-Germain FC,Le Havre,2,1,H,France,Ligue 1,football-data.co.uk
league_ceae38dba70619da,2025-04-20,LIGUE_1,2024-25,LEAGUE,,AS Saint-Étienne,Olympique Lyonnais,2,1,H,France,Ligue 1,football-data.co.uk
league_f736d68daa48cbae,2025-04-20,LIGUE_1,2024-25,LEAGUE,,Brest,Lens,1,3,A,France,Ligue 1,football-data.co.uk
league_bd9fadcd492c73ec,2025-04-20,LIGUE_1,2024-25,LEAGUE,,Lille,Auxerre,3,1,H,France,Ligue 1,football-data.co.uk
league_eb37a8177682eecc,2025-04-20,LIGUE_1,2024-25,LEAGUE,,Nice,Angers,2,1,H,France,Ligue 1,football-data.co.uk
league_9f2c062b4170fc38,2025-04-20,LIGUE_1,2024-25,LEAGUE,,Reims,Toulouse,1,0,H,France,Ligue 1,football-data.co.uk
league_f8bdf5b29f6ab75b,2025-04-22,LIGUE_1,2024-25,LEAGUE,,Nantes,Paris Saint-Germain FC,1,1,D,France,Ligue 1,football-data.co.uk
league_79783a249cb4d909,2025-04-25,LIGUE_1,2024-25,LEAGUE,,Paris Saint-Germain FC,Nice,1,3,A,France,Ligue 1,football-data.co.uk
league_8efc90bfdf64cbd9,2025-04-26,LIGUE_1,2024-25,LEAGUE,,Le Havre,AS Monaco,1,1,D,France,Ligue 1,football-data.co.uk
league_eb6a5fc7425251de,2025-04-26,LIGUE_1,2024-25,LEAGUE,,Olympique Lyonnais,Rennes,4,1,H,France,Ligue 1,football-data.co.uk
league_aac5e9e49c5990d5,2025-04-26,LIGUE_1,2024-25,LEAGUE,,Strasbourg,AS Saint-Étienne,3,1,H,France,Ligue 1,football-data.co.uk
league_b433a3ce4e9d7ba0,2025-04-27,LIGUE_1,2024-25,LEAGUE,,Angers,Lille,0,2,A,France,Ligue 1,football-data.co.uk
league_2042dbc8fe0bd69d,2025-04-27,LIGUE_1,2024-25,LEAGUE,,Lens,Auxerre,0,4,A,France,Ligue 1,football-data.co.uk
league_718192b35c227f00,2025-04-27,LIGUE_1,2024-25,LEAGUE,,Montpellier,Reims,0,0,D,France,Ligue 1,football-data.co.uk
league_5d284decc036bc4f,2025-04-27,LIGUE_1,2024-25,LEAGUE,,Nantes,Toulouse,0,0,D,France,Ligue 1,football-data.co.uk
league_30701c6531843fa8,2025-04-27,LIGUE_1,2024-25,LEAGUE,,Olympique Marseille,Brest,4,1,H,France,Ligue 1,football-data.co.uk
league_05931fe3d240bd60,2025-05-02,LIGUE_1,2024-25,LEAGUE,,Nice,Reims,1,0,H,France,Ligue 1,football-data.co.uk
league_fd1b070ebc05bfb2,2025-05-03,LIGUE_1,2024-25,LEAGUE,,AS Saint-Étienne,AS Monaco,1,3,A,France,Ligue 1,football-data.co.uk
league_b9b21d320f40774b,2025-05-03,LIGUE_1,2024-25,LEAGUE,,Strasbourg,Paris Saint-Germain FC,2,1,H,France,Ligue 1,football-data.co.uk
league_addd7be292910e05,2025-05-03,LIGUE_1,2024-25,LEAGUE,,Toulouse,Rennes,2,1,H,France,Ligue 1,football-data.co.uk
league_a335ace9be5a567e,2025-05-04,LIGUE_1,2024-25,LEAGUE,,Auxerre,Le Havre,1,2,A,France,Ligue 1,football-data.co.uk
league_b525d91a84bca5d0,2025-05-04,LIGUE_1,2024-25,LEAGUE,,Brest,Montpellier,1,0,H,France,Ligue 1,football-data.co.uk
league_cef44bdc27bfc33e,2025-05-04,LIGUE_1,2024-25,LEAGUE,,Lille,Olympique Marseille,1,1,D,France,Ligue 1,football-data.co.uk
league_f41a86273a82be93,2025-05-04,LIGUE_1,2024-25,LEAGUE,,Nantes,Angers,0,1,A,France,Ligue 1,football-data.co.uk
league_5a1d75370dfe2036,2025-05-04,LIGUE_1,2024-25,LEAGUE,,Olympique Lyonnais,Lens,1,2,A,France,Ligue 1,football-data.co.uk
league_1c660fc0e31e6688,2025-05-10,LIGUE_1,2024-25,LEAGUE,,AS Monaco,Olympique Lyonnais,2,0,H,France,Ligue 1,football-data.co.uk
league_de771d5d536ec5d7,2025-05-10,LIGUE_1,2024-25,LEAGUE,,Angers,Strasbourg,2,1,H,France,Ligue 1,football-data.co.uk
league_2b1ad7c43394e238,2025-05-10,LIGUE_1,2024-25,LEAGUE,,Auxerre,Nantes,1,1,D,France,Ligue 1,football-data.co.uk
league_5e4d0998353ca800,2025-05-10,LIGUE_1,2024-25,LEAGUE,,Brest,Lille,2,0,H,France,Ligue 1,football-data.co.uk
league_31771525df11d258,2025-05-10,LIGUE_1,2024-25,LEAGUE,,Le Havre,Olympique Marseille,1,3,A,France,Ligue 1,football-data.co.uk
league_d4e7b9d34390fe83,2025-05-10,LIGUE_1,2024-25,LEAGUE,,Montpellier,Paris Saint-Germain FC,1,4,A,France,Ligue 1,football-data.co.uk
league_b988bb1e5285e144,2025-05-10,LIGUE_1,2024-25,LEAGUE,,Reims,AS Saint-Étienne,0,2,A,France,Ligue 1,football-data.co.uk
league_629f9d226358ab3d,2025-05-10,LIGUE_1,2024-25,LEAGUE,,Rennes,Nice,2,0,H,France,Ligue 1,football-data.co.uk
league_6694b6e03166a961,2025-05-10,LIGUE_1,2024-25,LEAGUE,,Toulouse,Lens,1,1,D,France,Ligue 1,football-data.co.uk
league_b365380f3d5c8179,2025-05-17,LIGUE_1,2024-25,LEAGUE,,AS Saint-Étienne,Toulouse,2,3,A,France,Ligue 1,football-data.co.uk
league_071895f5abc92b25,2025-05-17,LIGUE_1,2024-25,LEAGUE,,Lens,AS Monaco,4,0,H,France,Ligue 1,football-data.co.uk
league_5903c06a81a1cb5e,2025-05-17,LIGUE_1,2024-25,LEAGUE,,Lille,Reims,2,1,H,France,Ligue 1,football-data.co.uk
league_250c601096005b13,2025-05-17,LIGUE_1,2024-25,LEAGUE,,Nantes,Montpellier,3,0,H,France,Ligue 1,football-data.co.uk
league_0485bdb8b07c4da4,2025-05-17,LIGUE_1,2024-25,LEAGUE,,Nice,Brest,6,0,H,France,Ligue 1,football-data.co.uk
league_ee7b378a9fc57891,2025-05-17,LIGUE_1,2024-25,LEAGUE,,Olympique Lyonnais,Angers,2,0,H,France,Ligue 1,football-data.co.uk
league_581237af6867cbab,2025-05-17,LIGUE_1,2024-25,LEAGUE,,Olympique Marseille,Rennes,4,2,H,France,Ligue 1,football-data.co.uk
league_e57fdb76e3c6c5a1,2025-05-17,LIGUE_1,2024-25,LEAGUE,,Paris Saint-Germain FC,Auxerre,3,1,H,France,Ligue 1,football-data.co.uk
league_21496163fc0746fd,2025-05-17,LIGUE_1,2024-25,LEAGUE,,Strasbourg,Le Havre,2,3,A,France,Ligue 1,football-data.co.uk
league_1c50f0af879b8572,2025-08-15,LIGUE_1,2025-26,LEAGUE,,Rennes,Olympique Marseille,1,0,H,France,Ligue 1,football-data.co.uk
league_9d5cae557948b5ec,2025-08-16,LIGUE_1,2025-26,LEAGUE,,AS Monaco,Le Havre,3,1,H,France,Ligue 1,football-data.co.uk
league_b2a5736b2bb7276c,2025-08-16,LIGUE_1,2025-26,LEAGUE,,Lens,Olympique Lyonnais,0,1,A,France,Ligue 1,football-data.co.uk
league_13777c8b20d70648,2025-08-16,LIGUE_1,2025-26,LEAGUE,,Nice,Toulouse,0,1,A,France,Ligue 1,football-data.co.uk
league_208d0e37ec0df3ed,2025-08-17,LIGUE_1,2025-26,LEAGUE,,Angers,Paris FC,1,0,H,France,Ligue 1,football-data.co.uk
league_85a846635b56c649,2025-08-17,LIGUE_1,2025-26,LEAGUE,,Auxerre,Lorient,1,0,H,France,Ligue 1,football-data.co.uk
league_4aa3848655a5ddae,2025-08-17,LIGUE_1,2025-26,LEAGUE,,Brest,Lille,3,3,D,France,Ligue 1,football-data.co.uk
league_cbc66dc55a6ea818,2025-08-17,LIGUE_1,2025-26,LEAGUE,,Metz,Strasbourg,0,1,A,France,Ligue 1,football-data.co.uk
league_33bf4a10e10b394f,2025-08-17,LIGUE_1,2025-26,LEAGUE,,Nantes,Paris Saint-Germain FC,0,1,A,France,Ligue 1,football-data.co.uk
league_cefe47987ee8be83,2025-08-22,LIGUE_1,2025-26,LEAGUE,,Paris Saint-Germain FC,Angers,1,0,H,France,Ligue 1,football-data.co.uk
league_f04e5b766c22249f,2025-08-23,LIGUE_1,2025-26,LEAGUE,,Nice,Auxerre,3,1,H,France,Ligue 1,football-data.co.uk
league_783af8dba56df896,2025-08-23,LIGUE_1,2025-26,LEAGUE,,Olympique Lyonnais,Metz,3,0,H,France,Ligue 1,football-data.co.uk
league_6fad16624752d05b,2025-08-23,LIGUE_1,2025-26,LEAGUE,,Olympique Marseille,Paris FC,5,2,H,France,Ligue 1,football-data.co.uk
league_f4b8e8c5ed01cc69,2025-08-24,LIGUE_1,2025-26,LEAGUE,,Le Havre,Lens,1,2,A,France,Ligue 1,football-data.co.uk
league_6e1d0b561edec43d,2025-08-24,LIGUE_1,2025-26,LEAGUE,,Lille,AS Monaco,1,0,H,France,Ligue 1,football-data.co.uk
league_0a34314a1ecf6776,2025-08-24,LIGUE_1,2025-26,LEAGUE,,Lorient,Rennes,4,0,H,France,Ligue 1,football-data.co.uk
league_186b4c8cef8bc4e3,2025-08-24,LIGUE_1,2025-26,LEAGUE,,Strasbourg,Nantes,1,0,H,France,Ligue 1,football-data.co.uk
league_c1212e8802f32910,2025-08-24,LIGUE_1,2025-26,LEAGUE,,Toulouse,Brest,2,0,H,France,Ligue 1,football-data.co.uk
league_465089ff5f3afd29,2025-08-29,LIGUE_1,2025-26,LEAGUE,,Lens,Brest,3,1,H,France,Ligue 1,football-data.co.uk
league_9a5da51baeef01b8,2025-08-30,LIGUE_1,2025-26,LEAGUE,,Lorient,Lille,1,7,A,France,Ligue 1,football-data.co.uk
league_1fec028c63d63caf,2025-08-30,LIGUE_1,2025-26,LEAGUE,,Nantes,Auxerre,1,0,H,France,Ligue 1,football-data.co.uk
league_3c3d5f837cfa35f9,2025-08-30,LIGUE_1,2025-26,LEAGUE,,Toulouse,Paris Saint-Germain FC,3,6,A,France,Ligue 1,football-data.co.uk
league_6894831986e876c3,2025-08-31,LIGUE_1,2025-26,LEAGUE,,AS Monaco,Strasbourg,3,2,H,France,Ligue 1,football-data.co.uk
league_429fc7224d8f5ede,2025-08-31,LIGUE_1,2025-26,LEAGUE,,Angers,Rennes,1,1,D,France,Ligue 1,football-data.co.uk
league_ff0b430978b67c2d,2025-08-31,LIGUE_1,2025-26,LEAGUE,,Le Havre,Nice,3,1,H,France,Ligue 1,football-data.co.uk
league_165e59a48b0f01ff,2025-08-31,LIGUE_1,2025-26,LEAGUE,,Olympique Lyonnais,Olympique Marseille,1,0,H,France,Ligue 1,football-data.co.uk
league_6d20fed85a4cd46d,2025-08-31,LIGUE_1,2025-26,LEAGUE,,Paris FC,Metz,3,2,H,France,Ligue 1,football-data.co.uk
league_39ada40891dec5d5,2025-09-12,LIGUE_1,2025-26,LEAGUE,,Olympique Marseille,Lorient,4,0,H,France,Ligue 1,football-data.co.uk
league_ab4cb695fe3ec568,2025-09-13,LIGUE_1,2025-26,LEAGUE,,Auxerre,AS Monaco,1,2,A,France,Ligue 1,football-data.co.uk
league_89940527d3f71ba2,2025-09-13,LIGUE_1,2025-26,LEAGUE,,Nice,Nantes,1,0,H,France,Ligue 1,football-data.co.uk
league_67c8400318be7fcd,2025-09-14,LIGUE_1,2025-26,LEAGUE,,Brest,Paris FC,1,2,A,France,Ligue 1,football-data.co.uk
league_ec482d381861634a,2025-09-14,LIGUE_1,2025-26,LEAGUE,,Lille,Toulouse,2,1,H,France,Ligue 1,football-data.co.uk
league_91e8f285cd689a3f,2025-09-14,LIGUE_1,2025-26,LEAGUE,,Metz,Angers,1,1,D,France,Ligue 1,football-data.co.uk
league_d8e3d89658d8f551,2025-09-14,LIGUE_1,2025-26,LEAGUE,,Paris Saint-Germain FC,Lens,2,0,H,France,Ligue 1,football-data.co.uk
league_a27953bb1b31da20,2025-09-14,LIGUE_1,2025-26,LEAGUE,,Rennes,Olympique Lyonnais,3,1,H,France,Ligue 1,football-data.co.uk
league_54c26cdbb0625685,2025-09-14,LIGUE_1,2025-26,LEAGUE,,Strasbourg,Le Havre,1,0,H,France,Ligue 1,football-data.co.uk
league_28ef6fb548956272,2025-09-19,LIGUE_1,2025-26,LEAGUE,,Olympique Lyonnais,Angers,1,0,H,France,Ligue 1,football-data.co.uk
league_c62a31e89a89d020,2025-09-20,LIGUE_1,2025-26,LEAGUE,,Brest,Nice,4,1,H,France,Ligue 1,football-data.co.uk
league_27f366c06c3e35d6,2025-09-20,LIGUE_1,2025-26,LEAGUE,,Lens,Lille,3,0,H,France,Ligue 1,football-data.co.uk
league_965f8ec87917ca64,2025-09-20,LIGUE_1,2025-26,LEAGUE,,Nantes,Rennes,2,2,D,France,Ligue 1,football-data.co.uk
league_47cab2f366e57f8b,2025-09-21,LIGUE_1,2025-26,LEAGUE,,AS Monaco,Metz,5,2,H,France,Ligue 1,football-data.co.uk
league_57648806d3cdbd73,2025-09-21,LIGUE_1,2025-26,LEAGUE,,Auxerre,Toulouse,1,0,H,France,Ligue 1,football-data.co.uk
league_91529417b1213cb2,2025-09-21,LIGUE_1,2025-26,LEAGUE,,Le Havre,Lorient,1,1,D,France,Ligue 1,football-data.co.uk
league_81d9d2fa34137524,2025-09-21,LIGUE_1,2025-26,LEAGUE,,Paris FC,Strasbourg,2,3,A,France,Ligue 1,football-data.co.uk
league_a8c3d01257d50562,2025-09-22,LIGUE_1,2025-26,LEAGUE,,Olympique Marseille,Paris Saint-Germain FC,1,0,H,France,Ligue 1,football-data.co.uk
league_6b9d147ea56a7e34,2025-09-26,LIGUE_1,2025-26,LEAGUE,,Strasbourg,Olympique Marseille,1,2,A,France,Ligue 1,football-data.co.uk
league_01c87787150c6511,2025-09-27,LIGUE_1,2025-26,LEAGUE,,Lorient,AS Monaco,3,1,H,France,Ligue 1,football-data.co.uk
league_aea40ffc43707f35,2025-09-27,LIGUE_1,2025-26,LEAGUE,,Paris Saint-Germain FC,Auxerre,2,0,H,France,Ligue 1,football-data.co.uk
league_744b664271611601,2025-09-27,LIGUE_1,2025-26,LEAGUE,,Toulouse,Nantes,2,2,D,France,Ligue 1,football-data.co.uk
league_207c48662c2ad60e,2025-09-28,LIGUE_1,2025-26,LEAGUE,,Angers,Brest,0,2,A,France,Ligue 1,football-data.co.uk
league_06cfd0ff8e9b318f,2025-09-28,LIGUE_1,2025-26,LEAGUE,,Lille,Olympique Lyonnais,0,1,A,France,Ligue 1,football-data.co.uk
league_85d49987c8c9a8c4,2025-09-28,LIGUE_1,2025-26,LEAGUE,,Metz,Le Havre,0,0,D,France,Ligue 1,football-data.co.uk
league_c3bfe6d8cf501bd7,2025-09-28,LIGUE_1,2025-26,LEAGUE,,Nice,Paris FC,1,1,D,France,Ligue 1,football-data.co.uk
league_6fad28a208fec13f,2025-09-28,LIGUE_1,2025-26,LEAGUE,,Rennes,Lens,0,0,D,France,Ligue 1,football-data.co.uk
league_542c39d6149532e1,2025-10-03,LIGUE_1,2025-26,LEAGUE,,Paris FC,Lorient,2,0,H,France,Ligue 1,football-data.co.uk
league_c1c12361caee4564,2025-10-04,LIGUE_1,2025-26,LEAGUE,,Auxerre,Lens,1,2,A,France,Ligue 1,football-data.co.uk
league_ff163c1b0e7e6203,2025-10-04,LIGUE_1,2025-26,LEAGUE,,Brest,Nantes,0,0,D,France,Ligue 1,football-data.co.uk
league_cd8c4947eae306d1,2025-10-04,LIGUE_1,2025-26,LEAGUE,,Metz,Olympique Marseille,0,3,A,France,Ligue 1,football-data.co.uk
league_38680aa2fab92417,2025-10-05,LIGUE_1,2025-26,LEAGUE,,AS Monaco,Nice,2,2,D,France,Ligue 1,football-data.co.uk
league_ae8a4b1776365f27,2025-10-05,LIGUE_1,2025-26,LEAGUE,,Le Havre,Rennes,2,2,D,France,Ligue 1,football-data.co.uk
league_c4bd0115d3b1fb41,2025-10-05,LIGUE_1,2025-26,LEAGUE,,Lille,Paris Saint-Germain FC,1,1,D,France,Ligue 1,football-data.co.uk
league_54c9685a3e60047f,2025-10-05,LIGUE_1,2025-26,LEAGUE,,Olympique Lyonnais,Toulouse,1,2,A,France,Ligue 1,football-data.co.uk
league_0a20197ca6ec26f5,2025-10-05,LIGUE_1,2025-26,LEAGUE,,Strasbourg,Angers,5,0,H,France,Ligue 1,football-data.co.uk
league_f944f5fd4a9731a4,2025-10-17,LIGUE_1,2025-26,LEAGUE,,Paris Saint-Germain FC,Strasbourg,3,3,D,France,Ligue 1,football-data.co.uk
league_d808c7613e99f9fc,2025-10-18,LIGUE_1,2025-26,LEAGUE,,Angers,AS Monaco,1,1,D,France,Ligue 1,football-data.co.uk
league_27ef697e3b3a24e0,2025-10-18,LIGUE_1,2025-26,LEAGUE,,Nice,Olympique Lyonnais,3,2,H,France,Ligue 1,football-data.co.uk
league_943f08692a054a47,2025-10-18,LIGUE_1,2025-26,LEAGUE,,Olympique Marseille,Le Havre,6,2,H,France,Ligue 1,football-data.co.uk
league_a0d982c568f85033,2025-10-19,LIGUE_1,2025-26,LEAGUE,,Lens,Paris FC,2,1,H,France,Ligue 1,football-data.co.uk
league_5b0a5362c27c4ed3,2025-10-19,LIGUE_1,2025-26,LEAGUE,,Lorient,Brest,3,3,D,France,Ligue 1,football-data.co.uk
league_398dc9ba3775191f,2025-10-19,LIGUE_1,2025-26,LEAGUE,,Nantes,Lille,0,2,A,France,Ligue 1,football-data.co.uk
league_1e36f9f97b452e0d,2025-10-19,LIGUE_1,2025-26,LEAGUE,,Rennes,Auxerre,2,2,D,France,Ligue 1,football-data.co.uk
league_426e2b6d2bec48da,2025-10-19,LIGUE_1,2025-26,LEAGUE,,Toulouse,Metz,4,0,H,France,Ligue 1,football-data.co.uk
league_f2beec44547b0ed7,2025-10-24,LIGUE_1,2025-26,LEAGUE,,Paris FC,Nantes,1,2,A,France,Ligue 1,football-data.co.uk
league_1cfc3aa7de41a47b,2025-10-25,LIGUE_1,2025-26,LEAGUE,,AS Monaco,Toulouse,1,0,H,France,Ligue 1,football-data.co.uk
league_659375c5dff0af8b,2025-10-25,LIGUE_1,2025-26,LEAGUE,,Brest,Paris Saint-Germain FC,0,3,A,France,Ligue 1,football-data.co.uk
league_733f2455b55b3c20,2025-10-25,LIGUE_1,2025-26,LEAGUE,,Lens,Olympique Marseille,2,1,H,France,Ligue 1,football-data.co.uk
league_abad48f645d90025,2025-10-26,LIGUE_1,2025-26,LEAGUE,,Angers,Lorient,2,0,H,France,Ligue 1,football-data.co.uk
league_9d36e85f68bbf468,2025-10-26,LIGUE_1,2025-26,LEAGUE,,Auxerre,Le Havre,0,1,A,France,Ligue 1,football-data.co.uk
league_2529fbe20aaccb0d,2025-10-26,LIGUE_1,2025-26,LEAGUE,,Lille,Metz,6,1,H,France,Ligue 1,football-data.co.uk
league_88cd0749112d01e4,2025-10-26,LIGUE_1,2025-26,LEAGUE,,Olympique Lyonnais,Strasbourg,2,1,H,France,Ligue 1,football-data.co.uk
league_ba42c362426b3cf9,2025-10-26,LIGUE_1,2025-26,LEAGUE,,Rennes,Nice,1,2,A,France,Ligue 1,football-data.co.uk
league_0267afae74b41e6f,2025-10-29,LIGUE_1,2025-26,LEAGUE,,Le Havre,Brest,1,0,H,France,Ligue 1,football-data.co.uk
league_92b27ad090137e6a,2025-10-29,LIGUE_1,2025-26,LEAGUE,,Lorient,Paris Saint-Germain FC,1,1,D,France,Ligue 1,football-data.co.uk
league_e9a5fabde2a79fd1,2025-10-29,LIGUE_1,2025-26,LEAGUE,,Metz,Lens,2,0,H,France,Ligue 1,football-data.co.uk
league_5c70525bc15713ad,2025-10-29,LIGUE_1,2025-26,LEAGUE,,Nantes,AS Monaco,3,5,A,France,Ligue 1,football-data.co.uk
league_761fcf67a2f7008e,2025-10-29,LIGUE_1,2025-26,LEAGUE,,Nice,Lille,2,0,H,France,Ligue 1,football-data.co.uk
league_9106c2857e5c3ebe,2025-10-29,LIGUE_1,2025-26,LEAGUE,,Olympique Marseille,Angers,2,2,D,France,Ligue 1,football-data.co.uk
league_35cecb878a560ecc,2025-10-29,LIGUE_1,2025-26,LEAGUE,,Paris FC,Olympique Lyonnais,3,3,D,France,Ligue 1,football-data.co.uk
league_6f8dce0f36848525,2025-10-29,LIGUE_1,2025-26,LEAGUE,,Strasbourg,Auxerre,3,0,H,France,Ligue 1,football-data.co.uk
league_052fbd3209f85d07,2025-10-29,LIGUE_1,2025-26,LEAGUE,,Toulouse,Rennes,2,2,D,France,Ligue 1,football-data.co.uk
league_2238963eda0bc612,2025-11-01,LIGUE_1,2025-26,LEAGUE,,AS Monaco,Paris FC,0,1,A,France,Ligue 1,football-data.co.uk
league_66b32ad8d6343ddf,2025-11-01,LIGUE_1,2025-26,LEAGUE,,Auxerre,Olympique Marseille,0,1,A,France,Ligue 1,football-data.co.uk
league_ae94e29deba06f63,2025-11-01,LIGUE_1,2025-26,LEAGUE,,Paris Saint-Germain FC,Nice,1,0,H,France,Ligue 1,football-data.co.uk
league_52c9f62840b7f180,2025-11-02,LIGUE_1,2025-26,LEAGUE,,Brest,Olympique Lyonnais,0,0,D,France,Ligue 1,football-data.co.uk
league_88e44a643851f4f8,2025-11-02,LIGUE_1,2025-26,LEAGUE,,Lens,Lorient,3,0,H,France,Ligue 1,football-data.co.uk
league_f3383af69f7eb05b,2025-11-02,LIGUE_1,2025-26,LEAGUE,,Lille,Angers,1,0,H,France,Ligue 1,football-data.co.uk
league_664a58b4667d1691,2025-11-02,LIGUE_1,2025-26,LEAGUE,,Nantes,Metz,0,2,A,France,Ligue 1,football-data.co.uk
league_2b458066a53a4fea,2025-11-02,LIGUE_1,2025-26,LEAGUE,,Rennes,Strasbourg,4,1,H,France,Ligue 1,football-data.co.uk
league_923919a719bf35dc,2025-11-02,LIGUE_1,2025-26,LEAGUE,,Toulouse,Le Havre,0,0,D,France,Ligue 1,football-data.co.uk
league_714f05f726f734cd,2025-11-07,LIGUE_1,2025-26,LEAGUE,,Paris FC,Rennes,0,1,A,France,Ligue 1,football-data.co.uk
league_51220b4492729e05,2025-11-08,LIGUE_1,2025-26,LEAGUE,,AS Monaco,Lens,1,4,A,France,Ligue 1,football-data.co.uk
league_47aa65edbdc026c0,2025-11-08,LIGUE_1,2025-26,LEAGUE,,Le Havre,Nantes,1,1,D,France,Ligue 1,football-data.co.uk
league_d0cc4936f2b2ead5,2025-11-08,LIGUE_1,2025-26,LEAGUE,,Olympique Marseille,Brest,3,0,H,France,Ligue 1,football-data.co.uk
league_4d8643125c83d845,2025-11-09,LIGUE_1,2025-26,LEAGUE,,Angers,Auxerre,2,0,H,France,Ligue 1,football-data.co.uk
league_d837a8f16e25f199,2025-11-09,LIGUE_1,2025-26,LEAGUE,,Lorient,Toulouse,1,1,D,France,Ligue 1,football-data.co.uk
league_5d7def72f0019c59,2025-11-09,LIGUE_1,2025-26,LEAGUE,,Metz,Nice,2,1,H,France,Ligue 1,football-data.co.uk
league_e36b46d243cebcb5,2025-11-09,LIGUE_1,2025-26,LEAGUE,,Olympique Lyonnais,Paris Saint-Germain FC,2,3,A,France,Ligue 1,football-data.co.uk
league_018e052256de318a,2025-11-09,LIGUE_1,2025-26,LEAGUE,,Strasbourg,Lille,2,0,H,France,Ligue 1,football-data.co.uk
league_2b63da95b53e5439,2025-11-21,LIGUE_1,2025-26,LEAGUE,,Nice,Olympique Marseille,1,5,A,France,Ligue 1,football-data.co.uk
league_94eff85029998719,2025-11-22,LIGUE_1,2025-26,LEAGUE,,Lens,Strasbourg,1,0,H,France,Ligue 1,football-data.co.uk
league_c0d6f50b811d642d,2025-11-22,LIGUE_1,2025-26,LEAGUE,,Paris Saint-Germain FC,Le Havre,3,0,H,France,Ligue 1,football-data.co.uk
league_44bbd40c7f5712b7,2025-11-22,LIGUE_1,2025-26,LEAGUE,,Rennes,AS Monaco,4,1,H,France,Ligue 1,football-data.co.uk
league_4518c92289654392,2025-11-23,LIGUE_1,2025-26,LEAGUE,,Auxerre,Olympique Lyonnais,0,0,D,France,Ligue 1,football-data.co.uk
league_6516ef678e5aa4b8,2025-11-23,LIGUE_1,2025-26,LEAGUE,,Brest,Metz,3,2,H,France,Ligue 1,football-data.co.uk
league_9736e5a71ddb1385,2025-11-23,LIGUE_1,2025-26,LEAGUE,,Lille,Paris FC,4,2,H,France,Ligue 1,football-data.co.uk
league_76f77e4067b1aeee,2025-11-23,LIGUE_1,2025-26,LEAGUE,,Nantes,Lorient,1,1,D,France,Ligue 1,football-data.co.uk
league_06b22a9edc30891b,2025-11-23,LIGUE_1,2025-26,LEAGUE,,Toulouse,Angers,0,1,A,France,Ligue 1,football-data.co.uk
league_731c9cc906139078,2025-11-28,LIGUE_1,2025-26,LEAGUE,,Metz,Rennes,0,1,A,France,Ligue 1,football-data.co.uk
league_906b23645eca572d,2025-11-29,LIGUE_1,2025-26,LEAGUE,,AS Monaco,Paris Saint-Germain FC,1,0,H,France,Ligue 1,football-data.co.uk
league_b5005aeeb706f01e,2025-11-29,LIGUE_1,2025-26,LEAGUE,,Olympique Marseille,Toulouse,2,2,D,France,Ligue 1,football-data.co.uk
league_f5d8e48b02239175,2025-11-29,LIGUE_1,2025-26,LEAGUE,,Paris FC,Auxerre,1,1,D,France,Ligue 1,football-data.co.uk
league_4daa331f3db80b2f,2025-11-30,LIGUE_1,2025-26,LEAGUE,,Angers,Lens,1,2,A,France,Ligue 1,football-data.co.uk
league_1f74ea4dca9aa980,2025-11-30,LIGUE_1,2025-26,LEAGUE,,Le Havre,Lille,0,1,A,France,Ligue 1,football-data.co.uk
league_c29f797257214a25,2025-11-30,LIGUE_1,2025-26,LEAGUE,,Lorient,Nice,3,1,H,France,Ligue 1,football-data.co.uk
league_8797118757e6b5f7,2025-11-30,LIGUE_1,2025-26,LEAGUE,,Olympique Lyonnais,Nantes,3,0,H,France,Ligue 1,football-data.co.uk
league_573ca680cec4c23b,2025-11-30,LIGUE_1,2025-26,LEAGUE,,Strasbourg,Brest,1,2,A,France,Ligue 1,football-data.co.uk
league_e556edc9cb3ce242,2025-12-05,LIGUE_1,2025-26,LEAGUE,,Brest,AS Monaco,1,0,H,France,Ligue 1,football-data.co.uk
league_afb389c5a3c0bb0a,2025-12-05,LIGUE_1,2025-26,LEAGUE,,Lille,Olympique Marseille,1,0,H,France,Ligue 1,football-data.co.uk
league_9c0f4f5080e5d9be,2025-12-06,LIGUE_1,2025-26,LEAGUE,,Nantes,Lens,1,2,A,France,Ligue 1,football-data.co.uk
league_040810cba0065da6,2025-12-06,LIGUE_1,2025-26,LEAGUE,,Paris Saint-Germain FC,Rennes,5,0,H,France,Ligue 1,football-data.co.uk
league_7f8e6af0ed98f49b,2025-12-06,LIGUE_1,2025-26,LEAGUE,,Toulouse,Strasbourg,1,0,H,France,Ligue 1,football-data.co.uk
league_43de21f879302603,2025-12-07,LIGUE_1,2025-26,LEAGUE,,Auxerre,Metz,3,1,H,France,Ligue 1,football-data.co.uk
league_f06ce38c1d1027d7,2025-12-07,LIGUE_1,2025-26,LEAGUE,,Le Havre,Paris FC,0,0,D,France,Ligue 1,football-data.co.uk
league_263ae87a6a496eb9,2025-12-07,LIGUE_1,2025-26,LEAGUE,,Lorient,Olympique Lyonnais,1,0,H,France,Ligue 1,football-data.co.uk
league_c37890252552731a,2025-12-07,LIGUE_1,2025-26,LEAGUE,,Nice,Angers,0,1,A,France,Ligue 1,football-data.co.uk
league_63966947283b304e,2025-12-12,LIGUE_1,2025-26,LEAGUE,,Angers,Nantes,4,1,H,France,Ligue 1,football-data.co.uk
league_59de0783b59438d0,2025-12-13,LIGUE_1,2025-26,LEAGUE,,Metz,Paris Saint-Germain FC,2,3,A,France,Ligue 1,football-data.co.uk
league_06d7b3c95224e530,2025-12-13,LIGUE_1,2025-26,LEAGUE,,Paris FC,Toulouse,0,3,A,France,Ligue 1,football-data.co.uk
league_efc6c0fe117df9c5,2025-12-13,LIGUE_1,2025-26,LEAGUE,,Rennes,Brest,3,1,H,France,Ligue 1,football-data.co.uk
league_0bbfcbfe6873e562,2025-12-14,LIGUE_1,2025-26,LEAGUE,,Auxerre,Lille,3,4,A,France,Ligue 1,football-data.co.uk
league_4ff5fe5f3b08f886,2025-12-14,LIGUE_1,2025-26,LEAGUE,,Lens,Nice,2,0,H,France,Ligue 1,football-data.co.uk
league_812c1f86b16a5d0e,2025-12-14,LIGUE_1,2025-26,LEAGUE,,Olympique Lyonnais,Le Havre,1,0,H,France,Ligue 1,football-data.co.uk
league_cc5f98ac8d1474f8,2025-12-14,LIGUE_1,2025-26,LEAGUE,,Olympique Marseille,AS Monaco,1,0,H,France,Ligue 1,football-data.co.uk
league_1ee3b4869ee777f5,2025-12-14,LIGUE_1,2025-26,LEAGUE,,Strasbourg,Lorient,0,0,D,France,Ligue 1,football-data.co.uk
league_157fb38275181fe2,2026-01-02,LIGUE_1,2025-26,LEAGUE,,Toulouse,Lens,0,3,A,France,Ligue 1,football-data.co.uk
league_b266b46083fc95aa,2026-01-03,LIGUE_1,2025-26,LEAGUE,,AS Monaco,Olympique Lyonnais,1,3,A,France,Ligue 1,football-data.co.uk
league_87da9cdae89a8729,2026-01-03,LIGUE_1,2025-26,LEAGUE,,Lille,Rennes,0,2,A,France,Ligue 1,football-data.co.uk
league_f7fa114b31a17069,2026-01-03,LIGUE_1,2025-26,LEAGUE,,Nice,Strasbourg,1,1,D,France,Ligue 1,football-data.co.uk
league_69c560a5daad0b1c,2026-01-04,LIGUE_1,2025-26,LEAGUE,,Brest,Auxerre,2,0,H,France,Ligue 1,football-data.co.uk
league_fbb3fc7a8402443f,2026-01-04,LIGUE_1,2025-26,LEAGUE,,Le Havre,Angers,2,1,H,France,Ligue 1,football-data.co.uk
league_87aebe3d43d8f34f,2026-01-04,LIGUE_1,2025-26,LEAGUE,,Lorient,Metz,1,1,D,France,Ligue 1,football-data.co.uk
league_86e7b853d7aab5b2,2026-01-04,LIGUE_1,2025-26,LEAGUE,,Olympique Marseille,Nantes,0,2,A,France,Ligue 1,football-data.co.uk
league_e8aad0ad87f9c3a8,2026-01-04,LIGUE_1,2025-26,LEAGUE,,Paris Saint-Germain FC,Paris FC,2,1,H,France,Ligue 1,football-data.co.uk
league_8e45ee36ca7363e5,2026-01-16,LIGUE_1,2025-26,LEAGUE,,AS Monaco,Lorient,1,3,A,France,Ligue 1,football-data.co.uk
league_9b74f95348b35666,2026-01-16,LIGUE_1,2025-26,LEAGUE,,Paris Saint-Germain FC,Lille,3,0,H,France,Ligue 1,football-data.co.uk
league_1c67f5fdeb06f761,2026-01-17,LIGUE_1,2025-26,LEAGUE,,Angers,Olympique Marseille,2,5,A,France,Ligue 1,football-data.co.uk
league_b88081e1bafddc6e,2026-01-17,LIGUE_1,2025-26,LEAGUE,,Lens,Auxerre,1,0,H,France,Ligue 1,football-data.co.uk
league_bdf628531fbf6762,2026-01-17,LIGUE_1,2025-26,LEAGUE,,Toulouse,Nice,5,1,H,France,Ligue 1,football-data.co.uk
league_420ab01c20a460a3,2026-01-18,LIGUE_1,2025-26,LEAGUE,,Nantes,Paris FC,1,2,A,France,Ligue 1,football-data.co.uk
league_169229f6bc08b483,2026-01-18,LIGUE_1,2025-26,LEAGUE,,Olympique Lyonnais,Brest,2,1,H,France,Ligue 1,football-data.co.uk
league_6009f891bfe21741,2026-01-18,LIGUE_1,2025-26,LEAGUE,,Rennes,Le Havre,1,1,D,France,Ligue 1,football-data.co.uk
league_f3a0dd9ee90710bd,2026-01-18,LIGUE_1,2025-26,LEAGUE,,Strasbourg,Metz,2,1,H,France,Ligue 1,football-data.co.uk
league_4fe9dbf3207005b2,2026-01-23,LIGUE_1,2025-26,LEAGUE,,Auxerre,Paris Saint-Germain FC,0,1,A,France,Ligue 1,football-data.co.uk
league_f439731a5252c56e,2026-01-24,LIGUE_1,2025-26,LEAGUE,,Le Havre,AS Monaco,0,0,D,France,Ligue 1,football-data.co.uk
league_b5b01e131030874d,2026-01-24,LIGUE_1,2025-26,LEAGUE,,Olympique Marseille,Lens,3,1,H,France,Ligue 1,football-data.co.uk
league_a249dc1a2351d37f,2026-01-24,LIGUE_1,2025-26,LEAGUE,,Rennes,Lorient,0,2,A,France,Ligue 1,football-data.co.uk
league_82eddd508a52dc28,2026-01-25,LIGUE_1,2025-26,LEAGUE,,Brest,Toulouse,0,2,A,France,Ligue 1,football-data.co.uk
league_09456193c77a370f,2026-01-25,LIGUE_1,2025-26,LEAGUE,,Lille,Strasbourg,1,4,A,France,Ligue 1,football-data.co.uk
league_ef47923d875de2fb,2026-01-25,LIGUE_1,2025-26,LEAGUE,,Metz,Olympique Lyonnais,2,5,A,France,Ligue 1,football-data.co.uk
league_1272240ec6c7925b,2026-01-25,LIGUE_1,2025-26,LEAGUE,,Nantes,Nice,1,4,A,France,Ligue 1,football-data.co.uk
league_27a2f8e25e9d20b9,2026-01-25,LIGUE_1,2025-26,LEAGUE,,Paris FC,Angers,0,0,D,France,Ligue 1,football-data.co.uk
league_f293e727cd6c0803,2026-01-30,LIGUE_1,2025-26,LEAGUE,,Lens,Le Havre,1,0,H,France,Ligue 1,football-data.co.uk
league_8d1bedbb213be1e7,2026-01-31,LIGUE_1,2025-26,LEAGUE,,AS Monaco,Rennes,4,0,H,France,Ligue 1,football-data.co.uk
league_3e1b0025373a49fb,2026-01-31,LIGUE_1,2025-26,LEAGUE,,Lorient,Nantes,2,1,H,France,Ligue 1,football-data.co.uk
league_647f66ee121caf91,2026-01-31,LIGUE_1,2025-26,LEAGUE,,Paris FC,Olympique Marseille,2,2,D,France,Ligue 1,football-data.co.uk
league_08c8794a5955a0c5,2026-02-01,LIGUE_1,2025-26,LEAGUE,,Angers,Metz,1,0,H,France,Ligue 1,football-data.co.uk
league_7d731b44fb27df9b,2026-02-01,LIGUE_1,2025-26,LEAGUE,,Nice,Brest,2,2,D,France,Ligue 1,football-data.co.uk
league_f712ead69a013b4a,2026-02-01,LIGUE_1,2025-26,LEAGUE,,Olympique Lyonnais,Lille,1,0,H,France,Ligue 1,football-data.co.uk
league_4f2d879e4a4cf84f,2026-02-01,LIGUE_1,2025-26,LEAGUE,,Strasbourg,Paris Saint-Germain FC,1,2,A,France,Ligue 1,football-data.co.uk
league_54cf4ce1df3ebb72,2026-02-01,LIGUE_1,2025-26,LEAGUE,,Toulouse,Auxerre,0,0,D,France,Ligue 1,football-data.co.uk
league_dbb2743f197f1045,2026-02-06,LIGUE_1,2025-26,LEAGUE,,Metz,Lille,0,0,D,France,Ligue 1,football-data.co.uk
league_2ff216e27e7d9a59,2026-02-07,LIGUE_1,2025-26,LEAGUE,,Brest,Lorient,2,0,H,France,Ligue 1,football-data.co.uk
league_f821f99740c0054e,2026-02-07,LIGUE_1,2025-26,LEAGUE,,Lens,Rennes,3,1,H,France,Ligue 1,football-data.co.uk
league_b865c5e340926a99,2026-02-07,LIGUE_1,2025-26,LEAGUE,,Nantes,Olympique Lyonnais,0,1,A,France,Ligue 1,football-data.co.uk
league_9a2200f31bd5bcea,2026-02-08,LIGUE_1,2025-26,LEAGUE,,Angers,Toulouse,1,0,H,France,Ligue 1,football-data.co.uk
league_c6c69209d872de0c,2026-02-08,LIGUE_1,2025-26,LEAGUE,,Auxerre,Paris FC,0,0,D,France,Ligue 1,football-data.co.uk
league_449971efc867a67f,2026-02-08,LIGUE_1,2025-26,LEAGUE,,Le Havre,Strasbourg,2,1,H,France,Ligue 1,football-data.co.uk
league_e4fae01b359de5a1,2026-02-08,LIGUE_1,2025-26,LEAGUE,,Nice,AS Monaco,0,0,D,France,Ligue 1,football-data.co.uk
league_b6d2dc27d0d0398f,2026-02-08,LIGUE_1,2025-26,LEAGUE,,Paris Saint-Germain FC,Olympique Marseille,5,0,H,France,Ligue 1,football-data.co.uk
league_2429f16591102641,2026-02-13,LIGUE_1,2025-26,LEAGUE,,AS Monaco,Nantes,3,1,H,France,Ligue 1,football-data.co.uk
league_c3afac9f6cb36b50,2026-02-13,LIGUE_1,2025-26,LEAGUE,,Rennes,Paris Saint-Germain FC,3,1,H,France,Ligue 1,football-data.co.uk
league_f40d42c721b1f5d4,2026-02-14,LIGUE_1,2025-26,LEAGUE,,Lille,Brest,1,1,D,France,Ligue 1,football-data.co.uk
league_572b3a3beb0da97d,2026-02-14,LIGUE_1,2025-26,LEAGUE,,Olympique Marseille,Strasbourg,2,2,D,France,Ligue 1,football-data.co.uk
league_9c82df3a7ef5f9d0,2026-02-14,LIGUE_1,2025-26,LEAGUE,,Paris FC,Lens,0,5,A,France,Ligue 1,football-data.co.uk
league_d6102b39e68fe550,2026-02-15,LIGUE_1,2025-26,LEAGUE,,Le Havre,Toulouse,2,1,H,France,Ligue 1,football-data.co.uk
league_b30c5db237d8b83a,2026-02-15,LIGUE_1,2025-26,LEAGUE,,Lorient,Angers,2,0,H,France,Ligue 1,football-data.co.uk
league_fd93164f436f98b6,2026-02-15,LIGUE_1,2025-26,LEAGUE,,Metz,Auxerre,1,3,A,France,Ligue 1,football-data.co.uk
league_fd5e9b35bfc4c7ae,2026-02-15,LIGUE_1,2025-26,LEAGUE,,Olympique Lyonnais,Nice,2,0,H,France,Ligue 1,football-data.co.uk
league_808ebfd37a32d273,2026-02-20,LIGUE_1,2025-26,LEAGUE,,Brest,Olympique Marseille,2,0,H,France,Ligue 1,football-data.co.uk
league_f6dfe1f66e037361,2026-02-21,LIGUE_1,2025-26,LEAGUE,,Lens,AS Monaco,2,3,A,France,Ligue 1,football-data.co.uk
league_14397f4ccc7bb7ce,2026-02-21,LIGUE_1,2025-26,LEAGUE,,Paris Saint-Germain FC,Metz,3,0,H,France,Ligue 1,football-data.co.uk
league_ff7f247a58f31333,2026-02-21,LIGUE_1,2025-26,LEAGUE,,Toulouse,Paris FC,1,1,D,France,Ligue 1,football-data.co.uk
league_19ac89c801750d7d,2026-02-22,LIGUE_1,2025-26,LEAGUE,,Angers,Lille,0,1,A,France,Ligue 1,football-data.co.uk
league_a3c6dde8607c31ef,2026-02-22,LIGUE_1,2025-26,LEAGUE,,Auxerre,Rennes,0,3,A,France,Ligue 1,football-data.co.uk
league_7a77898d953ba75b,2026-02-22,LIGUE_1,2025-26,LEAGUE,,Nantes,Le Havre,2,0,H,France,Ligue 1,football-data.co.uk
league_bf42f779619545ff,2026-02-22,LIGUE_1,2025-26,LEAGUE,,Nice,Lorient,3,3,D,France,Ligue 1,football-data.co.uk
league_437ee18ac4fd8e08,2026-02-22,LIGUE_1,2025-26,LEAGUE,,Strasbourg,Olympique Lyonnais,3,1,H,France,Ligue 1,football-data.co.uk
league_e2c0770b2f6ccf88,2026-02-27,LIGUE_1,2025-26,LEAGUE,,Strasbourg,Lens,1,1,D,France,Ligue 1,football-data.co.uk
league_65b113f8e4ec30b2,2026-02-28,LIGUE_1,2025-26,LEAGUE,,AS Monaco,Angers,2,0,H,France,Ligue 1,football-data.co.uk
league_5846016450890a33,2026-02-28,LIGUE_1,2025-26,LEAGUE,,Le Havre,Paris Saint-Germain FC,0,1,A,France,Ligue 1,football-data.co.uk
league_d6aeaedc575d08c6,2026-02-28,LIGUE_1,2025-26,LEAGUE,,Rennes,Toulouse,1,0,H,France,Ligue 1,football-data.co.uk
league_97ad8fa5e57c707c,2026-03-01,LIGUE_1,2025-26,LEAGUE,,Lille,Nantes,1,0,H,France,Ligue 1,football-data.co.uk
league_488584853f11a295,2026-03-01,LIGUE_1,2025-26,LEAGUE,,Lorient,Auxerre,2,2,D,France,Ligue 1,football-data.co.uk
league_5b5b33f7b6798a99,2026-03-01,LIGUE_1,2025-26,LEAGUE,,Metz,Brest,0,1,A,France,Ligue 1,football-data.co.uk
league_f9f366316b17e6d5,2026-03-01,LIGUE_1,2025-26,LEAGUE,,Olympique Marseille,Olympique Lyonnais,3,2,H,France,Ligue 1,football-data.co.uk
league_e17596c951f4c9eb,2026-03-01,LIGUE_1,2025-26,LEAGUE,,Paris FC,Nice,1,0,H,France,Ligue 1,football-data.co.uk
league_88372e591e4ef4b0,2026-03-06,LIGUE_1,2025-26,LEAGUE,,Paris Saint-Germain FC,AS Monaco,1,3,A,France,Ligue 1,football-data.co.uk
league_050ffb2014c81156,2026-03-07,LIGUE_1,2025-26,LEAGUE,,Auxerre,Strasbourg,0,0,D,France,Ligue 1,football-data.co.uk
league_7f6eba34435221b6,2026-03-07,LIGUE_1,2025-26,LEAGUE,,Nantes,Angers,0,1,A,France,Ligue 1,football-data.co.uk
league_68b993ae0abf9642,2026-03-07,LIGUE_1,2025-26,LEAGUE,,Toulouse,Olympique Marseille,0,1,A,France,Ligue 1,football-data.co.uk
league_b2e0a0baf0393d12,2026-03-08,LIGUE_1,2025-26,LEAGUE,,Brest,Le Havre,2,0,H,France,Ligue 1,football-data.co.uk
league_b240f59b9aadf341,2026-03-08,LIGUE_1,2025-26,LEAGUE,,Lens,Metz,3,0,H,France,Ligue 1,football-data.co.uk
league_cfb93aa5f71bf992,2026-03-08,LIGUE_1,2025-26,LEAGUE,,Lille,Lorient,1,1,D,France,Ligue 1,football-data.co.uk
league_6303f30372b36459,2026-03-08,LIGUE_1,2025-26,LEAGUE,,Nice,Rennes,0,4,A,France,Ligue 1,football-data.co.uk
league_6431a0c7dd476641,2026-03-08,LIGUE_1,2025-26,LEAGUE,,Olympique Lyonnais,Paris FC,1,1,D,France,Ligue 1,football-data.co.uk
league_367211c699e6dab9,2026-03-13,LIGUE_1,2025-26,LEAGUE,,Olympique Marseille,Auxerre,1,0,H,France,Ligue 1,football-data.co.uk
league_7a0dfe612ed2524f,2026-03-14,LIGUE_1,2025-26,LEAGUE,,AS Monaco,Brest,2,0,H,France,Ligue 1,football-data.co.uk
league_baed8de877aebeec,2026-03-14,LIGUE_1,2025-26,LEAGUE,,Angers,Nice,0,2,A,France,Ligue 1,football-data.co.uk
league_d9c349b51f0e8192,2026-03-14,LIGUE_1,2025-26,LEAGUE,,Lorient,Lens,2,1,H,France,Ligue 1,football-data.co.uk
league_8061d437a787e15a,2026-03-15,LIGUE_1,2025-26,LEAGUE,,Le Havre,Olympique Lyonnais,0,0,D,France,Ligue 1,football-data.co.uk
league_bd84af1df2e613c2,2026-03-15,LIGUE_1,2025-26,LEAGUE,,Metz,Toulouse,3,4,A,France,Ligue 1,football-data.co.uk
league_f24b424b02927333,2026-03-15,LIGUE_1,2025-26,LEAGUE,,Rennes,Lille,1,2,A,France,Ligue 1,football-data.co.uk
league_ca5535eea2310e6f,2026-03-15,LIGUE_1,2025-26,LEAGUE,,Strasbourg,Paris FC,0,0,D,France,Ligue 1,football-data.co.uk
league_c4b0a628be9364a8,2026-03-20,LIGUE_1,2025-26,LEAGUE,,Lens,Angers,5,1,H,France,Ligue 1,football-data.co.uk
league_bfd0c22c7183d603,2026-03-21,LIGUE_1,2025-26,LEAGUE,,Auxerre,Brest,3,0,H,France,Ligue 1,football-data.co.uk
league_3bd251418e95e19f,2026-03-21,LIGUE_1,2025-26,LEAGUE,,Nice,Paris Saint-Germain FC,0,4,A,France,Ligue 1,football-data.co.uk
league_da732d13372cba27,2026-03-21,LIGUE_1,2025-26,LEAGUE,,Toulouse,Lorient,1,0,H,France,Ligue 1,football-data.co.uk
league_cdf35af9d6b4a25e,2026-03-22,LIGUE_1,2025-26,LEAGUE,,Nantes,Strasbourg,2,3,A,France,Ligue 1,football-data.co.uk
league_1c42d8dda0aeeed2,2026-03-22,LIGUE_1,2025-26,LEAGUE,,Olympique Lyonnais,AS Monaco,1,2,A,France,Ligue 1,football-data.co.uk
league_ce3f29285e9cb20f,2026-03-22,LIGUE_1,2025-26,LEAGUE,,Olympique Marseille,Lille,1,2,A,France,Ligue 1,football-data.co.uk
league_534a6383b5dc014a,2026-03-22,LIGUE_1,2025-26,LEAGUE,,Paris FC,Le Havre,3,2,H,France,Ligue 1,football-data.co.uk
league_2ef8ecc5b27df494,2026-03-22,LIGUE_1,2025-26,LEAGUE,,Rennes,Metz,0,0,D,France,Ligue 1,football-data.co.uk
league_3f3fd072f6c0716a,2026-04-03,LIGUE_1,2025-26,LEAGUE,,Paris Saint-Germain FC,Toulouse,3,1,H,France,Ligue 1,football-data.co.uk
league_284aefc65acaa5c2,2026-04-04,LIGUE_1,2025-26,LEAGUE,,Brest,Rennes,3,4,A,France,Ligue 1,football-data.co.uk
league_3ec30bd35bed78d0,2026-04-04,LIGUE_1,2025-26,LEAGUE,,Lille,Lens,3,0,H,France,Ligue 1,football-data.co.uk
league_22b34c7083d7fef6,2026-04-04,LIGUE_1,2025-26,LEAGUE,,Strasbourg,Nice,3,1,H,France,Ligue 1,football-data.co.uk
league_a57523843072192e,2026-04-05,LIGUE_1,2025-26,LEAGUE,,AS Monaco,Olympique Marseille,2,1,H,France,Ligue 1,football-data.co.uk
league_e2774d68703535c4,2026-04-05,LIGUE_1,2025-26,LEAGUE,,Angers,Olympique Lyonnais,0,0,D,France,Ligue 1,football-data.co.uk
league_edc80e161f2e0f83,2026-04-05,LIGUE_1,2025-26,LEAGUE,,Le Havre,Auxerre,1,1,D,France,Ligue 1,football-data.co.uk
league_720aaf4e1a65ebed,2026-04-05,LIGUE_1,2025-26,LEAGUE,,Lorient,Paris FC,1,1,D,France,Ligue 1,football-data.co.uk
league_0eeefe7a8d38eccc,2026-04-05,LIGUE_1,2025-26,LEAGUE,,Metz,Nantes,0,0,D,France,Ligue 1,football-data.co.uk
league_f6ebac6aff3e05aa,2026-04-10,LIGUE_1,2025-26,LEAGUE,,Olympique Marseille,Metz,3,1,H,France,Ligue 1,football-data.co.uk
league_fe54a827d0a6fe6f,2026-04-10,LIGUE_1,2025-26,LEAGUE,,Paris FC,AS Monaco,4,1,H,France,Ligue 1,football-data.co.uk
league_e291225c96c2b850,2026-04-11,LIGUE_1,2025-26,LEAGUE,,Auxerre,Nantes,0,0,D,France,Ligue 1,football-data.co.uk
league_2f2cdeeba5c6ccbe,2026-04-11,LIGUE_1,2025-26,LEAGUE,,Rennes,Angers,2,1,H,France,Ligue 1,football-data.co.uk
league_2f66f8caee24115f,2026-04-12,LIGUE_1,2025-26,LEAGUE,,Nice,Le Havre,1,1,D,France,Ligue 1,football-data.co.uk
league_6e7b61af6c6b638d,2026-04-12,LIGUE_1,2025-26,LEAGUE,,Olympique Lyonnais,Lorient,2,0,H,France,Ligue 1,football-data.co.uk
league_900085e9ca043445,2026-04-12,LIGUE_1,2025-26,LEAGUE,,Toulouse,Lille,0,4,A,France,Ligue 1,football-data.co.uk
league_911b1fdf02b60d8d,2026-04-17,LIGUE_1,2025-26,LEAGUE,,Lens,Toulouse,3,2,H,France,Ligue 1,football-data.co.uk
league_8789162989348e36,2026-04-18,LIGUE_1,2025-26,LEAGUE,,Angers,Le Havre,1,1,D,France,Ligue 1,football-data.co.uk
league_d67a3750a2dce4d4,2026-04-18,LIGUE_1,2025-26,LEAGUE,,Lille,Nice,0,0,D,France,Ligue 1,football-data.co.uk
league_9b30b1c8d044e593,2026-04-18,LIGUE_1,2025-26,LEAGUE,,Lorient,Olympique Marseille,2,0,H,France,Ligue 1,football-data.co.uk
league_4116336a0aed9805,2026-04-19,LIGUE_1,2025-26,LEAGUE,,AS Monaco,Auxerre,2,2,D,France,Ligue 1,football-data.co.uk
league_8f2fcf271eaa2bce,2026-04-19,LIGUE_1,2025-26,LEAGUE,,Metz,Paris FC,1,3,A,France,Ligue 1,football-data.co.uk
league_7fab753e36ab7611,2026-04-19,LIGUE_1,2025-26,LEAGUE,,Nantes,Brest,1,1,D,France,Ligue 1,football-data.co.uk
league_87e758468831a966,2026-04-19,LIGUE_1,2025-26,LEAGUE,,Paris Saint-Germain FC,Olympique Lyonnais,1,2,A,France,Ligue 1,football-data.co.uk
league_741443a73414ecc4,2026-04-19,LIGUE_1,2025-26,LEAGUE,,Strasbourg,Rennes,0,3,A,France,Ligue 1,football-data.co.uk
league_a657b7cb27c20324,2026-04-22,LIGUE_1,2025-26,LEAGUE,,Paris Saint-Germain FC,Nantes,3,0,H,France,Ligue 1,football-data.co.uk
league_c8ecc58b8d83aa51,2026-04-24,LIGUE_1,2025-26,LEAGUE,,Brest,Lens,3,3,D,France,Ligue 1,football-data.co.uk
league_6455d71ea501fb2e,2026-04-25,LIGUE_1,2025-26,LEAGUE,,Angers,Paris Saint-Germain FC,0,3,A,France,Ligue 1,football-data.co.uk
league_49062d8a4ec241a0,2026-04-25,LIGUE_1,2025-26,LEAGUE,,Olympique Lyonnais,Auxerre,3,2,H,France,Ligue 1,football-data.co.uk
league_8b6e61aec8414eb1,2026-04-25,LIGUE_1,2025-26,LEAGUE,,Toulouse,AS Monaco,2,2,D,France,Ligue 1,football-data.co.uk
league_b200d732c8050d36,2026-04-26,LIGUE_1,2025-26,LEAGUE,,Le Havre,Metz,4,4,D,France,Ligue 1,football-data.co.uk
league_fae5971208b98a4e,2026-04-26,LIGUE_1,2025-26,LEAGUE,,Lorient,Strasbourg,2,3,A,France,Ligue 1,football-data.co.uk
league_7d76bbe7cc8f2c60,2026-04-26,LIGUE_1,2025-26,LEAGUE,,Olympique Marseille,Nice,1,1,D,France,Ligue 1,football-data.co.uk
league_76c51e90d3770ab2,2026-04-26,LIGUE_1,2025-26,LEAGUE,,Paris FC,Lille,0,1,A,France,Ligue 1,football-data.co.uk
league_89366556be0d5bc3,2026-04-26,LIGUE_1,2025-26,LEAGUE,,Rennes,Nantes,2,1,H,France,Ligue 1,football-data.co.uk
league_028846790cb210bb,2026-05-02,LIGUE_1,2025-26,LEAGUE,,Metz,AS Monaco,1,2,A,France,Ligue 1,football-data.co.uk
league_1ebcd565103a80a3,2026-05-02,LIGUE_1,2025-26,LEAGUE,,Nantes,Olympique Marseille,3,0,H,France,Ligue 1,football-data.co.uk
league_89744af433054747,2026-05-02,LIGUE_1,2025-26,LEAGUE,,Nice,Lens,1,1,D,France,Ligue 1,football-data.co.uk
league_7fbee82366e94d73,2026-05-02,LIGUE_1,2025-26,LEAGUE,,Paris Saint-Germain FC,Lorient,2,2,D,France,Ligue 1,football-data.co.uk
league_fe90641e7ae2c963,2026-05-03,LIGUE_1,2025-26,LEAGUE,,Auxerre,Angers,3,1,H,France,Ligue 1,football-data.co.uk
league_d53fab4d30beb0e6,2026-05-03,LIGUE_1,2025-26,LEAGUE,,Lille,Le Havre,1,1,D,France,Ligue 1,football-data.co.uk
league_e66a8d7adbe90a07,2026-05-03,LIGUE_1,2025-26,LEAGUE,,Olympique Lyonnais,Rennes,4,2,H,France,Ligue 1,football-data.co.uk
league_cfd06459f77e113e,2026-05-03,LIGUE_1,2025-26,LEAGUE,,Paris FC,Brest,4,0,H,France,Ligue 1,football-data.co.uk
league_8864d8eefd421203,2026-05-03,LIGUE_1,2025-26,LEAGUE,,Strasbourg,Toulouse,1,2,A,France,Ligue 1,football-data.co.uk
league_cb318fc51acc73dd,2026-05-08,LIGUE_1,2025-26,LEAGUE,,Lens,Nantes,1,0,H,France,Ligue 1,football-data.co.uk
league_1bf860532d4aea7e,2026-05-10,LIGUE_1,2025-26,LEAGUE,,AS Monaco,Lille,0,1,A,France,Ligue 1,football-data.co.uk
league_1f7c9c482ac25e79,2026-05-10,LIGUE_1,2025-26,LEAGUE,,Angers,Strasbourg,1,1,D,France,Ligue 1,football-data.co.uk
league_180e03966e550ba9,2026-05-10,LIGUE_1,2025-26,LEAGUE,,Auxerre,Nice,2,1,H,France,Ligue 1,football-data.co.uk
league_54bbacd8f3c403e7,2026-05-10,LIGUE_1,2025-26,LEAGUE,,Le Havre,Olympique Marseille,0,1,A,France,Ligue 1,football-data.co.uk
league_724d1fd43a1b93ee,2026-05-10,LIGUE_1,2025-26,LEAGUE,,Metz,Lorient,0,4,A,France,Ligue 1,football-data.co.uk
league_a4fc971a53d5d619,2026-05-10,LIGUE_1,2025-26,LEAGUE,,Paris Saint-Germain FC,Brest,1,0,H,France,Ligue 1,football-data.co.uk
league_dbb984c4715ecb73,2026-05-10,LIGUE_1,2025-26,LEAGUE,,Rennes,Paris FC,2,1,H,France,Ligue 1,football-data.co.uk
league_87c8d46a3f13d1d7,2026-05-10,LIGUE_1,2025-26,LEAGUE,,Toulouse,Olympique Lyonnais,2,1,H,France,Ligue 1,football-data.co.uk
league_f79ab3163b7dc2d2,2026-05-13,LIGUE_1,2025-26,LEAGUE,,Brest,Strasbourg,1,2,A,France,Ligue 1,football-data.co.uk
league_358e3a1e06f9232d,2026-05-13,LIGUE_1,2025-26,LEAGUE,,Lens,Paris Saint-Germain FC,0,2,A,France,Ligue 1,football-data.co.uk
league_3d037563b67c8042,2026-05-17,LIGUE_1,2025-26,LEAGUE,,Brest,Angers,1,1,D,France,Ligue 1,football-data.co.uk
league_d20c8b79a94627c0,2026-05-17,LIGUE_1,2025-26,LEAGUE,,Lille,Auxerre,0,2,A,France,Ligue 1,football-data.co.uk
league_4c57d75b74f0914a,2026-05-17,LIGUE_1,2025-26,LEAGUE,,Lorient,Le Havre,0,2,A,France,Ligue 1,football-data.co.uk
league_bde90e4a7448c259,2026-05-17,LIGUE_1,2025-26,LEAGUE,,Nantes,Toulouse,0,0,D,France,Ligue 1,football-data.co.uk
league_a36f0a7a5bba63e7,2026-05-17,LIGUE_1,2025-26,LEAGUE,,Nice,Metz,0,0,D,France,Ligue 1,football-data.co.uk
league_3235015cb43d3436,2026-05-17,LIGUE_1,2025-26,LEAGUE,,Olympique Lyonnais,Lens,0,4,A,France,Ligue 1,football-data.co.uk
league_57c8bb3c1e1d1cae,2026-05-17,LIGUE_1,2025-26,LEAGUE,,Olympique Marseille,Rennes,3,1,H,France,Ligue 1,football-data.co.uk
league_74cb6f03df8acfdd,2026-05-17,LIGUE_1,2025-26,LEAGUE,,Paris FC,Paris Saint-Germain FC,2,1,H,France,Ligue 1,football-data.co.uk
league_365541bc591f4f1a,2026-05-17,LIGUE_1,2025-26,LEAGUE,,Strasbourg,AS Monaco,5,4,H,France,Ligue 1,football-data.co.uk
