match_id,date,competition,season,stage,matchday,home_team,away_team,home_goals,away_goals,winner,country,league_name,data_source
league_5faa3b23e5996fa1,2016-08-12,PRIMEIRA_LIGA,2016-17,LEAGUE,,Rio Ave,FC Porto,1,3,A,Portugal,Primeira Liga,football-data.co.uk
league_70df0011ef86a208,2016-08-13,PRIMEIRA_LIGA,2016-17,LEAGUE,,Moreirense,Pacos Ferreira,1,1,D,Portugal,Primeira Liga,football-data.co.uk
league_45064c45916dad12,2016-08-13,PRIMEIRA_LIGA,2016-17,LEAGUE,,Sporting CP,Maritimo,2,0,H,Portugal,Primeira Liga,football-data.co.uk
league_e288f30d7fdc7c35,2016-08-13,PRIMEIRA_LIGA,2016-17,LEAGUE,,Tondela,Benfica,0,2,A,Portugal,Primeira Liga,football-data.co.uk
league_30dc337ce6e331ec,2016-08-14,PRIMEIRA_LIGA,2016-17,LEAGUE,,Boavista,Arouca,2,0,H,Portugal,Primeira Liga,football-data.co.uk
league_1b6e4031150e89ea,2016-08-14,PRIMEIRA_LIGA,2016-17,LEAGUE,,Guimaraes,Sp Braga,0,1,A,Portugal,Primeira Liga,football-data.co.uk
league_1ed262846be8eddd,2016-08-14,PRIMEIRA_LIGA,2016-17,LEAGUE,,Setubal,Belenenses,2,0,H,Portugal,Primeira Liga,football-data.co.uk
league_0255b0566c65d8d4,2016-08-15,PRIMEIRA_LIGA,2016-17,LEAGUE,,Estoril,Feirense,0,2,A,Portugal,Primeira Liga,football-data.co.uk
league_d8d17218dc1dbb02,2016-08-19,PRIMEIRA_LIGA,2016-17,LEAGUE,,Belenenses,Boavista,0,0,D,Portugal,Primeira Liga,football-data.co.uk
league_e2fe151c6c072640,2016-08-20,PRIMEIRA_LIGA,2016-17,LEAGUE,,Chaves,Tondela,1,1,D,Portugal,Primeira Liga,football-data.co.uk
league_6c7236c12f383b37,2016-08-20,PRIMEIRA_LIGA,2016-17,LEAGUE,,FC Porto,Estoril,1,0,H,Portugal,Primeira Liga,football-data.co.uk
league_5289c3d0460bd990,2016-08-20,PRIMEIRA_LIGA,2016-17,LEAGUE,,Maritimo,Guimaraes,0,2,A,Portugal,Primeira Liga,football-data.co.uk
league_1619db444a61dffc,2016-08-20,PRIMEIRA_LIGA,2016-17,LEAGUE,,Pacos Ferreira,Sporting CP,0,1,A,Portugal,Primeira Liga,football-data.co.uk
league_33b519b54cd77ff5,2016-08-21,PRIMEIRA_LIGA,2016-17,LEAGUE,,Arouca,Nacional,2,0,H,Portugal,Primeira Liga,football-data.co.uk
league_e2b5f0d43b726f19,2016-08-21,PRIMEIRA_LIGA,2016-17,LEAGUE,,Benfica,Setubal,1,1,D,Portugal,Primeira Liga,football-data.co.uk
league_c6bcca6f55074205,2016-08-21,PRIMEIRA_LIGA,2016-17,LEAGUE,,Feirense,Moreirense,0,3,A,Portugal,Primeira Liga,football-data.co.uk
league_cdd81a0b0c9db4a2,2016-08-22,PRIMEIRA_LIGA,2016-17,LEAGUE,,Sp Braga,Rio Ave,1,1,D,Portugal,Primeira Liga,football-data.co.uk
league_66ce9e08ed78216d,2016-08-26,PRIMEIRA_LIGA,2016-17,LEAGUE,,Guimaraes,Pacos Ferreira,5,3,H,Portugal,Primeira Liga,football-data.co.uk
league_0ca43a56ddc8c5a7,2016-08-27,PRIMEIRA_LIGA,2016-17,LEAGUE,,Estoril,Sp Braga,1,3,A,Portugal,Primeira Liga,football-data.co.uk
league_7992fbdc730661be,2016-08-27,PRIMEIRA_LIGA,2016-17,LEAGUE,,Nacional,Benfica,1,3,A,Portugal,Primeira Liga,football-data.co.uk
league_2ae9222169048371,2016-08-27,PRIMEIRA_LIGA,2016-17,LEAGUE,,Tondela,Belenenses,0,1,A,Portugal,Primeira Liga,football-data.co.uk
league_53e4e456022d719c,2016-08-28,PRIMEIRA_LIGA,2016-17,LEAGUE,,Boavista,Chaves,2,2,D,Portugal,Primeira Liga,football-data.co.uk
league_4c14ee0a923e018f,2016-08-28,PRIMEIRA_LIGA,2016-17,LEAGUE,,Moreirense,Maritimo,0,1,A,Portugal,Primeira Liga,football-data.co.uk
league_255b7eba8d8e8111,2016-08-28,PRIMEIRA_LIGA,2016-17,LEAGUE,,Rio Ave,Feirense,1,0,H,Portugal,Primeira Liga,football-data.co.uk
league_c2e19676a2eb8248,2016-08-28,PRIMEIRA_LIGA,2016-17,LEAGUE,,Setubal,Arouca,2,0,H,Portugal,Primeira Liga,football-data.co.uk
league_f55f13cf10c8725f,2016-08-28,PRIMEIRA_LIGA,2016-17,LEAGUE,,Sporting CP,FC Porto,2,1,H,Portugal,Primeira Liga,football-data.co.uk
league_0d8f22ccf075ebfa,2016-09-04,PRIMEIRA_LIGA,2016-17,LEAGUE,,Nacional,Chaves,0,1,A,Portugal,Primeira Liga,football-data.co.uk
league_e43a54e7330dcc7e,2016-09-09,PRIMEIRA_LIGA,2016-17,LEAGUE,,Arouca,Benfica,1,2,A,Portugal,Primeira Liga,football-data.co.uk
league_88133fbbbaebca09,2016-09-10,PRIMEIRA_LIGA,2016-17,LEAGUE,,Belenenses,Nacional,2,1,H,Portugal,Primeira Liga,football-data.co.uk
league_cb300b43080a2beb,2016-09-10,PRIMEIRA_LIGA,2016-17,LEAGUE,,FC Porto,Guimaraes,3,0,H,Portugal,Primeira Liga,football-data.co.uk
league_3747e7e099d0dffe,2016-09-10,PRIMEIRA_LIGA,2016-17,LEAGUE,,Sporting CP,Moreirense,3,0,H,Portugal,Primeira Liga,football-data.co.uk
league_e951c509637d48f9,2016-09-11,PRIMEIRA_LIGA,2016-17,LEAGUE,,Chaves,Setubal,0,0,D,Portugal,Primeira Liga,football-data.co.uk
league_4ccfc5ef3bc20b1f,2016-09-11,PRIMEIRA_LIGA,2016-17,LEAGUE,,Maritimo,Rio Ave,0,1,A,Portugal,Primeira Liga,football-data.co.uk
league_3fd80977fa656265,2016-09-11,PRIMEIRA_LIGA,2016-17,LEAGUE,,Pacos Ferreira,Estoril,0,0,D,Portugal,Primeira Liga,football-data.co.uk
league_d3af14836c0537b4,2016-09-11,PRIMEIRA_LIGA,2016-17,LEAGUE,,Sp Braga,Boavista,3,0,H,Portugal,Primeira Liga,football-data.co.uk
league_5cb24200b65a095d,2016-09-12,PRIMEIRA_LIGA,2016-17,LEAGUE,,Feirense,Tondela,2,1,H,Portugal,Primeira Liga,football-data.co.uk
league_705d799d55aeb90c,2016-09-16,PRIMEIRA_LIGA,2016-17,LEAGUE,,Nacional,Maritimo,2,0,H,Portugal,Primeira Liga,football-data.co.uk
league_b46fbb47e5cc3db5,2016-09-17,PRIMEIRA_LIGA,2016-17,LEAGUE,,Estoril,Moreirense,2,0,H,Portugal,Primeira Liga,football-data.co.uk
league_020ef596f5bd88eb,2016-09-17,PRIMEIRA_LIGA,2016-17,LEAGUE,,Guimaraes,Belenenses,1,1,D,Portugal,Primeira Liga,football-data.co.uk
league_de2263a331cd8af2,2016-09-17,PRIMEIRA_LIGA,2016-17,LEAGUE,,Setubal,Pacos Ferreira,1,4,A,Portugal,Primeira Liga,football-data.co.uk
league_d7e941919d46c18d,2016-09-18,PRIMEIRA_LIGA,2016-17,LEAGUE,,Arouca,Chaves,0,1,A,Portugal,Primeira Liga,football-data.co.uk
league_2bc6b4361825c9eb,2016-09-18,PRIMEIRA_LIGA,2016-17,LEAGUE,,Boavista,Feirense,1,2,A,Portugal,Primeira Liga,football-data.co.uk
league_a7fd23b2c36c570f,2016-09-18,PRIMEIRA_LIGA,2016-17,LEAGUE,,Rio Ave,Sporting CP,3,1,H,Portugal,Primeira Liga,football-data.co.uk
league_98b3c667b3569029,2016-09-18,PRIMEIRA_LIGA,2016-17,LEAGUE,,Tondela,FC Porto,0,0,D,Portugal,Primeira Liga,football-data.co.uk
league_8f30fc702fd926ca,2016-09-19,PRIMEIRA_LIGA,2016-17,LEAGUE,,Benfica,Sp Braga,3,1,H,Portugal,Primeira Liga,football-data.co.uk
league_eca03a17bfff9029,2016-09-23,PRIMEIRA_LIGA,2016-17,LEAGUE,,FC Porto,Boavista,3,1,H,Portugal,Primeira Liga,football-data.co.uk
league_3992047ac8c31a8f,2016-09-23,PRIMEIRA_LIGA,2016-17,LEAGUE,,Sporting CP,Estoril,4,2,H,Portugal,Primeira Liga,football-data.co.uk
league_21856c49405d8e49,2016-09-24,PRIMEIRA_LIGA,2016-17,LEAGUE,,Chaves,Benfica,0,2,A,Portugal,Primeira Liga,football-data.co.uk
league_5b5dcf1ce118c92c,2016-09-24,PRIMEIRA_LIGA,2016-17,LEAGUE,,Feirense,Nacional,0,3,A,Portugal,Primeira Liga,football-data.co.uk
league_dc05f824151b880d,2016-09-24,PRIMEIRA_LIGA,2016-17,LEAGUE,,Sp Braga,Setubal,2,1,H,Portugal,Primeira Liga,football-data.co.uk
league_00b74357ed6c871e,2016-09-25,PRIMEIRA_LIGA,2016-17,LEAGUE,,Maritimo,Tondela,2,0,H,Portugal,Primeira Liga,football-data.co.uk
league_d6962163f9988574,2016-09-25,PRIMEIRA_LIGA,2016-17,LEAGUE,,Moreirense,Guimaraes,0,1,A,Portugal,Primeira Liga,football-data.co.uk
league_8fb4ff22e46324ec,2016-09-25,PRIMEIRA_LIGA,2016-17,LEAGUE,,Pacos Ferreira,Rio Ave,2,1,H,Portugal,Primeira Liga,football-data.co.uk
league_0489e481962d6728,2016-09-26,PRIMEIRA_LIGA,2016-17,LEAGUE,,Belenenses,Arouca,1,1,D,Portugal,Primeira Liga,football-data.co.uk
league_609e6f29ced7c08b,2016-09-30,PRIMEIRA_LIGA,2016-17,LEAGUE,,Tondela,Pacos Ferreira,2,1,H,Portugal,Primeira Liga,football-data.co.uk
league_e61c24e2262d2d99,2016-10-01,PRIMEIRA_LIGA,2016-17,LEAGUE,,Chaves,Belenenses,3,1,H,Portugal,Primeira Liga,football-data.co.uk
league_13aefe27fe6d8fe7,2016-10-01,PRIMEIRA_LIGA,2016-17,LEAGUE,,Guimaraes,Sporting CP,3,3,D,Portugal,Primeira Liga,football-data.co.uk
league_4f6eb1b37f028671,2016-10-01,PRIMEIRA_LIGA,2016-17,LEAGUE,,Nacional,FC Porto,0,4,A,Portugal,Primeira Liga,football-data.co.uk
league_98151aa666a14829,2016-10-01,PRIMEIRA_LIGA,2016-17,LEAGUE,,Rio Ave,Estoril,1,2,A,Portugal,Primeira Liga,football-data.co.uk
league_ea8454be426545ea,2016-10-02,PRIMEIRA_LIGA,2016-17,LEAGUE,,Arouca,Sp Braga,1,1,D,Portugal,Primeira Liga,football-data.co.uk
league_1f322e72572b8dba,2016-10-02,PRIMEIRA_LIGA,2016-17,LEAGUE,,Benfica,Feirense,4,0,H,Portugal,Primeira Liga,football-data.co.uk
league_603d43f7a5b83e95,2016-10-02,PRIMEIRA_LIGA,2016-17,LEAGUE,,Boavista,Moreirense,2,0,H,Portugal,Primeira Liga,football-data.co.uk
league_5c6514218c5509c7,2016-10-02,PRIMEIRA_LIGA,2016-17,LEAGUE,,Setubal,Maritimo,0,1,A,Portugal,Primeira Liga,football-data.co.uk
league_a317476f032b8dd1,2016-10-21,PRIMEIRA_LIGA,2016-17,LEAGUE,,Maritimo,Boavista,1,1,D,Portugal,Primeira Liga,football-data.co.uk
league_99d4c8c4ac739865,2016-10-21,PRIMEIRA_LIGA,2016-17,LEAGUE,,Pacos Ferreira,Nacional,1,1,D,Portugal,Primeira Liga,football-data.co.uk
league_b0d76aa9b367dd3f,2016-10-22,PRIMEIRA_LIGA,2016-17,LEAGUE,,FC Porto,Arouca,3,0,H,Portugal,Primeira Liga,football-data.co.uk
league_a31baf2c24e67878,2016-10-22,PRIMEIRA_LIGA,2016-17,LEAGUE,,Feirense,Setubal,1,1,D,Portugal,Primeira Liga,football-data.co.uk
league_ea416a8e46a5373b,2016-10-22,PRIMEIRA_LIGA,2016-17,LEAGUE,,Sporting CP,Tondela,1,1,D,Portugal,Primeira Liga,football-data.co.uk
league_52cc4fe6fd5f5214,2016-10-23,PRIMEIRA_LIGA,2016-17,LEAGUE,,Belenenses,Benfica,0,2,A,Portugal,Primeira Liga,football-data.co.uk
league_b0d5c7654dccd654,2016-10-23,PRIMEIRA_LIGA,2016-17,LEAGUE,,Estoril,Guimaraes,0,2,A,Portugal,Primeira Liga,football-data.co.uk
league_6ab6c2912767c36c,2016-10-23,PRIMEIRA_LIGA,2016-17,LEAGUE,,Moreirense,Rio Ave,1,1,D,Portugal,Primeira Liga,football-data.co.uk
league_2c6f759393ea7eeb,2016-10-24,PRIMEIRA_LIGA,2016-17,LEAGUE,,Sp Braga,Chaves,1,0,H,Portugal,Primeira Liga,football-data.co.uk
league_9580939627efe777,2016-10-28,PRIMEIRA_LIGA,2016-17,LEAGUE,,Benfica,Pacos Ferreira,3,0,H,Portugal,Primeira Liga,football-data.co.uk
league_cca38c376b0a919a,2016-10-28,PRIMEIRA_LIGA,2016-17,LEAGUE,,Nacional,Sporting CP,0,0,D,Portugal,Primeira Liga,football-data.co.uk
league_6b067bbc23732c73,2016-10-29,PRIMEIRA_LIGA,2016-17,LEAGUE,,Boavista,Estoril,0,0,D,Portugal,Primeira Liga,football-data.co.uk
league_7e90aab7fca6b309,2016-10-29,PRIMEIRA_LIGA,2016-17,LEAGUE,,Setubal,FC Porto,0,0,D,Portugal,Primeira Liga,football-data.co.uk
league_4dcc90e58efb5847,2016-10-29,PRIMEIRA_LIGA,2016-17,LEAGUE,,Tondela,Moreirense,1,2,A,Portugal,Primeira Liga,football-data.co.uk
league_13910033b8c46f39,2016-10-30,PRIMEIRA_LIGA,2016-17,LEAGUE,,Arouca,Maritimo,1,0,H,Portugal,Primeira Liga,football-data.co.uk
league_93d8f0e12a9bae0d,2016-10-30,PRIMEIRA_LIGA,2016-17,LEAGUE,,Rio Ave,Guimaraes,0,3,A,Portugal,Primeira Liga,football-data.co.uk
league_da60f1b6edf436ac,2016-10-30,PRIMEIRA_LIGA,2016-17,LEAGUE,,Sp Braga,Belenenses,2,1,H,Portugal,Primeira Liga,football-data.co.uk
league_6861480a7864357d,2016-10-31,PRIMEIRA_LIGA,2016-17,LEAGUE,,Chaves,Feirense,1,1,D,Portugal,Primeira Liga,football-data.co.uk
league_a2a53023494eaf0e,2016-11-04,PRIMEIRA_LIGA,2016-17,LEAGUE,,Guimaraes,Nacional,2,1,H,Portugal,Primeira Liga,football-data.co.uk
league_b0704286e2674342,2016-11-05,PRIMEIRA_LIGA,2016-17,LEAGUE,,Estoril,Tondela,2,0,H,Portugal,Primeira Liga,football-data.co.uk
league_167468f846bf636d,2016-11-05,PRIMEIRA_LIGA,2016-17,LEAGUE,,Feirense,Belenenses,0,1,A,Portugal,Primeira Liga,football-data.co.uk
league_08b2c3ec035f2d21,2016-11-05,PRIMEIRA_LIGA,2016-17,LEAGUE,,Pacos Ferreira,Chaves,1,1,D,Portugal,Primeira Liga,football-data.co.uk
league_84ef3c4d4a064f92,2016-11-05,PRIMEIRA_LIGA,2016-17,LEAGUE,,Rio Ave,Boavista,1,2,A,Portugal,Primeira Liga,football-data.co.uk
league_c532b36ee41ae698,2016-11-06,PRIMEIRA_LIGA,2016-17,LEAGUE,,FC Porto,Benfica,1,1,D,Portugal,Primeira Liga,football-data.co.uk
league_06b80b7b130185ce,2016-11-06,PRIMEIRA_LIGA,2016-17,LEAGUE,,Maritimo,Sp Braga,1,0,H,Portugal,Primeira Liga,football-data.co.uk
league_2a33274ba0daa027,2016-11-06,PRIMEIRA_LIGA,2016-17,LEAGUE,,Moreirense,Setubal,1,2,A,Portugal,Primeira Liga,football-data.co.uk
league_68f61167fc65949e,2016-11-06,PRIMEIRA_LIGA,2016-17,LEAGUE,,Sporting CP,Arouca,3,0,H,Portugal,Primeira Liga,football-data.co.uk
league_ffdbd8c4209fa6c8,2016-11-25,PRIMEIRA_LIGA,2016-17,LEAGUE,,Setubal,Rio Ave,0,1,A,Portugal,Primeira Liga,football-data.co.uk
league_911ad462c8f54022,2016-11-26,PRIMEIRA_LIGA,2016-17,LEAGUE,,Belenenses,FC Porto,0,0,D,Portugal,Primeira Liga,football-data.co.uk
league_3920f61977f0142b,2016-11-26,PRIMEIRA_LIGA,2016-17,LEAGUE,,Boavista,Sporting CP,0,1,A,Portugal,Primeira Liga,football-data.co.uk
league_f6ebe61729281d1b,2016-11-26,PRIMEIRA_LIGA,2016-17,LEAGUE,,Chaves,Maritimo,0,0,D,Portugal,Primeira Liga,football-data.co.uk
league_c35fa4bc319c2842,2016-11-26,PRIMEIRA_LIGA,2016-17,LEAGUE,,Nacional,Estoril,0,1,A,Portugal,Primeira Liga,football-data.co.uk
league_616e2a4e2f45d84e,2016-11-27,PRIMEIRA_LIGA,2016-17,LEAGUE,,Arouca,Pacos Ferreira,1,0,H,Portugal,Primeira Liga,football-data.co.uk
league_6bbe4a69327baefd,2016-11-27,PRIMEIRA_LIGA,2016-17,LEAGUE,,Benfica,Moreirense,3,0,H,Portugal,Primeira Liga,football-data.co.uk
league_9463b00d7884e249,2016-11-27,PRIMEIRA_LIGA,2016-17,LEAGUE,,Tondela,Guimaraes,2,1,H,Portugal,Primeira Liga,football-data.co.uk
league_d6d4dba4dbbb10e4,2016-11-28,PRIMEIRA_LIGA,2016-17,LEAGUE,,Sp Braga,Feirense,6,2,H,Portugal,Primeira Liga,football-data.co.uk
league_caece016d6b13d0d,2016-12-02,PRIMEIRA_LIGA,2016-17,LEAGUE,,Maritimo,Benfica,2,1,H,Portugal,Primeira Liga,football-data.co.uk
league_45b91e09cf63a909,2016-12-03,PRIMEIRA_LIGA,2016-17,LEAGUE,,FC Porto,Sp Braga,1,0,H,Portugal,Primeira Liga,football-data.co.uk
league_59325c713947e941,2016-12-03,PRIMEIRA_LIGA,2016-17,LEAGUE,,Rio Ave,Tondela,3,1,H,Portugal,Primeira Liga,football-data.co.uk
league_5e6aee95b3a372c5,2016-12-03,PRIMEIRA_LIGA,2016-17,LEAGUE,,Sporting CP,Setubal,2,0,H,Portugal,Primeira Liga,football-data.co.uk
league_65c64a4e3a133944,2016-12-04,PRIMEIRA_LIGA,2016-17,LEAGUE,,Estoril,Belenenses,1,1,D,Portugal,Primeira Liga,football-data.co.uk
league_6578eaa710e402db,2016-12-04,PRIMEIRA_LIGA,2016-17,LEAGUE,,Feirense,Arouca,0,2,A,Portugal,Primeira Liga,football-data.co.uk
league_47fa62e2cd4a4345,2016-12-04,PRIMEIRA_LIGA,2016-17,LEAGUE,,Guimaraes,Chaves,1,1,D,Portugal,Primeira Liga,football-data.co.uk
league_f7624e995c77be5f,2016-12-04,PRIMEIRA_LIGA,2016-17,LEAGUE,,Moreirense,Nacional,3,1,H,Portugal,Primeira Liga,football-data.co.uk
league_4b8e6173002719fb,2016-12-05,PRIMEIRA_LIGA,2016-17,LEAGUE,,Pacos Ferreira,Boavista,2,1,H,Portugal,Primeira Liga,football-data.co.uk
league_50e4a0eec0ceb3ec,2016-12-09,PRIMEIRA_LIGA,2016-17,LEAGUE,,Setubal,Estoril,2,0,H,Portugal,Primeira Liga,football-data.co.uk
league_2ab41d25e419a343,2016-12-10,PRIMEIRA_LIGA,2016-17,LEAGUE,,Belenenses,Maritimo,1,0,H,Portugal,Primeira Liga,football-data.co.uk
league_ead1a0b34cc9d998,2016-12-10,PRIMEIRA_LIGA,2016-17,LEAGUE,,Boavista,Guimaraes,1,2,A,Portugal,Primeira Liga,football-data.co.uk
league_1c143395576e7966,2016-12-10,PRIMEIRA_LIGA,2016-17,LEAGUE,,Chaves,Moreirense,2,1,H,Portugal,Primeira Liga,football-data.co.uk
league_172b90102298e931,2016-12-11,PRIMEIRA_LIGA,2016-17,LEAGUE,,Benfica,Sporting CP,2,1,H,Portugal,Primeira Liga,football-data.co.uk
league_d95784674090750d,2016-12-11,PRIMEIRA_LIGA,2016-17,LEAGUE,,Feirense,FC Porto,0,4,A,Portugal,Primeira Liga,football-data.co.uk
league_9a9b804d3f54aa11,2016-12-11,PRIMEIRA_LIGA,2016-17,LEAGUE,,Nacional,Tondela,3,2,H,Portugal,Primeira Liga,football-data.co.uk
league_9fb69bc2e2cd9b57,2016-12-11,PRIMEIRA_LIGA,2016-17,LEAGUE,,Sp Braga,Pacos Ferreira,3,0,H,Portugal,Primeira Liga,football-data.co.uk
league_54a4473d2acf5726,2016-12-12,PRIMEIRA_LIGA,2016-17,LEAGUE,,Arouca,Rio Ave,0,2,A,Portugal,Primeira Liga,football-data.co.uk
league_338f0bb77258b693,2016-12-15,PRIMEIRA_LIGA,2016-17,LEAGUE,,FC Porto,Maritimo,2,1,H,Portugal,Primeira Liga,football-data.co.uk
league_86a1c5828cbc7a09,2016-12-16,PRIMEIRA_LIGA,2016-17,LEAGUE,,Pacos Ferreira,Belenenses,1,0,H,Portugal,Primeira Liga,football-data.co.uk
league_c65a74e0f850b6ef,2016-12-17,PRIMEIRA_LIGA,2016-17,LEAGUE,,Estoril,Benfica,0,1,A,Portugal,Primeira Liga,football-data.co.uk
league_12359fc4e4a6a909,2016-12-17,PRIMEIRA_LIGA,2016-17,LEAGUE,,Moreirense,Arouca,1,4,A,Portugal,Primeira Liga,football-data.co.uk
league_0f6b31ef8f89ce08,2016-12-18,PRIMEIRA_LIGA,2016-17,LEAGUE,,Guimaraes,Setubal,3,1,H,Portugal,Primeira Liga,football-data.co.uk
league_fe3ee130a25c6af7,2016-12-18,PRIMEIRA_LIGA,2016-17,LEAGUE,,Rio Ave,Nacional,2,1,H,Portugal,Primeira Liga,football-data.co.uk
league_cb89b573525158a1,2016-12-18,PRIMEIRA_LIGA,2016-17,LEAGUE,,Sporting CP,Sp Braga,0,1,A,Portugal,Primeira Liga,football-data.co.uk
league_bf5fa9ef9fe4794f,2016-12-18,PRIMEIRA_LIGA,2016-17,LEAGUE,,Tondela,Boavista,1,1,D,Portugal,Primeira Liga,football-data.co.uk
league_f45981333715e4fe,2016-12-19,PRIMEIRA_LIGA,2016-17,LEAGUE,,FC Porto,Chaves,2,1,H,Portugal,Primeira Liga,football-data.co.uk
league_aea8ea3e2688e0d8,2016-12-19,PRIMEIRA_LIGA,2016-17,LEAGUE,,Maritimo,Feirense,2,0,H,Portugal,Primeira Liga,football-data.co.uk
league_f0fe7fc9715a9c7a,2016-12-21,PRIMEIRA_LIGA,2016-17,LEAGUE,,Benfica,Rio Ave,2,0,H,Portugal,Primeira Liga,football-data.co.uk
league_5f62573eb7cd785a,2016-12-22,PRIMEIRA_LIGA,2016-17,LEAGUE,,Belenenses,Sporting CP,0,1,A,Portugal,Primeira Liga,football-data.co.uk
league_d82c2424fada24ee,2016-12-22,PRIMEIRA_LIGA,2016-17,LEAGUE,,Chaves,Estoril,1,0,H,Portugal,Primeira Liga,football-data.co.uk
league_a168e0127d616661,2016-12-22,PRIMEIRA_LIGA,2016-17,LEAGUE,,Feirense,Pacos Ferreira,2,0,H,Portugal,Primeira Liga,football-data.co.uk
league_57bb864282718c12,2016-12-22,PRIMEIRA_LIGA,2016-17,LEAGUE,,Nacional,Boavista,0,2,A,Portugal,Primeira Liga,football-data.co.uk
league_5245cc9df16b444f,2016-12-22,PRIMEIRA_LIGA,2016-17,LEAGUE,,Sp Braga,Moreirense,2,1,H,Portugal,Primeira Liga,football-data.co.uk
league_9f9a4a3692a576cd,2016-12-23,PRIMEIRA_LIGA,2016-17,LEAGUE,,Arouca,Guimaraes,0,1,A,Portugal,Primeira Liga,football-data.co.uk
league_fa8e9fb0ffb3f556,2016-12-23,PRIMEIRA_LIGA,2016-17,LEAGUE,,Setubal,Tondela,3,0,H,Portugal,Primeira Liga,football-data.co.uk
league_7da064bce4ca2e26,2017-01-07,PRIMEIRA_LIGA,2016-17,LEAGUE,,Estoril,Maritimo,0,1,A,Portugal,Primeira Liga,football-data.co.uk
league_f24beabdc0d7a330,2017-01-07,PRIMEIRA_LIGA,2016-17,LEAGUE,,Guimaraes,Benfica,0,2,A,Portugal,Primeira Liga,football-data.co.uk
league_72558a247ab05117,2017-01-07,PRIMEIRA_LIGA,2016-17,LEAGUE,,Nacional,Sp Braga,0,0,D,Portugal,Primeira Liga,football-data.co.uk
league_b45530e3c33c0a0c,2017-01-07,PRIMEIRA_LIGA,2016-17,LEAGUE,,Pacos Ferreira,FC Porto,0,0,D,Portugal,Primeira Liga,football-data.co.uk
league_c05adba607c52f50,2017-01-08,PRIMEIRA_LIGA,2016-17,LEAGUE,,Boavista,Setubal,1,0,H,Portugal,Primeira Liga,football-data.co.uk
league_52b22f60cb2c48a3,2017-01-08,PRIMEIRA_LIGA,2016-17,LEAGUE,,Rio Ave,Chaves,2,2,D,Portugal,Primeira Liga,football-data.co.uk
league_45c292cc044805ed,2017-01-08,PRIMEIRA_LIGA,2016-17,LEAGUE,,Sporting CP,Feirense,2,1,H,Portugal,Primeira Liga,football-data.co.uk
league_6d53227df119224c,2017-01-08,PRIMEIRA_LIGA,2016-17,LEAGUE,,Tondela,Arouca,1,2,A,Portugal,Primeira Liga,football-data.co.uk
league_7aba79c90ef595fa,2017-01-09,PRIMEIRA_LIGA,2016-17,LEAGUE,,Moreirense,Belenenses,1,0,H,Portugal,Primeira Liga,football-data.co.uk
league_6a111c69e865bf36,2017-01-13,PRIMEIRA_LIGA,2016-17,LEAGUE,,Arouca,Estoril,2,1,H,Portugal,Primeira Liga,football-data.co.uk
league_c208b3ed5039fcdc,2017-01-14,PRIMEIRA_LIGA,2016-17,LEAGUE,,Benfica,Boavista,3,3,D,Portugal,Primeira Liga,football-data.co.uk
league_633a2ea4d55e3e45,2017-01-14,PRIMEIRA_LIGA,2016-17,LEAGUE,,Chaves,Sporting CP,2,2,D,Portugal,Primeira Liga,football-data.co.uk
league_1224790432ef708c,2017-01-14,PRIMEIRA_LIGA,2016-17,LEAGUE,,Feirense,Guimaraes,0,0,D,Portugal,Primeira Liga,football-data.co.uk
league_7fd8fcb2c931919b,2017-01-14,PRIMEIRA_LIGA,2016-17,LEAGUE,,Setubal,Nacional,1,0,H,Portugal,Primeira Liga,football-data.co.uk
league_5f5c03bceb71de0d,2017-01-15,PRIMEIRA_LIGA,2016-17,LEAGUE,,Belenenses,Rio Ave,1,0,H,Portugal,Primeira Liga,football-data.co.uk
league_f175540d9c3c45ec,2017-01-15,PRIMEIRA_LIGA,2016-17,LEAGUE,,FC Porto,Moreirense,3,0,H,Portugal,Primeira Liga,football-data.co.uk
league_a3d7c58e5debe57f,2017-01-15,PRIMEIRA_LIGA,2016-17,LEAGUE,,Maritimo,Pacos Ferreira,3,1,H,Portugal,Primeira Liga,football-data.co.uk
league_9408167aa1fe27f3,2017-01-16,PRIMEIRA_LIGA,2016-17,LEAGUE,,Sp Braga,Tondela,2,0,H,Portugal,Primeira Liga,football-data.co.uk
league_05f0da29ab29d681,2017-01-20,PRIMEIRA_LIGA,2016-17,LEAGUE,,Pacos Ferreira,Moreirense,0,2,A,Portugal,Primeira Liga,football-data.co.uk
league_34207f3fd79cbaeb,2017-01-21,PRIMEIRA_LIGA,2016-17,LEAGUE,,Arouca,Boavista,1,2,A,Portugal,Primeira Liga,football-data.co.uk
league_18d7c993fc9c6d5d,2017-01-21,PRIMEIRA_LIGA,2016-17,LEAGUE,,FC Porto,Rio Ave,4,2,H,Portugal,Primeira Liga,football-data.co.uk
league_b04668ce68f0d8c2,2017-01-21,PRIMEIRA_LIGA,2016-17,LEAGUE,,Maritimo,Sporting CP,2,2,D,Portugal,Primeira Liga,football-data.co.uk
league_679abb673c23167e,2017-01-22,PRIMEIRA_LIGA,2016-17,LEAGUE,,Belenenses,Setubal,1,2,A,Portugal,Primeira Liga,football-data.co.uk
league_f32a8d6218fdb506,2017-01-22,PRIMEIRA_LIGA,2016-17,LEAGUE,,Benfica,Tondela,4,0,H,Portugal,Primeira Liga,football-data.co.uk
league_b3d577337d967cca,2017-01-22,PRIMEIRA_LIGA,2016-17,LEAGUE,,Feirense,Estoril,1,0,H,Portugal,Primeira Liga,football-data.co.uk
league_c245f1af7b2abf4f,2017-01-22,PRIMEIRA_LIGA,2016-17,LEAGUE,,Sp Braga,Guimaraes,1,2,A,Portugal,Primeira Liga,football-data.co.uk
league_044fe316eaebf226,2017-01-23,PRIMEIRA_LIGA,2016-17,LEAGUE,,Chaves,Nacional,2,0,H,Portugal,Primeira Liga,football-data.co.uk
league_83b356272423d0fa,2017-01-27,PRIMEIRA_LIGA,2016-17,LEAGUE,,Boavista,Belenenses,0,1,A,Portugal,Primeira Liga,football-data.co.uk
league_e4d42c982ce7a0a0,2017-01-28,PRIMEIRA_LIGA,2016-17,LEAGUE,,Estoril,FC Porto,1,2,A,Portugal,Primeira Liga,football-data.co.uk
league_eb655cf6ab90383e,2017-01-28,PRIMEIRA_LIGA,2016-17,LEAGUE,,Guimaraes,Maritimo,0,0,D,Portugal,Primeira Liga,football-data.co.uk
league_689e35238ccb62c2,2017-01-28,PRIMEIRA_LIGA,2016-17,LEAGUE,,Nacional,Arouca,1,1,D,Portugal,Primeira Liga,football-data.co.uk
league_cd8c38e7e2206166,2017-01-28,PRIMEIRA_LIGA,2016-17,LEAGUE,,Sporting CP,Pacos Ferreira,4,2,H,Portugal,Primeira Liga,football-data.co.uk
league_37e59cba5c11f930,2017-01-28,PRIMEIRA_LIGA,2016-17,LEAGUE,,Tondela,Chaves,2,0,H,Portugal,Primeira Liga,football-data.co.uk
league_0e5fbb36a818783c,2017-01-30,PRIMEIRA_LIGA,2016-17,LEAGUE,,Setubal,Benfica,1,0,H,Portugal,Primeira Liga,football-data.co.uk
league_f32ef982f04e70b4,2017-02-02,PRIMEIRA_LIGA,2016-17,LEAGUE,,Moreirense,Feirense,1,1,D,Portugal,Primeira Liga,football-data.co.uk
league_13ed43e293636040,2017-02-02,PRIMEIRA_LIGA,2016-17,LEAGUE,,Rio Ave,Sp Braga,1,0,H,Portugal,Primeira Liga,football-data.co.uk
league_ae273d2e802b3d24,2017-02-03,PRIMEIRA_LIGA,2016-17,LEAGUE,,Pacos Ferreira,Guimaraes,2,0,H,Portugal,Primeira Liga,football-data.co.uk
league_087aa1be6db72b1e,2017-02-04,PRIMEIRA_LIGA,2016-17,LEAGUE,,Chaves,Boavista,0,0,D,Portugal,Primeira Liga,football-data.co.uk
league_d7d1f04755802439,2017-02-04,PRIMEIRA_LIGA,2016-17,LEAGUE,,FC Porto,Sporting CP,2,1,H,Portugal,Primeira Liga,football-data.co.uk
league_b579f0ebd6bbb4cb,2017-02-05,PRIMEIRA_LIGA,2016-17,LEAGUE,,Arouca,Setubal,2,1,H,Portugal,Primeira Liga,football-data.co.uk
league_5405077ef0e3475c,2017-02-05,PRIMEIRA_LIGA,2016-17,LEAGUE,,Belenenses,Tondela,0,0,D,Portugal,Primeira Liga,football-data.co.uk
league_dd0287f631998323,2017-02-05,PRIMEIRA_LIGA,2016-17,LEAGUE,,Benfica,Nacional,3,0,H,Portugal,Primeira Liga,football-data.co.uk
league_03a50a48fd46ea29,2017-02-06,PRIMEIRA_LIGA,2016-17,LEAGUE,,Feirense,Rio Ave,2,1,H,Portugal,Primeira Liga,football-data.co.uk
league_cbb655e738f57a27,2017-02-06,PRIMEIRA_LIGA,2016-17,LEAGUE,,Maritimo,Moreirense,1,0,H,Portugal,Primeira Liga,football-data.co.uk
league_6b39638dcf38d764,2017-02-06,PRIMEIRA_LIGA,2016-17,LEAGUE,,Sp Braga,Estoril,1,1,D,Portugal,Primeira Liga,football-data.co.uk
league_3f6da33ab3880c0e,2017-02-10,PRIMEIRA_LIGA,2016-17,LEAGUE,,Benfica,Arouca,3,0,H,Portugal,Primeira Liga,football-data.co.uk
league_13a916d3c9a66031,2017-02-11,PRIMEIRA_LIGA,2016-17,LEAGUE,,Estoril,Pacos Ferreira,2,1,H,Portugal,Primeira Liga,football-data.co.uk
league_9aa7d46f7dbe2ce5,2017-02-11,PRIMEIRA_LIGA,2016-17,LEAGUE,,Guimaraes,FC Porto,0,2,A,Portugal,Primeira Liga,football-data.co.uk
league_2633bfa7ce675b11,2017-02-11,PRIMEIRA_LIGA,2016-17,LEAGUE,,Setubal,Chaves,0,0,D,Portugal,Primeira Liga,football-data.co.uk
league_a031db6b628336ee,2017-02-11,PRIMEIRA_LIGA,2016-17,LEAGUE,,Tondela,Feirense,0,1,A,Portugal,Primeira Liga,football-data.co.uk
league_7ed8b0e017545555,2017-02-12,PRIMEIRA_LIGA,2016-17,LEAGUE,,Boavista,Sp Braga,1,1,D,Portugal,Primeira Liga,football-data.co.uk
league_cdcbad13ae09bfc1,2017-02-12,PRIMEIRA_LIGA,2016-17,LEAGUE,,Moreirense,Sporting CP,2,3,A,Portugal,Primeira Liga,football-data.co.uk
league_365fb1a0c0b30008,2017-02-12,PRIMEIRA_LIGA,2016-17,LEAGUE,,Nacional,Belenenses,1,1,D,Portugal,Primeira Liga,football-data.co.uk
league_a528a9d579534996,2017-02-13,PRIMEIRA_LIGA,2016-17,LEAGUE,,Rio Ave,Maritimo,0,0,D,Portugal,Primeira Liga,football-data.co.uk
league_0865b8b911ac5104,2017-02-17,PRIMEIRA_LIGA,2016-17,LEAGUE,,FC Porto,Tondela,4,0,H,Portugal,Primeira Liga,football-data.co.uk
league_b2f4d7d1c13271a9,2017-02-18,PRIMEIRA_LIGA,2016-17,LEAGUE,,Chaves,Arouca,2,0,H,Portugal,Primeira Liga,football-data.co.uk
league_c57cdef0ca67808b,2017-02-18,PRIMEIRA_LIGA,2016-17,LEAGUE,,Feirense,Boavista,0,1,A,Portugal,Primeira Liga,football-data.co.uk
league_a02de2e0a2102444,2017-02-18,PRIMEIRA_LIGA,2016-17,LEAGUE,,Moreirense,Estoril,1,1,D,Portugal,Primeira Liga,football-data.co.uk
league_a2b0c716ba78a169,2017-02-18,PRIMEIRA_LIGA,2016-17,LEAGUE,,Sporting CP,Rio Ave,1,0,H,Portugal,Primeira Liga,football-data.co.uk
league_33b45c22e3fabf93,2017-02-19,PRIMEIRA_LIGA,2016-17,LEAGUE,,Belenenses,Guimaraes,1,1,D,Portugal,Primeira Liga,football-data.co.uk
league_d480fb83779b5c7d,2017-02-19,PRIMEIRA_LIGA,2016-17,LEAGUE,,Pacos Ferreira,Setubal,2,1,H,Portugal,Primeira Liga,football-data.co.uk
league_d9c9fc5a588b5c75,2017-02-19,PRIMEIRA_LIGA,2016-17,LEAGUE,,Sp Braga,Benfica,0,1,A,Portugal,Primeira Liga,football-data.co.uk
league_9955cb44015abbf7,2017-02-20,PRIMEIRA_LIGA,2016-17,LEAGUE,,Maritimo,Nacional,0,0,D,Portugal,Primeira Liga,football-data.co.uk
league_45d1db7087add773,2017-02-24,PRIMEIRA_LIGA,2016-17,LEAGUE,,Benfica,Chaves,3,1,H,Portugal,Primeira Liga,football-data.co.uk
league_c052d83bdd2d94fb,2017-02-24,PRIMEIRA_LIGA,2016-17,LEAGUE,,Guimaraes,Moreirense,1,0,H,Portugal,Primeira Liga,football-data.co.uk
league_9d93b1ae17c3e155,2017-02-25,PRIMEIRA_LIGA,2016-17,LEAGUE,,Estoril,Sporting CP,0,2,A,Portugal,Primeira Liga,football-data.co.uk
league_992cdc239ad53ecf,2017-02-25,PRIMEIRA_LIGA,2016-17,LEAGUE,,Rio Ave,Pacos Ferreira,0,0,D,Portugal,Primeira Liga,football-data.co.uk
league_0b810f7355690b1f,2017-02-25,PRIMEIRA_LIGA,2016-17,LEAGUE,,Tondela,Maritimo,1,1,D,Portugal,Primeira Liga,football-data.co.uk
league_9a5cc97b622e588a,2017-02-26,PRIMEIRA_LIGA,2016-17,LEAGUE,,Boavista,FC Porto,0,1,A,Portugal,Primeira Liga,football-data.co.uk
league_bbcd088d83b3034c,2017-02-26,PRIMEIRA_LIGA,2016-17,LEAGUE,,Nacional,Feirense,0,0,D,Portugal,Primeira Liga,football-data.co.uk
league_5511bb03c9c9aeb5,2017-02-26,PRIMEIRA_LIGA,2016-17,LEAGUE,,Setubal,Sp Braga,1,1,D,Portugal,Primeira Liga,football-data.co.uk
league_f7a78919fbaa5da0,2017-02-27,PRIMEIRA_LIGA,2016-17,LEAGUE,,Arouca,Belenenses,1,2,A,Portugal,Primeira Liga,football-data.co.uk
league_4bfc9aa55d5b013e,2017-03-03,PRIMEIRA_LIGA,2016-17,LEAGUE,,Moreirense,Boavista,0,0,D,Portugal,Primeira Liga,football-data.co.uk
league_b104a1d391cb8ab1,2017-03-04,PRIMEIRA_LIGA,2016-17,LEAGUE,,FC Porto,Nacional,7,0,H,Portugal,Primeira Liga,football-data.co.uk
league_1f654917b3c0e324,2017-03-04,PRIMEIRA_LIGA,2016-17,LEAGUE,,Feirense,Benfica,0,1,A,Portugal,Primeira Liga,football-data.co.uk
league_251d8088b7d07216,2017-03-04,PRIMEIRA_LIGA,2016-17,LEAGUE,,Sp Braga,Arouca,3,1,H,Portugal,Primeira Liga,football-data.co.uk
league_c5f11ab59a622f87,2017-03-05,PRIMEIRA_LIGA,2016-17,LEAGUE,,Belenenses,Chaves,2,1,H,Portugal,Primeira Liga,football-data.co.uk
league_1607cad6da1fe026,2017-03-05,PRIMEIRA_LIGA,2016-17,LEAGUE,,Maritimo,Setubal,1,0,H,Portugal,Primeira Liga,football-data.co.uk
league_389b61c6f553343e,2017-03-05,PRIMEIRA_LIGA,2016-17,LEAGUE,,Pacos Ferreira,Tondela,0,0,D,Portugal,Primeira Liga,football-data.co.uk
league_4fd15bc83005fa61,2017-03-05,PRIMEIRA_LIGA,2016-17,LEAGUE,,Sporting CP,Guimaraes,1,1,D,Portugal,Primeira Liga,football-data.co.uk
league_bb132d21a7e44c0f,2017-03-06,PRIMEIRA_LIGA,2016-17,LEAGUE,,Estoril,Rio Ave,0,2,A,Portugal,Primeira Liga,football-data.co.uk
league_ad88d2cb8afa74ab,2017-03-10,PRIMEIRA_LIGA,2016-17,LEAGUE,,Arouca,FC Porto,0,4,A,Portugal,Primeira Liga,football-data.co.uk
league_5cea80415de6d188,2017-03-11,PRIMEIRA_LIGA,2016-17,LEAGUE,,Chaves,Sp Braga,0,0,D,Portugal,Primeira Liga,football-data.co.uk
league_6874182b8d9bcdea,2017-03-11,PRIMEIRA_LIGA,2016-17,LEAGUE,,Setubal,Feirense,1,2,A,Portugal,Primeira Liga,football-data.co.uk
league_b4053964ee4e15f0,2017-03-11,PRIMEIRA_LIGA,2016-17,LEAGUE,,Tondela,Sporting CP,1,4,A,Portugal,Primeira Liga,football-data.co.uk
league_aadc58696889be98,2017-03-12,PRIMEIRA_LIGA,2016-17,LEAGUE,,Boavista,Maritimo,3,0,H,Portugal,Primeira Liga,football-data.co.uk
league_1249baa1df527824,2017-03-12,PRIMEIRA_LIGA,2016-17,LEAGUE,,Guimaraes,Estoril,3,3,D,Portugal,Primeira Liga,football-data.co.uk
league_4bdb2970d9c530f1,2017-03-12,PRIMEIRA_LIGA,2016-17,LEAGUE,,Rio Ave,Moreirense,3,2,H,Portugal,Primeira Liga,football-data.co.uk
league_2749506e57857c8d,2017-03-13,PRIMEIRA_LIGA,2016-17,LEAGUE,,Benfica,Belenenses,4,0,H,Portugal,Primeira Liga,football-data.co.uk
league_437203f1412af2fa,2017-03-13,PRIMEIRA_LIGA,2016-17,LEAGUE,,Nacional,Pacos Ferreira,1,1,D,Portugal,Primeira Liga,football-data.co.uk
league_e3e8a6d28630f4ca,2017-03-17,PRIMEIRA_LIGA,2016-17,LEAGUE,,Estoril,Boavista,0,0,D,Portugal,Primeira Liga,football-data.co.uk
league_49ea6745a83cdfec,2017-03-18,PRIMEIRA_LIGA,2016-17,LEAGUE,,Belenenses,Sp Braga,1,2,A,Portugal,Primeira Liga,football-data.co.uk
league_0c69df5767d896cc,2017-03-18,PRIMEIRA_LIGA,2016-17,LEAGUE,,Moreirense,Tondela,1,1,D,Portugal,Primeira Liga,football-data.co.uk
league_ca34aa71f8890e5c,2017-03-18,PRIMEIRA_LIGA,2016-17,LEAGUE,,Pacos Ferreira,Benfica,0,0,D,Portugal,Primeira Liga,football-data.co.uk
league_0ba92a21974eb391,2017-03-18,PRIMEIRA_LIGA,2016-17,LEAGUE,,Sporting CP,Nacional,2,0,H,Portugal,Primeira Liga,football-data.co.uk
league_6000bb67c91eb0b4,2017-03-19,PRIMEIRA_LIGA,2016-17,LEAGUE,,FC Porto,Setubal,1,1,D,Portugal,Primeira Liga,football-data.co.uk
league_3d1cd7b3d94ced83,2017-03-19,PRIMEIRA_LIGA,2016-17,LEAGUE,,Feirense,Chaves,3,2,H,Portugal,Primeira Liga,football-data.co.uk
league_684126080730ede1,2017-03-19,PRIMEIRA_LIGA,2016-17,LEAGUE,,Guimaraes,Rio Ave,3,0,H,Portugal,Primeira Liga,football-data.co.uk
league_d5e600a05fe19439,2017-03-19,PRIMEIRA_LIGA,2016-17,LEAGUE,,Maritimo,Arouca,3,1,H,Portugal,Primeira Liga,football-data.co.uk
league_74d9cac0c6e3b00e,2017-03-31,PRIMEIRA_LIGA,2016-17,LEAGUE,,Chaves,Pacos Ferreira,1,0,H,Portugal,Primeira Liga,football-data.co.uk
league_e5d9640699eb96cb,2017-03-31,PRIMEIRA_LIGA,2016-17,LEAGUE,,Nacional,Guimaraes,1,2,A,Portugal,Primeira Liga,football-data.co.uk
league_0866d6a4a20fb4b5,2017-04-01,PRIMEIRA_LIGA,2016-17,LEAGUE,,Benfica,FC Porto,1,1,D,Portugal,Primeira Liga,football-data.co.uk
league_a2a91781d480a52f,2017-04-01,PRIMEIRA_LIGA,2016-17,LEAGUE,,Boavista,Rio Ave,0,1,A,Portugal,Primeira Liga,football-data.co.uk
league_b62fe999b3217039,2017-04-01,PRIMEIRA_LIGA,2016-17,LEAGUE,,Tondela,Estoril,0,2,A,Portugal,Primeira Liga,football-data.co.uk
league_71312691723f810f,2017-04-02,PRIMEIRA_LIGA,2016-17,LEAGUE,,Arouca,Sporting CP,1,2,A,Portugal,Primeira Liga,football-data.co.uk
league_71f28e3b5f6efeb9,2017-04-02,PRIMEIRA_LIGA,2016-17,LEAGUE,,Belenenses,Feirense,1,2,A,Portugal,Primeira Liga,football-data.co.uk
league_29256a7602a9ad6d,2017-04-02,PRIMEIRA_LIGA,2016-17,LEAGUE,,Setubal,Moreirense,2,0,H,Portugal,Primeira Liga,football-data.co.uk
league_cae7407c5c3c89da,2017-04-02,PRIMEIRA_LIGA,2016-17,LEAGUE,,Sp Braga,Maritimo,3,3,D,Portugal,Primeira Liga,football-data.co.uk
league_c639c69118d09cb0,2017-04-07,PRIMEIRA_LIGA,2016-17,LEAGUE,,Feirense,Sp Braga,0,1,A,Portugal,Primeira Liga,football-data.co.uk
league_56643ca590b089c9,2017-04-08,PRIMEIRA_LIGA,2016-17,LEAGUE,,FC Porto,Belenenses,3,0,H,Portugal,Primeira Liga,football-data.co.uk
league_dbb9b31f97f84c4c,2017-04-08,PRIMEIRA_LIGA,2016-17,LEAGUE,,Pacos Ferreira,Arouca,1,1,D,Portugal,Primeira Liga,football-data.co.uk
league_4daa49d5c9fed3c6,2017-04-08,PRIMEIRA_LIGA,2016-17,LEAGUE,,Sporting CP,Boavista,4,0,H,Portugal,Primeira Liga,football-data.co.uk
league_812463be91775323,2017-04-09,PRIMEIRA_LIGA,2016-17,LEAGUE,,Estoril,Nacional,0,1,A,Portugal,Primeira Liga,football-data.co.uk
league_9f66caad69dc2c50,2017-04-09,PRIMEIRA_LIGA,2016-17,LEAGUE,,Guimaraes,Tondela,2,1,H,Portugal,Primeira Liga,football-data.co.uk
league_48d770b986b1e9e3,2017-04-09,PRIMEIRA_LIGA,2016-17,LEAGUE,,Moreirense,Benfica,0,1,A,Portugal,Primeira Liga,football-data.co.uk
league_872607807cfee85f,2017-04-09,PRIMEIRA_LIGA,2016-17,LEAGUE,,Rio Ave,Setubal,0,0,D,Portugal,Primeira Liga,football-data.co.uk
league_bc17aabced9b90a6,2017-04-10,PRIMEIRA_LIGA,2016-17,LEAGUE,,Maritimo,Chaves,2,1,H,Portugal,Primeira Liga,football-data.co.uk
league_064421e0e8b16543,2017-04-14,PRIMEIRA_LIGA,2016-17,LEAGUE,,Belenenses,Estoril,1,3,A,Portugal,Primeira Liga,football-data.co.uk
league_4f3ced74edac1d06,2017-04-14,PRIMEIRA_LIGA,2016-17,LEAGUE,,Benfica,Maritimo,3,0,H,Portugal,Primeira Liga,football-data.co.uk
league_1492c202e59feb96,2017-04-14,PRIMEIRA_LIGA,2016-17,LEAGUE,,Boavista,Pacos Ferreira,0,0,D,Portugal,Primeira Liga,football-data.co.uk
league_c7fab8f94da8d9b5,2017-04-14,PRIMEIRA_LIGA,2016-17,LEAGUE,,Setubal,Sporting CP,0,3,A,Portugal,Primeira Liga,football-data.co.uk
league_7aea18eb922d24eb,2017-04-15,PRIMEIRA_LIGA,2016-17,LEAGUE,,Arouca,Feirense,2,0,H,Portugal,Primeira Liga,football-data.co.uk
league_bdb30637d427d448,2017-04-15,PRIMEIRA_LIGA,2016-17,LEAGUE,,Chaves,Guimaraes,2,3,A,Portugal,Primeira Liga,football-data.co.uk
league_695b192fc80085be,2017-04-15,PRIMEIRA_LIGA,2016-17,LEAGUE,,Sp Braga,FC Porto,1,1,D,Portugal,Primeira Liga,football-data.co.uk
league_58a8a0f0ca509994,2017-04-15,PRIMEIRA_LIGA,2016-17,LEAGUE,,Tondela,Rio Ave,2,1,H,Portugal,Primeira Liga,football-data.co.uk
league_1d36c6d9c9e3add0,2017-04-17,PRIMEIRA_LIGA,2016-17,LEAGUE,,Nacional,Moreirense,0,1,A,Portugal,Primeira Liga,football-data.co.uk
league_346bc39905451953,2017-04-21,PRIMEIRA_LIGA,2016-17,LEAGUE,,Rio Ave,Arouca,3,0,H,Portugal,Primeira Liga,football-data.co.uk
league_2ff01d7d0a253369,2017-04-22,PRIMEIRA_LIGA,2016-17,LEAGUE,,Estoril,Setubal,3,0,H,Portugal,Primeira Liga,football-data.co.uk
league_9849cd87a78304e3,2017-04-22,PRIMEIRA_LIGA,2016-17,LEAGUE,,Maritimo,Belenenses,3,0,H,Portugal,Primeira Liga,football-data.co.uk
league_0b9912d55884e71a,2017-04-22,PRIMEIRA_LIGA,2016-17,LEAGUE,,Sporting CP,Benfica,1,1,D,Portugal,Primeira Liga,football-data.co.uk
league_3902ae43467e890f,2017-04-22,PRIMEIRA_LIGA,2016-17,LEAGUE,,Tondela,Nacional,2,0,H,Portugal,Primeira Liga,football-data.co.uk
league_d249fc4d3434376f,2017-04-23,PRIMEIRA_LIGA,2016-17,LEAGUE,,FC Porto,Feirense,0,0,D,Portugal,Primeira Liga,football-data.co.uk
league_a0d2e15bcfcd3e46,2017-04-23,PRIMEIRA_LIGA,2016-17,LEAGUE,,Guimaraes,Boavista,2,0,H,Portugal,Primeira Liga,football-data.co.uk
league_ca4cf6084c27b693,2017-04-23,PRIMEIRA_LIGA,2016-17,LEAGUE,,Pacos Ferreira,Sp Braga,3,1,H,Portugal,Primeira Liga,football-data.co.uk
league_7b3ca0920c12e7e5,2017-04-24,PRIMEIRA_LIGA,2016-17,LEAGUE,,Moreirense,Chaves,0,0,D,Portugal,Primeira Liga,football-data.co.uk
league_a93ab6b2b446c106,2017-04-28,PRIMEIRA_LIGA,2016-17,LEAGUE,,Setubal,Guimaraes,0,2,A,Portugal,Primeira Liga,football-data.co.uk
league_8dd2e5118fcbc043,2017-04-29,PRIMEIRA_LIGA,2016-17,LEAGUE,,Benfica,Estoril,2,1,H,Portugal,Primeira Liga,football-data.co.uk
league_e12f9c45f475d1ab,2017-04-29,PRIMEIRA_LIGA,2016-17,LEAGUE,,Boavista,Tondela,1,0,H,Portugal,Primeira Liga,football-data.co.uk
league_592b574fae5d43b7,2017-04-29,PRIMEIRA_LIGA,2016-17,LEAGUE,,Chaves,FC Porto,0,2,A,Portugal,Primeira Liga,football-data.co.uk
league_1f9ec85674404270,2017-04-29,PRIMEIRA_LIGA,2016-17,LEAGUE,,Nacional,Rio Ave,0,2,A,Portugal,Primeira Liga,football-data.co.uk
league_dfe21738d3f2b9b1,2017-04-30,PRIMEIRA_LIGA,2016-17,LEAGUE,,Arouca,Moreirense,2,2,D,Portugal,Primeira Liga,football-data.co.uk
league_6fb080676c2c93ae,2017-04-30,PRIMEIRA_LIGA,2016-17,LEAGUE,,Belenenses,Pacos Ferreira,1,2,A,Portugal,Primeira Liga,football-data.co.uk
league_aa29aff82fa1cc58,2017-04-30,PRIMEIRA_LIGA,2016-17,LEAGUE,,Feirense,Maritimo,2,1,H,Portugal,Primeira Liga,football-data.co.uk
league_c664ecd38bb003b9,2017-04-30,PRIMEIRA_LIGA,2016-17,LEAGUE,,Sp Braga,Sporting CP,2,3,A,Portugal,Primeira Liga,football-data.co.uk
league_26915e05f11109ae,2017-05-05,PRIMEIRA_LIGA,2016-17,LEAGUE,,Moreirense,Sp Braga,2,1,H,Portugal,Primeira Liga,football-data.co.uk
league_bf94c8a0ef81a837,2017-05-06,PRIMEIRA_LIGA,2016-17,LEAGUE,,Boavista,Nacional,2,2,D,Portugal,Primeira Liga,football-data.co.uk
league_51fe5aa49d57199c,2017-05-06,PRIMEIRA_LIGA,2016-17,LEAGUE,,Maritimo,FC Porto,1,1,D,Portugal,Primeira Liga,football-data.co.uk
league_0b9007b9a7487e49,2017-05-06,PRIMEIRA_LIGA,2016-17,LEAGUE,,Pacos Ferreira,Feirense,0,1,A,Portugal,Primeira Liga,football-data.co.uk
league_3d4eb02db62ff3c9,2017-05-07,PRIMEIRA_LIGA,2016-17,LEAGUE,,Guimaraes,Arouca,1,0,H,Portugal,Primeira Liga,football-data.co.uk
league_0af56e0837d10d1a,2017-05-07,PRIMEIRA_LIGA,2016-17,LEAGUE,,Rio Ave,Benfica,0,1,A,Portugal,Primeira Liga,football-data.co.uk
league_028a5a399e8b60ef,2017-05-07,PRIMEIRA_LIGA,2016-17,LEAGUE,,Sporting CP,Belenenses,1,3,A,Portugal,Primeira Liga,football-data.co.uk
league_0aa12bd47e1222b6,2017-05-07,PRIMEIRA_LIGA,2016-17,LEAGUE,,Tondela,Setubal,2,1,H,Portugal,Primeira Liga,football-data.co.uk
league_9f9a32bd0df18ba8,2017-05-08,PRIMEIRA_LIGA,2016-17,LEAGUE,,Estoril,Chaves,2,1,H,Portugal,Primeira Liga,football-data.co.uk
league_9eb1d96390add08a,2017-05-12,PRIMEIRA_LIGA,2016-17,LEAGUE,,Belenenses,Moreirense,1,1,D,Portugal,Primeira Liga,football-data.co.uk
league_01be427dd9d3206b,2017-05-13,PRIMEIRA_LIGA,2016-17,LEAGUE,,Arouca,Tondela,1,2,A,Portugal,Primeira Liga,football-data.co.uk
league_9326469e903850dc,2017-05-13,PRIMEIRA_LIGA,2016-17,LEAGUE,,Benfica,Guimaraes,5,0,H,Portugal,Primeira Liga,football-data.co.uk
league_3c6e8b4f06fa27c1,2017-05-13,PRIMEIRA_LIGA,2016-17,LEAGUE,,Feirense,Sporting CP,2,1,H,Portugal,Primeira Liga,football-data.co.uk
league_7ea3b0b905ad1264,2017-05-14,PRIMEIRA_LIGA,2016-17,LEAGUE,,Chaves,Rio Ave,2,2,D,Portugal,Primeira Liga,football-data.co.uk
league_2cf0e52f7825a94e,2017-05-14,PRIMEIRA_LIGA,2016-17,LEAGUE,,FC Porto,Pacos Ferreira,4,1,H,Portugal,Primeira Liga,football-data.co.uk
league_3c2d479f850e59c5,2017-05-14,PRIMEIRA_LIGA,2016-17,LEAGUE,,Maritimo,Estoril,1,1,D,Portugal,Primeira Liga,football-data.co.uk
league_1d1f690218d7c96f,2017-05-14,PRIMEIRA_LIGA,2016-17,LEAGUE,,Sp Braga,Nacional,4,0,H,Portugal,Primeira Liga,football-data.co.uk
league_44fccd561f35b5a7,2017-05-15,PRIMEIRA_LIGA,2016-17,LEAGUE,,Setubal,Boavista,0,1,A,Portugal,Primeira Liga,football-data.co.uk
league_b7c6e241e38e669b,2017-05-20,PRIMEIRA_LIGA,2016-17,LEAGUE,,Boavista,Benfica,2,2,D,Portugal,Primeira Liga,football-data.co.uk
league_d2c81baf69f50546,2017-05-20,PRIMEIRA_LIGA,2016-17,LEAGUE,,Guimaraes,Feirense,0,1,A,Portugal,Primeira Liga,football-data.co.uk
league_2ba3200e8ebd237d,2017-05-20,PRIMEIRA_LIGA,2016-17,LEAGUE,,Nacional,Setubal,1,2,A,Portugal,Primeira Liga,football-data.co.uk
league_1db026645ea46f59,2017-05-20,PRIMEIRA_LIGA,2016-17,LEAGUE,,Pacos Ferreira,Maritimo,0,0,D,Portugal,Primeira Liga,football-data.co.uk
league_95478035ea5d7b9c,2017-05-20,PRIMEIRA_LIGA,2016-17,LEAGUE,,Rio Ave,Belenenses,2,0,H,Portugal,Primeira Liga,football-data.co.uk
league_5de63921db7642f2,2017-05-21,PRIMEIRA_LIGA,2016-17,LEAGUE,,Estoril,Arouca,4,2,H,Portugal,Primeira Liga,football-data.co.uk
league_9f432d7f3cbd010d,2017-05-21,PRIMEIRA_LIGA,2016-17,LEAGUE,,Moreirense,FC Porto,3,1,H,Portugal,Primeira Liga,football-data.co.uk
league_ab5784565c4bbe5b,2017-05-21,PRIMEIRA_LIGA,2016-17,LEAGUE,,Sporting CP,Chaves,4,1,H,Portugal,Primeira Liga,football-data.co.uk
league_3dfbb478454e4eec,2017-05-21,PRIMEIRA_LIGA,2016-17,LEAGUE,,Tondela,Sp Braga,2,0,H,Portugal,Primeira Liga,football-data.co.uk
league_7b8ae5e2e654a729,2017-08-06,PRIMEIRA_LIGA,2017-18,LEAGUE,,Aves,Sporting CP,0,2,A,Portugal,Primeira Liga,football-data.co.uk
league_e2f7986609ca08b4,2017-08-06,PRIMEIRA_LIGA,2017-18,LEAGUE,,Setubal,Moreirense,1,1,D,Portugal,Primeira Liga,football-data.co.uk
league_7cdb5a8a71114d77,2017-08-07,PRIMEIRA_LIGA,2017-18,LEAGUE,,Feirense,Tondela,1,1,D,Portugal,Primeira Liga,football-data.co.uk
league_e2a1def3050ec9b9,2017-08-07,PRIMEIRA_LIGA,2017-18,LEAGUE,,Portimonense,Boavista,2,1,H,Portugal,Primeira Liga,football-data.co.uk
league_b45a3f3dea78068b,2017-08-07,PRIMEIRA_LIGA,2017-18,LEAGUE,,Rio Ave,Belenenses,1,0,H,Portugal,Primeira Liga,football-data.co.uk
league_f3caa7b31eadaae7,2017-08-08,PRIMEIRA_LIGA,2017-18,LEAGUE,,Maritimo,Pacos Ferreira,1,0,H,Portugal,Primeira Liga,football-data.co.uk
league_5745b9013f60ab5c,2017-08-09,PRIMEIRA_LIGA,2017-18,LEAGUE,,Benfica,Sp Braga,3,1,H,Portugal,Primeira Liga,football-data.co.uk
league_9b4e651e1d3a10e6,2017-08-09,PRIMEIRA_LIGA,2017-18,LEAGUE,,FC Porto,Estoril,4,0,H,Portugal,Primeira Liga,football-data.co.uk
league_e54de5b20e9e188d,2017-08-10,PRIMEIRA_LIGA,2017-18,LEAGUE,,Guimaraes,Chaves,3,2,H,Portugal,Primeira Liga,football-data.co.uk
league_c20b3b4334744317,2017-08-11,PRIMEIRA_LIGA,2017-18,LEAGUE,,Sporting CP,Setubal,1,0,H,Portugal,Primeira Liga,football-data.co.uk
league_49449bd207623c38,2017-08-12,PRIMEIRA_LIGA,2017-18,LEAGUE,,Belenenses,Maritimo,1,0,H,Portugal,Primeira Liga,football-data.co.uk
league_4ff686e443456b97,2017-08-12,PRIMEIRA_LIGA,2017-18,LEAGUE,,Boavista,Rio Ave,1,2,A,Portugal,Primeira Liga,football-data.co.uk
league_56a1a462a36e82a9,2017-08-12,PRIMEIRA_LIGA,2017-18,LEAGUE,,Moreirense,Feirense,0,0,D,Portugal,Primeira Liga,football-data.co.uk
league_b96206d246368dda,2017-08-13,PRIMEIRA_LIGA,2017-18,LEAGUE,,Pacos Ferreira,Aves,2,2,D,Portugal,Primeira Liga,football-data.co.uk
league_64de14289479e72d,2017-08-13,PRIMEIRA_LIGA,2017-18,LEAGUE,,Sp Braga,Portimonense,2,1,H,Portugal,Primeira Liga,football-data.co.uk
league_d16ec0246476648f,2017-08-13,PRIMEIRA_LIGA,2017-18,LEAGUE,,Tondela,FC Porto,0,1,A,Portugal,Primeira Liga,football-data.co.uk
league_9a9fe3ffcf82b772,2017-08-14,PRIMEIRA_LIGA,2017-18,LEAGUE,,Chaves,Benfica,0,1,A,Portugal,Primeira Liga,football-data.co.uk
league_8915d107d8925340,2017-08-14,PRIMEIRA_LIGA,2017-18,LEAGUE,,Estoril,Guimaraes,3,0,H,Portugal,Primeira Liga,football-data.co.uk
league_37dc7cc941ba3633,2017-08-18,PRIMEIRA_LIGA,2017-18,LEAGUE,,Rio Ave,Portimonense,2,0,H,Portugal,Primeira Liga,football-data.co.uk
league_4546011375aa428f,2017-08-19,PRIMEIRA_LIGA,2017-18,LEAGUE,,Benfica,Belenenses,5,0,H,Portugal,Primeira Liga,football-data.co.uk
league_482052314bf064a8,2017-08-19,PRIMEIRA_LIGA,2017-18,LEAGUE,,Guimaraes,Sporting CP,0,5,A,Portugal,Primeira Liga,football-data.co.uk
league_04a010d206d8c923,2017-08-19,PRIMEIRA_LIGA,2017-18,LEAGUE,,Tondela,Estoril,2,3,A,Portugal,Primeira Liga,football-data.co.uk
league_07485e51f1fad0c3,2017-08-20,PRIMEIRA_LIGA,2017-18,LEAGUE,,Aves,Sp Braga,0,2,A,Portugal,Primeira Liga,football-data.co.uk
league_b1e8381a3925ce92,2017-08-20,PRIMEIRA_LIGA,2017-18,LEAGUE,,FC Porto,Moreirense,3,0,H,Portugal,Primeira Liga,football-data.co.uk
league_31853d5d55d7e52f,2017-08-20,PRIMEIRA_LIGA,2017-18,LEAGUE,,Maritimo,Boavista,1,0,H,Portugal,Primeira Liga,football-data.co.uk
league_fb45752b42415bee,2017-08-20,PRIMEIRA_LIGA,2017-18,LEAGUE,,Setubal,Chaves,1,1,D,Portugal,Primeira Liga,football-data.co.uk
league_d31c50694a39a508,2017-08-21,PRIMEIRA_LIGA,2017-18,LEAGUE,,Feirense,Pacos Ferreira,2,1,H,Portugal,Primeira Liga,football-data.co.uk
league_acf399a53601beac,2017-08-25,PRIMEIRA_LIGA,2017-18,LEAGUE,,Belenenses,Setubal,1,1,D,Portugal,Primeira Liga,football-data.co.uk
league_a002f39c534aaaa9,2017-08-26,PRIMEIRA_LIGA,2017-18,LEAGUE,,Chaves,Feirense,0,2,A,Portugal,Primeira Liga,football-data.co.uk
league_e156ec50de102842,2017-08-26,PRIMEIRA_LIGA,2017-18,LEAGUE,,Moreirense,Tondela,0,3,A,Portugal,Primeira Liga,football-data.co.uk
league_db2332d9b83a7b5f,2017-08-26,PRIMEIRA_LIGA,2017-18,LEAGUE,,Pacos Ferreira,Guimaraes,0,0,D,Portugal,Primeira Liga,football-data.co.uk
league_169d5aae4c8e6108,2017-08-26,PRIMEIRA_LIGA,2017-18,LEAGUE,,Rio Ave,Benfica,1,1,D,Portugal,Primeira Liga,football-data.co.uk
league_dae03a76726cdf9e,2017-08-27,PRIMEIRA_LIGA,2017-18,LEAGUE,,Boavista,Aves,1,0,H,Portugal,Primeira Liga,football-data.co.uk
league_55624f60c44cfe1c,2017-08-27,PRIMEIRA_LIGA,2017-18,LEAGUE,,Sp Braga,FC Porto,0,1,A,Portugal,Primeira Liga,football-data.co.uk
league_63a3c2300fd13191,2017-08-27,PRIMEIRA_LIGA,2017-18,LEAGUE,,Sporting CP,Estoril,2,1,H,Portugal,Primeira Liga,football-data.co.uk
league_b81a99d4e45ed187,2017-08-28,PRIMEIRA_LIGA,2017-18,LEAGUE,,Portimonense,Maritimo,1,2,A,Portugal,Primeira Liga,football-data.co.uk
league_75f0329713cd1ba2,2017-09-08,PRIMEIRA_LIGA,2017-18,LEAGUE,,Benfica,Portimonense,2,1,H,Portugal,Primeira Liga,football-data.co.uk
league_d51d456569f392c9,2017-09-08,PRIMEIRA_LIGA,2017-18,LEAGUE,,Feirense,Sporting CP,2,3,A,Portugal,Primeira Liga,football-data.co.uk
league_75c96494da0794b0,2017-09-09,PRIMEIRA_LIGA,2017-18,LEAGUE,,FC Porto,Chaves,3,0,H,Portugal,Primeira Liga,football-data.co.uk
league_13040afec2f0845e,2017-09-09,PRIMEIRA_LIGA,2017-18,LEAGUE,,Maritimo,Rio Ave,1,0,H,Portugal,Primeira Liga,football-data.co.uk
league_74f401da4e2cbc1c,2017-09-09,PRIMEIRA_LIGA,2017-18,LEAGUE,,Tondela,Pacos Ferreira,2,2,D,Portugal,Primeira Liga,football-data.co.uk
league_0184605a749fde9a,2017-09-10,PRIMEIRA_LIGA,2017-18,LEAGUE,,Estoril,Moreirense,0,2,A,Portugal,Primeira Liga,football-data.co.uk
league_e57f88422e72158d,2017-09-10,PRIMEIRA_LIGA,2017-18,LEAGUE,,Guimaraes,Boavista,1,0,H,Portugal,Primeira Liga,football-data.co.uk
league_0045b61d0839c715,2017-09-10,PRIMEIRA_LIGA,2017-18,LEAGUE,,Setubal,Sp Braga,2,0,H,Portugal,Primeira Liga,football-data.co.uk
league_e100f610f6334e8c,2017-09-11,PRIMEIRA_LIGA,2017-18,LEAGUE,,Aves,Belenenses,2,1,H,Portugal,Primeira Liga,football-data.co.uk
league_d10e21b58fbf890d,2017-09-15,PRIMEIRA_LIGA,2017-18,LEAGUE,,Pacos Ferreira,Setubal,1,0,H,Portugal,Primeira Liga,football-data.co.uk
league_1e8b38753f7d93f4,2017-09-16,PRIMEIRA_LIGA,2017-18,LEAGUE,,Boavista,Benfica,2,1,H,Portugal,Primeira Liga,football-data.co.uk
league_cb74c842d923496d,2017-09-16,PRIMEIRA_LIGA,2017-18,LEAGUE,,Maritimo,Aves,2,1,H,Portugal,Primeira Liga,football-data.co.uk
league_8defb95ff2840b5b,2017-09-16,PRIMEIRA_LIGA,2017-18,LEAGUE,,Sporting CP,Tondela,2,0,H,Portugal,Primeira Liga,football-data.co.uk
league_f66d6ff55a360538,2017-09-17,PRIMEIRA_LIGA,2017-18,LEAGUE,,Belenenses,Estoril,2,1,H,Portugal,Primeira Liga,football-data.co.uk
league_5653df9a533c24bb,2017-09-17,PRIMEIRA_LIGA,2017-18,LEAGUE,,Rio Ave,FC Porto,1,2,A,Portugal,Primeira Liga,football-data.co.uk
league_59066ede53c5387e,2017-09-17,PRIMEIRA_LIGA,2017-18,LEAGUE,,Sp Braga,Guimaraes,2,1,H,Portugal,Primeira Liga,football-data.co.uk
league_c2ad8876539b8f95,2017-09-18,PRIMEIRA_LIGA,2017-18,LEAGUE,,Chaves,Moreirense,3,0,H,Portugal,Primeira Liga,football-data.co.uk
league_1053bec4f31693fb,2017-09-18,PRIMEIRA_LIGA,2017-18,LEAGUE,,Portimonense,Feirense,2,1,H,Portugal,Primeira Liga,football-data.co.uk
league_6ecec897693080f6,2017-09-22,PRIMEIRA_LIGA,2017-18,LEAGUE,,FC Porto,Portimonense,5,2,H,Portugal,Primeira Liga,football-data.co.uk
league_72a18be36f5b4680,2017-09-23,PRIMEIRA_LIGA,2017-18,LEAGUE,,Benfica,Pacos Ferreira,2,0,H,Portugal,Primeira Liga,football-data.co.uk
league_05fd6d14bd680699,2017-09-23,PRIMEIRA_LIGA,2017-18,LEAGUE,,Estoril,Chaves,0,2,A,Portugal,Primeira Liga,football-data.co.uk
league_23b9df98af6f8b4e,2017-09-23,PRIMEIRA_LIGA,2017-18,LEAGUE,,Moreirense,Sporting CP,1,1,D,Portugal,Primeira Liga,football-data.co.uk
league_eabf8ea383ff0e4e,2017-09-24,PRIMEIRA_LIGA,2017-18,LEAGUE,,Aves,Rio Ave,0,0,D,Portugal,Primeira Liga,football-data.co.uk
league_6564ef66c325fadd,2017-09-24,PRIMEIRA_LIGA,2017-18,LEAGUE,,Feirense,Belenenses,1,4,A,Portugal,Primeira Liga,football-data.co.uk
league_01e1130b71b3e18e,2017-09-24,PRIMEIRA_LIGA,2017-18,LEAGUE,,Guimaraes,Maritimo,2,1,H,Portugal,Primeira Liga,football-data.co.uk
league_665cbbb316f7a79f,2017-09-24,PRIMEIRA_LIGA,2017-18,LEAGUE,,Tondela,Sp Braga,1,2,A,Portugal,Primeira Liga,football-data.co.uk
league_a28da7a321bdad19,2017-09-25,PRIMEIRA_LIGA,2017-18,LEAGUE,,Setubal,Boavista,1,1,D,Portugal,Primeira Liga,football-data.co.uk
league_f7eed975cfe52381,2017-09-29,PRIMEIRA_LIGA,2017-18,LEAGUE,,Chaves,Tondela,1,1,D,Portugal,Primeira Liga,football-data.co.uk
league_28cfd0d84f0ad3c2,2017-09-30,PRIMEIRA_LIGA,2017-18,LEAGUE,,Boavista,Feirense,1,0,H,Portugal,Primeira Liga,football-data.co.uk
league_a8d2f4c31b96e8db,2017-09-30,PRIMEIRA_LIGA,2017-18,LEAGUE,,Pacos Ferreira,Moreirense,3,2,H,Portugal,Primeira Liga,football-data.co.uk
league_b35a5e6f40e9ceda,2017-09-30,PRIMEIRA_LIGA,2017-18,LEAGUE,,Portimonense,Aves,2,2,D,Portugal,Primeira Liga,football-data.co.uk
league_545dea0021b4c11f,2017-09-30,PRIMEIRA_LIGA,2017-18,LEAGUE,,Rio Ave,Setubal,2,1,H,Portugal,Primeira Liga,football-data.co.uk
league_e9e71a9f6773fc27,2017-10-01,PRIMEIRA_LIGA,2017-18,LEAGUE,,Belenenses,Guimaraes,1,0,H,Portugal,Primeira Liga,football-data.co.uk
league_329f49c0c3f90b09,2017-10-01,PRIMEIRA_LIGA,2017-18,LEAGUE,,Maritimo,Benfica,1,1,D,Portugal,Primeira Liga,football-data.co.uk
league_29ec8a5e1cc07968,2017-10-01,PRIMEIRA_LIGA,2017-18,LEAGUE,,Sp Braga,Estoril,6,0,H,Portugal,Primeira Liga,football-data.co.uk
league_2a5b134c47f43cce,2017-10-01,PRIMEIRA_LIGA,2017-18,LEAGUE,,Sporting CP,FC Porto,0,0,D,Portugal,Primeira Liga,football-data.co.uk
league_b3d8dcf64e337299,2017-10-20,PRIMEIRA_LIGA,2017-18,LEAGUE,,Estoril,Boavista,0,3,A,Portugal,Primeira Liga,football-data.co.uk
league_4eec45ad217110c8,2017-10-21,PRIMEIRA_LIGA,2017-18,LEAGUE,,FC Porto,Pacos Ferreira,6,1,H,Portugal,Primeira Liga,football-data.co.uk
league_33737f6bdcc4d6c0,2017-10-21,PRIMEIRA_LIGA,2017-18,LEAGUE,,Feirense,Rio Ave,1,0,H,Portugal,Primeira Liga,football-data.co.uk
league_22fa982f779c10f0,2017-10-21,PRIMEIRA_LIGA,2017-18,LEAGUE,,Setubal,Maritimo,3,1,H,Portugal,Primeira Liga,football-data.co.uk
league_fa88354ced58ff60,2017-10-22,PRIMEIRA_LIGA,2017-18,LEAGUE,,Aves,Benfica,1,3,A,Portugal,Primeira Liga,football-data.co.uk
league_f82710edcfae7a46,2017-10-22,PRIMEIRA_LIGA,2017-18,LEAGUE,,Sporting CP,Chaves,5,1,H,Portugal,Primeira Liga,football-data.co.uk
league_9fbe1d5209da2a31,2017-10-22,PRIMEIRA_LIGA,2017-18,LEAGUE,,Tondela,Belenenses,2,0,H,Portugal,Primeira Liga,football-data.co.uk
league_ba88b23662f46eff,2017-10-23,PRIMEIRA_LIGA,2017-18,LEAGUE,,Guimaraes,Portimonense,3,3,D,Portugal,Primeira Liga,football-data.co.uk
league_79a8e344db0fa158,2017-10-23,PRIMEIRA_LIGA,2017-18,LEAGUE,,Moreirense,Sp Braga,0,1,A,Portugal,Primeira Liga,football-data.co.uk
league_0e707689d380783a,2017-10-27,PRIMEIRA_LIGA,2017-18,LEAGUE,,Benfica,Feirense,1,0,H,Portugal,Primeira Liga,football-data.co.uk
league_8a5d4452265fb6e5,2017-10-27,PRIMEIRA_LIGA,2017-18,LEAGUE,,Rio Ave,Sporting CP,0,1,A,Portugal,Primeira Liga,football-data.co.uk
league_48191da85fdbf7f9,2017-10-28,PRIMEIRA_LIGA,2017-18,LEAGUE,,Belenenses,Moreirense,3,0,H,Portugal,Primeira Liga,football-data.co.uk
league_de59b5df2154112b,2017-10-28,PRIMEIRA_LIGA,2017-18,LEAGUE,,Boavista,FC Porto,0,3,A,Portugal,Primeira Liga,football-data.co.uk
league_e1595979bfc6f49d,2017-10-28,PRIMEIRA_LIGA,2017-18,LEAGUE,,Maritimo,Tondela,2,0,H,Portugal,Primeira Liga,football-data.co.uk
league_1c836c59ca4f0a3e,2017-10-29,PRIMEIRA_LIGA,2017-18,LEAGUE,,Aves,Guimaraes,1,3,A,Portugal,Primeira Liga,football-data.co.uk
league_802ee513c1f41b65,2017-10-29,PRIMEIRA_LIGA,2017-18,LEAGUE,,Pacos Ferreira,Estoril,1,0,H,Portugal,Primeira Liga,football-data.co.uk
league_1fc9b0f9411a4f2b,2017-10-29,PRIMEIRA_LIGA,2017-18,LEAGUE,,Sp Braga,Chaves,1,0,H,Portugal,Primeira Liga,football-data.co.uk
league_9e8653b2eb299d72,2017-10-30,PRIMEIRA_LIGA,2017-18,LEAGUE,,Portimonense,Setubal,5,2,H,Portugal,Primeira Liga,football-data.co.uk
league_d598af0cc2fe188a,2017-11-03,PRIMEIRA_LIGA,2017-18,LEAGUE,,Setubal,Aves,0,1,A,Portugal,Primeira Liga,football-data.co.uk
league_05d4c93b64afadb2,2017-11-04,PRIMEIRA_LIGA,2017-18,LEAGUE,,Estoril,Rio Ave,0,2,A,Portugal,Primeira Liga,football-data.co.uk
league_8168c5ddb6290a0c,2017-11-04,PRIMEIRA_LIGA,2017-18,LEAGUE,,FC Porto,Belenenses,2,0,H,Portugal,Primeira Liga,football-data.co.uk
league_509a75056596d843,2017-11-04,PRIMEIRA_LIGA,2017-18,LEAGUE,,Moreirense,Portimonense,1,1,D,Portugal,Primeira Liga,football-data.co.uk
league_3ab4b457b676a5b7,2017-11-04,PRIMEIRA_LIGA,2017-18,LEAGUE,,Tondela,Boavista,3,2,H,Portugal,Primeira Liga,football-data.co.uk
league_32572a7fd7efd807,2017-11-05,PRIMEIRA_LIGA,2017-18,LEAGUE,,Chaves,Pacos Ferreira,4,2,H,Portugal,Primeira Liga,football-data.co.uk
league_afe6ae2f8406926c,2017-11-05,PRIMEIRA_LIGA,2017-18,LEAGUE,,Feirense,Maritimo,0,1,A,Portugal,Primeira Liga,football-data.co.uk
league_075cdf864a40847f,2017-11-05,PRIMEIRA_LIGA,2017-18,LEAGUE,,Guimaraes,Benfica,1,3,A,Portugal,Primeira Liga,football-data.co.uk
league_33b0f9db3ab415c3,2017-11-05,PRIMEIRA_LIGA,2017-18,LEAGUE,,Sporting CP,Sp Braga,2,2,D,Portugal,Primeira Liga,football-data.co.uk
league_a702096ab4341fa3,2017-11-24,PRIMEIRA_LIGA,2017-18,LEAGUE,,Belenenses,Chaves,0,1,A,Portugal,Primeira Liga,football-data.co.uk
league_8cfa01fdaf5df2be,2017-11-25,PRIMEIRA_LIGA,2017-18,LEAGUE,,Aves,FC Porto,1,1,D,Portugal,Primeira Liga,football-data.co.uk
league_2801deedb0202bb1,2017-11-25,PRIMEIRA_LIGA,2017-18,LEAGUE,,Boavista,Moreirense,1,0,H,Portugal,Primeira Liga,football-data.co.uk
league_0359343bb37eaac6,2017-11-25,PRIMEIRA_LIGA,2017-18,LEAGUE,,Portimonense,Tondela,2,0,H,Portugal,Primeira Liga,football-data.co.uk
league_4ff68de4bb1aba39,2017-11-26,PRIMEIRA_LIGA,2017-18,LEAGUE,,Benfica,Setubal,6,0,H,Portugal,Primeira Liga,football-data.co.uk
league_fccc71de3cfa7aae,2017-11-26,PRIMEIRA_LIGA,2017-18,LEAGUE,,Maritimo,Estoril,0,0,D,Portugal,Primeira Liga,football-data.co.uk
league_37e1c17fa64fbbed,2017-11-26,PRIMEIRA_LIGA,2017-18,LEAGUE,,Pacos Ferreira,Sporting CP,1,2,A,Portugal,Primeira Liga,football-data.co.uk
league_48a01952cb0a8c3e,2017-11-27,PRIMEIRA_LIGA,2017-18,LEAGUE,,Rio Ave,Guimaraes,0,1,A,Portugal,Primeira Liga,football-data.co.uk
league_ca280bd43bc3a9df,2017-11-27,PRIMEIRA_LIGA,2017-18,LEAGUE,,Sp Braga,Feirense,3,1,H,Portugal,Primeira Liga,football-data.co.uk
league_462c702b627bd234,2017-12-01,PRIMEIRA_LIGA,2017-18,LEAGUE,,FC Porto,Benfica,0,0,D,Portugal,Primeira Liga,football-data.co.uk
league_b2ddcd4c50c3c222,2017-12-01,PRIMEIRA_LIGA,2017-18,LEAGUE,,Sporting CP,Belenenses,1,0,H,Portugal,Primeira Liga,football-data.co.uk
league_76b2aed640648e37,2017-12-02,PRIMEIRA_LIGA,2017-18,LEAGUE,,Chaves,Boavista,0,0,D,Portugal,Primeira Liga,football-data.co.uk
league_33c390e90b6575d4,2017-12-02,PRIMEIRA_LIGA,2017-18,LEAGUE,,Moreirense,Maritimo,1,1,D,Portugal,Primeira Liga,football-data.co.uk
league_4759766fc818dd31,2017-12-02,PRIMEIRA_LIGA,2017-18,LEAGUE,,Tondela,Rio Ave,1,3,A,Portugal,Primeira Liga,football-data.co.uk
league_2c4942feece12fdb,2017-12-03,PRIMEIRA_LIGA,2017-18,LEAGUE,,Feirense,Aves,0,1,A,Portugal,Primeira Liga,football-data.co.uk
league_97136683d72bcd38,2017-12-03,PRIMEIRA_LIGA,2017-18,LEAGUE,,Setubal,Guimaraes,1,2,A,Portugal,Primeira Liga,football-data.co.uk
league_f67ffd4e259e5850,2017-12-03,PRIMEIRA_LIGA,2017-18,LEAGUE,,Sp Braga,Pacos Ferreira,3,0,H,Portugal,Primeira Liga,football-data.co.uk
league_97f893b8d8c025e7,2017-12-04,PRIMEIRA_LIGA,2017-18,LEAGUE,,Estoril,Portimonense,0,0,D,Portugal,Primeira Liga,football-data.co.uk
league_2443a93651d4bb43,2017-12-08,PRIMEIRA_LIGA,2017-18,LEAGUE,,Rio Ave,Moreirense,2,1,H,Portugal,Primeira Liga,football-data.co.uk
league_56e2e03bf7423028,2017-12-09,PRIMEIRA_LIGA,2017-18,LEAGUE,,Aves,Tondela,0,1,A,Portugal,Primeira Liga,football-data.co.uk
league_d8c1df852d55e563,2017-12-09,PRIMEIRA_LIGA,2017-18,LEAGUE,,Benfica,Estoril,3,1,H,Portugal,Primeira Liga,football-data.co.uk
league_7dd00ea8dd9124de,2017-12-09,PRIMEIRA_LIGA,2017-18,LEAGUE,,Boavista,Sporting CP,1,3,A,Portugal,Primeira Liga,football-data.co.uk
league_889483ae3554d097,2017-12-10,PRIMEIRA_LIGA,2017-18,LEAGUE,,Belenenses,Pacos Ferreira,1,1,D,Portugal,Primeira Liga,football-data.co.uk
league_746d51b889b5e031,2017-12-10,PRIMEIRA_LIGA,2017-18,LEAGUE,,Portimonense,Chaves,0,1,A,Portugal,Primeira Liga,football-data.co.uk
league_11f2945e3163bcf1,2017-12-10,PRIMEIRA_LIGA,2017-18,LEAGUE,,Setubal,FC Porto,0,5,A,Portugal,Primeira Liga,football-data.co.uk
league_9002467f765fc69f,2017-12-11,PRIMEIRA_LIGA,2017-18,LEAGUE,,Guimaraes,Feirense,1,0,H,Portugal,Primeira Liga,football-data.co.uk
league_07700bea867bf756,2017-12-11,PRIMEIRA_LIGA,2017-18,LEAGUE,,Maritimo,Sp Braga,1,0,H,Portugal,Primeira Liga,football-data.co.uk
league_9571e5ac9cbc9c64,2017-12-15,PRIMEIRA_LIGA,2017-18,LEAGUE,,Pacos Ferreira,Boavista,1,2,A,Portugal,Primeira Liga,football-data.co.uk
league_27c97a2f7fa3f42b,2017-12-16,PRIMEIRA_LIGA,2017-18,LEAGUE,,Estoril,Aves,3,2,H,Portugal,Primeira Liga,football-data.co.uk
league_f06b8b40ecc3c91e,2017-12-16,PRIMEIRA_LIGA,2017-18,LEAGUE,,Sp Braga,Belenenses,4,0,H,Portugal,Primeira Liga,football-data.co.uk
league_940402089f2ce035,2017-12-17,PRIMEIRA_LIGA,2017-18,LEAGUE,,Chaves,Rio Ave,1,1,D,Portugal,Primeira Liga,football-data.co.uk
league_aa48513311790610,2017-12-17,PRIMEIRA_LIGA,2017-18,LEAGUE,,Feirense,Setubal,1,0,H,Portugal,Primeira Liga,football-data.co.uk
league_a7d77303f07dc27b,2017-12-17,PRIMEIRA_LIGA,2017-18,LEAGUE,,Sporting CP,Portimonense,2,0,H,Portugal,Primeira Liga,football-data.co.uk
league_ac59211492a22ee3,2017-12-17,PRIMEIRA_LIGA,2017-18,LEAGUE,,Tondela,Benfica,1,5,A,Portugal,Primeira Liga,football-data.co.uk
league_412f24c16206b6f1,2017-12-18,PRIMEIRA_LIGA,2017-18,LEAGUE,,FC Porto,Maritimo,3,1,H,Portugal,Primeira Liga,football-data.co.uk
league_c3f68c447af511b0,2017-12-18,PRIMEIRA_LIGA,2017-18,LEAGUE,,Moreirense,Guimaraes,2,1,H,Portugal,Primeira Liga,football-data.co.uk
league_ea98b3a3bb910303,2017-12-23,PRIMEIRA_LIGA,2017-18,LEAGUE,,Guimaraes,Tondela,0,1,A,Portugal,Primeira Liga,football-data.co.uk
league_03fd79776e2ade6f,2018-01-03,PRIMEIRA_LIGA,2017-18,LEAGUE,,Aves,Moreirense,1,2,A,Portugal,Primeira Liga,football-data.co.uk
league_97850b70cbdc77d3,2018-01-03,PRIMEIRA_LIGA,2017-18,LEAGUE,,Benfica,Sporting CP,1,1,D,Portugal,Primeira Liga,football-data.co.uk
league_3cf99acdcf690f9a,2018-01-03,PRIMEIRA_LIGA,2017-18,LEAGUE,,Boavista,Sp Braga,1,3,A,Portugal,Primeira Liga,football-data.co.uk
league_485c38b85c5c78a5,2018-01-03,PRIMEIRA_LIGA,2017-18,LEAGUE,,Feirense,FC Porto,1,2,A,Portugal,Primeira Liga,football-data.co.uk
league_6775ea9cd440973f,2018-01-03,PRIMEIRA_LIGA,2017-18,LEAGUE,,Maritimo,Chaves,1,2,A,Portugal,Primeira Liga,football-data.co.uk
league_323c3f9707d4261c,2018-01-03,PRIMEIRA_LIGA,2017-18,LEAGUE,,Rio Ave,Pacos Ferreira,4,2,H,Portugal,Primeira Liga,football-data.co.uk
league_b8c7a55fd13c6416,2018-01-04,PRIMEIRA_LIGA,2017-18,LEAGUE,,Portimonense,Belenenses,0,0,D,Portugal,Primeira Liga,football-data.co.uk
league_5fc502d9f6d55d46,2018-01-04,PRIMEIRA_LIGA,2017-18,LEAGUE,,Setubal,Estoril,2,2,D,Portugal,Primeira Liga,football-data.co.uk
league_40b57c966c5245e7,2018-01-06,PRIMEIRA_LIGA,2017-18,LEAGUE,,Sp Braga,Rio Ave,2,1,H,Portugal,Primeira Liga,football-data.co.uk
league_b38b7c9084aadd76,2018-01-07,PRIMEIRA_LIGA,2017-18,LEAGUE,,Chaves,Aves,1,1,D,Portugal,Primeira Liga,football-data.co.uk
league_9b37e03c3a488fd2,2018-01-07,PRIMEIRA_LIGA,2017-18,LEAGUE,,FC Porto,Guimaraes,4,2,H,Portugal,Primeira Liga,football-data.co.uk
league_750b86a1e8cc77b9,2018-01-07,PRIMEIRA_LIGA,2017-18,LEAGUE,,Moreirense,Benfica,0,2,A,Portugal,Primeira Liga,football-data.co.uk
league_8ccfeaf734efdeec,2018-01-07,PRIMEIRA_LIGA,2017-18,LEAGUE,,Sporting CP,Maritimo,5,0,H,Portugal,Primeira Liga,football-data.co.uk
league_40c040b78c08e627,2018-01-08,PRIMEIRA_LIGA,2017-18,LEAGUE,,Estoril,Feirense,0,2,A,Portugal,Primeira Liga,football-data.co.uk
league_754bfdea1fbbf2cb,2018-01-08,PRIMEIRA_LIGA,2017-18,LEAGUE,,Pacos Ferreira,Portimonense,1,1,D,Portugal,Primeira Liga,football-data.co.uk
league_9b6973eec6443ab5,2018-01-09,PRIMEIRA_LIGA,2017-18,LEAGUE,,Belenenses,Boavista,1,1,D,Portugal,Primeira Liga,football-data.co.uk
league_29c0334d1b029851,2018-01-09,PRIMEIRA_LIGA,2017-18,LEAGUE,,Tondela,Setubal,1,1,D,Portugal,Primeira Liga,football-data.co.uk
league_b65ddcdf2057c399,2018-01-12,PRIMEIRA_LIGA,2017-18,LEAGUE,,Chaves,Guimaraes,4,3,H,Portugal,Primeira Liga,football-data.co.uk
league_c899aa0460159605,2018-01-13,PRIMEIRA_LIGA,2017-18,LEAGUE,,Pacos Ferreira,Maritimo,0,0,D,Portugal,Primeira Liga,football-data.co.uk
league_7231d3e295d91f51,2018-01-13,PRIMEIRA_LIGA,2017-18,LEAGUE,,Sp Braga,Benfica,1,3,A,Portugal,Primeira Liga,football-data.co.uk
league_bd7b717d691c84f2,2018-01-14,PRIMEIRA_LIGA,2017-18,LEAGUE,,Belenenses,Rio Ave,1,2,A,Portugal,Primeira Liga,football-data.co.uk
league_6c9cf46b28c11c20,2018-01-14,PRIMEIRA_LIGA,2017-18,LEAGUE,,Boavista,Portimonense,2,0,H,Portugal,Primeira Liga,football-data.co.uk
league_03d1e62804207617,2018-01-14,PRIMEIRA_LIGA,2017-18,LEAGUE,,Sporting CP,Aves,3,0,H,Portugal,Primeira Liga,football-data.co.uk
league_652c5299a7812092,2018-01-14,PRIMEIRA_LIGA,2017-18,LEAGUE,,Tondela,Feirense,3,1,H,Portugal,Primeira Liga,football-data.co.uk
league_4d1299f78e57da3a,2018-01-15,PRIMEIRA_LIGA,2017-18,LEAGUE,,Moreirense,Setubal,2,2,D,Portugal,Primeira Liga,football-data.co.uk
league_419ede10ad7281e4,2018-01-19,PRIMEIRA_LIGA,2017-18,LEAGUE,,FC Porto,Tondela,1,0,H,Portugal,Primeira Liga,football-data.co.uk
league_3db812ee3b85fae9,2018-01-19,PRIMEIRA_LIGA,2017-18,LEAGUE,,Setubal,Sporting CP,1,1,D,Portugal,Primeira Liga,football-data.co.uk
league_c2ab5357e9fb8b7b,2018-01-20,PRIMEIRA_LIGA,2017-18,LEAGUE,,Benfica,Chaves,3,0,H,Portugal,Primeira Liga,football-data.co.uk
league_28690b20ae6e2b91,2018-01-20,PRIMEIRA_LIGA,2017-18,LEAGUE,,Maritimo,Belenenses,0,0,D,Portugal,Primeira Liga,football-data.co.uk
league_7e6020fb250c1b56,2018-01-20,PRIMEIRA_LIGA,2017-18,LEAGUE,,Portimonense,Sp Braga,1,2,A,Portugal,Primeira Liga,football-data.co.uk
league_21f49188e2197b3f,2018-01-21,PRIMEIRA_LIGA,2017-18,LEAGUE,,Aves,Pacos Ferreira,0,2,A,Portugal,Primeira Liga,football-data.co.uk
league_22951e75cbf60888,2018-01-21,PRIMEIRA_LIGA,2017-18,LEAGUE,,Feirense,Moreirense,1,0,H,Portugal,Primeira Liga,football-data.co.uk
league_b43d5e50f9868d3d,2018-01-21,PRIMEIRA_LIGA,2017-18,LEAGUE,,Guimaraes,Estoril,3,1,H,Portugal,Primeira Liga,football-data.co.uk
league_7303dd7db4cf6815,2018-01-21,PRIMEIRA_LIGA,2017-18,LEAGUE,,Rio Ave,Boavista,2,0,H,Portugal,Primeira Liga,football-data.co.uk
league_11b06960c686c999,2018-01-29,PRIMEIRA_LIGA,2017-18,LEAGUE,,Belenenses,Benfica,1,1,D,Portugal,Primeira Liga,football-data.co.uk
league_eb663955cd31d3ab,2018-01-29,PRIMEIRA_LIGA,2017-18,LEAGUE,,Pacos Ferreira,Feirense,2,1,H,Portugal,Primeira Liga,football-data.co.uk
league_68cd2e9ae73647e2,2018-01-29,PRIMEIRA_LIGA,2017-18,LEAGUE,,Portimonense,Rio Ave,4,1,H,Portugal,Primeira Liga,football-data.co.uk
league_77e37b3d9e8f5ec4,2018-01-30,PRIMEIRA_LIGA,2017-18,LEAGUE,,Estoril,Tondela,3,0,H,Portugal,Primeira Liga,football-data.co.uk
league_63a805e69b06cafc,2018-01-30,PRIMEIRA_LIGA,2017-18,LEAGUE,,Moreirense,FC Porto,0,0,D,Portugal,Primeira Liga,football-data.co.uk
league_ca5a4d0f151df222,2018-01-30,PRIMEIRA_LIGA,2017-18,LEAGUE,,Sp Braga,Aves,2,0,H,Portugal,Primeira Liga,football-data.co.uk
league_bc7738874f4bba5e,2018-01-31,PRIMEIRA_LIGA,2017-18,LEAGUE,,Boavista,Maritimo,2,1,H,Portugal,Primeira Liga,football-data.co.uk
league_193225ea9411017b,2018-01-31,PRIMEIRA_LIGA,2017-18,LEAGUE,,Chaves,Setubal,2,2,D,Portugal,Primeira Liga,football-data.co.uk
league_bead63bcae65033b,2018-01-31,PRIMEIRA_LIGA,2017-18,LEAGUE,,Sporting CP,Guimaraes,1,0,H,Portugal,Primeira Liga,football-data.co.uk
league_833957255265eaf8,2018-02-03,PRIMEIRA_LIGA,2017-18,LEAGUE,,Benfica,Rio Ave,5,1,H,Portugal,Primeira Liga,football-data.co.uk
league_4f141750c60acfdf,2018-02-03,PRIMEIRA_LIGA,2017-18,LEAGUE,,FC Porto,Sp Braga,3,1,H,Portugal,Primeira Liga,football-data.co.uk
league_cbf8c4b38fb1e6c3,2018-02-04,PRIMEIRA_LIGA,2017-18,LEAGUE,,Estoril,Sporting CP,2,0,H,Portugal,Primeira Liga,football-data.co.uk
league_1331de49729f5a91,2018-02-04,PRIMEIRA_LIGA,2017-18,LEAGUE,,Feirense,Chaves,1,2,A,Portugal,Primeira Liga,football-data.co.uk
league_4cec9f56e7a75eab,2018-02-04,PRIMEIRA_LIGA,2017-18,LEAGUE,,Guimaraes,Pacos Ferreira,3,2,H,Portugal,Primeira Liga,football-data.co.uk
league_9a466c576e5ef22b,2018-02-04,PRIMEIRA_LIGA,2017-18,LEAGUE,,Tondela,Moreirense,1,2,A,Portugal,Primeira Liga,football-data.co.uk
league_6b4fe4a51f7b389f,2018-02-05,PRIMEIRA_LIGA,2017-18,LEAGUE,,Maritimo,Portimonense,0,3,A,Portugal,Primeira Liga,football-data.co.uk
league_452d8c32693a66f8,2018-02-05,PRIMEIRA_LIGA,2017-18,LEAGUE,,Setubal,Belenenses,3,0,H,Portugal,Primeira Liga,football-data.co.uk
league_ca762a63b379b5f7,2018-02-06,PRIMEIRA_LIGA,2017-18,LEAGUE,,Aves,Boavista,3,0,H,Portugal,Primeira Liga,football-data.co.uk
league_377bed2b1c1128ab,2018-02-09,PRIMEIRA_LIGA,2017-18,LEAGUE,,Pacos Ferreira,Tondela,0,2,A,Portugal,Primeira Liga,football-data.co.uk
league_1d43ecc447e17128,2018-02-10,PRIMEIRA_LIGA,2017-18,LEAGUE,,Portimonense,Benfica,1,3,A,Portugal,Primeira Liga,football-data.co.uk
league_ae74de97781db134,2018-02-10,PRIMEIRA_LIGA,2017-18,LEAGUE,,Rio Ave,Maritimo,3,0,H,Portugal,Primeira Liga,football-data.co.uk
league_5f7526eb0818bba7,2018-02-10,PRIMEIRA_LIGA,2017-18,LEAGUE,,Sp Braga,Setubal,3,1,H,Portugal,Primeira Liga,football-data.co.uk
league_4e55b10ffd9db853,2018-02-11,PRIMEIRA_LIGA,2017-18,LEAGUE,,Belenenses,Aves,2,5,A,Portugal,Primeira Liga,football-data.co.uk
league_b0712f44124f8cb3,2018-02-11,PRIMEIRA_LIGA,2017-18,LEAGUE,,Boavista,Guimaraes,1,0,H,Portugal,Primeira Liga,football-data.co.uk
league_445bce3eb43eaf09,2018-02-11,PRIMEIRA_LIGA,2017-18,LEAGUE,,Chaves,FC Porto,0,4,A,Portugal,Primeira Liga,football-data.co.uk
league_0daadd14cc29b552,2018-02-11,PRIMEIRA_LIGA,2017-18,LEAGUE,,Sporting CP,Feirense,2,0,H,Portugal,Primeira Liga,football-data.co.uk
league_f09652047b21f614,2018-02-12,PRIMEIRA_LIGA,2017-18,LEAGUE,,Moreirense,Estoril,1,2,A,Portugal,Primeira Liga,football-data.co.uk
league_250332ff2c4ab9b8,2018-02-16,PRIMEIRA_LIGA,2017-18,LEAGUE,,Feirense,Portimonense,1,3,A,Portugal,Primeira Liga,football-data.co.uk
league_3b9022aa7038edd0,2018-02-17,PRIMEIRA_LIGA,2017-18,LEAGUE,,Aves,Maritimo,0,0,D,Portugal,Primeira Liga,football-data.co.uk
league_719ea36af6e11484,2018-02-17,PRIMEIRA_LIGA,2017-18,LEAGUE,,Benfica,Boavista,4,0,H,Portugal,Primeira Liga,football-data.co.uk
league_fe6a86ea4def910b,2018-02-17,PRIMEIRA_LIGA,2017-18,LEAGUE,,Estoril,Belenenses,0,2,A,Portugal,Primeira Liga,football-data.co.uk
league_2fabdf0a438f342b,2018-02-18,PRIMEIRA_LIGA,2017-18,LEAGUE,,FC Porto,Rio Ave,5,0,H,Portugal,Primeira Liga,football-data.co.uk
league_2a830d4c2ccd3a4d,2018-02-18,PRIMEIRA_LIGA,2017-18,LEAGUE,,Guimaraes,Sp Braga,0,5,A,Portugal,Primeira Liga,football-data.co.uk
league_ed6b07ea3f67960d,2018-02-18,PRIMEIRA_LIGA,2017-18,LEAGUE,,Moreirense,Chaves,0,1,A,Portugal,Primeira Liga,football-data.co.uk
league_b80c0bd3c7ec08d4,2018-02-18,PRIMEIRA_LIGA,2017-18,LEAGUE,,Setubal,Pacos Ferreira,1,0,H,Portugal,Primeira Liga,football-data.co.uk
league_f057b29110355378,2018-02-19,PRIMEIRA_LIGA,2017-18,LEAGUE,,Tondela,Sporting CP,1,2,A,Portugal,Primeira Liga,football-data.co.uk
league_9020f125efdb37b1,2018-02-21,PRIMEIRA_LIGA,2017-18,LEAGUE,,Estoril,FC Porto,1,3,A,Portugal,Primeira Liga,football-data.co.uk
league_1f65ce0372de86c1,2018-02-23,PRIMEIRA_LIGA,2017-18,LEAGUE,,Rio Ave,Aves,0,0,D,Portugal,Primeira Liga,football-data.co.uk
league_cc67347e6751d50a,2018-02-24,PRIMEIRA_LIGA,2017-18,LEAGUE,,Belenenses,Feirense,1,0,H,Portugal,Primeira Liga,football-data.co.uk
league_01b86ec5e381c98e,2018-02-24,PRIMEIRA_LIGA,2017-18,LEAGUE,,Maritimo,Guimaraes,3,2,H,Portugal,Primeira Liga,football-data.co.uk
league_76ce7da548d413b5,2018-02-24,PRIMEIRA_LIGA,2017-18,LEAGUE,,Pacos Ferreira,Benfica,1,3,A,Portugal,Primeira Liga,football-data.co.uk
league_c4c4b7b395fb5111,2018-02-25,PRIMEIRA_LIGA,2017-18,LEAGUE,,Boavista,Setubal,4,0,H,Portugal,Primeira Liga,football-data.co.uk
league_ebb3eb91fa38bcf7,2018-02-25,PRIMEIRA_LIGA,2017-18,LEAGUE,,Chaves,Estoril,2,0,H,Portugal,Primeira Liga,football-data.co.uk
league_530c40a6b1e84d06,2018-02-25,PRIMEIRA_LIGA,2017-18,LEAGUE,,Portimonense,FC Porto,1,5,A,Portugal,Primeira Liga,football-data.co.uk
league_3b0fb06818cac54f,2018-02-26,PRIMEIRA_LIGA,2017-18,LEAGUE,,Sp Braga,Tondela,1,0,H,Portugal,Primeira Liga,football-data.co.uk
league_301eb1f69d6c48e8,2018-02-26,PRIMEIRA_LIGA,2017-18,LEAGUE,,Sporting CP,Moreirense,1,0,H,Portugal,Primeira Liga,football-data.co.uk
league_dbf4de5fd622e713,2018-03-02,PRIMEIRA_LIGA,2017-18,LEAGUE,,FC Porto,Sporting CP,2,1,H,Portugal,Primeira Liga,football-data.co.uk
league_9e85b7f12d0faf29,2018-03-03,PRIMEIRA_LIGA,2017-18,LEAGUE,,Benfica,Maritimo,5,0,H,Portugal,Primeira Liga,football-data.co.uk
league_cb27ad4d98ba218a,2018-03-03,PRIMEIRA_LIGA,2017-18,LEAGUE,,Estoril,Sp Braga,0,6,A,Portugal,Primeira Liga,football-data.co.uk
league_9f8182e8325399b2,2018-03-03,PRIMEIRA_LIGA,2017-18,LEAGUE,,Feirense,Boavista,3,0,H,Portugal,Primeira Liga,football-data.co.uk
league_2904f6f40b008d29,2018-03-04,PRIMEIRA_LIGA,2017-18,LEAGUE,,Guimaraes,Belenenses,0,0,D,Portugal,Primeira Liga,football-data.co.uk
league_aa8bbf49e29d0ab5,2018-03-04,PRIMEIRA_LIGA,2017-18,LEAGUE,,Moreirense,Pacos Ferreira,2,0,H,Portugal,Primeira Liga,football-data.co.uk
league_29763d1d5273ee1a,2018-03-04,PRIMEIRA_LIGA,2017-18,LEAGUE,,Setubal,Rio Ave,1,0,H,Portugal,Primeira Liga,football-data.co.uk
league_ba6924253a9c2081,2018-03-04,PRIMEIRA_LIGA,2017-18,LEAGUE,,Tondela,Chaves,2,0,H,Portugal,Primeira Liga,football-data.co.uk
league_29835226ab57f864,2018-03-05,PRIMEIRA_LIGA,2017-18,LEAGUE,,Aves,Portimonense,3,0,H,Portugal,Primeira Liga,football-data.co.uk
league_e192bde75f506ee9,2018-03-09,PRIMEIRA_LIGA,2017-18,LEAGUE,,Sp Braga,Moreirense,3,0,H,Portugal,Primeira Liga,football-data.co.uk
league_3a1a7593681add00,2018-03-10,PRIMEIRA_LIGA,2017-18,LEAGUE,,Benfica,Aves,2,0,H,Portugal,Primeira Liga,football-data.co.uk
league_4052a9bc0e2d2943,2018-03-10,PRIMEIRA_LIGA,2017-18,LEAGUE,,Boavista,Estoril,1,0,H,Portugal,Primeira Liga,football-data.co.uk
league_2cf95e41f5d0fa15,2018-03-10,PRIMEIRA_LIGA,2017-18,LEAGUE,,Rio Ave,Feirense,2,1,H,Portugal,Primeira Liga,football-data.co.uk
league_1f3f5dc7b066e589,2018-03-11,PRIMEIRA_LIGA,2017-18,LEAGUE,,Belenenses,Tondela,0,0,D,Portugal,Primeira Liga,football-data.co.uk
league_aff90a0abe20f3e9,2018-03-11,PRIMEIRA_LIGA,2017-18,LEAGUE,,Maritimo,Setubal,4,2,H,Portugal,Primeira Liga,football-data.co.uk
league_4ba71ba9c96d3384,2018-03-11,PRIMEIRA_LIGA,2017-18,LEAGUE,,Pacos Ferreira,FC Porto,1,0,H,Portugal,Primeira Liga,football-data.co.uk
league_c8b014e0c7ac01d5,2018-03-11,PRIMEIRA_LIGA,2017-18,LEAGUE,,Portimonense,Guimaraes,2,1,H,Portugal,Primeira Liga,football-data.co.uk
league_17c4d45f323bb8c2,2018-03-12,PRIMEIRA_LIGA,2017-18,LEAGUE,,Chaves,Sporting CP,1,2,A,Portugal,Primeira Liga,football-data.co.uk
league_89c8befb6dc25918,2018-03-16,PRIMEIRA_LIGA,2017-18,LEAGUE,,Setubal,Portimonense,1,1,D,Portugal,Primeira Liga,football-data.co.uk
league_6b74ed7e7bb394eb,2018-03-17,PRIMEIRA_LIGA,2017-18,LEAGUE,,Estoril,Pacos Ferreira,1,1,D,Portugal,Primeira Liga,football-data.co.uk
league_729446988627b5e1,2018-03-17,PRIMEIRA_LIGA,2017-18,LEAGUE,,FC Porto,Boavista,2,0,H,Portugal,Primeira Liga,football-data.co.uk
league_f341879af7145a03,2018-03-17,PRIMEIRA_LIGA,2017-18,LEAGUE,,Feirense,Benfica,0,2,A,Portugal,Primeira Liga,football-data.co.uk
league_8ba404cac8eb6696,2018-03-17,PRIMEIRA_LIGA,2017-18,LEAGUE,,Tondela,Maritimo,1,2,A,Portugal,Primeira Liga,football-data.co.uk
league_fe8d6fa998e52a3e,2018-03-18,PRIMEIRA_LIGA,2017-18,LEAGUE,,Chaves,Sp Braga,1,4,A,Portugal,Primeira Liga,football-data.co.uk
league_6341afd46c1bc44f,2018-03-18,PRIMEIRA_LIGA,2017-18,LEAGUE,,Guimaraes,Aves,2,1,H,Portugal,Primeira Liga,football-data.co.uk
league_8ffe874e1d7bf8e6,2018-03-18,PRIMEIRA_LIGA,2017-18,LEAGUE,,Moreirense,Belenenses,2,1,H,Portugal,Primeira Liga,football-data.co.uk
league_22d91fd7aa4113a0,2018-03-18,PRIMEIRA_LIGA,2017-18,LEAGUE,,Sporting CP,Rio Ave,2,0,H,Portugal,Primeira Liga,football-data.co.uk
league_a3b9e5849e1d2549,2018-03-29,PRIMEIRA_LIGA,2017-18,LEAGUE,,Aves,Setubal,1,4,A,Portugal,Primeira Liga,football-data.co.uk
league_3188f5b75f3a254d,2018-03-30,PRIMEIRA_LIGA,2017-18,LEAGUE,,Boavista,Tondela,1,1,D,Portugal,Primeira Liga,football-data.co.uk
league_391e564cac3afdd9,2018-03-30,PRIMEIRA_LIGA,2017-18,LEAGUE,,Maritimo,Feirense,4,1,H,Portugal,Primeira Liga,football-data.co.uk
league_587395df7ad46e89,2018-03-30,PRIMEIRA_LIGA,2017-18,LEAGUE,,Rio Ave,Estoril,2,0,H,Portugal,Primeira Liga,football-data.co.uk
league_7482ba46d8b16a97,2018-03-31,PRIMEIRA_LIGA,2017-18,LEAGUE,,Benfica,Guimaraes,2,0,H,Portugal,Primeira Liga,football-data.co.uk
league_7106b971a5d8ff61,2018-03-31,PRIMEIRA_LIGA,2017-18,LEAGUE,,Pacos Ferreira,Chaves,2,0,H,Portugal,Primeira Liga,football-data.co.uk
league_8d4729d7182821c9,2018-03-31,PRIMEIRA_LIGA,2017-18,LEAGUE,,Portimonense,Moreirense,4,3,H,Portugal,Primeira Liga,football-data.co.uk
league_3a527c0d9764ff13,2018-03-31,PRIMEIRA_LIGA,2017-18,LEAGUE,,Sp Braga,Sporting CP,1,0,H,Portugal,Primeira Liga,football-data.co.uk
league_7855d50bee6f7681,2018-04-02,PRIMEIRA_LIGA,2017-18,LEAGUE,,Belenenses,FC Porto,2,0,H,Portugal,Primeira Liga,football-data.co.uk
league_65ac148341cf083b,2018-04-06,PRIMEIRA_LIGA,2017-18,LEAGUE,,Guimaraes,Rio Ave,3,0,H,Portugal,Primeira Liga,football-data.co.uk
league_0b337f042314343d,2018-04-07,PRIMEIRA_LIGA,2017-18,LEAGUE,,Estoril,Maritimo,1,1,D,Portugal,Primeira Liga,football-data.co.uk
league_453a53f72ed70f90,2018-04-07,PRIMEIRA_LIGA,2017-18,LEAGUE,,Feirense,Sp Braga,2,2,D,Portugal,Primeira Liga,football-data.co.uk
league_5ae5470002d1f502,2018-04-07,PRIMEIRA_LIGA,2017-18,LEAGUE,,Setubal,Benfica,1,2,A,Portugal,Primeira Liga,football-data.co.uk
league_0918dc4cd561ef81,2018-04-07,PRIMEIRA_LIGA,2017-18,LEAGUE,,Tondela,Portimonense,2,2,D,Portugal,Primeira Liga,football-data.co.uk
league_f9254be7ca82a0ac,2018-04-08,PRIMEIRA_LIGA,2017-18,LEAGUE,,Chaves,Belenenses,1,1,D,Portugal,Primeira Liga,football-data.co.uk
league_6d7a27e974870c12,2018-04-08,PRIMEIRA_LIGA,2017-18,LEAGUE,,FC Porto,Aves,2,0,H,Portugal,Primeira Liga,football-data.co.uk
league_e50e9fd5fdec74c2,2018-04-08,PRIMEIRA_LIGA,2017-18,LEAGUE,,Sporting CP,Pacos Ferreira,2,0,H,Portugal,Primeira Liga,football-data.co.uk
league_35ea18472c9586f6,2018-04-09,PRIMEIRA_LIGA,2017-18,LEAGUE,,Moreirense,Boavista,1,0,H,Portugal,Primeira Liga,football-data.co.uk
league_f61b976fba337421,2018-04-13,PRIMEIRA_LIGA,2017-18,LEAGUE,,Pacos Ferreira,Sp Braga,1,5,A,Portugal,Primeira Liga,football-data.co.uk
league_7263170765c91b43,2018-04-14,PRIMEIRA_LIGA,2017-18,LEAGUE,,Aves,Feirense,1,0,H,Portugal,Primeira Liga,football-data.co.uk
league_9864a2138df60513,2018-04-14,PRIMEIRA_LIGA,2017-18,LEAGUE,,Boavista,Chaves,3,3,D,Portugal,Primeira Liga,football-data.co.uk
league_2429898345460e8d,2018-04-14,PRIMEIRA_LIGA,2017-18,LEAGUE,,Guimaraes,Setubal,1,1,D,Portugal,Primeira Liga,football-data.co.uk
league_c1827ad9b849a614,2018-04-14,PRIMEIRA_LIGA,2017-18,LEAGUE,,Portimonense,Estoril,0,1,A,Portugal,Primeira Liga,football-data.co.uk
league_a312814c248f6faa,2018-04-15,PRIMEIRA_LIGA,2017-18,LEAGUE,,Belenenses,Sporting CP,3,4,A,Portugal,Primeira Liga,football-data.co.uk
league_a3a48bdee9ca1013,2018-04-15,PRIMEIRA_LIGA,2017-18,LEAGUE,,Benfica,FC Porto,0,1,A,Portugal,Primeira Liga,football-data.co.uk
league_8db016f73b394eda,2018-04-15,PRIMEIRA_LIGA,2017-18,LEAGUE,,Maritimo,Moreirense,1,1,D,Portugal,Primeira Liga,football-data.co.uk
league_a320129673c2cb30,2018-04-16,PRIMEIRA_LIGA,2017-18,LEAGUE,,Rio Ave,Tondela,1,1,D,Portugal,Primeira Liga,football-data.co.uk
league_831b590db792544f,2018-04-20,PRIMEIRA_LIGA,2017-18,LEAGUE,,Sp Braga,Maritimo,2,0,H,Portugal,Primeira Liga,football-data.co.uk
league_c91d4165f9e45b65,2018-04-21,PRIMEIRA_LIGA,2017-18,LEAGUE,,Estoril,Benfica,1,2,A,Portugal,Primeira Liga,football-data.co.uk
league_8c9eb3d89797b3d8,2018-04-21,PRIMEIRA_LIGA,2017-18,LEAGUE,,Feirense,Guimaraes,2,1,H,Portugal,Primeira Liga,football-data.co.uk
league_1faf75870d4991b4,2018-04-21,PRIMEIRA_LIGA,2017-18,LEAGUE,,Pacos Ferreira,Belenenses,1,1,D,Portugal,Primeira Liga,football-data.co.uk
league_ead6bcef1cc2f89e,2018-04-22,PRIMEIRA_LIGA,2017-18,LEAGUE,,Chaves,Portimonense,2,1,H,Portugal,Primeira Liga,football-data.co.uk
league_3df5b9b5af1b49fa,2018-04-22,PRIMEIRA_LIGA,2017-18,LEAGUE,,Moreirense,Rio Ave,2,1,H,Portugal,Primeira Liga,football-data.co.uk
league_958b3dc588a0bd9d,2018-04-22,PRIMEIRA_LIGA,2017-18,LEAGUE,,Sporting CP,Boavista,1,0,H,Portugal,Primeira Liga,football-data.co.uk
league_84da9b825baa3cbd,2018-04-22,PRIMEIRA_LIGA,2017-18,LEAGUE,,Tondela,Aves,3,0,H,Portugal,Primeira Liga,football-data.co.uk
league_59604b2ca610c696,2018-04-23,PRIMEIRA_LIGA,2017-18,LEAGUE,,FC Porto,Setubal,5,1,H,Portugal,Primeira Liga,football-data.co.uk
league_d001ca54d6730447,2018-04-27,PRIMEIRA_LIGA,2017-18,LEAGUE,,Guimaraes,Moreirense,1,0,H,Portugal,Primeira Liga,football-data.co.uk
league_3402cab5beb1aa1e,2018-04-28,PRIMEIRA_LIGA,2017-18,LEAGUE,,Benfica,Tondela,2,3,A,Portugal,Primeira Liga,football-data.co.uk
league_077198c420f3fdc2,2018-04-28,PRIMEIRA_LIGA,2017-18,LEAGUE,,Portimonense,Sporting CP,1,2,A,Portugal,Primeira Liga,football-data.co.uk
league_daac8eca40343a52,2018-04-28,PRIMEIRA_LIGA,2017-18,LEAGUE,,Setubal,Feirense,0,2,A,Portugal,Primeira Liga,football-data.co.uk
league_4e969c708365024b,2018-04-29,PRIMEIRA_LIGA,2017-18,LEAGUE,,Belenenses,Sp Braga,0,1,A,Portugal,Primeira Liga,football-data.co.uk
league_70628a9fee32c961,2018-04-29,PRIMEIRA_LIGA,2017-18,LEAGUE,,Boavista,Pacos Ferreira,1,0,H,Portugal,Primeira Liga,football-data.co.uk
league_08167f6cbd167941,2018-04-29,PRIMEIRA_LIGA,2017-18,LEAGUE,,Maritimo,FC Porto,0,1,A,Portugal,Primeira Liga,football-data.co.uk
league_2c560459ba89d890,2018-04-29,PRIMEIRA_LIGA,2017-18,LEAGUE,,Rio Ave,Chaves,2,1,H,Portugal,Primeira Liga,football-data.co.uk
league_bdc1fdc967feae40,2018-04-30,PRIMEIRA_LIGA,2017-18,LEAGUE,,Aves,Estoril,1,0,H,Portugal,Primeira Liga,football-data.co.uk
league_405b551d33cc69f0,2018-05-04,PRIMEIRA_LIGA,2017-18,LEAGUE,,Sp Braga,Boavista,1,1,D,Portugal,Primeira Liga,football-data.co.uk
league_467b8ebbdc21ce2c,2018-05-05,PRIMEIRA_LIGA,2017-18,LEAGUE,,Belenenses,Portimonense,3,2,H,Portugal,Primeira Liga,football-data.co.uk
league_3068388a8057bf02,2018-05-05,PRIMEIRA_LIGA,2017-18,LEAGUE,,Sporting CP,Benfica,0,0,D,Portugal,Primeira Liga,football-data.co.uk
league_b42d17b869e49b32,2018-05-05,PRIMEIRA_LIGA,2017-18,LEAGUE,,Tondela,Guimaraes,1,4,A,Portugal,Primeira Liga,football-data.co.uk
league_a532ae1ada6710f6,2018-05-06,PRIMEIRA_LIGA,2017-18,LEAGUE,,Chaves,Maritimo,4,1,H,Portugal,Primeira Liga,football-data.co.uk
league_601798cded7a834c,2018-05-06,PRIMEIRA_LIGA,2017-18,LEAGUE,,Estoril,Setubal,2,1,H,Portugal,Primeira Liga,football-data.co.uk
league_90fa61c6d0c0e43e,2018-05-06,PRIMEIRA_LIGA,2017-18,LEAGUE,,FC Porto,Feirense,2,1,H,Portugal,Primeira Liga,football-data.co.uk
league_cae7ebcfced33079,2018-05-06,PRIMEIRA_LIGA,2017-18,LEAGUE,,Moreirense,Aves,0,3,A,Portugal,Primeira Liga,football-data.co.uk
league_179b8a65887dcccb,2018-05-07,PRIMEIRA_LIGA,2017-18,LEAGUE,,Pacos Ferreira,Rio Ave,0,0,D,Portugal,Primeira Liga,football-data.co.uk
league_e064d94394bc48bd,2018-05-11,PRIMEIRA_LIGA,2017-18,LEAGUE,,Aves,Chaves,2,3,A,Portugal,Primeira Liga,football-data.co.uk
league_b2f92826725a3556,2018-05-12,PRIMEIRA_LIGA,2017-18,LEAGUE,,Boavista,Belenenses,1,0,H,Portugal,Primeira Liga,football-data.co.uk
league_d58e6f562cb95113,2018-05-12,PRIMEIRA_LIGA,2017-18,LEAGUE,,Guimaraes,FC Porto,0,1,A,Portugal,Primeira Liga,football-data.co.uk
league_156850dd4f53a2d2,2018-05-13,PRIMEIRA_LIGA,2017-18,LEAGUE,,Benfica,Moreirense,1,0,H,Portugal,Primeira Liga,football-data.co.uk
league_d666a011c2b5833d,2018-05-13,PRIMEIRA_LIGA,2017-18,LEAGUE,,Feirense,Estoril,0,0,D,Portugal,Primeira Liga,football-data.co.uk
league_3923fbebc93fd96d,2018-05-13,PRIMEIRA_LIGA,2017-18,LEAGUE,,Maritimo,Sporting CP,2,1,H,Portugal,Primeira Liga,football-data.co.uk
league_cabc514e3c19be3b,2018-05-13,PRIMEIRA_LIGA,2017-18,LEAGUE,,Portimonense,Pacos Ferreira,3,1,H,Portugal,Primeira Liga,football-data.co.uk
league_d5aa57ed67c868d6,2018-05-13,PRIMEIRA_LIGA,2017-18,LEAGUE,,Rio Ave,Sp Braga,1,0,H,Portugal,Primeira Liga,football-data.co.uk
league_04c222913f0f53b8,2018-05-13,PRIMEIRA_LIGA,2017-18,LEAGUE,,Setubal,Tondela,1,0,H,Portugal,Primeira Liga,football-data.co.uk
league_e5f93ee4903851f1,2018-08-10,PRIMEIRA_LIGA,2018-19,LEAGUE,,Benfica,Guimaraes,3,2,H,Portugal,Primeira Liga,football-data.co.uk
league_de5a69a6ce474804,2018-08-11,PRIMEIRA_LIGA,2018-19,LEAGUE,,FC Porto,Chaves,5,0,H,Portugal,Primeira Liga,football-data.co.uk
league_042ec11ff93f432f,2018-08-11,PRIMEIRA_LIGA,2018-19,LEAGUE,,Setubal,Aves,2,0,H,Portugal,Primeira Liga,football-data.co.uk
league_780a15a6dc972e17,2018-08-11,PRIMEIRA_LIGA,2018-19,LEAGUE,,Tondela,Belenenses,0,1,A,Portugal,Primeira Liga,football-data.co.uk
league_46195fc93fc6a809,2018-08-12,PRIMEIRA_LIGA,2018-19,LEAGUE,,Feirense,Rio Ave,2,0,H,Portugal,Primeira Liga,football-data.co.uk
league_becea6ec6f54fd67,2018-08-12,PRIMEIRA_LIGA,2018-19,LEAGUE,,Maritimo,Santa Clara,1,0,H,Portugal,Primeira Liga,football-data.co.uk
league_733f7f4f14730011,2018-08-12,PRIMEIRA_LIGA,2018-19,LEAGUE,,Moreirense,Sporting CP,1,3,A,Portugal,Primeira Liga,football-data.co.uk
league_fa1853ec7b438a4f,2018-08-12,PRIMEIRA_LIGA,2018-19,LEAGUE,,Sp Braga,Nacional,4,2,H,Portugal,Primeira Liga,football-data.co.uk
league_b5a4c2d8e1bde51f,2018-08-13,PRIMEIRA_LIGA,2018-19,LEAGUE,,Portimonense,Boavista,0,2,A,Portugal,Primeira Liga,football-data.co.uk
league_e99d6a8909fa55d8,2018-08-17,PRIMEIRA_LIGA,2018-19,LEAGUE,,Aves,Tondela,2,2,D,Portugal,Primeira Liga,football-data.co.uk
league_242b0fd32572c172,2018-08-18,PRIMEIRA_LIGA,2018-19,LEAGUE,,Boavista,Benfica,0,2,A,Portugal,Primeira Liga,football-data.co.uk
league_8be05fc7949482cd,2018-08-18,PRIMEIRA_LIGA,2018-19,LEAGUE,,Chaves,Portimonense,2,0,H,Portugal,Primeira Liga,football-data.co.uk
league_e6792e76cae56644,2018-08-18,PRIMEIRA_LIGA,2018-19,LEAGUE,,Sporting CP,Setubal,2,1,H,Portugal,Primeira Liga,football-data.co.uk
league_3ba3ca3a5837e9bc,2018-08-19,PRIMEIRA_LIGA,2018-19,LEAGUE,,Belenenses,FC Porto,2,3,A,Portugal,Primeira Liga,football-data.co.uk
league_dff358f4c4af9822,2018-08-19,PRIMEIRA_LIGA,2018-19,LEAGUE,,Nacional,Moreirense,1,2,A,Portugal,Primeira Liga,football-data.co.uk
league_6cbd56a886675a53,2018-08-19,PRIMEIRA_LIGA,2018-19,LEAGUE,,Rio Ave,Maritimo,3,1,H,Portugal,Primeira Liga,football-data.co.uk
league_d31e7c836e0c9c92,2018-08-19,PRIMEIRA_LIGA,2018-19,LEAGUE,,Santa Clara,Sp Braga,3,3,D,Portugal,Primeira Liga,football-data.co.uk
league_c738a501ce6445f9,2018-08-20,PRIMEIRA_LIGA,2018-19,LEAGUE,,Guimaraes,Feirense,0,1,A,Portugal,Primeira Liga,football-data.co.uk
league_b8afc5949aee2eea,2018-08-24,PRIMEIRA_LIGA,2018-19,LEAGUE,,Maritimo,Chaves,2,1,H,Portugal,Primeira Liga,football-data.co.uk
league_1942ef68f545e945,2018-08-25,PRIMEIRA_LIGA,2018-19,LEAGUE,,Benfica,Sporting CP,1,1,D,Portugal,Primeira Liga,football-data.co.uk
league_54722d07b3a57b25,2018-08-25,PRIMEIRA_LIGA,2018-19,LEAGUE,,FC Porto,Guimaraes,2,3,A,Portugal,Primeira Liga,football-data.co.uk
league_6ee1358d430df849,2018-08-25,PRIMEIRA_LIGA,2018-19,LEAGUE,,Portimonense,Santa Clara,2,2,D,Portugal,Primeira Liga,football-data.co.uk
league_99b04b707bf7c309,2018-08-26,PRIMEIRA_LIGA,2018-19,LEAGUE,,Feirense,Boavista,1,1,D,Portugal,Primeira Liga,football-data.co.uk
league_d4346ef976516708,2018-08-26,PRIMEIRA_LIGA,2018-19,LEAGUE,,Setubal,Nacional,1,2,A,Portugal,Primeira Liga,football-data.co.uk
league_223c06a8cd600105,2018-08-26,PRIMEIRA_LIGA,2018-19,LEAGUE,,Sp Braga,Aves,3,1,H,Portugal,Primeira Liga,football-data.co.uk
league_36f9d44f36205849,2018-08-26,PRIMEIRA_LIGA,2018-19,LEAGUE,,Tondela,Rio Ave,1,1,D,Portugal,Primeira Liga,football-data.co.uk
league_a5849920d6f75c14,2018-08-27,PRIMEIRA_LIGA,2018-19,LEAGUE,,Moreirense,Belenenses,1,1,D,Portugal,Primeira Liga,football-data.co.uk
league_77544cd2f945bdd0,2018-08-31,PRIMEIRA_LIGA,2018-19,LEAGUE,,Chaves,Sp Braga,0,1,A,Portugal,Primeira Liga,football-data.co.uk
league_9dca83d17aee7973,2018-08-31,PRIMEIRA_LIGA,2018-19,LEAGUE,,Guimaraes,Tondela,1,0,H,Portugal,Primeira Liga,football-data.co.uk
league_6847003466f232bd,2018-09-01,PRIMEIRA_LIGA,2018-19,LEAGUE,,Belenenses,Setubal,0,0,D,Portugal,Primeira Liga,football-data.co.uk
league_02d301a07b917259,2018-09-01,PRIMEIRA_LIGA,2018-19,LEAGUE,,Santa Clara,Boavista,4,2,H,Portugal,Primeira Liga,football-data.co.uk
league_ce6bd60308be56a5,2018-09-01,PRIMEIRA_LIGA,2018-19,LEAGUE,,Sporting CP,Feirense,1,0,H,Portugal,Primeira Liga,football-data.co.uk
league_9feb561d09a82544,2018-09-02,PRIMEIRA_LIGA,2018-19,LEAGUE,,Aves,Maritimo,0,1,A,Portugal,Primeira Liga,football-data.co.uk
league_05d5d8f3f22da3aa,2018-09-02,PRIMEIRA_LIGA,2018-19,LEAGUE,,FC Porto,Moreirense,3,0,H,Portugal,Primeira Liga,football-data.co.uk
league_eee16893aab0652d,2018-09-02,PRIMEIRA_LIGA,2018-19,LEAGUE,,Nacional,Benfica,0,4,A,Portugal,Primeira Liga,football-data.co.uk
league_99c5948214822cb2,2018-09-02,PRIMEIRA_LIGA,2018-19,LEAGUE,,Rio Ave,Portimonense,2,1,H,Portugal,Primeira Liga,football-data.co.uk
league_e221936bfd7e51ff,2018-09-21,PRIMEIRA_LIGA,2018-19,LEAGUE,,Boavista,Chaves,1,2,A,Portugal,Primeira Liga,football-data.co.uk
league_770d9d14ceba81de,2018-09-22,PRIMEIRA_LIGA,2018-19,LEAGUE,,Maritimo,Belenenses,0,0,D,Portugal,Primeira Liga,football-data.co.uk
league_149ab73e52b645c2,2018-09-22,PRIMEIRA_LIGA,2018-19,LEAGUE,,Santa Clara,Rio Ave,1,3,A,Portugal,Primeira Liga,football-data.co.uk
league_d0855329097b50e7,2018-09-22,PRIMEIRA_LIGA,2018-19,LEAGUE,,Setubal,FC Porto,0,2,A,Portugal,Primeira Liga,football-data.co.uk
league_bc90bb49bc488603,2018-09-23,PRIMEIRA_LIGA,2018-19,LEAGUE,,Benfica,Aves,2,0,H,Portugal,Primeira Liga,football-data.co.uk
league_ac2922b24038e7df,2018-09-23,PRIMEIRA_LIGA,2018-19,LEAGUE,,Feirense,Nacional,0,0,D,Portugal,Primeira Liga,football-data.co.uk
league_584f4a639e652b65,2018-09-23,PRIMEIRA_LIGA,2018-19,LEAGUE,,Portimonense,Guimaraes,3,2,H,Portugal,Primeira Liga,football-data.co.uk
league_ef4ab8119d397c60,2018-09-23,PRIMEIRA_LIGA,2018-19,LEAGUE,,Tondela,Moreirense,2,0,H,Portugal,Primeira Liga,football-data.co.uk
league_44e3d465b74953ed,2018-09-24,PRIMEIRA_LIGA,2018-19,LEAGUE,,Sp Braga,Sporting CP,1,0,H,Portugal,Primeira Liga,football-data.co.uk
league_249bf721004d32cd,2018-09-27,PRIMEIRA_LIGA,2018-19,LEAGUE,,Chaves,Benfica,2,2,D,Portugal,Primeira Liga,football-data.co.uk
league_516a69e10a88e51c,2018-09-28,PRIMEIRA_LIGA,2018-19,LEAGUE,,FC Porto,Tondela,1,0,H,Portugal,Primeira Liga,football-data.co.uk
league_a66783458787a0c3,2018-09-29,PRIMEIRA_LIGA,2018-19,LEAGUE,,Moreirense,Feirense,1,0,H,Portugal,Primeira Liga,football-data.co.uk
league_62771d9dfa53b689,2018-09-29,PRIMEIRA_LIGA,2018-19,LEAGUE,,Rio Ave,Boavista,2,1,H,Portugal,Primeira Liga,football-data.co.uk
league_0f6b8b7521459fc2,2018-09-29,PRIMEIRA_LIGA,2018-19,LEAGUE,,Sporting CP,Maritimo,2,0,H,Portugal,Primeira Liga,football-data.co.uk
league_cbf97ce8dbfd652b,2018-09-30,PRIMEIRA_LIGA,2018-19,LEAGUE,,Belenenses,Sp Braga,0,3,A,Portugal,Primeira Liga,football-data.co.uk
league_876c1aea90bec662,2018-09-30,PRIMEIRA_LIGA,2018-19,LEAGUE,,Guimaraes,Setubal,1,1,D,Portugal,Primeira Liga,football-data.co.uk
league_7c4f4545c0a908ed,2018-09-30,PRIMEIRA_LIGA,2018-19,LEAGUE,,Nacional,Santa Clara,0,3,A,Portugal,Primeira Liga,football-data.co.uk
league_5f26b7c9e3de430b,2018-10-01,PRIMEIRA_LIGA,2018-19,LEAGUE,,Aves,Portimonense,3,0,H,Portugal,Primeira Liga,football-data.co.uk
league_9f967e782c6a6922,2018-10-05,PRIMEIRA_LIGA,2018-19,LEAGUE,,Feirense,Belenenses,0,0,D,Portugal,Primeira Liga,football-data.co.uk
league_531ecc2135c99e1e,2018-10-05,PRIMEIRA_LIGA,2018-19,LEAGUE,,Santa Clara,Chaves,1,0,H,Portugal,Primeira Liga,football-data.co.uk
league_ebe701cd75c5c89d,2018-10-05,PRIMEIRA_LIGA,2018-19,LEAGUE,,Tondela,Nacional,1,1,D,Portugal,Primeira Liga,football-data.co.uk
league_96d0364a7b24ab2c,2018-10-06,PRIMEIRA_LIGA,2018-19,LEAGUE,,Maritimo,Guimaraes,1,3,A,Portugal,Primeira Liga,football-data.co.uk
league_b264c40d436b2a87,2018-10-06,PRIMEIRA_LIGA,2018-19,LEAGUE,,Setubal,Moreirense,3,0,H,Portugal,Primeira Liga,football-data.co.uk
league_b94c9f157da3dbc7,2018-10-06,PRIMEIRA_LIGA,2018-19,LEAGUE,,Sp Braga,Rio Ave,1,1,D,Portugal,Primeira Liga,football-data.co.uk
league_921bf41f02ae407f,2018-10-07,PRIMEIRA_LIGA,2018-19,LEAGUE,,Benfica,FC Porto,1,0,H,Portugal,Primeira Liga,football-data.co.uk
league_e88939a8f18bdab9,2018-10-07,PRIMEIRA_LIGA,2018-19,LEAGUE,,Boavista,Aves,1,0,H,Portugal,Primeira Liga,football-data.co.uk
league_fb5d221f6052778b,2018-10-07,PRIMEIRA_LIGA,2018-19,LEAGUE,,Portimonense,Sporting CP,4,2,H,Portugal,Primeira Liga,football-data.co.uk
league_8f7fa38c73c82ec4,2018-10-26,PRIMEIRA_LIGA,2018-19,LEAGUE,,Guimaraes,Sp Braga,1,1,D,Portugal,Primeira Liga,football-data.co.uk
league_2579d3e158ece9e7,2018-10-26,PRIMEIRA_LIGA,2018-19,LEAGUE,,Nacional,Portimonense,0,1,A,Portugal,Primeira Liga,football-data.co.uk
league_4ee7b021e5c176cc,2018-10-27,PRIMEIRA_LIGA,2018-19,LEAGUE,,Aves,Santa Clara,1,2,A,Portugal,Primeira Liga,football-data.co.uk
league_282a499e5f2f5fd4,2018-10-27,PRIMEIRA_LIGA,2018-19,LEAGUE,,Belenenses,Benfica,2,0,H,Portugal,Primeira Liga,football-data.co.uk
league_37a370ac62475e12,2018-10-27,PRIMEIRA_LIGA,2018-19,LEAGUE,,Rio Ave,Chaves,1,0,H,Portugal,Primeira Liga,football-data.co.uk
league_139596b03ff52769,2018-10-28,PRIMEIRA_LIGA,2018-19,LEAGUE,,FC Porto,Feirense,2,0,H,Portugal,Primeira Liga,football-data.co.uk
league_eaa607e05b02a11e,2018-10-28,PRIMEIRA_LIGA,2018-19,LEAGUE,,Moreirense,Maritimo,1,0,H,Portugal,Primeira Liga,football-data.co.uk
league_b846173d46c7aac9,2018-10-28,PRIMEIRA_LIGA,2018-19,LEAGUE,,Sporting CP,Boavista,3,0,H,Portugal,Primeira Liga,football-data.co.uk
league_68e3ab6c9cee498e,2018-10-28,PRIMEIRA_LIGA,2018-19,LEAGUE,,Tondela,Setubal,1,2,A,Portugal,Primeira Liga,football-data.co.uk
league_dd34f909221c7f73,2018-11-02,PRIMEIRA_LIGA,2018-19,LEAGUE,,Benfica,Moreirense,1,3,A,Portugal,Primeira Liga,football-data.co.uk
league_1366fbfb268b3257,2018-11-03,PRIMEIRA_LIGA,2018-19,LEAGUE,,Boavista,Guimaraes,0,0,D,Portugal,Primeira Liga,football-data.co.uk
league_e3f9695457623a9b,2018-11-03,PRIMEIRA_LIGA,2018-19,LEAGUE,,Maritimo,FC Porto,0,2,A,Portugal,Primeira Liga,football-data.co.uk
league_7a5e3dfd96cd06f8,2018-11-03,PRIMEIRA_LIGA,2018-19,LEAGUE,,Portimonense,Belenenses,1,1,D,Portugal,Primeira Liga,football-data.co.uk
league_57ec4cd6c048f809,2018-11-04,PRIMEIRA_LIGA,2018-19,LEAGUE,,Feirense,Tondela,2,4,A,Portugal,Primeira Liga,football-data.co.uk
league_46687141175536bd,2018-11-04,PRIMEIRA_LIGA,2018-19,LEAGUE,,Santa Clara,Sporting CP,1,2,A,Portugal,Primeira Liga,football-data.co.uk
league_ed6a880451c2af67,2018-11-04,PRIMEIRA_LIGA,2018-19,LEAGUE,,Sp Braga,Setubal,2,1,H,Portugal,Primeira Liga,football-data.co.uk
league_156dc7a01bc9e56f,2018-11-05,PRIMEIRA_LIGA,2018-19,LEAGUE,,Chaves,Aves,1,2,A,Portugal,Primeira Liga,football-data.co.uk
league_ef293658b895fb46,2018-11-05,PRIMEIRA_LIGA,2018-19,LEAGUE,,Rio Ave,Nacional,3,3,D,Portugal,Primeira Liga,football-data.co.uk
league_c5b5974b76273912,2018-11-09,PRIMEIRA_LIGA,2018-19,LEAGUE,,Moreirense,Portimonense,2,0,H,Portugal,Primeira Liga,football-data.co.uk
league_5abf1ab767dc424d,2018-11-09,PRIMEIRA_LIGA,2018-19,LEAGUE,,Setubal,Feirense,2,1,H,Portugal,Primeira Liga,football-data.co.uk
league_f9d9313580dc1034,2018-11-10,PRIMEIRA_LIGA,2018-19,LEAGUE,,Aves,Rio Ave,2,1,H,Portugal,Primeira Liga,football-data.co.uk
league_a348776deed469ba,2018-11-10,PRIMEIRA_LIGA,2018-19,LEAGUE,,Belenenses,Boavista,0,0,D,Portugal,Primeira Liga,football-data.co.uk
league_aaf8fae3f5224ebf,2018-11-10,PRIMEIRA_LIGA,2018-19,LEAGUE,,FC Porto,Sp Braga,1,0,H,Portugal,Primeira Liga,football-data.co.uk
league_f72e682d8bff3b8c,2018-11-10,PRIMEIRA_LIGA,2018-19,LEAGUE,,Nacional,Maritimo,1,0,H,Portugal,Primeira Liga,football-data.co.uk
league_10638bd4bf528e97,2018-11-11,PRIMEIRA_LIGA,2018-19,LEAGUE,,Guimaraes,Santa Clara,2,0,H,Portugal,Primeira Liga,football-data.co.uk
league_132058a32deace06,2018-11-11,PRIMEIRA_LIGA,2018-19,LEAGUE,,Sporting CP,Chaves,2,1,H,Portugal,Primeira Liga,football-data.co.uk
league_6ed9291748555e7d,2018-11-11,PRIMEIRA_LIGA,2018-19,LEAGUE,,Tondela,Benfica,1,3,A,Portugal,Primeira Liga,football-data.co.uk
league_8e54c165b3c78abf,2018-11-30,PRIMEIRA_LIGA,2018-19,LEAGUE,,Santa Clara,Belenenses,2,3,A,Portugal,Primeira Liga,football-data.co.uk
league_f502d5193312226c,2018-12-01,PRIMEIRA_LIGA,2018-19,LEAGUE,,Benfica,Feirense,4,0,H,Portugal,Primeira Liga,football-data.co.uk
league_bb3d6aa9a6ce7870,2018-12-01,PRIMEIRA_LIGA,2018-19,LEAGUE,,Maritimo,Setubal,0,1,A,Portugal,Primeira Liga,football-data.co.uk
league_beb2cfdd7ae8b86a,2018-12-01,PRIMEIRA_LIGA,2018-19,LEAGUE,,Sp Braga,Moreirense,2,0,H,Portugal,Primeira Liga,football-data.co.uk
league_6137f7aa754a49ca,2018-12-02,PRIMEIRA_LIGA,2018-19,LEAGUE,,Aves,Nacional,2,3,A,Portugal,Primeira Liga,football-data.co.uk
league_558b1d059aaf8d9e,2018-12-02,PRIMEIRA_LIGA,2018-19,LEAGUE,,Boavista,FC Porto,0,1,A,Portugal,Primeira Liga,football-data.co.uk
league_3bbc82fdc3bccdf8,2018-12-02,PRIMEIRA_LIGA,2018-19,LEAGUE,,Chaves,Guimaraes,0,1,A,Portugal,Primeira Liga,football-data.co.uk
league_580f877dee7f8eb2,2018-12-02,PRIMEIRA_LIGA,2018-19,LEAGUE,,Portimonense,Tondela,3,2,H,Portugal,Primeira Liga,football-data.co.uk
league_9641a6f8419cd5da,2018-12-03,PRIMEIRA_LIGA,2018-19,LEAGUE,,Rio Ave,Sporting CP,1,3,A,Portugal,Primeira Liga,football-data.co.uk
league_e0da10de50783406,2018-12-07,PRIMEIRA_LIGA,2018-19,LEAGUE,,FC Porto,Portimonense,4,1,H,Portugal,Primeira Liga,football-data.co.uk
league_a6b77ee77702fd80,2018-12-08,PRIMEIRA_LIGA,2018-19,LEAGUE,,Belenenses,Chaves,1,0,H,Portugal,Primeira Liga,football-data.co.uk
league_adc08b5e6d35c14e,2018-12-08,PRIMEIRA_LIGA,2018-19,LEAGUE,,Setubal,Benfica,0,1,A,Portugal,Primeira Liga,football-data.co.uk
league_8433481f2935b071,2018-12-08,PRIMEIRA_LIGA,2018-19,LEAGUE,,Tondela,Sp Braga,0,1,A,Portugal,Primeira Liga,football-data.co.uk
league_b7399e1cd8e2afb6,2018-12-09,PRIMEIRA_LIGA,2018-19,LEAGUE,,Guimaraes,Rio Ave,3,2,H,Portugal,Primeira Liga,football-data.co.uk
league_513da6f69cd6668c,2018-12-09,PRIMEIRA_LIGA,2018-19,LEAGUE,,Moreirense,Santa Clara,0,1,A,Portugal,Primeira Liga,football-data.co.uk
league_9b3b8de244ef9199,2018-12-09,PRIMEIRA_LIGA,2018-19,LEAGUE,,Nacional,Boavista,0,0,D,Portugal,Primeira Liga,football-data.co.uk
league_c907dfc46480f5ea,2018-12-09,PRIMEIRA_LIGA,2018-19,LEAGUE,,Sporting CP,Aves,4,1,H,Portugal,Primeira Liga,football-data.co.uk
league_f9aa3555c0ba7dde,2018-12-10,PRIMEIRA_LIGA,2018-19,LEAGUE,,Feirense,Maritimo,1,1,D,Portugal,Primeira Liga,football-data.co.uk
league_67c1c85dc4e8d859,2018-12-14,PRIMEIRA_LIGA,2018-19,LEAGUE,,Portimonense,Setubal,3,1,H,Portugal,Primeira Liga,football-data.co.uk
league_be613999cf05df22,2018-12-14,PRIMEIRA_LIGA,2018-19,LEAGUE,,Sp Braga,Feirense,4,0,H,Portugal,Primeira Liga,football-data.co.uk
league_34c4a652c621edc3,2018-12-15,PRIMEIRA_LIGA,2018-19,LEAGUE,,Aves,Guimaraes,1,1,D,Portugal,Primeira Liga,football-data.co.uk
league_f79e89632e48f799,2018-12-15,PRIMEIRA_LIGA,2018-19,LEAGUE,,Boavista,Tondela,2,0,H,Portugal,Primeira Liga,football-data.co.uk
league_bb9e35fde4617be6,2018-12-15,PRIMEIRA_LIGA,2018-19,LEAGUE,,Chaves,Moreirense,1,2,A,Portugal,Primeira Liga,football-data.co.uk
league_df2c7ab87ace5bcd,2018-12-15,PRIMEIRA_LIGA,2018-19,LEAGUE,,Santa Clara,FC Porto,1,2,A,Portugal,Primeira Liga,football-data.co.uk
league_86802f6b7be17328,2018-12-16,PRIMEIRA_LIGA,2018-19,LEAGUE,,Maritimo,Benfica,0,1,A,Portugal,Primeira Liga,football-data.co.uk
league_03bf85571dc13ec6,2018-12-16,PRIMEIRA_LIGA,2018-19,LEAGUE,,Rio Ave,Belenenses,2,2,D,Portugal,Primeira Liga,football-data.co.uk
league_9e24dea0c8862eb1,2018-12-16,PRIMEIRA_LIGA,2018-19,LEAGUE,,Sporting CP,Nacional,5,2,H,Portugal,Primeira Liga,football-data.co.uk
league_1b201ad561dbe8a6,2018-12-22,PRIMEIRA_LIGA,2018-19,LEAGUE,,Belenenses,Aves,5,2,H,Portugal,Primeira Liga,football-data.co.uk
league_df8b54b399832d25,2018-12-22,PRIMEIRA_LIGA,2018-19,LEAGUE,,Feirense,Portimonense,0,1,A,Portugal,Primeira Liga,football-data.co.uk
league_ea728f865d080e4e,2018-12-22,PRIMEIRA_LIGA,2018-19,LEAGUE,,Moreirense,Boavista,2,1,H,Portugal,Primeira Liga,football-data.co.uk
league_c6e23c8949e1f84b,2018-12-22,PRIMEIRA_LIGA,2018-19,LEAGUE,,Setubal,Santa Clara,0,2,A,Portugal,Primeira Liga,football-data.co.uk
league_e09f8bf5bbb0ecb4,2018-12-22,PRIMEIRA_LIGA,2018-19,LEAGUE,,Tondela,Maritimo,2,1,H,Portugal,Primeira Liga,football-data.co.uk
league_20f2f1841d2b0f74,2018-12-23,PRIMEIRA_LIGA,2018-19,LEAGUE,,Benfica,Sp Braga,6,2,H,Portugal,Primeira Liga,football-data.co.uk
league_fa583d53ce059e72,2018-12-23,PRIMEIRA_LIGA,2018-19,LEAGUE,,FC Porto,Rio Ave,2,1,H,Portugal,Primeira Liga,football-data.co.uk
league_433f4beb03a68edb,2018-12-23,PRIMEIRA_LIGA,2018-19,LEAGUE,,Guimaraes,Sporting CP,1,0,H,Portugal,Primeira Liga,football-data.co.uk
league_0271692c03f4f7dc,2018-12-23,PRIMEIRA_LIGA,2018-19,LEAGUE,,Nacional,Chaves,2,0,H,Portugal,Primeira Liga,football-data.co.uk
league_e062e52b7c3563a4,2019-01-02,PRIMEIRA_LIGA,2018-19,LEAGUE,,Boavista,Setubal,1,0,H,Portugal,Primeira Liga,football-data.co.uk
league_a9cad6f8fae92b53,2019-01-02,PRIMEIRA_LIGA,2018-19,LEAGUE,,Nacional,Guimaraes,1,0,H,Portugal,Primeira Liga,football-data.co.uk
league_7d09f201e73d1284,2019-01-02,PRIMEIRA_LIGA,2018-19,LEAGUE,,Portimonense,Benfica,2,0,H,Portugal,Primeira Liga,football-data.co.uk
league_bed19677a1fc3848,2019-01-02,PRIMEIRA_LIGA,2018-19,LEAGUE,,Rio Ave,Moreirense,1,2,A,Portugal,Primeira Liga,football-data.co.uk
league_4de538880f7260ac,2019-01-02,PRIMEIRA_LIGA,2018-19,LEAGUE,,Santa Clara,Tondela,1,2,A,Portugal,Primeira Liga,football-data.co.uk
league_7220b1c8cc120ae2,2019-01-02,PRIMEIRA_LIGA,2018-19,LEAGUE,,Sp Braga,Maritimo,2,0,H,Portugal,Primeira Liga,football-data.co.uk
league_bd1777358e91a54d,2019-01-03,PRIMEIRA_LIGA,2018-19,LEAGUE,,Aves,FC Porto,0,1,A,Portugal,Primeira Liga,football-data.co.uk
league_9590bd40fe3ecaa8,2019-01-03,PRIMEIRA_LIGA,2018-19,LEAGUE,,Chaves,Feirense,0,0,D,Portugal,Primeira Liga,football-data.co.uk
league_d7cf50007b57c966,2019-01-03,PRIMEIRA_LIGA,2018-19,LEAGUE,,Sporting CP,Belenenses,2,1,H,Portugal,Primeira Liga,football-data.co.uk
league_0f16dd5052612d8f,2019-01-05,PRIMEIRA_LIGA,2018-19,LEAGUE,,Maritimo,Portimonense,2,1,H,Portugal,Primeira Liga,football-data.co.uk
league_773db2ccd2299ef2,2019-01-06,PRIMEIRA_LIGA,2018-19,LEAGUE,,Belenenses,Guimaraes,1,0,H,Portugal,Primeira Liga,football-data.co.uk
league_2184d4b440c8506d,2019-01-06,PRIMEIRA_LIGA,2018-19,LEAGUE,,Benfica,Rio Ave,4,2,H,Portugal,Primeira Liga,football-data.co.uk
league_6141020a1db531d9,2019-01-06,PRIMEIRA_LIGA,2018-19,LEAGUE,,Feirense,Santa Clara,2,2,D,Portugal,Primeira Liga,football-data.co.uk
league_3d595682ea0b7c7b,2019-01-06,PRIMEIRA_LIGA,2018-19,LEAGUE,,Setubal,Chaves,0,0,D,Portugal,Primeira Liga,football-data.co.uk
league_518621122f741ccb,2019-01-06,PRIMEIRA_LIGA,2018-19,LEAGUE,,Sp Braga,Boavista,1,0,H,Portugal,Primeira Liga,football-data.co.uk
league_2e3ee7a8e070fe8a,2019-01-07,PRIMEIRA_LIGA,2018-19,LEAGUE,,FC Porto,Nacional,3,1,H,Portugal,Primeira Liga,football-data.co.uk
league_d04992469eb2ba37,2019-01-07,PRIMEIRA_LIGA,2018-19,LEAGUE,,Moreirense,Aves,1,0,H,Portugal,Primeira Liga,football-data.co.uk
league_deb74ebf1343b52c,2019-01-07,PRIMEIRA_LIGA,2018-19,LEAGUE,,Tondela,Sporting CP,2,1,H,Portugal,Primeira Liga,football-data.co.uk
league_6095166dc66cf3e0,2019-01-10,PRIMEIRA_LIGA,2018-19,LEAGUE,,Portimonense,Sp Braga,1,1,D,Portugal,Primeira Liga,football-data.co.uk
league_7cfbbf790d667aef,2019-01-11,PRIMEIRA_LIGA,2018-19,LEAGUE,,Aves,Feirense,1,1,D,Portugal,Primeira Liga,football-data.co.uk
league_de9feff2d3d51ffe,2019-01-11,PRIMEIRA_LIGA,2018-19,LEAGUE,,Guimaraes,Moreirense,1,0,H,Portugal,Primeira Liga,football-data.co.uk
league_1f26548185d44c13,2019-01-11,PRIMEIRA_LIGA,2018-19,LEAGUE,,Santa Clara,Benfica,0,2,A,Portugal,Primeira Liga,football-data.co.uk
league_da05813970f16b58,2019-01-12,PRIMEIRA_LIGA,2018-19,LEAGUE,,Boavista,Maritimo,0,1,A,Portugal,Primeira Liga,football-data.co.uk
league_2fb41f76ee9a9756,2019-01-12,PRIMEIRA_LIGA,2018-19,LEAGUE,,Sporting CP,FC Porto,0,0,D,Portugal,Primeira Liga,football-data.co.uk
league_aa09734868b1fdf0,2019-01-13,PRIMEIRA_LIGA,2018-19,LEAGUE,,Chaves,Tondela,2,1,H,Portugal,Primeira Liga,football-data.co.uk
league_d4864ea2a34dc636,2019-01-13,PRIMEIRA_LIGA,2018-19,LEAGUE,,Nacional,Belenenses,0,1,A,Portugal,Primeira Liga,football-data.co.uk
league_00a218de94844ba8,2019-01-13,PRIMEIRA_LIGA,2018-19,LEAGUE,,Rio Ave,Setubal,1,1,D,Portugal,Primeira Liga,football-data.co.uk
league_0641ce95dbc1ff96,2019-01-18,PRIMEIRA_LIGA,2018-19,LEAGUE,,Chaves,FC Porto,1,4,A,Portugal,Primeira Liga,football-data.co.uk
league_6e16fe4db356509b,2019-01-18,PRIMEIRA_LIGA,2018-19,LEAGUE,,Guimaraes,Benfica,0,1,A,Portugal,Primeira Liga,football-data.co.uk
league_988c414bc4a5b806,2019-01-18,PRIMEIRA_LIGA,2018-19,LEAGUE,,Nacional,Sp Braga,0,3,A,Portugal,Primeira Liga,football-data.co.uk
league_f8383fabfad0759f,2019-01-19,PRIMEIRA_LIGA,2018-19,LEAGUE,,Belenenses,Tondela,2,2,D,Portugal,Primeira Liga,football-data.co.uk
league_00738b20f9895288,2019-01-19,PRIMEIRA_LIGA,2018-19,LEAGUE,,Santa Clara,Maritimo,0,1,A,Portugal,Primeira Liga,football-data.co.uk
league_1d889205c88a1966,2019-01-19,PRIMEIRA_LIGA,2018-19,LEAGUE,,Sporting CP,Moreirense,2,1,H,Portugal,Primeira Liga,football-data.co.uk
league_b000ddabf460a743,2019-01-20,PRIMEIRA_LIGA,2018-19,LEAGUE,,Aves,Setubal,2,1,H,Portugal,Primeira Liga,football-data.co.uk
league_96ad83d44fd738aa,2019-01-20,PRIMEIRA_LIGA,2018-19,LEAGUE,,Boavista,Portimonense,0,2,A,Portugal,Primeira Liga,football-data.co.uk
league_12d9378fedb2fee7,2019-01-20,PRIMEIRA_LIGA,2018-19,LEAGUE,,Rio Ave,Feirense,0,0,D,Portugal,Primeira Liga,football-data.co.uk
league_08de362e198f2d8a,2019-01-28,PRIMEIRA_LIGA,2018-19,LEAGUE,,Feirense,Guimaraes,1,2,A,Portugal,Primeira Liga,football-data.co.uk
league_4c467655beccd4a2,2019-01-28,PRIMEIRA_LIGA,2018-19,LEAGUE,,Maritimo,Rio Ave,0,2,A,Portugal,Primeira Liga,football-data.co.uk
league_8a9857dc2ab22972,2019-01-28,PRIMEIRA_LIGA,2018-19,LEAGUE,,Moreirense,Nacional,2,1,H,Portugal,Primeira Liga,football-data.co.uk
league_a4e88fc8c7726c78,2019-01-28,PRIMEIRA_LIGA,2018-19,LEAGUE,,Tondela,Aves,0,2,A,Portugal,Primeira Liga,football-data.co.uk
league_38199ee0a86c5c48,2019-01-29,PRIMEIRA_LIGA,2018-19,LEAGUE,,Benfica,Boavista,5,1,H,Portugal,Primeira Liga,football-data.co.uk
league_d06f3d6df2513e42,2019-01-29,PRIMEIRA_LIGA,2018-19,LEAGUE,,Portimonense,Chaves,0,1,A,Portugal,Primeira Liga,football-data.co.uk
league_31dcc9cb133eb232,2019-01-29,PRIMEIRA_LIGA,2018-19,LEAGUE,,Sp Braga,Santa Clara,1,0,H,Portugal,Primeira Liga,football-data.co.uk
league_541c7d534a1c83f7,2019-01-30,PRIMEIRA_LIGA,2018-19,LEAGUE,,FC Porto,Belenenses,3,0,H,Portugal,Primeira Liga,football-data.co.uk
league_19cbb26ad31a20a3,2019-01-30,PRIMEIRA_LIGA,2018-19,LEAGUE,,Setubal,Sporting CP,1,1,D,Portugal,Primeira Liga,football-data.co.uk
league_cca17ae1dfd61ec9,2019-02-01,PRIMEIRA_LIGA,2018-19,LEAGUE,,Rio Ave,Tondela,2,2,D,Portugal,Primeira Liga,football-data.co.uk
league_5da2574f1f53b946,2019-02-02,PRIMEIRA_LIGA,2018-19,LEAGUE,,Aves,Sp Braga,0,2,A,Portugal,Primeira Liga,football-data.co.uk
league_c667457c1022b311,2019-02-02,PRIMEIRA_LIGA,2018-19,LEAGUE,,Boavista,Feirense,2,0,H,Portugal,Primeira Liga,football-data.co.uk
league_c687acde7b16466f,2019-02-02,PRIMEIRA_LIGA,2018-19,LEAGUE,,Chaves,Maritimo,1,0,H,Portugal,Primeira Liga,football-data.co.uk
league_5a2ca21846faeabd,2019-02-03,PRIMEIRA_LIGA,2018-19,LEAGUE,,Guimaraes,FC Porto,0,0,D,Portugal,Primeira Liga,football-data.co.uk
league_27cb7c416c275b27,2019-02-03,PRIMEIRA_LIGA,2018-19,LEAGUE,,Nacional,Setubal,0,0,D,Portugal,Primeira Liga,football-data.co.uk
league_65918231494fbc31,2019-02-03,PRIMEIRA_LIGA,2018-19,LEAGUE,,Santa Clara,Portimonense,2,1,H,Portugal,Primeira Liga,football-data.co.uk
league_edcd812e34e09301,2019-02-03,PRIMEIRA_LIGA,2018-19,LEAGUE,,Sporting CP,Benfica,2,4,A,Portugal,Primeira Liga,football-data.co.uk
league_756ac3f1d7bd297f,2019-02-04,PRIMEIRA_LIGA,2018-19,LEAGUE,,Belenenses,Moreirense,0,1,A,Portugal,Primeira Liga,football-data.co.uk
league_4f22f7d04b020319,2019-02-08,PRIMEIRA_LIGA,2018-19,LEAGUE,,Moreirense,FC Porto,1,1,D,Portugal,Primeira Liga,football-data.co.uk
league_497a6a231f3817f4,2019-02-09,PRIMEIRA_LIGA,2018-19,LEAGUE,,Maritimo,Aves,0,1,A,Portugal,Primeira Liga,football-data.co.uk
league_8ddaee2137615dce,2019-02-09,PRIMEIRA_LIGA,2018-19,LEAGUE,,Portimonense,Rio Ave,0,1,A,Portugal,Primeira Liga,football-data.co.uk
league_55fb1d88651c76b4,2019-02-09,PRIMEIRA_LIGA,2018-19,LEAGUE,,Tondela,Guimaraes,1,0,H,Portugal,Primeira Liga,football-data.co.uk
league_a26ae784a37a40d2,2019-02-10,PRIMEIRA_LIGA,2018-19,LEAGUE,,Benfica,Nacional,10,0,H,Portugal,Primeira Liga,football-data.co.uk
league_0f6f2985fd8460f5,2019-02-10,PRIMEIRA_LIGA,2018-19,LEAGUE,,Boavista,Santa Clara,1,0,H,Portugal,Primeira Liga,football-data.co.uk
league_da3df8183ae1edf5,2019-02-10,PRIMEIRA_LIGA,2018-19,LEAGUE,,Feirense,Sporting CP,1,3,A,Portugal,Primeira Liga,football-data.co.uk
league_b94eb69a1bfdf284,2019-02-10,PRIMEIRA_LIGA,2018-19,LEAGUE,,Sp Braga,Chaves,2,1,H,Portugal,Primeira Liga,football-data.co.uk
league_aa4aa587aa209b62,2019-02-11,PRIMEIRA_LIGA,2018-19,LEAGUE,,Setubal,Belenenses,0,0,D,Portugal,Primeira Liga,football-data.co.uk
league_d7e61e31a4a8ab51,2019-02-15,PRIMEIRA_LIGA,2018-19,LEAGUE,,Rio Ave,Santa Clara,1,2,A,Portugal,Primeira Liga,football-data.co.uk
league_088d9c576a416033,2019-02-16,PRIMEIRA_LIGA,2018-19,LEAGUE,,FC Porto,Setubal,2,0,H,Portugal,Primeira Liga,football-data.co.uk
league_551816cfda717158,2019-02-16,PRIMEIRA_LIGA,2018-19,LEAGUE,,Guimaraes,Portimonense,2,0,H,Portugal,Primeira Liga,football-data.co.uk
league_66e43527e67f5deb,2019-02-16,PRIMEIRA_LIGA,2018-19,LEAGUE,,Nacional,Feirense,4,0,H,Portugal,Primeira Liga,football-data.co.uk
league_e400766a466b7e38,2019-02-17,PRIMEIRA_LIGA,2018-19,LEAGUE,,Belenenses,Maritimo,0,1,A,Portugal,Primeira Liga,football-data.co.uk
league_39d190bddbcdaec7,2019-02-17,PRIMEIRA_LIGA,2018-19,LEAGUE,,Chaves,Boavista,1,1,D,Portugal,Primeira Liga,football-data.co.uk
league_5e86c9e45ae5c97f,2019-02-17,PRIMEIRA_LIGA,2018-19,LEAGUE,,Moreirense,Tondela,2,0,H,Portugal,Primeira Liga,football-data.co.uk
league_c2c76e8f4323d93d,2019-02-17,PRIMEIRA_LIGA,2018-19,LEAGUE,,Sporting CP,Sp Braga,3,0,H,Portugal,Primeira Liga,football-data.co.uk
league_bb36f2bb098df369,2019-02-18,PRIMEIRA_LIGA,2018-19,LEAGUE,,Aves,Benfica,0,3,A,Portugal,Primeira Liga,football-data.co.uk
league_4b29a50c76d791b5,2019-02-22,PRIMEIRA_LIGA,2018-19,LEAGUE,,Sp Braga,Belenenses,0,2,A,Portugal,Primeira Liga,football-data.co.uk
league_4a184be8cb9c9aaa,2019-02-22,PRIMEIRA_LIGA,2018-19,LEAGUE,,Tondela,FC Porto,0,3,A,Portugal,Primeira Liga,football-data.co.uk
league_956a19f0c00ac7df,2019-02-23,PRIMEIRA_LIGA,2018-19,LEAGUE,,Feirense,Moreirense,1,3,A,Portugal,Primeira Liga,football-data.co.uk
league_175a98649024345c,2019-02-23,PRIMEIRA_LIGA,2018-19,LEAGUE,,Portimonense,Aves,1,1,D,Portugal,Primeira Liga,football-data.co.uk
league_a4162975838c6339,2019-02-23,PRIMEIRA_LIGA,2018-19,LEAGUE,,Setubal,Guimaraes,1,1,D,Portugal,Primeira Liga,football-data.co.uk
league_39bcf36a4c35ac12,2019-02-24,PRIMEIRA_LIGA,2018-19,LEAGUE,,Boavista,Rio Ave,1,0,H,Portugal,Primeira Liga,football-data.co.uk
league_87822fd53ceb66c1,2019-02-24,PRIMEIRA_LIGA,2018-19,LEAGUE,,Santa Clara,Nacional,2,0,H,Portugal,Primeira Liga,football-data.co.uk
league_7b0746a748bc4c55,2019-02-25,PRIMEIRA_LIGA,2018-19,LEAGUE,,Benfica,Chaves,4,0,H,Portugal,Primeira Liga,football-data.co.uk
league_92c0ca5a51485dda,2019-02-25,PRIMEIRA_LIGA,2018-19,LEAGUE,,Maritimo,Sporting CP,0,0,D,Portugal,Primeira Liga,football-data.co.uk
league_68e0b1370e7d7757,2019-03-01,PRIMEIRA_LIGA,2018-19,LEAGUE,,Aves,Boavista,2,0,H,Portugal,Primeira Liga,football-data.co.uk
league_a501a7f6cc72d46a,2019-03-02,PRIMEIRA_LIGA,2018-19,LEAGUE,,FC Porto,Benfica,1,2,A,Portugal,Primeira Liga,football-data.co.uk
league_5da092ca41a5d6da,2019-03-02,PRIMEIRA_LIGA,2018-19,LEAGUE,,Moreirense,Setubal,1,1,D,Portugal,Primeira Liga,football-data.co.uk
league_ce70b9b1cff78432,2019-03-02,PRIMEIRA_LIGA,2018-19,LEAGUE,,Nacional,Tondela,3,2,H,Portugal,Primeira Liga,football-data.co.uk
league_44e5b90d41848277,2019-03-03,PRIMEIRA_LIGA,2018-19,LEAGUE,,Belenenses,Feirense,4,0,H,Portugal,Primeira Liga,football-data.co.uk
league_e4edeb02a4bccbc6,2019-03-03,PRIMEIRA_LIGA,2018-19,LEAGUE,,Chaves,Santa Clara,0,0,D,Portugal,Primeira Liga,football-data.co.uk
league_0849531d84dd41d9,2019-03-03,PRIMEIRA_LIGA,2018-19,LEAGUE,,Rio Ave,Sp Braga,1,2,A,Portugal,Primeira Liga,football-data.co.uk
league_61d29a6578c4c7a1,2019-03-03,PRIMEIRA_LIGA,2018-19,LEAGUE,,Sporting CP,Portimonense,3,1,H,Portugal,Primeira Liga,football-data.co.uk
league_8573684beedd7519,2019-03-04,PRIMEIRA_LIGA,2018-19,LEAGUE,,Guimaraes,Maritimo,1,0,H,Portugal,Primeira Liga,football-data.co.uk
league_0c1f3f4b80fd97b8,2019-03-08,PRIMEIRA_LIGA,2018-19,LEAGUE,,Chaves,Rio Ave,1,1,D,Portugal,Primeira Liga,football-data.co.uk
league_d8aec21f32d9f5fd,2019-03-09,PRIMEIRA_LIGA,2018-19,LEAGUE,,Boavista,Sporting CP,1,2,A,Portugal,Primeira Liga,football-data.co.uk
league_2f98461796b617a7,2019-03-09,PRIMEIRA_LIGA,2018-19,LEAGUE,,Maritimo,Moreirense,3,2,H,Portugal,Primeira Liga,football-data.co.uk
league_0f602300df6c27e5,2019-03-09,PRIMEIRA_LIGA,2018-19,LEAGUE,,Sp Braga,Guimaraes,1,0,H,Portugal,Primeira Liga,football-data.co.uk
league_07a37925741dc2c5,2019-03-10,PRIMEIRA_LIGA,2018-19,LEAGUE,,Feirense,FC Porto,1,2,A,Portugal,Primeira Liga,football-data.co.uk
league_2650b5893322b12b,2019-03-10,PRIMEIRA_LIGA,2018-19,LEAGUE,,Portimonense,Nacional,5,1,H,Portugal,Primeira Liga,football-data.co.uk
league_0f88c66cd43e0ea6,2019-03-10,PRIMEIRA_LIGA,2018-19,LEAGUE,,Santa Clara,Aves,0,0,D,Portugal,Primeira Liga,football-data.co.uk
league_c8bca7f2c226074d,2019-03-10,PRIMEIRA_LIGA,2018-19,LEAGUE,,Setubal,Tondela,0,0,D,Portugal,Primeira Liga,football-data.co.uk
league_797dba7e389c7df3,2019-03-11,PRIMEIRA_LIGA,2018-19,LEAGUE,,Benfica,Belenenses,2,2,D,Portugal,Primeira Liga,football-data.co.uk
league_1bddb1e3c4cec9de,2019-03-15,PRIMEIRA_LIGA,2018-19,LEAGUE,,Sporting CP,Santa Clara,1,0,H,Portugal,Primeira Liga,football-data.co.uk
league_2d5143c88759d608,2019-03-16,PRIMEIRA_LIGA,2018-19,LEAGUE,,Belenenses,Portimonense,2,2,D,Portugal,Primeira Liga,football-data.co.uk
league_e1ae62270fc832e3,2019-03-16,PRIMEIRA_LIGA,2018-19,LEAGUE,,FC Porto,Maritimo,3,0,H,Portugal,Primeira Liga,football-data.co.uk
league_7aa38a300fc2c07b,2019-03-16,PRIMEIRA_LIGA,2018-19,LEAGUE,,Guimaraes,Boavista,3,1,H,Portugal,Primeira Liga,football-data.co.uk
league_39b10d2d026c8f65,2019-03-16,PRIMEIRA_LIGA,2018-19,LEAGUE,,Setubal,Sp Braga,0,1,A,Portugal,Primeira Liga,football-data.co.uk
league_717fbab10daa665c,2019-03-17,PRIMEIRA_LIGA,2018-19,LEAGUE,,Aves,Chaves,0,1,A,Portugal,Primeira Liga,football-data.co.uk
league_66c78b7e3fd4fa69,2019-03-17,PRIMEIRA_LIGA,2018-19,LEAGUE,,Moreirense,Benfica,0,4,A,Portugal,Primeira Liga,football-data.co.uk
league_a86978b214e03477,2019-03-17,PRIMEIRA_LIGA,2018-19,LEAGUE,,Nacional,Rio Ave,0,1,A,Portugal,Primeira Liga,football-data.co.uk
league_13a8aaf8f914adbf,2019-03-17,PRIMEIRA_LIGA,2018-19,LEAGUE,,Tondela,Feirense,1,1,D,Portugal,Primeira Liga,football-data.co.uk
league_89ecf6af46dd570d,2019-03-29,PRIMEIRA_LIGA,2018-19,LEAGUE,,Portimonense,Moreirense,0,2,A,Portugal,Primeira Liga,football-data.co.uk
league_ae62f0a48b464a89,2019-03-30,PRIMEIRA_LIGA,2018-19,LEAGUE,,Benfica,Tondela,1,0,H,Portugal,Primeira Liga,football-data.co.uk
league_217f65da63aab814,2019-03-30,PRIMEIRA_LIGA,2018-19,LEAGUE,,Chaves,Sporting CP,1,3,A,Portugal,Primeira Liga,football-data.co.uk
league_a89ac902860413c0,2019-03-30,PRIMEIRA_LIGA,2018-19,LEAGUE,,Santa Clara,Guimaraes,1,0,H,Portugal,Primeira Liga,football-data.co.uk
league_4516835fc6a9fe58,2019-03-30,PRIMEIRA_LIGA,2018-19,LEAGUE,,Sp Braga,FC Porto,2,3,A,Portugal,Primeira Liga,football-data.co.uk
league_f15ac7f610757513,2019-03-31,PRIMEIRA_LIGA,2018-19,LEAGUE,,Boavista,Belenenses,2,0,H,Portugal,Primeira Liga,football-data.co.uk
league_a7c961150ff0fc0b,2019-03-31,PRIMEIRA_LIGA,2018-19,LEAGUE,,Maritimo,Nacional,3,2,H,Portugal,Primeira Liga,football-data.co.uk
league_8e5fc32e6bb77856,2019-03-31,PRIMEIRA_LIGA,2018-19,LEAGUE,,Rio Ave,Aves,0,2,A,Portugal,Primeira Liga,football-data.co.uk
league_a19a073d6b31b6c0,2019-04-01,PRIMEIRA_LIGA,2018-19,LEAGUE,,Feirense,Setubal,0,1,A,Portugal,Primeira Liga,football-data.co.uk
league_17ca198500490bb0,2019-04-05,PRIMEIRA_LIGA,2018-19,LEAGUE,,FC Porto,Boavista,2,0,H,Portugal,Primeira Liga,football-data.co.uk
league_fe11d120cd119d0e,2019-04-06,PRIMEIRA_LIGA,2018-19,LEAGUE,,Belenenses,Santa Clara,1,1,D,Portugal,Primeira Liga,football-data.co.uk
league_9c192efcfa6c5f3e,2019-04-06,PRIMEIRA_LIGA,2018-19,LEAGUE,,Guimaraes,Chaves,4,0,H,Portugal,Primeira Liga,football-data.co.uk
league_203a58f77274f91a,2019-04-06,PRIMEIRA_LIGA,2018-19,LEAGUE,,Moreirense,Sp Braga,1,0,H,Portugal,Primeira Liga,football-data.co.uk
league_445f4fd5f50fffa2,2019-04-06,PRIMEIRA_LIGA,2018-19,LEAGUE,,Nacional,Aves,0,0,D,Portugal,Primeira Liga,football-data.co.uk
league_30e257f640598487,2019-04-07,PRIMEIRA_LIGA,2018-19,LEAGUE,,Feirense,Benfica,1,4,A,Portugal,Primeira Liga,football-data.co.uk
league_7cb4e0a429a81d9a,2019-04-07,PRIMEIRA_LIGA,2018-19,LEAGUE,,Setubal,Maritimo,1,0,H,Portugal,Primeira Liga,football-data.co.uk
league_31f8f11b6a017aaa,2019-04-07,PRIMEIRA_LIGA,2018-19,LEAGUE,,Sporting CP,Rio Ave,3,0,H,Portugal,Primeira Liga,football-data.co.uk
league_6e36ba6ae249003d,2019-04-08,PRIMEIRA_LIGA,2018-19,LEAGUE,,Tondela,Portimonense,3,2,H,Portugal,Primeira Liga,football-data.co.uk
league_3e19fbacb4ac9f21,2019-04-12,PRIMEIRA_LIGA,2018-19,LEAGUE,,Chaves,Belenenses,2,2,D,Portugal,Primeira Liga,football-data.co.uk
league_544ac1741fb2baf2,2019-04-13,PRIMEIRA_LIGA,2018-19,LEAGUE,,Aves,Sporting CP,1,3,A,Portugal,Primeira Liga,football-data.co.uk
league_0c6301739299436f,2019-04-13,PRIMEIRA_LIGA,2018-19,LEAGUE,,Portimonense,FC Porto,0,3,A,Portugal,Primeira Liga,football-data.co.uk
league_6c5cc6c80306a5ab,2019-04-13,PRIMEIRA_LIGA,2018-19,LEAGUE,,Santa Clara,Moreirense,1,1,D,Portugal,Primeira Liga,football-data.co.uk
league_f03f9c249b582898,2019-04-14,PRIMEIRA_LIGA,2018-19,LEAGUE,,Benfica,Setubal,4,2,H,Portugal,Primeira Liga,football-data.co.uk
league_3da060f7556faef6,2019-04-14,PRIMEIRA_LIGA,2018-19,LEAGUE,,Boavista,Nacional,1,0,H,Portugal,Primeira Liga,football-data.co.uk
league_7e1f7aba4f29ff5d,2019-04-14,PRIMEIRA_LIGA,2018-19,LEAGUE,,Maritimo,Feirense,2,0,H,Portugal,Primeira Liga,football-data.co.uk
league_8b356284773f60f6,2019-04-14,PRIMEIRA_LIGA,2018-19,LEAGUE,,Rio Ave,Guimaraes,2,1,H,Portugal,Primeira Liga,football-data.co.uk
league_7fe069c4aff676ae,2019-04-14,PRIMEIRA_LIGA,2018-19,LEAGUE,,Sp Braga,Tondela,3,0,H,Portugal,Primeira Liga,football-data.co.uk
league_87cf20f1c491131d,2019-04-19,PRIMEIRA_LIGA,2018-19,LEAGUE,,Guimaraes,Aves,0,2,A,Portugal,Primeira Liga,football-data.co.uk
league_1be83c6855b74f1c,2019-04-19,PRIMEIRA_LIGA,2018-19,LEAGUE,,Nacional,Sporting CP,0,1,A,Portugal,Primeira Liga,football-data.co.uk
league_ab72bd6ef09cd408,2019-04-19,PRIMEIRA_LIGA,2018-19,LEAGUE,,Setubal,Portimonense,1,1,D,Portugal,Primeira Liga,football-data.co.uk
league_0496726fa7079906,2019-04-19,PRIMEIRA_LIGA,2018-19,LEAGUE,,Tondela,Boavista,1,0,H,Portugal,Primeira Liga,football-data.co.uk
league_77c9ebfdd79572a1,2019-04-20,PRIMEIRA_LIGA,2018-19,LEAGUE,,Belenenses,Rio Ave,1,3,A,Portugal,Primeira Liga,football-data.co.uk
league_88596b0c48ac3b87,2019-04-20,PRIMEIRA_LIGA,2018-19,LEAGUE,,FC Porto,Santa Clara,1,0,H,Portugal,Primeira Liga,football-data.co.uk
league_408d8afbb3fff360,2019-04-20,PRIMEIRA_LIGA,2018-19,LEAGUE,,Feirense,Sp Braga,0,2,A,Portugal,Primeira Liga,football-data.co.uk
league_0113f28188c18663,2019-04-20,PRIMEIRA_LIGA,2018-19,LEAGUE,,Moreirense,Chaves,0,1,A,Portugal,Primeira Liga,football-data.co.uk
league_7c5ed14ff3d3851a,2019-04-22,PRIMEIRA_LIGA,2018-19,LEAGUE,,Benfica,Maritimo,6,0,H,Portugal,Primeira Liga,football-data.co.uk
league_dd223e4688793fa2,2019-04-26,PRIMEIRA_LIGA,2018-19,LEAGUE,,Rio Ave,FC Porto,2,2,D,Portugal,Primeira Liga,football-data.co.uk
league_dd5e5b8b2efa700c,2019-04-27,PRIMEIRA_LIGA,2018-19,LEAGUE,,Aves,Belenenses,3,0,H,Portugal,Primeira Liga,football-data.co.uk
league_1f1577e49fc9358d,2019-04-27,PRIMEIRA_LIGA,2018-19,LEAGUE,,Portimonense,Feirense,1,0,H,Portugal,Primeira Liga,football-data.co.uk
league_5edae49a6f2acde8,2019-04-27,PRIMEIRA_LIGA,2018-19,LEAGUE,,Santa Clara,Setubal,0,0,D,Portugal,Primeira Liga,football-data.co.uk
league_b3838109f5336655,2019-04-27,PRIMEIRA_LIGA,2018-19,LEAGUE,,Sporting CP,Guimaraes,2,0,H,Portugal,Primeira Liga,football-data.co.uk
league_8f222c44e9eb2680,2019-04-28,PRIMEIRA_LIGA,2018-19,LEAGUE,,Boavista,Moreirense,3,1,H,Portugal,Primeira Liga,football-data.co.uk
league_7ec9ad724ae01a42,2019-04-28,PRIMEIRA_LIGA,2018-19,LEAGUE,,Chaves,Nacional,4,1,H,Portugal,Primeira Liga,football-data.co.uk
league_1ed79e8b2df68a3b,2019-04-28,PRIMEIRA_LIGA,2018-19,LEAGUE,,Maritimo,Tondela,2,0,H,Portugal,Primeira Liga,football-data.co.uk
league_836e95ce39229f4b,2019-04-28,PRIMEIRA_LIGA,2018-19,LEAGUE,,Sp Braga,Benfica,1,4,A,Portugal,Primeira Liga,football-data.co.uk
league_0d5ea277319b0224,2019-05-03,PRIMEIRA_LIGA,2018-19,LEAGUE,,Moreirense,Rio Ave,1,2,A,Portugal,Primeira Liga,football-data.co.uk
league_3cf76418047993b6,2019-05-04,PRIMEIRA_LIGA,2018-19,LEAGUE,,Benfica,Portimonense,5,1,H,Portugal,Primeira Liga,football-data.co.uk
league_76db32360bd1c018,2019-05-04,PRIMEIRA_LIGA,2018-19,LEAGUE,,FC Porto,Aves,4,0,H,Portugal,Primeira Liga,football-data.co.uk
league_563cfafe117841aa,2019-05-04,PRIMEIRA_LIGA,2018-19,LEAGUE,,Feirense,Chaves,4,4,D,Portugal,Primeira Liga,football-data.co.uk
league_d048fd7ccfedc099,2019-05-04,PRIMEIRA_LIGA,2018-19,LEAGUE,,Maritimo,Sp Braga,1,0,H,Portugal,Primeira Liga,football-data.co.uk
league_e6e3417aa38bb090,2019-05-05,PRIMEIRA_LIGA,2018-19,LEAGUE,,Belenenses,Sporting CP,1,8,A,Portugal,Primeira Liga,football-data.co.uk
league_da2120541b3e6ffb,2019-05-05,PRIMEIRA_LIGA,2018-19,LEAGUE,,Guimaraes,Nacional,2,2,D,Portugal,Primeira Liga,football-data.co.uk
league_f1be4192d618ef12,2019-05-05,PRIMEIRA_LIGA,2018-19,LEAGUE,,Tondela,Santa Clara,1,3,A,Portugal,Primeira Liga,football-data.co.uk
league_414aafa22d0dfc2a,2019-05-06,PRIMEIRA_LIGA,2018-19,LEAGUE,,Setubal,Boavista,0,3,A,Portugal,Primeira Liga,football-data.co.uk
league_202e2ac8d8c39ccd,2019-05-10,PRIMEIRA_LIGA,2018-19,LEAGUE,,Aves,Moreirense,0,1,A,Portugal,Primeira Liga,football-data.co.uk
league_15e214bc300c9742,2019-05-11,PRIMEIRA_LIGA,2018-19,LEAGUE,,Boavista,Sp Braga,4,2,H,Portugal,Primeira Liga,football-data.co.uk
league_b7bf46f5570fcdf4,2019-05-11,PRIMEIRA_LIGA,2018-19,LEAGUE,,Portimonense,Maritimo,3,2,H,Portugal,Primeira Liga,football-data.co.uk
league_f65a4608d6734a21,2019-05-11,PRIMEIRA_LIGA,2018-19,LEAGUE,,Santa Clara,Feirense,4,4,D,Portugal,Primeira Liga,football-data.co.uk
league_3aa082bfcc3c784c,2019-05-11,PRIMEIRA_LIGA,2018-19,LEAGUE,,Sporting CP,Tondela,1,1,D,Portugal,Primeira Liga,football-data.co.uk
league_e830786cb079dc92,2019-05-12,PRIMEIRA_LIGA,2018-19,LEAGUE,,Chaves,Setubal,1,2,A,Portugal,Primeira Liga,football-data.co.uk
league_6ec56e651a7f664a,2019-05-12,PRIMEIRA_LIGA,2018-19,LEAGUE,,Guimaraes,Belenenses,5,1,H,Portugal,Primeira Liga,football-data.co.uk
league_32a263359100fed5,2019-05-12,PRIMEIRA_LIGA,2018-19,LEAGUE,,Nacional,FC Porto,0,4,A,Portugal,Primeira Liga,football-data.co.uk
league_816397d1e4f4a21e,2019-05-12,PRIMEIRA_LIGA,2018-19,LEAGUE,,Rio Ave,Benfica,2,3,A,Portugal,Primeira Liga,football-data.co.uk
league_d771312063f9d118,2019-05-16,PRIMEIRA_LIGA,2018-19,LEAGUE,,Belenenses,Nacional,3,0,H,Portugal,Primeira Liga,football-data.co.uk
league_e9149337736ae77e,2019-05-17,PRIMEIRA_LIGA,2018-19,LEAGUE,,Sp Braga,Portimonense,2,0,H,Portugal,Primeira Liga,football-data.co.uk
league_12a20904bfab2fcb,2019-05-18,PRIMEIRA_LIGA,2018-19,LEAGUE,,Benfica,Santa Clara,4,1,H,Portugal,Primeira Liga,football-data.co.uk
league_8a939bc3d616e0e9,2019-05-18,PRIMEIRA_LIGA,2018-19,LEAGUE,,FC Porto,Sporting CP,2,1,H,Portugal,Primeira Liga,football-data.co.uk
league_e729d53ca5027c8b,2019-05-18,PRIMEIRA_LIGA,2018-19,LEAGUE,,Feirense,Aves,2,1,H,Portugal,Primeira Liga,football-data.co.uk
league_797a225c8663b40e,2019-05-18,PRIMEIRA_LIGA,2018-19,LEAGUE,,Maritimo,Boavista,0,1,A,Portugal,Primeira Liga,football-data.co.uk
league_d945227d2becf4d9,2019-05-18,PRIMEIRA_LIGA,2018-19,LEAGUE,,Setubal,Rio Ave,1,3,A,Portugal,Primeira Liga,football-data.co.uk
league_9bc40a53aea079db,2019-05-19,PRIMEIRA_LIGA,2018-19,LEAGUE,,Moreirense,Guimaraes,1,3,A,Portugal,Primeira Liga,football-data.co.uk
league_80892b8c23f1148a,2019-05-19,PRIMEIRA_LIGA,2018-19,LEAGUE,,Tondela,Chaves,5,2,H,Portugal,Primeira Liga,football-data.co.uk
league_d7afe82fb12f6e7b,2019-08-09,PRIMEIRA_LIGA,2019-20,LEAGUE,,Portimonense,Belenenses,0,0,D,Portugal,Primeira Liga,football-data.co.uk
league_ee42091764c0afe2,2019-08-10,PRIMEIRA_LIGA,2019-20,LEAGUE,,Benfica,Pacos Ferreira,5,0,H,Portugal,Primeira Liga,football-data.co.uk
league_edf88e41edf876dc,2019-08-10,PRIMEIRA_LIGA,2019-20,LEAGUE,,Gil Vicente,FC Porto,2,1,H,Portugal,Primeira Liga,football-data.co.uk
league_9b095719d852f6f9,2019-08-10,PRIMEIRA_LIGA,2019-20,LEAGUE,,Santa Clara,Famalicao,0,2,A,Portugal,Primeira Liga,football-data.co.uk
league_f34df36dd2fc1f7d,2019-08-11,PRIMEIRA_LIGA,2019-20,LEAGUE,,Boavista,Aves,2,1,H,Portugal,Primeira Liga,football-data.co.uk
league_286979f92c8c7743,2019-08-11,PRIMEIRA_LIGA,2019-20,LEAGUE,,Maritimo,Sporting CP,1,1,D,Portugal,Primeira Liga,football-data.co.uk
league_537afde6692f981c,2019-08-11,PRIMEIRA_LIGA,2019-20,LEAGUE,,Sp Braga,Moreirense,3,1,H,Portugal,Primeira Liga,football-data.co.uk
league_fd1a43668a078d2d,2019-08-12,PRIMEIRA_LIGA,2019-20,LEAGUE,,Setubal,Tondela,0,0,D,Portugal,Primeira Liga,football-data.co.uk
league_09fecbf67ed891fe,2019-08-16,PRIMEIRA_LIGA,2019-20,LEAGUE,,Famalicao,Rio Ave,1,0,H,Portugal,Primeira Liga,football-data.co.uk
league_3e5cc14e55fc959c,2019-08-17,PRIMEIRA_LIGA,2019-20,LEAGUE,,Belenenses,Benfica,0,2,A,Portugal,Primeira Liga,football-data.co.uk
league_b9f1402975915a03,2019-08-17,PRIMEIRA_LIGA,2019-20,LEAGUE,,FC Porto,Setubal,4,0,H,Portugal,Primeira Liga,football-data.co.uk
league_ea15d914188139ff,2019-08-17,PRIMEIRA_LIGA,2019-20,LEAGUE,,Moreirense,Gil Vicente,3,0,H,Portugal,Primeira Liga,football-data.co.uk
league_c069c85e68008c91,2019-08-18,PRIMEIRA_LIGA,2019-20,LEAGUE,,Aves,Maritimo,3,1,H,Portugal,Primeira Liga,football-data.co.uk
league_84c38de07ee35fa9,2019-08-18,PRIMEIRA_LIGA,2019-20,LEAGUE,,Guimaraes,Boavista,1,1,D,Portugal,Primeira Liga,football-data.co.uk
league_6c0be0e207c7e91e,2019-08-18,PRIMEIRA_LIGA,2019-20,LEAGUE,,Pacos Ferreira,Santa Clara,0,1,A,Portugal,Primeira Liga,football-data.co.uk
league_36931b32f34e1c83,2019-08-18,PRIMEIRA_LIGA,2019-20,LEAGUE,,Sporting CP,Sp Braga,2,1,H,Portugal,Primeira Liga,football-data.co.uk
league_a883c0d6710155d3,2019-08-19,PRIMEIRA_LIGA,2019-20,LEAGUE,,Tondela,Portimonense,1,2,A,Portugal,Primeira Liga,football-data.co.uk
league_1bab600a0935c77b,2019-08-23,PRIMEIRA_LIGA,2019-20,LEAGUE,,Rio Ave,Aves,5,1,H,Portugal,Primeira Liga,football-data.co.uk
league_dc481e75754475ff,2019-08-23,PRIMEIRA_LIGA,2019-20,LEAGUE,,Setubal,Moreirense,0,0,D,Portugal,Primeira Liga,football-data.co.uk
league_c907ec5ca73d6cfe,2019-08-24,PRIMEIRA_LIGA,2019-20,LEAGUE,,Benfica,FC Porto,0,2,A,Portugal,Primeira Liga,football-data.co.uk
league_d94930b41f47b8c8,2019-08-24,PRIMEIRA_LIGA,2019-20,LEAGUE,,Boavista,Pacos Ferreira,1,1,D,Portugal,Primeira Liga,football-data.co.uk
league_812a29a4cfd6d577,2019-08-25,PRIMEIRA_LIGA,2019-20,LEAGUE,,Gil Vicente,Sp Braga,1,1,D,Portugal,Primeira Liga,football-data.co.uk
league_3a3479b317d1eb84,2019-08-25,PRIMEIRA_LIGA,2019-20,LEAGUE,,Guimaraes,Famalicao,1,1,D,Portugal,Primeira Liga,football-data.co.uk
league_540d3fa595cc6514,2019-08-25,PRIMEIRA_LIGA,2019-20,LEAGUE,,Maritimo,Tondela,2,3,A,Portugal,Primeira Liga,football-data.co.uk
league_d00caaccfd1e0589,2019-08-25,PRIMEIRA_LIGA,2019-20,LEAGUE,,Portimonense,Sporting CP,1,3,A,Portugal,Primeira Liga,football-data.co.uk
league_f44b2b08dc3191d1,2019-08-25,PRIMEIRA_LIGA,2019-20,LEAGUE,,Santa Clara,Belenenses,0,0,D,Portugal,Primeira Liga,football-data.co.uk
league_a409b9fd11577f3a,2019-08-30,PRIMEIRA_LIGA,2019-20,LEAGUE,,Belenenses,Boavista,0,1,A,Portugal,Primeira Liga,football-data.co.uk
league_3ece24b1ff77d003,2019-08-30,PRIMEIRA_LIGA,2019-20,LEAGUE,,Moreirense,Portimonense,1,0,H,Portugal,Primeira Liga,football-data.co.uk
league_30b68309010ed5c0,2019-08-31,PRIMEIRA_LIGA,2019-20,LEAGUE,,Aves,Famalicao,2,3,A,Portugal,Primeira Liga,football-data.co.uk
league_71de91cf6614c4f6,2019-08-31,PRIMEIRA_LIGA,2019-20,LEAGUE,,Gil Vicente,Setubal,0,0,D,Portugal,Primeira Liga,football-data.co.uk
league_9d4995ffc13ac01b,2019-08-31,PRIMEIRA_LIGA,2019-20,LEAGUE,,Pacos Ferreira,Maritimo,0,1,A,Portugal,Primeira Liga,football-data.co.uk
league_205074d72edc0be9,2019-08-31,PRIMEIRA_LIGA,2019-20,LEAGUE,,Sporting CP,Rio Ave,2,3,A,Portugal,Primeira Liga,football-data.co.uk
league_8426221fbe18b60f,2019-09-01,PRIMEIRA_LIGA,2019-20,LEAGUE,,FC Porto,Guimaraes,3,0,H,Portugal,Primeira Liga,football-data.co.uk
league_47fed02df23af80d,2019-09-01,PRIMEIRA_LIGA,2019-20,LEAGUE,,Sp Braga,Benfica,0,4,A,Portugal,Primeira Liga,football-data.co.uk
league_190c479fcf23814a,2019-09-01,PRIMEIRA_LIGA,2019-20,LEAGUE,,Tondela,Santa Clara,0,0,D,Portugal,Primeira Liga,football-data.co.uk
league_4febfab0f9d704cd,2019-09-08,PRIMEIRA_LIGA,2019-20,LEAGUE,,Rio Ave,Guimaraes,1,1,D,Portugal,Primeira Liga,football-data.co.uk
league_94822c35e3cb5270,2019-09-13,PRIMEIRA_LIGA,2019-20,LEAGUE,,Setubal,Sp Braga,1,0,H,Portugal,Primeira Liga,football-data.co.uk
league_b9e34b15d52cedaa,2019-09-14,PRIMEIRA_LIGA,2019-20,LEAGUE,,Benfica,Gil Vicente,2,0,H,Portugal,Primeira Liga,football-data.co.uk
league_037d2f61a56f78c2,2019-09-14,PRIMEIRA_LIGA,2019-20,LEAGUE,,Famalicao,Pacos Ferreira,4,2,H,Portugal,Primeira Liga,football-data.co.uk
league_0bdfbbe030271883,2019-09-14,PRIMEIRA_LIGA,2019-20,LEAGUE,,Guimaraes,Aves,5,1,H,Portugal,Primeira Liga,football-data.co.uk
league_3a4aceb392f55616,2019-09-15,PRIMEIRA_LIGA,2019-20,LEAGUE,,Boavista,Sporting CP,1,1,D,Portugal,Primeira Liga,football-data.co.uk
league_fac807825762baa9,2019-09-15,PRIMEIRA_LIGA,2019-20,LEAGUE,,Maritimo,Belenenses,1,3,A,Portugal,Primeira Liga,football-data.co.uk
league_4069726b8ca7502d,2019-09-15,PRIMEIRA_LIGA,2019-20,LEAGUE,,Portimonense,FC Porto,2,3,A,Portugal,Primeira Liga,football-data.co.uk
league_8502fd806b1afbc6,2019-09-15,PRIMEIRA_LIGA,2019-20,LEAGUE,,Rio Ave,Tondela,2,4,A,Portugal,Primeira Liga,football-data.co.uk
league_635bffebbff105ce,2019-09-15,PRIMEIRA_LIGA,2019-20,LEAGUE,,Santa Clara,Moreirense,2,0,H,Portugal,Primeira Liga,football-data.co.uk
league_9b9821603f0c80d9,2019-09-20,PRIMEIRA_LIGA,2019-20,LEAGUE,,Pacos Ferreira,Aves,2,1,H,Portugal,Primeira Liga,football-data.co.uk
league_c5f51d2d7cd4a190,2019-09-21,PRIMEIRA_LIGA,2019-20,LEAGUE,,Belenenses,Rio Ave,0,2,A,Portugal,Primeira Liga,football-data.co.uk
league_d04829ceef7a68dd,2019-09-21,PRIMEIRA_LIGA,2019-20,LEAGUE,,Moreirense,Benfica,1,2,A,Portugal,Primeira Liga,football-data.co.uk
league_a5201ff55b67b53a,2019-09-22,PRIMEIRA_LIGA,2019-20,LEAGUE,,FC Porto,Santa Clara,2,0,H,Portugal,Primeira Liga,football-data.co.uk
league_e59c90aae9936a1e,2019-09-22,PRIMEIRA_LIGA,2019-20,LEAGUE,,Gil Vicente,Boavista,0,0,D,Portugal,Primeira Liga,football-data.co.uk
league_7a8d47ffff138571,2019-09-22,PRIMEIRA_LIGA,2019-20,LEAGUE,,Setubal,Portimonense,0,0,D,Portugal,Primeira Liga,football-data.co.uk
league_bda033b6b7a25a64,2019-09-22,PRIMEIRA_LIGA,2019-20,LEAGUE,,Tondela,Guimaraes,1,3,A,Portugal,Primeira Liga,football-data.co.uk
league_7c2e17e2524b472f,2019-09-23,PRIMEIRA_LIGA,2019-20,LEAGUE,,Sp Braga,Maritimo,2,2,D,Portugal,Primeira Liga,football-data.co.uk
league_313483e417e28cf1,2019-09-23,PRIMEIRA_LIGA,2019-20,LEAGUE,,Sporting CP,Famalicao,1,2,A,Portugal,Primeira Liga,football-data.co.uk
league_d6006ad8ce89a013,2019-09-27,PRIMEIRA_LIGA,2019-20,LEAGUE,,Boavista,Tondela,0,0,D,Portugal,Primeira Liga,football-data.co.uk
league_e0574681be43ed65,2019-09-28,PRIMEIRA_LIGA,2019-20,LEAGUE,,Benfica,Setubal,1,0,H,Portugal,Primeira Liga,football-data.co.uk
league_bbc3ff8e9c4f016e,2019-09-28,PRIMEIRA_LIGA,2019-20,LEAGUE,,Famalicao,Belenenses,3,1,H,Portugal,Primeira Liga,football-data.co.uk
league_b193062d2c2ed2ef,2019-09-28,PRIMEIRA_LIGA,2019-20,LEAGUE,,Maritimo,Moreirense,2,1,H,Portugal,Primeira Liga,football-data.co.uk
league_1835e6a9cb242bcd,2019-09-29,PRIMEIRA_LIGA,2019-20,LEAGUE,,Guimaraes,Pacos Ferreira,1,0,H,Portugal,Primeira Liga,football-data.co.uk
league_c92ff783e485ff01,2019-09-29,PRIMEIRA_LIGA,2019-20,LEAGUE,,Portimonense,Sp Braga,0,1,A,Portugal,Primeira Liga,football-data.co.uk
league_4486d8e08e9b1933,2019-09-29,PRIMEIRA_LIGA,2019-20,LEAGUE,,Rio Ave,FC Porto,0,1,A,Portugal,Primeira Liga,football-data.co.uk
league_598fd2711daf3e34,2019-09-29,PRIMEIRA_LIGA,2019-20,LEAGUE,,Santa Clara,Gil Vicente,1,0,H,Portugal,Primeira Liga,football-data.co.uk
league_13dc5fdb94372944,2019-09-30,PRIMEIRA_LIGA,2019-20,LEAGUE,,Aves,Sporting CP,0,1,A,Portugal,Primeira Liga,football-data.co.uk
league_ce802c0ed7dcd1d6,2019-10-05,PRIMEIRA_LIGA,2019-20,LEAGUE,,Aves,Tondela,0,1,A,Portugal,Primeira Liga,football-data.co.uk
league_8740945f54d93216,2019-10-25,PRIMEIRA_LIGA,2019-20,LEAGUE,,Pacos Ferreira,Rio Ave,0,0,D,Portugal,Primeira Liga,football-data.co.uk
league_ecee59341276c2d3,2019-10-26,PRIMEIRA_LIGA,2019-20,LEAGUE,,Belenenses,Aves,3,2,H,Portugal,Primeira Liga,football-data.co.uk
league_a7e92a89804135fe,2019-10-26,PRIMEIRA_LIGA,2019-20,LEAGUE,,Gil Vicente,Portimonense,1,1,D,Portugal,Primeira Liga,football-data.co.uk
league_fe6591baa6515f78,2019-10-26,PRIMEIRA_LIGA,2019-20,LEAGUE,,Moreirense,Boavista,1,1,D,Portugal,Primeira Liga,football-data.co.uk
league_9378990501a38844,2019-10-26,PRIMEIRA_LIGA,2019-20,LEAGUE,,Setubal,Maritimo,0,0,D,Portugal,Primeira Liga,football-data.co.uk
league_5ea0d329400f72d4,2019-10-27,PRIMEIRA_LIGA,2019-20,LEAGUE,,FC Porto,Famalicao,3,0,H,Portugal,Primeira Liga,football-data.co.uk
league_11d2756fba974f18,2019-10-27,PRIMEIRA_LIGA,2019-20,LEAGUE,,Sporting CP,Guimaraes,3,1,H,Portugal,Primeira Liga,football-data.co.uk
league_e69bc4d71bdebf25,2019-10-27,PRIMEIRA_LIGA,2019-20,LEAGUE,,Tondela,Benfica,0,1,A,Portugal,Primeira Liga,football-data.co.uk
league_da276d5d53cbeee9,2019-10-28,PRIMEIRA_LIGA,2019-20,LEAGUE,,Sp Braga,Santa Clara,2,0,H,Portugal,Primeira Liga,football-data.co.uk
league_d441c65d65fbcc02,2019-10-30,PRIMEIRA_LIGA,2019-20,LEAGUE,,Benfica,Portimonense,4,0,H,Portugal,Primeira Liga,football-data.co.uk
league_c54d02f91f1cecd3,2019-10-30,PRIMEIRA_LIGA,2019-20,LEAGUE,,Famalicao,Gil Vicente,2,1,H,Portugal,Primeira Liga,football-data.co.uk
league_c1b919f34074a4a7,2019-10-30,PRIMEIRA_LIGA,2019-20,LEAGUE,,Guimaraes,Belenenses,5,0,H,Portugal,Primeira Liga,football-data.co.uk
league_903b281e921485a2,2019-10-30,PRIMEIRA_LIGA,2019-20,LEAGUE,,Maritimo,FC Porto,1,1,D,Portugal,Primeira Liga,football-data.co.uk
league_f95f92fbd20832ff,2019-10-30,PRIMEIRA_LIGA,2019-20,LEAGUE,,Rio Ave,Moreirense,1,1,D,Portugal,Primeira Liga,football-data.co.uk
league_1842dca97c4fe9cf,2019-10-31,PRIMEIRA_LIGA,2019-20,LEAGUE,,Boavista,Sp Braga,2,0,H,Portugal,Primeira Liga,football-data.co.uk
league_0d44301790dc319a,2019-10-31,PRIMEIRA_LIGA,2019-20,LEAGUE,,Pacos Ferreira,Sporting CP,1,2,A,Portugal,Primeira Liga,football-data.co.uk
league_e191979faa77af0d,2019-10-31,PRIMEIRA_LIGA,2019-20,LEAGUE,,Santa Clara,Setubal,1,1,D,Portugal,Primeira Liga,football-data.co.uk
league_ba6b7f21a77403ef,2019-11-02,PRIMEIRA_LIGA,2019-20,LEAGUE,,Benfica,Rio Ave,2,0,H,Portugal,Primeira Liga,football-data.co.uk
league_30234501278f456e,2019-11-02,PRIMEIRA_LIGA,2019-20,LEAGUE,,Moreirense,Guimaraes,1,1,D,Portugal,Primeira Liga,football-data.co.uk
league_0c615c7112f3ef3a,2019-11-03,PRIMEIRA_LIGA,2019-20,LEAGUE,,FC Porto,Aves,1,0,H,Portugal,Primeira Liga,football-data.co.uk
league_16708b223d235abe,2019-11-03,PRIMEIRA_LIGA,2019-20,LEAGUE,,Gil Vicente,Maritimo,2,0,H,Portugal,Primeira Liga,football-data.co.uk
league_3ac705ea2e551e55,2019-11-03,PRIMEIRA_LIGA,2019-20,LEAGUE,,Sp Braga,Famalicao,2,2,D,Portugal,Primeira Liga,football-data.co.uk
league_4d85c90529c525d1,2019-11-03,PRIMEIRA_LIGA,2019-20,LEAGUE,,Tondela,Sporting CP,1,0,H,Portugal,Primeira Liga,football-data.co.uk
league_0df2f76d2916156c,2019-11-04,PRIMEIRA_LIGA,2019-20,LEAGUE,,Belenenses,Pacos Ferreira,1,0,H,Portugal,Primeira Liga,football-data.co.uk
league_2af75abe8e491db9,2019-11-04,PRIMEIRA_LIGA,2019-20,LEAGUE,,Portimonense,Santa Clara,1,1,D,Portugal,Primeira Liga,football-data.co.uk
league_1c9a54a38dcba05d,2019-11-04,PRIMEIRA_LIGA,2019-20,LEAGUE,,Setubal,Boavista,1,0,H,Portugal,Primeira Liga,football-data.co.uk
league_8acea4be7e538bfa,2019-11-08,PRIMEIRA_LIGA,2019-20,LEAGUE,,Aves,Gil Vicente,1,2,A,Portugal,Primeira Liga,football-data.co.uk
league_5c11d0a5c5f75b26,2019-11-09,PRIMEIRA_LIGA,2019-20,LEAGUE,,Famalicao,Moreirense,3,3,D,Portugal,Primeira Liga,football-data.co.uk
league_22cc0c5fba8f1e75,2019-11-09,PRIMEIRA_LIGA,2019-20,LEAGUE,,Rio Ave,Setubal,1,0,H,Portugal,Primeira Liga,football-data.co.uk
league_b2dfbc2700e44c6c,2019-11-09,PRIMEIRA_LIGA,2019-20,LEAGUE,,Santa Clara,Benfica,1,2,A,Portugal,Primeira Liga,football-data.co.uk
league_a02f343149e92bcc,2019-11-10,PRIMEIRA_LIGA,2019-20,LEAGUE,,Boavista,FC Porto,0,1,A,Portugal,Primeira Liga,football-data.co.uk
league_e470a21c00c0e9cd,2019-11-10,PRIMEIRA_LIGA,2019-20,LEAGUE,,Guimaraes,Sp Braga,0,2,A,Portugal,Primeira Liga,football-data.co.uk
league_d14e9e1241ee4383,2019-11-10,PRIMEIRA_LIGA,2019-20,LEAGUE,,Maritimo,Portimonense,1,1,D,Portugal,Primeira Liga,football-data.co.uk
league_1fad72266d7afdc4,2019-11-10,PRIMEIRA_LIGA,2019-20,LEAGUE,,Pacos Ferreira,Tondela,1,0,H,Portugal,Primeira Liga,football-data.co.uk
league_06cf21752fac247f,2019-11-10,PRIMEIRA_LIGA,2019-20,LEAGUE,,Sporting CP,Belenenses,2,0,H,Portugal,Primeira Liga,football-data.co.uk
league_abf23b03d9f814b4,2019-11-29,PRIMEIRA_LIGA,2019-20,LEAGUE,,Santa Clara,Boavista,1,2,A,Portugal,Primeira Liga,football-data.co.uk
league_f1891b94c9cb9df5,2019-11-30,PRIMEIRA_LIGA,2019-20,LEAGUE,,Benfica,Maritimo,4,0,H,Portugal,Primeira Liga,football-data.co.uk
league_49dec28948b4023f,2019-11-30,PRIMEIRA_LIGA,2019-20,LEAGUE,,Moreirense,Aves,3,2,H,Portugal,Primeira Liga,football-data.co.uk
league_eafd9afc9bb3ea74,2019-11-30,PRIMEIRA_LIGA,2019-20,LEAGUE,,Portimonense,Famalicao,2,1,H,Portugal,Primeira Liga,football-data.co.uk
league_37b33ce4b1d64d61,2019-12-01,PRIMEIRA_LIGA,2019-20,LEAGUE,,Gil Vicente,Sporting CP,3,1,H,Portugal,Primeira Liga,football-data.co.uk
league_843947c36dcc02bb,2019-12-01,PRIMEIRA_LIGA,2019-20,LEAGUE,,Setubal,Guimaraes,1,1,D,Portugal,Primeira Liga,football-data.co.uk
league_e05097cb046c70f8,2019-12-01,PRIMEIRA_LIGA,2019-20,LEAGUE,,Tondela,Belenenses,0,1,A,Portugal,Primeira Liga,football-data.co.uk
league_774cf341a1411aa4,2019-12-02,PRIMEIRA_LIGA,2019-20,LEAGUE,,FC Porto,Pacos Ferreira,2,0,H,Portugal,Primeira Liga,football-data.co.uk
league_0beeff489cf7e65f,2019-12-02,PRIMEIRA_LIGA,2019-20,LEAGUE,,Sp Braga,Rio Ave,2,0,H,Portugal,Primeira Liga,football-data.co.uk
league_a8dfd0a0dc38dc99,2019-12-06,PRIMEIRA_LIGA,2019-20,LEAGUE,,Boavista,Benfica,1,4,A,Portugal,Primeira Liga,football-data.co.uk
league_faa80886c9974db8,2019-12-07,PRIMEIRA_LIGA,2019-20,LEAGUE,,Aves,Sp Braga,1,0,H,Portugal,Primeira Liga,football-data.co.uk
league_d53739457e69dc68,2019-12-07,PRIMEIRA_LIGA,2019-20,LEAGUE,,Famalicao,Tondela,2,3,A,Portugal,Primeira Liga,football-data.co.uk
league_d61974dd5b87df87,2019-12-07,PRIMEIRA_LIGA,2019-20,LEAGUE,,Maritimo,Santa Clara,2,2,D,Portugal,Primeira Liga,football-data.co.uk
league_abac2e0a436d4c26,2019-12-08,PRIMEIRA_LIGA,2019-20,LEAGUE,,Belenenses,FC Porto,1,1,D,Portugal,Primeira Liga,football-data.co.uk
league_79acb63648fae2e6,2019-12-08,PRIMEIRA_LIGA,2019-20,LEAGUE,,Guimaraes,Portimonense,2,0,H,Portugal,Primeira Liga,football-data.co.uk
league_32d2d7d51e4cfcf5,2019-12-08,PRIMEIRA_LIGA,2019-20,LEAGUE,,Pacos Ferreira,Setubal,2,3,A,Portugal,Primeira Liga,football-data.co.uk
league_b119bd1582a09e66,2019-12-08,PRIMEIRA_LIGA,2019-20,LEAGUE,,Sporting CP,Moreirense,1,0,H,Portugal,Primeira Liga,football-data.co.uk
league_ff3ce842a899eb93,2019-12-09,PRIMEIRA_LIGA,2019-20,LEAGUE,,Rio Ave,Gil Vicente,1,0,H,Portugal,Primeira Liga,football-data.co.uk
league_a06351ad91277fcb,2019-12-13,PRIMEIRA_LIGA,2019-20,LEAGUE,,Portimonense,Rio Ave,1,1,D,Portugal,Primeira Liga,football-data.co.uk
league_5d2f2131aff951e7,2019-12-14,PRIMEIRA_LIGA,2019-20,LEAGUE,,Benfica,Famalicao,4,0,H,Portugal,Primeira Liga,football-data.co.uk
league_6783a035f621cd09,2019-12-14,PRIMEIRA_LIGA,2019-20,LEAGUE,,Maritimo,Boavista,1,0,H,Portugal,Primeira Liga,football-data.co.uk
league_f06686b204305b4a,2019-12-14,PRIMEIRA_LIGA,2019-20,LEAGUE,,Setubal,Aves,1,0,H,Portugal,Primeira Liga,football-data.co.uk
league_45baffe863ee7980,2019-12-15,PRIMEIRA_LIGA,2019-20,LEAGUE,,Gil Vicente,Guimaraes,2,2,D,Portugal,Primeira Liga,football-data.co.uk
league_dad6fa3f1501289d,2019-12-15,PRIMEIRA_LIGA,2019-20,LEAGUE,,Moreirense,Belenenses,2,1,H,Portugal,Primeira Liga,football-data.co.uk
league_f56dfbe8170902fe,2019-12-15,PRIMEIRA_LIGA,2019-20,LEAGUE,,Sp Braga,Pacos Ferreira,0,1,A,Portugal,Primeira Liga,football-data.co.uk
league_24ba213517750f72,2019-12-16,PRIMEIRA_LIGA,2019-20,LEAGUE,,FC Porto,Tondela,3,0,H,Portugal,Primeira Liga,football-data.co.uk
league_f58afc2f0214a382,2019-12-16,PRIMEIRA_LIGA,2019-20,LEAGUE,,Santa Clara,Sporting CP,0,4,A,Portugal,Primeira Liga,football-data.co.uk
league_319ee5c3b34fb07e,2020-01-04,PRIMEIRA_LIGA,2019-20,LEAGUE,,Aves,Santa Clara,0,1,A,Portugal,Primeira Liga,football-data.co.uk
league_e2b4d4f917748a3a,2020-01-04,PRIMEIRA_LIGA,2019-20,LEAGUE,,Belenenses,Sp Braga,1,7,A,Portugal,Primeira Liga,football-data.co.uk
league_35d6d6db2f8e517b,2020-01-04,PRIMEIRA_LIGA,2019-20,LEAGUE,,Boavista,Portimonense,1,1,D,Portugal,Primeira Liga,football-data.co.uk
league_803946e4f688e762,2020-01-04,PRIMEIRA_LIGA,2019-20,LEAGUE,,Guimaraes,Benfica,0,1,A,Portugal,Primeira Liga,football-data.co.uk
league_f653053479e6fe81,2020-01-05,PRIMEIRA_LIGA,2019-20,LEAGUE,,Famalicao,Setubal,3,0,H,Portugal,Primeira Liga,football-data.co.uk
league_1996db3ea8e2bd8c,2020-01-05,PRIMEIRA_LIGA,2019-20,LEAGUE,,Pacos Ferreira,Moreirense,1,0,H,Portugal,Primeira Liga,football-data.co.uk
league_a0bb7d3f0b24e299,2020-01-05,PRIMEIRA_LIGA,2019-20,LEAGUE,,Rio Ave,Maritimo,0,1,A,Portugal,Primeira Liga,football-data.co.uk
league_18c084d29082d88a,2020-01-05,PRIMEIRA_LIGA,2019-20,LEAGUE,,Sporting CP,FC Porto,1,2,A,Portugal,Primeira Liga,football-data.co.uk
league_32335734407c564d,2020-01-05,PRIMEIRA_LIGA,2019-20,LEAGUE,,Tondela,Gil Vicente,1,1,D,Portugal,Primeira Liga,football-data.co.uk
league_d3f6d3c4ed4294f7,2020-01-10,PRIMEIRA_LIGA,2019-20,LEAGUE,,Benfica,Aves,2,1,H,Portugal,Primeira Liga,football-data.co.uk
league_a603910abc9e6b0c,2020-01-10,PRIMEIRA_LIGA,2019-20,LEAGUE,,Moreirense,FC Porto,2,4,A,Portugal,Primeira Liga,football-data.co.uk
league_39c7966e354f255e,2020-01-10,PRIMEIRA_LIGA,2019-20,LEAGUE,,Santa Clara,Rio Ave,0,1,A,Portugal,Primeira Liga,football-data.co.uk
league_f34d0d5f794cd5e4,2020-01-11,PRIMEIRA_LIGA,2019-20,LEAGUE,,Boavista,Famalicao,0,1,A,Portugal,Primeira Liga,football-data.co.uk
league_8577eedbdb4bbd4c,2020-01-11,PRIMEIRA_LIGA,2019-20,LEAGUE,,Portimonense,Pacos Ferreira,0,0,D,Portugal,Primeira Liga,football-data.co.uk
league_7ceddab996b04f58,2020-01-11,PRIMEIRA_LIGA,2019-20,LEAGUE,,Setubal,Sporting CP,1,3,A,Portugal,Primeira Liga,football-data.co.uk
league_7a737410410232ea,2020-01-12,PRIMEIRA_LIGA,2019-20,LEAGUE,,Gil Vicente,Belenenses,2,0,H,Portugal,Primeira Liga,football-data.co.uk
league_c1e6e496877873cf,2020-01-12,PRIMEIRA_LIGA,2019-20,LEAGUE,,Maritimo,Guimaraes,0,0,D,Portugal,Primeira Liga,football-data.co.uk
league_02c4ae44ddec8b71,2020-01-12,PRIMEIRA_LIGA,2019-20,LEAGUE,,Sp Braga,Tondela,2,1,H,Portugal,Primeira Liga,football-data.co.uk
league_973285e48b9a3f04,2020-01-17,PRIMEIRA_LIGA,2019-20,LEAGUE,,FC Porto,Sp Braga,1,2,A,Portugal,Primeira Liga,football-data.co.uk
league_0a1c2fe03be59e71,2020-01-17,PRIMEIRA_LIGA,2019-20,LEAGUE,,Sporting CP,Benfica,0,2,A,Portugal,Primeira Liga,football-data.co.uk
league_93cf64a1e751bf7f,2020-01-18,PRIMEIRA_LIGA,2019-20,LEAGUE,,Aves,Portimonense,3,0,H,Portugal,Primeira Liga,football-data.co.uk
league_bbeae4b42a4a163e,2020-01-18,PRIMEIRA_LIGA,2019-20,LEAGUE,,Belenenses,Setubal,0,1,A,Portugal,Primeira Liga,football-data.co.uk
league_bc9435b671d803fb,2020-01-18,PRIMEIRA_LIGA,2019-20,LEAGUE,,Guimaraes,Santa Clara,1,0,H,Portugal,Primeira Liga,football-data.co.uk
league_c9bc3940725c573d,2020-01-18,PRIMEIRA_LIGA,2019-20,LEAGUE,,Tondela,Moreirense,1,1,D,Portugal,Primeira Liga,football-data.co.uk
league_a94c0644b624e9e0,2020-01-19,PRIMEIRA_LIGA,2019-20,LEAGUE,,Famalicao,Maritimo,1,1,D,Portugal,Primeira Liga,football-data.co.uk
league_08d59da56e199676,2020-01-19,PRIMEIRA_LIGA,2019-20,LEAGUE,,Pacos Ferreira,Gil Vicente,0,0,D,Portugal,Primeira Liga,football-data.co.uk
league_714b7277aa836293,2020-01-19,PRIMEIRA_LIGA,2019-20,LEAGUE,,Rio Ave,Boavista,2,0,H,Portugal,Primeira Liga,football-data.co.uk
league_95e9aa3642f7bb8b,2020-01-26,PRIMEIRA_LIGA,2019-20,LEAGUE,,Aves,Boavista,0,1,A,Portugal,Primeira Liga,football-data.co.uk
league_86c0fd4f4bfd8096,2020-01-26,PRIMEIRA_LIGA,2019-20,LEAGUE,,Belenenses,Portimonense,2,1,H,Portugal,Primeira Liga,football-data.co.uk
league_43f7b36e2f36d9f1,2020-01-26,PRIMEIRA_LIGA,2019-20,LEAGUE,,Famalicao,Santa Clara,0,1,A,Portugal,Primeira Liga,football-data.co.uk
league_d8974091d2aa45d6,2020-01-26,PRIMEIRA_LIGA,2019-20,LEAGUE,,Pacos Ferreira,Benfica,0,2,A,Portugal,Primeira Liga,football-data.co.uk
league_dd5336157cee437c,2020-01-26,PRIMEIRA_LIGA,2019-20,LEAGUE,,Tondela,Setubal,0,3,A,Portugal,Primeira Liga,football-data.co.uk
league_3e21f0fc11824a0c,2020-01-27,PRIMEIRA_LIGA,2019-20,LEAGUE,,Guimaraes,Rio Ave,1,2,A,Portugal,Primeira Liga,football-data.co.uk
league_a74b6f77ef52e157,2020-01-27,PRIMEIRA_LIGA,2019-20,LEAGUE,,Sporting CP,Maritimo,1,0,H,Portugal,Primeira Liga,football-data.co.uk
league_f12dffdb82148087,2020-01-28,PRIMEIRA_LIGA,2019-20,LEAGUE,,FC Porto,Gil Vicente,2,1,H,Portugal,Primeira Liga,football-data.co.uk
league_8949b2a693979072,2020-01-29,PRIMEIRA_LIGA,2019-20,LEAGUE,,Moreirense,Sp Braga,1,2,A,Portugal,Primeira Liga,football-data.co.uk
league_90b851772fbfcb0f,2020-01-31,PRIMEIRA_LIGA,2019-20,LEAGUE,,Benfica,Belenenses,3,2,H,Portugal,Primeira Liga,football-data.co.uk
league_c624d56028e71be2,2020-01-31,PRIMEIRA_LIGA,2019-20,LEAGUE,,Rio Ave,Famalicao,2,2,D,Portugal,Primeira Liga,football-data.co.uk
league_d098767abccefb29,2020-02-01,PRIMEIRA_LIGA,2019-20,LEAGUE,,Portimonense,Tondela,0,1,A,Portugal,Primeira Liga,football-data.co.uk
league_ca0a31d273f2b953,2020-02-01,PRIMEIRA_LIGA,2019-20,LEAGUE,,Setubal,FC Porto,0,4,A,Portugal,Primeira Liga,football-data.co.uk
league_16dfa0794de1e148,2020-02-02,PRIMEIRA_LIGA,2019-20,LEAGUE,,Boavista,Guimaraes,2,0,H,Portugal,Primeira Liga,football-data.co.uk
league_071897ad86d2a4cb,2020-02-02,PRIMEIRA_LIGA,2019-20,LEAGUE,,Gil Vicente,Moreirense,1,5,A,Portugal,Primeira Liga,football-data.co.uk
league_38bce48a55fed545,2020-02-02,PRIMEIRA_LIGA,2019-20,LEAGUE,,Maritimo,Aves,1,2,A,Portugal,Primeira Liga,football-data.co.uk
league_b2e51cfc6299e66a,2020-02-02,PRIMEIRA_LIGA,2019-20,LEAGUE,,Santa Clara,Pacos Ferreira,2,1,H,Portugal,Primeira Liga,football-data.co.uk
league_d2de2ea6dd8376da,2020-02-02,PRIMEIRA_LIGA,2019-20,LEAGUE,,Sp Braga,Sporting CP,1,0,H,Portugal,Primeira Liga,football-data.co.uk
league_14ec675be1aeb49c,2020-02-07,PRIMEIRA_LIGA,2019-20,LEAGUE,,Pacos Ferreira,Boavista,0,1,A,Portugal,Primeira Liga,football-data.co.uk
league_eec9226bdd9b0d4c,2020-02-08,PRIMEIRA_LIGA,2019-20,LEAGUE,,Belenenses,Santa Clara,0,2,A,Portugal,Primeira Liga,football-data.co.uk
league_d99e3c77e9b64b2a,2020-02-08,PRIMEIRA_LIGA,2019-20,LEAGUE,,FC Porto,Benfica,3,2,H,Portugal,Primeira Liga,football-data.co.uk
league_d9c9653c8395fb29,2020-02-08,PRIMEIRA_LIGA,2019-20,LEAGUE,,Famalicao,Guimaraes,0,7,A,Portugal,Primeira Liga,football-data.co.uk
league_0fd898e0256196ca,2020-02-08,PRIMEIRA_LIGA,2019-20,LEAGUE,,Sp Braga,Gil Vicente,2,2,D,Portugal,Primeira Liga,football-data.co.uk
league_e609f9196a51f94b,2020-02-09,PRIMEIRA_LIGA,2019-20,LEAGUE,,Aves,Rio Ave,0,4,A,Portugal,Primeira Liga,football-data.co.uk
league_a5f15b4715d993af,2020-02-09,PRIMEIRA_LIGA,2019-20,LEAGUE,,Moreirense,Setubal,1,1,D,Portugal,Primeira Liga,football-data.co.uk
league_f77537cb09a60a6d,2020-02-09,PRIMEIRA_LIGA,2019-20,LEAGUE,,Sporting CP,Portimonense,2,1,H,Portugal,Primeira Liga,football-data.co.uk
league_492729ae72242193,2020-02-09,PRIMEIRA_LIGA,2019-20,LEAGUE,,Tondela,Maritimo,0,0,D,Portugal,Primeira Liga,football-data.co.uk
league_78eb0f65a77ee107,2020-02-14,PRIMEIRA_LIGA,2019-20,LEAGUE,,Setubal,Gil Vicente,1,2,A,Portugal,Primeira Liga,football-data.co.uk
league_c08df5dd2305e446,2020-02-15,PRIMEIRA_LIGA,2019-20,LEAGUE,,Benfica,Sp Braga,0,1,A,Portugal,Primeira Liga,football-data.co.uk
league_6402d2946ec57fdc,2020-02-15,PRIMEIRA_LIGA,2019-20,LEAGUE,,Portimonense,Moreirense,1,1,D,Portugal,Primeira Liga,football-data.co.uk
league_d89659411f2128d9,2020-02-15,PRIMEIRA_LIGA,2019-20,LEAGUE,,Rio Ave,Sporting CP,1,1,D,Portugal,Primeira Liga,football-data.co.uk
league_14e7cbf819d36de5,2020-02-15,PRIMEIRA_LIGA,2019-20,LEAGUE,,Santa Clara,Tondela,1,0,H,Portugal,Primeira Liga,football-data.co.uk
league_201685d38c9ffeaa,2020-02-16,PRIMEIRA_LIGA,2019-20,LEAGUE,,Boavista,Belenenses,1,2,A,Portugal,Primeira Liga,football-data.co.uk
league_232a2b7115385c86,2020-02-16,PRIMEIRA_LIGA,2019-20,LEAGUE,,Famalicao,Aves,1,1,D,Portugal,Primeira Liga,football-data.co.uk
league_b63b770f500fcca9,2020-02-16,PRIMEIRA_LIGA,2019-20,LEAGUE,,Guimaraes,FC Porto,1,2,A,Portugal,Primeira Liga,football-data.co.uk
league_15017aef49170255,2020-02-16,PRIMEIRA_LIGA,2019-20,LEAGUE,,Maritimo,Pacos Ferreira,3,0,H,Portugal,Primeira Liga,football-data.co.uk
league_5e242220bef26ff6,2020-02-21,PRIMEIRA_LIGA,2019-20,LEAGUE,,Aves,Guimaraes,0,2,A,Portugal,Primeira Liga,football-data.co.uk
league_eb301aeab14e8288,2020-02-22,PRIMEIRA_LIGA,2019-20,LEAGUE,,Belenenses,Maritimo,1,0,H,Portugal,Primeira Liga,football-data.co.uk
league_57bb8481fd6baa44,2020-02-22,PRIMEIRA_LIGA,2019-20,LEAGUE,,Tondela,Rio Ave,1,2,A,Portugal,Primeira Liga,football-data.co.uk
league_d6f356431ab97b6f,2020-02-23,PRIMEIRA_LIGA,2019-20,LEAGUE,,FC Porto,Portimonense,1,0,H,Portugal,Primeira Liga,football-data.co.uk
league_020c29ee2fae89c1,2020-02-23,PRIMEIRA_LIGA,2019-20,LEAGUE,,Moreirense,Santa Clara,2,1,H,Portugal,Primeira Liga,football-data.co.uk
league_6ca48693551eace0,2020-02-23,PRIMEIRA_LIGA,2019-20,LEAGUE,,Pacos Ferreira,Famalicao,2,1,H,Portugal,Primeira Liga,football-data.co.uk
league_8e3041b276be24cd,2020-02-23,PRIMEIRA_LIGA,2019-20,LEAGUE,,Sp Braga,Setubal,3,1,H,Portugal,Primeira Liga,football-data.co.uk
league_1b566a8dd05f833f,2020-02-23,PRIMEIRA_LIGA,2019-20,LEAGUE,,Sporting CP,Boavista,2,0,H,Portugal,Primeira Liga,football-data.co.uk
league_6447ef3316c050cb,2020-02-24,PRIMEIRA_LIGA,2019-20,LEAGUE,,Gil Vicente,Benfica,0,1,A,Portugal,Primeira Liga,football-data.co.uk
league_fb9a55b3c3fb0cd5,2020-02-28,PRIMEIRA_LIGA,2019-20,LEAGUE,,Portimonense,Setubal,0,0,D,Portugal,Primeira Liga,football-data.co.uk
league_3e9dd244ebcf4149,2020-02-29,PRIMEIRA_LIGA,2019-20,LEAGUE,,Boavista,Gil Vicente,0,1,A,Portugal,Primeira Liga,football-data.co.uk
league_cfac83805ff38261,2020-02-29,PRIMEIRA_LIGA,2019-20,LEAGUE,,Rio Ave,Belenenses,0,0,D,Portugal,Primeira Liga,football-data.co.uk
league_0828900d6645cdb3,2020-03-01,PRIMEIRA_LIGA,2019-20,LEAGUE,,Aves,Pacos Ferreira,1,3,A,Portugal,Primeira Liga,football-data.co.uk
league_d0c514fec296b21d,2020-03-01,PRIMEIRA_LIGA,2019-20,LEAGUE,,Guimaraes,Tondela,2,0,H,Portugal,Primeira Liga,football-data.co.uk
league_37811c0eb95271cf,2020-03-01,PRIMEIRA_LIGA,2019-20,LEAGUE,,Maritimo,Sp Braga,1,2,A,Portugal,Primeira Liga,football-data.co.uk
league_8f5fbea1b2ddfca2,2020-03-02,PRIMEIRA_LIGA,2019-20,LEAGUE,,Benfica,Moreirense,1,1,D,Portugal,Primeira Liga,football-data.co.uk
league_aee24f9b5c1fda98,2020-03-02,PRIMEIRA_LIGA,2019-20,LEAGUE,,Santa Clara,FC Porto,0,2,A,Portugal,Primeira Liga,football-data.co.uk
league_08fc2314a8c2832a,2020-03-03,PRIMEIRA_LIGA,2019-20,LEAGUE,,Famalicao,Sporting CP,3,1,H,Portugal,Primeira Liga,football-data.co.uk
league_af0fa0dd1f584ca5,2020-03-06,PRIMEIRA_LIGA,2019-20,LEAGUE,,Sp Braga,Portimonense,3,1,H,Portugal,Primeira Liga,football-data.co.uk
league_c37ecd847203f5cc,2020-03-07,PRIMEIRA_LIGA,2019-20,LEAGUE,,FC Porto,Rio Ave,1,1,D,Portugal,Primeira Liga,football-data.co.uk
league_b0bafc129988cd71,2020-03-07,PRIMEIRA_LIGA,2019-20,LEAGUE,,Setubal,Benfica,1,1,D,Portugal,Primeira Liga,football-data.co.uk
league_8980e84d0bdf3e9b,2020-03-07,PRIMEIRA_LIGA,2019-20,LEAGUE,,Tondela,Boavista,1,1,D,Portugal,Primeira Liga,football-data.co.uk
league_51fe25399d2b409a,2020-03-08,PRIMEIRA_LIGA,2019-20,LEAGUE,,Belenenses,Famalicao,0,0,D,Portugal,Primeira Liga,football-data.co.uk
league_4e05409feba89d13,2020-03-08,PRIMEIRA_LIGA,2019-20,LEAGUE,,Gil Vicente,Santa Clara,1,1,D,Portugal,Primeira Liga,football-data.co.uk
league_8f25740d1561037c,2020-03-08,PRIMEIRA_LIGA,2019-20,LEAGUE,,Moreirense,Maritimo,2,0,H,Portugal,Primeira Liga,football-data.co.uk
league_ba48928260e84a76,2020-03-08,PRIMEIRA_LIGA,2019-20,LEAGUE,,Pacos Ferreira,Guimaraes,1,2,A,Portugal,Primeira Liga,football-data.co.uk
league_4cc8d1d47ed92fde,2020-03-08,PRIMEIRA_LIGA,2019-20,LEAGUE,,Sporting CP,Aves,2,0,H,Portugal,Primeira Liga,football-data.co.uk
league_b754cb93c7b53fd1,2020-06-03,PRIMEIRA_LIGA,2019-20,LEAGUE,,Famalicao,FC Porto,2,1,H,Portugal,Primeira Liga,football-data.co.uk
league_9bc16bc8805e211b,2020-06-03,PRIMEIRA_LIGA,2019-20,LEAGUE,,Portimonense,Gil Vicente,1,0,H,Portugal,Primeira Liga,football-data.co.uk
league_be0302a07f79b862,2020-06-04,PRIMEIRA_LIGA,2019-20,LEAGUE,,Benfica,Tondela,0,0,D,Portugal,Primeira Liga,football-data.co.uk
league_f04c2d08ed210ab5,2020-06-04,PRIMEIRA_LIGA,2019-20,LEAGUE,,Guimaraes,Sporting CP,2,2,D,Portugal,Primeira Liga,football-data.co.uk
league_3d6ac1e0d3075620,2020-06-04,PRIMEIRA_LIGA,2019-20,LEAGUE,,Maritimo,Setubal,1,1,D,Portugal,Primeira Liga,football-data.co.uk
league_ca363af2641ff2ff,2020-06-05,PRIMEIRA_LIGA,2019-20,LEAGUE,,Aves,Belenenses,0,2,A,Portugal,Primeira Liga,football-data.co.uk
league_250acc8c6e7e7171,2020-06-05,PRIMEIRA_LIGA,2019-20,LEAGUE,,Santa Clara,Sp Braga,3,2,H,Portugal,Primeira Liga,football-data.co.uk
league_8e86e674e7a2d0ba,2020-06-06,PRIMEIRA_LIGA,2019-20,LEAGUE,,Boavista,Moreirense,0,1,A,Portugal,Primeira Liga,football-data.co.uk
league_af5c3d6ab7759cb4,2020-06-07,PRIMEIRA_LIGA,2019-20,LEAGUE,,Rio Ave,Pacos Ferreira,2,3,A,Portugal,Primeira Liga,football-data.co.uk
league_1149571d9d016626,2020-06-09,PRIMEIRA_LIGA,2019-20,LEAGUE,,Gil Vicente,Famalicao,1,3,A,Portugal,Primeira Liga,football-data.co.uk
league_ef908f83d6fa062f,2020-06-10,PRIMEIRA_LIGA,2019-20,LEAGUE,,FC Porto,Maritimo,1,0,H,Portugal,Primeira Liga,football-data.co.uk
league_25c2fad08a647f04,2020-06-10,PRIMEIRA_LIGA,2019-20,LEAGUE,,Portimonense,Benfica,2,2,D,Portugal,Primeira Liga,football-data.co.uk
league_ea98b099d57761db,2020-06-10,PRIMEIRA_LIGA,2019-20,LEAGUE,,Setubal,Santa Clara,2,2,D,Portugal,Primeira Liga,football-data.co.uk
league_a830015e3dbc392a,2020-06-11,PRIMEIRA_LIGA,2019-20,LEAGUE,,Belenenses,Guimaraes,1,1,D,Portugal,Primeira Liga,football-data.co.uk
league_889473a9342aec3d,2020-06-11,PRIMEIRA_LIGA,2019-20,LEAGUE,,Tondela,Aves,2,0,H,Portugal,Primeira Liga,football-data.co.uk
league_a81aa25b79db86a0,2020-06-12,PRIMEIRA_LIGA,2019-20,LEAGUE,,Moreirense,Rio Ave,0,1,A,Portugal,Primeira Liga,football-data.co.uk
league_d73be738840c11e2,2020-06-12,PRIMEIRA_LIGA,2019-20,LEAGUE,,Sporting CP,Pacos Ferreira,1,0,H,Portugal,Primeira Liga,football-data.co.uk
league_5db5c6b1de5b91be,2020-06-13,PRIMEIRA_LIGA,2019-20,LEAGUE,,Sp Braga,Boavista,0,1,A,Portugal,Primeira Liga,football-data.co.uk
league_e60dd3180d417089,2020-06-15,PRIMEIRA_LIGA,2019-20,LEAGUE,,Maritimo,Gil Vicente,2,1,H,Portugal,Primeira Liga,football-data.co.uk
league_bc94bd8bf9a18ff5,2020-06-16,PRIMEIRA_LIGA,2019-20,LEAGUE,,Aves,FC Porto,0,0,D,Portugal,Primeira Liga,football-data.co.uk
league_2ce65c5b5d582a49,2020-06-16,PRIMEIRA_LIGA,2019-20,LEAGUE,,Santa Clara,Portimonense,1,1,D,Portugal,Primeira Liga,football-data.co.uk
league_ef4ca06d4c70b61f,2020-06-17,PRIMEIRA_LIGA,2019-20,LEAGUE,,Pacos Ferreira,Belenenses,2,1,H,Portugal,Primeira Liga,football-data.co.uk
league_ca66bd3a82288b23,2020-06-17,PRIMEIRA_LIGA,2019-20,LEAGUE,,Rio Ave,Benfica,1,2,A,Portugal,Primeira Liga,football-data.co.uk
league_22698f58a0ec18f5,2020-06-18,PRIMEIRA_LIGA,2019-20,LEAGUE,,Boavista,Setubal,3,1,H,Portugal,Primeira Liga,football-data.co.uk
league_7014d8929cc263ab,2020-06-18,PRIMEIRA_LIGA,2019-20,LEAGUE,,Sporting CP,Tondela,2,0,H,Portugal,Primeira Liga,football-data.co.uk
league_7abed2923d453189,2020-06-19,PRIMEIRA_LIGA,2019-20,LEAGUE,,Famalicao,Sp Braga,0,0,D,Portugal,Primeira Liga,football-data.co.uk
league_2981a689b2ae99c5,2020-06-19,PRIMEIRA_LIGA,2019-20,LEAGUE,,Guimaraes,Moreirense,1,1,D,Portugal,Primeira Liga,football-data.co.uk
league_ed9761fe0e86ecda,2020-06-21,PRIMEIRA_LIGA,2019-20,LEAGUE,,Gil Vicente,Aves,3,0,H,Portugal,Primeira Liga,football-data.co.uk
league_a0cdcb4751231474,2020-06-22,PRIMEIRA_LIGA,2019-20,LEAGUE,,Portimonense,Maritimo,3,2,H,Portugal,Primeira Liga,football-data.co.uk
league_a0cdd8d844ea6d34,2020-06-23,PRIMEIRA_LIGA,2019-20,LEAGUE,,Benfica,Santa Clara,3,4,A,Portugal,Primeira Liga,football-data.co.uk
league_01047708e4d58e1b,2020-06-23,PRIMEIRA_LIGA,2019-20,LEAGUE,,FC Porto,Boavista,4,0,H,Portugal,Primeira Liga,football-data.co.uk
league_daa12cbd0965dc8c,2020-06-23,PRIMEIRA_LIGA,2019-20,LEAGUE,,Setubal,Rio Ave,1,2,A,Portugal,Primeira Liga,football-data.co.uk
league_dd6465cfbd39a7b2,2020-06-24,PRIMEIRA_LIGA,2019-20,LEAGUE,,Moreirense,Famalicao,1,1,D,Portugal,Primeira Liga,football-data.co.uk
league_f0207fbf098e74c9,2020-06-24,PRIMEIRA_LIGA,2019-20,LEAGUE,,Tondela,Pacos Ferreira,1,3,A,Portugal,Primeira Liga,football-data.co.uk
league_64ebd52927378557,2020-06-25,PRIMEIRA_LIGA,2019-20,LEAGUE,,Sp Braga,Guimaraes,3,2,H,Portugal,Primeira Liga,football-data.co.uk
league_a29a154842564a32,2020-06-26,PRIMEIRA_LIGA,2019-20,LEAGUE,,Belenenses,Sporting CP,1,3,A,Portugal,Primeira Liga,football-data.co.uk
league_e7f1b01c16af0cf0,2020-06-28,PRIMEIRA_LIGA,2019-20,LEAGUE,,Boavista,Santa Clara,1,0,H,Portugal,Primeira Liga,football-data.co.uk
league_7f96a49693e92912,2020-06-29,PRIMEIRA_LIGA,2019-20,LEAGUE,,Aves,Moreirense,0,1,A,Portugal,Primeira Liga,football-data.co.uk
league_f39d9b7497e6f280,2020-06-29,PRIMEIRA_LIGA,2019-20,LEAGUE,,Maritimo,Benfica,2,0,H,Portugal,Primeira Liga,football-data.co.uk
league_f0c5778eae5bf135,2020-06-29,PRIMEIRA_LIGA,2019-20,LEAGUE,,Pacos Ferreira,FC Porto,0,1,A,Portugal,Primeira Liga,football-data.co.uk
league_c3685676c75f2545,2020-06-30,PRIMEIRA_LIGA,2019-20,LEAGUE,,Famalicao,Portimonense,0,1,A,Portugal,Primeira Liga,football-data.co.uk
league_12ff6081b07db284,2020-06-30,PRIMEIRA_LIGA,2019-20,LEAGUE,,Guimaraes,Setubal,2,0,H,Portugal,Primeira Liga,football-data.co.uk
league_71fcf47a9b81a6fc,2020-06-30,PRIMEIRA_LIGA,2019-20,LEAGUE,,Rio Ave,Sp Braga,4,3,H,Portugal,Primeira Liga,football-data.co.uk
league_15c9eb9d61127812,2020-07-01,PRIMEIRA_LIGA,2019-20,LEAGUE,,Belenenses,Tondela,1,1,D,Portugal,Primeira Liga,football-data.co.uk
league_fca7dd3f8bdffdf5,2020-07-01,PRIMEIRA_LIGA,2019-20,LEAGUE,,Sporting CP,Gil Vicente,2,1,H,Portugal,Primeira Liga,football-data.co.uk
league_a28487f9a82ef76e,2020-07-03,PRIMEIRA_LIGA,2019-20,LEAGUE,,Santa Clara,Maritimo,0,1,A,Portugal,Primeira Liga,football-data.co.uk
league_3a22cc75e649bb93,2020-07-04,PRIMEIRA_LIGA,2019-20,LEAGUE,,Benfica,Boavista,3,1,H,Portugal,Primeira Liga,football-data.co.uk
league_028125ae1f2a8389,2020-07-04,PRIMEIRA_LIGA,2019-20,LEAGUE,,Portimonense,Guimaraes,0,1,A,Portugal,Primeira Liga,football-data.co.uk
league_55ee017b799e99fa,2020-07-04,PRIMEIRA_LIGA,2019-20,LEAGUE,,Setubal,Pacos Ferreira,2,3,A,Portugal,Primeira Liga,football-data.co.uk
league_0e66578ebd4e0d55,2020-07-04,PRIMEIRA_LIGA,2019-20,LEAGUE,,Sp Braga,Aves,4,0,H,Portugal,Primeira Liga,football-data.co.uk
league_9719b67df98d9ce6,2020-07-05,PRIMEIRA_LIGA,2019-20,LEAGUE,,FC Porto,Belenenses,5,0,H,Portugal,Primeira Liga,football-data.co.uk
league_dde36701ce171624,2020-07-05,PRIMEIRA_LIGA,2019-20,LEAGUE,,Gil Vicente,Rio Ave,1,0,H,Portugal,Primeira Liga,football-data.co.uk
league_bab953b8204059f2,2020-07-05,PRIMEIRA_LIGA,2019-20,LEAGUE,,Tondela,Famalicao,0,1,A,Portugal,Primeira Liga,football-data.co.uk
league_e64d75862439baf6,2020-07-06,PRIMEIRA_LIGA,2019-20,LEAGUE,,Moreirense,Sporting CP,0,0,D,Portugal,Primeira Liga,football-data.co.uk
league_f1e5b06714319bdb,2020-07-08,PRIMEIRA_LIGA,2019-20,LEAGUE,,Aves,Setubal,1,0,H,Portugal,Primeira Liga,football-data.co.uk
league_8cfc067119468543,2020-07-08,PRIMEIRA_LIGA,2019-20,LEAGUE,,Boavista,Maritimo,0,1,A,Portugal,Primeira Liga,football-data.co.uk
league_a91e4bfda62d3ddd,2020-07-09,PRIMEIRA_LIGA,2019-20,LEAGUE,,Famalicao,Benfica,1,1,D,Portugal,Primeira Liga,football-data.co.uk
league_0e6975af93d78e1f,2020-07-09,PRIMEIRA_LIGA,2019-20,LEAGUE,,Rio Ave,Portimonense,2,1,H,Portugal,Primeira Liga,football-data.co.uk
league_abc742613249948a,2020-07-09,PRIMEIRA_LIGA,2019-20,LEAGUE,,Tondela,FC Porto,1,3,A,Portugal,Primeira Liga,football-data.co.uk
league_9ddc96771622e81c,2020-07-10,PRIMEIRA_LIGA,2019-20,LEAGUE,,Guimaraes,Gil Vicente,1,2,A,Portugal,Primeira Liga,football-data.co.uk
league_1b7f1b22c0326ebe,2020-07-10,PRIMEIRA_LIGA,2019-20,LEAGUE,,Pacos Ferreira,Sp Braga,1,5,A,Portugal,Primeira Liga,football-data.co.uk
league_a067e9f2b3d0eaef,2020-07-10,PRIMEIRA_LIGA,2019-20,LEAGUE,,Sporting CP,Santa Clara,1,0,H,Portugal,Primeira Liga,football-data.co.uk
league_903438ed2856d7c3,2020-07-11,PRIMEIRA_LIGA,2019-20,LEAGUE,,Belenenses,Moreirense,0,1,A,Portugal,Primeira Liga,football-data.co.uk
league_8d5a686fa2350cb7,2020-07-13,PRIMEIRA_LIGA,2019-20,LEAGUE,,Maritimo,Rio Ave,0,0,D,Portugal,Primeira Liga,football-data.co.uk
league_794be0a6844f5103,2020-07-13,PRIMEIRA_LIGA,2019-20,LEAGUE,,Setubal,Famalicao,1,2,A,Portugal,Primeira Liga,football-data.co.uk
league_52d72a51cabe1373,2020-07-14,PRIMEIRA_LIGA,2019-20,LEAGUE,,Benfica,Guimaraes,2,0,H,Portugal,Primeira Liga,football-data.co.uk
league_9fa05d9a21578b47,2020-07-14,PRIMEIRA_LIGA,2019-20,LEAGUE,,Gil Vicente,Tondela,3,2,H,Portugal,Primeira Liga,football-data.co.uk
league_97103ffbd6bf4e4b,2020-07-14,PRIMEIRA_LIGA,2019-20,LEAGUE,,Portimonense,Boavista,2,1,H,Portugal,Primeira Liga,football-data.co.uk
league_e436a5de8ec451e8,2020-07-14,PRIMEIRA_LIGA,2019-20,LEAGUE,,Santa Clara,Aves,3,0,H,Portugal,Primeira Liga,football-data.co.uk
league_a819999f6500bde2,2020-07-15,PRIMEIRA_LIGA,2019-20,LEAGUE,,FC Porto,Sporting CP,2,0,H,Portugal,Primeira Liga,football-data.co.uk
league_7ed566efeea1b35b,2020-07-15,PRIMEIRA_LIGA,2019-20,LEAGUE,,Moreirense,Pacos Ferreira,1,1,D,Portugal,Primeira Liga,football-data.co.uk
league_bad320d141bc8fdb,2020-07-15,PRIMEIRA_LIGA,2019-20,LEAGUE,,Sp Braga,Belenenses,1,1,D,Portugal,Primeira Liga,football-data.co.uk
league_65ca8cc6f674933d,2020-07-18,PRIMEIRA_LIGA,2019-20,LEAGUE,,Famalicao,Boavista,2,2,D,Portugal,Primeira Liga,football-data.co.uk
league_04f44561327d5c6e,2020-07-18,PRIMEIRA_LIGA,2019-20,LEAGUE,,Rio Ave,Santa Clara,2,2,D,Portugal,Primeira Liga,football-data.co.uk
league_a970b24989f3e59c,2020-07-19,PRIMEIRA_LIGA,2019-20,LEAGUE,,Belenenses,Gil Vicente,1,0,H,Portugal,Primeira Liga,football-data.co.uk
league_34f21b8dff4315cf,2020-07-19,PRIMEIRA_LIGA,2019-20,LEAGUE,,Guimaraes,Maritimo,1,0,H,Portugal,Primeira Liga,football-data.co.uk
league_ebfa0ba190d974a1,2020-07-20,PRIMEIRA_LIGA,2019-20,LEAGUE,,FC Porto,Moreirense,6,1,H,Portugal,Primeira Liga,football-data.co.uk
league_9cb4fecaf5ab48f7,2020-07-20,PRIMEIRA_LIGA,2019-20,LEAGUE,,Pacos Ferreira,Portimonense,2,1,H,Portugal,Primeira Liga,football-data.co.uk
league_6dc99eef057b63be,2020-07-20,PRIMEIRA_LIGA,2019-20,LEAGUE,,Tondela,Sp Braga,1,0,H,Portugal,Primeira Liga,football-data.co.uk
league_f75abc4876ef0e5c,2020-07-21,PRIMEIRA_LIGA,2019-20,LEAGUE,,Aves,Benfica,0,4,A,Portugal,Primeira Liga,football-data.co.uk
league_1802a13fe73220ba,2020-07-21,PRIMEIRA_LIGA,2019-20,LEAGUE,,Sporting CP,Setubal,0,0,D,Portugal,Primeira Liga,football-data.co.uk
league_9b1d4096df5ad70a,2020-07-24,PRIMEIRA_LIGA,2019-20,LEAGUE,,Gil Vicente,Pacos Ferreira,3,3,D,Portugal,Primeira Liga,football-data.co.uk
league_ceb64a5169264033,2020-07-24,PRIMEIRA_LIGA,2019-20,LEAGUE,,Santa Clara,Guimaraes,2,2,D,Portugal,Primeira Liga,football-data.co.uk
league_a5322e9679f52e33,2020-07-25,PRIMEIRA_LIGA,2019-20,LEAGUE,,Benfica,Sporting CP,2,1,H,Portugal,Primeira Liga,football-data.co.uk
league_e11a341508ce86b6,2020-07-25,PRIMEIRA_LIGA,2019-20,LEAGUE,,Boavista,Rio Ave,0,2,A,Portugal,Primeira Liga,football-data.co.uk
league_fa8c79b87e6be8cc,2020-07-25,PRIMEIRA_LIGA,2019-20,LEAGUE,,Maritimo,Famalicao,3,3,D,Portugal,Primeira Liga,football-data.co.uk
league_9e7c348b3c0575d1,2020-07-25,PRIMEIRA_LIGA,2019-20,LEAGUE,,Sp Braga,FC Porto,2,1,H,Portugal,Primeira Liga,football-data.co.uk
league_057484790a9d7b2b,2020-07-26,PRIMEIRA_LIGA,2019-20,LEAGUE,,Moreirense,Tondela,1,2,A,Portugal,Primeira Liga,football-data.co.uk
league_5a2ec0d453ae9967,2020-07-26,PRIMEIRA_LIGA,2019-20,LEAGUE,,Portimonense,Aves,2,0,H,Portugal,Primeira Liga,football-data.co.uk
league_1d35703d94e6136b,2020-07-26,PRIMEIRA_LIGA,2019-20,LEAGUE,,Setubal,Belenenses,2,0,H,Portugal,Primeira Liga,football-data.co.uk
league_c3a47126703f9766,2020-09-18,PRIMEIRA_LIGA,2020-21,LEAGUE,,Famalicao,Benfica,1,5,A,Portugal,Primeira Liga,football-data.co.uk
league_c634ef1b761495f3,2020-09-18,PRIMEIRA_LIGA,2020-21,LEAGUE,,Guimaraes,Belenenses,0,1,A,Portugal,Primeira Liga,football-data.co.uk
league_1a4acd0f64c2108f,2020-09-19,PRIMEIRA_LIGA,2020-21,LEAGUE,,FC Porto,Sp Braga,3,1,H,Portugal,Primeira Liga,football-data.co.uk
league_adf744201e537172,2020-09-19,PRIMEIRA_LIGA,2020-21,LEAGUE,,Nacional,Boavista,3,3,D,Portugal,Primeira Liga,football-data.co.uk
league_39d36c83109e74e1,2020-09-20,PRIMEIRA_LIGA,2020-21,LEAGUE,,Moreirense,Farense,2,0,H,Portugal,Primeira Liga,football-data.co.uk
league_dc9106d3e3497387,2020-09-20,PRIMEIRA_LIGA,2020-21,LEAGUE,,Santa Clara,Maritimo,2,0,H,Portugal,Primeira Liga,football-data.co.uk
league_7cba86776d1f0c2a,2020-09-20,PRIMEIRA_LIGA,2020-21,LEAGUE,,Tondela,Rio Ave,1,1,D,Portugal,Primeira Liga,football-data.co.uk
league_4c995831372e6b17,2020-09-21,PRIMEIRA_LIGA,2020-21,LEAGUE,,Portimonense,Pacos Ferreira,1,1,D,Portugal,Primeira Liga,football-data.co.uk
league_9a71901ed258eed9,2020-09-25,PRIMEIRA_LIGA,2020-21,LEAGUE,,Sp Braga,Santa Clara,0,1,A,Portugal,Primeira Liga,football-data.co.uk
league_253f60f5c7d09647,2020-09-26,PRIMEIRA_LIGA,2020-21,LEAGUE,,Benfica,Moreirense,2,0,H,Portugal,Primeira Liga,football-data.co.uk
league_5dd007a046f0c031,2020-09-26,PRIMEIRA_LIGA,2020-21,LEAGUE,,Boavista,FC Porto,0,5,A,Portugal,Primeira Liga,football-data.co.uk
league_ae6a4bbaab6a990b,2020-09-26,PRIMEIRA_LIGA,2020-21,LEAGUE,,Maritimo,Tondela,2,1,H,Portugal,Primeira Liga,football-data.co.uk
league_092bf269b3985065,2020-09-27,PRIMEIRA_LIGA,2020-21,LEAGUE,,Farense,Nacional,0,1,A,Portugal,Primeira Liga,football-data.co.uk
league_1f2d1f48a7bdadf2,2020-09-27,PRIMEIRA_LIGA,2020-21,LEAGUE,,Gil Vicente,Portimonense,1,0,H,Portugal,Primeira Liga,football-data.co.uk
league_0ac0154193caeb7e,2020-09-27,PRIMEIRA_LIGA,2020-21,LEAGUE,,Pacos Ferreira,Sporting CP,0,2,A,Portugal,Primeira Liga,football-data.co.uk
league_71f00c847fa7b8a5,2020-09-27,PRIMEIRA_LIGA,2020-21,LEAGUE,,Rio Ave,Guimaraes,0,0,D,Portugal,Primeira Liga,football-data.co.uk
league_8fb7313ac0d644f8,2020-09-28,PRIMEIRA_LIGA,2020-21,LEAGUE,,Belenenses,Famalicao,1,2,A,Portugal,Primeira Liga,football-data.co.uk
league_9699c65636215e57,2020-10-02,PRIMEIRA_LIGA,2020-21,LEAGUE,,Guimaraes,Pacos Ferreira,1,0,H,Portugal,Primeira Liga,football-data.co.uk
league_f57a0737a7ffb0f8,2020-10-02,PRIMEIRA_LIGA,2020-21,LEAGUE,,Moreirense,Boavista,1,1,D,Portugal,Primeira Liga,football-data.co.uk
league_29ab898092fc2786,2020-10-03,PRIMEIRA_LIGA,2020-21,LEAGUE,,FC Porto,Maritimo,2,3,A,Portugal,Primeira Liga,football-data.co.uk
league_b4857a3194cdc89c,2020-10-03,PRIMEIRA_LIGA,2020-21,LEAGUE,,Santa Clara,Gil Vicente,0,0,D,Portugal,Primeira Liga,football-data.co.uk
league_a85e3f7878262f77,2020-10-03,PRIMEIRA_LIGA,2020-21,LEAGUE,,Tondela,Sp Braga,0,4,A,Portugal,Primeira Liga,football-data.co.uk
league_a3d436b5208b6d53,2020-10-04,PRIMEIRA_LIGA,2020-21,LEAGUE,,Benfica,Farense,3,2,H,Portugal,Primeira Liga,football-data.co.uk
league_f53b58650ca97d0d,2020-10-04,PRIMEIRA_LIGA,2020-21,LEAGUE,,Famalicao,Rio Ave,1,1,D,Portugal,Primeira Liga,football-data.co.uk
league_6860da9fc846764f,2020-10-04,PRIMEIRA_LIGA,2020-21,LEAGUE,,Nacional,Belenenses,0,0,D,Portugal,Primeira Liga,football-data.co.uk
league_fa64cd9bb581e2bc,2020-10-04,PRIMEIRA_LIGA,2020-21,LEAGUE,,Portimonense,Sporting CP,0,2,A,Portugal,Primeira Liga,football-data.co.uk
league_4179746206d7e7ee,2020-10-17,PRIMEIRA_LIGA,2020-21,LEAGUE,,Gil Vicente,Tondela,1,1,D,Portugal,Primeira Liga,football-data.co.uk
league_980086f5e963b4dd,2020-10-17,PRIMEIRA_LIGA,2020-21,LEAGUE,,Maritimo,Portimonense,1,2,A,Portugal,Primeira Liga,football-data.co.uk
league_9e8dc3ec08556683,2020-10-17,PRIMEIRA_LIGA,2020-21,LEAGUE,,Sp Braga,Nacional,2,1,H,Portugal,Primeira Liga,football-data.co.uk
league_f7f692ad7de14333,2020-10-17,PRIMEIRA_LIGA,2020-21,LEAGUE,,Sporting CP,FC Porto,2,2,D,Portugal,Primeira Liga,football-data.co.uk
league_ce3c9c6a257c68eb,2020-10-18,PRIMEIRA_LIGA,2020-21,LEAGUE,,Belenenses,Moreirense,0,0,D,Portugal,Primeira Liga,football-data.co.uk
league_234d6618ba4a8b2c,2020-10-18,PRIMEIRA_LIGA,2020-21,LEAGUE,,Farense,Famalicao,3,3,D,Portugal,Primeira Liga,football-data.co.uk
league_739c9bcc533ddb58,2020-10-18,PRIMEIRA_LIGA,2020-21,LEAGUE,,Pacos Ferreira,Santa Clara,2,1,H,Portugal,Primeira Liga,football-data.co.uk
league_1b3e1df4d9b89344,2020-10-18,PRIMEIRA_LIGA,2020-21,LEAGUE,,Rio Ave,Benfica,0,3,A,Portugal,Primeira Liga,football-data.co.uk
league_9173f521bd4aa9bc,2020-10-19,PRIMEIRA_LIGA,2020-21,LEAGUE,,Boavista,Guimaraes,0,1,A,Portugal,Primeira Liga,football-data.co.uk
league_bc1c61e8102f5f1c,2020-10-23,PRIMEIRA_LIGA,2020-21,LEAGUE,,Tondela,Portimonense,1,0,H,Portugal,Primeira Liga,football-data.co.uk
league_9f0f8c6f560b552d,2020-10-24,PRIMEIRA_LIGA,2020-21,LEAGUE,,FC Porto,Gil Vicente,1,0,H,Portugal,Primeira Liga,football-data.co.uk
league_e4d2ea8ce18d1997,2020-10-24,PRIMEIRA_LIGA,2020-21,LEAGUE,,Nacional,Pacos Ferreira,1,1,D,Portugal,Primeira Liga,football-data.co.uk
league_d99e073cd6ff75d3,2020-10-24,PRIMEIRA_LIGA,2020-21,LEAGUE,,Santa Clara,Sporting CP,1,2,A,Portugal,Primeira Liga,football-data.co.uk
league_86b5a2eef5cf5a64,2020-10-25,PRIMEIRA_LIGA,2020-21,LEAGUE,,Famalicao,Boavista,2,2,D,Portugal,Primeira Liga,football-data.co.uk
league_797ee53443d6ec9e,2020-10-25,PRIMEIRA_LIGA,2020-21,LEAGUE,,Farense,Rio Ave,0,1,A,Portugal,Primeira Liga,football-data.co.uk
league_fb17d408cddc67c3,2020-10-25,PRIMEIRA_LIGA,2020-21,LEAGUE,,Guimaraes,Sp Braga,0,1,A,Portugal,Primeira Liga,football-data.co.uk
league_56e2398a47801f31,2020-10-25,PRIMEIRA_LIGA,2020-21,LEAGUE,,Moreirense,Maritimo,2,1,H,Portugal,Primeira Liga,football-data.co.uk
league_554191fa21afecc3,2020-10-26,PRIMEIRA_LIGA,2020-21,LEAGUE,,Benfica,Belenenses,2,0,H,Portugal,Primeira Liga,football-data.co.uk
league_3cb7e52a0b58db4d,2020-10-28,PRIMEIRA_LIGA,2020-21,LEAGUE,,Sporting CP,Gil Vicente,3,1,H,Portugal,Primeira Liga,football-data.co.uk
league_e21be7032cac755a,2020-10-30,PRIMEIRA_LIGA,2020-21,LEAGUE,,Pacos Ferreira,FC Porto,3,2,H,Portugal,Primeira Liga,football-data.co.uk
league_3ada1610dd32f51b,2020-10-31,PRIMEIRA_LIGA,2020-21,LEAGUE,,Belenenses,Farense,1,1,D,Portugal,Primeira Liga,football-data.co.uk
league_968125313aa9d278,2020-10-31,PRIMEIRA_LIGA,2020-21,LEAGUE,,Maritimo,Nacional,0,0,D,Portugal,Primeira Liga,football-data.co.uk
league_bd099bad7ea9680f,2020-10-31,PRIMEIRA_LIGA,2020-21,LEAGUE,,Rio Ave,Moreirense,2,0,H,Portugal,Primeira Liga,football-data.co.uk
league_5549543d9d63adc0,2020-11-01,PRIMEIRA_LIGA,2020-21,LEAGUE,,Gil Vicente,Guimaraes,1,2,A,Portugal,Primeira Liga,football-data.co.uk
league_6ef7c1f135034cf4,2020-11-01,PRIMEIRA_LIGA,2020-21,LEAGUE,,Portimonense,Santa Clara,1,2,A,Portugal,Primeira Liga,football-data.co.uk
league_f220bee5e5f834f8,2020-11-01,PRIMEIRA_LIGA,2020-21,LEAGUE,,Sporting CP,Tondela,4,0,H,Portugal,Primeira Liga,football-data.co.uk
league_0a659a65d5dc2ca1,2020-11-02,PRIMEIRA_LIGA,2020-21,LEAGUE,,Boavista,Benfica,3,0,H,Portugal,Primeira Liga,football-data.co.uk
league_237d64e69d05f0ec,2020-11-02,PRIMEIRA_LIGA,2020-21,LEAGUE,,Sp Braga,Famalicao,1,0,H,Portugal,Primeira Liga,football-data.co.uk
league_be1fa2516625ee69,2020-11-06,PRIMEIRA_LIGA,2020-21,LEAGUE,,Belenenses,Rio Ave,0,0,D,Portugal,Primeira Liga,football-data.co.uk
league_c3ab7e0921c14d36,2020-11-07,PRIMEIRA_LIGA,2020-21,LEAGUE,,Famalicao,Maritimo,2,1,H,Portugal,Primeira Liga,football-data.co.uk
league_404f2a582ac3c122,2020-11-07,PRIMEIRA_LIGA,2020-21,LEAGUE,,Guimaraes,Sporting CP,0,4,A,Portugal,Primeira Liga,football-data.co.uk
league_25cdb887fbeb0275,2020-11-07,PRIMEIRA_LIGA,2020-21,LEAGUE,,Tondela,Santa Clara,2,0,H,Portugal,Primeira Liga,football-data.co.uk
league_793d5628e6d249e3,2020-11-08,PRIMEIRA_LIGA,2020-21,LEAGUE,,Benfica,Sp Braga,2,3,A,Portugal,Primeira Liga,football-data.co.uk
league_a66c8bbd63f50a25,2020-11-08,PRIMEIRA_LIGA,2020-21,LEAGUE,,FC Porto,Portimonense,3,1,H,Portugal,Primeira Liga,football-data.co.uk
league_79dcd58ba16fab65,2020-11-08,PRIMEIRA_LIGA,2020-21,LEAGUE,,Farense,Boavista,3,1,H,Portugal,Primeira Liga,football-data.co.uk
league_23c1584f06c4c4c5,2020-11-08,PRIMEIRA_LIGA,2020-21,LEAGUE,,Nacional,Gil Vicente,2,1,H,Portugal,Primeira Liga,football-data.co.uk
league_ea5c7f9aba9bb236,2020-11-27,PRIMEIRA_LIGA,2020-21,LEAGUE,,Pacos Ferreira,Famalicao,2,0,H,Portugal,Primeira Liga,football-data.co.uk
league_e825e21a44b5e782,2020-11-27,PRIMEIRA_LIGA,2020-21,LEAGUE,,Tondela,Guimaraes,0,2,A,Portugal,Primeira Liga,football-data.co.uk
league_225959d6272b8448,2020-11-28,PRIMEIRA_LIGA,2020-21,LEAGUE,,Santa Clara,FC Porto,0,1,A,Portugal,Primeira Liga,football-data.co.uk
league_c00d7f6541adee73,2020-11-28,PRIMEIRA_LIGA,2020-21,LEAGUE,,Sporting CP,Moreirense,2,1,H,Portugal,Primeira Liga,football-data.co.uk
league_42fdf7d18c865cdf,2020-11-29,PRIMEIRA_LIGA,2020-21,LEAGUE,,Boavista,Belenenses,0,0,D,Portugal,Primeira Liga,football-data.co.uk
league_fdc2282b738897f1,2020-11-29,PRIMEIRA_LIGA,2020-21,LEAGUE,,Gil Vicente,Rio Ave,2,0,H,Portugal,Primeira Liga,football-data.co.uk
league_697204a31b769df9,2020-11-29,PRIMEIRA_LIGA,2020-21,LEAGUE,,Portimonense,Nacional,1,0,H,Portugal,Primeira Liga,football-data.co.uk
league_d92c85223d542243,2020-11-29,PRIMEIRA_LIGA,2020-21,LEAGUE,,Sp Braga,Farense,1,0,H,Portugal,Primeira Liga,football-data.co.uk
league_908ce16ec8849716,2020-11-30,PRIMEIRA_LIGA,2020-21,LEAGUE,,Maritimo,Benfica,1,2,A,Portugal,Primeira Liga,football-data.co.uk
league_56de8dc4b539f65f,2020-12-01,PRIMEIRA_LIGA,2020-21,LEAGUE,,Moreirense,Pacos Ferreira,0,1,A,Portugal,Primeira Liga,football-data.co.uk
league_11cbdd1768a26837,2020-12-05,PRIMEIRA_LIGA,2020-21,LEAGUE,,FC Porto,Tondela,4,3,H,Portugal,Primeira Liga,football-data.co.uk
league_a387d8ec33fe92ee,2020-12-05,PRIMEIRA_LIGA,2020-21,LEAGUE,,Famalicao,Sporting CP,2,2,D,Portugal,Primeira Liga,football-data.co.uk
league_448ad50361019a33,2020-12-05,PRIMEIRA_LIGA,2020-21,LEAGUE,,Guimaraes,Portimonense,1,0,H,Portugal,Primeira Liga,football-data.co.uk
league_b9f0ebfb8d5db8f2,2020-12-05,PRIMEIRA_LIGA,2020-21,LEAGUE,,Moreirense,Gil Vicente,1,1,D,Portugal,Primeira Liga,football-data.co.uk
league_bdd1411f5b0710ed,2020-12-06,PRIMEIRA_LIGA,2020-21,LEAGUE,,Belenenses,Sp Braga,2,1,H,Portugal,Primeira Liga,football-data.co.uk
league_b46c0ab4d925bd6b,2020-12-06,PRIMEIRA_LIGA,2020-21,LEAGUE,,Benfica,Pacos Ferreira,2,1,H,Portugal,Primeira Liga,football-data.co.uk
league_dfe5b0edd246b055,2020-12-06,PRIMEIRA_LIGA,2020-21,LEAGUE,,Nacional,Santa Clara,1,3,A,Portugal,Primeira Liga,football-data.co.uk
league_6ff5b31bb04feb30,2020-12-06,PRIMEIRA_LIGA,2020-21,LEAGUE,,Rio Ave,Boavista,0,0,D,Portugal,Primeira Liga,football-data.co.uk
league_a40b5671affaecba,2020-12-07,PRIMEIRA_LIGA,2020-21,LEAGUE,,Farense,Maritimo,2,1,H,Portugal,Primeira Liga,football-data.co.uk
league_4a90b25c74255cdd,2020-12-18,PRIMEIRA_LIGA,2020-21,LEAGUE,,Portimonense,Famalicao,0,0,D,Portugal,Primeira Liga,football-data.co.uk
league_c695e10453d56eed,2020-12-19,PRIMEIRA_LIGA,2020-21,LEAGUE,,Maritimo,Belenenses,1,0,H,Portugal,Primeira Liga,football-data.co.uk
league_1212b848d97986dc,2020-12-19,PRIMEIRA_LIGA,2020-21,LEAGUE,,Sporting CP,Farense,1,0,H,Portugal,Primeira Liga,football-data.co.uk
league_c9cb799255261b91,2020-12-19,PRIMEIRA_LIGA,2020-21,LEAGUE,,Tondela,Moreirense,0,0,D,Portugal,Primeira Liga,football-data.co.uk
league_0ad433e8127e7b1e,2020-12-20,PRIMEIRA_LIGA,2020-21,LEAGUE,,FC Porto,Nacional,2,0,H,Portugal,Primeira Liga,football-data.co.uk
league_bcfacebc552dfa62,2020-12-20,PRIMEIRA_LIGA,2020-21,LEAGUE,,Gil Vicente,Benfica,0,2,A,Portugal,Primeira Liga,football-data.co.uk
league_97cb750394c34863,2020-12-20,PRIMEIRA_LIGA,2020-21,LEAGUE,,Pacos Ferreira,Boavista,1,1,D,Portugal,Primeira Liga,football-data.co.uk
league_12115d9dfbe424ef,2020-12-21,PRIMEIRA_LIGA,2020-21,LEAGUE,,Santa Clara,Guimaraes,0,4,A,Portugal,Primeira Liga,football-data.co.uk
league_bc571c4b2602fc46,2020-12-22,PRIMEIRA_LIGA,2020-21,LEAGUE,,Sp Braga,Rio Ave,3,0,H,Portugal,Primeira Liga,football-data.co.uk
league_665d2beec54b7ad0,2020-12-27,PRIMEIRA_LIGA,2020-21,LEAGUE,,Belenenses,Sporting CP,1,2,A,Portugal,Primeira Liga,football-data.co.uk
league_f185737e7247ec61,2020-12-27,PRIMEIRA_LIGA,2020-21,LEAGUE,,Famalicao,Gil Vicente,0,1,A,Portugal,Primeira Liga,football-data.co.uk
league_87994448a4656ede,2020-12-27,PRIMEIRA_LIGA,2020-21,LEAGUE,,Farense,Pacos Ferreira,1,1,D,Portugal,Primeira Liga,football-data.co.uk
league_8c6e2acd48b5e805,2020-12-27,PRIMEIRA_LIGA,2020-21,LEAGUE,,Nacional,Tondela,2,0,H,Portugal,Primeira Liga,football-data.co.uk
league_70c57cf563243367,2020-12-28,PRIMEIRA_LIGA,2020-21,LEAGUE,,Boavista,Sp Braga,1,4,A,Portugal,Primeira Liga,football-data.co.uk
league_65f4bbbf7e4c2d39,2020-12-28,PRIMEIRA_LIGA,2020-21,LEAGUE,,Rio Ave,Maritimo,1,3,A,Portugal,Primeira Liga,football-data.co.uk
league_5ec02cc5630168b2,2020-12-29,PRIMEIRA_LIGA,2020-21,LEAGUE,,Benfica,Portimonense,2,1,H,Portugal,Primeira Liga,football-data.co.uk
league_93a329883bfa7e14,2020-12-29,PRIMEIRA_LIGA,2020-21,LEAGUE,,Guimaraes,FC Porto,2,3,A,Portugal,Primeira Liga,football-data.co.uk
league_a5923ab864187198,2020-12-29,PRIMEIRA_LIGA,2020-21,LEAGUE,,Moreirense,Santa Clara,1,0,H,Portugal,Primeira Liga,football-data.co.uk
league_7b6bd5cc021a806f,2021-01-02,PRIMEIRA_LIGA,2020-21,LEAGUE,,Sporting CP,Sp Braga,2,0,H,Portugal,Primeira Liga,football-data.co.uk
league_5f7ac93221d9e165,2021-01-03,PRIMEIRA_LIGA,2020-21,LEAGUE,,FC Porto,Moreirense,3,0,H,Portugal,Primeira Liga,football-data.co.uk
league_f734ffc11279153f,2021-01-03,PRIMEIRA_LIGA,2020-21,LEAGUE,,Maritimo,Boavista,0,0,D,Portugal,Primeira Liga,football-data.co.uk
league_25abce9445cfa684,2021-01-03,PRIMEIRA_LIGA,2020-21,LEAGUE,,Pacos Ferreira,Rio Ave,2,0,H,Portugal,Primeira Liga,football-data.co.uk
league_9c5322a67d5df8fc,2021-01-03,PRIMEIRA_LIGA,2020-21,LEAGUE,,Tondela,Famalicao,1,0,H,Portugal,Primeira Liga,football-data.co.uk
league_3b8224b90a41a202,2021-01-04,PRIMEIRA_LIGA,2020-21,LEAGUE,,Gil Vicente,Belenenses,0,0,D,Portugal,Primeira Liga,football-data.co.uk
league_8dd1e0ba90ae8ed4,2021-01-04,PRIMEIRA_LIGA,2020-21,LEAGUE,,Portimonense,Farense,2,0,H,Portugal,Primeira Liga,football-data.co.uk
league_543c719d48ed1621,2021-01-04,PRIMEIRA_LIGA,2020-21,LEAGUE,,Santa Clara,Benfica,1,1,D,Portugal,Primeira Liga,football-data.co.uk
league_e621acdc205f9113,2021-01-07,PRIMEIRA_LIGA,2020-21,LEAGUE,,Sp Braga,Maritimo,2,1,H,Portugal,Primeira Liga,football-data.co.uk
league_cf934cbff1a146bc,2021-01-08,PRIMEIRA_LIGA,2020-21,LEAGUE,,Benfica,Tondela,2,0,H,Portugal,Primeira Liga,football-data.co.uk
league_10b0d0e64f843680,2021-01-08,PRIMEIRA_LIGA,2020-21,LEAGUE,,Famalicao,FC Porto,1,4,A,Portugal,Primeira Liga,football-data.co.uk
league_8fd05d888c730a2e,2021-01-08,PRIMEIRA_LIGA,2020-21,LEAGUE,,Nacional,Sporting CP,0,2,A,Portugal,Primeira Liga,football-data.co.uk
league_07e9b34bdb40b764,2021-01-08,PRIMEIRA_LIGA,2020-21,LEAGUE,,Rio Ave,Portimonense,3,0,H,Portugal,Primeira Liga,football-data.co.uk
league_52c4dcb3bafbd7ce,2021-01-09,PRIMEIRA_LIGA,2020-21,LEAGUE,,Boavista,Santa Clara,1,1,D,Portugal,Primeira Liga,football-data.co.uk
league_a82d028b8beb8175,2021-01-09,PRIMEIRA_LIGA,2020-21,LEAGUE,,Moreirense,Guimaraes,2,2,D,Portugal,Primeira Liga,football-data.co.uk
league_dc3aa43478fd687b,2021-01-10,PRIMEIRA_LIGA,2020-21,LEAGUE,,Belenenses,Pacos Ferreira,0,2,A,Portugal,Primeira Liga,football-data.co.uk
league_3fe5d68aa84aa491,2021-01-10,PRIMEIRA_LIGA,2020-21,LEAGUE,,Farense,Gil Vicente,3,1,H,Portugal,Primeira Liga,football-data.co.uk
league_27d1008e3eb87bba,2021-01-15,PRIMEIRA_LIGA,2020-21,LEAGUE,,FC Porto,Benfica,1,1,D,Portugal,Primeira Liga,football-data.co.uk
league_115e106fe4af4999,2021-01-15,PRIMEIRA_LIGA,2020-21,LEAGUE,,Sporting CP,Rio Ave,1,1,D,Portugal,Primeira Liga,football-data.co.uk
league_3e34d33e00bce1de,2021-01-16,PRIMEIRA_LIGA,2020-21,LEAGUE,,Pacos Ferreira,Sp Braga,2,0,H,Portugal,Primeira Liga,football-data.co.uk
league_413b176b4e10f025,2021-01-16,PRIMEIRA_LIGA,2020-21,LEAGUE,,Tondela,Boavista,3,1,H,Portugal,Primeira Liga,football-data.co.uk
league_e1d4a85214e4be25,2021-01-17,PRIMEIRA_LIGA,2020-21,LEAGUE,,Gil Vicente,Maritimo,0,1,A,Portugal,Primeira Liga,football-data.co.uk
league_20704afe710be91b,2021-01-17,PRIMEIRA_LIGA,2020-21,LEAGUE,,Nacional,Moreirense,0,1,A,Portugal,Primeira Liga,football-data.co.uk
league_03a2bfda999097d2,2021-01-17,PRIMEIRA_LIGA,2020-21,LEAGUE,,Santa Clara,Famalicao,1,2,A,Portugal,Primeira Liga,football-data.co.uk
league_2fdf038ef7da4d56,2021-01-18,PRIMEIRA_LIGA,2020-21,LEAGUE,,Portimonense,Belenenses,1,0,H,Portugal,Primeira Liga,football-data.co.uk
league_ef152eb4d6e15813,2021-01-21,PRIMEIRA_LIGA,2020-21,LEAGUE,,Guimaraes,Nacional,3,1,H,Portugal,Primeira Liga,football-data.co.uk
league_44e464d7c3113629,2021-01-24,PRIMEIRA_LIGA,2020-21,LEAGUE,,Famalicao,Guimaraes,0,1,A,Portugal,Primeira Liga,football-data.co.uk
league_f6958bb48dd3254c,2021-01-24,PRIMEIRA_LIGA,2020-21,LEAGUE,,Maritimo,Pacos Ferreira,0,3,A,Portugal,Primeira Liga,football-data.co.uk
league_a253ec38ad80bd7e,2021-01-24,PRIMEIRA_LIGA,2020-21,LEAGUE,,Moreirense,Portimonense,2,2,D,Portugal,Primeira Liga,football-data.co.uk
league_40212ecd22dd11aa,2021-01-25,PRIMEIRA_LIGA,2020-21,LEAGUE,,Belenenses,Tondela,2,0,H,Portugal,Primeira Liga,football-data.co.uk
league_a44bfbc88531b0d2,2021-01-25,PRIMEIRA_LIGA,2020-21,LEAGUE,,Benfica,Nacional,1,1,D,Portugal,Primeira Liga,football-data.co.uk
league_4dd29254a02f8520,2021-01-25,PRIMEIRA_LIGA,2020-21,LEAGUE,,Farense,FC Porto,0,1,A,Portugal,Primeira Liga,football-data.co.uk
league_d212d38d71320be5,2021-01-25,PRIMEIRA_LIGA,2020-21,LEAGUE,,Rio Ave,Santa Clara,1,2,A,Portugal,Primeira Liga,football-data.co.uk
league_28d70b7809c51c33,2021-01-26,PRIMEIRA_LIGA,2020-21,LEAGUE,,Boavista,Sporting CP,0,2,A,Portugal,Primeira Liga,football-data.co.uk
league_94c587df9f3ba60b,2021-01-26,PRIMEIRA_LIGA,2020-21,LEAGUE,,Sp Braga,Gil Vicente,1,0,H,Portugal,Primeira Liga,football-data.co.uk
league_b3703818e1930b84,2021-01-30,PRIMEIRA_LIGA,2020-21,LEAGUE,,Nacional,Famalicao,2,1,H,Portugal,Primeira Liga,football-data.co.uk
league_38084b3327812f60,2021-01-30,PRIMEIRA_LIGA,2020-21,LEAGUE,,Portimonense,Boavista,1,2,A,Portugal,Primeira Liga,football-data.co.uk
league_cacb317f380b0b60,2021-01-30,PRIMEIRA_LIGA,2020-21,LEAGUE,,Tondela,Farense,2,0,H,Portugal,Primeira Liga,football-data.co.uk
league_9cf6658321c60be6,2021-01-31,PRIMEIRA_LIGA,2020-21,LEAGUE,,Guimaraes,Maritimo,1,0,H,Portugal,Primeira Liga,football-data.co.uk
league_bb73e1c6c8b54a63,2021-02-01,PRIMEIRA_LIGA,2020-21,LEAGUE,,FC Porto,Rio Ave,2,0,H,Portugal,Primeira Liga,football-data.co.uk
league_3b7b27a82985d7ff,2021-02-01,PRIMEIRA_LIGA,2020-21,LEAGUE,,Moreirense,Sp Braga,0,4,A,Portugal,Primeira Liga,football-data.co.uk
league_0e27dfa7a16ce1e0,2021-02-01,PRIMEIRA_LIGA,2020-21,LEAGUE,,Santa Clara,Belenenses,2,0,H,Portugal,Primeira Liga,football-data.co.uk
league_7bdd09fa018b47cd,2021-02-01,PRIMEIRA_LIGA,2020-21,LEAGUE,,Sporting CP,Benfica,1,0,H,Portugal,Primeira Liga,football-data.co.uk
league_32b5f92c356040b9,2021-02-02,PRIMEIRA_LIGA,2020-21,LEAGUE,,Gil Vicente,Pacos Ferreira,1,2,A,Portugal,Primeira Liga,football-data.co.uk
league_fa695b7516b30094,2021-02-04,PRIMEIRA_LIGA,2020-21,LEAGUE,,Belenenses,FC Porto,0,0,D,Portugal,Primeira Liga,football-data.co.uk
league_b9fa939db70bcc29,2021-02-04,PRIMEIRA_LIGA,2020-21,LEAGUE,,Famalicao,Moreirense,0,2,A,Portugal,Primeira Liga,football-data.co.uk
league_3125bb9c610fb503,2021-02-04,PRIMEIRA_LIGA,2020-21,LEAGUE,,Farense,Santa Clara,1,1,D,Portugal,Primeira Liga,football-data.co.uk
league_9e6a1f3a22b43219,2021-02-04,PRIMEIRA_LIGA,2020-21,LEAGUE,,Sp Braga,Portimonense,2,1,H,Portugal,Primeira Liga,football-data.co.uk
league_7fccab3a6afda61e,2021-02-05,PRIMEIRA_LIGA,2020-21,LEAGUE,,Benfica,Guimaraes,0,0,D,Portugal,Primeira Liga,football-data.co.uk
league_3a353d58852bb58a,2021-02-05,PRIMEIRA_LIGA,2020-21,LEAGUE,,Boavista,Gil Vicente,1,2,A,Portugal,Primeira Liga,football-data.co.uk
league_f5bf921e31b4a7f2,2021-02-05,PRIMEIRA_LIGA,2020-21,LEAGUE,,Maritimo,Sporting CP,0,2,A,Portugal,Primeira Liga,football-data.co.uk
league_8fae5ac170d23920,2021-02-05,PRIMEIRA_LIGA,2020-21,LEAGUE,,Pacos Ferreira,Tondela,2,1,H,Portugal,Primeira Liga,football-data.co.uk
league_97463e14189a983b,2021-02-05,PRIMEIRA_LIGA,2020-21,LEAGUE,,Rio Ave,Nacional,0,0,D,Portugal,Primeira Liga,football-data.co.uk
league_03ff8d805978ef2b,2021-02-07,PRIMEIRA_LIGA,2020-21,LEAGUE,,Sp Braga,FC Porto,2,2,D,Portugal,Primeira Liga,football-data.co.uk
league_ce8b8f484c6db9d8,2021-02-08,PRIMEIRA_LIGA,2020-21,LEAGUE,,Belenenses,Guimaraes,1,1,D,Portugal,Primeira Liga,football-data.co.uk
league_17c656b659316f3f,2021-02-08,PRIMEIRA_LIGA,2020-21,LEAGUE,,Benfica,Famalicao,2,0,H,Portugal,Primeira Liga,football-data.co.uk
league_adaec7f5576122c1,2021-02-08,PRIMEIRA_LIGA,2020-21,LEAGUE,,Farense,Moreirense,1,2,A,Portugal,Primeira Liga,football-data.co.uk
league_2ccba2a6fcef278b,2021-02-08,PRIMEIRA_LIGA,2020-21,LEAGUE,,Maritimo,Santa Clara,1,2,A,Portugal,Primeira Liga,football-data.co.uk
league_57a4c8bf0855fd99,2021-02-09,PRIMEIRA_LIGA,2020-21,LEAGUE,,Boavista,Nacional,0,1,A,Portugal,Primeira Liga,football-data.co.uk
league_06c4f72aa75b7ce8,2021-02-09,PRIMEIRA_LIGA,2020-21,LEAGUE,,Gil Vicente,Sporting CP,1,2,A,Portugal,Primeira Liga,football-data.co.uk
league_ec9a8f98b0ed598b,2021-02-09,PRIMEIRA_LIGA,2020-21,LEAGUE,,Pacos Ferreira,Portimonense,0,0,D,Portugal,Primeira Liga,football-data.co.uk
league_9eade37215ef0d19,2021-02-09,PRIMEIRA_LIGA,2020-21,LEAGUE,,Rio Ave,Tondela,2,1,H,Portugal,Primeira Liga,football-data.co.uk
league_0b2e1c6310e64682,2021-02-12,PRIMEIRA_LIGA,2020-21,LEAGUE,,Famalicao,Belenenses,0,0,D,Portugal,Primeira Liga,football-data.co.uk
league_5c57a6f7d0e4e211,2021-02-13,PRIMEIRA_LIGA,2020-21,LEAGUE,,FC Porto,Boavista,2,2,D,Portugal,Primeira Liga,football-data.co.uk
league_f4d7e3dbf3da1d95,2021-02-13,PRIMEIRA_LIGA,2020-21,LEAGUE,,Guimaraes,Rio Ave,1,3,A,Portugal,Primeira Liga,football-data.co.uk
league_e3e8f7ae83f7d475,2021-02-13,PRIMEIRA_LIGA,2020-21,LEAGUE,,Nacional,Farense,2,3,A,Portugal,Primeira Liga,football-data.co.uk
league_3c58558123079cef,2021-02-14,PRIMEIRA_LIGA,2020-21,LEAGUE,,Moreirense,Benfica,1,1,D,Portugal,Primeira Liga,football-data.co.uk
league_691cb0e668a9b34b,2021-02-14,PRIMEIRA_LIGA,2020-21,LEAGUE,,Portimonense,Gil Vicente,4,1,H,Portugal,Primeira Liga,football-data.co.uk
league_67f512aabcf14a2c,2021-02-14,PRIMEIRA_LIGA,2020-21,LEAGUE,,Santa Clara,Sp Braga,0,1,A,Portugal,Primeira Liga,football-data.co.uk
league_865ad88ed2a04647,2021-02-15,PRIMEIRA_LIGA,2020-21,LEAGUE,,Sporting CP,Pacos Ferreira,2,0,H,Portugal,Primeira Liga,football-data.co.uk
league_a37a5940f0abba18,2021-02-16,PRIMEIRA_LIGA,2020-21,LEAGUE,,Tondela,Maritimo,2,1,H,Portugal,Primeira Liga,football-data.co.uk
league_3b27e348f6af6ea0,2021-02-17,PRIMEIRA_LIGA,2020-21,LEAGUE,,Guimaraes,Farense,2,2,D,Portugal,Primeira Liga,football-data.co.uk
league_b5ad57a108f28f22,2021-02-19,PRIMEIRA_LIGA,2020-21,LEAGUE,,Boavista,Moreirense,1,0,H,Portugal,Primeira Liga,football-data.co.uk
league_6acdcb11873764dd,2021-02-20,PRIMEIRA_LIGA,2020-21,LEAGUE,,Belenenses,Nacional,2,1,H,Portugal,Primeira Liga,football-data.co.uk
league_ca67ee16ba5c1586,2021-02-20,PRIMEIRA_LIGA,2020-21,LEAGUE,,Gil Vicente,Santa Clara,1,0,H,Portugal,Primeira Liga,football-data.co.uk
league_4aafc03ee6d925f3,2021-02-20,PRIMEIRA_LIGA,2020-21,LEAGUE,,Sporting CP,Portimonense,2,0,H,Portugal,Primeira Liga,football-data.co.uk
league_e4511d10ba76e338,2021-02-21,PRIMEIRA_LIGA,2020-21,LEAGUE,,Farense,Benfica,0,0,D,Portugal,Primeira Liga,football-data.co.uk
league_a73d248502d81f65,2021-02-21,PRIMEIRA_LIGA,2020-21,LEAGUE,,Pacos Ferreira,Guimaraes,2,1,H,Portugal,Primeira Liga,football-data.co.uk
league_72a8e14a148f5f12,2021-02-21,PRIMEIRA_LIGA,2020-21,LEAGUE,,Rio Ave,Famalicao,0,1,A,Portugal,Primeira Liga,football-data.co.uk
league_334c5d586dbf8ea9,2021-02-21,PRIMEIRA_LIGA,2020-21,LEAGUE,,Sp Braga,Tondela,4,2,H,Portugal,Primeira Liga,football-data.co.uk
league_f5d4705bfa0c2134,2021-02-22,PRIMEIRA_LIGA,2020-21,LEAGUE,,Maritimo,FC Porto,1,2,A,Portugal,Primeira Liga,football-data.co.uk
league_9fdca366fb9cf5f4,2021-02-26,PRIMEIRA_LIGA,2020-21,LEAGUE,,Guimaraes,Boavista,2,1,H,Portugal,Primeira Liga,football-data.co.uk
league_854621fddc6c51ef,2021-02-27,PRIMEIRA_LIGA,2020-21,LEAGUE,,FC Porto,Sporting CP,0,0,D,Portugal,Primeira Liga,football-data.co.uk
league_ff09d1e0db6c3efd,2021-02-27,PRIMEIRA_LIGA,2020-21,LEAGUE,,Famalicao,Farense,0,0,D,Portugal,Primeira Liga,football-data.co.uk
league_ee0ed42596410981,2021-02-27,PRIMEIRA_LIGA,2020-21,LEAGUE,,Santa Clara,Pacos Ferreira,3,0,H,Portugal,Primeira Liga,football-data.co.uk
league_6d49d4e8276dcf56,2021-02-28,PRIMEIRA_LIGA,2020-21,LEAGUE,,Nacional,Sp Braga,1,2,A,Portugal,Primeira Liga,football-data.co.uk
league_2e10cd2d358b15f6,2021-02-28,PRIMEIRA_LIGA,2020-21,LEAGUE,,Portimonense,Maritimo,0,0,D,Portugal,Primeira Liga,football-data.co.uk
league_de3581f7becc88e8,2021-02-28,PRIMEIRA_LIGA,2020-21,LEAGUE,,Tondela,Gil Vicente,1,0,H,Portugal,Primeira Liga,football-data.co.uk
league_f4482338eb0340de,2021-03-01,PRIMEIRA_LIGA,2020-21,LEAGUE,,Benfica,Rio Ave,2,0,H,Portugal,Primeira Liga,football-data.co.uk
league_3b4bcac5c26aeadd,2021-03-01,PRIMEIRA_LIGA,2020-21,LEAGUE,,Moreirense,Belenenses,2,2,D,Portugal,Primeira Liga,football-data.co.uk
league_d07df7af0f0a4bb1,2021-03-05,PRIMEIRA_LIGA,2020-21,LEAGUE,,Pacos Ferreira,Nacional,2,1,H,Portugal,Primeira Liga,football-data.co.uk
league_04dbf49c45907154,2021-03-05,PRIMEIRA_LIGA,2020-21,LEAGUE,,Sporting CP,Santa Clara,2,1,H,Portugal,Primeira Liga,football-data.co.uk
league_43e2cc6a132dd14f,2021-03-06,PRIMEIRA_LIGA,2020-21,LEAGUE,,Boavista,Famalicao,3,0,H,Portugal,Primeira Liga,football-data.co.uk
league_5cc0c4c807f76987,2021-03-06,PRIMEIRA_LIGA,2020-21,LEAGUE,,Gil Vicente,FC Porto,0,2,A,Portugal,Primeira Liga,football-data.co.uk
league_42652d48a920195a,2021-03-06,PRIMEIRA_LIGA,2020-21,LEAGUE,,Portimonense,Tondela,3,0,H,Portugal,Primeira Liga,football-data.co.uk
league_a6b1af8e1d0964a0,2021-03-07,PRIMEIRA_LIGA,2020-21,LEAGUE,,Maritimo,Moreirense,0,2,A,Portugal,Primeira Liga,football-data.co.uk
league_3b735f69eb024b89,2021-03-07,PRIMEIRA_LIGA,2020-21,LEAGUE,,Rio Ave,Farense,2,0,H,Portugal,Primeira Liga,football-data.co.uk
league_e2c0f0da6438066e,2021-03-08,PRIMEIRA_LIGA,2020-21,LEAGUE,,Belenenses,Benfica,0,3,A,Portugal,Primeira Liga,football-data.co.uk
league_8d7158a03743af6a,2021-03-09,PRIMEIRA_LIGA,2020-21,LEAGUE,,Sp Braga,Guimaraes,3,0,H,Portugal,Primeira Liga,football-data.co.uk
league_2c06454f63226776,2021-03-12,PRIMEIRA_LIGA,2020-21,LEAGUE,,Nacional,Maritimo,1,2,A,Portugal,Primeira Liga,football-data.co.uk
league_7b44f43022f521bf,2021-03-13,PRIMEIRA_LIGA,2020-21,LEAGUE,,Benfica,Boavista,2,0,H,Portugal,Primeira Liga,football-data.co.uk
league_26c6e956da90ad90,2021-03-13,PRIMEIRA_LIGA,2020-21,LEAGUE,,Farense,Belenenses,0,1,A,Portugal,Primeira Liga,football-data.co.uk
league_6825a585c14ea8ab,2021-03-13,PRIMEIRA_LIGA,2020-21,LEAGUE,,Santa Clara,Portimonense,2,0,H,Portugal,Primeira Liga,football-data.co.uk
league_7948b3535d0b3ab4,2021-03-13,PRIMEIRA_LIGA,2020-21,LEAGUE,,Tondela,Sporting CP,0,1,A,Portugal,Primeira Liga,football-data.co.uk
league_6d06f3aa4f1e07ac,2021-03-14,PRIMEIRA_LIGA,2020-21,LEAGUE,,FC Porto,Pacos Ferreira,2,0,H,Portugal,Primeira Liga,football-data.co.uk
league_9ab22992311b8621,2021-03-14,PRIMEIRA_LIGA,2020-21,LEAGUE,,Guimaraes,Gil Vicente,2,4,A,Portugal,Primeira Liga,football-data.co.uk
league_b99aebe8813acef0,2021-03-14,PRIMEIRA_LIGA,2020-21,LEAGUE,,Moreirense,Rio Ave,1,1,D,Portugal,Primeira Liga,football-data.co.uk
league_3c5e7f3651340c52,2021-03-15,PRIMEIRA_LIGA,2020-21,LEAGUE,,Famalicao,Sp Braga,2,2,D,Portugal,Primeira Liga,football-data.co.uk
league_16990b57e2e52a6a,2021-03-19,PRIMEIRA_LIGA,2020-21,LEAGUE,,Gil Vicente,Nacional,2,0,H,Portugal,Primeira Liga,football-data.co.uk
league_7d02aa9dc1baba0a,2021-03-20,PRIMEIRA_LIGA,2020-21,LEAGUE,,Pacos Ferreira,Moreirense,3,0,H,Portugal,Primeira Liga,football-data.co.uk
league_b2e24a016b0b8d85,2021-03-20,PRIMEIRA_LIGA,2020-21,LEAGUE,,Portimonense,FC Porto,1,2,A,Portugal,Primeira Liga,football-data.co.uk
league_d66f4cc9493d16f4,2021-03-20,PRIMEIRA_LIGA,2020-21,LEAGUE,,Santa Clara,Tondela,1,1,D,Portugal,Primeira Liga,football-data.co.uk
league_f11a1c90f1c7c120,2021-03-20,PRIMEIRA_LIGA,2020-21,LEAGUE,,Sporting CP,Guimaraes,1,0,H,Portugal,Primeira Liga,football-data.co.uk
league_8b44fc06aa2de5be,2021-03-21,PRIMEIRA_LIGA,2020-21,LEAGUE,,Boavista,Farense,0,1,A,Portugal,Primeira Liga,football-data.co.uk
league_2e16d6e8c5031605,2021-03-21,PRIMEIRA_LIGA,2020-21,LEAGUE,,Maritimo,Famalicao,0,4,A,Portugal,Primeira Liga,football-data.co.uk
league_b94bafe91f3187ee,2021-03-21,PRIMEIRA_LIGA,2020-21,LEAGUE,,Rio Ave,Belenenses,0,0,D,Portugal,Primeira Liga,football-data.co.uk
league_f79dec90635d5492,2021-03-21,PRIMEIRA_LIGA,2020-21,LEAGUE,,Sp Braga,Benfica,0,2,A,Portugal,Primeira Liga,football-data.co.uk
league_bc0a06b9e4dca87c,2021-04-02,PRIMEIRA_LIGA,2020-21,LEAGUE,,Nacional,Portimonense,1,5,A,Portugal,Primeira Liga,football-data.co.uk
league_eacd0774a2c2e865,2021-04-03,PRIMEIRA_LIGA,2020-21,LEAGUE,,FC Porto,Santa Clara,2,1,H,Portugal,Primeira Liga,football-data.co.uk
league_f8aefe04c77d2f10,2021-04-03,PRIMEIRA_LIGA,2020-21,LEAGUE,,Rio Ave,Gil Vicente,0,2,A,Portugal,Primeira Liga,football-data.co.uk
league_ba2a49fabf9d8f89,2021-04-04,PRIMEIRA_LIGA,2020-21,LEAGUE,,Belenenses,Boavista,0,2,A,Portugal,Primeira Liga,football-data.co.uk
league_dc3b587ee0a403bb,2021-04-04,PRIMEIRA_LIGA,2020-21,LEAGUE,,Famalicao,Pacos Ferreira,2,0,H,Portugal,Primeira Liga,football-data.co.uk
league_82d1f94a74e8f88f,2021-04-04,PRIMEIRA_LIGA,2020-21,LEAGUE,,Guimaraes,Tondela,1,2,A,Portugal,Primeira Liga,football-data.co.uk
league_87680cc479151a4d,2021-04-05,PRIMEIRA_LIGA,2020-21,LEAGUE,,Benfica,Maritimo,1,0,H,Portugal,Primeira Liga,football-data.co.uk
league_0392f177d20e4d30,2021-04-05,PRIMEIRA_LIGA,2020-21,LEAGUE,,Farense,Sp Braga,1,2,A,Portugal,Primeira Liga,football-data.co.uk
league_945b91d5954a4bdc,2021-04-05,PRIMEIRA_LIGA,2020-21,LEAGUE,,Moreirense,Sporting CP,1,1,D,Portugal,Primeira Liga,football-data.co.uk
league_4f6b4183bc2f6ce9,2021-04-09,PRIMEIRA_LIGA,2020-21,LEAGUE,,Portimonense,Guimaraes,3,0,H,Portugal,Primeira Liga,football-data.co.uk
league_d91bd5eccec4baff,2021-04-10,PRIMEIRA_LIGA,2020-21,LEAGUE,,Boavista,Rio Ave,3,3,D,Portugal,Primeira Liga,football-data.co.uk
league_f860aaa2ffc4e9cd,2021-04-10,PRIMEIRA_LIGA,2020-21,LEAGUE,,Maritimo,Farense,1,0,H,Portugal,Primeira Liga,football-data.co.uk
league_fc628bbd61aa9bd3,2021-04-10,PRIMEIRA_LIGA,2020-21,LEAGUE,,Pacos Ferreira,Benfica,0,5,A,Portugal,Primeira Liga,football-data.co.uk
league_b300d843b387e422,2021-04-10,PRIMEIRA_LIGA,2020-21,LEAGUE,,Tondela,FC Porto,0,2,A,Portugal,Primeira Liga,football-data.co.uk
league_8df152341f4fe4da,2021-04-11,PRIMEIRA_LIGA,2020-21,LEAGUE,,Gil Vicente,Moreirense,1,2,A,Portugal,Primeira Liga,football-data.co.uk
league_4fd0c4499999f8cd,2021-04-11,PRIMEIRA_LIGA,2020-21,LEAGUE,,Santa Clara,Nacional,5,1,H,Portugal,Primeira Liga,football-data.co.uk
league_fc53f5e154fdeeb5,2021-04-11,PRIMEIRA_LIGA,2020-21,LEAGUE,,Sp Braga,Belenenses,1,1,D,Portugal,Primeira Liga,football-data.co.uk
league_76af502c2d483f05,2021-04-11,PRIMEIRA_LIGA,2020-21,LEAGUE,,Sporting CP,Famalicao,1,1,D,Portugal,Primeira Liga,football-data.co.uk
league_0095fe511e0228fa,2021-04-16,PRIMEIRA_LIGA,2020-21,LEAGUE,,Boavista,Pacos Ferreira,2,0,H,Portugal,Primeira Liga,football-data.co.uk
league_85bfb5afe20bfeca,2021-04-16,PRIMEIRA_LIGA,2020-21,LEAGUE,,Farense,Sporting CP,0,1,A,Portugal,Primeira Liga,football-data.co.uk
league_a03832ca2a6a2e69,2021-04-17,PRIMEIRA_LIGA,2020-21,LEAGUE,,Belenenses,Maritimo,2,0,H,Portugal,Primeira Liga,football-data.co.uk
league_e93e9004f1b7658b,2021-04-17,PRIMEIRA_LIGA,2020-21,LEAGUE,,Benfica,Gil Vicente,1,2,A,Portugal,Primeira Liga,football-data.co.uk
league_d918156f8aaa9cb3,2021-04-17,PRIMEIRA_LIGA,2020-21,LEAGUE,,Guimaraes,Santa Clara,1,0,H,Portugal,Primeira Liga,football-data.co.uk
league_5b4c300b0dc0b9ec,2021-04-17,PRIMEIRA_LIGA,2020-21,LEAGUE,,Moreirense,Tondela,2,3,A,Portugal,Primeira Liga,football-data.co.uk
league_3900e7b59c39558c,2021-04-17,PRIMEIRA_LIGA,2020-21,LEAGUE,,Rio Ave,Sp Braga,0,0,D,Portugal,Primeira Liga,football-data.co.uk
league_02884ce67a7d4a42,2021-04-18,PRIMEIRA_LIGA,2020-21,LEAGUE,,Famalicao,Portimonense,0,1,A,Portugal,Primeira Liga,football-data.co.uk
league_c15419f9a813de6a,2021-04-18,PRIMEIRA_LIGA,2020-21,LEAGUE,,Nacional,FC Porto,0,1,A,Portugal,Primeira Liga,football-data.co.uk
league_5812c98291d26873,2021-04-20,PRIMEIRA_LIGA,2020-21,LEAGUE,,Pacos Ferreira,Farense,0,2,A,Portugal,Primeira Liga,football-data.co.uk
league_e895489e730c70ca,2021-04-21,PRIMEIRA_LIGA,2020-21,LEAGUE,,Maritimo,Rio Ave,1,0,H,Portugal,Primeira Liga,football-data.co.uk
league_c4d9a9cb7dca5ad8,2021-04-21,PRIMEIRA_LIGA,2020-21,LEAGUE,,Santa Clara,Moreirense,0,0,D,Portugal,Primeira Liga,football-data.co.uk
league_9282ed044cb61870,2021-04-21,PRIMEIRA_LIGA,2020-21,LEAGUE,,Sp Braga,Boavista,2,1,H,Portugal,Primeira Liga,football-data.co.uk
league_f25ff4762530ece7,2021-04-21,PRIMEIRA_LIGA,2020-21,LEAGUE,,Sporting CP,Belenenses,2,2,D,Portugal,Primeira Liga,football-data.co.uk
league_0b6061d6cc91e6aa,2021-04-22,PRIMEIRA_LIGA,2020-21,LEAGUE,,FC Porto,Guimaraes,1,0,H,Portugal,Primeira Liga,football-data.co.uk
league_fd8bcff5b75a012c,2021-04-22,PRIMEIRA_LIGA,2020-21,LEAGUE,,Gil Vicente,Famalicao,0,3,A,Portugal,Primeira Liga,football-data.co.uk
league_ae1bc2c7f962783f,2021-04-22,PRIMEIRA_LIGA,2020-21,LEAGUE,,Portimonense,Benfica,1,5,A,Portugal,Primeira Liga,football-data.co.uk
league_f70bc7cbec69ce5a,2021-04-22,PRIMEIRA_LIGA,2020-21,LEAGUE,,Tondela,Nacional,2,1,H,Portugal,Primeira Liga,football-data.co.uk
league_c038b97b92bc24c9,2021-04-25,PRIMEIRA_LIGA,2020-21,LEAGUE,,Boavista,Maritimo,0,1,A,Portugal,Primeira Liga,football-data.co.uk
league_1c2e9ff3ca8c1b67,2021-04-25,PRIMEIRA_LIGA,2020-21,LEAGUE,,Rio Ave,Pacos Ferreira,1,1,D,Portugal,Primeira Liga,football-data.co.uk
league_df8c1c533fc3588b,2021-04-25,PRIMEIRA_LIGA,2020-21,LEAGUE,,Sp Braga,Sporting CP,0,1,A,Portugal,Primeira Liga,football-data.co.uk
league_4f30f658bcb0a1af,2021-04-26,PRIMEIRA_LIGA,2020-21,LEAGUE,,Belenenses,Gil Vicente,2,1,H,Portugal,Primeira Liga,football-data.co.uk
league_11ccb3c145c10a71,2021-04-26,PRIMEIRA_LIGA,2020-21,LEAGUE,,Benfica,Santa Clara,2,1,H,Portugal,Primeira Liga,football-data.co.uk
league_40047fb5acb0cfd4,2021-04-26,PRIMEIRA_LIGA,2020-21,LEAGUE,,Famalicao,Tondela,2,2,D,Portugal,Primeira Liga,football-data.co.uk
league_a13137ef6104e301,2021-04-26,PRIMEIRA_LIGA,2020-21,LEAGUE,,Moreirense,FC Porto,1,1,D,Portugal,Primeira Liga,football-data.co.uk
league_ffe9ac24ee928a77,2021-04-26,PRIMEIRA_LIGA,2020-21,LEAGUE,,Nacional,Guimaraes,1,0,H,Portugal,Primeira Liga,football-data.co.uk
league_4a16381ce083ac28,2021-04-27,PRIMEIRA_LIGA,2020-21,LEAGUE,,Farense,Portimonense,1,1,D,Portugal,Primeira Liga,football-data.co.uk
league_fdd45f8b28e03532,2021-04-29,PRIMEIRA_LIGA,2020-21,LEAGUE,,Maritimo,Sp Braga,1,0,H,Portugal,Primeira Liga,football-data.co.uk
league_483c5e3d74d7e84b,2021-04-30,PRIMEIRA_LIGA,2020-21,LEAGUE,,FC Porto,Famalicao,3,2,H,Portugal,Primeira Liga,football-data.co.uk
league_759640d056e8e4be,2021-04-30,PRIMEIRA_LIGA,2020-21,LEAGUE,,Guimaraes,Moreirense,2,0,H,Portugal,Primeira Liga,football-data.co.uk
league_42d94001b7f530f2,2021-04-30,PRIMEIRA_LIGA,2020-21,LEAGUE,,Pacos Ferreira,Belenenses,1,0,H,Portugal,Primeira Liga,football-data.co.uk
league_2cb22a3dbab1b2b3,2021-04-30,PRIMEIRA_LIGA,2020-21,LEAGUE,,Tondela,Benfica,0,2,A,Portugal,Primeira Liga,football-data.co.uk
league_128427873b3b7a31,2021-05-01,PRIMEIRA_LIGA,2020-21,LEAGUE,,Gil Vicente,Farense,0,0,D,Portugal,Primeira Liga,football-data.co.uk
league_45bb14cb3250fe9e,2021-05-01,PRIMEIRA_LIGA,2020-21,LEAGUE,,Portimonense,Rio Ave,0,0,D,Portugal,Primeira Liga,football-data.co.uk
league_c1dea4e5b19ef8e9,2021-05-01,PRIMEIRA_LIGA,2020-21,LEAGUE,,Santa Clara,Boavista,3,3,D,Portugal,Primeira Liga,football-data.co.uk
league_49d61e47e403ae4c,2021-05-01,PRIMEIRA_LIGA,2020-21,LEAGUE,,Sporting CP,Nacional,2,0,H,Portugal,Primeira Liga,football-data.co.uk
league_91f29b556abf160b,2021-05-05,PRIMEIRA_LIGA,2020-21,LEAGUE,,Maritimo,Gil Vicente,0,1,A,Portugal,Primeira Liga,football-data.co.uk
league_735287e9d5a2c0f4,2021-05-05,PRIMEIRA_LIGA,2020-21,LEAGUE,,Rio Ave,Sporting CP,0,2,A,Portugal,Primeira Liga,football-data.co.uk
league_ddab770326f24e14,2021-05-05,PRIMEIRA_LIGA,2020-21,LEAGUE,,Sp Braga,Pacos Ferreira,1,1,D,Portugal,Primeira Liga,football-data.co.uk
league_8a51df99fec56967,2021-05-06,PRIMEIRA_LIGA,2020-21,LEAGUE,,Belenenses,Portimonense,1,0,H,Portugal,Primeira Liga,football-data.co.uk
league_70022a31745ba19f,2021-05-06,PRIMEIRA_LIGA,2020-21,LEAGUE,,Benfica,FC Porto,1,1,D,Portugal,Primeira Liga,football-data.co.uk
league_1f8ef7f0dbc59c20,2021-05-06,PRIMEIRA_LIGA,2020-21,LEAGUE,,Farense,Guimaraes,2,2,D,Portugal,Primeira Liga,football-data.co.uk
league_7ca6cd560621daf5,2021-05-06,PRIMEIRA_LIGA,2020-21,LEAGUE,,Moreirense,Nacional,2,2,D,Portugal,Primeira Liga,football-data.co.uk
league_5951fea5127ed7fb,2021-05-07,PRIMEIRA_LIGA,2020-21,LEAGUE,,Boavista,Tondela,1,1,D,Portugal,Primeira Liga,football-data.co.uk
league_b3f9106b6f217e58,2021-05-07,PRIMEIRA_LIGA,2020-21,LEAGUE,,Famalicao,Santa Clara,1,0,H,Portugal,Primeira Liga,football-data.co.uk
league_ffcfa86f689ddf5b,2021-05-09,PRIMEIRA_LIGA,2020-21,LEAGUE,,Gil Vicente,Sp Braga,1,1,D,Portugal,Primeira Liga,football-data.co.uk
league_9b760e4a66af9dab,2021-05-09,PRIMEIRA_LIGA,2020-21,LEAGUE,,Pacos Ferreira,Maritimo,1,1,D,Portugal,Primeira Liga,football-data.co.uk
league_c82af69bfd2219d6,2021-05-10,PRIMEIRA_LIGA,2020-21,LEAGUE,,FC Porto,Farense,5,1,H,Portugal,Primeira Liga,football-data.co.uk
league_cd3065aa429ec1e7,2021-05-10,PRIMEIRA_LIGA,2020-21,LEAGUE,,Portimonense,Moreirense,1,2,A,Portugal,Primeira Liga,football-data.co.uk
league_32b8f58e70683dda,2021-05-11,PRIMEIRA_LIGA,2020-21,LEAGUE,,Nacional,Benfica,1,3,A,Portugal,Primeira Liga,football-data.co.uk
league_0046063374c05282,2021-05-11,PRIMEIRA_LIGA,2020-21,LEAGUE,,Santa Clara,Rio Ave,1,0,H,Portugal,Primeira Liga,football-data.co.uk
league_a2fa1df581039384,2021-05-11,PRIMEIRA_LIGA,2020-21,LEAGUE,,Sporting CP,Boavista,1,0,H,Portugal,Primeira Liga,football-data.co.uk
league_5f02e7d533c73bbe,2021-05-11,PRIMEIRA_LIGA,2020-21,LEAGUE,,Tondela,Belenenses,1,3,A,Portugal,Primeira Liga,football-data.co.uk
league_7a541f0db0d1523c,2021-05-12,PRIMEIRA_LIGA,2020-21,LEAGUE,,Guimaraes,Famalicao,1,2,A,Portugal,Primeira Liga,football-data.co.uk
league_12d758ff5f124cf6,2021-05-14,PRIMEIRA_LIGA,2020-21,LEAGUE,,Pacos Ferreira,Gil Vicente,0,2,A,Portugal,Primeira Liga,football-data.co.uk
league_f1ce192c24267c89,2021-05-14,PRIMEIRA_LIGA,2020-21,LEAGUE,,Sp Braga,Moreirense,2,1,H,Portugal,Primeira Liga,football-data.co.uk
league_56c7ee7093fca31b,2021-05-15,PRIMEIRA_LIGA,2020-21,LEAGUE,,Benfica,Sporting CP,4,3,H,Portugal,Primeira Liga,football-data.co.uk
league_73af9a1cf13b3314,2021-05-15,PRIMEIRA_LIGA,2020-21,LEAGUE,,Boavista,Portimonense,1,0,H,Portugal,Primeira Liga,football-data.co.uk
league_7aaa0cdbec2bbd43,2021-05-15,PRIMEIRA_LIGA,2020-21,LEAGUE,,Farense,Tondela,1,0,H,Portugal,Primeira Liga,football-data.co.uk
league_d1f580dfb6dc635b,2021-05-15,PRIMEIRA_LIGA,2020-21,LEAGUE,,Rio Ave,FC Porto,0,3,A,Portugal,Primeira Liga,football-data.co.uk
league_03b2ac6fdd6d4aee,2021-05-16,PRIMEIRA_LIGA,2020-21,LEAGUE,,Belenenses,Santa Clara,0,2,A,Portugal,Primeira Liga,football-data.co.uk
league_8f73b860e45f86c7,2021-05-16,PRIMEIRA_LIGA,2020-21,LEAGUE,,Famalicao,Nacional,3,0,H,Portugal,Primeira Liga,football-data.co.uk
league_6080ade695a68c13,2021-05-16,PRIMEIRA_LIGA,2020-21,LEAGUE,,Maritimo,Guimaraes,0,0,D,Portugal,Primeira Liga,football-data.co.uk
league_21ea88ed4016d37e,2021-05-18,PRIMEIRA_LIGA,2020-21,LEAGUE,,Tondela,Pacos Ferreira,2,3,A,Portugal,Primeira Liga,football-data.co.uk
league_83ad199c2fd2c9cd,2021-05-19,PRIMEIRA_LIGA,2020-21,LEAGUE,,FC Porto,Belenenses,4,0,H,Portugal,Primeira Liga,football-data.co.uk
league_cf62b2fbfb58a8ab,2021-05-19,PRIMEIRA_LIGA,2020-21,LEAGUE,,Gil Vicente,Boavista,1,2,A,Portugal,Primeira Liga,football-data.co.uk
league_8fd3191cab89c11b,2021-05-19,PRIMEIRA_LIGA,2020-21,LEAGUE,,Guimaraes,Benfica,1,3,A,Portugal,Primeira Liga,football-data.co.uk
league_9920d4947bbc4a8a,2021-05-19,PRIMEIRA_LIGA,2020-21,LEAGUE,,Moreirense,Famalicao,3,0,H,Portugal,Primeira Liga,football-data.co.uk
league_741456b7476271eb,2021-05-19,PRIMEIRA_LIGA,2020-21,LEAGUE,,Nacional,Rio Ave,1,2,A,Portugal,Primeira Liga,football-data.co.uk
league_d1d090e51e80b100,2021-05-19,PRIMEIRA_LIGA,2020-21,LEAGUE,,Portimonense,Sp Braga,0,0,D,Portugal,Primeira Liga,football-data.co.uk
league_d80ff17a13f3df7a,2021-05-19,PRIMEIRA_LIGA,2020-21,LEAGUE,,Santa Clara,Farense,4,0,H,Portugal,Primeira Liga,football-data.co.uk
league_54c7be6924656a72,2021-05-19,PRIMEIRA_LIGA,2020-21,LEAGUE,,Sporting CP,Maritimo,5,1,H,Portugal,Primeira Liga,football-data.co.uk
league_3018a74ec061791d,2021-08-06,PRIMEIRA_LIGA,2021-22,LEAGUE,,Sporting CP,Vizela,3,0,H,Portugal,Primeira Liga,football-data.co.uk
league_b4fff61b84c2aa90,2021-08-07,PRIMEIRA_LIGA,2021-22,LEAGUE,,Arouca,Estoril,0,2,A,Portugal,Primeira Liga,football-data.co.uk
league_38bb08a31a86fb87,2021-08-07,PRIMEIRA_LIGA,2021-22,LEAGUE,,Maritimo,Sp Braga,0,2,A,Portugal,Primeira Liga,football-data.co.uk
league_20fa4b7bae3e2b5f,2021-08-07,PRIMEIRA_LIGA,2021-22,LEAGUE,,Moreirense,Benfica,1,2,A,Portugal,Primeira Liga,football-data.co.uk
league_1eac44af220b9fc8,2021-08-08,PRIMEIRA_LIGA,2021-22,LEAGUE,,FC Porto,Belenenses,2,0,H,Portugal,Primeira Liga,football-data.co.uk
league_433b4c5ffe395dbf,2021-08-08,PRIMEIRA_LIGA,2021-22,LEAGUE,,Guimaraes,Portimonense,0,1,A,Portugal,Primeira Liga,football-data.co.uk
league_b0d86b821836bd3d,2021-08-08,PRIMEIRA_LIGA,2021-22,LEAGUE,,Pacos Ferreira,Famalicao,2,0,H,Portugal,Primeira Liga,football-data.co.uk
league_a4735bf6ecb51db2,2021-08-08,PRIMEIRA_LIGA,2021-22,LEAGUE,,Tondela,Santa Clara,3,0,H,Portugal,Primeira Liga,football-data.co.uk
league_02542e4855f2e0a0,2021-08-09,PRIMEIRA_LIGA,2021-22,LEAGUE,,Gil Vicente,Boavista,3,0,H,Portugal,Primeira Liga,football-data.co.uk
league_5d041e4bf6b38c88,2021-08-13,PRIMEIRA_LIGA,2021-22,LEAGUE,,Estoril,Guimaraes,0,0,D,Portugal,Primeira Liga,football-data.co.uk
league_1627b70572b4061a,2021-08-14,PRIMEIRA_LIGA,2021-22,LEAGUE,,Benfica,Arouca,2,0,H,Portugal,Primeira Liga,football-data.co.uk
league_7e7fd9b398d94bd9,2021-08-14,PRIMEIRA_LIGA,2021-22,LEAGUE,,Sp Braga,Sporting CP,1,2,A,Portugal,Primeira Liga,football-data.co.uk
league_d7e8f7dd7b821071,2021-08-14,PRIMEIRA_LIGA,2021-22,LEAGUE,,Vizela,Tondela,2,1,H,Portugal,Primeira Liga,football-data.co.uk
league_01c504beb5ab1d3c,2021-08-15,PRIMEIRA_LIGA,2021-22,LEAGUE,,Famalicao,FC Porto,1,2,A,Portugal,Primeira Liga,football-data.co.uk
league_33a32495ad5a1db8,2021-08-15,PRIMEIRA_LIGA,2021-22,LEAGUE,,Portimonense,Gil Vicente,0,1,A,Portugal,Primeira Liga,football-data.co.uk
league_548dfffcb22f2a77,2021-08-15,PRIMEIRA_LIGA,2021-22,LEAGUE,,Santa Clara,Moreirense,2,2,D,Portugal,Primeira Liga,football-data.co.uk
league_fcc87ca4fcec2b95,2021-08-16,PRIMEIRA_LIGA,2021-22,LEAGUE,,Belenenses,Maritimo,1,2,A,Portugal,Primeira Liga,football-data.co.uk
league_698a8edb3f5801a6,2021-08-16,PRIMEIRA_LIGA,2021-22,LEAGUE,,Boavista,Pacos Ferreira,3,0,H,Portugal,Primeira Liga,football-data.co.uk
league_88bf166eea0f3882,2021-08-20,PRIMEIRA_LIGA,2021-22,LEAGUE,,Arouca,Famalicao,2,1,H,Portugal,Primeira Liga,football-data.co.uk
league_ab2f5d096973cd6b,2021-08-20,PRIMEIRA_LIGA,2021-22,LEAGUE,,Moreirense,Sp Braga,2,3,A,Portugal,Primeira Liga,football-data.co.uk
league_7e1ca421e0502ce8,2021-08-21,PRIMEIRA_LIGA,2021-22,LEAGUE,,Gil Vicente,Benfica,0,2,A,Portugal,Primeira Liga,football-data.co.uk
league_7cb1cd38c53399d7,2021-08-21,PRIMEIRA_LIGA,2021-22,LEAGUE,,Sporting CP,Belenenses,2,0,H,Portugal,Primeira Liga,football-data.co.uk
league_5f1564b60eba02cb,2021-08-22,PRIMEIRA_LIGA,2021-22,LEAGUE,,Guimaraes,Vizela,4,0,H,Portugal,Primeira Liga,football-data.co.uk
league_114ed5b7c9215e51,2021-08-22,PRIMEIRA_LIGA,2021-22,LEAGUE,,Maritimo,FC Porto,1,1,D,Portugal,Primeira Liga,football-data.co.uk
league_8c0464046f5b10e8,2021-08-22,PRIMEIRA_LIGA,2021-22,LEAGUE,,Tondela,Portimonense,0,3,A,Portugal,Primeira Liga,football-data.co.uk
league_ff9c5705c533c0f3,2021-08-23,PRIMEIRA_LIGA,2021-22,LEAGUE,,Boavista,Santa Clara,2,0,H,Portugal,Primeira Liga,football-data.co.uk
league_ec101dc2991b85e0,2021-08-23,PRIMEIRA_LIGA,2021-22,LEAGUE,,Pacos Ferreira,Estoril,1,3,A,Portugal,Primeira Liga,football-data.co.uk
league_0df881e287b9a366,2021-08-27,PRIMEIRA_LIGA,2021-22,LEAGUE,,Belenenses,Moreirense,1,1,D,Portugal,Primeira Liga,football-data.co.uk
league_ad597607848438ce,2021-08-27,PRIMEIRA_LIGA,2021-22,LEAGUE,,Estoril,Maritimo,2,1,H,Portugal,Primeira Liga,football-data.co.uk
league_f2bd71593a38ff6d,2021-08-28,PRIMEIRA_LIGA,2021-22,LEAGUE,,FC Porto,Arouca,3,0,H,Portugal,Primeira Liga,football-data.co.uk
league_6d01a73b68939610,2021-08-28,PRIMEIRA_LIGA,2021-22,LEAGUE,,Famalicao,Sporting CP,1,1,D,Portugal,Primeira Liga,football-data.co.uk
league_f2f9a239eb3e0c59,2021-08-28,PRIMEIRA_LIGA,2021-22,LEAGUE,,Vizela,Boavista,1,1,D,Portugal,Primeira Liga,football-data.co.uk
league_20035890f6ad3eaf,2021-08-29,PRIMEIRA_LIGA,2021-22,LEAGUE,,Benfica,Tondela,2,1,H,Portugal,Primeira Liga,football-data.co.uk
league_2890c37ebb140bf8,2021-08-29,PRIMEIRA_LIGA,2021-22,LEAGUE,,Portimonense,Pacos Ferreira,0,1,A,Portugal,Primeira Liga,football-data.co.uk
league_1ee65f887995669d,2021-08-29,PRIMEIRA_LIGA,2021-22,LEAGUE,,Santa Clara,Gil Vicente,1,0,H,Portugal,Primeira Liga,football-data.co.uk
league_c5b80bce4dc493ff,2021-08-29,PRIMEIRA_LIGA,2021-22,LEAGUE,,Sp Braga,Guimaraes,0,0,D,Portugal,Primeira Liga,football-data.co.uk
league_6b658bb09a811809,2021-09-11,PRIMEIRA_LIGA,2021-22,LEAGUE,,Pacos Ferreira,Sp Braga,0,0,D,Portugal,Primeira Liga,football-data.co.uk
league_fb079694e1cbfbc2,2021-09-11,PRIMEIRA_LIGA,2021-22,LEAGUE,,Santa Clara,Benfica,0,5,A,Portugal,Primeira Liga,football-data.co.uk
league_21c1e4024e7be10a,2021-09-11,PRIMEIRA_LIGA,2021-22,LEAGUE,,Sporting CP,FC Porto,1,1,D,Portugal,Primeira Liga,football-data.co.uk
league_09f753a4a5a20cbb,2021-09-12,PRIMEIRA_LIGA,2021-22,LEAGUE,,Boavista,Portimonense,1,1,D,Portugal,Primeira Liga,football-data.co.uk
league_f3b857cba8f17114,2021-09-12,PRIMEIRA_LIGA,2021-22,LEAGUE,,Gil Vicente,Vizela,2,2,D,Portugal,Primeira Liga,football-data.co.uk
league_09af9b653dbb89dc,2021-09-12,PRIMEIRA_LIGA,2021-22,LEAGUE,,Guimaraes,Belenenses,0,0,D,Portugal,Primeira Liga,football-data.co.uk
league_c69e0b5021b76814,2021-09-12,PRIMEIRA_LIGA,2021-22,LEAGUE,,Moreirense,Famalicao,2,2,D,Portugal,Primeira Liga,football-data.co.uk
league_b55208ef1eb60542,2021-09-13,PRIMEIRA_LIGA,2021-22,LEAGUE,,Maritimo,Arouca,2,2,D,Portugal,Primeira Liga,football-data.co.uk
league_9958c04ec1083542,2021-09-13,PRIMEIRA_LIGA,2021-22,LEAGUE,,Tondela,Estoril,1,2,A,Portugal,Primeira Liga,football-data.co.uk
league_52b20f6d5dcc865b,2021-09-17,PRIMEIRA_LIGA,2021-22,LEAGUE,,Portimonense,Santa Clara,2,1,H,Portugal,Primeira Liga,football-data.co.uk
league_1bbd6be2fcb8a6c3,2021-09-18,PRIMEIRA_LIGA,2021-22,LEAGUE,,Arouca,Guimaraes,2,2,D,Portugal,Primeira Liga,football-data.co.uk
league_a7a30c1224b5e7cc,2021-09-18,PRIMEIRA_LIGA,2021-22,LEAGUE,,Belenenses,Gil Vicente,1,1,D,Portugal,Primeira Liga,football-data.co.uk
league_d456d076a1c7ee07,2021-09-18,PRIMEIRA_LIGA,2021-22,LEAGUE,,Famalicao,Maritimo,0,0,D,Portugal,Primeira Liga,football-data.co.uk
league_4c3d5e5eab679cf4,2021-09-19,PRIMEIRA_LIGA,2021-22,LEAGUE,,Estoril,Sporting CP,0,1,A,Portugal,Primeira Liga,football-data.co.uk
league_562656efe1ed6ac9,2021-09-19,PRIMEIRA_LIGA,2021-22,LEAGUE,,FC Porto,Moreirense,5,0,H,Portugal,Primeira Liga,football-data.co.uk
league_31e220dd1ca5f0b8,2021-09-19,PRIMEIRA_LIGA,2021-22,LEAGUE,,Vizela,Pacos Ferreira,1,1,D,Portugal,Primeira Liga,football-data.co.uk
league_5aecf3932bce654a,2021-09-20,PRIMEIRA_LIGA,2021-22,LEAGUE,,Benfica,Boavista,3,1,H,Portugal,Primeira Liga,football-data.co.uk
league_46a47d1778fd4d05,2021-09-20,PRIMEIRA_LIGA,2021-22,LEAGUE,,Sp Braga,Tondela,3,1,H,Portugal,Primeira Liga,football-data.co.uk
league_7dc529e90047279b,2021-09-24,PRIMEIRA_LIGA,2021-22,LEAGUE,,Gil Vicente,FC Porto,1,2,A,Portugal,Primeira Liga,football-data.co.uk
league_3fdf9f540a695c5a,2021-09-24,PRIMEIRA_LIGA,2021-22,LEAGUE,,Sporting CP,Maritimo,1,0,H,Portugal,Primeira Liga,football-data.co.uk
league_af154189b3537edb,2021-09-25,PRIMEIRA_LIGA,2021-22,LEAGUE,,Guimaraes,Benfica,1,3,A,Portugal,Primeira Liga,football-data.co.uk
league_a3a3da6ff5446f4d,2021-09-25,PRIMEIRA_LIGA,2021-22,LEAGUE,,Moreirense,Arouca,2,1,H,Portugal,Primeira Liga,football-data.co.uk
league_8ad04d5a0caaf7b7,2021-09-25,PRIMEIRA_LIGA,2021-22,LEAGUE,,Tondela,Famalicao,3,2,H,Portugal,Primeira Liga,football-data.co.uk
league_2375ded1c470da68,2021-09-26,PRIMEIRA_LIGA,2021-22,LEAGUE,,Portimonense,Vizela,0,0,D,Portugal,Primeira Liga,football-data.co.uk
league_00761aac386bcad0,2021-09-26,PRIMEIRA_LIGA,2021-22,LEAGUE,,Santa Clara,Sp Braga,1,1,D,Portugal,Primeira Liga,football-data.co.uk
league_a178fcfdbf99807f,2021-09-27,PRIMEIRA_LIGA,2021-22,LEAGUE,,Boavista,Estoril,1,1,D,Portugal,Primeira Liga,football-data.co.uk
league_ff73a001714cb9db,2021-09-27,PRIMEIRA_LIGA,2021-22,LEAGUE,,Pacos Ferreira,Belenenses,2,2,D,Portugal,Primeira Liga,football-data.co.uk
league_1cf2cacf44eca0d1,2021-10-01,PRIMEIRA_LIGA,2021-22,LEAGUE,,Famalicao,Guimaraes,1,2,A,Portugal,Primeira Liga,football-data.co.uk
league_fe6ddc16450bc52c,2021-10-01,PRIMEIRA_LIGA,2021-22,LEAGUE,,Maritimo,Moreirense,0,0,D,Portugal,Primeira Liga,football-data.co.uk
league_803fc8022a56c1f0,2021-10-02,PRIMEIRA_LIGA,2021-22,LEAGUE,,Arouca,Sporting CP,1,2,A,Portugal,Primeira Liga,football-data.co.uk
league_11471d91167c91fe,2021-10-02,PRIMEIRA_LIGA,2021-22,LEAGUE,,FC Porto,Pacos Ferreira,2,1,H,Portugal,Primeira Liga,football-data.co.uk
league_8667760260767a67,2021-10-02,PRIMEIRA_LIGA,2021-22,LEAGUE,,Vizela,Santa Clara,1,1,D,Portugal,Primeira Liga,football-data.co.uk
league_91fefd1522937316,2021-10-03,PRIMEIRA_LIGA,2021-22,LEAGUE,,Belenenses,Tondela,0,2,A,Portugal,Primeira Liga,football-data.co.uk
league_9fa421dc87614006,2021-10-03,PRIMEIRA_LIGA,2021-22,LEAGUE,,Benfica,Portimonense,0,1,A,Portugal,Primeira Liga,football-data.co.uk
league_a8ef2d9b09256c9b,2021-10-03,PRIMEIRA_LIGA,2021-22,LEAGUE,,Estoril,Gil Vicente,2,2,D,Portugal,Primeira Liga,football-data.co.uk
league_dd5c2cfedf1d64ca,2021-10-03,PRIMEIRA_LIGA,2021-22,LEAGUE,,Sp Braga,Boavista,2,2,D,Portugal,Primeira Liga,football-data.co.uk
league_93bc49d181761f5b,2021-10-22,PRIMEIRA_LIGA,2021-22,LEAGUE,,Guimaraes,Maritimo,2,1,H,Portugal,Primeira Liga,football-data.co.uk
league_607265e0ab9e31cb,2021-10-23,PRIMEIRA_LIGA,2021-22,LEAGUE,,Santa Clara,Famalicao,0,2,A,Portugal,Primeira Liga,football-data.co.uk
league_e9ee487189b5cdd6,2021-10-23,PRIMEIRA_LIGA,2021-22,LEAGUE,,Sporting CP,Moreirense,1,0,H,Portugal,Primeira Liga,football-data.co.uk
league_0ac7421dbe892db6,2021-10-23,PRIMEIRA_LIGA,2021-22,LEAGUE,,Tondela,FC Porto,1,3,A,Portugal,Primeira Liga,football-data.co.uk
league_3477ce672d05890b,2021-10-24,PRIMEIRA_LIGA,2021-22,LEAGUE,,Pacos Ferreira,Arouca,0,0,D,Portugal,Primeira Liga,football-data.co.uk
league_75f877159dfbab44,2021-10-24,PRIMEIRA_LIGA,2021-22,LEAGUE,,Portimonense,Estoril,0,2,A,Portugal,Primeira Liga,football-data.co.uk
league_81f5f0a66ee82ce0,2021-10-24,PRIMEIRA_LIGA,2021-22,LEAGUE,,Vizela,Benfica,0,1,A,Portugal,Primeira Liga,football-data.co.uk
league_5eaba098ce77cc8b,2021-10-25,PRIMEIRA_LIGA,2021-22,LEAGUE,,Boavista,Belenenses,0,0,D,Portugal,Primeira Liga,football-data.co.uk
league_2cab9912c37b2ada,2021-10-25,PRIMEIRA_LIGA,2021-22,LEAGUE,,Gil Vicente,Sp Braga,0,1,A,Portugal,Primeira Liga,football-data.co.uk
league_978907c492845591,2021-10-29,PRIMEIRA_LIGA,2021-22,LEAGUE,,Arouca,Tondela,2,0,H,Portugal,Primeira Liga,football-data.co.uk
league_7c55d51cd821c10e,2021-10-30,PRIMEIRA_LIGA,2021-22,LEAGUE,,Estoril,Benfica,1,1,D,Portugal,Primeira Liga,football-data.co.uk
league_06db45ac138a95d5,2021-10-30,PRIMEIRA_LIGA,2021-22,LEAGUE,,FC Porto,Boavista,4,1,H,Portugal,Primeira Liga,football-data.co.uk
league_7b82370901b8d7bf,2021-10-30,PRIMEIRA_LIGA,2021-22,LEAGUE,,Sporting CP,Guimaraes,1,0,H,Portugal,Primeira Liga,football-data.co.uk
league_2f66a96d6c14fc7c,2021-10-31,PRIMEIRA_LIGA,2021-22,LEAGUE,,Belenenses,Santa Clara,2,1,H,Portugal,Primeira Liga,football-data.co.uk
league_6f3a78ac03c18127,2021-10-31,PRIMEIRA_LIGA,2021-22,LEAGUE,,Famalicao,Vizela,1,1,D,Portugal,Primeira Liga,football-data.co.uk
league_c738f0f8f7e0d243,2021-10-31,PRIMEIRA_LIGA,2021-22,LEAGUE,,Maritimo,Gil Vicente,1,2,A,Portugal,Primeira Liga,football-data.co.uk
league_b19dd26cf3d62cc6,2021-11-01,PRIMEIRA_LIGA,2021-22,LEAGUE,,Moreirense,Pacos Ferreira,1,1,D,Portugal,Primeira Liga,football-data.co.uk
league_d5b9a4fcbf5ddbf5,2021-11-01,PRIMEIRA_LIGA,2021-22,LEAGUE,,Sp Braga,Portimonense,3,0,H,Portugal,Primeira Liga,football-data.co.uk
league_c8d8d154df4e4e3a,2021-11-05,PRIMEIRA_LIGA,2021-22,LEAGUE,,Boavista,Famalicao,2,5,A,Portugal,Primeira Liga,football-data.co.uk
league_d69fbb584f8cd595,2021-11-05,PRIMEIRA_LIGA,2021-22,LEAGUE,,Gil Vicente,Arouca,1,1,D,Portugal,Primeira Liga,football-data.co.uk
league_6b51f7c45d340db6,2021-11-06,PRIMEIRA_LIGA,2021-22,LEAGUE,,Guimaraes,Moreirense,2,1,H,Portugal,Primeira Liga,football-data.co.uk
league_f89de3e04b2b787d,2021-11-06,PRIMEIRA_LIGA,2021-22,LEAGUE,,Portimonense,Belenenses,2,0,H,Portugal,Primeira Liga,football-data.co.uk
league_85e0dadc595f6b49,2021-11-06,PRIMEIRA_LIGA,2021-22,LEAGUE,,Vizela,Estoril,1,1,D,Portugal,Primeira Liga,football-data.co.uk
league_5fede8e0f9d49b5f,2021-11-07,PRIMEIRA_LIGA,2021-22,LEAGUE,,Benfica,Sp Braga,6,1,H,Portugal,Primeira Liga,football-data.co.uk
league_95d6154a39f8ea74,2021-11-07,PRIMEIRA_LIGA,2021-22,LEAGUE,,Pacos Ferreira,Sporting CP,0,2,A,Portugal,Primeira Liga,football-data.co.uk
league_f6d642666a4db1e6,2021-11-07,PRIMEIRA_LIGA,2021-22,LEAGUE,,Santa Clara,FC Porto,0,3,A,Portugal,Primeira Liga,football-data.co.uk
league_7c3564c15f105c49,2021-11-07,PRIMEIRA_LIGA,2021-22,LEAGUE,,Tondela,Maritimo,4,2,H,Portugal,Primeira Liga,football-data.co.uk
league_7bae46ee3ee05d2c,2021-11-26,PRIMEIRA_LIGA,2021-22,LEAGUE,,Moreirense,Gil Vicente,2,2,D,Portugal,Primeira Liga,football-data.co.uk
league_c0942e253245c6de,2021-11-27,PRIMEIRA_LIGA,2021-22,LEAGUE,,Arouca,Boavista,2,1,H,Portugal,Primeira Liga,football-data.co.uk
league_790213c994c27471,2021-11-27,PRIMEIRA_LIGA,2021-22,LEAGUE,,Belenenses,Benfica,0,7,A,Portugal,Primeira Liga,football-data.co.uk
league_8c6edabe03022e90,2021-11-27,PRIMEIRA_LIGA,2021-22,LEAGUE,,Famalicao,Portimonense,0,3,A,Portugal,Primeira Liga,football-data.co.uk
league_39e6722fc0285877,2021-11-28,PRIMEIRA_LIGA,2021-22,LEAGUE,,FC Porto,Guimaraes,2,1,H,Portugal,Primeira Liga,football-data.co.uk
league_026b235571afd6db,2021-11-28,PRIMEIRA_LIGA,2021-22,LEAGUE,,Maritimo,Pacos Ferreira,2,0,H,Portugal,Primeira Liga,football-data.co.uk
league_2d3d6401debcb110,2021-11-28,PRIMEIRA_LIGA,2021-22,LEAGUE,,Sporting CP,Tondela,2,0,H,Portugal,Primeira Liga,football-data.co.uk
league_39c139d8f8b6c50f,2021-11-29,PRIMEIRA_LIGA,2021-22,LEAGUE,,Estoril,Santa Clara,2,2,D,Portugal,Primeira Liga,football-data.co.uk
league_97714da1b0058a23,2021-11-30,PRIMEIRA_LIGA,2021-22,LEAGUE,,Sp Braga,Vizela,4,1,H,Portugal,Primeira Liga,football-data.co.uk
league_8a55b164a8e791a7,2021-12-03,PRIMEIRA_LIGA,2021-22,LEAGUE,,Benfica,Sporting CP,1,3,A,Portugal,Primeira Liga,football-data.co.uk
league_3d7796061acdd58d,2021-12-03,PRIMEIRA_LIGA,2021-22,LEAGUE,,Portimonense,FC Porto,0,3,A,Portugal,Primeira Liga,football-data.co.uk
league_809c09327c79db78,2021-12-04,PRIMEIRA_LIGA,2021-22,LEAGUE,,Boavista,Maritimo,1,1,D,Portugal,Primeira Liga,football-data.co.uk
league_b5117963be6061ca,2021-12-04,PRIMEIRA_LIGA,2021-22,LEAGUE,,Pacos Ferreira,Guimaraes,1,2,A,Portugal,Primeira Liga,football-data.co.uk
league_16943263f0a8af6d,2021-12-05,PRIMEIRA_LIGA,2021-22,LEAGUE,,Gil Vicente,Famalicao,4,0,H,Portugal,Primeira Liga,football-data.co.uk
league_25148b0741cefb77,2021-12-05,PRIMEIRA_LIGA,2021-22,LEAGUE,,Santa Clara,Arouca,2,1,H,Portugal,Primeira Liga,football-data.co.uk
league_15a52f9bbfad81b4,2021-12-05,PRIMEIRA_LIGA,2021-22,LEAGUE,,Sp Braga,Estoril,2,0,H,Portugal,Primeira Liga,football-data.co.uk
league_78d44ee448af50a8,2021-12-10,PRIMEIRA_LIGA,2021-22,LEAGUE,,Pacos Ferreira,Gil Vicente,0,1,A,Portugal,Primeira Liga,football-data.co.uk
league_2279ab0543fddc9d,2021-12-11,PRIMEIRA_LIGA,2021-22,LEAGUE,,Guimaraes,Tondela,5,2,H,Portugal,Primeira Liga,football-data.co.uk
league_13f3d9dc7fdc1783,2021-12-11,PRIMEIRA_LIGA,2021-22,LEAGUE,,Maritimo,Santa Clara,4,1,H,Portugal,Primeira Liga,football-data.co.uk
league_ab9901d01581fb77,2021-12-11,PRIMEIRA_LIGA,2021-22,LEAGUE,,Sporting CP,Boavista,2,0,H,Portugal,Primeira Liga,football-data.co.uk
league_64e95705107f3cd1,2021-12-12,PRIMEIRA_LIGA,2021-22,LEAGUE,,Belenenses,Estoril,0,1,A,Portugal,Primeira Liga,football-data.co.uk
league_a6b359feb7a9719c,2021-12-12,PRIMEIRA_LIGA,2021-22,LEAGUE,,FC Porto,Sp Braga,1,0,H,Portugal,Primeira Liga,football-data.co.uk
league_3605e9f0d8459239,2021-12-12,PRIMEIRA_LIGA,2021-22,LEAGUE,,Famalicao,Benfica,1,4,A,Portugal,Primeira Liga,football-data.co.uk
league_8769b161b32c9fb8,2021-12-12,PRIMEIRA_LIGA,2021-22,LEAGUE,,Moreirense,Portimonense,0,1,A,Portugal,Primeira Liga,football-data.co.uk
league_9a66659a0936ebc1,2021-12-13,PRIMEIRA_LIGA,2021-22,LEAGUE,,Arouca,Vizela,1,4,A,Portugal,Primeira Liga,football-data.co.uk
league_9ff4f1269ebe41f8,2021-12-17,PRIMEIRA_LIGA,2021-22,LEAGUE,,Estoril,Famalicao,2,2,D,Portugal,Primeira Liga,football-data.co.uk
league_98a42b0c4f167cbb,2021-12-17,PRIMEIRA_LIGA,2021-22,LEAGUE,,Santa Clara,Guimaraes,1,0,H,Portugal,Primeira Liga,football-data.co.uk
league_23554792f98eeb85,2021-12-18,PRIMEIRA_LIGA,2021-22,LEAGUE,,Gil Vicente,Sporting CP,0,3,A,Portugal,Primeira Liga,football-data.co.uk
league_289a47071fdce6c4,2021-12-18,PRIMEIRA_LIGA,2021-22,LEAGUE,,Portimonense,Arouca,1,1,D,Portugal,Primeira Liga,football-data.co.uk
league_2317c84ce627dc35,2021-12-18,PRIMEIRA_LIGA,2021-22,LEAGUE,,Tondela,Pacos Ferreira,0,1,A,Portugal,Primeira Liga,football-data.co.uk
league_735dac5ff3d446b8,2021-12-19,PRIMEIRA_LIGA,2021-22,LEAGUE,,Benfica,Maritimo,7,1,H,Portugal,Primeira Liga,football-data.co.uk
league_81edeff91767f012,2021-12-19,PRIMEIRA_LIGA,2021-22,LEAGUE,,Boavista,Moreirense,1,0,H,Portugal,Primeira Liga,football-data.co.uk
league_ea131ce99d648a7f,2021-12-19,PRIMEIRA_LIGA,2021-22,LEAGUE,,Sp Braga,Belenenses,1,0,H,Portugal,Primeira Liga,football-data.co.uk
league_38622bf1e17deafb,2021-12-19,PRIMEIRA_LIGA,2021-22,LEAGUE,,Vizela,FC Porto,0,4,A,Portugal,Primeira Liga,football-data.co.uk
league_1952a0c954b1de27,2021-12-28,PRIMEIRA_LIGA,2021-22,LEAGUE,,Maritimo,Vizela,2,0,H,Portugal,Primeira Liga,football-data.co.uk
league_1f7862e74d7d7bf4,2021-12-28,PRIMEIRA_LIGA,2021-22,LEAGUE,,Moreirense,Estoril,1,0,H,Portugal,Primeira Liga,football-data.co.uk
league_628c1f9791ba82e7,2021-12-28,PRIMEIRA_LIGA,2021-22,LEAGUE,,Tondela,Gil Vicente,0,3,A,Portugal,Primeira Liga,football-data.co.uk
league_c26f03cd0c1f1a0c,2021-12-29,PRIMEIRA_LIGA,2021-22,LEAGUE,,Guimaraes,Boavista,1,1,D,Portugal,Primeira Liga,football-data.co.uk
league_e7376840d5d19759,2021-12-29,PRIMEIRA_LIGA,2021-22,LEAGUE,,Sporting CP,Portimonense,3,2,H,Portugal,Primeira Liga,football-data.co.uk
league_35b54ba05b91937f,2021-12-30,PRIMEIRA_LIGA,2021-22,LEAGUE,,Arouca,Sp Braga,0,6,A,Portugal,Primeira Liga,football-data.co.uk
league_070d1c4a8ba795ca,2021-12-30,PRIMEIRA_LIGA,2021-22,LEAGUE,,FC Porto,Benfica,3,1,H,Portugal,Primeira Liga,football-data.co.uk
league_5f256ebae4c7b13d,2021-12-30,PRIMEIRA_LIGA,2021-22,LEAGUE,,Pacos Ferreira,Santa Clara,2,1,H,Portugal,Primeira Liga,football-data.co.uk
league_8a866bd0c541bbcb,2022-01-02,PRIMEIRA_LIGA,2021-22,LEAGUE,,Vizela,Belenenses,2,0,H,Portugal,Primeira Liga,football-data.co.uk
league_b8988c4aa52d66e9,2022-01-03,PRIMEIRA_LIGA,2021-22,LEAGUE,,Tondela,Moreirense,2,1,H,Portugal,Primeira Liga,football-data.co.uk
league_f3f0132986ee8171,2022-01-07,PRIMEIRA_LIGA,2021-22,LEAGUE,,Santa Clara,Sporting CP,3,2,H,Portugal,Primeira Liga,football-data.co.uk
league_0e0ecd0e9914ddce,2022-01-08,PRIMEIRA_LIGA,2021-22,LEAGUE,,Boavista,Tondela,1,1,D,Portugal,Primeira Liga,football-data.co.uk
league_7df5804a1eb387b4,2022-01-08,PRIMEIRA_LIGA,2021-22,LEAGUE,,Estoril,FC Porto,2,3,A,Portugal,Primeira Liga,football-data.co.uk
league_d03bf30e5783108e,2022-01-08,PRIMEIRA_LIGA,2021-22,LEAGUE,,Vizela,Moreirense,0,1,A,Portugal,Primeira Liga,football-data.co.uk
league_c1f5a8ebb869e049,2022-01-09,PRIMEIRA_LIGA,2021-22,LEAGUE,,Belenenses,Arouca,2,1,H,Portugal,Primeira Liga,football-data.co.uk
league_fd41cfcfef69f6f7,2022-01-09,PRIMEIRA_LIGA,2021-22,LEAGUE,,Benfica,Pacos Ferreira,2,0,H,Portugal,Primeira Liga,football-data.co.uk
league_f24e798c35206949,2022-01-09,PRIMEIRA_LIGA,2021-22,LEAGUE,,Portimonense,Maritimo,1,2,A,Portugal,Primeira Liga,football-data.co.uk
league_0c83e378d244911f,2022-01-09,PRIMEIRA_LIGA,2021-22,LEAGUE,,Sp Braga,Famalicao,2,2,D,Portugal,Primeira Liga,football-data.co.uk
league_30e914b99407a29f,2022-01-10,PRIMEIRA_LIGA,2021-22,LEAGUE,,Gil Vicente,Guimaraes,3,2,H,Portugal,Primeira Liga,football-data.co.uk
league_ff290d7d4ccfa573,2022-01-13,PRIMEIRA_LIGA,2021-22,LEAGUE,,Famalicao,Belenenses,1,0,H,Portugal,Primeira Liga,football-data.co.uk
league_f52b27a367f5bce5,2022-01-15,PRIMEIRA_LIGA,2021-22,LEAGUE,,Benfica,Moreirense,1,1,D,Portugal,Primeira Liga,football-data.co.uk
league_761b13604d6bbfba,2022-01-15,PRIMEIRA_LIGA,2021-22,LEAGUE,,Boavista,Gil Vicente,1,1,D,Portugal,Primeira Liga,football-data.co.uk
league_b73a45e380405cc9,2022-01-15,PRIMEIRA_LIGA,2021-22,LEAGUE,,Sp Braga,Maritimo,0,1,A,Portugal,Primeira Liga,football-data.co.uk
league_f774e4352e35cef0,2022-01-16,PRIMEIRA_LIGA,2021-22,LEAGUE,,Belenenses,FC Porto,1,4,A,Portugal,Primeira Liga,football-data.co.uk
league_799321fcd8f9dbc5,2022-01-16,PRIMEIRA_LIGA,2021-22,LEAGUE,,Famalicao,Pacos Ferreira,0,0,D,Portugal,Primeira Liga,football-data.co.uk
league_475a18341e49e8ab,2022-01-16,PRIMEIRA_LIGA,2021-22,LEAGUE,,Santa Clara,Tondela,2,2,D,Portugal,Primeira Liga,football-data.co.uk
league_10e0a1c77fb04624,2022-01-16,PRIMEIRA_LIGA,2021-22,LEAGUE,,Vizela,Sporting CP,0,2,A,Portugal,Primeira Liga,football-data.co.uk
league_59ced5aedc99cc62,2022-01-17,PRIMEIRA_LIGA,2021-22,LEAGUE,,Portimonense,Guimaraes,1,1,D,Portugal,Primeira Liga,football-data.co.uk
league_81e1cf1e313b0acd,2022-01-21,PRIMEIRA_LIGA,2021-22,LEAGUE,,Arouca,Benfica,0,2,A,Portugal,Primeira Liga,football-data.co.uk
league_b01358dbce17ca3b,2022-01-21,PRIMEIRA_LIGA,2021-22,LEAGUE,,Pacos Ferreira,Boavista,1,1,D,Portugal,Primeira Liga,football-data.co.uk
league_3d1c72a4dea646b4,2022-01-22,PRIMEIRA_LIGA,2021-22,LEAGUE,,Moreirense,Santa Clara,0,2,A,Portugal,Primeira Liga,football-data.co.uk
league_1ed63102204bab99,2022-01-22,PRIMEIRA_LIGA,2021-22,LEAGUE,,Sporting CP,Sp Braga,1,2,A,Portugal,Primeira Liga,football-data.co.uk
league_e36b9123c014d6d5,2022-01-22,PRIMEIRA_LIGA,2021-22,LEAGUE,,Tondela,Vizela,2,3,A,Portugal,Primeira Liga,football-data.co.uk
league_50ec31148bc25af4,2022-01-23,PRIMEIRA_LIGA,2021-22,LEAGUE,,FC Porto,Famalicao,3,1,H,Portugal,Primeira Liga,football-data.co.uk
league_d378b5da47094621,2022-01-23,PRIMEIRA_LIGA,2021-22,LEAGUE,,Gil Vicente,Portimonense,1,0,H,Portugal,Primeira Liga,football-data.co.uk
league_3e4dde4929c19e16,2022-01-23,PRIMEIRA_LIGA,2021-22,LEAGUE,,Guimaraes,Estoril,3,1,H,Portugal,Primeira Liga,football-data.co.uk
league_5ec92a9bb579a7ed,2022-01-23,PRIMEIRA_LIGA,2021-22,LEAGUE,,Maritimo,Belenenses,1,1,D,Portugal,Primeira Liga,football-data.co.uk
league_e8b1f370557d10ae,2022-01-27,PRIMEIRA_LIGA,2021-22,LEAGUE,,Estoril,Arouca,1,2,A,Portugal,Primeira Liga,football-data.co.uk
league_e216ae1b1580859f,2022-01-30,PRIMEIRA_LIGA,2021-22,LEAGUE,,FC Porto,Maritimo,2,1,H,Portugal,Primeira Liga,football-data.co.uk
league_9ad30f2958c3c15d,2022-01-30,PRIMEIRA_LIGA,2021-22,LEAGUE,,Portimonense,Tondela,1,2,A,Portugal,Primeira Liga,football-data.co.uk
league_dcd16b63d362829f,2022-01-30,PRIMEIRA_LIGA,2021-22,LEAGUE,,Sp Braga,Moreirense,2,0,H,Portugal,Primeira Liga,football-data.co.uk
league_66830a25822ebdd6,2022-01-30,PRIMEIRA_LIGA,2021-22,LEAGUE,,Vizela,Guimaraes,3,2,H,Portugal,Primeira Liga,football-data.co.uk
league_6bf4a84869f1e4b4,2022-01-31,PRIMEIRA_LIGA,2021-22,LEAGUE,,Estoril,Pacos Ferreira,0,0,D,Portugal,Primeira Liga,football-data.co.uk
league_2715e98c3466f065,2022-01-31,PRIMEIRA_LIGA,2021-22,LEAGUE,,Famalicao,Arouca,0,0,D,Portugal,Primeira Liga,football-data.co.uk
league_b166997891b5b55b,2022-02-01,PRIMEIRA_LIGA,2021-22,LEAGUE,,Santa Clara,Boavista,2,1,H,Portugal,Primeira Liga,football-data.co.uk
league_2ad99f6f3a224367,2022-02-02,PRIMEIRA_LIGA,2021-22,LEAGUE,,Belenenses,Sporting CP,1,4,A,Portugal,Primeira Liga,football-data.co.uk
league_b51a2ad80f0729d0,2022-02-02,PRIMEIRA_LIGA,2021-22,LEAGUE,,Benfica,Gil Vicente,1,2,A,Portugal,Primeira Liga,football-data.co.uk
league_ddcfe106dcfc982a,2022-02-05,PRIMEIRA_LIGA,2021-22,LEAGUE,,Guimaraes,Sp Braga,2,1,H,Portugal,Primeira Liga,football-data.co.uk
league_a2b76d9a955c56c5,2022-02-05,PRIMEIRA_LIGA,2021-22,LEAGUE,,Maritimo,Estoril,0,0,D,Portugal,Primeira Liga,football-data.co.uk
league_aef258ec633cf811,2022-02-05,PRIMEIRA_LIGA,2021-22,LEAGUE,,Pacos Ferreira,Portimonense,1,1,D,Portugal,Primeira Liga,football-data.co.uk
league_7f362f5752803c1d,2022-02-06,PRIMEIRA_LIGA,2021-22,LEAGUE,,Arouca,FC Porto,0,2,A,Portugal,Primeira Liga,football-data.co.uk
league_6c10a19ae9f61973,2022-02-06,PRIMEIRA_LIGA,2021-22,LEAGUE,,Boavista,Vizela,2,2,D,Portugal,Primeira Liga,football-data.co.uk
league_1063e3bec5b1a4e9,2022-02-06,PRIMEIRA_LIGA,2021-22,LEAGUE,,Gil Vicente,Santa Clara,2,2,D,Portugal,Primeira Liga,football-data.co.uk
league_0d0c7dd4b8a2c809,2022-02-06,PRIMEIRA_LIGA,2021-22,LEAGUE,,Sporting CP,Famalicao,2,0,H,Portugal,Primeira Liga,football-data.co.uk
league_3b356b346420e7e6,2022-02-07,PRIMEIRA_LIGA,2021-22,LEAGUE,,Moreirense,Belenenses,4,1,H,Portugal,Primeira Liga,football-data.co.uk
league_65770edc185153ed,2022-02-07,PRIMEIRA_LIGA,2021-22,LEAGUE,,Tondela,Benfica,1,3,A,Portugal,Primeira Liga,football-data.co.uk
league_dfe59233b14ea31f,2022-02-11,PRIMEIRA_LIGA,2021-22,LEAGUE,,FC Porto,Sporting CP,2,2,D,Portugal,Primeira Liga,football-data.co.uk
league_edbdd929caf4ad56,2022-02-12,PRIMEIRA_LIGA,2021-22,LEAGUE,,Benfica,Santa Clara,2,1,H,Portugal,Primeira Liga,football-data.co.uk
league_eea19eafcba17b0c,2022-02-12,PRIMEIRA_LIGA,2021-22,LEAGUE,,Estoril,Tondela,1,0,H,Portugal,Primeira Liga,football-data.co.uk
league_a7e61ddb347120cb,2022-02-12,PRIMEIRA_LIGA,2021-22,LEAGUE,,Portimonense,Boavista,1,1,D,Portugal,Primeira Liga,football-data.co.uk
league_c0128e2a24bc2d7d,2022-02-12,PRIMEIRA_LIGA,2021-22,LEAGUE,,Sp Braga,Pacos Ferreira,2,1,H,Portugal,Primeira Liga,football-data.co.uk
league_6412adf0670e6bbf,2022-02-13,PRIMEIRA_LIGA,2021-22,LEAGUE,,Belenenses,Guimaraes,1,0,H,Portugal,Primeira Liga,football-data.co.uk
league_13f186757ad6d29d,2022-02-13,PRIMEIRA_LIGA,2021-22,LEAGUE,,Famalicao,Moreirense,5,0,H,Portugal,Primeira Liga,football-data.co.uk
league_3a0f2e99bbc9fdf4,2022-02-13,PRIMEIRA_LIGA,2021-22,LEAGUE,,Vizela,Gil Vicente,0,1,A,Portugal,Primeira Liga,football-data.co.uk
league_9a0906a308dc5619,2022-02-14,PRIMEIRA_LIGA,2021-22,LEAGUE,,Arouca,Maritimo,0,3,A,Portugal,Primeira Liga,football-data.co.uk
league_c93863ff71a5084e,2022-02-18,PRIMEIRA_LIGA,2021-22,LEAGUE,,Boavista,Benfica,2,2,D,Portugal,Primeira Liga,football-data.co.uk
league_6eb65e104596bd61,2022-02-19,PRIMEIRA_LIGA,2021-22,LEAGUE,,Gil Vicente,Belenenses,2,0,H,Portugal,Primeira Liga,football-data.co.uk
league_bf77f15d9f64c8bb,2022-02-19,PRIMEIRA_LIGA,2021-22,LEAGUE,,Guimaraes,Arouca,1,3,A,Portugal,Primeira Liga,football-data.co.uk
league_d8875d149af823e6,2022-02-19,PRIMEIRA_LIGA,2021-22,LEAGUE,,Pacos Ferreira,Vizela,2,1,H,Portugal,Primeira Liga,football-data.co.uk
league_43146f28d224dcd5,2022-02-20,PRIMEIRA_LIGA,2021-22,LEAGUE,,Maritimo,Famalicao,0,1,A,Portugal,Primeira Liga,football-data.co.uk
league_012ab224f6a5be7b,2022-02-20,PRIMEIRA_LIGA,2021-22,LEAGUE,,Moreirense,FC Porto,0,1,A,Portugal,Primeira Liga,football-data.co.uk
league_652f66932aafedc2,2022-02-20,PRIMEIRA_LIGA,2021-22,LEAGUE,,Sporting CP,Estoril,3,0,H,Portugal,Primeira Liga,football-data.co.uk
league_d3484ba68a95c3d7,2022-02-20,PRIMEIRA_LIGA,2021-22,LEAGUE,,Tondela,Sp Braga,0,1,A,Portugal,Primeira Liga,football-data.co.uk
league_4c7a4b82dd43899c,2022-02-21,PRIMEIRA_LIGA,2021-22,LEAGUE,,Santa Clara,Portimonense,1,1,D,Portugal,Primeira Liga,football-data.co.uk
league_9bf38693bf2dece1,2022-02-25,PRIMEIRA_LIGA,2021-22,LEAGUE,,Belenenses,Pacos Ferreira,0,2,A,Portugal,Primeira Liga,football-data.co.uk
league_35d3f941e5ae60d9,2022-02-26,PRIMEIRA_LIGA,2021-22,LEAGUE,,Arouca,Moreirense,1,1,D,Portugal,Primeira Liga,football-data.co.uk
league_68fa32527ba87faf,2022-02-26,PRIMEIRA_LIGA,2021-22,LEAGUE,,Famalicao,Tondela,2,1,H,Portugal,Primeira Liga,football-data.co.uk
league_b6c39389dae3d052,2022-02-26,PRIMEIRA_LIGA,2021-22,LEAGUE,,Maritimo,Sporting CP,1,1,D,Portugal,Primeira Liga,football-data.co.uk
league_92b7f173e72df71e,2022-02-27,PRIMEIRA_LIGA,2021-22,LEAGUE,,Benfica,Guimaraes,3,0,H,Portugal,Primeira Liga,football-data.co.uk
league_b66abe31b4353842,2022-02-27,PRIMEIRA_LIGA,2021-22,LEAGUE,,Estoril,Boavista,2,3,A,Portugal,Primeira Liga,football-data.co.uk
league_310c6d250502f6b1,2022-02-27,PRIMEIRA_LIGA,2021-22,LEAGUE,,FC Porto,Gil Vicente,1,1,D,Portugal,Primeira Liga,football-data.co.uk
league_050896e992914857,2022-02-27,PRIMEIRA_LIGA,2021-22,LEAGUE,,Vizela,Portimonense,1,1,D,Portugal,Primeira Liga,football-data.co.uk
league_eccc109119326a50,2022-02-28,PRIMEIRA_LIGA,2021-22,LEAGUE,,Sp Braga,Santa Clara,0,0,D,Portugal,Primeira Liga,football-data.co.uk
league_825e0f717d88130e,2022-03-04,PRIMEIRA_LIGA,2021-22,LEAGUE,,Gil Vicente,Estoril,0,0,D,Portugal,Primeira Liga,football-data.co.uk
league_77fea41ca8a9e973,2022-03-05,PRIMEIRA_LIGA,2021-22,LEAGUE,,Boavista,Sp Braga,1,1,D,Portugal,Primeira Liga,football-data.co.uk
league_578a9f74adfaaa5a,2022-03-05,PRIMEIRA_LIGA,2021-22,LEAGUE,,Portimonense,Benfica,1,2,A,Portugal,Primeira Liga,football-data.co.uk
league_379c6da0b36641a1,2022-03-05,PRIMEIRA_LIGA,2021-22,LEAGUE,,Sporting CP,Arouca,2,0,H,Portugal,Primeira Liga,football-data.co.uk
league_507f7c380cf52305,2022-03-06,PRIMEIRA_LIGA,2021-22,LEAGUE,,Guimaraes,Famalicao,2,1,H,Portugal,Primeira Liga,football-data.co.uk
league_2a9928699c4a5316,2022-03-06,PRIMEIRA_LIGA,2021-22,LEAGUE,,Moreirense,Maritimo,0,1,A,Portugal,Primeira Liga,football-data.co.uk
league_d758d01a4bf2ddae,2022-03-06,PRIMEIRA_LIGA,2021-22,LEAGUE,,Pacos Ferreira,FC Porto,2,4,A,Portugal,Primeira Liga,football-data.co.uk
league_f92630a3adecd75f,2022-03-06,PRIMEIRA_LIGA,2021-22,LEAGUE,,Santa Clara,Vizela,3,1,H,Portugal,Primeira Liga,football-data.co.uk
league_dba7987a2d8410fc,2022-03-07,PRIMEIRA_LIGA,2021-22,LEAGUE,,Tondela,Belenenses,1,1,D,Portugal,Primeira Liga,football-data.co.uk
league_a50d3af174959070,2022-03-11,PRIMEIRA_LIGA,2021-22,LEAGUE,,Benfica,Vizela,1,1,D,Portugal,Primeira Liga,football-data.co.uk
league_26bf7545e55eb180,2022-03-12,PRIMEIRA_LIGA,2021-22,LEAGUE,,Arouca,Pacos Ferreira,0,1,A,Portugal,Primeira Liga,football-data.co.uk
league_4e37e8079b1c5968,2022-03-12,PRIMEIRA_LIGA,2021-22,LEAGUE,,Belenenses,Boavista,0,0,D,Portugal,Primeira Liga,football-data.co.uk
league_0f9fdd8d06c442f5,2022-03-12,PRIMEIRA_LIGA,2021-22,LEAGUE,,Estoril,Portimonense,2,0,H,Portugal,Primeira Liga,football-data.co.uk
league_fc322b6363ba68d7,2022-03-12,PRIMEIRA_LIGA,2021-22,LEAGUE,,Famalicao,Santa Clara,0,0,D,Portugal,Primeira Liga,football-data.co.uk
league_debbcdf65feed82f,2022-03-13,PRIMEIRA_LIGA,2021-22,LEAGUE,,FC Porto,Tondela,4,0,H,Portugal,Primeira Liga,football-data.co.uk
league_69589c9c5f73bff6,2022-03-13,PRIMEIRA_LIGA,2021-22,LEAGUE,,Maritimo,Guimaraes,0,1,A,Portugal,Primeira Liga,football-data.co.uk
league_50f03c20dcca9c6b,2022-03-13,PRIMEIRA_LIGA,2021-22,LEAGUE,,Sp Braga,Gil Vicente,0,1,A,Portugal,Primeira Liga,football-data.co.uk
league_7304675d735b62ef,2022-03-14,PRIMEIRA_LIGA,2021-22,LEAGUE,,Moreirense,Sporting CP,0,2,A,Portugal,Primeira Liga,football-data.co.uk
league_5739f58a7f5baf11,2022-03-18,PRIMEIRA_LIGA,2021-22,LEAGUE,,Vizela,Famalicao,1,1,D,Portugal,Primeira Liga,football-data.co.uk
league_5beda797547d110b,2022-03-19,PRIMEIRA_LIGA,2021-22,LEAGUE,,Guimaraes,Sporting CP,1,3,A,Portugal,Primeira Liga,football-data.co.uk
league_9acb055625b32526,2022-03-19,PRIMEIRA_LIGA,2021-22,LEAGUE,,Santa Clara,Belenenses,0,0,D,Portugal,Primeira Liga,football-data.co.uk
league_0fcc34603f28ed8e,2022-03-19,PRIMEIRA_LIGA,2021-22,LEAGUE,,Tondela,Arouca,2,2,D,Portugal,Primeira Liga,football-data.co.uk
league_077ef76fefc37c02,2022-03-20,PRIMEIRA_LIGA,2021-22,LEAGUE,,Benfica,Estoril,2,1,H,Portugal,Primeira Liga,football-data.co.uk
league_c822e1a2c53c32d2,2022-03-20,PRIMEIRA_LIGA,2021-22,LEAGUE,,Boavista,FC Porto,0,1,A,Portugal,Primeira Liga,football-data.co.uk
league_ff66778a47e6568b,2022-03-20,PRIMEIRA_LIGA,2021-22,LEAGUE,,Gil Vicente,Maritimo,1,1,D,Portugal,Primeira Liga,football-data.co.uk
league_431b1acd2cea0cb3,2022-03-20,PRIMEIRA_LIGA,2021-22,LEAGUE,,Pacos Ferreira,Moreirense,2,1,H,Portugal,Primeira Liga,football-data.co.uk
league_dfdc1907b8cbba10,2022-03-20,PRIMEIRA_LIGA,2021-22,LEAGUE,,Portimonense,Sp Braga,1,2,A,Portugal,Primeira Liga,football-data.co.uk
league_d19f2bc05f8d3c43,2022-04-01,PRIMEIRA_LIGA,2021-22,LEAGUE,,Sp Braga,Benfica,3,2,H,Portugal,Primeira Liga,football-data.co.uk
league_dcce7c442d08f6ef,2022-04-02,PRIMEIRA_LIGA,2021-22,LEAGUE,,Arouca,Gil Vicente,2,1,H,Portugal,Primeira Liga,football-data.co.uk
league_c2219b98c244fe79,2022-04-02,PRIMEIRA_LIGA,2021-22,LEAGUE,,Belenenses,Portimonense,2,0,H,Portugal,Primeira Liga,football-data.co.uk
league_20b8abe750841995,2022-04-02,PRIMEIRA_LIGA,2021-22,LEAGUE,,Estoril,Vizela,1,2,A,Portugal,Primeira Liga,football-data.co.uk
league_33c887228b533789,2022-04-02,PRIMEIRA_LIGA,2021-22,LEAGUE,,Famalicao,Boavista,1,2,A,Portugal,Primeira Liga,football-data.co.uk
league_706f2978f42bfeb6,2022-04-03,PRIMEIRA_LIGA,2021-22,LEAGUE,,Maritimo,Tondela,1,3,A,Portugal,Primeira Liga,football-data.co.uk
league_aca5c90460825268,2022-04-03,PRIMEIRA_LIGA,2021-22,LEAGUE,,Moreirense,Guimaraes,0,1,A,Portugal,Primeira Liga,football-data.co.uk
league_559d5f1393adaa8f,2022-04-03,PRIMEIRA_LIGA,2021-22,LEAGUE,,Sporting CP,Pacos Ferreira,2,0,H,Portugal,Primeira Liga,football-data.co.uk
league_2e904aca4d2275c6,2022-04-04,PRIMEIRA_LIGA,2021-22,LEAGUE,,FC Porto,Santa Clara,3,0,H,Portugal,Primeira Liga,football-data.co.uk
league_c38f7af2264442f9,2022-04-08,PRIMEIRA_LIGA,2021-22,LEAGUE,,Gil Vicente,Moreirense,1,2,A,Portugal,Primeira Liga,football-data.co.uk
league_124e53751cfe3851,2022-04-09,PRIMEIRA_LIGA,2021-22,LEAGUE,,Benfica,Belenenses,3,1,H,Portugal,Primeira Liga,football-data.co.uk
league_8d0b8fa017877878,2022-04-09,PRIMEIRA_LIGA,2021-22,LEAGUE,,Boavista,Arouca,1,0,H,Portugal,Primeira Liga,football-data.co.uk
league_256b428f22de0078,2022-04-09,PRIMEIRA_LIGA,2021-22,LEAGUE,,Pacos Ferreira,Maritimo,2,0,H,Portugal,Primeira Liga,football-data.co.uk
league_363b02a94599d301,2022-04-09,PRIMEIRA_LIGA,2021-22,LEAGUE,,Tondela,Sporting CP,1,3,A,Portugal,Primeira Liga,football-data.co.uk
league_c90af7f644e360cb,2022-04-10,PRIMEIRA_LIGA,2021-22,LEAGUE,,Guimaraes,FC Porto,0,1,A,Portugal,Primeira Liga,football-data.co.uk
league_75013018086c5aca,2022-04-10,PRIMEIRA_LIGA,2021-22,LEAGUE,,Portimonense,Famalicao,1,0,H,Portugal,Primeira Liga,football-data.co.uk
league_267d2e23f7ce1a8d,2022-04-10,PRIMEIRA_LIGA,2021-22,LEAGUE,,Santa Clara,Estoril,2,0,H,Portugal,Primeira Liga,football-data.co.uk
league_efc06fdbf6bbb696,2022-04-10,PRIMEIRA_LIGA,2021-22,LEAGUE,,Vizela,Sp Braga,0,1,A,Portugal,Primeira Liga,football-data.co.uk
league_e3d4d3feddf92c54,2022-04-15,PRIMEIRA_LIGA,2021-22,LEAGUE,,Arouca,Santa Clara,1,1,D,Portugal,Primeira Liga,football-data.co.uk
league_03875a5583fc0f5e,2022-04-15,PRIMEIRA_LIGA,2021-22,LEAGUE,,Famalicao,Gil Vicente,2,2,D,Portugal,Primeira Liga,football-data.co.uk
league_13e3ce0286ac2cb8,2022-04-15,PRIMEIRA_LIGA,2021-22,LEAGUE,,Guimaraes,Pacos Ferreira,4,0,H,Portugal,Primeira Liga,football-data.co.uk
league_70aafb2a3a01a70d,2022-04-16,PRIMEIRA_LIGA,2021-22,LEAGUE,,Belenenses,Vizela,1,0,H,Portugal,Primeira Liga,football-data.co.uk
league_6d2010ecfc9cfdc4,2022-04-16,PRIMEIRA_LIGA,2021-22,LEAGUE,,FC Porto,Portimonense,7,0,H,Portugal,Primeira Liga,football-data.co.uk
league_ceb22427f60226ee,2022-04-16,PRIMEIRA_LIGA,2021-22,LEAGUE,,Maritimo,Boavista,4,0,H,Portugal,Primeira Liga,football-data.co.uk
league_ffcecd092c0ff57c,2022-04-16,PRIMEIRA_LIGA,2021-22,LEAGUE,,Moreirense,Tondela,2,0,H,Portugal,Primeira Liga,football-data.co.uk
league_1c3f53fbe6aebc4e,2022-04-17,PRIMEIRA_LIGA,2021-22,LEAGUE,,Sporting CP,Benfica,0,2,A,Portugal,Primeira Liga,football-data.co.uk
league_ee493e34ddf1164f,2022-04-18,PRIMEIRA_LIGA,2021-22,LEAGUE,,Estoril,Sp Braga,0,0,D,Portugal,Primeira Liga,football-data.co.uk
league_6d9b56a8f947da45,2022-04-22,PRIMEIRA_LIGA,2021-22,LEAGUE,,Vizela,Arouca,2,1,H,Portugal,Primeira Liga,football-data.co.uk
league_1154d6cb4a322052,2022-04-23,PRIMEIRA_LIGA,2021-22,LEAGUE,,Benfica,Famalicao,0,0,D,Portugal,Primeira Liga,football-data.co.uk
league_aac5d2cb6474922b,2022-04-23,PRIMEIRA_LIGA,2021-22,LEAGUE,,Gil Vicente,Pacos Ferreira,1,1,D,Portugal,Primeira Liga,football-data.co.uk
league_c007129260243cb9,2022-04-23,PRIMEIRA_LIGA,2021-22,LEAGUE,,Portimonense,Moreirense,1,0,H,Portugal,Primeira Liga,football-data.co.uk
league_a695b2c884cc522f,2022-04-23,PRIMEIRA_LIGA,2021-22,LEAGUE,,Santa Clara,Maritimo,2,2,D,Portugal,Primeira Liga,football-data.co.uk
league_9154731cc3209302,2022-04-24,PRIMEIRA_LIGA,2021-22,LEAGUE,,Estoril,Belenenses,2,2,D,Portugal,Primeira Liga,football-data.co.uk
league_1aa4f978617b646b,2022-04-24,PRIMEIRA_LIGA,2021-22,LEAGUE,,Tondela,Guimaraes,1,1,D,Portugal,Primeira Liga,football-data.co.uk
league_8bf0745a1f2be51a,2022-04-25,PRIMEIRA_LIGA,2021-22,LEAGUE,,Boavista,Sporting CP,0,3,A,Portugal,Primeira Liga,football-data.co.uk
league_6c485da058d1c5ce,2022-04-25,PRIMEIRA_LIGA,2021-22,LEAGUE,,Sp Braga,FC Porto,1,0,H,Portugal,Primeira Liga,football-data.co.uk
league_d1ee63b9e60620b4,2022-04-29,PRIMEIRA_LIGA,2021-22,LEAGUE,,Famalicao,Estoril,3,1,H,Portugal,Primeira Liga,football-data.co.uk
league_11023bf7fe488d13,2022-04-30,PRIMEIRA_LIGA,2021-22,LEAGUE,,Arouca,Portimonense,1,0,H,Portugal,Primeira Liga,football-data.co.uk
league_b538ebe8a428420e,2022-04-30,PRIMEIRA_LIGA,2021-22,LEAGUE,,Belenenses,Sp Braga,0,1,A,Portugal,Primeira Liga,football-data.co.uk
league_7dff8e38b472d816,2022-04-30,PRIMEIRA_LIGA,2021-22,LEAGUE,,FC Porto,Vizela,4,2,H,Portugal,Primeira Liga,football-data.co.uk
league_5d76c728d46a77a9,2022-04-30,PRIMEIRA_LIGA,2021-22,LEAGUE,,Maritimo,Benfica,0,1,A,Portugal,Primeira Liga,football-data.co.uk
league_a0cf387e7febdd70,2022-05-01,PRIMEIRA_LIGA,2021-22,LEAGUE,,Guimaraes,Santa Clara,1,1,D,Portugal,Primeira Liga,football-data.co.uk
league_6429dfb1eb48181e,2022-05-01,PRIMEIRA_LIGA,2021-22,LEAGUE,,Moreirense,Boavista,1,2,A,Portugal,Primeira Liga,football-data.co.uk
league_905877ee133c6d20,2022-05-01,PRIMEIRA_LIGA,2021-22,LEAGUE,,Sporting CP,Gil Vicente,4,1,H,Portugal,Primeira Liga,football-data.co.uk
league_0ffd8fb1b5ee0ac8,2022-05-02,PRIMEIRA_LIGA,2021-22,LEAGUE,,Pacos Ferreira,Tondela,1,1,D,Portugal,Primeira Liga,football-data.co.uk
league_f858d4ea119fae45,2022-05-06,PRIMEIRA_LIGA,2021-22,LEAGUE,,Boavista,Guimaraes,1,1,D,Portugal,Primeira Liga,football-data.co.uk
league_46a9b7d8f9750457,2022-05-07,PRIMEIRA_LIGA,2021-22,LEAGUE,,Benfica,FC Porto,0,1,A,Portugal,Primeira Liga,football-data.co.uk
league_56c82594bfd77e56,2022-05-07,PRIMEIRA_LIGA,2021-22,LEAGUE,,Estoril,Moreirense,1,0,H,Portugal,Primeira Liga,football-data.co.uk
league_b55f1cdbad27a6b3,2022-05-07,PRIMEIRA_LIGA,2021-22,LEAGUE,,Portimonense,Sporting CP,2,3,A,Portugal,Primeira Liga,football-data.co.uk
league_0ff539779cd4f753,2022-05-08,PRIMEIRA_LIGA,2021-22,LEAGUE,,Gil Vicente,Tondela,3,0,H,Portugal,Primeira Liga,football-data.co.uk
league_cc267036c1c5bcf7,2022-05-08,PRIMEIRA_LIGA,2021-22,LEAGUE,,Santa Clara,Pacos Ferreira,2,0,H,Portugal,Primeira Liga,football-data.co.uk
league_c510f43b770dcc3c,2022-05-08,PRIMEIRA_LIGA,2021-22,LEAGUE,,Sp Braga,Arouca,1,0,H,Portugal,Primeira Liga,football-data.co.uk
league_ed327503ee4eb32f,2022-05-08,PRIMEIRA_LIGA,2021-22,LEAGUE,,Vizela,Maritimo,1,1,D,Portugal,Primeira Liga,football-data.co.uk
league_e4d479009ae38276,2022-05-09,PRIMEIRA_LIGA,2021-22,LEAGUE,,Belenenses,Famalicao,2,3,A,Portugal,Primeira Liga,football-data.co.uk
league_2663b7900bcaaa67,2022-05-13,PRIMEIRA_LIGA,2021-22,LEAGUE,,Pacos Ferreira,Benfica,0,2,A,Portugal,Primeira Liga,football-data.co.uk
league_d449e9dae58108ae,2022-05-14,PRIMEIRA_LIGA,2021-22,LEAGUE,,Arouca,Belenenses,0,0,D,Portugal,Primeira Liga,football-data.co.uk
league_34a363161066a2fd,2022-05-14,PRIMEIRA_LIGA,2021-22,LEAGUE,,FC Porto,Estoril,2,0,H,Portugal,Primeira Liga,football-data.co.uk
league_ac68a610677c55bf,2022-05-14,PRIMEIRA_LIGA,2021-22,LEAGUE,,Maritimo,Portimonense,0,1,A,Portugal,Primeira Liga,football-data.co.uk
league_5e97204aac148875,2022-05-14,PRIMEIRA_LIGA,2021-22,LEAGUE,,Moreirense,Vizela,4,1,H,Portugal,Primeira Liga,football-data.co.uk
league_c6b59da0522ca4bb,2022-05-14,PRIMEIRA_LIGA,2021-22,LEAGUE,,Sporting CP,Santa Clara,4,0,H,Portugal,Primeira Liga,football-data.co.uk
league_a07948e4cd76bfb5,2022-05-14,PRIMEIRA_LIGA,2021-22,LEAGUE,,Tondela,Boavista,2,2,D,Portugal,Primeira Liga,football-data.co.uk
league_08e92f116484d7af,2022-05-15,PRIMEIRA_LIGA,2021-22,LEAGUE,,Famalicao,Sp Braga,3,2,H,Portugal,Primeira Liga,football-data.co.uk
league_bce7b94cc4efb92b,2022-05-15,PRIMEIRA_LIGA,2021-22,LEAGUE,,Guimaraes,Gil Vicente,5,0,H,Portugal,Primeira Liga,football-data.co.uk
league_9600ebc3b3459e38,2022-08-05,PRIMEIRA_LIGA,2022-23,LEAGUE,,Benfica,Arouca,4,0,H,Portugal,Primeira Liga,football-data.co.uk
league_28e87f6577bc49e1,2022-08-06,PRIMEIRA_LIGA,2022-23,LEAGUE,,Estoril,Famalicao,2,0,H,Portugal,Primeira Liga,football-data.co.uk
league_b03fb3cf618f56e6,2022-08-06,PRIMEIRA_LIGA,2022-23,LEAGUE,,FC Porto,Maritimo,5,1,H,Portugal,Primeira Liga,football-data.co.uk
league_d9fa6bdc6a72b485,2022-08-06,PRIMEIRA_LIGA,2022-23,LEAGUE,,Rio Ave,Vizela,0,1,A,Portugal,Primeira Liga,football-data.co.uk
league_a1a9e5837610d84e,2022-08-07,PRIMEIRA_LIGA,2022-23,LEAGUE,,Chaves,Guimaraes,0,1,A,Portugal,Primeira Liga,football-data.co.uk
league_c8b51c09b192c59d,2022-08-07,PRIMEIRA_LIGA,2022-23,LEAGUE,,Portimonense,Boavista,0,1,A,Portugal,Primeira Liga,football-data.co.uk
league_7804daf397d4a602,2022-08-07,PRIMEIRA_LIGA,2022-23,LEAGUE,,Santa Clara,Casa Pia,0,0,D,Portugal,Primeira Liga,football-data.co.uk
league_9724995285b92e38,2022-08-07,PRIMEIRA_LIGA,2022-23,LEAGUE,,Sp Braga,Sporting CP,3,3,D,Portugal,Primeira Liga,football-data.co.uk
league_59617d0b5eb138a1,2022-08-08,PRIMEIRA_LIGA,2022-23,LEAGUE,,Gil Vicente,Pacos Ferreira,1,0,H,Portugal,Primeira Liga,football-data.co.uk
league_78e782462dfe1468,2022-08-12,PRIMEIRA_LIGA,2022-23,LEAGUE,,Famalicao,Sp Braga,0,3,A,Portugal,Primeira Liga,football-data.co.uk
league_07469973483a5fee,2022-08-13,PRIMEIRA_LIGA,2022-23,LEAGUE,,Casa Pia,Benfica,0,1,A,Portugal,Primeira Liga,football-data.co.uk
league_68c8e6ddf843fd31,2022-08-13,PRIMEIRA_LIGA,2022-23,LEAGUE,,Sporting CP,Rio Ave,3,0,H,Portugal,Primeira Liga,football-data.co.uk
league_a7e6a536a06b9183,2022-08-14,PRIMEIRA_LIGA,2022-23,LEAGUE,,Boavista,Santa Clara,2,1,H,Portugal,Primeira Liga,football-data.co.uk
league_50997806b83d3989,2022-08-14,PRIMEIRA_LIGA,2022-23,LEAGUE,,Guimaraes,Estoril,1,0,H,Portugal,Primeira Liga,football-data.co.uk
league_d7920b92d7464870,2022-08-14,PRIMEIRA_LIGA,2022-23,LEAGUE,,Vizela,FC Porto,0,1,A,Portugal,Primeira Liga,football-data.co.uk
league_ae95ab2eed92ceef,2022-08-15,PRIMEIRA_LIGA,2022-23,LEAGUE,,Arouca,Gil Vicente,1,0,H,Portugal,Primeira Liga,football-data.co.uk
league_550d87332773ff98,2022-08-15,PRIMEIRA_LIGA,2022-23,LEAGUE,,Maritimo,Chaves,1,2,A,Portugal,Primeira Liga,football-data.co.uk
league_01a43538fc449f2b,2022-08-15,PRIMEIRA_LIGA,2022-23,LEAGUE,,Pacos Ferreira,Portimonense,0,3,A,Portugal,Primeira Liga,football-data.co.uk
league_23ca5ec8cd667d10,2022-08-19,PRIMEIRA_LIGA,2022-23,LEAGUE,,Estoril,Rio Ave,2,2,D,Portugal,Primeira Liga,football-data.co.uk
league_235674e0c4d823d1,2022-08-20,PRIMEIRA_LIGA,2022-23,LEAGUE,,Chaves,Vizela,1,1,D,Portugal,Primeira Liga,football-data.co.uk
league_f964fccebde709df,2022-08-20,PRIMEIRA_LIGA,2022-23,LEAGUE,,FC Porto,Sporting CP,3,0,H,Portugal,Primeira Liga,football-data.co.uk
league_361a35c74d596731,2022-08-20,PRIMEIRA_LIGA,2022-23,LEAGUE,,Santa Clara,Arouca,1,2,A,Portugal,Primeira Liga,football-data.co.uk
league_25ccc248ae3a0b81,2022-08-21,PRIMEIRA_LIGA,2022-23,LEAGUE,,Casa Pia,Boavista,2,0,H,Portugal,Primeira Liga,football-data.co.uk
league_5f32eed257dcc9c4,2022-08-21,PRIMEIRA_LIGA,2022-23,LEAGUE,,Portimonense,Guimaraes,2,1,H,Portugal,Primeira Liga,football-data.co.uk
league_61616c2d071e3a58,2022-08-21,PRIMEIRA_LIGA,2022-23,LEAGUE,,Sp Braga,Maritimo,5,0,H,Portugal,Primeira Liga,football-data.co.uk
league_a00f813b68616ee8,2022-08-22,PRIMEIRA_LIGA,2022-23,LEAGUE,,Gil Vicente,Famalicao,0,0,D,Portugal,Primeira Liga,football-data.co.uk
league_9da2c0b3cb4bf7a7,2022-08-26,PRIMEIRA_LIGA,2022-23,LEAGUE,,Pacos Ferreira,Estoril,0,3,A,Portugal,Primeira Liga,football-data.co.uk
league_c77782b0502429d6,2022-08-27,PRIMEIRA_LIGA,2022-23,LEAGUE,,Boavista,Benfica,0,3,A,Portugal,Primeira Liga,football-data.co.uk
league_d860d0e5d0bd00eb,2022-08-27,PRIMEIRA_LIGA,2022-23,LEAGUE,,Maritimo,Portimonense,0,1,A,Portugal,Primeira Liga,football-data.co.uk
league_6166e9d8047007f1,2022-08-27,PRIMEIRA_LIGA,2022-23,LEAGUE,,Sporting CP,Chaves,0,2,A,Portugal,Primeira Liga,football-data.co.uk
league_700fe5dec0ab2d11,2022-08-28,PRIMEIRA_LIGA,2022-23,LEAGUE,,Arouca,Sp Braga,0,6,A,Portugal,Primeira Liga,football-data.co.uk
league_88ce7dc55f3a8ad2,2022-08-28,PRIMEIRA_LIGA,2022-23,LEAGUE,,Famalicao,Santa Clara,1,0,H,Portugal,Primeira Liga,football-data.co.uk
league_e8305efd94e425a8,2022-08-28,PRIMEIRA_LIGA,2022-23,LEAGUE,,Rio Ave,FC Porto,3,1,H,Portugal,Primeira Liga,football-data.co.uk
league_a9199d42b3c6c448,2022-08-29,PRIMEIRA_LIGA,2022-23,LEAGUE,,Guimaraes,Casa Pia,0,1,A,Portugal,Primeira Liga,football-data.co.uk
league_a53071473539a3a3,2022-08-29,PRIMEIRA_LIGA,2022-23,LEAGUE,,Vizela,Gil Vicente,2,2,D,Portugal,Primeira Liga,football-data.co.uk
league_c813500b1cbbed67,2022-08-30,PRIMEIRA_LIGA,2022-23,LEAGUE,,Benfica,Pacos Ferreira,3,2,H,Portugal,Primeira Liga,football-data.co.uk
league_5c7b8fd201bcb685,2022-09-02,PRIMEIRA_LIGA,2022-23,LEAGUE,,Benfica,Vizela,2,1,H,Portugal,Primeira Liga,football-data.co.uk
league_24227e355bf3a68a,2022-09-02,PRIMEIRA_LIGA,2022-23,LEAGUE,,Estoril,Sporting CP,0,2,A,Portugal,Primeira Liga,football-data.co.uk
league_a8bbfc71365d27a1,2022-09-03,PRIMEIRA_LIGA,2022-23,LEAGUE,,Gil Vicente,FC Porto,0,2,A,Portugal,Primeira Liga,football-data.co.uk
league_b7d890f5f7a1266c,2022-09-03,PRIMEIRA_LIGA,2022-23,LEAGUE,,Sp Braga,Guimaraes,1,0,H,Portugal,Primeira Liga,football-data.co.uk
league_4575d14f60a1c289,2022-09-04,PRIMEIRA_LIGA,2022-23,LEAGUE,,Casa Pia,Arouca,0,0,D,Portugal,Primeira Liga,football-data.co.uk
league_a2580e7f948b7c9e,2022-09-04,PRIMEIRA_LIGA,2022-23,LEAGUE,,Portimonense,Famalicao,1,0,H,Portugal,Primeira Liga,football-data.co.uk
league_a06650c7f6dde65c,2022-09-04,PRIMEIRA_LIGA,2022-23,LEAGUE,,Santa Clara,Maritimo,2,1,H,Portugal,Primeira Liga,football-data.co.uk
league_1801ff20efd43134,2022-09-05,PRIMEIRA_LIGA,2022-23,LEAGUE,,Boavista,Pacos Ferreira,1,0,H,Portugal,Primeira Liga,football-data.co.uk
league_b6880caa4552a438,2022-09-05,PRIMEIRA_LIGA,2022-23,LEAGUE,,Chaves,Rio Ave,1,1,D,Portugal,Primeira Liga,football-data.co.uk
league_11f4adf83d4d15f8,2022-09-09,PRIMEIRA_LIGA,2022-23,LEAGUE,,Guimaraes,Santa Clara,1,0,H,Portugal,Primeira Liga,football-data.co.uk
league_91849bbef92b4bf8,2022-09-10,PRIMEIRA_LIGA,2022-23,LEAGUE,,FC Porto,Chaves,3,0,H,Portugal,Primeira Liga,football-data.co.uk
league_9bb07b07f2606a73,2022-09-10,PRIMEIRA_LIGA,2022-23,LEAGUE,,Famalicao,Benfica,0,1,A,Portugal,Primeira Liga,football-data.co.uk
league_d3d75f47fc1c48f8,2022-09-10,PRIMEIRA_LIGA,2022-23,LEAGUE,,Sporting CP,Portimonense,4,0,H,Portugal,Primeira Liga,football-data.co.uk
league_dd4948e96b8fac99,2022-09-11,PRIMEIRA_LIGA,2022-23,LEAGUE,,Arouca,Boavista,1,2,A,Portugal,Primeira Liga,football-data.co.uk
league_b09da46173cfe1fa,2022-09-11,PRIMEIRA_LIGA,2022-23,LEAGUE,,Maritimo,Gil Vicente,1,2,A,Portugal,Primeira Liga,football-data.co.uk
league_dcd8f32415b3d98f,2022-09-11,PRIMEIRA_LIGA,2022-23,LEAGUE,,Pacos Ferreira,Casa Pia,2,3,A,Portugal,Primeira Liga,football-data.co.uk
league_056d2d3a94ae412f,2022-09-11,PRIMEIRA_LIGA,2022-23,LEAGUE,,Rio Ave,Sp Braga,2,3,A,Portugal,Primeira Liga,football-data.co.uk
league_2b104492fb4a87ba,2022-09-12,PRIMEIRA_LIGA,2022-23,LEAGUE,,Vizela,Estoril,0,1,A,Portugal,Primeira Liga,football-data.co.uk
league_471588a1647c43be,2022-09-16,PRIMEIRA_LIGA,2022-23,LEAGUE,,Portimonense,Chaves,1,0,H,Portugal,Primeira Liga,football-data.co.uk
league_446c4e7dacf3f7e9,2022-09-17,PRIMEIRA_LIGA,2022-23,LEAGUE,,Boavista,Sporting CP,2,1,H,Portugal,Primeira Liga,football-data.co.uk
league_9a8f45fe91fcbc63,2022-09-17,PRIMEIRA_LIGA,2022-23,LEAGUE,,Estoril,FC Porto,1,1,D,Portugal,Primeira Liga,football-data.co.uk
league_ac88d9bb2ea40691,2022-09-17,PRIMEIRA_LIGA,2022-23,LEAGUE,,Gil Vicente,Rio Ave,2,2,D,Portugal,Primeira Liga,football-data.co.uk
league_c5d4909308d4b743,2022-09-17,PRIMEIRA_LIGA,2022-23,LEAGUE,,Santa Clara,Pacos Ferreira,1,1,D,Portugal,Primeira Liga,football-data.co.uk
league_1aab776ec0cab062,2022-09-18,PRIMEIRA_LIGA,2022-23,LEAGUE,,Arouca,Guimaraes,2,2,D,Portugal,Primeira Liga,football-data.co.uk
league_c65d8d1f594dd30d,2022-09-18,PRIMEIRA_LIGA,2022-23,LEAGUE,,Benfica,Maritimo,5,0,H,Portugal,Primeira Liga,football-data.co.uk
league_370f7600af383981,2022-09-18,PRIMEIRA_LIGA,2022-23,LEAGUE,,Casa Pia,Famalicao,1,0,H,Portugal,Primeira Liga,football-data.co.uk
league_546111656c641e74,2022-09-18,PRIMEIRA_LIGA,2022-23,LEAGUE,,Sp Braga,Vizela,2,0,H,Portugal,Primeira Liga,football-data.co.uk
league_626bf5b5c77c8169,2022-09-30,PRIMEIRA_LIGA,2022-23,LEAGUE,,FC Porto,Sp Braga,4,1,H,Portugal,Primeira Liga,football-data.co.uk
league_357f59132a1371e6,2022-09-30,PRIMEIRA_LIGA,2022-23,LEAGUE,,Sporting CP,Gil Vicente,3,1,H,Portugal,Primeira Liga,football-data.co.uk
league_5cfc34f05e53a7f3,2022-10-01,PRIMEIRA_LIGA,2022-23,LEAGUE,,Chaves,Estoril,1,1,D,Portugal,Primeira Liga,football-data.co.uk
league_9f8bc3271047f49b,2022-10-01,PRIMEIRA_LIGA,2022-23,LEAGUE,,Guimaraes,Benfica,0,0,D,Portugal,Primeira Liga,football-data.co.uk
league_f26e4c004c64555b,2022-10-01,PRIMEIRA_LIGA,2022-23,LEAGUE,,Vizela,Portimonense,1,0,H,Portugal,Primeira Liga,football-data.co.uk
league_15bf1886816439f9,2022-10-02,PRIMEIRA_LIGA,2022-23,LEAGUE,,Famalicao,Boavista,4,0,H,Portugal,Primeira Liga,football-data.co.uk
league_56ae8dd8e7fc376f,2022-10-02,PRIMEIRA_LIGA,2022-23,LEAGUE,,Pacos Ferreira,Arouca,1,1,D,Portugal,Primeira Liga,football-data.co.uk
league_f0e2f7b800252b0c,2022-10-02,PRIMEIRA_LIGA,2022-23,LEAGUE,,Rio Ave,Santa Clara,1,0,H,Portugal,Primeira Liga,football-data.co.uk
league_aa5e72a20e620ea9,2022-10-03,PRIMEIRA_LIGA,2022-23,LEAGUE,,Maritimo,Casa Pia,1,2,A,Portugal,Primeira Liga,football-data.co.uk
league_88ecfa4417e42e02,2022-10-07,PRIMEIRA_LIGA,2022-23,LEAGUE,,Gil Vicente,Estoril,0,1,A,Portugal,Primeira Liga,football-data.co.uk
league_f747b543e42586cf,2022-10-08,PRIMEIRA_LIGA,2022-23,LEAGUE,,Benfica,Rio Ave,4,2,H,Portugal,Primeira Liga,football-data.co.uk
league_3c4e8813b9e79c87,2022-10-08,PRIMEIRA_LIGA,2022-23,LEAGUE,,Pacos Ferreira,Guimaraes,0,1,A,Portugal,Primeira Liga,football-data.co.uk
league_8b1b52c8fe96c757,2022-10-08,PRIMEIRA_LIGA,2022-23,LEAGUE,,Portimonense,FC Porto,0,2,A,Portugal,Primeira Liga,football-data.co.uk
league_f68b7d88b833efe4,2022-10-08,PRIMEIRA_LIGA,2022-23,LEAGUE,,Santa Clara,Sporting CP,1,2,A,Portugal,Primeira Liga,football-data.co.uk
league_4202fd64f5885c5c,2022-10-09,PRIMEIRA_LIGA,2022-23,LEAGUE,,Boavista,Maritimo,1,1,D,Portugal,Primeira Liga,football-data.co.uk
league_ca0228498232fd06,2022-10-09,PRIMEIRA_LIGA,2022-23,LEAGUE,,Casa Pia,Vizela,0,1,A,Portugal,Primeira Liga,football-data.co.uk
league_258daf8603da41dd,2022-10-09,PRIMEIRA_LIGA,2022-23,LEAGUE,,Sp Braga,Chaves,0,1,A,Portugal,Primeira Liga,football-data.co.uk
league_bde95a6312f913ab,2022-10-10,PRIMEIRA_LIGA,2022-23,LEAGUE,,Arouca,Famalicao,4,1,H,Portugal,Primeira Liga,football-data.co.uk
league_ba140e3df2e29ad5,2022-10-21,PRIMEIRA_LIGA,2022-23,LEAGUE,,FC Porto,Benfica,0,1,A,Portugal,Primeira Liga,football-data.co.uk
league_49a8fe9c5aeb8188,2022-10-22,PRIMEIRA_LIGA,2022-23,LEAGUE,,Estoril,Sp Braga,0,2,A,Portugal,Primeira Liga,football-data.co.uk
league_6c36cbb6bc73df32,2022-10-22,PRIMEIRA_LIGA,2022-23,LEAGUE,,Famalicao,Pacos Ferreira,2,1,H,Portugal,Primeira Liga,football-data.co.uk
league_f4645c75d010bdfd,2022-10-22,PRIMEIRA_LIGA,2022-23,LEAGUE,,Sporting CP,Casa Pia,3,1,H,Portugal,Primeira Liga,football-data.co.uk
league_d70e2f3a34855057,2022-10-23,PRIMEIRA_LIGA,2022-23,LEAGUE,,Chaves,Gil Vicente,3,1,H,Portugal,Primeira Liga,football-data.co.uk
league_4c022ceabbd2e265,2022-10-23,PRIMEIRA_LIGA,2022-23,LEAGUE,,Guimaraes,Boavista,3,2,H,Portugal,Primeira Liga,football-data.co.uk
league_22fb90b00191b808,2022-10-23,PRIMEIRA_LIGA,2022-23,LEAGUE,,Maritimo,Arouca,1,1,D,Portugal,Primeira Liga,football-data.co.uk
league_e47c7a2a6ef52e24,2022-10-23,PRIMEIRA_LIGA,2022-23,LEAGUE,,Vizela,Santa Clara,0,1,A,Portugal,Primeira Liga,football-data.co.uk
league_ca80ead798c33b9a,2022-10-24,PRIMEIRA_LIGA,2022-23,LEAGUE,,Rio Ave,Portimonense,1,0,H,Portugal,Primeira Liga,football-data.co.uk
league_88ff0958188a0ebe,2022-10-28,PRIMEIRA_LIGA,2022-23,LEAGUE,,Pacos Ferreira,Maritimo,0,1,A,Portugal,Primeira Liga,football-data.co.uk
league_c73e899a761bb3d6,2022-10-29,PRIMEIRA_LIGA,2022-23,LEAGUE,,Arouca,Sporting CP,1,0,H,Portugal,Primeira Liga,football-data.co.uk
league_51c5bab978f4db44,2022-10-29,PRIMEIRA_LIGA,2022-23,LEAGUE,,Benfica,Chaves,5,0,H,Portugal,Primeira Liga,football-data.co.uk
league_18647c5e7dd8601e,2022-10-29,PRIMEIRA_LIGA,2022-23,LEAGUE,,Santa Clara,FC Porto,1,1,D,Portugal,Primeira Liga,football-data.co.uk
league_2d8c9c89942cdd61,2022-10-30,PRIMEIRA_LIGA,2022-23,LEAGUE,,Boavista,Vizela,2,2,D,Portugal,Primeira Liga,football-data.co.uk
league_d8144721ff6b8825,2022-10-30,PRIMEIRA_LIGA,2022-23,LEAGUE,,Casa Pia,Rio Ave,1,0,H,Portugal,Primeira Liga,football-data.co.uk
league_38e018df156c9d68,2022-10-30,PRIMEIRA_LIGA,2022-23,LEAGUE,,Gil Vicente,Sp Braga,0,1,A,Portugal,Primeira Liga,football-data.co.uk
league_a13888a525b1de6c,2022-10-30,PRIMEIRA_LIGA,2022-23,LEAGUE,,Portimonense,Estoril,1,1,D,Portugal,Primeira Liga,football-data.co.uk
league_9e91be36fee97e63,2022-10-31,PRIMEIRA_LIGA,2022-23,LEAGUE,,Guimaraes,Famalicao,3,2,H,Portugal,Primeira Liga,football-data.co.uk
league_3a5e6f4aa3472e38,2022-11-04,PRIMEIRA_LIGA,2022-23,LEAGUE,,Gil Vicente,Portimonense,1,2,A,Portugal,Primeira Liga,football-data.co.uk
league_cf1bb2c6b5916999,2022-11-05,PRIMEIRA_LIGA,2022-23,LEAGUE,,FC Porto,Pacos Ferreira,4,0,H,Portugal,Primeira Liga,football-data.co.uk
league_f1d4e8b51de29966,2022-11-05,PRIMEIRA_LIGA,2022-23,LEAGUE,,Sporting CP,Guimaraes,3,0,H,Portugal,Primeira Liga,football-data.co.uk
league_5e4fd85218b0c361,2022-11-05,PRIMEIRA_LIGA,2022-23,LEAGUE,,Vizela,Arouca,0,1,A,Portugal,Primeira Liga,football-data.co.uk
league_1bad643650bdd5d1,2022-11-06,PRIMEIRA_LIGA,2022-23,LEAGUE,,Estoril,Benfica,1,5,A,Portugal,Primeira Liga,football-data.co.uk
league_b3954b9a4101a5d9,2022-11-06,PRIMEIRA_LIGA,2022-23,LEAGUE,,Maritimo,Famalicao,0,0,D,Portugal,Primeira Liga,football-data.co.uk
league_c1e8fb5503b91642,2022-11-06,PRIMEIRA_LIGA,2022-23,LEAGUE,,Rio Ave,Boavista,1,0,H,Portugal,Primeira Liga,football-data.co.uk
league_e6ee0769b0cfb6a6,2022-11-06,PRIMEIRA_LIGA,2022-23,LEAGUE,,Sp Braga,Casa Pia,0,1,A,Portugal,Primeira Liga,football-data.co.uk
league_78eee4179de8ec18,2022-11-07,PRIMEIRA_LIGA,2022-23,LEAGUE,,Chaves,Santa Clara,0,0,D,Portugal,Primeira Liga,football-data.co.uk
league_f854569194a8fe4a,2022-11-12,PRIMEIRA_LIGA,2022-23,LEAGUE,,Arouca,Rio Ave,0,1,A,Portugal,Primeira Liga,football-data.co.uk
league_f71d40e834225513,2022-11-12,PRIMEIRA_LIGA,2022-23,LEAGUE,,Boavista,FC Porto,1,4,A,Portugal,Primeira Liga,football-data.co.uk
league_531235a93ad16d4b,2022-11-13,PRIMEIRA_LIGA,2022-23,LEAGUE,,Benfica,Gil Vicente,3,1,H,Portugal,Primeira Liga,football-data.co.uk
league_6fe853de47109f49,2022-11-13,PRIMEIRA_LIGA,2022-23,LEAGUE,,Casa Pia,Chaves,1,2,A,Portugal,Primeira Liga,football-data.co.uk
league_8c6f2e02c580cbe0,2022-11-13,PRIMEIRA_LIGA,2022-23,LEAGUE,,Famalicao,Sporting CP,1,2,A,Portugal,Primeira Liga,football-data.co.uk
league_e4f47f9e923e48ce,2022-11-13,PRIMEIRA_LIGA,2022-23,LEAGUE,,Guimaraes,Maritimo,1,0,H,Portugal,Primeira Liga,football-data.co.uk
league_28ce0d569a3acdd4,2022-11-13,PRIMEIRA_LIGA,2022-23,LEAGUE,,Pacos Ferreira,Vizela,0,2,A,Portugal,Primeira Liga,football-data.co.uk
league_329e3c9e33204d05,2022-11-13,PRIMEIRA_LIGA,2022-23,LEAGUE,,Portimonense,Sp Braga,1,2,A,Portugal,Primeira Liga,football-data.co.uk
league_f402c22c3b399fe7,2022-11-14,PRIMEIRA_LIGA,2022-23,LEAGUE,,Santa Clara,Estoril,3,1,H,Portugal,Primeira Liga,football-data.co.uk
league_de483a6f24fe157d,2022-12-23,PRIMEIRA_LIGA,2022-23,LEAGUE,,Rio Ave,Maritimo,1,1,D,Portugal,Primeira Liga,football-data.co.uk
league_90d6d59928083aa3,2022-12-28,PRIMEIRA_LIGA,2022-23,LEAGUE,,FC Porto,Arouca,5,1,H,Portugal,Primeira Liga,football-data.co.uk
league_96df1e051f938ec6,2022-12-28,PRIMEIRA_LIGA,2022-23,LEAGUE,,Portimonense,Casa Pia,1,2,A,Portugal,Primeira Liga,football-data.co.uk
league_27e0343581c27a05,2022-12-29,PRIMEIRA_LIGA,2022-23,LEAGUE,,Gil Vicente,Santa Clara,1,0,H,Portugal,Primeira Liga,football-data.co.uk
league_2618af791076cc30,2022-12-29,PRIMEIRA_LIGA,2022-23,LEAGUE,,Sporting CP,Pacos Ferreira,3,0,H,Portugal,Primeira Liga,football-data.co.uk
league_d2660ebff726c3d7,2022-12-30,PRIMEIRA_LIGA,2022-23,LEAGUE,,Chaves,Famalicao,0,2,A,Portugal,Primeira Liga,football-data.co.uk
league_059e516c04487c47,2022-12-30,PRIMEIRA_LIGA,2022-23,LEAGUE,,Sp Braga,Benfica,3,0,H,Portugal,Primeira Liga,football-data.co.uk
league_916f9f205990d2fa,2022-12-30,PRIMEIRA_LIGA,2022-23,LEAGUE,,Vizela,Guimaraes,3,0,H,Portugal,Primeira Liga,football-data.co.uk
league_7bb2dad49a9c07b9,2023-01-05,PRIMEIRA_LIGA,2022-23,LEAGUE,,Santa Clara,Sp Braga,0,4,A,Portugal,Primeira Liga,football-data.co.uk
league_dc66c019e50da990,2023-01-06,PRIMEIRA_LIGA,2022-23,LEAGUE,,Benfica,Portimonense,1,0,H,Portugal,Primeira Liga,football-data.co.uk
league_e5c68b9117cf8cc6,2023-01-06,PRIMEIRA_LIGA,2022-23,LEAGUE,,Famalicao,Vizela,2,1,H,Portugal,Primeira Liga,football-data.co.uk
league_3f8b17a6985794ed,2023-01-07,PRIMEIRA_LIGA,2022-23,LEAGUE,,Arouca,Estoril,2,0,H,Portugal,Primeira Liga,football-data.co.uk
league_d5c50a23b75138aa,2023-01-07,PRIMEIRA_LIGA,2022-23,LEAGUE,,Casa Pia,FC Porto,0,0,D,Portugal,Primeira Liga,football-data.co.uk
league_222be2478dc79c2b,2023-01-07,PRIMEIRA_LIGA,2022-23,LEAGUE,,Guimaraes,Rio Ave,0,0,D,Portugal,Primeira Liga,football-data.co.uk
league_5774829eafabefbe,2023-01-08,PRIMEIRA_LIGA,2022-23,LEAGUE,,Boavista,Gil Vicente,1,0,H,Portugal,Primeira Liga,football-data.co.uk
league_2eb919acb8cb0e15,2023-01-08,PRIMEIRA_LIGA,2022-23,LEAGUE,,Maritimo,Sporting CP,1,0,H,Portugal,Primeira Liga,football-data.co.uk
league_d41e1b27c1724cfd,2023-01-08,PRIMEIRA_LIGA,2022-23,LEAGUE,,Pacos Ferreira,Chaves,1,1,D,Portugal,Primeira Liga,football-data.co.uk
league_98dcd7335e7fa62e,2023-01-13,PRIMEIRA_LIGA,2022-23,LEAGUE,,Portimonense,Santa Clara,0,0,D,Portugal,Primeira Liga,football-data.co.uk
league_e735e16158ce7070,2023-01-14,PRIMEIRA_LIGA,2022-23,LEAGUE,,Rio Ave,Pacos Ferreira,0,1,A,Portugal,Primeira Liga,football-data.co.uk
league_78bfb68e5d0c5c6c,2023-01-14,PRIMEIRA_LIGA,2022-23,LEAGUE,,Sp Braga,Boavista,1,0,H,Portugal,Primeira Liga,football-data.co.uk
league_a82b3e7f3ef89446,2023-01-14,PRIMEIRA_LIGA,2022-23,LEAGUE,,Vizela,Maritimo,3,0,H,Portugal,Primeira Liga,football-data.co.uk
league_6f3f52e0c3d13595,2023-01-15,PRIMEIRA_LIGA,2022-23,LEAGUE,,Benfica,Sporting CP,2,2,D,Portugal,Primeira Liga,football-data.co.uk
league_367f2a31834e954a,2023-01-15,PRIMEIRA_LIGA,2022-23,LEAGUE,,Chaves,Arouca,1,1,D,Portugal,Primeira Liga,football-data.co.uk
league_8efec3979b60836d,2023-01-15,PRIMEIRA_LIGA,2022-23,LEAGUE,,FC Porto,Famalicao,4,1,H,Portugal,Primeira Liga,football-data.co.uk
league_eb21fb65776845df,2023-01-16,PRIMEIRA_LIGA,2022-23,LEAGUE,,Estoril,Casa Pia,2,0,H,Portugal,Primeira Liga,football-data.co.uk
league_b409794d7417c927,2023-01-16,PRIMEIRA_LIGA,2022-23,LEAGUE,,Gil Vicente,Guimaraes,2,1,H,Portugal,Primeira Liga,football-data.co.uk
league_41d01ae183fe822e,2023-01-20,PRIMEIRA_LIGA,2022-23,LEAGUE,,Arouca,Portimonense,4,0,H,Portugal,Primeira Liga,football-data.co.uk
league_b26f931d067d4219,2023-01-20,PRIMEIRA_LIGA,2022-23,LEAGUE,,Sporting CP,Vizela,2,1,H,Portugal,Primeira Liga,football-data.co.uk
league_2b6c9487e84517d9,2023-01-21,PRIMEIRA_LIGA,2022-23,LEAGUE,,Guimaraes,FC Porto,0,1,A,Portugal,Primeira Liga,football-data.co.uk
league_f0b616b681126647,2023-01-21,PRIMEIRA_LIGA,2022-23,LEAGUE,,Pacos Ferreira,Sp Braga,1,2,A,Portugal,Primeira Liga,football-data.co.uk
league_5b68724bf59d145b,2023-01-21,PRIMEIRA_LIGA,2022-23,LEAGUE,,Santa Clara,Benfica,0,3,A,Portugal,Primeira Liga,football-data.co.uk
league_99d5c2b89b151d70,2023-01-22,PRIMEIRA_LIGA,2022-23,LEAGUE,,Casa Pia,Gil Vicente,1,3,A,Portugal,Primeira Liga,football-data.co.uk
league_a9c24e2d7a0be358,2023-01-22,PRIMEIRA_LIGA,2022-23,LEAGUE,,Famalicao,Rio Ave,0,0,D,Portugal,Primeira Liga,football-data.co.uk
league_0351567f43947a9a,2023-01-22,PRIMEIRA_LIGA,2022-23,LEAGUE,,Maritimo,Estoril,1,0,H,Portugal,Primeira Liga,football-data.co.uk
league_12fcc222a0fd596a,2023-01-23,PRIMEIRA_LIGA,2022-23,LEAGUE,,Boavista,Chaves,1,1,D,Portugal,Primeira Liga,football-data.co.uk
league_0d70fbdefb1fed4e,2023-01-26,PRIMEIRA_LIGA,2022-23,LEAGUE,,Pacos Ferreira,Benfica,0,2,A,Portugal,Primeira Liga,football-data.co.uk
league_71512e63349456b7,2023-01-29,PRIMEIRA_LIGA,2022-23,LEAGUE,,Boavista,Portimonense,4,2,H,Portugal,Primeira Liga,football-data.co.uk
league_39ac9eb82073f205,2023-01-29,PRIMEIRA_LIGA,2022-23,LEAGUE,,Casa Pia,Santa Clara,2,1,H,Portugal,Primeira Liga,football-data.co.uk
league_f9ce17b0b33c2b2a,2023-01-29,PRIMEIRA_LIGA,2022-23,LEAGUE,,Famalicao,Estoril,1,0,H,Portugal,Primeira Liga,football-data.co.uk
league_62b4059db9f0ad3d,2023-01-29,PRIMEIRA_LIGA,2022-23,LEAGUE,,Vizela,Rio Ave,3,1,H,Portugal,Primeira Liga,football-data.co.uk
league_bde1e346914c8f70,2023-01-30,PRIMEIRA_LIGA,2022-23,LEAGUE,,Guimaraes,Chaves,2,1,H,Portugal,Primeira Liga,football-data.co.uk
league_8fd4fcfbded0e6ed,2023-01-31,PRIMEIRA_LIGA,2022-23,LEAGUE,,Arouca,Benfica,0,3,A,Portugal,Primeira Liga,football-data.co.uk
league_4af323610228a66e,2023-01-31,PRIMEIRA_LIGA,2022-23,LEAGUE,,Pacos Ferreira,Gil Vicente,2,1,H,Portugal,Primeira Liga,football-data.co.uk
league_9eefa56289b7f04f,2023-02-01,PRIMEIRA_LIGA,2022-23,LEAGUE,,Maritimo,FC Porto,0,2,A,Portugal,Primeira Liga,football-data.co.uk
league_91993c5be71f7d91,2023-02-01,PRIMEIRA_LIGA,2022-23,LEAGUE,,Sporting CP,Sp Braga,5,0,H,Portugal,Primeira Liga,football-data.co.uk
league_a42d9a82176c2945,2023-02-04,PRIMEIRA_LIGA,2022-23,LEAGUE,,Benfica,Casa Pia,3,0,H,Portugal,Primeira Liga,football-data.co.uk
league_1f0de231098100dd,2023-02-04,PRIMEIRA_LIGA,2022-23,LEAGUE,,Estoril,Guimaraes,0,1,A,Portugal,Primeira Liga,football-data.co.uk
league_ca5cc391091d9acd,2023-02-04,PRIMEIRA_LIGA,2022-23,LEAGUE,,Santa Clara,Boavista,2,2,D,Portugal,Primeira Liga,football-data.co.uk
league_d427e3073f9d1698,2023-02-05,PRIMEIRA_LIGA,2022-23,LEAGUE,,Chaves,Maritimo,2,1,H,Portugal,Primeira Liga,football-data.co.uk
league_4ac70c6fb8ef24cd,2023-02-05,PRIMEIRA_LIGA,2022-23,LEAGUE,,FC Porto,Vizela,2,0,H,Portugal,Primeira Liga,football-data.co.uk
league_6f3f1bb4f9ef71b1,2023-02-05,PRIMEIRA_LIGA,2022-23,LEAGUE,,Gil Vicente,Arouca,1,1,D,Portugal,Primeira Liga,football-data.co.uk
league_61be9e723111e291,2023-02-05,PRIMEIRA_LIGA,2022-23,LEAGUE,,Sp Braga,Famalicao,4,1,H,Portugal,Primeira Liga,football-data.co.uk
league_42b07a29f3c7dd92,2023-02-06,PRIMEIRA_LIGA,2022-23,LEAGUE,,Portimonense,Pacos Ferreira,1,0,H,Portugal,Primeira Liga,football-data.co.uk
league_91e331f1e537beae,2023-02-06,PRIMEIRA_LIGA,2022-23,LEAGUE,,Rio Ave,Sporting CP,0,1,A,Portugal,Primeira Liga,football-data.co.uk
league_2f22da17bf884531,2023-02-09,PRIMEIRA_LIGA,2022-23,LEAGUE,,Estoril,Boavista,2,1,H,Portugal,Primeira Liga,football-data.co.uk
league_0e38bbeaccea7ffe,2023-02-10,PRIMEIRA_LIGA,2022-23,LEAGUE,,Vizela,Chaves,0,0,D,Portugal,Primeira Liga,football-data.co.uk
league_e0f2bcb6fbb35538,2023-02-11,PRIMEIRA_LIGA,2022-23,LEAGUE,,Arouca,Santa Clara,1,0,H,Portugal,Primeira Liga,football-data.co.uk
league_9756b708445ac68a,2023-02-11,PRIMEIRA_LIGA,2022-23,LEAGUE,,Guimaraes,Portimonense,1,0,H,Portugal,Primeira Liga,football-data.co.uk
league_7c54c8fd17ebe8e4,2023-02-12,PRIMEIRA_LIGA,2022-23,LEAGUE,,Famalicao,Gil Vicente,0,1,A,Portugal,Primeira Liga,football-data.co.uk
league_71b3fe48da0fdcb2,2023-02-12,PRIMEIRA_LIGA,2022-23,LEAGUE,,Maritimo,Sp Braga,1,2,A,Portugal,Primeira Liga,football-data.co.uk
league_0e8d48469c91bae2,2023-02-12,PRIMEIRA_LIGA,2022-23,LEAGUE,,Sporting CP,FC Porto,1,2,A,Portugal,Primeira Liga,football-data.co.uk
league_24f41b36bd27d7e2,2023-02-13,PRIMEIRA_LIGA,2022-23,LEAGUE,,Boavista,Casa Pia,0,0,D,Portugal,Primeira Liga,football-data.co.uk
league_15eadc9eb3c0d713,2023-02-13,PRIMEIRA_LIGA,2022-23,LEAGUE,,Rio Ave,Estoril,2,0,H,Portugal,Primeira Liga,football-data.co.uk
league_9cb859bdb9aa88dc,2023-02-17,PRIMEIRA_LIGA,2022-23,LEAGUE,,Gil Vicente,Vizela,1,1,D,Portugal,Primeira Liga,football-data.co.uk
league_7930a3857e5b4239,2023-02-18,PRIMEIRA_LIGA,2022-23,LEAGUE,,Estoril,Pacos Ferreira,1,3,A,Portugal,Primeira Liga,football-data.co.uk
league_00515f2adf696551,2023-02-18,PRIMEIRA_LIGA,2022-23,LEAGUE,,FC Porto,Rio Ave,1,0,H,Portugal,Primeira Liga,football-data.co.uk
league_5631bee02baf1140,2023-02-18,PRIMEIRA_LIGA,2022-23,LEAGUE,,Portimonense,Maritimo,2,1,H,Portugal,Primeira Liga,football-data.co.uk
league_f018f0a16c8c277f,2023-02-19,PRIMEIRA_LIGA,2022-23,LEAGUE,,Casa Pia,Guimaraes,0,0,D,Portugal,Primeira Liga,football-data.co.uk
league_f1e7ebe6f089dff5,2023-02-19,PRIMEIRA_LIGA,2022-23,LEAGUE,,Santa Clara,Famalicao,1,3,A,Portugal,Primeira Liga,football-data.co.uk
league_94232bf9285a0576,2023-02-19,PRIMEIRA_LIGA,2022-23,LEAGUE,,Sp Braga,Arouca,2,0,H,Portugal,Primeira Liga,football-data.co.uk
league_e7e3ebbe9cc8dc0c,2023-02-20,PRIMEIRA_LIGA,2022-23,LEAGUE,,Benfica,Boavista,3,1,H,Portugal,Primeira Liga,football-data.co.uk
league_aaa9588d3f4834b8,2023-02-20,PRIMEIRA_LIGA,2022-23,LEAGUE,,Chaves,Sporting CP,2,3,A,Portugal,Primeira Liga,football-data.co.uk
league_ecfd7400272bd839,2023-02-24,PRIMEIRA_LIGA,2022-23,LEAGUE,,Famalicao,Portimonense,1,0,H,Portugal,Primeira Liga,football-data.co.uk
league_34363658ae722fed,2023-02-25,PRIMEIRA_LIGA,2022-23,LEAGUE,,Arouca,Casa Pia,2,0,H,Portugal,Primeira Liga,football-data.co.uk
league_3c5a2ea79ed99752,2023-02-25,PRIMEIRA_LIGA,2022-23,LEAGUE,,Maritimo,Santa Clara,3,1,H,Portugal,Primeira Liga,football-data.co.uk
league_a264cf44e5501cce,2023-02-25,PRIMEIRA_LIGA,2022-23,LEAGUE,,Vizela,Benfica,0,2,A,Portugal,Primeira Liga,football-data.co.uk
league_d935d0d6800273b0,2023-02-26,PRIMEIRA_LIGA,2022-23,LEAGUE,,FC Porto,Gil Vicente,1,2,A,Portugal,Primeira Liga,football-data.co.uk
league_0123dad6e9c30ccf,2023-02-26,PRIMEIRA_LIGA,2022-23,LEAGUE,,Pacos Ferreira,Boavista,1,3,A,Portugal,Primeira Liga,football-data.co.uk
league_6c48e24256509bc7,2023-02-26,PRIMEIRA_LIGA,2022-23,LEAGUE,,Rio Ave,Chaves,1,0,H,Portugal,Primeira Liga,football-data.co.uk
league_c1b6281b11afaa15,2023-02-27,PRIMEIRA_LIGA,2022-23,LEAGUE,,Guimaraes,Sp Braga,2,1,H,Portugal,Primeira Liga,football-data.co.uk
league_359a96d637b76966,2023-02-27,PRIMEIRA_LIGA,2022-23,LEAGUE,,Sporting CP,Estoril,2,0,H,Portugal,Primeira Liga,football-data.co.uk
league_8e8038d72e512ab3,2023-03-03,PRIMEIRA_LIGA,2022-23,LEAGUE,,Benfica,Famalicao,2,0,H,Portugal,Primeira Liga,football-data.co.uk
league_bc4b2ddce9edcd54,2023-03-03,PRIMEIRA_LIGA,2022-23,LEAGUE,,Boavista,Arouca,0,0,D,Portugal,Primeira Liga,football-data.co.uk
league_13d7f81277ab6ea2,2023-03-04,PRIMEIRA_LIGA,2022-23,LEAGUE,,Chaves,FC Porto,1,3,A,Portugal,Primeira Liga,football-data.co.uk
league_190e5fbefc6ec9bc,2023-03-04,PRIMEIRA_LIGA,2022-23,LEAGUE,,Estoril,Vizela,0,3,A,Portugal,Primeira Liga,football-data.co.uk
league_0eef246b2a641f68,2023-03-04,PRIMEIRA_LIGA,2022-23,LEAGUE,,Portimonense,Sporting CP,0,1,A,Portugal,Primeira Liga,football-data.co.uk
league_3b1cbecc53c24dd0,2023-03-05,PRIMEIRA_LIGA,2022-23,LEAGUE,,Gil Vicente,Maritimo,2,0,H,Portugal,Primeira Liga,football-data.co.uk
league_048162769ad0bf2c,2023-03-05,PRIMEIRA_LIGA,2022-23,LEAGUE,,Santa Clara,Guimaraes,1,3,A,Portugal,Primeira Liga,football-data.co.uk
league_dce8c0ad56fa9ce4,2023-03-05,PRIMEIRA_LIGA,2022-23,LEAGUE,,Sp Braga,Rio Ave,2,0,H,Portugal,Primeira Liga,football-data.co.uk
league_9eb0ee3f3d1503e6,2023-03-06,PRIMEIRA_LIGA,2022-23,LEAGUE,,Casa Pia,Pacos Ferreira,2,1,H,Portugal,Primeira Liga,football-data.co.uk
league_12ebd1b48f36763d,2023-03-10,PRIMEIRA_LIGA,2022-23,LEAGUE,,FC Porto,Estoril,3,2,H,Portugal,Primeira Liga,football-data.co.uk
league_d2f116d996a80fcb,2023-03-11,PRIMEIRA_LIGA,2022-23,LEAGUE,,Chaves,Portimonense,2,0,H,Portugal,Primeira Liga,football-data.co.uk
league_11a9f2b7c755d056,2023-03-11,PRIMEIRA_LIGA,2022-23,LEAGUE,,Guimaraes,Arouca,0,2,A,Portugal,Primeira Liga,football-data.co.uk
league_254f50fa5278a470,2023-03-11,PRIMEIRA_LIGA,2022-23,LEAGUE,,Pacos Ferreira,Santa Clara,1,0,H,Portugal,Primeira Liga,football-data.co.uk
league_0d0e975727b37ca6,2023-03-11,PRIMEIRA_LIGA,2022-23,LEAGUE,,Vizela,Sp Braga,0,4,A,Portugal,Primeira Liga,football-data.co.uk
league_21d4e4f2f51e59b0,2023-03-12,PRIMEIRA_LIGA,2022-23,LEAGUE,,Maritimo,Benfica,0,3,A,Portugal,Primeira Liga,football-data.co.uk
league_67262527c3b27473,2023-03-12,PRIMEIRA_LIGA,2022-23,LEAGUE,,Rio Ave,Gil Vicente,2,1,H,Portugal,Primeira Liga,football-data.co.uk
league_d35552feae139f55,2023-03-12,PRIMEIRA_LIGA,2022-23,LEAGUE,,Sporting CP,Boavista,3,0,H,Portugal,Primeira Liga,football-data.co.uk
league_68bed8ba00183b1e,2023-03-13,PRIMEIRA_LIGA,2022-23,LEAGUE,,Famalicao,Casa Pia,1,0,H,Portugal,Primeira Liga,football-data.co.uk
league_3c3db9f35992d904,2023-03-17,PRIMEIRA_LIGA,2022-23,LEAGUE,,Santa Clara,Rio Ave,0,2,A,Portugal,Primeira Liga,football-data.co.uk
league_9aac37d35f0ac9fe,2023-03-18,PRIMEIRA_LIGA,2022-23,LEAGUE,,Arouca,Pacos Ferreira,1,1,D,Portugal,Primeira Liga,football-data.co.uk
league_c165cabd78e44853,2023-03-18,PRIMEIRA_LIGA,2022-23,LEAGUE,,Benfica,Guimaraes,5,1,H,Portugal,Primeira Liga,football-data.co.uk
league_53ff9f07e21e011b,2023-03-18,PRIMEIRA_LIGA,2022-23,LEAGUE,,Estoril,Chaves,0,2,A,Portugal,Primeira Liga,football-data.co.uk
league_8a43c4c9c769f092,2023-03-18,PRIMEIRA_LIGA,2022-23,LEAGUE,,Portimonense,Vizela,0,1,A,Portugal,Primeira Liga,football-data.co.uk
league_346882552c895e3a,2023-03-19,PRIMEIRA_LIGA,2022-23,LEAGUE,,Boavista,Famalicao,1,2,A,Portugal,Primeira Liga,football-data.co.uk
league_b416d5d1087dcad2,2023-03-19,PRIMEIRA_LIGA,2022-23,LEAGUE,,Casa Pia,Maritimo,2,0,H,Portugal,Primeira Liga,football-data.co.uk
league_5eb84f8cc0ecbef9,2023-03-19,PRIMEIRA_LIGA,2022-23,LEAGUE,,Sp Braga,FC Porto,0,0,D,Portugal,Primeira Liga,football-data.co.uk
league_81b2a578c5b12cbb,2023-03-31,PRIMEIRA_LIGA,2022-23,LEAGUE,,Estoril,Gil Vicente,1,0,H,Portugal,Primeira Liga,football-data.co.uk
league_88682c1b0bde81f7,2023-04-01,PRIMEIRA_LIGA,2022-23,LEAGUE,,Guimaraes,Pacos Ferreira,0,0,D,Portugal,Primeira Liga,football-data.co.uk
league_11a971c8126697f0,2023-04-01,PRIMEIRA_LIGA,2022-23,LEAGUE,,Sporting CP,Santa Clara,3,0,H,Portugal,Primeira Liga,football-data.co.uk
league_e4fca34d758bb5c7,2023-04-01,PRIMEIRA_LIGA,2022-23,LEAGUE,,Vizela,Casa Pia,3,1,H,Portugal,Primeira Liga,football-data.co.uk
league_998e0bc45b683672,2023-04-02,PRIMEIRA_LIGA,2022-23,LEAGUE,,Chaves,Sp Braga,1,2,A,Portugal,Primeira Liga,football-data.co.uk
league_85e4baf52f2d56f0,2023-04-02,PRIMEIRA_LIGA,2022-23,LEAGUE,,FC Porto,Portimonense,1,0,H,Portugal,Primeira Liga,football-data.co.uk
league_e9350a16908aa6b9,2023-04-02,PRIMEIRA_LIGA,2022-23,LEAGUE,,Maritimo,Boavista,4,2,H,Portugal,Primeira Liga,football-data.co.uk
league_21a086f56b1a61a2,2023-04-02,PRIMEIRA_LIGA,2022-23,LEAGUE,,Rio Ave,Benfica,0,1,A,Portugal,Primeira Liga,football-data.co.uk
league_6ed82eb423648d32,2023-04-03,PRIMEIRA_LIGA,2022-23,LEAGUE,,Famalicao,Arouca,0,1,A,Portugal,Primeira Liga,football-data.co.uk
league_a041e76f2bfb2ae7,2023-04-05,PRIMEIRA_LIGA,2022-23,LEAGUE,,Gil Vicente,Sporting CP,0,0,D,Portugal,Primeira Liga,football-data.co.uk
league_09368b30b4e02050,2023-04-07,PRIMEIRA_LIGA,2022-23,LEAGUE,,Benfica,FC Porto,1,2,A,Portugal,Primeira Liga,football-data.co.uk
league_76c8cb235064f312,2023-04-07,PRIMEIRA_LIGA,2022-23,LEAGUE,,Boavista,Guimaraes,2,1,H,Portugal,Primeira Liga,football-data.co.uk
league_8ca3cc3463aa2d84,2023-04-07,PRIMEIRA_LIGA,2022-23,LEAGUE,,Santa Clara,Vizela,0,1,A,Portugal,Primeira Liga,football-data.co.uk
league_1893630d0a5699eb,2023-04-08,PRIMEIRA_LIGA,2022-23,LEAGUE,,Arouca,Maritimo,1,0,H,Portugal,Primeira Liga,football-data.co.uk
league_511a9cb93e6fd2ad,2023-04-08,PRIMEIRA_LIGA,2022-23,LEAGUE,,Pacos Ferreira,Famalicao,1,3,A,Portugal,Primeira Liga,football-data.co.uk
league_bb4268df6b839a52,2023-04-08,PRIMEIRA_LIGA,2022-23,LEAGUE,,Portimonense,Rio Ave,2,2,D,Portugal,Primeira Liga,football-data.co.uk
league_f7b7227d94ef1bf0,2023-04-08,PRIMEIRA_LIGA,2022-23,LEAGUE,,Sp Braga,Estoril,4,1,H,Portugal,Primeira Liga,football-data.co.uk
league_7e4f7022d2509673,2023-04-09,PRIMEIRA_LIGA,2022-23,LEAGUE,,Casa Pia,Sporting CP,3,4,A,Portugal,Primeira Liga,football-data.co.uk
league_2c992d4faf821b41,2023-04-10,PRIMEIRA_LIGA,2022-23,LEAGUE,,Gil Vicente,Chaves,0,0,D,Portugal,Primeira Liga,football-data.co.uk
league_2798297475cefa06,2023-04-14,PRIMEIRA_LIGA,2022-23,LEAGUE,,Famalicao,Guimaraes,2,1,H,Portugal,Primeira Liga,football-data.co.uk
league_8ec74f41aa461758,2023-04-15,PRIMEIRA_LIGA,2022-23,LEAGUE,,Chaves,Benfica,1,0,H,Portugal,Primeira Liga,football-data.co.uk
league_e6ae00e78c1ace4a,2023-04-15,PRIMEIRA_LIGA,2022-23,LEAGUE,,Estoril,Portimonense,0,1,A,Portugal,Primeira Liga,football-data.co.uk
league_4a445688b593e6f5,2023-04-15,PRIMEIRA_LIGA,2022-23,LEAGUE,,FC Porto,Santa Clara,2,1,H,Portugal,Primeira Liga,football-data.co.uk
league_17425f9fe37ac6cc,2023-04-15,PRIMEIRA_LIGA,2022-23,LEAGUE,,Maritimo,Pacos Ferreira,3,1,H,Portugal,Primeira Liga,football-data.co.uk
league_62b91ae690d1419e,2023-04-16,PRIMEIRA_LIGA,2022-23,LEAGUE,,Rio Ave,Casa Pia,1,1,D,Portugal,Primeira Liga,football-data.co.uk
league_722f66a98b07660e,2023-04-16,PRIMEIRA_LIGA,2022-23,LEAGUE,,Sp Braga,Gil Vicente,1,0,H,Portugal,Primeira Liga,football-data.co.uk
league_c70d9c99deedcef7,2023-04-16,PRIMEIRA_LIGA,2022-23,LEAGUE,,Sporting CP,Arouca,1,1,D,Portugal,Primeira Liga,football-data.co.uk
league_63baa4748b70e006,2023-04-17,PRIMEIRA_LIGA,2022-23,LEAGUE,,Vizela,Boavista,1,1,D,Portugal,Primeira Liga,football-data.co.uk
league_9d5793c41e79d910,2023-04-21,PRIMEIRA_LIGA,2022-23,LEAGUE,,Casa Pia,Sp Braga,0,1,A,Portugal,Primeira Liga,football-data.co.uk
league_8b4cda85a0c96236,2023-04-22,PRIMEIRA_LIGA,2022-23,LEAGUE,,Boavista,Rio Ave,3,2,H,Portugal,Primeira Liga,football-data.co.uk
league_511a299d6e0dba06,2023-04-22,PRIMEIRA_LIGA,2022-23,LEAGUE,,Famalicao,Maritimo,3,2,H,Portugal,Primeira Liga,football-data.co.uk
league_e9e5759704342543,2023-04-22,PRIMEIRA_LIGA,2022-23,LEAGUE,,Pacos Ferreira,FC Porto,0,2,A,Portugal,Primeira Liga,football-data.co.uk
league_42c7b604e6f509af,2023-04-23,PRIMEIRA_LIGA,2022-23,LEAGUE,,Arouca,Vizela,1,0,H,Portugal,Primeira Liga,football-data.co.uk
league_7426da19c59fdeee,2023-04-23,PRIMEIRA_LIGA,2022-23,LEAGUE,,Benfica,Estoril,1,0,H,Portugal,Primeira Liga,football-data.co.uk
league_9ab1f056ee9f7e31,2023-04-23,PRIMEIRA_LIGA,2022-23,LEAGUE,,Portimonense,Gil Vicente,1,0,H,Portugal,Primeira Liga,football-data.co.uk
league_4b9ec1a57badd0fd,2023-04-23,PRIMEIRA_LIGA,2022-23,LEAGUE,,Santa Clara,Chaves,1,1,D,Portugal,Primeira Liga,football-data.co.uk
league_5dcb6b638107d43e,2023-04-24,PRIMEIRA_LIGA,2022-23,LEAGUE,,Guimaraes,Sporting CP,0,2,A,Portugal,Primeira Liga,football-data.co.uk
league_cc3012b60888120e,2023-04-28,PRIMEIRA_LIGA,2022-23,LEAGUE,,Rio Ave,Arouca,1,0,H,Portugal,Primeira Liga,football-data.co.uk
league_905381e2eec34592,2023-04-29,PRIMEIRA_LIGA,2022-23,LEAGUE,,Chaves,Casa Pia,1,0,H,Portugal,Primeira Liga,football-data.co.uk
league_8cdbbcd7a3185538,2023-04-29,PRIMEIRA_LIGA,2022-23,LEAGUE,,Gil Vicente,Benfica,0,2,A,Portugal,Primeira Liga,football-data.co.uk
league_5bc32452192127d0,2023-04-29,PRIMEIRA_LIGA,2022-23,LEAGUE,,Maritimo,Guimaraes,1,2,A,Portugal,Primeira Liga,football-data.co.uk
league_cf333fa0ae344641,2023-04-29,PRIMEIRA_LIGA,2022-23,LEAGUE,,Sp Braga,Portimonense,4,1,H,Portugal,Primeira Liga,football-data.co.uk
league_eb95a64df45100f9,2023-04-29,PRIMEIRA_LIGA,2022-23,LEAGUE,,Vizela,Pacos Ferreira,1,2,A,Portugal,Primeira Liga,football-data.co.uk
league_a0deb59214db681b,2023-04-30,PRIMEIRA_LIGA,2022-23,LEAGUE,,Estoril,Santa Clara,3,0,H,Portugal,Primeira Liga,football-data.co.uk
league_d5ee9dd7c891fcc8,2023-04-30,PRIMEIRA_LIGA,2022-23,LEAGUE,,FC Porto,Boavista,1,0,H,Portugal,Primeira Liga,football-data.co.uk
league_d0f80bce76391899,2023-04-30,PRIMEIRA_LIGA,2022-23,LEAGUE,,Sporting CP,Famalicao,2,1,H,Portugal,Primeira Liga,football-data.co.uk
league_174cec80e66d0701,2023-05-05,PRIMEIRA_LIGA,2022-23,LEAGUE,,Casa Pia,Portimonense,1,1,D,Portugal,Primeira Liga,football-data.co.uk
league_ea56303641f925af,2023-05-06,PRIMEIRA_LIGA,2022-23,LEAGUE,,Benfica,Sp Braga,1,0,H,Portugal,Primeira Liga,football-data.co.uk
league_74a58b65b95cb196,2023-05-06,PRIMEIRA_LIGA,2022-23,LEAGUE,,Boavista,Estoril,1,0,H,Portugal,Primeira Liga,football-data.co.uk
league_f7631f8b9261295f,2023-05-06,PRIMEIRA_LIGA,2022-23,LEAGUE,,Santa Clara,Gil Vicente,3,2,H,Portugal,Primeira Liga,football-data.co.uk
league_6e7c3fcf4ef8c23a,2023-05-07,PRIMEIRA_LIGA,2022-23,LEAGUE,,Guimaraes,Vizela,3,0,H,Portugal,Primeira Liga,football-data.co.uk
league_3449bd7b914a5c4d,2023-05-07,PRIMEIRA_LIGA,2022-23,LEAGUE,,Maritimo,Rio Ave,2,2,D,Portugal,Primeira Liga,football-data.co.uk
league_658ea95fc401a0d4,2023-05-07,PRIMEIRA_LIGA,2022-23,LEAGUE,,Pacos Ferreira,Sporting CP,0,4,A,Portugal,Primeira Liga,football-data.co.uk
league_cc5a5c74708e9cf3,2023-05-08,PRIMEIRA_LIGA,2022-23,LEAGUE,,Arouca,FC Porto,0,1,A,Portugal,Primeira Liga,football-data.co.uk
league_bd1f5a12072bdddf,2023-05-08,PRIMEIRA_LIGA,2022-23,LEAGUE,,Famalicao,Chaves,1,2,A,Portugal,Primeira Liga,football-data.co.uk
league_b0f0d0aa44f6f374,2023-05-12,PRIMEIRA_LIGA,2022-23,LEAGUE,,Gil Vicente,Boavista,3,1,H,Portugal,Primeira Liga,football-data.co.uk
league_9d7eb722237b0c64,2023-05-13,PRIMEIRA_LIGA,2022-23,LEAGUE,,Chaves,Pacos Ferreira,2,0,H,Portugal,Primeira Liga,football-data.co.uk
league_3d3ba914625f2d3d,2023-05-13,PRIMEIRA_LIGA,2022-23,LEAGUE,,Portimonense,Benfica,1,5,A,Portugal,Primeira Liga,football-data.co.uk
league_72512021cadf792f,2023-05-13,PRIMEIRA_LIGA,2022-23,LEAGUE,,Sporting CP,Maritimo,2,1,H,Portugal,Primeira Liga,football-data.co.uk
league_5eade49227cb83b2,2023-05-13,PRIMEIRA_LIGA,2022-23,LEAGUE,,Vizela,Famalicao,0,0,D,Portugal,Primeira Liga,football-data.co.uk
league_9e0040e717bf38d9,2023-05-14,PRIMEIRA_LIGA,2022-23,LEAGUE,,FC Porto,Casa Pia,2,1,H,Portugal,Primeira Liga,football-data.co.uk
league_8074eb3e100fe411,2023-05-14,PRIMEIRA_LIGA,2022-23,LEAGUE,,Rio Ave,Guimaraes,0,1,A,Portugal,Primeira Liga,football-data.co.uk
league_189482f6f2cd381f,2023-05-14,PRIMEIRA_LIGA,2022-23,LEAGUE,,Sp Braga,Santa Clara,5,3,H,Portugal,Primeira Liga,football-data.co.uk
league_a7a885dd773e1c46,2023-05-15,PRIMEIRA_LIGA,2022-23,LEAGUE,,Estoril,Arouca,2,0,H,Portugal,Primeira Liga,football-data.co.uk
league_5e413b5aa94f1108,2023-05-19,PRIMEIRA_LIGA,2022-23,LEAGUE,,Maritimo,Vizela,1,0,H,Portugal,Primeira Liga,football-data.co.uk
league_3137be422b5f7248,2023-05-20,PRIMEIRA_LIGA,2022-23,LEAGUE,,Arouca,Chaves,1,0,H,Portugal,Primeira Liga,football-data.co.uk
league_708a2151b5aa1069,2023-05-20,PRIMEIRA_LIGA,2022-23,LEAGUE,,Boavista,Sp Braga,1,1,D,Portugal,Primeira Liga,football-data.co.uk
league_8cb1fe509206a2ef,2023-05-20,PRIMEIRA_LIGA,2022-23,LEAGUE,,Famalicao,FC Porto,2,4,A,Portugal,Primeira Liga,football-data.co.uk
league_7a832ef4f3c3f39e,2023-05-20,PRIMEIRA_LIGA,2022-23,LEAGUE,,Santa Clara,Portimonense,1,0,H,Portugal,Primeira Liga,football-data.co.uk
league_93d8c92cefcb1b0e,2023-05-21,PRIMEIRA_LIGA,2022-23,LEAGUE,,Casa Pia,Estoril,2,2,D,Portugal,Primeira Liga,football-data.co.uk
league_411bf5acd2793e18,2023-05-21,PRIMEIRA_LIGA,2022-23,LEAGUE,,Guimaraes,Gil Vicente,1,0,H,Portugal,Primeira Liga,football-data.co.uk
league_b179a0f1975090e1,2023-05-21,PRIMEIRA_LIGA,2022-23,LEAGUE,,Pacos Ferreira,Rio Ave,3,1,H,Portugal,Primeira Liga,football-data.co.uk
league_515997a49b378083,2023-05-21,PRIMEIRA_LIGA,2022-23,LEAGUE,,Sporting CP,Benfica,2,2,D,Portugal,Primeira Liga,football-data.co.uk
league_8322b9125a4a8d92,2023-05-26,PRIMEIRA_LIGA,2022-23,LEAGUE,,Rio Ave,Famalicao,2,2,D,Portugal,Primeira Liga,football-data.co.uk
league_d668237a97b9a474,2023-05-26,PRIMEIRA_LIGA,2022-23,LEAGUE,,Vizela,Sporting CP,1,2,A,Portugal,Primeira Liga,football-data.co.uk
league_391331863e73b05b,2023-05-27,PRIMEIRA_LIGA,2022-23,LEAGUE,,Benfica,Santa Clara,3,0,H,Portugal,Primeira Liga,football-data.co.uk
league_29ea1f5e429f194f,2023-05-27,PRIMEIRA_LIGA,2022-23,LEAGUE,,Chaves,Boavista,1,4,A,Portugal,Primeira Liga,football-data.co.uk
league_acdccdcabe111145,2023-05-27,PRIMEIRA_LIGA,2022-23,LEAGUE,,Estoril,Maritimo,3,1,H,Portugal,Primeira Liga,football-data.co.uk
league_69bc7b526d175534,2023-05-27,PRIMEIRA_LIGA,2022-23,LEAGUE,,FC Porto,Guimaraes,3,0,H,Portugal,Primeira Liga,football-data.co.uk
league_2ee1a46654e4ad42,2023-05-27,PRIMEIRA_LIGA,2022-23,LEAGUE,,Gil Vicente,Casa Pia,1,0,H,Portugal,Primeira Liga,football-data.co.uk
league_12e1759eec769ae9,2023-05-27,PRIMEIRA_LIGA,2022-23,LEAGUE,,Portimonense,Arouca,0,2,A,Portugal,Primeira Liga,football-data.co.uk
league_4032a73679a46198,2023-05-27,PRIMEIRA_LIGA,2022-23,LEAGUE,,Sp Braga,Pacos Ferreira,3,0,H,Portugal,Primeira Liga,football-data.co.uk
league_240c759623e93834,2023-08-11,PRIMEIRA_LIGA,2023-24,LEAGUE,,Sp Braga,Famalicao,1,2,A,Portugal,Primeira Liga,football-data.co.uk
league_95fa4fd435470d10,2023-08-12,PRIMEIRA_LIGA,2023-24,LEAGUE,,Farense,Casa Pia,0,3,A,Portugal,Primeira Liga,football-data.co.uk
league_eb0ba21fea84096c,2023-08-12,PRIMEIRA_LIGA,2023-24,LEAGUE,,Gil Vicente,Portimonense,5,0,H,Portugal,Primeira Liga,football-data.co.uk
league_b86ac23f7fa15af1,2023-08-12,PRIMEIRA_LIGA,2023-24,LEAGUE,,Sporting CP,Vizela,3,2,H,Portugal,Primeira Liga,football-data.co.uk
league_80b451ef817d2be2,2023-08-13,PRIMEIRA_LIGA,2023-24,LEAGUE,,Arouca,Estoril,4,3,H,Portugal,Primeira Liga,football-data.co.uk
league_3406e0bf363a958d,2023-08-13,PRIMEIRA_LIGA,2023-24,LEAGUE,,Estrela,Guimaraes,0,1,A,Portugal,Primeira Liga,football-data.co.uk
league_5c6bbf4e8cbbf5da,2023-08-13,PRIMEIRA_LIGA,2023-24,LEAGUE,,Rio Ave,Chaves,2,0,H,Portugal,Primeira Liga,football-data.co.uk
league_ad20a1d5eebd21cd,2023-08-14,PRIMEIRA_LIGA,2023-24,LEAGUE,,Boavista,Benfica,3,2,H,Portugal,Primeira Liga,football-data.co.uk
league_571738253dd6144c,2023-08-14,PRIMEIRA_LIGA,2023-24,LEAGUE,,Moreirense,FC Porto,1,2,A,Portugal,Primeira Liga,football-data.co.uk
league_b4e8b4ddf252b405,2023-08-18,PRIMEIRA_LIGA,2023-24,LEAGUE,,Casa Pia,Sporting CP,1,2,A,Portugal,Primeira Liga,football-data.co.uk
league_a6d523b04bd79ce2,2023-08-19,PRIMEIRA_LIGA,2023-24,LEAGUE,,Benfica,Estrela,2,0,H,Portugal,Primeira Liga,football-data.co.uk
league_523152d65d2e2cf7,2023-08-19,PRIMEIRA_LIGA,2023-24,LEAGUE,,Chaves,Sp Braga,2,4,A,Portugal,Primeira Liga,football-data.co.uk
league_f98fa4baca01ef66,2023-08-19,PRIMEIRA_LIGA,2023-24,LEAGUE,,Guimaraes,Gil Vicente,2,1,H,Portugal,Primeira Liga,football-data.co.uk
league_60d85a8b26e707b8,2023-08-19,PRIMEIRA_LIGA,2023-24,LEAGUE,,Portimonense,Boavista,1,4,A,Portugal,Primeira Liga,football-data.co.uk
league_8bb208f0600fa242,2023-08-20,PRIMEIRA_LIGA,2023-24,LEAGUE,,Estoril,Rio Ave,2,0,H,Portugal,Primeira Liga,football-data.co.uk
league_cd73e49c3fe49fa4,2023-08-20,PRIMEIRA_LIGA,2023-24,LEAGUE,,FC Porto,Farense,2,1,H,Portugal,Primeira Liga,football-data.co.uk
league_e40ce099d83d061b,2023-08-20,PRIMEIRA_LIGA,2023-24,LEAGUE,,Vizela,Arouca,2,2,D,Portugal,Primeira Liga,football-data.co.uk
league_503057b2e753bd02,2023-08-21,PRIMEIRA_LIGA,2023-24,LEAGUE,,Famalicao,Moreirense,0,0,D,Portugal,Primeira Liga,football-data.co.uk
league_edb2fe8b796849ea,2023-08-25,PRIMEIRA_LIGA,2023-24,LEAGUE,,Estrela,Estoril,2,1,H,Portugal,Primeira Liga,football-data.co.uk
league_3a5709c413c538b6,2023-08-26,PRIMEIRA_LIGA,2023-24,LEAGUE,,Arouca,Portimonense,1,1,D,Portugal,Primeira Liga,football-data.co.uk
league_325990b18168484a,2023-08-26,PRIMEIRA_LIGA,2023-24,LEAGUE,,Farense,Chaves,5,0,H,Portugal,Primeira Liga,football-data.co.uk
league_cd2095bee3d777b8,2023-08-26,PRIMEIRA_LIGA,2023-24,LEAGUE,,Gil Vicente,Benfica,2,3,A,Portugal,Primeira Liga,football-data.co.uk
league_45a2f4788fabdfa6,2023-08-27,PRIMEIRA_LIGA,2023-24,LEAGUE,,Boavista,Casa Pia,1,1,D,Portugal,Primeira Liga,football-data.co.uk
league_62991b6830b9f44a,2023-08-27,PRIMEIRA_LIGA,2023-24,LEAGUE,,Guimaraes,Vizela,2,0,H,Portugal,Primeira Liga,football-data.co.uk
league_72a436fc79c851e5,2023-08-27,PRIMEIRA_LIGA,2023-24,LEAGUE,,Sporting CP,Famalicao,1,0,H,Portugal,Primeira Liga,football-data.co.uk
league_494e0ded7cb1a180,2023-08-28,PRIMEIRA_LIGA,2023-24,LEAGUE,,Rio Ave,FC Porto,1,2,A,Portugal,Primeira Liga,football-data.co.uk
league_afb1ae8fbe91d1c7,2023-09-01,PRIMEIRA_LIGA,2023-24,LEAGUE,,Vizela,Gil Vicente,1,0,H,Portugal,Primeira Liga,football-data.co.uk
league_cf1caf5b10814981,2023-09-02,PRIMEIRA_LIGA,2023-24,LEAGUE,,Benfica,Guimaraes,4,0,H,Portugal,Primeira Liga,football-data.co.uk
league_c811d8d571282bfc,2023-09-02,PRIMEIRA_LIGA,2023-24,LEAGUE,,Casa Pia,Rio Ave,1,1,D,Portugal,Primeira Liga,football-data.co.uk
league_a2f735481d34e3c3,2023-09-02,PRIMEIRA_LIGA,2023-24,LEAGUE,,Famalicao,Farense,1,0,H,Portugal,Primeira Liga,football-data.co.uk
league_a644be38456acf0c,2023-09-02,PRIMEIRA_LIGA,2023-24,LEAGUE,,Portimonense,Estrela,1,1,D,Portugal,Primeira Liga,football-data.co.uk
league_0f626c53f61ee22b,2023-09-03,PRIMEIRA_LIGA,2023-24,LEAGUE,,Chaves,Moreirense,1,2,A,Portugal,Primeira Liga,football-data.co.uk
league_63dd36964899daf8,2023-09-03,PRIMEIRA_LIGA,2023-24,LEAGUE,,Estoril,Boavista,1,2,A,Portugal,Primeira Liga,football-data.co.uk
league_330cf5e2ac7e0316,2023-09-03,PRIMEIRA_LIGA,2023-24,LEAGUE,,FC Porto,Arouca,1,1,D,Portugal,Primeira Liga,football-data.co.uk
league_8cf531deaf2b492a,2023-09-03,PRIMEIRA_LIGA,2023-24,LEAGUE,,Sp Braga,Sporting CP,1,1,D,Portugal,Primeira Liga,football-data.co.uk
league_483d2ce73a5d6bce,2023-09-09,PRIMEIRA_LIGA,2023-24,LEAGUE,,Moreirense,Sp Braga,2,3,A,Portugal,Primeira Liga,football-data.co.uk
league_fe8b58b326286dab,2023-09-15,PRIMEIRA_LIGA,2023-24,LEAGUE,,Estrela,FC Porto,0,1,A,Portugal,Primeira Liga,football-data.co.uk
league_b7c360d113e89f67,2023-09-16,PRIMEIRA_LIGA,2023-24,LEAGUE,,Farense,Sp Braga,3,1,H,Portugal,Primeira Liga,football-data.co.uk
league_318834c825f5352f,2023-09-16,PRIMEIRA_LIGA,2023-24,LEAGUE,,Rio Ave,Famalicao,1,1,D,Portugal,Primeira Liga,football-data.co.uk
league_d14c2cd854285b73,2023-09-16,PRIMEIRA_LIGA,2023-24,LEAGUE,,Vizela,Benfica,1,2,A,Portugal,Primeira Liga,football-data.co.uk
league_16af2924dcf4c5cb,2023-09-17,PRIMEIRA_LIGA,2023-24,LEAGUE,,Arouca,Casa Pia,0,1,A,Portugal,Primeira Liga,football-data.co.uk
league_dd56401e0a9cb7be,2023-09-17,PRIMEIRA_LIGA,2023-24,LEAGUE,,Gil Vicente,Estoril,5,3,H,Portugal,Primeira Liga,football-data.co.uk
league_f27dd0a9fd2956d4,2023-09-17,PRIMEIRA_LIGA,2023-24,LEAGUE,,Guimaraes,Portimonense,1,2,A,Portugal,Primeira Liga,football-data.co.uk
league_fca56775821118d3,2023-09-17,PRIMEIRA_LIGA,2023-24,LEAGUE,,Sporting CP,Moreirense,3,0,H,Portugal,Primeira Liga,football-data.co.uk
league_31e7c02bdce8dcd0,2023-09-18,PRIMEIRA_LIGA,2023-24,LEAGUE,,Boavista,Chaves,4,1,H,Portugal,Primeira Liga,football-data.co.uk
league_2af4d5467a76cbc0,2023-09-22,PRIMEIRA_LIGA,2023-24,LEAGUE,,Famalicao,Arouca,1,0,H,Portugal,Primeira Liga,football-data.co.uk
league_83708f34699bf005,2023-09-23,PRIMEIRA_LIGA,2023-24,LEAGUE,,Casa Pia,Guimaraes,0,0,D,Portugal,Primeira Liga,football-data.co.uk
league_5ae744052cc30b45,2023-09-23,PRIMEIRA_LIGA,2023-24,LEAGUE,,Estoril,Vizela,2,2,D,Portugal,Primeira Liga,football-data.co.uk
league_dfac848a018c0ef6,2023-09-23,PRIMEIRA_LIGA,2023-24,LEAGUE,,FC Porto,Gil Vicente,2,1,H,Portugal,Primeira Liga,football-data.co.uk
league_694ac72500d48cc7,2023-09-23,PRIMEIRA_LIGA,2023-24,LEAGUE,,Moreirense,Farense,1,0,H,Portugal,Primeira Liga,football-data.co.uk
league_f5c28ed7c4193145,2023-09-24,PRIMEIRA_LIGA,2023-24,LEAGUE,,Chaves,Estrela,2,2,D,Portugal,Primeira Liga,football-data.co.uk
league_0be0ab63eee4c54d,2023-09-24,PRIMEIRA_LIGA,2023-24,LEAGUE,,Portimonense,Benfica,1,3,A,Portugal,Primeira Liga,football-data.co.uk
league_25ae1dee1b2126f8,2023-09-24,PRIMEIRA_LIGA,2023-24,LEAGUE,,Sp Braga,Boavista,4,1,H,Portugal,Primeira Liga,football-data.co.uk
league_8625a371c01233b2,2023-09-25,PRIMEIRA_LIGA,2023-24,LEAGUE,,Sporting CP,Rio Ave,2,0,H,Portugal,Primeira Liga,football-data.co.uk
league_2739f542529a5759,2023-09-28,PRIMEIRA_LIGA,2023-24,LEAGUE,,Estrela,Sp Braga,2,4,A,Portugal,Primeira Liga,football-data.co.uk
league_25873a95d9c294a3,2023-09-29,PRIMEIRA_LIGA,2023-24,LEAGUE,,Benfica,FC Porto,1,0,H,Portugal,Primeira Liga,football-data.co.uk
league_97173b4ab875cf30,2023-09-30,PRIMEIRA_LIGA,2023-24,LEAGUE,,Boavista,Famalicao,2,2,D,Portugal,Primeira Liga,football-data.co.uk
league_b213f93bcee12873,2023-09-30,PRIMEIRA_LIGA,2023-24,LEAGUE,,Farense,Sporting CP,2,3,A,Portugal,Primeira Liga,football-data.co.uk
league_5eaf37db9125e594,2023-09-30,PRIMEIRA_LIGA,2023-24,LEAGUE,,Vizela,Portimonense,2,3,A,Portugal,Primeira Liga,football-data.co.uk
league_9979335be0518014,2023-10-01,PRIMEIRA_LIGA,2023-24,LEAGUE,,Arouca,Chaves,0,2,A,Portugal,Primeira Liga,football-data.co.uk
league_378ef2c008383339,2023-10-01,PRIMEIRA_LIGA,2023-24,LEAGUE,,Guimaraes,Estoril,3,2,H,Portugal,Primeira Liga,football-data.co.uk
league_ed79bc9546ebd6fb,2023-10-01,PRIMEIRA_LIGA,2023-24,LEAGUE,,Rio Ave,Moreirense,0,4,A,Portugal,Primeira Liga,football-data.co.uk
league_6a937cbb4e8a97b6,2023-10-02,PRIMEIRA_LIGA,2023-24,LEAGUE,,Gil Vicente,Casa Pia,2,0,H,Portugal,Primeira Liga,football-data.co.uk
league_13c61802eb15f419,2023-10-06,PRIMEIRA_LIGA,2023-24,LEAGUE,,Moreirense,Boavista,1,1,D,Portugal,Primeira Liga,football-data.co.uk
league_9b163460c2e6d95c,2023-10-07,PRIMEIRA_LIGA,2023-24,LEAGUE,,Chaves,Gil Vicente,4,2,H,Portugal,Primeira Liga,football-data.co.uk
league_94141abed44dc4ad,2023-10-07,PRIMEIRA_LIGA,2023-24,LEAGUE,,Estoril,Benfica,0,1,A,Portugal,Primeira Liga,football-data.co.uk
league_e5c92886b80d3b8f,2023-10-07,PRIMEIRA_LIGA,2023-24,LEAGUE,,Farense,Vizela,0,0,D,Portugal,Primeira Liga,football-data.co.uk
league_030fc3ed56577eeb,2023-10-07,PRIMEIRA_LIGA,2023-24,LEAGUE,,Sp Braga,Rio Ave,2,1,H,Portugal,Primeira Liga,football-data.co.uk
league_1b0fc505805e3147,2023-10-08,PRIMEIRA_LIGA,2023-24,LEAGUE,,Casa Pia,Estrela,0,1,A,Portugal,Primeira Liga,football-data.co.uk
league_007ba7ef8f1bcafe,2023-10-08,PRIMEIRA_LIGA,2023-24,LEAGUE,,FC Porto,Portimonense,1,0,H,Portugal,Primeira Liga,football-data.co.uk
league_cf276e95e52d18aa,2023-10-08,PRIMEIRA_LIGA,2023-24,LEAGUE,,Famalicao,Guimaraes,1,3,A,Portugal,Primeira Liga,football-data.co.uk
league_ce1aeb0581e14ae2,2023-10-08,PRIMEIRA_LIGA,2023-24,LEAGUE,,Sporting CP,Arouca,2,1,H,Portugal,Primeira Liga,football-data.co.uk
league_e26e716be6c39fc9,2023-10-27,PRIMEIRA_LIGA,2023-24,LEAGUE,,Arouca,Moreirense,0,1,A,Portugal,Primeira Liga,football-data.co.uk
league_50b29e48e5afb857,2023-10-28,PRIMEIRA_LIGA,2023-24,LEAGUE,,Benfica,Casa Pia,1,1,D,Portugal,Primeira Liga,football-data.co.uk
league_db2956522d76d879,2023-10-28,PRIMEIRA_LIGA,2023-24,LEAGUE,,Gil Vicente,Sp Braga,3,3,D,Portugal,Primeira Liga,football-data.co.uk
league_486dfcafc3a5346d,2023-10-28,PRIMEIRA_LIGA,2023-24,LEAGUE,,Guimaraes,Chaves,5,0,H,Portugal,Primeira Liga,football-data.co.uk
league_aa56f8ba84ae04bf,2023-10-28,PRIMEIRA_LIGA,2023-24,LEAGUE,,Portimonense,Estoril,1,0,H,Portugal,Primeira Liga,football-data.co.uk
league_264c6e33ee2d0072,2023-10-29,PRIMEIRA_LIGA,2023-24,LEAGUE,,Estrela,Famalicao,1,0,H,Portugal,Primeira Liga,football-data.co.uk
league_5585d2b02018192e,2023-10-29,PRIMEIRA_LIGA,2023-24,LEAGUE,,Rio Ave,Farense,3,4,A,Portugal,Primeira Liga,football-data.co.uk
league_a8d3b5a92bd47f5d,2023-10-29,PRIMEIRA_LIGA,2023-24,LEAGUE,,Vizela,FC Porto,0,2,A,Portugal,Primeira Liga,football-data.co.uk
league_dadd6656be8462bc,2023-10-30,PRIMEIRA_LIGA,2023-24,LEAGUE,,Boavista,Sporting CP,0,2,A,Portugal,Primeira Liga,football-data.co.uk
league_e6741cb9bac0eee6,2023-11-03,PRIMEIRA_LIGA,2023-24,LEAGUE,,FC Porto,Estoril,0,1,A,Portugal,Primeira Liga,football-data.co.uk
league_6e60c92627fbbc90,2023-11-04,PRIMEIRA_LIGA,2023-24,LEAGUE,,Chaves,Benfica,0,2,A,Portugal,Primeira Liga,football-data.co.uk
league_4ab569f035390180,2023-11-04,PRIMEIRA_LIGA,2023-24,LEAGUE,,Famalicao,Gil Vicente,3,1,H,Portugal,Primeira Liga,football-data.co.uk
league_655201e6d3ec59ec,2023-11-04,PRIMEIRA_LIGA,2023-24,LEAGUE,,Sp Braga,Portimonense,6,1,H,Portugal,Primeira Liga,football-data.co.uk
league_d00cdd2089c5b10e,2023-11-05,PRIMEIRA_LIGA,2023-24,LEAGUE,,Casa Pia,Vizela,0,1,A,Portugal,Primeira Liga,football-data.co.uk
league_0b04cf73d18a5c1e,2023-11-05,PRIMEIRA_LIGA,2023-24,LEAGUE,,Moreirense,Guimaraes,1,0,H,Portugal,Primeira Liga,football-data.co.uk
league_f45649695c586021,2023-11-05,PRIMEIRA_LIGA,2023-24,LEAGUE,,Rio Ave,Boavista,2,0,H,Portugal,Primeira Liga,football-data.co.uk
league_4200ed255d0f3f51,2023-11-05,PRIMEIRA_LIGA,2023-24,LEAGUE,,Sporting CP,Estrela,3,2,H,Portugal,Primeira Liga,football-data.co.uk
league_26981af88efb4f98,2023-11-06,PRIMEIRA_LIGA,2023-24,LEAGUE,,Farense,Arouca,2,0,H,Portugal,Primeira Liga,football-data.co.uk
league_0a72e32f914208d2,2023-11-10,PRIMEIRA_LIGA,2023-24,LEAGUE,,Estoril,Casa Pia,4,0,H,Portugal,Primeira Liga,football-data.co.uk
league_ae02c69eb708b270,2023-11-11,PRIMEIRA_LIGA,2023-24,LEAGUE,,Estrela,Moreirense,0,1,A,Portugal,Primeira Liga,football-data.co.uk
league_f9557855a24e3ba0,2023-11-11,PRIMEIRA_LIGA,2023-24,LEAGUE,,Guimaraes,FC Porto,1,2,A,Portugal,Primeira Liga,football-data.co.uk
league_9b7f33e0e82b1e5d,2023-11-11,PRIMEIRA_LIGA,2023-24,LEAGUE,,Portimonense,Chaves,2,1,H,Portugal,Primeira Liga,football-data.co.uk
league_16b66f348892e586,2023-11-11,PRIMEIRA_LIGA,2023-24,LEAGUE,,Vizela,Famalicao,0,0,D,Portugal,Primeira Liga,football-data.co.uk
league_b718a5a7b1b579c5,2023-11-12,PRIMEIRA_LIGA,2023-24,LEAGUE,,Arouca,Sp Braga,0,1,A,Portugal,Primeira Liga,football-data.co.uk
league_ba33aaa51ffeb538,2023-11-12,PRIMEIRA_LIGA,2023-24,LEAGUE,,Benfica,Sporting CP,2,1,H,Portugal,Primeira Liga,football-data.co.uk
league_bb9fdd3482b8e28a,2023-11-12,PRIMEIRA_LIGA,2023-24,LEAGUE,,Boavista,Farense,1,3,A,Portugal,Primeira Liga,football-data.co.uk
league_88246e81bd5ab3ee,2023-11-12,PRIMEIRA_LIGA,2023-24,LEAGUE,,Gil Vicente,Rio Ave,1,1,D,Portugal,Primeira Liga,football-data.co.uk
league_e6a3ae3aa8fa4a1b,2023-12-01,PRIMEIRA_LIGA,2023-24,LEAGUE,,Chaves,Vizela,2,1,H,Portugal,Primeira Liga,football-data.co.uk
league_5d399855e2a12d82,2023-12-02,PRIMEIRA_LIGA,2023-24,LEAGUE,,Casa Pia,Portimonense,1,0,H,Portugal,Primeira Liga,football-data.co.uk
league_79d6e1c4b9f66146,2023-12-02,PRIMEIRA_LIGA,2023-24,LEAGUE,,Famalicao,FC Porto,0,3,A,Portugal,Primeira Liga,football-data.co.uk
league_00896d7eca395e4b,2023-12-02,PRIMEIRA_LIGA,2023-24,LEAGUE,,Farense,Guimaraes,1,2,A,Portugal,Primeira Liga,football-data.co.uk
league_aa4cc87658a72ba3,2023-12-02,PRIMEIRA_LIGA,2023-24,LEAGUE,,Rio Ave,Estrela,1,1,D,Portugal,Primeira Liga,football-data.co.uk
league_94d1d7f9e6ce30ac,2023-12-03,PRIMEIRA_LIGA,2023-24,LEAGUE,,Boavista,Arouca,0,4,A,Portugal,Primeira Liga,football-data.co.uk
league_0e2eb743e89386fb,2023-12-03,PRIMEIRA_LIGA,2023-24,LEAGUE,,Moreirense,Benfica,0,0,D,Portugal,Primeira Liga,football-data.co.uk
league_6a2ec87486dd4261,2023-12-03,PRIMEIRA_LIGA,2023-24,LEAGUE,,Sp Braga,Estoril,3,1,H,Portugal,Primeira Liga,football-data.co.uk
league_9e143124538d9808,2023-12-04,PRIMEIRA_LIGA,2023-24,LEAGUE,,Sporting CP,Gil Vicente,3,1,H,Portugal,Primeira Liga,football-data.co.uk
league_ccaebe16dd311c0c,2023-12-08,PRIMEIRA_LIGA,2023-24,LEAGUE,,Benfica,Farense,1,1,D,Portugal,Primeira Liga,football-data.co.uk
league_900a19ac222fc46b,2023-12-08,PRIMEIRA_LIGA,2023-24,LEAGUE,,Vizela,Sp Braga,1,3,A,Portugal,Primeira Liga,football-data.co.uk
league_567008857718c051,2023-12-09,PRIMEIRA_LIGA,2023-24,LEAGUE,,FC Porto,Casa Pia,3,1,H,Portugal,Primeira Liga,football-data.co.uk
league_c4ebd09c013ca8f6,2023-12-09,PRIMEIRA_LIGA,2023-24,LEAGUE,,Guimaraes,Sporting CP,3,2,H,Portugal,Primeira Liga,football-data.co.uk
league_9d8e2370a2e4f76f,2023-12-09,PRIMEIRA_LIGA,2023-24,LEAGUE,,Portimonense,Famalicao,1,1,D,Portugal,Primeira Liga,football-data.co.uk
league_fd4adb6fef7b54d2,2023-12-10,PRIMEIRA_LIGA,2023-24,LEAGUE,,Arouca,Rio Ave,2,2,D,Portugal,Primeira Liga,football-data.co.uk
league_5d3d22626f09e545,2023-12-10,PRIMEIRA_LIGA,2023-24,LEAGUE,,Estoril,Chaves,4,0,H,Portugal,Primeira Liga,football-data.co.uk
league_f73c465564d12b5d,2023-12-10,PRIMEIRA_LIGA,2023-24,LEAGUE,,Estrela,Boavista,3,1,H,Portugal,Primeira Liga,football-data.co.uk
league_53bea80ab4e79e2d,2023-12-11,PRIMEIRA_LIGA,2023-24,LEAGUE,,Gil Vicente,Moreirense,1,1,D,Portugal,Primeira Liga,football-data.co.uk
league_03c1ccfede9b4012,2023-12-15,PRIMEIRA_LIGA,2023-24,LEAGUE,,Farense,Estrela,0,0,D,Portugal,Primeira Liga,football-data.co.uk
league_2e0687503eb2d8f2,2023-12-16,PRIMEIRA_LIGA,2023-24,LEAGUE,,Arouca,Gil Vicente,3,0,H,Portugal,Primeira Liga,football-data.co.uk
league_d5c006022208514c,2023-12-16,PRIMEIRA_LIGA,2023-24,LEAGUE,,Boavista,Guimaraes,1,1,D,Portugal,Primeira Liga,football-data.co.uk
league_7e978230870f07a8,2023-12-16,PRIMEIRA_LIGA,2023-24,LEAGUE,,Rio Ave,Vizela,1,1,D,Portugal,Primeira Liga,football-data.co.uk
league_c3f3c81b8f01fe75,2023-12-17,PRIMEIRA_LIGA,2023-24,LEAGUE,,Chaves,Casa Pia,1,3,A,Portugal,Primeira Liga,football-data.co.uk
league_4ceadda45edb7165,2023-12-17,PRIMEIRA_LIGA,2023-24,LEAGUE,,Famalicao,Estoril,1,1,D,Portugal,Primeira Liga,football-data.co.uk
league_f17725e005ed387f,2023-12-17,PRIMEIRA_LIGA,2023-24,LEAGUE,,Moreirense,Portimonense,5,2,H,Portugal,Primeira Liga,football-data.co.uk
league_b7265cacea971926,2023-12-17,PRIMEIRA_LIGA,2023-24,LEAGUE,,Sp Braga,Benfica,0,1,A,Portugal,Primeira Liga,football-data.co.uk
league_268e298ebe824f98,2023-12-18,PRIMEIRA_LIGA,2023-24,LEAGUE,,Sporting CP,FC Porto,2,0,H,Portugal,Primeira Liga,football-data.co.uk
league_b1ed052601218e1f,2023-12-23,PRIMEIRA_LIGA,2023-24,LEAGUE,,Guimaraes,Rio Ave,1,0,H,Portugal,Primeira Liga,football-data.co.uk
league_c273e89eb0b3a4d1,2023-12-23,PRIMEIRA_LIGA,2023-24,LEAGUE,,Vizela,Moreirense,0,0,D,Portugal,Primeira Liga,football-data.co.uk
league_fadaf0995999d105,2023-12-28,PRIMEIRA_LIGA,2023-24,LEAGUE,,Estrela,Arouca,1,4,A,Portugal,Primeira Liga,football-data.co.uk
league_ccd1168d94cd8bd7,2023-12-29,PRIMEIRA_LIGA,2023-24,LEAGUE,,Benfica,Famalicao,3,0,H,Portugal,Primeira Liga,football-data.co.uk
league_38b590aa88c8ccd9,2023-12-29,PRIMEIRA_LIGA,2023-24,LEAGUE,,FC Porto,Chaves,1,0,H,Portugal,Primeira Liga,football-data.co.uk
league_ce334e65b3c79724,2023-12-30,PRIMEIRA_LIGA,2023-24,LEAGUE,,Casa Pia,Sp Braga,1,3,A,Portugal,Primeira Liga,football-data.co.uk
league_36ebd21a698a2cc1,2023-12-30,PRIMEIRA_LIGA,2023-24,LEAGUE,,Estoril,Farense,4,0,H,Portugal,Primeira Liga,football-data.co.uk
league_0e33a3891c1a043c,2023-12-30,PRIMEIRA_LIGA,2023-24,LEAGUE,,Gil Vicente,Boavista,1,0,H,Portugal,Primeira Liga,football-data.co.uk
league_5053f7614a784983,2023-12-30,PRIMEIRA_LIGA,2023-24,LEAGUE,,Portimonense,Sporting CP,1,2,A,Portugal,Primeira Liga,football-data.co.uk
league_83b2a0cb527ec10d,2024-01-05,PRIMEIRA_LIGA,2023-24,LEAGUE,,Boavista,FC Porto,1,1,D,Portugal,Primeira Liga,football-data.co.uk
league_32efc4503e7f6834,2024-01-05,PRIMEIRA_LIGA,2023-24,LEAGUE,,Sporting CP,Estoril,5,1,H,Portugal,Primeira Liga,football-data.co.uk
league_2874a136b2e11662,2024-01-06,PRIMEIRA_LIGA,2023-24,LEAGUE,,Arouca,Benfica,0,3,A,Portugal,Primeira Liga,football-data.co.uk
league_2533a1960cf4ea05,2024-01-06,PRIMEIRA_LIGA,2023-24,LEAGUE,,Estrela,Vizela,1,1,D,Portugal,Primeira Liga,football-data.co.uk
league_d103de2b95bee0d7,2024-01-06,PRIMEIRA_LIGA,2023-24,LEAGUE,,Farense,Gil Vicente,1,0,H,Portugal,Primeira Liga,football-data.co.uk
league_d6e9b425648e5cfc,2024-01-06,PRIMEIRA_LIGA,2023-24,LEAGUE,,Sp Braga,Guimaraes,1,1,D,Portugal,Primeira Liga,football-data.co.uk
league_bf405b8405fb4e94,2024-01-07,PRIMEIRA_LIGA,2023-24,LEAGUE,,Famalicao,Chaves,2,2,D,Portugal,Primeira Liga,football-data.co.uk
league_98e013d1365d91b8,2024-01-07,PRIMEIRA_LIGA,2023-24,LEAGUE,,Rio Ave,Portimonense,2,0,H,Portugal,Primeira Liga,football-data.co.uk
league_9617fa23b339885c,2024-01-08,PRIMEIRA_LIGA,2023-24,LEAGUE,,Moreirense,Casa Pia,1,4,A,Portugal,Primeira Liga,football-data.co.uk
league_32d9f8d224dbe632,2024-01-12,PRIMEIRA_LIGA,2023-24,LEAGUE,,Portimonense,Farense,1,0,H,Portugal,Primeira Liga,football-data.co.uk
league_e06f65936b6fc0eb,2024-01-13,PRIMEIRA_LIGA,2023-24,LEAGUE,,Casa Pia,Famalicao,0,2,A,Portugal,Primeira Liga,football-data.co.uk
league_1e034298de186522,2024-01-13,PRIMEIRA_LIGA,2023-24,LEAGUE,,Chaves,Sporting CP,0,3,A,Portugal,Primeira Liga,football-data.co.uk
league_6800fe8b7c9082b5,2024-01-13,PRIMEIRA_LIGA,2023-24,LEAGUE,,Estoril,Moreirense,1,3,A,Portugal,Primeira Liga,football-data.co.uk
league_bacaef207d7395b4,2024-01-14,PRIMEIRA_LIGA,2023-24,LEAGUE,,Benfica,Rio Ave,4,1,H,Portugal,Primeira Liga,football-data.co.uk
league_4ed89fc62b9fd4a0,2024-01-14,PRIMEIRA_LIGA,2023-24,LEAGUE,,FC Porto,Sp Braga,2,0,H,Portugal,Primeira Liga,football-data.co.uk
league_8a5a401ea8365b83,2024-01-14,PRIMEIRA_LIGA,2023-24,LEAGUE,,Gil Vicente,Estrela,1,1,D,Portugal,Primeira Liga,football-data.co.uk
league_3ae9f778cc7aba90,2024-01-14,PRIMEIRA_LIGA,2023-24,LEAGUE,,Vizela,Boavista,1,4,A,Portugal,Primeira Liga,football-data.co.uk
league_2cf39a7000c45d08,2024-01-15,PRIMEIRA_LIGA,2023-24,LEAGUE,,Guimaraes,Arouca,2,1,H,Portugal,Primeira Liga,football-data.co.uk
league_542c85580fcf3a13,2024-01-18,PRIMEIRA_LIGA,2023-24,LEAGUE,,Famalicao,Sp Braga,1,2,A,Portugal,Primeira Liga,football-data.co.uk
league_dcb7c8cf04dc6471,2024-01-18,PRIMEIRA_LIGA,2023-24,LEAGUE,,Vizela,Sporting CP,2,5,A,Portugal,Primeira Liga,football-data.co.uk
league_a1d6a8e0556f5350,2024-01-19,PRIMEIRA_LIGA,2023-24,LEAGUE,,Benfica,Boavista,2,0,H,Portugal,Primeira Liga,football-data.co.uk
league_84005ae6058de2cc,2024-01-20,PRIMEIRA_LIGA,2023-24,LEAGUE,,Casa Pia,Farense,1,3,A,Portugal,Primeira Liga,football-data.co.uk
league_e02ed5ba62b44ab5,2024-01-20,PRIMEIRA_LIGA,2023-24,LEAGUE,,Estoril,Arouca,1,2,A,Portugal,Primeira Liga,football-data.co.uk
league_c8f54f1586265204,2024-01-20,PRIMEIRA_LIGA,2023-24,LEAGUE,,FC Porto,Moreirense,5,0,H,Portugal,Primeira Liga,football-data.co.uk
league_d9ee3356a170eac7,2024-01-21,PRIMEIRA_LIGA,2023-24,LEAGUE,,Chaves,Rio Ave,0,0,D,Portugal,Primeira Liga,football-data.co.uk
league_779ed45cb15e78f5,2024-01-21,PRIMEIRA_LIGA,2023-24,LEAGUE,,Guimaraes,Estrela,3,0,H,Portugal,Primeira Liga,football-data.co.uk
league_bbd474914c4589a5,2024-01-21,PRIMEIRA_LIGA,2023-24,LEAGUE,,Portimonense,Gil Vicente,0,2,A,Portugal,Primeira Liga,football-data.co.uk
league_45cb84213b63a05c,2024-01-28,PRIMEIRA_LIGA,2023-24,LEAGUE,,Arouca,Vizela,5,0,H,Portugal,Primeira Liga,football-data.co.uk
league_0322e80f90bd4814,2024-01-28,PRIMEIRA_LIGA,2023-24,LEAGUE,,Boavista,Portimonense,1,4,A,Portugal,Primeira Liga,football-data.co.uk
league_68f779cfb5e82455,2024-01-28,PRIMEIRA_LIGA,2023-24,LEAGUE,,Farense,FC Porto,1,3,A,Portugal,Primeira Liga,football-data.co.uk
league_aa90441e7534ae91,2024-01-28,PRIMEIRA_LIGA,2023-24,LEAGUE,,Gil Vicente,Guimaraes,1,0,H,Portugal,Primeira Liga,football-data.co.uk
league_f579979856fec744,2024-01-28,PRIMEIRA_LIGA,2023-24,LEAGUE,,Moreirense,Famalicao,1,0,H,Portugal,Primeira Liga,football-data.co.uk
league_eb411da435044f90,2024-01-29,PRIMEIRA_LIGA,2023-24,LEAGUE,,Estrela,Benfica,1,4,A,Portugal,Primeira Liga,football-data.co.uk
league_096c96548094b8f8,2024-01-29,PRIMEIRA_LIGA,2023-24,LEAGUE,,Sporting CP,Casa Pia,8,0,H,Portugal,Primeira Liga,football-data.co.uk
league_7e84582db92661a1,2024-01-31,PRIMEIRA_LIGA,2023-24,LEAGUE,,Rio Ave,Estoril,1,1,D,Portugal,Primeira Liga,football-data.co.uk
league_21dbb222c5ca4ad8,2024-01-31,PRIMEIRA_LIGA,2023-24,LEAGUE,,Sp Braga,Chaves,1,1,D,Portugal,Primeira Liga,football-data.co.uk
league_3dd92d91af8fa39d,2024-02-03,PRIMEIRA_LIGA,2023-24,LEAGUE,,FC Porto,Rio Ave,0,0,D,Portugal,Primeira Liga,football-data.co.uk
league_fa787de36ad61e11,2024-02-03,PRIMEIRA_LIGA,2023-24,LEAGUE,,Portimonense,Arouca,1,2,A,Portugal,Primeira Liga,football-data.co.uk
league_52615abf5de06fa9,2024-02-04,PRIMEIRA_LIGA,2023-24,LEAGUE,,Benfica,Gil Vicente,3,0,H,Portugal,Primeira Liga,football-data.co.uk
league_e8fc87ba514e4d3b,2024-02-04,PRIMEIRA_LIGA,2023-24,LEAGUE,,Chaves,Farense,1,1,D,Portugal,Primeira Liga,football-data.co.uk
league_d800b61067e959d0,2024-02-04,PRIMEIRA_LIGA,2023-24,LEAGUE,,Estoril,Estrela,1,0,H,Portugal,Primeira Liga,football-data.co.uk
league_4553e2437df8c9b2,2024-02-04,PRIMEIRA_LIGA,2023-24,LEAGUE,,Sp Braga,Moreirense,1,0,H,Portugal,Primeira Liga,football-data.co.uk
league_715ee06e13105012,2024-02-04,PRIMEIRA_LIGA,2023-24,LEAGUE,,Vizela,Guimaraes,0,1,A,Portugal,Primeira Liga,football-data.co.uk
league_8a295b5f334f4872,2024-02-05,PRIMEIRA_LIGA,2023-24,LEAGUE,,Casa Pia,Boavista,0,0,D,Portugal,Primeira Liga,football-data.co.uk
league_efd79c17c998ffe3,2024-02-09,PRIMEIRA_LIGA,2023-24,LEAGUE,,Estrela,Portimonense,3,0,H,Portugal,Primeira Liga,football-data.co.uk
league_3b18f6e8a9549da2,2024-02-10,PRIMEIRA_LIGA,2023-24,LEAGUE,,Boavista,Estoril,2,1,H,Portugal,Primeira Liga,football-data.co.uk
league_177e792cc54c24db,2024-02-10,PRIMEIRA_LIGA,2023-24,LEAGUE,,Farense,Famalicao,1,1,D,Portugal,Primeira Liga,football-data.co.uk
league_749ee541956ab5f7,2024-02-10,PRIMEIRA_LIGA,2023-24,LEAGUE,,Moreirense,Chaves,1,0,H,Portugal,Primeira Liga,football-data.co.uk
league_9e31f10dc3861096,2024-02-11,PRIMEIRA_LIGA,2023-24,LEAGUE,,Guimaraes,Benfica,2,2,D,Portugal,Primeira Liga,football-data.co.uk
league_11d6311f015bbdfe,2024-02-11,PRIMEIRA_LIGA,2023-24,LEAGUE,,Rio Ave,Casa Pia,1,0,H,Portugal,Primeira Liga,football-data.co.uk
league_8a83a7461476e7f4,2024-02-11,PRIMEIRA_LIGA,2023-24,LEAGUE,,Sporting CP,Sp Braga,5,0,H,Portugal,Primeira Liga,football-data.co.uk
league_94e6608bf46a253d,2024-02-12,PRIMEIRA_LIGA,2023-24,LEAGUE,,Arouca,FC Porto,3,2,H,Portugal,Primeira Liga,football-data.co.uk
league_34f7bf8c5ea83559,2024-02-13,PRIMEIRA_LIGA,2023-24,LEAGUE,,Gil Vicente,Vizela,0,1,A,Portugal,Primeira Liga,football-data.co.uk
league_b482d2e53d1fff7c,2024-02-16,PRIMEIRA_LIGA,2023-24,LEAGUE,,Famalicao,Rio Ave,2,1,H,Portugal,Primeira Liga,football-data.co.uk
league_b5cae9e59f6eaa90,2024-02-17,PRIMEIRA_LIGA,2023-24,LEAGUE,,Chaves,Boavista,2,1,H,Portugal,Primeira Liga,football-data.co.uk
league_2818481175e9b19f,2024-02-17,PRIMEIRA_LIGA,2023-24,LEAGUE,,FC Porto,Estrela,2,0,H,Portugal,Primeira Liga,football-data.co.uk
league_9fa2c14bf2a700cc,2024-02-17,PRIMEIRA_LIGA,2023-24,LEAGUE,,Portimonense,Guimaraes,1,1,D,Portugal,Primeira Liga,football-data.co.uk
league_125e56ba3673263b,2024-02-18,PRIMEIRA_LIGA,2023-24,LEAGUE,,Benfica,Vizela,6,1,H,Portugal,Primeira Liga,football-data.co.uk
league_bd21fc18a2f455ec,2024-02-18,PRIMEIRA_LIGA,2023-24,LEAGUE,,Casa Pia,Arouca,1,0,H,Portugal,Primeira Liga,football-data.co.uk
league_1c954ba699de4faf,2024-02-18,PRIMEIRA_LIGA,2023-24,LEAGUE,,Estoril,Gil Vicente,1,3,A,Portugal,Primeira Liga,football-data.co.uk
league_9b458bb1275f5f46,2024-02-18,PRIMEIRA_LIGA,2023-24,LEAGUE,,Sp Braga,Farense,2,1,H,Portugal,Primeira Liga,football-data.co.uk
league_0befc3f33f7b05f8,2024-02-19,PRIMEIRA_LIGA,2023-24,LEAGUE,,Moreirense,Sporting CP,0,2,A,Portugal,Primeira Liga,football-data.co.uk
league_c58397437a3a7418,2024-02-23,PRIMEIRA_LIGA,2023-24,LEAGUE,,Arouca,Famalicao,3,2,H,Portugal,Primeira Liga,football-data.co.uk
league_3e3ac09247d5ffe6,2024-02-24,PRIMEIRA_LIGA,2023-24,LEAGUE,,Estrela,Chaves,1,1,D,Portugal,Primeira Liga,football-data.co.uk
league_20cc3bad3103e282,2024-02-24,PRIMEIRA_LIGA,2023-24,LEAGUE,,Farense,Moreirense,0,1,A,Portugal,Primeira Liga,football-data.co.uk
league_96afd91a4fdfebe8,2024-02-24,PRIMEIRA_LIGA,2023-24,LEAGUE,,Guimaraes,Casa Pia,0,2,A,Portugal,Primeira Liga,football-data.co.uk
league_6c0c8c58233ce6ba,2024-02-25,PRIMEIRA_LIGA,2023-24,LEAGUE,,Benfica,Portimonense,4,0,H,Portugal,Primeira Liga,football-data.co.uk
league_d13ba8f57554517e,2024-02-25,PRIMEIRA_LIGA,2023-24,LEAGUE,,Gil Vicente,FC Porto,1,1,D,Portugal,Primeira Liga,football-data.co.uk
league_0057f2fd30e83813,2024-02-25,PRIMEIRA_LIGA,2023-24,LEAGUE,,Rio Ave,Sporting CP,3,3,D,Portugal,Primeira Liga,football-data.co.uk
league_3f56aace7addd541,2024-02-25,PRIMEIRA_LIGA,2023-24,LEAGUE,,Vizela,Estoril,3,3,D,Portugal,Primeira Liga,football-data.co.uk
league_08713f9aa4dd547b,2024-02-26,PRIMEIRA_LIGA,2023-24,LEAGUE,,Boavista,Sp Braga,0,4,A,Portugal,Primeira Liga,football-data.co.uk
league_3c4a5b149bfa6b06,2024-03-01,PRIMEIRA_LIGA,2023-24,LEAGUE,,Chaves,Arouca,1,5,A,Portugal,Primeira Liga,football-data.co.uk
league_257a001ad26d47a7,2024-03-02,PRIMEIRA_LIGA,2023-24,LEAGUE,,Estoril,Guimaraes,1,3,A,Portugal,Primeira Liga,football-data.co.uk
league_c585cea5a7a4b938,2024-03-02,PRIMEIRA_LIGA,2023-24,LEAGUE,,Moreirense,Rio Ave,0,0,D,Portugal,Primeira Liga,football-data.co.uk
league_83a136723ab280f8,2024-03-02,PRIMEIRA_LIGA,2023-24,LEAGUE,,Sp Braga,Estrela,3,0,H,Portugal,Primeira Liga,football-data.co.uk
league_00fc071866313bfd,2024-03-03,PRIMEIRA_LIGA,2023-24,LEAGUE,,Casa Pia,Gil Vicente,0,0,D,Portugal,Primeira Liga,football-data.co.uk
league_b044d31ee8e60e75,2024-03-03,PRIMEIRA_LIGA,2023-24,LEAGUE,,FC Porto,Benfica,5,0,H,Portugal,Primeira Liga,football-data.co.uk
league_0d8f06ee39874f00,2024-03-03,PRIMEIRA_LIGA,2023-24,LEAGUE,,Portimonense,Vizela,0,0,D,Portugal,Primeira Liga,football-data.co.uk
league_00c776f18a033922,2024-03-03,PRIMEIRA_LIGA,2023-24,LEAGUE,,Sporting CP,Farense,3,2,H,Portugal,Primeira Liga,football-data.co.uk
league_56a5fd9ea5e753e5,2024-03-04,PRIMEIRA_LIGA,2023-24,LEAGUE,,Famalicao,Boavista,1,1,D,Portugal,Primeira Liga,football-data.co.uk
league_81e30bb9130f0f9e,2024-03-08,PRIMEIRA_LIGA,2023-24,LEAGUE,,Estrela,Casa Pia,3,1,H,Portugal,Primeira Liga,football-data.co.uk
league_11e40025a6723c0c,2024-03-08,PRIMEIRA_LIGA,2023-24,LEAGUE,,Portimonense,FC Porto,0,3,A,Portugal,Primeira Liga,football-data.co.uk
league_3c12f7608367401b,2024-03-09,PRIMEIRA_LIGA,2023-24,LEAGUE,,Boavista,Moreirense,1,0,H,Portugal,Primeira Liga,football-data.co.uk
league_7a58b905edba649f,2024-03-09,PRIMEIRA_LIGA,2023-24,LEAGUE,,Guimaraes,Famalicao,1,0,H,Portugal,Primeira Liga,football-data.co.uk
league_da233bd669364f9c,2024-03-09,PRIMEIRA_LIGA,2023-24,LEAGUE,,Rio Ave,Sp Braga,0,0,D,Portugal,Primeira Liga,football-data.co.uk
league_2a762c64c2247982,2024-03-09,PRIMEIRA_LIGA,2023-24,LEAGUE,,Vizela,Farense,2,1,H,Portugal,Primeira Liga,football-data.co.uk
league_b2d10c1f378b30bb,2024-03-10,PRIMEIRA_LIGA,2023-24,LEAGUE,,Arouca,Sporting CP,0,3,A,Portugal,Primeira Liga,football-data.co.uk
league_7608358eb797285d,2024-03-10,PRIMEIRA_LIGA,2023-24,LEAGUE,,Benfica,Estoril,3,1,H,Portugal,Primeira Liga,football-data.co.uk
league_d57d48949601d25c,2024-03-11,PRIMEIRA_LIGA,2023-24,LEAGUE,,Gil Vicente,Chaves,0,0,D,Portugal,Primeira Liga,football-data.co.uk
league_e15d56efda337906,2024-03-15,PRIMEIRA_LIGA,2023-24,LEAGUE,,Estoril,Portimonense,1,0,H,Portugal,Primeira Liga,football-data.co.uk
league_9c87a8139e3ecda8,2024-03-16,PRIMEIRA_LIGA,2023-24,LEAGUE,,FC Porto,Vizela,4,1,H,Portugal,Primeira Liga,football-data.co.uk
league_c3318df85d969ff1,2024-03-16,PRIMEIRA_LIGA,2023-24,LEAGUE,,Famalicao,Estrela,0,0,D,Portugal,Primeira Liga,football-data.co.uk
league_890280a33e1e01e6,2024-03-16,PRIMEIRA_LIGA,2023-24,LEAGUE,,Farense,Rio Ave,1,1,D,Portugal,Primeira Liga,football-data.co.uk
league_a19af253a2c4edc8,2024-03-16,PRIMEIRA_LIGA,2023-24,LEAGUE,,Sp Braga,Gil Vicente,2,1,H,Portugal,Primeira Liga,football-data.co.uk
league_a7a9835b760d054a,2024-03-17,PRIMEIRA_LIGA,2023-24,LEAGUE,,Casa Pia,Benfica,0,1,A,Portugal,Primeira Liga,football-data.co.uk
league_5cccefd46d391889,2024-03-17,PRIMEIRA_LIGA,2023-24,LEAGUE,,Chaves,Guimaraes,1,2,A,Portugal,Primeira Liga,football-data.co.uk
league_242ec4e249bf4424,2024-03-17,PRIMEIRA_LIGA,2023-24,LEAGUE,,Moreirense,Arouca,1,0,H,Portugal,Primeira Liga,football-data.co.uk
league_6c8040785e2b1ec6,2024-03-17,PRIMEIRA_LIGA,2023-24,LEAGUE,,Sporting CP,Boavista,6,1,H,Portugal,Primeira Liga,football-data.co.uk
league_f8cc6a049adfaaa8,2024-03-29,PRIMEIRA_LIGA,2023-24,LEAGUE,,Benfica,Chaves,1,0,H,Portugal,Primeira Liga,football-data.co.uk
league_77adb94ffd0269c4,2024-03-29,PRIMEIRA_LIGA,2023-24,LEAGUE,,Estrela,Sporting CP,1,2,A,Portugal,Primeira Liga,football-data.co.uk
league_f1611d53fefac566,2024-03-29,PRIMEIRA_LIGA,2023-24,LEAGUE,,Gil Vicente,Famalicao,1,2,A,Portugal,Primeira Liga,football-data.co.uk
league_6fe50a797ad2eac3,2024-03-30,PRIMEIRA_LIGA,2023-24,LEAGUE,,Arouca,Farense,2,1,H,Portugal,Primeira Liga,football-data.co.uk
league_d740164a465d0234,2024-03-30,PRIMEIRA_LIGA,2023-24,LEAGUE,,Boavista,Rio Ave,0,0,D,Portugal,Primeira Liga,football-data.co.uk
league_831b67e04cd203fd,2024-03-30,PRIMEIRA_LIGA,2023-24,LEAGUE,,Estoril,FC Porto,1,0,H,Portugal,Primeira Liga,football-data.co.uk
league_7a05b7898d42e269,2024-03-30,PRIMEIRA_LIGA,2023-24,LEAGUE,,Guimaraes,Moreirense,1,0,H,Portugal,Primeira Liga,football-data.co.uk
league_51d62d141bf254d2,2024-03-31,PRIMEIRA_LIGA,2023-24,LEAGUE,,Vizela,Casa Pia,0,4,A,Portugal,Primeira Liga,football-data.co.uk
league_54572e3df725032b,2024-04-01,PRIMEIRA_LIGA,2023-24,LEAGUE,,Portimonense,Sp Braga,3,5,A,Portugal,Primeira Liga,football-data.co.uk
league_a95a2ed2f3f4cc8b,2024-04-05,PRIMEIRA_LIGA,2023-24,LEAGUE,,Farense,Boavista,2,0,H,Portugal,Primeira Liga,football-data.co.uk
league_12cdc4dd1eea1b40,2024-04-06,PRIMEIRA_LIGA,2023-24,LEAGUE,,Famalicao,Vizela,3,2,H,Portugal,Primeira Liga,football-data.co.uk
league_eee73ebcf8fd1212,2024-04-06,PRIMEIRA_LIGA,2023-24,LEAGUE,,Rio Ave,Gil Vicente,3,0,H,Portugal,Primeira Liga,football-data.co.uk
league_90963adf67a93ac7,2024-04-06,PRIMEIRA_LIGA,2023-24,LEAGUE,,Sp Braga,Arouca,0,3,A,Portugal,Primeira Liga,football-data.co.uk
league_c8edd8e4fe55c81e,2024-04-06,PRIMEIRA_LIGA,2023-24,LEAGUE,,Sporting CP,Benfica,2,1,H,Portugal,Primeira Liga,football-data.co.uk
league_02150132cce0a1e6,2024-04-07,PRIMEIRA_LIGA,2023-24,LEAGUE,,Chaves,Portimonense,2,3,A,Portugal,Primeira Liga,football-data.co.uk
league_d8fdd73321f8851c,2024-04-07,PRIMEIRA_LIGA,2023-24,LEAGUE,,FC Porto,Guimaraes,1,2,A,Portugal,Primeira Liga,football-data.co.uk
league_631df469b44e4cd9,2024-04-07,PRIMEIRA_LIGA,2023-24,LEAGUE,,Moreirense,Estrela,2,2,D,Portugal,Primeira Liga,football-data.co.uk
league_551cced9d2fc984c,2024-04-08,PRIMEIRA_LIGA,2023-24,LEAGUE,,Casa Pia,Estoril,0,0,D,Portugal,Primeira Liga,football-data.co.uk
league_a21c9e979a343fb6,2024-04-12,PRIMEIRA_LIGA,2023-24,LEAGUE,,Gil Vicente,Sporting CP,0,4,A,Portugal,Primeira Liga,football-data.co.uk
league_eb1122ab906fb564,2024-04-13,PRIMEIRA_LIGA,2023-24,LEAGUE,,Estoril,Sp Braga,0,1,A,Portugal,Primeira Liga,football-data.co.uk
league_a3cdf55048bae4f3,2024-04-13,PRIMEIRA_LIGA,2023-24,LEAGUE,,FC Porto,Famalicao,2,2,D,Portugal,Primeira Liga,football-data.co.uk
league_692a392cc3d6a77e,2024-04-13,PRIMEIRA_LIGA,2023-24,LEAGUE,,Guimaraes,Farense,1,1,D,Portugal,Primeira Liga,football-data.co.uk
league_7c0e84a721788cdb,2024-04-14,PRIMEIRA_LIGA,2023-24,LEAGUE,,Arouca,Boavista,2,1,H,Portugal,Primeira Liga,football-data.co.uk
league_28fcbb7b5e8d6fed,2024-04-14,PRIMEIRA_LIGA,2023-24,LEAGUE,,Benfica,Moreirense,3,0,H,Portugal,Primeira Liga,football-data.co.uk
league_fe9643a8826e1295,2024-04-14,PRIMEIRA_LIGA,2023-24,LEAGUE,,Estrela,Rio Ave,2,2,D,Portugal,Primeira Liga,football-data.co.uk
league_53c841ecad7ac7f1,2024-04-14,PRIMEIRA_LIGA,2023-24,LEAGUE,,Portimonense,Casa Pia,2,2,D,Portugal,Primeira Liga,football-data.co.uk
league_9352893ace27e977,2024-04-15,PRIMEIRA_LIGA,2023-24,LEAGUE,,Vizela,Chaves,0,1,A,Portugal,Primeira Liga,football-data.co.uk
league_c6bd67329bdda9c8,2024-04-16,PRIMEIRA_LIGA,2023-24,LEAGUE,,Famalicao,Sporting CP,0,1,A,Portugal,Primeira Liga,football-data.co.uk
league_342dcaa20a6fd60c,2024-04-19,PRIMEIRA_LIGA,2023-24,LEAGUE,,Rio Ave,Arouca,1,1,D,Portugal,Primeira Liga,football-data.co.uk
league_e8103a2b5a815a2b,2024-04-20,PRIMEIRA_LIGA,2023-24,LEAGUE,,Boavista,Estrela,1,1,D,Portugal,Primeira Liga,football-data.co.uk
league_e601f41092b9f414,2024-04-20,PRIMEIRA_LIGA,2023-24,LEAGUE,,Moreirense,Gil Vicente,0,1,A,Portugal,Primeira Liga,football-data.co.uk
league_dbd3514a6d58aec7,2024-04-20,PRIMEIRA_LIGA,2023-24,LEAGUE,,Sp Braga,Vizela,2,1,H,Portugal,Primeira Liga,football-data.co.uk
league_29c91a405f1629be,2024-04-21,PRIMEIRA_LIGA,2023-24,LEAGUE,,Casa Pia,FC Porto,1,2,A,Portugal,Primeira Liga,football-data.co.uk
league_81c7a512525718e6,2024-04-21,PRIMEIRA_LIGA,2023-24,LEAGUE,,Chaves,Estoril,2,2,D,Portugal,Primeira Liga,football-data.co.uk
league_ca22ab87502de85e,2024-04-21,PRIMEIRA_LIGA,2023-24,LEAGUE,,Famalicao,Portimonense,2,2,D,Portugal,Primeira Liga,football-data.co.uk
league_6f5dafeabc9b23d7,2024-04-21,PRIMEIRA_LIGA,2023-24,LEAGUE,,Sporting CP,Guimaraes,3,0,H,Portugal,Primeira Liga,football-data.co.uk
league_920e3e77223ff2c4,2024-04-22,PRIMEIRA_LIGA,2023-24,LEAGUE,,Farense,Benfica,1,3,A,Portugal,Primeira Liga,football-data.co.uk
league_16307e8895c2eb69,2024-04-26,PRIMEIRA_LIGA,2023-24,LEAGUE,,Gil Vicente,Arouca,2,2,D,Portugal,Primeira Liga,football-data.co.uk
league_a17d8933cdcfb401,2024-04-27,PRIMEIRA_LIGA,2023-24,LEAGUE,,Benfica,Sp Braga,3,1,H,Portugal,Primeira Liga,football-data.co.uk
league_b7b1fc313c8952cd,2024-04-27,PRIMEIRA_LIGA,2023-24,LEAGUE,,Casa Pia,Chaves,3,1,H,Portugal,Primeira Liga,football-data.co.uk
league_3ce9ce18126b8558,2024-04-27,PRIMEIRA_LIGA,2023-24,LEAGUE,,Guimaraes,Boavista,1,0,H,Portugal,Primeira Liga,football-data.co.uk
league_35c7ab5e1b4933b2,2024-04-27,PRIMEIRA_LIGA,2023-24,LEAGUE,,Vizela,Rio Ave,1,1,D,Portugal,Primeira Liga,football-data.co.uk
league_15484ec220deef0a,2024-04-28,PRIMEIRA_LIGA,2023-24,LEAGUE,,Estoril,Famalicao,1,0,H,Portugal,Primeira Liga,football-data.co.uk
league_a6fc959834fab519,2024-04-28,PRIMEIRA_LIGA,2023-24,LEAGUE,,FC Porto,Sporting CP,2,2,D,Portugal,Primeira Liga,football-data.co.uk
league_a47987df5a5f52db,2024-04-28,PRIMEIRA_LIGA,2023-24,LEAGUE,,Portimonense,Moreirense,0,2,A,Portugal,Primeira Liga,football-data.co.uk
league_5ac307b3043ddcfb,2024-04-29,PRIMEIRA_LIGA,2023-24,LEAGUE,,Estrela,Farense,0,3,A,Portugal,Primeira Liga,football-data.co.uk
league_365ad36896556c3d,2024-05-03,PRIMEIRA_LIGA,2023-24,LEAGUE,,Moreirense,Vizela,1,0,H,Portugal,Primeira Liga,football-data.co.uk
league_b1dcd3cc3d2ed754,2024-05-04,PRIMEIRA_LIGA,2023-24,LEAGUE,,Boavista,Gil Vicente,1,1,D,Portugal,Primeira Liga,football-data.co.uk
league_fa1955c68fa61696,2024-05-04,PRIMEIRA_LIGA,2023-24,LEAGUE,,Chaves,FC Porto,0,3,A,Portugal,Primeira Liga,football-data.co.uk
league_071feeedfaa3fd82,2024-05-04,PRIMEIRA_LIGA,2023-24,LEAGUE,,Rio Ave,Guimaraes,2,1,H,Portugal,Primeira Liga,football-data.co.uk
league_17e530ab8f8bcf42,2024-05-04,PRIMEIRA_LIGA,2023-24,LEAGUE,,Sporting CP,Portimonense,3,0,H,Portugal,Primeira Liga,football-data.co.uk
league_f596ac3e27e30d95,2024-05-05,PRIMEIRA_LIGA,2023-24,LEAGUE,,Arouca,Estrela,0,0,D,Portugal,Primeira Liga,football-data.co.uk
league_d4a57d3b345f53d1,2024-05-05,PRIMEIRA_LIGA,2023-24,LEAGUE,,Famalicao,Benfica,2,0,H,Portugal,Primeira Liga,football-data.co.uk
league_98c94b1150c9d3a7,2024-05-05,PRIMEIRA_LIGA,2023-24,LEAGUE,,Farense,Estoril,3,2,H,Portugal,Primeira Liga,football-data.co.uk
league_5a8aff896d7188b2,2024-05-05,PRIMEIRA_LIGA,2023-24,LEAGUE,,Sp Braga,Casa Pia,4,3,H,Portugal,Primeira Liga,football-data.co.uk
league_93c227927321c5d3,2024-05-10,PRIMEIRA_LIGA,2023-24,LEAGUE,,Chaves,Famalicao,0,1,A,Portugal,Primeira Liga,football-data.co.uk
league_b486b62d4cc461db,2024-05-11,PRIMEIRA_LIGA,2023-24,LEAGUE,,Estoril,Sporting CP,0,1,A,Portugal,Primeira Liga,football-data.co.uk
league_7362eb2405f57798,2024-05-11,PRIMEIRA_LIGA,2023-24,LEAGUE,,Guimaraes,Sp Braga,2,3,A,Portugal,Primeira Liga,football-data.co.uk
league_4de1b7a686e817c5,2024-05-11,PRIMEIRA_LIGA,2023-24,LEAGUE,,Portimonense,Rio Ave,2,2,D,Portugal,Primeira Liga,football-data.co.uk
league_44d82b2a14996a21,2024-05-11,PRIMEIRA_LIGA,2023-24,LEAGUE,,Vizela,Estrela,4,0,H,Portugal,Primeira Liga,football-data.co.uk
league_6bb9014ed8d57fff,2024-05-12,PRIMEIRA_LIGA,2023-24,LEAGUE,,Benfica,Arouca,5,0,H,Portugal,Primeira Liga,football-data.co.uk
league_0d2547ec72d32ac5,2024-05-12,PRIMEIRA_LIGA,2023-24,LEAGUE,,Casa Pia,Moreirense,0,1,A,Portugal,Primeira Liga,football-data.co.uk
league_7a9b57fbe384f8a7,2024-05-12,PRIMEIRA_LIGA,2023-24,LEAGUE,,FC Porto,Boavista,2,1,H,Portugal,Primeira Liga,football-data.co.uk
league_1433d12d49a4c274,2024-05-12,PRIMEIRA_LIGA,2023-24,LEAGUE,,Gil Vicente,Farense,2,0,H,Portugal,Primeira Liga,football-data.co.uk
league_9df875c2b4c8f8d9,2024-05-17,PRIMEIRA_LIGA,2023-24,LEAGUE,,Famalicao,Casa Pia,1,2,A,Portugal,Primeira Liga,football-data.co.uk
league_32857e0c136b2de9,2024-05-17,PRIMEIRA_LIGA,2023-24,LEAGUE,,Rio Ave,Benfica,1,1,D,Portugal,Primeira Liga,football-data.co.uk
league_2e4ebb5360c051e8,2024-05-18,PRIMEIRA_LIGA,2023-24,LEAGUE,,Arouca,Guimaraes,1,3,A,Portugal,Primeira Liga,football-data.co.uk
league_a8c980f757e59761,2024-05-18,PRIMEIRA_LIGA,2023-24,LEAGUE,,Boavista,Vizela,2,2,D,Portugal,Primeira Liga,football-data.co.uk
league_cea98f3b349ad105,2024-05-18,PRIMEIRA_LIGA,2023-24,LEAGUE,,Estrela,Gil Vicente,1,0,H,Portugal,Primeira Liga,football-data.co.uk
league_1b73d30d20667260,2024-05-18,PRIMEIRA_LIGA,2023-24,LEAGUE,,Farense,Portimonense,1,3,A,Portugal,Primeira Liga,football-data.co.uk
league_d14f285c73064e4a,2024-05-18,PRIMEIRA_LIGA,2023-24,LEAGUE,,Moreirense,Estoril,2,1,H,Portugal,Primeira Liga,football-data.co.uk
league_dcb23b5432cd8b7a,2024-05-18,PRIMEIRA_LIGA,2023-24,LEAGUE,,Sp Braga,FC Porto,0,1,A,Portugal,Primeira Liga,football-data.co.uk
league_c4c9b0ea9ff403fc,2024-05-18,PRIMEIRA_LIGA,2023-24,LEAGUE,,Sporting CP,Chaves,3,0,H,Portugal,Primeira Liga,football-data.co.uk
league_b201a0203dedb932,2024-08-09,PRIMEIRA_LIGA,2024-25,LEAGUE,,Sporting CP,Rio Ave,3,1,H,Portugal,Primeira Liga,football-data.co.uk
league_9da956bd86e1d0c3,2024-08-10,PRIMEIRA_LIGA,2024-25,LEAGUE,,AVS,Nacional,1,1,D,Portugal,Primeira Liga,football-data.co.uk
league_95799499bb7d18a9,2024-08-10,PRIMEIRA_LIGA,2024-25,LEAGUE,,Casa Pia,Boavista,0,1,A,Portugal,Primeira Liga,football-data.co.uk
league_6ab1848a4834bd8c,2024-08-10,PRIMEIRA_LIGA,2024-25,LEAGUE,,FC Porto,Gil Vicente,3,0,H,Portugal,Primeira Liga,football-data.co.uk
league_b2fd5f4287c53898,2024-08-11,PRIMEIRA_LIGA,2024-25,LEAGUE,,Estoril,Santa Clara,1,4,A,Portugal,Primeira Liga,football-data.co.uk
league_9a5716d0453d3aa0,2024-08-11,PRIMEIRA_LIGA,2024-25,LEAGUE,,Famalicao,Benfica,2,0,H,Portugal,Primeira Liga,football-data.co.uk
league_d91f064cb2e40d9d,2024-08-11,PRIMEIRA_LIGA,2024-25,LEAGUE,,Farense,Moreirense,1,2,A,Portugal,Primeira Liga,football-data.co.uk
league_f2e10c0f5e3842c5,2024-08-11,PRIMEIRA_LIGA,2024-25,LEAGUE,,Sp Braga,Estrela,1,1,D,Portugal,Primeira Liga,football-data.co.uk
league_09c23f9110f8b591,2024-08-12,PRIMEIRA_LIGA,2024-25,LEAGUE,,Arouca,Guimaraes,0,1,A,Portugal,Primeira Liga,football-data.co.uk
league_60613d947c80ebe4,2024-08-16,PRIMEIRA_LIGA,2024-25,LEAGUE,,Gil Vicente,AVS,4,2,H,Portugal,Primeira Liga,football-data.co.uk
league_f538da0f54596184,2024-08-16,PRIMEIRA_LIGA,2024-25,LEAGUE,,Santa Clara,FC Porto,0,2,A,Portugal,Primeira Liga,football-data.co.uk
league_ba172d8daa2786a1,2024-08-17,PRIMEIRA_LIGA,2024-25,LEAGUE,,Benfica,Casa Pia,3,0,H,Portugal,Primeira Liga,football-data.co.uk
league_95a8b5f418e8a285,2024-08-17,PRIMEIRA_LIGA,2024-25,LEAGUE,,Nacional,Sporting CP,1,6,A,Portugal,Primeira Liga,football-data.co.uk
league_66ecc7da75d5db60,2024-08-17,PRIMEIRA_LIGA,2024-25,LEAGUE,,Rio Ave,Farense,1,0,H,Portugal,Primeira Liga,football-data.co.uk
league_3e4f3cb5bf2f802f,2024-08-18,PRIMEIRA_LIGA,2024-25,LEAGUE,,Boavista,Sp Braga,0,1,A,Portugal,Primeira Liga,football-data.co.uk
league_db6f15c3293d62fb,2024-08-18,PRIMEIRA_LIGA,2024-25,LEAGUE,,Guimaraes,Estoril,1,0,H,Portugal,Primeira Liga,football-data.co.uk
league_29a0260bd23d4805,2024-08-18,PRIMEIRA_LIGA,2024-25,LEAGUE,,Moreirense,Arouca,3,1,H,Portugal,Primeira Liga,football-data.co.uk
league_31c4b602f4d62080,2024-08-19,PRIMEIRA_LIGA,2024-25,LEAGUE,,Estrela,Famalicao,0,3,A,Portugal,Primeira Liga,football-data.co.uk
league_e08a9bd101dfeda3,2024-08-23,PRIMEIRA_LIGA,2024-25,LEAGUE,,Farense,Sporting CP,0,5,A,Portugal,Primeira Liga,football-data.co.uk
league_954bfded2df2aed7,2024-08-24,PRIMEIRA_LIGA,2024-25,LEAGUE,,Benfica,Estrela,1,0,H,Portugal,Primeira Liga,football-data.co.uk
league_5d9715483b5c7de3,2024-08-24,PRIMEIRA_LIGA,2024-25,LEAGUE,,Casa Pia,Santa Clara,0,2,A,Portugal,Primeira Liga,football-data.co.uk
league_6b6499a35142d408,2024-08-24,PRIMEIRA_LIGA,2024-25,LEAGUE,,FC Porto,Rio Ave,2,0,H,Portugal,Primeira Liga,football-data.co.uk
league_3f385f805a0dc14b,2024-08-24,PRIMEIRA_LIGA,2024-25,LEAGUE,,Famalicao,Boavista,1,0,H,Portugal,Primeira Liga,football-data.co.uk
league_3dab0b7e70af48de,2024-08-25,PRIMEIRA_LIGA,2024-25,LEAGUE,,AVS,Guimaraes,1,0,H,Portugal,Primeira Liga,football-data.co.uk
league_7a98478076b03fd3,2024-08-25,PRIMEIRA_LIGA,2024-25,LEAGUE,,Arouca,Nacional,1,0,H,Portugal,Primeira Liga,football-data.co.uk
league_e4fa871a96ec0b5d,2024-08-25,PRIMEIRA_LIGA,2024-25,LEAGUE,,Estoril,Gil Vicente,0,0,D,Portugal,Primeira Liga,football-data.co.uk
league_80dcb56ce3943f01,2024-08-25,PRIMEIRA_LIGA,2024-25,LEAGUE,,Sp Braga,Moreirense,3,1,H,Portugal,Primeira Liga,football-data.co.uk
league_0e848e7a6544273e,2024-08-30,PRIMEIRA_LIGA,2024-25,LEAGUE,,Moreirense,Benfica,1,1,D,Portugal,Primeira Liga,football-data.co.uk
league_fdebdb6e1043178b,2024-08-31,PRIMEIRA_LIGA,2024-25,LEAGUE,,Boavista,Estoril,0,0,D,Portugal,Primeira Liga,football-data.co.uk
league_8cad40bf37d601eb,2024-08-31,PRIMEIRA_LIGA,2024-25,LEAGUE,,Estrela,Casa Pia,0,1,A,Portugal,Primeira Liga,football-data.co.uk
league_352eed31bacef5e6,2024-08-31,PRIMEIRA_LIGA,2024-25,LEAGUE,,Santa Clara,AVS,2,1,H,Portugal,Primeira Liga,football-data.co.uk
league_f226d3f355e1b41c,2024-08-31,PRIMEIRA_LIGA,2024-25,LEAGUE,,Sporting CP,FC Porto,2,0,H,Portugal,Primeira Liga,football-data.co.uk
league_f75c5bb565210e3e,2024-09-01,PRIMEIRA_LIGA,2024-25,LEAGUE,,Gil Vicente,Sp Braga,0,0,D,Portugal,Primeira Liga,football-data.co.uk
league_185b21fbad2da394,2024-09-01,PRIMEIRA_LIGA,2024-25,LEAGUE,,Guimaraes,Famalicao,2,1,H,Portugal,Primeira Liga,football-data.co.uk
league_978b06fc7128c5b5,2024-09-01,PRIMEIRA_LIGA,2024-25,LEAGUE,,Nacional,Farense,2,0,H,Portugal,Primeira Liga,football-data.co.uk
league_2a745f5ae7f03166,2024-09-01,PRIMEIRA_LIGA,2024-25,LEAGUE,,Rio Ave,Arouca,1,0,H,Portugal,Primeira Liga,football-data.co.uk
league_6f08d7ccdb072db2,2024-09-13,PRIMEIRA_LIGA,2024-25,LEAGUE,,Arouca,Sporting CP,0,3,A,Portugal,Primeira Liga,football-data.co.uk
league_0f32216500a6793f,2024-09-14,PRIMEIRA_LIGA,2024-25,LEAGUE,,AVS,Rio Ave,1,0,H,Portugal,Primeira Liga,football-data.co.uk
league_d7fadac972d5eb27,2024-09-14,PRIMEIRA_LIGA,2024-25,LEAGUE,,Benfica,Santa Clara,4,1,H,Portugal,Primeira Liga,football-data.co.uk
league_57d727127c20558b,2024-09-14,PRIMEIRA_LIGA,2024-25,LEAGUE,,Casa Pia,Moreirense,3,1,H,Portugal,Primeira Liga,football-data.co.uk
league_b8d95392b8ce175d,2024-09-14,PRIMEIRA_LIGA,2024-25,LEAGUE,,Famalicao,Gil Vicente,1,1,D,Portugal,Primeira Liga,football-data.co.uk
league_51e6e1f5dbfc77e0,2024-09-15,PRIMEIRA_LIGA,2024-25,LEAGUE,,Estoril,Nacional,1,0,H,Portugal,Primeira Liga,football-data.co.uk
league_059c9c59e38928da,2024-09-15,PRIMEIRA_LIGA,2024-25,LEAGUE,,FC Porto,Farense,2,1,H,Portugal,Primeira Liga,football-data.co.uk
league_621a5a474fdf53c5,2024-09-15,PRIMEIRA_LIGA,2024-25,LEAGUE,,Sp Braga,Guimaraes,0,2,A,Portugal,Primeira Liga,football-data.co.uk
league_d03d7448e3d0770d,2024-09-16,PRIMEIRA_LIGA,2024-25,LEAGUE,,Estrela,Boavista,2,2,D,Portugal,Primeira Liga,football-data.co.uk
league_2a3508688ec7ba42,2024-09-20,PRIMEIRA_LIGA,2024-25,LEAGUE,,Nacional,Sp Braga,0,3,A,Portugal,Primeira Liga,football-data.co.uk
league_59410f4cc471df33,2024-09-21,PRIMEIRA_LIGA,2024-25,LEAGUE,,Guimaraes,FC Porto,0,3,A,Portugal,Primeira Liga,football-data.co.uk
league_06e243a3737186b5,2024-09-21,PRIMEIRA_LIGA,2024-25,LEAGUE,,Moreirense,Famalicao,0,0,D,Portugal,Primeira Liga,football-data.co.uk
league_6e14fcc87cd51332,2024-09-21,PRIMEIRA_LIGA,2024-25,LEAGUE,,Rio Ave,Estoril,2,2,D,Portugal,Primeira Liga,football-data.co.uk
league_741cf4a5ef33bed6,2024-09-21,PRIMEIRA_LIGA,2024-25,LEAGUE,,Santa Clara,Estrela,1,0,H,Portugal,Primeira Liga,football-data.co.uk
league_c93626377bf4efc8,2024-09-22,PRIMEIRA_LIGA,2024-25,LEAGUE,,Farense,Arouca,0,1,A,Portugal,Primeira Liga,football-data.co.uk
league_910280a83eaf0aa1,2024-09-22,PRIMEIRA_LIGA,2024-25,LEAGUE,,Gil Vicente,Casa Pia,1,1,D,Portugal,Primeira Liga,football-data.co.uk
league_b3d106018514789b,2024-09-22,PRIMEIRA_LIGA,2024-25,LEAGUE,,Sporting CP,AVS,3,0,H,Portugal,Primeira Liga,football-data.co.uk
league_440a86dae83f1329,2024-09-23,PRIMEIRA_LIGA,2024-25,LEAGUE,,Boavista,Benfica,0,3,A,Portugal,Primeira Liga,football-data.co.uk
league_17421ea0c1d60f4c,2024-09-27,PRIMEIRA_LIGA,2024-25,LEAGUE,,Estoril,Sporting CP,0,3,A,Portugal,Primeira Liga,football-data.co.uk
league_a564bfbbd380bc82,2024-09-28,PRIMEIRA_LIGA,2024-25,LEAGUE,,Benfica,Gil Vicente,5,1,H,Portugal,Primeira Liga,football-data.co.uk
league_b5a18fc8e2abc768,2024-09-28,PRIMEIRA_LIGA,2024-25,LEAGUE,,Casa Pia,Guimaraes,1,1,D,Portugal,Primeira Liga,football-data.co.uk
league_bab8d103101aefc8,2024-09-28,PRIMEIRA_LIGA,2024-25,LEAGUE,,Estrela,Moreirense,2,1,H,Portugal,Primeira Liga,football-data.co.uk
league_4db3e7dd7ffbd8eb,2024-09-29,PRIMEIRA_LIGA,2024-25,LEAGUE,,FC Porto,Arouca,4,0,H,Portugal,Primeira Liga,football-data.co.uk
league_b25285c716afb5ff,2024-09-29,PRIMEIRA_LIGA,2024-25,LEAGUE,,Famalicao,Nacional,0,0,D,Portugal,Primeira Liga,football-data.co.uk
league_4149816a53a1f294,2024-09-29,PRIMEIRA_LIGA,2024-25,LEAGUE,,Santa Clara,Boavista,1,0,H,Portugal,Primeira Liga,football-data.co.uk
league_ee4f6d432926a8ca,2024-09-29,PRIMEIRA_LIGA,2024-25,LEAGUE,,Sp Braga,Rio Ave,4,0,H,Portugal,Primeira Liga,football-data.co.uk
league_699b5855c568f8b6,2024-09-30,PRIMEIRA_LIGA,2024-25,LEAGUE,,AVS,Farense,0,0,D,Portugal,Primeira Liga,football-data.co.uk
league_5eb5e6bff37be5fe,2024-10-04,PRIMEIRA_LIGA,2024-25,LEAGUE,,Rio Ave,Famalicao,1,1,D,Portugal,Primeira Liga,football-data.co.uk
league_ccbd9f0e494fce05,2024-10-05,PRIMEIRA_LIGA,2024-25,LEAGUE,,Arouca,AVS,1,1,D,Portugal,Primeira Liga,football-data.co.uk
league_3ab4f55a3b0cfdac,2024-10-05,PRIMEIRA_LIGA,2024-25,LEAGUE,,Gil Vicente,Estrela,3,0,H,Portugal,Primeira Liga,football-data.co.uk
league_ac1c96fb3f41ed9e,2024-10-05,PRIMEIRA_LIGA,2024-25,LEAGUE,,Moreirense,Santa Clara,1,0,H,Portugal,Primeira Liga,football-data.co.uk
league_920ec8ce6a69ab08,2024-10-05,PRIMEIRA_LIGA,2024-25,LEAGUE,,Sporting CP,Casa Pia,2,0,H,Portugal,Primeira Liga,football-data.co.uk
league_00666d25622ecf8b,2024-10-06,PRIMEIRA_LIGA,2024-25,LEAGUE,,FC Porto,Sp Braga,2,1,H,Portugal,Primeira Liga,football-data.co.uk
league_a67629f9c0c3d424,2024-10-06,PRIMEIRA_LIGA,2024-25,LEAGUE,,Farense,Estoril,1,0,H,Portugal,Primeira Liga,football-data.co.uk
league_835bc061dea3b837,2024-10-06,PRIMEIRA_LIGA,2024-25,LEAGUE,,Guimaraes,Boavista,2,2,D,Portugal,Primeira Liga,football-data.co.uk
league_4f44df9f834ea61e,2024-10-25,PRIMEIRA_LIGA,2024-25,LEAGUE,,Casa Pia,Nacional,1,0,H,Portugal,Primeira Liga,football-data.co.uk
league_bc95e01b47cd6599,2024-10-25,PRIMEIRA_LIGA,2024-25,LEAGUE,,Santa Clara,Gil Vicente,2,1,H,Portugal,Primeira Liga,football-data.co.uk
league_9d7a02bc88fab5ad,2024-10-26,PRIMEIRA_LIGA,2024-25,LEAGUE,,Boavista,Moreirense,0,2,A,Portugal,Primeira Liga,football-data.co.uk
league_853bb181e2bfe672,2024-10-26,PRIMEIRA_LIGA,2024-25,LEAGUE,,Estoril,Arouca,4,1,H,Portugal,Primeira Liga,football-data.co.uk
league_d8b06e78c2acf7a1,2024-10-26,PRIMEIRA_LIGA,2024-25,LEAGUE,,Famalicao,Sporting CP,0,3,A,Portugal,Primeira Liga,football-data.co.uk
league_d6728cf5d1696a21,2024-10-27,PRIMEIRA_LIGA,2024-25,LEAGUE,,Benfica,Rio Ave,5,0,H,Portugal,Primeira Liga,football-data.co.uk
league_a31b42a0d361a438,2024-10-27,PRIMEIRA_LIGA,2024-25,LEAGUE,,Estrela,Guimaraes,2,2,D,Portugal,Primeira Liga,football-data.co.uk
league_63ff69f5153197e6,2024-10-27,PRIMEIRA_LIGA,2024-25,LEAGUE,,Sp Braga,Farense,2,0,H,Portugal,Primeira Liga,football-data.co.uk
league_dee17d2e76b7e66c,2024-10-28,PRIMEIRA_LIGA,2024-25,LEAGUE,,AVS,FC Porto,0,5,A,Portugal,Primeira Liga,football-data.co.uk
league_4af832c5c66ed086,2024-11-01,PRIMEIRA_LIGA,2024-25,LEAGUE,,Sporting CP,Estrela,5,1,H,Portugal,Primeira Liga,football-data.co.uk
league_5a03f1eb77f479a3,2024-11-02,PRIMEIRA_LIGA,2024-25,LEAGUE,,Farense,Benfica,1,2,A,Portugal,Primeira Liga,football-data.co.uk
league_c98fcac2eebba4b6,2024-11-02,PRIMEIRA_LIGA,2024-25,LEAGUE,,Gil Vicente,Boavista,1,2,A,Portugal,Primeira Liga,football-data.co.uk
league_bffc1c4fc7960a96,2024-11-02,PRIMEIRA_LIGA,2024-25,LEAGUE,,Rio Ave,Casa Pia,2,2,D,Portugal,Primeira Liga,football-data.co.uk
league_abdeec715d7543f9,2024-11-03,PRIMEIRA_LIGA,2024-25,LEAGUE,,AVS,Famalicao,2,3,A,Portugal,Primeira Liga,football-data.co.uk
league_29086b64887c1200,2024-11-03,PRIMEIRA_LIGA,2024-25,LEAGUE,,Arouca,Sp Braga,1,2,A,Portugal,Primeira Liga,football-data.co.uk
league_b8ef9b1d627470bd,2024-11-03,PRIMEIRA_LIGA,2024-25,LEAGUE,,FC Porto,Estoril,4,0,H,Portugal,Primeira Liga,football-data.co.uk
league_f8e4980ff8842a9c,2024-11-03,PRIMEIRA_LIGA,2024-25,LEAGUE,,Guimaraes,Moreirense,1,0,H,Portugal,Primeira Liga,football-data.co.uk
league_6ac6379ae06ff161,2024-11-04,PRIMEIRA_LIGA,2024-25,LEAGUE,,Nacional,Santa Clara,2,0,H,Portugal,Primeira Liga,football-data.co.uk
league_d2ec855a59f49965,2024-11-08,PRIMEIRA_LIGA,2024-25,LEAGUE,,Moreirense,Gil Vicente,3,2,H,Portugal,Primeira Liga,football-data.co.uk
league_9fec37c9a8547d9f,2024-11-09,PRIMEIRA_LIGA,2024-25,LEAGUE,,Boavista,Rio Ave,0,2,A,Portugal,Primeira Liga,football-data.co.uk
league_3ff37a835e7c2dd9,2024-11-09,PRIMEIRA_LIGA,2024-25,LEAGUE,,Casa Pia,Farense,1,1,D,Portugal,Primeira Liga,football-data.co.uk
league_241eeb1e2a27fd69,2024-11-09,PRIMEIRA_LIGA,2024-25,LEAGUE,,Estoril,AVS,0,0,D,Portugal,Primeira Liga,football-data.co.uk
league_861e8389da40cf73,2024-11-09,PRIMEIRA_LIGA,2024-25,LEAGUE,,Famalicao,Arouca,0,0,D,Portugal,Primeira Liga,football-data.co.uk
league_09bae2ef8e037a7c,2024-11-10,PRIMEIRA_LIGA,2024-25,LEAGUE,,Benfica,FC Porto,4,1,H,Portugal,Primeira Liga,football-data.co.uk
league_c136e8e397684319,2024-11-10,PRIMEIRA_LIGA,2024-25,LEAGUE,,Estrela,Nacional,2,0,H,Portugal,Primeira Liga,football-data.co.uk
league_88760dbf5396b4be,2024-11-10,PRIMEIRA_LIGA,2024-25,LEAGUE,,Santa Clara,Guimaraes,1,0,H,Portugal,Primeira Liga,football-data.co.uk
league_428e1cc58b1daf7d,2024-11-10,PRIMEIRA_LIGA,2024-25,LEAGUE,,Sp Braga,Sporting CP,2,4,A,Portugal,Primeira Liga,football-data.co.uk
league_748fa19f166c6b93,2024-11-29,PRIMEIRA_LIGA,2024-25,LEAGUE,,Farense,Estrela,1,0,H,Portugal,Primeira Liga,football-data.co.uk
league_541a9852985352ea,2024-11-30,PRIMEIRA_LIGA,2024-25,LEAGUE,,Nacional,Boavista,0,0,D,Portugal,Primeira Liga,football-data.co.uk
league_6c6a728a0d2b9089,2024-11-30,PRIMEIRA_LIGA,2024-25,LEAGUE,,Rio Ave,Moreirense,3,2,H,Portugal,Primeira Liga,football-data.co.uk
league_b23eb33a6ce184d8,2024-11-30,PRIMEIRA_LIGA,2024-25,LEAGUE,,Sporting CP,Santa Clara,0,1,A,Portugal,Primeira Liga,football-data.co.uk
league_cc559b67b21917c1,2024-12-01,PRIMEIRA_LIGA,2024-25,LEAGUE,,AVS,Sp Braga,0,1,A,Portugal,Primeira Liga,football-data.co.uk
league_448b24e9a4e6fa47,2024-12-01,PRIMEIRA_LIGA,2024-25,LEAGUE,,Arouca,Benfica,0,2,A,Portugal,Primeira Liga,football-data.co.uk
league_4b48e8fb809869c1,2024-12-01,PRIMEIRA_LIGA,2024-25,LEAGUE,,Estoril,Famalicao,2,1,H,Portugal,Primeira Liga,football-data.co.uk
league_ceef8ac5e37b099b,2024-12-02,PRIMEIRA_LIGA,2024-25,LEAGUE,,FC Porto,Casa Pia,2,0,H,Portugal,Primeira Liga,football-data.co.uk
league_eabe3095894556ef,2024-12-02,PRIMEIRA_LIGA,2024-25,LEAGUE,,Guimaraes,Gil Vicente,4,0,H,Portugal,Primeira Liga,football-data.co.uk
league_50c26264999e4334,2024-12-05,PRIMEIRA_LIGA,2024-25,LEAGUE,,Moreirense,Sporting CP,2,1,H,Portugal,Primeira Liga,football-data.co.uk
league_907120d8330ed544,2024-12-06,PRIMEIRA_LIGA,2024-25,LEAGUE,,Sp Braga,Estoril,2,2,D,Portugal,Primeira Liga,football-data.co.uk
league_5657d31ae84f65ad,2024-12-07,PRIMEIRA_LIGA,2024-25,LEAGUE,,Benfica,Guimaraes,1,0,H,Portugal,Primeira Liga,football-data.co.uk
league_24fb93cdf1e94532,2024-12-07,PRIMEIRA_LIGA,2024-25,LEAGUE,,Famalicao,FC Porto,1,1,D,Portugal,Primeira Liga,football-data.co.uk
league_652c7c5226227062,2024-12-07,PRIMEIRA_LIGA,2024-25,LEAGUE,,Gil Vicente,Nacional,2,1,H,Portugal,Primeira Liga,football-data.co.uk
league_911aa02b072859db,2024-12-07,PRIMEIRA_LIGA,2024-25,LEAGUE,,Santa Clara,Rio Ave,1,0,H,Portugal,Primeira Liga,football-data.co.uk
league_b41933bbd8237bd7,2024-12-08,PRIMEIRA_LIGA,2024-25,LEAGUE,,Boavista,Farense,1,1,D,Portugal,Primeira Liga,football-data.co.uk
league_07cea50bf3db4163,2024-12-08,PRIMEIRA_LIGA,2024-25,LEAGUE,,Casa Pia,AVS,1,1,D,Portugal,Primeira Liga,football-data.co.uk
league_5e096cac4737fdf1,2024-12-09,PRIMEIRA_LIGA,2024-25,LEAGUE,,Estrela,Arouca,2,1,H,Portugal,Primeira Liga,football-data.co.uk
league_18a54e1079c12a8b,2024-12-14,PRIMEIRA_LIGA,2024-25,LEAGUE,,Farense,Gil Vicente,0,1,A,Portugal,Primeira Liga,football-data.co.uk
league_375953f8fe0a1646,2024-12-14,PRIMEIRA_LIGA,2024-25,LEAGUE,,Nacional,Moreirense,1,0,H,Portugal,Primeira Liga,football-data.co.uk
league_d49ba552767929ee,2024-12-14,PRIMEIRA_LIGA,2024-25,LEAGUE,,Sporting CP,Boavista,3,2,H,Portugal,Primeira Liga,football-data.co.uk
league_b751b7554e81a7a7,2024-12-15,PRIMEIRA_LIGA,2024-25,LEAGUE,,AVS,Benfica,1,1,D,Portugal,Primeira Liga,football-data.co.uk
league_9595bf2733235626,2024-12-15,PRIMEIRA_LIGA,2024-25,LEAGUE,,Arouca,Santa Clara,1,0,H,Portugal,Primeira Liga,football-data.co.uk
league_fea34b9253f0ce23,2024-12-15,PRIMEIRA_LIGA,2024-25,LEAGUE,,Estoril,Casa Pia,0,2,A,Portugal,Primeira Liga,football-data.co.uk
league_a120a2645f9ec3b1,2024-12-16,PRIMEIRA_LIGA,2024-25,LEAGUE,,FC Porto,Estrela,2,0,H,Portugal,Primeira Liga,football-data.co.uk
league_a2e4235672a27090,2024-12-16,PRIMEIRA_LIGA,2024-25,LEAGUE,,Rio Ave,Guimaraes,2,2,D,Portugal,Primeira Liga,football-data.co.uk
league_b45b0124671597d1,2024-12-16,PRIMEIRA_LIGA,2024-25,LEAGUE,,Sp Braga,Famalicao,3,3,D,Portugal,Primeira Liga,football-data.co.uk
league_aebde0a7e38c00b0,2024-12-19,PRIMEIRA_LIGA,2024-25,LEAGUE,,Nacional,Benfica,0,2,A,Portugal,Primeira Liga,football-data.co.uk
league_abd782c1367e3287,2024-12-20,PRIMEIRA_LIGA,2024-25,LEAGUE,,Casa Pia,Arouca,3,1,H,Portugal,Primeira Liga,football-data.co.uk
league_01b89ed594bc95b5,2024-12-21,PRIMEIRA_LIGA,2024-25,LEAGUE,,Boavista,AVS,0,0,D,Portugal,Primeira Liga,football-data.co.uk
league_b82efe9506903426,2024-12-21,PRIMEIRA_LIGA,2024-25,LEAGUE,,Famalicao,Farense,1,2,A,Portugal,Primeira Liga,football-data.co.uk
league_23284506a6f0c693,2024-12-21,PRIMEIRA_LIGA,2024-25,LEAGUE,,Moreirense,FC Porto,0,3,A,Portugal,Primeira Liga,football-data.co.uk
league_7816a4ff1b0e5238,2024-12-22,PRIMEIRA_LIGA,2024-25,LEAGUE,,Gil Vicente,Sporting CP,0,0,D,Portugal,Primeira Liga,football-data.co.uk
league_9d29c12776965263,2024-12-22,PRIMEIRA_LIGA,2024-25,LEAGUE,,Santa Clara,Sp Braga,0,2,A,Portugal,Primeira Liga,football-data.co.uk
league_5533d58dae237c63,2024-12-23,PRIMEIRA_LIGA,2024-25,LEAGUE,,Benfica,Estoril,3,0,H,Portugal,Primeira Liga,football-data.co.uk
league_d8cefa32307f3ff2,2024-12-23,PRIMEIRA_LIGA,2024-25,LEAGUE,,Estrela,Rio Ave,1,0,H,Portugal,Primeira Liga,football-data.co.uk
league_13d9f5301f2c4418,2024-12-23,PRIMEIRA_LIGA,2024-25,LEAGUE,,Guimaraes,Nacional,2,2,D,Portugal,Primeira Liga,football-data.co.uk
league_45b727713249cc55,2024-12-27,PRIMEIRA_LIGA,2024-25,LEAGUE,,Arouca,Gil Vicente,1,1,D,Portugal,Primeira Liga,football-data.co.uk
league_bb11797fd42060b1,2024-12-28,PRIMEIRA_LIGA,2024-25,LEAGUE,,AVS,Estrela,1,1,D,Portugal,Primeira Liga,football-data.co.uk
league_4b280aa0acd40dd6,2024-12-28,PRIMEIRA_LIGA,2024-25,LEAGUE,,Estoril,Moreirense,2,2,D,Portugal,Primeira Liga,football-data.co.uk
league_3b2f3b3ca1902220,2024-12-28,PRIMEIRA_LIGA,2024-25,LEAGUE,,FC Porto,Boavista,4,0,H,Portugal,Primeira Liga,football-data.co.uk
league_2fb58cf9a6ddd594,2024-12-29,PRIMEIRA_LIGA,2024-25,LEAGUE,,Farense,Guimaraes,2,2,D,Portugal,Primeira Liga,football-data.co.uk
league_96511faefdd45029,2024-12-29,PRIMEIRA_LIGA,2024-25,LEAGUE,,Rio Ave,Nacional,2,1,H,Portugal,Primeira Liga,football-data.co.uk
league_48b9fc4571c0c6a0,2024-12-29,PRIMEIRA_LIGA,2024-25,LEAGUE,,Sp Braga,Casa Pia,1,2,A,Portugal,Primeira Liga,football-data.co.uk
league_e030765cc6b7203d,2024-12-29,PRIMEIRA_LIGA,2024-25,LEAGUE,,Sporting CP,Benfica,1,0,H,Portugal,Primeira Liga,football-data.co.uk
league_5eb69580df25df5f,2024-12-30,PRIMEIRA_LIGA,2024-25,LEAGUE,,Famalicao,Santa Clara,1,2,A,Portugal,Primeira Liga,football-data.co.uk
league_164c55cf39fdf233,2025-01-03,PRIMEIRA_LIGA,2024-25,LEAGUE,,Guimaraes,Sporting CP,4,4,D,Portugal,Primeira Liga,football-data.co.uk
league_7c348986debc78c0,2025-01-04,PRIMEIRA_LIGA,2024-25,LEAGUE,,Benfica,Sp Braga,1,2,A,Portugal,Primeira Liga,football-data.co.uk
league_08defbfe6971db50,2025-01-04,PRIMEIRA_LIGA,2024-25,LEAGUE,,Boavista,Arouca,1,3,A,Portugal,Primeira Liga,football-data.co.uk
league_ae6bc1974a46e15d,2025-01-04,PRIMEIRA_LIGA,2024-25,LEAGUE,,Moreirense,AVS,1,1,D,Portugal,Primeira Liga,football-data.co.uk
league_e58d3bc65def5d5d,2025-01-05,PRIMEIRA_LIGA,2024-25,LEAGUE,,Casa Pia,Famalicao,1,1,D,Portugal,Primeira Liga,football-data.co.uk
league_b14a8270cdf2e943,2025-01-05,PRIMEIRA_LIGA,2024-25,LEAGUE,,Estrela,Estoril,2,4,A,Portugal,Primeira Liga,football-data.co.uk
league_39199134a004421a,2025-01-05,PRIMEIRA_LIGA,2024-25,LEAGUE,,Santa Clara,Farense,0,0,D,Portugal,Primeira Liga,football-data.co.uk
league_9531fcbe47f20d81,2025-01-06,PRIMEIRA_LIGA,2024-25,LEAGUE,,Gil Vicente,Rio Ave,1,1,D,Portugal,Primeira Liga,football-data.co.uk
league_9eb6071ce0b94446,2025-01-12,PRIMEIRA_LIGA,2024-25,LEAGUE,,Nacional,FC Porto,2,0,H,Portugal,Primeira Liga,football-data.co.uk
league_40b1ec30c94472e8,2025-01-17,PRIMEIRA_LIGA,2024-25,LEAGUE,,Benfica,Famalicao,4,0,H,Portugal,Primeira Liga,football-data.co.uk
league_15c7eb7b7fd6c483,2025-01-18,PRIMEIRA_LIGA,2024-25,LEAGUE,,Guimaraes,Arouca,2,2,D,Portugal,Primeira Liga,football-data.co.uk
league_f1a6e4dc8a10d451,2025-01-18,PRIMEIRA_LIGA,2024-25,LEAGUE,,Rio Ave,Sporting CP,0,3,A,Portugal,Primeira Liga,football-data.co.uk
league_9d73ae32c794b0bc,2025-01-18,PRIMEIRA_LIGA,2024-25,LEAGUE,,Santa Clara,Estoril,2,3,A,Portugal,Primeira Liga,football-data.co.uk
league_a7eb0901a5d0b0cf,2025-01-19,PRIMEIRA_LIGA,2024-25,LEAGUE,,Estrela,Sp Braga,0,1,A,Portugal,Primeira Liga,football-data.co.uk
league_32c1cfa09b06d66c,2025-01-19,PRIMEIRA_LIGA,2024-25,LEAGUE,,Gil Vicente,FC Porto,3,1,H,Portugal,Primeira Liga,football-data.co.uk
league_99e0dc2d46b7b5e5,2025-01-19,PRIMEIRA_LIGA,2024-25,LEAGUE,,Moreirense,Farense,0,0,D,Portugal,Primeira Liga,football-data.co.uk
league_215e505b9709d810,2025-01-19,PRIMEIRA_LIGA,2024-25,LEAGUE,,Nacional,AVS,3,1,H,Portugal,Primeira Liga,football-data.co.uk
league_db4ecc5f9f9d36ae,2025-01-20,PRIMEIRA_LIGA,2024-25,LEAGUE,,Boavista,Casa Pia,2,3,A,Portugal,Primeira Liga,football-data.co.uk
league_0f69fe451d638b07,2025-01-24,PRIMEIRA_LIGA,2024-25,LEAGUE,,Arouca,Moreirense,1,0,H,Portugal,Primeira Liga,football-data.co.uk
league_f9548366e36160fc,2025-01-25,PRIMEIRA_LIGA,2024-25,LEAGUE,,Casa Pia,Benfica,3,1,H,Portugal,Primeira Liga,football-data.co.uk
league_cae4ac0e55c84615,2025-01-25,PRIMEIRA_LIGA,2024-25,LEAGUE,,Famalicao,Estrela,0,0,D,Portugal,Primeira Liga,football-data.co.uk
league_025a38e4b13c992d,2025-01-25,PRIMEIRA_LIGA,2024-25,LEAGUE,,Farense,Rio Ave,1,2,A,Portugal,Primeira Liga,football-data.co.uk
league_bcd0eb9724dfba93,2025-01-25,PRIMEIRA_LIGA,2024-25,LEAGUE,,Sporting CP,Nacional,2,0,H,Portugal,Primeira Liga,football-data.co.uk
league_54a92b3503dbc984,2025-01-26,PRIMEIRA_LIGA,2024-25,LEAGUE,,Estoril,Guimaraes,1,0,H,Portugal,Primeira Liga,football-data.co.uk
league_717f990a05ad0566,2025-01-26,PRIMEIRA_LIGA,2024-25,LEAGUE,,FC Porto,Santa Clara,1,1,D,Portugal,Primeira Liga,football-data.co.uk
league_eb80bf25a70510f4,2025-01-26,PRIMEIRA_LIGA,2024-25,LEAGUE,,Sp Braga,Boavista,3,0,H,Portugal,Primeira Liga,football-data.co.uk
league_2b62bc4c93020d55,2025-01-27,PRIMEIRA_LIGA,2024-25,LEAGUE,,AVS,Gil Vicente,1,0,H,Portugal,Primeira Liga,football-data.co.uk
league_5354cd301f271abb,2025-01-31,PRIMEIRA_LIGA,2024-25,LEAGUE,,Boavista,Famalicao,0,2,A,Portugal,Primeira Liga,football-data.co.uk
league_a1c01b29995eefaf,2025-02-01,PRIMEIRA_LIGA,2024-25,LEAGUE,,Gil Vicente,Estoril,1,2,A,Portugal,Primeira Liga,football-data.co.uk
league_f312413adaad065d,2025-02-01,PRIMEIRA_LIGA,2024-25,LEAGUE,,Guimaraes,AVS,2,0,H,Portugal,Primeira Liga,football-data.co.uk
league_158ff749849718a9,2025-02-01,PRIMEIRA_LIGA,2024-25,LEAGUE,,Nacional,Arouca,1,2,A,Portugal,Primeira Liga,football-data.co.uk
league_fd3ca190ad0431fc,2025-02-01,PRIMEIRA_LIGA,2024-25,LEAGUE,,Santa Clara,Casa Pia,2,1,H,Portugal,Primeira Liga,football-data.co.uk
league_9187f893d79c9bf0,2025-02-02,PRIMEIRA_LIGA,2024-25,LEAGUE,,Estrela,Benfica,2,3,A,Portugal,Primeira Liga,football-data.co.uk
league_a95afa9b2da0c3bc,2025-02-02,PRIMEIRA_LIGA,2024-25,LEAGUE,,Sporting CP,Farense,3,1,H,Portugal,Primeira Liga,football-data.co.uk
league_fd60640fa7e56cd0,2025-02-03,PRIMEIRA_LIGA,2024-25,LEAGUE,,Moreirense,Sp Braga,1,2,A,Portugal,Primeira Liga,football-data.co.uk
league_53da7a617bf2ff08,2025-02-03,PRIMEIRA_LIGA,2024-25,LEAGUE,,Rio Ave,FC Porto,2,2,D,Portugal,Primeira Liga,football-data.co.uk
league_68675b982b2ccad7,2025-02-07,PRIMEIRA_LIGA,2024-25,LEAGUE,,FC Porto,Sporting CP,1,1,D,Portugal,Primeira Liga,football-data.co.uk
league_d5c3669b2398dd16,2025-02-08,PRIMEIRA_LIGA,2024-25,LEAGUE,,AVS,Santa Clara,1,2,A,Portugal,Primeira Liga,football-data.co.uk
league_4ec61cacfdd0c4af,2025-02-08,PRIMEIRA_LIGA,2024-25,LEAGUE,,Benfica,Moreirense,3,2,H,Portugal,Primeira Liga,football-data.co.uk
league_1b6752c34fc8b8f5,2025-02-08,PRIMEIRA_LIGA,2024-25,LEAGUE,,Famalicao,Guimaraes,0,0,D,Portugal,Primeira Liga,football-data.co.uk
league_b4dcb34fa0f183d5,2025-02-09,PRIMEIRA_LIGA,2024-25,LEAGUE,,Casa Pia,Estrela,1,0,H,Portugal,Primeira Liga,football-data.co.uk
league_34301a1612c54283,2025-02-09,PRIMEIRA_LIGA,2024-25,LEAGUE,,Estoril,Boavista,2,1,H,Portugal,Primeira Liga,football-data.co.uk
league_a1aa6db82c0f263b,2025-02-09,PRIMEIRA_LIGA,2024-25,LEAGUE,,Farense,Nacional,0,2,A,Portugal,Primeira Liga,football-data.co.uk
league_5e26ce46306ee439,2025-02-09,PRIMEIRA_LIGA,2024-25,LEAGUE,,Sp Braga,Gil Vicente,2,0,H,Portugal,Primeira Liga,football-data.co.uk
league_83af742982cb441a,2025-02-10,PRIMEIRA_LIGA,2024-25,LEAGUE,,Arouca,Rio Ave,1,1,D,Portugal,Primeira Liga,football-data.co.uk
league_b3796f847f4c4aef,2025-02-14,PRIMEIRA_LIGA,2024-25,LEAGUE,,Boavista,Estrela,0,1,A,Portugal,Primeira Liga,football-data.co.uk
league_d0c6c46ea1d2fff1,2025-02-15,PRIMEIRA_LIGA,2024-25,LEAGUE,,Moreirense,Casa Pia,3,2,H,Portugal,Primeira Liga,football-data.co.uk
league_a497825d7896e46a,2025-02-15,PRIMEIRA_LIGA,2024-25,LEAGUE,,Nacional,Estoril,2,2,D,Portugal,Primeira Liga,football-data.co.uk
league_06ef7ab5cf9ef01c,2025-02-15,PRIMEIRA_LIGA,2024-25,LEAGUE,,Santa Clara,Benfica,0,1,A,Portugal,Primeira Liga,football-data.co.uk
league_66cadfa04853391a,2025-02-15,PRIMEIRA_LIGA,2024-25,LEAGUE,,Sporting CP,Arouca,2,2,D,Portugal,Primeira Liga,football-data.co.uk
league_375d5a2c86c46e00,2025-02-16,PRIMEIRA_LIGA,2024-25,LEAGUE,,Farense,FC Porto,0,1,A,Portugal,Primeira Liga,football-data.co.uk
league_30bb729e9cbde6bc,2025-02-16,PRIMEIRA_LIGA,2024-25,LEAGUE,,Guimaraes,Sp Braga,0,0,D,Portugal,Primeira Liga,football-data.co.uk
league_7acd90781792bef1,2025-02-16,PRIMEIRA_LIGA,2024-25,LEAGUE,,Rio Ave,AVS,1,1,D,Portugal,Primeira Liga,football-data.co.uk
league_94175cdb087303d4,2025-02-17,PRIMEIRA_LIGA,2024-25,LEAGUE,,Gil Vicente,Famalicao,0,2,A,Portugal,Primeira Liga,football-data.co.uk
league_c890ae12ce1dbd90,2025-02-21,PRIMEIRA_LIGA,2024-25,LEAGUE,,Sp Braga,Nacional,1,0,H,Portugal,Primeira Liga,football-data.co.uk
league_9a38aaef4f1b01be,2025-02-22,PRIMEIRA_LIGA,2024-25,LEAGUE,,Benfica,Boavista,3,0,H,Portugal,Primeira Liga,football-data.co.uk
league_0961740602d55f88,2025-02-22,PRIMEIRA_LIGA,2024-25,LEAGUE,,Casa Pia,Gil Vicente,1,0,H,Portugal,Primeira Liga,football-data.co.uk
league_79bde8360d9ecb53,2025-02-22,PRIMEIRA_LIGA,2024-25,LEAGUE,,Estoril,Rio Ave,2,1,H,Portugal,Primeira Liga,football-data.co.uk
league_bcc8e2f03cfef313,2025-02-23,PRIMEIRA_LIGA,2024-25,LEAGUE,,AVS,Sporting CP,2,2,D,Portugal,Primeira Liga,football-data.co.uk
league_6b815daf68e8df70,2025-02-23,PRIMEIRA_LIGA,2024-25,LEAGUE,,Arouca,Farense,2,2,D,Portugal,Primeira Liga,football-data.co.uk
league_10d4c9e42514fb52,2025-02-23,PRIMEIRA_LIGA,2024-25,LEAGUE,,Estrela,Santa Clara,0,0,D,Portugal,Primeira Liga,football-data.co.uk
league_4414bd538f149aec,2025-02-23,PRIMEIRA_LIGA,2024-25,LEAGUE,,Famalicao,Moreirense,2,0,H,Portugal,Primeira Liga,football-data.co.uk
league_0a8b4ed884c12a97,2025-02-24,PRIMEIRA_LIGA,2024-25,LEAGUE,,FC Porto,Guimaraes,1,1,D,Portugal,Primeira Liga,football-data.co.uk
league_7370ef58645b1f57,2025-03-01,PRIMEIRA_LIGA,2024-25,LEAGUE,,Arouca,FC Porto,0,2,A,Portugal,Primeira Liga,football-data.co.uk
league_e87b069b8ea3f565,2025-03-01,PRIMEIRA_LIGA,2024-25,LEAGUE,,Guimaraes,Casa Pia,1,0,H,Portugal,Primeira Liga,football-data.co.uk
league_3393b1f99bda7e64,2025-03-01,PRIMEIRA_LIGA,2024-25,LEAGUE,,Nacional,Famalicao,2,1,H,Portugal,Primeira Liga,football-data.co.uk
league_9b5f62554adf4039,2025-03-02,PRIMEIRA_LIGA,2024-25,LEAGUE,,Boavista,Santa Clara,1,0,H,Portugal,Primeira Liga,football-data.co.uk
league_8bcbdc9d303688e7,2025-03-02,PRIMEIRA_LIGA,2024-25,LEAGUE,,Farense,AVS,0,1,A,Portugal,Primeira Liga,football-data.co.uk
league_d591637e23a007dd,2025-03-02,PRIMEIRA_LIGA,2024-25,LEAGUE,,Moreirense,Estrela,1,1,D,Portugal,Primeira Liga,football-data.co.uk
league_472bceb992c65cb1,2025-03-02,PRIMEIRA_LIGA,2024-25,LEAGUE,,Rio Ave,Sp Braga,2,1,H,Portugal,Primeira Liga,football-data.co.uk
league_b79ecdb7225ea244,2025-03-03,PRIMEIRA_LIGA,2024-25,LEAGUE,,Sporting CP,Estoril,3,1,H,Portugal,Primeira Liga,football-data.co.uk
league_980254a1cf31defc,2025-03-07,PRIMEIRA_LIGA,2024-25,LEAGUE,,Estrela,Gil Vicente,1,1,D,Portugal,Primeira Liga,football-data.co.uk
league_3ed0b17d88606803,2025-03-08,PRIMEIRA_LIGA,2024-25,LEAGUE,,AVS,Arouca,0,1,A,Portugal,Primeira Liga,football-data.co.uk
league_5ddfc779308865e5,2025-03-08,PRIMEIRA_LIGA,2024-25,LEAGUE,,Benfica,Nacional,3,0,H,Portugal,Primeira Liga,football-data.co.uk
league_d30606df49afe723,2025-03-08,PRIMEIRA_LIGA,2024-25,LEAGUE,,Estoril,Farense,2,2,D,Portugal,Primeira Liga,football-data.co.uk
league_e6a66fe34014c955,2025-03-08,PRIMEIRA_LIGA,2024-25,LEAGUE,,Sp Braga,FC Porto,1,0,H,Portugal,Primeira Liga,football-data.co.uk
league_a09079b8f77f74fc,2025-03-09,PRIMEIRA_LIGA,2024-25,LEAGUE,,Boavista,Guimaraes,1,2,A,Portugal,Primeira Liga,football-data.co.uk
league_82a00ed7401b339d,2025-03-09,PRIMEIRA_LIGA,2024-25,LEAGUE,,Casa Pia,Sporting CP,1,3,A,Portugal,Primeira Liga,football-data.co.uk
league_96fd5e9787ea225a,2025-03-09,PRIMEIRA_LIGA,2024-25,LEAGUE,,Santa Clara,Moreirense,1,1,D,Portugal,Primeira Liga,football-data.co.uk
league_17400d76f6a9b46a,2025-03-10,PRIMEIRA_LIGA,2024-25,LEAGUE,,Famalicao,Rio Ave,1,0,H,Portugal,Primeira Liga,football-data.co.uk
league_9b873f0031209208,2025-03-15,PRIMEIRA_LIGA,2024-25,LEAGUE,,FC Porto,AVS,2,0,H,Portugal,Primeira Liga,football-data.co.uk
league_90ef4fbeb3154b45,2025-03-15,PRIMEIRA_LIGA,2024-25,LEAGUE,,Farense,Sp Braga,0,1,A,Portugal,Primeira Liga,football-data.co.uk
league_492156bb258f3f9b,2025-03-15,PRIMEIRA_LIGA,2024-25,LEAGUE,,Gil Vicente,Santa Clara,0,1,A,Portugal,Primeira Liga,football-data.co.uk
league_23aed29a21e6e3ab,2025-03-15,PRIMEIRA_LIGA,2024-25,LEAGUE,,Sporting CP,Famalicao,3,1,H,Portugal,Primeira Liga,football-data.co.uk
league_62b140347539a058,2025-03-16,PRIMEIRA_LIGA,2024-25,LEAGUE,,Arouca,Estoril,1,1,D,Portugal,Primeira Liga,football-data.co.uk
league_90ec5fc82e14e6b4,2025-03-16,PRIMEIRA_LIGA,2024-25,LEAGUE,,Guimaraes,Estrela,2,0,H,Portugal,Primeira Liga,football-data.co.uk
league_dea026ba087a1c92,2025-03-16,PRIMEIRA_LIGA,2024-25,LEAGUE,,Moreirense,Boavista,1,0,H,Portugal,Primeira Liga,football-data.co.uk
league_7ed6152a125c3d08,2025-03-16,PRIMEIRA_LIGA,2024-25,LEAGUE,,Nacional,Casa Pia,3,1,H,Portugal,Primeira Liga,football-data.co.uk
league_a4140ff65795d841,2025-03-16,PRIMEIRA_LIGA,2024-25,LEAGUE,,Rio Ave,Benfica,2,3,A,Portugal,Primeira Liga,football-data.co.uk
league_0e18fd4b22f942ec,2025-03-28,PRIMEIRA_LIGA,2024-25,LEAGUE,,Gil Vicente,Benfica,0,3,A,Portugal,Primeira Liga,football-data.co.uk
league_6928f75398028a78,2025-03-29,PRIMEIRA_LIGA,2024-25,LEAGUE,,Casa Pia,Rio Ave,2,1,H,Portugal,Primeira Liga,football-data.co.uk
league_d1b23881690dc761,2025-03-29,PRIMEIRA_LIGA,2024-25,LEAGUE,,Estrela,Sporting CP,0,3,A,Portugal,Primeira Liga,football-data.co.uk
league_f8eaf496424a08a8,2025-03-29,PRIMEIRA_LIGA,2024-25,LEAGUE,,Sp Braga,Arouca,2,1,H,Portugal,Primeira Liga,football-data.co.uk
league_bb016902ec7bab13,2025-03-30,PRIMEIRA_LIGA,2024-25,LEAGUE,,Estoril,FC Porto,1,2,A,Portugal,Primeira Liga,football-data.co.uk
league_0e1946f51668df03,2025-03-30,PRIMEIRA_LIGA,2024-25,LEAGUE,,Famalicao,AVS,4,1,H,Portugal,Primeira Liga,football-data.co.uk
league_489842c8c9356d08,2025-03-30,PRIMEIRA_LIGA,2024-25,LEAGUE,,Moreirense,Guimaraes,2,2,D,Portugal,Primeira Liga,football-data.co.uk
league_cab42f34e3a7646c,2025-03-30,PRIMEIRA_LIGA,2024-25,LEAGUE,,Santa Clara,Nacional,1,0,H,Portugal,Primeira Liga,football-data.co.uk
league_aa71cba1d045a007,2025-04-01,PRIMEIRA_LIGA,2024-25,LEAGUE,,Boavista,Gil Vicente,1,3,A,Portugal,Primeira Liga,football-data.co.uk
league_26b14aba74bd7cb0,2025-04-02,PRIMEIRA_LIGA,2024-25,LEAGUE,,Benfica,Farense,3,2,H,Portugal,Primeira Liga,football-data.co.uk
league_35e5b3c5ad5ccd96,2025-04-04,PRIMEIRA_LIGA,2024-25,LEAGUE,,AVS,Estoril,0,3,A,Portugal,Primeira Liga,football-data.co.uk
league_e76a806218db3932,2025-04-05,PRIMEIRA_LIGA,2024-25,LEAGUE,,Arouca,Famalicao,1,2,A,Portugal,Primeira Liga,football-data.co.uk
league_da39898d2bac10cd,2025-04-05,PRIMEIRA_LIGA,2024-25,LEAGUE,,Guimaraes,Santa Clara,2,0,H,Portugal,Primeira Liga,football-data.co.uk
league_59230be1daa9f8e2,2025-04-06,PRIMEIRA_LIGA,2024-25,LEAGUE,,FC Porto,Benfica,1,4,A,Portugal,Primeira Liga,football-data.co.uk
league_99208afc76b5c387,2025-04-06,PRIMEIRA_LIGA,2024-25,LEAGUE,,Gil Vicente,Moreirense,0,1,A,Portugal,Primeira Liga,football-data.co.uk
league_c9faf684ff9e329d,2025-04-06,PRIMEIRA_LIGA,2024-25,LEAGUE,,Nacional,Estrela,0,1,A,Portugal,Primeira Liga,football-data.co.uk
league_803d196506932231,2025-04-07,PRIMEIRA_LIGA,2024-25,LEAGUE,,Farense,Casa Pia,0,0,D,Portugal,Primeira Liga,football-data.co.uk
league_49c7dfbff7b7fe9b,2025-04-07,PRIMEIRA_LIGA,2024-25,LEAGUE,,Rio Ave,Boavista,0,2,A,Portugal,Primeira Liga,football-data.co.uk
league_6720d8afb6466436,2025-04-07,PRIMEIRA_LIGA,2024-25,LEAGUE,,Sporting CP,Sp Braga,1,1,D,Portugal,Primeira Liga,football-data.co.uk
league_49ffff4715c3b6a0,2025-04-11,PRIMEIRA_LIGA,2024-25,LEAGUE,,Gil Vicente,Guimaraes,0,1,A,Portugal,Primeira Liga,football-data.co.uk
league_7b55c0acd4afce3f,2025-04-12,PRIMEIRA_LIGA,2024-25,LEAGUE,,Boavista,Nacional,0,1,A,Portugal,Primeira Liga,football-data.co.uk
league_783575a1e9e4942a,2025-04-12,PRIMEIRA_LIGA,2024-25,LEAGUE,,Casa Pia,FC Porto,0,1,A,Portugal,Primeira Liga,football-data.co.uk
league_f258ef6e85e3e2d0,2025-04-12,PRIMEIRA_LIGA,2024-25,LEAGUE,,Famalicao,Estoril,3,0,H,Portugal,Primeira Liga,football-data.co.uk
league_9333ffc9de2d9325,2025-04-12,PRIMEIRA_LIGA,2024-25,LEAGUE,,Santa Clara,Sporting CP,0,1,A,Portugal,Primeira Liga,football-data.co.uk
league_710f7c583bb89aa9,2025-04-13,PRIMEIRA_LIGA,2024-25,LEAGUE,,Benfica,Arouca,2,2,D,Portugal,Primeira Liga,football-data.co.uk
league_a2244ebd451778a6,2025-04-13,PRIMEIRA_LIGA,2024-25,LEAGUE,,Estrela,Farense,0,1,A,Portugal,Primeira Liga,football-data.co.uk
league_29b1f0bf15cf8569,2025-04-13,PRIMEIRA_LIGA,2024-25,LEAGUE,,Moreirense,Rio Ave,0,2,A,Portugal,Primeira Liga,football-data.co.uk
league_4df2a62449b127f2,2025-04-13,PRIMEIRA_LIGA,2024-25,LEAGUE,,Sp Braga,AVS,4,1,H,Portugal,Primeira Liga,football-data.co.uk
league_d70e537f6fd77b6e,2025-04-18,PRIMEIRA_LIGA,2024-25,LEAGUE,,FC Porto,Famalicao,2,1,H,Portugal,Primeira Liga,football-data.co.uk
league_3434dcba41c2d5eb,2025-04-18,PRIMEIRA_LIGA,2024-25,LEAGUE,,Farense,Boavista,0,1,A,Portugal,Primeira Liga,football-data.co.uk
league_0a82dd57c93fa17a,2025-04-18,PRIMEIRA_LIGA,2024-25,LEAGUE,,Rio Ave,Santa Clara,1,1,D,Portugal,Primeira Liga,football-data.co.uk
league_e60eaa49f71cc611,2025-04-18,PRIMEIRA_LIGA,2024-25,LEAGUE,,Sporting CP,Moreirense,3,1,H,Portugal,Primeira Liga,football-data.co.uk
league_deba1fdfbc8e132e,2025-04-19,PRIMEIRA_LIGA,2024-25,LEAGUE,,AVS,Casa Pia,1,1,D,Portugal,Primeira Liga,football-data.co.uk
league_9a90358579c780ed,2025-04-19,PRIMEIRA_LIGA,2024-25,LEAGUE,,Arouca,Estrela,1,0,H,Portugal,Primeira Liga,football-data.co.uk
league_bf90135a04e9dbca,2025-04-19,PRIMEIRA_LIGA,2024-25,LEAGUE,,Estoril,Sp Braga,0,2,A,Portugal,Primeira Liga,football-data.co.uk
league_d63386df2e14d4aa,2025-04-19,PRIMEIRA_LIGA,2024-25,LEAGUE,,Guimaraes,Benfica,0,3,A,Portugal,Primeira Liga,football-data.co.uk
league_c25efc0af5aa8c3d,2025-04-19,PRIMEIRA_LIGA,2024-25,LEAGUE,,Nacional,Gil Vicente,0,3,A,Portugal,Primeira Liga,football-data.co.uk
league_eb0d5c68aef6119b,2025-04-25,PRIMEIRA_LIGA,2024-25,LEAGUE,,Famalicao,Sp Braga,1,1,D,Portugal,Primeira Liga,football-data.co.uk
league_bd2c40058dbaddca,2025-04-26,PRIMEIRA_LIGA,2024-25,LEAGUE,,Estrela,FC Porto,2,0,H,Portugal,Primeira Liga,football-data.co.uk
league_c245a98c9a485d00,2025-04-26,PRIMEIRA_LIGA,2024-25,LEAGUE,,Gil Vicente,Farense,1,0,H,Portugal,Primeira Liga,football-data.co.uk
league_36ee5626ae65f904,2025-04-26,PRIMEIRA_LIGA,2024-25,LEAGUE,,Santa Clara,Arouca,2,0,H,Portugal,Primeira Liga,football-data.co.uk
league_91316c6d59574e88,2025-04-27,PRIMEIRA_LIGA,2024-25,LEAGUE,,Benfica,AVS,6,0,H,Portugal,Primeira Liga,football-data.co.uk
league_dbeb9e59ffc1fab1,2025-04-27,PRIMEIRA_LIGA,2024-25,LEAGUE,,Boavista,Sporting CP,0,5,A,Portugal,Primeira Liga,football-data.co.uk
league_469bf97f8ca602d9,2025-04-27,PRIMEIRA_LIGA,2024-25,LEAGUE,,Guimaraes,Rio Ave,3,0,H,Portugal,Primeira Liga,football-data.co.uk
league_3236d4a7715bf7a4,2025-04-27,PRIMEIRA_LIGA,2024-25,LEAGUE,,Moreirense,Nacional,1,1,D,Portugal,Primeira Liga,football-data.co.uk
league_4c55de711739a21b,2025-04-29,PRIMEIRA_LIGA,2024-25,LEAGUE,,Casa Pia,Estoril,1,3,A,Portugal,Primeira Liga,football-data.co.uk
league_78b2fbd7de30af49,2025-05-02,PRIMEIRA_LIGA,2024-25,LEAGUE,,FC Porto,Moreirense,3,1,H,Portugal,Primeira Liga,football-data.co.uk
league_add571f463b8a321,2025-05-03,PRIMEIRA_LIGA,2024-25,LEAGUE,,Estoril,Benfica,1,2,A,Portugal,Primeira Liga,football-data.co.uk
league_8cd809ae519b2ea7,2025-05-03,PRIMEIRA_LIGA,2024-25,LEAGUE,,Farense,Famalicao,2,1,H,Portugal,Primeira Liga,football-data.co.uk
league_a067ecdcfc68dc54,2025-05-03,PRIMEIRA_LIGA,2024-25,LEAGUE,,Nacional,Guimaraes,1,2,A,Portugal,Primeira Liga,football-data.co.uk
league_9d74a0ee15c00ff4,2025-05-03,PRIMEIRA_LIGA,2024-25,LEAGUE,,Sp Braga,Santa Clara,1,1,D,Portugal,Primeira Liga,football-data.co.uk
league_e2dcb6f731e22973,2025-05-04,PRIMEIRA_LIGA,2024-25,LEAGUE,,Arouca,Casa Pia,0,0,D,Portugal,Primeira Liga,football-data.co.uk
league_32f568a3edcef636,2025-05-04,PRIMEIRA_LIGA,2024-25,LEAGUE,,Sporting CP,Gil Vicente,2,1,H,Portugal,Primeira Liga,football-data.co.uk
league_294a54142f5315d1,2025-05-05,PRIMEIRA_LIGA,2024-25,LEAGUE,,AVS,Boavista,1,2,A,Portugal,Primeira Liga,football-data.co.uk
league_a5133be9f6268140,2025-05-05,PRIMEIRA_LIGA,2024-25,LEAGUE,,Rio Ave,Estrela,2,0,H,Portugal,Primeira Liga,football-data.co.uk
league_d974e98d4b927df0,2025-05-10,PRIMEIRA_LIGA,2024-25,LEAGUE,,Benfica,Sporting CP,1,1,D,Portugal,Primeira Liga,football-data.co.uk
league_df4efba71cf6cacb,2025-05-10,PRIMEIRA_LIGA,2024-25,LEAGUE,,Casa Pia,Sp Braga,2,1,H,Portugal,Primeira Liga,football-data.co.uk
league_6ebce731a1f1069a,2025-05-10,PRIMEIRA_LIGA,2024-25,LEAGUE,,Gil Vicente,Arouca,1,1,D,Portugal,Primeira Liga,football-data.co.uk
league_b5982df3a5bdfc60,2025-05-10,PRIMEIRA_LIGA,2024-25,LEAGUE,,Nacional,Rio Ave,3,3,D,Portugal,Primeira Liga,football-data.co.uk
league_63edfa92560dd67e,2025-05-10,PRIMEIRA_LIGA,2024-25,LEAGUE,,Santa Clara,Famalicao,2,1,H,Portugal,Primeira Liga,football-data.co.uk
league_fd92a261818740b9,2025-05-11,PRIMEIRA_LIGA,2024-25,LEAGUE,,Boavista,FC Porto,1,2,A,Portugal,Primeira Liga,football-data.co.uk
league_b955c9f7cc6807bd,2025-05-11,PRIMEIRA_LIGA,2024-25,LEAGUE,,Estrela,AVS,0,1,A,Portugal,Primeira Liga,football-data.co.uk
league_1e5beeba24721c4f,2025-05-11,PRIMEIRA_LIGA,2024-25,LEAGUE,,Guimaraes,Farense,1,2,A,Portugal,Primeira Liga,football-data.co.uk
league_64e6499fcc95bc2d,2025-05-11,PRIMEIRA_LIGA,2024-25,LEAGUE,,Moreirense,Estoril,2,2,D,Portugal,Primeira Liga,football-data.co.uk
league_fdbef9e672c889d9,2025-05-16,PRIMEIRA_LIGA,2024-25,LEAGUE,,Famalicao,Casa Pia,2,1,H,Portugal,Primeira Liga,football-data.co.uk
league_833a952f298866f0,2025-05-16,PRIMEIRA_LIGA,2024-25,LEAGUE,,Rio Ave,Gil Vicente,1,1,D,Portugal,Primeira Liga,football-data.co.uk
league_eb8828b9ba02e4cc,2025-05-17,PRIMEIRA_LIGA,2024-25,LEAGUE,,AVS,Moreirense,0,3,A,Portugal,Primeira Liga,football-data.co.uk
league_3be707e24c913fdd,2025-05-17,PRIMEIRA_LIGA,2024-25,LEAGUE,,Arouca,Boavista,4,1,H,Portugal,Primeira Liga,football-data.co.uk
league_361aad60834b3cb7,2025-05-17,PRIMEIRA_LIGA,2024-25,LEAGUE,,Estoril,Estrela,4,0,H,Portugal,Primeira Liga,football-data.co.uk
league_77ab769c5aa9e121,2025-05-17,PRIMEIRA_LIGA,2024-25,LEAGUE,,FC Porto,Nacional,3,0,H,Portugal,Primeira Liga,football-data.co.uk
league_7c686e4613ad4b19,2025-05-17,PRIMEIRA_LIGA,2024-25,LEAGUE,,Farense,Santa Clara,1,2,A,Portugal,Primeira Liga,football-data.co.uk
league_7e5d129b572c3471,2025-05-17,PRIMEIRA_LIGA,2024-25,LEAGUE,,Sp Braga,Benfica,1,1,D,Portugal,Primeira Liga,football-data.co.uk
league_56cb1605441d709f,2025-05-17,PRIMEIRA_LIGA,2024-25,LEAGUE,,Sporting CP,Guimaraes,2,0,H,Portugal,Primeira Liga,football-data.co.uk
league_e59c85b5c60394c1,2025-08-08,PRIMEIRA_LIGA,2025-26,LEAGUE,,Casa Pia,Sporting CP,0,2,A,Portugal,Primeira Liga,football-data.co.uk
league_ac253ffa44ec6f9e,2025-08-09,PRIMEIRA_LIGA,2025-26,LEAGUE,,Arouca,AVS,3,1,H,Portugal,Primeira Liga,football-data.co.uk
league_b19dd52a6c11e541,2025-08-09,PRIMEIRA_LIGA,2025-26,LEAGUE,,Nacional,Gil Vicente,0,2,A,Portugal,Primeira Liga,football-data.co.uk
league_b3f9c12f7d52d951,2025-08-10,PRIMEIRA_LIGA,2025-26,LEAGUE,,Famalicao,Santa Clara,3,0,H,Portugal,Primeira Liga,football-data.co.uk
league_e5849f6a5408b5cf,2025-08-10,PRIMEIRA_LIGA,2025-26,LEAGUE,,Moreirense,Alverca,2,1,H,Portugal,Primeira Liga,football-data.co.uk
league_588d837716b6e0a0,2025-08-10,PRIMEIRA_LIGA,2025-26,LEAGUE,,Sp Braga,Tondela,3,0,H,Portugal,Primeira Liga,football-data.co.uk
league_6ec452d14d16d54a,2025-08-11,PRIMEIRA_LIGA,2025-26,LEAGUE,,Estoril,Estrela,1,1,D,Portugal,Primeira Liga,football-data.co.uk
league_1edd853e0595de37,2025-08-11,PRIMEIRA_LIGA,2025-26,LEAGUE,,FC Porto,Guimaraes,3,0,H,Portugal,Primeira Liga,football-data.co.uk
league_1b14be472856bf4b,2025-08-15,PRIMEIRA_LIGA,2025-26,LEAGUE,,AVS,Casa Pia,0,2,A,Portugal,Primeira Liga,football-data.co.uk
league_97741a23af48d986,2025-08-16,PRIMEIRA_LIGA,2025-26,LEAGUE,,Estrela,Benfica,0,1,A,Portugal,Primeira Liga,football-data.co.uk
league_dcf3516dd93c379b,2025-08-16,PRIMEIRA_LIGA,2025-26,LEAGUE,,Guimaraes,Estoril,3,2,H,Portugal,Primeira Liga,football-data.co.uk
league_addc65a8994bc2e0,2025-08-16,PRIMEIRA_LIGA,2025-26,LEAGUE,,Tondela,Famalicao,0,1,A,Portugal,Primeira Liga,football-data.co.uk
league_dfe431795c5586bc,2025-08-17,PRIMEIRA_LIGA,2025-26,LEAGUE,,Alverca,Sp Braga,0,3,A,Portugal,Primeira Liga,football-data.co.uk
league_a602016fd9fe6f3c,2025-08-17,PRIMEIRA_LIGA,2025-26,LEAGUE,,Rio Ave,Nacional,1,1,D,Portugal,Primeira Liga,football-data.co.uk
league_3fc492ca00451e4a,2025-08-17,PRIMEIRA_LIGA,2025-26,LEAGUE,,Santa Clara,Moreirense,0,1,A,Portugal,Primeira Liga,football-data.co.uk
league_9a0500a14f28e70d,2025-08-17,PRIMEIRA_LIGA,2025-26,LEAGUE,,Sporting CP,Arouca,6,0,H,Portugal,Primeira Liga,football-data.co.uk
league_922175b4eec229c7,2025-08-18,PRIMEIRA_LIGA,2025-26,LEAGUE,,Gil Vicente,FC Porto,0,2,A,Portugal,Primeira Liga,football-data.co.uk
league_c12c37a7f9a9e756,2025-08-23,PRIMEIRA_LIGA,2025-26,LEAGUE,,Arouca,Rio Ave,3,3,D,Portugal,Primeira Liga,football-data.co.uk
league_a118f17403b3da9b,2025-08-23,PRIMEIRA_LIGA,2025-26,LEAGUE,,Benfica,Tondela,3,0,H,Portugal,Primeira Liga,football-data.co.uk
league_86e6aa733b81a724,2025-08-23,PRIMEIRA_LIGA,2025-26,LEAGUE,,Moreirense,Guimaraes,2,0,H,Portugal,Primeira Liga,football-data.co.uk
league_8252fe8b21e03323,2025-08-23,PRIMEIRA_LIGA,2025-26,LEAGUE,,Nacional,Sporting CP,1,4,A,Portugal,Primeira Liga,football-data.co.uk
league_0674b2b7f1287d37,2025-08-24,PRIMEIRA_LIGA,2025-26,LEAGUE,,FC Porto,Casa Pia,4,0,H,Portugal,Primeira Liga,football-data.co.uk
league_e2cb2253dbbb7eb2,2025-08-24,PRIMEIRA_LIGA,2025-26,LEAGUE,,Famalicao,Gil Vicente,0,0,D,Portugal,Primeira Liga,football-data.co.uk
league_e4140a6dacf09297,2025-08-24,PRIMEIRA_LIGA,2025-26,LEAGUE,,Sp Braga,AVS,2,2,D,Portugal,Primeira Liga,football-data.co.uk
league_52975c6ddbefeb50,2025-08-25,PRIMEIRA_LIGA,2025-26,LEAGUE,,Estrela,Alverca,2,2,D,Portugal,Primeira Liga,football-data.co.uk
league_0aae62556f11a9df,2025-08-29,PRIMEIRA_LIGA,2025-26,LEAGUE,,Gil Vicente,Moreirense,2,0,H,Portugal,Primeira Liga,football-data.co.uk
league_ec394cd671a81bd8,2025-08-30,PRIMEIRA_LIGA,2025-26,LEAGUE,,AVS,Famalicao,0,1,A,Portugal,Primeira Liga,football-data.co.uk
league_c41d2bb0b752990b,2025-08-30,PRIMEIRA_LIGA,2025-26,LEAGUE,,Casa Pia,Nacional,0,2,A,Portugal,Primeira Liga,football-data.co.uk
league_bb3f9f6db3a7de34,2025-08-30,PRIMEIRA_LIGA,2025-26,LEAGUE,,Guimaraes,Arouca,1,1,D,Portugal,Primeira Liga,football-data.co.uk
league_8a63d518fbf2f658,2025-08-30,PRIMEIRA_LIGA,2025-26,LEAGUE,,Sporting CP,FC Porto,1,2,A,Portugal,Primeira Liga,football-data.co.uk
league_45c82c5e1de8f4f4,2025-08-31,PRIMEIRA_LIGA,2025-26,LEAGUE,,Alverca,Benfica,1,2,A,Portugal,Primeira Liga,football-data.co.uk
league_1ffe1d9350936109,2025-08-31,PRIMEIRA_LIGA,2025-26,LEAGUE,,Rio Ave,Sp Braga,2,2,D,Portugal,Primeira Liga,football-data.co.uk
league_a366f1edb27e4f48,2025-08-31,PRIMEIRA_LIGA,2025-26,LEAGUE,,Santa Clara,Estrela,0,0,D,Portugal,Primeira Liga,football-data.co.uk
league_68441386f31649b1,2025-08-31,PRIMEIRA_LIGA,2025-26,LEAGUE,,Tondela,Estoril,2,2,D,Portugal,Primeira Liga,football-data.co.uk
league_8b4deec57552c715,2025-09-06,PRIMEIRA_LIGA,2025-26,LEAGUE,,Estoril,Santa Clara,0,1,A,Portugal,Primeira Liga,football-data.co.uk
league_31183daf1b24ad8d,2025-09-12,PRIMEIRA_LIGA,2025-26,LEAGUE,,Alverca,Tondela,1,0,H,Portugal,Primeira Liga,football-data.co.uk
league_ad6f92cf866594b6,2025-09-12,PRIMEIRA_LIGA,2025-26,LEAGUE,,Benfica,Santa Clara,1,1,D,Portugal,Primeira Liga,football-data.co.uk
league_358a3cd4f5742cd0,2025-09-13,PRIMEIRA_LIGA,2025-26,LEAGUE,,Estoril,AVS,3,1,H,Portugal,Primeira Liga,football-data.co.uk
league_9b0c927efad33fd7,2025-09-13,PRIMEIRA_LIGA,2025-26,LEAGUE,,FC Porto,Nacional,1,0,H,Portugal,Primeira Liga,football-data.co.uk
league_6f56bd7fb55ca860,2025-09-13,PRIMEIRA_LIGA,2025-26,LEAGUE,,Famalicao,Sporting CP,1,2,A,Portugal,Primeira Liga,football-data.co.uk
league_3f544c454c4d9913,2025-09-13,PRIMEIRA_LIGA,2025-26,LEAGUE,,Moreirense,Rio Ave,3,1,H,Portugal,Primeira Liga,football-data.co.uk
league_e4fa6e0026447512,2025-09-14,PRIMEIRA_LIGA,2025-26,LEAGUE,,Arouca,Casa Pia,0,2,A,Portugal,Primeira Liga,football-data.co.uk
league_2e025dbd5de3d0fb,2025-09-14,PRIMEIRA_LIGA,2025-26,LEAGUE,,Estrela,Guimaraes,0,2,A,Portugal,Primeira Liga,football-data.co.uk
league_366395b4f6471db5,2025-09-14,PRIMEIRA_LIGA,2025-26,LEAGUE,,Sp Braga,Gil Vicente,0,1,A,Portugal,Primeira Liga,football-data.co.uk
league_0978d87d95fd3c99,2025-09-19,PRIMEIRA_LIGA,2025-26,LEAGUE,,Rio Ave,FC Porto,0,3,A,Portugal,Primeira Liga,football-data.co.uk
league_b04cb68bd884c80b,2025-09-20,PRIMEIRA_LIGA,2025-26,LEAGUE,,AVS,Benfica,0,3,A,Portugal,Primeira Liga,football-data.co.uk
league_e6ad73ff499b76e3,2025-09-20,PRIMEIRA_LIGA,2025-26,LEAGUE,,Guimaraes,Sp Braga,1,1,D,Portugal,Primeira Liga,football-data.co.uk
league_0dd50fb97c1a3833,2025-09-20,PRIMEIRA_LIGA,2025-26,LEAGUE,,Nacional,Arouca,1,2,A,Portugal,Primeira Liga,football-data.co.uk
league_6b7f5922109e76bf,2025-09-20,PRIMEIRA_LIGA,2025-26,LEAGUE,,Santa Clara,Alverca,2,1,H,Portugal,Primeira Liga,football-data.co.uk
league_de569940b490d601,2025-09-21,PRIMEIRA_LIGA,2025-26,LEAGUE,,Casa Pia,Famalicao,1,1,D,Portugal,Primeira Liga,football-data.co.uk
league_e0f5f88af8a7d244,2025-09-21,PRIMEIRA_LIGA,2025-26,LEAGUE,,Gil Vicente,Estoril,2,0,H,Portugal,Primeira Liga,football-data.co.uk
league_a6800e6738d6fd2c,2025-09-21,PRIMEIRA_LIGA,2025-26,LEAGUE,,Tondela,Estrela,0,0,D,Portugal,Primeira Liga,football-data.co.uk
league_0a11a3f4c556e9e8,2025-09-22,PRIMEIRA_LIGA,2025-26,LEAGUE,,Sporting CP,Moreirense,3,0,H,Portugal,Primeira Liga,football-data.co.uk
league_a835751f138ea56e,2025-09-23,PRIMEIRA_LIGA,2025-26,LEAGUE,,Benfica,Rio Ave,1,1,D,Portugal,Primeira Liga,football-data.co.uk
league_1ee3fe44911f16e2,2025-09-26,PRIMEIRA_LIGA,2025-26,LEAGUE,,Benfica,Gil Vicente,2,1,H,Portugal,Primeira Liga,football-data.co.uk
league_60310f085cbf18fb,2025-09-27,PRIMEIRA_LIGA,2025-26,LEAGUE,,Estoril,Sporting CP,0,1,A,Portugal,Primeira Liga,football-data.co.uk
league_0a4ea12f13b5d0a5,2025-09-27,PRIMEIRA_LIGA,2025-26,LEAGUE,,Estrela,AVS,3,0,H,Portugal,Primeira Liga,football-data.co.uk
league_71f857affa45969a,2025-09-27,PRIMEIRA_LIGA,2025-26,LEAGUE,,Moreirense,Casa Pia,2,1,H,Portugal,Primeira Liga,football-data.co.uk
league_a0c674cef489dc43,2025-09-27,PRIMEIRA_LIGA,2025-26,LEAGUE,,Santa Clara,Tondela,1,2,A,Portugal,Primeira Liga,football-data.co.uk
league_f4a56bd46301459b,2025-09-28,PRIMEIRA_LIGA,2025-26,LEAGUE,,Alverca,Guimaraes,2,0,H,Portugal,Primeira Liga,football-data.co.uk
league_286ea588831a0691,2025-09-28,PRIMEIRA_LIGA,2025-26,LEAGUE,,Famalicao,Rio Ave,0,0,D,Portugal,Primeira Liga,football-data.co.uk
league_e527d864e2904202,2025-09-28,PRIMEIRA_LIGA,2025-26,LEAGUE,,Sp Braga,Nacional,0,1,A,Portugal,Primeira Liga,football-data.co.uk
league_0ded0578f4b20df9,2025-09-29,PRIMEIRA_LIGA,2025-26,LEAGUE,,Arouca,FC Porto,0,4,A,Portugal,Primeira Liga,football-data.co.uk
league_f6b9f1e3682d931a,2025-10-03,PRIMEIRA_LIGA,2025-26,LEAGUE,,Casa Pia,Estoril,2,2,D,Portugal,Primeira Liga,football-data.co.uk
league_723e14673f025d4b,2025-10-04,PRIMEIRA_LIGA,2025-26,LEAGUE,,AVS,Alverca,1,3,A,Portugal,Primeira Liga,football-data.co.uk
league_775c3ebeafc6afab,2025-10-04,PRIMEIRA_LIGA,2025-26,LEAGUE,,Gil Vicente,Estrela,2,0,H,Portugal,Primeira Liga,football-data.co.uk
league_a3e2df1f00a4f677,2025-10-04,PRIMEIRA_LIGA,2025-26,LEAGUE,,Guimaraes,Santa Clara,2,1,H,Portugal,Primeira Liga,football-data.co.uk
league_b3f0e273262371b0,2025-10-04,PRIMEIRA_LIGA,2025-26,LEAGUE,,Nacional,Moreirense,3,2,H,Portugal,Primeira Liga,football-data.co.uk
league_a7984707497d0a8b,2025-10-05,PRIMEIRA_LIGA,2025-26,LEAGUE,,Arouca,Famalicao,1,1,D,Portugal,Primeira Liga,football-data.co.uk
league_942a0b2226787955,2025-10-05,PRIMEIRA_LIGA,2025-26,LEAGUE,,FC Porto,Benfica,0,0,D,Portugal,Primeira Liga,football-data.co.uk
league_8ffe8bf3a03c45ba,2025-10-05,PRIMEIRA_LIGA,2025-26,LEAGUE,,Rio Ave,Tondela,3,0,H,Portugal,Primeira Liga,football-data.co.uk
league_a381ea3d096d770d,2025-10-05,PRIMEIRA_LIGA,2025-26,LEAGUE,,Sporting CP,Sp Braga,1,1,D,Portugal,Primeira Liga,football-data.co.uk
league_be6cf367707074d4,2025-10-24,PRIMEIRA_LIGA,2025-26,LEAGUE,,Alverca,Gil Vicente,0,4,A,Portugal,Primeira Liga,football-data.co.uk
league_b5ef8f2e70062186,2025-10-25,PRIMEIRA_LIGA,2025-26,LEAGUE,,Benfica,Arouca,5,0,H,Portugal,Primeira Liga,football-data.co.uk
league_ee578952bb6b3d34,2025-10-25,PRIMEIRA_LIGA,2025-26,LEAGUE,,Estrela,Rio Ave,1,2,A,Portugal,Primeira Liga,football-data.co.uk
league_5fa94f553095d54a,2025-10-25,PRIMEIRA_LIGA,2025-26,LEAGUE,,Santa Clara,AVS,2,0,H,Portugal,Primeira Liga,football-data.co.uk
league_d29e8c868598a8da,2025-10-26,PRIMEIRA_LIGA,2025-26,LEAGUE,,Estoril,Nacional,1,1,D,Portugal,Primeira Liga,football-data.co.uk
league_10f985d55504f010,2025-10-26,PRIMEIRA_LIGA,2025-26,LEAGUE,,Famalicao,Guimaraes,2,0,H,Portugal,Primeira Liga,football-data.co.uk
league_1f7bc826f61f15ca,2025-10-26,PRIMEIRA_LIGA,2025-26,LEAGUE,,Sp Braga,Casa Pia,4,0,H,Portugal,Primeira Liga,football-data.co.uk
league_446da813036e34d4,2025-10-26,PRIMEIRA_LIGA,2025-26,LEAGUE,,Tondela,Sporting CP,0,3,A,Portugal,Primeira Liga,football-data.co.uk
league_ee060d56d0f56efc,2025-10-27,PRIMEIRA_LIGA,2025-26,LEAGUE,,Moreirense,FC Porto,1,2,A,Portugal,Primeira Liga,football-data.co.uk
league_5a970ffbeda9ef38,2025-10-31,PRIMEIRA_LIGA,2025-26,LEAGUE,,Sporting CP,Alverca,2,0,H,Portugal,Primeira Liga,football-data.co.uk
league_407a28c81a31f09b,2025-11-01,PRIMEIRA_LIGA,2025-26,LEAGUE,,Casa Pia,Estrela,3,5,A,Portugal,Primeira Liga,football-data.co.uk
league_f7c335ce0406af72,2025-11-01,PRIMEIRA_LIGA,2025-26,LEAGUE,,Guimaraes,Benfica,0,3,A,Portugal,Primeira Liga,football-data.co.uk
league_5dd071dba322dd6c,2025-11-01,PRIMEIRA_LIGA,2025-26,LEAGUE,,Nacional,Famalicao,0,1,A,Portugal,Primeira Liga,football-data.co.uk
league_d8611bba6799025e,2025-11-01,PRIMEIRA_LIGA,2025-26,LEAGUE,,Rio Ave,Estoril,0,4,A,Portugal,Primeira Liga,football-data.co.uk
league_e31faf3f11700174,2025-11-02,PRIMEIRA_LIGA,2025-26,LEAGUE,,AVS,Tondela,2,2,D,Portugal,Primeira Liga,football-data.co.uk
league_764917542a7b6f30,2025-11-02,PRIMEIRA_LIGA,2025-26,LEAGUE,,Arouca,Moreirense,0,2,A,Portugal,Primeira Liga,football-data.co.uk
league_9e5748c51f93fe30,2025-11-02,PRIMEIRA_LIGA,2025-26,LEAGUE,,FC Porto,Sp Braga,2,1,H,Portugal,Primeira Liga,football-data.co.uk
league_900012bd9ca2f859,2025-11-03,PRIMEIRA_LIGA,2025-26,LEAGUE,,Gil Vicente,Santa Clara,1,0,H,Portugal,Primeira Liga,football-data.co.uk
league_abbd86134bb741e3,2025-11-07,PRIMEIRA_LIGA,2025-26,LEAGUE,,Estoril,Arouca,4,3,H,Portugal,Primeira Liga,football-data.co.uk
league_6e93b07033d961d0,2025-11-08,PRIMEIRA_LIGA,2025-26,LEAGUE,,Alverca,Rio Ave,1,1,D,Portugal,Primeira Liga,football-data.co.uk
league_1d65124b634c7791,2025-11-08,PRIMEIRA_LIGA,2025-26,LEAGUE,,Santa Clara,Sporting CP,1,2,A,Portugal,Primeira Liga,football-data.co.uk
league_fecbdd0e58e41ba0,2025-11-08,PRIMEIRA_LIGA,2025-26,LEAGUE,,Tondela,Guimaraes,0,1,A,Portugal,Primeira Liga,football-data.co.uk
league_4276ed35d9e961a6,2025-11-09,PRIMEIRA_LIGA,2025-26,LEAGUE,,AVS,Gil Vicente,1,1,D,Portugal,Primeira Liga,football-data.co.uk
league_c544ad3c82f04903,2025-11-09,PRIMEIRA_LIGA,2025-26,LEAGUE,,Benfica,Casa Pia,2,2,D,Portugal,Primeira Liga,football-data.co.uk
league_33c933c3366f697f,2025-11-09,PRIMEIRA_LIGA,2025-26,LEAGUE,,Estrela,Nacional,1,1,D,Portugal,Primeira Liga,football-data.co.uk
league_75093466601888ea,2025-11-09,PRIMEIRA_LIGA,2025-26,LEAGUE,,Famalicao,FC Porto,0,1,A,Portugal,Primeira Liga,football-data.co.uk
league_f455e940bf541dee,2025-11-09,PRIMEIRA_LIGA,2025-26,LEAGUE,,Sp Braga,Moreirense,2,1,H,Portugal,Primeira Liga,football-data.co.uk
league_f3588becdd332a56,2025-11-28,PRIMEIRA_LIGA,2025-26,LEAGUE,,Guimaraes,AVS,4,0,H,Portugal,Primeira Liga,football-data.co.uk
league_3c4d03e22d38e59c,2025-11-29,PRIMEIRA_LIGA,2025-26,LEAGUE,,Casa Pia,Alverca,0,2,A,Portugal,Primeira Liga,football-data.co.uk
league_f802d29d67a5251c,2025-11-29,PRIMEIRA_LIGA,2025-26,LEAGUE,,Gil Vicente,Tondela,0,1,A,Portugal,Primeira Liga,football-data.co.uk
league_098fc12ad695a8f4,2025-11-29,PRIMEIRA_LIGA,2025-26,LEAGUE,,Moreirense,Famalicao,2,2,D,Portugal,Primeira Liga,football-data.co.uk
league_e65979c9653edb58,2025-11-29,PRIMEIRA_LIGA,2025-26,LEAGUE,,Nacional,Benfica,1,2,A,Portugal,Primeira Liga,football-data.co.uk
league_0e954627672941c4,2025-11-30,PRIMEIRA_LIGA,2025-26,LEAGUE,,FC Porto,Estoril,1,0,H,Portugal,Primeira Liga,football-data.co.uk
league_92bd41419858a072,2025-11-30,PRIMEIRA_LIGA,2025-26,LEAGUE,,Rio Ave,Santa Clara,1,1,D,Portugal,Primeira Liga,football-data.co.uk
league_04100361cabd85c6,2025-11-30,PRIMEIRA_LIGA,2025-26,LEAGUE,,Sporting CP,Estrela,4,0,H,Portugal,Primeira Liga,football-data.co.uk
league_9558c5cd194b50d8,2025-12-01,PRIMEIRA_LIGA,2025-26,LEAGUE,,Arouca,Sp Braga,0,4,A,Portugal,Primeira Liga,football-data.co.uk
league_cef6efd2b4d58295,2025-12-05,PRIMEIRA_LIGA,2025-26,LEAGUE,,Benfica,Sporting CP,1,1,D,Portugal,Primeira Liga,football-data.co.uk
league_003f0a0fb0d156a5,2025-12-06,PRIMEIRA_LIGA,2025-26,LEAGUE,,AVS,Rio Ave,1,2,A,Portugal,Primeira Liga,football-data.co.uk
league_bf33e2c4e5e44182,2025-12-06,PRIMEIRA_LIGA,2025-26,LEAGUE,,Famalicao,Sp Braga,1,2,A,Portugal,Primeira Liga,football-data.co.uk
league_4ace604b5eea5db9,2025-12-06,PRIMEIRA_LIGA,2025-26,LEAGUE,,Santa Clara,Casa Pia,1,0,H,Portugal,Primeira Liga,football-data.co.uk
league_73995ebeec16d49c,2025-12-07,PRIMEIRA_LIGA,2025-26,LEAGUE,,Alverca,Nacional,1,0,H,Portugal,Primeira Liga,football-data.co.uk
league_7a7e885ea4f5b5d4,2025-12-07,PRIMEIRA_LIGA,2025-26,LEAGUE,,Estoril,Moreirense,3,3,D,Portugal,Primeira Liga,football-data.co.uk
league_a9b23bb4c9bff239,2025-12-07,PRIMEIRA_LIGA,2025-26,LEAGUE,,Estrela,Arouca,3,1,H,Portugal,Primeira Liga,football-data.co.uk
league_9347b5c89fa5ed63,2025-12-07,PRIMEIRA_LIGA,2025-26,LEAGUE,,Tondela,FC Porto,0,2,A,Portugal,Primeira Liga,football-data.co.uk
league_59deeae9eae37341,2025-12-08,PRIMEIRA_LIGA,2025-26,LEAGUE,,Guimaraes,Gil Vicente,0,0,D,Portugal,Primeira Liga,football-data.co.uk
league_08eeed2811ab9c69,2025-12-13,PRIMEIRA_LIGA,2025-26,LEAGUE,,Casa Pia,Gil Vicente,1,1,D,Portugal,Primeira Liga,football-data.co.uk
league_1ddf0d484bf3c67a,2025-12-13,PRIMEIRA_LIGA,2025-26,LEAGUE,,Rio Ave,Guimaraes,0,1,A,Portugal,Primeira Liga,football-data.co.uk
league_4f2b4a45bb624dd4,2025-12-13,PRIMEIRA_LIGA,2025-26,LEAGUE,,Sporting CP,AVS,6,0,H,Portugal,Primeira Liga,football-data.co.uk
league_51a0b624cbd68e12,2025-12-14,PRIMEIRA_LIGA,2025-26,LEAGUE,,Arouca,Alverca,1,0,H,Portugal,Primeira Liga,football-data.co.uk
league_a34361d379734c34,2025-12-14,PRIMEIRA_LIGA,2025-26,LEAGUE,,Famalicao,Estoril,4,0,H,Portugal,Primeira Liga,football-data.co.uk
league_c0fb363ad7f68145,2025-12-14,PRIMEIRA_LIGA,2025-26,LEAGUE,,Moreirense,Benfica,0,4,A,Portugal,Primeira Liga,football-data.co.uk
league_2213f61d2f0ade90,2025-12-15,PRIMEIRA_LIGA,2025-26,LEAGUE,,FC Porto,Estrela,3,1,H,Portugal,Primeira Liga,football-data.co.uk
league_dc910d2ad0014511,2025-12-15,PRIMEIRA_LIGA,2025-26,LEAGUE,,Nacional,Tondela,3,1,H,Portugal,Primeira Liga,football-data.co.uk
league_3c6096738be5a9f1,2025-12-15,PRIMEIRA_LIGA,2025-26,LEAGUE,,Sp Braga,Santa Clara,1,0,H,Portugal,Primeira Liga,football-data.co.uk
league_0174b9af679f1aa4,2025-12-19,PRIMEIRA_LIGA,2025-26,LEAGUE,,Estoril,Sp Braga,1,0,H,Portugal,Primeira Liga,football-data.co.uk
league_3a943ab49c31d2e8,2025-12-20,PRIMEIRA_LIGA,2025-26,LEAGUE,,Estrela,Moreirense,0,0,D,Portugal,Primeira Liga,football-data.co.uk
league_a3946b8afc697f30,2025-12-20,PRIMEIRA_LIGA,2025-26,LEAGUE,,Gil Vicente,Rio Ave,2,2,D,Portugal,Primeira Liga,football-data.co.uk
league_5f8f116cb9aa369f,2025-12-21,PRIMEIRA_LIGA,2025-26,LEAGUE,,AVS,Nacional,2,2,D,Portugal,Primeira Liga,football-data.co.uk
league_02542faaa64724fe,2025-12-21,PRIMEIRA_LIGA,2025-26,LEAGUE,,Santa Clara,Arouca,0,0,D,Portugal,Primeira Liga,football-data.co.uk
league_0867e344361f3e94,2025-12-21,PRIMEIRA_LIGA,2025-26,LEAGUE,,Tondela,Casa Pia,1,2,A,Portugal,Primeira Liga,football-data.co.uk
league_de2f2714a9bc19be,2025-12-22,PRIMEIRA_LIGA,2025-26,LEAGUE,,Alverca,FC Porto,0,3,A,Portugal,Primeira Liga,football-data.co.uk
league_ef5899c5706e3268,2025-12-22,PRIMEIRA_LIGA,2025-26,LEAGUE,,Benfica,Famalicao,1,0,H,Portugal,Primeira Liga,football-data.co.uk
league_a1601e72dd0158ba,2025-12-23,PRIMEIRA_LIGA,2025-26,LEAGUE,,Guimaraes,Sporting CP,1,4,A,Portugal,Primeira Liga,football-data.co.uk
league_f72b5962fadcdd81,2025-12-27,PRIMEIRA_LIGA,2025-26,LEAGUE,,Estoril,Alverca,4,1,H,Portugal,Primeira Liga,football-data.co.uk
league_3f53ee4b1b02068a,2025-12-27,PRIMEIRA_LIGA,2025-26,LEAGUE,,Famalicao,Estrela,2,3,A,Portugal,Primeira Liga,football-data.co.uk
league_62173475b566fbd5,2025-12-28,PRIMEIRA_LIGA,2025-26,LEAGUE,,Arouca,Gil Vicente,2,2,D,Portugal,Primeira Liga,football-data.co.uk
league_ad9e12fd269d331e,2025-12-28,PRIMEIRA_LIGA,2025-26,LEAGUE,,Casa Pia,Guimaraes,0,0,D,Portugal,Primeira Liga,football-data.co.uk
league_efab4bd8de72a4a6,2025-12-28,PRIMEIRA_LIGA,2025-26,LEAGUE,,Sp Braga,Benfica,2,2,D,Portugal,Primeira Liga,football-data.co.uk
league_cb60217c2003588a,2025-12-28,PRIMEIRA_LIGA,2025-26,LEAGUE,,Sporting CP,Rio Ave,4,0,H,Portugal,Primeira Liga,football-data.co.uk
league_d612d91f2b386c2d,2025-12-29,PRIMEIRA_LIGA,2025-26,LEAGUE,,FC Porto,AVS,2,0,H,Portugal,Primeira Liga,football-data.co.uk
league_3e2f1b3da3544a35,2026-01-02,PRIMEIRA_LIGA,2025-26,LEAGUE,,Gil Vicente,Sporting CP,1,1,D,Portugal,Primeira Liga,football-data.co.uk
league_126deec511c0adc7,2026-01-02,PRIMEIRA_LIGA,2025-26,LEAGUE,,Guimaraes,Nacional,2,1,H,Portugal,Primeira Liga,football-data.co.uk
league_3de99174881b9153,2026-01-03,PRIMEIRA_LIGA,2025-26,LEAGUE,,AVS,Moreirense,0,2,A,Portugal,Primeira Liga,football-data.co.uk
league_d1a3371cc9b745ea,2026-01-03,PRIMEIRA_LIGA,2025-26,LEAGUE,,Benfica,Estoril,3,1,H,Portugal,Primeira Liga,football-data.co.uk
league_77ebc9fae585febd,2026-01-03,PRIMEIRA_LIGA,2025-26,LEAGUE,,Estrela,Sp Braga,3,3,D,Portugal,Primeira Liga,football-data.co.uk
league_5099f67451c13add,2026-01-03,PRIMEIRA_LIGA,2025-26,LEAGUE,,Tondela,Arouca,3,1,H,Portugal,Primeira Liga,football-data.co.uk
league_abd45bf35133ea7e,2026-01-04,PRIMEIRA_LIGA,2025-26,LEAGUE,,Alverca,Famalicao,1,0,H,Portugal,Primeira Liga,football-data.co.uk
league_905331eccd01418d,2026-01-04,PRIMEIRA_LIGA,2025-26,LEAGUE,,Rio Ave,Casa Pia,3,1,H,Portugal,Primeira Liga,football-data.co.uk
league_34707f1a91672e54,2026-01-04,PRIMEIRA_LIGA,2025-26,LEAGUE,,Santa Clara,FC Porto,0,1,A,Portugal,Primeira Liga,football-data.co.uk
league_f8f92d479c9fcf6c,2026-01-11,PRIMEIRA_LIGA,2025-26,LEAGUE,,Moreirense,Tondela,1,0,H,Portugal,Primeira Liga,football-data.co.uk
league_84d7745b066c59f3,2026-01-11,PRIMEIRA_LIGA,2025-26,LEAGUE,,Nacional,Santa Clara,3,3,D,Portugal,Primeira Liga,football-data.co.uk
league_0152f90688a46504,2026-01-16,PRIMEIRA_LIGA,2025-26,LEAGUE,,Sporting CP,Casa Pia,3,0,H,Portugal,Primeira Liga,football-data.co.uk
league_c3162d076ddc8c70,2026-01-17,PRIMEIRA_LIGA,2025-26,LEAGUE,,AVS,Arouca,0,1,A,Portugal,Primeira Liga,football-data.co.uk
league_7f853a66e930779c,2026-01-17,PRIMEIRA_LIGA,2025-26,LEAGUE,,Alverca,Moreirense,2,1,H,Portugal,Primeira Liga,football-data.co.uk
league_10534da615a62a9e,2026-01-17,PRIMEIRA_LIGA,2025-26,LEAGUE,,Gil Vicente,Nacional,2,1,H,Portugal,Primeira Liga,football-data.co.uk
league_14a53a5f8c8925c8,2026-01-17,PRIMEIRA_LIGA,2025-26,LEAGUE,,Rio Ave,Benfica,0,2,A,Portugal,Primeira Liga,football-data.co.uk
league_0beba193ee05de76,2026-01-18,PRIMEIRA_LIGA,2025-26,LEAGUE,,Guimaraes,FC Porto,0,1,A,Portugal,Primeira Liga,football-data.co.uk
league_6b12caa1b13d2af5,2026-01-18,PRIMEIRA_LIGA,2025-26,LEAGUE,,Santa Clara,Famalicao,0,1,A,Portugal,Primeira Liga,football-data.co.uk
league_7cb5eda5dcd90a2f,2026-01-18,PRIMEIRA_LIGA,2025-26,LEAGUE,,Tondela,Sp Braga,0,1,A,Portugal,Primeira Liga,football-data.co.uk
league_335f64144d166f15,2026-01-19,PRIMEIRA_LIGA,2025-26,LEAGUE,,Estrela,Estoril,0,5,A,Portugal,Primeira Liga,football-data.co.uk
league_1c3b8421a81a3abe,2026-01-23,PRIMEIRA_LIGA,2025-26,LEAGUE,,Casa Pia,AVS,3,3,D,Portugal,Primeira Liga,football-data.co.uk
league_17606d1991609f3a,2026-01-24,PRIMEIRA_LIGA,2025-26,LEAGUE,,Arouca,Sporting CP,1,2,A,Portugal,Primeira Liga,football-data.co.uk
league_4cec3f6d25e8130c,2026-01-24,PRIMEIRA_LIGA,2025-26,LEAGUE,,Estoril,Guimaraes,4,2,H,Portugal,Primeira Liga,football-data.co.uk
league_04acce3a05dc41b4,2026-01-24,PRIMEIRA_LIGA,2025-26,LEAGUE,,Moreirense,Santa Clara,1,0,H,Portugal,Primeira Liga,football-data.co.uk
league_dfdb4ba0cb7cb85b,2026-01-25,PRIMEIRA_LIGA,2025-26,LEAGUE,,Benfica,Estrela,4,0,H,Portugal,Primeira Liga,football-data.co.uk
league_abc92331ee335234,2026-01-25,PRIMEIRA_LIGA,2025-26,LEAGUE,,Famalicao,Tondela,3,0,H,Portugal,Primeira Liga,football-data.co.uk
league_6704a19e5ca8b4c0,2026-01-25,PRIMEIRA_LIGA,2025-26,LEAGUE,,Nacional,Rio Ave,4,0,H,Portugal,Primeira Liga,football-data.co.uk
league_d938908b2bb06378,2026-01-25,PRIMEIRA_LIGA,2025-26,LEAGUE,,Sp Braga,Alverca,5,0,H,Portugal,Primeira Liga,football-data.co.uk
league_dde5f7be51de74ee,2026-01-26,PRIMEIRA_LIGA,2025-26,LEAGUE,,FC Porto,Gil Vicente,3,0,H,Portugal,Primeira Liga,football-data.co.uk
league_db6387eb0fffd1c9,2026-01-30,PRIMEIRA_LIGA,2025-26,LEAGUE,,Guimaraes,Moreirense,1,0,H,Portugal,Primeira Liga,football-data.co.uk
league_7481375c56aad56d,2026-01-31,PRIMEIRA_LIGA,2025-26,LEAGUE,,Alverca,Estrela,1,1,D,Portugal,Primeira Liga,football-data.co.uk
league_913ab14d3705fb83,2026-01-31,PRIMEIRA_LIGA,2025-26,LEAGUE,,Rio Ave,Arouca,0,3,A,Portugal,Primeira Liga,football-data.co.uk
league_8989f88bd7108e4a,2026-01-31,PRIMEIRA_LIGA,2025-26,LEAGUE,,Santa Clara,Estoril,2,4,A,Portugal,Primeira Liga,football-data.co.uk
league_ed54eb1ec3744122,2026-02-01,PRIMEIRA_LIGA,2025-26,LEAGUE,,Gil Vicente,Famalicao,5,0,H,Portugal,Primeira Liga,football-data.co.uk
league_54255c5d5fc316c2,2026-02-01,PRIMEIRA_LIGA,2025-26,LEAGUE,,Sporting CP,Nacional,2,1,H,Portugal,Primeira Liga,football-data.co.uk
league_88873bcf45157b14,2026-02-01,PRIMEIRA_LIGA,2025-26,LEAGUE,,Tondela,Benfica,0,0,D,Portugal,Primeira Liga,football-data.co.uk
league_34ac547a887bf39a,2026-02-02,PRIMEIRA_LIGA,2025-26,LEAGUE,,AVS,Sp Braga,0,4,A,Portugal,Primeira Liga,football-data.co.uk
league_3e3da777c0322ef1,2026-02-02,PRIMEIRA_LIGA,2025-26,LEAGUE,,Casa Pia,FC Porto,2,1,H,Portugal,Primeira Liga,football-data.co.uk
league_09fd80948a0f7ff1,2026-02-07,PRIMEIRA_LIGA,2025-26,LEAGUE,,Arouca,Guimaraes,3,2,H,Portugal,Primeira Liga,football-data.co.uk
league_f0745150c5d8e3c3,2026-02-07,PRIMEIRA_LIGA,2025-26,LEAGUE,,Estoril,Tondela,2,2,D,Portugal,Primeira Liga,football-data.co.uk
league_4e9b8282f29136ef,2026-02-07,PRIMEIRA_LIGA,2025-26,LEAGUE,,Estrela,Santa Clara,1,0,H,Portugal,Primeira Liga,football-data.co.uk
league_3b0d8114e819f3fd,2026-02-07,PRIMEIRA_LIGA,2025-26,LEAGUE,,Moreirense,Gil Vicente,1,2,A,Portugal,Primeira Liga,football-data.co.uk
league_1eac8f6f7906d562,2026-02-08,PRIMEIRA_LIGA,2025-26,LEAGUE,,Benfica,Alverca,2,1,H,Portugal,Primeira Liga,football-data.co.uk
league_7755200107d8c63c,2026-02-08,PRIMEIRA_LIGA,2025-26,LEAGUE,,Nacional,Casa Pia,0,0,D,Portugal,Primeira Liga,football-data.co.uk
league_1360bb071ef66556,2026-02-08,PRIMEIRA_LIGA,2025-26,LEAGUE,,Sp Braga,Rio Ave,3,0,H,Portugal,Primeira Liga,football-data.co.uk
league_4da572ee57f30c99,2026-02-09,PRIMEIRA_LIGA,2025-26,LEAGUE,,FC Porto,Sporting CP,1,1,D,Portugal,Primeira Liga,football-data.co.uk
league_cddd6f712da4d987,2026-02-09,PRIMEIRA_LIGA,2025-26,LEAGUE,,Famalicao,AVS,3,1,H,Portugal,Primeira Liga,football-data.co.uk
league_0771d32f349bfa37,2026-02-13,PRIMEIRA_LIGA,2025-26,LEAGUE,,Santa Clara,Benfica,1,2,A,Portugal,Primeira Liga,football-data.co.uk
league_fceb2fabc12831b5,2026-02-13,PRIMEIRA_LIGA,2025-26,LEAGUE,,Tondela,Alverca,1,1,D,Portugal,Primeira Liga,football-data.co.uk
league_6153e6427bf286a8,2026-02-14,PRIMEIRA_LIGA,2025-26,LEAGUE,,Casa Pia,Arouca,3,2,H,Portugal,Primeira Liga,football-data.co.uk
league_e5f7bcc646f5de06,2026-02-14,PRIMEIRA_LIGA,2025-26,LEAGUE,,Gil Vicente,Sp Braga,2,1,H,Portugal,Primeira Liga,football-data.co.uk
league_3250076795873440,2026-02-14,PRIMEIRA_LIGA,2025-26,LEAGUE,,Guimaraes,Estrela,2,1,H,Portugal,Primeira Liga,football-data.co.uk
league_88975a0b2eed7258,2026-02-15,PRIMEIRA_LIGA,2025-26,LEAGUE,,AVS,Estoril,3,0,H,Portugal,Primeira Liga,football-data.co.uk
league_5242219747c6d515,2026-02-15,PRIMEIRA_LIGA,2025-26,LEAGUE,,Nacional,FC Porto,0,1,A,Portugal,Primeira Liga,football-data.co.uk
league_8a84862a521608fd,2026-02-15,PRIMEIRA_LIGA,2025-26,LEAGUE,,Sporting CP,Famalicao,1,0,H,Portugal,Primeira Liga,football-data.co.uk
league_5638383f888b4fc8,2026-02-16,PRIMEIRA_LIGA,2025-26,LEAGUE,,Rio Ave,Moreirense,1,2,A,Portugal,Primeira Liga,football-data.co.uk
league_1debe4c2c8febc3e,2026-02-20,PRIMEIRA_LIGA,2025-26,LEAGUE,,Estrela,Tondela,0,2,A,Portugal,Primeira Liga,football-data.co.uk
league_d1b1e44caa4cd17d,2026-02-21,PRIMEIRA_LIGA,2025-26,LEAGUE,,Alverca,Santa Clara,1,1,D,Portugal,Primeira Liga,football-data.co.uk
league_e37196c181534532,2026-02-21,PRIMEIRA_LIGA,2025-26,LEAGUE,,Arouca,Nacional,3,0,H,Portugal,Primeira Liga,football-data.co.uk
league_a87c0b38dd2fcf0d,2026-02-21,PRIMEIRA_LIGA,2025-26,LEAGUE,,Benfica,AVS,3,0,H,Portugal,Primeira Liga,football-data.co.uk
league_f1eaab61ee95503e,2026-02-21,PRIMEIRA_LIGA,2025-26,LEAGUE,,Moreirense,Sporting CP,0,3,A,Portugal,Primeira Liga,football-data.co.uk
league_9aab31783dab306e,2026-02-21,PRIMEIRA_LIGA,2025-26,LEAGUE,,Sp Braga,Guimaraes,3,2,H,Portugal,Primeira Liga,football-data.co.uk
league_b9e2dcfd3d8a1314,2026-02-22,PRIMEIRA_LIGA,2025-26,LEAGUE,,Estoril,Gil Vicente,3,1,H,Portugal,Primeira Liga,football-data.co.uk
league_1f858c31b3f1783f,2026-02-22,PRIMEIRA_LIGA,2025-26,LEAGUE,,FC Porto,Rio Ave,1,0,H,Portugal,Primeira Liga,football-data.co.uk
league_58b86657060b67d4,2026-02-23,PRIMEIRA_LIGA,2025-26,LEAGUE,,Famalicao,Casa Pia,2,0,H,Portugal,Primeira Liga,football-data.co.uk
league_171da0fd76545318,2026-02-27,PRIMEIRA_LIGA,2025-26,LEAGUE,,FC Porto,Arouca,3,1,H,Portugal,Primeira Liga,football-data.co.uk
league_8ea1785d42a47eee,2026-02-27,PRIMEIRA_LIGA,2025-26,LEAGUE,,Sporting CP,Estoril,3,0,H,Portugal,Primeira Liga,football-data.co.uk
league_d9797621a3494980,2026-02-28,PRIMEIRA_LIGA,2025-26,LEAGUE,,AVS,Estrela,0,0,D,Portugal,Primeira Liga,football-data.co.uk
league_44d27f5b0252e386,2026-02-28,PRIMEIRA_LIGA,2025-26,LEAGUE,,Guimaraes,Alverca,1,1,D,Portugal,Primeira Liga,football-data.co.uk
league_76459ce1933eceb2,2026-02-28,PRIMEIRA_LIGA,2025-26,LEAGUE,,Nacional,Sp Braga,1,2,A,Portugal,Primeira Liga,football-data.co.uk
league_30813aa54010bd86,2026-03-01,PRIMEIRA_LIGA,2025-26,LEAGUE,,Casa Pia,Moreirense,1,1,D,Portugal,Primeira Liga,football-data.co.uk
league_3f8d304b81e5bd07,2026-03-01,PRIMEIRA_LIGA,2025-26,LEAGUE,,Rio Ave,Famalicao,0,0,D,Portugal,Primeira Liga,football-data.co.uk
league_6d6a9bb75f90338a,2026-03-01,PRIMEIRA_LIGA,2025-26,LEAGUE,,Tondela,Santa Clara,2,2,D,Portugal,Primeira Liga,football-data.co.uk
league_e89e6768d298441a,2026-03-02,PRIMEIRA_LIGA,2025-26,LEAGUE,,Gil Vicente,Benfica,1,2,A,Portugal,Primeira Liga,football-data.co.uk
league_f220047e467c6b8d,2026-03-06,PRIMEIRA_LIGA,2025-26,LEAGUE,,Famalicao,Arouca,1,0,H,Portugal,Primeira Liga,football-data.co.uk
league_90990be1d8991f52,2026-03-07,PRIMEIRA_LIGA,2025-26,LEAGUE,,Alverca,AVS,0,0,D,Portugal,Primeira Liga,football-data.co.uk
league_27428eb90336c5b8,2026-03-07,PRIMEIRA_LIGA,2025-26,LEAGUE,,Estoril,Casa Pia,0,0,D,Portugal,Primeira Liga,football-data.co.uk
league_548c5daaebaa3484,2026-03-07,PRIMEIRA_LIGA,2025-26,LEAGUE,,Moreirense,Nacional,1,1,D,Portugal,Primeira Liga,football-data.co.uk
league_0bbc988f35329a66,2026-03-07,PRIMEIRA_LIGA,2025-26,LEAGUE,,Sp Braga,Sporting CP,2,2,D,Portugal,Primeira Liga,football-data.co.uk
league_42c662753f3afd44,2026-03-08,PRIMEIRA_LIGA,2025-26,LEAGUE,,Benfica,FC Porto,2,2,D,Portugal,Primeira Liga,football-data.co.uk
league_5d83dba0188e9390,2026-03-08,PRIMEIRA_LIGA,2025-26,LEAGUE,,Estrela,Gil Vicente,2,2,D,Portugal,Primeira Liga,football-data.co.uk
league_b8c0604b86d1a03d,2026-03-08,PRIMEIRA_LIGA,2025-26,LEAGUE,,Santa Clara,Guimaraes,2,0,H,Portugal,Primeira Liga,football-data.co.uk
league_ff223bd424a3f49a,2026-03-09,PRIMEIRA_LIGA,2025-26,LEAGUE,,Tondela,Rio Ave,0,1,A,Portugal,Primeira Liga,football-data.co.uk
league_c55500c264b74016,2026-03-14,PRIMEIRA_LIGA,2025-26,LEAGUE,,Arouca,Benfica,1,2,A,Portugal,Primeira Liga,football-data.co.uk
league_e30cc945914e7074,2026-03-14,PRIMEIRA_LIGA,2025-26,LEAGUE,,Gil Vicente,Alverca,2,2,D,Portugal,Primeira Liga,football-data.co.uk
league_cb6e614ae4eccd77,2026-03-14,PRIMEIRA_LIGA,2025-26,LEAGUE,,Guimaraes,Famalicao,1,2,A,Portugal,Primeira Liga,football-data.co.uk
league_fea689ae28d2e8fe,2026-03-15,PRIMEIRA_LIGA,2025-26,LEAGUE,,AVS,Santa Clara,0,1,A,Portugal,Primeira Liga,football-data.co.uk
league_b1fd2a5000b99e73,2026-03-15,PRIMEIRA_LIGA,2025-26,LEAGUE,,FC Porto,Moreirense,3,0,H,Portugal,Primeira Liga,football-data.co.uk
league_fa4b8c41c992ebe0,2026-03-15,PRIMEIRA_LIGA,2025-26,LEAGUE,,Nacional,Estoril,0,1,A,Portugal,Primeira Liga,football-data.co.uk
league_c771c6f7e83f1fba,2026-03-15,PRIMEIRA_LIGA,2025-26,LEAGUE,,Rio Ave,Estrela,2,1,H,Portugal,Primeira Liga,football-data.co.uk
league_8019cd172c9ffa80,2026-03-20,PRIMEIRA_LIGA,2025-26,LEAGUE,,Estrela,Casa Pia,4,0,H,Portugal,Primeira Liga,football-data.co.uk
league_b2d9e168a3a6026e,2026-03-21,PRIMEIRA_LIGA,2025-26,LEAGUE,,Benfica,Guimaraes,3,0,H,Portugal,Primeira Liga,football-data.co.uk
league_e183a5800b32c24f,2026-03-21,PRIMEIRA_LIGA,2025-26,LEAGUE,,Famalicao,Nacional,1,0,H,Portugal,Primeira Liga,football-data.co.uk
league_e4765fdca9d221d8,2026-03-21,PRIMEIRA_LIGA,2025-26,LEAGUE,,Moreirense,Arouca,0,1,A,Portugal,Primeira Liga,football-data.co.uk
league_30ce89755e2eef9e,2026-03-21,PRIMEIRA_LIGA,2025-26,LEAGUE,,Santa Clara,Gil Vicente,1,0,H,Portugal,Primeira Liga,football-data.co.uk
league_07fce6b2dc180422,2026-03-21,PRIMEIRA_LIGA,2025-26,LEAGUE,,Tondela,AVS,0,0,D,Portugal,Primeira Liga,football-data.co.uk
league_d79bf07665a91cbf,2026-03-22,PRIMEIRA_LIGA,2025-26,LEAGUE,,Alverca,Sporting CP,1,4,A,Portugal,Primeira Liga,football-data.co.uk
league_75fc731b3e922251,2026-03-22,PRIMEIRA_LIGA,2025-26,LEAGUE,,Estoril,Rio Ave,1,2,A,Portugal,Primeira Liga,football-data.co.uk
league_90f82365c40c1398,2026-03-22,PRIMEIRA_LIGA,2025-26,LEAGUE,,Sp Braga,FC Porto,1,2,A,Portugal,Primeira Liga,football-data.co.uk
league_771683c0a878fa25,2026-04-03,PRIMEIRA_LIGA,2025-26,LEAGUE,,Gil Vicente,AVS,3,0,H,Portugal,Primeira Liga,football-data.co.uk
league_6fcc7d0c5a0dcdfb,2026-04-03,PRIMEIRA_LIGA,2025-26,LEAGUE,,Guimaraes,Tondela,5,0,H,Portugal,Primeira Liga,football-data.co.uk
league_e9b8d4da3bcd1673,2026-04-03,PRIMEIRA_LIGA,2025-26,LEAGUE,,Sporting CP,Santa Clara,4,2,H,Portugal,Primeira Liga,football-data.co.uk
league_bda1e7b98c888198,2026-04-04,PRIMEIRA_LIGA,2025-26,LEAGUE,,FC Porto,Famalicao,2,2,D,Portugal,Primeira Liga,football-data.co.uk
league_bdccdfe74212b29b,2026-04-04,PRIMEIRA_LIGA,2025-26,LEAGUE,,Moreirense,Sp Braga,0,1,A,Portugal,Primeira Liga,football-data.co.uk
league_d9b206e4c7be39ca,2026-04-04,PRIMEIRA_LIGA,2025-26,LEAGUE,,Nacional,Estrela,2,0,H,Portugal,Primeira Liga,football-data.co.uk
league_b063052c47f51779,2026-04-04,PRIMEIRA_LIGA,2025-26,LEAGUE,,Rio Ave,Alverca,1,2,A,Portugal,Primeira Liga,football-data.co.uk
league_7c370b8ff876fda3,2026-04-06,PRIMEIRA_LIGA,2025-26,LEAGUE,,Arouca,Estoril,3,2,H,Portugal,Primeira Liga,football-data.co.uk
league_7ec32bd5f9a0dda3,2026-04-06,PRIMEIRA_LIGA,2025-26,LEAGUE,,Casa Pia,Benfica,1,1,D,Portugal,Primeira Liga,football-data.co.uk
league_57f452becd24513d,2026-04-10,PRIMEIRA_LIGA,2025-26,LEAGUE,,Famalicao,Moreirense,1,1,D,Portugal,Primeira Liga,football-data.co.uk
league_be46d2283923ec6b,2026-04-11,PRIMEIRA_LIGA,2025-26,LEAGUE,,AVS,Guimaraes,1,1,D,Portugal,Primeira Liga,football-data.co.uk
league_e945a85fd73992c1,2026-04-11,PRIMEIRA_LIGA,2025-26,LEAGUE,,Estrela,Sporting CP,0,1,A,Portugal,Primeira Liga,football-data.co.uk
league_e1d04852a7e38f34,2026-04-11,PRIMEIRA_LIGA,2025-26,LEAGUE,,Santa Clara,Rio Ave,0,2,A,Portugal,Primeira Liga,football-data.co.uk
league_fb8fa26f7c7b39b3,2026-04-12,PRIMEIRA_LIGA,2025-26,LEAGUE,,Alverca,Casa Pia,3,1,H,Portugal,Primeira Liga,football-data.co.uk
league_415aa387a62f3d4b,2026-04-12,PRIMEIRA_LIGA,2025-26,LEAGUE,,Benfica,Nacional,2,0,H,Portugal,Primeira Liga,football-data.co.uk
league_2b697851136ea8a9,2026-04-12,PRIMEIRA_LIGA,2025-26,LEAGUE,,Estoril,FC Porto,1,3,A,Portugal,Primeira Liga,football-data.co.uk
league_d7da1d6de9141bdc,2026-04-12,PRIMEIRA_LIGA,2025-26,LEAGUE,,Sp Braga,Arouca,1,0,H,Portugal,Primeira Liga,football-data.co.uk
league_8c8ad0d96c5b2d0f,2026-04-13,PRIMEIRA_LIGA,2025-26,LEAGUE,,Tondela,Gil Vicente,2,2,D,Portugal,Primeira Liga,football-data.co.uk
league_91ec3b6d664182be,2026-04-17,PRIMEIRA_LIGA,2025-26,LEAGUE,,Rio Ave,AVS,2,2,D,Portugal,Primeira Liga,football-data.co.uk
league_63364a5863e6f457,2026-04-18,PRIMEIRA_LIGA,2025-26,LEAGUE,,Casa Pia,Santa Clara,0,0,D,Portugal,Primeira Liga,football-data.co.uk
league_acbdbc56f1ae8ef1,2026-04-18,PRIMEIRA_LIGA,2025-26,LEAGUE,,Gil Vicente,Guimaraes,0,1,A,Portugal,Primeira Liga,football-data.co.uk
league_d644f40530dd21b9,2026-04-18,PRIMEIRA_LIGA,2025-26,LEAGUE,,Nacional,Alverca,1,0,H,Portugal,Primeira Liga,football-data.co.uk
league_03397b15eea40739,2026-04-19,PRIMEIRA_LIGA,2025-26,LEAGUE,,Arouca,Estrela,1,0,H,Portugal,Primeira Liga,football-data.co.uk
league_d975fe4d9dfecb46,2026-04-19,PRIMEIRA_LIGA,2025-26,LEAGUE,,FC Porto,Tondela,2,0,H,Portugal,Primeira Liga,football-data.co.uk
league_a1e12494c46782bf,2026-04-19,PRIMEIRA_LIGA,2025-26,LEAGUE,,Sp Braga,Famalicao,2,2,D,Portugal,Primeira Liga,football-data.co.uk
league_543bc674a9cfc0c9,2026-04-19,PRIMEIRA_LIGA,2025-26,LEAGUE,,Sporting CP,Benfica,1,2,A,Portugal,Primeira Liga,football-data.co.uk
league_d46fc0ff9b70826a,2026-04-20,PRIMEIRA_LIGA,2025-26,LEAGUE,,Moreirense,Estoril,1,0,H,Portugal,Primeira Liga,football-data.co.uk
league_625c106fbd32d316,2026-04-23,PRIMEIRA_LIGA,2025-26,LEAGUE,,Casa Pia,Sp Braga,0,1,A,Portugal,Primeira Liga,football-data.co.uk
league_890718b60d33c0fe,2026-04-24,PRIMEIRA_LIGA,2025-26,LEAGUE,,Alverca,Arouca,2,1,H,Portugal,Primeira Liga,football-data.co.uk
league_9fc045c4fb5b1256,2026-04-25,PRIMEIRA_LIGA,2025-26,LEAGUE,,Benfica,Moreirense,4,1,H,Portugal,Primeira Liga,football-data.co.uk
league_1065fccac0d7585e,2026-04-25,PRIMEIRA_LIGA,2025-26,LEAGUE,,Guimaraes,Rio Ave,2,0,H,Portugal,Primeira Liga,football-data.co.uk
league_22c668bdb1e5cc74,2026-04-25,PRIMEIRA_LIGA,2025-26,LEAGUE,,Tondela,Nacional,0,2,A,Portugal,Primeira Liga,football-data.co.uk
league_3e1bf09bf409348b,2026-04-26,PRIMEIRA_LIGA,2025-26,LEAGUE,,AVS,Sporting CP,1,1,D,Portugal,Primeira Liga,football-data.co.uk
league_7a27656dbb9a221d,2026-04-26,PRIMEIRA_LIGA,2025-26,LEAGUE,,Estoril,Famalicao,0,1,A,Portugal,Primeira Liga,football-data.co.uk
league_5c6211f875f0a343,2026-04-26,PRIMEIRA_LIGA,2025-26,LEAGUE,,Estrela,FC Porto,1,2,A,Portugal,Primeira Liga,football-data.co.uk
league_bfd77f6d77930b04,2026-04-26,PRIMEIRA_LIGA,2025-26,LEAGUE,,Santa Clara,Sp Braga,2,1,H,Portugal,Primeira Liga,football-data.co.uk
league_80a2b282d76d61da,2026-04-27,PRIMEIRA_LIGA,2025-26,LEAGUE,,Gil Vicente,Casa Pia,2,1,H,Portugal,Primeira Liga,football-data.co.uk
league_b09cf0db78a1cd41,2026-04-29,PRIMEIRA_LIGA,2025-26,LEAGUE,,Sporting CP,Tondela,2,2,D,Portugal,Primeira Liga,football-data.co.uk
league_eaab646d3b09231a,2026-05-02,PRIMEIRA_LIGA,2025-26,LEAGUE,,Arouca,Santa Clara,2,2,D,Portugal,Primeira Liga,football-data.co.uk
league_c75e3da9764b7800,2026-05-02,PRIMEIRA_LIGA,2025-26,LEAGUE,,FC Porto,Alverca,1,0,H,Portugal,Primeira Liga,football-data.co.uk
league_c279729fed4ae17d,2026-05-02,PRIMEIRA_LIGA,2025-26,LEAGUE,,Famalicao,Benfica,2,2,D,Portugal,Primeira Liga,football-data.co.uk
league_e170f912a691003e,2026-05-02,PRIMEIRA_LIGA,2025-26,LEAGUE,,Moreirense,Estrela,3,2,H,Portugal,Primeira Liga,football-data.co.uk
league_d32d1bbb189ae9ab,2026-05-02,PRIMEIRA_LIGA,2025-26,LEAGUE,,Nacional,AVS,1,2,A,Portugal,Primeira Liga,football-data.co.uk
league_9f2e314238873f14,2026-05-03,PRIMEIRA_LIGA,2025-26,LEAGUE,,Casa Pia,Tondela,0,1,A,Portugal,Primeira Liga,football-data.co.uk
league_cdb62427ce0991f4,2026-05-03,PRIMEIRA_LIGA,2025-26,LEAGUE,,Rio Ave,Gil Vicente,0,0,D,Portugal,Primeira Liga,football-data.co.uk
league_0da651e4e07d62d3,2026-05-03,PRIMEIRA_LIGA,2025-26,LEAGUE,,Sp Braga,Estoril,1,1,D,Portugal,Primeira Liga,football-data.co.uk
league_06b5faf14d23e3e0,2026-05-04,PRIMEIRA_LIGA,2025-26,LEAGUE,,Sporting CP,Guimaraes,5,1,H,Portugal,Primeira Liga,football-data.co.uk
league_b9c92296cdfb838a,2026-05-10,PRIMEIRA_LIGA,2025-26,LEAGUE,,AVS,FC Porto,3,1,H,Portugal,Primeira Liga,football-data.co.uk
league_a714c1aa9e294903,2026-05-10,PRIMEIRA_LIGA,2025-26,LEAGUE,,Alverca,Estoril,1,1,D,Portugal,Primeira Liga,football-data.co.uk
league_2571f4f762a27012,2026-05-11,PRIMEIRA_LIGA,2025-26,LEAGUE,,Benfica,Sp Braga,2,2,D,Portugal,Primeira Liga,football-data.co.uk
league_42a7f24273759153,2026-05-11,PRIMEIRA_LIGA,2025-26,LEAGUE,,Estrela,Famalicao,0,0,D,Portugal,Primeira Liga,football-data.co.uk
league_af112a3c47479cc0,2026-05-11,PRIMEIRA_LIGA,2025-26,LEAGUE,,Gil Vicente,Arouca,1,3,A,Portugal,Primeira Liga,football-data.co.uk
league_e6a89098266f74bf,2026-05-11,PRIMEIRA_LIGA,2025-26,LEAGUE,,Guimaraes,Casa Pia,0,1,A,Portugal,Primeira Liga,football-data.co.uk
league_8cd60778f709fd26,2026-05-11,PRIMEIRA_LIGA,2025-26,LEAGUE,,Rio Ave,Sporting CP,1,4,A,Portugal,Primeira Liga,football-data.co.uk
league_888dfe2b722c4d1a,2026-05-11,PRIMEIRA_LIGA,2025-26,LEAGUE,,Santa Clara,Nacional,2,0,H,Portugal,Primeira Liga,football-data.co.uk
league_8a3c818e1f3e7630,2026-05-11,PRIMEIRA_LIGA,2025-26,LEAGUE,,Tondela,Moreirense,2,0,H,Portugal,Primeira Liga,football-data.co.uk
league_af5a44f8d391e5ec,2026-05-16,PRIMEIRA_LIGA,2025-26,LEAGUE,,Arouca,Tondela,3,1,H,Portugal,Primeira Liga,football-data.co.uk
league_6f87759b3a57650a,2026-05-16,PRIMEIRA_LIGA,2025-26,LEAGUE,,Casa Pia,Rio Ave,1,1,D,Portugal,Primeira Liga,football-data.co.uk
league_7d9e86e30e497799,2026-05-16,PRIMEIRA_LIGA,2025-26,LEAGUE,,Estoril,Benfica,1,3,A,Portugal,Primeira Liga,football-data.co.uk
league_4b7a6f993e88c304,2026-05-16,PRIMEIRA_LIGA,2025-26,LEAGUE,,FC Porto,Santa Clara,1,0,H,Portugal,Primeira Liga,football-data.co.uk
league_be33f8de9641fb38,2026-05-16,PRIMEIRA_LIGA,2025-26,LEAGUE,,Famalicao,Alverca,1,0,H,Portugal,Primeira Liga,football-data.co.uk
league_fbbc9bf3ae767d71,2026-05-16,PRIMEIRA_LIGA,2025-26,LEAGUE,,Moreirense,AVS,0,0,D,Portugal,Primeira Liga,football-data.co.uk
league_edfd321635259bc3,2026-05-16,PRIMEIRA_LIGA,2025-26,LEAGUE,,Nacional,Guimaraes,2,0,H,Portugal,Primeira Liga,football-data.co.uk
league_4c496d15733857bf,2026-05-16,PRIMEIRA_LIGA,2025-26,LEAGUE,,Sp Braga,Estrela,2,2,D,Portugal,Primeira Liga,football-data.co.uk
league_9b59d53b254e5ddd,2026-05-16,PRIMEIRA_LIGA,2025-26,LEAGUE,,Sporting CP,Gil Vicente,3,0,H,Portugal,Primeira Liga,football-data.co.uk
