match_id,date,competition,season,stage,matchday,home_team,away_team,home_goals,away_goals,winner,country,league_name,data_source
league_71027af35efadd6a,2016-08-20,SERIE_A,2016-17,LEAGUE,,AS Roma,Udinese,4,0,H,Italy,Serie A,football-data.co.uk
league_560036210e45a8cf,2016-08-20,SERIE_A,2016-17,LEAGUE,,Juventus,Fiorentina,2,1,H,Italy,Serie A,football-data.co.uk
league_3d435bc51862815d,2016-08-21,SERIE_A,2016-17,LEAGUE,,AC Milan,Torino,3,2,H,Italy,Serie A,football-data.co.uk
league_3c8d3275b6ae7c61,2016-08-21,SERIE_A,2016-17,LEAGUE,,Atalanta,SS Lazio,3,4,A,Italy,Serie A,football-data.co.uk
league_d3035399b59e3867,2016-08-21,SERIE_A,2016-17,LEAGUE,,Bologna,Crotone,1,0,H,Italy,Serie A,football-data.co.uk
league_128569e7fe8bc846,2016-08-21,SERIE_A,2016-17,LEAGUE,,Chievo,Inter Milan,2,0,H,Italy,Serie A,football-data.co.uk
league_1d36693dba610a7e,2016-08-21,SERIE_A,2016-17,LEAGUE,,Empoli,Sampdoria,0,1,A,Italy,Serie A,football-data.co.uk
league_dfc12ae076a6d42c,2016-08-21,SERIE_A,2016-17,LEAGUE,,Genoa,Cagliari,3,1,H,Italy,Serie A,football-data.co.uk
league_c826dea78db7601a,2016-08-21,SERIE_A,2016-17,LEAGUE,,Palermo,Sassuolo,0,1,A,Italy,Serie A,football-data.co.uk
league_e7d9cf49a666227d,2016-08-21,SERIE_A,2016-17,LEAGUE,,Pescara,Napoli,2,2,D,Italy,Serie A,football-data.co.uk
league_2cf044701741cb20,2016-08-27,SERIE_A,2016-17,LEAGUE,,Napoli,AC Milan,4,2,H,Italy,Serie A,football-data.co.uk
league_abaa932a79f72983,2016-08-27,SERIE_A,2016-17,LEAGUE,,SS Lazio,Juventus,0,1,A,Italy,Serie A,football-data.co.uk
league_0e1f3fb86374e3ea,2016-08-28,SERIE_A,2016-17,LEAGUE,,Cagliari,AS Roma,2,2,D,Italy,Serie A,football-data.co.uk
league_0a5d91b6d45a9142,2016-08-28,SERIE_A,2016-17,LEAGUE,,Crotone,Genoa,1,3,A,Italy,Serie A,football-data.co.uk
league_8fba2b1b56e338ca,2016-08-28,SERIE_A,2016-17,LEAGUE,,Fiorentina,Chievo,1,0,H,Italy,Serie A,football-data.co.uk
league_0b855d62cd5aac3d,2016-08-28,SERIE_A,2016-17,LEAGUE,,Inter Milan,Palermo,1,1,D,Italy,Serie A,football-data.co.uk
league_4c0e6200fedc30f4,2016-08-28,SERIE_A,2016-17,LEAGUE,,Sampdoria,Atalanta,2,1,H,Italy,Serie A,football-data.co.uk
league_28d0f652b50a68de,2016-08-28,SERIE_A,2016-17,LEAGUE,,Sassuolo,Pescara,0,3,A,Italy,Serie A,football-data.co.uk
league_f0cb34df5aac0ec5,2016-08-28,SERIE_A,2016-17,LEAGUE,,Torino,Bologna,5,1,H,Italy,Serie A,football-data.co.uk
league_052634d128d00e05,2016-08-28,SERIE_A,2016-17,LEAGUE,,Udinese,Empoli,2,0,H,Italy,Serie A,football-data.co.uk
league_d8f86487f94c994c,2016-09-10,SERIE_A,2016-17,LEAGUE,,Juventus,Sassuolo,3,1,H,Italy,Serie A,football-data.co.uk
league_327ea3d247a82df1,2016-09-10,SERIE_A,2016-17,LEAGUE,,Palermo,Napoli,0,3,A,Italy,Serie A,football-data.co.uk
league_a8e9f0fe0dbc9e81,2016-09-11,SERIE_A,2016-17,LEAGUE,,AC Milan,Udinese,0,1,A,Italy,Serie A,football-data.co.uk
league_16d7b388885bcfab,2016-09-11,SERIE_A,2016-17,LEAGUE,,AS Roma,Sampdoria,3,2,H,Italy,Serie A,football-data.co.uk
league_bc4d12756cba5746,2016-09-11,SERIE_A,2016-17,LEAGUE,,Atalanta,Torino,2,1,H,Italy,Serie A,football-data.co.uk
league_9e1e6a9ccc191bfe,2016-09-11,SERIE_A,2016-17,LEAGUE,,Bologna,Cagliari,2,1,H,Italy,Serie A,football-data.co.uk
league_e2c2cb0966eb5181,2016-09-11,SERIE_A,2016-17,LEAGUE,,Chievo,SS Lazio,1,1,D,Italy,Serie A,football-data.co.uk
league_468d657265ce0f99,2016-09-11,SERIE_A,2016-17,LEAGUE,,Pescara,Inter Milan,1,2,A,Italy,Serie A,football-data.co.uk
league_5bdd1c51900b9d23,2016-09-12,SERIE_A,2016-17,LEAGUE,,Empoli,Crotone,2,1,H,Italy,Serie A,football-data.co.uk
league_47728aa25b5b20cc,2016-09-16,SERIE_A,2016-17,LEAGUE,,Sampdoria,AC Milan,0,1,A,Italy,Serie A,football-data.co.uk
league_5d03050c46bc5718,2016-09-17,SERIE_A,2016-17,LEAGUE,,Napoli,Bologna,3,1,H,Italy,Serie A,football-data.co.uk
league_ab0ab22fc82258f7,2016-09-17,SERIE_A,2016-17,LEAGUE,,SS Lazio,Pescara,3,0,H,Italy,Serie A,football-data.co.uk
league_abcc657d7c8f9f0c,2016-09-18,SERIE_A,2016-17,LEAGUE,,Cagliari,Atalanta,3,0,H,Italy,Serie A,football-data.co.uk
league_f2185713f2f09dd0,2016-09-18,SERIE_A,2016-17,LEAGUE,,Crotone,Palermo,1,1,D,Italy,Serie A,football-data.co.uk
league_1521ac54b5dceacf,2016-09-18,SERIE_A,2016-17,LEAGUE,,Fiorentina,AS Roma,1,0,H,Italy,Serie A,football-data.co.uk
league_9032ccdd11e5166c,2016-09-18,SERIE_A,2016-17,LEAGUE,,Inter Milan,Juventus,2,1,H,Italy,Serie A,football-data.co.uk
league_0b5211f125abaf42,2016-09-18,SERIE_A,2016-17,LEAGUE,,Sassuolo,Genoa,2,0,H,Italy,Serie A,football-data.co.uk
league_b69e2fad4e64bc3f,2016-09-18,SERIE_A,2016-17,LEAGUE,,Torino,Empoli,0,0,D,Italy,Serie A,football-data.co.uk
league_cc821c4892fc6ef6,2016-09-18,SERIE_A,2016-17,LEAGUE,,Udinese,Chievo,1,2,A,Italy,Serie A,football-data.co.uk
league_018b5638b31afc77,2016-09-20,SERIE_A,2016-17,LEAGUE,,AC Milan,SS Lazio,2,0,H,Italy,Serie A,football-data.co.uk
league_c30b0920a9608b26,2016-09-21,SERIE_A,2016-17,LEAGUE,,AS Roma,Crotone,4,0,H,Italy,Serie A,football-data.co.uk
league_561fcec44ab6b13f,2016-09-21,SERIE_A,2016-17,LEAGUE,,Atalanta,Palermo,0,1,A,Italy,Serie A,football-data.co.uk
league_a8923b5c4130a0de,2016-09-21,SERIE_A,2016-17,LEAGUE,,Bologna,Sampdoria,2,0,H,Italy,Serie A,football-data.co.uk
league_acfb13fc1b396891,2016-09-21,SERIE_A,2016-17,LEAGUE,,Chievo,Sassuolo,2,1,H,Italy,Serie A,football-data.co.uk
league_912eb1ba4d874f07,2016-09-21,SERIE_A,2016-17,LEAGUE,,Empoli,Inter Milan,0,2,A,Italy,Serie A,football-data.co.uk
league_6c8d189552c810a0,2016-09-21,SERIE_A,2016-17,LEAGUE,,Genoa,Napoli,0,0,D,Italy,Serie A,football-data.co.uk
league_42f7e14ce37f6f4b,2016-09-21,SERIE_A,2016-17,LEAGUE,,Juventus,Cagliari,4,0,H,Italy,Serie A,football-data.co.uk
league_8b144afa84f22306,2016-09-21,SERIE_A,2016-17,LEAGUE,,Pescara,Torino,0,0,D,Italy,Serie A,football-data.co.uk
league_86700e683d44a904,2016-09-21,SERIE_A,2016-17,LEAGUE,,Udinese,Fiorentina,2,2,D,Italy,Serie A,football-data.co.uk
league_42589004cea7b3a6,2016-09-24,SERIE_A,2016-17,LEAGUE,,Napoli,Chievo,2,0,H,Italy,Serie A,football-data.co.uk
league_5de6afe183b810ed,2016-09-24,SERIE_A,2016-17,LEAGUE,,Palermo,Juventus,0,1,A,Italy,Serie A,football-data.co.uk
league_48a4a2bf785506ff,2016-09-25,SERIE_A,2016-17,LEAGUE,,Fiorentina,AC Milan,0,0,D,Italy,Serie A,football-data.co.uk
league_9f24cbd99eb68b1f,2016-09-25,SERIE_A,2016-17,LEAGUE,,Genoa,Pescara,1,1,D,Italy,Serie A,football-data.co.uk
league_19e0ef8a35dd145a,2016-09-25,SERIE_A,2016-17,LEAGUE,,Inter Milan,Bologna,1,1,D,Italy,Serie A,football-data.co.uk
league_21555592944c1330,2016-09-25,SERIE_A,2016-17,LEAGUE,,SS Lazio,Empoli,2,0,H,Italy,Serie A,football-data.co.uk
league_f6b50f4dd99472b3,2016-09-25,SERIE_A,2016-17,LEAGUE,,Sassuolo,Udinese,1,0,H,Italy,Serie A,football-data.co.uk
league_7e08eef1997ec9e7,2016-09-25,SERIE_A,2016-17,LEAGUE,,Torino,AS Roma,3,1,H,Italy,Serie A,football-data.co.uk
league_b9fc42aa0beddc02,2016-09-26,SERIE_A,2016-17,LEAGUE,,Cagliari,Sampdoria,2,1,H,Italy,Serie A,football-data.co.uk
league_38b58bac36065f62,2016-09-26,SERIE_A,2016-17,LEAGUE,,Crotone,Atalanta,1,3,A,Italy,Serie A,football-data.co.uk
league_02ff1a35a1c8d28d,2016-10-01,SERIE_A,2016-17,LEAGUE,,Pescara,Chievo,0,2,A,Italy,Serie A,football-data.co.uk
league_151563c268035cb2,2016-10-01,SERIE_A,2016-17,LEAGUE,,Udinese,SS Lazio,0,3,A,Italy,Serie A,football-data.co.uk
league_9065b4fe54fb993f,2016-10-02,SERIE_A,2016-17,LEAGUE,,AC Milan,Sassuolo,4,3,H,Italy,Serie A,football-data.co.uk
league_56e7ab041f5b9396,2016-10-02,SERIE_A,2016-17,LEAGUE,,AS Roma,Inter Milan,2,1,H,Italy,Serie A,football-data.co.uk
league_e5020f510a9aeacb,2016-10-02,SERIE_A,2016-17,LEAGUE,,Atalanta,Napoli,1,0,H,Italy,Serie A,football-data.co.uk
league_10048c3d59bbe849,2016-10-02,SERIE_A,2016-17,LEAGUE,,Bologna,Genoa,0,1,A,Italy,Serie A,football-data.co.uk
league_b2f40d6c65aaaf37,2016-10-02,SERIE_A,2016-17,LEAGUE,,Cagliari,Crotone,2,1,H,Italy,Serie A,football-data.co.uk
league_3fbeef686a2c8e36,2016-10-02,SERIE_A,2016-17,LEAGUE,,Empoli,Juventus,0,3,A,Italy,Serie A,football-data.co.uk
league_4039ac3c7ba0974d,2016-10-02,SERIE_A,2016-17,LEAGUE,,Sampdoria,Palermo,1,1,D,Italy,Serie A,football-data.co.uk
league_8d246596165062cf,2016-10-02,SERIE_A,2016-17,LEAGUE,,Torino,Fiorentina,2,1,H,Italy,Serie A,football-data.co.uk
league_7f1733b05476dad0,2016-10-15,SERIE_A,2016-17,LEAGUE,,Juventus,Udinese,2,1,H,Italy,Serie A,football-data.co.uk
league_b54445dde4523a53,2016-10-15,SERIE_A,2016-17,LEAGUE,,Napoli,AS Roma,1,3,A,Italy,Serie A,football-data.co.uk
league_d07884a2af5b54e4,2016-10-15,SERIE_A,2016-17,LEAGUE,,Pescara,Sampdoria,1,1,D,Italy,Serie A,football-data.co.uk
league_e95029ede3939906,2016-10-16,SERIE_A,2016-17,LEAGUE,,Chievo,AC Milan,1,3,A,Italy,Serie A,football-data.co.uk
league_cdb210ff0996dc5f,2016-10-16,SERIE_A,2016-17,LEAGUE,,Fiorentina,Atalanta,0,0,D,Italy,Serie A,football-data.co.uk
league_2b5cdaa7af5b21a5,2016-10-16,SERIE_A,2016-17,LEAGUE,,Genoa,Empoli,0,0,D,Italy,Serie A,football-data.co.uk
league_899929bb454d4031,2016-10-16,SERIE_A,2016-17,LEAGUE,,Inter Milan,Cagliari,1,2,A,Italy,Serie A,football-data.co.uk
league_31695a04a876daf9,2016-10-16,SERIE_A,2016-17,LEAGUE,,SS Lazio,Bologna,1,1,D,Italy,Serie A,football-data.co.uk
league_641d4ea3b667a430,2016-10-16,SERIE_A,2016-17,LEAGUE,,Sassuolo,Crotone,2,1,H,Italy,Serie A,football-data.co.uk
league_349031f148f3ee51,2016-10-17,SERIE_A,2016-17,LEAGUE,,Palermo,Torino,1,4,A,Italy,Serie A,football-data.co.uk
league_6ffc012fbe872192,2016-10-22,SERIE_A,2016-17,LEAGUE,,AC Milan,Juventus,1,0,H,Italy,Serie A,football-data.co.uk
league_15c6832d25b9b267,2016-10-22,SERIE_A,2016-17,LEAGUE,,Sampdoria,Genoa,2,1,H,Italy,Serie A,football-data.co.uk
league_bce53b4ec152d922,2016-10-23,SERIE_A,2016-17,LEAGUE,,AS Roma,Palermo,4,1,H,Italy,Serie A,football-data.co.uk
league_0d84400d3aff3843,2016-10-23,SERIE_A,2016-17,LEAGUE,,Atalanta,Inter Milan,2,1,H,Italy,Serie A,football-data.co.uk
league_e3d0d7492a94f801,2016-10-23,SERIE_A,2016-17,LEAGUE,,Bologna,Sassuolo,1,1,D,Italy,Serie A,football-data.co.uk
league_ca18e82ebd4ee9d4,2016-10-23,SERIE_A,2016-17,LEAGUE,,Cagliari,Fiorentina,3,5,A,Italy,Serie A,football-data.co.uk
league_be1c03ede2bab45a,2016-10-23,SERIE_A,2016-17,LEAGUE,,Crotone,Napoli,1,2,A,Italy,Serie A,football-data.co.uk
league_584e97968ff41c2a,2016-10-23,SERIE_A,2016-17,LEAGUE,,Empoli,Chievo,0,0,D,Italy,Serie A,football-data.co.uk
league_af9925939c054ae3,2016-10-23,SERIE_A,2016-17,LEAGUE,,Torino,SS Lazio,2,2,D,Italy,Serie A,football-data.co.uk
league_1bb5182cc4f4c64c,2016-10-23,SERIE_A,2016-17,LEAGUE,,Udinese,Pescara,3,1,H,Italy,Serie A,football-data.co.uk
league_05b20daaf26289c4,2016-10-25,SERIE_A,2016-17,LEAGUE,,Genoa,AC Milan,3,0,H,Italy,Serie A,football-data.co.uk
league_d0d34e6442650070,2016-10-26,SERIE_A,2016-17,LEAGUE,,Chievo,Bologna,1,1,D,Italy,Serie A,football-data.co.uk
league_d5513f6a75a6203a,2016-10-26,SERIE_A,2016-17,LEAGUE,,Fiorentina,Crotone,1,1,D,Italy,Serie A,football-data.co.uk
league_4791edc4089c7ecb,2016-10-26,SERIE_A,2016-17,LEAGUE,,Inter Milan,Torino,2,1,H,Italy,Serie A,football-data.co.uk
league_8875dfe0ec60d7b5,2016-10-26,SERIE_A,2016-17,LEAGUE,,Juventus,Sampdoria,4,1,H,Italy,Serie A,football-data.co.uk
league_1eb6d272424b9b99,2016-10-26,SERIE_A,2016-17,LEAGUE,,Napoli,Empoli,2,0,H,Italy,Serie A,football-data.co.uk
league_287f59844927d8a4,2016-10-26,SERIE_A,2016-17,LEAGUE,,Pescara,Atalanta,0,1,A,Italy,Serie A,football-data.co.uk
league_1a4f915a612a40d8,2016-10-26,SERIE_A,2016-17,LEAGUE,,SS Lazio,Cagliari,4,1,H,Italy,Serie A,football-data.co.uk
league_e662988edcfe9a94,2016-10-26,SERIE_A,2016-17,LEAGUE,,Sassuolo,AS Roma,1,3,A,Italy,Serie A,football-data.co.uk
league_a4e5f4ddf2d9c253,2016-10-27,SERIE_A,2016-17,LEAGUE,,Palermo,Udinese,1,3,A,Italy,Serie A,football-data.co.uk
league_3f07662c5c28ebcd,2016-10-29,SERIE_A,2016-17,LEAGUE,,Bologna,Fiorentina,0,1,A,Italy,Serie A,football-data.co.uk
league_eab6d31e156c2d28,2016-10-29,SERIE_A,2016-17,LEAGUE,,Juventus,Napoli,2,1,H,Italy,Serie A,football-data.co.uk
league_661bcb164c3649ba,2016-10-30,SERIE_A,2016-17,LEAGUE,,AC Milan,Pescara,1,0,H,Italy,Serie A,football-data.co.uk
league_844bd7f1d6e34289,2016-10-30,SERIE_A,2016-17,LEAGUE,,Atalanta,Genoa,3,0,H,Italy,Serie A,football-data.co.uk
league_1389454425884da7,2016-10-30,SERIE_A,2016-17,LEAGUE,,Crotone,Chievo,2,0,H,Italy,Serie A,football-data.co.uk
league_553372605f2f57de,2016-10-30,SERIE_A,2016-17,LEAGUE,,Empoli,AS Roma,0,0,D,Italy,Serie A,football-data.co.uk
league_77dc47bf29b80542,2016-10-30,SERIE_A,2016-17,LEAGUE,,SS Lazio,Sassuolo,2,1,H,Italy,Serie A,football-data.co.uk
league_04c01d22ee29ddd7,2016-10-30,SERIE_A,2016-17,LEAGUE,,Sampdoria,Inter Milan,1,0,H,Italy,Serie A,football-data.co.uk
league_52372364df72b261,2016-10-31,SERIE_A,2016-17,LEAGUE,,Cagliari,Palermo,2,1,H,Italy,Serie A,football-data.co.uk
league_ac2381490fb04e24,2016-10-31,SERIE_A,2016-17,LEAGUE,,Udinese,Torino,2,2,D,Italy,Serie A,football-data.co.uk
league_a66b388cad58ec06,2016-11-05,SERIE_A,2016-17,LEAGUE,,Napoli,SS Lazio,1,1,D,Italy,Serie A,football-data.co.uk
league_0d2573bdb001c526,2016-11-05,SERIE_A,2016-17,LEAGUE,,Torino,Cagliari,5,1,H,Italy,Serie A,football-data.co.uk
league_f46438866f550ae0,2016-11-06,SERIE_A,2016-17,LEAGUE,,AS Roma,Bologna,3,0,H,Italy,Serie A,football-data.co.uk
league_cea8bb3b4c79eeff,2016-11-06,SERIE_A,2016-17,LEAGUE,,Chievo,Juventus,1,2,A,Italy,Serie A,football-data.co.uk
league_2df9158ad08c0778,2016-11-06,SERIE_A,2016-17,LEAGUE,,Fiorentina,Sampdoria,1,1,D,Italy,Serie A,football-data.co.uk
league_5228a2c4060ef993,2016-11-06,SERIE_A,2016-17,LEAGUE,,Genoa,Udinese,1,1,D,Italy,Serie A,football-data.co.uk
league_d28e4d04ebb83d12,2016-11-06,SERIE_A,2016-17,LEAGUE,,Inter Milan,Crotone,3,0,H,Italy,Serie A,football-data.co.uk
league_4ae0d455269cd0ee,2016-11-06,SERIE_A,2016-17,LEAGUE,,Palermo,AC Milan,1,2,A,Italy,Serie A,football-data.co.uk
league_96f630980a7d2d04,2016-11-06,SERIE_A,2016-17,LEAGUE,,Pescara,Empoli,0,4,A,Italy,Serie A,football-data.co.uk
league_b9a258d00f99ba76,2016-11-06,SERIE_A,2016-17,LEAGUE,,Sassuolo,Atalanta,0,3,A,Italy,Serie A,football-data.co.uk
league_c737b20c02e559d3,2016-11-19,SERIE_A,2016-17,LEAGUE,,Chievo,Cagliari,1,0,H,Italy,Serie A,football-data.co.uk
league_e4f3601659c9a062,2016-11-19,SERIE_A,2016-17,LEAGUE,,Juventus,Pescara,3,0,H,Italy,Serie A,football-data.co.uk
league_22c461dde922182d,2016-11-19,SERIE_A,2016-17,LEAGUE,,Udinese,Napoli,1,2,A,Italy,Serie A,football-data.co.uk
league_c71afc334089327f,2016-11-20,SERIE_A,2016-17,LEAGUE,,AC Milan,Inter Milan,2,2,D,Italy,Serie A,football-data.co.uk
league_3377c252e06de8d7,2016-11-20,SERIE_A,2016-17,LEAGUE,,Atalanta,AS Roma,2,1,H,Italy,Serie A,football-data.co.uk
league_e93a0ee8ccfc676f,2016-11-20,SERIE_A,2016-17,LEAGUE,,Bologna,Palermo,3,1,H,Italy,Serie A,football-data.co.uk
league_1b64ef52a9147831,2016-11-20,SERIE_A,2016-17,LEAGUE,,Crotone,Torino,0,2,A,Italy,Serie A,football-data.co.uk
league_6fc7c66b2d45d31a,2016-11-20,SERIE_A,2016-17,LEAGUE,,Empoli,Fiorentina,0,4,A,Italy,Serie A,football-data.co.uk
league_fe8cd5e287d48ac1,2016-11-20,SERIE_A,2016-17,LEAGUE,,SS Lazio,Genoa,3,1,H,Italy,Serie A,football-data.co.uk
league_77c7109b676e61fb,2016-11-20,SERIE_A,2016-17,LEAGUE,,Sampdoria,Sassuolo,3,2,H,Italy,Serie A,football-data.co.uk
league_3f352ac2d7e11511,2016-11-26,SERIE_A,2016-17,LEAGUE,,Empoli,AC Milan,1,4,A,Italy,Serie A,football-data.co.uk
league_81e7dce91bf96910,2016-11-26,SERIE_A,2016-17,LEAGUE,,Torino,Chievo,2,1,H,Italy,Serie A,football-data.co.uk
league_189f24d23ad9d84b,2016-11-27,SERIE_A,2016-17,LEAGUE,,AS Roma,Pescara,3,2,H,Italy,Serie A,football-data.co.uk
league_450898efa6e56532,2016-11-27,SERIE_A,2016-17,LEAGUE,,Bologna,Atalanta,0,2,A,Italy,Serie A,football-data.co.uk
league_8e848bdb9b41a06f,2016-11-27,SERIE_A,2016-17,LEAGUE,,Cagliari,Udinese,2,1,H,Italy,Serie A,football-data.co.uk
league_4711888928d7e9f5,2016-11-27,SERIE_A,2016-17,LEAGUE,,Crotone,Sampdoria,1,1,D,Italy,Serie A,football-data.co.uk
league_41434e2e1850d54a,2016-11-27,SERIE_A,2016-17,LEAGUE,,Genoa,Juventus,3,1,H,Italy,Serie A,football-data.co.uk
league_5d369f22065d07da,2016-11-27,SERIE_A,2016-17,LEAGUE,,Palermo,SS Lazio,0,1,A,Italy,Serie A,football-data.co.uk
league_a3af8bf73aafeb10,2016-11-28,SERIE_A,2016-17,LEAGUE,,Inter Milan,Fiorentina,4,2,H,Italy,Serie A,football-data.co.uk
league_5e1217f6b38c2443,2016-11-28,SERIE_A,2016-17,LEAGUE,,Napoli,Sassuolo,1,1,D,Italy,Serie A,football-data.co.uk
league_1e52e1f8aff5a630,2016-12-02,SERIE_A,2016-17,LEAGUE,,Napoli,Inter Milan,3,0,H,Italy,Serie A,football-data.co.uk
league_fae05a72e713eec6,2016-12-03,SERIE_A,2016-17,LEAGUE,,Juventus,Atalanta,3,1,H,Italy,Serie A,football-data.co.uk
league_74db105393a2be7c,2016-12-04,SERIE_A,2016-17,LEAGUE,,AC Milan,Crotone,2,1,H,Italy,Serie A,football-data.co.uk
league_775047e690a752fd,2016-12-04,SERIE_A,2016-17,LEAGUE,,Fiorentina,Palermo,2,1,H,Italy,Serie A,football-data.co.uk
league_ee7eeb3b91b66164,2016-12-04,SERIE_A,2016-17,LEAGUE,,Pescara,Cagliari,1,1,D,Italy,Serie A,football-data.co.uk
league_501923b8af611c0d,2016-12-04,SERIE_A,2016-17,LEAGUE,,SS Lazio,AS Roma,0,2,A,Italy,Serie A,football-data.co.uk
league_ada66d9621523415,2016-12-04,SERIE_A,2016-17,LEAGUE,,Sampdoria,Torino,2,0,H,Italy,Serie A,football-data.co.uk
league_a2f61b1f5c83f555,2016-12-04,SERIE_A,2016-17,LEAGUE,,Sassuolo,Empoli,3,0,H,Italy,Serie A,football-data.co.uk
league_5cfaf76ca496009d,2016-12-05,SERIE_A,2016-17,LEAGUE,,Chievo,Genoa,0,0,D,Italy,Serie A,football-data.co.uk
league_b2e132e975c24cbd,2016-12-05,SERIE_A,2016-17,LEAGUE,,Udinese,Bologna,1,0,H,Italy,Serie A,football-data.co.uk
league_0e4ab3ba17fc3653,2016-12-10,SERIE_A,2016-17,LEAGUE,,Crotone,Pescara,2,1,H,Italy,Serie A,football-data.co.uk
league_3cdc54f8f5658915,2016-12-10,SERIE_A,2016-17,LEAGUE,,Sampdoria,SS Lazio,1,2,A,Italy,Serie A,football-data.co.uk
league_119211f8dee38869,2016-12-11,SERIE_A,2016-17,LEAGUE,,Atalanta,Udinese,1,3,A,Italy,Serie A,football-data.co.uk
league_da188df73d25bda4,2016-12-11,SERIE_A,2016-17,LEAGUE,,Bologna,Empoli,0,0,D,Italy,Serie A,football-data.co.uk
league_8d59f903a54527bc,2016-12-11,SERIE_A,2016-17,LEAGUE,,Cagliari,Napoli,0,5,A,Italy,Serie A,football-data.co.uk
league_16f97d79dcdf61c4,2016-12-11,SERIE_A,2016-17,LEAGUE,,Inter Milan,Genoa,2,0,H,Italy,Serie A,football-data.co.uk
league_660ee414ff9c080b,2016-12-11,SERIE_A,2016-17,LEAGUE,,Palermo,Chievo,0,2,A,Italy,Serie A,football-data.co.uk
league_d403bbfcce5add22,2016-12-11,SERIE_A,2016-17,LEAGUE,,Torino,Juventus,1,3,A,Italy,Serie A,football-data.co.uk
league_44f547ad623310f4,2016-12-12,SERIE_A,2016-17,LEAGUE,,AS Roma,AC Milan,1,0,H,Italy,Serie A,football-data.co.uk
league_89c2ff96843037f1,2016-12-12,SERIE_A,2016-17,LEAGUE,,Fiorentina,Sassuolo,2,1,H,Italy,Serie A,football-data.co.uk
league_6398e14bb4e5de39,2016-12-15,SERIE_A,2016-17,LEAGUE,,Genoa,Fiorentina,1,0,H,Italy,Serie A,football-data.co.uk
league_4c6fb8c76f3f2d96,2016-12-17,SERIE_A,2016-17,LEAGUE,,AC Milan,Atalanta,0,0,D,Italy,Serie A,football-data.co.uk
league_22830713fc73f2a0,2016-12-17,SERIE_A,2016-17,LEAGUE,,Empoli,Cagliari,2,0,H,Italy,Serie A,football-data.co.uk
league_f59792ff43b16beb,2016-12-17,SERIE_A,2016-17,LEAGUE,,Juventus,AS Roma,1,0,H,Italy,Serie A,football-data.co.uk
league_d8131587e91d92ec,2016-12-18,SERIE_A,2016-17,LEAGUE,,Chievo,Sampdoria,2,1,H,Italy,Serie A,football-data.co.uk
league_1bd20d999add8cb7,2016-12-18,SERIE_A,2016-17,LEAGUE,,Genoa,Palermo,3,4,A,Italy,Serie A,football-data.co.uk
league_45eca065f7df6e33,2016-12-18,SERIE_A,2016-17,LEAGUE,,Napoli,Torino,5,3,H,Italy,Serie A,football-data.co.uk
league_629ea049608ceddc,2016-12-18,SERIE_A,2016-17,LEAGUE,,Pescara,Bologna,0,3,A,Italy,Serie A,football-data.co.uk
league_9e3ff8e868ad123f,2016-12-18,SERIE_A,2016-17,LEAGUE,,SS Lazio,Fiorentina,3,1,H,Italy,Serie A,football-data.co.uk
league_9a15e78df6e74c1e,2016-12-18,SERIE_A,2016-17,LEAGUE,,Sassuolo,Inter Milan,0,1,A,Italy,Serie A,football-data.co.uk
league_da39b7033c39af72,2016-12-18,SERIE_A,2016-17,LEAGUE,,Udinese,Crotone,2,0,H,Italy,Serie A,football-data.co.uk
league_d230e34cf9afb2ec,2016-12-20,SERIE_A,2016-17,LEAGUE,,Atalanta,Empoli,2,1,H,Italy,Serie A,football-data.co.uk
league_371966ace9cd51ff,2016-12-21,SERIE_A,2016-17,LEAGUE,,Inter Milan,SS Lazio,3,0,H,Italy,Serie A,football-data.co.uk
league_791b0cfd6bffa6f2,2016-12-22,SERIE_A,2016-17,LEAGUE,,AS Roma,Chievo,3,1,H,Italy,Serie A,football-data.co.uk
league_3f2490a5bcc38a15,2016-12-22,SERIE_A,2016-17,LEAGUE,,Cagliari,Sassuolo,4,3,H,Italy,Serie A,football-data.co.uk
league_d72ac4e2512534a0,2016-12-22,SERIE_A,2016-17,LEAGUE,,Fiorentina,Napoli,3,3,D,Italy,Serie A,football-data.co.uk
league_d5944fb3126cf922,2016-12-22,SERIE_A,2016-17,LEAGUE,,Palermo,Pescara,1,1,D,Italy,Serie A,football-data.co.uk
league_21bcd4e1d826db0b,2016-12-22,SERIE_A,2016-17,LEAGUE,,Sampdoria,Udinese,0,0,D,Italy,Serie A,football-data.co.uk
league_07baf3bbfd01e62d,2016-12-22,SERIE_A,2016-17,LEAGUE,,Torino,Genoa,1,0,H,Italy,Serie A,football-data.co.uk
league_07d9594b97a6f7c2,2017-01-07,SERIE_A,2016-17,LEAGUE,,Empoli,Palermo,1,0,H,Italy,Serie A,football-data.co.uk
league_1008d2a1605cc56f,2017-01-07,SERIE_A,2016-17,LEAGUE,,Napoli,Sampdoria,2,1,H,Italy,Serie A,football-data.co.uk
league_c6fd3de928720367,2017-01-08,SERIE_A,2016-17,LEAGUE,,AC Milan,Cagliari,1,0,H,Italy,Serie A,football-data.co.uk
league_8e107b23aa161178,2017-01-08,SERIE_A,2016-17,LEAGUE,,Chievo,Atalanta,1,4,A,Italy,Serie A,football-data.co.uk
league_7ecdb988c4d64543,2017-01-08,SERIE_A,2016-17,LEAGUE,,Genoa,AS Roma,0,1,A,Italy,Serie A,football-data.co.uk
league_eed976746f686c0a,2017-01-08,SERIE_A,2016-17,LEAGUE,,Juventus,Bologna,3,0,H,Italy,Serie A,football-data.co.uk
league_749c3be06b2ad88c,2017-01-08,SERIE_A,2016-17,LEAGUE,,SS Lazio,Crotone,1,0,H,Italy,Serie A,football-data.co.uk
league_38c7f231290d6a82,2017-01-08,SERIE_A,2016-17,LEAGUE,,Sassuolo,Torino,0,0,D,Italy,Serie A,football-data.co.uk
league_da435c074740b7a4,2017-01-08,SERIE_A,2016-17,LEAGUE,,Udinese,Inter Milan,1,2,A,Italy,Serie A,football-data.co.uk
league_8bc382bcf663dc22,2017-01-14,SERIE_A,2016-17,LEAGUE,,Crotone,Bologna,0,1,A,Italy,Serie A,football-data.co.uk
league_cfa43e3c57466dca,2017-01-14,SERIE_A,2016-17,LEAGUE,,Inter Milan,Chievo,3,1,H,Italy,Serie A,football-data.co.uk
league_5c063959a925519e,2017-01-15,SERIE_A,2016-17,LEAGUE,,Cagliari,Genoa,4,1,H,Italy,Serie A,football-data.co.uk
league_e83eeddbdd2b72ba,2017-01-15,SERIE_A,2016-17,LEAGUE,,Fiorentina,Juventus,2,1,H,Italy,Serie A,football-data.co.uk
league_0c257cda36f2d78e,2017-01-15,SERIE_A,2016-17,LEAGUE,,Napoli,Pescara,3,1,H,Italy,Serie A,football-data.co.uk
league_ce6000461e269d1c,2017-01-15,SERIE_A,2016-17,LEAGUE,,SS Lazio,Atalanta,2,1,H,Italy,Serie A,football-data.co.uk
league_20d5c72d810391bb,2017-01-15,SERIE_A,2016-17,LEAGUE,,Sampdoria,Empoli,0,0,D,Italy,Serie A,football-data.co.uk
league_3ab2782fbc871f1e,2017-01-15,SERIE_A,2016-17,LEAGUE,,Sassuolo,Palermo,4,1,H,Italy,Serie A,football-data.co.uk
league_44f519e469437671,2017-01-15,SERIE_A,2016-17,LEAGUE,,Udinese,AS Roma,0,1,A,Italy,Serie A,football-data.co.uk
league_b2b43aa5e179630a,2017-01-16,SERIE_A,2016-17,LEAGUE,,Torino,AC Milan,2,2,D,Italy,Serie A,football-data.co.uk
league_4b76b93700fe3a40,2017-01-21,SERIE_A,2016-17,LEAGUE,,AC Milan,Napoli,1,2,A,Italy,Serie A,football-data.co.uk
league_60a404834ac306ef,2017-01-21,SERIE_A,2016-17,LEAGUE,,Chievo,Fiorentina,0,3,A,Italy,Serie A,football-data.co.uk
league_21eefb2ef87fdff9,2017-01-22,SERIE_A,2016-17,LEAGUE,,AS Roma,Cagliari,1,0,H,Italy,Serie A,football-data.co.uk
league_1cdfd6e98566df69,2017-01-22,SERIE_A,2016-17,LEAGUE,,Atalanta,Sampdoria,1,0,H,Italy,Serie A,football-data.co.uk
league_f7339866a8ba5a96,2017-01-22,SERIE_A,2016-17,LEAGUE,,Bologna,Torino,2,0,H,Italy,Serie A,football-data.co.uk
league_740e1f75e5d0dc14,2017-01-22,SERIE_A,2016-17,LEAGUE,,Empoli,Udinese,1,0,H,Italy,Serie A,football-data.co.uk
league_2dd5e7c994c2550d,2017-01-22,SERIE_A,2016-17,LEAGUE,,Genoa,Crotone,2,2,D,Italy,Serie A,football-data.co.uk
league_cd6a98db44f47411,2017-01-22,SERIE_A,2016-17,LEAGUE,,Juventus,SS Lazio,2,0,H,Italy,Serie A,football-data.co.uk
league_058591be0d201885,2017-01-22,SERIE_A,2016-17,LEAGUE,,Palermo,Inter Milan,0,1,A,Italy,Serie A,football-data.co.uk
league_3664820cc87b8ae0,2017-01-22,SERIE_A,2016-17,LEAGUE,,Pescara,Sassuolo,1,3,A,Italy,Serie A,football-data.co.uk
league_1f394ce4d4ac463c,2017-01-28,SERIE_A,2016-17,LEAGUE,,Inter Milan,Pescara,3,0,H,Italy,Serie A,football-data.co.uk
league_f64a58ca5309c11c,2017-01-28,SERIE_A,2016-17,LEAGUE,,SS Lazio,Chievo,0,1,A,Italy,Serie A,football-data.co.uk
league_ec280b3fb274778c,2017-01-29,SERIE_A,2016-17,LEAGUE,,Cagliari,Bologna,1,1,D,Italy,Serie A,football-data.co.uk
league_eca4616a6a795255,2017-01-29,SERIE_A,2016-17,LEAGUE,,Crotone,Empoli,4,1,H,Italy,Serie A,football-data.co.uk
league_4d61a9010eefb2da,2017-01-29,SERIE_A,2016-17,LEAGUE,,Fiorentina,Genoa,3,3,D,Italy,Serie A,football-data.co.uk
league_42e20e8f2bf38af6,2017-01-29,SERIE_A,2016-17,LEAGUE,,Napoli,Palermo,1,1,D,Italy,Serie A,football-data.co.uk
league_b7956225009995eb,2017-01-29,SERIE_A,2016-17,LEAGUE,,Sampdoria,AS Roma,3,2,H,Italy,Serie A,football-data.co.uk
league_a6bb704b62269761,2017-01-29,SERIE_A,2016-17,LEAGUE,,Sassuolo,Juventus,0,2,A,Italy,Serie A,football-data.co.uk
league_270c6a85d75bfda2,2017-01-29,SERIE_A,2016-17,LEAGUE,,Torino,Atalanta,1,1,D,Italy,Serie A,football-data.co.uk
league_e57d245920ea29b8,2017-01-29,SERIE_A,2016-17,LEAGUE,,Udinese,AC Milan,2,1,H,Italy,Serie A,football-data.co.uk
league_d95b7111a13d456a,2017-02-01,SERIE_A,2016-17,LEAGUE,,Pescara,Fiorentina,1,2,A,Italy,Serie A,football-data.co.uk
league_fea40d6a884747e9,2017-02-04,SERIE_A,2016-17,LEAGUE,,Bologna,Napoli,1,7,A,Italy,Serie A,football-data.co.uk
league_0d7eba4eca6dec7d,2017-02-05,SERIE_A,2016-17,LEAGUE,,AC Milan,Sampdoria,0,1,A,Italy,Serie A,football-data.co.uk
league_b7b0fe971baaa456,2017-02-05,SERIE_A,2016-17,LEAGUE,,Atalanta,Cagliari,2,0,H,Italy,Serie A,football-data.co.uk
league_e6da450fa938ade2,2017-02-05,SERIE_A,2016-17,LEAGUE,,Chievo,Udinese,0,0,D,Italy,Serie A,football-data.co.uk
league_5855614d8afb47c0,2017-02-05,SERIE_A,2016-17,LEAGUE,,Empoli,Torino,1,1,D,Italy,Serie A,football-data.co.uk
league_f1b7b43dbac0fcb0,2017-02-05,SERIE_A,2016-17,LEAGUE,,Genoa,Sassuolo,0,1,A,Italy,Serie A,football-data.co.uk
league_e34ebc91a13d4fe0,2017-02-05,SERIE_A,2016-17,LEAGUE,,Juventus,Inter Milan,1,0,H,Italy,Serie A,football-data.co.uk
league_52bb2b844a5d7e02,2017-02-05,SERIE_A,2016-17,LEAGUE,,Palermo,Crotone,1,0,H,Italy,Serie A,football-data.co.uk
league_83aa7b4db20eaa56,2017-02-05,SERIE_A,2016-17,LEAGUE,,Pescara,SS Lazio,2,6,A,Italy,Serie A,football-data.co.uk
league_e76676847b90c7eb,2017-02-07,SERIE_A,2016-17,LEAGUE,,AS Roma,Fiorentina,4,0,H,Italy,Serie A,football-data.co.uk
league_03d6ee1872ac433c,2017-02-08,SERIE_A,2016-17,LEAGUE,,Bologna,AC Milan,0,1,A,Italy,Serie A,football-data.co.uk
league_e3a20fdf79687add,2017-02-08,SERIE_A,2016-17,LEAGUE,,Crotone,Juventus,0,2,A,Italy,Serie A,football-data.co.uk
league_1c99f98253423709,2017-02-10,SERIE_A,2016-17,LEAGUE,,Napoli,Genoa,2,0,H,Italy,Serie A,football-data.co.uk
league_98380b695007f287,2017-02-11,SERIE_A,2016-17,LEAGUE,,Fiorentina,Udinese,3,0,H,Italy,Serie A,football-data.co.uk
league_8c7227a4595459ab,2017-02-12,SERIE_A,2016-17,LEAGUE,,Cagliari,Juventus,0,2,A,Italy,Serie A,football-data.co.uk
league_a20ddc021b9c7cd2,2017-02-12,SERIE_A,2016-17,LEAGUE,,Crotone,AS Roma,0,2,A,Italy,Serie A,football-data.co.uk
league_ad3072576077b306,2017-02-12,SERIE_A,2016-17,LEAGUE,,Inter Milan,Empoli,2,0,H,Italy,Serie A,football-data.co.uk
league_b3614928042470ff,2017-02-12,SERIE_A,2016-17,LEAGUE,,Palermo,Atalanta,1,3,A,Italy,Serie A,football-data.co.uk
league_38fcae56d2ccb20d,2017-02-12,SERIE_A,2016-17,LEAGUE,,Sampdoria,Bologna,3,1,H,Italy,Serie A,football-data.co.uk
league_502ae504b5a38a56,2017-02-12,SERIE_A,2016-17,LEAGUE,,Sassuolo,Chievo,1,3,A,Italy,Serie A,football-data.co.uk
league_39df092c80d171bc,2017-02-12,SERIE_A,2016-17,LEAGUE,,Torino,Pescara,5,3,H,Italy,Serie A,football-data.co.uk
league_92e0028996b6c137,2017-02-13,SERIE_A,2016-17,LEAGUE,,SS Lazio,AC Milan,1,1,D,Italy,Serie A,football-data.co.uk
league_bdcff17651ba81f5,2017-02-17,SERIE_A,2016-17,LEAGUE,,Juventus,Palermo,4,1,H,Italy,Serie A,football-data.co.uk
league_551cfd64e01e9429,2017-02-18,SERIE_A,2016-17,LEAGUE,,Atalanta,Crotone,1,0,H,Italy,Serie A,football-data.co.uk
league_77c7dd4f0787d989,2017-02-18,SERIE_A,2016-17,LEAGUE,,Empoli,SS Lazio,1,2,A,Italy,Serie A,football-data.co.uk
league_7206430e4cc1ca00,2017-02-19,SERIE_A,2016-17,LEAGUE,,AC Milan,Fiorentina,2,1,H,Italy,Serie A,football-data.co.uk
league_e12d79e9ba667937,2017-02-19,SERIE_A,2016-17,LEAGUE,,AS Roma,Torino,4,1,H,Italy,Serie A,football-data.co.uk
league_5cb38b8ae0798454,2017-02-19,SERIE_A,2016-17,LEAGUE,,Bologna,Inter Milan,0,1,A,Italy,Serie A,football-data.co.uk
league_8422c74fc3ee804c,2017-02-19,SERIE_A,2016-17,LEAGUE,,Chievo,Napoli,1,3,A,Italy,Serie A,football-data.co.uk
league_d9b4ff72d7da0697,2017-02-19,SERIE_A,2016-17,LEAGUE,,Pescara,Genoa,5,0,H,Italy,Serie A,football-data.co.uk
league_d26c23360611c37a,2017-02-19,SERIE_A,2016-17,LEAGUE,,Sampdoria,Cagliari,1,1,D,Italy,Serie A,football-data.co.uk
league_058cf16507ff8940,2017-02-19,SERIE_A,2016-17,LEAGUE,,Udinese,Sassuolo,1,2,A,Italy,Serie A,football-data.co.uk
league_9012adb403a24df4,2017-02-25,SERIE_A,2016-17,LEAGUE,,Juventus,Empoli,2,0,H,Italy,Serie A,football-data.co.uk
league_4ce536da935234e9,2017-02-25,SERIE_A,2016-17,LEAGUE,,Napoli,Atalanta,0,2,A,Italy,Serie A,football-data.co.uk
league_5b469688f3a9d04d,2017-02-26,SERIE_A,2016-17,LEAGUE,,Chievo,Pescara,2,0,H,Italy,Serie A,football-data.co.uk
league_ee282cff6b07b1d5,2017-02-26,SERIE_A,2016-17,LEAGUE,,Crotone,Cagliari,1,2,A,Italy,Serie A,football-data.co.uk
league_8dbe1bf2473b3b23,2017-02-26,SERIE_A,2016-17,LEAGUE,,Genoa,Bologna,1,1,D,Italy,Serie A,football-data.co.uk
league_b0ec038c8aea6120,2017-02-26,SERIE_A,2016-17,LEAGUE,,Inter Milan,AS Roma,1,3,A,Italy,Serie A,football-data.co.uk
league_b114677a8c09f0c5,2017-02-26,SERIE_A,2016-17,LEAGUE,,Palermo,Sampdoria,1,1,D,Italy,Serie A,football-data.co.uk
league_5724aa015efd9178,2017-02-26,SERIE_A,2016-17,LEAGUE,,SS Lazio,Udinese,1,0,H,Italy,Serie A,football-data.co.uk
league_4e0ca1fa726e0295,2017-02-26,SERIE_A,2016-17,LEAGUE,,Sassuolo,AC Milan,0,1,A,Italy,Serie A,football-data.co.uk
league_13cf7ac486cc6697,2017-02-27,SERIE_A,2016-17,LEAGUE,,Fiorentina,Torino,2,2,D,Italy,Serie A,football-data.co.uk
league_d5e9881a2a76e1d0,2017-03-04,SERIE_A,2016-17,LEAGUE,,AC Milan,Chievo,3,1,H,Italy,Serie A,football-data.co.uk
league_c53bd2bc6c627bc5,2017-03-04,SERIE_A,2016-17,LEAGUE,,AS Roma,Napoli,1,2,A,Italy,Serie A,football-data.co.uk
league_7b365656590b98ea,2017-03-04,SERIE_A,2016-17,LEAGUE,,Sampdoria,Pescara,3,1,H,Italy,Serie A,football-data.co.uk
league_f347579fde987e2d,2017-03-05,SERIE_A,2016-17,LEAGUE,,Atalanta,Fiorentina,0,0,D,Italy,Serie A,football-data.co.uk
league_1c2dfc9afb6117ce,2017-03-05,SERIE_A,2016-17,LEAGUE,,Bologna,SS Lazio,0,2,A,Italy,Serie A,football-data.co.uk
league_5d7c6b0d4d1b548e,2017-03-05,SERIE_A,2016-17,LEAGUE,,Cagliari,Inter Milan,1,5,A,Italy,Serie A,football-data.co.uk
league_56845a38a617b4e4,2017-03-05,SERIE_A,2016-17,LEAGUE,,Crotone,Sassuolo,0,0,D,Italy,Serie A,football-data.co.uk
league_10d185497a0ba993,2017-03-05,SERIE_A,2016-17,LEAGUE,,Empoli,Genoa,0,2,A,Italy,Serie A,football-data.co.uk
league_8ba4d46a6f5e3072,2017-03-05,SERIE_A,2016-17,LEAGUE,,Torino,Palermo,3,1,H,Italy,Serie A,football-data.co.uk
league_38d837f9f2954bbf,2017-03-05,SERIE_A,2016-17,LEAGUE,,Udinese,Juventus,1,1,D,Italy,Serie A,football-data.co.uk
league_42eee687a5d532b6,2017-03-10,SERIE_A,2016-17,LEAGUE,,Juventus,AC Milan,2,1,H,Italy,Serie A,football-data.co.uk
league_c1a01f4ee12d98ff,2017-03-11,SERIE_A,2016-17,LEAGUE,,Genoa,Sampdoria,0,1,A,Italy,Serie A,football-data.co.uk
league_4f698fde5ff0cec3,2017-03-12,SERIE_A,2016-17,LEAGUE,,Chievo,Empoli,4,0,H,Italy,Serie A,football-data.co.uk
league_56d352efbbab0c46,2017-03-12,SERIE_A,2016-17,LEAGUE,,Fiorentina,Cagliari,1,0,H,Italy,Serie A,football-data.co.uk
league_a2b1f00652f2f9eb,2017-03-12,SERIE_A,2016-17,LEAGUE,,Inter Milan,Atalanta,7,1,H,Italy,Serie A,football-data.co.uk
league_89393d80df88c1d8,2017-03-12,SERIE_A,2016-17,LEAGUE,,Napoli,Crotone,3,0,H,Italy,Serie A,football-data.co.uk
league_7eb514e8999ebe4e,2017-03-12,SERIE_A,2016-17,LEAGUE,,Palermo,AS Roma,0,3,A,Italy,Serie A,football-data.co.uk
league_234bc1c5e2a88db8,2017-03-12,SERIE_A,2016-17,LEAGUE,,Pescara,Udinese,1,3,A,Italy,Serie A,football-data.co.uk
league_691a734f8bd99f42,2017-03-12,SERIE_A,2016-17,LEAGUE,,Sassuolo,Bologna,0,1,A,Italy,Serie A,football-data.co.uk
league_c195511517caaec8,2017-03-13,SERIE_A,2016-17,LEAGUE,,SS Lazio,Torino,3,1,H,Italy,Serie A,football-data.co.uk
league_97f175aa21482d2e,2017-03-18,SERIE_A,2016-17,LEAGUE,,AC Milan,Genoa,1,0,H,Italy,Serie A,football-data.co.uk
league_06c3bc08099f509f,2017-03-18,SERIE_A,2016-17,LEAGUE,,Torino,Inter Milan,2,2,D,Italy,Serie A,football-data.co.uk
league_0d95667f90932fd9,2017-03-19,SERIE_A,2016-17,LEAGUE,,AS Roma,Sassuolo,3,1,H,Italy,Serie A,football-data.co.uk
league_0d91d8cc2bfbf14c,2017-03-19,SERIE_A,2016-17,LEAGUE,,Atalanta,Pescara,3,0,H,Italy,Serie A,football-data.co.uk
league_4c591c5e8f4bd2b6,2017-03-19,SERIE_A,2016-17,LEAGUE,,Bologna,Chievo,4,1,H,Italy,Serie A,football-data.co.uk
league_f8e8ce00550b3395,2017-03-19,SERIE_A,2016-17,LEAGUE,,Cagliari,SS Lazio,0,0,D,Italy,Serie A,football-data.co.uk
league_77cf72ad1721c86f,2017-03-19,SERIE_A,2016-17,LEAGUE,,Crotone,Fiorentina,0,1,A,Italy,Serie A,football-data.co.uk
league_10d58ec2e8dcfe7a,2017-03-19,SERIE_A,2016-17,LEAGUE,,Empoli,Napoli,2,3,A,Italy,Serie A,football-data.co.uk
league_2b74584718b51ebc,2017-03-19,SERIE_A,2016-17,LEAGUE,,Sampdoria,Juventus,0,1,A,Italy,Serie A,football-data.co.uk
league_1a3e692adbc3f530,2017-03-19,SERIE_A,2016-17,LEAGUE,,Udinese,Palermo,4,1,H,Italy,Serie A,football-data.co.uk
league_83494a59e48661dc,2017-04-01,SERIE_A,2016-17,LEAGUE,,AS Roma,Empoli,2,0,H,Italy,Serie A,football-data.co.uk
league_0a53ae691a6435f5,2017-04-01,SERIE_A,2016-17,LEAGUE,,Sassuolo,SS Lazio,1,2,A,Italy,Serie A,football-data.co.uk
league_887183a399ea7534,2017-04-02,SERIE_A,2016-17,LEAGUE,,Chievo,Crotone,1,2,A,Italy,Serie A,football-data.co.uk
league_ac22b42fdb25e3fb,2017-04-02,SERIE_A,2016-17,LEAGUE,,Fiorentina,Bologna,1,0,H,Italy,Serie A,football-data.co.uk
league_9b526b902b611833,2017-04-02,SERIE_A,2016-17,LEAGUE,,Genoa,Atalanta,0,5,A,Italy,Serie A,football-data.co.uk
league_5f70445fda42d76b,2017-04-02,SERIE_A,2016-17,LEAGUE,,Napoli,Juventus,1,1,D,Italy,Serie A,football-data.co.uk
league_f496008c3d6ae544,2017-04-02,SERIE_A,2016-17,LEAGUE,,Palermo,Cagliari,1,3,A,Italy,Serie A,football-data.co.uk
league_cac6f8cb7caccba7,2017-04-02,SERIE_A,2016-17,LEAGUE,,Pescara,AC Milan,1,1,D,Italy,Serie A,football-data.co.uk
league_e9d1d84c2886ced2,2017-04-02,SERIE_A,2016-17,LEAGUE,,Torino,Udinese,2,2,D,Italy,Serie A,football-data.co.uk
league_f4b9e40f7a1c1dfc,2017-04-03,SERIE_A,2016-17,LEAGUE,,Inter Milan,Sampdoria,1,2,A,Italy,Serie A,football-data.co.uk
league_3c89614a512cf664,2017-04-08,SERIE_A,2016-17,LEAGUE,,Atalanta,Sassuolo,1,1,D,Italy,Serie A,football-data.co.uk
league_ac14d53f9c76e15f,2017-04-08,SERIE_A,2016-17,LEAGUE,,Empoli,Pescara,1,1,D,Italy,Serie A,football-data.co.uk
league_844b7b3a68c7dbd6,2017-04-08,SERIE_A,2016-17,LEAGUE,,Juventus,Chievo,2,0,H,Italy,Serie A,football-data.co.uk
league_5e7498e8515da3b0,2017-04-09,SERIE_A,2016-17,LEAGUE,,AC Milan,Palermo,4,0,H,Italy,Serie A,football-data.co.uk
league_3434c1b1305f2967,2017-04-09,SERIE_A,2016-17,LEAGUE,,Bologna,AS Roma,0,3,A,Italy,Serie A,football-data.co.uk
league_71de06a8d81b62f6,2017-04-09,SERIE_A,2016-17,LEAGUE,,Cagliari,Torino,2,3,A,Italy,Serie A,football-data.co.uk
league_f069b3f9f74fe3a6,2017-04-09,SERIE_A,2016-17,LEAGUE,,Crotone,Inter Milan,2,1,H,Italy,Serie A,football-data.co.uk
league_28958fa8d91dd1c9,2017-04-09,SERIE_A,2016-17,LEAGUE,,SS Lazio,Napoli,0,3,A,Italy,Serie A,football-data.co.uk
league_f9ce69589becd591,2017-04-09,SERIE_A,2016-17,LEAGUE,,Sampdoria,Fiorentina,2,2,D,Italy,Serie A,football-data.co.uk
league_d5f68eecc9235a24,2017-04-09,SERIE_A,2016-17,LEAGUE,,Udinese,Genoa,3,0,H,Italy,Serie A,football-data.co.uk
league_e47b86b578a7fb7b,2017-04-15,SERIE_A,2016-17,LEAGUE,,AS Roma,Atalanta,1,1,D,Italy,Serie A,football-data.co.uk
league_4f45e12fa83e2d07,2017-04-15,SERIE_A,2016-17,LEAGUE,,Cagliari,Chievo,4,0,H,Italy,Serie A,football-data.co.uk
league_8aef2c03a7da27f3,2017-04-15,SERIE_A,2016-17,LEAGUE,,Fiorentina,Empoli,1,2,A,Italy,Serie A,football-data.co.uk
league_343cbd8fa6cb64b4,2017-04-15,SERIE_A,2016-17,LEAGUE,,Genoa,SS Lazio,2,2,D,Italy,Serie A,football-data.co.uk
league_4432e61ffd77ba74,2017-04-15,SERIE_A,2016-17,LEAGUE,,Inter Milan,AC Milan,2,2,D,Italy,Serie A,football-data.co.uk
league_7c75236d4c395d2d,2017-04-15,SERIE_A,2016-17,LEAGUE,,Napoli,Udinese,3,0,H,Italy,Serie A,football-data.co.uk
league_1ec4d0cfa5874c34,2017-04-15,SERIE_A,2016-17,LEAGUE,,Palermo,Bologna,0,0,D,Italy,Serie A,football-data.co.uk
league_c40382312ed02cc2,2017-04-15,SERIE_A,2016-17,LEAGUE,,Pescara,Juventus,0,2,A,Italy,Serie A,football-data.co.uk
league_58af1923422f89b4,2017-04-15,SERIE_A,2016-17,LEAGUE,,Sassuolo,Sampdoria,2,1,H,Italy,Serie A,football-data.co.uk
league_be4b4fe1cfa0aaf2,2017-04-15,SERIE_A,2016-17,LEAGUE,,Torino,Crotone,1,1,D,Italy,Serie A,football-data.co.uk
league_73a02daaf2d5e941,2017-04-22,SERIE_A,2016-17,LEAGUE,,Atalanta,Bologna,3,2,H,Italy,Serie A,football-data.co.uk
league_132e2d915b0601d5,2017-04-22,SERIE_A,2016-17,LEAGUE,,Fiorentina,Inter Milan,5,4,H,Italy,Serie A,football-data.co.uk
league_568c5fe901dd4ebc,2017-04-23,SERIE_A,2016-17,LEAGUE,,AC Milan,Empoli,1,2,A,Italy,Serie A,football-data.co.uk
league_7abad72f7e4f8861,2017-04-23,SERIE_A,2016-17,LEAGUE,,Chievo,Torino,1,3,A,Italy,Serie A,football-data.co.uk
league_c15a4557da0afe1b,2017-04-23,SERIE_A,2016-17,LEAGUE,,Juventus,Genoa,4,0,H,Italy,Serie A,football-data.co.uk
league_9c5c3fc3c1e463d9,2017-04-23,SERIE_A,2016-17,LEAGUE,,SS Lazio,Palermo,6,2,H,Italy,Serie A,football-data.co.uk
league_8a56f4faf795f436,2017-04-23,SERIE_A,2016-17,LEAGUE,,Sampdoria,Crotone,1,2,A,Italy,Serie A,football-data.co.uk
league_a00934ab223cd74b,2017-04-23,SERIE_A,2016-17,LEAGUE,,Sassuolo,Napoli,2,2,D,Italy,Serie A,football-data.co.uk
league_eb9401c93677c80a,2017-04-23,SERIE_A,2016-17,LEAGUE,,Udinese,Cagliari,2,1,H,Italy,Serie A,football-data.co.uk
league_4aa85a861b1ac34f,2017-04-24,SERIE_A,2016-17,LEAGUE,,Pescara,AS Roma,1,4,A,Italy,Serie A,football-data.co.uk
league_ed14681348f8c61f,2017-04-28,SERIE_A,2016-17,LEAGUE,,Atalanta,Juventus,2,2,D,Italy,Serie A,football-data.co.uk
league_769950e43dfb5259,2017-04-29,SERIE_A,2016-17,LEAGUE,,Torino,Sampdoria,1,1,D,Italy,Serie A,football-data.co.uk
league_1c9c664f37c33080,2017-04-30,SERIE_A,2016-17,LEAGUE,,AS Roma,SS Lazio,1,3,A,Italy,Serie A,football-data.co.uk
league_4bac91c9b510c31f,2017-04-30,SERIE_A,2016-17,LEAGUE,,Bologna,Udinese,4,0,H,Italy,Serie A,football-data.co.uk
league_b77536668baec296,2017-04-30,SERIE_A,2016-17,LEAGUE,,Cagliari,Pescara,1,0,H,Italy,Serie A,football-data.co.uk
league_81e338330818e941,2017-04-30,SERIE_A,2016-17,LEAGUE,,Crotone,AC Milan,1,1,D,Italy,Serie A,football-data.co.uk
league_b0ab879687d0804b,2017-04-30,SERIE_A,2016-17,LEAGUE,,Empoli,Sassuolo,1,3,A,Italy,Serie A,football-data.co.uk
league_dfaaedda929937ff,2017-04-30,SERIE_A,2016-17,LEAGUE,,Genoa,Chievo,1,2,A,Italy,Serie A,football-data.co.uk
league_788bf4bf3fe34cf2,2017-04-30,SERIE_A,2016-17,LEAGUE,,Inter Milan,Napoli,0,1,A,Italy,Serie A,football-data.co.uk
league_df7b359ec0943406,2017-04-30,SERIE_A,2016-17,LEAGUE,,Palermo,Fiorentina,2,0,H,Italy,Serie A,football-data.co.uk
league_5c5ea17ce49bc20a,2017-05-06,SERIE_A,2016-17,LEAGUE,,Juventus,Torino,1,1,D,Italy,Serie A,football-data.co.uk
league_2136dba85e92ba3d,2017-05-06,SERIE_A,2016-17,LEAGUE,,Napoli,Cagliari,3,1,H,Italy,Serie A,football-data.co.uk
league_41f0a65a88689a90,2017-05-07,SERIE_A,2016-17,LEAGUE,,AC Milan,AS Roma,1,4,A,Italy,Serie A,football-data.co.uk
league_592cb09f0b2722c2,2017-05-07,SERIE_A,2016-17,LEAGUE,,Chievo,Palermo,1,1,D,Italy,Serie A,football-data.co.uk
league_39bfd9bd2e435706,2017-05-07,SERIE_A,2016-17,LEAGUE,,Empoli,Bologna,3,1,H,Italy,Serie A,football-data.co.uk
league_b5f6cc023da69d06,2017-05-07,SERIE_A,2016-17,LEAGUE,,Genoa,Inter Milan,1,0,H,Italy,Serie A,football-data.co.uk
league_931306635fc1b5d6,2017-05-07,SERIE_A,2016-17,LEAGUE,,Pescara,Crotone,0,1,A,Italy,Serie A,football-data.co.uk
league_a604e84321ea015a,2017-05-07,SERIE_A,2016-17,LEAGUE,,SS Lazio,Sampdoria,7,3,H,Italy,Serie A,football-data.co.uk
league_31f3c9f67e256564,2017-05-07,SERIE_A,2016-17,LEAGUE,,Sassuolo,Fiorentina,2,2,D,Italy,Serie A,football-data.co.uk
league_951296be65d40b73,2017-05-07,SERIE_A,2016-17,LEAGUE,,Udinese,Atalanta,1,1,D,Italy,Serie A,football-data.co.uk
league_a9a2e723bc3ca59d,2017-05-13,SERIE_A,2016-17,LEAGUE,,Atalanta,AC Milan,1,1,D,Italy,Serie A,football-data.co.uk
league_4446b164bf98de06,2017-05-13,SERIE_A,2016-17,LEAGUE,,Fiorentina,SS Lazio,3,2,H,Italy,Serie A,football-data.co.uk
league_60859e0e9299eff1,2017-05-14,SERIE_A,2016-17,LEAGUE,,AS Roma,Juventus,3,1,H,Italy,Serie A,football-data.co.uk
league_106eb1b0a5ffb2df,2017-05-14,SERIE_A,2016-17,LEAGUE,,Bologna,Pescara,3,1,H,Italy,Serie A,football-data.co.uk
league_5d2647ea177e8fab,2017-05-14,SERIE_A,2016-17,LEAGUE,,Cagliari,Empoli,3,2,H,Italy,Serie A,football-data.co.uk
league_d71ca4ae4827c9f3,2017-05-14,SERIE_A,2016-17,LEAGUE,,Crotone,Udinese,1,0,H,Italy,Serie A,football-data.co.uk
league_eaf0e3e89964713b,2017-05-14,SERIE_A,2016-17,LEAGUE,,Inter Milan,Sassuolo,1,2,A,Italy,Serie A,football-data.co.uk
league_33a5e30605e5eb99,2017-05-14,SERIE_A,2016-17,LEAGUE,,Palermo,Genoa,1,0,H,Italy,Serie A,football-data.co.uk
league_7842bfdcb15a43b8,2017-05-14,SERIE_A,2016-17,LEAGUE,,Sampdoria,Chievo,1,1,D,Italy,Serie A,football-data.co.uk
league_c33280d90f15b064,2017-05-14,SERIE_A,2016-17,LEAGUE,,Torino,Napoli,0,5,A,Italy,Serie A,football-data.co.uk
league_d88148e6f7cdcdf7,2017-05-20,SERIE_A,2016-17,LEAGUE,,Chievo,AS Roma,3,5,A,Italy,Serie A,football-data.co.uk
league_6c540b60646f8410,2017-05-20,SERIE_A,2016-17,LEAGUE,,Napoli,Fiorentina,4,1,H,Italy,Serie A,football-data.co.uk
league_2d3955a97d2a10f0,2017-05-21,SERIE_A,2016-17,LEAGUE,,AC Milan,Bologna,3,0,H,Italy,Serie A,football-data.co.uk
league_5de8d76799aee915,2017-05-21,SERIE_A,2016-17,LEAGUE,,Empoli,Atalanta,0,1,A,Italy,Serie A,football-data.co.uk
league_e1f270cd63f5df74,2017-05-21,SERIE_A,2016-17,LEAGUE,,Genoa,Torino,2,1,H,Italy,Serie A,football-data.co.uk
league_1e53c03ccf0336f2,2017-05-21,SERIE_A,2016-17,LEAGUE,,Juventus,Crotone,3,0,H,Italy,Serie A,football-data.co.uk
league_08e8ab997ed30e2a,2017-05-21,SERIE_A,2016-17,LEAGUE,,SS Lazio,Inter Milan,1,3,A,Italy,Serie A,football-data.co.uk
league_9d9798cfd6376882,2017-05-21,SERIE_A,2016-17,LEAGUE,,Sassuolo,Cagliari,6,2,H,Italy,Serie A,football-data.co.uk
league_f666d9afe1144359,2017-05-21,SERIE_A,2016-17,LEAGUE,,Udinese,Sampdoria,1,1,D,Italy,Serie A,football-data.co.uk
league_e789b8323f0483af,2017-05-22,SERIE_A,2016-17,LEAGUE,,Pescara,Palermo,2,0,H,Italy,Serie A,football-data.co.uk
league_ec40b0741892056b,2017-05-27,SERIE_A,2016-17,LEAGUE,,Atalanta,Chievo,1,0,H,Italy,Serie A,football-data.co.uk
league_4deed12b45ae9cc4,2017-05-27,SERIE_A,2016-17,LEAGUE,,Bologna,Juventus,1,2,A,Italy,Serie A,football-data.co.uk
league_4dfaa7e7ce2ed205,2017-05-28,SERIE_A,2016-17,LEAGUE,,AS Roma,Genoa,3,2,H,Italy,Serie A,football-data.co.uk
league_31d38adc5722d146,2017-05-28,SERIE_A,2016-17,LEAGUE,,Cagliari,AC Milan,2,1,H,Italy,Serie A,football-data.co.uk
league_919c35c37c069ef2,2017-05-28,SERIE_A,2016-17,LEAGUE,,Crotone,SS Lazio,3,1,H,Italy,Serie A,football-data.co.uk
league_2daed25c2f0927e1,2017-05-28,SERIE_A,2016-17,LEAGUE,,Fiorentina,Pescara,2,2,D,Italy,Serie A,football-data.co.uk
league_1d65381f5f45b0f6,2017-05-28,SERIE_A,2016-17,LEAGUE,,Inter Milan,Udinese,5,2,H,Italy,Serie A,football-data.co.uk
league_b8750440425e11c0,2017-05-28,SERIE_A,2016-17,LEAGUE,,Palermo,Empoli,2,1,H,Italy,Serie A,football-data.co.uk
league_38a05ee2d2b66c20,2017-05-28,SERIE_A,2016-17,LEAGUE,,Sampdoria,Napoli,2,4,A,Italy,Serie A,football-data.co.uk
league_9253f01a3b3b91a2,2017-05-28,SERIE_A,2016-17,LEAGUE,,Torino,Sassuolo,5,3,H,Italy,Serie A,football-data.co.uk
league_5ec6fe2c9fcc030b,2017-08-19,SERIE_A,2017-18,LEAGUE,,Hellas Verona,Napoli,1,3,A,Italy,Serie A,football-data.co.uk
league_a64143c9f4a0dd89,2017-08-19,SERIE_A,2017-18,LEAGUE,,Juventus,Cagliari,3,0,H,Italy,Serie A,football-data.co.uk
league_bdee25ae038a80bd,2017-08-20,SERIE_A,2017-18,LEAGUE,,Atalanta,AS Roma,0,1,A,Italy,Serie A,football-data.co.uk
league_5a044f671ec8a7b5,2017-08-20,SERIE_A,2017-18,LEAGUE,,Bologna,Torino,1,1,D,Italy,Serie A,football-data.co.uk
league_ae32be58b756b08a,2017-08-20,SERIE_A,2017-18,LEAGUE,,Crotone,AC Milan,0,3,A,Italy,Serie A,football-data.co.uk
league_40f6d6314ea9000a,2017-08-20,SERIE_A,2017-18,LEAGUE,,Inter Milan,Fiorentina,3,0,H,Italy,Serie A,football-data.co.uk
league_265cb56fd3acf64a,2017-08-20,SERIE_A,2017-18,LEAGUE,,SS Lazio,Spal,0,0,D,Italy,Serie A,football-data.co.uk
league_740367827cd7017f,2017-08-20,SERIE_A,2017-18,LEAGUE,,Sampdoria,Benevento,2,1,H,Italy,Serie A,football-data.co.uk
league_89940b7982b75174,2017-08-20,SERIE_A,2017-18,LEAGUE,,Sassuolo,Genoa,0,0,D,Italy,Serie A,football-data.co.uk
league_25aaadf5cc3ffd28,2017-08-20,SERIE_A,2017-18,LEAGUE,,Udinese,Chievo,1,2,A,Italy,Serie A,football-data.co.uk
league_8e401cf2ff4c9da5,2017-08-26,SERIE_A,2017-18,LEAGUE,,AS Roma,Inter Milan,1,3,A,Italy,Serie A,football-data.co.uk
league_817a43a0414410b7,2017-08-26,SERIE_A,2017-18,LEAGUE,,Benevento,Bologna,0,1,A,Italy,Serie A,football-data.co.uk
league_86dedc9450c0e765,2017-08-26,SERIE_A,2017-18,LEAGUE,,Genoa,Juventus,2,4,A,Italy,Serie A,football-data.co.uk
league_6724a3eb216515b5,2017-08-27,SERIE_A,2017-18,LEAGUE,,AC Milan,Cagliari,2,1,H,Italy,Serie A,football-data.co.uk
league_0d04c29af8950569,2017-08-27,SERIE_A,2017-18,LEAGUE,,Chievo,SS Lazio,1,2,A,Italy,Serie A,football-data.co.uk
league_ade0c35a5235ee17,2017-08-27,SERIE_A,2017-18,LEAGUE,,Crotone,Hellas Verona,0,0,D,Italy,Serie A,football-data.co.uk
league_30a1625e688a9109,2017-08-27,SERIE_A,2017-18,LEAGUE,,Fiorentina,Sampdoria,1,2,A,Italy,Serie A,football-data.co.uk
league_6172a32e97836cf7,2017-08-27,SERIE_A,2017-18,LEAGUE,,Napoli,Atalanta,3,1,H,Italy,Serie A,football-data.co.uk
league_e0a22824f8586eb5,2017-08-27,SERIE_A,2017-18,LEAGUE,,Spal,Udinese,3,2,H,Italy,Serie A,football-data.co.uk
league_e6a296e70b5bbd8b,2017-08-27,SERIE_A,2017-18,LEAGUE,,Torino,Sassuolo,3,0,H,Italy,Serie A,football-data.co.uk
league_a3c454352bf52dcb,2017-09-09,SERIE_A,2017-18,LEAGUE,,Juventus,Chievo,3,0,H,Italy,Serie A,football-data.co.uk
league_3cfef95eec0ba05a,2017-09-10,SERIE_A,2017-18,LEAGUE,,Atalanta,Sassuolo,2,1,H,Italy,Serie A,football-data.co.uk
league_c5831a3a42adcb52,2017-09-10,SERIE_A,2017-18,LEAGUE,,Benevento,Torino,0,1,A,Italy,Serie A,football-data.co.uk
league_4fe71f3f5273c220,2017-09-10,SERIE_A,2017-18,LEAGUE,,Bologna,Napoli,0,3,A,Italy,Serie A,football-data.co.uk
league_be9b13412ce975da,2017-09-10,SERIE_A,2017-18,LEAGUE,,Cagliari,Crotone,1,0,H,Italy,Serie A,football-data.co.uk
league_67b8478245d75e4f,2017-09-10,SERIE_A,2017-18,LEAGUE,,Hellas Verona,Fiorentina,0,5,A,Italy,Serie A,football-data.co.uk
league_5a770648dc6c341c,2017-09-10,SERIE_A,2017-18,LEAGUE,,Inter Milan,Spal,2,0,H,Italy,Serie A,football-data.co.uk
league_48ae5cfecf88b036,2017-09-10,SERIE_A,2017-18,LEAGUE,,SS Lazio,AC Milan,4,1,H,Italy,Serie A,football-data.co.uk
league_aa55622b66cf830c,2017-09-10,SERIE_A,2017-18,LEAGUE,,Udinese,Genoa,1,0,H,Italy,Serie A,football-data.co.uk
league_0b3be5b9ab2190c7,2017-09-16,SERIE_A,2017-18,LEAGUE,,AS Roma,Hellas Verona,3,0,H,Italy,Serie A,football-data.co.uk
league_095541a6d7ff4d25,2017-09-16,SERIE_A,2017-18,LEAGUE,,Crotone,Inter Milan,0,2,A,Italy,Serie A,football-data.co.uk
league_fba7a9324e57c2d1,2017-09-16,SERIE_A,2017-18,LEAGUE,,Fiorentina,Bologna,2,1,H,Italy,Serie A,football-data.co.uk
league_336d004365f64606,2017-09-17,SERIE_A,2017-18,LEAGUE,,AC Milan,Udinese,2,1,H,Italy,Serie A,football-data.co.uk
league_e262cfbf78039124,2017-09-17,SERIE_A,2017-18,LEAGUE,,Chievo,Atalanta,1,1,D,Italy,Serie A,football-data.co.uk
league_0994bd2e69e6d965,2017-09-17,SERIE_A,2017-18,LEAGUE,,Genoa,SS Lazio,2,3,A,Italy,Serie A,football-data.co.uk
league_921f2e586c5b76ca,2017-09-17,SERIE_A,2017-18,LEAGUE,,Napoli,Benevento,6,0,H,Italy,Serie A,football-data.co.uk
league_728239e13002cfef,2017-09-17,SERIE_A,2017-18,LEAGUE,,Sassuolo,Juventus,1,3,A,Italy,Serie A,football-data.co.uk
league_743253ea0699e75e,2017-09-17,SERIE_A,2017-18,LEAGUE,,Spal,Cagliari,0,2,A,Italy,Serie A,football-data.co.uk
league_3af6559819639b79,2017-09-17,SERIE_A,2017-18,LEAGUE,,Torino,Sampdoria,2,2,D,Italy,Serie A,football-data.co.uk
league_be71278b56fbee8c,2017-09-19,SERIE_A,2017-18,LEAGUE,,Bologna,Inter Milan,1,1,D,Italy,Serie A,football-data.co.uk
league_d63029a97f4e857a,2017-09-20,SERIE_A,2017-18,LEAGUE,,AC Milan,Spal,2,0,H,Italy,Serie A,football-data.co.uk
league_5058fd1ffbd15aa1,2017-09-20,SERIE_A,2017-18,LEAGUE,,Atalanta,Crotone,5,1,H,Italy,Serie A,football-data.co.uk
league_62248658a10b270b,2017-09-20,SERIE_A,2017-18,LEAGUE,,Benevento,AS Roma,0,4,A,Italy,Serie A,football-data.co.uk
league_964930a1072b4587,2017-09-20,SERIE_A,2017-18,LEAGUE,,Cagliari,Sassuolo,0,1,A,Italy,Serie A,football-data.co.uk
league_d539ecdad5ef693e,2017-09-20,SERIE_A,2017-18,LEAGUE,,Genoa,Chievo,1,1,D,Italy,Serie A,football-data.co.uk
league_990c12bc9698a72a,2017-09-20,SERIE_A,2017-18,LEAGUE,,Hellas Verona,Sampdoria,0,0,D,Italy,Serie A,football-data.co.uk
league_ed637203e93f52a6,2017-09-20,SERIE_A,2017-18,LEAGUE,,Juventus,Fiorentina,1,0,H,Italy,Serie A,football-data.co.uk
league_3be0a904c8d2793e,2017-09-20,SERIE_A,2017-18,LEAGUE,,SS Lazio,Napoli,1,4,A,Italy,Serie A,football-data.co.uk
league_7a05f601982a7ae6,2017-09-20,SERIE_A,2017-18,LEAGUE,,Udinese,Torino,2,3,A,Italy,Serie A,football-data.co.uk
league_1d021a421dd423d2,2017-09-23,SERIE_A,2017-18,LEAGUE,,AS Roma,Udinese,3,1,H,Italy,Serie A,football-data.co.uk
league_77d628564aa507c3,2017-09-23,SERIE_A,2017-18,LEAGUE,,Juventus,Torino,4,0,H,Italy,Serie A,football-data.co.uk
league_62e39626e7892b61,2017-09-23,SERIE_A,2017-18,LEAGUE,,Spal,Napoli,2,3,A,Italy,Serie A,football-data.co.uk
league_25ec402285c4d18d,2017-09-24,SERIE_A,2017-18,LEAGUE,,Cagliari,Chievo,0,2,A,Italy,Serie A,football-data.co.uk
league_6385e3f836343aa5,2017-09-24,SERIE_A,2017-18,LEAGUE,,Crotone,Benevento,2,0,H,Italy,Serie A,football-data.co.uk
league_6a1dbaebbce7aaac,2017-09-24,SERIE_A,2017-18,LEAGUE,,Fiorentina,Atalanta,1,1,D,Italy,Serie A,football-data.co.uk
league_2050e2a289dc73a9,2017-09-24,SERIE_A,2017-18,LEAGUE,,Hellas Verona,SS Lazio,0,3,A,Italy,Serie A,football-data.co.uk
league_b378012a7279377b,2017-09-24,SERIE_A,2017-18,LEAGUE,,Inter Milan,Genoa,1,0,H,Italy,Serie A,football-data.co.uk
league_a3a6fae4017b9c33,2017-09-24,SERIE_A,2017-18,LEAGUE,,Sampdoria,AC Milan,2,0,H,Italy,Serie A,football-data.co.uk
league_4183b3e692765f5f,2017-09-24,SERIE_A,2017-18,LEAGUE,,Sassuolo,Bologna,0,1,A,Italy,Serie A,football-data.co.uk
league_a49fe687521b5a45,2017-09-30,SERIE_A,2017-18,LEAGUE,,Genoa,Bologna,0,1,A,Italy,Serie A,football-data.co.uk
league_16dd20c39efc5c0b,2017-09-30,SERIE_A,2017-18,LEAGUE,,Udinese,Sampdoria,4,0,H,Italy,Serie A,football-data.co.uk
league_c1bb90362a5438c3,2017-10-01,SERIE_A,2017-18,LEAGUE,,AC Milan,AS Roma,0,2,A,Italy,Serie A,football-data.co.uk
league_ba70dade904e0525,2017-10-01,SERIE_A,2017-18,LEAGUE,,Atalanta,Juventus,2,2,D,Italy,Serie A,football-data.co.uk
league_d169a7c98e530491,2017-10-01,SERIE_A,2017-18,LEAGUE,,Benevento,Inter Milan,1,2,A,Italy,Serie A,football-data.co.uk
league_bf2641d1c8ad3330,2017-10-01,SERIE_A,2017-18,LEAGUE,,Chievo,Fiorentina,2,1,H,Italy,Serie A,football-data.co.uk
league_8130d8b67065d2e7,2017-10-01,SERIE_A,2017-18,LEAGUE,,Napoli,Cagliari,3,0,H,Italy,Serie A,football-data.co.uk
league_b3ec21cc6ff4209f,2017-10-01,SERIE_A,2017-18,LEAGUE,,SS Lazio,Sassuolo,6,1,H,Italy,Serie A,football-data.co.uk
league_2836b0392260fbab,2017-10-01,SERIE_A,2017-18,LEAGUE,,Spal,Crotone,1,1,D,Italy,Serie A,football-data.co.uk
league_ad31dbb7dd9ddcd7,2017-10-01,SERIE_A,2017-18,LEAGUE,,Torino,Hellas Verona,2,2,D,Italy,Serie A,football-data.co.uk
league_3a73174a18f86679,2017-10-14,SERIE_A,2017-18,LEAGUE,,AS Roma,Napoli,0,1,A,Italy,Serie A,football-data.co.uk
league_0a2b452ef303d512,2017-10-14,SERIE_A,2017-18,LEAGUE,,Juventus,SS Lazio,1,2,A,Italy,Serie A,football-data.co.uk
league_d2b947e99fff8561,2017-10-15,SERIE_A,2017-18,LEAGUE,,Bologna,Spal,2,1,H,Italy,Serie A,football-data.co.uk
league_c5d29c7bd334dc65,2017-10-15,SERIE_A,2017-18,LEAGUE,,Cagliari,Genoa,2,3,A,Italy,Serie A,football-data.co.uk
league_700ee2ef4033bbf8,2017-10-15,SERIE_A,2017-18,LEAGUE,,Crotone,Torino,2,2,D,Italy,Serie A,football-data.co.uk
league_5ba389ebda41b8a4,2017-10-15,SERIE_A,2017-18,LEAGUE,,Fiorentina,Udinese,2,1,H,Italy,Serie A,football-data.co.uk
league_79accf55e497f247,2017-10-15,SERIE_A,2017-18,LEAGUE,,Inter Milan,AC Milan,3,2,H,Italy,Serie A,football-data.co.uk
league_e0cffc4874eebc3f,2017-10-15,SERIE_A,2017-18,LEAGUE,,Sampdoria,Atalanta,3,1,H,Italy,Serie A,football-data.co.uk
league_de54c5ed2767fe87,2017-10-15,SERIE_A,2017-18,LEAGUE,,Sassuolo,Chievo,0,0,D,Italy,Serie A,football-data.co.uk
league_9ade228795f1e89a,2017-10-16,SERIE_A,2017-18,LEAGUE,,Hellas Verona,Benevento,1,0,H,Italy,Serie A,football-data.co.uk
league_ad2bf5eaf6e8ac91,2017-10-21,SERIE_A,2017-18,LEAGUE,,Napoli,Inter Milan,0,0,D,Italy,Serie A,football-data.co.uk
league_f3dac151bede4d11,2017-10-21,SERIE_A,2017-18,LEAGUE,,Sampdoria,Crotone,5,0,H,Italy,Serie A,football-data.co.uk
league_63749cc948e7fd74,2017-10-22,SERIE_A,2017-18,LEAGUE,,AC Milan,Genoa,0,0,D,Italy,Serie A,football-data.co.uk
league_3d57a753cf159805,2017-10-22,SERIE_A,2017-18,LEAGUE,,Atalanta,Bologna,1,0,H,Italy,Serie A,football-data.co.uk
league_5db922d127a27693,2017-10-22,SERIE_A,2017-18,LEAGUE,,Benevento,Fiorentina,0,3,A,Italy,Serie A,football-data.co.uk
league_c7799e74f2777b69,2017-10-22,SERIE_A,2017-18,LEAGUE,,Chievo,Hellas Verona,3,2,H,Italy,Serie A,football-data.co.uk
league_8b0980adba0de5d0,2017-10-22,SERIE_A,2017-18,LEAGUE,,SS Lazio,Cagliari,3,0,H,Italy,Serie A,football-data.co.uk
league_ca38f48bf3b8140a,2017-10-22,SERIE_A,2017-18,LEAGUE,,Spal,Sassuolo,0,1,A,Italy,Serie A,football-data.co.uk
league_a493a5491b2c4355,2017-10-22,SERIE_A,2017-18,LEAGUE,,Torino,AS Roma,0,1,A,Italy,Serie A,football-data.co.uk
league_aeb8d69a463150c6,2017-10-22,SERIE_A,2017-18,LEAGUE,,Udinese,Juventus,2,6,A,Italy,Serie A,football-data.co.uk
league_01a260542d54c59e,2017-10-24,SERIE_A,2017-18,LEAGUE,,Inter Milan,Sampdoria,3,2,H,Italy,Serie A,football-data.co.uk
league_5aab6383d57207d5,2017-10-25,SERIE_A,2017-18,LEAGUE,,AS Roma,Crotone,1,0,H,Italy,Serie A,football-data.co.uk
league_1d2de7c8ba4b7e2b,2017-10-25,SERIE_A,2017-18,LEAGUE,,Atalanta,Hellas Verona,3,0,H,Italy,Serie A,football-data.co.uk
league_4700d28cbc8d6df0,2017-10-25,SERIE_A,2017-18,LEAGUE,,Bologna,SS Lazio,1,2,A,Italy,Serie A,football-data.co.uk
league_676b412cbfc576cf,2017-10-25,SERIE_A,2017-18,LEAGUE,,Cagliari,Benevento,2,1,H,Italy,Serie A,football-data.co.uk
league_8aad92d82c16f1b0,2017-10-25,SERIE_A,2017-18,LEAGUE,,Chievo,AC Milan,1,4,A,Italy,Serie A,football-data.co.uk
league_af84928c3883379e,2017-10-25,SERIE_A,2017-18,LEAGUE,,Fiorentina,Torino,3,0,H,Italy,Serie A,football-data.co.uk
league_2c165091ddec3a42,2017-10-25,SERIE_A,2017-18,LEAGUE,,Genoa,Napoli,2,3,A,Italy,Serie A,football-data.co.uk
league_65aa20e0b52c271b,2017-10-25,SERIE_A,2017-18,LEAGUE,,Juventus,Spal,4,1,H,Italy,Serie A,football-data.co.uk
league_d37d057ea9152dc0,2017-10-25,SERIE_A,2017-18,LEAGUE,,Sassuolo,Udinese,0,1,A,Italy,Serie A,football-data.co.uk
league_93b11ae1a4942e4b,2017-10-28,SERIE_A,2017-18,LEAGUE,,AC Milan,Juventus,0,2,A,Italy,Serie A,football-data.co.uk
league_6e5e47efe3ee2129,2017-10-28,SERIE_A,2017-18,LEAGUE,,AS Roma,Bologna,1,0,H,Italy,Serie A,football-data.co.uk
league_5d6af186b874e214,2017-10-29,SERIE_A,2017-18,LEAGUE,,Benevento,SS Lazio,1,5,A,Italy,Serie A,football-data.co.uk
league_5b0e3873361065a2,2017-10-29,SERIE_A,2017-18,LEAGUE,,Crotone,Fiorentina,2,1,H,Italy,Serie A,football-data.co.uk
league_776f8943dc66c47e,2017-10-29,SERIE_A,2017-18,LEAGUE,,Napoli,Sassuolo,3,1,H,Italy,Serie A,football-data.co.uk
league_5b9199c87fb9f8a2,2017-10-29,SERIE_A,2017-18,LEAGUE,,Sampdoria,Chievo,4,1,H,Italy,Serie A,football-data.co.uk
league_cc8fe3bc9cb65e91,2017-10-29,SERIE_A,2017-18,LEAGUE,,Spal,Genoa,1,0,H,Italy,Serie A,football-data.co.uk
league_688a72efde7e344c,2017-10-29,SERIE_A,2017-18,LEAGUE,,Torino,Cagliari,2,1,H,Italy,Serie A,football-data.co.uk
league_6f4e07d2b66e2086,2017-10-29,SERIE_A,2017-18,LEAGUE,,Udinese,Atalanta,2,1,H,Italy,Serie A,football-data.co.uk
league_3335ecaa8ed636aa,2017-10-30,SERIE_A,2017-18,LEAGUE,,Hellas Verona,Inter Milan,1,2,A,Italy,Serie A,football-data.co.uk
league_e92182e860d8269f,2017-11-04,SERIE_A,2017-18,LEAGUE,,Bologna,Crotone,2,3,A,Italy,Serie A,football-data.co.uk
league_0937d87ee8525d62,2017-11-04,SERIE_A,2017-18,LEAGUE,,Genoa,Sampdoria,0,2,A,Italy,Serie A,football-data.co.uk
league_d393303147791cbc,2017-11-05,SERIE_A,2017-18,LEAGUE,,Atalanta,Spal,1,1,D,Italy,Serie A,football-data.co.uk
league_8c79f115bf85d89c,2017-11-05,SERIE_A,2017-18,LEAGUE,,Cagliari,Hellas Verona,2,1,H,Italy,Serie A,football-data.co.uk
league_185b25f108eeada1,2017-11-05,SERIE_A,2017-18,LEAGUE,,Chievo,Napoli,0,0,D,Italy,Serie A,football-data.co.uk
league_69abc369c40d8a5a,2017-11-05,SERIE_A,2017-18,LEAGUE,,Fiorentina,AS Roma,2,4,A,Italy,Serie A,football-data.co.uk
league_38c6a420a301b503,2017-11-05,SERIE_A,2017-18,LEAGUE,,Inter Milan,Torino,1,1,D,Italy,Serie A,football-data.co.uk
league_70569a47b3941464,2017-11-05,SERIE_A,2017-18,LEAGUE,,Juventus,Benevento,2,1,H,Italy,Serie A,football-data.co.uk
league_6e6d55b30cd19fed,2017-11-05,SERIE_A,2017-18,LEAGUE,,Sassuolo,AC Milan,0,2,A,Italy,Serie A,football-data.co.uk
league_4fbfcbb5b56b9f37,2017-11-18,SERIE_A,2017-18,LEAGUE,,AS Roma,SS Lazio,2,1,H,Italy,Serie A,football-data.co.uk
league_89f0e725d7b0c973,2017-11-18,SERIE_A,2017-18,LEAGUE,,Napoli,AC Milan,2,1,H,Italy,Serie A,football-data.co.uk
league_613103b823370dee,2017-11-19,SERIE_A,2017-18,LEAGUE,,Benevento,Sassuolo,1,2,A,Italy,Serie A,football-data.co.uk
league_41ee061610c99834,2017-11-19,SERIE_A,2017-18,LEAGUE,,Crotone,Genoa,0,1,A,Italy,Serie A,football-data.co.uk
league_d185f9dfbeddf4fa,2017-11-19,SERIE_A,2017-18,LEAGUE,,Inter Milan,Atalanta,2,0,H,Italy,Serie A,football-data.co.uk
league_04478e4c4e07f30a,2017-11-19,SERIE_A,2017-18,LEAGUE,,Sampdoria,Juventus,3,2,H,Italy,Serie A,football-data.co.uk
league_a6fed6b5886989d4,2017-11-19,SERIE_A,2017-18,LEAGUE,,Spal,Fiorentina,1,1,D,Italy,Serie A,football-data.co.uk
league_e33a782995a4bb9d,2017-11-19,SERIE_A,2017-18,LEAGUE,,Torino,Chievo,1,1,D,Italy,Serie A,football-data.co.uk
league_9407c2426f379009,2017-11-19,SERIE_A,2017-18,LEAGUE,,Udinese,Cagliari,0,1,A,Italy,Serie A,football-data.co.uk
league_fc9a55a488741cca,2017-11-20,SERIE_A,2017-18,LEAGUE,,Hellas Verona,Bologna,2,3,A,Italy,Serie A,football-data.co.uk
league_125fd9db5248790f,2017-11-25,SERIE_A,2017-18,LEAGUE,,Bologna,Sampdoria,3,0,H,Italy,Serie A,football-data.co.uk
league_bb241f53de85f46c,2017-11-25,SERIE_A,2017-18,LEAGUE,,Cagliari,Inter Milan,1,3,A,Italy,Serie A,football-data.co.uk
league_95ec88525e86649c,2017-11-25,SERIE_A,2017-18,LEAGUE,,Chievo,Spal,2,1,H,Italy,Serie A,football-data.co.uk
league_8c39a80fc7372fdd,2017-11-25,SERIE_A,2017-18,LEAGUE,,Sassuolo,Hellas Verona,0,2,A,Italy,Serie A,football-data.co.uk
league_2ddf5f154552f07b,2017-11-26,SERIE_A,2017-18,LEAGUE,,AC Milan,Torino,0,0,D,Italy,Serie A,football-data.co.uk
league_a8ccec5abaa9b947,2017-11-26,SERIE_A,2017-18,LEAGUE,,Genoa,AS Roma,1,1,D,Italy,Serie A,football-data.co.uk
league_c8c1c2d444275ef9,2017-11-26,SERIE_A,2017-18,LEAGUE,,Juventus,Crotone,3,0,H,Italy,Serie A,football-data.co.uk
league_be216441c163e883,2017-11-26,SERIE_A,2017-18,LEAGUE,,SS Lazio,Fiorentina,1,1,D,Italy,Serie A,football-data.co.uk
league_ee7cea24cd027694,2017-11-26,SERIE_A,2017-18,LEAGUE,,Udinese,Napoli,0,1,A,Italy,Serie A,football-data.co.uk
league_d5abaa9d5d7b1943,2017-11-27,SERIE_A,2017-18,LEAGUE,,Atalanta,Benevento,1,0,H,Italy,Serie A,football-data.co.uk
league_a2bb2de4bc2a5246,2017-12-01,SERIE_A,2017-18,LEAGUE,,AS Roma,Spal,3,1,H,Italy,Serie A,football-data.co.uk
league_82e1df758dcb9186,2017-12-01,SERIE_A,2017-18,LEAGUE,,Napoli,Juventus,0,1,A,Italy,Serie A,football-data.co.uk
league_a4b3b2f5826eeb29,2017-12-02,SERIE_A,2017-18,LEAGUE,,Torino,Atalanta,1,1,D,Italy,Serie A,football-data.co.uk
league_3007460e3f4263e5,2017-12-03,SERIE_A,2017-18,LEAGUE,,Benevento,AC Milan,2,2,D,Italy,Serie A,football-data.co.uk
league_eb0dc9216f50c0f0,2017-12-03,SERIE_A,2017-18,LEAGUE,,Bologna,Cagliari,1,1,D,Italy,Serie A,football-data.co.uk
league_1f89038b835f3f93,2017-12-03,SERIE_A,2017-18,LEAGUE,,Fiorentina,Sassuolo,3,0,H,Italy,Serie A,football-data.co.uk
league_438f4c210b800913,2017-12-03,SERIE_A,2017-18,LEAGUE,,Inter Milan,Chievo,5,0,H,Italy,Serie A,football-data.co.uk
league_6f85d71970530eb6,2017-12-03,SERIE_A,2017-18,LEAGUE,,Sampdoria,SS Lazio,1,2,A,Italy,Serie A,football-data.co.uk
league_9d34a3d400a1b142,2017-12-04,SERIE_A,2017-18,LEAGUE,,Crotone,Udinese,0,3,A,Italy,Serie A,football-data.co.uk
league_7051fd8b3fbff213,2017-12-04,SERIE_A,2017-18,LEAGUE,,Hellas Verona,Genoa,0,1,A,Italy,Serie A,football-data.co.uk
league_63188cee22a3aa0b,2017-12-09,SERIE_A,2017-18,LEAGUE,,Cagliari,Sampdoria,2,2,D,Italy,Serie A,football-data.co.uk
league_dafa11eae507fce4,2017-12-09,SERIE_A,2017-18,LEAGUE,,Juventus,Inter Milan,0,0,D,Italy,Serie A,football-data.co.uk
league_ee65411f9e968e1d,2017-12-10,SERIE_A,2017-18,LEAGUE,,AC Milan,Bologna,2,1,H,Italy,Serie A,football-data.co.uk
league_6b3e2d246dda47f0,2017-12-10,SERIE_A,2017-18,LEAGUE,,Chievo,AS Roma,0,0,D,Italy,Serie A,football-data.co.uk
league_876cdb776156c6ea,2017-12-10,SERIE_A,2017-18,LEAGUE,,Napoli,Fiorentina,0,0,D,Italy,Serie A,football-data.co.uk
league_6f7360ffcf17d776,2017-12-10,SERIE_A,2017-18,LEAGUE,,Sassuolo,Crotone,2,1,H,Italy,Serie A,football-data.co.uk
league_902d4f9407a474d4,2017-12-10,SERIE_A,2017-18,LEAGUE,,Spal,Hellas Verona,2,2,D,Italy,Serie A,football-data.co.uk
league_bc55bde69bf647d1,2017-12-10,SERIE_A,2017-18,LEAGUE,,Udinese,Benevento,2,0,H,Italy,Serie A,football-data.co.uk
league_bf23da5c24608564,2017-12-11,SERIE_A,2017-18,LEAGUE,,SS Lazio,Torino,1,3,A,Italy,Serie A,football-data.co.uk
league_9abbf8c33df93b0e,2017-12-12,SERIE_A,2017-18,LEAGUE,,Genoa,Atalanta,1,2,A,Italy,Serie A,football-data.co.uk
league_c912e306e2358c9b,2017-12-16,SERIE_A,2017-18,LEAGUE,,AS Roma,Cagliari,1,0,H,Italy,Serie A,football-data.co.uk
league_eabd41e0e9352557,2017-12-16,SERIE_A,2017-18,LEAGUE,,Inter Milan,Udinese,1,3,A,Italy,Serie A,football-data.co.uk
league_ae0b5dfff1452b84,2017-12-16,SERIE_A,2017-18,LEAGUE,,Torino,Napoli,1,3,A,Italy,Serie A,football-data.co.uk
league_9443a2c5205f5945,2017-12-17,SERIE_A,2017-18,LEAGUE,,Atalanta,SS Lazio,3,3,D,Italy,Serie A,football-data.co.uk
league_023a2544e77167db,2017-12-17,SERIE_A,2017-18,LEAGUE,,Benevento,Spal,1,2,A,Italy,Serie A,football-data.co.uk
league_6e749d4fa029156a,2017-12-17,SERIE_A,2017-18,LEAGUE,,Bologna,Juventus,0,3,A,Italy,Serie A,football-data.co.uk
league_b24898ae163b3d2a,2017-12-17,SERIE_A,2017-18,LEAGUE,,Crotone,Chievo,1,0,H,Italy,Serie A,football-data.co.uk
league_5ff6bcb66519c672,2017-12-17,SERIE_A,2017-18,LEAGUE,,Fiorentina,Genoa,0,0,D,Italy,Serie A,football-data.co.uk
league_ae9ed630108eaa46,2017-12-17,SERIE_A,2017-18,LEAGUE,,Hellas Verona,AC Milan,3,0,H,Italy,Serie A,football-data.co.uk
league_97d79513dda9027e,2017-12-17,SERIE_A,2017-18,LEAGUE,,Sampdoria,Sassuolo,0,1,A,Italy,Serie A,football-data.co.uk
league_718e1b5c74d7430e,2017-12-22,SERIE_A,2017-18,LEAGUE,,Cagliari,Fiorentina,0,1,A,Italy,Serie A,football-data.co.uk
league_0abbc8cfcb5b8369,2017-12-22,SERIE_A,2017-18,LEAGUE,,Chievo,Bologna,2,3,A,Italy,Serie A,football-data.co.uk
league_4c915e8bf044d035,2017-12-23,SERIE_A,2017-18,LEAGUE,,AC Milan,Atalanta,0,2,A,Italy,Serie A,football-data.co.uk
league_c4daee316e92ba4e,2017-12-23,SERIE_A,2017-18,LEAGUE,,Genoa,Benevento,1,0,H,Italy,Serie A,football-data.co.uk
league_b34e54ed85a93953,2017-12-23,SERIE_A,2017-18,LEAGUE,,Juventus,AS Roma,1,0,H,Italy,Serie A,football-data.co.uk
league_aaa5d2f01e41d93d,2017-12-23,SERIE_A,2017-18,LEAGUE,,Napoli,Sampdoria,3,2,H,Italy,Serie A,football-data.co.uk
league_03339345c2233d09,2017-12-23,SERIE_A,2017-18,LEAGUE,,SS Lazio,Crotone,4,0,H,Italy,Serie A,football-data.co.uk
league_760b12d8af7ac25f,2017-12-23,SERIE_A,2017-18,LEAGUE,,Sassuolo,Inter Milan,1,0,H,Italy,Serie A,football-data.co.uk
league_9334cac8fbfb15f0,2017-12-23,SERIE_A,2017-18,LEAGUE,,Spal,Torino,2,2,D,Italy,Serie A,football-data.co.uk
league_8af3d20a8d39d9aa,2017-12-23,SERIE_A,2017-18,LEAGUE,,Udinese,Hellas Verona,4,0,H,Italy,Serie A,football-data.co.uk
league_4bce42e4da2eac56,2017-12-29,SERIE_A,2017-18,LEAGUE,,Crotone,Napoli,0,1,A,Italy,Serie A,football-data.co.uk
league_55884bf136b17dbb,2017-12-30,SERIE_A,2017-18,LEAGUE,,AS Roma,Sassuolo,1,1,D,Italy,Serie A,football-data.co.uk
league_ed398e4c291920e6,2017-12-30,SERIE_A,2017-18,LEAGUE,,Atalanta,Cagliari,1,2,A,Italy,Serie A,football-data.co.uk
league_d582292c3d350569,2017-12-30,SERIE_A,2017-18,LEAGUE,,Benevento,Chievo,1,0,H,Italy,Serie A,football-data.co.uk
league_4f2df48bb6a32572,2017-12-30,SERIE_A,2017-18,LEAGUE,,Bologna,Udinese,1,2,A,Italy,Serie A,football-data.co.uk
league_f6ab92be6f8cbac5,2017-12-30,SERIE_A,2017-18,LEAGUE,,Fiorentina,AC Milan,1,1,D,Italy,Serie A,football-data.co.uk
league_01a0fe1927090755,2017-12-30,SERIE_A,2017-18,LEAGUE,,Hellas Verona,Juventus,1,3,A,Italy,Serie A,football-data.co.uk
league_6a74e8168b8576e3,2017-12-30,SERIE_A,2017-18,LEAGUE,,Inter Milan,SS Lazio,0,0,D,Italy,Serie A,football-data.co.uk
league_bbd61db459a5bd66,2017-12-30,SERIE_A,2017-18,LEAGUE,,Sampdoria,Spal,2,0,H,Italy,Serie A,football-data.co.uk
league_4bbc52a9a9d21def,2017-12-30,SERIE_A,2017-18,LEAGUE,,Torino,Genoa,0,0,D,Italy,Serie A,football-data.co.uk
league_ae4cb67b466e8d34,2018-01-05,SERIE_A,2017-18,LEAGUE,,Chievo,Udinese,1,1,D,Italy,Serie A,football-data.co.uk
league_14b1e439a39a884e,2018-01-05,SERIE_A,2017-18,LEAGUE,,Fiorentina,Inter Milan,1,1,D,Italy,Serie A,football-data.co.uk
league_22cb634b40eac273,2018-01-06,SERIE_A,2017-18,LEAGUE,,AC Milan,Crotone,1,0,H,Italy,Serie A,football-data.co.uk
league_645233494dd5b26b,2018-01-06,SERIE_A,2017-18,LEAGUE,,AS Roma,Atalanta,1,2,A,Italy,Serie A,football-data.co.uk
league_36755c147bc82f6a,2018-01-06,SERIE_A,2017-18,LEAGUE,,Benevento,Sampdoria,3,2,H,Italy,Serie A,football-data.co.uk
league_07a90fb82d937747,2018-01-06,SERIE_A,2017-18,LEAGUE,,Cagliari,Juventus,0,1,A,Italy,Serie A,football-data.co.uk
league_eaa33e3bc03ce0ec,2018-01-06,SERIE_A,2017-18,LEAGUE,,Genoa,Sassuolo,1,0,H,Italy,Serie A,football-data.co.uk
league_2fcd8ff7b2be94c2,2018-01-06,SERIE_A,2017-18,LEAGUE,,Napoli,Hellas Verona,2,0,H,Italy,Serie A,football-data.co.uk
league_00f3ea698c9819fa,2018-01-06,SERIE_A,2017-18,LEAGUE,,Spal,SS Lazio,2,5,A,Italy,Serie A,football-data.co.uk
league_2e65ed7328e33dab,2018-01-06,SERIE_A,2017-18,LEAGUE,,Torino,Bologna,3,0,H,Italy,Serie A,football-data.co.uk
league_fcb26eb60e6fb690,2018-01-21,SERIE_A,2017-18,LEAGUE,,Atalanta,Napoli,0,1,A,Italy,Serie A,football-data.co.uk
league_86b114fbe4bd86a4,2018-01-21,SERIE_A,2017-18,LEAGUE,,Bologna,Benevento,3,0,H,Italy,Serie A,football-data.co.uk
league_61df67dedd006861,2018-01-21,SERIE_A,2017-18,LEAGUE,,Cagliari,AC Milan,1,2,A,Italy,Serie A,football-data.co.uk
league_c01a63c2c458690c,2018-01-21,SERIE_A,2017-18,LEAGUE,,Hellas Verona,Crotone,0,3,A,Italy,Serie A,football-data.co.uk
league_611b823d751a1ea8,2018-01-21,SERIE_A,2017-18,LEAGUE,,Inter Milan,AS Roma,1,1,D,Italy,Serie A,football-data.co.uk
league_4c57eb23efd27fd3,2018-01-21,SERIE_A,2017-18,LEAGUE,,SS Lazio,Chievo,5,1,H,Italy,Serie A,football-data.co.uk
league_883d9cb4851c95ce,2018-01-21,SERIE_A,2017-18,LEAGUE,,Sampdoria,Fiorentina,3,1,H,Italy,Serie A,football-data.co.uk
league_c6d4f8df1dc3754b,2018-01-21,SERIE_A,2017-18,LEAGUE,,Sassuolo,Torino,1,1,D,Italy,Serie A,football-data.co.uk
league_6f714e85d51cc5fd,2018-01-21,SERIE_A,2017-18,LEAGUE,,Udinese,Spal,1,1,D,Italy,Serie A,football-data.co.uk
league_83ceef0ff212f877,2018-01-22,SERIE_A,2017-18,LEAGUE,,Juventus,Genoa,1,0,H,Italy,Serie A,football-data.co.uk
league_8c60859ba4f3d9b5,2018-01-24,SERIE_A,2017-18,LEAGUE,,SS Lazio,Udinese,3,0,H,Italy,Serie A,football-data.co.uk
league_a6c3aa056f8a5380,2018-01-24,SERIE_A,2017-18,LEAGUE,,Sampdoria,AS Roma,1,1,D,Italy,Serie A,football-data.co.uk
league_30990356b2b4ceee,2018-01-27,SERIE_A,2017-18,LEAGUE,,Chievo,Juventus,0,2,A,Italy,Serie A,football-data.co.uk
league_31cd9a2e33b36283,2018-01-27,SERIE_A,2017-18,LEAGUE,,Sassuolo,Atalanta,0,3,A,Italy,Serie A,football-data.co.uk
league_578520c0540499ef,2018-01-28,SERIE_A,2017-18,LEAGUE,,AC Milan,SS Lazio,2,1,H,Italy,Serie A,football-data.co.uk
league_8f58497c46660521,2018-01-28,SERIE_A,2017-18,LEAGUE,,AS Roma,Sampdoria,0,1,A,Italy,Serie A,football-data.co.uk
league_6b1d5455860d9296,2018-01-28,SERIE_A,2017-18,LEAGUE,,Crotone,Cagliari,1,1,D,Italy,Serie A,football-data.co.uk
league_5737e395ba37d5c4,2018-01-28,SERIE_A,2017-18,LEAGUE,,Fiorentina,Hellas Verona,1,4,A,Italy,Serie A,football-data.co.uk
league_4ddccfab4cdb1959,2018-01-28,SERIE_A,2017-18,LEAGUE,,Genoa,Udinese,0,1,A,Italy,Serie A,football-data.co.uk
league_41b2547061176b70,2018-01-28,SERIE_A,2017-18,LEAGUE,,Napoli,Bologna,3,1,H,Italy,Serie A,football-data.co.uk
league_a66bcb88885e463d,2018-01-28,SERIE_A,2017-18,LEAGUE,,Spal,Inter Milan,1,1,D,Italy,Serie A,football-data.co.uk
league_e7d3ca6c41255cb5,2018-01-28,SERIE_A,2017-18,LEAGUE,,Torino,Benevento,3,0,H,Italy,Serie A,football-data.co.uk
league_6171dbf6b1f18212,2018-02-03,SERIE_A,2017-18,LEAGUE,,Inter Milan,Crotone,1,1,D,Italy,Serie A,football-data.co.uk
league_ad8dabfa6f2e8676,2018-02-03,SERIE_A,2017-18,LEAGUE,,Sampdoria,Torino,1,1,D,Italy,Serie A,football-data.co.uk
league_057766e0e6dc7b48,2018-02-04,SERIE_A,2017-18,LEAGUE,,Atalanta,Chievo,1,0,H,Italy,Serie A,football-data.co.uk
league_e7b3e39ff39cd4d6,2018-02-04,SERIE_A,2017-18,LEAGUE,,Benevento,Napoli,0,2,A,Italy,Serie A,football-data.co.uk
league_dd6113632f7da537,2018-02-04,SERIE_A,2017-18,LEAGUE,,Bologna,Fiorentina,1,2,A,Italy,Serie A,football-data.co.uk
league_4df1d27fa35eeb99,2018-02-04,SERIE_A,2017-18,LEAGUE,,Cagliari,Spal,2,0,H,Italy,Serie A,football-data.co.uk
league_3efd9d57fbe541c8,2018-02-04,SERIE_A,2017-18,LEAGUE,,Hellas Verona,AS Roma,0,1,A,Italy,Serie A,football-data.co.uk
league_5954d0f9edce0f44,2018-02-04,SERIE_A,2017-18,LEAGUE,,Juventus,Sassuolo,7,0,H,Italy,Serie A,football-data.co.uk
league_e53fc7e93c8344da,2018-02-04,SERIE_A,2017-18,LEAGUE,,Udinese,AC Milan,1,1,D,Italy,Serie A,football-data.co.uk
league_a7f8c8ae781c630d,2018-02-05,SERIE_A,2017-18,LEAGUE,,SS Lazio,Genoa,1,2,A,Italy,Serie A,football-data.co.uk
league_911be47bf5c559f5,2018-02-09,SERIE_A,2017-18,LEAGUE,,Fiorentina,Juventus,0,2,A,Italy,Serie A,football-data.co.uk
league_17fc3853c5d86efc,2018-02-10,SERIE_A,2017-18,LEAGUE,,Crotone,Atalanta,1,1,D,Italy,Serie A,football-data.co.uk
league_80549914a24462df,2018-02-10,SERIE_A,2017-18,LEAGUE,,Napoli,SS Lazio,4,1,H,Italy,Serie A,football-data.co.uk
league_551f96f927cc0f1a,2018-02-10,SERIE_A,2017-18,LEAGUE,,Spal,AC Milan,0,4,A,Italy,Serie A,football-data.co.uk
league_b094b6233270370d,2018-02-11,SERIE_A,2017-18,LEAGUE,,AS Roma,Benevento,5,2,H,Italy,Serie A,football-data.co.uk
league_1ea56ce7061e3d2c,2018-02-11,SERIE_A,2017-18,LEAGUE,,Chievo,Genoa,0,1,A,Italy,Serie A,football-data.co.uk
league_865f70cb27a4d1aa,2018-02-11,SERIE_A,2017-18,LEAGUE,,Inter Milan,Bologna,2,1,H,Italy,Serie A,football-data.co.uk
league_7f52a094f4199b92,2018-02-11,SERIE_A,2017-18,LEAGUE,,Sampdoria,Hellas Verona,2,0,H,Italy,Serie A,football-data.co.uk
league_7b667f57f64abd94,2018-02-11,SERIE_A,2017-18,LEAGUE,,Sassuolo,Cagliari,0,0,D,Italy,Serie A,football-data.co.uk
league_04039bf8b34c06b9,2018-02-11,SERIE_A,2017-18,LEAGUE,,Torino,Udinese,2,0,H,Italy,Serie A,football-data.co.uk
league_ceb358857605c1fd,2018-02-17,SERIE_A,2017-18,LEAGUE,,Chievo,Cagliari,2,1,H,Italy,Serie A,football-data.co.uk
league_6dc68f421be5092e,2018-02-17,SERIE_A,2017-18,LEAGUE,,Genoa,Inter Milan,2,0,H,Italy,Serie A,football-data.co.uk
league_a058e04a6e9fa534,2018-02-17,SERIE_A,2017-18,LEAGUE,,Udinese,AS Roma,0,2,A,Italy,Serie A,football-data.co.uk
league_d9b184c8aa3a8f5e,2018-02-18,SERIE_A,2017-18,LEAGUE,,AC Milan,Sampdoria,1,0,H,Italy,Serie A,football-data.co.uk
league_868b01682e3c7030,2018-02-18,SERIE_A,2017-18,LEAGUE,,Atalanta,Fiorentina,1,1,D,Italy,Serie A,football-data.co.uk
league_53b3abd81f261e71,2018-02-18,SERIE_A,2017-18,LEAGUE,,Benevento,Crotone,3,2,H,Italy,Serie A,football-data.co.uk
league_d4344b47ee53e9fc,2018-02-18,SERIE_A,2017-18,LEAGUE,,Bologna,Sassuolo,2,1,H,Italy,Serie A,football-data.co.uk
league_3ab9915fa3fd53bb,2018-02-18,SERIE_A,2017-18,LEAGUE,,Napoli,Spal,1,0,H,Italy,Serie A,football-data.co.uk
league_66cb1f22bc3ee138,2018-02-18,SERIE_A,2017-18,LEAGUE,,Torino,Juventus,0,1,A,Italy,Serie A,football-data.co.uk
league_9561f78a16ea2f23,2018-02-19,SERIE_A,2017-18,LEAGUE,,SS Lazio,Hellas Verona,2,0,H,Italy,Serie A,football-data.co.uk
league_516f4b4338b91fbc,2018-02-24,SERIE_A,2017-18,LEAGUE,,Bologna,Genoa,2,0,H,Italy,Serie A,football-data.co.uk
league_90a0c9c6b4b1962c,2018-02-24,SERIE_A,2017-18,LEAGUE,,Inter Milan,Benevento,2,0,H,Italy,Serie A,football-data.co.uk
league_ea5e711a458d5e25,2018-02-25,SERIE_A,2017-18,LEAGUE,,AS Roma,AC Milan,0,2,A,Italy,Serie A,football-data.co.uk
league_8cb980ec508fdf31,2018-02-25,SERIE_A,2017-18,LEAGUE,,Crotone,Spal,2,3,A,Italy,Serie A,football-data.co.uk
league_5075b2798c368fdf,2018-02-25,SERIE_A,2017-18,LEAGUE,,Fiorentina,Chievo,1,0,H,Italy,Serie A,football-data.co.uk
league_25a2e3ac7833f08b,2018-02-25,SERIE_A,2017-18,LEAGUE,,Hellas Verona,Torino,2,1,H,Italy,Serie A,football-data.co.uk
league_75bed5f5d8ef10c0,2018-02-25,SERIE_A,2017-18,LEAGUE,,Sampdoria,Udinese,2,1,H,Italy,Serie A,football-data.co.uk
league_262e740ee0ada119,2018-02-25,SERIE_A,2017-18,LEAGUE,,Sassuolo,SS Lazio,0,3,A,Italy,Serie A,football-data.co.uk
league_6b2a731708566c9e,2018-02-26,SERIE_A,2017-18,LEAGUE,,Cagliari,Napoli,0,5,A,Italy,Serie A,football-data.co.uk
league_46d16be375a9943b,2018-03-03,SERIE_A,2017-18,LEAGUE,,Napoli,AS Roma,2,4,A,Italy,Serie A,football-data.co.uk
league_5c8d54b09c5dc0e8,2018-03-03,SERIE_A,2017-18,LEAGUE,,SS Lazio,Juventus,0,1,A,Italy,Serie A,football-data.co.uk
league_dabf3b807bf7f35b,2018-03-03,SERIE_A,2017-18,LEAGUE,,Spal,Bologna,1,0,H,Italy,Serie A,football-data.co.uk
league_03b31442c4c7f5ce,2018-03-09,SERIE_A,2017-18,LEAGUE,,AS Roma,Torino,3,0,H,Italy,Serie A,football-data.co.uk
league_3ce1765d67d63889,2018-03-10,SERIE_A,2017-18,LEAGUE,,Hellas Verona,Chievo,1,0,H,Italy,Serie A,football-data.co.uk
league_0a16895505c6e504,2018-03-11,SERIE_A,2017-18,LEAGUE,,Bologna,Atalanta,0,1,A,Italy,Serie A,football-data.co.uk
league_ad835525bd3d04bc,2018-03-11,SERIE_A,2017-18,LEAGUE,,Cagliari,SS Lazio,2,2,D,Italy,Serie A,football-data.co.uk
league_b4e93ccbc2d6bc6b,2018-03-11,SERIE_A,2017-18,LEAGUE,,Crotone,Sampdoria,4,1,H,Italy,Serie A,football-data.co.uk
league_703bb66bbaa7aa9b,2018-03-11,SERIE_A,2017-18,LEAGUE,,Fiorentina,Benevento,1,0,H,Italy,Serie A,football-data.co.uk
league_ea0652f54f933f90,2018-03-11,SERIE_A,2017-18,LEAGUE,,Genoa,AC Milan,0,1,A,Italy,Serie A,football-data.co.uk
league_ff4104c542386d20,2018-03-11,SERIE_A,2017-18,LEAGUE,,Inter Milan,Napoli,0,0,D,Italy,Serie A,football-data.co.uk
league_85e2565a97e11a26,2018-03-11,SERIE_A,2017-18,LEAGUE,,Juventus,Udinese,2,0,H,Italy,Serie A,football-data.co.uk
league_bdfae007362fd348,2018-03-11,SERIE_A,2017-18,LEAGUE,,Sassuolo,Spal,1,1,D,Italy,Serie A,football-data.co.uk
league_61f98283d930078f,2018-03-14,SERIE_A,2017-18,LEAGUE,,Juventus,Atalanta,2,0,H,Italy,Serie A,football-data.co.uk
league_5a3f959fe41148db,2018-03-17,SERIE_A,2017-18,LEAGUE,,Spal,Juventus,0,0,D,Italy,Serie A,football-data.co.uk
league_6a14b45b577b4d16,2018-03-17,SERIE_A,2017-18,LEAGUE,,Udinese,Sassuolo,1,2,A,Italy,Serie A,football-data.co.uk
league_fafa157901dd2677,2018-03-18,SERIE_A,2017-18,LEAGUE,,AC Milan,Chievo,3,2,H,Italy,Serie A,football-data.co.uk
league_e05acd22107c757d,2018-03-18,SERIE_A,2017-18,LEAGUE,,Benevento,Cagliari,1,2,A,Italy,Serie A,football-data.co.uk
league_aee12641b39dab16,2018-03-18,SERIE_A,2017-18,LEAGUE,,Crotone,AS Roma,0,2,A,Italy,Serie A,football-data.co.uk
league_f730bcc7fe5393f9,2018-03-18,SERIE_A,2017-18,LEAGUE,,Hellas Verona,Atalanta,0,5,A,Italy,Serie A,football-data.co.uk
league_c9e914cfc83c7cb2,2018-03-18,SERIE_A,2017-18,LEAGUE,,Napoli,Genoa,1,0,H,Italy,Serie A,football-data.co.uk
league_63f6fcd9f98364b4,2018-03-18,SERIE_A,2017-18,LEAGUE,,SS Lazio,Bologna,1,1,D,Italy,Serie A,football-data.co.uk
league_cf69e94a3088e9a1,2018-03-18,SERIE_A,2017-18,LEAGUE,,Sampdoria,Inter Milan,0,5,A,Italy,Serie A,football-data.co.uk
league_0c6ba630e598b8dd,2018-03-18,SERIE_A,2017-18,LEAGUE,,Torino,Fiorentina,1,2,A,Italy,Serie A,football-data.co.uk
league_4e94688f3d500cbe,2018-03-31,SERIE_A,2017-18,LEAGUE,,Atalanta,Udinese,2,0,H,Italy,Serie A,football-data.co.uk
league_fcb7fb5fb4ac0906,2018-03-31,SERIE_A,2017-18,LEAGUE,,Bologna,AS Roma,1,1,D,Italy,Serie A,football-data.co.uk
league_63a99f5ff7329b9c,2018-03-31,SERIE_A,2017-18,LEAGUE,,Cagliari,Torino,0,4,A,Italy,Serie A,football-data.co.uk
league_8c11006b2fd7dcfe,2018-03-31,SERIE_A,2017-18,LEAGUE,,Chievo,Sampdoria,2,1,H,Italy,Serie A,football-data.co.uk
league_b8c003fedb987e26,2018-03-31,SERIE_A,2017-18,LEAGUE,,Fiorentina,Crotone,2,0,H,Italy,Serie A,football-data.co.uk
league_dadd97cc3294165a,2018-03-31,SERIE_A,2017-18,LEAGUE,,Genoa,Spal,1,1,D,Italy,Serie A,football-data.co.uk
league_6bf6821a2aa0b3be,2018-03-31,SERIE_A,2017-18,LEAGUE,,Inter Milan,Hellas Verona,3,0,H,Italy,Serie A,football-data.co.uk
league_269e3ec560ed31f3,2018-03-31,SERIE_A,2017-18,LEAGUE,,Juventus,AC Milan,3,1,H,Italy,Serie A,football-data.co.uk
league_99b1bd1f12135d56,2018-03-31,SERIE_A,2017-18,LEAGUE,,SS Lazio,Benevento,6,2,H,Italy,Serie A,football-data.co.uk
league_41fcc08b9c32079f,2018-03-31,SERIE_A,2017-18,LEAGUE,,Sassuolo,Napoli,1,1,D,Italy,Serie A,football-data.co.uk
league_a5fcea6b922edce0,2018-04-03,SERIE_A,2017-18,LEAGUE,,Atalanta,Sampdoria,1,2,A,Italy,Serie A,football-data.co.uk
league_f41f50a48207b8db,2018-04-03,SERIE_A,2017-18,LEAGUE,,Genoa,Cagliari,2,1,H,Italy,Serie A,football-data.co.uk
league_2a960ac9cbbc9a69,2018-04-03,SERIE_A,2017-18,LEAGUE,,Udinese,Fiorentina,0,2,A,Italy,Serie A,football-data.co.uk
league_7de308f62607663b,2018-04-04,SERIE_A,2017-18,LEAGUE,,AC Milan,Inter Milan,0,0,D,Italy,Serie A,football-data.co.uk
league_097a3d7d75aab920,2018-04-04,SERIE_A,2017-18,LEAGUE,,Benevento,Hellas Verona,3,0,H,Italy,Serie A,football-data.co.uk
league_964bf5289fa4b518,2018-04-04,SERIE_A,2017-18,LEAGUE,,Chievo,Sassuolo,1,1,D,Italy,Serie A,football-data.co.uk
league_ff8ba02ba4f5ca89,2018-04-04,SERIE_A,2017-18,LEAGUE,,Torino,Crotone,4,1,H,Italy,Serie A,football-data.co.uk
league_f4d5947517687cb0,2018-04-07,SERIE_A,2017-18,LEAGUE,,AS Roma,Fiorentina,0,2,A,Italy,Serie A,football-data.co.uk
league_3a24ad528ee1b17c,2018-04-07,SERIE_A,2017-18,LEAGUE,,Benevento,Juventus,2,4,A,Italy,Serie A,football-data.co.uk
league_bbca778de2b155a5,2018-04-07,SERIE_A,2017-18,LEAGUE,,Sampdoria,Genoa,0,0,D,Italy,Serie A,football-data.co.uk
league_be760c3fb7d88b7e,2018-04-07,SERIE_A,2017-18,LEAGUE,,Spal,Atalanta,1,1,D,Italy,Serie A,football-data.co.uk
league_4a6fa69891c28c3b,2018-04-08,SERIE_A,2017-18,LEAGUE,,AC Milan,Sassuolo,1,1,D,Italy,Serie A,football-data.co.uk
league_0ec786c82cf9e025,2018-04-08,SERIE_A,2017-18,LEAGUE,,Crotone,Bologna,1,0,H,Italy,Serie A,football-data.co.uk
league_9703aaf4217936ca,2018-04-08,SERIE_A,2017-18,LEAGUE,,Hellas Verona,Cagliari,1,0,H,Italy,Serie A,football-data.co.uk
league_9d6c5654fdfc6854,2018-04-08,SERIE_A,2017-18,LEAGUE,,Napoli,Chievo,2,1,H,Italy,Serie A,football-data.co.uk
league_a3c5346f302d8083,2018-04-08,SERIE_A,2017-18,LEAGUE,,Torino,Inter Milan,1,0,H,Italy,Serie A,football-data.co.uk
league_31061d8945025045,2018-04-08,SERIE_A,2017-18,LEAGUE,,Udinese,SS Lazio,1,2,A,Italy,Serie A,football-data.co.uk
league_0bc6d800997c9644,2018-04-14,SERIE_A,2017-18,LEAGUE,,Atalanta,Inter Milan,0,0,D,Italy,Serie A,football-data.co.uk
league_b6e2923d6b3d470d,2018-04-14,SERIE_A,2017-18,LEAGUE,,Cagliari,Udinese,2,1,H,Italy,Serie A,football-data.co.uk
league_9acc93172063f977,2018-04-14,SERIE_A,2017-18,LEAGUE,,Chievo,Torino,0,0,D,Italy,Serie A,football-data.co.uk
league_e5ffb1beb598a282,2018-04-14,SERIE_A,2017-18,LEAGUE,,Genoa,Crotone,1,0,H,Italy,Serie A,football-data.co.uk
league_3c3f3dccf1096049,2018-04-15,SERIE_A,2017-18,LEAGUE,,AC Milan,Napoli,0,0,D,Italy,Serie A,football-data.co.uk
league_5db2f7fa9d5f20e1,2018-04-15,SERIE_A,2017-18,LEAGUE,,Bologna,Hellas Verona,2,0,H,Italy,Serie A,football-data.co.uk
league_d6a5aa92a828cb11,2018-04-15,SERIE_A,2017-18,LEAGUE,,Fiorentina,Spal,0,0,D,Italy,Serie A,football-data.co.uk
league_7afbc2c40e2c22ba,2018-04-15,SERIE_A,2017-18,LEAGUE,,Juventus,Sampdoria,3,0,H,Italy,Serie A,football-data.co.uk
league_a553b9187308eaa1,2018-04-15,SERIE_A,2017-18,LEAGUE,,SS Lazio,AS Roma,0,0,D,Italy,Serie A,football-data.co.uk
league_5ddb7039c167e0bd,2018-04-15,SERIE_A,2017-18,LEAGUE,,Sassuolo,Benevento,2,2,D,Italy,Serie A,football-data.co.uk
league_ce7b200f325ec03d,2018-04-17,SERIE_A,2017-18,LEAGUE,,Inter Milan,Cagliari,4,0,H,Italy,Serie A,football-data.co.uk
league_fc89e2770cc107e1,2018-04-18,SERIE_A,2017-18,LEAGUE,,AS Roma,Genoa,2,1,H,Italy,Serie A,football-data.co.uk
league_85f1475156161e4f,2018-04-18,SERIE_A,2017-18,LEAGUE,,Benevento,Atalanta,0,3,A,Italy,Serie A,football-data.co.uk
league_52ca903ababdf0c0,2018-04-18,SERIE_A,2017-18,LEAGUE,,Crotone,Juventus,1,1,D,Italy,Serie A,football-data.co.uk
league_5c1149851210f482,2018-04-18,SERIE_A,2017-18,LEAGUE,,Fiorentina,SS Lazio,3,4,A,Italy,Serie A,football-data.co.uk
league_83fdcbbef980d5b0,2018-04-18,SERIE_A,2017-18,LEAGUE,,Hellas Verona,Sassuolo,0,1,A,Italy,Serie A,football-data.co.uk
league_88dcd3c734521ea1,2018-04-18,SERIE_A,2017-18,LEAGUE,,Napoli,Udinese,4,2,H,Italy,Serie A,football-data.co.uk
league_0910a01706083fae,2018-04-18,SERIE_A,2017-18,LEAGUE,,Sampdoria,Bologna,1,0,H,Italy,Serie A,football-data.co.uk
league_9b9dbc27cdada5ae,2018-04-18,SERIE_A,2017-18,LEAGUE,,Spal,Chievo,0,0,D,Italy,Serie A,football-data.co.uk
league_68416a39664df506,2018-04-18,SERIE_A,2017-18,LEAGUE,,Torino,AC Milan,1,1,D,Italy,Serie A,football-data.co.uk
league_f17069ad28def1c0,2018-04-21,SERIE_A,2017-18,LEAGUE,,AC Milan,Benevento,0,1,A,Italy,Serie A,football-data.co.uk
league_5df6212850253a9c,2018-04-21,SERIE_A,2017-18,LEAGUE,,Sassuolo,Fiorentina,1,0,H,Italy,Serie A,football-data.co.uk
league_6970e350a148e864,2018-04-21,SERIE_A,2017-18,LEAGUE,,Spal,AS Roma,0,3,A,Italy,Serie A,football-data.co.uk
league_ee573277e0f355ce,2018-04-22,SERIE_A,2017-18,LEAGUE,,Atalanta,Torino,2,1,H,Italy,Serie A,football-data.co.uk
league_015ba94ecb3e1bd2,2018-04-22,SERIE_A,2017-18,LEAGUE,,Cagliari,Bologna,0,0,D,Italy,Serie A,football-data.co.uk
league_b519f6b094cc161c,2018-04-22,SERIE_A,2017-18,LEAGUE,,Chievo,Inter Milan,1,2,A,Italy,Serie A,football-data.co.uk
league_11c9eb63a76abf3a,2018-04-22,SERIE_A,2017-18,LEAGUE,,Juventus,Napoli,0,1,A,Italy,Serie A,football-data.co.uk
league_9d5f893e3569caae,2018-04-22,SERIE_A,2017-18,LEAGUE,,SS Lazio,Sampdoria,4,0,H,Italy,Serie A,football-data.co.uk
league_f8021ed51c3febc1,2018-04-22,SERIE_A,2017-18,LEAGUE,,Udinese,Crotone,1,2,A,Italy,Serie A,football-data.co.uk
league_991aac3d9645b3e6,2018-04-23,SERIE_A,2017-18,LEAGUE,,Genoa,Hellas Verona,3,1,H,Italy,Serie A,football-data.co.uk
league_ae4003947c2fed3e,2018-04-28,SERIE_A,2017-18,LEAGUE,,AS Roma,Chievo,4,1,H,Italy,Serie A,football-data.co.uk
league_0888cd6f9e45afb7,2018-04-28,SERIE_A,2017-18,LEAGUE,,Inter Milan,Juventus,2,3,A,Italy,Serie A,football-data.co.uk
league_edc25bf86416b5e7,2018-04-29,SERIE_A,2017-18,LEAGUE,,Atalanta,Genoa,3,1,H,Italy,Serie A,football-data.co.uk
league_e4b1d4b6a0080b7b,2018-04-29,SERIE_A,2017-18,LEAGUE,,Benevento,Udinese,3,3,D,Italy,Serie A,football-data.co.uk
league_09fbcbdb538cd448,2018-04-29,SERIE_A,2017-18,LEAGUE,,Bologna,AC Milan,1,2,A,Italy,Serie A,football-data.co.uk
league_24f3a63acc74100f,2018-04-29,SERIE_A,2017-18,LEAGUE,,Crotone,Sassuolo,4,1,H,Italy,Serie A,football-data.co.uk
league_84d7ac17af8a2d84,2018-04-29,SERIE_A,2017-18,LEAGUE,,Fiorentina,Napoli,3,0,H,Italy,Serie A,football-data.co.uk
league_ee163f3253a39ecd,2018-04-29,SERIE_A,2017-18,LEAGUE,,Hellas Verona,Spal,1,3,A,Italy,Serie A,football-data.co.uk
league_ce7a8fd920e5425b,2018-04-29,SERIE_A,2017-18,LEAGUE,,Sampdoria,Cagliari,4,1,H,Italy,Serie A,football-data.co.uk
league_f0a6709e6c2880ba,2018-04-29,SERIE_A,2017-18,LEAGUE,,Torino,SS Lazio,0,1,A,Italy,Serie A,football-data.co.uk
league_79b74b6a1906d91b,2018-05-05,SERIE_A,2017-18,LEAGUE,,AC Milan,Hellas Verona,4,1,H,Italy,Serie A,football-data.co.uk
league_e716f933b0553834,2018-05-05,SERIE_A,2017-18,LEAGUE,,Juventus,Bologna,3,1,H,Italy,Serie A,football-data.co.uk
league_f18f6bb26590a1e6,2018-05-06,SERIE_A,2017-18,LEAGUE,,Cagliari,AS Roma,0,1,A,Italy,Serie A,football-data.co.uk
league_a6bd62e9253f4465,2018-05-06,SERIE_A,2017-18,LEAGUE,,Chievo,Crotone,2,1,H,Italy,Serie A,football-data.co.uk
league_8b20426491a6ad7a,2018-05-06,SERIE_A,2017-18,LEAGUE,,Genoa,Fiorentina,2,3,A,Italy,Serie A,football-data.co.uk
league_16ef3ac1c43b50d8,2018-05-06,SERIE_A,2017-18,LEAGUE,,Napoli,Torino,2,2,D,Italy,Serie A,football-data.co.uk
league_fbe8603d9ed081e6,2018-05-06,SERIE_A,2017-18,LEAGUE,,SS Lazio,Atalanta,1,1,D,Italy,Serie A,football-data.co.uk
league_d6c5bf1522ad73db,2018-05-06,SERIE_A,2017-18,LEAGUE,,Sassuolo,Sampdoria,1,0,H,Italy,Serie A,football-data.co.uk
league_295304c09ca6b5d7,2018-05-06,SERIE_A,2017-18,LEAGUE,,Spal,Benevento,2,0,H,Italy,Serie A,football-data.co.uk
league_9c0bf8b28a67dad5,2018-05-06,SERIE_A,2017-18,LEAGUE,,Udinese,Inter Milan,0,4,A,Italy,Serie A,football-data.co.uk
league_6d16f4005c8cb298,2018-05-12,SERIE_A,2017-18,LEAGUE,,Benevento,Genoa,1,0,H,Italy,Serie A,football-data.co.uk
league_234ddab75759c02a,2018-05-12,SERIE_A,2017-18,LEAGUE,,Inter Milan,Sassuolo,1,2,A,Italy,Serie A,football-data.co.uk
league_0ef40de1cb53e484,2018-05-13,SERIE_A,2017-18,LEAGUE,,AS Roma,Juventus,0,0,D,Italy,Serie A,football-data.co.uk
league_b8f945a4c16daff8,2018-05-13,SERIE_A,2017-18,LEAGUE,,Atalanta,AC Milan,1,1,D,Italy,Serie A,football-data.co.uk
league_849a0dba953a43ef,2018-05-13,SERIE_A,2017-18,LEAGUE,,Bologna,Chievo,1,2,A,Italy,Serie A,football-data.co.uk
league_60f9949ba4473fa8,2018-05-13,SERIE_A,2017-18,LEAGUE,,Crotone,SS Lazio,2,2,D,Italy,Serie A,football-data.co.uk
league_da8a4e3fb2215b92,2018-05-13,SERIE_A,2017-18,LEAGUE,,Fiorentina,Cagliari,0,1,A,Italy,Serie A,football-data.co.uk
league_726880ca8ece8fee,2018-05-13,SERIE_A,2017-18,LEAGUE,,Hellas Verona,Udinese,0,1,A,Italy,Serie A,football-data.co.uk
league_0d0e5472e7f7ddeb,2018-05-13,SERIE_A,2017-18,LEAGUE,,Sampdoria,Napoli,0,2,A,Italy,Serie A,football-data.co.uk
league_57ee3958b1c90854,2018-05-13,SERIE_A,2017-18,LEAGUE,,Torino,Spal,2,1,H,Italy,Serie A,football-data.co.uk
league_193066ff0c5d688d,2018-05-19,SERIE_A,2017-18,LEAGUE,,Juventus,Hellas Verona,2,1,H,Italy,Serie A,football-data.co.uk
league_a4a75ae856991e4b,2018-05-20,SERIE_A,2017-18,LEAGUE,,AC Milan,Fiorentina,5,1,H,Italy,Serie A,football-data.co.uk
league_9d811e79a8d2b591,2018-05-20,SERIE_A,2017-18,LEAGUE,,Cagliari,Atalanta,1,0,H,Italy,Serie A,football-data.co.uk
league_495fc05618e16b37,2018-05-20,SERIE_A,2017-18,LEAGUE,,Chievo,Benevento,1,0,H,Italy,Serie A,football-data.co.uk
league_fa69afa77e667a7e,2018-05-20,SERIE_A,2017-18,LEAGUE,,Genoa,Torino,1,2,A,Italy,Serie A,football-data.co.uk
league_6279d3fc20132249,2018-05-20,SERIE_A,2017-18,LEAGUE,,Napoli,Crotone,2,1,H,Italy,Serie A,football-data.co.uk
league_0b67a4d27f40e373,2018-05-20,SERIE_A,2017-18,LEAGUE,,SS Lazio,Inter Milan,2,3,A,Italy,Serie A,football-data.co.uk
league_e5ed73df32a2d461,2018-05-20,SERIE_A,2017-18,LEAGUE,,Sassuolo,AS Roma,0,1,A,Italy,Serie A,football-data.co.uk
league_a9de03f76efce052,2018-05-20,SERIE_A,2017-18,LEAGUE,,Spal,Sampdoria,3,1,H,Italy,Serie A,football-data.co.uk
league_02c35d8b0c43f04b,2018-05-20,SERIE_A,2017-18,LEAGUE,,Udinese,Bologna,1,0,H,Italy,Serie A,football-data.co.uk
league_4a7ef68226432277,2018-08-18,SERIE_A,2018-19,LEAGUE,,Chievo,Juventus,2,3,A,Italy,Serie A,football-data.co.uk
league_504785e62bf2fe31,2018-08-18,SERIE_A,2018-19,LEAGUE,,SS Lazio,Napoli,1,2,A,Italy,Serie A,football-data.co.uk
league_39bb0249677664ba,2018-08-19,SERIE_A,2018-19,LEAGUE,,Bologna,Spal,0,1,A,Italy,Serie A,football-data.co.uk
league_ae7b5cbaa04d6f36,2018-08-19,SERIE_A,2018-19,LEAGUE,,Empoli,Cagliari,2,0,H,Italy,Serie A,football-data.co.uk
league_759ec8a301fef651,2018-08-19,SERIE_A,2018-19,LEAGUE,,Parma,Udinese,2,2,D,Italy,Serie A,football-data.co.uk
league_415f2780feba8524,2018-08-19,SERIE_A,2018-19,LEAGUE,,Sassuolo,Inter Milan,1,0,H,Italy,Serie A,football-data.co.uk
league_e06016f47ef6db87,2018-08-19,SERIE_A,2018-19,LEAGUE,,Torino,AS Roma,0,1,A,Italy,Serie A,football-data.co.uk
league_15c9aae9f7dfee66,2018-08-20,SERIE_A,2018-19,LEAGUE,,Atalanta,Frosinone,4,0,H,Italy,Serie A,football-data.co.uk
league_f8dc70c35ced102d,2018-08-25,SERIE_A,2018-19,LEAGUE,,Juventus,SS Lazio,2,0,H,Italy,Serie A,football-data.co.uk
league_6386d86256258fd7,2018-08-25,SERIE_A,2018-19,LEAGUE,,Napoli,AC Milan,3,2,H,Italy,Serie A,football-data.co.uk
league_8ee31ef46b054d61,2018-08-26,SERIE_A,2018-19,LEAGUE,,Cagliari,Sassuolo,2,2,D,Italy,Serie A,football-data.co.uk
league_9184e63b1c00d339,2018-08-26,SERIE_A,2018-19,LEAGUE,,Fiorentina,Chievo,6,1,H,Italy,Serie A,football-data.co.uk
league_87714c1137b05b87,2018-08-26,SERIE_A,2018-19,LEAGUE,,Frosinone,Bologna,0,0,D,Italy,Serie A,football-data.co.uk
league_b0d0262857cface1,2018-08-26,SERIE_A,2018-19,LEAGUE,,Genoa,Empoli,2,1,H,Italy,Serie A,football-data.co.uk
league_22d134f3f5afbdfc,2018-08-26,SERIE_A,2018-19,LEAGUE,,Inter Milan,Torino,2,2,D,Italy,Serie A,football-data.co.uk
league_7b3bafe48f87950d,2018-08-26,SERIE_A,2018-19,LEAGUE,,Spal,Parma,1,0,H,Italy,Serie A,football-data.co.uk
league_510149f5149acf8b,2018-08-26,SERIE_A,2018-19,LEAGUE,,Udinese,Sampdoria,1,0,H,Italy,Serie A,football-data.co.uk
league_51440c107a652927,2018-08-27,SERIE_A,2018-19,LEAGUE,,AS Roma,Atalanta,3,3,D,Italy,Serie A,football-data.co.uk
league_c5400a89566f5b4b,2018-08-31,SERIE_A,2018-19,LEAGUE,,AC Milan,AS Roma,2,1,H,Italy,Serie A,football-data.co.uk
league_0a95295cb528f709,2018-09-01,SERIE_A,2018-19,LEAGUE,,Bologna,Inter Milan,0,3,A,Italy,Serie A,football-data.co.uk
league_7177545318fe5494,2018-09-01,SERIE_A,2018-19,LEAGUE,,Parma,Juventus,1,2,A,Italy,Serie A,football-data.co.uk
league_037dc36b0e3e0b26,2018-09-02,SERIE_A,2018-19,LEAGUE,,Atalanta,Cagliari,0,1,A,Italy,Serie A,football-data.co.uk
league_68b48546935305cc,2018-09-02,SERIE_A,2018-19,LEAGUE,,Chievo,Empoli,0,0,D,Italy,Serie A,football-data.co.uk
league_41bfa8551ba30bf9,2018-09-02,SERIE_A,2018-19,LEAGUE,,Fiorentina,Udinese,1,0,H,Italy,Serie A,football-data.co.uk
league_0936a88cc0a676cf,2018-09-02,SERIE_A,2018-19,LEAGUE,,SS Lazio,Frosinone,1,0,H,Italy,Serie A,football-data.co.uk
league_ddd37c3a4b09eaee,2018-09-02,SERIE_A,2018-19,LEAGUE,,Sampdoria,Napoli,3,0,H,Italy,Serie A,football-data.co.uk
league_e6e4e070347d798b,2018-09-02,SERIE_A,2018-19,LEAGUE,,Sassuolo,Genoa,5,3,H,Italy,Serie A,football-data.co.uk
league_34123a00d71a45be,2018-09-02,SERIE_A,2018-19,LEAGUE,,Torino,Spal,1,0,H,Italy,Serie A,football-data.co.uk
league_feeb12fcdf7413c1,2018-09-15,SERIE_A,2018-19,LEAGUE,,Frosinone,Sampdoria,0,5,A,Italy,Serie A,football-data.co.uk
league_8c297c2be6f9fa35,2018-09-15,SERIE_A,2018-19,LEAGUE,,Inter Milan,Parma,0,1,A,Italy,Serie A,football-data.co.uk
league_8d78df53b0b3e78b,2018-09-15,SERIE_A,2018-19,LEAGUE,,Napoli,Fiorentina,1,0,H,Italy,Serie A,football-data.co.uk
league_3febaba11472403f,2018-09-16,SERIE_A,2018-19,LEAGUE,,AS Roma,Chievo,2,2,D,Italy,Serie A,football-data.co.uk
league_751fde3458f3258f,2018-09-16,SERIE_A,2018-19,LEAGUE,,Cagliari,AC Milan,1,1,D,Italy,Serie A,football-data.co.uk
league_4278efd9d4694a71,2018-09-16,SERIE_A,2018-19,LEAGUE,,Empoli,SS Lazio,0,1,A,Italy,Serie A,football-data.co.uk
league_a45a28bc3161d016,2018-09-16,SERIE_A,2018-19,LEAGUE,,Genoa,Bologna,1,0,H,Italy,Serie A,football-data.co.uk
league_b6e04298763bc443,2018-09-16,SERIE_A,2018-19,LEAGUE,,Juventus,Sassuolo,2,1,H,Italy,Serie A,football-data.co.uk
league_f81b699ab290af9c,2018-09-16,SERIE_A,2018-19,LEAGUE,,Udinese,Torino,1,1,D,Italy,Serie A,football-data.co.uk
league_1d6a0c56a89c36be,2018-09-17,SERIE_A,2018-19,LEAGUE,,Spal,Atalanta,2,0,H,Italy,Serie A,football-data.co.uk
league_9c8fc19d1979d485,2018-09-19,SERIE_A,2018-19,LEAGUE,,Sampdoria,Fiorentina,1,1,D,Italy,Serie A,football-data.co.uk
league_0d7639776e8cb844,2018-09-21,SERIE_A,2018-19,LEAGUE,,Sassuolo,Empoli,3,1,H,Italy,Serie A,football-data.co.uk
league_594a6e42b8d34bd8,2018-09-22,SERIE_A,2018-19,LEAGUE,,Fiorentina,Spal,3,0,H,Italy,Serie A,football-data.co.uk
league_3568c38cb43e272c,2018-09-22,SERIE_A,2018-19,LEAGUE,,Parma,Cagliari,2,0,H,Italy,Serie A,football-data.co.uk
league_1428b950a2220262,2018-09-22,SERIE_A,2018-19,LEAGUE,,Sampdoria,Inter Milan,0,1,A,Italy,Serie A,football-data.co.uk
league_8694009f07bbd926,2018-09-23,SERIE_A,2018-19,LEAGUE,,AC Milan,Atalanta,2,2,D,Italy,Serie A,football-data.co.uk
league_5deef3d1f109d5d2,2018-09-23,SERIE_A,2018-19,LEAGUE,,Bologna,AS Roma,2,0,H,Italy,Serie A,football-data.co.uk
league_7f000a3dc66d7db6,2018-09-23,SERIE_A,2018-19,LEAGUE,,Chievo,Udinese,0,2,A,Italy,Serie A,football-data.co.uk
league_ef2e609d9a6f4af9,2018-09-23,SERIE_A,2018-19,LEAGUE,,Frosinone,Juventus,0,2,A,Italy,Serie A,football-data.co.uk
league_83579966951944e4,2018-09-23,SERIE_A,2018-19,LEAGUE,,SS Lazio,Genoa,4,1,H,Italy,Serie A,football-data.co.uk
league_efbb6f2330fa2fa3,2018-09-23,SERIE_A,2018-19,LEAGUE,,Torino,Napoli,1,3,A,Italy,Serie A,football-data.co.uk
league_ce4887f6d778fd2a,2018-09-25,SERIE_A,2018-19,LEAGUE,,Inter Milan,Fiorentina,2,1,H,Italy,Serie A,football-data.co.uk
league_be75deb8d25c61bf,2018-09-26,SERIE_A,2018-19,LEAGUE,,AS Roma,Frosinone,4,0,H,Italy,Serie A,football-data.co.uk
league_1d8627e03378afa3,2018-09-26,SERIE_A,2018-19,LEAGUE,,Atalanta,Torino,0,0,D,Italy,Serie A,football-data.co.uk
league_6390579ae3166dbc,2018-09-26,SERIE_A,2018-19,LEAGUE,,Cagliari,Sampdoria,0,0,D,Italy,Serie A,football-data.co.uk
league_fc219d79da55325f,2018-09-26,SERIE_A,2018-19,LEAGUE,,Genoa,Chievo,2,0,H,Italy,Serie A,football-data.co.uk
league_73c90fed1666de73,2018-09-26,SERIE_A,2018-19,LEAGUE,,Juventus,Bologna,2,0,H,Italy,Serie A,football-data.co.uk
league_f05aff4e16836c81,2018-09-26,SERIE_A,2018-19,LEAGUE,,Napoli,Parma,3,0,H,Italy,Serie A,football-data.co.uk
league_3015b3f0da54d988,2018-09-26,SERIE_A,2018-19,LEAGUE,,Udinese,SS Lazio,1,2,A,Italy,Serie A,football-data.co.uk
league_d59af1deee8a07a3,2018-09-27,SERIE_A,2018-19,LEAGUE,,Empoli,AC Milan,1,1,D,Italy,Serie A,football-data.co.uk
league_4f1e000e52f52aaa,2018-09-27,SERIE_A,2018-19,LEAGUE,,Spal,Sassuolo,0,2,A,Italy,Serie A,football-data.co.uk
league_4290ef386ad6f178,2018-09-29,SERIE_A,2018-19,LEAGUE,,AS Roma,SS Lazio,3,1,H,Italy,Serie A,football-data.co.uk
league_e853f74ca8568a24,2018-09-29,SERIE_A,2018-19,LEAGUE,,Inter Milan,Cagliari,2,0,H,Italy,Serie A,football-data.co.uk
league_4b5b99277bca2e2c,2018-09-29,SERIE_A,2018-19,LEAGUE,,Juventus,Napoli,3,1,H,Italy,Serie A,football-data.co.uk
league_f72473efc73c8788,2018-09-30,SERIE_A,2018-19,LEAGUE,,Bologna,Udinese,2,1,H,Italy,Serie A,football-data.co.uk
league_653e0d168f1912d8,2018-09-30,SERIE_A,2018-19,LEAGUE,,Chievo,Torino,0,1,A,Italy,Serie A,football-data.co.uk
league_c91a3f2ee5524d79,2018-09-30,SERIE_A,2018-19,LEAGUE,,Fiorentina,Atalanta,2,0,H,Italy,Serie A,football-data.co.uk
league_25c01231ca9e2900,2018-09-30,SERIE_A,2018-19,LEAGUE,,Frosinone,Genoa,1,2,A,Italy,Serie A,football-data.co.uk
league_1286f284e7e48c78,2018-09-30,SERIE_A,2018-19,LEAGUE,,Parma,Empoli,1,0,H,Italy,Serie A,football-data.co.uk
league_3711267a9f8f0663,2018-09-30,SERIE_A,2018-19,LEAGUE,,Sassuolo,AC Milan,1,4,A,Italy,Serie A,football-data.co.uk
league_699da086785fc243,2018-10-01,SERIE_A,2018-19,LEAGUE,,Sampdoria,Spal,2,1,H,Italy,Serie A,football-data.co.uk
league_8bb9e310077c1b3d,2018-10-05,SERIE_A,2018-19,LEAGUE,,Torino,Frosinone,3,2,H,Italy,Serie A,football-data.co.uk
league_4f0e5987a73da82c,2018-10-06,SERIE_A,2018-19,LEAGUE,,Cagliari,Bologna,2,0,H,Italy,Serie A,football-data.co.uk
league_39ba7a9ff1924198,2018-10-06,SERIE_A,2018-19,LEAGUE,,Empoli,AS Roma,0,2,A,Italy,Serie A,football-data.co.uk
league_2915713fbbc46516,2018-10-06,SERIE_A,2018-19,LEAGUE,,Udinese,Juventus,0,2,A,Italy,Serie A,football-data.co.uk
league_565c7392416296a3,2018-10-07,SERIE_A,2018-19,LEAGUE,,AC Milan,Chievo,3,1,H,Italy,Serie A,football-data.co.uk
league_8b41c2af04d7c507,2018-10-07,SERIE_A,2018-19,LEAGUE,,Atalanta,Sampdoria,0,1,A,Italy,Serie A,football-data.co.uk
league_5662f72b9d80fbd9,2018-10-07,SERIE_A,2018-19,LEAGUE,,Genoa,Parma,1,3,A,Italy,Serie A,football-data.co.uk
league_dcaa7dbeec791e5f,2018-10-07,SERIE_A,2018-19,LEAGUE,,Napoli,Sassuolo,2,0,H,Italy,Serie A,football-data.co.uk
league_32070bc6f7ec6769,2018-10-07,SERIE_A,2018-19,LEAGUE,,SS Lazio,Fiorentina,1,0,H,Italy,Serie A,football-data.co.uk
league_4f3ea61b662eec57,2018-10-07,SERIE_A,2018-19,LEAGUE,,Spal,Inter Milan,1,2,A,Italy,Serie A,football-data.co.uk
league_0e496aaaf0b3dbdb,2018-10-20,SERIE_A,2018-19,LEAGUE,,AS Roma,Spal,0,2,A,Italy,Serie A,football-data.co.uk
league_ed2352e04bc88fc2,2018-10-20,SERIE_A,2018-19,LEAGUE,,Juventus,Genoa,1,1,D,Italy,Serie A,football-data.co.uk
league_82eb664434730275,2018-10-20,SERIE_A,2018-19,LEAGUE,,Udinese,Napoli,0,3,A,Italy,Serie A,football-data.co.uk
league_ffcbbc08dc10ed3e,2018-10-21,SERIE_A,2018-19,LEAGUE,,Bologna,Torino,2,2,D,Italy,Serie A,football-data.co.uk
league_77ee8e90e1ea38bd,2018-10-21,SERIE_A,2018-19,LEAGUE,,Chievo,Atalanta,1,5,A,Italy,Serie A,football-data.co.uk
league_44934c70d08ee329,2018-10-21,SERIE_A,2018-19,LEAGUE,,Fiorentina,Cagliari,1,1,D,Italy,Serie A,football-data.co.uk
league_a1a1a4e3d6daa53c,2018-10-21,SERIE_A,2018-19,LEAGUE,,Frosinone,Empoli,3,3,D,Italy,Serie A,football-data.co.uk
league_2aa1611d775e5063,2018-10-21,SERIE_A,2018-19,LEAGUE,,Inter Milan,AC Milan,1,0,H,Italy,Serie A,football-data.co.uk
league_456253ccff8a961a,2018-10-21,SERIE_A,2018-19,LEAGUE,,Parma,SS Lazio,0,2,A,Italy,Serie A,football-data.co.uk
league_b41724e822026a16,2018-10-22,SERIE_A,2018-19,LEAGUE,,Sampdoria,Sassuolo,0,0,D,Italy,Serie A,football-data.co.uk
league_b9d600c566c0b38f,2018-10-27,SERIE_A,2018-19,LEAGUE,,Atalanta,Parma,3,0,H,Italy,Serie A,football-data.co.uk
league_bfde6b32c65046a8,2018-10-27,SERIE_A,2018-19,LEAGUE,,Empoli,Juventus,1,2,A,Italy,Serie A,football-data.co.uk
league_7da726bb7e681a89,2018-10-27,SERIE_A,2018-19,LEAGUE,,Torino,Fiorentina,1,1,D,Italy,Serie A,football-data.co.uk
league_d2a29b393abe0904,2018-10-28,SERIE_A,2018-19,LEAGUE,,AC Milan,Sampdoria,3,2,H,Italy,Serie A,football-data.co.uk
league_2caacd8128faf431,2018-10-28,SERIE_A,2018-19,LEAGUE,,Cagliari,Chievo,2,1,H,Italy,Serie A,football-data.co.uk
league_1a70ffd710edb434,2018-10-28,SERIE_A,2018-19,LEAGUE,,Genoa,Udinese,2,2,D,Italy,Serie A,football-data.co.uk
league_4132b7a5c344b1c5,2018-10-28,SERIE_A,2018-19,LEAGUE,,Napoli,AS Roma,1,1,D,Italy,Serie A,football-data.co.uk
league_78ee4db196243deb,2018-10-28,SERIE_A,2018-19,LEAGUE,,Sassuolo,Bologna,2,2,D,Italy,Serie A,football-data.co.uk
league_eb30bd102d0d58fb,2018-10-28,SERIE_A,2018-19,LEAGUE,,Spal,Frosinone,0,3,A,Italy,Serie A,football-data.co.uk
league_15c12f4d24a73d75,2018-10-29,SERIE_A,2018-19,LEAGUE,,SS Lazio,Inter Milan,0,3,A,Italy,Serie A,football-data.co.uk
league_7123dc64a768a2af,2018-10-31,SERIE_A,2018-19,LEAGUE,,AC Milan,Genoa,2,1,H,Italy,Serie A,football-data.co.uk
league_7f9cbb611de5c020,2018-11-02,SERIE_A,2018-19,LEAGUE,,Napoli,Empoli,5,1,H,Italy,Serie A,football-data.co.uk
league_9a0a285eff221b36,2018-11-03,SERIE_A,2018-19,LEAGUE,,Fiorentina,AS Roma,1,1,D,Italy,Serie A,football-data.co.uk
league_4950d70c32aa5f6e,2018-11-03,SERIE_A,2018-19,LEAGUE,,Inter Milan,Genoa,5,0,H,Italy,Serie A,football-data.co.uk
league_a134678bf76b7d95,2018-11-03,SERIE_A,2018-19,LEAGUE,,Juventus,Cagliari,3,1,H,Italy,Serie A,football-data.co.uk
league_232dac8263480da9,2018-11-04,SERIE_A,2018-19,LEAGUE,,Bologna,Atalanta,1,2,A,Italy,Serie A,football-data.co.uk
league_c5f0de679754fffb,2018-11-04,SERIE_A,2018-19,LEAGUE,,Chievo,Sassuolo,0,2,A,Italy,Serie A,football-data.co.uk
league_ee33c8d76cd0a60e,2018-11-04,SERIE_A,2018-19,LEAGUE,,Parma,Frosinone,0,0,D,Italy,Serie A,football-data.co.uk
league_17c986e9e207dc83,2018-11-04,SERIE_A,2018-19,LEAGUE,,SS Lazio,Spal,4,1,H,Italy,Serie A,football-data.co.uk
league_5d8df1ab47a41d3a,2018-11-04,SERIE_A,2018-19,LEAGUE,,Sampdoria,Torino,1,4,A,Italy,Serie A,football-data.co.uk
league_7f53d8bd54431a7e,2018-11-04,SERIE_A,2018-19,LEAGUE,,Udinese,AC Milan,0,1,A,Italy,Serie A,football-data.co.uk
league_125246da165b47d5,2018-11-09,SERIE_A,2018-19,LEAGUE,,Frosinone,Fiorentina,1,1,D,Italy,Serie A,football-data.co.uk
league_df587446754dea87,2018-11-10,SERIE_A,2018-19,LEAGUE,,Genoa,Napoli,1,2,A,Italy,Serie A,football-data.co.uk
league_b4a68e414faa5592,2018-11-10,SERIE_A,2018-19,LEAGUE,,Spal,Cagliari,2,2,D,Italy,Serie A,football-data.co.uk
league_7922e4b22183d8f0,2018-11-10,SERIE_A,2018-19,LEAGUE,,Torino,Parma,1,2,A,Italy,Serie A,football-data.co.uk
league_c589003e152015a2,2018-11-11,SERIE_A,2018-19,LEAGUE,,AC Milan,Juventus,0,2,A,Italy,Serie A,football-data.co.uk
league_64e184987c4aab07,2018-11-11,SERIE_A,2018-19,LEAGUE,,AS Roma,Sampdoria,4,1,H,Italy,Serie A,football-data.co.uk
league_51e5105739135f1b,2018-11-11,SERIE_A,2018-19,LEAGUE,,Atalanta,Inter Milan,4,1,H,Italy,Serie A,football-data.co.uk
league_4d6a128f03dd327b,2018-11-11,SERIE_A,2018-19,LEAGUE,,Chievo,Bologna,2,2,D,Italy,Serie A,football-data.co.uk
league_8bb2988c639e89c0,2018-11-11,SERIE_A,2018-19,LEAGUE,,Empoli,Udinese,2,1,H,Italy,Serie A,football-data.co.uk
league_79ef1c52999834ee,2018-11-11,SERIE_A,2018-19,LEAGUE,,Sassuolo,SS Lazio,1,1,D,Italy,Serie A,football-data.co.uk
league_880fafba8ed110d0,2018-11-24,SERIE_A,2018-19,LEAGUE,,Inter Milan,Frosinone,3,0,H,Italy,Serie A,football-data.co.uk
league_015248191ba80d45,2018-11-24,SERIE_A,2018-19,LEAGUE,,Juventus,Spal,2,0,H,Italy,Serie A,football-data.co.uk
league_3c913c58472f138e,2018-11-24,SERIE_A,2018-19,LEAGUE,,Udinese,AS Roma,1,0,H,Italy,Serie A,football-data.co.uk
league_3435cdc0c87d389e,2018-11-25,SERIE_A,2018-19,LEAGUE,,Bologna,Fiorentina,0,0,D,Italy,Serie A,football-data.co.uk
league_475326cf4fe609dd,2018-11-25,SERIE_A,2018-19,LEAGUE,,Empoli,Atalanta,3,2,H,Italy,Serie A,football-data.co.uk
league_ff3746f0e8afb696,2018-11-25,SERIE_A,2018-19,LEAGUE,,Genoa,Sampdoria,1,1,D,Italy,Serie A,football-data.co.uk
league_b54e9b934b0e7812,2018-11-25,SERIE_A,2018-19,LEAGUE,,Napoli,Chievo,0,0,D,Italy,Serie A,football-data.co.uk
league_f40ea83e0dd0699a,2018-11-25,SERIE_A,2018-19,LEAGUE,,Parma,Sassuolo,2,1,H,Italy,Serie A,football-data.co.uk
league_574493d5591d770f,2018-11-25,SERIE_A,2018-19,LEAGUE,,SS Lazio,AC Milan,1,1,D,Italy,Serie A,football-data.co.uk
league_7c1d15db7c2fc7c6,2018-11-26,SERIE_A,2018-19,LEAGUE,,Cagliari,Torino,0,0,D,Italy,Serie A,football-data.co.uk
league_8213574ad8644445,2018-12-01,SERIE_A,2018-19,LEAGUE,,Fiorentina,Juventus,0,3,A,Italy,Serie A,football-data.co.uk
league_2aae7860987681f2,2018-12-01,SERIE_A,2018-19,LEAGUE,,Sampdoria,Bologna,4,1,H,Italy,Serie A,football-data.co.uk
league_4889fa1cf510031a,2018-12-01,SERIE_A,2018-19,LEAGUE,,Spal,Empoli,2,2,D,Italy,Serie A,football-data.co.uk
league_1e8ef06e9c1499ed,2018-12-02,SERIE_A,2018-19,LEAGUE,,AC Milan,Parma,2,1,H,Italy,Serie A,football-data.co.uk
league_bf59899bccb0f988,2018-12-02,SERIE_A,2018-19,LEAGUE,,AS Roma,Inter Milan,2,2,D,Italy,Serie A,football-data.co.uk
league_e1908160e42edeb3,2018-12-02,SERIE_A,2018-19,LEAGUE,,Chievo,SS Lazio,1,1,D,Italy,Serie A,football-data.co.uk
league_500230fec2bda47d,2018-12-02,SERIE_A,2018-19,LEAGUE,,Frosinone,Cagliari,1,1,D,Italy,Serie A,football-data.co.uk
league_83a9fa4c7fb46f78,2018-12-02,SERIE_A,2018-19,LEAGUE,,Sassuolo,Udinese,0,0,D,Italy,Serie A,football-data.co.uk
league_0a1ff7cc0c46c41b,2018-12-02,SERIE_A,2018-19,LEAGUE,,Torino,Genoa,2,1,H,Italy,Serie A,football-data.co.uk
league_98248546c96b69d9,2018-12-03,SERIE_A,2018-19,LEAGUE,,Atalanta,Napoli,1,2,A,Italy,Serie A,football-data.co.uk
league_fff3639a78a6db01,2018-12-07,SERIE_A,2018-19,LEAGUE,,Juventus,Inter Milan,1,0,H,Italy,Serie A,football-data.co.uk
league_4e1c52eecd195107,2018-12-08,SERIE_A,2018-19,LEAGUE,,Cagliari,AS Roma,2,2,D,Italy,Serie A,football-data.co.uk
league_a12b4281667105cc,2018-12-08,SERIE_A,2018-19,LEAGUE,,Napoli,Frosinone,4,0,H,Italy,Serie A,football-data.co.uk
league_105bd6ddb9fcbe7f,2018-12-08,SERIE_A,2018-19,LEAGUE,,SS Lazio,Sampdoria,2,2,D,Italy,Serie A,football-data.co.uk
league_1b02d79463c93ffc,2018-12-09,SERIE_A,2018-19,LEAGUE,,AC Milan,Torino,0,0,D,Italy,Serie A,football-data.co.uk
league_e4461f6e8b35cfe4,2018-12-09,SERIE_A,2018-19,LEAGUE,,Empoli,Bologna,2,1,H,Italy,Serie A,football-data.co.uk
league_4becebe0016ff37c,2018-12-09,SERIE_A,2018-19,LEAGUE,,Genoa,Spal,1,1,D,Italy,Serie A,football-data.co.uk
league_4e558e146c303ddb,2018-12-09,SERIE_A,2018-19,LEAGUE,,Parma,Chievo,1,1,D,Italy,Serie A,football-data.co.uk
league_53aefc184e90a8b6,2018-12-09,SERIE_A,2018-19,LEAGUE,,Sassuolo,Fiorentina,3,3,D,Italy,Serie A,football-data.co.uk
league_dd98d3f5addd160e,2018-12-09,SERIE_A,2018-19,LEAGUE,,Udinese,Atalanta,1,3,A,Italy,Serie A,football-data.co.uk
league_69fbc47d2d1bf2ca,2018-12-15,SERIE_A,2018-19,LEAGUE,,Inter Milan,Udinese,1,0,H,Italy,Serie A,football-data.co.uk
league_133e1c7a43bdefe6,2018-12-15,SERIE_A,2018-19,LEAGUE,,Torino,Juventus,0,1,A,Italy,Serie A,football-data.co.uk
league_e53f7e3a9c3a0080,2018-12-16,SERIE_A,2018-19,LEAGUE,,AS Roma,Genoa,3,2,H,Italy,Serie A,football-data.co.uk
league_36ecc55978d0a2c0,2018-12-16,SERIE_A,2018-19,LEAGUE,,Cagliari,Napoli,0,1,A,Italy,Serie A,football-data.co.uk
league_1ee126535a8505eb,2018-12-16,SERIE_A,2018-19,LEAGUE,,Fiorentina,Empoli,3,1,H,Italy,Serie A,football-data.co.uk
league_d28e0e9eda4269a3,2018-12-16,SERIE_A,2018-19,LEAGUE,,Frosinone,Sassuolo,0,2,A,Italy,Serie A,football-data.co.uk
league_3ef0cac8cc68a3b9,2018-12-16,SERIE_A,2018-19,LEAGUE,,Sampdoria,Parma,2,0,H,Italy,Serie A,football-data.co.uk
league_9ec7eb5a0ac5894f,2018-12-16,SERIE_A,2018-19,LEAGUE,,Spal,Chievo,0,0,D,Italy,Serie A,football-data.co.uk
league_a72e9c494e8017a8,2018-12-17,SERIE_A,2018-19,LEAGUE,,Atalanta,SS Lazio,1,0,H,Italy,Serie A,football-data.co.uk
league_3cac38761ae3b0cc,2018-12-18,SERIE_A,2018-19,LEAGUE,,Bologna,AC Milan,0,0,D,Italy,Serie A,football-data.co.uk
league_d441a0150b576edd,2018-12-22,SERIE_A,2018-19,LEAGUE,,AC Milan,Fiorentina,0,1,A,Italy,Serie A,football-data.co.uk
league_b7df1dcac8e04c84,2018-12-22,SERIE_A,2018-19,LEAGUE,,Chievo,Inter Milan,1,1,D,Italy,Serie A,football-data.co.uk
league_6ba9015e33168215,2018-12-22,SERIE_A,2018-19,LEAGUE,,Empoli,Sampdoria,2,4,A,Italy,Serie A,football-data.co.uk
league_2ca7067d07454d30,2018-12-22,SERIE_A,2018-19,LEAGUE,,Genoa,Atalanta,3,1,H,Italy,Serie A,football-data.co.uk
league_edde0f8d8f7740ff,2018-12-22,SERIE_A,2018-19,LEAGUE,,Juventus,AS Roma,1,0,H,Italy,Serie A,football-data.co.uk
league_447fab2d75bf1ef3,2018-12-22,SERIE_A,2018-19,LEAGUE,,Napoli,Spal,1,0,H,Italy,Serie A,football-data.co.uk
league_f4962724a0a86baf,2018-12-22,SERIE_A,2018-19,LEAGUE,,Parma,Bologna,0,0,D,Italy,Serie A,football-data.co.uk
league_c49fe53101c16923,2018-12-22,SERIE_A,2018-19,LEAGUE,,SS Lazio,Cagliari,3,1,H,Italy,Serie A,football-data.co.uk
league_ffa4dd5a5e77f722,2018-12-22,SERIE_A,2018-19,LEAGUE,,Sassuolo,Torino,1,1,D,Italy,Serie A,football-data.co.uk
league_e880a6e1370a0731,2018-12-22,SERIE_A,2018-19,LEAGUE,,Udinese,Frosinone,1,1,D,Italy,Serie A,football-data.co.uk
league_a82c24e394bb4514,2018-12-26,SERIE_A,2018-19,LEAGUE,,AS Roma,Sassuolo,3,1,H,Italy,Serie A,football-data.co.uk
league_dcc8db98ebfd0b63,2018-12-26,SERIE_A,2018-19,LEAGUE,,Atalanta,Juventus,2,2,D,Italy,Serie A,football-data.co.uk
league_82038e62d2abc857,2018-12-26,SERIE_A,2018-19,LEAGUE,,Bologna,SS Lazio,0,2,A,Italy,Serie A,football-data.co.uk
league_7a715f2d3823b4ee,2018-12-26,SERIE_A,2018-19,LEAGUE,,Cagliari,Genoa,1,0,H,Italy,Serie A,football-data.co.uk
league_90fd64cd774bf6b2,2018-12-26,SERIE_A,2018-19,LEAGUE,,Fiorentina,Parma,0,1,A,Italy,Serie A,football-data.co.uk
league_f4f4d6cbfc573a29,2018-12-26,SERIE_A,2018-19,LEAGUE,,Frosinone,AC Milan,0,0,D,Italy,Serie A,football-data.co.uk
league_e5b73177d9ccc349,2018-12-26,SERIE_A,2018-19,LEAGUE,,Inter Milan,Napoli,1,0,H,Italy,Serie A,football-data.co.uk
league_4232f7da01b28678,2018-12-26,SERIE_A,2018-19,LEAGUE,,Sampdoria,Chievo,2,0,H,Italy,Serie A,football-data.co.uk
league_82ac89e61aea52b3,2018-12-26,SERIE_A,2018-19,LEAGUE,,Spal,Udinese,0,0,D,Italy,Serie A,football-data.co.uk
league_0979d01961380c83,2018-12-26,SERIE_A,2018-19,LEAGUE,,Torino,Empoli,3,0,H,Italy,Serie A,football-data.co.uk
league_d946c7c08c925998,2018-12-29,SERIE_A,2018-19,LEAGUE,,AC Milan,Spal,2,1,H,Italy,Serie A,football-data.co.uk
league_c029f7958e126231,2018-12-29,SERIE_A,2018-19,LEAGUE,,Chievo,Frosinone,1,0,H,Italy,Serie A,football-data.co.uk
league_5a72fa5acd5db387,2018-12-29,SERIE_A,2018-19,LEAGUE,,Empoli,Inter Milan,0,1,A,Italy,Serie A,football-data.co.uk
league_522a81e279e3f39b,2018-12-29,SERIE_A,2018-19,LEAGUE,,Genoa,Fiorentina,0,0,D,Italy,Serie A,football-data.co.uk
league_6209592a1eb2ae1e,2018-12-29,SERIE_A,2018-19,LEAGUE,,Juventus,Sampdoria,2,1,H,Italy,Serie A,football-data.co.uk
league_27b8576d6a2d4934,2018-12-29,SERIE_A,2018-19,LEAGUE,,Napoli,Bologna,3,2,H,Italy,Serie A,football-data.co.uk
league_cb10beb5f65643a6,2018-12-29,SERIE_A,2018-19,LEAGUE,,Parma,AS Roma,0,2,A,Italy,Serie A,football-data.co.uk
league_f86c18ec38eaaa64,2018-12-29,SERIE_A,2018-19,LEAGUE,,SS Lazio,Torino,1,1,D,Italy,Serie A,football-data.co.uk
league_2c5baacf717bf650,2018-12-29,SERIE_A,2018-19,LEAGUE,,Sassuolo,Atalanta,2,6,A,Italy,Serie A,football-data.co.uk
league_301a0d120eb29fad,2018-12-29,SERIE_A,2018-19,LEAGUE,,Udinese,Cagliari,2,0,H,Italy,Serie A,football-data.co.uk
league_d96f13bdca960b67,2019-01-19,SERIE_A,2018-19,LEAGUE,,AS Roma,Torino,3,2,H,Italy,Serie A,football-data.co.uk
league_447b497b4e3bdd53,2019-01-19,SERIE_A,2018-19,LEAGUE,,Inter Milan,Sassuolo,0,0,D,Italy,Serie A,football-data.co.uk
league_1e5a3ada54dd4ad5,2019-01-19,SERIE_A,2018-19,LEAGUE,,Udinese,Parma,1,2,A,Italy,Serie A,football-data.co.uk
league_b82b27b2e1177c43,2019-01-20,SERIE_A,2018-19,LEAGUE,,Cagliari,Empoli,2,2,D,Italy,Serie A,football-data.co.uk
league_040e776b1fbd0bf2,2019-01-20,SERIE_A,2018-19,LEAGUE,,Fiorentina,Sampdoria,3,3,D,Italy,Serie A,football-data.co.uk
league_25fed27eb59691a1,2019-01-20,SERIE_A,2018-19,LEAGUE,,Frosinone,Atalanta,0,5,A,Italy,Serie A,football-data.co.uk
league_da0b4a1775c58070,2019-01-20,SERIE_A,2018-19,LEAGUE,,Napoli,SS Lazio,2,1,H,Italy,Serie A,football-data.co.uk
league_f1e407b3a326ac50,2019-01-20,SERIE_A,2018-19,LEAGUE,,Spal,Bologna,1,1,D,Italy,Serie A,football-data.co.uk
league_d335c55957ec046c,2019-01-21,SERIE_A,2018-19,LEAGUE,,Genoa,AC Milan,0,2,A,Italy,Serie A,football-data.co.uk
league_a5f0e47bbb1d72d9,2019-01-21,SERIE_A,2018-19,LEAGUE,,Juventus,Chievo,3,0,H,Italy,Serie A,football-data.co.uk
league_7e79206d2898d166,2019-01-26,SERIE_A,2018-19,LEAGUE,,AC Milan,Napoli,0,0,D,Italy,Serie A,football-data.co.uk
league_796604d075cfc4bb,2019-01-26,SERIE_A,2018-19,LEAGUE,,Sampdoria,Udinese,4,0,H,Italy,Serie A,football-data.co.uk
league_56b7d14f3a3dbf3d,2019-01-26,SERIE_A,2018-19,LEAGUE,,Sassuolo,Cagliari,3,0,H,Italy,Serie A,football-data.co.uk
league_86ee0dd5351506ba,2019-01-27,SERIE_A,2018-19,LEAGUE,,Atalanta,AS Roma,3,3,D,Italy,Serie A,football-data.co.uk
league_1b8e6b328b883bb9,2019-01-27,SERIE_A,2018-19,LEAGUE,,Bologna,Frosinone,0,4,A,Italy,Serie A,football-data.co.uk
league_a6037272afc5f237,2019-01-27,SERIE_A,2018-19,LEAGUE,,Chievo,Fiorentina,3,4,A,Italy,Serie A,football-data.co.uk
league_f2a9076f686701c4,2019-01-27,SERIE_A,2018-19,LEAGUE,,Parma,Spal,2,3,A,Italy,Serie A,football-data.co.uk
league_898c2b18dc5990c4,2019-01-27,SERIE_A,2018-19,LEAGUE,,SS Lazio,Juventus,1,2,A,Italy,Serie A,football-data.co.uk
league_8b786d0a128345aa,2019-01-27,SERIE_A,2018-19,LEAGUE,,Torino,Inter Milan,1,0,H,Italy,Serie A,football-data.co.uk
league_445f1690469a5564,2019-01-28,SERIE_A,2018-19,LEAGUE,,Empoli,Genoa,1,3,A,Italy,Serie A,football-data.co.uk
league_bf14f9ce4dfba764,2019-02-02,SERIE_A,2018-19,LEAGUE,,Empoli,Chievo,2,2,D,Italy,Serie A,football-data.co.uk
league_381f4761f29ee22d,2019-02-02,SERIE_A,2018-19,LEAGUE,,Juventus,Parma,3,3,D,Italy,Serie A,football-data.co.uk
league_9f5e714b02068cf6,2019-02-02,SERIE_A,2018-19,LEAGUE,,Napoli,Sampdoria,3,0,H,Italy,Serie A,football-data.co.uk
league_c3307c5eee474cae,2019-02-03,SERIE_A,2018-19,LEAGUE,,AS Roma,AC Milan,1,1,D,Italy,Serie A,football-data.co.uk
league_5c73f3390f7f95e1,2019-02-03,SERIE_A,2018-19,LEAGUE,,Genoa,Sassuolo,1,1,D,Italy,Serie A,football-data.co.uk
league_9623dcb12dbf6c14,2019-02-03,SERIE_A,2018-19,LEAGUE,,Inter Milan,Bologna,0,1,A,Italy,Serie A,football-data.co.uk
league_fef8b2da3623fad1,2019-02-03,SERIE_A,2018-19,LEAGUE,,Spal,Torino,0,0,D,Italy,Serie A,football-data.co.uk
league_896e2d80fc143ffb,2019-02-03,SERIE_A,2018-19,LEAGUE,,Udinese,Fiorentina,1,1,D,Italy,Serie A,football-data.co.uk
league_a6983479a11450ba,2019-02-04,SERIE_A,2018-19,LEAGUE,,Cagliari,Atalanta,0,1,A,Italy,Serie A,football-data.co.uk
league_d3af7c34c4aa0901,2019-02-04,SERIE_A,2018-19,LEAGUE,,Frosinone,SS Lazio,0,1,A,Italy,Serie A,football-data.co.uk
league_50bdbf3754a710a1,2019-02-07,SERIE_A,2018-19,LEAGUE,,SS Lazio,Empoli,1,0,H,Italy,Serie A,football-data.co.uk
league_2c5ce1beea6b566e,2019-02-08,SERIE_A,2018-19,LEAGUE,,Chievo,AS Roma,0,3,A,Italy,Serie A,football-data.co.uk
league_dd8863976261e649,2019-02-09,SERIE_A,2018-19,LEAGUE,,Fiorentina,Napoli,0,0,D,Italy,Serie A,football-data.co.uk
league_cd5fb3b8a0a0562e,2019-02-09,SERIE_A,2018-19,LEAGUE,,Parma,Inter Milan,0,1,A,Italy,Serie A,football-data.co.uk
league_2f1710e5692b45f3,2019-02-10,SERIE_A,2018-19,LEAGUE,,AC Milan,Cagliari,3,0,H,Italy,Serie A,football-data.co.uk
league_04b48a917af28e82,2019-02-10,SERIE_A,2018-19,LEAGUE,,Atalanta,Spal,2,1,H,Italy,Serie A,football-data.co.uk
league_2900afeb25848d6e,2019-02-10,SERIE_A,2018-19,LEAGUE,,Bologna,Genoa,1,1,D,Italy,Serie A,football-data.co.uk
league_914a71f7e3155392,2019-02-10,SERIE_A,2018-19,LEAGUE,,Sampdoria,Frosinone,0,1,A,Italy,Serie A,football-data.co.uk
league_d584d6e8fea9deed,2019-02-10,SERIE_A,2018-19,LEAGUE,,Sassuolo,Juventus,0,3,A,Italy,Serie A,football-data.co.uk
league_0e3fa1b1fdb6d6c5,2019-02-10,SERIE_A,2018-19,LEAGUE,,Torino,Udinese,1,0,H,Italy,Serie A,football-data.co.uk
league_d5df445f4093efc2,2019-02-15,SERIE_A,2018-19,LEAGUE,,Juventus,Frosinone,3,0,H,Italy,Serie A,football-data.co.uk
league_f995f291045e6fab,2019-02-16,SERIE_A,2018-19,LEAGUE,,Atalanta,AC Milan,1,3,A,Italy,Serie A,football-data.co.uk
league_d28fc010b9b86223,2019-02-16,SERIE_A,2018-19,LEAGUE,,Cagliari,Parma,2,1,H,Italy,Serie A,football-data.co.uk
league_2a0b4a56da691ca4,2019-02-17,SERIE_A,2018-19,LEAGUE,,Empoli,Sassuolo,3,0,H,Italy,Serie A,football-data.co.uk
league_44cfa445795d2d5a,2019-02-17,SERIE_A,2018-19,LEAGUE,,Genoa,SS Lazio,2,1,H,Italy,Serie A,football-data.co.uk
league_0b515d5848f9c406,2019-02-17,SERIE_A,2018-19,LEAGUE,,Inter Milan,Sampdoria,2,1,H,Italy,Serie A,football-data.co.uk
league_4d6bc68cb5a0cb51,2019-02-17,SERIE_A,2018-19,LEAGUE,,Napoli,Torino,0,0,D,Italy,Serie A,football-data.co.uk
league_cc26557e0db199b9,2019-02-17,SERIE_A,2018-19,LEAGUE,,Spal,Fiorentina,1,4,A,Italy,Serie A,football-data.co.uk
league_ad22046ae38e7dce,2019-02-17,SERIE_A,2018-19,LEAGUE,,Udinese,Chievo,1,0,H,Italy,Serie A,football-data.co.uk
league_87b6225f28570ad2,2019-02-18,SERIE_A,2018-19,LEAGUE,,AS Roma,Bologna,2,1,H,Italy,Serie A,football-data.co.uk
league_27cfa4f61cf54a3d,2019-02-22,SERIE_A,2018-19,LEAGUE,,AC Milan,Empoli,3,0,H,Italy,Serie A,football-data.co.uk
league_9ef41279d6850039,2019-02-23,SERIE_A,2018-19,LEAGUE,,Frosinone,AS Roma,2,3,A,Italy,Serie A,football-data.co.uk
league_60a2eb421f307650,2019-02-23,SERIE_A,2018-19,LEAGUE,,Torino,Atalanta,2,0,H,Italy,Serie A,football-data.co.uk
league_85b9c8e4e6a94a3b,2019-02-24,SERIE_A,2018-19,LEAGUE,,Bologna,Juventus,0,1,A,Italy,Serie A,football-data.co.uk
league_d0593fe46e0a2472,2019-02-24,SERIE_A,2018-19,LEAGUE,,Chievo,Genoa,0,0,D,Italy,Serie A,football-data.co.uk
league_f703ff26e624b482,2019-02-24,SERIE_A,2018-19,LEAGUE,,Fiorentina,Inter Milan,3,3,D,Italy,Serie A,football-data.co.uk
league_185a5c4da213daf1,2019-02-24,SERIE_A,2018-19,LEAGUE,,Parma,Napoli,0,4,A,Italy,Serie A,football-data.co.uk
league_8f718f33ccc25d11,2019-02-24,SERIE_A,2018-19,LEAGUE,,Sampdoria,Cagliari,1,0,H,Italy,Serie A,football-data.co.uk
league_cc9e81f9778eda5d,2019-02-24,SERIE_A,2018-19,LEAGUE,,Sassuolo,Spal,1,1,D,Italy,Serie A,football-data.co.uk
league_1c715101acbb73bb,2019-03-01,SERIE_A,2018-19,LEAGUE,,Cagliari,Inter Milan,2,1,H,Italy,Serie A,football-data.co.uk
league_df342d25039a3021,2019-03-02,SERIE_A,2018-19,LEAGUE,,AC Milan,Sassuolo,1,0,H,Italy,Serie A,football-data.co.uk
league_13a81afd5a7e260a,2019-03-02,SERIE_A,2018-19,LEAGUE,,Empoli,Parma,3,3,D,Italy,Serie A,football-data.co.uk
league_b6a4e3277395926b,2019-03-02,SERIE_A,2018-19,LEAGUE,,SS Lazio,AS Roma,3,0,H,Italy,Serie A,football-data.co.uk
league_c7f615ce4b8d3e4a,2019-03-03,SERIE_A,2018-19,LEAGUE,,Atalanta,Fiorentina,3,1,H,Italy,Serie A,football-data.co.uk
league_23a83091e9c7d238,2019-03-03,SERIE_A,2018-19,LEAGUE,,Genoa,Frosinone,0,0,D,Italy,Serie A,football-data.co.uk
league_38e447fa4a874012,2019-03-03,SERIE_A,2018-19,LEAGUE,,Napoli,Juventus,1,2,A,Italy,Serie A,football-data.co.uk
league_86d8fb184637ddd1,2019-03-03,SERIE_A,2018-19,LEAGUE,,Spal,Sampdoria,1,2,A,Italy,Serie A,football-data.co.uk
league_c79e60d3f234968b,2019-03-03,SERIE_A,2018-19,LEAGUE,,Torino,Chievo,3,0,H,Italy,Serie A,football-data.co.uk
league_840f0912f7995704,2019-03-03,SERIE_A,2018-19,LEAGUE,,Udinese,Bologna,2,1,H,Italy,Serie A,football-data.co.uk
league_6e4dd7b85c78326c,2019-03-08,SERIE_A,2018-19,LEAGUE,,Juventus,Udinese,4,1,H,Italy,Serie A,football-data.co.uk
league_7709d83a51bc2ba6,2019-03-09,SERIE_A,2018-19,LEAGUE,,Chievo,AC Milan,1,2,A,Italy,Serie A,football-data.co.uk
league_f3b6dc83e1e2aaeb,2019-03-09,SERIE_A,2018-19,LEAGUE,,Parma,Genoa,1,0,H,Italy,Serie A,football-data.co.uk
league_86fbe92a28ddf4dc,2019-03-10,SERIE_A,2018-19,LEAGUE,,Bologna,Cagliari,2,0,H,Italy,Serie A,football-data.co.uk
league_2a424a7c37eccdd5,2019-03-10,SERIE_A,2018-19,LEAGUE,,Fiorentina,SS Lazio,1,1,D,Italy,Serie A,football-data.co.uk
league_de048805118da1ef,2019-03-10,SERIE_A,2018-19,LEAGUE,,Frosinone,Torino,1,2,A,Italy,Serie A,football-data.co.uk
league_c05b64b213e852d3,2019-03-10,SERIE_A,2018-19,LEAGUE,,Inter Milan,Spal,2,0,H,Italy,Serie A,football-data.co.uk
league_3c060d4378d91623,2019-03-10,SERIE_A,2018-19,LEAGUE,,Sampdoria,Atalanta,1,2,A,Italy,Serie A,football-data.co.uk
league_408acdba259863d7,2019-03-10,SERIE_A,2018-19,LEAGUE,,Sassuolo,Napoli,1,1,D,Italy,Serie A,football-data.co.uk
league_4166febd2fe3871f,2019-03-11,SERIE_A,2018-19,LEAGUE,,AS Roma,Empoli,2,1,H,Italy,Serie A,football-data.co.uk
league_60e70a8c0cb83f10,2019-03-15,SERIE_A,2018-19,LEAGUE,,Cagliari,Fiorentina,2,1,H,Italy,Serie A,football-data.co.uk
league_f0f8f348936137d1,2019-03-16,SERIE_A,2018-19,LEAGUE,,Sassuolo,Sampdoria,3,5,A,Italy,Serie A,football-data.co.uk
league_4fd4f852abe8afa1,2019-03-16,SERIE_A,2018-19,LEAGUE,,Spal,AS Roma,2,1,H,Italy,Serie A,football-data.co.uk
league_9cb83768fae7c7c5,2019-03-16,SERIE_A,2018-19,LEAGUE,,Torino,Bologna,2,3,A,Italy,Serie A,football-data.co.uk
league_73d292ebdfdf5856,2019-03-17,SERIE_A,2018-19,LEAGUE,,AC Milan,Inter Milan,2,3,A,Italy,Serie A,football-data.co.uk
league_517c05ee342dab73,2019-03-17,SERIE_A,2018-19,LEAGUE,,Atalanta,Chievo,1,1,D,Italy,Serie A,football-data.co.uk
league_7d0f06a00cd7ef93,2019-03-17,SERIE_A,2018-19,LEAGUE,,Empoli,Frosinone,2,1,H,Italy,Serie A,football-data.co.uk
league_9c6693c320380cc5,2019-03-17,SERIE_A,2018-19,LEAGUE,,Genoa,Juventus,2,0,H,Italy,Serie A,football-data.co.uk
league_e7d743b41e7231cf,2019-03-17,SERIE_A,2018-19,LEAGUE,,Napoli,Udinese,4,2,H,Italy,Serie A,football-data.co.uk
league_27cf01cf1d28f47c,2019-03-17,SERIE_A,2018-19,LEAGUE,,SS Lazio,Parma,4,1,H,Italy,Serie A,football-data.co.uk
league_80f404bd5924c470,2019-03-29,SERIE_A,2018-19,LEAGUE,,Chievo,Cagliari,0,3,A,Italy,Serie A,football-data.co.uk
league_a055437f95763838,2019-03-30,SERIE_A,2018-19,LEAGUE,,Juventus,Empoli,1,0,H,Italy,Serie A,football-data.co.uk
league_9865345d0c028c94,2019-03-30,SERIE_A,2018-19,LEAGUE,,Sampdoria,AC Milan,1,0,H,Italy,Serie A,football-data.co.uk
league_450541eb19d5c8f7,2019-03-30,SERIE_A,2018-19,LEAGUE,,Udinese,Genoa,2,0,H,Italy,Serie A,football-data.co.uk
league_80882589128c3edd,2019-03-31,SERIE_A,2018-19,LEAGUE,,AS Roma,Napoli,1,4,A,Italy,Serie A,football-data.co.uk
league_8ae5fabad635ba96,2019-03-31,SERIE_A,2018-19,LEAGUE,,Bologna,Sassuolo,2,1,H,Italy,Serie A,football-data.co.uk
league_bfcc2d97f51e8acb,2019-03-31,SERIE_A,2018-19,LEAGUE,,Fiorentina,Torino,1,1,D,Italy,Serie A,football-data.co.uk
league_214f61e10dd83cf8,2019-03-31,SERIE_A,2018-19,LEAGUE,,Frosinone,Spal,0,1,A,Italy,Serie A,football-data.co.uk
league_0d7ed54799f924b3,2019-03-31,SERIE_A,2018-19,LEAGUE,,Inter Milan,SS Lazio,0,1,A,Italy,Serie A,football-data.co.uk
league_5de1ebfb1d668f24,2019-03-31,SERIE_A,2018-19,LEAGUE,,Parma,Atalanta,1,3,A,Italy,Serie A,football-data.co.uk
league_1e51df1e6480f84a,2019-04-02,SERIE_A,2018-19,LEAGUE,,AC Milan,Udinese,1,1,D,Italy,Serie A,football-data.co.uk
league_7d9eaa4cea22356b,2019-04-02,SERIE_A,2018-19,LEAGUE,,Cagliari,Juventus,0,2,A,Italy,Serie A,football-data.co.uk
league_dd614f612338ff07,2019-04-03,SERIE_A,2018-19,LEAGUE,,AS Roma,Fiorentina,2,2,D,Italy,Serie A,football-data.co.uk
league_c0518e4acd7df804,2019-04-03,SERIE_A,2018-19,LEAGUE,,Empoli,Napoli,2,1,H,Italy,Serie A,football-data.co.uk
league_9e87e12c67367f31,2019-04-03,SERIE_A,2018-19,LEAGUE,,Frosinone,Parma,3,2,H,Italy,Serie A,football-data.co.uk
league_fd51150818f8e8e3,2019-04-03,SERIE_A,2018-19,LEAGUE,,Genoa,Inter Milan,0,4,A,Italy,Serie A,football-data.co.uk
league_553085803a4f7458,2019-04-03,SERIE_A,2018-19,LEAGUE,,Spal,SS Lazio,1,0,H,Italy,Serie A,football-data.co.uk
league_d70404cac839299a,2019-04-03,SERIE_A,2018-19,LEAGUE,,Torino,Sampdoria,2,1,H,Italy,Serie A,football-data.co.uk
league_18d69c3b6eafac50,2019-04-04,SERIE_A,2018-19,LEAGUE,,Atalanta,Bologna,4,1,H,Italy,Serie A,football-data.co.uk
league_597c742931efb351,2019-04-04,SERIE_A,2018-19,LEAGUE,,Sassuolo,Chievo,4,0,H,Italy,Serie A,football-data.co.uk
league_096a5a7c4113f3fc,2019-04-06,SERIE_A,2018-19,LEAGUE,,Juventus,AC Milan,2,1,H,Italy,Serie A,football-data.co.uk
league_54289fcf6d1b2ba2,2019-04-06,SERIE_A,2018-19,LEAGUE,,Parma,Torino,0,0,D,Italy,Serie A,football-data.co.uk
league_f9b35eb863c9fd5f,2019-04-06,SERIE_A,2018-19,LEAGUE,,Sampdoria,AS Roma,0,1,A,Italy,Serie A,football-data.co.uk
league_ce143fa928badc93,2019-04-07,SERIE_A,2018-19,LEAGUE,,Cagliari,Spal,2,1,H,Italy,Serie A,football-data.co.uk
league_8d26455ead82a71c,2019-04-07,SERIE_A,2018-19,LEAGUE,,Fiorentina,Frosinone,0,1,A,Italy,Serie A,football-data.co.uk
league_ed00216b2eda9525,2019-04-07,SERIE_A,2018-19,LEAGUE,,Inter Milan,Atalanta,0,0,D,Italy,Serie A,football-data.co.uk
league_41782ae341d2d1c3,2019-04-07,SERIE_A,2018-19,LEAGUE,,Napoli,Genoa,1,1,D,Italy,Serie A,football-data.co.uk
league_ddcea49951aada0b,2019-04-07,SERIE_A,2018-19,LEAGUE,,SS Lazio,Sassuolo,2,2,D,Italy,Serie A,football-data.co.uk
league_205076efac9e3e50,2019-04-07,SERIE_A,2018-19,LEAGUE,,Udinese,Empoli,3,2,H,Italy,Serie A,football-data.co.uk
league_512d4fa8442b0b82,2019-04-08,SERIE_A,2018-19,LEAGUE,,Bologna,Chievo,3,0,H,Italy,Serie A,football-data.co.uk
league_a2ca0bb6d2e3c9dd,2019-04-13,SERIE_A,2018-19,LEAGUE,,AC Milan,SS Lazio,1,0,H,Italy,Serie A,football-data.co.uk
league_ebabd9a515b0ccf7,2019-04-13,SERIE_A,2018-19,LEAGUE,,AS Roma,Udinese,1,0,H,Italy,Serie A,football-data.co.uk
league_9486f77565e9a579,2019-04-13,SERIE_A,2018-19,LEAGUE,,Spal,Juventus,2,1,H,Italy,Serie A,football-data.co.uk
league_18d21dcd6c2beb5f,2019-04-14,SERIE_A,2018-19,LEAGUE,,Chievo,Napoli,1,3,A,Italy,Serie A,football-data.co.uk
league_148e6a42766d85ac,2019-04-14,SERIE_A,2018-19,LEAGUE,,Fiorentina,Bologna,0,0,D,Italy,Serie A,football-data.co.uk
league_dcd21e34bd77924c,2019-04-14,SERIE_A,2018-19,LEAGUE,,Frosinone,Inter Milan,1,3,A,Italy,Serie A,football-data.co.uk
league_fbf486d7cd27162b,2019-04-14,SERIE_A,2018-19,LEAGUE,,Sampdoria,Genoa,2,0,H,Italy,Serie A,football-data.co.uk
league_ea792dd377b9cd32,2019-04-14,SERIE_A,2018-19,LEAGUE,,Sassuolo,Parma,0,0,D,Italy,Serie A,football-data.co.uk
league_beb07eb235034cd0,2019-04-14,SERIE_A,2018-19,LEAGUE,,Torino,Cagliari,1,1,D,Italy,Serie A,football-data.co.uk
league_34c9f49bc7dc9501,2019-04-15,SERIE_A,2018-19,LEAGUE,,Atalanta,Empoli,0,0,D,Italy,Serie A,football-data.co.uk
league_e66ec6a9dcbabb98,2019-04-17,SERIE_A,2018-19,LEAGUE,,SS Lazio,Udinese,2,0,H,Italy,Serie A,football-data.co.uk
league_d85c8ba4040b01ce,2019-04-20,SERIE_A,2018-19,LEAGUE,,Bologna,Sampdoria,3,0,H,Italy,Serie A,football-data.co.uk
league_ace2751279401467,2019-04-20,SERIE_A,2018-19,LEAGUE,,Cagliari,Frosinone,1,0,H,Italy,Serie A,football-data.co.uk
league_59ce0a6d72c50954,2019-04-20,SERIE_A,2018-19,LEAGUE,,Empoli,Spal,2,4,A,Italy,Serie A,football-data.co.uk
league_94f318bb7b6fb599,2019-04-20,SERIE_A,2018-19,LEAGUE,,Genoa,Torino,0,1,A,Italy,Serie A,football-data.co.uk
league_b6cf5f3af49a7e4b,2019-04-20,SERIE_A,2018-19,LEAGUE,,Inter Milan,AS Roma,1,1,D,Italy,Serie A,football-data.co.uk
league_60d9fb7f04d63b8f,2019-04-20,SERIE_A,2018-19,LEAGUE,,Juventus,Fiorentina,2,1,H,Italy,Serie A,football-data.co.uk
league_29894471766bce6d,2019-04-20,SERIE_A,2018-19,LEAGUE,,Parma,AC Milan,1,1,D,Italy,Serie A,football-data.co.uk
league_36a6f8d9e0fee9ca,2019-04-20,SERIE_A,2018-19,LEAGUE,,SS Lazio,Chievo,1,2,A,Italy,Serie A,football-data.co.uk
league_b2df2d64c90c6944,2019-04-20,SERIE_A,2018-19,LEAGUE,,Udinese,Sassuolo,1,1,D,Italy,Serie A,football-data.co.uk
league_90a0887606ddf8bb,2019-04-22,SERIE_A,2018-19,LEAGUE,,Napoli,Atalanta,1,2,A,Italy,Serie A,football-data.co.uk
league_170fa74f0985b2a1,2019-04-27,SERIE_A,2018-19,LEAGUE,,AS Roma,Cagliari,3,0,H,Italy,Serie A,football-data.co.uk
league_ed21371244d4af7f,2019-04-27,SERIE_A,2018-19,LEAGUE,,Bologna,Empoli,3,1,H,Italy,Serie A,football-data.co.uk
league_3d766d9f851da115,2019-04-27,SERIE_A,2018-19,LEAGUE,,Inter Milan,Juventus,1,1,D,Italy,Serie A,football-data.co.uk
league_bc9a4236887831c0,2019-04-28,SERIE_A,2018-19,LEAGUE,,Chievo,Parma,1,1,D,Italy,Serie A,football-data.co.uk
league_8767c86672faaa3a,2019-04-28,SERIE_A,2018-19,LEAGUE,,Frosinone,Napoli,0,2,A,Italy,Serie A,football-data.co.uk
league_28682311e281e747,2019-04-28,SERIE_A,2018-19,LEAGUE,,Sampdoria,SS Lazio,1,2,A,Italy,Serie A,football-data.co.uk
league_f2a29e3c1ff4a718,2019-04-28,SERIE_A,2018-19,LEAGUE,,Spal,Genoa,1,1,D,Italy,Serie A,football-data.co.uk
league_3f2875c61be4fdff,2019-04-28,SERIE_A,2018-19,LEAGUE,,Torino,AC Milan,2,0,H,Italy,Serie A,football-data.co.uk
league_b2326270d5f81de6,2019-04-29,SERIE_A,2018-19,LEAGUE,,Atalanta,Udinese,2,0,H,Italy,Serie A,football-data.co.uk
league_7255d980266ba85b,2019-04-29,SERIE_A,2018-19,LEAGUE,,Fiorentina,Sassuolo,0,1,A,Italy,Serie A,football-data.co.uk
league_129be4bb8b1f7278,2019-05-03,SERIE_A,2018-19,LEAGUE,,Juventus,Torino,1,1,D,Italy,Serie A,football-data.co.uk
league_75661d48e5474264,2019-05-04,SERIE_A,2018-19,LEAGUE,,Chievo,Spal,0,4,A,Italy,Serie A,football-data.co.uk
league_d3e4ddbb87110012,2019-05-04,SERIE_A,2018-19,LEAGUE,,Udinese,Inter Milan,0,0,D,Italy,Serie A,football-data.co.uk
league_74b77d519db1c63e,2019-05-05,SERIE_A,2018-19,LEAGUE,,Empoli,Fiorentina,1,0,H,Italy,Serie A,football-data.co.uk
league_c8d24af40f2456a7,2019-05-05,SERIE_A,2018-19,LEAGUE,,Genoa,AS Roma,1,1,D,Italy,Serie A,football-data.co.uk
league_17274846e2e5f2c1,2019-05-05,SERIE_A,2018-19,LEAGUE,,Napoli,Cagliari,2,1,H,Italy,Serie A,football-data.co.uk
league_3e57f4fa80a36208,2019-05-05,SERIE_A,2018-19,LEAGUE,,Parma,Sampdoria,3,3,D,Italy,Serie A,football-data.co.uk
league_8009dfe735c3514a,2019-05-05,SERIE_A,2018-19,LEAGUE,,SS Lazio,Atalanta,1,3,A,Italy,Serie A,football-data.co.uk
league_db712c553b8c61b2,2019-05-05,SERIE_A,2018-19,LEAGUE,,Sassuolo,Frosinone,2,2,D,Italy,Serie A,football-data.co.uk
league_1daddc5b2c8f9b6e,2019-05-06,SERIE_A,2018-19,LEAGUE,,AC Milan,Bologna,2,1,H,Italy,Serie A,football-data.co.uk
league_80c0fd020d9eb431,2019-05-11,SERIE_A,2018-19,LEAGUE,,Atalanta,Genoa,2,1,H,Italy,Serie A,football-data.co.uk
league_11e5cbdf5dbcb5ee,2019-05-11,SERIE_A,2018-19,LEAGUE,,Cagliari,SS Lazio,1,2,A,Italy,Serie A,football-data.co.uk
league_1ff0935896fafd3a,2019-05-11,SERIE_A,2018-19,LEAGUE,,Fiorentina,AC Milan,0,1,A,Italy,Serie A,football-data.co.uk
league_c685273800195b35,2019-05-12,SERIE_A,2018-19,LEAGUE,,AS Roma,Juventus,2,0,H,Italy,Serie A,football-data.co.uk
league_b9c58fe7616a875b,2019-05-12,SERIE_A,2018-19,LEAGUE,,Frosinone,Udinese,1,3,A,Italy,Serie A,football-data.co.uk
league_a5e10b7c35a82b45,2019-05-12,SERIE_A,2018-19,LEAGUE,,Sampdoria,Empoli,1,2,A,Italy,Serie A,football-data.co.uk
league_c69dc0eaada89007,2019-05-12,SERIE_A,2018-19,LEAGUE,,Spal,Napoli,1,2,A,Italy,Serie A,football-data.co.uk
league_a10de73309722848,2019-05-12,SERIE_A,2018-19,LEAGUE,,Torino,Sassuolo,3,2,H,Italy,Serie A,football-data.co.uk
league_9b84d95987a5cabd,2019-05-13,SERIE_A,2018-19,LEAGUE,,Bologna,Parma,4,1,H,Italy,Serie A,football-data.co.uk
league_6c7d5c5290b75bdb,2019-05-13,SERIE_A,2018-19,LEAGUE,,Inter Milan,Chievo,2,0,H,Italy,Serie A,football-data.co.uk
league_4bd52bca27965849,2019-05-18,SERIE_A,2018-19,LEAGUE,,Genoa,Cagliari,1,1,D,Italy,Serie A,football-data.co.uk
league_4a48b797e907718f,2019-05-18,SERIE_A,2018-19,LEAGUE,,Sassuolo,AS Roma,0,0,D,Italy,Serie A,football-data.co.uk
league_c0683c6b897a72e8,2019-05-18,SERIE_A,2018-19,LEAGUE,,Udinese,Spal,3,2,H,Italy,Serie A,football-data.co.uk
league_750fc492e5924ea9,2019-05-19,SERIE_A,2018-19,LEAGUE,,AC Milan,Frosinone,2,0,H,Italy,Serie A,football-data.co.uk
league_2760fb9aefbaaec0,2019-05-19,SERIE_A,2018-19,LEAGUE,,Chievo,Sampdoria,0,0,D,Italy,Serie A,football-data.co.uk
league_99dc87b7e10c3208,2019-05-19,SERIE_A,2018-19,LEAGUE,,Empoli,Torino,4,1,H,Italy,Serie A,football-data.co.uk
league_186be1551992254f,2019-05-19,SERIE_A,2018-19,LEAGUE,,Juventus,Atalanta,1,1,D,Italy,Serie A,football-data.co.uk
league_60c77d7adfbf3104,2019-05-19,SERIE_A,2018-19,LEAGUE,,Napoli,Inter Milan,4,1,H,Italy,Serie A,football-data.co.uk
league_2a1e129bcffd95b7,2019-05-19,SERIE_A,2018-19,LEAGUE,,Parma,Fiorentina,1,0,H,Italy,Serie A,football-data.co.uk
league_02d7bb3fcc5985a7,2019-05-20,SERIE_A,2018-19,LEAGUE,,SS Lazio,Bologna,3,3,D,Italy,Serie A,football-data.co.uk
league_d39364e7f9a4ca51,2019-05-25,SERIE_A,2018-19,LEAGUE,,Bologna,Napoli,3,2,H,Italy,Serie A,football-data.co.uk
league_2569dfd7c875346a,2019-05-25,SERIE_A,2018-19,LEAGUE,,Frosinone,Chievo,0,0,D,Italy,Serie A,football-data.co.uk
league_b74810e146fa1f6f,2019-05-26,SERIE_A,2018-19,LEAGUE,,AS Roma,Parma,2,1,H,Italy,Serie A,football-data.co.uk
league_a4e3e42d7fc38e17,2019-05-26,SERIE_A,2018-19,LEAGUE,,Atalanta,Sassuolo,3,1,H,Italy,Serie A,football-data.co.uk
league_67c672f3906e9cf9,2019-05-26,SERIE_A,2018-19,LEAGUE,,Cagliari,Udinese,1,2,A,Italy,Serie A,football-data.co.uk
league_2e28086d875eb7c8,2019-05-26,SERIE_A,2018-19,LEAGUE,,Fiorentina,Genoa,0,0,D,Italy,Serie A,football-data.co.uk
league_fd2f553383f57224,2019-05-26,SERIE_A,2018-19,LEAGUE,,Inter Milan,Empoli,2,1,H,Italy,Serie A,football-data.co.uk
league_9dc83b9abe5bf733,2019-05-26,SERIE_A,2018-19,LEAGUE,,Sampdoria,Juventus,2,0,H,Italy,Serie A,football-data.co.uk
league_3a873b7057c322d7,2019-05-26,SERIE_A,2018-19,LEAGUE,,Spal,AC Milan,2,3,A,Italy,Serie A,football-data.co.uk
league_c5ded9287871085e,2019-05-26,SERIE_A,2018-19,LEAGUE,,Torino,SS Lazio,3,1,H,Italy,Serie A,football-data.co.uk
league_040b4ff181992878,2019-08-24,SERIE_A,2019-20,LEAGUE,,Fiorentina,Napoli,3,4,A,Italy,Serie A,football-data.co.uk
league_1fc900db7024ef32,2019-08-24,SERIE_A,2019-20,LEAGUE,,Parma,Juventus,0,1,A,Italy,Serie A,football-data.co.uk
league_846a90304fbae0d9,2019-08-25,SERIE_A,2019-20,LEAGUE,,AS Roma,Genoa,3,3,D,Italy,Serie A,football-data.co.uk
league_988f12db2d7c3d1d,2019-08-25,SERIE_A,2019-20,LEAGUE,,Cagliari,Brescia,0,1,A,Italy,Serie A,football-data.co.uk
league_b5eaa1909c19f6b9,2019-08-25,SERIE_A,2019-20,LEAGUE,,Hellas Verona,Bologna,1,1,D,Italy,Serie A,football-data.co.uk
league_3d3ed522c876c5d9,2019-08-25,SERIE_A,2019-20,LEAGUE,,Sampdoria,SS Lazio,0,3,A,Italy,Serie A,football-data.co.uk
league_ac36ff6070422935,2019-08-25,SERIE_A,2019-20,LEAGUE,,Spal,Atalanta,2,3,A,Italy,Serie A,football-data.co.uk
league_b42df136d9ea4541,2019-08-25,SERIE_A,2019-20,LEAGUE,,Torino,Sassuolo,2,1,H,Italy,Serie A,football-data.co.uk
league_80bc755e6045972b,2019-08-25,SERIE_A,2019-20,LEAGUE,,Udinese,AC Milan,1,0,H,Italy,Serie A,football-data.co.uk
league_654b389b2457f5c3,2019-08-26,SERIE_A,2019-20,LEAGUE,,Inter Milan,Lecce,4,0,H,Italy,Serie A,football-data.co.uk
league_3e9e2b2d03feb352,2019-08-30,SERIE_A,2019-20,LEAGUE,,Bologna,Spal,1,0,H,Italy,Serie A,football-data.co.uk
league_35e3881b7351ecf8,2019-08-31,SERIE_A,2019-20,LEAGUE,,AC Milan,Brescia,1,0,H,Italy,Serie A,football-data.co.uk
league_40de3e0ce97dba59,2019-08-31,SERIE_A,2019-20,LEAGUE,,Juventus,Napoli,4,3,H,Italy,Serie A,football-data.co.uk
league_2df60cec085da5d0,2019-09-01,SERIE_A,2019-20,LEAGUE,,Atalanta,Torino,2,3,A,Italy,Serie A,football-data.co.uk
league_8a973c30a36ef56e,2019-09-01,SERIE_A,2019-20,LEAGUE,,Cagliari,Inter Milan,1,2,A,Italy,Serie A,football-data.co.uk
league_b2d57f1c2114bfd1,2019-09-01,SERIE_A,2019-20,LEAGUE,,Genoa,Fiorentina,2,1,H,Italy,Serie A,football-data.co.uk
league_eec76cee138209d7,2019-09-01,SERIE_A,2019-20,LEAGUE,,Lecce,Hellas Verona,0,1,A,Italy,Serie A,football-data.co.uk
league_b84f912cf501a657,2019-09-01,SERIE_A,2019-20,LEAGUE,,SS Lazio,AS Roma,1,1,D,Italy,Serie A,football-data.co.uk
league_1d036bbf03131aa4,2019-09-01,SERIE_A,2019-20,LEAGUE,,Sassuolo,Sampdoria,4,1,H,Italy,Serie A,football-data.co.uk
league_c9595e8b3bf6697e,2019-09-01,SERIE_A,2019-20,LEAGUE,,Udinese,Parma,1,3,A,Italy,Serie A,football-data.co.uk
league_eb83f35cf7356ff6,2019-09-14,SERIE_A,2019-20,LEAGUE,,Fiorentina,Juventus,0,0,D,Italy,Serie A,football-data.co.uk
league_7d212e32e4703a91,2019-09-14,SERIE_A,2019-20,LEAGUE,,Inter Milan,Udinese,1,0,H,Italy,Serie A,football-data.co.uk
league_92fad0994aa49867,2019-09-14,SERIE_A,2019-20,LEAGUE,,Napoli,Sampdoria,2,0,H,Italy,Serie A,football-data.co.uk
league_9f2a20aeb86cbd66,2019-09-15,SERIE_A,2019-20,LEAGUE,,AS Roma,Sassuolo,4,2,H,Italy,Serie A,football-data.co.uk
league_efd618331ca32529,2019-09-15,SERIE_A,2019-20,LEAGUE,,Brescia,Bologna,3,4,A,Italy,Serie A,football-data.co.uk
league_14c9a3e9af963486,2019-09-15,SERIE_A,2019-20,LEAGUE,,Genoa,Atalanta,1,2,A,Italy,Serie A,football-data.co.uk
league_70573e093fa9506a,2019-09-15,SERIE_A,2019-20,LEAGUE,,Hellas Verona,AC Milan,0,1,A,Italy,Serie A,football-data.co.uk
league_bcc1edd6b180673c,2019-09-15,SERIE_A,2019-20,LEAGUE,,Parma,Cagliari,1,3,A,Italy,Serie A,football-data.co.uk
league_57f20aa3d6c33c57,2019-09-15,SERIE_A,2019-20,LEAGUE,,Spal,SS Lazio,2,1,H,Italy,Serie A,football-data.co.uk
league_eefe30852f45e985,2019-09-16,SERIE_A,2019-20,LEAGUE,,Torino,Lecce,1,2,A,Italy,Serie A,football-data.co.uk
league_666203a74f20b053,2019-09-20,SERIE_A,2019-20,LEAGUE,,Cagliari,Genoa,3,1,H,Italy,Serie A,football-data.co.uk
league_449f66da95ff8831,2019-09-21,SERIE_A,2019-20,LEAGUE,,AC Milan,Inter Milan,0,2,A,Italy,Serie A,football-data.co.uk
league_6c8842ec52b45a13,2019-09-21,SERIE_A,2019-20,LEAGUE,,Juventus,Hellas Verona,2,1,H,Italy,Serie A,football-data.co.uk
league_f807495c1868d57a,2019-09-21,SERIE_A,2019-20,LEAGUE,,Udinese,Brescia,0,1,A,Italy,Serie A,football-data.co.uk
league_d400adf99716f2a4,2019-09-22,SERIE_A,2019-20,LEAGUE,,Atalanta,Fiorentina,2,2,D,Italy,Serie A,football-data.co.uk
league_ee9aee1f48196f50,2019-09-22,SERIE_A,2019-20,LEAGUE,,Bologna,AS Roma,1,2,A,Italy,Serie A,football-data.co.uk
league_e4638b117436856b,2019-09-22,SERIE_A,2019-20,LEAGUE,,Lecce,Napoli,1,4,A,Italy,Serie A,football-data.co.uk
league_f46aaf7ac6bdf243,2019-09-22,SERIE_A,2019-20,LEAGUE,,SS Lazio,Parma,2,0,H,Italy,Serie A,football-data.co.uk
league_ae81c31db4fb1459,2019-09-22,SERIE_A,2019-20,LEAGUE,,Sampdoria,Torino,1,0,H,Italy,Serie A,football-data.co.uk
league_73ae575cbb0ec7b4,2019-09-22,SERIE_A,2019-20,LEAGUE,,Sassuolo,Spal,3,0,H,Italy,Serie A,football-data.co.uk
league_b9fc8ca5ab71db76,2019-09-24,SERIE_A,2019-20,LEAGUE,,Brescia,Juventus,1,2,A,Italy,Serie A,football-data.co.uk
league_15aa979ed577995f,2019-09-24,SERIE_A,2019-20,LEAGUE,,Hellas Verona,Udinese,0,0,D,Italy,Serie A,football-data.co.uk
league_b1010ea6aa5c6143,2019-09-25,SERIE_A,2019-20,LEAGUE,,AS Roma,Atalanta,0,2,A,Italy,Serie A,football-data.co.uk
league_3aa1a4a4cf98c940,2019-09-25,SERIE_A,2019-20,LEAGUE,,Fiorentina,Sampdoria,2,1,H,Italy,Serie A,football-data.co.uk
league_44bd1870f7e21a63,2019-09-25,SERIE_A,2019-20,LEAGUE,,Genoa,Bologna,0,0,D,Italy,Serie A,football-data.co.uk
league_b922cef7548b7093,2019-09-25,SERIE_A,2019-20,LEAGUE,,Inter Milan,SS Lazio,1,0,H,Italy,Serie A,football-data.co.uk
league_1f0f1f6ee6452f02,2019-09-25,SERIE_A,2019-20,LEAGUE,,Napoli,Cagliari,0,1,A,Italy,Serie A,football-data.co.uk
league_4e902bdd8f7d5c6f,2019-09-25,SERIE_A,2019-20,LEAGUE,,Parma,Sassuolo,1,0,H,Italy,Serie A,football-data.co.uk
league_46339619be02b176,2019-09-25,SERIE_A,2019-20,LEAGUE,,Spal,Lecce,1,3,A,Italy,Serie A,football-data.co.uk
league_9446e2e67c80d4fd,2019-09-26,SERIE_A,2019-20,LEAGUE,,Torino,AC Milan,2,1,H,Italy,Serie A,football-data.co.uk
league_12a57c6b22f65862,2019-09-28,SERIE_A,2019-20,LEAGUE,,Juventus,Spal,2,0,H,Italy,Serie A,football-data.co.uk
league_0163c7f1cb3e3015,2019-09-28,SERIE_A,2019-20,LEAGUE,,Sampdoria,Inter Milan,1,3,A,Italy,Serie A,football-data.co.uk
league_a94b6b0cabc706e0,2019-09-28,SERIE_A,2019-20,LEAGUE,,Sassuolo,Atalanta,1,4,A,Italy,Serie A,football-data.co.uk
league_896d942f8dc4cd8a,2019-09-29,SERIE_A,2019-20,LEAGUE,,AC Milan,Fiorentina,1,3,A,Italy,Serie A,football-data.co.uk
league_ce011c5f02e46c0d,2019-09-29,SERIE_A,2019-20,LEAGUE,,Cagliari,Hellas Verona,1,1,D,Italy,Serie A,football-data.co.uk
league_e33a076eb20abcfe,2019-09-29,SERIE_A,2019-20,LEAGUE,,Lecce,AS Roma,0,1,A,Italy,Serie A,football-data.co.uk
league_e90e05c0bdb626ba,2019-09-29,SERIE_A,2019-20,LEAGUE,,Napoli,Brescia,2,1,H,Italy,Serie A,football-data.co.uk
league_f3edc23a3aa68f3f,2019-09-29,SERIE_A,2019-20,LEAGUE,,SS Lazio,Genoa,4,0,H,Italy,Serie A,football-data.co.uk
league_1e67a6815d6e3a14,2019-09-29,SERIE_A,2019-20,LEAGUE,,Udinese,Bologna,1,0,H,Italy,Serie A,football-data.co.uk
league_f014ccaea79ee8e8,2019-09-30,SERIE_A,2019-20,LEAGUE,,Parma,Torino,3,2,H,Italy,Serie A,football-data.co.uk
league_9890fb3c753a97be,2019-10-05,SERIE_A,2019-20,LEAGUE,,Genoa,AC Milan,1,2,A,Italy,Serie A,football-data.co.uk
league_15535805a5a71ad7,2019-10-05,SERIE_A,2019-20,LEAGUE,,Hellas Verona,Sampdoria,2,0,H,Italy,Serie A,football-data.co.uk
league_968af7b18d12e0be,2019-10-05,SERIE_A,2019-20,LEAGUE,,Spal,Parma,1,0,H,Italy,Serie A,football-data.co.uk
league_dcc05ab124fce8ea,2019-10-06,SERIE_A,2019-20,LEAGUE,,AS Roma,Cagliari,1,1,D,Italy,Serie A,football-data.co.uk
league_2352accee63cb238,2019-10-06,SERIE_A,2019-20,LEAGUE,,Atalanta,Lecce,3,1,H,Italy,Serie A,football-data.co.uk
league_d45d5591de441826,2019-10-06,SERIE_A,2019-20,LEAGUE,,Bologna,SS Lazio,2,2,D,Italy,Serie A,football-data.co.uk
league_55025f7e41259126,2019-10-06,SERIE_A,2019-20,LEAGUE,,Fiorentina,Udinese,1,0,H,Italy,Serie A,football-data.co.uk
league_817f88783f5c5627,2019-10-06,SERIE_A,2019-20,LEAGUE,,Inter Milan,Juventus,1,2,A,Italy,Serie A,football-data.co.uk
league_75a00c2fe841a061,2019-10-06,SERIE_A,2019-20,LEAGUE,,Torino,Napoli,0,0,D,Italy,Serie A,football-data.co.uk
league_604da477bca86b67,2019-10-19,SERIE_A,2019-20,LEAGUE,,Juventus,Bologna,2,1,H,Italy,Serie A,football-data.co.uk
league_d33b1b4be190675c,2019-10-19,SERIE_A,2019-20,LEAGUE,,Napoli,Hellas Verona,2,0,H,Italy,Serie A,football-data.co.uk
league_0de24a2a14e96cb7,2019-10-19,SERIE_A,2019-20,LEAGUE,,SS Lazio,Atalanta,3,3,D,Italy,Serie A,football-data.co.uk
league_4e301f00bb9c6352,2019-10-20,SERIE_A,2019-20,LEAGUE,,AC Milan,Lecce,2,2,D,Italy,Serie A,football-data.co.uk
league_dcabdca3ded3313e,2019-10-20,SERIE_A,2019-20,LEAGUE,,Cagliari,Spal,2,0,H,Italy,Serie A,football-data.co.uk
league_c98edd223c09a68f,2019-10-20,SERIE_A,2019-20,LEAGUE,,Parma,Genoa,5,1,H,Italy,Serie A,football-data.co.uk
league_73f475ad9ede6379,2019-10-20,SERIE_A,2019-20,LEAGUE,,Sampdoria,AS Roma,0,0,D,Italy,Serie A,football-data.co.uk
league_08d5e9f9edbbcc97,2019-10-20,SERIE_A,2019-20,LEAGUE,,Sassuolo,Inter Milan,3,4,A,Italy,Serie A,football-data.co.uk
league_fb16b7800ad60a4e,2019-10-20,SERIE_A,2019-20,LEAGUE,,Udinese,Torino,1,0,H,Italy,Serie A,football-data.co.uk
league_b51360b7c2a9163b,2019-10-21,SERIE_A,2019-20,LEAGUE,,Brescia,Fiorentina,0,0,D,Italy,Serie A,football-data.co.uk
league_ceb94f22ddd016e1,2019-10-25,SERIE_A,2019-20,LEAGUE,,Hellas Verona,Sassuolo,0,1,A,Italy,Serie A,football-data.co.uk
league_ce1a89ab008e8a56,2019-10-26,SERIE_A,2019-20,LEAGUE,,Genoa,Brescia,3,1,H,Italy,Serie A,football-data.co.uk
league_4916c3b61c7d954b,2019-10-26,SERIE_A,2019-20,LEAGUE,,Inter Milan,Parma,2,2,D,Italy,Serie A,football-data.co.uk
league_7b255b54b6c9ad19,2019-10-26,SERIE_A,2019-20,LEAGUE,,Lecce,Juventus,1,1,D,Italy,Serie A,football-data.co.uk
league_ccda99208b2cfee1,2019-10-27,SERIE_A,2019-20,LEAGUE,,AS Roma,AC Milan,2,1,H,Italy,Serie A,football-data.co.uk
league_2334dd4390417db8,2019-10-27,SERIE_A,2019-20,LEAGUE,,Atalanta,Udinese,7,1,H,Italy,Serie A,football-data.co.uk
league_0d35ccbf240a860e,2019-10-27,SERIE_A,2019-20,LEAGUE,,Bologna,Sampdoria,2,1,H,Italy,Serie A,football-data.co.uk
league_b72f9eb892d5aa72,2019-10-27,SERIE_A,2019-20,LEAGUE,,Fiorentina,SS Lazio,1,2,A,Italy,Serie A,football-data.co.uk
league_782bef2cdf7a6079,2019-10-27,SERIE_A,2019-20,LEAGUE,,Spal,Napoli,1,1,D,Italy,Serie A,football-data.co.uk
league_1df4c064076f216b,2019-10-27,SERIE_A,2019-20,LEAGUE,,Torino,Cagliari,1,1,D,Italy,Serie A,football-data.co.uk
league_49a40c3edcd93897,2019-10-29,SERIE_A,2019-20,LEAGUE,,Brescia,Inter Milan,1,2,A,Italy,Serie A,football-data.co.uk
league_6ba42d58957fd459,2019-10-29,SERIE_A,2019-20,LEAGUE,,Parma,Hellas Verona,0,1,A,Italy,Serie A,football-data.co.uk
league_e8098e11f51eeeff,2019-10-30,SERIE_A,2019-20,LEAGUE,,Cagliari,Bologna,3,2,H,Italy,Serie A,football-data.co.uk
league_95ef8c7690455e7c,2019-10-30,SERIE_A,2019-20,LEAGUE,,Juventus,Genoa,2,1,H,Italy,Serie A,football-data.co.uk
league_1059a83c0c1581c7,2019-10-30,SERIE_A,2019-20,LEAGUE,,Napoli,Atalanta,2,2,D,Italy,Serie A,football-data.co.uk
league_882d511a11401069,2019-10-30,SERIE_A,2019-20,LEAGUE,,SS Lazio,Torino,4,0,H,Italy,Serie A,football-data.co.uk
league_f7276aa7b9945bd5,2019-10-30,SERIE_A,2019-20,LEAGUE,,Sampdoria,Lecce,1,1,D,Italy,Serie A,football-data.co.uk
league_62654efa20aa3838,2019-10-30,SERIE_A,2019-20,LEAGUE,,Sassuolo,Fiorentina,1,2,A,Italy,Serie A,football-data.co.uk
league_18955894ef7ca835,2019-10-30,SERIE_A,2019-20,LEAGUE,,Udinese,AS Roma,0,4,A,Italy,Serie A,football-data.co.uk
league_009388f655f0d6fc,2019-10-31,SERIE_A,2019-20,LEAGUE,,AC Milan,Spal,1,0,H,Italy,Serie A,football-data.co.uk
league_9577e6c5e311ab1e,2019-11-02,SERIE_A,2019-20,LEAGUE,,AS Roma,Napoli,2,1,H,Italy,Serie A,football-data.co.uk
league_36ad9689c860a441,2019-11-02,SERIE_A,2019-20,LEAGUE,,Bologna,Inter Milan,1,2,A,Italy,Serie A,football-data.co.uk
league_bf88749a9e0fe76a,2019-11-02,SERIE_A,2019-20,LEAGUE,,Torino,Juventus,0,1,A,Italy,Serie A,football-data.co.uk
league_8c5834e04ba45b60,2019-11-03,SERIE_A,2019-20,LEAGUE,,AC Milan,SS Lazio,1,2,A,Italy,Serie A,football-data.co.uk
league_99b3d6d5c493f674,2019-11-03,SERIE_A,2019-20,LEAGUE,,Atalanta,Cagliari,0,2,A,Italy,Serie A,football-data.co.uk
league_273d47588cbb42a1,2019-11-03,SERIE_A,2019-20,LEAGUE,,Fiorentina,Parma,1,1,D,Italy,Serie A,football-data.co.uk
league_ffacf5cfb10c579b,2019-11-03,SERIE_A,2019-20,LEAGUE,,Genoa,Udinese,1,3,A,Italy,Serie A,football-data.co.uk
league_fe06b1b13ebce1dc,2019-11-03,SERIE_A,2019-20,LEAGUE,,Hellas Verona,Brescia,2,1,H,Italy,Serie A,football-data.co.uk
league_c8749173a3bc93fa,2019-11-03,SERIE_A,2019-20,LEAGUE,,Lecce,Sassuolo,2,2,D,Italy,Serie A,football-data.co.uk
league_c081a2b93dd66c92,2019-11-04,SERIE_A,2019-20,LEAGUE,,Spal,Sampdoria,0,1,A,Italy,Serie A,football-data.co.uk
league_e9b20be12e2c33c3,2019-11-08,SERIE_A,2019-20,LEAGUE,,Sassuolo,Bologna,3,1,H,Italy,Serie A,football-data.co.uk
league_172407e62442043b,2019-11-09,SERIE_A,2019-20,LEAGUE,,Brescia,Torino,0,4,A,Italy,Serie A,football-data.co.uk
league_b40e4f9e03b8b7d1,2019-11-09,SERIE_A,2019-20,LEAGUE,,Inter Milan,Hellas Verona,2,1,H,Italy,Serie A,football-data.co.uk
league_24620dffa74dce4d,2019-11-09,SERIE_A,2019-20,LEAGUE,,Napoli,Genoa,0,0,D,Italy,Serie A,football-data.co.uk
league_38dfa85b47fe3823,2019-11-10,SERIE_A,2019-20,LEAGUE,,Cagliari,Fiorentina,5,2,H,Italy,Serie A,football-data.co.uk
league_4e28ddafe5a17ecd,2019-11-10,SERIE_A,2019-20,LEAGUE,,Juventus,AC Milan,1,0,H,Italy,Serie A,football-data.co.uk
league_147d92a37bccdfe8,2019-11-10,SERIE_A,2019-20,LEAGUE,,Parma,AS Roma,2,0,H,Italy,Serie A,football-data.co.uk
league_eb680fa26de0e258,2019-11-10,SERIE_A,2019-20,LEAGUE,,SS Lazio,Lecce,4,2,H,Italy,Serie A,football-data.co.uk
league_b5def86ad13c43e6,2019-11-10,SERIE_A,2019-20,LEAGUE,,Sampdoria,Atalanta,0,0,D,Italy,Serie A,football-data.co.uk
league_b15d9dd19fdc2598,2019-11-10,SERIE_A,2019-20,LEAGUE,,Udinese,Spal,0,0,D,Italy,Serie A,football-data.co.uk
league_d527493d1f8ab87b,2019-11-23,SERIE_A,2019-20,LEAGUE,,AC Milan,Napoli,1,1,D,Italy,Serie A,football-data.co.uk
league_5fa9aaf162090704,2019-11-23,SERIE_A,2019-20,LEAGUE,,Atalanta,Juventus,1,3,A,Italy,Serie A,football-data.co.uk
league_ff316210981fbd63,2019-11-23,SERIE_A,2019-20,LEAGUE,,Torino,Inter Milan,0,3,A,Italy,Serie A,football-data.co.uk
league_18d901b7ca80f92f,2019-11-24,SERIE_A,2019-20,LEAGUE,,AS Roma,Brescia,3,0,H,Italy,Serie A,football-data.co.uk
league_d2cc4b9bee3614ac,2019-11-24,SERIE_A,2019-20,LEAGUE,,Bologna,Parma,2,2,D,Italy,Serie A,football-data.co.uk
league_8a152b141f9db179,2019-11-24,SERIE_A,2019-20,LEAGUE,,Hellas Verona,Fiorentina,1,0,H,Italy,Serie A,football-data.co.uk
league_d9baf2b2e86bb7ec,2019-11-24,SERIE_A,2019-20,LEAGUE,,Sampdoria,Udinese,2,1,H,Italy,Serie A,football-data.co.uk
league_4a4e9f49061ca9c3,2019-11-24,SERIE_A,2019-20,LEAGUE,,Sassuolo,SS Lazio,1,2,A,Italy,Serie A,football-data.co.uk
league_f439cfbec2354042,2019-11-25,SERIE_A,2019-20,LEAGUE,,Lecce,Cagliari,2,2,D,Italy,Serie A,football-data.co.uk
league_b2d46fd75d4b8bf1,2019-11-25,SERIE_A,2019-20,LEAGUE,,Spal,Genoa,1,1,D,Italy,Serie A,football-data.co.uk
league_6daca28f8d9ebc3d,2019-11-30,SERIE_A,2019-20,LEAGUE,,Brescia,Atalanta,0,3,A,Italy,Serie A,football-data.co.uk
league_4959f62217d46bd7,2019-11-30,SERIE_A,2019-20,LEAGUE,,Fiorentina,Lecce,0,1,A,Italy,Serie A,football-data.co.uk
league_4e52523f235b42d1,2019-11-30,SERIE_A,2019-20,LEAGUE,,Genoa,Torino,0,1,A,Italy,Serie A,football-data.co.uk
league_4140eee2960768f8,2019-12-01,SERIE_A,2019-20,LEAGUE,,Hellas Verona,AS Roma,1,3,A,Italy,Serie A,football-data.co.uk
league_564075e701722ec1,2019-12-01,SERIE_A,2019-20,LEAGUE,,Inter Milan,Spal,2,1,H,Italy,Serie A,football-data.co.uk
league_432831e42811e7e8,2019-12-01,SERIE_A,2019-20,LEAGUE,,Juventus,Sassuolo,2,2,D,Italy,Serie A,football-data.co.uk
league_18ce7aa26ab634ac,2019-12-01,SERIE_A,2019-20,LEAGUE,,Napoli,Bologna,1,2,A,Italy,Serie A,football-data.co.uk
league_e56cce19b556f120,2019-12-01,SERIE_A,2019-20,LEAGUE,,Parma,AC Milan,0,1,A,Italy,Serie A,football-data.co.uk
league_ffb1a35c517beb88,2019-12-01,SERIE_A,2019-20,LEAGUE,,SS Lazio,Udinese,3,0,H,Italy,Serie A,football-data.co.uk
league_30be21fae468ea69,2019-12-02,SERIE_A,2019-20,LEAGUE,,Cagliari,Sampdoria,4,3,H,Italy,Serie A,football-data.co.uk
league_53db7dfa6fef020b,2019-12-06,SERIE_A,2019-20,LEAGUE,,Inter Milan,AS Roma,0,0,D,Italy,Serie A,football-data.co.uk
league_21a70ab881df1b91,2019-12-07,SERIE_A,2019-20,LEAGUE,,Atalanta,Hellas Verona,3,2,H,Italy,Serie A,football-data.co.uk
league_c67ede732662928b,2019-12-07,SERIE_A,2019-20,LEAGUE,,SS Lazio,Juventus,3,1,H,Italy,Serie A,football-data.co.uk
league_a5b12ac9366d3cee,2019-12-07,SERIE_A,2019-20,LEAGUE,,Udinese,Napoli,1,1,D,Italy,Serie A,football-data.co.uk
league_6e50eae8e7ffaf39,2019-12-08,SERIE_A,2019-20,LEAGUE,,Bologna,AC Milan,2,3,A,Italy,Serie A,football-data.co.uk
league_ac9efc6840256db1,2019-12-08,SERIE_A,2019-20,LEAGUE,,Lecce,Genoa,2,2,D,Italy,Serie A,football-data.co.uk
league_22703ee711c8af6f,2019-12-08,SERIE_A,2019-20,LEAGUE,,Sampdoria,Parma,0,1,A,Italy,Serie A,football-data.co.uk
league_286e05f3ddf4eead,2019-12-08,SERIE_A,2019-20,LEAGUE,,Sassuolo,Cagliari,2,2,D,Italy,Serie A,football-data.co.uk
league_b839fd3e4a1b2ad0,2019-12-08,SERIE_A,2019-20,LEAGUE,,Spal,Brescia,0,1,A,Italy,Serie A,football-data.co.uk
league_6691bcafe05d5b8b,2019-12-08,SERIE_A,2019-20,LEAGUE,,Torino,Fiorentina,2,1,H,Italy,Serie A,football-data.co.uk
league_68b7f152cd5a9a83,2019-12-14,SERIE_A,2019-20,LEAGUE,,Brescia,Lecce,3,0,H,Italy,Serie A,football-data.co.uk
league_dfb4acd1207871e2,2019-12-14,SERIE_A,2019-20,LEAGUE,,Genoa,Sampdoria,0,1,A,Italy,Serie A,football-data.co.uk
league_fffec4322d32f8a1,2019-12-14,SERIE_A,2019-20,LEAGUE,,Napoli,Parma,1,2,A,Italy,Serie A,football-data.co.uk
league_4c42f9ed813ee4e8,2019-12-15,SERIE_A,2019-20,LEAGUE,,AC Milan,Sassuolo,0,0,D,Italy,Serie A,football-data.co.uk
league_af96e4d902c1189b,2019-12-15,SERIE_A,2019-20,LEAGUE,,AS Roma,Spal,3,1,H,Italy,Serie A,football-data.co.uk
league_6bd7b313dde41f08,2019-12-15,SERIE_A,2019-20,LEAGUE,,Bologna,Atalanta,2,1,H,Italy,Serie A,football-data.co.uk
league_e66fad3fdd6c8f59,2019-12-15,SERIE_A,2019-20,LEAGUE,,Fiorentina,Inter Milan,1,1,D,Italy,Serie A,football-data.co.uk
league_ec0c4567a93592bb,2019-12-15,SERIE_A,2019-20,LEAGUE,,Hellas Verona,Torino,3,3,D,Italy,Serie A,football-data.co.uk
league_efdae573a5859d54,2019-12-15,SERIE_A,2019-20,LEAGUE,,Juventus,Udinese,3,1,H,Italy,Serie A,football-data.co.uk
league_d7a8740e8484f2e0,2019-12-16,SERIE_A,2019-20,LEAGUE,,Cagliari,SS Lazio,1,2,A,Italy,Serie A,football-data.co.uk
league_642a029c135e638a,2019-12-18,SERIE_A,2019-20,LEAGUE,,Brescia,Sassuolo,0,2,A,Italy,Serie A,football-data.co.uk
league_cd2974cc69e5efbf,2019-12-18,SERIE_A,2019-20,LEAGUE,,Sampdoria,Juventus,1,2,A,Italy,Serie A,football-data.co.uk
league_021bd3ec073a1b1a,2019-12-20,SERIE_A,2019-20,LEAGUE,,Fiorentina,AS Roma,1,4,A,Italy,Serie A,football-data.co.uk
league_cb84fb3926eb7855,2019-12-21,SERIE_A,2019-20,LEAGUE,,Inter Milan,Genoa,4,0,H,Italy,Serie A,football-data.co.uk
league_047b92ec0eedefa0,2019-12-21,SERIE_A,2019-20,LEAGUE,,Torino,Spal,1,2,A,Italy,Serie A,football-data.co.uk
league_aee0ecbd6c771787,2019-12-21,SERIE_A,2019-20,LEAGUE,,Udinese,Cagliari,2,1,H,Italy,Serie A,football-data.co.uk
league_50d6f6f966d32bff,2019-12-22,SERIE_A,2019-20,LEAGUE,,Atalanta,AC Milan,5,0,H,Italy,Serie A,football-data.co.uk
league_2e78639e4a25902d,2019-12-22,SERIE_A,2019-20,LEAGUE,,Lecce,Bologna,2,3,A,Italy,Serie A,football-data.co.uk
league_81dcf06ec82e5823,2019-12-22,SERIE_A,2019-20,LEAGUE,,Parma,Brescia,1,1,D,Italy,Serie A,football-data.co.uk
league_68b9607f8442cc6c,2019-12-22,SERIE_A,2019-20,LEAGUE,,Sassuolo,Napoli,1,2,A,Italy,Serie A,football-data.co.uk
league_1688b42776ceffe9,2020-01-05,SERIE_A,2019-20,LEAGUE,,AS Roma,Torino,0,2,A,Italy,Serie A,football-data.co.uk
league_1015f64d4fe0b32e,2020-01-05,SERIE_A,2019-20,LEAGUE,,Brescia,SS Lazio,1,2,A,Italy,Serie A,football-data.co.uk
league_7961ba26da51aaf0,2020-01-05,SERIE_A,2019-20,LEAGUE,,Genoa,Sassuolo,2,1,H,Italy,Serie A,football-data.co.uk
league_36d8ffd9ad1605bc,2020-01-05,SERIE_A,2019-20,LEAGUE,,Spal,Hellas Verona,0,2,A,Italy,Serie A,football-data.co.uk
league_aa13bdf468f81be1,2020-01-06,SERIE_A,2019-20,LEAGUE,,AC Milan,Sampdoria,0,0,D,Italy,Serie A,football-data.co.uk
league_ee3f4bee5390cc7d,2020-01-06,SERIE_A,2019-20,LEAGUE,,Atalanta,Parma,5,0,H,Italy,Serie A,football-data.co.uk
league_b8b8b830c4797f6a,2020-01-06,SERIE_A,2019-20,LEAGUE,,Bologna,Fiorentina,1,1,D,Italy,Serie A,football-data.co.uk
league_6f96ddd0bafe0cb4,2020-01-06,SERIE_A,2019-20,LEAGUE,,Juventus,Cagliari,4,0,H,Italy,Serie A,football-data.co.uk
league_db6597042380f833,2020-01-06,SERIE_A,2019-20,LEAGUE,,Lecce,Udinese,0,1,A,Italy,Serie A,football-data.co.uk
league_f0216817b3c160e1,2020-01-06,SERIE_A,2019-20,LEAGUE,,Napoli,Inter Milan,1,3,A,Italy,Serie A,football-data.co.uk
league_6d3306a813a30f6c,2020-01-11,SERIE_A,2019-20,LEAGUE,,Cagliari,AC Milan,0,2,A,Italy,Serie A,football-data.co.uk
league_72c9e42d0d933d8e,2020-01-11,SERIE_A,2019-20,LEAGUE,,Inter Milan,Atalanta,1,1,D,Italy,Serie A,football-data.co.uk
league_4a8954d4bd3174e7,2020-01-11,SERIE_A,2019-20,LEAGUE,,SS Lazio,Napoli,1,0,H,Italy,Serie A,football-data.co.uk
league_f3c5e2da6b33148f,2020-01-12,SERIE_A,2019-20,LEAGUE,,AS Roma,Juventus,1,2,A,Italy,Serie A,football-data.co.uk
league_f66ae12516916bb9,2020-01-12,SERIE_A,2019-20,LEAGUE,,Fiorentina,Spal,1,0,H,Italy,Serie A,football-data.co.uk
league_f72ec43692c31790,2020-01-12,SERIE_A,2019-20,LEAGUE,,Hellas Verona,Genoa,2,1,H,Italy,Serie A,football-data.co.uk
league_21858a191562cee3,2020-01-12,SERIE_A,2019-20,LEAGUE,,Sampdoria,Brescia,5,1,H,Italy,Serie A,football-data.co.uk
league_19c093579a40c4a3,2020-01-12,SERIE_A,2019-20,LEAGUE,,Torino,Bologna,1,0,H,Italy,Serie A,football-data.co.uk
league_81605a88b48a8ded,2020-01-12,SERIE_A,2019-20,LEAGUE,,Udinese,Sassuolo,3,0,H,Italy,Serie A,football-data.co.uk
league_6322d97f65f75b39,2020-01-13,SERIE_A,2019-20,LEAGUE,,Parma,Lecce,2,0,H,Italy,Serie A,football-data.co.uk
league_aa59958715a10b90,2020-01-18,SERIE_A,2019-20,LEAGUE,,Napoli,Fiorentina,0,2,A,Italy,Serie A,football-data.co.uk
league_81a7e34cfd3ba8be,2020-01-18,SERIE_A,2019-20,LEAGUE,,SS Lazio,Sampdoria,5,1,H,Italy,Serie A,football-data.co.uk
league_34a136d46e6bbba1,2020-01-18,SERIE_A,2019-20,LEAGUE,,Sassuolo,Torino,2,1,H,Italy,Serie A,football-data.co.uk
league_485c96a9bf809785,2020-01-19,SERIE_A,2019-20,LEAGUE,,AC Milan,Udinese,3,2,H,Italy,Serie A,football-data.co.uk
league_a0dd5c3f10b51bfd,2020-01-19,SERIE_A,2019-20,LEAGUE,,Bologna,Hellas Verona,1,1,D,Italy,Serie A,football-data.co.uk
league_429941cbaf108cf8,2020-01-19,SERIE_A,2019-20,LEAGUE,,Brescia,Cagliari,2,2,D,Italy,Serie A,football-data.co.uk
league_2794b5a9ec5a5b93,2020-01-19,SERIE_A,2019-20,LEAGUE,,Genoa,AS Roma,1,3,A,Italy,Serie A,football-data.co.uk
league_aaf3225e2f829106,2020-01-19,SERIE_A,2019-20,LEAGUE,,Juventus,Parma,2,1,H,Italy,Serie A,football-data.co.uk
league_406fc76469d0f48a,2020-01-19,SERIE_A,2019-20,LEAGUE,,Lecce,Inter Milan,1,1,D,Italy,Serie A,football-data.co.uk
league_feff85e82834d0d1,2020-01-20,SERIE_A,2019-20,LEAGUE,,Atalanta,Spal,1,2,A,Italy,Serie A,football-data.co.uk
league_84a64e81bfa5d148,2020-01-24,SERIE_A,2019-20,LEAGUE,,Brescia,AC Milan,0,1,A,Italy,Serie A,football-data.co.uk
league_39d2a86d908d03ef,2020-01-25,SERIE_A,2019-20,LEAGUE,,Fiorentina,Genoa,0,0,D,Italy,Serie A,football-data.co.uk
league_b866408decd31d8c,2020-01-25,SERIE_A,2019-20,LEAGUE,,Spal,Bologna,1,3,A,Italy,Serie A,football-data.co.uk
league_f3ec285c33f861b4,2020-01-25,SERIE_A,2019-20,LEAGUE,,Torino,Atalanta,0,7,A,Italy,Serie A,football-data.co.uk
league_6a51be994aafcfb9,2020-01-26,SERIE_A,2019-20,LEAGUE,,AS Roma,SS Lazio,1,1,D,Italy,Serie A,football-data.co.uk
league_6bf530fb49fede16,2020-01-26,SERIE_A,2019-20,LEAGUE,,Hellas Verona,Lecce,3,0,H,Italy,Serie A,football-data.co.uk
league_a90d1b724c0ca81f,2020-01-26,SERIE_A,2019-20,LEAGUE,,Inter Milan,Cagliari,1,1,D,Italy,Serie A,football-data.co.uk
league_90390f7c5777c02a,2020-01-26,SERIE_A,2019-20,LEAGUE,,Napoli,Juventus,2,1,H,Italy,Serie A,football-data.co.uk
league_3170f65532ad7b04,2020-01-26,SERIE_A,2019-20,LEAGUE,,Parma,Udinese,2,0,H,Italy,Serie A,football-data.co.uk
league_584003dba5fc4454,2020-01-26,SERIE_A,2019-20,LEAGUE,,Sampdoria,Sassuolo,0,0,D,Italy,Serie A,football-data.co.uk
league_de8afcb1aa285581,2020-02-01,SERIE_A,2019-20,LEAGUE,,Bologna,Brescia,2,1,H,Italy,Serie A,football-data.co.uk
league_49736a7ba47a475d,2020-02-01,SERIE_A,2019-20,LEAGUE,,Cagliari,Parma,2,2,D,Italy,Serie A,football-data.co.uk
league_c1f5e7feb9e67ec0,2020-02-01,SERIE_A,2019-20,LEAGUE,,Sassuolo,AS Roma,4,2,H,Italy,Serie A,football-data.co.uk
league_1accd6559bde76ff,2020-02-02,SERIE_A,2019-20,LEAGUE,,AC Milan,Hellas Verona,1,1,D,Italy,Serie A,football-data.co.uk
league_7aac3bf384a8cd66,2020-02-02,SERIE_A,2019-20,LEAGUE,,Atalanta,Genoa,2,2,D,Italy,Serie A,football-data.co.uk
league_e89a422cf0053015,2020-02-02,SERIE_A,2019-20,LEAGUE,,Juventus,Fiorentina,3,0,H,Italy,Serie A,football-data.co.uk
league_bb6a8f8efdb467c1,2020-02-02,SERIE_A,2019-20,LEAGUE,,Lecce,Torino,4,0,H,Italy,Serie A,football-data.co.uk
league_05df36fe63b10d1e,2020-02-02,SERIE_A,2019-20,LEAGUE,,SS Lazio,Spal,5,1,H,Italy,Serie A,football-data.co.uk
league_1b6499b0f4c67810,2020-02-02,SERIE_A,2019-20,LEAGUE,,Udinese,Inter Milan,0,2,A,Italy,Serie A,football-data.co.uk
league_ca740677f93eadf0,2020-02-03,SERIE_A,2019-20,LEAGUE,,Sampdoria,Napoli,2,4,A,Italy,Serie A,football-data.co.uk
league_bc1c2e15533f94b9,2020-02-05,SERIE_A,2019-20,LEAGUE,,SS Lazio,Hellas Verona,0,0,D,Italy,Serie A,football-data.co.uk
league_636c764e3f4a6de6,2020-02-07,SERIE_A,2019-20,LEAGUE,,AS Roma,Bologna,2,3,A,Italy,Serie A,football-data.co.uk
league_67c8f9741a6c90e1,2020-02-08,SERIE_A,2019-20,LEAGUE,,Fiorentina,Atalanta,1,2,A,Italy,Serie A,football-data.co.uk
league_e64e8b13dba9e5bc,2020-02-08,SERIE_A,2019-20,LEAGUE,,Hellas Verona,Juventus,2,1,H,Italy,Serie A,football-data.co.uk
league_05c06615aa502e89,2020-02-08,SERIE_A,2019-20,LEAGUE,,Torino,Sampdoria,1,3,A,Italy,Serie A,football-data.co.uk
league_026ae698e11f9d9b,2020-02-09,SERIE_A,2019-20,LEAGUE,,Brescia,Udinese,1,1,D,Italy,Serie A,football-data.co.uk
league_ed1d37beb7ea8a7d,2020-02-09,SERIE_A,2019-20,LEAGUE,,Genoa,Cagliari,1,0,H,Italy,Serie A,football-data.co.uk
league_42cfaabbd09459b3,2020-02-09,SERIE_A,2019-20,LEAGUE,,Inter Milan,AC Milan,4,2,H,Italy,Serie A,football-data.co.uk
league_b643d24d62e40f40,2020-02-09,SERIE_A,2019-20,LEAGUE,,Napoli,Lecce,2,3,A,Italy,Serie A,football-data.co.uk
league_b7e78f846cc2acc0,2020-02-09,SERIE_A,2019-20,LEAGUE,,Parma,SS Lazio,0,1,A,Italy,Serie A,football-data.co.uk
league_efe8a40b631e3fb7,2020-02-09,SERIE_A,2019-20,LEAGUE,,Spal,Sassuolo,1,2,A,Italy,Serie A,football-data.co.uk
league_2d47c17050fe251f,2020-02-15,SERIE_A,2019-20,LEAGUE,,Atalanta,AS Roma,2,1,H,Italy,Serie A,football-data.co.uk
league_4f92fe3972227c48,2020-02-15,SERIE_A,2019-20,LEAGUE,,Bologna,Genoa,0,3,A,Italy,Serie A,football-data.co.uk
league_3310effe1efe3329,2020-02-15,SERIE_A,2019-20,LEAGUE,,Lecce,Spal,2,1,H,Italy,Serie A,football-data.co.uk
league_8dacb3dccbb95427,2020-02-16,SERIE_A,2019-20,LEAGUE,,Cagliari,Napoli,0,1,A,Italy,Serie A,football-data.co.uk
league_cfe270ab055e19ec,2020-02-16,SERIE_A,2019-20,LEAGUE,,Juventus,Brescia,2,0,H,Italy,Serie A,football-data.co.uk
league_9b9ec8c7efac0b5b,2020-02-16,SERIE_A,2019-20,LEAGUE,,SS Lazio,Inter Milan,2,1,H,Italy,Serie A,football-data.co.uk
league_4f58bac09286dc71,2020-02-16,SERIE_A,2019-20,LEAGUE,,Sampdoria,Fiorentina,1,5,A,Italy,Serie A,football-data.co.uk
league_26d41b1654ef72d2,2020-02-16,SERIE_A,2019-20,LEAGUE,,Sassuolo,Parma,0,1,A,Italy,Serie A,football-data.co.uk
league_78da1d46580e8778,2020-02-16,SERIE_A,2019-20,LEAGUE,,Udinese,Hellas Verona,0,0,D,Italy,Serie A,football-data.co.uk
league_67193cd2092d9019,2020-02-17,SERIE_A,2019-20,LEAGUE,,AC Milan,Torino,1,0,H,Italy,Serie A,football-data.co.uk
league_4add2983ac8a3b30,2020-02-21,SERIE_A,2019-20,LEAGUE,,Brescia,Napoli,1,2,A,Italy,Serie A,football-data.co.uk
league_3a0fd9c5958cc48f,2020-02-22,SERIE_A,2019-20,LEAGUE,,Bologna,Udinese,1,1,D,Italy,Serie A,football-data.co.uk
league_c3355e58ce68e56f,2020-02-22,SERIE_A,2019-20,LEAGUE,,Fiorentina,AC Milan,1,1,D,Italy,Serie A,football-data.co.uk
league_6509a73b6059fbf1,2020-02-22,SERIE_A,2019-20,LEAGUE,,Spal,Juventus,1,2,A,Italy,Serie A,football-data.co.uk
league_16a91e642ebd392c,2020-02-23,SERIE_A,2019-20,LEAGUE,,AS Roma,Lecce,4,0,H,Italy,Serie A,football-data.co.uk
league_ed2e45b1f8f0d3a5,2020-02-23,SERIE_A,2019-20,LEAGUE,,Genoa,SS Lazio,2,3,A,Italy,Serie A,football-data.co.uk
league_71b21ff88d879afd,2020-02-29,SERIE_A,2019-20,LEAGUE,,Napoli,Torino,2,1,H,Italy,Serie A,football-data.co.uk
league_47088cf5c48fd67f,2020-02-29,SERIE_A,2019-20,LEAGUE,,SS Lazio,Bologna,2,0,H,Italy,Serie A,football-data.co.uk
league_307dd988cb2c205f,2020-03-01,SERIE_A,2019-20,LEAGUE,,Cagliari,AS Roma,3,4,A,Italy,Serie A,football-data.co.uk
league_1f403a0b26272dc9,2020-03-01,SERIE_A,2019-20,LEAGUE,,Lecce,Atalanta,2,7,A,Italy,Serie A,football-data.co.uk
league_bdcb2157e61dec34,2020-03-08,SERIE_A,2019-20,LEAGUE,,AC Milan,Genoa,1,2,A,Italy,Serie A,football-data.co.uk
league_a8a1adc0eec28fc8,2020-03-08,SERIE_A,2019-20,LEAGUE,,Juventus,Inter Milan,2,0,H,Italy,Serie A,football-data.co.uk
league_8973484618b362e4,2020-03-08,SERIE_A,2019-20,LEAGUE,,Parma,Spal,0,1,A,Italy,Serie A,football-data.co.uk
league_90c33283408d1f76,2020-03-08,SERIE_A,2019-20,LEAGUE,,Sampdoria,Hellas Verona,2,1,H,Italy,Serie A,football-data.co.uk
league_affbf64aa4f20fa6,2020-03-08,SERIE_A,2019-20,LEAGUE,,Udinese,Fiorentina,0,0,D,Italy,Serie A,football-data.co.uk
league_7425a54f5a644bf7,2020-03-09,SERIE_A,2019-20,LEAGUE,,Sassuolo,Brescia,3,0,H,Italy,Serie A,football-data.co.uk
league_ef252e8f36ed8855,2020-06-20,SERIE_A,2019-20,LEAGUE,,Hellas Verona,Cagliari,2,1,H,Italy,Serie A,football-data.co.uk
league_ce7eb10f90cd6bd5,2020-06-20,SERIE_A,2019-20,LEAGUE,,Torino,Parma,1,1,D,Italy,Serie A,football-data.co.uk
league_e370071d3d04fd23,2020-06-21,SERIE_A,2019-20,LEAGUE,,Atalanta,Sassuolo,4,1,H,Italy,Serie A,football-data.co.uk
league_742812ea37d2d4f8,2020-06-21,SERIE_A,2019-20,LEAGUE,,Inter Milan,Sampdoria,2,1,H,Italy,Serie A,football-data.co.uk
league_5afe060d69ce19f3,2020-06-22,SERIE_A,2019-20,LEAGUE,,Bologna,Juventus,0,2,A,Italy,Serie A,football-data.co.uk
league_c1d76d3b4444f990,2020-06-22,SERIE_A,2019-20,LEAGUE,,Fiorentina,Brescia,1,1,D,Italy,Serie A,football-data.co.uk
league_089d91b6b5944aa2,2020-06-22,SERIE_A,2019-20,LEAGUE,,Lecce,AC Milan,1,4,A,Italy,Serie A,football-data.co.uk
league_34867faf7a2b9dc4,2020-06-23,SERIE_A,2019-20,LEAGUE,,Genoa,Parma,1,4,A,Italy,Serie A,football-data.co.uk
league_dfddf67ac8d607c7,2020-06-23,SERIE_A,2019-20,LEAGUE,,Hellas Verona,Napoli,0,2,A,Italy,Serie A,football-data.co.uk
league_7f8dca7387e3266d,2020-06-23,SERIE_A,2019-20,LEAGUE,,Spal,Cagliari,0,1,A,Italy,Serie A,football-data.co.uk
league_4ccca8965fb368ea,2020-06-23,SERIE_A,2019-20,LEAGUE,,Torino,Udinese,1,0,H,Italy,Serie A,football-data.co.uk
league_272d25adf9f7b115,2020-06-24,SERIE_A,2019-20,LEAGUE,,AS Roma,Sampdoria,2,1,H,Italy,Serie A,football-data.co.uk
league_78fbf7105af41102,2020-06-24,SERIE_A,2019-20,LEAGUE,,Atalanta,SS Lazio,3,2,H,Italy,Serie A,football-data.co.uk
league_9c0d9c882fb12f3c,2020-06-24,SERIE_A,2019-20,LEAGUE,,Inter Milan,Sassuolo,3,3,D,Italy,Serie A,football-data.co.uk
league_1157ddeef8ef90c9,2020-06-26,SERIE_A,2019-20,LEAGUE,,Juventus,Lecce,4,0,H,Italy,Serie A,football-data.co.uk
league_42202903df811f8b,2020-06-27,SERIE_A,2019-20,LEAGUE,,Brescia,Genoa,2,2,D,Italy,Serie A,football-data.co.uk
league_06501012ffd641a3,2020-06-27,SERIE_A,2019-20,LEAGUE,,Cagliari,Torino,4,2,H,Italy,Serie A,football-data.co.uk
league_78f3278b9288e643,2020-06-27,SERIE_A,2019-20,LEAGUE,,SS Lazio,Fiorentina,2,1,H,Italy,Serie A,football-data.co.uk
league_2db89475a25fb34b,2020-06-28,SERIE_A,2019-20,LEAGUE,,AC Milan,AS Roma,2,0,H,Italy,Serie A,football-data.co.uk
league_c48d9cbdeebb0795,2020-06-28,SERIE_A,2019-20,LEAGUE,,Napoli,Spal,3,1,H,Italy,Serie A,football-data.co.uk
league_c90b0725d353caf2,2020-06-28,SERIE_A,2019-20,LEAGUE,,Parma,Inter Milan,1,2,A,Italy,Serie A,football-data.co.uk
league_91a43a71fb0695f3,2020-06-28,SERIE_A,2019-20,LEAGUE,,Sampdoria,Bologna,1,2,A,Italy,Serie A,football-data.co.uk
league_f94ad21bbac820d2,2020-06-28,SERIE_A,2019-20,LEAGUE,,Sassuolo,Hellas Verona,3,3,D,Italy,Serie A,football-data.co.uk
league_5bbbc410c015c388,2020-06-28,SERIE_A,2019-20,LEAGUE,,Udinese,Atalanta,2,3,A,Italy,Serie A,football-data.co.uk
league_d5802260a1fe921c,2020-06-30,SERIE_A,2019-20,LEAGUE,,Genoa,Juventus,1,3,A,Italy,Serie A,football-data.co.uk
league_66e78a302cd360f7,2020-06-30,SERIE_A,2019-20,LEAGUE,,Torino,SS Lazio,1,2,A,Italy,Serie A,football-data.co.uk
league_b504aa566a34815c,2020-07-01,SERIE_A,2019-20,LEAGUE,,Bologna,Cagliari,1,1,D,Italy,Serie A,football-data.co.uk
league_676ec330daa025a5,2020-07-01,SERIE_A,2019-20,LEAGUE,,Fiorentina,Sassuolo,1,3,A,Italy,Serie A,football-data.co.uk
league_6cee6e76635cbe4d,2020-07-01,SERIE_A,2019-20,LEAGUE,,Hellas Verona,Parma,3,2,H,Italy,Serie A,football-data.co.uk
league_f64bb244f76d05b3,2020-07-01,SERIE_A,2019-20,LEAGUE,,Inter Milan,Brescia,6,0,H,Italy,Serie A,football-data.co.uk
league_0b31455b9e467dac,2020-07-01,SERIE_A,2019-20,LEAGUE,,Lecce,Sampdoria,1,2,A,Italy,Serie A,football-data.co.uk
league_5e0301a901aa5775,2020-07-01,SERIE_A,2019-20,LEAGUE,,Spal,AC Milan,2,2,D,Italy,Serie A,football-data.co.uk
league_00bf48ea68b5630c,2020-07-02,SERIE_A,2019-20,LEAGUE,,AS Roma,Udinese,0,2,A,Italy,Serie A,football-data.co.uk
league_093b9509a3980e32,2020-07-02,SERIE_A,2019-20,LEAGUE,,Atalanta,Napoli,2,0,H,Italy,Serie A,football-data.co.uk
league_1435549340e44770,2020-07-04,SERIE_A,2019-20,LEAGUE,,Juventus,Torino,4,1,H,Italy,Serie A,football-data.co.uk
league_2b429f5676f6c549,2020-07-04,SERIE_A,2019-20,LEAGUE,,SS Lazio,AC Milan,0,3,A,Italy,Serie A,football-data.co.uk
league_28cefb01e0abe1c5,2020-07-04,SERIE_A,2019-20,LEAGUE,,Sassuolo,Lecce,4,2,H,Italy,Serie A,football-data.co.uk
league_cc57950e913b0400,2020-07-05,SERIE_A,2019-20,LEAGUE,,Brescia,Hellas Verona,2,0,H,Italy,Serie A,football-data.co.uk
league_d04fc7ac5b69a0cc,2020-07-05,SERIE_A,2019-20,LEAGUE,,Cagliari,Atalanta,0,1,A,Italy,Serie A,football-data.co.uk
league_349a8b05fc8124a6,2020-07-05,SERIE_A,2019-20,LEAGUE,,Inter Milan,Bologna,1,2,A,Italy,Serie A,football-data.co.uk
league_00ef14dd6d3f7c3b,2020-07-05,SERIE_A,2019-20,LEAGUE,,Napoli,AS Roma,2,1,H,Italy,Serie A,football-data.co.uk
league_aed533f25c883f3d,2020-07-05,SERIE_A,2019-20,LEAGUE,,Parma,Fiorentina,1,2,A,Italy,Serie A,football-data.co.uk
league_cc85c84555ba16f2,2020-07-05,SERIE_A,2019-20,LEAGUE,,Sampdoria,Spal,3,0,H,Italy,Serie A,football-data.co.uk
league_ccfc359095cc62a7,2020-07-05,SERIE_A,2019-20,LEAGUE,,Udinese,Genoa,2,2,D,Italy,Serie A,football-data.co.uk
league_d388da3c29704454,2020-07-07,SERIE_A,2019-20,LEAGUE,,AC Milan,Juventus,4,2,H,Italy,Serie A,football-data.co.uk
league_ef59b2c9ea5cda9e,2020-07-07,SERIE_A,2019-20,LEAGUE,,Lecce,SS Lazio,2,1,H,Italy,Serie A,football-data.co.uk
league_a2d8ac29de925ba6,2020-07-08,SERIE_A,2019-20,LEAGUE,,AS Roma,Parma,2,1,H,Italy,Serie A,football-data.co.uk
league_39aa15bc39445065,2020-07-08,SERIE_A,2019-20,LEAGUE,,Atalanta,Sampdoria,2,0,H,Italy,Serie A,football-data.co.uk
league_b32bcb4199ec2d1a,2020-07-08,SERIE_A,2019-20,LEAGUE,,Bologna,Sassuolo,1,2,A,Italy,Serie A,football-data.co.uk
league_df7b4ae19bdab67f,2020-07-08,SERIE_A,2019-20,LEAGUE,,Fiorentina,Cagliari,0,0,D,Italy,Serie A,football-data.co.uk
league_44447daccc9926f8,2020-07-08,SERIE_A,2019-20,LEAGUE,,Genoa,Napoli,1,2,A,Italy,Serie A,football-data.co.uk
league_a1021a130b5e0cc8,2020-07-08,SERIE_A,2019-20,LEAGUE,,Torino,Brescia,3,1,H,Italy,Serie A,football-data.co.uk
league_861caaa4d8c95d84,2020-07-09,SERIE_A,2019-20,LEAGUE,,Hellas Verona,Inter Milan,2,2,D,Italy,Serie A,football-data.co.uk
league_66484e3420797910,2020-07-09,SERIE_A,2019-20,LEAGUE,,Spal,Udinese,0,3,A,Italy,Serie A,football-data.co.uk
league_ef8b34e5299bc736,2020-07-11,SERIE_A,2019-20,LEAGUE,,Brescia,AS Roma,0,3,A,Italy,Serie A,football-data.co.uk
league_c30fbe96a050029f,2020-07-11,SERIE_A,2019-20,LEAGUE,,Juventus,Atalanta,2,2,D,Italy,Serie A,football-data.co.uk
league_78ab047f22f5a656,2020-07-11,SERIE_A,2019-20,LEAGUE,,SS Lazio,Sassuolo,1,2,A,Italy,Serie A,football-data.co.uk
league_32e22f375cb19eba,2020-07-12,SERIE_A,2019-20,LEAGUE,,Cagliari,Lecce,0,0,D,Italy,Serie A,football-data.co.uk
league_6cfad2aa58316ff2,2020-07-12,SERIE_A,2019-20,LEAGUE,,Fiorentina,Hellas Verona,1,1,D,Italy,Serie A,football-data.co.uk
league_338eccc6263b8888,2020-07-12,SERIE_A,2019-20,LEAGUE,,Genoa,Spal,2,0,H,Italy,Serie A,football-data.co.uk
league_c38fda92bf2318ee,2020-07-12,SERIE_A,2019-20,LEAGUE,,Napoli,AC Milan,2,2,D,Italy,Serie A,football-data.co.uk
league_f3911a4e2790ff59,2020-07-12,SERIE_A,2019-20,LEAGUE,,Parma,Bologna,2,2,D,Italy,Serie A,football-data.co.uk
league_6a98352e7da2ccfb,2020-07-12,SERIE_A,2019-20,LEAGUE,,Udinese,Sampdoria,1,3,A,Italy,Serie A,football-data.co.uk
league_bbaa70c90b684568,2020-07-13,SERIE_A,2019-20,LEAGUE,,Inter Milan,Torino,3,1,H,Italy,Serie A,football-data.co.uk
league_a6fb8a2fe98ec198,2020-07-14,SERIE_A,2019-20,LEAGUE,,Atalanta,Brescia,6,2,H,Italy,Serie A,football-data.co.uk
league_ffe10725b625a554,2020-07-15,SERIE_A,2019-20,LEAGUE,,AC Milan,Parma,3,1,H,Italy,Serie A,football-data.co.uk
league_1b756c8dd7694d77,2020-07-15,SERIE_A,2019-20,LEAGUE,,AS Roma,Hellas Verona,2,1,H,Italy,Serie A,football-data.co.uk
league_13a1d8a5e38b35e2,2020-07-15,SERIE_A,2019-20,LEAGUE,,Bologna,Napoli,1,1,D,Italy,Serie A,football-data.co.uk
league_af72cc8da195e673,2020-07-15,SERIE_A,2019-20,LEAGUE,,Lecce,Fiorentina,1,3,A,Italy,Serie A,football-data.co.uk
league_8284262b95004f12,2020-07-15,SERIE_A,2019-20,LEAGUE,,Sampdoria,Cagliari,3,0,H,Italy,Serie A,football-data.co.uk
league_bd2efa09cf6c1fe3,2020-07-15,SERIE_A,2019-20,LEAGUE,,Sassuolo,Juventus,3,3,D,Italy,Serie A,football-data.co.uk
league_7e1c93195c6bb35d,2020-07-15,SERIE_A,2019-20,LEAGUE,,Udinese,SS Lazio,0,0,D,Italy,Serie A,football-data.co.uk
league_79192a11dabd605d,2020-07-16,SERIE_A,2019-20,LEAGUE,,Spal,Inter Milan,0,4,A,Italy,Serie A,football-data.co.uk
league_20b0c4b0950021b7,2020-07-16,SERIE_A,2019-20,LEAGUE,,Torino,Genoa,3,0,H,Italy,Serie A,football-data.co.uk
league_4fbe74cfc19b1e07,2020-07-18,SERIE_A,2019-20,LEAGUE,,AC Milan,Bologna,5,1,H,Italy,Serie A,football-data.co.uk
league_02ce20128f6df5fa,2020-07-18,SERIE_A,2019-20,LEAGUE,,Cagliari,Sassuolo,1,1,D,Italy,Serie A,football-data.co.uk
league_8c69e1cac3de7ee8,2020-07-18,SERIE_A,2019-20,LEAGUE,,Hellas Verona,Atalanta,1,1,D,Italy,Serie A,football-data.co.uk
league_dd8152f1d6c1d3d7,2020-07-19,SERIE_A,2019-20,LEAGUE,,AS Roma,Inter Milan,2,2,D,Italy,Serie A,football-data.co.uk
league_2368c3177fe6dba4,2020-07-19,SERIE_A,2019-20,LEAGUE,,Brescia,Spal,2,1,H,Italy,Serie A,football-data.co.uk
league_9d512c94a4857a05,2020-07-19,SERIE_A,2019-20,LEAGUE,,Fiorentina,Torino,2,0,H,Italy,Serie A,football-data.co.uk
league_4c1e32af3bf045f2,2020-07-19,SERIE_A,2019-20,LEAGUE,,Genoa,Lecce,2,1,H,Italy,Serie A,football-data.co.uk
league_32169b4eb5d3fa19,2020-07-19,SERIE_A,2019-20,LEAGUE,,Napoli,Udinese,2,1,H,Italy,Serie A,football-data.co.uk
league_727a26a8968aaf5d,2020-07-19,SERIE_A,2019-20,LEAGUE,,Parma,Sampdoria,2,3,A,Italy,Serie A,football-data.co.uk
league_cd64a0905c6317f1,2020-07-20,SERIE_A,2019-20,LEAGUE,,Juventus,SS Lazio,2,1,H,Italy,Serie A,football-data.co.uk
league_ccb370ee3702dfc7,2020-07-21,SERIE_A,2019-20,LEAGUE,,Atalanta,Bologna,1,0,H,Italy,Serie A,football-data.co.uk
league_7858e26714a92e88,2020-07-21,SERIE_A,2019-20,LEAGUE,,Sassuolo,AC Milan,1,2,A,Italy,Serie A,football-data.co.uk
league_d5816771b14400c7,2020-07-22,SERIE_A,2019-20,LEAGUE,,Inter Milan,Fiorentina,0,0,D,Italy,Serie A,football-data.co.uk
league_136b595dca3b92b2,2020-07-22,SERIE_A,2019-20,LEAGUE,,Lecce,Brescia,3,1,H,Italy,Serie A,football-data.co.uk
league_33ffef206d5519cd,2020-07-22,SERIE_A,2019-20,LEAGUE,,Parma,Napoli,2,1,H,Italy,Serie A,football-data.co.uk
league_b72cd4c812349c9b,2020-07-22,SERIE_A,2019-20,LEAGUE,,Sampdoria,Genoa,1,2,A,Italy,Serie A,football-data.co.uk
league_1560eef377a7d2b0,2020-07-22,SERIE_A,2019-20,LEAGUE,,Spal,AS Roma,1,6,A,Italy,Serie A,football-data.co.uk
league_b32f1ca0dcd71cad,2020-07-22,SERIE_A,2019-20,LEAGUE,,Torino,Hellas Verona,1,1,D,Italy,Serie A,football-data.co.uk
league_e6e3228918b53226,2020-07-23,SERIE_A,2019-20,LEAGUE,,SS Lazio,Cagliari,2,1,H,Italy,Serie A,football-data.co.uk
league_c792029862449d66,2020-07-23,SERIE_A,2019-20,LEAGUE,,Udinese,Juventus,2,1,H,Italy,Serie A,football-data.co.uk
league_0bcb89fb64009911,2020-07-24,SERIE_A,2019-20,LEAGUE,,AC Milan,Atalanta,1,1,D,Italy,Serie A,football-data.co.uk
league_68ac5ae50701807a,2020-07-25,SERIE_A,2019-20,LEAGUE,,Brescia,Parma,1,2,A,Italy,Serie A,football-data.co.uk
league_9c5f2d6dda71ae59,2020-07-25,SERIE_A,2019-20,LEAGUE,,Genoa,Inter Milan,0,3,A,Italy,Serie A,football-data.co.uk
league_9da1e492e6b201a7,2020-07-25,SERIE_A,2019-20,LEAGUE,,Napoli,Sassuolo,2,0,H,Italy,Serie A,football-data.co.uk
league_f5e27fe3201cec89,2020-07-26,SERIE_A,2019-20,LEAGUE,,AS Roma,Fiorentina,2,1,H,Italy,Serie A,football-data.co.uk
league_db96d069300e0e4d,2020-07-26,SERIE_A,2019-20,LEAGUE,,Bologna,Lecce,3,2,H,Italy,Serie A,football-data.co.uk
league_4fe16ca892bb325a,2020-07-26,SERIE_A,2019-20,LEAGUE,,Cagliari,Udinese,0,1,A,Italy,Serie A,football-data.co.uk
league_aa463341b5137b0a,2020-07-26,SERIE_A,2019-20,LEAGUE,,Hellas Verona,SS Lazio,1,5,A,Italy,Serie A,football-data.co.uk
league_685a8452c2d44efe,2020-07-26,SERIE_A,2019-20,LEAGUE,,Juventus,Sampdoria,2,0,H,Italy,Serie A,football-data.co.uk
league_8c1665db5f807573,2020-07-26,SERIE_A,2019-20,LEAGUE,,Spal,Torino,1,1,D,Italy,Serie A,football-data.co.uk
league_265dfeb69f210b08,2020-07-28,SERIE_A,2019-20,LEAGUE,,Inter Milan,Napoli,2,0,H,Italy,Serie A,football-data.co.uk
league_30b3360fd611608e,2020-07-28,SERIE_A,2019-20,LEAGUE,,Parma,Atalanta,1,2,A,Italy,Serie A,football-data.co.uk
league_b074d325a58a9132,2020-07-29,SERIE_A,2019-20,LEAGUE,,Cagliari,Juventus,2,0,H,Italy,Serie A,football-data.co.uk
league_3505d89b98b04b4e,2020-07-29,SERIE_A,2019-20,LEAGUE,,Fiorentina,Bologna,4,0,H,Italy,Serie A,football-data.co.uk
league_bd3d8495aa4f96eb,2020-07-29,SERIE_A,2019-20,LEAGUE,,Hellas Verona,Spal,3,0,H,Italy,Serie A,football-data.co.uk
league_25b2a3584fed5907,2020-07-29,SERIE_A,2019-20,LEAGUE,,SS Lazio,Brescia,2,0,H,Italy,Serie A,football-data.co.uk
league_7ce7c0c5ef00c8a3,2020-07-29,SERIE_A,2019-20,LEAGUE,,Sampdoria,AC Milan,1,4,A,Italy,Serie A,football-data.co.uk
league_aa95d9ecdc76344f,2020-07-29,SERIE_A,2019-20,LEAGUE,,Sassuolo,Genoa,5,0,H,Italy,Serie A,football-data.co.uk
league_d4f6792f815bbb47,2020-07-29,SERIE_A,2019-20,LEAGUE,,Torino,AS Roma,2,3,A,Italy,Serie A,football-data.co.uk
league_8284f6e14518d0ae,2020-07-29,SERIE_A,2019-20,LEAGUE,,Udinese,Lecce,1,2,A,Italy,Serie A,football-data.co.uk
league_ed029f95c50554e2,2020-08-01,SERIE_A,2019-20,LEAGUE,,AC Milan,Cagliari,3,0,H,Italy,Serie A,football-data.co.uk
league_17970b89c1e8c6d3,2020-08-01,SERIE_A,2019-20,LEAGUE,,Atalanta,Inter Milan,0,2,A,Italy,Serie A,football-data.co.uk
league_5ae82348ae73b8a3,2020-08-01,SERIE_A,2019-20,LEAGUE,,Brescia,Sampdoria,1,1,D,Italy,Serie A,football-data.co.uk
league_916c094a85b500c1,2020-08-01,SERIE_A,2019-20,LEAGUE,,Juventus,AS Roma,1,3,A,Italy,Serie A,football-data.co.uk
league_432bc9a761f8050f,2020-08-01,SERIE_A,2019-20,LEAGUE,,Napoli,SS Lazio,3,1,H,Italy,Serie A,football-data.co.uk
league_01b1b6535e19b9d2,2020-08-02,SERIE_A,2019-20,LEAGUE,,Bologna,Torino,1,1,D,Italy,Serie A,football-data.co.uk
league_15d1e80a71ae7a66,2020-08-02,SERIE_A,2019-20,LEAGUE,,Genoa,Hellas Verona,3,0,H,Italy,Serie A,football-data.co.uk
league_09e04517849b2eaa,2020-08-02,SERIE_A,2019-20,LEAGUE,,Lecce,Parma,3,4,A,Italy,Serie A,football-data.co.uk
league_bbe886f7f9f284b6,2020-08-02,SERIE_A,2019-20,LEAGUE,,Sassuolo,Udinese,0,1,A,Italy,Serie A,football-data.co.uk
league_cb39eda2d8b8a911,2020-08-02,SERIE_A,2019-20,LEAGUE,,Spal,Fiorentina,1,3,A,Italy,Serie A,football-data.co.uk
league_26d283e5432c9293,2020-09-19,SERIE_A,2020-21,LEAGUE,,Fiorentina,Torino,1,0,H,Italy,Serie A,football-data.co.uk
league_2b0af9d2dac4930e,2020-09-19,SERIE_A,2020-21,LEAGUE,,Hellas Verona,AS Roma,0,0,D,Italy,Serie A,football-data.co.uk
league_5fbcbcee8cef4007,2020-09-20,SERIE_A,2020-21,LEAGUE,,Genoa,Crotone,4,1,H,Italy,Serie A,football-data.co.uk
league_8fcc537e7a4dfb17,2020-09-20,SERIE_A,2020-21,LEAGUE,,Juventus,Sampdoria,3,0,H,Italy,Serie A,football-data.co.uk
league_d1a5692f96eda6d9,2020-09-20,SERIE_A,2020-21,LEAGUE,,Parma,Napoli,0,2,A,Italy,Serie A,football-data.co.uk
league_82bd7c5722a6ed26,2020-09-20,SERIE_A,2020-21,LEAGUE,,Sassuolo,Cagliari,1,1,D,Italy,Serie A,football-data.co.uk
league_ad557703d3d25728,2020-09-21,SERIE_A,2020-21,LEAGUE,,AC Milan,Bologna,2,0,H,Italy,Serie A,football-data.co.uk
league_cdb7f24c4de5ed73,2020-09-26,SERIE_A,2020-21,LEAGUE,,Cagliari,SS Lazio,0,2,A,Italy,Serie A,football-data.co.uk
league_1f7ba00e03fcf395,2020-09-26,SERIE_A,2020-21,LEAGUE,,Inter Milan,Fiorentina,4,3,H,Italy,Serie A,football-data.co.uk
league_1dc42d0f96770751,2020-09-26,SERIE_A,2020-21,LEAGUE,,Sampdoria,Benevento,2,3,A,Italy,Serie A,football-data.co.uk
league_0ff09ac2ec5f4baf,2020-09-26,SERIE_A,2020-21,LEAGUE,,Torino,Atalanta,2,4,A,Italy,Serie A,football-data.co.uk
league_00d4d83c9c7f5b9f,2020-09-27,SERIE_A,2020-21,LEAGUE,,AS Roma,Juventus,2,2,D,Italy,Serie A,football-data.co.uk
league_4ddeef2142794881,2020-09-27,SERIE_A,2020-21,LEAGUE,,Crotone,AC Milan,0,2,A,Italy,Serie A,football-data.co.uk
league_5226bec3f091f0d3,2020-09-27,SERIE_A,2020-21,LEAGUE,,Hellas Verona,Udinese,1,0,H,Italy,Serie A,football-data.co.uk
league_3d8c56c9f5a7978d,2020-09-27,SERIE_A,2020-21,LEAGUE,,Napoli,Genoa,6,0,H,Italy,Serie A,football-data.co.uk
league_def13caca3d25094,2020-09-27,SERIE_A,2020-21,LEAGUE,,Spezia,Sassuolo,1,4,A,Italy,Serie A,football-data.co.uk
league_0d49a493de9110ba,2020-09-28,SERIE_A,2020-21,LEAGUE,,Bologna,Parma,4,1,H,Italy,Serie A,football-data.co.uk
league_6082d5f972c74a22,2020-09-30,SERIE_A,2020-21,LEAGUE,,Benevento,Inter Milan,2,5,A,Italy,Serie A,football-data.co.uk
league_b15a2ea277cfc50f,2020-09-30,SERIE_A,2020-21,LEAGUE,,SS Lazio,Atalanta,1,4,A,Italy,Serie A,football-data.co.uk
league_b6440df762171b64,2020-09-30,SERIE_A,2020-21,LEAGUE,,Udinese,Spezia,0,2,A,Italy,Serie A,football-data.co.uk
league_95f9bb470295c0dd,2020-10-02,SERIE_A,2020-21,LEAGUE,,Fiorentina,Sampdoria,1,2,A,Italy,Serie A,football-data.co.uk
league_0232140bdefc9fe7,2020-10-03,SERIE_A,2020-21,LEAGUE,,Sassuolo,Crotone,4,1,H,Italy,Serie A,football-data.co.uk
league_a99d98e151dfb840,2020-10-03,SERIE_A,2020-21,LEAGUE,,Udinese,AS Roma,0,1,A,Italy,Serie A,football-data.co.uk
league_3756b5a074831bf7,2020-10-04,SERIE_A,2020-21,LEAGUE,,AC Milan,Spezia,3,0,H,Italy,Serie A,football-data.co.uk
league_abc729fcd7d716ee,2020-10-04,SERIE_A,2020-21,LEAGUE,,Atalanta,Cagliari,5,2,H,Italy,Serie A,football-data.co.uk
league_6b703e33bec19ada,2020-10-04,SERIE_A,2020-21,LEAGUE,,Benevento,Bologna,1,0,H,Italy,Serie A,football-data.co.uk
league_c65d647b58f55e2e,2020-10-04,SERIE_A,2020-21,LEAGUE,,Parma,Hellas Verona,1,0,H,Italy,Serie A,football-data.co.uk
league_3568aa8847e65e8a,2020-10-04,SERIE_A,2020-21,LEAGUE,,SS Lazio,Inter Milan,1,1,D,Italy,Serie A,football-data.co.uk
league_8faeb57ae67b593c,2020-10-17,SERIE_A,2020-21,LEAGUE,,Crotone,Juventus,1,1,D,Italy,Serie A,football-data.co.uk
league_a10bd45ff6e32967,2020-10-17,SERIE_A,2020-21,LEAGUE,,Inter Milan,AC Milan,1,2,A,Italy,Serie A,football-data.co.uk
league_3403c1eb705515c1,2020-10-17,SERIE_A,2020-21,LEAGUE,,Napoli,Atalanta,4,1,H,Italy,Serie A,football-data.co.uk
league_a24a4fd1a8297215,2020-10-17,SERIE_A,2020-21,LEAGUE,,Sampdoria,SS Lazio,3,0,H,Italy,Serie A,football-data.co.uk
league_07d39d002cd08992,2020-10-18,SERIE_A,2020-21,LEAGUE,,AS Roma,Benevento,5,2,H,Italy,Serie A,football-data.co.uk
league_02ba3f179ff17138,2020-10-18,SERIE_A,2020-21,LEAGUE,,Bologna,Sassuolo,3,4,A,Italy,Serie A,football-data.co.uk
league_978756f8bf89d367,2020-10-18,SERIE_A,2020-21,LEAGUE,,Spezia,Fiorentina,2,2,D,Italy,Serie A,football-data.co.uk
league_6f90184abb150b3b,2020-10-18,SERIE_A,2020-21,LEAGUE,,Torino,Cagliari,2,3,A,Italy,Serie A,football-data.co.uk
league_f80c3eb7e9f6909d,2020-10-18,SERIE_A,2020-21,LEAGUE,,Udinese,Parma,3,2,H,Italy,Serie A,football-data.co.uk
league_719f8006ff718179,2020-10-19,SERIE_A,2020-21,LEAGUE,,Hellas Verona,Genoa,0,0,D,Italy,Serie A,football-data.co.uk
league_0ec17d0c0585f542,2020-10-23,SERIE_A,2020-21,LEAGUE,,Sassuolo,Torino,3,3,D,Italy,Serie A,football-data.co.uk
league_c730f5f2f938601a,2020-10-24,SERIE_A,2020-21,LEAGUE,,Atalanta,Sampdoria,1,3,A,Italy,Serie A,football-data.co.uk
league_b60d220e24bcbf50,2020-10-24,SERIE_A,2020-21,LEAGUE,,Genoa,Inter Milan,0,2,A,Italy,Serie A,football-data.co.uk
league_9ab9e8974b48b08d,2020-10-24,SERIE_A,2020-21,LEAGUE,,SS Lazio,Bologna,2,1,H,Italy,Serie A,football-data.co.uk
league_2fe23f31562224eb,2020-10-25,SERIE_A,2020-21,LEAGUE,,Benevento,Napoli,1,2,A,Italy,Serie A,football-data.co.uk
league_c4514fb96107e566,2020-10-25,SERIE_A,2020-21,LEAGUE,,Cagliari,Crotone,4,2,H,Italy,Serie A,football-data.co.uk
league_42291f2c45fa3c91,2020-10-25,SERIE_A,2020-21,LEAGUE,,Fiorentina,Udinese,3,2,H,Italy,Serie A,football-data.co.uk
league_884a60134e673958,2020-10-25,SERIE_A,2020-21,LEAGUE,,Juventus,Hellas Verona,1,1,D,Italy,Serie A,football-data.co.uk
league_4d9863c133560463,2020-10-25,SERIE_A,2020-21,LEAGUE,,Parma,Spezia,2,2,D,Italy,Serie A,football-data.co.uk
league_fbc5609559365fba,2020-10-26,SERIE_A,2020-21,LEAGUE,,AC Milan,AS Roma,3,3,D,Italy,Serie A,football-data.co.uk
league_27f51a9650ec6348,2020-10-31,SERIE_A,2020-21,LEAGUE,,Bologna,Cagliari,3,2,H,Italy,Serie A,football-data.co.uk
league_f14052d8dcbd80f1,2020-10-31,SERIE_A,2020-21,LEAGUE,,Crotone,Atalanta,1,2,A,Italy,Serie A,football-data.co.uk
league_ed8b91a3c87012f6,2020-10-31,SERIE_A,2020-21,LEAGUE,,Inter Milan,Parma,2,2,D,Italy,Serie A,football-data.co.uk
league_9c7cd98d266daf1e,2020-11-01,SERIE_A,2020-21,LEAGUE,,AS Roma,Fiorentina,2,0,H,Italy,Serie A,football-data.co.uk
league_53c43a36a2c8552b,2020-11-01,SERIE_A,2020-21,LEAGUE,,Napoli,Sassuolo,0,2,A,Italy,Serie A,football-data.co.uk
league_e80102655b19341c,2020-11-01,SERIE_A,2020-21,LEAGUE,,Sampdoria,Genoa,1,1,D,Italy,Serie A,football-data.co.uk
league_98d60b82de82b713,2020-11-01,SERIE_A,2020-21,LEAGUE,,Spezia,Juventus,1,4,A,Italy,Serie A,football-data.co.uk
league_3b5f1ee57ba8a40c,2020-11-01,SERIE_A,2020-21,LEAGUE,,Torino,SS Lazio,3,4,A,Italy,Serie A,football-data.co.uk
league_b5e4b01dfd938a29,2020-11-01,SERIE_A,2020-21,LEAGUE,,Udinese,AC Milan,1,2,A,Italy,Serie A,football-data.co.uk
league_de80a9347137400b,2020-11-02,SERIE_A,2020-21,LEAGUE,,Hellas Verona,Benevento,3,1,H,Italy,Serie A,football-data.co.uk
league_cfc9eec54c165a7b,2020-11-04,SERIE_A,2020-21,LEAGUE,,Genoa,Torino,1,2,A,Italy,Serie A,football-data.co.uk
league_632dce8269e5a684,2020-11-06,SERIE_A,2020-21,LEAGUE,,Sassuolo,Udinese,0,0,D,Italy,Serie A,football-data.co.uk
league_b747eda08bd913c2,2020-11-07,SERIE_A,2020-21,LEAGUE,,Benevento,Spezia,0,3,A,Italy,Serie A,football-data.co.uk
league_0a3417d3f7db5a29,2020-11-07,SERIE_A,2020-21,LEAGUE,,Cagliari,Sampdoria,2,0,H,Italy,Serie A,football-data.co.uk
league_32a79b08ba3437b0,2020-11-07,SERIE_A,2020-21,LEAGUE,,Parma,Fiorentina,0,0,D,Italy,Serie A,football-data.co.uk
league_f78bf7895b81cda8,2020-11-08,SERIE_A,2020-21,LEAGUE,,AC Milan,Hellas Verona,2,2,D,Italy,Serie A,football-data.co.uk
league_18d8ca23311968d5,2020-11-08,SERIE_A,2020-21,LEAGUE,,Atalanta,Inter Milan,1,1,D,Italy,Serie A,football-data.co.uk
league_c07ac60f9ce964b9,2020-11-08,SERIE_A,2020-21,LEAGUE,,Bologna,Napoli,0,1,A,Italy,Serie A,football-data.co.uk
league_6941be9fcb5f3efb,2020-11-08,SERIE_A,2020-21,LEAGUE,,Genoa,AS Roma,1,3,A,Italy,Serie A,football-data.co.uk
league_4c34e0758d553e51,2020-11-08,SERIE_A,2020-21,LEAGUE,,SS Lazio,Juventus,1,1,D,Italy,Serie A,football-data.co.uk
league_e544c02cbb105cfc,2020-11-08,SERIE_A,2020-21,LEAGUE,,Torino,Crotone,0,0,D,Italy,Serie A,football-data.co.uk
league_9e1516450d9a5010,2020-11-21,SERIE_A,2020-21,LEAGUE,,Crotone,SS Lazio,0,2,A,Italy,Serie A,football-data.co.uk
league_35a5db4e449b1c97,2020-11-21,SERIE_A,2020-21,LEAGUE,,Juventus,Cagliari,2,0,H,Italy,Serie A,football-data.co.uk
league_221180aade224921,2020-11-21,SERIE_A,2020-21,LEAGUE,,Spezia,Atalanta,0,0,D,Italy,Serie A,football-data.co.uk
league_ce49771c1d68516d,2020-11-22,SERIE_A,2020-21,LEAGUE,,AS Roma,Parma,3,0,H,Italy,Serie A,football-data.co.uk
league_2d82240588e088f3,2020-11-22,SERIE_A,2020-21,LEAGUE,,Fiorentina,Benevento,0,1,A,Italy,Serie A,football-data.co.uk
league_25ab37ffa98d3b18,2020-11-22,SERIE_A,2020-21,LEAGUE,,Hellas Verona,Sassuolo,0,2,A,Italy,Serie A,football-data.co.uk
league_5096266f3fbf95ea,2020-11-22,SERIE_A,2020-21,LEAGUE,,Inter Milan,Torino,4,2,H,Italy,Serie A,football-data.co.uk
league_78f4f4cb7cb07fbc,2020-11-22,SERIE_A,2020-21,LEAGUE,,Napoli,AC Milan,1,3,A,Italy,Serie A,football-data.co.uk
league_70042a8c61788a63,2020-11-22,SERIE_A,2020-21,LEAGUE,,Sampdoria,Bologna,1,2,A,Italy,Serie A,football-data.co.uk
league_165db12c5ef87fe3,2020-11-22,SERIE_A,2020-21,LEAGUE,,Udinese,Genoa,1,0,H,Italy,Serie A,football-data.co.uk
league_ff8281a2296f46f4,2020-11-28,SERIE_A,2020-21,LEAGUE,,Atalanta,Hellas Verona,0,2,A,Italy,Serie A,football-data.co.uk
league_af3a468c602712c2,2020-11-28,SERIE_A,2020-21,LEAGUE,,Benevento,Juventus,1,1,D,Italy,Serie A,football-data.co.uk
league_c2a8e5c1a7988639,2020-11-28,SERIE_A,2020-21,LEAGUE,,Sassuolo,Inter Milan,0,3,A,Italy,Serie A,football-data.co.uk
league_cb75d3f9ece9b0c9,2020-11-29,SERIE_A,2020-21,LEAGUE,,AC Milan,Fiorentina,2,0,H,Italy,Serie A,football-data.co.uk
league_bf59cb36d285a2f1,2020-11-29,SERIE_A,2020-21,LEAGUE,,Bologna,Crotone,1,0,H,Italy,Serie A,football-data.co.uk
league_576aaebf6092514f,2020-11-29,SERIE_A,2020-21,LEAGUE,,Cagliari,Spezia,2,2,D,Italy,Serie A,football-data.co.uk
league_0210f538faf2d8f3,2020-11-29,SERIE_A,2020-21,LEAGUE,,Napoli,AS Roma,4,0,H,Italy,Serie A,football-data.co.uk
league_ba3ed05283ec5c8b,2020-11-29,SERIE_A,2020-21,LEAGUE,,SS Lazio,Udinese,1,3,A,Italy,Serie A,football-data.co.uk
league_ab53e19381d22ba6,2020-11-30,SERIE_A,2020-21,LEAGUE,,Genoa,Parma,1,2,A,Italy,Serie A,football-data.co.uk
league_bf98939cb2c249c1,2020-11-30,SERIE_A,2020-21,LEAGUE,,Torino,Sampdoria,2,2,D,Italy,Serie A,football-data.co.uk
league_11873758211c0346,2020-12-05,SERIE_A,2020-21,LEAGUE,,Inter Milan,Bologna,3,1,H,Italy,Serie A,football-data.co.uk
league_4af5012033800512,2020-12-05,SERIE_A,2020-21,LEAGUE,,Juventus,Torino,2,1,H,Italy,Serie A,football-data.co.uk
league_59567c50c762a461,2020-12-05,SERIE_A,2020-21,LEAGUE,,Spezia,SS Lazio,1,2,A,Italy,Serie A,football-data.co.uk
league_088adb2882a4b20b,2020-12-06,SERIE_A,2020-21,LEAGUE,,AS Roma,Sassuolo,0,0,D,Italy,Serie A,football-data.co.uk
league_76c81f4b250d8c7b,2020-12-06,SERIE_A,2020-21,LEAGUE,,Crotone,Napoli,0,4,A,Italy,Serie A,football-data.co.uk
league_22efe6c4a5ffc923,2020-12-06,SERIE_A,2020-21,LEAGUE,,Hellas Verona,Cagliari,1,1,D,Italy,Serie A,football-data.co.uk
league_c7dd80652e1efbf9,2020-12-06,SERIE_A,2020-21,LEAGUE,,Parma,Benevento,0,0,D,Italy,Serie A,football-data.co.uk
league_7bb2e51f87cb91b8,2020-12-06,SERIE_A,2020-21,LEAGUE,,Sampdoria,AC Milan,1,2,A,Italy,Serie A,football-data.co.uk
league_5ea3578e47174334,2020-12-07,SERIE_A,2020-21,LEAGUE,,Fiorentina,Genoa,1,1,D,Italy,Serie A,football-data.co.uk
league_00adfe097d133827,2020-12-11,SERIE_A,2020-21,LEAGUE,,Sassuolo,Benevento,1,0,H,Italy,Serie A,football-data.co.uk
league_be446a28aef10517,2020-12-12,SERIE_A,2020-21,LEAGUE,,Crotone,Spezia,4,1,H,Italy,Serie A,football-data.co.uk
league_397185be50191f7c,2020-12-12,SERIE_A,2020-21,LEAGUE,,SS Lazio,Hellas Verona,1,2,A,Italy,Serie A,football-data.co.uk
league_7b28b5157c004dfe,2020-12-12,SERIE_A,2020-21,LEAGUE,,Torino,Udinese,2,3,A,Italy,Serie A,football-data.co.uk
league_8bfc4333ea7a730f,2020-12-13,SERIE_A,2020-21,LEAGUE,,AC Milan,Parma,2,2,D,Italy,Serie A,football-data.co.uk
league_bafc8f11d823e33e,2020-12-13,SERIE_A,2020-21,LEAGUE,,Atalanta,Fiorentina,3,0,H,Italy,Serie A,football-data.co.uk
league_b75719ffa5d3a13f,2020-12-13,SERIE_A,2020-21,LEAGUE,,Bologna,AS Roma,1,5,A,Italy,Serie A,football-data.co.uk
league_43fbdf1c5eeb528a,2020-12-13,SERIE_A,2020-21,LEAGUE,,Cagliari,Inter Milan,1,3,A,Italy,Serie A,football-data.co.uk
league_a24382fbf5657a12,2020-12-13,SERIE_A,2020-21,LEAGUE,,Genoa,Juventus,1,3,A,Italy,Serie A,football-data.co.uk
league_e269204ae4830705,2020-12-13,SERIE_A,2020-21,LEAGUE,,Napoli,Sampdoria,2,1,H,Italy,Serie A,football-data.co.uk
league_e48da2d1d7ba9d1d,2020-12-15,SERIE_A,2020-21,LEAGUE,,Benevento,SS Lazio,1,1,D,Italy,Serie A,football-data.co.uk
league_1332eb355389b470,2020-12-15,SERIE_A,2020-21,LEAGUE,,Udinese,Crotone,0,0,D,Italy,Serie A,football-data.co.uk
league_fe9611ef74ca28be,2020-12-16,SERIE_A,2020-21,LEAGUE,,Fiorentina,Sassuolo,1,1,D,Italy,Serie A,football-data.co.uk
league_7148b816bd31b5d6,2020-12-16,SERIE_A,2020-21,LEAGUE,,Genoa,AC Milan,2,2,D,Italy,Serie A,football-data.co.uk
league_ed199342ee47e2db,2020-12-16,SERIE_A,2020-21,LEAGUE,,Hellas Verona,Sampdoria,1,2,A,Italy,Serie A,football-data.co.uk
league_0e0565433cea0826,2020-12-16,SERIE_A,2020-21,LEAGUE,,Inter Milan,Napoli,1,0,H,Italy,Serie A,football-data.co.uk
league_522f4a0e40279bef,2020-12-16,SERIE_A,2020-21,LEAGUE,,Juventus,Atalanta,1,1,D,Italy,Serie A,football-data.co.uk
league_09ff31871afe62de,2020-12-16,SERIE_A,2020-21,LEAGUE,,Parma,Cagliari,0,0,D,Italy,Serie A,football-data.co.uk
league_5868f85a0bd7842b,2020-12-16,SERIE_A,2020-21,LEAGUE,,Spezia,Bologna,2,2,D,Italy,Serie A,football-data.co.uk
league_1827ab850d824470,2020-12-17,SERIE_A,2020-21,LEAGUE,,AS Roma,Torino,3,1,H,Italy,Serie A,football-data.co.uk
league_78a7e4e4d0744fff,2020-12-19,SERIE_A,2020-21,LEAGUE,,Fiorentina,Hellas Verona,1,1,D,Italy,Serie A,football-data.co.uk
league_53b03471f1dbf941,2020-12-19,SERIE_A,2020-21,LEAGUE,,Parma,Juventus,0,4,A,Italy,Serie A,football-data.co.uk
league_11ee771edf73f432,2020-12-19,SERIE_A,2020-21,LEAGUE,,Sampdoria,Crotone,3,1,H,Italy,Serie A,football-data.co.uk
league_ad1d2036a1c85c97,2020-12-20,SERIE_A,2020-21,LEAGUE,,Atalanta,AS Roma,4,1,H,Italy,Serie A,football-data.co.uk
league_c0036f2fd322b5fe,2020-12-20,SERIE_A,2020-21,LEAGUE,,Benevento,Genoa,2,0,H,Italy,Serie A,football-data.co.uk
league_c32a4f212aff39a1,2020-12-20,SERIE_A,2020-21,LEAGUE,,Cagliari,Udinese,1,1,D,Italy,Serie A,football-data.co.uk
league_68ea9c21a8a5f7bf,2020-12-20,SERIE_A,2020-21,LEAGUE,,Inter Milan,Spezia,2,1,H,Italy,Serie A,football-data.co.uk
league_1c8b336fa450d634,2020-12-20,SERIE_A,2020-21,LEAGUE,,SS Lazio,Napoli,2,0,H,Italy,Serie A,football-data.co.uk
league_1e62f22ac028f1d4,2020-12-20,SERIE_A,2020-21,LEAGUE,,Sassuolo,AC Milan,1,2,A,Italy,Serie A,football-data.co.uk
league_29e7aa8194a3726b,2020-12-20,SERIE_A,2020-21,LEAGUE,,Torino,Bologna,1,1,D,Italy,Serie A,football-data.co.uk
league_8cc1b1bf419ed466,2020-12-22,SERIE_A,2020-21,LEAGUE,,Crotone,Parma,2,1,H,Italy,Serie A,football-data.co.uk
league_92ada8f6269487e8,2020-12-22,SERIE_A,2020-21,LEAGUE,,Juventus,Fiorentina,0,3,A,Italy,Serie A,football-data.co.uk
league_522e11cf44375bea,2020-12-23,SERIE_A,2020-21,LEAGUE,,AC Milan,SS Lazio,3,2,H,Italy,Serie A,football-data.co.uk
league_5b0a78408e305ddf,2020-12-23,SERIE_A,2020-21,LEAGUE,,AS Roma,Cagliari,3,2,H,Italy,Serie A,football-data.co.uk
league_895e0bf2a23471ae,2020-12-23,SERIE_A,2020-21,LEAGUE,,Bologna,Atalanta,2,2,D,Italy,Serie A,football-data.co.uk
league_bec20a1e027ad800,2020-12-23,SERIE_A,2020-21,LEAGUE,,Hellas Verona,Inter Milan,1,2,A,Italy,Serie A,football-data.co.uk
league_cc6b8939edf92bbb,2020-12-23,SERIE_A,2020-21,LEAGUE,,Napoli,Torino,1,1,D,Italy,Serie A,football-data.co.uk
league_0d270e0ceabb40f9,2020-12-23,SERIE_A,2020-21,LEAGUE,,Sampdoria,Sassuolo,2,3,A,Italy,Serie A,football-data.co.uk
league_c3bf4f1cc06ee961,2020-12-23,SERIE_A,2020-21,LEAGUE,,Spezia,Genoa,1,2,A,Italy,Serie A,football-data.co.uk
league_9a84c5c4d3a79397,2020-12-23,SERIE_A,2020-21,LEAGUE,,Udinese,Benevento,0,2,A,Italy,Serie A,football-data.co.uk
league_25641d005cc4b783,2021-01-03,SERIE_A,2020-21,LEAGUE,,AS Roma,Sampdoria,1,0,H,Italy,Serie A,football-data.co.uk
league_49a30f59ed0d9943,2021-01-03,SERIE_A,2020-21,LEAGUE,,Atalanta,Sassuolo,5,1,H,Italy,Serie A,football-data.co.uk
league_5275d2ebdb42bd01,2021-01-03,SERIE_A,2020-21,LEAGUE,,Benevento,AC Milan,0,2,A,Italy,Serie A,football-data.co.uk
league_a1162d528c11a99d,2021-01-03,SERIE_A,2020-21,LEAGUE,,Cagliari,Napoli,1,4,A,Italy,Serie A,football-data.co.uk
league_b2917826cc7fc374,2021-01-03,SERIE_A,2020-21,LEAGUE,,Fiorentina,Bologna,0,0,D,Italy,Serie A,football-data.co.uk
league_1ddbd5d02ee37213,2021-01-03,SERIE_A,2020-21,LEAGUE,,Genoa,SS Lazio,1,1,D,Italy,Serie A,football-data.co.uk
league_1cf928c11f8940db,2021-01-03,SERIE_A,2020-21,LEAGUE,,Inter Milan,Crotone,6,2,H,Italy,Serie A,football-data.co.uk
league_c6ec786328a0fdcc,2021-01-03,SERIE_A,2020-21,LEAGUE,,Juventus,Udinese,4,1,H,Italy,Serie A,football-data.co.uk
league_8c95fb15148dc6bb,2021-01-03,SERIE_A,2020-21,LEAGUE,,Parma,Torino,0,3,A,Italy,Serie A,football-data.co.uk
league_ccf40b2f61fe61d6,2021-01-03,SERIE_A,2020-21,LEAGUE,,Spezia,Hellas Verona,0,1,A,Italy,Serie A,football-data.co.uk
league_5de752af94454198,2021-01-06,SERIE_A,2020-21,LEAGUE,,AC Milan,Juventus,1,3,A,Italy,Serie A,football-data.co.uk
league_5fd15da2b2073302,2021-01-06,SERIE_A,2020-21,LEAGUE,,Atalanta,Parma,3,0,H,Italy,Serie A,football-data.co.uk
league_0b4f6e4f287b790f,2021-01-06,SERIE_A,2020-21,LEAGUE,,Bologna,Udinese,2,2,D,Italy,Serie A,football-data.co.uk
league_22ffd7a2b9f942e4,2021-01-06,SERIE_A,2020-21,LEAGUE,,Cagliari,Benevento,1,2,A,Italy,Serie A,football-data.co.uk
league_977f9d440c114e94,2021-01-06,SERIE_A,2020-21,LEAGUE,,Crotone,AS Roma,1,3,A,Italy,Serie A,football-data.co.uk
league_2873792e0939bbc4,2021-01-06,SERIE_A,2020-21,LEAGUE,,Napoli,Spezia,1,2,A,Italy,Serie A,football-data.co.uk
league_d5ffbc77ade44fab,2021-01-06,SERIE_A,2020-21,LEAGUE,,SS Lazio,Fiorentina,2,1,H,Italy,Serie A,football-data.co.uk
league_77ffabbb36e78e4f,2021-01-06,SERIE_A,2020-21,LEAGUE,,Sampdoria,Inter Milan,2,1,H,Italy,Serie A,football-data.co.uk
league_7b2f61b59f78cc8a,2021-01-06,SERIE_A,2020-21,LEAGUE,,Sassuolo,Genoa,2,1,H,Italy,Serie A,football-data.co.uk
league_f579298198a75098,2021-01-06,SERIE_A,2020-21,LEAGUE,,Torino,Hellas Verona,1,1,D,Italy,Serie A,football-data.co.uk
league_d0535d4afdfda568,2021-01-09,SERIE_A,2020-21,LEAGUE,,AC Milan,Torino,2,0,H,Italy,Serie A,football-data.co.uk
league_ef3903b5699c3e55,2021-01-09,SERIE_A,2020-21,LEAGUE,,Benevento,Atalanta,1,4,A,Italy,Serie A,football-data.co.uk
league_52d1fdbb0a8e5325,2021-01-09,SERIE_A,2020-21,LEAGUE,,Genoa,Bologna,2,0,H,Italy,Serie A,football-data.co.uk
league_ab237581c2bde632,2021-01-10,SERIE_A,2020-21,LEAGUE,,AS Roma,Inter Milan,2,2,D,Italy,Serie A,football-data.co.uk
league_b923e4384ecea4a3,2021-01-10,SERIE_A,2020-21,LEAGUE,,Fiorentina,Cagliari,1,0,H,Italy,Serie A,football-data.co.uk
league_c98c1db90cc264a2,2021-01-10,SERIE_A,2020-21,LEAGUE,,Hellas Verona,Crotone,2,1,H,Italy,Serie A,football-data.co.uk
league_b40e1eb00d0be4b9,2021-01-10,SERIE_A,2020-21,LEAGUE,,Juventus,Sassuolo,3,1,H,Italy,Serie A,football-data.co.uk
league_1a502593e2d4aabd,2021-01-10,SERIE_A,2020-21,LEAGUE,,Parma,SS Lazio,0,2,A,Italy,Serie A,football-data.co.uk
league_7626093f92f981b1,2021-01-10,SERIE_A,2020-21,LEAGUE,,Udinese,Napoli,1,2,A,Italy,Serie A,football-data.co.uk
league_6dc35747d43b66e2,2021-01-11,SERIE_A,2020-21,LEAGUE,,Spezia,Sampdoria,2,1,H,Italy,Serie A,football-data.co.uk
league_84345d22104bff86,2021-01-15,SERIE_A,2020-21,LEAGUE,,SS Lazio,AS Roma,3,0,H,Italy,Serie A,football-data.co.uk
league_6cee9f2e04953108,2021-01-16,SERIE_A,2020-21,LEAGUE,,Bologna,Hellas Verona,1,0,H,Italy,Serie A,football-data.co.uk
league_bfe97a67275aa3ac,2021-01-16,SERIE_A,2020-21,LEAGUE,,Sampdoria,Udinese,2,1,H,Italy,Serie A,football-data.co.uk
league_918af1b223d5e452,2021-01-16,SERIE_A,2020-21,LEAGUE,,Torino,Spezia,0,0,D,Italy,Serie A,football-data.co.uk
league_1611cea3725ef7df,2021-01-17,SERIE_A,2020-21,LEAGUE,,Atalanta,Genoa,0,0,D,Italy,Serie A,football-data.co.uk
league_cc5851176e0417be,2021-01-17,SERIE_A,2020-21,LEAGUE,,Crotone,Benevento,4,1,H,Italy,Serie A,football-data.co.uk
league_7e12bf9c37099ff0,2021-01-17,SERIE_A,2020-21,LEAGUE,,Inter Milan,Juventus,2,0,H,Italy,Serie A,football-data.co.uk
league_cef51653c344d17e,2021-01-17,SERIE_A,2020-21,LEAGUE,,Napoli,Fiorentina,6,0,H,Italy,Serie A,football-data.co.uk
league_1591454ee4f97478,2021-01-17,SERIE_A,2020-21,LEAGUE,,Sassuolo,Parma,1,1,D,Italy,Serie A,football-data.co.uk
league_ec4572584cdfc80e,2021-01-18,SERIE_A,2020-21,LEAGUE,,Cagliari,AC Milan,0,2,A,Italy,Serie A,football-data.co.uk
league_f70cb386f27f11ac,2021-01-20,SERIE_A,2020-21,LEAGUE,,Udinese,Atalanta,1,1,D,Italy,Serie A,football-data.co.uk
league_938607df3c7edb1a,2021-01-22,SERIE_A,2020-21,LEAGUE,,Benevento,Torino,2,2,D,Italy,Serie A,football-data.co.uk
league_c86b671aace53d63,2021-01-23,SERIE_A,2020-21,LEAGUE,,AC Milan,Atalanta,0,3,A,Italy,Serie A,football-data.co.uk
league_cf66a9461fa23ad3,2021-01-23,SERIE_A,2020-21,LEAGUE,,AS Roma,Spezia,4,3,H,Italy,Serie A,football-data.co.uk
league_722f7eab01435cb6,2021-01-23,SERIE_A,2020-21,LEAGUE,,Fiorentina,Crotone,2,1,H,Italy,Serie A,football-data.co.uk
league_b6880ed099646aa4,2021-01-23,SERIE_A,2020-21,LEAGUE,,Udinese,Inter Milan,0,0,D,Italy,Serie A,football-data.co.uk
league_4004ad455ba8fae6,2021-01-24,SERIE_A,2020-21,LEAGUE,,Genoa,Cagliari,1,0,H,Italy,Serie A,football-data.co.uk
league_358976889dc1e87d,2021-01-24,SERIE_A,2020-21,LEAGUE,,Hellas Verona,Napoli,3,1,H,Italy,Serie A,football-data.co.uk
league_8be5a3c411f3eeb8,2021-01-24,SERIE_A,2020-21,LEAGUE,,Juventus,Bologna,2,0,H,Italy,Serie A,football-data.co.uk
league_e1df64d8bc50b7ac,2021-01-24,SERIE_A,2020-21,LEAGUE,,Parma,Sampdoria,0,2,A,Italy,Serie A,football-data.co.uk
league_f55fe24146fb37b9,2021-01-24,SERIE_A,2020-21,LEAGUE,,SS Lazio,Sassuolo,2,1,H,Italy,Serie A,football-data.co.uk
league_e05fc7316331b493,2021-01-29,SERIE_A,2020-21,LEAGUE,,Torino,Fiorentina,1,1,D,Italy,Serie A,football-data.co.uk
league_9726baed411fa1c7,2021-01-30,SERIE_A,2020-21,LEAGUE,,Bologna,AC Milan,1,2,A,Italy,Serie A,football-data.co.uk
league_1dad5df535bbcac6,2021-01-30,SERIE_A,2020-21,LEAGUE,,Inter Milan,Benevento,4,0,H,Italy,Serie A,football-data.co.uk
league_61367a836864a47b,2021-01-30,SERIE_A,2020-21,LEAGUE,,Sampdoria,Juventus,0,2,A,Italy,Serie A,football-data.co.uk
league_fc904205edae74e9,2021-01-31,SERIE_A,2020-21,LEAGUE,,AS Roma,Hellas Verona,3,1,H,Italy,Serie A,football-data.co.uk
league_14c970f30ccaa7c8,2021-01-31,SERIE_A,2020-21,LEAGUE,,Atalanta,SS Lazio,1,3,A,Italy,Serie A,football-data.co.uk
league_e61297f8641013be,2021-01-31,SERIE_A,2020-21,LEAGUE,,Cagliari,Sassuolo,1,1,D,Italy,Serie A,football-data.co.uk
league_d34e40c73a2fa37e,2021-01-31,SERIE_A,2020-21,LEAGUE,,Crotone,Genoa,0,3,A,Italy,Serie A,football-data.co.uk
league_38b5083893d55041,2021-01-31,SERIE_A,2020-21,LEAGUE,,Napoli,Parma,2,0,H,Italy,Serie A,football-data.co.uk
league_8a62cd89f8861176,2021-01-31,SERIE_A,2020-21,LEAGUE,,Spezia,Udinese,0,1,A,Italy,Serie A,football-data.co.uk
league_b59058a61c9945bb,2021-02-05,SERIE_A,2020-21,LEAGUE,,Fiorentina,Inter Milan,0,2,A,Italy,Serie A,football-data.co.uk
league_504e1e9194acf0a7,2021-02-06,SERIE_A,2020-21,LEAGUE,,Atalanta,Torino,3,3,D,Italy,Serie A,football-data.co.uk
league_6452e8093620871f,2021-02-06,SERIE_A,2020-21,LEAGUE,,Genoa,Napoli,2,1,H,Italy,Serie A,football-data.co.uk
league_b7e13f379bdffbcb,2021-02-06,SERIE_A,2020-21,LEAGUE,,Juventus,AS Roma,2,0,H,Italy,Serie A,football-data.co.uk
league_154dd2f7da53d633,2021-02-06,SERIE_A,2020-21,LEAGUE,,Sassuolo,Spezia,1,2,A,Italy,Serie A,football-data.co.uk
league_8dd30d922bc22a9e,2021-02-07,SERIE_A,2020-21,LEAGUE,,AC Milan,Crotone,4,0,H,Italy,Serie A,football-data.co.uk
league_e10350dc1df05487,2021-02-07,SERIE_A,2020-21,LEAGUE,,Benevento,Sampdoria,1,1,D,Italy,Serie A,football-data.co.uk
league_89561b420e0f2901,2021-02-07,SERIE_A,2020-21,LEAGUE,,Parma,Bologna,0,3,A,Italy,Serie A,football-data.co.uk
league_cf135482e618753a,2021-02-07,SERIE_A,2020-21,LEAGUE,,SS Lazio,Cagliari,1,0,H,Italy,Serie A,football-data.co.uk
league_7537f9a52f9b9b87,2021-02-07,SERIE_A,2020-21,LEAGUE,,Udinese,Hellas Verona,2,0,H,Italy,Serie A,football-data.co.uk
league_0a1fc46f3cb071ec,2021-02-12,SERIE_A,2020-21,LEAGUE,,Bologna,Benevento,1,1,D,Italy,Serie A,football-data.co.uk
league_c99f949f3c212a1f,2021-02-13,SERIE_A,2020-21,LEAGUE,,Napoli,Juventus,1,0,H,Italy,Serie A,football-data.co.uk
league_195037f3cd7594e2,2021-02-13,SERIE_A,2020-21,LEAGUE,,Spezia,AC Milan,2,0,H,Italy,Serie A,football-data.co.uk
league_21b3f295e8c2640b,2021-02-13,SERIE_A,2020-21,LEAGUE,,Torino,Genoa,0,0,D,Italy,Serie A,football-data.co.uk
league_58d47ab09ca48b64,2021-02-14,SERIE_A,2020-21,LEAGUE,,AS Roma,Udinese,3,0,H,Italy,Serie A,football-data.co.uk
league_f531d7edc83f0028,2021-02-14,SERIE_A,2020-21,LEAGUE,,Cagliari,Atalanta,0,1,A,Italy,Serie A,football-data.co.uk
league_172994926d1a2dbc,2021-02-14,SERIE_A,2020-21,LEAGUE,,Crotone,Sassuolo,1,2,A,Italy,Serie A,football-data.co.uk
league_a71d6fd1bd1a7cb2,2021-02-14,SERIE_A,2020-21,LEAGUE,,Inter Milan,SS Lazio,3,1,H,Italy,Serie A,football-data.co.uk
league_1132bf7f0004dd09,2021-02-14,SERIE_A,2020-21,LEAGUE,,Sampdoria,Fiorentina,2,1,H,Italy,Serie A,football-data.co.uk
league_3f7e5b21ecdccca5,2021-02-15,SERIE_A,2020-21,LEAGUE,,Hellas Verona,Parma,2,1,H,Italy,Serie A,football-data.co.uk
league_ea15e5f7a23f4c7f,2021-02-19,SERIE_A,2020-21,LEAGUE,,Cagliari,Torino,0,1,A,Italy,Serie A,football-data.co.uk
league_20812a622c8156a8,2021-02-19,SERIE_A,2020-21,LEAGUE,,Fiorentina,Spezia,3,0,H,Italy,Serie A,football-data.co.uk
league_989fc47a7a85e723,2021-02-20,SERIE_A,2020-21,LEAGUE,,Genoa,Hellas Verona,2,2,D,Italy,Serie A,football-data.co.uk
league_e0c7f41a670613d2,2021-02-20,SERIE_A,2020-21,LEAGUE,,SS Lazio,Sampdoria,1,0,H,Italy,Serie A,football-data.co.uk
league_c5ad2aa72a710314,2021-02-20,SERIE_A,2020-21,LEAGUE,,Sassuolo,Bologna,1,1,D,Italy,Serie A,football-data.co.uk
league_16d5143345f76ee5,2021-02-21,SERIE_A,2020-21,LEAGUE,,AC Milan,Inter Milan,0,3,A,Italy,Serie A,football-data.co.uk
league_f02fbc5f136529f9,2021-02-21,SERIE_A,2020-21,LEAGUE,,Atalanta,Napoli,4,2,H,Italy,Serie A,football-data.co.uk
league_c6b573fdc3ada693,2021-02-21,SERIE_A,2020-21,LEAGUE,,Benevento,AS Roma,0,0,D,Italy,Serie A,football-data.co.uk
league_eaedd205ae1b449f,2021-02-21,SERIE_A,2020-21,LEAGUE,,Parma,Udinese,2,2,D,Italy,Serie A,football-data.co.uk
league_fa4ad4fab6de196e,2021-02-22,SERIE_A,2020-21,LEAGUE,,Juventus,Crotone,3,0,H,Italy,Serie A,football-data.co.uk
league_0746155e9f8efc8c,2021-02-27,SERIE_A,2020-21,LEAGUE,,Bologna,SS Lazio,2,0,H,Italy,Serie A,football-data.co.uk
league_f2f2cd76667ae2b0,2021-02-27,SERIE_A,2020-21,LEAGUE,,Hellas Verona,Juventus,1,1,D,Italy,Serie A,football-data.co.uk
league_4dc5e3190a02c54a,2021-02-27,SERIE_A,2020-21,LEAGUE,,Spezia,Parma,2,2,D,Italy,Serie A,football-data.co.uk
league_e0cdd7009a1299a3,2021-02-28,SERIE_A,2020-21,LEAGUE,,AS Roma,AC Milan,1,2,A,Italy,Serie A,football-data.co.uk
league_c8961b2a0c6b87ee,2021-02-28,SERIE_A,2020-21,LEAGUE,,Crotone,Cagliari,0,2,A,Italy,Serie A,football-data.co.uk
league_01d9cd758bbf1979,2021-02-28,SERIE_A,2020-21,LEAGUE,,Inter Milan,Genoa,3,0,H,Italy,Serie A,football-data.co.uk
league_04057f2517313fab,2021-02-28,SERIE_A,2020-21,LEAGUE,,Napoli,Benevento,2,0,H,Italy,Serie A,football-data.co.uk
league_ba802e733fe2fb5e,2021-02-28,SERIE_A,2020-21,LEAGUE,,Sampdoria,Atalanta,0,2,A,Italy,Serie A,football-data.co.uk
league_13697f2855891edc,2021-02-28,SERIE_A,2020-21,LEAGUE,,Udinese,Fiorentina,1,0,H,Italy,Serie A,football-data.co.uk
league_5b7179267a1df7fe,2021-03-02,SERIE_A,2020-21,LEAGUE,,Juventus,Spezia,3,0,H,Italy,Serie A,football-data.co.uk
league_f359ba0754ac6848,2021-03-03,SERIE_A,2020-21,LEAGUE,,AC Milan,Udinese,1,1,D,Italy,Serie A,football-data.co.uk
league_db8d1d91b4aa449f,2021-03-03,SERIE_A,2020-21,LEAGUE,,Atalanta,Crotone,5,1,H,Italy,Serie A,football-data.co.uk
league_3e0307a99c61402e,2021-03-03,SERIE_A,2020-21,LEAGUE,,Benevento,Hellas Verona,0,3,A,Italy,Serie A,football-data.co.uk
league_f291669352fbe7e3,2021-03-03,SERIE_A,2020-21,LEAGUE,,Cagliari,Bologna,1,0,H,Italy,Serie A,football-data.co.uk
league_90d2c2aa2ac7910d,2021-03-03,SERIE_A,2020-21,LEAGUE,,Fiorentina,AS Roma,1,2,A,Italy,Serie A,football-data.co.uk
league_759ea998a5f1703b,2021-03-03,SERIE_A,2020-21,LEAGUE,,Genoa,Sampdoria,1,1,D,Italy,Serie A,football-data.co.uk
league_6ca218ee2f6453ea,2021-03-03,SERIE_A,2020-21,LEAGUE,,Sassuolo,Napoli,3,3,D,Italy,Serie A,football-data.co.uk
league_e39aa7b6581534a1,2021-03-04,SERIE_A,2020-21,LEAGUE,,Parma,Inter Milan,1,2,A,Italy,Serie A,football-data.co.uk
league_a62a710c9b76614a,2021-03-06,SERIE_A,2020-21,LEAGUE,,Juventus,SS Lazio,3,1,H,Italy,Serie A,football-data.co.uk
league_c58f1f6f321381a6,2021-03-06,SERIE_A,2020-21,LEAGUE,,Spezia,Benevento,1,1,D,Italy,Serie A,football-data.co.uk
league_0f101ef4c139892f,2021-03-06,SERIE_A,2020-21,LEAGUE,,Udinese,Sassuolo,2,0,H,Italy,Serie A,football-data.co.uk
league_06e694f02c6d1416,2021-03-07,SERIE_A,2020-21,LEAGUE,,AS Roma,Genoa,1,0,H,Italy,Serie A,football-data.co.uk
league_e7c860facd85ab59,2021-03-07,SERIE_A,2020-21,LEAGUE,,Crotone,Torino,4,2,H,Italy,Serie A,football-data.co.uk
league_16cd84c753eaf244,2021-03-07,SERIE_A,2020-21,LEAGUE,,Fiorentina,Parma,3,3,D,Italy,Serie A,football-data.co.uk
league_57604eae1c0167f0,2021-03-07,SERIE_A,2020-21,LEAGUE,,Hellas Verona,AC Milan,0,2,A,Italy,Serie A,football-data.co.uk
league_35dcaf8e8a528980,2021-03-07,SERIE_A,2020-21,LEAGUE,,Napoli,Bologna,3,1,H,Italy,Serie A,football-data.co.uk
league_494684cc13f9fa01,2021-03-07,SERIE_A,2020-21,LEAGUE,,Sampdoria,Cagliari,2,2,D,Italy,Serie A,football-data.co.uk
league_b4704c8247e83da6,2021-03-08,SERIE_A,2020-21,LEAGUE,,Inter Milan,Atalanta,1,0,H,Italy,Serie A,football-data.co.uk
league_5278f7ef920d9161,2021-03-12,SERIE_A,2020-21,LEAGUE,,Atalanta,Spezia,3,1,H,Italy,Serie A,football-data.co.uk
league_2900277d9b8be765,2021-03-12,SERIE_A,2020-21,LEAGUE,,SS Lazio,Crotone,3,2,H,Italy,Serie A,football-data.co.uk
league_c2854a0e8e0313d9,2021-03-13,SERIE_A,2020-21,LEAGUE,,Benevento,Fiorentina,1,4,A,Italy,Serie A,football-data.co.uk
league_825d4772ee5c9197,2021-03-13,SERIE_A,2020-21,LEAGUE,,Genoa,Udinese,1,1,D,Italy,Serie A,football-data.co.uk
league_f42864844d155422,2021-03-13,SERIE_A,2020-21,LEAGUE,,Sassuolo,Hellas Verona,3,2,H,Italy,Serie A,football-data.co.uk
league_169d1e42ced63779,2021-03-14,SERIE_A,2020-21,LEAGUE,,AC Milan,Napoli,0,1,A,Italy,Serie A,football-data.co.uk
league_67169c8ab4471118,2021-03-14,SERIE_A,2020-21,LEAGUE,,Bologna,Sampdoria,3,1,H,Italy,Serie A,football-data.co.uk
league_8bdea75f0ac44ecc,2021-03-14,SERIE_A,2020-21,LEAGUE,,Cagliari,Juventus,1,3,A,Italy,Serie A,football-data.co.uk
league_79f8773b1ecd8562,2021-03-14,SERIE_A,2020-21,LEAGUE,,Parma,AS Roma,2,0,H,Italy,Serie A,football-data.co.uk
league_d5d28bd72ebf00ad,2021-03-14,SERIE_A,2020-21,LEAGUE,,Torino,Inter Milan,1,2,A,Italy,Serie A,football-data.co.uk
league_8ae8ec3acfe02964,2021-03-17,SERIE_A,2020-21,LEAGUE,,Torino,Sassuolo,3,2,H,Italy,Serie A,football-data.co.uk
league_7195669b3caf9ab2,2021-03-19,SERIE_A,2020-21,LEAGUE,,Parma,Genoa,1,2,A,Italy,Serie A,football-data.co.uk
league_d0ebd1c6f57a2399,2021-03-20,SERIE_A,2020-21,LEAGUE,,Crotone,Bologna,2,3,A,Italy,Serie A,football-data.co.uk
league_17fd3c702cb25d9a,2021-03-20,SERIE_A,2020-21,LEAGUE,,Spezia,Cagliari,2,1,H,Italy,Serie A,football-data.co.uk
league_4623a6fbe8a11b59,2021-03-21,SERIE_A,2020-21,LEAGUE,,AS Roma,Napoli,0,2,A,Italy,Serie A,football-data.co.uk
league_2cfffc81dbf0c1e1,2021-03-21,SERIE_A,2020-21,LEAGUE,,Fiorentina,AC Milan,2,3,A,Italy,Serie A,football-data.co.uk
league_fa6efe93a7bdc09b,2021-03-21,SERIE_A,2020-21,LEAGUE,,Hellas Verona,Atalanta,0,2,A,Italy,Serie A,football-data.co.uk
league_8c29f162b864bb99,2021-03-21,SERIE_A,2020-21,LEAGUE,,Juventus,Benevento,0,1,A,Italy,Serie A,football-data.co.uk
league_649a99c6e186a025,2021-03-21,SERIE_A,2020-21,LEAGUE,,Sampdoria,Torino,1,0,H,Italy,Serie A,football-data.co.uk
league_67d5bab29aec3d2f,2021-03-21,SERIE_A,2020-21,LEAGUE,,Udinese,SS Lazio,0,1,A,Italy,Serie A,football-data.co.uk
league_167c0001de78f576,2021-04-03,SERIE_A,2020-21,LEAGUE,,AC Milan,Sampdoria,1,1,D,Italy,Serie A,football-data.co.uk
league_a5d0cc65fe470e42,2021-04-03,SERIE_A,2020-21,LEAGUE,,Atalanta,Udinese,3,2,H,Italy,Serie A,football-data.co.uk
league_afd95cf3c7878f30,2021-04-03,SERIE_A,2020-21,LEAGUE,,Benevento,Parma,2,2,D,Italy,Serie A,football-data.co.uk
league_53fb9fb5bdd62e29,2021-04-03,SERIE_A,2020-21,LEAGUE,,Bologna,Inter Milan,0,1,A,Italy,Serie A,football-data.co.uk
league_5e9f9d60630c31c8,2021-04-03,SERIE_A,2020-21,LEAGUE,,Cagliari,Hellas Verona,0,2,A,Italy,Serie A,football-data.co.uk
league_feed0cf5c34e4eac,2021-04-03,SERIE_A,2020-21,LEAGUE,,Genoa,Fiorentina,1,1,D,Italy,Serie A,football-data.co.uk
league_82ce15a057a8639f,2021-04-03,SERIE_A,2020-21,LEAGUE,,Napoli,Crotone,4,3,H,Italy,Serie A,football-data.co.uk
league_5fc3e08d4f662979,2021-04-03,SERIE_A,2020-21,LEAGUE,,SS Lazio,Spezia,2,1,H,Italy,Serie A,football-data.co.uk
league_b1082687d40121a1,2021-04-03,SERIE_A,2020-21,LEAGUE,,Sassuolo,AS Roma,2,2,D,Italy,Serie A,football-data.co.uk
league_40904aae2f21ee56,2021-04-03,SERIE_A,2020-21,LEAGUE,,Torino,Juventus,2,2,D,Italy,Serie A,football-data.co.uk
league_a84280fc9c2b12f2,2021-04-07,SERIE_A,2020-21,LEAGUE,,Inter Milan,Sassuolo,2,1,H,Italy,Serie A,football-data.co.uk
league_0acc636e6b3c4a2c,2021-04-07,SERIE_A,2020-21,LEAGUE,,Juventus,Napoli,2,1,H,Italy,Serie A,football-data.co.uk
league_4fbc01f1acea1087,2021-04-10,SERIE_A,2020-21,LEAGUE,,Parma,AC Milan,1,3,A,Italy,Serie A,football-data.co.uk
league_55b54d7185c1f96f,2021-04-10,SERIE_A,2020-21,LEAGUE,,Spezia,Crotone,3,2,H,Italy,Serie A,football-data.co.uk
league_84bb4c363eb01ddc,2021-04-10,SERIE_A,2020-21,LEAGUE,,Udinese,Torino,0,1,A,Italy,Serie A,football-data.co.uk
league_e2075e2f8fad9089,2021-04-11,SERIE_A,2020-21,LEAGUE,,AS Roma,Bologna,1,0,H,Italy,Serie A,football-data.co.uk
league_9de15fa5351629e1,2021-04-11,SERIE_A,2020-21,LEAGUE,,Fiorentina,Atalanta,2,3,A,Italy,Serie A,football-data.co.uk
league_82eeb87bbdeaa033,2021-04-11,SERIE_A,2020-21,LEAGUE,,Hellas Verona,SS Lazio,0,1,A,Italy,Serie A,football-data.co.uk
league_9fe249ddc89677ab,2021-04-11,SERIE_A,2020-21,LEAGUE,,Inter Milan,Cagliari,1,0,H,Italy,Serie A,football-data.co.uk
league_7ed68561197ac3e2,2021-04-11,SERIE_A,2020-21,LEAGUE,,Juventus,Genoa,3,1,H,Italy,Serie A,football-data.co.uk
league_ff5e9adab535c97f,2021-04-11,SERIE_A,2020-21,LEAGUE,,Sampdoria,Napoli,0,2,A,Italy,Serie A,football-data.co.uk
league_0ab20dc5c0b0ce10,2021-04-12,SERIE_A,2020-21,LEAGUE,,Benevento,Sassuolo,0,1,A,Italy,Serie A,football-data.co.uk
league_5251e6d2fff9be1f,2021-04-17,SERIE_A,2020-21,LEAGUE,,Cagliari,Parma,4,3,H,Italy,Serie A,football-data.co.uk
league_c216d0faebafc6af,2021-04-17,SERIE_A,2020-21,LEAGUE,,Crotone,Udinese,1,2,A,Italy,Serie A,football-data.co.uk
league_664a864f400d94d9,2021-04-17,SERIE_A,2020-21,LEAGUE,,Sampdoria,Hellas Verona,3,1,H,Italy,Serie A,football-data.co.uk
league_f0a2913b02be114b,2021-04-17,SERIE_A,2020-21,LEAGUE,,Sassuolo,Fiorentina,3,1,H,Italy,Serie A,football-data.co.uk
league_5f33f0307c1f4b5b,2021-04-18,SERIE_A,2020-21,LEAGUE,,AC Milan,Genoa,2,1,H,Italy,Serie A,football-data.co.uk
league_1ab38f01d7c1a5a7,2021-04-18,SERIE_A,2020-21,LEAGUE,,Atalanta,Juventus,1,0,H,Italy,Serie A,football-data.co.uk
league_28f5916890f65fc2,2021-04-18,SERIE_A,2020-21,LEAGUE,,Bologna,Spezia,4,1,H,Italy,Serie A,football-data.co.uk
league_15f59cb99817b61b,2021-04-18,SERIE_A,2020-21,LEAGUE,,Napoli,Inter Milan,1,1,D,Italy,Serie A,football-data.co.uk
league_83b6559808f97b14,2021-04-18,SERIE_A,2020-21,LEAGUE,,SS Lazio,Benevento,5,3,H,Italy,Serie A,football-data.co.uk
league_a1519819885a4886,2021-04-18,SERIE_A,2020-21,LEAGUE,,Torino,AS Roma,3,1,H,Italy,Serie A,football-data.co.uk
league_afffbe51fa65261a,2021-04-20,SERIE_A,2020-21,LEAGUE,,Hellas Verona,Fiorentina,1,2,A,Italy,Serie A,football-data.co.uk
league_fce5261a3a09c02b,2021-04-21,SERIE_A,2020-21,LEAGUE,,AC Milan,Sassuolo,1,2,A,Italy,Serie A,football-data.co.uk
league_cadb5a2ec3ba6cef,2021-04-21,SERIE_A,2020-21,LEAGUE,,Bologna,Torino,1,1,D,Italy,Serie A,football-data.co.uk
league_2d9060d973c8a36b,2021-04-21,SERIE_A,2020-21,LEAGUE,,Crotone,Sampdoria,0,1,A,Italy,Serie A,football-data.co.uk
league_6dec227e09f6cdef,2021-04-21,SERIE_A,2020-21,LEAGUE,,Genoa,Benevento,2,2,D,Italy,Serie A,football-data.co.uk
league_14647bf633a7b76e,2021-04-21,SERIE_A,2020-21,LEAGUE,,Juventus,Parma,3,1,H,Italy,Serie A,football-data.co.uk
league_d9857bdf4b5251c9,2021-04-21,SERIE_A,2020-21,LEAGUE,,Spezia,Inter Milan,1,1,D,Italy,Serie A,football-data.co.uk
league_60ef2fdaadb4e3d3,2021-04-21,SERIE_A,2020-21,LEAGUE,,Udinese,Cagliari,0,1,A,Italy,Serie A,football-data.co.uk
league_1a38714abddd9145,2021-04-22,SERIE_A,2020-21,LEAGUE,,AS Roma,Atalanta,1,1,D,Italy,Serie A,football-data.co.uk
league_edbe61e7b8a3bd75,2021-04-22,SERIE_A,2020-21,LEAGUE,,Napoli,SS Lazio,5,2,H,Italy,Serie A,football-data.co.uk
league_90fdc950672dbc25,2021-04-24,SERIE_A,2020-21,LEAGUE,,Genoa,Spezia,2,0,H,Italy,Serie A,football-data.co.uk
league_e048387f88221ba0,2021-04-24,SERIE_A,2020-21,LEAGUE,,Parma,Crotone,3,4,A,Italy,Serie A,football-data.co.uk
league_1c5c8c3721574e32,2021-04-24,SERIE_A,2020-21,LEAGUE,,Sassuolo,Sampdoria,1,0,H,Italy,Serie A,football-data.co.uk
league_05b67e5cc6831895,2021-04-25,SERIE_A,2020-21,LEAGUE,,Atalanta,Bologna,5,0,H,Italy,Serie A,football-data.co.uk
league_7db023b7905de9d7,2021-04-25,SERIE_A,2020-21,LEAGUE,,Benevento,Udinese,2,4,A,Italy,Serie A,football-data.co.uk
league_09917faf33d0a47c,2021-04-25,SERIE_A,2020-21,LEAGUE,,Cagliari,AS Roma,3,2,H,Italy,Serie A,football-data.co.uk
league_57a176482f0c9685,2021-04-25,SERIE_A,2020-21,LEAGUE,,Fiorentina,Juventus,1,1,D,Italy,Serie A,football-data.co.uk
league_04848a917e93245a,2021-04-25,SERIE_A,2020-21,LEAGUE,,Inter Milan,Hellas Verona,1,0,H,Italy,Serie A,football-data.co.uk
league_904f01ffa2c857ba,2021-04-26,SERIE_A,2020-21,LEAGUE,,SS Lazio,AC Milan,3,0,H,Italy,Serie A,football-data.co.uk
league_58089715a22350b4,2021-04-26,SERIE_A,2020-21,LEAGUE,,Torino,Napoli,0,2,A,Italy,Serie A,football-data.co.uk
league_bc470aac61677645,2021-05-01,SERIE_A,2020-21,LEAGUE,,AC Milan,Benevento,2,0,H,Italy,Serie A,football-data.co.uk
league_03baae0a37320f54,2021-05-01,SERIE_A,2020-21,LEAGUE,,Crotone,Inter Milan,0,2,A,Italy,Serie A,football-data.co.uk
league_d4a14f1c3b35ee3f,2021-05-01,SERIE_A,2020-21,LEAGUE,,Hellas Verona,Spezia,1,1,D,Italy,Serie A,football-data.co.uk
league_f198bf21d4a00675,2021-05-02,SERIE_A,2020-21,LEAGUE,,Bologna,Fiorentina,3,3,D,Italy,Serie A,football-data.co.uk
league_372b49e2f34c95c7,2021-05-02,SERIE_A,2020-21,LEAGUE,,Napoli,Cagliari,1,1,D,Italy,Serie A,football-data.co.uk
league_280f5c276ac8241b,2021-05-02,SERIE_A,2020-21,LEAGUE,,SS Lazio,Genoa,4,3,H,Italy,Serie A,football-data.co.uk
league_321f97568fbd8187,2021-05-02,SERIE_A,2020-21,LEAGUE,,Sampdoria,AS Roma,2,0,H,Italy,Serie A,football-data.co.uk
league_f553ada681054b4f,2021-05-02,SERIE_A,2020-21,LEAGUE,,Sassuolo,Atalanta,1,1,D,Italy,Serie A,football-data.co.uk
league_be599074c250cca0,2021-05-02,SERIE_A,2020-21,LEAGUE,,Udinese,Juventus,1,2,A,Italy,Serie A,football-data.co.uk
league_6f6008eddfdd1aa3,2021-05-03,SERIE_A,2020-21,LEAGUE,,Torino,Parma,1,0,H,Italy,Serie A,football-data.co.uk
league_bd85ca1441d93550,2021-05-08,SERIE_A,2020-21,LEAGUE,,Fiorentina,SS Lazio,2,0,H,Italy,Serie A,football-data.co.uk
league_d6cd61e3c86a4732,2021-05-08,SERIE_A,2020-21,LEAGUE,,Inter Milan,Sampdoria,5,1,H,Italy,Serie A,football-data.co.uk
league_6fda154d5eb05ee7,2021-05-08,SERIE_A,2020-21,LEAGUE,,Spezia,Napoli,1,4,A,Italy,Serie A,football-data.co.uk
league_73a1536580549d5e,2021-05-08,SERIE_A,2020-21,LEAGUE,,Udinese,Bologna,1,1,D,Italy,Serie A,football-data.co.uk
league_12611d337eb4ca2f,2021-05-09,SERIE_A,2020-21,LEAGUE,,AS Roma,Crotone,5,0,H,Italy,Serie A,football-data.co.uk
league_37cedd9318e6bc6d,2021-05-09,SERIE_A,2020-21,LEAGUE,,Benevento,Cagliari,1,3,A,Italy,Serie A,football-data.co.uk
league_de677a4da9ad180b,2021-05-09,SERIE_A,2020-21,LEAGUE,,Genoa,Sassuolo,1,2,A,Italy,Serie A,football-data.co.uk
league_bc80317a478baabb,2021-05-09,SERIE_A,2020-21,LEAGUE,,Hellas Verona,Torino,1,1,D,Italy,Serie A,football-data.co.uk
league_3a5fee40a6f6bf07,2021-05-09,SERIE_A,2020-21,LEAGUE,,Juventus,AC Milan,0,3,A,Italy,Serie A,football-data.co.uk
league_f187f5a6175ed69b,2021-05-09,SERIE_A,2020-21,LEAGUE,,Parma,Atalanta,2,5,A,Italy,Serie A,football-data.co.uk
league_62934fe1b401468d,2021-05-11,SERIE_A,2020-21,LEAGUE,,Napoli,Udinese,5,1,H,Italy,Serie A,football-data.co.uk
league_59ab375301772a43,2021-05-12,SERIE_A,2020-21,LEAGUE,,Atalanta,Benevento,2,0,H,Italy,Serie A,football-data.co.uk
league_9d19f5678bb01f17,2021-05-12,SERIE_A,2020-21,LEAGUE,,Bologna,Genoa,0,2,A,Italy,Serie A,football-data.co.uk
league_e67466222ad0c658,2021-05-12,SERIE_A,2020-21,LEAGUE,,Cagliari,Fiorentina,0,0,D,Italy,Serie A,football-data.co.uk
league_20ad8f6c8500f53d,2021-05-12,SERIE_A,2020-21,LEAGUE,,Inter Milan,AS Roma,3,1,H,Italy,Serie A,football-data.co.uk
league_c7a873730d4606a1,2021-05-12,SERIE_A,2020-21,LEAGUE,,SS Lazio,Parma,1,0,H,Italy,Serie A,football-data.co.uk
league_594789755cb1f695,2021-05-12,SERIE_A,2020-21,LEAGUE,,Sampdoria,Spezia,2,2,D,Italy,Serie A,football-data.co.uk
league_607ed5ed600dd66e,2021-05-12,SERIE_A,2020-21,LEAGUE,,Sassuolo,Juventus,1,3,A,Italy,Serie A,football-data.co.uk
league_8bf9da1c6cce291d,2021-05-12,SERIE_A,2020-21,LEAGUE,,Torino,AC Milan,0,7,A,Italy,Serie A,football-data.co.uk
league_420dbf9ac90c92d6,2021-05-13,SERIE_A,2020-21,LEAGUE,,Crotone,Hellas Verona,2,1,H,Italy,Serie A,football-data.co.uk
league_d791a8e057d36f98,2021-05-15,SERIE_A,2020-21,LEAGUE,,AS Roma,SS Lazio,2,0,H,Italy,Serie A,football-data.co.uk
league_a33d52fb7abcba54,2021-05-15,SERIE_A,2020-21,LEAGUE,,Genoa,Atalanta,3,4,A,Italy,Serie A,football-data.co.uk
league_5b399cb90c33acaa,2021-05-15,SERIE_A,2020-21,LEAGUE,,Juventus,Inter Milan,3,2,H,Italy,Serie A,football-data.co.uk
league_ffaddf06d3af3843,2021-05-15,SERIE_A,2020-21,LEAGUE,,Spezia,Torino,4,1,H,Italy,Serie A,football-data.co.uk
league_fe8169cc60b1edb3,2021-05-16,SERIE_A,2020-21,LEAGUE,,AC Milan,Cagliari,0,0,D,Italy,Serie A,football-data.co.uk
league_a1b94e3f6250faf5,2021-05-16,SERIE_A,2020-21,LEAGUE,,Benevento,Crotone,1,1,D,Italy,Serie A,football-data.co.uk
league_95dc25bff9cb942b,2021-05-16,SERIE_A,2020-21,LEAGUE,,Fiorentina,Napoli,0,2,A,Italy,Serie A,football-data.co.uk
league_74d630af8fd7efd9,2021-05-16,SERIE_A,2020-21,LEAGUE,,Parma,Sassuolo,1,3,A,Italy,Serie A,football-data.co.uk
league_bff59093ed7019ac,2021-05-16,SERIE_A,2020-21,LEAGUE,,Udinese,Sampdoria,0,1,A,Italy,Serie A,football-data.co.uk
league_877c33ee4b366d88,2021-05-17,SERIE_A,2020-21,LEAGUE,,Hellas Verona,Bologna,2,2,D,Italy,Serie A,football-data.co.uk
league_d1548ccfcf5431d3,2021-05-18,SERIE_A,2020-21,LEAGUE,,SS Lazio,Torino,0,0,D,Italy,Serie A,football-data.co.uk
league_082f467858b8ca59,2021-05-22,SERIE_A,2020-21,LEAGUE,,Cagliari,Genoa,0,1,A,Italy,Serie A,football-data.co.uk
league_0e9fa14602f461ab,2021-05-22,SERIE_A,2020-21,LEAGUE,,Crotone,Fiorentina,0,0,D,Italy,Serie A,football-data.co.uk
league_987f636a0d41e8b9,2021-05-22,SERIE_A,2020-21,LEAGUE,,Sampdoria,Parma,3,0,H,Italy,Serie A,football-data.co.uk
league_a4d0513003e54b25,2021-05-23,SERIE_A,2020-21,LEAGUE,,Atalanta,AC Milan,0,2,A,Italy,Serie A,football-data.co.uk
league_a7f93a75feb2ae27,2021-05-23,SERIE_A,2020-21,LEAGUE,,Bologna,Juventus,1,4,A,Italy,Serie A,football-data.co.uk
league_47145f276a9c1253,2021-05-23,SERIE_A,2020-21,LEAGUE,,Inter Milan,Udinese,5,1,H,Italy,Serie A,football-data.co.uk
league_e0212df7c9d881fe,2021-05-23,SERIE_A,2020-21,LEAGUE,,Napoli,Hellas Verona,1,1,D,Italy,Serie A,football-data.co.uk
league_a16846a13d0c4d74,2021-05-23,SERIE_A,2020-21,LEAGUE,,Sassuolo,SS Lazio,2,0,H,Italy,Serie A,football-data.co.uk
league_293ff1d534a62a59,2021-05-23,SERIE_A,2020-21,LEAGUE,,Spezia,AS Roma,2,2,D,Italy,Serie A,football-data.co.uk
league_063b69347c57ffae,2021-05-23,SERIE_A,2020-21,LEAGUE,,Torino,Benevento,1,1,D,Italy,Serie A,football-data.co.uk
league_cc052e81fcfb16a3,2021-08-21,SERIE_A,2021-22,LEAGUE,,Empoli,SS Lazio,1,3,A,Italy,Serie A,football-data.co.uk
league_ffba1ca096c20f5b,2021-08-21,SERIE_A,2021-22,LEAGUE,,Hellas Verona,Sassuolo,2,3,A,Italy,Serie A,football-data.co.uk
league_65017bd4c4f7c11d,2021-08-21,SERIE_A,2021-22,LEAGUE,,Inter Milan,Genoa,4,0,H,Italy,Serie A,football-data.co.uk
league_7563b2f55655eb80,2021-08-21,SERIE_A,2021-22,LEAGUE,,Torino,Atalanta,1,2,A,Italy,Serie A,football-data.co.uk
league_08f321f4b0c2468f,2021-08-22,SERIE_A,2021-22,LEAGUE,,AS Roma,Fiorentina,3,1,H,Italy,Serie A,football-data.co.uk
league_c94e3963edc97601,2021-08-22,SERIE_A,2021-22,LEAGUE,,Bologna,Salernitana,3,2,H,Italy,Serie A,football-data.co.uk
league_eb8dafa474e2468a,2021-08-22,SERIE_A,2021-22,LEAGUE,,Napoli,Venezia,2,0,H,Italy,Serie A,football-data.co.uk
league_de795334d37b0821,2021-08-22,SERIE_A,2021-22,LEAGUE,,Udinese,Juventus,2,2,D,Italy,Serie A,football-data.co.uk
league_faa6ef25b7347e51,2021-08-23,SERIE_A,2021-22,LEAGUE,,Cagliari,Spezia,2,2,D,Italy,Serie A,football-data.co.uk
league_df02ecfa7768c9fc,2021-08-23,SERIE_A,2021-22,LEAGUE,,Sampdoria,AC Milan,0,1,A,Italy,Serie A,football-data.co.uk
league_fedb59708b7b5b6a,2021-08-27,SERIE_A,2021-22,LEAGUE,,Hellas Verona,Inter Milan,1,3,A,Italy,Serie A,football-data.co.uk
league_6389eff7bcc6fdae,2021-08-27,SERIE_A,2021-22,LEAGUE,,Udinese,Venezia,3,0,H,Italy,Serie A,football-data.co.uk
league_fd2538ed6d428e4e,2021-08-28,SERIE_A,2021-22,LEAGUE,,Atalanta,Bologna,0,0,D,Italy,Serie A,football-data.co.uk
league_175d210c40aa2e25,2021-08-28,SERIE_A,2021-22,LEAGUE,,Fiorentina,Torino,2,1,H,Italy,Serie A,football-data.co.uk
league_842aa7aab0e07625,2021-08-28,SERIE_A,2021-22,LEAGUE,,Juventus,Empoli,0,1,A,Italy,Serie A,football-data.co.uk
league_9bea94f81ee14187,2021-08-28,SERIE_A,2021-22,LEAGUE,,SS Lazio,Spezia,6,1,H,Italy,Serie A,football-data.co.uk
league_3bd0c073b8a93b8f,2021-08-29,SERIE_A,2021-22,LEAGUE,,AC Milan,Cagliari,4,1,H,Italy,Serie A,football-data.co.uk
league_64f4be871b905f3a,2021-08-29,SERIE_A,2021-22,LEAGUE,,Genoa,Napoli,1,2,A,Italy,Serie A,football-data.co.uk
league_e39a7759a7bc0d6e,2021-08-29,SERIE_A,2021-22,LEAGUE,,Salernitana,AS Roma,0,4,A,Italy,Serie A,football-data.co.uk
league_11134755ef482925,2021-08-29,SERIE_A,2021-22,LEAGUE,,Sassuolo,Sampdoria,0,0,D,Italy,Serie A,football-data.co.uk
league_abb9a4f7e9babe19,2021-09-11,SERIE_A,2021-22,LEAGUE,,Atalanta,Fiorentina,1,2,A,Italy,Serie A,football-data.co.uk
league_c344c85b05de19f2,2021-09-11,SERIE_A,2021-22,LEAGUE,,Empoli,Venezia,1,2,A,Italy,Serie A,football-data.co.uk
league_6bb920466a354079,2021-09-11,SERIE_A,2021-22,LEAGUE,,Napoli,Juventus,2,1,H,Italy,Serie A,football-data.co.uk
league_9b2f46bed01ad6cd,2021-09-12,SERIE_A,2021-22,LEAGUE,,AC Milan,SS Lazio,2,0,H,Italy,Serie A,football-data.co.uk
league_a26ea88b8b47e254,2021-09-12,SERIE_A,2021-22,LEAGUE,,AS Roma,Sassuolo,2,1,H,Italy,Serie A,football-data.co.uk
league_662e95641adcff80,2021-09-12,SERIE_A,2021-22,LEAGUE,,Cagliari,Genoa,2,3,A,Italy,Serie A,football-data.co.uk
league_cc4f1ed0c423f863,2021-09-12,SERIE_A,2021-22,LEAGUE,,Sampdoria,Inter Milan,2,2,D,Italy,Serie A,football-data.co.uk
league_639f66ac0a0ad47e,2021-09-12,SERIE_A,2021-22,LEAGUE,,Spezia,Udinese,0,1,A,Italy,Serie A,football-data.co.uk
league_0484cd1721bcc538,2021-09-12,SERIE_A,2021-22,LEAGUE,,Torino,Salernitana,4,0,H,Italy,Serie A,football-data.co.uk
league_1fedbec22bf1aef8,2021-09-13,SERIE_A,2021-22,LEAGUE,,Bologna,Hellas Verona,1,0,H,Italy,Serie A,football-data.co.uk
league_b1adafff42b4eef4,2021-09-17,SERIE_A,2021-22,LEAGUE,,Sassuolo,Torino,0,1,A,Italy,Serie A,football-data.co.uk
league_75204e64840726b3,2021-09-18,SERIE_A,2021-22,LEAGUE,,Genoa,Fiorentina,1,2,A,Italy,Serie A,football-data.co.uk
league_f691b3a095538917,2021-09-18,SERIE_A,2021-22,LEAGUE,,Inter Milan,Bologna,6,1,H,Italy,Serie A,football-data.co.uk
league_20ddaeb3548a7447,2021-09-18,SERIE_A,2021-22,LEAGUE,,Salernitana,Atalanta,0,1,A,Italy,Serie A,football-data.co.uk
league_c94eea8678ba6a5f,2021-09-19,SERIE_A,2021-22,LEAGUE,,Empoli,Sampdoria,0,3,A,Italy,Serie A,football-data.co.uk
league_62a1e48e56ca49b5,2021-09-19,SERIE_A,2021-22,LEAGUE,,Hellas Verona,AS Roma,3,2,H,Italy,Serie A,football-data.co.uk
league_bb0afd8e86d06a02,2021-09-19,SERIE_A,2021-22,LEAGUE,,Juventus,AC Milan,1,1,D,Italy,Serie A,football-data.co.uk
league_349525aaf1cf7f2c,2021-09-19,SERIE_A,2021-22,LEAGUE,,SS Lazio,Cagliari,2,2,D,Italy,Serie A,football-data.co.uk
league_d78cc2d7140df50d,2021-09-19,SERIE_A,2021-22,LEAGUE,,Venezia,Spezia,1,2,A,Italy,Serie A,football-data.co.uk
league_853fffa8408d62f0,2021-09-20,SERIE_A,2021-22,LEAGUE,,Udinese,Napoli,0,4,A,Italy,Serie A,football-data.co.uk
league_661581acd7801604,2021-09-21,SERIE_A,2021-22,LEAGUE,,Atalanta,Sassuolo,2,1,H,Italy,Serie A,football-data.co.uk
league_30b69f93ca139def,2021-09-21,SERIE_A,2021-22,LEAGUE,,Bologna,Genoa,2,2,D,Italy,Serie A,football-data.co.uk
league_01d44fa1ddaee195,2021-09-21,SERIE_A,2021-22,LEAGUE,,Fiorentina,Inter Milan,1,3,A,Italy,Serie A,football-data.co.uk
league_d392878a0036199f,2021-09-22,SERIE_A,2021-22,LEAGUE,,AC Milan,Venezia,2,0,H,Italy,Serie A,football-data.co.uk
league_18674a525cc11ee5,2021-09-22,SERIE_A,2021-22,LEAGUE,,Cagliari,Empoli,0,2,A,Italy,Serie A,football-data.co.uk
league_5cde6c453d7c1ce5,2021-09-22,SERIE_A,2021-22,LEAGUE,,Salernitana,Hellas Verona,2,2,D,Italy,Serie A,football-data.co.uk
league_56a67f0640dbd1f2,2021-09-22,SERIE_A,2021-22,LEAGUE,,Spezia,Juventus,2,3,A,Italy,Serie A,football-data.co.uk
league_01adaa27ef90b580,2021-09-23,SERIE_A,2021-22,LEAGUE,,AS Roma,Udinese,1,0,H,Italy,Serie A,football-data.co.uk
league_3395dba6fa65ef13,2021-09-23,SERIE_A,2021-22,LEAGUE,,Sampdoria,Napoli,0,4,A,Italy,Serie A,football-data.co.uk
league_0f359cad01f2b0e3,2021-09-23,SERIE_A,2021-22,LEAGUE,,Torino,SS Lazio,1,1,D,Italy,Serie A,football-data.co.uk
league_4a2525dbc584069e,2021-09-25,SERIE_A,2021-22,LEAGUE,,Genoa,Hellas Verona,3,3,D,Italy,Serie A,football-data.co.uk
league_82f686c3c886fb91,2021-09-25,SERIE_A,2021-22,LEAGUE,,Inter Milan,Atalanta,2,2,D,Italy,Serie A,football-data.co.uk
league_9655c73a88edbe94,2021-09-25,SERIE_A,2021-22,LEAGUE,,Spezia,AC Milan,1,2,A,Italy,Serie A,football-data.co.uk
league_289e0cd15daeeb26,2021-09-26,SERIE_A,2021-22,LEAGUE,,Empoli,Bologna,4,2,H,Italy,Serie A,football-data.co.uk
league_8ece9922883d2aa1,2021-09-26,SERIE_A,2021-22,LEAGUE,,Juventus,Sampdoria,3,2,H,Italy,Serie A,football-data.co.uk
league_3e45f041177ceb6f,2021-09-26,SERIE_A,2021-22,LEAGUE,,Napoli,Cagliari,2,0,H,Italy,Serie A,football-data.co.uk
league_96483456705baec0,2021-09-26,SERIE_A,2021-22,LEAGUE,,SS Lazio,AS Roma,3,2,H,Italy,Serie A,football-data.co.uk
league_a9ee9c05a511af3d,2021-09-26,SERIE_A,2021-22,LEAGUE,,Sassuolo,Salernitana,1,0,H,Italy,Serie A,football-data.co.uk
league_0ed203eaa36ba184,2021-09-26,SERIE_A,2021-22,LEAGUE,,Udinese,Fiorentina,0,1,A,Italy,Serie A,football-data.co.uk
league_d38ac1e810cdc967,2021-09-27,SERIE_A,2021-22,LEAGUE,,Venezia,Torino,1,1,D,Italy,Serie A,football-data.co.uk
league_c29929aa34c8165b,2021-10-01,SERIE_A,2021-22,LEAGUE,,Cagliari,Venezia,1,1,D,Italy,Serie A,football-data.co.uk
league_3f6b645cd48f8d3c,2021-10-02,SERIE_A,2021-22,LEAGUE,,Salernitana,Genoa,1,0,H,Italy,Serie A,football-data.co.uk
league_70d03aa6deccb3b8,2021-10-02,SERIE_A,2021-22,LEAGUE,,Sassuolo,Inter Milan,1,2,A,Italy,Serie A,football-data.co.uk
league_604b342da02a6497,2021-10-02,SERIE_A,2021-22,LEAGUE,,Torino,Juventus,0,1,A,Italy,Serie A,football-data.co.uk
league_acaffd40d8ddd53d,2021-10-03,SERIE_A,2021-22,LEAGUE,,AS Roma,Empoli,2,0,H,Italy,Serie A,football-data.co.uk
league_79dbe94bd95a333d,2021-10-03,SERIE_A,2021-22,LEAGUE,,Atalanta,AC Milan,2,3,A,Italy,Serie A,football-data.co.uk
league_9b54f8f4d3421700,2021-10-03,SERIE_A,2021-22,LEAGUE,,Bologna,SS Lazio,3,0,H,Italy,Serie A,football-data.co.uk
league_161d6f46fde37636,2021-10-03,SERIE_A,2021-22,LEAGUE,,Fiorentina,Napoli,1,2,A,Italy,Serie A,football-data.co.uk
league_bcccc35e0380386c,2021-10-03,SERIE_A,2021-22,LEAGUE,,Hellas Verona,Spezia,4,0,H,Italy,Serie A,football-data.co.uk
league_9c97106f976ecf34,2021-10-03,SERIE_A,2021-22,LEAGUE,,Sampdoria,Udinese,3,3,D,Italy,Serie A,football-data.co.uk
league_d949edef34087b1a,2021-10-16,SERIE_A,2021-22,LEAGUE,,AC Milan,Hellas Verona,3,2,H,Italy,Serie A,football-data.co.uk
league_7891666580223a26,2021-10-16,SERIE_A,2021-22,LEAGUE,,SS Lazio,Inter Milan,3,1,H,Italy,Serie A,football-data.co.uk
league_f1653ba5404ef3cb,2021-10-16,SERIE_A,2021-22,LEAGUE,,Spezia,Salernitana,2,1,H,Italy,Serie A,football-data.co.uk
league_96cf2feeac27418d,2021-10-17,SERIE_A,2021-22,LEAGUE,,Cagliari,Sampdoria,3,1,H,Italy,Serie A,football-data.co.uk
league_dcb5330f3b5cd857,2021-10-17,SERIE_A,2021-22,LEAGUE,,Empoli,Atalanta,1,4,A,Italy,Serie A,football-data.co.uk
league_81980d2619c75db8,2021-10-17,SERIE_A,2021-22,LEAGUE,,Genoa,Sassuolo,2,2,D,Italy,Serie A,football-data.co.uk
league_0587dcd2f9eb9949,2021-10-17,SERIE_A,2021-22,LEAGUE,,Juventus,AS Roma,1,0,H,Italy,Serie A,football-data.co.uk
league_95aeb884a017582e,2021-10-17,SERIE_A,2021-22,LEAGUE,,Napoli,Torino,1,0,H,Italy,Serie A,football-data.co.uk
league_cbff58fb593668e4,2021-10-17,SERIE_A,2021-22,LEAGUE,,Udinese,Bologna,1,1,D,Italy,Serie A,football-data.co.uk
league_e6d41a5a3b437f90,2021-10-18,SERIE_A,2021-22,LEAGUE,,Venezia,Fiorentina,1,0,H,Italy,Serie A,football-data.co.uk
league_3c8313eecddbc14c,2021-10-22,SERIE_A,2021-22,LEAGUE,,Sampdoria,Spezia,2,1,H,Italy,Serie A,football-data.co.uk
league_e3236e12ea456b2b,2021-10-22,SERIE_A,2021-22,LEAGUE,,Torino,Genoa,3,2,H,Italy,Serie A,football-data.co.uk
league_1cf00aace464f7be,2021-10-23,SERIE_A,2021-22,LEAGUE,,Bologna,AC Milan,2,4,A,Italy,Serie A,football-data.co.uk
league_f28732d4442bbaee,2021-10-23,SERIE_A,2021-22,LEAGUE,,Salernitana,Empoli,2,4,A,Italy,Serie A,football-data.co.uk
league_c98cbdabfc80d5a6,2021-10-23,SERIE_A,2021-22,LEAGUE,,Sassuolo,Venezia,3,1,H,Italy,Serie A,football-data.co.uk
league_aefd7816efe2a74e,2021-10-24,SERIE_A,2021-22,LEAGUE,,AS Roma,Napoli,0,0,D,Italy,Serie A,football-data.co.uk
league_c5f06f3994b48f89,2021-10-24,SERIE_A,2021-22,LEAGUE,,Atalanta,Udinese,1,1,D,Italy,Serie A,football-data.co.uk
league_9391919cc6484135,2021-10-24,SERIE_A,2021-22,LEAGUE,,Fiorentina,Cagliari,3,0,H,Italy,Serie A,football-data.co.uk
league_17c3a3baebae7ff9,2021-10-24,SERIE_A,2021-22,LEAGUE,,Hellas Verona,SS Lazio,4,1,H,Italy,Serie A,football-data.co.uk
league_7f618df4287992fc,2021-10-24,SERIE_A,2021-22,LEAGUE,,Inter Milan,Juventus,1,1,D,Italy,Serie A,football-data.co.uk
league_ebb15fa9df028d4f,2021-10-26,SERIE_A,2021-22,LEAGUE,,AC Milan,Torino,1,0,H,Italy,Serie A,football-data.co.uk
league_fbaecfb54092cf86,2021-10-26,SERIE_A,2021-22,LEAGUE,,Spezia,Genoa,1,1,D,Italy,Serie A,football-data.co.uk
league_918e7fbd61db8a41,2021-10-26,SERIE_A,2021-22,LEAGUE,,Venezia,Salernitana,1,2,A,Italy,Serie A,football-data.co.uk
league_34f6067582d5a904,2021-10-27,SERIE_A,2021-22,LEAGUE,,Cagliari,AS Roma,1,2,A,Italy,Serie A,football-data.co.uk
league_497c902a6e24c2c0,2021-10-27,SERIE_A,2021-22,LEAGUE,,Empoli,Inter Milan,0,2,A,Italy,Serie A,football-data.co.uk
league_c9d8e95570ad1e1e,2021-10-27,SERIE_A,2021-22,LEAGUE,,Juventus,Sassuolo,1,2,A,Italy,Serie A,football-data.co.uk
league_df12eb40a11d9e1e,2021-10-27,SERIE_A,2021-22,LEAGUE,,SS Lazio,Fiorentina,1,0,H,Italy,Serie A,football-data.co.uk
league_29c24ba7d8e35ea4,2021-10-27,SERIE_A,2021-22,LEAGUE,,Sampdoria,Atalanta,1,3,A,Italy,Serie A,football-data.co.uk
league_4ebdf13052ef05d4,2021-10-27,SERIE_A,2021-22,LEAGUE,,Udinese,Hellas Verona,1,1,D,Italy,Serie A,football-data.co.uk
league_0159beebec3d0ef9,2021-10-28,SERIE_A,2021-22,LEAGUE,,Napoli,Bologna,3,0,H,Italy,Serie A,football-data.co.uk
league_638eb06cf79a2387,2021-10-30,SERIE_A,2021-22,LEAGUE,,Atalanta,SS Lazio,2,2,D,Italy,Serie A,football-data.co.uk
league_4bf7a7d399fbc8dc,2021-10-30,SERIE_A,2021-22,LEAGUE,,Hellas Verona,Juventus,2,1,H,Italy,Serie A,football-data.co.uk
league_eaf127af650c2e67,2021-10-30,SERIE_A,2021-22,LEAGUE,,Torino,Sampdoria,3,0,H,Italy,Serie A,football-data.co.uk
league_073bc7b5701686af,2021-10-31,SERIE_A,2021-22,LEAGUE,,AS Roma,AC Milan,1,2,A,Italy,Serie A,football-data.co.uk
league_98f23185166933cf,2021-10-31,SERIE_A,2021-22,LEAGUE,,Fiorentina,Spezia,3,0,H,Italy,Serie A,football-data.co.uk
league_696dd424108b1dde,2021-10-31,SERIE_A,2021-22,LEAGUE,,Genoa,Venezia,0,0,D,Italy,Serie A,football-data.co.uk
league_984e8899be56cc23,2021-10-31,SERIE_A,2021-22,LEAGUE,,Inter Milan,Udinese,2,0,H,Italy,Serie A,football-data.co.uk
league_b73687c41b07a642,2021-10-31,SERIE_A,2021-22,LEAGUE,,Salernitana,Napoli,0,1,A,Italy,Serie A,football-data.co.uk
league_9b49904b457333c0,2021-10-31,SERIE_A,2021-22,LEAGUE,,Sassuolo,Empoli,1,2,A,Italy,Serie A,football-data.co.uk
league_5068a3b2db52f192,2021-11-01,SERIE_A,2021-22,LEAGUE,,Bologna,Cagliari,2,0,H,Italy,Serie A,football-data.co.uk
league_f8cc7921e843f9a8,2021-11-05,SERIE_A,2021-22,LEAGUE,,Empoli,Genoa,2,2,D,Italy,Serie A,football-data.co.uk
league_7e5cb440154de502,2021-11-06,SERIE_A,2021-22,LEAGUE,,Cagliari,Atalanta,1,2,A,Italy,Serie A,football-data.co.uk
league_a6b74174acee6f76,2021-11-06,SERIE_A,2021-22,LEAGUE,,Juventus,Fiorentina,1,0,H,Italy,Serie A,football-data.co.uk
league_3a81bedfe36311c7,2021-11-06,SERIE_A,2021-22,LEAGUE,,Spezia,Torino,1,0,H,Italy,Serie A,football-data.co.uk
league_d5dbb4c8fa1a5ee9,2021-11-07,SERIE_A,2021-22,LEAGUE,,AC Milan,Inter Milan,1,1,D,Italy,Serie A,football-data.co.uk
league_43621bcc568ba038,2021-11-07,SERIE_A,2021-22,LEAGUE,,Napoli,Hellas Verona,1,1,D,Italy,Serie A,football-data.co.uk
league_c6b7cbf39f3ddd87,2021-11-07,SERIE_A,2021-22,LEAGUE,,SS Lazio,Salernitana,3,0,H,Italy,Serie A,football-data.co.uk
league_1e237ef6c18825ce,2021-11-07,SERIE_A,2021-22,LEAGUE,,Sampdoria,Bologna,1,2,A,Italy,Serie A,football-data.co.uk
league_46f48f695d96788f,2021-11-07,SERIE_A,2021-22,LEAGUE,,Udinese,Sassuolo,3,2,H,Italy,Serie A,football-data.co.uk
league_6327dcbd30858ae3,2021-11-07,SERIE_A,2021-22,LEAGUE,,Venezia,AS Roma,3,2,H,Italy,Serie A,football-data.co.uk
league_a9b601caa473aaa1,2021-11-20,SERIE_A,2021-22,LEAGUE,,Atalanta,Spezia,5,2,H,Italy,Serie A,football-data.co.uk
league_a0f0610a5f652037,2021-11-20,SERIE_A,2021-22,LEAGUE,,Fiorentina,AC Milan,4,3,H,Italy,Serie A,football-data.co.uk
league_4f047f098e905c7e,2021-11-20,SERIE_A,2021-22,LEAGUE,,SS Lazio,Juventus,0,2,A,Italy,Serie A,football-data.co.uk
league_2cd2a63544948c37,2021-11-21,SERIE_A,2021-22,LEAGUE,,Bologna,Venezia,0,1,A,Italy,Serie A,football-data.co.uk
league_74022bf673fd6285,2021-11-21,SERIE_A,2021-22,LEAGUE,,Genoa,AS Roma,0,2,A,Italy,Serie A,football-data.co.uk
league_7ba6bb2be6a61e40,2021-11-21,SERIE_A,2021-22,LEAGUE,,Inter Milan,Napoli,3,2,H,Italy,Serie A,football-data.co.uk
league_cf0ec2f4b497d401,2021-11-21,SERIE_A,2021-22,LEAGUE,,Salernitana,Sampdoria,0,2,A,Italy,Serie A,football-data.co.uk
league_4589038e1b7893f2,2021-11-21,SERIE_A,2021-22,LEAGUE,,Sassuolo,Cagliari,2,2,D,Italy,Serie A,football-data.co.uk
league_878112b4ab4abc20,2021-11-22,SERIE_A,2021-22,LEAGUE,,Hellas Verona,Empoli,2,1,H,Italy,Serie A,football-data.co.uk
league_9296509251aeb036,2021-11-22,SERIE_A,2021-22,LEAGUE,,Torino,Udinese,2,1,H,Italy,Serie A,football-data.co.uk
league_b659a417d0a9b57e,2021-11-26,SERIE_A,2021-22,LEAGUE,,Cagliari,Salernitana,1,1,D,Italy,Serie A,football-data.co.uk
league_d7abb6ad2857d072,2021-11-27,SERIE_A,2021-22,LEAGUE,,Empoli,Fiorentina,2,1,H,Italy,Serie A,football-data.co.uk
league_ba7754eee89aefce,2021-11-27,SERIE_A,2021-22,LEAGUE,,Juventus,Atalanta,0,1,A,Italy,Serie A,football-data.co.uk
league_c018be10b9c26695,2021-11-27,SERIE_A,2021-22,LEAGUE,,Sampdoria,Hellas Verona,3,1,H,Italy,Serie A,football-data.co.uk
league_9594fb1af063c2cf,2021-11-27,SERIE_A,2021-22,LEAGUE,,Venezia,Inter Milan,0,2,A,Italy,Serie A,football-data.co.uk
league_91ff6078806e4fa6,2021-11-28,SERIE_A,2021-22,LEAGUE,,AC Milan,Sassuolo,1,3,A,Italy,Serie A,football-data.co.uk
league_4866b66b914b159b,2021-11-28,SERIE_A,2021-22,LEAGUE,,AS Roma,Torino,1,0,H,Italy,Serie A,football-data.co.uk
league_c70f9c795cc628b9,2021-11-28,SERIE_A,2021-22,LEAGUE,,Napoli,SS Lazio,4,0,H,Italy,Serie A,football-data.co.uk
league_a08a2892404caf53,2021-11-28,SERIE_A,2021-22,LEAGUE,,Spezia,Bologna,0,1,A,Italy,Serie A,football-data.co.uk
league_ea04b5fcf155f842,2021-11-28,SERIE_A,2021-22,LEAGUE,,Udinese,Genoa,0,0,D,Italy,Serie A,football-data.co.uk
league_370b5a120036bf5e,2021-11-30,SERIE_A,2021-22,LEAGUE,,Atalanta,Venezia,4,0,H,Italy,Serie A,football-data.co.uk
league_2a7f5937c079b3ab,2021-11-30,SERIE_A,2021-22,LEAGUE,,Fiorentina,Sampdoria,3,1,H,Italy,Serie A,football-data.co.uk
league_6cb658a95128b10e,2021-11-30,SERIE_A,2021-22,LEAGUE,,Hellas Verona,Cagliari,0,0,D,Italy,Serie A,football-data.co.uk
league_466f3ca722e3b8a8,2021-11-30,SERIE_A,2021-22,LEAGUE,,Salernitana,Juventus,0,2,A,Italy,Serie A,football-data.co.uk
league_1d26486c708a3050,2021-12-01,SERIE_A,2021-22,LEAGUE,,Bologna,AS Roma,1,0,H,Italy,Serie A,football-data.co.uk
league_5049c1306c24e560,2021-12-01,SERIE_A,2021-22,LEAGUE,,Genoa,AC Milan,0,3,A,Italy,Serie A,football-data.co.uk
league_05c26b47fb839ca2,2021-12-01,SERIE_A,2021-22,LEAGUE,,Inter Milan,Spezia,2,0,H,Italy,Serie A,football-data.co.uk
league_e369b039a64ac756,2021-12-01,SERIE_A,2021-22,LEAGUE,,Sassuolo,Napoli,2,2,D,Italy,Serie A,football-data.co.uk
league_2eb9cee46f0091ee,2021-12-02,SERIE_A,2021-22,LEAGUE,,SS Lazio,Udinese,4,4,D,Italy,Serie A,football-data.co.uk
league_1a1119bd9197781c,2021-12-02,SERIE_A,2021-22,LEAGUE,,Torino,Empoli,2,2,D,Italy,Serie A,football-data.co.uk
league_c7425d800bbc78b8,2021-12-04,SERIE_A,2021-22,LEAGUE,,AC Milan,Salernitana,2,0,H,Italy,Serie A,football-data.co.uk
league_f0634faeba9a4153,2021-12-04,SERIE_A,2021-22,LEAGUE,,AS Roma,Inter Milan,0,3,A,Italy,Serie A,football-data.co.uk
league_8a01ca26c07f49f7,2021-12-04,SERIE_A,2021-22,LEAGUE,,Napoli,Atalanta,2,3,A,Italy,Serie A,football-data.co.uk
league_6efd1e7256407ad7,2021-12-05,SERIE_A,2021-22,LEAGUE,,Bologna,Fiorentina,2,3,A,Italy,Serie A,football-data.co.uk
league_cdb7fcae58dd2c03,2021-12-05,SERIE_A,2021-22,LEAGUE,,Juventus,Genoa,2,0,H,Italy,Serie A,football-data.co.uk
league_6da8140535a6a70c,2021-12-05,SERIE_A,2021-22,LEAGUE,,Sampdoria,SS Lazio,1,3,A,Italy,Serie A,football-data.co.uk
league_2acea021a5cc15a6,2021-12-05,SERIE_A,2021-22,LEAGUE,,Spezia,Sassuolo,2,2,D,Italy,Serie A,football-data.co.uk
league_23a4aa71d988f041,2021-12-05,SERIE_A,2021-22,LEAGUE,,Venezia,Hellas Verona,3,4,A,Italy,Serie A,football-data.co.uk
league_4af0405d706c7a83,2021-12-06,SERIE_A,2021-22,LEAGUE,,Cagliari,Torino,1,1,D,Italy,Serie A,football-data.co.uk
league_67dcb0f9f9c5065d,2021-12-06,SERIE_A,2021-22,LEAGUE,,Empoli,Udinese,3,1,H,Italy,Serie A,football-data.co.uk
league_ead14ef5c7f1db37,2021-12-10,SERIE_A,2021-22,LEAGUE,,Genoa,Sampdoria,1,3,A,Italy,Serie A,football-data.co.uk
league_8b43d3a0084e5368,2021-12-11,SERIE_A,2021-22,LEAGUE,,Fiorentina,Salernitana,4,0,H,Italy,Serie A,football-data.co.uk
league_8a084709b17c3f5e,2021-12-11,SERIE_A,2021-22,LEAGUE,,Udinese,AC Milan,1,1,D,Italy,Serie A,football-data.co.uk
league_446451f0d60a90fa,2021-12-11,SERIE_A,2021-22,LEAGUE,,Venezia,Juventus,1,1,D,Italy,Serie A,football-data.co.uk
league_79aed9d2c4546e01,2021-12-12,SERIE_A,2021-22,LEAGUE,,Hellas Verona,Atalanta,1,2,A,Italy,Serie A,football-data.co.uk
league_cd3ee80c6bf6bf23,2021-12-12,SERIE_A,2021-22,LEAGUE,,Inter Milan,Cagliari,4,0,H,Italy,Serie A,football-data.co.uk
league_17b0c3d339e6e85b,2021-12-12,SERIE_A,2021-22,LEAGUE,,Napoli,Empoli,0,1,A,Italy,Serie A,football-data.co.uk
league_ce9ba1582161cfa9,2021-12-12,SERIE_A,2021-22,LEAGUE,,Sassuolo,SS Lazio,2,1,H,Italy,Serie A,football-data.co.uk
league_5ac9231855cbe715,2021-12-12,SERIE_A,2021-22,LEAGUE,,Torino,Bologna,2,1,H,Italy,Serie A,football-data.co.uk
league_2e19716daae75334,2021-12-13,SERIE_A,2021-22,LEAGUE,,AS Roma,Spezia,2,0,H,Italy,Serie A,football-data.co.uk
league_abd69279e03a68a0,2021-12-17,SERIE_A,2021-22,LEAGUE,,SS Lazio,Genoa,3,1,H,Italy,Serie A,football-data.co.uk
league_59f194c3975204ee,2021-12-17,SERIE_A,2021-22,LEAGUE,,Salernitana,Inter Milan,0,5,A,Italy,Serie A,football-data.co.uk
league_08a5e8fd02a4ec54,2021-12-18,SERIE_A,2021-22,LEAGUE,,Atalanta,AS Roma,1,4,A,Italy,Serie A,football-data.co.uk
league_9cda1bddda664f1f,2021-12-18,SERIE_A,2021-22,LEAGUE,,Bologna,Juventus,0,2,A,Italy,Serie A,football-data.co.uk
league_efb202cd6887301a,2021-12-18,SERIE_A,2021-22,LEAGUE,,Cagliari,Udinese,0,4,A,Italy,Serie A,football-data.co.uk
league_90f78764e4236ba5,2021-12-19,SERIE_A,2021-22,LEAGUE,,AC Milan,Napoli,0,1,A,Italy,Serie A,football-data.co.uk
league_00d553f90cf4bac2,2021-12-19,SERIE_A,2021-22,LEAGUE,,Fiorentina,Sassuolo,2,2,D,Italy,Serie A,football-data.co.uk
league_df627a8bc3558657,2021-12-19,SERIE_A,2021-22,LEAGUE,,Sampdoria,Venezia,1,1,D,Italy,Serie A,football-data.co.uk
league_d48eeadb90c03b99,2021-12-19,SERIE_A,2021-22,LEAGUE,,Spezia,Empoli,1,1,D,Italy,Serie A,football-data.co.uk
league_1617fcb406c54a82,2021-12-19,SERIE_A,2021-22,LEAGUE,,Torino,Hellas Verona,1,0,H,Italy,Serie A,football-data.co.uk
league_0ad270c039f8593f,2021-12-21,SERIE_A,2021-22,LEAGUE,,Genoa,Atalanta,0,0,D,Italy,Serie A,football-data.co.uk
league_99cf0e048b4840de,2021-12-21,SERIE_A,2021-22,LEAGUE,,Juventus,Cagliari,2,0,H,Italy,Serie A,football-data.co.uk
league_18e894838c233bba,2021-12-22,SERIE_A,2021-22,LEAGUE,,AS Roma,Sampdoria,1,1,D,Italy,Serie A,football-data.co.uk
league_a4945be143cf2332,2021-12-22,SERIE_A,2021-22,LEAGUE,,Empoli,AC Milan,2,4,A,Italy,Serie A,football-data.co.uk
league_7b0cdbd7947df8c9,2021-12-22,SERIE_A,2021-22,LEAGUE,,Hellas Verona,Fiorentina,1,1,D,Italy,Serie A,football-data.co.uk
league_5c3fd9e86c571c26,2021-12-22,SERIE_A,2021-22,LEAGUE,,Inter Milan,Torino,1,0,H,Italy,Serie A,football-data.co.uk
league_5799cfca6afdedb8,2021-12-22,SERIE_A,2021-22,LEAGUE,,Napoli,Spezia,0,1,A,Italy,Serie A,football-data.co.uk
league_007b759f4e5cb581,2021-12-22,SERIE_A,2021-22,LEAGUE,,Sassuolo,Bologna,0,3,A,Italy,Serie A,football-data.co.uk
league_1115719677485575,2021-12-22,SERIE_A,2021-22,LEAGUE,,Venezia,SS Lazio,1,3,A,Italy,Serie A,football-data.co.uk
league_19f14456aa8b77e3,2022-01-06,SERIE_A,2021-22,LEAGUE,,AC Milan,AS Roma,3,1,H,Italy,Serie A,football-data.co.uk
league_e98dffdb63ab49b5,2022-01-06,SERIE_A,2021-22,LEAGUE,,Juventus,Napoli,1,1,D,Italy,Serie A,football-data.co.uk
league_d6c63e9f1476cd76,2022-01-06,SERIE_A,2021-22,LEAGUE,,SS Lazio,Empoli,3,3,D,Italy,Serie A,football-data.co.uk
league_0a8fd23e8cf47e7b,2022-01-06,SERIE_A,2021-22,LEAGUE,,Sampdoria,Cagliari,1,2,A,Italy,Serie A,football-data.co.uk
league_985c368f6e875de0,2022-01-06,SERIE_A,2021-22,LEAGUE,,Sassuolo,Genoa,1,1,D,Italy,Serie A,football-data.co.uk
league_50f02f8edfe1e5a5,2022-01-06,SERIE_A,2021-22,LEAGUE,,Spezia,Hellas Verona,1,2,A,Italy,Serie A,football-data.co.uk
league_a8668eb941f3cb0e,2022-01-09,SERIE_A,2021-22,LEAGUE,,AS Roma,Juventus,3,4,A,Italy,Serie A,football-data.co.uk
league_fe883bb7d1dd6ced,2022-01-09,SERIE_A,2021-22,LEAGUE,,Empoli,Sassuolo,1,5,A,Italy,Serie A,football-data.co.uk
league_3164556639d6f189,2022-01-09,SERIE_A,2021-22,LEAGUE,,Genoa,Spezia,0,1,A,Italy,Serie A,football-data.co.uk
league_9493322879a10284,2022-01-09,SERIE_A,2021-22,LEAGUE,,Hellas Verona,Salernitana,1,2,A,Italy,Serie A,football-data.co.uk
league_a1831098e9fff721,2022-01-09,SERIE_A,2021-22,LEAGUE,,Inter Milan,SS Lazio,2,1,H,Italy,Serie A,football-data.co.uk
league_ea1e83b7c8a404cf,2022-01-09,SERIE_A,2021-22,LEAGUE,,Napoli,Sampdoria,1,0,H,Italy,Serie A,football-data.co.uk
league_8a03243048bfadd5,2022-01-09,SERIE_A,2021-22,LEAGUE,,Udinese,Atalanta,2,6,A,Italy,Serie A,football-data.co.uk
league_34105232b0ec218b,2022-01-09,SERIE_A,2021-22,LEAGUE,,Venezia,AC Milan,0,3,A,Italy,Serie A,football-data.co.uk
league_4f6eef5ebbce3eb4,2022-01-10,SERIE_A,2021-22,LEAGUE,,Torino,Fiorentina,4,0,H,Italy,Serie A,football-data.co.uk
league_5ce123e67a2ff5f7,2022-01-11,SERIE_A,2021-22,LEAGUE,,Cagliari,Bologna,2,1,H,Italy,Serie A,football-data.co.uk
league_28c08a0b935b58f1,2022-01-15,SERIE_A,2021-22,LEAGUE,,Juventus,Udinese,2,0,H,Italy,Serie A,football-data.co.uk
league_bfd9582b94a18e54,2022-01-15,SERIE_A,2021-22,LEAGUE,,Salernitana,SS Lazio,0,3,A,Italy,Serie A,football-data.co.uk
league_78b520a6d2a5495b,2022-01-15,SERIE_A,2021-22,LEAGUE,,Sampdoria,Torino,1,2,A,Italy,Serie A,football-data.co.uk
league_949b31ebb9bce941,2022-01-16,SERIE_A,2021-22,LEAGUE,,AS Roma,Cagliari,1,0,H,Italy,Serie A,football-data.co.uk
league_d607cfe8e7bd264e,2022-01-16,SERIE_A,2021-22,LEAGUE,,Atalanta,Inter Milan,0,0,D,Italy,Serie A,football-data.co.uk
league_2893fcce4f0bdcb9,2022-01-16,SERIE_A,2021-22,LEAGUE,,Sassuolo,Hellas Verona,2,4,A,Italy,Serie A,football-data.co.uk
league_abd5e059a34b7546,2022-01-16,SERIE_A,2021-22,LEAGUE,,Venezia,Empoli,1,1,D,Italy,Serie A,football-data.co.uk
league_4d0e5023687114b7,2022-01-17,SERIE_A,2021-22,LEAGUE,,AC Milan,Spezia,1,2,A,Italy,Serie A,football-data.co.uk
league_434466fd74a41aa2,2022-01-17,SERIE_A,2021-22,LEAGUE,,Bologna,Napoli,0,2,A,Italy,Serie A,football-data.co.uk
league_5f3cf3db5687d178,2022-01-17,SERIE_A,2021-22,LEAGUE,,Fiorentina,Genoa,6,0,H,Italy,Serie A,football-data.co.uk
league_6fd53b2a63bcb251,2022-01-21,SERIE_A,2021-22,LEAGUE,,Hellas Verona,Bologna,2,1,H,Italy,Serie A,football-data.co.uk
league_ccbed81fd4d55876,2022-01-22,SERIE_A,2021-22,LEAGUE,,Genoa,Udinese,0,0,D,Italy,Serie A,football-data.co.uk
league_3aafc7d1a01330c6,2022-01-22,SERIE_A,2021-22,LEAGUE,,Inter Milan,Venezia,2,1,H,Italy,Serie A,football-data.co.uk
league_e7ec87813f62fe92,2022-01-22,SERIE_A,2021-22,LEAGUE,,SS Lazio,Atalanta,0,0,D,Italy,Serie A,football-data.co.uk
league_a120d14337b1b8b4,2022-01-23,SERIE_A,2021-22,LEAGUE,,AC Milan,Juventus,0,0,D,Italy,Serie A,football-data.co.uk
league_c9a3eddd2dd30d47,2022-01-23,SERIE_A,2021-22,LEAGUE,,Cagliari,Fiorentina,1,1,D,Italy,Serie A,football-data.co.uk
league_e5bbdcef064dd977,2022-01-23,SERIE_A,2021-22,LEAGUE,,Empoli,AS Roma,2,4,A,Italy,Serie A,football-data.co.uk
league_abb5be406d0b4116,2022-01-23,SERIE_A,2021-22,LEAGUE,,Napoli,Salernitana,4,1,H,Italy,Serie A,football-data.co.uk
league_d4187835277c76f8,2022-01-23,SERIE_A,2021-22,LEAGUE,,Spezia,Sampdoria,1,0,H,Italy,Serie A,football-data.co.uk
league_ea3580bb7d7cfbf5,2022-01-23,SERIE_A,2021-22,LEAGUE,,Torino,Sassuolo,1,1,D,Italy,Serie A,football-data.co.uk
league_b7a993fa7757abeb,2022-02-05,SERIE_A,2021-22,LEAGUE,,AS Roma,Genoa,0,0,D,Italy,Serie A,football-data.co.uk
league_3d0ea0654ffaf0cc,2022-02-05,SERIE_A,2021-22,LEAGUE,,Fiorentina,SS Lazio,0,3,A,Italy,Serie A,football-data.co.uk
league_c3a7008c2349d3d2,2022-02-05,SERIE_A,2021-22,LEAGUE,,Inter Milan,AC Milan,1,2,A,Italy,Serie A,football-data.co.uk
league_52b5181360881315,2022-02-06,SERIE_A,2021-22,LEAGUE,,Atalanta,Cagliari,1,2,A,Italy,Serie A,football-data.co.uk
league_d5e8d299fd3a448e,2022-02-06,SERIE_A,2021-22,LEAGUE,,Bologna,Empoli,0,0,D,Italy,Serie A,football-data.co.uk
league_07c8e4dd11afa691,2022-02-06,SERIE_A,2021-22,LEAGUE,,Juventus,Hellas Verona,2,0,H,Italy,Serie A,football-data.co.uk
league_ab67045886f101be,2022-02-06,SERIE_A,2021-22,LEAGUE,,Sampdoria,Sassuolo,4,0,H,Italy,Serie A,football-data.co.uk
league_3277daf95268c226,2022-02-06,SERIE_A,2021-22,LEAGUE,,Udinese,Torino,2,0,H,Italy,Serie A,football-data.co.uk
league_fdaf446ddc0f083f,2022-02-06,SERIE_A,2021-22,LEAGUE,,Venezia,Napoli,0,2,A,Italy,Serie A,football-data.co.uk
league_a8010f317e2129ac,2022-02-07,SERIE_A,2021-22,LEAGUE,,Salernitana,Spezia,2,2,D,Italy,Serie A,football-data.co.uk
league_16c632dd3f065d6c,2022-02-12,SERIE_A,2021-22,LEAGUE,,Napoli,Inter Milan,1,1,D,Italy,Serie A,football-data.co.uk
league_de520a29f7d3be1f,2022-02-12,SERIE_A,2021-22,LEAGUE,,SS Lazio,Bologna,3,0,H,Italy,Serie A,football-data.co.uk
league_e2aa02461d3cc48f,2022-02-12,SERIE_A,2021-22,LEAGUE,,Torino,Venezia,1,2,A,Italy,Serie A,football-data.co.uk
league_230d9623dce6cc73,2022-02-13,SERIE_A,2021-22,LEAGUE,,AC Milan,Sampdoria,1,0,H,Italy,Serie A,football-data.co.uk
league_3b595e90f28e8d52,2022-02-13,SERIE_A,2021-22,LEAGUE,,Atalanta,Juventus,1,1,D,Italy,Serie A,football-data.co.uk
league_47004bf9ead64626,2022-02-13,SERIE_A,2021-22,LEAGUE,,Empoli,Cagliari,1,1,D,Italy,Serie A,football-data.co.uk
league_5042ffaa60463129,2022-02-13,SERIE_A,2021-22,LEAGUE,,Genoa,Salernitana,1,1,D,Italy,Serie A,football-data.co.uk
league_22b4e88901f53859,2022-02-13,SERIE_A,2021-22,LEAGUE,,Hellas Verona,Udinese,4,0,H,Italy,Serie A,football-data.co.uk
league_b384e5f5907f3363,2022-02-13,SERIE_A,2021-22,LEAGUE,,Sassuolo,AS Roma,2,2,D,Italy,Serie A,football-data.co.uk
league_f81d72eaaae487a5,2022-02-14,SERIE_A,2021-22,LEAGUE,,Spezia,Fiorentina,1,2,A,Italy,Serie A,football-data.co.uk
league_180c0e36268193ba,2022-02-18,SERIE_A,2021-22,LEAGUE,,Juventus,Torino,1,1,D,Italy,Serie A,football-data.co.uk
league_6760c0b3ee0a9003,2022-02-19,SERIE_A,2021-22,LEAGUE,,AS Roma,Hellas Verona,2,2,D,Italy,Serie A,football-data.co.uk
league_3ecfa51bb584469a,2022-02-19,SERIE_A,2021-22,LEAGUE,,Salernitana,AC Milan,2,2,D,Italy,Serie A,football-data.co.uk
league_552a28e3e9a28513,2022-02-19,SERIE_A,2021-22,LEAGUE,,Sampdoria,Empoli,2,0,H,Italy,Serie A,football-data.co.uk
league_98f2174b225da030,2022-02-20,SERIE_A,2021-22,LEAGUE,,Fiorentina,Atalanta,1,0,H,Italy,Serie A,football-data.co.uk
league_cbb5638de138b227,2022-02-20,SERIE_A,2021-22,LEAGUE,,Inter Milan,Sassuolo,0,2,A,Italy,Serie A,football-data.co.uk
league_898593d45d0440d8,2022-02-20,SERIE_A,2021-22,LEAGUE,,Udinese,SS Lazio,1,1,D,Italy,Serie A,football-data.co.uk
league_66c5a2c7c1833115,2022-02-20,SERIE_A,2021-22,LEAGUE,,Venezia,Genoa,1,1,D,Italy,Serie A,football-data.co.uk
league_3a1f6854a87560c9,2022-02-21,SERIE_A,2021-22,LEAGUE,,Bologna,Spezia,2,1,H,Italy,Serie A,football-data.co.uk
league_1dfefd03343d13cc,2022-02-21,SERIE_A,2021-22,LEAGUE,,Cagliari,Napoli,1,1,D,Italy,Serie A,football-data.co.uk
league_d1ff6046cba1af3a,2022-02-25,SERIE_A,2021-22,LEAGUE,,AC Milan,Udinese,1,1,D,Italy,Serie A,football-data.co.uk
league_8fc03ab13ab10a91,2022-02-25,SERIE_A,2021-22,LEAGUE,,Genoa,Inter Milan,0,0,D,Italy,Serie A,football-data.co.uk
league_ee1044e34ae4eafd,2022-02-26,SERIE_A,2021-22,LEAGUE,,Empoli,Juventus,2,3,A,Italy,Serie A,football-data.co.uk
league_4b1b5e79f3447b2c,2022-02-26,SERIE_A,2021-22,LEAGUE,,Salernitana,Bologna,1,1,D,Italy,Serie A,football-data.co.uk
league_c30e31a4375bc457,2022-02-26,SERIE_A,2021-22,LEAGUE,,Sassuolo,Fiorentina,2,1,H,Italy,Serie A,football-data.co.uk
league_cb0cdd4d4042e8dd,2022-02-27,SERIE_A,2021-22,LEAGUE,,Hellas Verona,Venezia,3,1,H,Italy,Serie A,football-data.co.uk
league_388235e772352578,2022-02-27,SERIE_A,2021-22,LEAGUE,,SS Lazio,Napoli,1,2,A,Italy,Serie A,football-data.co.uk
league_6aa48fa638f98697,2022-02-27,SERIE_A,2021-22,LEAGUE,,Spezia,AS Roma,0,1,A,Italy,Serie A,football-data.co.uk
league_80a4efe225fcca3f,2022-02-27,SERIE_A,2021-22,LEAGUE,,Torino,Cagliari,1,2,A,Italy,Serie A,football-data.co.uk
league_d8a2807e67f6315e,2022-02-28,SERIE_A,2021-22,LEAGUE,,Atalanta,Sampdoria,4,0,H,Italy,Serie A,football-data.co.uk
league_002b6edf0df5fc60,2022-03-04,SERIE_A,2021-22,LEAGUE,,Inter Milan,Salernitana,5,0,H,Italy,Serie A,football-data.co.uk
league_b00ee5bcfe6a7d35,2022-03-05,SERIE_A,2021-22,LEAGUE,,AS Roma,Atalanta,1,0,H,Italy,Serie A,football-data.co.uk
league_3f78c3dfb9e45821,2022-03-05,SERIE_A,2021-22,LEAGUE,,Cagliari,SS Lazio,0,3,A,Italy,Serie A,football-data.co.uk
league_78581c42e1bfef2d,2022-03-05,SERIE_A,2021-22,LEAGUE,,Udinese,Sampdoria,2,1,H,Italy,Serie A,football-data.co.uk
league_5389a49040b312e3,2022-03-06,SERIE_A,2021-22,LEAGUE,,Bologna,Torino,0,0,D,Italy,Serie A,football-data.co.uk
league_a2ccaec8657c698f,2022-03-06,SERIE_A,2021-22,LEAGUE,,Fiorentina,Hellas Verona,1,1,D,Italy,Serie A,football-data.co.uk
league_0ba07b891cad8a11,2022-03-06,SERIE_A,2021-22,LEAGUE,,Genoa,Empoli,0,0,D,Italy,Serie A,football-data.co.uk
league_8cf4c6d251f2e5bc,2022-03-06,SERIE_A,2021-22,LEAGUE,,Juventus,Spezia,1,0,H,Italy,Serie A,football-data.co.uk
league_aa81287d4b3a0e59,2022-03-06,SERIE_A,2021-22,LEAGUE,,Napoli,AC Milan,0,1,A,Italy,Serie A,football-data.co.uk
league_635a0d307929bb2b,2022-03-06,SERIE_A,2021-22,LEAGUE,,Venezia,Sassuolo,1,4,A,Italy,Serie A,football-data.co.uk
league_d56234e8a6d93a39,2022-03-12,SERIE_A,2021-22,LEAGUE,,AC Milan,Empoli,1,0,H,Italy,Serie A,football-data.co.uk
league_1e9d3729ee87c368,2022-03-12,SERIE_A,2021-22,LEAGUE,,Salernitana,Sassuolo,2,2,D,Italy,Serie A,football-data.co.uk
league_72c5d54656cae060,2022-03-12,SERIE_A,2021-22,LEAGUE,,Sampdoria,Juventus,1,3,A,Italy,Serie A,football-data.co.uk
league_b67033e510125e3d,2022-03-12,SERIE_A,2021-22,LEAGUE,,Spezia,Cagliari,2,0,H,Italy,Serie A,football-data.co.uk
league_792d65a2ed35fb81,2022-03-13,SERIE_A,2021-22,LEAGUE,,Atalanta,Genoa,0,0,D,Italy,Serie A,football-data.co.uk
league_e7bf9f80633ac1db,2022-03-13,SERIE_A,2021-22,LEAGUE,,Fiorentina,Bologna,1,0,H,Italy,Serie A,football-data.co.uk
league_91d921f03d352cfe,2022-03-13,SERIE_A,2021-22,LEAGUE,,Hellas Verona,Napoli,1,2,A,Italy,Serie A,football-data.co.uk
league_8465becd8906714d,2022-03-13,SERIE_A,2021-22,LEAGUE,,Torino,Inter Milan,1,1,D,Italy,Serie A,football-data.co.uk
league_ad4cdd3599242897,2022-03-13,SERIE_A,2021-22,LEAGUE,,Udinese,AS Roma,1,1,D,Italy,Serie A,football-data.co.uk
league_cdf5d4878e05eed8,2022-03-14,SERIE_A,2021-22,LEAGUE,,SS Lazio,Venezia,1,0,H,Italy,Serie A,football-data.co.uk
league_84f468a6f6be7d24,2022-03-18,SERIE_A,2021-22,LEAGUE,,Genoa,Torino,1,0,H,Italy,Serie A,football-data.co.uk
league_cc899a5b2b2d8689,2022-03-18,SERIE_A,2021-22,LEAGUE,,Sassuolo,Spezia,4,1,H,Italy,Serie A,football-data.co.uk
league_f6af6ef3bf95bd34,2022-03-19,SERIE_A,2021-22,LEAGUE,,Cagliari,AC Milan,0,1,A,Italy,Serie A,football-data.co.uk
league_4156ce53ac80f24a,2022-03-19,SERIE_A,2021-22,LEAGUE,,Inter Milan,Fiorentina,1,1,D,Italy,Serie A,football-data.co.uk
league_f756af5d3cd0969e,2022-03-19,SERIE_A,2021-22,LEAGUE,,Napoli,Udinese,2,1,H,Italy,Serie A,football-data.co.uk
league_554693c024c30f11,2022-03-20,SERIE_A,2021-22,LEAGUE,,AS Roma,SS Lazio,3,0,H,Italy,Serie A,football-data.co.uk
league_897ac72a5d24cdce,2022-03-20,SERIE_A,2021-22,LEAGUE,,Bologna,Atalanta,0,1,A,Italy,Serie A,football-data.co.uk
league_df8390f10a32c3d9,2022-03-20,SERIE_A,2021-22,LEAGUE,,Empoli,Hellas Verona,1,1,D,Italy,Serie A,football-data.co.uk
league_ab445878881c4dd6,2022-03-20,SERIE_A,2021-22,LEAGUE,,Juventus,Salernitana,2,0,H,Italy,Serie A,football-data.co.uk
league_0e154f204449970a,2022-03-20,SERIE_A,2021-22,LEAGUE,,Venezia,Sampdoria,0,2,A,Italy,Serie A,football-data.co.uk
league_b6597c827623ff37,2022-04-02,SERIE_A,2021-22,LEAGUE,,SS Lazio,Sassuolo,2,1,H,Italy,Serie A,football-data.co.uk
league_379a5b56dae15d38,2022-04-02,SERIE_A,2021-22,LEAGUE,,Salernitana,Torino,0,1,A,Italy,Serie A,football-data.co.uk
league_097b73e1cf1c6440,2022-04-02,SERIE_A,2021-22,LEAGUE,,Spezia,Venezia,1,0,H,Italy,Serie A,football-data.co.uk
league_047f7c28cddf8129,2022-04-03,SERIE_A,2021-22,LEAGUE,,Atalanta,Napoli,1,3,A,Italy,Serie A,football-data.co.uk
league_50faa0c45766883d,2022-04-03,SERIE_A,2021-22,LEAGUE,,Fiorentina,Empoli,1,0,H,Italy,Serie A,football-data.co.uk
league_243028270dc72bd7,2022-04-03,SERIE_A,2021-22,LEAGUE,,Juventus,Inter Milan,0,1,A,Italy,Serie A,football-data.co.uk
league_7540563366f579ad,2022-04-03,SERIE_A,2021-22,LEAGUE,,Sampdoria,AS Roma,0,1,A,Italy,Serie A,football-data.co.uk
league_30e2e85ac12045b9,2022-04-03,SERIE_A,2021-22,LEAGUE,,Udinese,Cagliari,5,1,H,Italy,Serie A,football-data.co.uk
league_ca14aecf6e76a480,2022-04-04,SERIE_A,2021-22,LEAGUE,,AC Milan,Bologna,0,0,D,Italy,Serie A,football-data.co.uk
league_ae0c15295b3a2325,2022-04-04,SERIE_A,2021-22,LEAGUE,,Hellas Verona,Genoa,1,0,H,Italy,Serie A,football-data.co.uk
league_9fa53bda793df27c,2022-04-09,SERIE_A,2021-22,LEAGUE,,Cagliari,Juventus,1,2,A,Italy,Serie A,football-data.co.uk
league_03b9ea79c5fc6c69,2022-04-09,SERIE_A,2021-22,LEAGUE,,Empoli,Spezia,0,0,D,Italy,Serie A,football-data.co.uk
league_1c08393af71f267a,2022-04-09,SERIE_A,2021-22,LEAGUE,,Inter Milan,Hellas Verona,2,0,H,Italy,Serie A,football-data.co.uk
league_4cc77d13fde7adc3,2022-04-10,SERIE_A,2021-22,LEAGUE,,AS Roma,Salernitana,2,1,H,Italy,Serie A,football-data.co.uk
league_6c667ad65244fc8d,2022-04-10,SERIE_A,2021-22,LEAGUE,,Genoa,SS Lazio,1,4,A,Italy,Serie A,football-data.co.uk
league_ec6ef2927a2087f4,2022-04-10,SERIE_A,2021-22,LEAGUE,,Napoli,Fiorentina,2,3,A,Italy,Serie A,football-data.co.uk
league_f5abe7037e573771,2022-04-10,SERIE_A,2021-22,LEAGUE,,Sassuolo,Atalanta,2,1,H,Italy,Serie A,football-data.co.uk
league_8b647cc1ad8cbed1,2022-04-10,SERIE_A,2021-22,LEAGUE,,Torino,AC Milan,0,0,D,Italy,Serie A,football-data.co.uk
league_cb660812c9d2b75f,2022-04-10,SERIE_A,2021-22,LEAGUE,,Venezia,Udinese,1,2,A,Italy,Serie A,football-data.co.uk
league_d83936884537a960,2022-04-11,SERIE_A,2021-22,LEAGUE,,Bologna,Sampdoria,2,0,H,Italy,Serie A,football-data.co.uk
league_15f99f789a9c3c87,2022-04-15,SERIE_A,2021-22,LEAGUE,,AC Milan,Genoa,2,0,H,Italy,Serie A,football-data.co.uk
league_70ca7e6a884c558f,2022-04-15,SERIE_A,2021-22,LEAGUE,,Spezia,Inter Milan,1,3,A,Italy,Serie A,football-data.co.uk
league_2beec1b6bc5c9f95,2022-04-16,SERIE_A,2021-22,LEAGUE,,Cagliari,Sassuolo,1,0,H,Italy,Serie A,football-data.co.uk
league_776b76db2e618e62,2022-04-16,SERIE_A,2021-22,LEAGUE,,Fiorentina,Venezia,1,0,H,Italy,Serie A,football-data.co.uk
league_c768c12885c519f4,2022-04-16,SERIE_A,2021-22,LEAGUE,,Juventus,Bologna,1,1,D,Italy,Serie A,football-data.co.uk
league_1a0fcd5185f4c807,2022-04-16,SERIE_A,2021-22,LEAGUE,,SS Lazio,Torino,1,1,D,Italy,Serie A,football-data.co.uk
league_f0d5c816c1b1a7ed,2022-04-16,SERIE_A,2021-22,LEAGUE,,Sampdoria,Salernitana,1,2,A,Italy,Serie A,football-data.co.uk
league_1a043a640d1eed62,2022-04-16,SERIE_A,2021-22,LEAGUE,,Udinese,Empoli,4,1,H,Italy,Serie A,football-data.co.uk
league_a98d1784f0fc86ac,2022-04-18,SERIE_A,2021-22,LEAGUE,,Atalanta,Hellas Verona,1,2,A,Italy,Serie A,football-data.co.uk
league_be80d8f3d987617b,2022-04-18,SERIE_A,2021-22,LEAGUE,,Napoli,AS Roma,1,1,D,Italy,Serie A,football-data.co.uk
league_74687ba5f5991b4e,2022-04-20,SERIE_A,2021-22,LEAGUE,,Udinese,Salernitana,0,1,A,Italy,Serie A,football-data.co.uk
league_5f4c07482202e489,2022-04-23,SERIE_A,2021-22,LEAGUE,,Hellas Verona,Sampdoria,1,1,D,Italy,Serie A,football-data.co.uk
league_14027a02f52270e7,2022-04-23,SERIE_A,2021-22,LEAGUE,,Inter Milan,AS Roma,3,1,H,Italy,Serie A,football-data.co.uk
league_c5bdc316215af099,2022-04-23,SERIE_A,2021-22,LEAGUE,,Torino,Spezia,2,1,H,Italy,Serie A,football-data.co.uk
league_055f7c51da72d58d,2022-04-23,SERIE_A,2021-22,LEAGUE,,Venezia,Atalanta,1,3,A,Italy,Serie A,football-data.co.uk
league_1f58fe59dc95c6e9,2022-04-24,SERIE_A,2021-22,LEAGUE,,Bologna,Udinese,2,2,D,Italy,Serie A,football-data.co.uk
league_f105db7dd1bb084f,2022-04-24,SERIE_A,2021-22,LEAGUE,,Empoli,Napoli,3,2,H,Italy,Serie A,football-data.co.uk
league_6dbcfc3f3c65bffb,2022-04-24,SERIE_A,2021-22,LEAGUE,,Genoa,Cagliari,1,0,H,Italy,Serie A,football-data.co.uk
league_fc2393f6297e6635,2022-04-24,SERIE_A,2021-22,LEAGUE,,SS Lazio,AC Milan,1,2,A,Italy,Serie A,football-data.co.uk
league_9564ab0e5164bf0a,2022-04-24,SERIE_A,2021-22,LEAGUE,,Salernitana,Fiorentina,2,1,H,Italy,Serie A,football-data.co.uk
league_c12b27a147a42406,2022-04-25,SERIE_A,2021-22,LEAGUE,,Sassuolo,Juventus,1,2,A,Italy,Serie A,football-data.co.uk
league_6fd4d71ff129c30e,2022-04-27,SERIE_A,2021-22,LEAGUE,,Atalanta,Torino,4,4,D,Italy,Serie A,football-data.co.uk
league_bfd8a7b95bbad3ad,2022-04-27,SERIE_A,2021-22,LEAGUE,,Bologna,Inter Milan,2,1,H,Italy,Serie A,football-data.co.uk
league_86f5416f5656b492,2022-04-27,SERIE_A,2021-22,LEAGUE,,Fiorentina,Udinese,0,4,A,Italy,Serie A,football-data.co.uk
league_6c534cb7e5f13c1f,2022-04-30,SERIE_A,2021-22,LEAGUE,,Cagliari,Hellas Verona,1,2,A,Italy,Serie A,football-data.co.uk
league_f890942eed148c19,2022-04-30,SERIE_A,2021-22,LEAGUE,,Napoli,Sassuolo,6,1,H,Italy,Serie A,football-data.co.uk
league_eaafd2fe9657c26b,2022-04-30,SERIE_A,2021-22,LEAGUE,,Sampdoria,Genoa,1,0,H,Italy,Serie A,football-data.co.uk
league_5dc88f21026ab4e0,2022-04-30,SERIE_A,2021-22,LEAGUE,,Spezia,SS Lazio,3,4,A,Italy,Serie A,football-data.co.uk
league_15095487b0984a39,2022-05-01,SERIE_A,2021-22,LEAGUE,,AC Milan,Fiorentina,1,0,H,Italy,Serie A,football-data.co.uk
league_d887c726c25d76d5,2022-05-01,SERIE_A,2021-22,LEAGUE,,AS Roma,Bologna,0,0,D,Italy,Serie A,football-data.co.uk
league_a9b2ac23f3bd612b,2022-05-01,SERIE_A,2021-22,LEAGUE,,Empoli,Torino,1,3,A,Italy,Serie A,football-data.co.uk
league_b25279a444636e95,2022-05-01,SERIE_A,2021-22,LEAGUE,,Juventus,Venezia,2,1,H,Italy,Serie A,football-data.co.uk
league_aca5384eab1cc994,2022-05-01,SERIE_A,2021-22,LEAGUE,,Udinese,Inter Milan,1,2,A,Italy,Serie A,football-data.co.uk
league_d2e3da2d297aa3d3,2022-05-02,SERIE_A,2021-22,LEAGUE,,Atalanta,Salernitana,1,1,D,Italy,Serie A,football-data.co.uk
league_2c8668ba902984a1,2022-05-05,SERIE_A,2021-22,LEAGUE,,Salernitana,Venezia,2,1,H,Italy,Serie A,football-data.co.uk
league_08946afd4a054eac,2022-05-06,SERIE_A,2021-22,LEAGUE,,Genoa,Juventus,2,1,H,Italy,Serie A,football-data.co.uk
league_d8aa31d3745de0a8,2022-05-06,SERIE_A,2021-22,LEAGUE,,Inter Milan,Empoli,4,2,H,Italy,Serie A,football-data.co.uk
league_96139b96ff4902c0,2022-05-07,SERIE_A,2021-22,LEAGUE,,SS Lazio,Sampdoria,2,0,H,Italy,Serie A,football-data.co.uk
league_f7a854d9c4e9bf50,2022-05-07,SERIE_A,2021-22,LEAGUE,,Sassuolo,Udinese,1,1,D,Italy,Serie A,football-data.co.uk
league_e20b577e80f72b16,2022-05-07,SERIE_A,2021-22,LEAGUE,,Torino,Napoli,0,1,A,Italy,Serie A,football-data.co.uk
league_6542546eb49a5fa3,2022-05-08,SERIE_A,2021-22,LEAGUE,,Hellas Verona,AC Milan,1,3,A,Italy,Serie A,football-data.co.uk
league_62c754d593c04ef1,2022-05-08,SERIE_A,2021-22,LEAGUE,,Salernitana,Cagliari,1,1,D,Italy,Serie A,football-data.co.uk
league_7c137c60d57e8dd9,2022-05-08,SERIE_A,2021-22,LEAGUE,,Spezia,Atalanta,1,3,A,Italy,Serie A,football-data.co.uk
league_31cf489e10b64207,2022-05-08,SERIE_A,2021-22,LEAGUE,,Venezia,Bologna,4,3,H,Italy,Serie A,football-data.co.uk
league_3cdc0e6d6e827f1b,2022-05-09,SERIE_A,2021-22,LEAGUE,,Fiorentina,AS Roma,2,0,H,Italy,Serie A,football-data.co.uk
league_45354f484e4a87ee,2022-05-14,SERIE_A,2021-22,LEAGUE,,AS Roma,Venezia,1,1,D,Italy,Serie A,football-data.co.uk
league_ecb6ad061fc9b963,2022-05-14,SERIE_A,2021-22,LEAGUE,,Empoli,Salernitana,1,1,D,Italy,Serie A,football-data.co.uk
league_78f6bb75a3bdc2d9,2022-05-14,SERIE_A,2021-22,LEAGUE,,Hellas Verona,Torino,0,1,A,Italy,Serie A,football-data.co.uk
league_c6af20be3b0af19f,2022-05-14,SERIE_A,2021-22,LEAGUE,,Udinese,Spezia,2,3,A,Italy,Serie A,football-data.co.uk
league_2acb18b38b4318c5,2022-05-15,SERIE_A,2021-22,LEAGUE,,AC Milan,Atalanta,2,0,H,Italy,Serie A,football-data.co.uk
league_bb55681c0e0069df,2022-05-15,SERIE_A,2021-22,LEAGUE,,Bologna,Sassuolo,1,3,A,Italy,Serie A,football-data.co.uk
league_d01abf6d4dd2f4ac,2022-05-15,SERIE_A,2021-22,LEAGUE,,Cagliari,Inter Milan,1,3,A,Italy,Serie A,football-data.co.uk
league_e84b38adb8e947d1,2022-05-15,SERIE_A,2021-22,LEAGUE,,Napoli,Genoa,3,0,H,Italy,Serie A,football-data.co.uk
league_dbf5b0e054f11dc9,2022-05-16,SERIE_A,2021-22,LEAGUE,,Juventus,SS Lazio,2,2,D,Italy,Serie A,football-data.co.uk
league_1d45342329dda1e4,2022-05-16,SERIE_A,2021-22,LEAGUE,,Sampdoria,Fiorentina,4,1,H,Italy,Serie A,football-data.co.uk
league_72b7a7ff777d9613,2022-05-20,SERIE_A,2021-22,LEAGUE,,Torino,AS Roma,0,3,A,Italy,Serie A,football-data.co.uk
league_cd26cc2f16b5d029,2022-05-21,SERIE_A,2021-22,LEAGUE,,Atalanta,Empoli,0,1,A,Italy,Serie A,football-data.co.uk
league_45489caf7440f8c4,2022-05-21,SERIE_A,2021-22,LEAGUE,,Fiorentina,Juventus,2,0,H,Italy,Serie A,football-data.co.uk
league_8835b4f0a4fed7e1,2022-05-21,SERIE_A,2021-22,LEAGUE,,Genoa,Bologna,0,1,A,Italy,Serie A,football-data.co.uk
league_a5a9a336b49ef890,2022-05-21,SERIE_A,2021-22,LEAGUE,,SS Lazio,Hellas Verona,3,3,D,Italy,Serie A,football-data.co.uk
league_6266af452d542485,2022-05-22,SERIE_A,2021-22,LEAGUE,,Inter Milan,Sampdoria,3,0,H,Italy,Serie A,football-data.co.uk
league_d34e539a47d52b6f,2022-05-22,SERIE_A,2021-22,LEAGUE,,Salernitana,Udinese,0,4,A,Italy,Serie A,football-data.co.uk
league_cf8c2547d4bbf16f,2022-05-22,SERIE_A,2021-22,LEAGUE,,Sassuolo,AC Milan,0,3,A,Italy,Serie A,football-data.co.uk
league_f57914b811f6487c,2022-05-22,SERIE_A,2021-22,LEAGUE,,Spezia,Napoli,0,3,A,Italy,Serie A,football-data.co.uk
league_302ac8b4263e6319,2022-05-22,SERIE_A,2021-22,LEAGUE,,Venezia,Cagliari,0,0,D,Italy,Serie A,football-data.co.uk
league_5c031743be4acf7a,2022-08-13,SERIE_A,2022-23,LEAGUE,,AC Milan,Udinese,4,2,H,Italy,Serie A,football-data.co.uk
league_fd60845a14a8a507,2022-08-13,SERIE_A,2022-23,LEAGUE,,Lecce,Inter Milan,1,2,A,Italy,Serie A,football-data.co.uk
league_149aa51c2c7932b3,2022-08-13,SERIE_A,2022-23,LEAGUE,,Monza,Torino,1,2,A,Italy,Serie A,football-data.co.uk
league_20ba6e1ea98036f0,2022-08-13,SERIE_A,2022-23,LEAGUE,,Sampdoria,Atalanta,0,2,A,Italy,Serie A,football-data.co.uk
league_fb0d2b1c32f9da82,2022-08-14,SERIE_A,2022-23,LEAGUE,,Fiorentina,Cremonese,3,2,H,Italy,Serie A,football-data.co.uk
league_b0970b1b7a4fa3fb,2022-08-14,SERIE_A,2022-23,LEAGUE,,SS Lazio,Bologna,2,1,H,Italy,Serie A,football-data.co.uk
league_b16ed076fc551695,2022-08-14,SERIE_A,2022-23,LEAGUE,,Salernitana,AS Roma,0,1,A,Italy,Serie A,football-data.co.uk
league_d17b7c3d907f51e2,2022-08-14,SERIE_A,2022-23,LEAGUE,,Spezia,Empoli,1,0,H,Italy,Serie A,football-data.co.uk
league_f87d908928722a53,2022-08-15,SERIE_A,2022-23,LEAGUE,,Hellas Verona,Napoli,2,5,A,Italy,Serie A,football-data.co.uk
league_7a2bf413eb97286a,2022-08-15,SERIE_A,2022-23,LEAGUE,,Juventus,Sassuolo,3,0,H,Italy,Serie A,football-data.co.uk
league_cb1e8ebfce353ea9,2022-08-20,SERIE_A,2022-23,LEAGUE,,Inter Milan,Spezia,3,0,H,Italy,Serie A,football-data.co.uk
league_e13824d63ecebae5,2022-08-20,SERIE_A,2022-23,LEAGUE,,Sassuolo,Lecce,1,0,H,Italy,Serie A,football-data.co.uk
league_42a5baab454ae033,2022-08-20,SERIE_A,2022-23,LEAGUE,,Torino,SS Lazio,0,0,D,Italy,Serie A,football-data.co.uk
league_2338f072fec3d537,2022-08-20,SERIE_A,2022-23,LEAGUE,,Udinese,Salernitana,0,0,D,Italy,Serie A,football-data.co.uk
league_0d4373a743e45c24,2022-08-21,SERIE_A,2022-23,LEAGUE,,Atalanta,AC Milan,1,1,D,Italy,Serie A,football-data.co.uk
league_7d39b74a07f09262,2022-08-21,SERIE_A,2022-23,LEAGUE,,Bologna,Hellas Verona,1,1,D,Italy,Serie A,football-data.co.uk
league_750456eb20f5ad43,2022-08-21,SERIE_A,2022-23,LEAGUE,,Empoli,Fiorentina,0,0,D,Italy,Serie A,football-data.co.uk
league_638dcebcd3698ffa,2022-08-21,SERIE_A,2022-23,LEAGUE,,Napoli,Monza,4,0,H,Italy,Serie A,football-data.co.uk
league_cd49238ab95e5167,2022-08-22,SERIE_A,2022-23,LEAGUE,,AS Roma,Cremonese,1,0,H,Italy,Serie A,football-data.co.uk
league_97251443b285480a,2022-08-22,SERIE_A,2022-23,LEAGUE,,Sampdoria,Juventus,0,0,D,Italy,Serie A,football-data.co.uk
league_55149a1d80f3a7d4,2022-08-26,SERIE_A,2022-23,LEAGUE,,Monza,Udinese,1,2,A,Italy,Serie A,football-data.co.uk
league_ae788c48acaa355d,2022-08-26,SERIE_A,2022-23,LEAGUE,,SS Lazio,Inter Milan,3,1,H,Italy,Serie A,football-data.co.uk
league_6f6b1e114039ee94,2022-08-27,SERIE_A,2022-23,LEAGUE,,AC Milan,Bologna,2,0,H,Italy,Serie A,football-data.co.uk
league_b5c739c1c2af6517,2022-08-27,SERIE_A,2022-23,LEAGUE,,Cremonese,Torino,1,2,A,Italy,Serie A,football-data.co.uk
league_df9219d858f2300d,2022-08-27,SERIE_A,2022-23,LEAGUE,,Juventus,AS Roma,1,1,D,Italy,Serie A,football-data.co.uk
league_408656634e33fa98,2022-08-27,SERIE_A,2022-23,LEAGUE,,Spezia,Sassuolo,2,2,D,Italy,Serie A,football-data.co.uk
league_c354a5c476b5404c,2022-08-28,SERIE_A,2022-23,LEAGUE,,Fiorentina,Napoli,0,0,D,Italy,Serie A,football-data.co.uk
league_4601945a1c8bf599,2022-08-28,SERIE_A,2022-23,LEAGUE,,Hellas Verona,Atalanta,0,1,A,Italy,Serie A,football-data.co.uk
league_3cd98736fc7297d9,2022-08-28,SERIE_A,2022-23,LEAGUE,,Lecce,Empoli,1,1,D,Italy,Serie A,football-data.co.uk
league_76b1977d0f13f2bc,2022-08-28,SERIE_A,2022-23,LEAGUE,,Salernitana,Sampdoria,4,0,H,Italy,Serie A,football-data.co.uk
league_9f7a0cbda3cd470d,2022-08-30,SERIE_A,2022-23,LEAGUE,,AS Roma,Monza,3,0,H,Italy,Serie A,football-data.co.uk
league_71ca67e0e9e8b45f,2022-08-30,SERIE_A,2022-23,LEAGUE,,Inter Milan,Cremonese,3,1,H,Italy,Serie A,football-data.co.uk
league_a98391b400d69661,2022-08-30,SERIE_A,2022-23,LEAGUE,,Sassuolo,AC Milan,0,0,D,Italy,Serie A,football-data.co.uk
league_1b06bd0d6cde99cd,2022-08-31,SERIE_A,2022-23,LEAGUE,,Empoli,Hellas Verona,1,1,D,Italy,Serie A,football-data.co.uk
league_77ae49c9720b972d,2022-08-31,SERIE_A,2022-23,LEAGUE,,Juventus,Spezia,2,0,H,Italy,Serie A,football-data.co.uk
league_70b975b1ce9dbcbf,2022-08-31,SERIE_A,2022-23,LEAGUE,,Napoli,Lecce,1,1,D,Italy,Serie A,football-data.co.uk
league_b1c723b84abd780d,2022-08-31,SERIE_A,2022-23,LEAGUE,,Sampdoria,SS Lazio,1,1,D,Italy,Serie A,football-data.co.uk
league_2da55c7dee87a6f4,2022-08-31,SERIE_A,2022-23,LEAGUE,,Udinese,Fiorentina,1,0,H,Italy,Serie A,football-data.co.uk
league_beb599d451deec6d,2022-09-01,SERIE_A,2022-23,LEAGUE,,Atalanta,Torino,3,1,H,Italy,Serie A,football-data.co.uk
league_17b8809635626d6b,2022-09-01,SERIE_A,2022-23,LEAGUE,,Bologna,Salernitana,1,1,D,Italy,Serie A,football-data.co.uk
league_89acb82cfdac02fd,2022-09-03,SERIE_A,2022-23,LEAGUE,,AC Milan,Inter Milan,3,2,H,Italy,Serie A,football-data.co.uk
league_bbc19e51d7e46d23,2022-09-03,SERIE_A,2022-23,LEAGUE,,Fiorentina,Juventus,1,1,D,Italy,Serie A,football-data.co.uk
league_4fe62b3f53bb2dab,2022-09-03,SERIE_A,2022-23,LEAGUE,,SS Lazio,Napoli,1,2,A,Italy,Serie A,football-data.co.uk
league_58ca0f448695f061,2022-09-04,SERIE_A,2022-23,LEAGUE,,Cremonese,Sassuolo,0,0,D,Italy,Serie A,football-data.co.uk
league_9d438b026958b41a,2022-09-04,SERIE_A,2022-23,LEAGUE,,Hellas Verona,Sampdoria,2,1,H,Italy,Serie A,football-data.co.uk
league_59e260472ac70140,2022-09-04,SERIE_A,2022-23,LEAGUE,,Spezia,Bologna,2,2,D,Italy,Serie A,football-data.co.uk
league_abedd20d536cd24b,2022-09-04,SERIE_A,2022-23,LEAGUE,,Udinese,AS Roma,4,0,H,Italy,Serie A,football-data.co.uk
league_a0341f6213267621,2022-09-05,SERIE_A,2022-23,LEAGUE,,Monza,Atalanta,0,2,A,Italy,Serie A,football-data.co.uk
league_960908fc3c26ba66,2022-09-05,SERIE_A,2022-23,LEAGUE,,Salernitana,Empoli,2,2,D,Italy,Serie A,football-data.co.uk
league_eafc54e261ed8317,2022-09-05,SERIE_A,2022-23,LEAGUE,,Torino,Lecce,1,0,H,Italy,Serie A,football-data.co.uk
league_55a344eff743e2bc,2022-09-10,SERIE_A,2022-23,LEAGUE,,Inter Milan,Torino,1,0,H,Italy,Serie A,football-data.co.uk
league_f244fa57462f42ac,2022-09-10,SERIE_A,2022-23,LEAGUE,,Napoli,Spezia,1,0,H,Italy,Serie A,football-data.co.uk
league_94b1625a8d9117a6,2022-09-10,SERIE_A,2022-23,LEAGUE,,Sampdoria,AC Milan,1,2,A,Italy,Serie A,football-data.co.uk
league_66d35591d2695a1a,2022-09-11,SERIE_A,2022-23,LEAGUE,,Atalanta,Cremonese,1,1,D,Italy,Serie A,football-data.co.uk
league_8411c7486411410f,2022-09-11,SERIE_A,2022-23,LEAGUE,,Bologna,Fiorentina,2,1,H,Italy,Serie A,football-data.co.uk
league_7c1b19ad8ef54802,2022-09-11,SERIE_A,2022-23,LEAGUE,,Juventus,Salernitana,2,2,D,Italy,Serie A,football-data.co.uk
league_d264a65ef2297b80,2022-09-11,SERIE_A,2022-23,LEAGUE,,Lecce,Monza,1,1,D,Italy,Serie A,football-data.co.uk
league_5e4e3382ff64dbca,2022-09-11,SERIE_A,2022-23,LEAGUE,,SS Lazio,Hellas Verona,2,0,H,Italy,Serie A,football-data.co.uk
league_da5345ceb55cd2e0,2022-09-11,SERIE_A,2022-23,LEAGUE,,Sassuolo,Udinese,1,3,A,Italy,Serie A,football-data.co.uk
league_da11ce307a0fb99c,2022-09-12,SERIE_A,2022-23,LEAGUE,,Empoli,AS Roma,1,2,A,Italy,Serie A,football-data.co.uk
league_145a9436b01aee31,2022-09-16,SERIE_A,2022-23,LEAGUE,,Salernitana,Lecce,1,2,A,Italy,Serie A,football-data.co.uk
league_4755cbbf9992437b,2022-09-17,SERIE_A,2022-23,LEAGUE,,Bologna,Empoli,0,1,A,Italy,Serie A,football-data.co.uk
league_26065f15bc86b326,2022-09-17,SERIE_A,2022-23,LEAGUE,,Spezia,Sampdoria,2,1,H,Italy,Serie A,football-data.co.uk
league_c6ca8c4e1d3b1168,2022-09-17,SERIE_A,2022-23,LEAGUE,,Torino,Sassuolo,0,1,A,Italy,Serie A,football-data.co.uk
league_93390aa747f02ea5,2022-09-18,SERIE_A,2022-23,LEAGUE,,AC Milan,Napoli,1,2,A,Italy,Serie A,football-data.co.uk
league_1ec95e0ff90b735f,2022-09-18,SERIE_A,2022-23,LEAGUE,,AS Roma,Atalanta,0,1,A,Italy,Serie A,football-data.co.uk
league_de1e53a7d690a3c4,2022-09-18,SERIE_A,2022-23,LEAGUE,,Cremonese,SS Lazio,0,4,A,Italy,Serie A,football-data.co.uk
league_0d238a044b884a98,2022-09-18,SERIE_A,2022-23,LEAGUE,,Fiorentina,Hellas Verona,2,0,H,Italy,Serie A,football-data.co.uk
league_965df5653f0b8a7d,2022-09-18,SERIE_A,2022-23,LEAGUE,,Monza,Juventus,1,0,H,Italy,Serie A,football-data.co.uk
league_5de2ab59cee524d3,2022-09-18,SERIE_A,2022-23,LEAGUE,,Udinese,Inter Milan,3,1,H,Italy,Serie A,football-data.co.uk
league_2f8fa095a228d673,2022-10-01,SERIE_A,2022-23,LEAGUE,,Empoli,AC Milan,1,3,A,Italy,Serie A,football-data.co.uk
league_a753d08fc44487c1,2022-10-01,SERIE_A,2022-23,LEAGUE,,Inter Milan,AS Roma,1,2,A,Italy,Serie A,football-data.co.uk
league_1cfe6ff909c4839e,2022-10-01,SERIE_A,2022-23,LEAGUE,,Napoli,Torino,3,1,H,Italy,Serie A,football-data.co.uk
league_42f0346ab4bfda6a,2022-10-02,SERIE_A,2022-23,LEAGUE,,Atalanta,Fiorentina,1,0,H,Italy,Serie A,football-data.co.uk
league_f60a29ae6383ab52,2022-10-02,SERIE_A,2022-23,LEAGUE,,Juventus,Bologna,3,0,H,Italy,Serie A,football-data.co.uk
league_1165a2c480db6885,2022-10-02,SERIE_A,2022-23,LEAGUE,,Lecce,Cremonese,1,1,D,Italy,Serie A,football-data.co.uk
league_0105ada90ebd275c,2022-10-02,SERIE_A,2022-23,LEAGUE,,SS Lazio,Spezia,4,0,H,Italy,Serie A,football-data.co.uk
league_f301ff4beee40e4e,2022-10-02,SERIE_A,2022-23,LEAGUE,,Sampdoria,Monza,0,3,A,Italy,Serie A,football-data.co.uk
league_dcb802e0401f2a74,2022-10-02,SERIE_A,2022-23,LEAGUE,,Sassuolo,Salernitana,5,0,H,Italy,Serie A,football-data.co.uk
league_fa4f1f2d3e70b91a,2022-10-03,SERIE_A,2022-23,LEAGUE,,Hellas Verona,Udinese,1,2,A,Italy,Serie A,football-data.co.uk
league_d1d43a31c49e8a0e,2022-10-08,SERIE_A,2022-23,LEAGUE,,AC Milan,Juventus,2,0,H,Italy,Serie A,football-data.co.uk
league_2df33de4055f88df,2022-10-08,SERIE_A,2022-23,LEAGUE,,Bologna,Sampdoria,1,1,D,Italy,Serie A,football-data.co.uk
league_7f20a81e80357909,2022-10-08,SERIE_A,2022-23,LEAGUE,,Sassuolo,Inter Milan,1,2,A,Italy,Serie A,football-data.co.uk
league_ca0377b06e10493a,2022-10-09,SERIE_A,2022-23,LEAGUE,,AS Roma,Lecce,2,1,H,Italy,Serie A,football-data.co.uk
league_1aa0c2ae03bcda4c,2022-10-09,SERIE_A,2022-23,LEAGUE,,Cremonese,Napoli,1,4,A,Italy,Serie A,football-data.co.uk
league_5ccb3ebb2e22707c,2022-10-09,SERIE_A,2022-23,LEAGUE,,Monza,Spezia,2,0,H,Italy,Serie A,football-data.co.uk
league_611f55487e5aac4f,2022-10-09,SERIE_A,2022-23,LEAGUE,,Salernitana,Hellas Verona,2,1,H,Italy,Serie A,football-data.co.uk
league_a19314f0cb598fff,2022-10-09,SERIE_A,2022-23,LEAGUE,,Torino,Empoli,1,1,D,Italy,Serie A,football-data.co.uk
league_0c9cc03a8ba320f7,2022-10-09,SERIE_A,2022-23,LEAGUE,,Udinese,Atalanta,2,2,D,Italy,Serie A,football-data.co.uk
league_050ed6750e36560b,2022-10-10,SERIE_A,2022-23,LEAGUE,,Fiorentina,SS Lazio,0,4,A,Italy,Serie A,football-data.co.uk
league_86e5b13ae42a31cc,2022-10-15,SERIE_A,2022-23,LEAGUE,,Atalanta,Sassuolo,2,1,H,Italy,Serie A,football-data.co.uk
league_b68be9f4c5410c6c,2022-10-15,SERIE_A,2022-23,LEAGUE,,Empoli,Monza,1,0,H,Italy,Serie A,football-data.co.uk
league_6e28fcbf9a3a2ac2,2022-10-15,SERIE_A,2022-23,LEAGUE,,Torino,Juventus,0,1,A,Italy,Serie A,football-data.co.uk
league_1f21a2dacad83d21,2022-10-16,SERIE_A,2022-23,LEAGUE,,Hellas Verona,AC Milan,1,2,A,Italy,Serie A,football-data.co.uk
league_919af9c0934c8742,2022-10-16,SERIE_A,2022-23,LEAGUE,,Inter Milan,Salernitana,2,0,H,Italy,Serie A,football-data.co.uk
league_9a6206bdc395a7d8,2022-10-16,SERIE_A,2022-23,LEAGUE,,Napoli,Bologna,3,2,H,Italy,Serie A,football-data.co.uk
league_5bada66f6ee2a22c,2022-10-16,SERIE_A,2022-23,LEAGUE,,SS Lazio,Udinese,0,0,D,Italy,Serie A,football-data.co.uk
league_cb2d75d09f7bcfe3,2022-10-16,SERIE_A,2022-23,LEAGUE,,Spezia,Cremonese,2,2,D,Italy,Serie A,football-data.co.uk
league_f43862bd7780cc3a,2022-10-17,SERIE_A,2022-23,LEAGUE,,Lecce,Fiorentina,1,1,D,Italy,Serie A,football-data.co.uk
league_6618846581ff2603,2022-10-17,SERIE_A,2022-23,LEAGUE,,Sampdoria,AS Roma,0,1,A,Italy,Serie A,football-data.co.uk
league_581f4ee7fe458ac7,2022-10-21,SERIE_A,2022-23,LEAGUE,,Juventus,Empoli,4,0,H,Italy,Serie A,football-data.co.uk
league_f1afb5d9fa7744d2,2022-10-22,SERIE_A,2022-23,LEAGUE,,AC Milan,Monza,4,1,H,Italy,Serie A,football-data.co.uk
league_8ad49a449cacf517,2022-10-22,SERIE_A,2022-23,LEAGUE,,Fiorentina,Inter Milan,3,4,A,Italy,Serie A,football-data.co.uk
league_a55591332bdc00a1,2022-10-22,SERIE_A,2022-23,LEAGUE,,Salernitana,Spezia,1,0,H,Italy,Serie A,football-data.co.uk
league_4301177f892be7dc,2022-10-23,SERIE_A,2022-23,LEAGUE,,AS Roma,Napoli,0,1,A,Italy,Serie A,football-data.co.uk
league_fab4eaeb3c5ee057,2022-10-23,SERIE_A,2022-23,LEAGUE,,Atalanta,SS Lazio,0,2,A,Italy,Serie A,football-data.co.uk
league_d984c3bacf66df82,2022-10-23,SERIE_A,2022-23,LEAGUE,,Bologna,Lecce,2,0,H,Italy,Serie A,football-data.co.uk
league_0eaab36b4ff9b479,2022-10-23,SERIE_A,2022-23,LEAGUE,,Udinese,Torino,1,2,A,Italy,Serie A,football-data.co.uk
league_d75dabada0dccfae,2022-10-24,SERIE_A,2022-23,LEAGUE,,Cremonese,Sampdoria,0,1,A,Italy,Serie A,football-data.co.uk
league_ffd7413d528f5a4e,2022-10-24,SERIE_A,2022-23,LEAGUE,,Sassuolo,Hellas Verona,2,1,H,Italy,Serie A,football-data.co.uk
league_6e51e3fbe8c47e4a,2022-10-29,SERIE_A,2022-23,LEAGUE,,Inter Milan,Sampdoria,3,0,H,Italy,Serie A,football-data.co.uk
league_95c8c4d0770580e0,2022-10-29,SERIE_A,2022-23,LEAGUE,,Lecce,Juventus,0,1,A,Italy,Serie A,football-data.co.uk
league_46f652313b2855fe,2022-10-29,SERIE_A,2022-23,LEAGUE,,Napoli,Sassuolo,4,0,H,Italy,Serie A,football-data.co.uk
league_96bb4237789e195d,2022-10-30,SERIE_A,2022-23,LEAGUE,,Cremonese,Udinese,0,0,D,Italy,Serie A,football-data.co.uk
league_16b9de046c2996d9,2022-10-30,SERIE_A,2022-23,LEAGUE,,Empoli,Atalanta,0,2,A,Italy,Serie A,football-data.co.uk
league_6d04b9526265a728,2022-10-30,SERIE_A,2022-23,LEAGUE,,SS Lazio,Salernitana,1,3,A,Italy,Serie A,football-data.co.uk
league_4ee0a56b313df4c8,2022-10-30,SERIE_A,2022-23,LEAGUE,,Spezia,Fiorentina,1,2,A,Italy,Serie A,football-data.co.uk
league_656f6af664643e09,2022-10-30,SERIE_A,2022-23,LEAGUE,,Torino,AC Milan,2,1,H,Italy,Serie A,football-data.co.uk
league_afdfed6673426f88,2022-10-31,SERIE_A,2022-23,LEAGUE,,Hellas Verona,AS Roma,1,3,A,Italy,Serie A,football-data.co.uk
league_21bbfa87fa19a41f,2022-10-31,SERIE_A,2022-23,LEAGUE,,Monza,Bologna,1,2,A,Italy,Serie A,football-data.co.uk
league_7d91d383fa094ea9,2022-11-04,SERIE_A,2022-23,LEAGUE,,Udinese,Lecce,1,1,D,Italy,Serie A,football-data.co.uk
league_8224e364b9d041f8,2022-11-05,SERIE_A,2022-23,LEAGUE,,AC Milan,Spezia,2,1,H,Italy,Serie A,football-data.co.uk
league_c879fd33669e4a05,2022-11-05,SERIE_A,2022-23,LEAGUE,,Atalanta,Napoli,1,2,A,Italy,Serie A,football-data.co.uk
league_dbb47f201fee41a0,2022-11-05,SERIE_A,2022-23,LEAGUE,,Empoli,Sassuolo,1,0,H,Italy,Serie A,football-data.co.uk
league_e58a921ccf686050,2022-11-05,SERIE_A,2022-23,LEAGUE,,Salernitana,Cremonese,2,2,D,Italy,Serie A,football-data.co.uk
league_ce2dad381da03f27,2022-11-06,SERIE_A,2022-23,LEAGUE,,AS Roma,SS Lazio,0,1,A,Italy,Serie A,football-data.co.uk
league_4622caaf9986056a,2022-11-06,SERIE_A,2022-23,LEAGUE,,Bologna,Torino,2,1,H,Italy,Serie A,football-data.co.uk
league_0142b4d343f9c4cd,2022-11-06,SERIE_A,2022-23,LEAGUE,,Juventus,Inter Milan,2,0,H,Italy,Serie A,football-data.co.uk
league_d65cbbf52a517878,2022-11-06,SERIE_A,2022-23,LEAGUE,,Monza,Hellas Verona,2,0,H,Italy,Serie A,football-data.co.uk
league_9860c61a7bbf8844,2022-11-06,SERIE_A,2022-23,LEAGUE,,Sampdoria,Fiorentina,0,2,A,Italy,Serie A,football-data.co.uk
league_f1b375b738a56c5b,2022-11-08,SERIE_A,2022-23,LEAGUE,,Cremonese,AC Milan,0,0,D,Italy,Serie A,football-data.co.uk
league_f882f364b8d61df8,2022-11-08,SERIE_A,2022-23,LEAGUE,,Napoli,Empoli,2,0,H,Italy,Serie A,football-data.co.uk
league_ed2ebaee2e494c05,2022-11-08,SERIE_A,2022-23,LEAGUE,,Spezia,Udinese,1,1,D,Italy,Serie A,football-data.co.uk
league_c5b723f3566dae98,2022-11-09,SERIE_A,2022-23,LEAGUE,,Fiorentina,Salernitana,2,1,H,Italy,Serie A,football-data.co.uk
league_dedde6919b9bfdfc,2022-11-09,SERIE_A,2022-23,LEAGUE,,Inter Milan,Bologna,6,1,H,Italy,Serie A,football-data.co.uk
league_e6bfcaed68c014a7,2022-11-09,SERIE_A,2022-23,LEAGUE,,Lecce,Atalanta,2,1,H,Italy,Serie A,football-data.co.uk
league_e3859d5f2b94c0b5,2022-11-09,SERIE_A,2022-23,LEAGUE,,Sassuolo,AS Roma,1,1,D,Italy,Serie A,football-data.co.uk
league_6dd51f165dc95fe5,2022-11-09,SERIE_A,2022-23,LEAGUE,,Torino,Sampdoria,2,0,H,Italy,Serie A,football-data.co.uk
league_c46cf1c23658ed4c,2022-11-10,SERIE_A,2022-23,LEAGUE,,Hellas Verona,Juventus,0,1,A,Italy,Serie A,football-data.co.uk
league_bf5b197c29937266,2022-11-10,SERIE_A,2022-23,LEAGUE,,SS Lazio,Monza,1,0,H,Italy,Serie A,football-data.co.uk
league_4f4e96b5648404e8,2022-11-11,SERIE_A,2022-23,LEAGUE,,Empoli,Cremonese,2,0,H,Italy,Serie A,football-data.co.uk
league_9926e088e2327abc,2022-11-12,SERIE_A,2022-23,LEAGUE,,Bologna,Sassuolo,3,0,H,Italy,Serie A,football-data.co.uk
league_62ab523feabfedf6,2022-11-12,SERIE_A,2022-23,LEAGUE,,Napoli,Udinese,3,2,H,Italy,Serie A,football-data.co.uk
league_8b8a744456393e35,2022-11-12,SERIE_A,2022-23,LEAGUE,,Sampdoria,Lecce,0,2,A,Italy,Serie A,football-data.co.uk
league_c82795132d7f8425,2022-11-13,SERIE_A,2022-23,LEAGUE,,AC Milan,Fiorentina,2,1,H,Italy,Serie A,football-data.co.uk
league_7083763c7d2438c9,2022-11-13,SERIE_A,2022-23,LEAGUE,,AS Roma,Torino,1,1,D,Italy,Serie A,football-data.co.uk
league_6dd16da442b3ef04,2022-11-13,SERIE_A,2022-23,LEAGUE,,Atalanta,Inter Milan,2,3,A,Italy,Serie A,football-data.co.uk
league_3d20167186ab3158,2022-11-13,SERIE_A,2022-23,LEAGUE,,Hellas Verona,Spezia,1,2,A,Italy,Serie A,football-data.co.uk
league_b5807eacad9acb94,2022-11-13,SERIE_A,2022-23,LEAGUE,,Juventus,SS Lazio,3,0,H,Italy,Serie A,football-data.co.uk
league_1f06da625ff55229,2022-11-13,SERIE_A,2022-23,LEAGUE,,Monza,Salernitana,3,0,H,Italy,Serie A,football-data.co.uk
league_e2a789036c26c523,2023-01-04,SERIE_A,2022-23,LEAGUE,,AS Roma,Bologna,1,0,H,Italy,Serie A,football-data.co.uk
league_57941c89df733cb4,2023-01-04,SERIE_A,2022-23,LEAGUE,,Cremonese,Juventus,0,1,A,Italy,Serie A,football-data.co.uk
league_aaa78f22ad557ee0,2023-01-04,SERIE_A,2022-23,LEAGUE,,Fiorentina,Monza,1,1,D,Italy,Serie A,football-data.co.uk
league_ddc829e54b61d974,2023-01-04,SERIE_A,2022-23,LEAGUE,,Inter Milan,Napoli,1,0,H,Italy,Serie A,football-data.co.uk
league_3d3567cdda695b8c,2023-01-04,SERIE_A,2022-23,LEAGUE,,Lecce,SS Lazio,2,1,H,Italy,Serie A,football-data.co.uk
league_28ec0cb243d004b7,2023-01-04,SERIE_A,2022-23,LEAGUE,,Salernitana,AC Milan,1,2,A,Italy,Serie A,football-data.co.uk
league_18f41412c6a364c7,2023-01-04,SERIE_A,2022-23,LEAGUE,,Sassuolo,Sampdoria,1,2,A,Italy,Serie A,football-data.co.uk
league_96c0e1de4b82568c,2023-01-04,SERIE_A,2022-23,LEAGUE,,Spezia,Atalanta,2,2,D,Italy,Serie A,football-data.co.uk
league_8b60368cdc73cb8a,2023-01-04,SERIE_A,2022-23,LEAGUE,,Torino,Hellas Verona,1,1,D,Italy,Serie A,football-data.co.uk
league_9f5946d31fbb7fe6,2023-01-04,SERIE_A,2022-23,LEAGUE,,Udinese,Empoli,1,1,D,Italy,Serie A,football-data.co.uk
league_43ed30f9f7842a4c,2023-01-07,SERIE_A,2022-23,LEAGUE,,Fiorentina,Sassuolo,2,1,H,Italy,Serie A,football-data.co.uk
league_7bcf69262ba312ab,2023-01-07,SERIE_A,2022-23,LEAGUE,,Juventus,Udinese,1,0,H,Italy,Serie A,football-data.co.uk
league_bbf96ce821b881e9,2023-01-07,SERIE_A,2022-23,LEAGUE,,Monza,Inter Milan,2,2,D,Italy,Serie A,football-data.co.uk
league_30e05547dea53c51,2023-01-08,SERIE_A,2022-23,LEAGUE,,AC Milan,AS Roma,2,2,D,Italy,Serie A,football-data.co.uk
league_3a8b1316cdc73601,2023-01-08,SERIE_A,2022-23,LEAGUE,,SS Lazio,Empoli,2,2,D,Italy,Serie A,football-data.co.uk
league_1c64750e44b265bd,2023-01-08,SERIE_A,2022-23,LEAGUE,,Salernitana,Torino,1,1,D,Italy,Serie A,football-data.co.uk
league_c74c37050aea7f70,2023-01-08,SERIE_A,2022-23,LEAGUE,,Sampdoria,Napoli,0,2,A,Italy,Serie A,football-data.co.uk
league_2fe263d5fdce7554,2023-01-08,SERIE_A,2022-23,LEAGUE,,Spezia,Lecce,0,0,D,Italy,Serie A,football-data.co.uk
league_b305c94d8e55f270,2023-01-09,SERIE_A,2022-23,LEAGUE,,Bologna,Atalanta,1,2,A,Italy,Serie A,football-data.co.uk
league_b33d7e54676e9a7a,2023-01-09,SERIE_A,2022-23,LEAGUE,,Hellas Verona,Cremonese,2,0,H,Italy,Serie A,football-data.co.uk
league_3e91646ab02459b2,2023-01-13,SERIE_A,2022-23,LEAGUE,,Napoli,Juventus,5,1,H,Italy,Serie A,football-data.co.uk
league_53c26ff84d09964b,2023-01-14,SERIE_A,2022-23,LEAGUE,,Cremonese,Monza,2,3,A,Italy,Serie A,football-data.co.uk
league_77565704e9119f5d,2023-01-14,SERIE_A,2022-23,LEAGUE,,Inter Milan,Hellas Verona,1,0,H,Italy,Serie A,football-data.co.uk
league_65dad895b19e9a64,2023-01-14,SERIE_A,2022-23,LEAGUE,,Lecce,AC Milan,2,2,D,Italy,Serie A,football-data.co.uk
league_c67c244ffd0a87f6,2023-01-15,SERIE_A,2022-23,LEAGUE,,AS Roma,Fiorentina,2,0,H,Italy,Serie A,football-data.co.uk
league_47aeda5ce24f7fa4,2023-01-15,SERIE_A,2022-23,LEAGUE,,Atalanta,Salernitana,8,2,H,Italy,Serie A,football-data.co.uk
league_1a7a891a1c60a001,2023-01-15,SERIE_A,2022-23,LEAGUE,,Sassuolo,SS Lazio,0,2,A,Italy,Serie A,football-data.co.uk
league_6e88516c33ba022e,2023-01-15,SERIE_A,2022-23,LEAGUE,,Torino,Spezia,0,1,A,Italy,Serie A,football-data.co.uk
league_e59ab643384cc033,2023-01-15,SERIE_A,2022-23,LEAGUE,,Udinese,Bologna,1,2,A,Italy,Serie A,football-data.co.uk
league_7bdf4c3710a01879,2023-01-16,SERIE_A,2022-23,LEAGUE,,Empoli,Sampdoria,1,0,H,Italy,Serie A,football-data.co.uk
league_f2f327a728158632,2023-01-21,SERIE_A,2022-23,LEAGUE,,Fiorentina,Torino,0,1,A,Italy,Serie A,football-data.co.uk
league_8e8fe0c1f07fe39c,2023-01-21,SERIE_A,2022-23,LEAGUE,,Hellas Verona,Lecce,2,0,H,Italy,Serie A,football-data.co.uk
league_1a24f2a557be7497,2023-01-21,SERIE_A,2022-23,LEAGUE,,Salernitana,Napoli,0,2,A,Italy,Serie A,football-data.co.uk
league_4cec2d80f4a4ef4a,2023-01-22,SERIE_A,2022-23,LEAGUE,,Juventus,Atalanta,3,3,D,Italy,Serie A,football-data.co.uk
league_f3f8f34d75f098b4,2023-01-22,SERIE_A,2022-23,LEAGUE,,Monza,Sassuolo,1,1,D,Italy,Serie A,football-data.co.uk
league_be548d2b18f60096,2023-01-22,SERIE_A,2022-23,LEAGUE,,Sampdoria,Udinese,0,1,A,Italy,Serie A,football-data.co.uk
league_d5bad6dce4f7418c,2023-01-22,SERIE_A,2022-23,LEAGUE,,Spezia,AS Roma,0,2,A,Italy,Serie A,football-data.co.uk
league_61ffe42634f28d5b,2023-01-23,SERIE_A,2022-23,LEAGUE,,Bologna,Cremonese,1,1,D,Italy,Serie A,football-data.co.uk
league_f05c2c564d089192,2023-01-23,SERIE_A,2022-23,LEAGUE,,Inter Milan,Empoli,0,1,A,Italy,Serie A,football-data.co.uk
league_08b52c46d5255cbf,2023-01-24,SERIE_A,2022-23,LEAGUE,,SS Lazio,AC Milan,4,0,H,Italy,Serie A,football-data.co.uk
league_0bc853965caf2a6e,2023-01-27,SERIE_A,2022-23,LEAGUE,,Bologna,Spezia,2,0,H,Italy,Serie A,football-data.co.uk
league_130d65aee5589628,2023-01-27,SERIE_A,2022-23,LEAGUE,,Lecce,Salernitana,1,2,A,Italy,Serie A,football-data.co.uk
league_327d15eba879e397,2023-01-28,SERIE_A,2022-23,LEAGUE,,Atalanta,Sampdoria,2,0,H,Italy,Serie A,football-data.co.uk
league_0713a1c0e3506b30,2023-01-28,SERIE_A,2022-23,LEAGUE,,Cremonese,Inter Milan,1,2,A,Italy,Serie A,football-data.co.uk
league_3ae5cc53b04c35a1,2023-01-28,SERIE_A,2022-23,LEAGUE,,Empoli,Torino,2,2,D,Italy,Serie A,football-data.co.uk
league_2a748503aa7af644,2023-01-29,SERIE_A,2022-23,LEAGUE,,AC Milan,Sassuolo,2,5,A,Italy,Serie A,football-data.co.uk
league_be4020459b97f3b2,2023-01-29,SERIE_A,2022-23,LEAGUE,,Juventus,Monza,0,2,A,Italy,Serie A,football-data.co.uk
league_5c6c2b6b979f5ad5,2023-01-29,SERIE_A,2022-23,LEAGUE,,Napoli,AS Roma,2,1,H,Italy,Serie A,football-data.co.uk
league_31c5e7e9040c42a2,2023-01-29,SERIE_A,2022-23,LEAGUE,,SS Lazio,Fiorentina,1,1,D,Italy,Serie A,football-data.co.uk
league_e28d2476dc1b88a4,2023-01-30,SERIE_A,2022-23,LEAGUE,,Udinese,Hellas Verona,1,1,D,Italy,Serie A,football-data.co.uk
league_fc110e61cb5373f6,2023-02-04,SERIE_A,2022-23,LEAGUE,,AS Roma,Empoli,2,0,H,Italy,Serie A,football-data.co.uk
league_a08cef9f0d96746d,2023-02-04,SERIE_A,2022-23,LEAGUE,,Cremonese,Lecce,0,2,A,Italy,Serie A,football-data.co.uk
league_4087960ca85462fa,2023-02-04,SERIE_A,2022-23,LEAGUE,,Sassuolo,Atalanta,1,0,H,Italy,Serie A,football-data.co.uk
league_c288991de9ff8c18,2023-02-05,SERIE_A,2022-23,LEAGUE,,Fiorentina,Bologna,1,2,A,Italy,Serie A,football-data.co.uk
league_57e3dedafb7202b3,2023-02-05,SERIE_A,2022-23,LEAGUE,,Inter Milan,AC Milan,1,0,H,Italy,Serie A,football-data.co.uk
league_a0f6cfb4e229a562,2023-02-05,SERIE_A,2022-23,LEAGUE,,Spezia,Napoli,0,3,A,Italy,Serie A,football-data.co.uk
league_4774836f6b577bf8,2023-02-05,SERIE_A,2022-23,LEAGUE,,Torino,Udinese,1,0,H,Italy,Serie A,football-data.co.uk
league_28d87d93ea329786,2023-02-06,SERIE_A,2022-23,LEAGUE,,Hellas Verona,SS Lazio,1,1,D,Italy,Serie A,football-data.co.uk
league_1a441fd342180a1b,2023-02-06,SERIE_A,2022-23,LEAGUE,,Monza,Sampdoria,2,2,D,Italy,Serie A,football-data.co.uk
league_8b9d2148e41bae63,2023-02-07,SERIE_A,2022-23,LEAGUE,,Salernitana,Juventus,0,3,A,Italy,Serie A,football-data.co.uk
league_ecf76afd8f90a36d,2023-02-10,SERIE_A,2022-23,LEAGUE,,AC Milan,Torino,1,0,H,Italy,Serie A,football-data.co.uk
league_8ca1eb2dd9857ef6,2023-02-11,SERIE_A,2022-23,LEAGUE,,Empoli,Spezia,2,2,D,Italy,Serie A,football-data.co.uk
league_ac41ac319903cebb,2023-02-11,SERIE_A,2022-23,LEAGUE,,Lecce,AS Roma,1,1,D,Italy,Serie A,football-data.co.uk
league_39bcecd6cca79212,2023-02-11,SERIE_A,2022-23,LEAGUE,,SS Lazio,Atalanta,0,2,A,Italy,Serie A,football-data.co.uk
league_faaacc73084d1a28,2023-02-12,SERIE_A,2022-23,LEAGUE,,Bologna,Monza,0,1,A,Italy,Serie A,football-data.co.uk
league_cac60ab38cec39d9,2023-02-12,SERIE_A,2022-23,LEAGUE,,Juventus,Fiorentina,1,0,H,Italy,Serie A,football-data.co.uk
league_d4ba43254bf3ad01,2023-02-12,SERIE_A,2022-23,LEAGUE,,Napoli,Cremonese,3,0,H,Italy,Serie A,football-data.co.uk
league_94f2f470c6f6472a,2023-02-12,SERIE_A,2022-23,LEAGUE,,Udinese,Sassuolo,2,2,D,Italy,Serie A,football-data.co.uk
league_2adc819c538462f2,2023-02-13,SERIE_A,2022-23,LEAGUE,,Hellas Verona,Salernitana,1,0,H,Italy,Serie A,football-data.co.uk
league_a01f214be2187250,2023-02-13,SERIE_A,2022-23,LEAGUE,,Sampdoria,Inter Milan,0,0,D,Italy,Serie A,football-data.co.uk
league_22f297394f4eb7cb,2023-02-17,SERIE_A,2022-23,LEAGUE,,Sassuolo,Napoli,0,2,A,Italy,Serie A,football-data.co.uk
league_ce6f5ed82063de3e,2023-02-18,SERIE_A,2022-23,LEAGUE,,Inter Milan,Udinese,3,1,H,Italy,Serie A,football-data.co.uk
league_5e0530d6d7508c09,2023-02-18,SERIE_A,2022-23,LEAGUE,,Monza,AC Milan,0,1,A,Italy,Serie A,football-data.co.uk
league_6fde1da84214335b,2023-02-18,SERIE_A,2022-23,LEAGUE,,Sampdoria,Bologna,1,2,A,Italy,Serie A,football-data.co.uk
league_d188e1ee5268bb59,2023-02-19,SERIE_A,2022-23,LEAGUE,,AS Roma,Hellas Verona,1,0,H,Italy,Serie A,football-data.co.uk
league_c034a0bc430dbe53,2023-02-19,SERIE_A,2022-23,LEAGUE,,Atalanta,Lecce,1,2,A,Italy,Serie A,football-data.co.uk
league_3f3b7e12ccfb0af5,2023-02-19,SERIE_A,2022-23,LEAGUE,,Fiorentina,Empoli,1,1,D,Italy,Serie A,football-data.co.uk
league_f3859a621630d639,2023-02-19,SERIE_A,2022-23,LEAGUE,,Salernitana,SS Lazio,0,2,A,Italy,Serie A,football-data.co.uk
league_6f4b6d559549743c,2023-02-19,SERIE_A,2022-23,LEAGUE,,Spezia,Juventus,0,2,A,Italy,Serie A,football-data.co.uk
league_f67fda3417688178,2023-02-20,SERIE_A,2022-23,LEAGUE,,Torino,Cremonese,2,2,D,Italy,Serie A,football-data.co.uk
league_9ae47a432f90b1f9,2023-02-25,SERIE_A,2022-23,LEAGUE,,Empoli,Napoli,0,2,A,Italy,Serie A,football-data.co.uk
league_7412f7e0c12acac2,2023-02-25,SERIE_A,2022-23,LEAGUE,,Lecce,Sassuolo,0,1,A,Italy,Serie A,football-data.co.uk
league_690c00a0cad3a24f,2023-02-26,SERIE_A,2022-23,LEAGUE,,AC Milan,Atalanta,2,0,H,Italy,Serie A,football-data.co.uk
league_e5270cc7ba0d6ddf,2023-02-26,SERIE_A,2022-23,LEAGUE,,Bologna,Inter Milan,1,0,H,Italy,Serie A,football-data.co.uk
league_f597719533e8f4a7,2023-02-26,SERIE_A,2022-23,LEAGUE,,Salernitana,Monza,3,0,H,Italy,Serie A,football-data.co.uk
league_e22365d3fa60b46e,2023-02-26,SERIE_A,2022-23,LEAGUE,,Udinese,Spezia,2,2,D,Italy,Serie A,football-data.co.uk
league_b432842b9eafd981,2023-02-27,SERIE_A,2022-23,LEAGUE,,Hellas Verona,Fiorentina,0,3,A,Italy,Serie A,football-data.co.uk
league_2242fdde9ed1b4b1,2023-02-27,SERIE_A,2022-23,LEAGUE,,SS Lazio,Sampdoria,1,0,H,Italy,Serie A,football-data.co.uk
league_4ab14b6f2161ac9f,2023-02-28,SERIE_A,2022-23,LEAGUE,,Cremonese,AS Roma,2,1,H,Italy,Serie A,football-data.co.uk
league_3b3425631557687c,2023-02-28,SERIE_A,2022-23,LEAGUE,,Juventus,Torino,4,2,H,Italy,Serie A,football-data.co.uk
league_6e2a734e8dabf96f,2023-03-03,SERIE_A,2022-23,LEAGUE,,Napoli,SS Lazio,0,1,A,Italy,Serie A,football-data.co.uk
league_d7f00b6c316fce29,2023-03-04,SERIE_A,2022-23,LEAGUE,,Atalanta,Udinese,0,0,D,Italy,Serie A,football-data.co.uk
league_ae486826e6098fc6,2023-03-04,SERIE_A,2022-23,LEAGUE,,Fiorentina,AC Milan,2,1,H,Italy,Serie A,football-data.co.uk
league_a44f5074dcd56832,2023-03-04,SERIE_A,2022-23,LEAGUE,,Monza,Empoli,2,1,H,Italy,Serie A,football-data.co.uk
league_5f8f206ddc9a63d1,2023-03-05,SERIE_A,2022-23,LEAGUE,,AS Roma,Juventus,1,0,H,Italy,Serie A,football-data.co.uk
league_7868c15174d9e58c,2023-03-05,SERIE_A,2022-23,LEAGUE,,Inter Milan,Lecce,2,0,H,Italy,Serie A,football-data.co.uk
league_700ff00d4d2e93c0,2023-03-05,SERIE_A,2022-23,LEAGUE,,Sampdoria,Salernitana,0,0,D,Italy,Serie A,football-data.co.uk
league_5fce86952a739ee9,2023-03-05,SERIE_A,2022-23,LEAGUE,,Spezia,Hellas Verona,0,0,D,Italy,Serie A,football-data.co.uk
league_eae167ccec50d432,2023-03-06,SERIE_A,2022-23,LEAGUE,,Sassuolo,Cremonese,3,2,H,Italy,Serie A,football-data.co.uk
league_fcc91b00bd78a4d9,2023-03-06,SERIE_A,2022-23,LEAGUE,,Torino,Bologna,1,0,H,Italy,Serie A,football-data.co.uk
league_6fd04be6c1a3b1ee,2023-03-10,SERIE_A,2022-23,LEAGUE,,Spezia,Inter Milan,2,1,H,Italy,Serie A,football-data.co.uk
league_ddac7c8d788f2221,2023-03-11,SERIE_A,2022-23,LEAGUE,,Bologna,SS Lazio,0,0,D,Italy,Serie A,football-data.co.uk
league_781e66bd1a821385,2023-03-11,SERIE_A,2022-23,LEAGUE,,Empoli,Udinese,0,1,A,Italy,Serie A,football-data.co.uk
league_1d970cb6b2ac36ac,2023-03-11,SERIE_A,2022-23,LEAGUE,,Napoli,Atalanta,2,0,H,Italy,Serie A,football-data.co.uk
league_8669e9a2521e8f02,2023-03-12,SERIE_A,2022-23,LEAGUE,,AS Roma,Sassuolo,3,4,A,Italy,Serie A,football-data.co.uk
league_7b4002b1aab03b21,2023-03-12,SERIE_A,2022-23,LEAGUE,,Cremonese,Fiorentina,0,2,A,Italy,Serie A,football-data.co.uk
league_e31a4bc7158fbbd7,2023-03-12,SERIE_A,2022-23,LEAGUE,,Hellas Verona,Monza,1,1,D,Italy,Serie A,football-data.co.uk
league_8794c6783f548802,2023-03-12,SERIE_A,2022-23,LEAGUE,,Juventus,Sampdoria,4,2,H,Italy,Serie A,football-data.co.uk
league_bedcf755a33928f6,2023-03-12,SERIE_A,2022-23,LEAGUE,,Lecce,Torino,0,2,A,Italy,Serie A,football-data.co.uk
league_80ce60d134e8546f,2023-03-13,SERIE_A,2022-23,LEAGUE,,AC Milan,Salernitana,1,1,D,Italy,Serie A,football-data.co.uk
league_9db26610a3222926,2023-03-17,SERIE_A,2022-23,LEAGUE,,Atalanta,Empoli,2,1,H,Italy,Serie A,football-data.co.uk
league_cdb8c7bfbeccb933,2023-03-17,SERIE_A,2022-23,LEAGUE,,Sassuolo,Spezia,1,0,H,Italy,Serie A,football-data.co.uk
league_3a1c7e83df49fa29,2023-03-18,SERIE_A,2022-23,LEAGUE,,Monza,Cremonese,1,1,D,Italy,Serie A,football-data.co.uk
league_695f9aec0b01d275,2023-03-18,SERIE_A,2022-23,LEAGUE,,Salernitana,Bologna,2,2,D,Italy,Serie A,football-data.co.uk
league_44570e6d9ff8c072,2023-03-18,SERIE_A,2022-23,LEAGUE,,Udinese,AC Milan,3,1,H,Italy,Serie A,football-data.co.uk
league_b737c4b45ac724dd,2023-03-19,SERIE_A,2022-23,LEAGUE,,Fiorentina,Lecce,1,0,H,Italy,Serie A,football-data.co.uk
league_5ae48f71b8eb83be,2023-03-19,SERIE_A,2022-23,LEAGUE,,Inter Milan,Juventus,0,1,A,Italy,Serie A,football-data.co.uk
league_6cb16cbdeaa4252f,2023-03-19,SERIE_A,2022-23,LEAGUE,,SS Lazio,AS Roma,1,0,H,Italy,Serie A,football-data.co.uk
league_f2e77ed77378bb59,2023-03-19,SERIE_A,2022-23,LEAGUE,,Sampdoria,Hellas Verona,3,1,H,Italy,Serie A,football-data.co.uk
league_b7769d05b198ea80,2023-03-19,SERIE_A,2022-23,LEAGUE,,Torino,Napoli,0,4,A,Italy,Serie A,football-data.co.uk
league_cf87e1c7fc252eb8,2023-04-01,SERIE_A,2022-23,LEAGUE,,Cremonese,Atalanta,1,3,A,Italy,Serie A,football-data.co.uk
league_04e3cf8159e89656,2023-04-01,SERIE_A,2022-23,LEAGUE,,Inter Milan,Fiorentina,0,1,A,Italy,Serie A,football-data.co.uk
league_c65dd82174a5cc83,2023-04-01,SERIE_A,2022-23,LEAGUE,,Juventus,Hellas Verona,1,0,H,Italy,Serie A,football-data.co.uk
league_9eb750d10ea22627,2023-04-02,SERIE_A,2022-23,LEAGUE,,AS Roma,Sampdoria,3,0,H,Italy,Serie A,football-data.co.uk
league_17f0158282b89fc4,2023-04-02,SERIE_A,2022-23,LEAGUE,,Bologna,Udinese,3,0,H,Italy,Serie A,football-data.co.uk
league_21e4ee33396cc534,2023-04-02,SERIE_A,2022-23,LEAGUE,,Monza,SS Lazio,0,2,A,Italy,Serie A,football-data.co.uk
league_2b7d29ffff701256,2023-04-02,SERIE_A,2022-23,LEAGUE,,Napoli,AC Milan,0,4,A,Italy,Serie A,football-data.co.uk
league_f880b74303e42e73,2023-04-02,SERIE_A,2022-23,LEAGUE,,Spezia,Salernitana,1,1,D,Italy,Serie A,football-data.co.uk
league_ded1c14424ccf388,2023-04-03,SERIE_A,2022-23,LEAGUE,,Empoli,Lecce,1,0,H,Italy,Serie A,football-data.co.uk
league_9392b0a562298f0c,2023-04-03,SERIE_A,2022-23,LEAGUE,,Sassuolo,Torino,1,1,D,Italy,Serie A,football-data.co.uk
league_0747d8f01f9dccd8,2023-04-07,SERIE_A,2022-23,LEAGUE,,AC Milan,Empoli,0,0,D,Italy,Serie A,football-data.co.uk
league_6151f190428c2139,2023-04-07,SERIE_A,2022-23,LEAGUE,,Lecce,Napoli,1,2,A,Italy,Serie A,football-data.co.uk
league_a5db3ca1c5e483d8,2023-04-07,SERIE_A,2022-23,LEAGUE,,Salernitana,Inter Milan,1,1,D,Italy,Serie A,football-data.co.uk
league_f92597b662d63f9b,2023-04-08,SERIE_A,2022-23,LEAGUE,,Atalanta,Bologna,0,2,A,Italy,Serie A,football-data.co.uk
league_a7783af9a290b63c,2023-04-08,SERIE_A,2022-23,LEAGUE,,Fiorentina,Spezia,1,1,D,Italy,Serie A,football-data.co.uk
league_1d858f35309b7ec1,2023-04-08,SERIE_A,2022-23,LEAGUE,,Hellas Verona,Sassuolo,2,1,H,Italy,Serie A,football-data.co.uk
league_46b1f4e36ac0e99a,2023-04-08,SERIE_A,2022-23,LEAGUE,,SS Lazio,Juventus,2,1,H,Italy,Serie A,football-data.co.uk
league_39011fcfc51af9f9,2023-04-08,SERIE_A,2022-23,LEAGUE,,Sampdoria,Cremonese,2,3,A,Italy,Serie A,football-data.co.uk
league_0a2f1781ec1cdac7,2023-04-08,SERIE_A,2022-23,LEAGUE,,Torino,AS Roma,0,1,A,Italy,Serie A,football-data.co.uk
league_a2f53e902e6364df,2023-04-08,SERIE_A,2022-23,LEAGUE,,Udinese,Monza,2,2,D,Italy,Serie A,football-data.co.uk
league_96430fbfe82429c9,2023-04-14,SERIE_A,2022-23,LEAGUE,,Cremonese,Empoli,1,0,H,Italy,Serie A,football-data.co.uk
league_ae4cd39841d09a83,2023-04-14,SERIE_A,2022-23,LEAGUE,,Spezia,SS Lazio,0,3,A,Italy,Serie A,football-data.co.uk
league_1c58f5a4b9233458,2023-04-15,SERIE_A,2022-23,LEAGUE,,Bologna,AC Milan,1,1,D,Italy,Serie A,football-data.co.uk
league_1d92c7c4711d158c,2023-04-15,SERIE_A,2022-23,LEAGUE,,Inter Milan,Monza,0,1,A,Italy,Serie A,football-data.co.uk
league_02fc5c470ea090ab,2023-04-15,SERIE_A,2022-23,LEAGUE,,Napoli,Hellas Verona,0,0,D,Italy,Serie A,football-data.co.uk
league_0af74efc24f8b684,2023-04-16,SERIE_A,2022-23,LEAGUE,,AS Roma,Udinese,3,0,H,Italy,Serie A,football-data.co.uk
league_56ed26bc97b3f523,2023-04-16,SERIE_A,2022-23,LEAGUE,,Lecce,Sampdoria,1,1,D,Italy,Serie A,football-data.co.uk
league_bdaa388c6d05772a,2023-04-16,SERIE_A,2022-23,LEAGUE,,Sassuolo,Juventus,1,0,H,Italy,Serie A,football-data.co.uk
league_13ef4286cc672944,2023-04-16,SERIE_A,2022-23,LEAGUE,,Torino,Salernitana,1,1,D,Italy,Serie A,football-data.co.uk
league_368adbcc2c1d2ffd,2023-04-17,SERIE_A,2022-23,LEAGUE,,Fiorentina,Atalanta,1,1,D,Italy,Serie A,football-data.co.uk
league_77f9149d15085dca,2023-04-21,SERIE_A,2022-23,LEAGUE,,Hellas Verona,Bologna,2,1,H,Italy,Serie A,football-data.co.uk
league_a9f94405e1a6fc82,2023-04-22,SERIE_A,2022-23,LEAGUE,,SS Lazio,Torino,0,1,A,Italy,Serie A,football-data.co.uk
league_3b241da1626abd92,2023-04-22,SERIE_A,2022-23,LEAGUE,,Salernitana,Sassuolo,3,0,H,Italy,Serie A,football-data.co.uk
league_9bbebda5f6559348,2023-04-22,SERIE_A,2022-23,LEAGUE,,Sampdoria,Spezia,1,1,D,Italy,Serie A,football-data.co.uk
league_4d9dc650d57f4bbb,2023-04-23,SERIE_A,2022-23,LEAGUE,,AC Milan,Lecce,2,0,H,Italy,Serie A,football-data.co.uk
league_cda71e5dedc0f4f8,2023-04-23,SERIE_A,2022-23,LEAGUE,,Empoli,Inter Milan,0,3,A,Italy,Serie A,football-data.co.uk
league_39fb070ac5c0fafa,2023-04-23,SERIE_A,2022-23,LEAGUE,,Juventus,Napoli,0,1,A,Italy,Serie A,football-data.co.uk
league_43618cc60330a380,2023-04-23,SERIE_A,2022-23,LEAGUE,,Monza,Fiorentina,3,2,H,Italy,Serie A,football-data.co.uk
league_804eb88c850138f8,2023-04-23,SERIE_A,2022-23,LEAGUE,,Udinese,Cremonese,3,0,H,Italy,Serie A,football-data.co.uk
league_91392e6e872ef221,2023-04-24,SERIE_A,2022-23,LEAGUE,,Atalanta,AS Roma,3,1,H,Italy,Serie A,football-data.co.uk
league_65b645a0605ed637,2023-04-28,SERIE_A,2022-23,LEAGUE,,Lecce,Udinese,1,0,H,Italy,Serie A,football-data.co.uk
league_9890976c27f3cfff,2023-04-28,SERIE_A,2022-23,LEAGUE,,Spezia,Monza,0,2,A,Italy,Serie A,football-data.co.uk
league_7dcd5e033451b9c4,2023-04-29,SERIE_A,2022-23,LEAGUE,,AS Roma,AC Milan,1,1,D,Italy,Serie A,football-data.co.uk
league_57b7d925568f45d0,2023-04-29,SERIE_A,2022-23,LEAGUE,,Torino,Atalanta,1,2,A,Italy,Serie A,football-data.co.uk
league_ec06d93b76b8202f,2023-04-30,SERIE_A,2022-23,LEAGUE,,Bologna,Juventus,1,1,D,Italy,Serie A,football-data.co.uk
league_52fcda4587a43ec4,2023-04-30,SERIE_A,2022-23,LEAGUE,,Cremonese,Hellas Verona,1,1,D,Italy,Serie A,football-data.co.uk
league_25d4f4ca7199ff0e,2023-04-30,SERIE_A,2022-23,LEAGUE,,Fiorentina,Sampdoria,5,0,H,Italy,Serie A,football-data.co.uk
league_b59e291363dae6c0,2023-04-30,SERIE_A,2022-23,LEAGUE,,Inter Milan,SS Lazio,3,1,H,Italy,Serie A,football-data.co.uk
league_a86601083fbcd3d1,2023-04-30,SERIE_A,2022-23,LEAGUE,,Napoli,Salernitana,1,1,D,Italy,Serie A,football-data.co.uk
league_4ef262a325b15a6b,2023-04-30,SERIE_A,2022-23,LEAGUE,,Sassuolo,Empoli,2,1,H,Italy,Serie A,football-data.co.uk
league_74ef47eaeed88ca7,2023-05-03,SERIE_A,2022-23,LEAGUE,,AC Milan,Cremonese,1,1,D,Italy,Serie A,football-data.co.uk
league_a6e83f0849c679c9,2023-05-03,SERIE_A,2022-23,LEAGUE,,Atalanta,Spezia,3,2,H,Italy,Serie A,football-data.co.uk
league_70f76e7facb7aaa1,2023-05-03,SERIE_A,2022-23,LEAGUE,,Hellas Verona,Inter Milan,0,6,A,Italy,Serie A,football-data.co.uk
league_9f9c6cfcd0cfe9b6,2023-05-03,SERIE_A,2022-23,LEAGUE,,Juventus,Lecce,2,1,H,Italy,Serie A,football-data.co.uk
league_fd9889afe79d57f3,2023-05-03,SERIE_A,2022-23,LEAGUE,,Monza,AS Roma,1,1,D,Italy,Serie A,football-data.co.uk
league_9fcc2e6704a8179c,2023-05-03,SERIE_A,2022-23,LEAGUE,,SS Lazio,Sassuolo,2,0,H,Italy,Serie A,football-data.co.uk
league_90baca15f43517e9,2023-05-03,SERIE_A,2022-23,LEAGUE,,Salernitana,Fiorentina,3,3,D,Italy,Serie A,football-data.co.uk
league_d8b1a15fc8cae3aa,2023-05-03,SERIE_A,2022-23,LEAGUE,,Sampdoria,Torino,0,2,A,Italy,Serie A,football-data.co.uk
league_7211632005ccd287,2023-05-04,SERIE_A,2022-23,LEAGUE,,Empoli,Bologna,3,1,H,Italy,Serie A,football-data.co.uk
league_97f599a3731db03c,2023-05-04,SERIE_A,2022-23,LEAGUE,,Udinese,Napoli,1,1,D,Italy,Serie A,football-data.co.uk
league_ba024a8bb7a77fc9,2023-05-06,SERIE_A,2022-23,LEAGUE,,AC Milan,SS Lazio,2,0,H,Italy,Serie A,football-data.co.uk
league_88abe3256b74e29e,2023-05-06,SERIE_A,2022-23,LEAGUE,,AS Roma,Inter Milan,0,2,A,Italy,Serie A,football-data.co.uk
league_8077352331501fa8,2023-05-06,SERIE_A,2022-23,LEAGUE,,Cremonese,Spezia,2,0,H,Italy,Serie A,football-data.co.uk
league_eec3915d331efa09,2023-05-07,SERIE_A,2022-23,LEAGUE,,Atalanta,Juventus,0,2,A,Italy,Serie A,football-data.co.uk
league_6d83c7a1513973a4,2023-05-07,SERIE_A,2022-23,LEAGUE,,Lecce,Hellas Verona,0,1,A,Italy,Serie A,football-data.co.uk
league_205f4b6a94a9cb7e,2023-05-07,SERIE_A,2022-23,LEAGUE,,Napoli,Fiorentina,1,0,H,Italy,Serie A,football-data.co.uk
league_86a040daaec27fe1,2023-05-07,SERIE_A,2022-23,LEAGUE,,Torino,Monza,1,1,D,Italy,Serie A,football-data.co.uk
league_099b542bd37f6bee,2023-05-08,SERIE_A,2022-23,LEAGUE,,Empoli,Salernitana,2,1,H,Italy,Serie A,football-data.co.uk
league_933e9c7e9bc890ca,2023-05-08,SERIE_A,2022-23,LEAGUE,,Sassuolo,Bologna,1,1,D,Italy,Serie A,football-data.co.uk
league_38e464d0e84dcaf4,2023-05-08,SERIE_A,2022-23,LEAGUE,,Udinese,Sampdoria,2,0,H,Italy,Serie A,football-data.co.uk
league_6b0596f6d1feda4b,2023-05-12,SERIE_A,2022-23,LEAGUE,,SS Lazio,Lecce,2,2,D,Italy,Serie A,football-data.co.uk
league_c2245ea28db029d3,2023-05-13,SERIE_A,2022-23,LEAGUE,,Inter Milan,Sassuolo,4,2,H,Italy,Serie A,football-data.co.uk
league_b01761bcb382deb2,2023-05-13,SERIE_A,2022-23,LEAGUE,,Salernitana,Atalanta,1,0,H,Italy,Serie A,football-data.co.uk
league_9b73beb3254171b7,2023-05-13,SERIE_A,2022-23,LEAGUE,,Spezia,AC Milan,2,0,H,Italy,Serie A,football-data.co.uk
league_5444fc2faa26e83f,2023-05-14,SERIE_A,2022-23,LEAGUE,,Bologna,AS Roma,0,0,D,Italy,Serie A,football-data.co.uk
league_0a5230b479444cd5,2023-05-14,SERIE_A,2022-23,LEAGUE,,Fiorentina,Udinese,2,0,H,Italy,Serie A,football-data.co.uk
league_3db90da4069a0e2c,2023-05-14,SERIE_A,2022-23,LEAGUE,,Hellas Verona,Torino,0,1,A,Italy,Serie A,football-data.co.uk
league_7fb798d6a15ce635,2023-05-14,SERIE_A,2022-23,LEAGUE,,Juventus,Cremonese,2,0,H,Italy,Serie A,football-data.co.uk
league_ab489d6dc575a688,2023-05-14,SERIE_A,2022-23,LEAGUE,,Monza,Napoli,2,0,H,Italy,Serie A,football-data.co.uk
league_ce2f29de929df9d8,2023-05-15,SERIE_A,2022-23,LEAGUE,,Sampdoria,Empoli,1,1,D,Italy,Serie A,football-data.co.uk
league_cb9952c1f40d0c05,2023-05-19,SERIE_A,2022-23,LEAGUE,,Sassuolo,Monza,1,2,A,Italy,Serie A,football-data.co.uk
league_b966795c422779c1,2023-05-20,SERIE_A,2022-23,LEAGUE,,AC Milan,Sampdoria,5,1,H,Italy,Serie A,football-data.co.uk
league_57eb65aa9c69169b,2023-05-20,SERIE_A,2022-23,LEAGUE,,Atalanta,Hellas Verona,3,1,H,Italy,Serie A,football-data.co.uk
league_431bbb4ee792719b,2023-05-20,SERIE_A,2022-23,LEAGUE,,Cremonese,Bologna,1,5,A,Italy,Serie A,football-data.co.uk
league_2bb98a89961a89c6,2023-05-21,SERIE_A,2022-23,LEAGUE,,Lecce,Spezia,0,0,D,Italy,Serie A,football-data.co.uk
league_6bcf0851a87a823a,2023-05-21,SERIE_A,2022-23,LEAGUE,,Napoli,Inter Milan,3,1,H,Italy,Serie A,football-data.co.uk
league_1da7d526f29d6545,2023-05-21,SERIE_A,2022-23,LEAGUE,,Torino,Fiorentina,1,1,D,Italy,Serie A,football-data.co.uk
league_29995328f6b89e57,2023-05-21,SERIE_A,2022-23,LEAGUE,,Udinese,SS Lazio,0,1,A,Italy,Serie A,football-data.co.uk
league_c210afbf98d4d6cd,2023-05-22,SERIE_A,2022-23,LEAGUE,,AS Roma,Salernitana,2,2,D,Italy,Serie A,football-data.co.uk
league_eb4ffa165a07bf12,2023-05-22,SERIE_A,2022-23,LEAGUE,,Empoli,Juventus,4,1,H,Italy,Serie A,football-data.co.uk
league_18ee6a55f078a5b6,2023-05-26,SERIE_A,2022-23,LEAGUE,,Sampdoria,Sassuolo,2,2,D,Italy,Serie A,football-data.co.uk
league_01e51744d07bf860,2023-05-27,SERIE_A,2022-23,LEAGUE,,Fiorentina,AS Roma,2,1,H,Italy,Serie A,football-data.co.uk
league_1d8f23056b41a986,2023-05-27,SERIE_A,2022-23,LEAGUE,,Inter Milan,Atalanta,3,2,H,Italy,Serie A,football-data.co.uk
league_06f597d0ca9b2733,2023-05-27,SERIE_A,2022-23,LEAGUE,,Salernitana,Udinese,3,2,H,Italy,Serie A,football-data.co.uk
league_37c1421cdbc9f686,2023-05-27,SERIE_A,2022-23,LEAGUE,,Spezia,Torino,0,4,A,Italy,Serie A,football-data.co.uk
league_0f912e9b786298f1,2023-05-28,SERIE_A,2022-23,LEAGUE,,Bologna,Napoli,2,2,D,Italy,Serie A,football-data.co.uk
league_2a22acc261e0205d,2023-05-28,SERIE_A,2022-23,LEAGUE,,Hellas Verona,Empoli,1,1,D,Italy,Serie A,football-data.co.uk
league_008c96b54d4ef309,2023-05-28,SERIE_A,2022-23,LEAGUE,,Juventus,AC Milan,0,1,A,Italy,Serie A,football-data.co.uk
league_14974cc0bcdae5c1,2023-05-28,SERIE_A,2022-23,LEAGUE,,Monza,Lecce,0,1,A,Italy,Serie A,football-data.co.uk
league_3488b6659e9e0d2e,2023-05-28,SERIE_A,2022-23,LEAGUE,,SS Lazio,Cremonese,3,2,H,Italy,Serie A,football-data.co.uk
league_018b687d894dba46,2023-06-02,SERIE_A,2022-23,LEAGUE,,Sassuolo,Fiorentina,1,3,A,Italy,Serie A,football-data.co.uk
league_fd4fd1216a95b87e,2023-06-03,SERIE_A,2022-23,LEAGUE,,Cremonese,Salernitana,2,0,H,Italy,Serie A,football-data.co.uk
league_db5fc431d32b663d,2023-06-03,SERIE_A,2022-23,LEAGUE,,Empoli,SS Lazio,0,2,A,Italy,Serie A,football-data.co.uk
league_dedefd0d00af9c2b,2023-06-03,SERIE_A,2022-23,LEAGUE,,Torino,Inter Milan,0,1,A,Italy,Serie A,football-data.co.uk
league_a283d55dd7ca18f2,2023-06-04,SERIE_A,2022-23,LEAGUE,,AC Milan,Hellas Verona,3,1,H,Italy,Serie A,football-data.co.uk
league_a63d92d608960747,2023-06-04,SERIE_A,2022-23,LEAGUE,,AS Roma,Spezia,2,1,H,Italy,Serie A,football-data.co.uk
league_1636b374611b5c96,2023-06-04,SERIE_A,2022-23,LEAGUE,,Atalanta,Monza,5,2,H,Italy,Serie A,football-data.co.uk
league_d1cbbb414f69dc28,2023-06-04,SERIE_A,2022-23,LEAGUE,,Lecce,Bologna,2,3,A,Italy,Serie A,football-data.co.uk
league_aec9352738c5563b,2023-06-04,SERIE_A,2022-23,LEAGUE,,Napoli,Sampdoria,2,0,H,Italy,Serie A,football-data.co.uk
league_b38c6f3314e3cb1b,2023-06-04,SERIE_A,2022-23,LEAGUE,,Udinese,Juventus,0,1,A,Italy,Serie A,football-data.co.uk
league_afe3b8e376d5aabe,2023-08-19,SERIE_A,2023-24,LEAGUE,,Empoli,Hellas Verona,0,1,A,Italy,Serie A,football-data.co.uk
league_1d6fcb4730beee98,2023-08-19,SERIE_A,2023-24,LEAGUE,,Frosinone,Napoli,1,3,A,Italy,Serie A,football-data.co.uk
league_7ca7f99b8522e531,2023-08-19,SERIE_A,2023-24,LEAGUE,,Genoa,Fiorentina,1,4,A,Italy,Serie A,football-data.co.uk
league_d76084bb85d91827,2023-08-19,SERIE_A,2023-24,LEAGUE,,Inter Milan,Monza,2,0,H,Italy,Serie A,football-data.co.uk
league_59d8cb01a0dfccf0,2023-08-20,SERIE_A,2023-24,LEAGUE,,AS Roma,Salernitana,2,2,D,Italy,Serie A,football-data.co.uk
league_89f464eea57d7693,2023-08-20,SERIE_A,2023-24,LEAGUE,,Lecce,SS Lazio,2,1,H,Italy,Serie A,football-data.co.uk
league_1a8f34f090f407e8,2023-08-20,SERIE_A,2023-24,LEAGUE,,Sassuolo,Atalanta,0,2,A,Italy,Serie A,football-data.co.uk
league_7f9bd33c4dc9505f,2023-08-20,SERIE_A,2023-24,LEAGUE,,Udinese,Juventus,0,3,A,Italy,Serie A,football-data.co.uk
league_f85d272c1f0264da,2023-08-21,SERIE_A,2023-24,LEAGUE,,Bologna,AC Milan,0,2,A,Italy,Serie A,football-data.co.uk
league_dc597c003f8a1dc1,2023-08-21,SERIE_A,2023-24,LEAGUE,,Torino,Cagliari,0,0,D,Italy,Serie A,football-data.co.uk
league_6abecf58246b50e4,2023-08-26,SERIE_A,2023-24,LEAGUE,,AC Milan,Torino,4,1,H,Italy,Serie A,football-data.co.uk
league_46d8832277399a29,2023-08-26,SERIE_A,2023-24,LEAGUE,,Frosinone,Atalanta,2,1,H,Italy,Serie A,football-data.co.uk
league_c4403fee0b71613a,2023-08-26,SERIE_A,2023-24,LEAGUE,,Hellas Verona,AS Roma,2,1,H,Italy,Serie A,football-data.co.uk
league_2368ae0abffdfccd,2023-08-26,SERIE_A,2023-24,LEAGUE,,Monza,Empoli,2,0,H,Italy,Serie A,football-data.co.uk
league_538fba8a98ca8ec6,2023-08-27,SERIE_A,2023-24,LEAGUE,,Fiorentina,Lecce,2,2,D,Italy,Serie A,football-data.co.uk
league_8086a89818bde5b4,2023-08-27,SERIE_A,2023-24,LEAGUE,,Juventus,Bologna,1,1,D,Italy,Serie A,football-data.co.uk
league_387d593ca7ebc3d3,2023-08-27,SERIE_A,2023-24,LEAGUE,,Napoli,Sassuolo,2,0,H,Italy,Serie A,football-data.co.uk
league_b9f9ce5d6330121c,2023-08-27,SERIE_A,2023-24,LEAGUE,,SS Lazio,Genoa,0,1,A,Italy,Serie A,football-data.co.uk
league_0ead14cda32a25a8,2023-08-28,SERIE_A,2023-24,LEAGUE,,Cagliari,Inter Milan,0,2,A,Italy,Serie A,football-data.co.uk
league_7753d0be8a34b392,2023-08-28,SERIE_A,2023-24,LEAGUE,,Salernitana,Udinese,1,1,D,Italy,Serie A,football-data.co.uk
league_70b289df0bbf5488,2023-09-01,SERIE_A,2023-24,LEAGUE,,AS Roma,AC Milan,1,2,A,Italy,Serie A,football-data.co.uk
league_59b4c3b06d75f286,2023-09-01,SERIE_A,2023-24,LEAGUE,,Sassuolo,Hellas Verona,3,1,H,Italy,Serie A,football-data.co.uk
league_fd5effbb56a9cb6a,2023-09-02,SERIE_A,2023-24,LEAGUE,,Atalanta,Monza,3,0,H,Italy,Serie A,football-data.co.uk
league_cac411b82b9bea59,2023-09-02,SERIE_A,2023-24,LEAGUE,,Bologna,Cagliari,2,1,H,Italy,Serie A,football-data.co.uk
league_29c5c9e709098ee5,2023-09-02,SERIE_A,2023-24,LEAGUE,,Napoli,SS Lazio,1,2,A,Italy,Serie A,football-data.co.uk
league_ee0a84639b2358b9,2023-09-02,SERIE_A,2023-24,LEAGUE,,Udinese,Frosinone,0,0,D,Italy,Serie A,football-data.co.uk
league_2262ca380fa2a956,2023-09-03,SERIE_A,2023-24,LEAGUE,,Empoli,Juventus,0,2,A,Italy,Serie A,football-data.co.uk
league_fad72eef49b8f25e,2023-09-03,SERIE_A,2023-24,LEAGUE,,Inter Milan,Fiorentina,4,0,H,Italy,Serie A,football-data.co.uk
league_5793cda46129c184,2023-09-03,SERIE_A,2023-24,LEAGUE,,Lecce,Salernitana,2,0,H,Italy,Serie A,football-data.co.uk
league_52ed4d44e66155ca,2023-09-03,SERIE_A,2023-24,LEAGUE,,Torino,Genoa,1,0,H,Italy,Serie A,football-data.co.uk
league_7be18b87d95af43c,2023-09-16,SERIE_A,2023-24,LEAGUE,,Genoa,Napoli,2,2,D,Italy,Serie A,football-data.co.uk
league_ab5b0d48ba0be6ed,2023-09-16,SERIE_A,2023-24,LEAGUE,,Inter Milan,AC Milan,5,1,H,Italy,Serie A,football-data.co.uk
league_a6a96957126ceb9f,2023-09-16,SERIE_A,2023-24,LEAGUE,,Juventus,SS Lazio,3,1,H,Italy,Serie A,football-data.co.uk
league_84914f23a4a5c20b,2023-09-17,SERIE_A,2023-24,LEAGUE,,AS Roma,Empoli,7,0,H,Italy,Serie A,football-data.co.uk
league_bc67a35eb56c0a75,2023-09-17,SERIE_A,2023-24,LEAGUE,,Cagliari,Udinese,0,0,D,Italy,Serie A,football-data.co.uk
league_bf7e484b8a6ef207,2023-09-17,SERIE_A,2023-24,LEAGUE,,Fiorentina,Atalanta,3,2,H,Italy,Serie A,football-data.co.uk
league_1e030f1b51f1ef0c,2023-09-17,SERIE_A,2023-24,LEAGUE,,Frosinone,Sassuolo,4,2,H,Italy,Serie A,football-data.co.uk
league_fc36a837bc2e091e,2023-09-17,SERIE_A,2023-24,LEAGUE,,Monza,Lecce,1,1,D,Italy,Serie A,football-data.co.uk
league_f74b3fa2370df742,2023-09-18,SERIE_A,2023-24,LEAGUE,,Hellas Verona,Bologna,0,0,D,Italy,Serie A,football-data.co.uk
league_673540a9c1b46cee,2023-09-18,SERIE_A,2023-24,LEAGUE,,Salernitana,Torino,0,3,A,Italy,Serie A,football-data.co.uk
league_dd980de01ff318bc,2023-09-22,SERIE_A,2023-24,LEAGUE,,Lecce,Genoa,1,0,H,Italy,Serie A,football-data.co.uk
league_9fc78c8bdec5fc32,2023-09-22,SERIE_A,2023-24,LEAGUE,,Salernitana,Frosinone,1,1,D,Italy,Serie A,football-data.co.uk
league_a27412dd08d85c36,2023-09-23,SERIE_A,2023-24,LEAGUE,,AC Milan,Hellas Verona,1,0,H,Italy,Serie A,football-data.co.uk
league_90529903bb38e5c8,2023-09-23,SERIE_A,2023-24,LEAGUE,,SS Lazio,Monza,1,1,D,Italy,Serie A,football-data.co.uk
league_773cff6ce9331b7e,2023-09-23,SERIE_A,2023-24,LEAGUE,,Sassuolo,Juventus,4,2,H,Italy,Serie A,football-data.co.uk
league_03d131548478a536,2023-09-24,SERIE_A,2023-24,LEAGUE,,Atalanta,Cagliari,2,0,H,Italy,Serie A,football-data.co.uk
league_b746d0f87c0e7862,2023-09-24,SERIE_A,2023-24,LEAGUE,,Bologna,Napoli,0,0,D,Italy,Serie A,football-data.co.uk
league_a8e7a542747cccfa,2023-09-24,SERIE_A,2023-24,LEAGUE,,Empoli,Inter Milan,0,1,A,Italy,Serie A,football-data.co.uk
league_b74fe540b48ec445,2023-09-24,SERIE_A,2023-24,LEAGUE,,Torino,AS Roma,1,1,D,Italy,Serie A,football-data.co.uk
league_ceaebcb24e11785a,2023-09-24,SERIE_A,2023-24,LEAGUE,,Udinese,Fiorentina,0,2,A,Italy,Serie A,football-data.co.uk
league_fd33924ee6adfa4b,2023-09-26,SERIE_A,2023-24,LEAGUE,,Juventus,Lecce,1,0,H,Italy,Serie A,football-data.co.uk
league_0131d997a4873f10,2023-09-27,SERIE_A,2023-24,LEAGUE,,Cagliari,AC Milan,1,3,A,Italy,Serie A,football-data.co.uk
league_a946817775d36b01,2023-09-27,SERIE_A,2023-24,LEAGUE,,Empoli,Salernitana,1,0,H,Italy,Serie A,football-data.co.uk
league_fdc090ed6a4926c9,2023-09-27,SERIE_A,2023-24,LEAGUE,,Hellas Verona,Atalanta,0,1,A,Italy,Serie A,football-data.co.uk
league_8859df3e86abe225,2023-09-27,SERIE_A,2023-24,LEAGUE,,Inter Milan,Sassuolo,1,2,A,Italy,Serie A,football-data.co.uk
league_27a948ed8582a1ee,2023-09-27,SERIE_A,2023-24,LEAGUE,,Napoli,Udinese,4,1,H,Italy,Serie A,football-data.co.uk
league_726fc701f7e16ab5,2023-09-27,SERIE_A,2023-24,LEAGUE,,SS Lazio,Torino,2,0,H,Italy,Serie A,football-data.co.uk
league_4db01ec9367a7f31,2023-09-28,SERIE_A,2023-24,LEAGUE,,Frosinone,Fiorentina,1,1,D,Italy,Serie A,football-data.co.uk
league_dbc0bd1af318a574,2023-09-28,SERIE_A,2023-24,LEAGUE,,Genoa,AS Roma,4,1,H,Italy,Serie A,football-data.co.uk
league_21def8c6b9f2d7b7,2023-09-28,SERIE_A,2023-24,LEAGUE,,Monza,Bologna,0,0,D,Italy,Serie A,football-data.co.uk
league_35ee84f0f83cf962,2023-09-30,SERIE_A,2023-24,LEAGUE,,AC Milan,SS Lazio,2,0,H,Italy,Serie A,football-data.co.uk
league_49ac4a77c23bf331,2023-09-30,SERIE_A,2023-24,LEAGUE,,Lecce,Napoli,0,4,A,Italy,Serie A,football-data.co.uk
league_5d2c75a39c102ad0,2023-09-30,SERIE_A,2023-24,LEAGUE,,Salernitana,Inter Milan,0,4,A,Italy,Serie A,football-data.co.uk
league_d69fea89916839f1,2023-10-01,SERIE_A,2023-24,LEAGUE,,AS Roma,Frosinone,2,0,H,Italy,Serie A,football-data.co.uk
league_45f39084f5d0fcb7,2023-10-01,SERIE_A,2023-24,LEAGUE,,Atalanta,Juventus,0,0,D,Italy,Serie A,football-data.co.uk
league_61ff7c4ef6fa3c63,2023-10-01,SERIE_A,2023-24,LEAGUE,,Bologna,Empoli,3,0,H,Italy,Serie A,football-data.co.uk
league_6fa0ed012e9030a6,2023-10-01,SERIE_A,2023-24,LEAGUE,,Udinese,Genoa,2,2,D,Italy,Serie A,football-data.co.uk
league_dc4817f02d9b4d82,2023-10-02,SERIE_A,2023-24,LEAGUE,,Fiorentina,Cagliari,3,0,H,Italy,Serie A,football-data.co.uk
league_4bfbe84a8ebc86ab,2023-10-02,SERIE_A,2023-24,LEAGUE,,Sassuolo,Monza,0,1,A,Italy,Serie A,football-data.co.uk
league_0b10e8bbeed8b556,2023-10-02,SERIE_A,2023-24,LEAGUE,,Torino,Hellas Verona,0,0,D,Italy,Serie A,football-data.co.uk
league_d64d7f91eeb22265,2023-10-06,SERIE_A,2023-24,LEAGUE,,Empoli,Udinese,0,0,D,Italy,Serie A,football-data.co.uk
league_3e27622d98ccae16,2023-10-06,SERIE_A,2023-24,LEAGUE,,Lecce,Sassuolo,1,1,D,Italy,Serie A,football-data.co.uk
league_e63a5aa227ef6b92,2023-10-07,SERIE_A,2023-24,LEAGUE,,Genoa,AC Milan,0,1,A,Italy,Serie A,football-data.co.uk
league_f62c59bed96f098a,2023-10-07,SERIE_A,2023-24,LEAGUE,,Inter Milan,Bologna,2,2,D,Italy,Serie A,football-data.co.uk
league_3f2a0235e8e4bd69,2023-10-07,SERIE_A,2023-24,LEAGUE,,Juventus,Torino,2,0,H,Italy,Serie A,football-data.co.uk
league_ac8a3dd4959c4ac9,2023-10-08,SERIE_A,2023-24,LEAGUE,,Cagliari,AS Roma,1,4,A,Italy,Serie A,football-data.co.uk
league_459208e30a927ed1,2023-10-08,SERIE_A,2023-24,LEAGUE,,Frosinone,Hellas Verona,2,1,H,Italy,Serie A,football-data.co.uk
league_c2cf4bc83f89118a,2023-10-08,SERIE_A,2023-24,LEAGUE,,Monza,Salernitana,3,0,H,Italy,Serie A,football-data.co.uk
league_4d578b82b2c7e675,2023-10-08,SERIE_A,2023-24,LEAGUE,,Napoli,Fiorentina,1,3,A,Italy,Serie A,football-data.co.uk
league_ad7b4ceeb9c9e6e2,2023-10-08,SERIE_A,2023-24,LEAGUE,,SS Lazio,Atalanta,3,2,H,Italy,Serie A,football-data.co.uk
league_d252176ee83eed85,2023-10-21,SERIE_A,2023-24,LEAGUE,,Hellas Verona,Napoli,1,3,A,Italy,Serie A,football-data.co.uk
league_2010d6ec2de1d90d,2023-10-21,SERIE_A,2023-24,LEAGUE,,Sassuolo,SS Lazio,0,2,A,Italy,Serie A,football-data.co.uk
league_3b426c5667df0092,2023-10-21,SERIE_A,2023-24,LEAGUE,,Torino,Inter Milan,0,3,A,Italy,Serie A,football-data.co.uk
league_2e025c36a3beea89,2023-10-22,SERIE_A,2023-24,LEAGUE,,AC Milan,Juventus,0,1,A,Italy,Serie A,football-data.co.uk
league_e00ad71aef86af81,2023-10-22,SERIE_A,2023-24,LEAGUE,,AS Roma,Monza,1,0,H,Italy,Serie A,football-data.co.uk
league_f686a37adf67e21e,2023-10-22,SERIE_A,2023-24,LEAGUE,,Atalanta,Genoa,2,0,H,Italy,Serie A,football-data.co.uk
league_e551e56c5e8c0489,2023-10-22,SERIE_A,2023-24,LEAGUE,,Bologna,Frosinone,2,1,H,Italy,Serie A,football-data.co.uk
league_d6083a4ba727f897,2023-10-22,SERIE_A,2023-24,LEAGUE,,Salernitana,Cagliari,2,2,D,Italy,Serie A,football-data.co.uk
league_0060519e4aee02dd,2023-10-23,SERIE_A,2023-24,LEAGUE,,Fiorentina,Empoli,0,2,A,Italy,Serie A,football-data.co.uk
league_f63c1548ef63c486,2023-10-23,SERIE_A,2023-24,LEAGUE,,Udinese,Lecce,1,1,D,Italy,Serie A,football-data.co.uk
league_5c6b8416bba7673d,2023-10-27,SERIE_A,2023-24,LEAGUE,,Genoa,Salernitana,1,0,H,Italy,Serie A,football-data.co.uk
league_a05fac34f450a940,2023-10-28,SERIE_A,2023-24,LEAGUE,,Juventus,Hellas Verona,1,0,H,Italy,Serie A,football-data.co.uk
league_8de4dd701685cc7a,2023-10-28,SERIE_A,2023-24,LEAGUE,,Lecce,Torino,0,1,A,Italy,Serie A,football-data.co.uk
league_045c127c009b276f,2023-10-28,SERIE_A,2023-24,LEAGUE,,Sassuolo,Bologna,1,1,D,Italy,Serie A,football-data.co.uk
league_d1b0214375bfa6fe,2023-10-29,SERIE_A,2023-24,LEAGUE,,Cagliari,Frosinone,4,3,H,Italy,Serie A,football-data.co.uk
league_6e95cfe86789fd65,2023-10-29,SERIE_A,2023-24,LEAGUE,,Inter Milan,AS Roma,1,0,H,Italy,Serie A,football-data.co.uk
league_65a2f2d3dc211d9d,2023-10-29,SERIE_A,2023-24,LEAGUE,,Monza,Udinese,1,1,D,Italy,Serie A,football-data.co.uk
league_069be47ddf73fa46,2023-10-29,SERIE_A,2023-24,LEAGUE,,Napoli,AC Milan,2,2,D,Italy,Serie A,football-data.co.uk
league_e51ecf6a4f97dcbc,2023-10-30,SERIE_A,2023-24,LEAGUE,,Empoli,Atalanta,0,3,A,Italy,Serie A,football-data.co.uk
league_35090182df899cd9,2023-10-30,SERIE_A,2023-24,LEAGUE,,SS Lazio,Fiorentina,1,0,H,Italy,Serie A,football-data.co.uk
league_9c2aa82a72621b54,2023-11-03,SERIE_A,2023-24,LEAGUE,,Bologna,SS Lazio,1,0,H,Italy,Serie A,football-data.co.uk
league_5acc80f4da1b7a47,2023-11-04,SERIE_A,2023-24,LEAGUE,,AC Milan,Udinese,0,1,A,Italy,Serie A,football-data.co.uk
league_67d498d9f855b91c,2023-11-04,SERIE_A,2023-24,LEAGUE,,Atalanta,Inter Milan,1,2,A,Italy,Serie A,football-data.co.uk
league_b4029e05fe836867,2023-11-04,SERIE_A,2023-24,LEAGUE,,Salernitana,Napoli,0,2,A,Italy,Serie A,football-data.co.uk
league_16c4ca227181cc28,2023-11-05,SERIE_A,2023-24,LEAGUE,,AS Roma,Lecce,2,1,H,Italy,Serie A,football-data.co.uk
league_d894dfde35aa641e,2023-11-05,SERIE_A,2023-24,LEAGUE,,Cagliari,Genoa,2,1,H,Italy,Serie A,football-data.co.uk
league_bd4215eac27b84f3,2023-11-05,SERIE_A,2023-24,LEAGUE,,Fiorentina,Juventus,0,1,A,Italy,Serie A,football-data.co.uk
league_a9fc71eab5c336c2,2023-11-05,SERIE_A,2023-24,LEAGUE,,Hellas Verona,Monza,1,3,A,Italy,Serie A,football-data.co.uk
league_2b79f232d8403cc7,2023-11-06,SERIE_A,2023-24,LEAGUE,,Frosinone,Empoli,2,1,H,Italy,Serie A,football-data.co.uk
league_483dfe13f24c0424,2023-11-06,SERIE_A,2023-24,LEAGUE,,Torino,Sassuolo,2,1,H,Italy,Serie A,football-data.co.uk
league_aeca41149e9d50f1,2023-11-10,SERIE_A,2023-24,LEAGUE,,Genoa,Hellas Verona,1,0,H,Italy,Serie A,football-data.co.uk
league_07be29dff9769cb5,2023-11-10,SERIE_A,2023-24,LEAGUE,,Sassuolo,Salernitana,2,2,D,Italy,Serie A,football-data.co.uk
league_e5afd2455aad38e8,2023-11-11,SERIE_A,2023-24,LEAGUE,,Juventus,Cagliari,2,1,H,Italy,Serie A,football-data.co.uk
league_f86cdd8e5855b7db,2023-11-11,SERIE_A,2023-24,LEAGUE,,Lecce,AC Milan,2,2,D,Italy,Serie A,football-data.co.uk
league_7ba1045e278cb729,2023-11-11,SERIE_A,2023-24,LEAGUE,,Monza,Torino,1,1,D,Italy,Serie A,football-data.co.uk
league_bfa5df5ecddaf38c,2023-11-12,SERIE_A,2023-24,LEAGUE,,Fiorentina,Bologna,2,1,H,Italy,Serie A,football-data.co.uk
league_778a478e7959f4d0,2023-11-12,SERIE_A,2023-24,LEAGUE,,Inter Milan,Frosinone,2,0,H,Italy,Serie A,football-data.co.uk
league_4529fce96f946d6b,2023-11-12,SERIE_A,2023-24,LEAGUE,,Napoli,Empoli,0,1,A,Italy,Serie A,football-data.co.uk
league_b59ab5f6c81ed7c4,2023-11-12,SERIE_A,2023-24,LEAGUE,,SS Lazio,AS Roma,0,0,D,Italy,Serie A,football-data.co.uk
league_1d9f7c734e836bf6,2023-11-12,SERIE_A,2023-24,LEAGUE,,Udinese,Atalanta,1,1,D,Italy,Serie A,football-data.co.uk
league_d08b0354aa6cda39,2023-11-25,SERIE_A,2023-24,LEAGUE,,AC Milan,Fiorentina,1,0,H,Italy,Serie A,football-data.co.uk
league_b4574ff5e7118600,2023-11-25,SERIE_A,2023-24,LEAGUE,,Atalanta,Napoli,1,2,A,Italy,Serie A,football-data.co.uk
league_63ea6cd464ec9061,2023-11-25,SERIE_A,2023-24,LEAGUE,,Salernitana,SS Lazio,2,1,H,Italy,Serie A,football-data.co.uk
league_c74e2cb77e60046e,2023-11-26,SERIE_A,2023-24,LEAGUE,,AS Roma,Udinese,3,1,H,Italy,Serie A,football-data.co.uk
league_019c79d17c3c9e71,2023-11-26,SERIE_A,2023-24,LEAGUE,,Cagliari,Monza,1,1,D,Italy,Serie A,football-data.co.uk
league_24b2cea2a85d62d6,2023-11-26,SERIE_A,2023-24,LEAGUE,,Empoli,Sassuolo,3,4,A,Italy,Serie A,football-data.co.uk
league_cfad1cddbe54e2da,2023-11-26,SERIE_A,2023-24,LEAGUE,,Frosinone,Genoa,2,1,H,Italy,Serie A,football-data.co.uk
league_b5204e787c64624f,2023-11-26,SERIE_A,2023-24,LEAGUE,,Juventus,Inter Milan,1,1,D,Italy,Serie A,football-data.co.uk
league_20b32d11d6689dd7,2023-11-27,SERIE_A,2023-24,LEAGUE,,Bologna,Torino,2,0,H,Italy,Serie A,football-data.co.uk
league_44d6b67fff5bd251,2023-11-27,SERIE_A,2023-24,LEAGUE,,Hellas Verona,Lecce,2,2,D,Italy,Serie A,football-data.co.uk
league_26d01e6d5ec33897,2023-12-01,SERIE_A,2023-24,LEAGUE,,Monza,Juventus,1,2,A,Italy,Serie A,football-data.co.uk
league_9672047a4244ef36,2023-12-02,SERIE_A,2023-24,LEAGUE,,AC Milan,Frosinone,3,1,H,Italy,Serie A,football-data.co.uk
league_bc6117c443085c33,2023-12-02,SERIE_A,2023-24,LEAGUE,,Genoa,Empoli,1,1,D,Italy,Serie A,football-data.co.uk
league_dc88be10ee802888,2023-12-02,SERIE_A,2023-24,LEAGUE,,SS Lazio,Cagliari,1,0,H,Italy,Serie A,football-data.co.uk
league_53fef1e5fedde90d,2023-12-03,SERIE_A,2023-24,LEAGUE,,Fiorentina,Salernitana,3,0,H,Italy,Serie A,football-data.co.uk
league_b618239bec8f7602,2023-12-03,SERIE_A,2023-24,LEAGUE,,Lecce,Bologna,1,1,D,Italy,Serie A,football-data.co.uk
league_adfe5e6c2b8570c8,2023-12-03,SERIE_A,2023-24,LEAGUE,,Napoli,Inter Milan,0,3,A,Italy,Serie A,football-data.co.uk
league_0ecbbf8e3af87003,2023-12-03,SERIE_A,2023-24,LEAGUE,,Sassuolo,AS Roma,1,2,A,Italy,Serie A,football-data.co.uk
league_ecaff18a8f57c31a,2023-12-03,SERIE_A,2023-24,LEAGUE,,Udinese,Hellas Verona,3,3,D,Italy,Serie A,football-data.co.uk
league_374e5ac7616633e1,2023-12-04,SERIE_A,2023-24,LEAGUE,,Torino,Atalanta,3,0,H,Italy,Serie A,football-data.co.uk
league_890bd5d66aca08be,2023-12-08,SERIE_A,2023-24,LEAGUE,,Juventus,Napoli,1,0,H,Italy,Serie A,football-data.co.uk
league_f94a5f2fe5eb81da,2023-12-09,SERIE_A,2023-24,LEAGUE,,Atalanta,AC Milan,3,2,H,Italy,Serie A,football-data.co.uk
league_b4ec5b9b9bc90b3c,2023-12-09,SERIE_A,2023-24,LEAGUE,,Hellas Verona,SS Lazio,1,1,D,Italy,Serie A,football-data.co.uk
league_80e39d5539683b5a,2023-12-09,SERIE_A,2023-24,LEAGUE,,Inter Milan,Udinese,4,0,H,Italy,Serie A,football-data.co.uk
league_83aa5e1410c8cfc2,2023-12-10,SERIE_A,2023-24,LEAGUE,,AS Roma,Fiorentina,1,1,D,Italy,Serie A,football-data.co.uk
league_e075870fb5129610,2023-12-10,SERIE_A,2023-24,LEAGUE,,Frosinone,Torino,0,0,D,Italy,Serie A,football-data.co.uk
league_08ef5ed864f927bd,2023-12-10,SERIE_A,2023-24,LEAGUE,,Monza,Genoa,1,0,H,Italy,Serie A,football-data.co.uk
league_51ba89cac80c3c15,2023-12-10,SERIE_A,2023-24,LEAGUE,,Salernitana,Bologna,1,2,A,Italy,Serie A,football-data.co.uk
league_822841d988c2ec37,2023-12-11,SERIE_A,2023-24,LEAGUE,,Cagliari,Sassuolo,2,1,H,Italy,Serie A,football-data.co.uk
league_95feeb8be1934eb4,2023-12-11,SERIE_A,2023-24,LEAGUE,,Empoli,Lecce,1,1,D,Italy,Serie A,football-data.co.uk
league_3327535727245be6,2023-12-15,SERIE_A,2023-24,LEAGUE,,Genoa,Juventus,1,1,D,Italy,Serie A,football-data.co.uk
league_8692f8938c5235ef,2023-12-16,SERIE_A,2023-24,LEAGUE,,Lecce,Frosinone,2,1,H,Italy,Serie A,football-data.co.uk
league_0bd70d826bc1025e,2023-12-16,SERIE_A,2023-24,LEAGUE,,Napoli,Cagliari,2,1,H,Italy,Serie A,football-data.co.uk
league_4563c377c52d35ce,2023-12-16,SERIE_A,2023-24,LEAGUE,,Torino,Empoli,1,0,H,Italy,Serie A,football-data.co.uk
league_23dfad6fe1707ec9,2023-12-17,SERIE_A,2023-24,LEAGUE,,AC Milan,Monza,3,0,H,Italy,Serie A,football-data.co.uk
league_f8062c12aefec923,2023-12-17,SERIE_A,2023-24,LEAGUE,,Bologna,AS Roma,2,0,H,Italy,Serie A,football-data.co.uk
league_d63db326ff6f6eb1,2023-12-17,SERIE_A,2023-24,LEAGUE,,Fiorentina,Hellas Verona,1,0,H,Italy,Serie A,football-data.co.uk
league_1e4e56d89e49120d,2023-12-17,SERIE_A,2023-24,LEAGUE,,SS Lazio,Inter Milan,0,2,A,Italy,Serie A,football-data.co.uk
league_bd7abd8211324574,2023-12-17,SERIE_A,2023-24,LEAGUE,,Udinese,Sassuolo,2,2,D,Italy,Serie A,football-data.co.uk
league_fffc76e06c149c09,2023-12-18,SERIE_A,2023-24,LEAGUE,,Atalanta,Salernitana,4,1,H,Italy,Serie A,football-data.co.uk
league_e783d8d95981d505,2023-12-22,SERIE_A,2023-24,LEAGUE,,Empoli,SS Lazio,0,2,A,Italy,Serie A,football-data.co.uk
league_d488e37365839a4d,2023-12-22,SERIE_A,2023-24,LEAGUE,,Monza,Fiorentina,0,1,A,Italy,Serie A,football-data.co.uk
league_b6ef8e99ed2a4346,2023-12-22,SERIE_A,2023-24,LEAGUE,,Salernitana,AC Milan,2,2,D,Italy,Serie A,football-data.co.uk
league_a294791e03befc27,2023-12-22,SERIE_A,2023-24,LEAGUE,,Sassuolo,Genoa,1,2,A,Italy,Serie A,football-data.co.uk
league_b54106d298ef988a,2023-12-23,SERIE_A,2023-24,LEAGUE,,AS Roma,Napoli,2,0,H,Italy,Serie A,football-data.co.uk
league_a4cee0d7bf482c36,2023-12-23,SERIE_A,2023-24,LEAGUE,,Bologna,Atalanta,1,0,H,Italy,Serie A,football-data.co.uk
league_01bd8bd1760631e0,2023-12-23,SERIE_A,2023-24,LEAGUE,,Frosinone,Juventus,1,2,A,Italy,Serie A,football-data.co.uk
league_20eeb6bd9c930d8d,2023-12-23,SERIE_A,2023-24,LEAGUE,,Hellas Verona,Cagliari,2,0,H,Italy,Serie A,football-data.co.uk
league_375f1728fdb19268,2023-12-23,SERIE_A,2023-24,LEAGUE,,Inter Milan,Lecce,2,0,H,Italy,Serie A,football-data.co.uk
league_cab6c54d381abf5c,2023-12-23,SERIE_A,2023-24,LEAGUE,,Torino,Udinese,1,1,D,Italy,Serie A,football-data.co.uk
league_dc38ba24b0eebe1f,2023-12-29,SERIE_A,2023-24,LEAGUE,,Fiorentina,Torino,1,0,H,Italy,Serie A,football-data.co.uk
league_aa8d0fc7bcd9a574,2023-12-29,SERIE_A,2023-24,LEAGUE,,Genoa,Inter Milan,1,1,D,Italy,Serie A,football-data.co.uk
league_fbc3baeed82df73f,2023-12-29,SERIE_A,2023-24,LEAGUE,,Napoli,Monza,0,0,D,Italy,Serie A,football-data.co.uk
league_d13f9b1c94647ad5,2023-12-29,SERIE_A,2023-24,LEAGUE,,SS Lazio,Frosinone,3,1,H,Italy,Serie A,football-data.co.uk
league_b377ee48d786a25e,2023-12-30,SERIE_A,2023-24,LEAGUE,,AC Milan,Sassuolo,1,0,H,Italy,Serie A,football-data.co.uk
league_cba0bf065376466f,2023-12-30,SERIE_A,2023-24,LEAGUE,,Atalanta,Lecce,1,0,H,Italy,Serie A,football-data.co.uk
league_bb284e4a278d5d5c,2023-12-30,SERIE_A,2023-24,LEAGUE,,Cagliari,Empoli,0,0,D,Italy,Serie A,football-data.co.uk
league_a613a3ea1210082d,2023-12-30,SERIE_A,2023-24,LEAGUE,,Hellas Verona,Salernitana,0,1,A,Italy,Serie A,football-data.co.uk
league_578ceade9e868980,2023-12-30,SERIE_A,2023-24,LEAGUE,,Juventus,AS Roma,1,0,H,Italy,Serie A,football-data.co.uk
league_0ff0cddeb3be4023,2023-12-30,SERIE_A,2023-24,LEAGUE,,Udinese,Bologna,3,0,H,Italy,Serie A,football-data.co.uk
league_43bb323922aed22a,2024-01-05,SERIE_A,2023-24,LEAGUE,,Bologna,Genoa,1,1,D,Italy,Serie A,football-data.co.uk
league_0e81e04d75b36a52,2024-01-06,SERIE_A,2023-24,LEAGUE,,Frosinone,Monza,2,3,A,Italy,Serie A,football-data.co.uk
league_c07cf8c48343d7d9,2024-01-06,SERIE_A,2023-24,LEAGUE,,Inter Milan,Hellas Verona,2,1,H,Italy,Serie A,football-data.co.uk
league_9953bdb6b9f9db10,2024-01-06,SERIE_A,2023-24,LEAGUE,,Lecce,Cagliari,1,1,D,Italy,Serie A,football-data.co.uk
league_0770d27ccc42bfcb,2024-01-06,SERIE_A,2023-24,LEAGUE,,Sassuolo,Fiorentina,1,0,H,Italy,Serie A,football-data.co.uk
league_039846e249d1b2f9,2024-01-07,SERIE_A,2023-24,LEAGUE,,AS Roma,Atalanta,1,1,D,Italy,Serie A,football-data.co.uk
league_941000379a00ae6b,2024-01-07,SERIE_A,2023-24,LEAGUE,,Empoli,AC Milan,0,3,A,Italy,Serie A,football-data.co.uk
league_04ee9e09d410f146,2024-01-07,SERIE_A,2023-24,LEAGUE,,Salernitana,Juventus,1,2,A,Italy,Serie A,football-data.co.uk
league_edf6ca39abed5d48,2024-01-07,SERIE_A,2023-24,LEAGUE,,Torino,Napoli,3,0,H,Italy,Serie A,football-data.co.uk
league_fbfbbfcef0d1e1f4,2024-01-07,SERIE_A,2023-24,LEAGUE,,Udinese,SS Lazio,1,2,A,Italy,Serie A,football-data.co.uk
league_020ab5d3ccc9c00d,2024-01-13,SERIE_A,2023-24,LEAGUE,,Genoa,Torino,0,0,D,Italy,Serie A,football-data.co.uk
league_4176d184ff5bac71,2024-01-13,SERIE_A,2023-24,LEAGUE,,Hellas Verona,Empoli,2,1,H,Italy,Serie A,football-data.co.uk
league_b637b92b35a242fa,2024-01-13,SERIE_A,2023-24,LEAGUE,,Monza,Inter Milan,1,5,A,Italy,Serie A,football-data.co.uk
league_b8f91ec1a3bd9ba1,2024-01-13,SERIE_A,2023-24,LEAGUE,,Napoli,Salernitana,2,1,H,Italy,Serie A,football-data.co.uk
league_dd8aed8278377b97,2024-01-14,SERIE_A,2023-24,LEAGUE,,AC Milan,AS Roma,3,1,H,Italy,Serie A,football-data.co.uk
league_44b3c25b66c99f84,2024-01-14,SERIE_A,2023-24,LEAGUE,,Cagliari,Bologna,2,1,H,Italy,Serie A,football-data.co.uk
league_eac8e39b89d71603,2024-01-14,SERIE_A,2023-24,LEAGUE,,Fiorentina,Udinese,2,2,D,Italy,Serie A,football-data.co.uk
league_7b36e8aab9ff7e3d,2024-01-14,SERIE_A,2023-24,LEAGUE,,SS Lazio,Lecce,1,0,H,Italy,Serie A,football-data.co.uk
league_a5f5f8a863f113d3,2024-01-15,SERIE_A,2023-24,LEAGUE,,Atalanta,Frosinone,5,0,H,Italy,Serie A,football-data.co.uk
league_2e66febf8bd82396,2024-01-16,SERIE_A,2023-24,LEAGUE,,Juventus,Sassuolo,3,0,H,Italy,Serie A,football-data.co.uk
league_05f590c53ce9dc9b,2024-01-20,SERIE_A,2023-24,LEAGUE,,AS Roma,Hellas Verona,2,1,H,Italy,Serie A,football-data.co.uk
league_c870c2de7d7b0bbb,2024-01-20,SERIE_A,2023-24,LEAGUE,,Udinese,AC Milan,2,3,A,Italy,Serie A,football-data.co.uk
league_9cf2d169b6503193,2024-01-21,SERIE_A,2023-24,LEAGUE,,Empoli,Monza,3,0,H,Italy,Serie A,football-data.co.uk
league_53706fe5aa2a5f16,2024-01-21,SERIE_A,2023-24,LEAGUE,,Frosinone,Cagliari,3,1,H,Italy,Serie A,football-data.co.uk
league_4231a890d0cd1b9a,2024-01-21,SERIE_A,2023-24,LEAGUE,,Lecce,Juventus,0,3,A,Italy,Serie A,football-data.co.uk
league_d1c1cb2ff148ac0c,2024-01-21,SERIE_A,2023-24,LEAGUE,,Salernitana,Genoa,1,2,A,Italy,Serie A,football-data.co.uk
league_aabee1b8e2227757,2024-01-26,SERIE_A,2023-24,LEAGUE,,Cagliari,Torino,1,2,A,Italy,Serie A,football-data.co.uk
league_92685ade16820376,2024-01-27,SERIE_A,2023-24,LEAGUE,,AC Milan,Bologna,2,2,D,Italy,Serie A,football-data.co.uk
league_259f70601bf19172,2024-01-27,SERIE_A,2023-24,LEAGUE,,Atalanta,Udinese,2,0,H,Italy,Serie A,football-data.co.uk
league_c5d920953e3d8249,2024-01-27,SERIE_A,2023-24,LEAGUE,,Juventus,Empoli,1,1,D,Italy,Serie A,football-data.co.uk
league_b7d38ee034b69a22,2024-01-28,SERIE_A,2023-24,LEAGUE,,Fiorentina,Inter Milan,0,1,A,Italy,Serie A,football-data.co.uk
league_c0640c8af93ff004,2024-01-28,SERIE_A,2023-24,LEAGUE,,Genoa,Lecce,2,1,H,Italy,Serie A,football-data.co.uk
league_2cf850b9d08d1a3e,2024-01-28,SERIE_A,2023-24,LEAGUE,,Hellas Verona,Frosinone,1,1,D,Italy,Serie A,football-data.co.uk
league_8e0ac17f832896e1,2024-01-28,SERIE_A,2023-24,LEAGUE,,Monza,Sassuolo,1,0,H,Italy,Serie A,football-data.co.uk
league_dda3a5e06afbb88b,2024-01-28,SERIE_A,2023-24,LEAGUE,,SS Lazio,Napoli,0,0,D,Italy,Serie A,football-data.co.uk
league_6fa2b549f6de7a1e,2024-01-29,SERIE_A,2023-24,LEAGUE,,Salernitana,AS Roma,1,2,A,Italy,Serie A,football-data.co.uk
league_23467f5c1dc4ad9e,2024-02-02,SERIE_A,2023-24,LEAGUE,,Lecce,Fiorentina,3,2,H,Italy,Serie A,football-data.co.uk
league_3e965ea3f33cb153,2024-02-03,SERIE_A,2023-24,LEAGUE,,Bologna,Sassuolo,4,2,H,Italy,Serie A,football-data.co.uk
league_b9186ed031b7f7a5,2024-02-03,SERIE_A,2023-24,LEAGUE,,Empoli,Genoa,0,0,D,Italy,Serie A,football-data.co.uk
league_ed5974bb74f662a5,2024-02-03,SERIE_A,2023-24,LEAGUE,,Frosinone,AC Milan,2,3,A,Italy,Serie A,football-data.co.uk
league_62cec36e2525fdbe,2024-02-03,SERIE_A,2023-24,LEAGUE,,Udinese,Monza,0,0,D,Italy,Serie A,football-data.co.uk
league_96c102daf9ebf4c6,2024-02-04,SERIE_A,2023-24,LEAGUE,,Atalanta,SS Lazio,3,1,H,Italy,Serie A,football-data.co.uk
league_16e3b471d03f017d,2024-02-04,SERIE_A,2023-24,LEAGUE,,Inter Milan,Juventus,1,0,H,Italy,Serie A,football-data.co.uk
league_a1788e4840d1f392,2024-02-04,SERIE_A,2023-24,LEAGUE,,Napoli,Hellas Verona,2,1,H,Italy,Serie A,football-data.co.uk
league_65e869e318c57f02,2024-02-04,SERIE_A,2023-24,LEAGUE,,Torino,Salernitana,0,0,D,Italy,Serie A,football-data.co.uk
league_036ac272a68e1dd2,2024-02-05,SERIE_A,2023-24,LEAGUE,,AS Roma,Cagliari,4,0,H,Italy,Serie A,football-data.co.uk
league_4ed5732bffe29eef,2024-02-09,SERIE_A,2023-24,LEAGUE,,Salernitana,Empoli,1,3,A,Italy,Serie A,football-data.co.uk
league_5bd4092fab47facf,2024-02-10,SERIE_A,2023-24,LEAGUE,,AS Roma,Inter Milan,2,4,A,Italy,Serie A,football-data.co.uk
league_754a42be16964bc9,2024-02-10,SERIE_A,2023-24,LEAGUE,,Cagliari,SS Lazio,1,3,A,Italy,Serie A,football-data.co.uk
league_bb6f369a7e153f8a,2024-02-10,SERIE_A,2023-24,LEAGUE,,Sassuolo,Torino,1,1,D,Italy,Serie A,football-data.co.uk
league_4ae17c8a4a931d96,2024-02-11,SERIE_A,2023-24,LEAGUE,,AC Milan,Napoli,1,0,H,Italy,Serie A,football-data.co.uk
league_1fd4d3feee213b76,2024-02-11,SERIE_A,2023-24,LEAGUE,,Bologna,Lecce,4,0,H,Italy,Serie A,football-data.co.uk
league_9efc149638caa606,2024-02-11,SERIE_A,2023-24,LEAGUE,,Fiorentina,Frosinone,5,1,H,Italy,Serie A,football-data.co.uk
league_ab211753ae7df943,2024-02-11,SERIE_A,2023-24,LEAGUE,,Genoa,Atalanta,1,4,A,Italy,Serie A,football-data.co.uk
league_e8dcdfce0c51bb09,2024-02-11,SERIE_A,2023-24,LEAGUE,,Monza,Hellas Verona,0,0,D,Italy,Serie A,football-data.co.uk
league_546ff925a72b4602,2024-02-12,SERIE_A,2023-24,LEAGUE,,Juventus,Udinese,0,1,A,Italy,Serie A,football-data.co.uk
league_1813583ff627ed2b,2024-02-14,SERIE_A,2023-24,LEAGUE,,Bologna,Fiorentina,2,0,H,Italy,Serie A,football-data.co.uk
league_a34abd26a72e10b2,2024-02-16,SERIE_A,2023-24,LEAGUE,,Inter Milan,Salernitana,4,0,H,Italy,Serie A,football-data.co.uk
league_f10be40e8c79425f,2024-02-16,SERIE_A,2023-24,LEAGUE,,Torino,Lecce,2,0,H,Italy,Serie A,football-data.co.uk
league_a5fadcd084247a26,2024-02-17,SERIE_A,2023-24,LEAGUE,,Atalanta,Sassuolo,3,0,H,Italy,Serie A,football-data.co.uk
league_81dfa7aeaf7e2965,2024-02-17,SERIE_A,2023-24,LEAGUE,,Hellas Verona,Juventus,2,2,D,Italy,Serie A,football-data.co.uk
league_dfcaeeaac80e6379,2024-02-17,SERIE_A,2023-24,LEAGUE,,Napoli,Genoa,1,1,D,Italy,Serie A,football-data.co.uk
league_4a9c25214423ef2a,2024-02-18,SERIE_A,2023-24,LEAGUE,,Empoli,Fiorentina,1,1,D,Italy,Serie A,football-data.co.uk
league_9f3a46e6a7c732a3,2024-02-18,SERIE_A,2023-24,LEAGUE,,Frosinone,AS Roma,0,3,A,Italy,Serie A,football-data.co.uk
league_41b1e7908d014973,2024-02-18,SERIE_A,2023-24,LEAGUE,,Monza,AC Milan,4,2,H,Italy,Serie A,football-data.co.uk
league_c030ecef4b551e88,2024-02-18,SERIE_A,2023-24,LEAGUE,,SS Lazio,Bologna,1,2,A,Italy,Serie A,football-data.co.uk
league_c8edbd7580b49003,2024-02-18,SERIE_A,2023-24,LEAGUE,,Udinese,Cagliari,1,1,D,Italy,Serie A,football-data.co.uk
league_093771ecd7238917,2024-02-22,SERIE_A,2023-24,LEAGUE,,Torino,SS Lazio,0,2,A,Italy,Serie A,football-data.co.uk
league_d5a87292fa4da69f,2024-02-23,SERIE_A,2023-24,LEAGUE,,Bologna,Hellas Verona,2,0,H,Italy,Serie A,football-data.co.uk
league_d073b3b66e843845,2024-02-24,SERIE_A,2023-24,LEAGUE,,Genoa,Udinese,2,0,H,Italy,Serie A,football-data.co.uk
league_7654a697f915f9fd,2024-02-24,SERIE_A,2023-24,LEAGUE,,Salernitana,Monza,0,2,A,Italy,Serie A,football-data.co.uk
league_56223a28e334e25e,2024-02-24,SERIE_A,2023-24,LEAGUE,,Sassuolo,Empoli,2,3,A,Italy,Serie A,football-data.co.uk
league_2875adc2cb2a7f70,2024-02-25,SERIE_A,2023-24,LEAGUE,,AC Milan,Atalanta,1,1,D,Italy,Serie A,football-data.co.uk
league_a4474d771fc6ff4a,2024-02-25,SERIE_A,2023-24,LEAGUE,,Cagliari,Napoli,1,1,D,Italy,Serie A,football-data.co.uk
league_7acd75068c739a9e,2024-02-25,SERIE_A,2023-24,LEAGUE,,Juventus,Frosinone,3,2,H,Italy,Serie A,football-data.co.uk
league_8535077b90c2a6db,2024-02-25,SERIE_A,2023-24,LEAGUE,,Lecce,Inter Milan,0,4,A,Italy,Serie A,football-data.co.uk
league_108e29b9fceb4cbb,2024-02-26,SERIE_A,2023-24,LEAGUE,,AS Roma,Torino,3,2,H,Italy,Serie A,football-data.co.uk
league_8946b55edfbd1b44,2024-02-26,SERIE_A,2023-24,LEAGUE,,Fiorentina,SS Lazio,2,1,H,Italy,Serie A,football-data.co.uk
league_c6bd2138b66985e5,2024-02-28,SERIE_A,2023-24,LEAGUE,,Inter Milan,Atalanta,4,0,H,Italy,Serie A,football-data.co.uk
league_d69fa1148305d65d,2024-02-28,SERIE_A,2023-24,LEAGUE,,Sassuolo,Napoli,1,6,A,Italy,Serie A,football-data.co.uk
league_96f902d9b5188ffe,2024-03-01,SERIE_A,2023-24,LEAGUE,,SS Lazio,AC Milan,0,1,A,Italy,Serie A,football-data.co.uk
league_247c5e076295528b,2024-03-02,SERIE_A,2023-24,LEAGUE,,Monza,AS Roma,1,4,A,Italy,Serie A,football-data.co.uk
league_b226af86a3b161f9,2024-03-02,SERIE_A,2023-24,LEAGUE,,Torino,Fiorentina,0,0,D,Italy,Serie A,football-data.co.uk
league_4eb09f36df039671,2024-03-02,SERIE_A,2023-24,LEAGUE,,Udinese,Salernitana,1,1,D,Italy,Serie A,football-data.co.uk
league_08b315dc699b41e2,2024-03-03,SERIE_A,2023-24,LEAGUE,,Atalanta,Bologna,1,2,A,Italy,Serie A,football-data.co.uk
league_388a9a88ca0da04d,2024-03-03,SERIE_A,2023-24,LEAGUE,,Empoli,Cagliari,0,1,A,Italy,Serie A,football-data.co.uk
league_00f031d45f41a01b,2024-03-03,SERIE_A,2023-24,LEAGUE,,Frosinone,Lecce,1,1,D,Italy,Serie A,football-data.co.uk
league_05e8bd60f87114d9,2024-03-03,SERIE_A,2023-24,LEAGUE,,Hellas Verona,Sassuolo,1,0,H,Italy,Serie A,football-data.co.uk
league_7d3dff3ef26e1ea2,2024-03-03,SERIE_A,2023-24,LEAGUE,,Napoli,Juventus,2,1,H,Italy,Serie A,football-data.co.uk
league_cefc0a64c83cd939,2024-03-04,SERIE_A,2023-24,LEAGUE,,Inter Milan,Genoa,2,1,H,Italy,Serie A,football-data.co.uk
league_1e5d42d55d4e2631,2024-03-08,SERIE_A,2023-24,LEAGUE,,Napoli,Torino,1,1,D,Italy,Serie A,football-data.co.uk
league_494530972c25879f,2024-03-09,SERIE_A,2023-24,LEAGUE,,Bologna,Inter Milan,0,1,A,Italy,Serie A,football-data.co.uk
league_734d3c029e7a1a33,2024-03-09,SERIE_A,2023-24,LEAGUE,,Cagliari,Salernitana,4,2,H,Italy,Serie A,football-data.co.uk
league_f075ea10c6903c60,2024-03-09,SERIE_A,2023-24,LEAGUE,,Genoa,Monza,2,3,A,Italy,Serie A,football-data.co.uk
league_2446d380ae717aba,2024-03-09,SERIE_A,2023-24,LEAGUE,,Sassuolo,Frosinone,1,0,H,Italy,Serie A,football-data.co.uk
league_3939fbfebfdb5dd1,2024-03-10,SERIE_A,2023-24,LEAGUE,,AC Milan,Empoli,1,0,H,Italy,Serie A,football-data.co.uk
league_3b0eac337a205d13,2024-03-10,SERIE_A,2023-24,LEAGUE,,Fiorentina,AS Roma,2,2,D,Italy,Serie A,football-data.co.uk
league_ebf52581f5ab395a,2024-03-10,SERIE_A,2023-24,LEAGUE,,Juventus,Atalanta,2,2,D,Italy,Serie A,football-data.co.uk
league_9ef5584065c2aaa1,2024-03-10,SERIE_A,2023-24,LEAGUE,,Lecce,Hellas Verona,0,1,A,Italy,Serie A,football-data.co.uk
league_79c36efebeabecdc,2024-03-11,SERIE_A,2023-24,LEAGUE,,SS Lazio,Udinese,1,2,A,Italy,Serie A,football-data.co.uk
league_aef2657a5021feb9,2024-03-15,SERIE_A,2023-24,LEAGUE,,Empoli,Bologna,0,1,A,Italy,Serie A,football-data.co.uk
league_e54b337adb7f9318,2024-03-16,SERIE_A,2023-24,LEAGUE,,Frosinone,SS Lazio,2,3,A,Italy,Serie A,football-data.co.uk
league_a8e8ea0d0ba0ddf5,2024-03-16,SERIE_A,2023-24,LEAGUE,,Monza,Cagliari,1,0,H,Italy,Serie A,football-data.co.uk
league_652ac82104f5a275,2024-03-16,SERIE_A,2023-24,LEAGUE,,Salernitana,Lecce,0,1,A,Italy,Serie A,football-data.co.uk
league_990779f975de53a8,2024-03-16,SERIE_A,2023-24,LEAGUE,,Udinese,Torino,0,2,A,Italy,Serie A,football-data.co.uk
league_880cf526fcb62816,2024-03-17,SERIE_A,2023-24,LEAGUE,,AS Roma,Sassuolo,1,0,H,Italy,Serie A,football-data.co.uk
league_8690affe4ac1a6d6,2024-03-17,SERIE_A,2023-24,LEAGUE,,Hellas Verona,AC Milan,1,3,A,Italy,Serie A,football-data.co.uk
league_057543f723042da7,2024-03-17,SERIE_A,2023-24,LEAGUE,,Inter Milan,Napoli,1,1,D,Italy,Serie A,football-data.co.uk
league_eafb6807a926577d,2024-03-17,SERIE_A,2023-24,LEAGUE,,Juventus,Genoa,0,0,D,Italy,Serie A,football-data.co.uk
league_91bffd2897299ba9,2024-03-30,SERIE_A,2023-24,LEAGUE,,Fiorentina,AC Milan,1,2,A,Italy,Serie A,football-data.co.uk
league_9f8fdb8b2acacf79,2024-03-30,SERIE_A,2023-24,LEAGUE,,Genoa,Frosinone,1,1,D,Italy,Serie A,football-data.co.uk
league_dd3d2d5e8f641c95,2024-03-30,SERIE_A,2023-24,LEAGUE,,Napoli,Atalanta,0,3,A,Italy,Serie A,football-data.co.uk
league_091b5d9578221326,2024-03-30,SERIE_A,2023-24,LEAGUE,,SS Lazio,Juventus,1,0,H,Italy,Serie A,football-data.co.uk
league_6d8d92126d6570a2,2024-03-30,SERIE_A,2023-24,LEAGUE,,Torino,Monza,1,0,H,Italy,Serie A,football-data.co.uk
league_75f386cc91046dbf,2024-04-01,SERIE_A,2023-24,LEAGUE,,Bologna,Salernitana,3,0,H,Italy,Serie A,football-data.co.uk
league_cf1dbdf0d39daf77,2024-04-01,SERIE_A,2023-24,LEAGUE,,Cagliari,Hellas Verona,1,1,D,Italy,Serie A,football-data.co.uk
league_515e12e81e0902d5,2024-04-01,SERIE_A,2023-24,LEAGUE,,Inter Milan,Empoli,2,0,H,Italy,Serie A,football-data.co.uk
league_c1ded833a1a176d1,2024-04-01,SERIE_A,2023-24,LEAGUE,,Lecce,AS Roma,0,0,D,Italy,Serie A,football-data.co.uk
league_aba416fb7a96a576,2024-04-01,SERIE_A,2023-24,LEAGUE,,Sassuolo,Udinese,1,1,D,Italy,Serie A,football-data.co.uk
league_5f564c5b288b7729,2024-04-05,SERIE_A,2023-24,LEAGUE,,Salernitana,Sassuolo,2,2,D,Italy,Serie A,football-data.co.uk
league_a9d21c9e94631911,2024-04-06,SERIE_A,2023-24,LEAGUE,,AC Milan,Lecce,3,0,H,Italy,Serie A,football-data.co.uk
league_adfeb0b3ccea86d3,2024-04-06,SERIE_A,2023-24,LEAGUE,,AS Roma,SS Lazio,1,0,H,Italy,Serie A,football-data.co.uk
league_54e6f22fb2d4a2fc,2024-04-06,SERIE_A,2023-24,LEAGUE,,Empoli,Torino,3,2,H,Italy,Serie A,football-data.co.uk
league_d4a0c66f3ff3506c,2024-04-07,SERIE_A,2023-24,LEAGUE,,Cagliari,Atalanta,2,1,H,Italy,Serie A,football-data.co.uk
league_8c8b8d57124e48fa,2024-04-07,SERIE_A,2023-24,LEAGUE,,Frosinone,Bologna,0,0,D,Italy,Serie A,football-data.co.uk
league_a3063b9d5275ddc1,2024-04-07,SERIE_A,2023-24,LEAGUE,,Hellas Verona,Genoa,1,2,A,Italy,Serie A,football-data.co.uk
league_ebef4e34439de46c,2024-04-07,SERIE_A,2023-24,LEAGUE,,Juventus,Fiorentina,1,0,H,Italy,Serie A,football-data.co.uk
league_bd502410a7c1d683,2024-04-07,SERIE_A,2023-24,LEAGUE,,Monza,Napoli,2,4,A,Italy,Serie A,football-data.co.uk
league_8d18f9cf344180eb,2024-04-08,SERIE_A,2023-24,LEAGUE,,Udinese,Inter Milan,1,2,A,Italy,Serie A,football-data.co.uk
league_915a1fdb61e74491,2024-04-12,SERIE_A,2023-24,LEAGUE,,SS Lazio,Salernitana,4,1,H,Italy,Serie A,football-data.co.uk
league_175af6a666c1cecd,2024-04-13,SERIE_A,2023-24,LEAGUE,,Bologna,Monza,0,0,D,Italy,Serie A,football-data.co.uk
league_b54e791f363aaabc,2024-04-13,SERIE_A,2023-24,LEAGUE,,Lecce,Empoli,1,0,H,Italy,Serie A,football-data.co.uk
league_27780d5a1508ee4c,2024-04-13,SERIE_A,2023-24,LEAGUE,,Torino,Juventus,0,0,D,Italy,Serie A,football-data.co.uk
league_b2700464b370d971,2024-04-14,SERIE_A,2023-24,LEAGUE,,Inter Milan,Cagliari,2,2,D,Italy,Serie A,football-data.co.uk
league_de2ba0ed3fe34d57,2024-04-14,SERIE_A,2023-24,LEAGUE,,Napoli,Frosinone,2,2,D,Italy,Serie A,football-data.co.uk
league_876e4331c3050098,2024-04-14,SERIE_A,2023-24,LEAGUE,,Sassuolo,AC Milan,3,3,D,Italy,Serie A,football-data.co.uk
league_2b12d5da69a12776,2024-04-15,SERIE_A,2023-24,LEAGUE,,Atalanta,Hellas Verona,2,2,D,Italy,Serie A,football-data.co.uk
league_f35481fbf0ef10da,2024-04-15,SERIE_A,2023-24,LEAGUE,,Fiorentina,Genoa,1,1,D,Italy,Serie A,football-data.co.uk
league_d051be5ded95028a,2024-04-19,SERIE_A,2023-24,LEAGUE,,Cagliari,Juventus,2,2,D,Italy,Serie A,football-data.co.uk
league_5f745bbdaff48405,2024-04-19,SERIE_A,2023-24,LEAGUE,,Genoa,SS Lazio,0,1,A,Italy,Serie A,football-data.co.uk
league_0b5bd89893daeb59,2024-04-20,SERIE_A,2023-24,LEAGUE,,Empoli,Napoli,1,0,H,Italy,Serie A,football-data.co.uk
league_42c0d4b245db2b62,2024-04-20,SERIE_A,2023-24,LEAGUE,,Hellas Verona,Udinese,1,0,H,Italy,Serie A,football-data.co.uk
league_60eca3c2d621dec7,2024-04-21,SERIE_A,2023-24,LEAGUE,,Monza,Atalanta,1,2,A,Italy,Serie A,football-data.co.uk
league_36bb107a0184192e,2024-04-21,SERIE_A,2023-24,LEAGUE,,Salernitana,Fiorentina,0,2,A,Italy,Serie A,football-data.co.uk
league_da51a287b08f3eeb,2024-04-21,SERIE_A,2023-24,LEAGUE,,Sassuolo,Lecce,0,3,A,Italy,Serie A,football-data.co.uk
league_63873166b7a2fbd5,2024-04-21,SERIE_A,2023-24,LEAGUE,,Torino,Frosinone,0,0,D,Italy,Serie A,football-data.co.uk
league_ea5eea2074829ba1,2024-04-22,SERIE_A,2023-24,LEAGUE,,AC Milan,Inter Milan,1,2,A,Italy,Serie A,football-data.co.uk
league_bb0875847c4162c1,2024-04-22,SERIE_A,2023-24,LEAGUE,,AS Roma,Bologna,1,3,A,Italy,Serie A,football-data.co.uk
league_e85375338349257a,2024-04-25,SERIE_A,2023-24,LEAGUE,,Udinese,AS Roma,1,2,A,Italy,Serie A,football-data.co.uk
league_d379b6cd2bc9afd9,2024-04-26,SERIE_A,2023-24,LEAGUE,,Frosinone,Salernitana,3,0,H,Italy,Serie A,football-data.co.uk
league_65d3f8e2caebcae2,2024-04-27,SERIE_A,2023-24,LEAGUE,,Juventus,AC Milan,0,0,D,Italy,Serie A,football-data.co.uk
league_6933ff426866e165,2024-04-27,SERIE_A,2023-24,LEAGUE,,Lecce,Monza,1,1,D,Italy,Serie A,football-data.co.uk
league_c3748e3b96a23960,2024-04-27,SERIE_A,2023-24,LEAGUE,,SS Lazio,Hellas Verona,1,0,H,Italy,Serie A,football-data.co.uk
league_adaaa5f3d1431f3d,2024-04-28,SERIE_A,2023-24,LEAGUE,,Atalanta,Empoli,2,0,H,Italy,Serie A,football-data.co.uk
league_ec0687ae54ad46c7,2024-04-28,SERIE_A,2023-24,LEAGUE,,Bologna,Udinese,1,1,D,Italy,Serie A,football-data.co.uk
league_5d037885fd2308e2,2024-04-28,SERIE_A,2023-24,LEAGUE,,Fiorentina,Sassuolo,5,1,H,Italy,Serie A,football-data.co.uk
league_f3233433f1bccb85,2024-04-28,SERIE_A,2023-24,LEAGUE,,Inter Milan,Torino,2,0,H,Italy,Serie A,football-data.co.uk
league_236dce059c817036,2024-04-28,SERIE_A,2023-24,LEAGUE,,Napoli,AS Roma,2,2,D,Italy,Serie A,football-data.co.uk
league_460cb0ad5163b194,2024-04-29,SERIE_A,2023-24,LEAGUE,,Genoa,Cagliari,3,0,H,Italy,Serie A,football-data.co.uk
league_f40aac70d4c89b2d,2024-05-03,SERIE_A,2023-24,LEAGUE,,Torino,Bologna,0,0,D,Italy,Serie A,football-data.co.uk
league_b7c45a474f6fdb74,2024-05-04,SERIE_A,2023-24,LEAGUE,,Monza,SS Lazio,2,2,D,Italy,Serie A,football-data.co.uk
league_0a6c1e246b48c5a8,2024-05-04,SERIE_A,2023-24,LEAGUE,,Sassuolo,Inter Milan,1,0,H,Italy,Serie A,football-data.co.uk
league_452473648cc04f2c,2024-05-05,SERIE_A,2023-24,LEAGUE,,AC Milan,Genoa,3,3,D,Italy,Serie A,football-data.co.uk
league_e150cdbbac4dca00,2024-05-05,SERIE_A,2023-24,LEAGUE,,AS Roma,Juventus,1,1,D,Italy,Serie A,football-data.co.uk
league_430d43cfbbc884a6,2024-05-05,SERIE_A,2023-24,LEAGUE,,Cagliari,Lecce,1,1,D,Italy,Serie A,football-data.co.uk
league_e0e873a7823526d7,2024-05-05,SERIE_A,2023-24,LEAGUE,,Empoli,Frosinone,0,0,D,Italy,Serie A,football-data.co.uk
league_9bbd5b2346f0008f,2024-05-05,SERIE_A,2023-24,LEAGUE,,Hellas Verona,Fiorentina,2,1,H,Italy,Serie A,football-data.co.uk
league_33c49879510b96da,2024-05-06,SERIE_A,2023-24,LEAGUE,,Salernitana,Atalanta,1,2,A,Italy,Serie A,football-data.co.uk
league_ab599b63aff4c965,2024-05-06,SERIE_A,2023-24,LEAGUE,,Udinese,Napoli,1,1,D,Italy,Serie A,football-data.co.uk
league_b9471b9112eba00a,2024-05-10,SERIE_A,2023-24,LEAGUE,,Frosinone,Inter Milan,0,5,A,Italy,Serie A,football-data.co.uk
league_79b7a861d3167a18,2024-05-11,SERIE_A,2023-24,LEAGUE,,AC Milan,Cagliari,5,1,H,Italy,Serie A,football-data.co.uk
league_d105412719b6758a,2024-05-11,SERIE_A,2023-24,LEAGUE,,Napoli,Bologna,0,2,A,Italy,Serie A,football-data.co.uk
league_b07d257f6307cd63,2024-05-12,SERIE_A,2023-24,LEAGUE,,Atalanta,AS Roma,2,1,H,Italy,Serie A,football-data.co.uk
league_4cc6f52d5f72607c,2024-05-12,SERIE_A,2023-24,LEAGUE,,Genoa,Sassuolo,2,1,H,Italy,Serie A,football-data.co.uk
league_e741bbeea103d08b,2024-05-12,SERIE_A,2023-24,LEAGUE,,Hellas Verona,Torino,1,2,A,Italy,Serie A,football-data.co.uk
league_e3bbbccc14a9e2ea,2024-05-12,SERIE_A,2023-24,LEAGUE,,Juventus,Salernitana,1,1,D,Italy,Serie A,football-data.co.uk
league_ffdf4e8da1fdca99,2024-05-12,SERIE_A,2023-24,LEAGUE,,SS Lazio,Empoli,2,0,H,Italy,Serie A,football-data.co.uk
league_c5362b09ad9b2d03,2024-05-13,SERIE_A,2023-24,LEAGUE,,Fiorentina,Monza,2,1,H,Italy,Serie A,football-data.co.uk
league_d260f5e47228a588,2024-05-13,SERIE_A,2023-24,LEAGUE,,Lecce,Udinese,0,2,A,Italy,Serie A,football-data.co.uk
league_7d6a73ba6ac93838,2024-05-17,SERIE_A,2023-24,LEAGUE,,Fiorentina,Napoli,2,2,D,Italy,Serie A,football-data.co.uk
league_1a3a1508f60ecca9,2024-05-18,SERIE_A,2023-24,LEAGUE,,Lecce,Atalanta,0,2,A,Italy,Serie A,football-data.co.uk
league_22e246059e66a5f4,2024-05-18,SERIE_A,2023-24,LEAGUE,,Torino,AC Milan,3,1,H,Italy,Serie A,football-data.co.uk
league_3bda8734b3ca1778,2024-05-19,SERIE_A,2023-24,LEAGUE,,AS Roma,Genoa,1,0,H,Italy,Serie A,football-data.co.uk
league_6776e400d231aa09,2024-05-19,SERIE_A,2023-24,LEAGUE,,Inter Milan,SS Lazio,1,1,D,Italy,Serie A,football-data.co.uk
league_d783c866efadf3e7,2024-05-19,SERIE_A,2023-24,LEAGUE,,Monza,Frosinone,0,1,A,Italy,Serie A,football-data.co.uk
league_2f7acdb8773cfbb3,2024-05-19,SERIE_A,2023-24,LEAGUE,,Sassuolo,Cagliari,0,2,A,Italy,Serie A,football-data.co.uk
league_b46a0933d7cc4701,2024-05-19,SERIE_A,2023-24,LEAGUE,,Udinese,Empoli,1,1,D,Italy,Serie A,football-data.co.uk
league_d8b5e03fdab6cf32,2024-05-20,SERIE_A,2023-24,LEAGUE,,Bologna,Juventus,3,3,D,Italy,Serie A,football-data.co.uk
league_2bcdd72170fc7658,2024-05-20,SERIE_A,2023-24,LEAGUE,,Salernitana,Hellas Verona,1,2,A,Italy,Serie A,football-data.co.uk
league_c3e881d2b44dd12d,2024-05-23,SERIE_A,2023-24,LEAGUE,,Cagliari,Fiorentina,2,3,A,Italy,Serie A,football-data.co.uk
league_c3b3ea100b189a00,2024-05-24,SERIE_A,2023-24,LEAGUE,,Genoa,Bologna,2,0,H,Italy,Serie A,football-data.co.uk
league_9081c583ccd48dc0,2024-05-25,SERIE_A,2023-24,LEAGUE,,AC Milan,Salernitana,3,3,D,Italy,Serie A,football-data.co.uk
league_d01ce7fa08813193,2024-05-25,SERIE_A,2023-24,LEAGUE,,Juventus,Monza,2,0,H,Italy,Serie A,football-data.co.uk
league_d00f0d62c024e32b,2024-05-26,SERIE_A,2023-24,LEAGUE,,Atalanta,Torino,3,0,H,Italy,Serie A,football-data.co.uk
league_c73636b1e5ce65ed,2024-05-26,SERIE_A,2023-24,LEAGUE,,Empoli,AS Roma,2,1,H,Italy,Serie A,football-data.co.uk
league_1f5afdc935a7539b,2024-05-26,SERIE_A,2023-24,LEAGUE,,Frosinone,Udinese,0,1,A,Italy,Serie A,football-data.co.uk
league_f6d8fafc3014c334,2024-05-26,SERIE_A,2023-24,LEAGUE,,Hellas Verona,Inter Milan,2,2,D,Italy,Serie A,football-data.co.uk
league_d1233ced0665a7fd,2024-05-26,SERIE_A,2023-24,LEAGUE,,Napoli,Lecce,0,0,D,Italy,Serie A,football-data.co.uk
league_c418f9918c289e7e,2024-05-26,SERIE_A,2023-24,LEAGUE,,SS Lazio,Sassuolo,1,1,D,Italy,Serie A,football-data.co.uk
league_884278ee6b1d41e5,2024-06-02,SERIE_A,2023-24,LEAGUE,,Atalanta,Fiorentina,2,3,A,Italy,Serie A,football-data.co.uk
league_2c9161a92150a702,2024-08-17,SERIE_A,2024-25,LEAGUE,,AC Milan,Torino,2,2,D,Italy,Serie A,football-data.co.uk
league_8f489f60eaea2cc6,2024-08-17,SERIE_A,2024-25,LEAGUE,,Empoli,Monza,0,0,D,Italy,Serie A,football-data.co.uk
league_9c3e4da201e7d933,2024-08-17,SERIE_A,2024-25,LEAGUE,,Genoa,Inter Milan,2,2,D,Italy,Serie A,football-data.co.uk
league_059f752b799d58ba,2024-08-17,SERIE_A,2024-25,LEAGUE,,Parma,Fiorentina,1,1,D,Italy,Serie A,football-data.co.uk
league_6a1227d5412e8a4d,2024-08-18,SERIE_A,2024-25,LEAGUE,,Bologna,Udinese,1,1,D,Italy,Serie A,football-data.co.uk
league_7b75b9f6221d75c5,2024-08-18,SERIE_A,2024-25,LEAGUE,,Cagliari,AS Roma,0,0,D,Italy,Serie A,football-data.co.uk
league_1e1df0a8ded7a087,2024-08-18,SERIE_A,2024-25,LEAGUE,,Hellas Verona,Napoli,3,0,H,Italy,Serie A,football-data.co.uk
league_377aac92af2cbd19,2024-08-18,SERIE_A,2024-25,LEAGUE,,SS Lazio,Venezia,3,1,H,Italy,Serie A,football-data.co.uk
league_dbcc07b5c0db04cf,2024-08-19,SERIE_A,2024-25,LEAGUE,,Juventus,Como,3,0,H,Italy,Serie A,football-data.co.uk
league_ae2662e7554f5a19,2024-08-19,SERIE_A,2024-25,LEAGUE,,Lecce,Atalanta,0,4,A,Italy,Serie A,football-data.co.uk
league_3e7ccd92f3f36dcd,2024-08-24,SERIE_A,2024-25,LEAGUE,,Inter Milan,Lecce,2,0,H,Italy,Serie A,football-data.co.uk
league_6e78210af09b0b00,2024-08-24,SERIE_A,2024-25,LEAGUE,,Monza,Genoa,0,1,A,Italy,Serie A,football-data.co.uk
league_4478410371ddb7e2,2024-08-24,SERIE_A,2024-25,LEAGUE,,Parma,AC Milan,2,1,H,Italy,Serie A,football-data.co.uk
league_66707d55e77e2b64,2024-08-24,SERIE_A,2024-25,LEAGUE,,Udinese,SS Lazio,2,1,H,Italy,Serie A,football-data.co.uk
league_bac1e3fc638a556d,2024-08-25,SERIE_A,2024-25,LEAGUE,,AS Roma,Empoli,1,2,A,Italy,Serie A,football-data.co.uk
league_441d8e91adfbee72,2024-08-25,SERIE_A,2024-25,LEAGUE,,Fiorentina,Venezia,0,0,D,Italy,Serie A,football-data.co.uk
league_dc5e85c45e3ee786,2024-08-25,SERIE_A,2024-25,LEAGUE,,Napoli,Bologna,3,0,H,Italy,Serie A,football-data.co.uk
league_aba03296269ec898,2024-08-25,SERIE_A,2024-25,LEAGUE,,Torino,Atalanta,2,1,H,Italy,Serie A,football-data.co.uk
league_d971d8645312332f,2024-08-26,SERIE_A,2024-25,LEAGUE,,Cagliari,Como,1,1,D,Italy,Serie A,football-data.co.uk
league_100c905df0bbeb57,2024-08-26,SERIE_A,2024-25,LEAGUE,,Hellas Verona,Juventus,0,3,A,Italy,Serie A,football-data.co.uk
league_3559e056aecc76ab,2024-08-30,SERIE_A,2024-25,LEAGUE,,Inter Milan,Atalanta,4,0,H,Italy,Serie A,football-data.co.uk
league_746903e9478d9a60,2024-08-30,SERIE_A,2024-25,LEAGUE,,Venezia,Torino,0,1,A,Italy,Serie A,football-data.co.uk
league_4cd80b9cfb24e150,2024-08-31,SERIE_A,2024-25,LEAGUE,,Bologna,Empoli,1,1,D,Italy,Serie A,football-data.co.uk
league_38725a095cfdcaa8,2024-08-31,SERIE_A,2024-25,LEAGUE,,Lecce,Cagliari,1,0,H,Italy,Serie A,football-data.co.uk
league_28cc70697cd75e4a,2024-08-31,SERIE_A,2024-25,LEAGUE,,Napoli,Parma,2,1,H,Italy,Serie A,football-data.co.uk
league_750f434398491cbc,2024-08-31,SERIE_A,2024-25,LEAGUE,,SS Lazio,AC Milan,2,2,D,Italy,Serie A,football-data.co.uk
league_3e60c173d9a60ee9,2024-09-01,SERIE_A,2024-25,LEAGUE,,Fiorentina,Monza,2,2,D,Italy,Serie A,football-data.co.uk
league_768244ce43b17a7e,2024-09-01,SERIE_A,2024-25,LEAGUE,,Genoa,Hellas Verona,0,2,A,Italy,Serie A,football-data.co.uk
league_164953bc1310332b,2024-09-01,SERIE_A,2024-25,LEAGUE,,Juventus,AS Roma,0,0,D,Italy,Serie A,football-data.co.uk
league_ca371570534c8666,2024-09-01,SERIE_A,2024-25,LEAGUE,,Udinese,Como,1,0,H,Italy,Serie A,football-data.co.uk
league_37e130a3be3134b7,2024-09-14,SERIE_A,2024-25,LEAGUE,,AC Milan,Venezia,4,0,H,Italy,Serie A,football-data.co.uk
league_ce1aa12d32f73e55,2024-09-14,SERIE_A,2024-25,LEAGUE,,Como,Bologna,2,2,D,Italy,Serie A,football-data.co.uk
league_832d988b056356ec,2024-09-14,SERIE_A,2024-25,LEAGUE,,Empoli,Juventus,0,0,D,Italy,Serie A,football-data.co.uk
league_201be3cb30e8c80f,2024-09-15,SERIE_A,2024-25,LEAGUE,,Atalanta,Fiorentina,3,2,H,Italy,Serie A,football-data.co.uk
league_1a4d46aa83bfd2b4,2024-09-15,SERIE_A,2024-25,LEAGUE,,Cagliari,Napoli,0,4,A,Italy,Serie A,football-data.co.uk
league_048f912c449fa767,2024-09-15,SERIE_A,2024-25,LEAGUE,,Genoa,AS Roma,1,1,D,Italy,Serie A,football-data.co.uk
league_ca64a8cec7a48c0e,2024-09-15,SERIE_A,2024-25,LEAGUE,,Monza,Inter Milan,1,1,D,Italy,Serie A,football-data.co.uk
league_a08e8e8027ac9a8f,2024-09-15,SERIE_A,2024-25,LEAGUE,,Torino,Lecce,0,0,D,Italy,Serie A,football-data.co.uk
league_a1fc51862aaafa6b,2024-09-16,SERIE_A,2024-25,LEAGUE,,Parma,Udinese,2,3,A,Italy,Serie A,football-data.co.uk
league_64591781d45ad8b9,2024-09-16,SERIE_A,2024-25,LEAGUE,,SS Lazio,Hellas Verona,2,1,H,Italy,Serie A,football-data.co.uk
league_1f73f517c1e3b8e1,2024-09-20,SERIE_A,2024-25,LEAGUE,,Cagliari,Empoli,0,2,A,Italy,Serie A,football-data.co.uk
league_58ec78b092a682eb,2024-09-20,SERIE_A,2024-25,LEAGUE,,Hellas Verona,Torino,2,3,A,Italy,Serie A,football-data.co.uk
league_22d08316f5dc7668,2024-09-21,SERIE_A,2024-25,LEAGUE,,Juventus,Napoli,0,0,D,Italy,Serie A,football-data.co.uk
league_2ea4f54baf5b9ea7,2024-09-21,SERIE_A,2024-25,LEAGUE,,Lecce,Parma,2,2,D,Italy,Serie A,football-data.co.uk
league_286e06b13dae7fa8,2024-09-21,SERIE_A,2024-25,LEAGUE,,Venezia,Genoa,2,0,H,Italy,Serie A,football-data.co.uk
league_7c3f59a611598905,2024-09-22,SERIE_A,2024-25,LEAGUE,,AS Roma,Udinese,3,0,H,Italy,Serie A,football-data.co.uk
league_4e527f45349e2984,2024-09-22,SERIE_A,2024-25,LEAGUE,,Fiorentina,SS Lazio,2,1,H,Italy,Serie A,football-data.co.uk
league_695444849062e5ea,2024-09-22,SERIE_A,2024-25,LEAGUE,,Inter Milan,AC Milan,1,2,A,Italy,Serie A,football-data.co.uk
league_79fc9a63c497a4e1,2024-09-22,SERIE_A,2024-25,LEAGUE,,Monza,Bologna,1,2,A,Italy,Serie A,football-data.co.uk
league_8c7f2dbe8b402294,2024-09-24,SERIE_A,2024-25,LEAGUE,,Atalanta,Como,2,3,A,Italy,Serie A,football-data.co.uk
league_00788250b848d977,2024-09-27,SERIE_A,2024-25,LEAGUE,,AC Milan,Lecce,3,0,H,Italy,Serie A,football-data.co.uk
league_b3ea26d7e30324ee,2024-09-28,SERIE_A,2024-25,LEAGUE,,Bologna,Atalanta,1,1,D,Italy,Serie A,football-data.co.uk
league_d93de0b0f628fa8b,2024-09-28,SERIE_A,2024-25,LEAGUE,,Genoa,Juventus,0,3,A,Italy,Serie A,football-data.co.uk
league_7a9023ec8c048317,2024-09-28,SERIE_A,2024-25,LEAGUE,,Udinese,Inter Milan,2,3,A,Italy,Serie A,football-data.co.uk
league_2e059412b89e7344,2024-09-29,SERIE_A,2024-25,LEAGUE,,AS Roma,Venezia,2,1,H,Italy,Serie A,football-data.co.uk
league_e57e9a59cc57e36d,2024-09-29,SERIE_A,2024-25,LEAGUE,,Como,Hellas Verona,3,2,H,Italy,Serie A,football-data.co.uk
league_a29f63f17cbc6bf9,2024-09-29,SERIE_A,2024-25,LEAGUE,,Empoli,Fiorentina,0,0,D,Italy,Serie A,football-data.co.uk
league_b045750b728fd13c,2024-09-29,SERIE_A,2024-25,LEAGUE,,Napoli,Monza,2,0,H,Italy,Serie A,football-data.co.uk
league_4bd6f101cf6db42e,2024-09-29,SERIE_A,2024-25,LEAGUE,,Torino,SS Lazio,2,3,A,Italy,Serie A,football-data.co.uk
league_ce5644b31e5f99d8,2024-09-30,SERIE_A,2024-25,LEAGUE,,Parma,Cagliari,2,3,A,Italy,Serie A,football-data.co.uk
league_7ff2aa00087c9d02,2024-10-04,SERIE_A,2024-25,LEAGUE,,Hellas Verona,Venezia,2,1,H,Italy,Serie A,football-data.co.uk
league_765f513d33f02bf3,2024-10-04,SERIE_A,2024-25,LEAGUE,,Napoli,Como,3,1,H,Italy,Serie A,football-data.co.uk
league_4fdc8db7c890f6c3,2024-10-05,SERIE_A,2024-25,LEAGUE,,Atalanta,Genoa,5,1,H,Italy,Serie A,football-data.co.uk
league_a2ac7bf901c7fb99,2024-10-05,SERIE_A,2024-25,LEAGUE,,Inter Milan,Torino,3,2,H,Italy,Serie A,football-data.co.uk
league_ab9200c6990ff844,2024-10-05,SERIE_A,2024-25,LEAGUE,,Udinese,Lecce,1,0,H,Italy,Serie A,football-data.co.uk
league_818570fd2a8acf83,2024-10-06,SERIE_A,2024-25,LEAGUE,,Bologna,Parma,0,0,D,Italy,Serie A,football-data.co.uk
league_be6a5dc237671096,2024-10-06,SERIE_A,2024-25,LEAGUE,,Fiorentina,AC Milan,2,1,H,Italy,Serie A,football-data.co.uk
league_eaa9b271b34ab5bc,2024-10-06,SERIE_A,2024-25,LEAGUE,,Juventus,Cagliari,1,1,D,Italy,Serie A,football-data.co.uk
league_f84f758b494cc256,2024-10-06,SERIE_A,2024-25,LEAGUE,,Monza,AS Roma,1,1,D,Italy,Serie A,football-data.co.uk
league_00d12ba54ce5325d,2024-10-06,SERIE_A,2024-25,LEAGUE,,SS Lazio,Empoli,2,1,H,Italy,Serie A,football-data.co.uk
league_9635d462f34087d9,2024-10-19,SERIE_A,2024-25,LEAGUE,,AC Milan,Udinese,1,0,H,Italy,Serie A,football-data.co.uk
league_19f09ea3dbc0b08a,2024-10-19,SERIE_A,2024-25,LEAGUE,,Como,Parma,1,1,D,Italy,Serie A,football-data.co.uk
league_2f432a860c5c7040,2024-10-19,SERIE_A,2024-25,LEAGUE,,Genoa,Bologna,2,2,D,Italy,Serie A,football-data.co.uk
league_8ee545131629c5a7,2024-10-19,SERIE_A,2024-25,LEAGUE,,Juventus,SS Lazio,1,0,H,Italy,Serie A,football-data.co.uk
league_dfd34a4034dc3fa6,2024-10-20,SERIE_A,2024-25,LEAGUE,,AS Roma,Inter Milan,0,1,A,Italy,Serie A,football-data.co.uk
league_f486ddf39ffc0c9a,2024-10-20,SERIE_A,2024-25,LEAGUE,,Cagliari,Torino,3,2,H,Italy,Serie A,football-data.co.uk
league_3d9f1405e5649c7e,2024-10-20,SERIE_A,2024-25,LEAGUE,,Empoli,Napoli,0,1,A,Italy,Serie A,football-data.co.uk
league_52f5a1cacd6e75f6,2024-10-20,SERIE_A,2024-25,LEAGUE,,Lecce,Fiorentina,0,6,A,Italy,Serie A,football-data.co.uk
league_213ab56985746630,2024-10-20,SERIE_A,2024-25,LEAGUE,,Venezia,Atalanta,0,2,A,Italy,Serie A,football-data.co.uk
league_860d30b633240774,2024-10-21,SERIE_A,2024-25,LEAGUE,,Hellas Verona,Monza,0,3,A,Italy,Serie A,football-data.co.uk
league_e8bbc656af2e9c72,2024-10-25,SERIE_A,2024-25,LEAGUE,,Torino,Como,1,0,H,Italy,Serie A,football-data.co.uk
league_7cf65e1a7581862e,2024-10-25,SERIE_A,2024-25,LEAGUE,,Udinese,Cagliari,2,0,H,Italy,Serie A,football-data.co.uk
league_98b45a4279f5bc53,2024-10-26,SERIE_A,2024-25,LEAGUE,,Atalanta,Hellas Verona,6,1,H,Italy,Serie A,football-data.co.uk
league_b38f663f3a474d07,2024-10-26,SERIE_A,2024-25,LEAGUE,,Napoli,Lecce,1,0,H,Italy,Serie A,football-data.co.uk
league_b5e14b7d44053b40,2024-10-27,SERIE_A,2024-25,LEAGUE,,Fiorentina,AS Roma,5,1,H,Italy,Serie A,football-data.co.uk
league_663106ec609e994e,2024-10-27,SERIE_A,2024-25,LEAGUE,,Inter Milan,Juventus,4,4,D,Italy,Serie A,football-data.co.uk
league_a8695466bad9322d,2024-10-27,SERIE_A,2024-25,LEAGUE,,Monza,Venezia,2,2,D,Italy,Serie A,football-data.co.uk
league_a12157eeb5c27d43,2024-10-27,SERIE_A,2024-25,LEAGUE,,Parma,Empoli,1,1,D,Italy,Serie A,football-data.co.uk
league_81982bb1bd03b350,2024-10-27,SERIE_A,2024-25,LEAGUE,,SS Lazio,Genoa,3,0,H,Italy,Serie A,football-data.co.uk
league_85dbcbcc4fd20979,2024-10-29,SERIE_A,2024-25,LEAGUE,,AC Milan,Napoli,0,2,A,Italy,Serie A,football-data.co.uk
league_ef4f0f79145b2aa8,2024-10-29,SERIE_A,2024-25,LEAGUE,,Cagliari,Bologna,0,2,A,Italy,Serie A,football-data.co.uk
league_c4d48fc66cb6bba7,2024-10-29,SERIE_A,2024-25,LEAGUE,,Lecce,Hellas Verona,1,0,H,Italy,Serie A,football-data.co.uk
league_873bfaf4553f69c4,2024-10-30,SERIE_A,2024-25,LEAGUE,,Atalanta,Monza,2,0,H,Italy,Serie A,football-data.co.uk
league_80d8079db158a63f,2024-10-30,SERIE_A,2024-25,LEAGUE,,Empoli,Inter Milan,0,3,A,Italy,Serie A,football-data.co.uk
league_3407b4c7d3dc9e7d,2024-10-30,SERIE_A,2024-25,LEAGUE,,Juventus,Parma,2,2,D,Italy,Serie A,football-data.co.uk
league_8ec67c449f698a5a,2024-10-30,SERIE_A,2024-25,LEAGUE,,Venezia,Udinese,3,2,H,Italy,Serie A,football-data.co.uk
league_da87046135fa66fe,2024-10-31,SERIE_A,2024-25,LEAGUE,,AS Roma,Torino,1,0,H,Italy,Serie A,football-data.co.uk
league_f558428b2703c39e,2024-10-31,SERIE_A,2024-25,LEAGUE,,Como,SS Lazio,1,5,A,Italy,Serie A,football-data.co.uk
league_94ce20589f20f503,2024-10-31,SERIE_A,2024-25,LEAGUE,,Genoa,Fiorentina,0,1,A,Italy,Serie A,football-data.co.uk
league_2fef86e89faf07b0,2024-11-02,SERIE_A,2024-25,LEAGUE,,Bologna,Lecce,1,0,H,Italy,Serie A,football-data.co.uk
league_ee9ddfd6604c6130,2024-11-02,SERIE_A,2024-25,LEAGUE,,Monza,AC Milan,0,1,A,Italy,Serie A,football-data.co.uk
league_4069f7d88c5fe8b7,2024-11-02,SERIE_A,2024-25,LEAGUE,,Udinese,Juventus,0,2,A,Italy,Serie A,football-data.co.uk
league_71595bff07ece82a,2024-11-03,SERIE_A,2024-25,LEAGUE,,Hellas Verona,AS Roma,3,2,H,Italy,Serie A,football-data.co.uk
league_76bf6469dbe70050,2024-11-03,SERIE_A,2024-25,LEAGUE,,Inter Milan,Venezia,1,0,H,Italy,Serie A,football-data.co.uk
league_6fa2cabce27a5547,2024-11-03,SERIE_A,2024-25,LEAGUE,,Napoli,Atalanta,0,3,A,Italy,Serie A,football-data.co.uk
league_2022ad9ed9a9b5f3,2024-11-03,SERIE_A,2024-25,LEAGUE,,Torino,Fiorentina,0,1,A,Italy,Serie A,football-data.co.uk
league_cbc0beae2535d3ef,2024-11-04,SERIE_A,2024-25,LEAGUE,,Empoli,Como,1,0,H,Italy,Serie A,football-data.co.uk
league_445c4a1ac05c6887,2024-11-04,SERIE_A,2024-25,LEAGUE,,Parma,Genoa,0,1,A,Italy,Serie A,football-data.co.uk
league_2bd9a2876a173e68,2024-11-04,SERIE_A,2024-25,LEAGUE,,SS Lazio,Cagliari,2,1,H,Italy,Serie A,football-data.co.uk
league_7dfd68acabbe2732,2024-11-07,SERIE_A,2024-25,LEAGUE,,Genoa,Como,1,1,D,Italy,Serie A,football-data.co.uk
league_cc56e4246c821455,2024-11-08,SERIE_A,2024-25,LEAGUE,,Lecce,Empoli,1,1,D,Italy,Serie A,football-data.co.uk
league_b43bac9597ba1327,2024-11-09,SERIE_A,2024-25,LEAGUE,,Cagliari,AC Milan,3,3,D,Italy,Serie A,football-data.co.uk
league_1db9d025d1cb12c3,2024-11-09,SERIE_A,2024-25,LEAGUE,,Juventus,Torino,2,0,H,Italy,Serie A,football-data.co.uk
league_a42927ef35104756,2024-11-09,SERIE_A,2024-25,LEAGUE,,Venezia,Parma,1,2,A,Italy,Serie A,football-data.co.uk
league_4cdb879061605195,2024-11-10,SERIE_A,2024-25,LEAGUE,,AS Roma,Bologna,2,3,A,Italy,Serie A,football-data.co.uk
league_d227f6f68aaa2819,2024-11-10,SERIE_A,2024-25,LEAGUE,,Atalanta,Udinese,2,1,H,Italy,Serie A,football-data.co.uk
league_137fb371cc73066c,2024-11-10,SERIE_A,2024-25,LEAGUE,,Fiorentina,Hellas Verona,3,1,H,Italy,Serie A,football-data.co.uk
league_d9111442cea1ef83,2024-11-10,SERIE_A,2024-25,LEAGUE,,Inter Milan,Napoli,1,1,D,Italy,Serie A,football-data.co.uk
league_c56210c386b2f387,2024-11-10,SERIE_A,2024-25,LEAGUE,,Monza,SS Lazio,0,1,A,Italy,Serie A,football-data.co.uk
league_035f8a874b94f487,2024-11-23,SERIE_A,2024-25,LEAGUE,,AC Milan,Juventus,0,0,D,Italy,Serie A,football-data.co.uk
league_9b36284bf92f2467,2024-11-23,SERIE_A,2024-25,LEAGUE,,Hellas Verona,Inter Milan,0,5,A,Italy,Serie A,football-data.co.uk
league_095f6b44ab29a571,2024-11-23,SERIE_A,2024-25,LEAGUE,,Parma,Atalanta,1,3,A,Italy,Serie A,football-data.co.uk
league_817749801df6fb66,2024-11-24,SERIE_A,2024-25,LEAGUE,,Como,Fiorentina,0,2,A,Italy,Serie A,football-data.co.uk
league_0e6b78c18df337dc,2024-11-24,SERIE_A,2024-25,LEAGUE,,Genoa,Cagliari,2,2,D,Italy,Serie A,football-data.co.uk
league_a6c49ca866531111,2024-11-24,SERIE_A,2024-25,LEAGUE,,Napoli,AS Roma,1,0,H,Italy,Serie A,football-data.co.uk
league_e2f9ce6bb376ed2d,2024-11-24,SERIE_A,2024-25,LEAGUE,,SS Lazio,Bologna,3,0,H,Italy,Serie A,football-data.co.uk
league_26d8989984c1fd11,2024-11-24,SERIE_A,2024-25,LEAGUE,,Torino,Monza,1,1,D,Italy,Serie A,football-data.co.uk
league_96c266899c15d548,2024-11-25,SERIE_A,2024-25,LEAGUE,,Empoli,Udinese,1,1,D,Italy,Serie A,football-data.co.uk
league_c24bb088bc26f6f9,2024-11-25,SERIE_A,2024-25,LEAGUE,,Venezia,Lecce,0,1,A,Italy,Serie A,football-data.co.uk
league_bedcea09c1b54110,2024-11-29,SERIE_A,2024-25,LEAGUE,,Cagliari,Hellas Verona,1,0,H,Italy,Serie A,football-data.co.uk
league_38ae656c91335e8a,2024-11-30,SERIE_A,2024-25,LEAGUE,,AC Milan,Empoli,3,0,H,Italy,Serie A,football-data.co.uk
league_f2a8b3322d5d8b4f,2024-11-30,SERIE_A,2024-25,LEAGUE,,Bologna,Venezia,3,0,H,Italy,Serie A,football-data.co.uk
league_eb913eba681c67e5,2024-11-30,SERIE_A,2024-25,LEAGUE,,Como,Monza,1,1,D,Italy,Serie A,football-data.co.uk
league_31b76b3d11d79693,2024-12-01,SERIE_A,2024-25,LEAGUE,,Lecce,Juventus,1,1,D,Italy,Serie A,football-data.co.uk
league_905df1a4ca897a29,2024-12-01,SERIE_A,2024-25,LEAGUE,,Parma,SS Lazio,3,1,H,Italy,Serie A,football-data.co.uk
league_3b8800287cc9205c,2024-12-01,SERIE_A,2024-25,LEAGUE,,Torino,Napoli,0,1,A,Italy,Serie A,football-data.co.uk
league_ec1555004a45ffbf,2024-12-01,SERIE_A,2024-25,LEAGUE,,Udinese,Genoa,0,2,A,Italy,Serie A,football-data.co.uk
league_b6c205ec6f97a4c0,2024-12-02,SERIE_A,2024-25,LEAGUE,,AS Roma,Atalanta,0,2,A,Italy,Serie A,football-data.co.uk
league_684abdeb0c5949dd,2024-12-06,SERIE_A,2024-25,LEAGUE,,Atalanta,AC Milan,2,1,H,Italy,Serie A,football-data.co.uk
league_49654cd04929e9c6,2024-12-06,SERIE_A,2024-25,LEAGUE,,Inter Milan,Parma,3,1,H,Italy,Serie A,football-data.co.uk
league_7f3ba47961c99e6e,2024-12-07,SERIE_A,2024-25,LEAGUE,,AS Roma,Lecce,4,1,H,Italy,Serie A,football-data.co.uk
league_decfede03f1cb010,2024-12-07,SERIE_A,2024-25,LEAGUE,,Genoa,Torino,0,0,D,Italy,Serie A,football-data.co.uk
league_aba24d247b6249a6,2024-12-07,SERIE_A,2024-25,LEAGUE,,Juventus,Bologna,2,2,D,Italy,Serie A,football-data.co.uk
league_152a8faf7ef62a94,2024-12-08,SERIE_A,2024-25,LEAGUE,,Fiorentina,Cagliari,1,0,H,Italy,Serie A,football-data.co.uk
league_7239eb44a0f91d88,2024-12-08,SERIE_A,2024-25,LEAGUE,,Hellas Verona,Empoli,1,4,A,Italy,Serie A,football-data.co.uk
league_51cbf3b1a28fc1bb,2024-12-08,SERIE_A,2024-25,LEAGUE,,Napoli,SS Lazio,0,1,A,Italy,Serie A,football-data.co.uk
league_3592001fd170ed93,2024-12-08,SERIE_A,2024-25,LEAGUE,,Venezia,Como,2,2,D,Italy,Serie A,football-data.co.uk
league_c868943221e7fe8a,2024-12-09,SERIE_A,2024-25,LEAGUE,,Monza,Udinese,1,2,A,Italy,Serie A,football-data.co.uk
league_94b2f55057545540,2024-12-13,SERIE_A,2024-25,LEAGUE,,Empoli,Torino,0,1,A,Italy,Serie A,football-data.co.uk
league_9963daf73eae62a5,2024-12-14,SERIE_A,2024-25,LEAGUE,,Cagliari,Atalanta,0,1,A,Italy,Serie A,football-data.co.uk
league_d7195be98912d410,2024-12-14,SERIE_A,2024-25,LEAGUE,,Juventus,Venezia,2,2,D,Italy,Serie A,football-data.co.uk
league_1ff1ba3384e31304,2024-12-14,SERIE_A,2024-25,LEAGUE,,Udinese,Napoli,1,3,A,Italy,Serie A,football-data.co.uk
league_4513d6d36edeec0e,2024-12-15,SERIE_A,2024-25,LEAGUE,,AC Milan,Genoa,0,0,D,Italy,Serie A,football-data.co.uk
league_3939c46968f5c2ba,2024-12-15,SERIE_A,2024-25,LEAGUE,,Bologna,Fiorentina,1,0,H,Italy,Serie A,football-data.co.uk
league_0b2defe4a23e2b3b,2024-12-15,SERIE_A,2024-25,LEAGUE,,Como,AS Roma,2,0,H,Italy,Serie A,football-data.co.uk
league_bf4946e17090da86,2024-12-15,SERIE_A,2024-25,LEAGUE,,Lecce,Monza,2,1,H,Italy,Serie A,football-data.co.uk
league_cb7315b47868d7ef,2024-12-15,SERIE_A,2024-25,LEAGUE,,Parma,Hellas Verona,2,3,A,Italy,Serie A,football-data.co.uk
league_5bdefd6392e4ebe7,2024-12-16,SERIE_A,2024-25,LEAGUE,,SS Lazio,Inter Milan,0,6,A,Italy,Serie A,football-data.co.uk
league_4463f147d0c80459,2024-12-20,SERIE_A,2024-25,LEAGUE,,Hellas Verona,AC Milan,0,1,A,Italy,Serie A,football-data.co.uk
league_622bd7fb7f40b8b4,2024-12-21,SERIE_A,2024-25,LEAGUE,,Genoa,Napoli,1,2,A,Italy,Serie A,football-data.co.uk
league_458ffca4f7310c52,2024-12-21,SERIE_A,2024-25,LEAGUE,,Lecce,SS Lazio,1,2,A,Italy,Serie A,football-data.co.uk
league_22acde05ac99fec8,2024-12-21,SERIE_A,2024-25,LEAGUE,,Torino,Bologna,0,2,A,Italy,Serie A,football-data.co.uk
league_7acb5f03c0fd5818,2024-12-22,SERIE_A,2024-25,LEAGUE,,AS Roma,Parma,5,0,H,Italy,Serie A,football-data.co.uk
league_4191978c9e4ad4bf,2024-12-22,SERIE_A,2024-25,LEAGUE,,Atalanta,Empoli,3,2,H,Italy,Serie A,football-data.co.uk
league_4792de774213cbea,2024-12-22,SERIE_A,2024-25,LEAGUE,,Monza,Juventus,1,2,A,Italy,Serie A,football-data.co.uk
league_f1b6ae1ff1963e00,2024-12-22,SERIE_A,2024-25,LEAGUE,,Venezia,Cagliari,2,1,H,Italy,Serie A,football-data.co.uk
league_5358346afa57c3ab,2024-12-23,SERIE_A,2024-25,LEAGUE,,Fiorentina,Udinese,1,2,A,Italy,Serie A,football-data.co.uk
league_df7d04d50f968163,2024-12-23,SERIE_A,2024-25,LEAGUE,,Inter Milan,Como,2,0,H,Italy,Serie A,football-data.co.uk
league_1fcbb6f9b6b18d5c,2024-12-28,SERIE_A,2024-25,LEAGUE,,Cagliari,Inter Milan,0,3,A,Italy,Serie A,football-data.co.uk
league_6bc311ac2b7f2234,2024-12-28,SERIE_A,2024-25,LEAGUE,,Empoli,Genoa,1,2,A,Italy,Serie A,football-data.co.uk
league_ca80bf6875d668ca,2024-12-28,SERIE_A,2024-25,LEAGUE,,Parma,Monza,2,1,H,Italy,Serie A,football-data.co.uk
league_3e3208380e1a8edf,2024-12-28,SERIE_A,2024-25,LEAGUE,,SS Lazio,Atalanta,1,1,D,Italy,Serie A,football-data.co.uk
league_e241b8a217c34880,2024-12-29,SERIE_A,2024-25,LEAGUE,,AC Milan,AS Roma,1,1,D,Italy,Serie A,football-data.co.uk
league_ba30e48ce8f023b3,2024-12-29,SERIE_A,2024-25,LEAGUE,,Juventus,Fiorentina,2,2,D,Italy,Serie A,football-data.co.uk
league_fe7c55ce8331dfd7,2024-12-29,SERIE_A,2024-25,LEAGUE,,Napoli,Venezia,1,0,H,Italy,Serie A,football-data.co.uk
league_9cdf7e14f14ba351,2024-12-29,SERIE_A,2024-25,LEAGUE,,Udinese,Torino,2,2,D,Italy,Serie A,football-data.co.uk
league_7332df0ad1f45564,2024-12-30,SERIE_A,2024-25,LEAGUE,,Bologna,Hellas Verona,2,3,A,Italy,Serie A,football-data.co.uk
league_320267dd643e60b5,2024-12-30,SERIE_A,2024-25,LEAGUE,,Como,Lecce,2,0,H,Italy,Serie A,football-data.co.uk
league_99f82eed1dcc00fa,2025-01-04,SERIE_A,2024-25,LEAGUE,,Fiorentina,Napoli,0,3,A,Italy,Serie A,football-data.co.uk
league_bd5dcb05bbdf84f7,2025-01-04,SERIE_A,2024-25,LEAGUE,,Hellas Verona,Udinese,0,0,D,Italy,Serie A,football-data.co.uk
league_cf2030fd9adadbec,2025-01-04,SERIE_A,2024-25,LEAGUE,,Venezia,Empoli,1,1,D,Italy,Serie A,football-data.co.uk
league_cccb21474fb023c4,2025-01-05,SERIE_A,2024-25,LEAGUE,,AS Roma,SS Lazio,2,0,H,Italy,Serie A,football-data.co.uk
league_a1af8b79ebabb684,2025-01-05,SERIE_A,2024-25,LEAGUE,,Lecce,Genoa,0,0,D,Italy,Serie A,football-data.co.uk
league_51ca0c61058571df,2025-01-05,SERIE_A,2024-25,LEAGUE,,Monza,Cagliari,1,2,A,Italy,Serie A,football-data.co.uk
league_09542742cd368b28,2025-01-05,SERIE_A,2024-25,LEAGUE,,Torino,Parma,0,0,D,Italy,Serie A,football-data.co.uk
league_8f56a49b1b0e7fce,2025-01-10,SERIE_A,2024-25,LEAGUE,,SS Lazio,Como,1,1,D,Italy,Serie A,football-data.co.uk
league_5195313711836b2f,2025-01-11,SERIE_A,2024-25,LEAGUE,,AC Milan,Cagliari,1,1,D,Italy,Serie A,football-data.co.uk
league_c535f2d27a1ed330,2025-01-11,SERIE_A,2024-25,LEAGUE,,Empoli,Lecce,1,3,A,Italy,Serie A,football-data.co.uk
league_f068eaeee3ae781f,2025-01-11,SERIE_A,2024-25,LEAGUE,,Torino,Juventus,1,1,D,Italy,Serie A,football-data.co.uk
league_0c406d6491e3cb34,2025-01-11,SERIE_A,2024-25,LEAGUE,,Udinese,Atalanta,0,0,D,Italy,Serie A,football-data.co.uk
league_f13bba07ee22a27b,2025-01-12,SERIE_A,2024-25,LEAGUE,,Bologna,AS Roma,2,2,D,Italy,Serie A,football-data.co.uk
league_89730fc02157d106,2025-01-12,SERIE_A,2024-25,LEAGUE,,Genoa,Parma,1,0,H,Italy,Serie A,football-data.co.uk
league_2f8e7d3d62748d9a,2025-01-12,SERIE_A,2024-25,LEAGUE,,Napoli,Hellas Verona,2,0,H,Italy,Serie A,football-data.co.uk
league_4a2622c0668afaea,2025-01-12,SERIE_A,2024-25,LEAGUE,,Venezia,Inter Milan,0,1,A,Italy,Serie A,football-data.co.uk
league_5abc0d503cfab8e0,2025-01-13,SERIE_A,2024-25,LEAGUE,,Monza,Fiorentina,2,1,H,Italy,Serie A,football-data.co.uk
league_f5fbfd25b404b2ad,2025-01-14,SERIE_A,2024-25,LEAGUE,,Atalanta,Juventus,1,1,D,Italy,Serie A,football-data.co.uk
league_4254e76cdfbccd33,2025-01-14,SERIE_A,2024-25,LEAGUE,,Como,AC Milan,1,2,A,Italy,Serie A,football-data.co.uk
league_c80361fb133cccdb,2025-01-15,SERIE_A,2024-25,LEAGUE,,Inter Milan,Bologna,2,2,D,Italy,Serie A,football-data.co.uk
league_f176c738749b15c7,2025-01-17,SERIE_A,2024-25,LEAGUE,,AS Roma,Genoa,3,1,H,Italy,Serie A,football-data.co.uk
league_62ee60f44e2a7197,2025-01-18,SERIE_A,2024-25,LEAGUE,,Atalanta,Napoli,2,3,A,Italy,Serie A,football-data.co.uk
league_2b92fba2845388d8,2025-01-18,SERIE_A,2024-25,LEAGUE,,Bologna,Monza,3,1,H,Italy,Serie A,football-data.co.uk
league_375076edf09e95f2,2025-01-18,SERIE_A,2024-25,LEAGUE,,Juventus,AC Milan,2,0,H,Italy,Serie A,football-data.co.uk
league_154c1ba8ddab6927,2025-01-19,SERIE_A,2024-25,LEAGUE,,Cagliari,Lecce,4,1,H,Italy,Serie A,football-data.co.uk
league_b7cd848bb25c461f,2025-01-19,SERIE_A,2024-25,LEAGUE,,Fiorentina,Torino,1,1,D,Italy,Serie A,football-data.co.uk
league_035b4a29f8023fcf,2025-01-19,SERIE_A,2024-25,LEAGUE,,Hellas Verona,SS Lazio,0,3,A,Italy,Serie A,football-data.co.uk
league_925464ea2219a017,2025-01-19,SERIE_A,2024-25,LEAGUE,,Inter Milan,Empoli,3,1,H,Italy,Serie A,football-data.co.uk
league_f523c702e2bcbc24,2025-01-19,SERIE_A,2024-25,LEAGUE,,Parma,Venezia,1,1,D,Italy,Serie A,football-data.co.uk
league_07f14b4de5b8c2c8,2025-01-20,SERIE_A,2024-25,LEAGUE,,Como,Udinese,4,1,H,Italy,Serie A,football-data.co.uk
league_2dfaf23575405fe8,2025-01-24,SERIE_A,2024-25,LEAGUE,,Torino,Cagliari,2,0,H,Italy,Serie A,football-data.co.uk
league_6e145b3e9ccb7057,2025-01-25,SERIE_A,2024-25,LEAGUE,,Como,Atalanta,1,2,A,Italy,Serie A,football-data.co.uk
league_8ca0f51ab10584f4,2025-01-25,SERIE_A,2024-25,LEAGUE,,Empoli,Bologna,1,1,D,Italy,Serie A,football-data.co.uk
league_57b82f6be27b6b4f,2025-01-25,SERIE_A,2024-25,LEAGUE,,Napoli,Juventus,2,1,H,Italy,Serie A,football-data.co.uk
league_299ddffd1596dbfb,2025-01-26,SERIE_A,2024-25,LEAGUE,,AC Milan,Parma,3,2,H,Italy,Serie A,football-data.co.uk
league_0f4d8c74ef23577a,2025-01-26,SERIE_A,2024-25,LEAGUE,,Lecce,Inter Milan,0,4,A,Italy,Serie A,football-data.co.uk
league_09e2608882399a71,2025-01-26,SERIE_A,2024-25,LEAGUE,,SS Lazio,Fiorentina,1,2,A,Italy,Serie A,football-data.co.uk
league_2f095682fdf0f692,2025-01-26,SERIE_A,2024-25,LEAGUE,,Udinese,AS Roma,1,2,A,Italy,Serie A,football-data.co.uk
league_776e2049dbe3bef5,2025-01-27,SERIE_A,2024-25,LEAGUE,,Genoa,Monza,2,0,H,Italy,Serie A,football-data.co.uk
league_f272cf355b494972,2025-01-27,SERIE_A,2024-25,LEAGUE,,Venezia,Hellas Verona,1,1,D,Italy,Serie A,football-data.co.uk
league_b5708ad6a5519164,2025-01-31,SERIE_A,2024-25,LEAGUE,,Parma,Lecce,1,3,A,Italy,Serie A,football-data.co.uk
league_158c790ca4250f27,2025-02-01,SERIE_A,2024-25,LEAGUE,,Atalanta,Torino,1,1,D,Italy,Serie A,football-data.co.uk
league_a9fda3ea808f5e7f,2025-02-01,SERIE_A,2024-25,LEAGUE,,Bologna,Como,2,0,H,Italy,Serie A,football-data.co.uk
league_f6eae323bc51dc6b,2025-02-01,SERIE_A,2024-25,LEAGUE,,Monza,Hellas Verona,0,1,A,Italy,Serie A,football-data.co.uk
league_1211fb8b025d1cff,2025-02-01,SERIE_A,2024-25,LEAGUE,,Udinese,Venezia,3,2,H,Italy,Serie A,football-data.co.uk
league_5c99ad028d0c3074,2025-02-02,SERIE_A,2024-25,LEAGUE,,AC Milan,Inter Milan,1,1,D,Italy,Serie A,football-data.co.uk
league_5e268348acbd5148,2025-02-02,SERIE_A,2024-25,LEAGUE,,AS Roma,Napoli,1,1,D,Italy,Serie A,football-data.co.uk
league_d3295c865f44bc52,2025-02-02,SERIE_A,2024-25,LEAGUE,,Fiorentina,Genoa,2,1,H,Italy,Serie A,football-data.co.uk
league_0e6635d97a821911,2025-02-02,SERIE_A,2024-25,LEAGUE,,Juventus,Empoli,4,1,H,Italy,Serie A,football-data.co.uk
league_6bc7f661910ae71a,2025-02-03,SERIE_A,2024-25,LEAGUE,,Cagliari,SS Lazio,1,2,A,Italy,Serie A,football-data.co.uk
league_2555aedffeb4c365,2025-02-06,SERIE_A,2024-25,LEAGUE,,Fiorentina,Inter Milan,3,0,H,Italy,Serie A,football-data.co.uk
league_e39e476458173438,2025-02-07,SERIE_A,2024-25,LEAGUE,,Como,Juventus,1,2,A,Italy,Serie A,football-data.co.uk
league_6cbb1149f2c585fb,2025-02-08,SERIE_A,2024-25,LEAGUE,,Empoli,AC Milan,0,2,A,Italy,Serie A,football-data.co.uk
league_8993c4cd66d087d2,2025-02-08,SERIE_A,2024-25,LEAGUE,,Hellas Verona,Atalanta,0,5,A,Italy,Serie A,football-data.co.uk
league_2676d1f9023084cf,2025-02-08,SERIE_A,2024-25,LEAGUE,,Torino,Genoa,1,1,D,Italy,Serie A,football-data.co.uk
league_8a47c16ec576f162,2025-02-09,SERIE_A,2024-25,LEAGUE,,Cagliari,Parma,2,1,H,Italy,Serie A,football-data.co.uk
league_c3878afc9742f087,2025-02-09,SERIE_A,2024-25,LEAGUE,,Lecce,Bologna,0,0,D,Italy,Serie A,football-data.co.uk
league_ad93c183357490ef,2025-02-09,SERIE_A,2024-25,LEAGUE,,Napoli,Udinese,1,1,D,Italy,Serie A,football-data.co.uk
league_dbf1fb97eaf03a83,2025-02-09,SERIE_A,2024-25,LEAGUE,,SS Lazio,Monza,5,1,H,Italy,Serie A,football-data.co.uk
league_bf198ff50f0acecc,2025-02-09,SERIE_A,2024-25,LEAGUE,,Venezia,AS Roma,0,1,A,Italy,Serie A,football-data.co.uk
league_0d6638a88d83d123,2025-02-10,SERIE_A,2024-25,LEAGUE,,Inter Milan,Fiorentina,2,1,H,Italy,Serie A,football-data.co.uk
league_228c324f69f803c3,2025-02-14,SERIE_A,2024-25,LEAGUE,,Bologna,Torino,3,2,H,Italy,Serie A,football-data.co.uk
league_53f1069f0da803a1,2025-02-15,SERIE_A,2024-25,LEAGUE,,AC Milan,Hellas Verona,1,0,H,Italy,Serie A,football-data.co.uk
league_ff1cd0b57acf1f27,2025-02-15,SERIE_A,2024-25,LEAGUE,,Atalanta,Cagliari,0,0,D,Italy,Serie A,football-data.co.uk
league_cb6005893078a5ed,2025-02-15,SERIE_A,2024-25,LEAGUE,,SS Lazio,Napoli,2,2,D,Italy,Serie A,football-data.co.uk
league_b40c6d16b16d7a08,2025-02-16,SERIE_A,2024-25,LEAGUE,,Fiorentina,Como,0,2,A,Italy,Serie A,football-data.co.uk
league_da72c94e636a6b7a,2025-02-16,SERIE_A,2024-25,LEAGUE,,Juventus,Inter Milan,1,0,H,Italy,Serie A,football-data.co.uk
league_b75fcb381758f2fd,2025-02-16,SERIE_A,2024-25,LEAGUE,,Monza,Lecce,0,0,D,Italy,Serie A,football-data.co.uk
league_22cccf7f60b511ec,2025-02-16,SERIE_A,2024-25,LEAGUE,,Parma,AS Roma,0,1,A,Italy,Serie A,football-data.co.uk
league_5492a9298b150776,2025-02-16,SERIE_A,2024-25,LEAGUE,,Udinese,Empoli,3,0,H,Italy,Serie A,football-data.co.uk
league_75116d8bb58bd6d0,2025-02-17,SERIE_A,2024-25,LEAGUE,,Genoa,Venezia,2,0,H,Italy,Serie A,football-data.co.uk
league_8af8f9b3e9dd7d1c,2025-02-21,SERIE_A,2024-25,LEAGUE,,Lecce,Udinese,0,1,A,Italy,Serie A,football-data.co.uk
league_c70114cb83ca9fbe,2025-02-22,SERIE_A,2024-25,LEAGUE,,Inter Milan,Genoa,1,0,H,Italy,Serie A,football-data.co.uk
league_196f9e8c9e520e5e,2025-02-22,SERIE_A,2024-25,LEAGUE,,Parma,Bologna,2,0,H,Italy,Serie A,football-data.co.uk
league_61712033f5d4ed8d,2025-02-22,SERIE_A,2024-25,LEAGUE,,Torino,AC Milan,2,1,H,Italy,Serie A,football-data.co.uk
league_94fb99bc0caef4b7,2025-02-22,SERIE_A,2024-25,LEAGUE,,Venezia,SS Lazio,0,0,D,Italy,Serie A,football-data.co.uk
league_543c5bd520afa21d,2025-02-23,SERIE_A,2024-25,LEAGUE,,Cagliari,Juventus,0,1,A,Italy,Serie A,football-data.co.uk
league_fdbd87d627b92698,2025-02-23,SERIE_A,2024-25,LEAGUE,,Como,Napoli,2,1,H,Italy,Serie A,football-data.co.uk
league_8a6c7a13e92e687a,2025-02-23,SERIE_A,2024-25,LEAGUE,,Empoli,Atalanta,0,5,A,Italy,Serie A,football-data.co.uk
league_8a91607caa88c2cc,2025-02-23,SERIE_A,2024-25,LEAGUE,,Hellas Verona,Fiorentina,1,0,H,Italy,Serie A,football-data.co.uk
league_3a4c43b812b55884,2025-02-24,SERIE_A,2024-25,LEAGUE,,AS Roma,Monza,4,0,H,Italy,Serie A,football-data.co.uk
league_a6e71bad8898ef1b,2025-02-27,SERIE_A,2024-25,LEAGUE,,Bologna,AC Milan,2,1,H,Italy,Serie A,football-data.co.uk
league_862f423d39b550de,2025-02-28,SERIE_A,2024-25,LEAGUE,,Fiorentina,Lecce,1,0,H,Italy,Serie A,football-data.co.uk
league_b445b5142b1a62ae,2025-03-01,SERIE_A,2024-25,LEAGUE,,Atalanta,Venezia,0,0,D,Italy,Serie A,football-data.co.uk
league_38105cf3de20b740,2025-03-01,SERIE_A,2024-25,LEAGUE,,Napoli,Inter Milan,1,1,D,Italy,Serie A,football-data.co.uk
league_1dd1f6637231fbbc,2025-03-01,SERIE_A,2024-25,LEAGUE,,Udinese,Parma,1,0,H,Italy,Serie A,football-data.co.uk
league_96b0fe75e81d7a55,2025-03-02,SERIE_A,2024-25,LEAGUE,,AC Milan,SS Lazio,1,2,A,Italy,Serie A,football-data.co.uk
league_2bf4291b81a1545c,2025-03-02,SERIE_A,2024-25,LEAGUE,,AS Roma,Como,2,1,H,Italy,Serie A,football-data.co.uk
league_a7e3235c89894727,2025-03-02,SERIE_A,2024-25,LEAGUE,,Bologna,Cagliari,2,1,H,Italy,Serie A,football-data.co.uk
league_1b3a2b32a74aab88,2025-03-02,SERIE_A,2024-25,LEAGUE,,Genoa,Empoli,1,1,D,Italy,Serie A,football-data.co.uk
league_feeb95265cddf89f,2025-03-02,SERIE_A,2024-25,LEAGUE,,Monza,Torino,0,2,A,Italy,Serie A,football-data.co.uk
league_1df67c899432a8b9,2025-03-03,SERIE_A,2024-25,LEAGUE,,Juventus,Hellas Verona,2,0,H,Italy,Serie A,football-data.co.uk
league_27c7128996ac65ff,2025-03-07,SERIE_A,2024-25,LEAGUE,,Cagliari,Genoa,1,1,D,Italy,Serie A,football-data.co.uk
league_b70b532c34b22023,2025-03-08,SERIE_A,2024-25,LEAGUE,,Como,Venezia,1,1,D,Italy,Serie A,football-data.co.uk
league_09b62cb36462fad0,2025-03-08,SERIE_A,2024-25,LEAGUE,,Inter Milan,Monza,3,2,H,Italy,Serie A,football-data.co.uk
league_7c1eb048c0d3e211,2025-03-08,SERIE_A,2024-25,LEAGUE,,Lecce,AC Milan,2,3,A,Italy,Serie A,football-data.co.uk
league_99f779d65ee3ffc4,2025-03-08,SERIE_A,2024-25,LEAGUE,,Parma,Torino,2,2,D,Italy,Serie A,football-data.co.uk
league_2c95d0dbd9e96ec0,2025-03-09,SERIE_A,2024-25,LEAGUE,,Empoli,AS Roma,0,1,A,Italy,Serie A,football-data.co.uk
league_64c6a2deb10a8b4d,2025-03-09,SERIE_A,2024-25,LEAGUE,,Hellas Verona,Bologna,1,2,A,Italy,Serie A,football-data.co.uk
league_f9099de4745f7c33,2025-03-09,SERIE_A,2024-25,LEAGUE,,Juventus,Atalanta,0,4,A,Italy,Serie A,football-data.co.uk
league_78d22c615bbbcf5e,2025-03-09,SERIE_A,2024-25,LEAGUE,,Napoli,Fiorentina,2,1,H,Italy,Serie A,football-data.co.uk
league_f38bc284ca5f4709,2025-03-10,SERIE_A,2024-25,LEAGUE,,SS Lazio,Udinese,1,1,D,Italy,Serie A,football-data.co.uk
league_0f76996b9b1565fa,2025-03-14,SERIE_A,2024-25,LEAGUE,,Genoa,Lecce,2,1,H,Italy,Serie A,football-data.co.uk
league_f91b9744eb04bcc9,2025-03-15,SERIE_A,2024-25,LEAGUE,,AC Milan,Como,2,1,H,Italy,Serie A,football-data.co.uk
league_1123718b67a91935,2025-03-15,SERIE_A,2024-25,LEAGUE,,Monza,Parma,1,1,D,Italy,Serie A,football-data.co.uk
league_9e9f2ec5574f4fc5,2025-03-15,SERIE_A,2024-25,LEAGUE,,Torino,Empoli,1,0,H,Italy,Serie A,football-data.co.uk
league_52d5fa6ccab7629d,2025-03-15,SERIE_A,2024-25,LEAGUE,,Udinese,Hellas Verona,0,1,A,Italy,Serie A,football-data.co.uk
league_60a6f6659abf8f84,2025-03-16,SERIE_A,2024-25,LEAGUE,,AS Roma,Cagliari,1,0,H,Italy,Serie A,football-data.co.uk
league_ba6ebe825ff9f7a0,2025-03-16,SERIE_A,2024-25,LEAGUE,,Atalanta,Inter Milan,0,2,A,Italy,Serie A,football-data.co.uk
league_c2e098565769ca37,2025-03-16,SERIE_A,2024-25,LEAGUE,,Bologna,SS Lazio,5,0,H,Italy,Serie A,football-data.co.uk
league_15ec87152f1bbcc1,2025-03-16,SERIE_A,2024-25,LEAGUE,,Fiorentina,Juventus,3,0,H,Italy,Serie A,football-data.co.uk
league_c8d2e36dfed67de4,2025-03-16,SERIE_A,2024-25,LEAGUE,,Venezia,Napoli,0,0,D,Italy,Serie A,football-data.co.uk
league_38a99a8d422b138d,2025-03-29,SERIE_A,2024-25,LEAGUE,,Como,Empoli,1,1,D,Italy,Serie A,football-data.co.uk
league_10ea907a489eb688,2025-03-29,SERIE_A,2024-25,LEAGUE,,Juventus,Genoa,1,0,H,Italy,Serie A,football-data.co.uk
league_7eea61a5a5a02ab2,2025-03-29,SERIE_A,2024-25,LEAGUE,,Lecce,AS Roma,0,1,A,Italy,Serie A,football-data.co.uk
league_1b031dbbd535ad60,2025-03-29,SERIE_A,2024-25,LEAGUE,,Venezia,Bologna,0,1,A,Italy,Serie A,football-data.co.uk
league_e930cdba5cded6c5,2025-03-30,SERIE_A,2024-25,LEAGUE,,Cagliari,Monza,3,0,H,Italy,Serie A,football-data.co.uk
league_76333338d8db224b,2025-03-30,SERIE_A,2024-25,LEAGUE,,Fiorentina,Atalanta,1,0,H,Italy,Serie A,football-data.co.uk
league_40638f68bbfd956e,2025-03-30,SERIE_A,2024-25,LEAGUE,,Inter Milan,Udinese,2,1,H,Italy,Serie A,football-data.co.uk
league_2e33c01025c59036,2025-03-30,SERIE_A,2024-25,LEAGUE,,Napoli,AC Milan,2,1,H,Italy,Serie A,football-data.co.uk
league_1c6fa335b956ee1b,2025-03-31,SERIE_A,2024-25,LEAGUE,,Hellas Verona,Parma,0,0,D,Italy,Serie A,football-data.co.uk
league_463f22c9241cf9ac,2025-03-31,SERIE_A,2024-25,LEAGUE,,SS Lazio,Torino,1,1,D,Italy,Serie A,football-data.co.uk
league_cde73587bd31a502,2025-04-04,SERIE_A,2024-25,LEAGUE,,Genoa,Udinese,1,0,H,Italy,Serie A,football-data.co.uk
league_839a559551788a65,2025-04-05,SERIE_A,2024-25,LEAGUE,,AC Milan,Fiorentina,2,2,D,Italy,Serie A,football-data.co.uk
league_3848e535a1fc998c,2025-04-05,SERIE_A,2024-25,LEAGUE,,Monza,Como,1,3,A,Italy,Serie A,football-data.co.uk
league_f4055042c53caa52,2025-04-05,SERIE_A,2024-25,LEAGUE,,Parma,Inter Milan,2,2,D,Italy,Serie A,football-data.co.uk
league_3b9521e7ac64766f,2025-04-06,SERIE_A,2024-25,LEAGUE,,AS Roma,Juventus,1,1,D,Italy,Serie A,football-data.co.uk
league_105843ed4e28ee3d,2025-04-06,SERIE_A,2024-25,LEAGUE,,Atalanta,SS Lazio,0,1,A,Italy,Serie A,football-data.co.uk
league_1263c531e183945b,2025-04-06,SERIE_A,2024-25,LEAGUE,,Empoli,Cagliari,0,0,D,Italy,Serie A,football-data.co.uk
league_73d6dc6210895538,2025-04-06,SERIE_A,2024-25,LEAGUE,,Lecce,Venezia,1,1,D,Italy,Serie A,football-data.co.uk
league_3dbcef07c75cb0f8,2025-04-06,SERIE_A,2024-25,LEAGUE,,Torino,Hellas Verona,1,1,D,Italy,Serie A,football-data.co.uk
league_c064331555a2302c,2025-04-07,SERIE_A,2024-25,LEAGUE,,Bologna,Napoli,1,1,D,Italy,Serie A,football-data.co.uk
league_935cc0167451a9eb,2025-04-11,SERIE_A,2024-25,LEAGUE,,Udinese,AC Milan,0,4,A,Italy,Serie A,football-data.co.uk
league_33ccf5a76a96ef17,2025-04-12,SERIE_A,2024-25,LEAGUE,,Inter Milan,Cagliari,3,1,H,Italy,Serie A,football-data.co.uk
league_7005051368a5f8ba,2025-04-12,SERIE_A,2024-25,LEAGUE,,Juventus,Lecce,2,1,H,Italy,Serie A,football-data.co.uk
league_1f5d87f7424ff877,2025-04-12,SERIE_A,2024-25,LEAGUE,,Venezia,Monza,1,0,H,Italy,Serie A,football-data.co.uk
league_05b056ea7363a9e8,2025-04-13,SERIE_A,2024-25,LEAGUE,,Atalanta,Bologna,2,0,H,Italy,Serie A,football-data.co.uk
league_331f31e85e33a599,2025-04-13,SERIE_A,2024-25,LEAGUE,,Como,Torino,1,0,H,Italy,Serie A,football-data.co.uk
league_3056b2b9493ed68f,2025-04-13,SERIE_A,2024-25,LEAGUE,,Fiorentina,Parma,0,0,D,Italy,Serie A,football-data.co.uk
league_62db1e235bcadcc4,2025-04-13,SERIE_A,2024-25,LEAGUE,,Hellas Verona,Genoa,0,0,D,Italy,Serie A,football-data.co.uk
league_869ca256b9b63747,2025-04-13,SERIE_A,2024-25,LEAGUE,,SS Lazio,AS Roma,1,1,D,Italy,Serie A,football-data.co.uk
league_02e5eba6fa7a909b,2025-04-14,SERIE_A,2024-25,LEAGUE,,Napoli,Empoli,3,0,H,Italy,Serie A,football-data.co.uk
league_c0ed30784f2d2e09,2025-04-19,SERIE_A,2024-25,LEAGUE,,AS Roma,Hellas Verona,1,0,H,Italy,Serie A,football-data.co.uk
league_d0639c001be75bd8,2025-04-19,SERIE_A,2024-25,LEAGUE,,Lecce,Como,0,3,A,Italy,Serie A,football-data.co.uk
league_c0222649ebd6615a,2025-04-19,SERIE_A,2024-25,LEAGUE,,Monza,Napoli,0,1,A,Italy,Serie A,football-data.co.uk
league_8e1df3f5c7d0ca04,2025-04-20,SERIE_A,2024-25,LEAGUE,,AC Milan,Atalanta,0,1,A,Italy,Serie A,football-data.co.uk
league_b520adeb22c02e0d,2025-04-20,SERIE_A,2024-25,LEAGUE,,Bologna,Inter Milan,1,0,H,Italy,Serie A,football-data.co.uk
league_747b740f848df72f,2025-04-20,SERIE_A,2024-25,LEAGUE,,Empoli,Venezia,2,2,D,Italy,Serie A,football-data.co.uk
league_e151eab960a8a70c,2025-04-23,SERIE_A,2024-25,LEAGUE,,Cagliari,Fiorentina,1,2,A,Italy,Serie A,football-data.co.uk
league_cf25fb4f37367691,2025-04-23,SERIE_A,2024-25,LEAGUE,,Genoa,SS Lazio,0,2,A,Italy,Serie A,football-data.co.uk
league_eb6a2716a1668be3,2025-04-23,SERIE_A,2024-25,LEAGUE,,Parma,Juventus,1,0,H,Italy,Serie A,football-data.co.uk
league_68d0794071d7a5e9,2025-04-23,SERIE_A,2024-25,LEAGUE,,Torino,Udinese,2,0,H,Italy,Serie A,football-data.co.uk
league_da181b00e46a350e,2025-04-27,SERIE_A,2024-25,LEAGUE,,Atalanta,Lecce,1,1,D,Italy,Serie A,football-data.co.uk
league_55c9f813dfdddbb1,2025-04-27,SERIE_A,2024-25,LEAGUE,,Como,Genoa,1,0,H,Italy,Serie A,football-data.co.uk
league_13ef8577a61da15e,2025-04-27,SERIE_A,2024-25,LEAGUE,,Fiorentina,Empoli,2,1,H,Italy,Serie A,football-data.co.uk
league_56439399429ea33e,2025-04-27,SERIE_A,2024-25,LEAGUE,,Inter Milan,AS Roma,0,1,A,Italy,Serie A,football-data.co.uk
league_5ab9e941c397678c,2025-04-27,SERIE_A,2024-25,LEAGUE,,Juventus,Monza,2,0,H,Italy,Serie A,football-data.co.uk
league_b3553ff7cef06994,2025-04-27,SERIE_A,2024-25,LEAGUE,,Napoli,Torino,2,0,H,Italy,Serie A,football-data.co.uk
league_05b2afbe557f8093,2025-04-27,SERIE_A,2024-25,LEAGUE,,Venezia,AC Milan,0,2,A,Italy,Serie A,football-data.co.uk
league_dedaeacde9042fe8,2025-04-28,SERIE_A,2024-25,LEAGUE,,Hellas Verona,Cagliari,0,2,A,Italy,Serie A,football-data.co.uk
league_9ecedbee03d0c88c,2025-04-28,SERIE_A,2024-25,LEAGUE,,SS Lazio,Parma,2,2,D,Italy,Serie A,football-data.co.uk
league_71b1f62f699353a9,2025-04-28,SERIE_A,2024-25,LEAGUE,,Udinese,Bologna,0,0,D,Italy,Serie A,football-data.co.uk
league_c2a55a7e0d34203e,2025-05-02,SERIE_A,2024-25,LEAGUE,,Torino,Venezia,1,1,D,Italy,Serie A,football-data.co.uk
league_14e48af3ccbbf04a,2025-05-03,SERIE_A,2024-25,LEAGUE,,Cagliari,Udinese,1,2,A,Italy,Serie A,football-data.co.uk
league_11065621776be52a,2025-05-03,SERIE_A,2024-25,LEAGUE,,Inter Milan,Hellas Verona,1,0,H,Italy,Serie A,football-data.co.uk
league_c31400e8c8d62aaa,2025-05-03,SERIE_A,2024-25,LEAGUE,,Lecce,Napoli,0,1,A,Italy,Serie A,football-data.co.uk
league_c7ebcb7f365a12fc,2025-05-03,SERIE_A,2024-25,LEAGUE,,Parma,Como,0,1,A,Italy,Serie A,football-data.co.uk
league_ce03d02c1f6b2fc8,2025-05-04,SERIE_A,2024-25,LEAGUE,,AS Roma,Fiorentina,1,0,H,Italy,Serie A,football-data.co.uk
league_aa37490f0f47e39f,2025-05-04,SERIE_A,2024-25,LEAGUE,,Bologna,Juventus,1,1,D,Italy,Serie A,football-data.co.uk
league_09d30a265ad87366,2025-05-04,SERIE_A,2024-25,LEAGUE,,Empoli,SS Lazio,0,1,A,Italy,Serie A,football-data.co.uk
league_054e68f99bbf6e27,2025-05-04,SERIE_A,2024-25,LEAGUE,,Monza,Atalanta,0,4,A,Italy,Serie A,football-data.co.uk
league_36763281b3cf204e,2025-05-05,SERIE_A,2024-25,LEAGUE,,Genoa,AC Milan,1,2,A,Italy,Serie A,football-data.co.uk
league_398f6b35e2028389,2025-05-09,SERIE_A,2024-25,LEAGUE,,AC Milan,Bologna,3,1,H,Italy,Serie A,football-data.co.uk
league_995bacfa40b5b5a9,2025-05-10,SERIE_A,2024-25,LEAGUE,,Como,Cagliari,3,1,H,Italy,Serie A,football-data.co.uk
league_61e94e242fa0702c,2025-05-10,SERIE_A,2024-25,LEAGUE,,Empoli,Parma,2,1,H,Italy,Serie A,football-data.co.uk
league_da144d2065f359d4,2025-05-10,SERIE_A,2024-25,LEAGUE,,SS Lazio,Juventus,1,1,D,Italy,Serie A,football-data.co.uk
league_1852e43db33d0160,2025-05-11,SERIE_A,2024-25,LEAGUE,,Hellas Verona,Lecce,1,1,D,Italy,Serie A,football-data.co.uk
league_b539d10b0b5e6de4,2025-05-11,SERIE_A,2024-25,LEAGUE,,Napoli,Genoa,2,2,D,Italy,Serie A,football-data.co.uk
league_3ca813abdcdf1c5f,2025-05-11,SERIE_A,2024-25,LEAGUE,,Torino,Inter Milan,0,2,A,Italy,Serie A,football-data.co.uk
league_4c339319f22e2165,2025-05-11,SERIE_A,2024-25,LEAGUE,,Udinese,Monza,1,2,A,Italy,Serie A,football-data.co.uk
league_9475f608687beffa,2025-05-12,SERIE_A,2024-25,LEAGUE,,Atalanta,AS Roma,2,1,H,Italy,Serie A,football-data.co.uk
league_f4793e01ebdd9224,2025-05-12,SERIE_A,2024-25,LEAGUE,,Venezia,Fiorentina,2,1,H,Italy,Serie A,football-data.co.uk
league_ededcf811519a38d,2025-05-17,SERIE_A,2024-25,LEAGUE,,Genoa,Atalanta,2,3,A,Italy,Serie A,football-data.co.uk
league_49a58cfe599386ca,2025-05-18,SERIE_A,2024-25,LEAGUE,,AS Roma,AC Milan,3,1,H,Italy,Serie A,football-data.co.uk
league_e0bdef70178fb83d,2025-05-18,SERIE_A,2024-25,LEAGUE,,Cagliari,Venezia,3,0,H,Italy,Serie A,football-data.co.uk
league_9ef623a5f285d409,2025-05-18,SERIE_A,2024-25,LEAGUE,,Fiorentina,Bologna,3,2,H,Italy,Serie A,football-data.co.uk
league_9af6b71e29b43fc5,2025-05-18,SERIE_A,2024-25,LEAGUE,,Hellas Verona,Como,1,1,D,Italy,Serie A,football-data.co.uk
league_aae26d8dfb3ef209,2025-05-18,SERIE_A,2024-25,LEAGUE,,Inter Milan,SS Lazio,2,2,D,Italy,Serie A,football-data.co.uk
league_0f8abf64a0b3f6af,2025-05-18,SERIE_A,2024-25,LEAGUE,,Juventus,Udinese,2,0,H,Italy,Serie A,football-data.co.uk
league_15152bf70170576b,2025-05-18,SERIE_A,2024-25,LEAGUE,,Lecce,Torino,1,0,H,Italy,Serie A,football-data.co.uk
league_bbfad5b0b86d50e0,2025-05-18,SERIE_A,2024-25,LEAGUE,,Monza,Empoli,1,3,A,Italy,Serie A,football-data.co.uk
league_c87a7d118518522f,2025-05-18,SERIE_A,2024-25,LEAGUE,,Parma,Napoli,0,0,D,Italy,Serie A,football-data.co.uk
league_4fb6dffa37bb2548,2025-05-23,SERIE_A,2024-25,LEAGUE,,Como,Inter Milan,0,2,A,Italy,Serie A,football-data.co.uk
league_1a9f6e9f0b43a933,2025-05-23,SERIE_A,2024-25,LEAGUE,,Napoli,Cagliari,2,0,H,Italy,Serie A,football-data.co.uk
league_2d696887865433e8,2025-05-24,SERIE_A,2024-25,LEAGUE,,AC Milan,Monza,2,0,H,Italy,Serie A,football-data.co.uk
league_de8e91448f374314,2025-05-24,SERIE_A,2024-25,LEAGUE,,Bologna,Genoa,1,3,A,Italy,Serie A,football-data.co.uk
league_783420c5ad0ab1cb,2025-05-25,SERIE_A,2024-25,LEAGUE,,Atalanta,Parma,2,3,A,Italy,Serie A,football-data.co.uk
league_bb38c7b911f34373,2025-05-25,SERIE_A,2024-25,LEAGUE,,Empoli,Hellas Verona,1,2,A,Italy,Serie A,football-data.co.uk
league_3592034a4ecbba64,2025-05-25,SERIE_A,2024-25,LEAGUE,,SS Lazio,Lecce,0,1,A,Italy,Serie A,football-data.co.uk
league_23c020799685f572,2025-05-25,SERIE_A,2024-25,LEAGUE,,Torino,AS Roma,0,2,A,Italy,Serie A,football-data.co.uk
league_aa6a69db54a38de4,2025-05-25,SERIE_A,2024-25,LEAGUE,,Udinese,Fiorentina,2,3,A,Italy,Serie A,football-data.co.uk
league_78d3b85360c930ae,2025-05-25,SERIE_A,2024-25,LEAGUE,,Venezia,Juventus,2,3,A,Italy,Serie A,football-data.co.uk
league_1a74b7bfad6b3611,2025-08-23,SERIE_A,2025-26,LEAGUE,,AC Milan,Cremonese,1,2,A,Italy,Serie A,football-data.co.uk
league_6b82e3280c9cadf7,2025-08-23,SERIE_A,2025-26,LEAGUE,,AS Roma,Bologna,1,0,H,Italy,Serie A,football-data.co.uk
league_4bd4fb89b290d45c,2025-08-23,SERIE_A,2025-26,LEAGUE,,Genoa,Lecce,0,0,D,Italy,Serie A,football-data.co.uk
league_1b92d35ca615a2e7,2025-08-23,SERIE_A,2025-26,LEAGUE,,Sassuolo,Napoli,0,2,A,Italy,Serie A,football-data.co.uk
league_b65edeaea9433985,2025-08-24,SERIE_A,2025-26,LEAGUE,,Atalanta,Pisa,1,1,D,Italy,Serie A,football-data.co.uk
league_4baef54063389fcd,2025-08-24,SERIE_A,2025-26,LEAGUE,,Cagliari,Fiorentina,1,1,D,Italy,Serie A,football-data.co.uk
league_4e03cb95d7676f9c,2025-08-24,SERIE_A,2025-26,LEAGUE,,Como,SS Lazio,2,0,H,Italy,Serie A,football-data.co.uk
league_2844adc61772ec9c,2025-08-24,SERIE_A,2025-26,LEAGUE,,Juventus,Parma,2,0,H,Italy,Serie A,football-data.co.uk
league_419a2ee5d5ac244a,2025-08-25,SERIE_A,2025-26,LEAGUE,,Inter Milan,Torino,5,0,H,Italy,Serie A,football-data.co.uk
league_ea3797721e3c7533,2025-08-25,SERIE_A,2025-26,LEAGUE,,Udinese,Hellas Verona,1,1,D,Italy,Serie A,football-data.co.uk
league_9a7f60ff045a5c67,2025-08-29,SERIE_A,2025-26,LEAGUE,,Cremonese,Sassuolo,3,2,H,Italy,Serie A,football-data.co.uk
league_b2a10f13f75fbeec,2025-08-29,SERIE_A,2025-26,LEAGUE,,Lecce,AC Milan,0,2,A,Italy,Serie A,football-data.co.uk
league_032eef158eff6df2,2025-08-30,SERIE_A,2025-26,LEAGUE,,Bologna,Como,1,0,H,Italy,Serie A,football-data.co.uk
league_d21c10045e117a48,2025-08-30,SERIE_A,2025-26,LEAGUE,,Napoli,Cagliari,1,0,H,Italy,Serie A,football-data.co.uk
league_cc608991cf623059,2025-08-30,SERIE_A,2025-26,LEAGUE,,Parma,Atalanta,1,1,D,Italy,Serie A,football-data.co.uk
league_3bf3bb268cca40e1,2025-08-30,SERIE_A,2025-26,LEAGUE,,Pisa,AS Roma,0,1,A,Italy,Serie A,football-data.co.uk
league_340b6daab3b986e4,2025-08-31,SERIE_A,2025-26,LEAGUE,,Genoa,Juventus,0,1,A,Italy,Serie A,football-data.co.uk
league_d6ee7f22ed6b14d4,2025-08-31,SERIE_A,2025-26,LEAGUE,,Inter Milan,Udinese,1,2,A,Italy,Serie A,football-data.co.uk
league_dcd4ed34e866c525,2025-08-31,SERIE_A,2025-26,LEAGUE,,SS Lazio,Hellas Verona,4,0,H,Italy,Serie A,football-data.co.uk
league_90b4e848b316860a,2025-08-31,SERIE_A,2025-26,LEAGUE,,Torino,Fiorentina,0,0,D,Italy,Serie A,football-data.co.uk
league_e06749ac6fc08f95,2025-09-13,SERIE_A,2025-26,LEAGUE,,Cagliari,Parma,2,0,H,Italy,Serie A,football-data.co.uk
league_442ac0b1c1c4db2a,2025-09-13,SERIE_A,2025-26,LEAGUE,,Fiorentina,Napoli,1,3,A,Italy,Serie A,football-data.co.uk
league_1c0c7bc5df38bf18,2025-09-13,SERIE_A,2025-26,LEAGUE,,Juventus,Inter Milan,4,3,H,Italy,Serie A,football-data.co.uk
league_0eb42af9b94f12de,2025-09-14,SERIE_A,2025-26,LEAGUE,,AC Milan,Bologna,1,0,H,Italy,Serie A,football-data.co.uk
league_3c6b2757cc32cbf8,2025-09-14,SERIE_A,2025-26,LEAGUE,,AS Roma,Torino,0,1,A,Italy,Serie A,football-data.co.uk
league_7a7122f18589caf2,2025-09-14,SERIE_A,2025-26,LEAGUE,,Atalanta,Lecce,4,1,H,Italy,Serie A,football-data.co.uk
league_14575f8f78bd4063,2025-09-14,SERIE_A,2025-26,LEAGUE,,Pisa,Udinese,0,1,A,Italy,Serie A,football-data.co.uk
league_3fd3af136b60f3b2,2025-09-14,SERIE_A,2025-26,LEAGUE,,Sassuolo,SS Lazio,1,0,H,Italy,Serie A,football-data.co.uk
league_0356b33e81c7ae7c,2025-09-15,SERIE_A,2025-26,LEAGUE,,Como,Genoa,1,1,D,Italy,Serie A,football-data.co.uk
league_6aeac651d3e9418f,2025-09-15,SERIE_A,2025-26,LEAGUE,,Hellas Verona,Cremonese,0,0,D,Italy,Serie A,football-data.co.uk
league_6d8c747f58f2c999,2025-09-19,SERIE_A,2025-26,LEAGUE,,Lecce,Cagliari,1,2,A,Italy,Serie A,football-data.co.uk
league_c8f9273665ffa0ed,2025-09-20,SERIE_A,2025-26,LEAGUE,,Bologna,Genoa,2,1,H,Italy,Serie A,football-data.co.uk
league_18b50f3892b456a3,2025-09-20,SERIE_A,2025-26,LEAGUE,,Hellas Verona,Juventus,1,1,D,Italy,Serie A,football-data.co.uk
league_74c38f3ec89520b3,2025-09-20,SERIE_A,2025-26,LEAGUE,,Udinese,AC Milan,0,3,A,Italy,Serie A,football-data.co.uk
league_0569bfbb0b11cdac,2025-09-21,SERIE_A,2025-26,LEAGUE,,Cremonese,Parma,0,0,D,Italy,Serie A,football-data.co.uk
league_3b5671e5da982ea8,2025-09-21,SERIE_A,2025-26,LEAGUE,,Fiorentina,Como,1,2,A,Italy,Serie A,football-data.co.uk
league_85278896879d3034,2025-09-21,SERIE_A,2025-26,LEAGUE,,Inter Milan,Sassuolo,2,1,H,Italy,Serie A,football-data.co.uk
league_df777a737cb2040e,2025-09-21,SERIE_A,2025-26,LEAGUE,,SS Lazio,AS Roma,0,1,A,Italy,Serie A,football-data.co.uk
league_19c19a33677c2000,2025-09-21,SERIE_A,2025-26,LEAGUE,,Torino,Atalanta,0,3,A,Italy,Serie A,football-data.co.uk
league_8421f40dd185b455,2025-09-22,SERIE_A,2025-26,LEAGUE,,Napoli,Pisa,3,2,H,Italy,Serie A,football-data.co.uk
league_332c02d832581b79,2025-09-27,SERIE_A,2025-26,LEAGUE,,Cagliari,Inter Milan,0,2,A,Italy,Serie A,football-data.co.uk
league_b8efba66fdec5a47,2025-09-27,SERIE_A,2025-26,LEAGUE,,Como,Cremonese,1,1,D,Italy,Serie A,football-data.co.uk
league_3d9bb02599b321d8,2025-09-27,SERIE_A,2025-26,LEAGUE,,Juventus,Atalanta,1,1,D,Italy,Serie A,football-data.co.uk
league_ec87da78fd92c439,2025-09-28,SERIE_A,2025-26,LEAGUE,,AC Milan,Napoli,2,1,H,Italy,Serie A,football-data.co.uk
league_dd3bcb2b5c673b46,2025-09-28,SERIE_A,2025-26,LEAGUE,,AS Roma,Hellas Verona,2,0,H,Italy,Serie A,football-data.co.uk
league_50523c4e7e4e0f0c,2025-09-28,SERIE_A,2025-26,LEAGUE,,Lecce,Bologna,2,2,D,Italy,Serie A,football-data.co.uk
league_3be80ca8b87746fb,2025-09-28,SERIE_A,2025-26,LEAGUE,,Pisa,Fiorentina,0,0,D,Italy,Serie A,football-data.co.uk
league_2a487d6efd4b3cb3,2025-09-28,SERIE_A,2025-26,LEAGUE,,Sassuolo,Udinese,3,1,H,Italy,Serie A,football-data.co.uk
league_c2f7684ae38e320c,2025-09-29,SERIE_A,2025-26,LEAGUE,,Genoa,SS Lazio,0,3,A,Italy,Serie A,football-data.co.uk
league_db5bdf12222d8daf,2025-09-29,SERIE_A,2025-26,LEAGUE,,Parma,Torino,2,1,H,Italy,Serie A,football-data.co.uk
league_e4df80238178e4cd,2025-10-03,SERIE_A,2025-26,LEAGUE,,Hellas Verona,Sassuolo,0,1,A,Italy,Serie A,football-data.co.uk
league_61c96140ae098943,2025-10-04,SERIE_A,2025-26,LEAGUE,,Atalanta,Como,1,1,D,Italy,Serie A,football-data.co.uk
league_da9490e64a0231da,2025-10-04,SERIE_A,2025-26,LEAGUE,,Inter Milan,Cremonese,4,1,H,Italy,Serie A,football-data.co.uk
league_0fdc25f2ab1f6245,2025-10-04,SERIE_A,2025-26,LEAGUE,,Parma,Lecce,0,1,A,Italy,Serie A,football-data.co.uk
league_b7ec5a25e0e4bd3e,2025-10-04,SERIE_A,2025-26,LEAGUE,,SS Lazio,Torino,3,3,D,Italy,Serie A,football-data.co.uk
league_cdff74c1aee0574b,2025-10-05,SERIE_A,2025-26,LEAGUE,,Bologna,Pisa,4,0,H,Italy,Serie A,football-data.co.uk
league_d4b4e8f87b3b758e,2025-10-05,SERIE_A,2025-26,LEAGUE,,Fiorentina,AS Roma,1,2,A,Italy,Serie A,football-data.co.uk
league_051cfeaec547247c,2025-10-05,SERIE_A,2025-26,LEAGUE,,Juventus,AC Milan,0,0,D,Italy,Serie A,football-data.co.uk
league_5f894338c9a46f6a,2025-10-05,SERIE_A,2025-26,LEAGUE,,Napoli,Genoa,2,1,H,Italy,Serie A,football-data.co.uk
league_78d9dffa0f770136,2025-10-05,SERIE_A,2025-26,LEAGUE,,Udinese,Cagliari,1,1,D,Italy,Serie A,football-data.co.uk
league_3a902031e203c94a,2025-10-18,SERIE_A,2025-26,LEAGUE,,AS Roma,Inter Milan,0,1,A,Italy,Serie A,football-data.co.uk
league_aa3b848a04446695,2025-10-18,SERIE_A,2025-26,LEAGUE,,Lecce,Sassuolo,0,0,D,Italy,Serie A,football-data.co.uk
league_9365c94ec342646f,2025-10-18,SERIE_A,2025-26,LEAGUE,,Pisa,Hellas Verona,0,0,D,Italy,Serie A,football-data.co.uk
league_fb98bb4a8c3efb33,2025-10-18,SERIE_A,2025-26,LEAGUE,,Torino,Napoli,1,0,H,Italy,Serie A,football-data.co.uk
league_9e81a7e1401fb9ba,2025-10-19,SERIE_A,2025-26,LEAGUE,,AC Milan,Fiorentina,2,1,H,Italy,Serie A,football-data.co.uk
league_2f7ff3da8fb5778b,2025-10-19,SERIE_A,2025-26,LEAGUE,,Atalanta,SS Lazio,0,0,D,Italy,Serie A,football-data.co.uk
league_1b30fbc7bc089ed4,2025-10-19,SERIE_A,2025-26,LEAGUE,,Cagliari,Bologna,0,2,A,Italy,Serie A,football-data.co.uk
league_2ee0382282205506,2025-10-19,SERIE_A,2025-26,LEAGUE,,Como,Juventus,2,0,H,Italy,Serie A,football-data.co.uk
league_bb2d423db83470c3,2025-10-19,SERIE_A,2025-26,LEAGUE,,Genoa,Parma,0,0,D,Italy,Serie A,football-data.co.uk
league_3f61ce58328fd7e7,2025-10-20,SERIE_A,2025-26,LEAGUE,,Cremonese,Udinese,1,1,D,Italy,Serie A,football-data.co.uk
league_ec1948dd1d02f637,2025-10-24,SERIE_A,2025-26,LEAGUE,,AC Milan,Pisa,2,2,D,Italy,Serie A,football-data.co.uk
league_2cdbd9f559ed46b9,2025-10-25,SERIE_A,2025-26,LEAGUE,,Cremonese,Atalanta,1,1,D,Italy,Serie A,football-data.co.uk
league_6dbde902e37aede8,2025-10-25,SERIE_A,2025-26,LEAGUE,,Napoli,Inter Milan,3,1,H,Italy,Serie A,football-data.co.uk
league_3833d3678d02a6fa,2025-10-25,SERIE_A,2025-26,LEAGUE,,Parma,Como,0,0,D,Italy,Serie A,football-data.co.uk
league_ffc6cd49524ebd44,2025-10-25,SERIE_A,2025-26,LEAGUE,,Udinese,Lecce,3,2,H,Italy,Serie A,football-data.co.uk
league_9edd05ee991df284,2025-10-26,SERIE_A,2025-26,LEAGUE,,Fiorentina,Bologna,2,2,D,Italy,Serie A,football-data.co.uk
league_b00eee0f1a3d0540,2025-10-26,SERIE_A,2025-26,LEAGUE,,Hellas Verona,Cagliari,2,2,D,Italy,Serie A,football-data.co.uk
league_41463af360955d88,2025-10-26,SERIE_A,2025-26,LEAGUE,,SS Lazio,Juventus,1,0,H,Italy,Serie A,football-data.co.uk
league_185ef24e1049eba3,2025-10-26,SERIE_A,2025-26,LEAGUE,,Sassuolo,AS Roma,0,1,A,Italy,Serie A,football-data.co.uk
league_2d52a29f2cc44464,2025-10-26,SERIE_A,2025-26,LEAGUE,,Torino,Genoa,2,1,H,Italy,Serie A,football-data.co.uk
league_7f0ac974a519d648,2025-10-28,SERIE_A,2025-26,LEAGUE,,Atalanta,AC Milan,1,1,D,Italy,Serie A,football-data.co.uk
league_251b178f2eb11b39,2025-10-28,SERIE_A,2025-26,LEAGUE,,Lecce,Napoli,0,1,A,Italy,Serie A,football-data.co.uk
league_04bac6cf4e30b80c,2025-10-29,SERIE_A,2025-26,LEAGUE,,AS Roma,Parma,2,1,H,Italy,Serie A,football-data.co.uk
league_fcb6040facef2c7a,2025-10-29,SERIE_A,2025-26,LEAGUE,,Bologna,Torino,0,0,D,Italy,Serie A,football-data.co.uk
league_887921e3cc755c01,2025-10-29,SERIE_A,2025-26,LEAGUE,,Como,Hellas Verona,3,1,H,Italy,Serie A,football-data.co.uk
league_886e4b1b0ba007ba,2025-10-29,SERIE_A,2025-26,LEAGUE,,Genoa,Cremonese,0,2,A,Italy,Serie A,football-data.co.uk
league_00bf7ccd714c8437,2025-10-29,SERIE_A,2025-26,LEAGUE,,Inter Milan,Fiorentina,3,0,H,Italy,Serie A,football-data.co.uk
league_3331647a34e7b146,2025-10-29,SERIE_A,2025-26,LEAGUE,,Juventus,Udinese,3,1,H,Italy,Serie A,football-data.co.uk
league_bd8099e424847880,2025-10-30,SERIE_A,2025-26,LEAGUE,,Cagliari,Sassuolo,1,2,A,Italy,Serie A,football-data.co.uk
league_a5638f3f0bb82f7e,2025-10-30,SERIE_A,2025-26,LEAGUE,,Pisa,SS Lazio,0,0,D,Italy,Serie A,football-data.co.uk
league_1bd610c7e44841df,2025-11-01,SERIE_A,2025-26,LEAGUE,,Cremonese,Juventus,1,2,A,Italy,Serie A,football-data.co.uk
league_7e0e8585d8841ece,2025-11-01,SERIE_A,2025-26,LEAGUE,,Napoli,Como,0,0,D,Italy,Serie A,football-data.co.uk
league_154eaa838280988e,2025-11-01,SERIE_A,2025-26,LEAGUE,,Udinese,Atalanta,1,0,H,Italy,Serie A,football-data.co.uk
league_bd686f1c0de875f4,2025-11-02,SERIE_A,2025-26,LEAGUE,,AC Milan,AS Roma,1,0,H,Italy,Serie A,football-data.co.uk
league_6821ca226b752bb9,2025-11-02,SERIE_A,2025-26,LEAGUE,,Fiorentina,Lecce,0,1,A,Italy,Serie A,football-data.co.uk
league_0c2182b849647459,2025-11-02,SERIE_A,2025-26,LEAGUE,,Hellas Verona,Inter Milan,1,2,A,Italy,Serie A,football-data.co.uk
league_2304dae19d03a8c2,2025-11-02,SERIE_A,2025-26,LEAGUE,,Parma,Bologna,1,3,A,Italy,Serie A,football-data.co.uk
league_5894954161f57124,2025-11-02,SERIE_A,2025-26,LEAGUE,,Torino,Pisa,2,2,D,Italy,Serie A,football-data.co.uk
league_72889772022e35b0,2025-11-03,SERIE_A,2025-26,LEAGUE,,SS Lazio,Cagliari,2,0,H,Italy,Serie A,football-data.co.uk
league_04ced954b1fc2477,2025-11-03,SERIE_A,2025-26,LEAGUE,,Sassuolo,Genoa,1,2,A,Italy,Serie A,football-data.co.uk
league_8940e260e921e253,2025-11-07,SERIE_A,2025-26,LEAGUE,,Pisa,Cremonese,1,0,H,Italy,Serie A,football-data.co.uk
league_12f9bc818a7b040e,2025-11-08,SERIE_A,2025-26,LEAGUE,,Como,Cagliari,0,0,D,Italy,Serie A,football-data.co.uk
league_7b339c357ed88896,2025-11-08,SERIE_A,2025-26,LEAGUE,,Juventus,Torino,0,0,D,Italy,Serie A,football-data.co.uk
league_1de0862b484ed522,2025-11-08,SERIE_A,2025-26,LEAGUE,,Lecce,Hellas Verona,0,0,D,Italy,Serie A,football-data.co.uk
league_394df037ef9a060f,2025-11-08,SERIE_A,2025-26,LEAGUE,,Parma,AC Milan,2,2,D,Italy,Serie A,football-data.co.uk
league_26794fb8c3f06c3b,2025-11-09,SERIE_A,2025-26,LEAGUE,,AS Roma,Udinese,2,0,H,Italy,Serie A,football-data.co.uk
league_8b03e1e389bdbda8,2025-11-09,SERIE_A,2025-26,LEAGUE,,Atalanta,Sassuolo,0,3,A,Italy,Serie A,football-data.co.uk
league_1e2a3dea2501477a,2025-11-09,SERIE_A,2025-26,LEAGUE,,Bologna,Napoli,2,0,H,Italy,Serie A,football-data.co.uk
league_1cb3bffbc2a494f2,2025-11-09,SERIE_A,2025-26,LEAGUE,,Genoa,Fiorentina,2,2,D,Italy,Serie A,football-data.co.uk
league_92477fafc9fe5403,2025-11-09,SERIE_A,2025-26,LEAGUE,,Inter Milan,SS Lazio,2,0,H,Italy,Serie A,football-data.co.uk
league_53829529245557a0,2025-11-22,SERIE_A,2025-26,LEAGUE,,Cagliari,Genoa,3,3,D,Italy,Serie A,football-data.co.uk
league_d2c310d2d9a4d11b,2025-11-22,SERIE_A,2025-26,LEAGUE,,Fiorentina,Juventus,1,1,D,Italy,Serie A,football-data.co.uk
league_1dbbbec022aee509,2025-11-22,SERIE_A,2025-26,LEAGUE,,Napoli,Atalanta,3,1,H,Italy,Serie A,football-data.co.uk
league_c7ef744a20e78b9d,2025-11-22,SERIE_A,2025-26,LEAGUE,,Udinese,Bologna,0,3,A,Italy,Serie A,football-data.co.uk
league_78e92620e1ec268c,2025-11-23,SERIE_A,2025-26,LEAGUE,,Cremonese,AS Roma,1,3,A,Italy,Serie A,football-data.co.uk
league_94fb63f38dfe349e,2025-11-23,SERIE_A,2025-26,LEAGUE,,Hellas Verona,Parma,1,2,A,Italy,Serie A,football-data.co.uk
league_125d63035c7443bc,2025-11-23,SERIE_A,2025-26,LEAGUE,,Inter Milan,AC Milan,0,1,A,Italy,Serie A,football-data.co.uk
league_f05277fe1414c8f8,2025-11-23,SERIE_A,2025-26,LEAGUE,,SS Lazio,Lecce,2,0,H,Italy,Serie A,football-data.co.uk
league_10f39758190f7117,2025-11-24,SERIE_A,2025-26,LEAGUE,,Sassuolo,Pisa,2,2,D,Italy,Serie A,football-data.co.uk
league_2fcf5062023e627b,2025-11-24,SERIE_A,2025-26,LEAGUE,,Torino,Como,1,5,A,Italy,Serie A,football-data.co.uk
league_795d60be3b1055d6,2025-11-28,SERIE_A,2025-26,LEAGUE,,Como,Sassuolo,2,0,H,Italy,Serie A,football-data.co.uk
league_9b215de91b52943e,2025-11-29,SERIE_A,2025-26,LEAGUE,,AC Milan,SS Lazio,1,0,H,Italy,Serie A,football-data.co.uk
league_a9026b540e9218f8,2025-11-29,SERIE_A,2025-26,LEAGUE,,Genoa,Hellas Verona,2,1,H,Italy,Serie A,football-data.co.uk
league_7d5c3484e4888b8e,2025-11-29,SERIE_A,2025-26,LEAGUE,,Juventus,Cagliari,2,1,H,Italy,Serie A,football-data.co.uk
league_a127257feda7f2b4,2025-11-29,SERIE_A,2025-26,LEAGUE,,Parma,Udinese,0,2,A,Italy,Serie A,football-data.co.uk
league_c2dc9973aa09755d,2025-11-30,SERIE_A,2025-26,LEAGUE,,AS Roma,Napoli,0,1,A,Italy,Serie A,football-data.co.uk
league_7f1dd3a04ea26464,2025-11-30,SERIE_A,2025-26,LEAGUE,,Atalanta,Fiorentina,2,0,H,Italy,Serie A,football-data.co.uk
league_9fe756f34488f7b4,2025-11-30,SERIE_A,2025-26,LEAGUE,,Lecce,Torino,2,1,H,Italy,Serie A,football-data.co.uk
league_1119fc8e416ccf2f,2025-11-30,SERIE_A,2025-26,LEAGUE,,Pisa,Inter Milan,0,2,A,Italy,Serie A,football-data.co.uk
league_76aaafd442d71520,2025-12-01,SERIE_A,2025-26,LEAGUE,,Bologna,Cremonese,1,3,A,Italy,Serie A,football-data.co.uk
league_69e4d577fde60315,2025-12-06,SERIE_A,2025-26,LEAGUE,,Hellas Verona,Atalanta,3,1,H,Italy,Serie A,football-data.co.uk
league_8dbb140436a72ba9,2025-12-06,SERIE_A,2025-26,LEAGUE,,Inter Milan,Como,4,0,H,Italy,Serie A,football-data.co.uk
league_5370443596b1ffa3,2025-12-06,SERIE_A,2025-26,LEAGUE,,Sassuolo,Fiorentina,3,1,H,Italy,Serie A,football-data.co.uk
league_26a6b36d32bf4a52,2025-12-07,SERIE_A,2025-26,LEAGUE,,Cagliari,AS Roma,1,0,H,Italy,Serie A,football-data.co.uk
league_00c59bff29ade063,2025-12-07,SERIE_A,2025-26,LEAGUE,,Cremonese,Lecce,2,0,H,Italy,Serie A,football-data.co.uk
league_a5011cd347030ee6,2025-12-07,SERIE_A,2025-26,LEAGUE,,Napoli,Juventus,2,1,H,Italy,Serie A,football-data.co.uk
league_f093ebcf1c10d9b3,2025-12-07,SERIE_A,2025-26,LEAGUE,,SS Lazio,Bologna,1,1,D,Italy,Serie A,football-data.co.uk
league_17923ac128d16cdb,2025-12-08,SERIE_A,2025-26,LEAGUE,,Pisa,Parma,0,1,A,Italy,Serie A,football-data.co.uk
league_2285ffdb78b499e1,2025-12-08,SERIE_A,2025-26,LEAGUE,,Torino,AC Milan,2,3,A,Italy,Serie A,football-data.co.uk
league_c7f5eacac3811ac2,2025-12-08,SERIE_A,2025-26,LEAGUE,,Udinese,Genoa,1,2,A,Italy,Serie A,football-data.co.uk
league_f5118557f3030739,2025-12-12,SERIE_A,2025-26,LEAGUE,,Lecce,Pisa,1,0,H,Italy,Serie A,football-data.co.uk
league_f6cb185ce93cf265,2025-12-13,SERIE_A,2025-26,LEAGUE,,Atalanta,Cagliari,2,1,H,Italy,Serie A,football-data.co.uk
league_ae11a59bd2e550b9,2025-12-13,SERIE_A,2025-26,LEAGUE,,Parma,SS Lazio,0,1,A,Italy,Serie A,football-data.co.uk
league_e0522ee6c8efeb1a,2025-12-13,SERIE_A,2025-26,LEAGUE,,Torino,Cremonese,1,0,H,Italy,Serie A,football-data.co.uk
league_c7f305252f897b28,2025-12-14,SERIE_A,2025-26,LEAGUE,,AC Milan,Sassuolo,2,2,D,Italy,Serie A,football-data.co.uk
league_0dac209b6bb7c040,2025-12-14,SERIE_A,2025-26,LEAGUE,,Bologna,Juventus,0,1,A,Italy,Serie A,football-data.co.uk
league_4687b0a687ce6f26,2025-12-14,SERIE_A,2025-26,LEAGUE,,Fiorentina,Hellas Verona,1,2,A,Italy,Serie A,football-data.co.uk
league_6da295a901065d61,2025-12-14,SERIE_A,2025-26,LEAGUE,,Genoa,Inter Milan,1,2,A,Italy,Serie A,football-data.co.uk
league_d47cff2627712d99,2025-12-14,SERIE_A,2025-26,LEAGUE,,Udinese,Napoli,1,0,H,Italy,Serie A,football-data.co.uk
league_b12cc2178a34bc49,2025-12-15,SERIE_A,2025-26,LEAGUE,,AS Roma,Como,1,0,H,Italy,Serie A,football-data.co.uk
league_51cb71130bf4b74f,2025-12-20,SERIE_A,2025-26,LEAGUE,,Juventus,AS Roma,2,1,H,Italy,Serie A,football-data.co.uk
league_9ad98dd93c89d916,2025-12-20,SERIE_A,2025-26,LEAGUE,,SS Lazio,Cremonese,0,0,D,Italy,Serie A,football-data.co.uk
league_27a320e741ef07f6,2025-12-21,SERIE_A,2025-26,LEAGUE,,Cagliari,Pisa,2,2,D,Italy,Serie A,football-data.co.uk
league_e22383cfec7d65c9,2025-12-21,SERIE_A,2025-26,LEAGUE,,Fiorentina,Udinese,5,1,H,Italy,Serie A,football-data.co.uk
league_3193126cceb7fd84,2025-12-21,SERIE_A,2025-26,LEAGUE,,Genoa,Atalanta,0,1,A,Italy,Serie A,football-data.co.uk
league_afa08a81fc91740f,2025-12-21,SERIE_A,2025-26,LEAGUE,,Sassuolo,Torino,0,1,A,Italy,Serie A,football-data.co.uk
league_4f4bbcd8e5086aa2,2025-12-27,SERIE_A,2025-26,LEAGUE,,Lecce,Como,0,3,A,Italy,Serie A,football-data.co.uk
league_0afb56742ea01f91,2025-12-27,SERIE_A,2025-26,LEAGUE,,Parma,Fiorentina,1,0,H,Italy,Serie A,football-data.co.uk
league_6dfa8c8f0b89e37d,2025-12-27,SERIE_A,2025-26,LEAGUE,,Pisa,Juventus,0,2,A,Italy,Serie A,football-data.co.uk
league_662b98decac03ec9,2025-12-27,SERIE_A,2025-26,LEAGUE,,Torino,Cagliari,1,2,A,Italy,Serie A,football-data.co.uk
league_612c219f390d8ea3,2025-12-27,SERIE_A,2025-26,LEAGUE,,Udinese,SS Lazio,1,1,D,Italy,Serie A,football-data.co.uk
league_710923c9d4e63cf6,2025-12-28,SERIE_A,2025-26,LEAGUE,,AC Milan,Hellas Verona,3,0,H,Italy,Serie A,football-data.co.uk
league_af2c8f3563933cdf,2025-12-28,SERIE_A,2025-26,LEAGUE,,Atalanta,Inter Milan,0,1,A,Italy,Serie A,football-data.co.uk
league_5b0cf4ced63e125a,2025-12-28,SERIE_A,2025-26,LEAGUE,,Bologna,Sassuolo,1,1,D,Italy,Serie A,football-data.co.uk
league_f626727a65d6b172,2025-12-28,SERIE_A,2025-26,LEAGUE,,Cremonese,Napoli,0,2,A,Italy,Serie A,football-data.co.uk
league_84ef5e1a89476b40,2025-12-29,SERIE_A,2025-26,LEAGUE,,AS Roma,Genoa,3,1,H,Italy,Serie A,football-data.co.uk
league_2bcada364ef1455f,2026-01-02,SERIE_A,2025-26,LEAGUE,,Cagliari,AC Milan,0,1,A,Italy,Serie A,football-data.co.uk
league_2a3b1ff2939c31a8,2026-01-03,SERIE_A,2025-26,LEAGUE,,Atalanta,AS Roma,1,0,H,Italy,Serie A,football-data.co.uk
league_9f160f2cf505f0ec,2026-01-03,SERIE_A,2025-26,LEAGUE,,Como,Udinese,1,0,H,Italy,Serie A,football-data.co.uk
league_fe4c0cacf92ba8de,2026-01-03,SERIE_A,2025-26,LEAGUE,,Genoa,Pisa,1,1,D,Italy,Serie A,football-data.co.uk
league_6ea808bf7700d120,2026-01-03,SERIE_A,2025-26,LEAGUE,,Juventus,Lecce,1,1,D,Italy,Serie A,football-data.co.uk
league_5360a0786b18f527,2026-01-03,SERIE_A,2025-26,LEAGUE,,Sassuolo,Parma,1,1,D,Italy,Serie A,football-data.co.uk
league_bcc54497f05934e1,2026-01-04,SERIE_A,2025-26,LEAGUE,,Fiorentina,Cremonese,1,0,H,Italy,Serie A,football-data.co.uk
league_02df74121b688916,2026-01-04,SERIE_A,2025-26,LEAGUE,,Hellas Verona,Torino,0,3,A,Italy,Serie A,football-data.co.uk
league_5aa9b36a24be9a78,2026-01-04,SERIE_A,2025-26,LEAGUE,,Inter Milan,Bologna,3,1,H,Italy,Serie A,football-data.co.uk
league_55b61bbfc42ad8e1,2026-01-04,SERIE_A,2025-26,LEAGUE,,SS Lazio,Napoli,0,2,A,Italy,Serie A,football-data.co.uk
league_4d7338ff57a85fbe,2026-01-06,SERIE_A,2025-26,LEAGUE,,Lecce,AS Roma,0,2,A,Italy,Serie A,football-data.co.uk
league_2d1a01f9b0f49b83,2026-01-06,SERIE_A,2025-26,LEAGUE,,Pisa,Como,0,3,A,Italy,Serie A,football-data.co.uk
league_dd9d3b58d62233bb,2026-01-06,SERIE_A,2025-26,LEAGUE,,Sassuolo,Juventus,0,3,A,Italy,Serie A,football-data.co.uk
league_354fdd826a44b435,2026-01-07,SERIE_A,2025-26,LEAGUE,,Bologna,Atalanta,0,2,A,Italy,Serie A,football-data.co.uk
league_b0f5ab220ba8e272,2026-01-07,SERIE_A,2025-26,LEAGUE,,Napoli,Hellas Verona,2,2,D,Italy,Serie A,football-data.co.uk
league_b359f2264a58cdc9,2026-01-07,SERIE_A,2025-26,LEAGUE,,Parma,Inter Milan,0,2,A,Italy,Serie A,football-data.co.uk
league_98edcadf5131e0da,2026-01-07,SERIE_A,2025-26,LEAGUE,,SS Lazio,Fiorentina,2,2,D,Italy,Serie A,football-data.co.uk
league_44e4374c24351e06,2026-01-07,SERIE_A,2025-26,LEAGUE,,Torino,Udinese,1,2,A,Italy,Serie A,football-data.co.uk
league_37b237c0667d4800,2026-01-08,SERIE_A,2025-26,LEAGUE,,AC Milan,Genoa,1,1,D,Italy,Serie A,football-data.co.uk
league_71c73746392fe852,2026-01-08,SERIE_A,2025-26,LEAGUE,,Cremonese,Cagliari,2,2,D,Italy,Serie A,football-data.co.uk
league_d438bc5420b2913f,2026-01-10,SERIE_A,2025-26,LEAGUE,,AS Roma,Sassuolo,2,0,H,Italy,Serie A,football-data.co.uk
league_3644feb83186cbc0,2026-01-10,SERIE_A,2025-26,LEAGUE,,Atalanta,Torino,2,0,H,Italy,Serie A,football-data.co.uk
league_9df8f17b52117d10,2026-01-10,SERIE_A,2025-26,LEAGUE,,Como,Bologna,1,1,D,Italy,Serie A,football-data.co.uk
league_bf8eada85fc762f4,2026-01-10,SERIE_A,2025-26,LEAGUE,,Udinese,Pisa,2,2,D,Italy,Serie A,football-data.co.uk
league_13e5f9a04ea12777,2026-01-11,SERIE_A,2025-26,LEAGUE,,Fiorentina,AC Milan,1,1,D,Italy,Serie A,football-data.co.uk
league_587959a166cf3ae0,2026-01-11,SERIE_A,2025-26,LEAGUE,,Hellas Verona,SS Lazio,0,1,A,Italy,Serie A,football-data.co.uk
league_4f4557c522396460,2026-01-11,SERIE_A,2025-26,LEAGUE,,Inter Milan,Napoli,2,2,D,Italy,Serie A,football-data.co.uk
league_e4c2b9226f97322b,2026-01-11,SERIE_A,2025-26,LEAGUE,,Lecce,Parma,1,2,A,Italy,Serie A,football-data.co.uk
league_8dfb90373e56aaef,2026-01-12,SERIE_A,2025-26,LEAGUE,,Genoa,Cagliari,3,0,H,Italy,Serie A,football-data.co.uk
league_966aeafcd241dc5f,2026-01-12,SERIE_A,2025-26,LEAGUE,,Juventus,Cremonese,5,0,H,Italy,Serie A,football-data.co.uk
league_b537c86469dfc2df,2026-01-14,SERIE_A,2025-26,LEAGUE,,Inter Milan,Lecce,1,0,H,Italy,Serie A,football-data.co.uk
league_30441c7a0bcd56cc,2026-01-14,SERIE_A,2025-26,LEAGUE,,Napoli,Parma,0,0,D,Italy,Serie A,football-data.co.uk
league_26206396b69b16b4,2026-01-15,SERIE_A,2025-26,LEAGUE,,Como,AC Milan,1,3,A,Italy,Serie A,football-data.co.uk
league_4ecfd7e1d41f0652,2026-01-15,SERIE_A,2025-26,LEAGUE,,Hellas Verona,Bologna,2,3,A,Italy,Serie A,football-data.co.uk
league_ea336ad942cbc2a4,2026-01-16,SERIE_A,2025-26,LEAGUE,,Pisa,Atalanta,1,1,D,Italy,Serie A,football-data.co.uk
league_4249a1fd714a5c93,2026-01-17,SERIE_A,2025-26,LEAGUE,,Cagliari,Juventus,1,0,H,Italy,Serie A,football-data.co.uk
league_8dbc7e829c609b53,2026-01-17,SERIE_A,2025-26,LEAGUE,,Napoli,Sassuolo,1,0,H,Italy,Serie A,football-data.co.uk
league_a50d8b16b9edfb1b,2026-01-17,SERIE_A,2025-26,LEAGUE,,Udinese,Inter Milan,0,1,A,Italy,Serie A,football-data.co.uk
league_8ebb810d0e426b35,2026-01-18,SERIE_A,2025-26,LEAGUE,,AC Milan,Lecce,1,0,H,Italy,Serie A,football-data.co.uk
league_e7903434f2ea7615,2026-01-18,SERIE_A,2025-26,LEAGUE,,Bologna,Fiorentina,1,2,A,Italy,Serie A,football-data.co.uk
league_20c657bdd7bfeb69,2026-01-18,SERIE_A,2025-26,LEAGUE,,Parma,Genoa,0,0,D,Italy,Serie A,football-data.co.uk
league_63362d1db003255e,2026-01-18,SERIE_A,2025-26,LEAGUE,,Torino,AS Roma,0,2,A,Italy,Serie A,football-data.co.uk
league_a5d6eedd483191ae,2026-01-19,SERIE_A,2025-26,LEAGUE,,Cremonese,Hellas Verona,0,0,D,Italy,Serie A,football-data.co.uk
league_ce03b340dd0546d2,2026-01-19,SERIE_A,2025-26,LEAGUE,,SS Lazio,Como,0,3,A,Italy,Serie A,football-data.co.uk
league_0b4401b9e35d3f12,2026-01-23,SERIE_A,2025-26,LEAGUE,,Inter Milan,Pisa,6,2,H,Italy,Serie A,football-data.co.uk
league_6e7a4071a208c515,2026-01-24,SERIE_A,2025-26,LEAGUE,,Como,Torino,6,0,H,Italy,Serie A,football-data.co.uk
league_db398f056b874b82,2026-01-24,SERIE_A,2025-26,LEAGUE,,Fiorentina,Cagliari,1,2,A,Italy,Serie A,football-data.co.uk
league_e847d7007311c8dc,2026-01-24,SERIE_A,2025-26,LEAGUE,,Lecce,SS Lazio,0,0,D,Italy,Serie A,football-data.co.uk
league_29def7970d3364e6,2026-01-25,SERIE_A,2025-26,LEAGUE,,AS Roma,AC Milan,1,1,D,Italy,Serie A,football-data.co.uk
league_43b77617876109a5,2026-01-25,SERIE_A,2025-26,LEAGUE,,Atalanta,Parma,4,0,H,Italy,Serie A,football-data.co.uk
league_a4b3c792719996ca,2026-01-25,SERIE_A,2025-26,LEAGUE,,Genoa,Bologna,3,2,H,Italy,Serie A,football-data.co.uk
league_cee706583b88f9f0,2026-01-25,SERIE_A,2025-26,LEAGUE,,Juventus,Napoli,3,0,H,Italy,Serie A,football-data.co.uk
league_7e5ef29d6aa11a08,2026-01-25,SERIE_A,2025-26,LEAGUE,,Sassuolo,Cremonese,1,0,H,Italy,Serie A,football-data.co.uk
league_ea69c0dd78b169ad,2026-01-26,SERIE_A,2025-26,LEAGUE,,Hellas Verona,Udinese,1,3,A,Italy,Serie A,football-data.co.uk
league_7258694c099fb3e1,2026-01-30,SERIE_A,2025-26,LEAGUE,,SS Lazio,Genoa,3,2,H,Italy,Serie A,football-data.co.uk
league_5695914d95f0088e,2026-01-31,SERIE_A,2025-26,LEAGUE,,Cagliari,Hellas Verona,4,0,H,Italy,Serie A,football-data.co.uk
league_b7c8f13e89139d05,2026-01-31,SERIE_A,2025-26,LEAGUE,,Napoli,Fiorentina,2,1,H,Italy,Serie A,football-data.co.uk
league_468d868e71aaac97,2026-01-31,SERIE_A,2025-26,LEAGUE,,Pisa,Sassuolo,1,3,A,Italy,Serie A,football-data.co.uk
league_a94368adace1d576,2026-02-01,SERIE_A,2025-26,LEAGUE,,Como,Atalanta,0,0,D,Italy,Serie A,football-data.co.uk
league_91985c89391b323e,2026-02-01,SERIE_A,2025-26,LEAGUE,,Cremonese,Inter Milan,0,2,A,Italy,Serie A,football-data.co.uk
league_7f7f519e2e1b694e,2026-02-01,SERIE_A,2025-26,LEAGUE,,Parma,Juventus,1,4,A,Italy,Serie A,football-data.co.uk
league_8c8ec8b632f26a90,2026-02-01,SERIE_A,2025-26,LEAGUE,,Torino,Lecce,1,0,H,Italy,Serie A,football-data.co.uk
league_49ff97a348e2199c,2026-02-02,SERIE_A,2025-26,LEAGUE,,Udinese,AS Roma,1,0,H,Italy,Serie A,football-data.co.uk
league_3e717d9725525765,2026-02-03,SERIE_A,2025-26,LEAGUE,,Bologna,AC Milan,0,3,A,Italy,Serie A,football-data.co.uk
league_f482d5398de0ad94,2026-02-06,SERIE_A,2025-26,LEAGUE,,Hellas Verona,Pisa,0,0,D,Italy,Serie A,football-data.co.uk
league_13ba495bc2a9e41f,2026-02-07,SERIE_A,2025-26,LEAGUE,,Fiorentina,Torino,2,2,D,Italy,Serie A,football-data.co.uk
league_c649cf7b894dbf86,2026-02-07,SERIE_A,2025-26,LEAGUE,,Genoa,Napoli,2,3,A,Italy,Serie A,football-data.co.uk
league_07c3d44a8035fbae,2026-02-08,SERIE_A,2025-26,LEAGUE,,Bologna,Parma,0,1,A,Italy,Serie A,football-data.co.uk
league_74b3d12f7dafe145,2026-02-08,SERIE_A,2025-26,LEAGUE,,Juventus,SS Lazio,2,2,D,Italy,Serie A,football-data.co.uk
league_db7a57c5c7030b6b,2026-02-08,SERIE_A,2025-26,LEAGUE,,Lecce,Udinese,2,1,H,Italy,Serie A,football-data.co.uk
league_1b5bf99fda7f6f14,2026-02-08,SERIE_A,2025-26,LEAGUE,,Sassuolo,Inter Milan,0,5,A,Italy,Serie A,football-data.co.uk
league_aae874eb2f0efaa9,2026-02-09,SERIE_A,2025-26,LEAGUE,,AS Roma,Cagliari,2,0,H,Italy,Serie A,football-data.co.uk
league_e1655c1184e4adf8,2026-02-09,SERIE_A,2025-26,LEAGUE,,Atalanta,Cremonese,2,1,H,Italy,Serie A,football-data.co.uk
league_7e3aad81527dfaf6,2026-02-13,SERIE_A,2025-26,LEAGUE,,Pisa,AC Milan,1,2,A,Italy,Serie A,football-data.co.uk
league_b2ae3e7a46d805af,2026-02-14,SERIE_A,2025-26,LEAGUE,,Como,Fiorentina,1,2,A,Italy,Serie A,football-data.co.uk
league_488e6494fb2a6eea,2026-02-14,SERIE_A,2025-26,LEAGUE,,Inter Milan,Juventus,3,2,H,Italy,Serie A,football-data.co.uk
league_4a0f4402e51adfa8,2026-02-14,SERIE_A,2025-26,LEAGUE,,SS Lazio,Atalanta,0,2,A,Italy,Serie A,football-data.co.uk
league_816880fd65ecfd3d,2026-02-15,SERIE_A,2025-26,LEAGUE,,Cremonese,Genoa,0,0,D,Italy,Serie A,football-data.co.uk
league_73951340bf4be9c3,2026-02-15,SERIE_A,2025-26,LEAGUE,,Napoli,AS Roma,2,2,D,Italy,Serie A,football-data.co.uk
league_ec08e58eadb8e277,2026-02-15,SERIE_A,2025-26,LEAGUE,,Parma,Hellas Verona,2,1,H,Italy,Serie A,football-data.co.uk
league_118b7f884c612e11,2026-02-15,SERIE_A,2025-26,LEAGUE,,Torino,Bologna,1,2,A,Italy,Serie A,football-data.co.uk
league_d071bf8b803a88cf,2026-02-15,SERIE_A,2025-26,LEAGUE,,Udinese,Sassuolo,1,2,A,Italy,Serie A,football-data.co.uk
league_2e1e1a82eebce351,2026-02-16,SERIE_A,2025-26,LEAGUE,,Cagliari,Lecce,0,2,A,Italy,Serie A,football-data.co.uk
league_8bc643c246c24197,2026-02-18,SERIE_A,2025-26,LEAGUE,,AC Milan,Como,1,1,D,Italy,Serie A,football-data.co.uk
league_97399ff84ea827c9,2026-02-20,SERIE_A,2025-26,LEAGUE,,Sassuolo,Hellas Verona,3,0,H,Italy,Serie A,football-data.co.uk
league_467ac125f8eb004e,2026-02-21,SERIE_A,2025-26,LEAGUE,,Cagliari,SS Lazio,0,0,D,Italy,Serie A,football-data.co.uk
league_a7648797902f985f,2026-02-21,SERIE_A,2025-26,LEAGUE,,Juventus,Como,0,2,A,Italy,Serie A,football-data.co.uk
league_bfbf97ef81440f7e,2026-02-21,SERIE_A,2025-26,LEAGUE,,Lecce,Inter Milan,0,2,A,Italy,Serie A,football-data.co.uk
league_1303e0e2abd0df44,2026-02-22,SERIE_A,2025-26,LEAGUE,,AC Milan,Parma,0,1,A,Italy,Serie A,football-data.co.uk
league_fbf3ae5182f765d2,2026-02-22,SERIE_A,2025-26,LEAGUE,,AS Roma,Cremonese,3,0,H,Italy,Serie A,football-data.co.uk
league_76b48bdfe0aa1577,2026-02-22,SERIE_A,2025-26,LEAGUE,,Atalanta,Napoli,2,1,H,Italy,Serie A,football-data.co.uk
league_9c422ff421b0adb1,2026-02-22,SERIE_A,2025-26,LEAGUE,,Genoa,Torino,3,0,H,Italy,Serie A,football-data.co.uk
league_5f328d0895404487,2026-02-23,SERIE_A,2025-26,LEAGUE,,Bologna,Udinese,1,0,H,Italy,Serie A,football-data.co.uk
league_e29a1a8a2f17b048,2026-02-23,SERIE_A,2025-26,LEAGUE,,Fiorentina,Pisa,1,0,H,Italy,Serie A,football-data.co.uk
league_3788f68ee50962cf,2026-02-27,SERIE_A,2025-26,LEAGUE,,Parma,Cagliari,1,1,D,Italy,Serie A,football-data.co.uk
league_24dbe8598926af03,2026-02-28,SERIE_A,2025-26,LEAGUE,,Como,Lecce,3,1,H,Italy,Serie A,football-data.co.uk
league_4b69c9f1bb4d117b,2026-02-28,SERIE_A,2025-26,LEAGUE,,Hellas Verona,Napoli,1,2,A,Italy,Serie A,football-data.co.uk
league_a43632ef437f88ab,2026-02-28,SERIE_A,2025-26,LEAGUE,,Inter Milan,Genoa,2,0,H,Italy,Serie A,football-data.co.uk
league_0bc22a934ff89690,2026-03-01,SERIE_A,2025-26,LEAGUE,,AS Roma,Juventus,3,3,D,Italy,Serie A,football-data.co.uk
league_b8475ec1bdd814b8,2026-03-01,SERIE_A,2025-26,LEAGUE,,Cremonese,AC Milan,0,2,A,Italy,Serie A,football-data.co.uk
league_f4383bafa8683490,2026-03-01,SERIE_A,2025-26,LEAGUE,,Sassuolo,Atalanta,2,1,H,Italy,Serie A,football-data.co.uk
league_49bffb60f6d650af,2026-03-01,SERIE_A,2025-26,LEAGUE,,Torino,SS Lazio,2,0,H,Italy,Serie A,football-data.co.uk
league_2d9521615d3535a3,2026-03-02,SERIE_A,2025-26,LEAGUE,,Pisa,Bologna,0,1,A,Italy,Serie A,football-data.co.uk
league_ff0f6ed035aa854a,2026-03-02,SERIE_A,2025-26,LEAGUE,,Udinese,Fiorentina,3,0,H,Italy,Serie A,football-data.co.uk
league_b130466dac3c6dc5,2026-03-06,SERIE_A,2025-26,LEAGUE,,Napoli,Torino,2,1,H,Italy,Serie A,football-data.co.uk
league_8c1f4baf5e6b3a32,2026-03-07,SERIE_A,2025-26,LEAGUE,,Atalanta,Udinese,2,2,D,Italy,Serie A,football-data.co.uk
league_85571f7d8822c480,2026-03-07,SERIE_A,2025-26,LEAGUE,,Cagliari,Como,1,2,A,Italy,Serie A,football-data.co.uk
league_57e645c47a1ace41,2026-03-07,SERIE_A,2025-26,LEAGUE,,Juventus,Pisa,4,0,H,Italy,Serie A,football-data.co.uk
league_8b97e7b14ae4b3d7,2026-03-08,SERIE_A,2025-26,LEAGUE,,AC Milan,Inter Milan,1,0,H,Italy,Serie A,football-data.co.uk
league_eec232ef67e36f75,2026-03-08,SERIE_A,2025-26,LEAGUE,,Bologna,Hellas Verona,1,2,A,Italy,Serie A,football-data.co.uk
league_0694e0a3775cb87d,2026-03-08,SERIE_A,2025-26,LEAGUE,,Fiorentina,Parma,0,0,D,Italy,Serie A,football-data.co.uk
league_f693d0bb23ca972e,2026-03-08,SERIE_A,2025-26,LEAGUE,,Genoa,AS Roma,2,1,H,Italy,Serie A,football-data.co.uk
league_653f4b3a69c305a2,2026-03-08,SERIE_A,2025-26,LEAGUE,,Lecce,Cremonese,2,1,H,Italy,Serie A,football-data.co.uk
league_be3365b1c8450053,2026-03-09,SERIE_A,2025-26,LEAGUE,,SS Lazio,Sassuolo,2,1,H,Italy,Serie A,football-data.co.uk
league_e1314ea371e2922d,2026-03-13,SERIE_A,2025-26,LEAGUE,,Torino,Parma,4,1,H,Italy,Serie A,football-data.co.uk
league_203a8f478398bf78,2026-03-14,SERIE_A,2025-26,LEAGUE,,Inter Milan,Atalanta,1,1,D,Italy,Serie A,football-data.co.uk
league_c6f4f41092a8712f,2026-03-14,SERIE_A,2025-26,LEAGUE,,Napoli,Lecce,2,1,H,Italy,Serie A,football-data.co.uk
league_9de802189d39572d,2026-03-14,SERIE_A,2025-26,LEAGUE,,Udinese,Juventus,0,1,A,Italy,Serie A,football-data.co.uk
league_7ced1787b6589f23,2026-03-15,SERIE_A,2025-26,LEAGUE,,Como,AS Roma,2,1,H,Italy,Serie A,football-data.co.uk
league_2aa1ab308836ee24,2026-03-15,SERIE_A,2025-26,LEAGUE,,Hellas Verona,Genoa,0,2,A,Italy,Serie A,football-data.co.uk
league_0290a3d869cf794b,2026-03-15,SERIE_A,2025-26,LEAGUE,,Pisa,Cagliari,3,1,H,Italy,Serie A,football-data.co.uk
league_b5a8f58d1bc0c16f,2026-03-15,SERIE_A,2025-26,LEAGUE,,SS Lazio,AC Milan,1,0,H,Italy,Serie A,football-data.co.uk
league_6887aa95bbf538c6,2026-03-15,SERIE_A,2025-26,LEAGUE,,Sassuolo,Bologna,0,1,A,Italy,Serie A,football-data.co.uk
league_28539473915e160e,2026-03-16,SERIE_A,2025-26,LEAGUE,,Cremonese,Fiorentina,1,4,A,Italy,Serie A,football-data.co.uk
league_9bb29e3a91b38ff9,2026-03-20,SERIE_A,2025-26,LEAGUE,,Cagliari,Napoli,0,1,A,Italy,Serie A,football-data.co.uk
league_c6867e5685b1eff8,2026-03-20,SERIE_A,2025-26,LEAGUE,,Genoa,Udinese,0,2,A,Italy,Serie A,football-data.co.uk
league_b28a27d6cc6950b4,2026-03-21,SERIE_A,2025-26,LEAGUE,,AC Milan,Torino,3,2,H,Italy,Serie A,football-data.co.uk
league_58c4ad00360a9032,2026-03-21,SERIE_A,2025-26,LEAGUE,,Juventus,Sassuolo,1,1,D,Italy,Serie A,football-data.co.uk
league_a34da1c91715a0b3,2026-03-21,SERIE_A,2025-26,LEAGUE,,Parma,Cremonese,0,2,A,Italy,Serie A,football-data.co.uk
league_91e60cd5f2628faf,2026-03-22,SERIE_A,2025-26,LEAGUE,,AS Roma,Lecce,1,0,H,Italy,Serie A,football-data.co.uk
league_c1e4572e84fcc503,2026-03-22,SERIE_A,2025-26,LEAGUE,,Atalanta,Hellas Verona,1,0,H,Italy,Serie A,football-data.co.uk
league_122ba67ae352e13f,2026-03-22,SERIE_A,2025-26,LEAGUE,,Bologna,SS Lazio,0,2,A,Italy,Serie A,football-data.co.uk
league_aefd5eb83e393877,2026-03-22,SERIE_A,2025-26,LEAGUE,,Como,Pisa,5,0,H,Italy,Serie A,football-data.co.uk
league_12956b4673f29529,2026-03-22,SERIE_A,2025-26,LEAGUE,,Fiorentina,Inter Milan,1,1,D,Italy,Serie A,football-data.co.uk
league_4d4895230666fd08,2026-04-04,SERIE_A,2025-26,LEAGUE,,Hellas Verona,Fiorentina,0,1,A,Italy,Serie A,football-data.co.uk
league_a06cf32fd5acd3d7,2026-04-04,SERIE_A,2025-26,LEAGUE,,SS Lazio,Parma,1,1,D,Italy,Serie A,football-data.co.uk
league_3ae2c49f2a3844ce,2026-04-04,SERIE_A,2025-26,LEAGUE,,Sassuolo,Cagliari,2,1,H,Italy,Serie A,football-data.co.uk
league_6203bf9bf9eca244,2026-04-05,SERIE_A,2025-26,LEAGUE,,Cremonese,Bologna,1,2,A,Italy,Serie A,football-data.co.uk
league_6410aae41d5c7f55,2026-04-05,SERIE_A,2025-26,LEAGUE,,Inter Milan,AS Roma,5,2,H,Italy,Serie A,football-data.co.uk
league_a100826e8490bb23,2026-04-05,SERIE_A,2025-26,LEAGUE,,Pisa,Torino,0,1,A,Italy,Serie A,football-data.co.uk
league_f91e318dca1303be,2026-04-06,SERIE_A,2025-26,LEAGUE,,Juventus,Genoa,2,0,H,Italy,Serie A,football-data.co.uk
league_04d037d09ed15412,2026-04-06,SERIE_A,2025-26,LEAGUE,,Lecce,Atalanta,0,3,A,Italy,Serie A,football-data.co.uk
league_2eeaaf10df4911e6,2026-04-06,SERIE_A,2025-26,LEAGUE,,Napoli,AC Milan,1,0,H,Italy,Serie A,football-data.co.uk
league_51bb552edde03db0,2026-04-06,SERIE_A,2025-26,LEAGUE,,Udinese,Como,0,0,D,Italy,Serie A,football-data.co.uk
league_581e79d434aa97f9,2026-04-10,SERIE_A,2025-26,LEAGUE,,AS Roma,Pisa,3,0,H,Italy,Serie A,football-data.co.uk
league_a05b2a51b32df33d,2026-04-11,SERIE_A,2025-26,LEAGUE,,AC Milan,Udinese,0,3,A,Italy,Serie A,football-data.co.uk
league_7781427c9ce84617,2026-04-11,SERIE_A,2025-26,LEAGUE,,Atalanta,Juventus,0,1,A,Italy,Serie A,football-data.co.uk
league_4d17c09551e1d57a,2026-04-11,SERIE_A,2025-26,LEAGUE,,Cagliari,Cremonese,1,0,H,Italy,Serie A,football-data.co.uk
league_6f8c048df010f410,2026-04-11,SERIE_A,2025-26,LEAGUE,,Torino,Hellas Verona,2,1,H,Italy,Serie A,football-data.co.uk
league_9a154d30cac27042,2026-04-12,SERIE_A,2025-26,LEAGUE,,Bologna,Lecce,2,0,H,Italy,Serie A,football-data.co.uk
league_6d3f6b2424def0c9,2026-04-12,SERIE_A,2025-26,LEAGUE,,Como,Inter Milan,3,4,A,Italy,Serie A,football-data.co.uk
league_c57250ba09a599bc,2026-04-12,SERIE_A,2025-26,LEAGUE,,Genoa,Sassuolo,2,1,H,Italy,Serie A,football-data.co.uk
league_51da585681bd708a,2026-04-12,SERIE_A,2025-26,LEAGUE,,Parma,Napoli,1,1,D,Italy,Serie A,football-data.co.uk
league_2a167c12cbb312dc,2026-04-13,SERIE_A,2025-26,LEAGUE,,Fiorentina,SS Lazio,1,0,H,Italy,Serie A,football-data.co.uk
league_d0372d7afd48d031,2026-04-17,SERIE_A,2025-26,LEAGUE,,Inter Milan,Cagliari,3,0,H,Italy,Serie A,football-data.co.uk
league_3ac621bd3b3b3e9f,2026-04-17,SERIE_A,2025-26,LEAGUE,,Sassuolo,Como,2,1,H,Italy,Serie A,football-data.co.uk
league_b18258d57a079627,2026-04-18,SERIE_A,2025-26,LEAGUE,,AS Roma,Atalanta,1,1,D,Italy,Serie A,football-data.co.uk
league_fb449bf97afd7ae0,2026-04-18,SERIE_A,2025-26,LEAGUE,,Napoli,SS Lazio,0,2,A,Italy,Serie A,football-data.co.uk
league_14fe6bf247117f5e,2026-04-18,SERIE_A,2025-26,LEAGUE,,Udinese,Parma,0,1,A,Italy,Serie A,football-data.co.uk
league_0b80ddd9091895c8,2026-04-19,SERIE_A,2025-26,LEAGUE,,Cremonese,Torino,0,0,D,Italy,Serie A,football-data.co.uk
league_d04c47ce6674bdc2,2026-04-19,SERIE_A,2025-26,LEAGUE,,Hellas Verona,AC Milan,0,1,A,Italy,Serie A,football-data.co.uk
league_e7274068f8390a1f,2026-04-19,SERIE_A,2025-26,LEAGUE,,Juventus,Bologna,2,0,H,Italy,Serie A,football-data.co.uk
league_0bf097adf58649f4,2026-04-19,SERIE_A,2025-26,LEAGUE,,Pisa,Genoa,1,2,A,Italy,Serie A,football-data.co.uk
league_71d5b0b655e8be3d,2026-04-20,SERIE_A,2025-26,LEAGUE,,Lecce,Fiorentina,1,1,D,Italy,Serie A,football-data.co.uk
league_a1b101a735d8c1f0,2026-04-24,SERIE_A,2025-26,LEAGUE,,Napoli,Cremonese,4,0,H,Italy,Serie A,football-data.co.uk
league_fbc7011d54ce06ab,2026-04-25,SERIE_A,2025-26,LEAGUE,,Bologna,AS Roma,0,2,A,Italy,Serie A,football-data.co.uk
league_157913f18367085b,2026-04-25,SERIE_A,2025-26,LEAGUE,,Hellas Verona,Lecce,0,0,D,Italy,Serie A,football-data.co.uk
league_b2517fb11fdf0bf8,2026-04-25,SERIE_A,2025-26,LEAGUE,,Parma,Pisa,1,0,H,Italy,Serie A,football-data.co.uk
league_a35b435fba15d55f,2026-04-26,SERIE_A,2025-26,LEAGUE,,AC Milan,Juventus,0,0,D,Italy,Serie A,football-data.co.uk
league_9ec2cd35319fcf46,2026-04-26,SERIE_A,2025-26,LEAGUE,,Fiorentina,Sassuolo,0,0,D,Italy,Serie A,football-data.co.uk
league_90d8ca36f8b41d41,2026-04-26,SERIE_A,2025-26,LEAGUE,,Genoa,Como,0,2,A,Italy,Serie A,football-data.co.uk
league_d52501b43006fa78,2026-04-26,SERIE_A,2025-26,LEAGUE,,Torino,Inter Milan,2,2,D,Italy,Serie A,football-data.co.uk
league_33e4119a0f992cfb,2026-04-27,SERIE_A,2025-26,LEAGUE,,Cagliari,Atalanta,3,2,H,Italy,Serie A,football-data.co.uk
league_b073639bda6b41b7,2026-04-27,SERIE_A,2025-26,LEAGUE,,SS Lazio,Udinese,3,3,D,Italy,Serie A,football-data.co.uk
league_10ea15268acea49d,2026-05-01,SERIE_A,2025-26,LEAGUE,,Pisa,Lecce,1,2,A,Italy,Serie A,football-data.co.uk
league_3036e6b8bacbad0f,2026-05-02,SERIE_A,2025-26,LEAGUE,,Atalanta,Genoa,0,0,D,Italy,Serie A,football-data.co.uk
league_e046496b3d7d9439,2026-05-02,SERIE_A,2025-26,LEAGUE,,Como,Napoli,0,0,D,Italy,Serie A,football-data.co.uk
league_b6e3828342261977,2026-05-02,SERIE_A,2025-26,LEAGUE,,Udinese,Torino,2,0,H,Italy,Serie A,football-data.co.uk
league_f52c9eea36327d1c,2026-05-03,SERIE_A,2025-26,LEAGUE,,Bologna,Cagliari,0,0,D,Italy,Serie A,football-data.co.uk
league_31206b41e9d1abbd,2026-05-03,SERIE_A,2025-26,LEAGUE,,Inter Milan,Parma,2,0,H,Italy,Serie A,football-data.co.uk
league_24d5ecbf2f91d56b,2026-05-03,SERIE_A,2025-26,LEAGUE,,Juventus,Hellas Verona,1,1,D,Italy,Serie A,football-data.co.uk
league_a56d5f5c171e1a7c,2026-05-03,SERIE_A,2025-26,LEAGUE,,Sassuolo,AC Milan,2,0,H,Italy,Serie A,football-data.co.uk
league_55270de1bccdaf2b,2026-05-04,SERIE_A,2025-26,LEAGUE,,AS Roma,Fiorentina,4,0,H,Italy,Serie A,football-data.co.uk
league_b83abf4fb0cf5c2e,2026-05-04,SERIE_A,2025-26,LEAGUE,,Cremonese,SS Lazio,1,2,A,Italy,Serie A,football-data.co.uk
league_ca0f64b65d67f29e,2026-05-08,SERIE_A,2025-26,LEAGUE,,Torino,Sassuolo,2,1,H,Italy,Serie A,football-data.co.uk
league_b05c71b65109f3f7,2026-05-09,SERIE_A,2025-26,LEAGUE,,Cagliari,Udinese,0,2,A,Italy,Serie A,football-data.co.uk
league_f6e7d50d46d00d8d,2026-05-09,SERIE_A,2025-26,LEAGUE,,Lecce,Juventus,0,1,A,Italy,Serie A,football-data.co.uk
league_bed83d1eeec7b2f6,2026-05-09,SERIE_A,2025-26,LEAGUE,,SS Lazio,Inter Milan,0,3,A,Italy,Serie A,football-data.co.uk
league_8300ac62ae895c3e,2026-05-10,SERIE_A,2025-26,LEAGUE,,AC Milan,Atalanta,2,3,A,Italy,Serie A,football-data.co.uk
league_0bb987e64b84947a,2026-05-10,SERIE_A,2025-26,LEAGUE,,Cremonese,Pisa,3,0,H,Italy,Serie A,football-data.co.uk
league_b19ca1fcb4b0a2b4,2026-05-10,SERIE_A,2025-26,LEAGUE,,Fiorentina,Genoa,0,0,D,Italy,Serie A,football-data.co.uk
league_d7a595903de84fa7,2026-05-10,SERIE_A,2025-26,LEAGUE,,Hellas Verona,Como,0,1,A,Italy,Serie A,football-data.co.uk
league_e610c6bbe5f558b1,2026-05-10,SERIE_A,2025-26,LEAGUE,,Parma,AS Roma,2,3,A,Italy,Serie A,football-data.co.uk
league_428079f8f2877547,2026-05-11,SERIE_A,2025-26,LEAGUE,,Napoli,Bologna,2,3,A,Italy,Serie A,football-data.co.uk
league_834746f2f5bf86dd,2026-05-17,SERIE_A,2025-26,LEAGUE,,AS Roma,SS Lazio,2,0,H,Italy,Serie A,football-data.co.uk
league_fcd6a549a8aae2f7,2026-05-17,SERIE_A,2025-26,LEAGUE,,Atalanta,Bologna,0,1,A,Italy,Serie A,football-data.co.uk
league_77551145e60eca48,2026-05-17,SERIE_A,2025-26,LEAGUE,,Cagliari,Torino,2,1,H,Italy,Serie A,football-data.co.uk
league_4429480607c7c7e2,2026-05-17,SERIE_A,2025-26,LEAGUE,,Como,Parma,1,0,H,Italy,Serie A,football-data.co.uk
league_1d5a61371518b352,2026-05-17,SERIE_A,2025-26,LEAGUE,,Genoa,AC Milan,1,2,A,Italy,Serie A,football-data.co.uk
league_735983643105418a,2026-05-17,SERIE_A,2025-26,LEAGUE,,Inter Milan,Hellas Verona,1,1,D,Italy,Serie A,football-data.co.uk
league_c63f388233810e93,2026-05-17,SERIE_A,2025-26,LEAGUE,,Juventus,Fiorentina,0,2,A,Italy,Serie A,football-data.co.uk
league_f8d2dbe39af2a9b1,2026-05-17,SERIE_A,2025-26,LEAGUE,,Pisa,Napoli,0,3,A,Italy,Serie A,football-data.co.uk
league_f01ea1455cdf4657,2026-05-17,SERIE_A,2025-26,LEAGUE,,Sassuolo,Lecce,2,3,A,Italy,Serie A,football-data.co.uk
league_566b5d08f70dff4b,2026-05-17,SERIE_A,2025-26,LEAGUE,,Udinese,Cremonese,0,1,A,Italy,Serie A,football-data.co.uk
league_6231e4e345b5f28e,2026-05-22,SERIE_A,2025-26,LEAGUE,,Fiorentina,Atalanta,1,1,D,Italy,Serie A,football-data.co.uk
league_0d3b73c2067733bf,2026-05-23,SERIE_A,2025-26,LEAGUE,,Bologna,Inter Milan,3,3,D,Italy,Serie A,football-data.co.uk
league_ed67eb72d51ca8d3,2026-05-23,SERIE_A,2025-26,LEAGUE,,SS Lazio,Pisa,2,1,H,Italy,Serie A,football-data.co.uk
league_165a988d9578f448,2026-05-24,SERIE_A,2025-26,LEAGUE,,AC Milan,Cagliari,1,2,A,Italy,Serie A,football-data.co.uk
league_10c93692a2b29c3e,2026-05-24,SERIE_A,2025-26,LEAGUE,,Cremonese,Como,1,4,A,Italy,Serie A,football-data.co.uk
league_a486b89c25771c34,2026-05-24,SERIE_A,2025-26,LEAGUE,,Hellas Verona,AS Roma,0,2,A,Italy,Serie A,football-data.co.uk
league_46d4483b1ca3216a,2026-05-24,SERIE_A,2025-26,LEAGUE,,Lecce,Genoa,1,0,H,Italy,Serie A,football-data.co.uk
league_704241a1d52723ea,2026-05-24,SERIE_A,2025-26,LEAGUE,,Napoli,Udinese,1,0,H,Italy,Serie A,football-data.co.uk
league_3a6e55360218bb4e,2026-05-24,SERIE_A,2025-26,LEAGUE,,Parma,Sassuolo,1,0,H,Italy,Serie A,football-data.co.uk
league_eb21336bc3fb4b11,2026-05-24,SERIE_A,2025-26,LEAGUE,,Torino,Juventus,2,2,D,Italy,Serie A,football-data.co.uk
