match_id,date,competition,season,stage,matchday,home_team,away_team,home_goals,away_goals,winner,country,league_name,data_source
league_adf2c33579569af1,2016-08-19,SUPER_LIG,2016-17,LEAGUE,,Adanaspor,Bursaspor,1,2,A,Turkey,Turkish Super League,football-data.co.uk
league_010cbb811ba042bc,2016-08-20,SUPER_LIG,2016-17,LEAGUE,,Beşiktaş JK,Alanyaspor,4,1,H,Turkey,Turkish Super League,football-data.co.uk
league_a438c2735cf0b7b1,2016-08-20,SUPER_LIG,2016-17,LEAGUE,,Trabzonspor,Kasımpaşa SK,2,0,H,Turkey,Turkish Super League,football-data.co.uk
league_0c027197b780f092,2016-08-20,SUPER_LIG,2016-17,LEAGUE,,Çaykur Rizespor,Konyaspor,1,1,D,Turkey,Turkish Super League,football-data.co.uk
league_ad0ffd4715971945,2016-08-21,SUPER_LIG,2016-17,LEAGUE,,Antalyaspor,Osmanlispor,0,0,D,Turkey,Turkish Super League,football-data.co.uk
league_41f9ad9235a1f394,2016-08-21,SUPER_LIG,2016-17,LEAGUE,,Buyuksehyr,Fenerbahçe,1,0,H,Turkey,Turkish Super League,football-data.co.uk
league_dacf58a660c23921,2016-08-21,SUPER_LIG,2016-17,LEAGUE,,Genclerbirligi,Gaziantepspor,2,0,H,Turkey,Turkish Super League,football-data.co.uk
league_52437548b68adbfd,2016-08-21,SUPER_LIG,2016-17,LEAGUE,,Kayserispor,Akhisar Belediyespor,0,2,A,Turkey,Turkish Super League,football-data.co.uk
league_cbdd77e02bcd59a0,2016-08-22,SUPER_LIG,2016-17,LEAGUE,,Galatasaray SK,Karabukspor,1,0,H,Turkey,Turkish Super League,football-data.co.uk
league_72672ffe4f5c013f,2016-08-26,SUPER_LIG,2016-17,LEAGUE,,Alanyaspor,Antalyaspor,2,1,H,Turkey,Turkish Super League,football-data.co.uk
league_d419ee99c2f17dd8,2016-08-26,SUPER_LIG,2016-17,LEAGUE,,Konyaspor,Beşiktaş JK,2,2,D,Turkey,Turkish Super League,football-data.co.uk
league_5f59ca65eeafdc28,2016-08-27,SUPER_LIG,2016-17,LEAGUE,,Akhisar Belediyespor,Galatasaray SK,1,3,A,Turkey,Turkish Super League,football-data.co.uk
league_612604fafc18a1a3,2016-08-27,SUPER_LIG,2016-17,LEAGUE,,Gaziantepspor,Trabzonspor,1,0,H,Turkey,Turkish Super League,football-data.co.uk
league_e1733d8bc3e7d2ff,2016-08-27,SUPER_LIG,2016-17,LEAGUE,,Kasımpaşa SK,Adanaspor,1,1,D,Turkey,Turkish Super League,football-data.co.uk
league_35e19cbd3936ab11,2016-08-28,SUPER_LIG,2016-17,LEAGUE,,Bursaspor,Buyuksehyr,0,2,A,Turkey,Turkish Super League,football-data.co.uk
league_1e54c5dfc6ebb7ed,2016-08-28,SUPER_LIG,2016-17,LEAGUE,,Fenerbahçe,Kayserispor,3,3,D,Turkey,Turkish Super League,football-data.co.uk
league_70260898e558749a,2016-08-28,SUPER_LIG,2016-17,LEAGUE,,Karabukspor,Çaykur Rizespor,3,0,H,Turkey,Turkish Super League,football-data.co.uk
league_464adeea34308936,2016-08-28,SUPER_LIG,2016-17,LEAGUE,,Osmanlispor,Genclerbirligi,2,2,D,Turkey,Turkish Super League,football-data.co.uk
league_87ed022c64ff3dd3,2016-09-10,SUPER_LIG,2016-17,LEAGUE,,Adanaspor,Gaziantepspor,0,0,D,Turkey,Turkish Super League,football-data.co.uk
league_c13945586e19fc92,2016-09-10,SUPER_LIG,2016-17,LEAGUE,,Beşiktaş JK,Karabukspor,3,1,H,Turkey,Turkish Super League,football-data.co.uk
league_64c3976aaa440fc8,2016-09-10,SUPER_LIG,2016-17,LEAGUE,,Buyuksehyr,Kasımpaşa SK,3,1,H,Turkey,Turkish Super League,football-data.co.uk
league_ab3679773e09d780,2016-09-10,SUPER_LIG,2016-17,LEAGUE,,Genclerbirligi,Alanyaspor,0,0,D,Turkey,Turkish Super League,football-data.co.uk
league_a79c17b71ac77575,2016-09-10,SUPER_LIG,2016-17,LEAGUE,,Kayserispor,Galatasaray SK,1,1,D,Turkey,Turkish Super League,football-data.co.uk
league_22e5d992bf3df587,2016-09-11,SUPER_LIG,2016-17,LEAGUE,,Antalyaspor,Konyaspor,1,3,A,Turkey,Turkish Super League,football-data.co.uk
league_cb729a3e4c376067,2016-09-11,SUPER_LIG,2016-17,LEAGUE,,Fenerbahçe,Bursaspor,0,1,A,Turkey,Turkish Super League,football-data.co.uk
league_406069d27a7c2716,2016-09-11,SUPER_LIG,2016-17,LEAGUE,,Trabzonspor,Osmanlispor,0,2,A,Turkey,Turkish Super League,football-data.co.uk
league_15bcab2261cba6f6,2016-09-11,SUPER_LIG,2016-17,LEAGUE,,Çaykur Rizespor,Akhisar Belediyespor,1,0,H,Turkey,Turkish Super League,football-data.co.uk
league_05558b7ca6ddae8f,2016-09-16,SUPER_LIG,2016-17,LEAGUE,,Bursaspor,Kayserispor,3,1,H,Turkey,Turkish Super League,football-data.co.uk
league_22811568c0a17d9c,2016-09-16,SUPER_LIG,2016-17,LEAGUE,,Karabukspor,Antalyaspor,3,2,H,Turkey,Turkish Super League,football-data.co.uk
league_90370927485140da,2016-09-17,SUPER_LIG,2016-17,LEAGUE,,Alanyaspor,Trabzonspor,3,0,H,Turkey,Turkish Super League,football-data.co.uk
league_0df78cb975282e83,2016-09-17,SUPER_LIG,2016-17,LEAGUE,,Galatasaray SK,Çaykur Rizespor,2,0,H,Turkey,Turkish Super League,football-data.co.uk
league_5e3239fc07b215c9,2016-09-18,SUPER_LIG,2016-17,LEAGUE,,Akhisar Belediyespor,Beşiktaş JK,0,2,A,Turkey,Turkish Super League,football-data.co.uk
league_88eecd000791f671,2016-09-18,SUPER_LIG,2016-17,LEAGUE,,Gaziantepspor,Buyuksehyr,0,1,A,Turkey,Turkish Super League,football-data.co.uk
league_86688e4a486c0cba,2016-09-18,SUPER_LIG,2016-17,LEAGUE,,Konyaspor,Genclerbirligi,1,1,D,Turkey,Turkish Super League,football-data.co.uk
league_f32de00300a177d7,2016-09-18,SUPER_LIG,2016-17,LEAGUE,,Osmanlispor,Adanaspor,1,0,H,Turkey,Turkish Super League,football-data.co.uk
league_1e397199feb5c60c,2016-09-19,SUPER_LIG,2016-17,LEAGUE,,Kasımpaşa SK,Fenerbahçe,1,5,A,Turkey,Turkish Super League,football-data.co.uk
league_545fab6ea1a5d1d1,2016-09-23,SUPER_LIG,2016-17,LEAGUE,,Antalyaspor,Akhisar Belediyespor,0,0,D,Turkey,Turkish Super League,football-data.co.uk
league_b712296089ed069a,2016-09-24,SUPER_LIG,2016-17,LEAGUE,,Beşiktaş JK,Galatasaray SK,2,2,D,Turkey,Turkish Super League,football-data.co.uk
league_b41d4f1f038bb0d5,2016-09-24,SUPER_LIG,2016-17,LEAGUE,,Buyuksehyr,Osmanlispor,2,2,D,Turkey,Turkish Super League,football-data.co.uk
league_7d1785cbe819544a,2016-09-24,SUPER_LIG,2016-17,LEAGUE,,Trabzonspor,Konyaspor,1,0,H,Turkey,Turkish Super League,football-data.co.uk
league_76fe8cbcd20572b8,2016-09-25,SUPER_LIG,2016-17,LEAGUE,,Bursaspor,Kasımpaşa SK,1,0,H,Turkey,Turkish Super League,football-data.co.uk
league_ccd5e20d5cb0ecaa,2016-09-25,SUPER_LIG,2016-17,LEAGUE,,Fenerbahçe,Gaziantepspor,2,1,H,Turkey,Turkish Super League,football-data.co.uk
league_7bc6d876e38ff163,2016-09-25,SUPER_LIG,2016-17,LEAGUE,,Genclerbirligi,Karabukspor,2,0,H,Turkey,Turkish Super League,football-data.co.uk
league_970ca6db9289d06a,2016-09-25,SUPER_LIG,2016-17,LEAGUE,,Kayserispor,Çaykur Rizespor,2,1,H,Turkey,Turkish Super League,football-data.co.uk
league_637762134afe1972,2016-09-26,SUPER_LIG,2016-17,LEAGUE,,Adanaspor,Alanyaspor,3,2,H,Turkey,Turkish Super League,football-data.co.uk
league_9730dc177a6db4e1,2016-09-30,SUPER_LIG,2016-17,LEAGUE,,Akhisar Belediyespor,Genclerbirligi,0,0,D,Turkey,Turkish Super League,football-data.co.uk
league_a5e63baa3c8e9a1c,2016-10-01,SUPER_LIG,2016-17,LEAGUE,,Gaziantepspor,Bursaspor,3,2,H,Turkey,Turkish Super League,football-data.co.uk
league_229f48283c2060c5,2016-10-01,SUPER_LIG,2016-17,LEAGUE,,Karabukspor,Trabzonspor,4,0,H,Turkey,Turkish Super League,football-data.co.uk
league_414a18a735836882,2016-10-01,SUPER_LIG,2016-17,LEAGUE,,Kasımpaşa SK,Kayserispor,3,1,H,Turkey,Turkish Super League,football-data.co.uk
league_04f7ff18f6e4fca1,2016-10-01,SUPER_LIG,2016-17,LEAGUE,,Çaykur Rizespor,Beşiktaş JK,0,1,A,Turkey,Turkish Super League,football-data.co.uk
league_77dc68a1c0ccf1e9,2016-10-02,SUPER_LIG,2016-17,LEAGUE,,Alanyaspor,Buyuksehyr,0,5,A,Turkey,Turkish Super League,football-data.co.uk
league_e5e5f6728fbbf220,2016-10-02,SUPER_LIG,2016-17,LEAGUE,,Galatasaray SK,Antalyaspor,3,1,H,Turkey,Turkish Super League,football-data.co.uk
league_a6c568ef6c68902d,2016-10-02,SUPER_LIG,2016-17,LEAGUE,,Konyaspor,Adanaspor,1,0,H,Turkey,Turkish Super League,football-data.co.uk
league_a5da5f56c9023946,2016-10-02,SUPER_LIG,2016-17,LEAGUE,,Osmanlispor,Fenerbahçe,1,1,D,Turkey,Turkish Super League,football-data.co.uk
league_aa0c6c75685cf007,2016-10-15,SUPER_LIG,2016-17,LEAGUE,,Adanaspor,Karabukspor,1,2,A,Turkey,Turkish Super League,football-data.co.uk
league_791524995279e48b,2016-10-15,SUPER_LIG,2016-17,LEAGUE,,Genclerbirligi,Galatasaray SK,0,1,A,Turkey,Turkish Super League,football-data.co.uk
league_38caa675f06b2093,2016-10-15,SUPER_LIG,2016-17,LEAGUE,,Kasımpaşa SK,Gaziantepspor,0,0,D,Turkey,Turkish Super League,football-data.co.uk
league_57de081a57c05692,2016-10-15,SUPER_LIG,2016-17,LEAGUE,,Kayserispor,Beşiktaş JK,0,1,A,Turkey,Turkish Super League,football-data.co.uk
league_bcdece05552749ca,2016-10-16,SUPER_LIG,2016-17,LEAGUE,,Bursaspor,Osmanlispor,0,0,D,Turkey,Turkish Super League,football-data.co.uk
league_1f2c864b5582a03a,2016-10-16,SUPER_LIG,2016-17,LEAGUE,,Buyuksehyr,Konyaspor,1,1,D,Turkey,Turkish Super League,football-data.co.uk
league_bb8d89a86ef60c8b,2016-10-16,SUPER_LIG,2016-17,LEAGUE,,Fenerbahçe,Alanyaspor,1,1,D,Turkey,Turkish Super League,football-data.co.uk
league_53f1200319183109,2016-10-16,SUPER_LIG,2016-17,LEAGUE,,Trabzonspor,Akhisar Belediyespor,0,0,D,Turkey,Turkish Super League,football-data.co.uk
league_671770d70aea7db2,2016-10-17,SUPER_LIG,2016-17,LEAGUE,,Antalyaspor,Çaykur Rizespor,1,1,D,Turkey,Turkish Super League,football-data.co.uk
league_81b96066977fc077,2016-10-21,SUPER_LIG,2016-17,LEAGUE,,Gaziantepspor,Kayserispor,1,2,A,Turkey,Turkish Super League,football-data.co.uk
league_e5e1e8202142f158,2016-10-21,SUPER_LIG,2016-17,LEAGUE,,Çaykur Rizespor,Genclerbirligi,2,1,H,Turkey,Turkish Super League,football-data.co.uk
league_fee2b7cf34cfe251,2016-10-22,SUPER_LIG,2016-17,LEAGUE,,Akhisar Belediyespor,Adanaspor,1,0,H,Turkey,Turkish Super League,football-data.co.uk
league_ea4342fe34b8cf47,2016-10-22,SUPER_LIG,2016-17,LEAGUE,,Alanyaspor,Bursaspor,0,2,A,Turkey,Turkish Super League,football-data.co.uk
league_d93fd933809e8dff,2016-10-22,SUPER_LIG,2016-17,LEAGUE,,Galatasaray SK,Trabzonspor,0,1,A,Turkey,Turkish Super League,football-data.co.uk
league_7442967311033c86,2016-10-23,SUPER_LIG,2016-17,LEAGUE,,Beşiktaş JK,Antalyaspor,3,0,H,Turkey,Turkish Super League,football-data.co.uk
league_66ac4ef94eb16cf8,2016-10-23,SUPER_LIG,2016-17,LEAGUE,,Karabukspor,Buyuksehyr,0,2,A,Turkey,Turkish Super League,football-data.co.uk
league_f83369dad169b5bc,2016-10-23,SUPER_LIG,2016-17,LEAGUE,,Osmanlispor,Kasımpaşa SK,1,2,A,Turkey,Turkish Super League,football-data.co.uk
league_0e6619ce7e8e3d5c,2016-10-24,SUPER_LIG,2016-17,LEAGUE,,Konyaspor,Fenerbahçe,0,1,A,Turkey,Turkish Super League,football-data.co.uk
league_73c0d27e472c566d,2016-10-28,SUPER_LIG,2016-17,LEAGUE,,Genclerbirligi,Beşiktaş JK,1,1,D,Turkey,Turkish Super League,football-data.co.uk
league_a38343177d191d92,2016-10-29,SUPER_LIG,2016-17,LEAGUE,,Adanaspor,Galatasaray SK,0,1,A,Turkey,Turkish Super League,football-data.co.uk
league_550f86325c293637,2016-10-29,SUPER_LIG,2016-17,LEAGUE,,Bursaspor,Konyaspor,2,0,H,Turkey,Turkish Super League,football-data.co.uk
league_549907aaf085db31,2016-10-29,SUPER_LIG,2016-17,LEAGUE,,Gaziantepspor,Osmanlispor,3,1,H,Turkey,Turkish Super League,football-data.co.uk
league_e9aa587d735c04c6,2016-10-30,SUPER_LIG,2016-17,LEAGUE,,Buyuksehyr,Akhisar Belediyespor,5,1,H,Turkey,Turkish Super League,football-data.co.uk
league_7feb3f4e64fac9ae,2016-10-30,SUPER_LIG,2016-17,LEAGUE,,Fenerbahçe,Karabukspor,5,0,H,Turkey,Turkish Super League,football-data.co.uk
league_9d5b08dac13b7722,2016-10-30,SUPER_LIG,2016-17,LEAGUE,,Trabzonspor,Çaykur Rizespor,2,2,D,Turkey,Turkish Super League,football-data.co.uk
league_7a0ac8b8a0c878a4,2016-10-31,SUPER_LIG,2016-17,LEAGUE,,Kasımpaşa SK,Alanyaspor,2,1,H,Turkey,Turkish Super League,football-data.co.uk
league_209c04e3a2e6d6c6,2016-10-31,SUPER_LIG,2016-17,LEAGUE,,Kayserispor,Antalyaspor,0,1,A,Turkey,Turkish Super League,football-data.co.uk
league_3dbf692a40b36e6d,2016-11-04,SUPER_LIG,2016-17,LEAGUE,,Galatasaray SK,Buyuksehyr,1,2,A,Turkey,Turkish Super League,football-data.co.uk
league_ba5dd98485d16086,2016-11-05,SUPER_LIG,2016-17,LEAGUE,,Alanyaspor,Gaziantepspor,4,3,H,Turkey,Turkish Super League,football-data.co.uk
league_a8dec3413af6b7ce,2016-11-05,SUPER_LIG,2016-17,LEAGUE,,Antalyaspor,Genclerbirligi,1,0,H,Turkey,Turkish Super League,football-data.co.uk
league_ec28eead97e109cf,2016-11-05,SUPER_LIG,2016-17,LEAGUE,,Beşiktaş JK,Trabzonspor,2,1,H,Turkey,Turkish Super League,football-data.co.uk
league_f957420eb5c2c231,2016-11-05,SUPER_LIG,2016-17,LEAGUE,,Karabukspor,Bursaspor,0,0,D,Turkey,Turkish Super League,football-data.co.uk
league_dee106ad49c8cc96,2016-11-06,SUPER_LIG,2016-17,LEAGUE,,Akhisar Belediyespor,Fenerbahçe,1,3,A,Turkey,Turkish Super League,football-data.co.uk
league_83aae2f94127c9cf,2016-11-06,SUPER_LIG,2016-17,LEAGUE,,Konyaspor,Kasımpaşa SK,2,1,H,Turkey,Turkish Super League,football-data.co.uk
league_5db6e28610f6600d,2016-11-06,SUPER_LIG,2016-17,LEAGUE,,Osmanlispor,Kayserispor,1,1,D,Turkey,Turkish Super League,football-data.co.uk
league_80d4063517830405,2016-11-06,SUPER_LIG,2016-17,LEAGUE,,Çaykur Rizespor,Adanaspor,2,2,D,Turkey,Turkish Super League,football-data.co.uk
league_6de8c689420109a3,2016-11-19,SUPER_LIG,2016-17,LEAGUE,,Adanaspor,Beşiktaş JK,1,2,A,Turkey,Turkish Super League,football-data.co.uk
league_7bcb5fbecfb2e774,2016-11-19,SUPER_LIG,2016-17,LEAGUE,,Bursaspor,Akhisar Belediyespor,0,0,D,Turkey,Turkish Super League,football-data.co.uk
league_9281727f6ce2b5e3,2016-11-19,SUPER_LIG,2016-17,LEAGUE,,Gaziantepspor,Konyaspor,0,3,A,Turkey,Turkish Super League,football-data.co.uk
league_bb15707fb1b40306,2016-11-19,SUPER_LIG,2016-17,LEAGUE,,Osmanlispor,Alanyaspor,2,0,H,Turkey,Turkish Super League,football-data.co.uk
league_617f7d9d57c2fba6,2016-11-20,SUPER_LIG,2016-17,LEAGUE,,Fenerbahçe,Galatasaray SK,2,0,H,Turkey,Turkish Super League,football-data.co.uk
league_4310d7ed63ee82c8,2016-11-20,SUPER_LIG,2016-17,LEAGUE,,Kasımpaşa SK,Karabukspor,2,2,D,Turkey,Turkish Super League,football-data.co.uk
league_49a4db92d89fbc01,2016-11-20,SUPER_LIG,2016-17,LEAGUE,,Kayserispor,Genclerbirligi,0,2,A,Turkey,Turkish Super League,football-data.co.uk
league_2dd2a0d3aae5627e,2016-11-21,SUPER_LIG,2016-17,LEAGUE,,Buyuksehyr,Çaykur Rizespor,2,1,H,Turkey,Turkish Super League,football-data.co.uk
league_562e00a4d87410d2,2016-11-21,SUPER_LIG,2016-17,LEAGUE,,Trabzonspor,Antalyaspor,0,1,A,Turkey,Turkish Super League,football-data.co.uk
league_932beb51357f947e,2016-11-25,SUPER_LIG,2016-17,LEAGUE,,Alanyaspor,Kayserispor,3,0,H,Turkey,Turkish Super League,football-data.co.uk
league_406321504acb142c,2016-11-25,SUPER_LIG,2016-17,LEAGUE,,Galatasaray SK,Bursaspor,3,1,H,Turkey,Turkish Super League,football-data.co.uk
league_b6b4a580de94111c,2016-11-26,SUPER_LIG,2016-17,LEAGUE,,Akhisar Belediyespor,Kasımpaşa SK,1,0,H,Turkey,Turkish Super League,football-data.co.uk
league_1ed3ea9aac8a35b5,2016-11-26,SUPER_LIG,2016-17,LEAGUE,,Antalyaspor,Adanaspor,1,0,H,Turkey,Turkish Super League,football-data.co.uk
league_f7e0f36708a904dd,2016-11-26,SUPER_LIG,2016-17,LEAGUE,,Beşiktaş JK,Buyuksehyr,1,1,D,Turkey,Turkish Super League,football-data.co.uk
league_e9a578baf1c76468,2016-11-26,SUPER_LIG,2016-17,LEAGUE,,Karabukspor,Gaziantepspor,2,0,H,Turkey,Turkish Super League,football-data.co.uk
league_380438b17b797bcf,2016-11-27,SUPER_LIG,2016-17,LEAGUE,,Genclerbirligi,Trabzonspor,0,0,D,Turkey,Turkish Super League,football-data.co.uk
league_75007e1cb25c384e,2016-11-27,SUPER_LIG,2016-17,LEAGUE,,Çaykur Rizespor,Fenerbahçe,1,5,A,Turkey,Turkish Super League,football-data.co.uk
league_eec61a90cf02540e,2016-11-28,SUPER_LIG,2016-17,LEAGUE,,Konyaspor,Osmanlispor,1,1,D,Turkey,Turkish Super League,football-data.co.uk
league_b79364dfb2b96136,2016-12-03,SUPER_LIG,2016-17,LEAGUE,,Buyuksehyr,Antalyaspor,2,2,D,Turkey,Turkish Super League,football-data.co.uk
league_2e150d31ea56f1e4,2016-12-03,SUPER_LIG,2016-17,LEAGUE,,Fenerbahçe,Beşiktaş JK,0,0,D,Turkey,Turkish Super League,football-data.co.uk
league_588e4d9cb0d9503d,2016-12-04,SUPER_LIG,2016-17,LEAGUE,,Adanaspor,Genclerbirligi,0,2,A,Turkey,Turkish Super League,football-data.co.uk
league_8170ff01be934423,2016-12-04,SUPER_LIG,2016-17,LEAGUE,,Alanyaspor,Konyaspor,2,3,A,Turkey,Turkish Super League,football-data.co.uk
league_f42a691eae2dfc99,2016-12-04,SUPER_LIG,2016-17,LEAGUE,,Gaziantepspor,Akhisar Belediyespor,1,2,A,Turkey,Turkish Super League,football-data.co.uk
league_a5f68aa25f227944,2016-12-04,SUPER_LIG,2016-17,LEAGUE,,Kasımpaşa SK,Galatasaray SK,1,2,A,Turkey,Turkish Super League,football-data.co.uk
league_726f885356703a3d,2016-12-04,SUPER_LIG,2016-17,LEAGUE,,Osmanlispor,Karabukspor,2,1,H,Turkey,Turkish Super League,football-data.co.uk
league_c39413fc0b3d52a0,2016-12-05,SUPER_LIG,2016-17,LEAGUE,,Bursaspor,Çaykur Rizespor,2,1,H,Turkey,Turkish Super League,football-data.co.uk
league_ff17c4d59b6fde45,2016-12-05,SUPER_LIG,2016-17,LEAGUE,,Kayserispor,Trabzonspor,0,1,A,Turkey,Turkish Super League,football-data.co.uk
league_908e3646793a8b89,2016-12-09,SUPER_LIG,2016-17,LEAGUE,,Trabzonspor,Adanaspor,4,1,H,Turkey,Turkish Super League,football-data.co.uk
league_3630cbcfe5591786,2016-12-10,SUPER_LIG,2016-17,LEAGUE,,Beşiktaş JK,Bursaspor,2,1,H,Turkey,Turkish Super League,football-data.co.uk
league_3621602c86212c2b,2016-12-10,SUPER_LIG,2016-17,LEAGUE,,Genclerbirligi,Buyuksehyr,0,0,D,Turkey,Turkish Super League,football-data.co.uk
league_426b7fb917f6b84f,2016-12-10,SUPER_LIG,2016-17,LEAGUE,,Çaykur Rizespor,Kasımpaşa SK,0,1,A,Turkey,Turkish Super League,football-data.co.uk
league_c3324e32e0c1eab5,2016-12-11,SUPER_LIG,2016-17,LEAGUE,,Akhisar Belediyespor,Osmanlispor,1,2,A,Turkey,Turkish Super League,football-data.co.uk
league_e5dad04c1232b163,2016-12-11,SUPER_LIG,2016-17,LEAGUE,,Galatasaray SK,Gaziantepspor,3,1,H,Turkey,Turkish Super League,football-data.co.uk
league_358374893b5e7e33,2016-12-11,SUPER_LIG,2016-17,LEAGUE,,Karabukspor,Alanyaspor,0,2,A,Turkey,Turkish Super League,football-data.co.uk
league_70f331378b57cd31,2016-12-11,SUPER_LIG,2016-17,LEAGUE,,Konyaspor,Kayserispor,1,0,H,Turkey,Turkish Super League,football-data.co.uk
league_e40043b3644acbe2,2016-12-12,SUPER_LIG,2016-17,LEAGUE,,Antalyaspor,Fenerbahçe,1,0,H,Turkey,Turkish Super League,football-data.co.uk
league_30a21cb7f0e87807,2016-12-17,SUPER_LIG,2016-17,LEAGUE,,Buyuksehyr,Trabzonspor,1,0,H,Turkey,Turkish Super League,football-data.co.uk
league_e2dcf817e6ccbcff,2016-12-17,SUPER_LIG,2016-17,LEAGUE,,Kasımpaşa SK,Beşiktaş JK,2,1,H,Turkey,Turkish Super League,football-data.co.uk
league_9e7b38f278fdd92a,2016-12-18,SUPER_LIG,2016-17,LEAGUE,,Adanaspor,Kayserispor,2,1,H,Turkey,Turkish Super League,football-data.co.uk
league_a13f3f2e94e96b02,2016-12-18,SUPER_LIG,2016-17,LEAGUE,,Alanyaspor,Akhisar Belediyespor,0,0,D,Turkey,Turkish Super League,football-data.co.uk
league_db5efd0cc176d26c,2016-12-18,SUPER_LIG,2016-17,LEAGUE,,Gaziantepspor,Çaykur Rizespor,1,2,A,Turkey,Turkish Super League,football-data.co.uk
league_901cb1acffc7c23b,2016-12-18,SUPER_LIG,2016-17,LEAGUE,,Karabukspor,Konyaspor,1,1,D,Turkey,Turkish Super League,football-data.co.uk
league_1667c435a33bd2c5,2016-12-18,SUPER_LIG,2016-17,LEAGUE,,Osmanlispor,Galatasaray SK,2,2,D,Turkey,Turkish Super League,football-data.co.uk
league_2d0821bebc16e731,2016-12-19,SUPER_LIG,2016-17,LEAGUE,,Bursaspor,Antalyaspor,2,1,H,Turkey,Turkish Super League,football-data.co.uk
league_34c46d2c0210078a,2016-12-19,SUPER_LIG,2016-17,LEAGUE,,Fenerbahçe,Genclerbirligi,3,0,H,Turkey,Turkish Super League,football-data.co.uk
league_2a97c8fc7cfd0250,2016-12-24,SUPER_LIG,2016-17,LEAGUE,,Adanaspor,Buyuksehyr,1,1,D,Turkey,Turkish Super League,football-data.co.uk
league_464445889fec9a0f,2016-12-24,SUPER_LIG,2016-17,LEAGUE,,Beşiktaş JK,Gaziantepspor,1,0,H,Turkey,Turkish Super League,football-data.co.uk
league_5a8e904cf951d5b6,2016-12-25,SUPER_LIG,2016-17,LEAGUE,,Akhisar Belediyespor,Konyaspor,1,0,H,Turkey,Turkish Super League,football-data.co.uk
league_a074a05868f5da17,2016-12-25,SUPER_LIG,2016-17,LEAGUE,,Antalyaspor,Kasımpaşa SK,2,1,H,Turkey,Turkish Super League,football-data.co.uk
league_0e48246b895461e0,2016-12-25,SUPER_LIG,2016-17,LEAGUE,,Galatasaray SK,Alanyaspor,5,1,H,Turkey,Turkish Super League,football-data.co.uk
league_eff96db55caade18,2016-12-25,SUPER_LIG,2016-17,LEAGUE,,Kayserispor,Karabukspor,2,0,H,Turkey,Turkish Super League,football-data.co.uk
league_601aa2337d744657,2016-12-25,SUPER_LIG,2016-17,LEAGUE,,Çaykur Rizespor,Osmanlispor,0,1,A,Turkey,Turkish Super League,football-data.co.uk
league_ac4b833e815fac48,2016-12-26,SUPER_LIG,2016-17,LEAGUE,,Genclerbirligi,Bursaspor,3,1,H,Turkey,Turkish Super League,football-data.co.uk
league_80a731e072093b80,2016-12-26,SUPER_LIG,2016-17,LEAGUE,,Trabzonspor,Fenerbahçe,0,3,A,Turkey,Turkish Super League,football-data.co.uk
league_656066c6a8948628,2017-01-13,SUPER_LIG,2016-17,LEAGUE,,Bursaspor,Trabzonspor,1,2,A,Turkey,Turkish Super League,football-data.co.uk
league_efd64d7bac767d30,2017-01-14,SUPER_LIG,2016-17,LEAGUE,,Alanyaspor,Çaykur Rizespor,2,3,A,Turkey,Turkish Super League,football-data.co.uk
league_811c8baf09e73932,2017-01-14,SUPER_LIG,2016-17,LEAGUE,,Buyuksehyr,Kayserispor,5,0,H,Turkey,Turkish Super League,football-data.co.uk
league_40c200c3de19e3b9,2017-01-14,SUPER_LIG,2016-17,LEAGUE,,Karabukspor,Akhisar Belediyespor,1,0,H,Turkey,Turkish Super League,football-data.co.uk
league_316850e92fc66c34,2017-01-14,SUPER_LIG,2016-17,LEAGUE,,Konyaspor,Galatasaray SK,0,1,A,Turkey,Turkish Super League,football-data.co.uk
league_0d90ec5db6684e76,2017-01-15,SUPER_LIG,2016-17,LEAGUE,,Fenerbahçe,Adanaspor,2,2,D,Turkey,Turkish Super League,football-data.co.uk
league_e8cb6ea21e29f46f,2017-01-15,SUPER_LIG,2016-17,LEAGUE,,Gaziantepspor,Antalyaspor,0,3,A,Turkey,Turkish Super League,football-data.co.uk
league_3f6894637d3b0a14,2017-01-15,SUPER_LIG,2016-17,LEAGUE,,Kasımpaşa SK,Genclerbirligi,3,0,H,Turkey,Turkish Super League,football-data.co.uk
league_5f207f90f3a20353,2017-01-16,SUPER_LIG,2016-17,LEAGUE,,Osmanlispor,Beşiktaş JK,0,2,A,Turkey,Turkish Super League,football-data.co.uk
league_141f9860549f3806,2017-01-21,SUPER_LIG,2016-17,LEAGUE,,Akhisar Belediyespor,Kayserispor,0,0,D,Turkey,Turkish Super League,football-data.co.uk
league_52ac1549b8b42391,2017-01-21,SUPER_LIG,2016-17,LEAGUE,,Bursaspor,Adanaspor,0,1,A,Turkey,Turkish Super League,football-data.co.uk
league_ec2feba7dec47fb2,2017-01-21,SUPER_LIG,2016-17,LEAGUE,,Karabukspor,Galatasaray SK,2,1,H,Turkey,Turkish Super League,football-data.co.uk
league_c3a5519266fdf690,2017-01-21,SUPER_LIG,2016-17,LEAGUE,,Konyaspor,Çaykur Rizespor,2,1,H,Turkey,Turkish Super League,football-data.co.uk
league_13392123b8c5943a,2017-01-22,SUPER_LIG,2016-17,LEAGUE,,Fenerbahçe,Buyuksehyr,1,0,H,Turkey,Turkish Super League,football-data.co.uk
league_6a237bab8f14ff69,2017-01-22,SUPER_LIG,2016-17,LEAGUE,,Kasımpaşa SK,Trabzonspor,0,1,A,Turkey,Turkish Super League,football-data.co.uk
league_dfd54fbfdb5eed22,2017-01-22,SUPER_LIG,2016-17,LEAGUE,,Osmanlispor,Antalyaspor,1,2,A,Turkey,Turkish Super League,football-data.co.uk
league_6995ab821d01c2de,2017-01-23,SUPER_LIG,2016-17,LEAGUE,,Alanyaspor,Beşiktaş JK,1,4,A,Turkey,Turkish Super League,football-data.co.uk
league_5ec25bab3d373330,2017-01-28,SUPER_LIG,2016-17,LEAGUE,,Antalyaspor,Alanyaspor,2,1,H,Turkey,Turkish Super League,football-data.co.uk
league_481d6c49934e2ff8,2017-01-28,SUPER_LIG,2016-17,LEAGUE,,Galatasaray SK,Akhisar Belediyespor,6,0,H,Turkey,Turkish Super League,football-data.co.uk
league_1d546eeb9c19bc98,2017-01-28,SUPER_LIG,2016-17,LEAGUE,,Çaykur Rizespor,Karabukspor,1,0,H,Turkey,Turkish Super League,football-data.co.uk
league_d096abaf79045396,2017-01-29,SUPER_LIG,2016-17,LEAGUE,,Buyuksehyr,Bursaspor,1,0,H,Turkey,Turkish Super League,football-data.co.uk
league_a89f460577dbf17d,2017-01-29,SUPER_LIG,2016-17,LEAGUE,,Genclerbirligi,Osmanlispor,1,1,D,Turkey,Turkish Super League,football-data.co.uk
league_bb8a7e57e2178d2b,2017-01-29,SUPER_LIG,2016-17,LEAGUE,,Kayserispor,Fenerbahçe,4,1,H,Turkey,Turkish Super League,football-data.co.uk
league_50a0499056430085,2017-01-29,SUPER_LIG,2016-17,LEAGUE,,Trabzonspor,Gaziantepspor,4,0,H,Turkey,Turkish Super League,football-data.co.uk
league_dc7d99668bcf32f9,2017-01-30,SUPER_LIG,2016-17,LEAGUE,,Adanaspor,Kasımpaşa SK,2,0,H,Turkey,Turkish Super League,football-data.co.uk
league_60fd05b1af5a68fb,2017-01-30,SUPER_LIG,2016-17,LEAGUE,,Beşiktaş JK,Konyaspor,5,1,H,Turkey,Turkish Super League,football-data.co.uk
league_cce516e1bd16602d,2017-02-10,SUPER_LIG,2016-17,LEAGUE,,Karabukspor,Beşiktaş JK,2,1,H,Turkey,Turkish Super League,football-data.co.uk
league_d8fef6b99aad5efa,2017-02-11,SUPER_LIG,2016-17,LEAGUE,,Alanyaspor,Genclerbirligi,3,0,H,Turkey,Turkish Super League,football-data.co.uk
league_45f97fe08364f035,2017-02-11,SUPER_LIG,2016-17,LEAGUE,,Bursaspor,Fenerbahçe,1,1,D,Turkey,Turkish Super League,football-data.co.uk
league_4a477e07525b83ab,2017-02-11,SUPER_LIG,2016-17,LEAGUE,,Osmanlispor,Trabzonspor,0,1,A,Turkey,Turkish Super League,football-data.co.uk
league_3af8757ce2d351e8,2017-02-12,SUPER_LIG,2016-17,LEAGUE,,Akhisar Belediyespor,Çaykur Rizespor,1,0,H,Turkey,Turkish Super League,football-data.co.uk
league_725b12881ab171f7,2017-02-12,SUPER_LIG,2016-17,LEAGUE,,Galatasaray SK,Kayserispor,1,2,A,Turkey,Turkish Super League,football-data.co.uk
league_60ef847f9cd65c06,2017-02-12,SUPER_LIG,2016-17,LEAGUE,,Kasımpaşa SK,Buyuksehyr,4,0,H,Turkey,Turkish Super League,football-data.co.uk
league_4ee8117ba95c28c3,2017-02-12,SUPER_LIG,2016-17,LEAGUE,,Konyaspor,Antalyaspor,1,1,D,Turkey,Turkish Super League,football-data.co.uk
league_373707030a23a4ae,2017-02-13,SUPER_LIG,2016-17,LEAGUE,,Gaziantepspor,Adanaspor,1,0,H,Turkey,Turkish Super League,football-data.co.uk
league_3507c3c014f51754,2017-02-17,SUPER_LIG,2016-17,LEAGUE,,Kayserispor,Bursaspor,2,0,H,Turkey,Turkish Super League,football-data.co.uk
league_8149fa6e13b1c5bc,2017-02-18,SUPER_LIG,2016-17,LEAGUE,,Antalyaspor,Karabukspor,1,0,H,Turkey,Turkish Super League,football-data.co.uk
league_c25be740103994ce,2017-02-18,SUPER_LIG,2016-17,LEAGUE,,Buyuksehyr,Gaziantepspor,0,0,D,Turkey,Turkish Super League,football-data.co.uk
league_cf09d4f159d9cb93,2017-02-18,SUPER_LIG,2016-17,LEAGUE,,Çaykur Rizespor,Galatasaray SK,1,1,D,Turkey,Turkish Super League,football-data.co.uk
league_d15fab25fa03a807,2017-02-19,SUPER_LIG,2016-17,LEAGUE,,Adanaspor,Osmanlispor,1,5,A,Turkey,Turkish Super League,football-data.co.uk
league_a7726b1c14b8bb72,2017-02-19,SUPER_LIG,2016-17,LEAGUE,,Beşiktaş JK,Akhisar Belediyespor,3,1,H,Turkey,Turkish Super League,football-data.co.uk
league_6f8de1ecf7b85689,2017-02-19,SUPER_LIG,2016-17,LEAGUE,,Fenerbahçe,Kasımpaşa SK,0,0,D,Turkey,Turkish Super League,football-data.co.uk
league_f2b93db40f0cef63,2017-02-19,SUPER_LIG,2016-17,LEAGUE,,Genclerbirligi,Konyaspor,2,0,H,Turkey,Turkish Super League,football-data.co.uk
league_9a5119d36acaaf65,2017-02-20,SUPER_LIG,2016-17,LEAGUE,,Trabzonspor,Alanyaspor,0,0,D,Turkey,Turkish Super League,football-data.co.uk
league_0f925f926ee7e520,2017-02-24,SUPER_LIG,2016-17,LEAGUE,,Kasımpaşa SK,Bursaspor,4,0,H,Turkey,Turkish Super League,football-data.co.uk
league_1ebf79b5fb47f8c6,2017-02-24,SUPER_LIG,2016-17,LEAGUE,,Çaykur Rizespor,Kayserispor,2,4,A,Turkey,Turkish Super League,football-data.co.uk
league_c2d00004f84229bc,2017-02-25,SUPER_LIG,2016-17,LEAGUE,,Akhisar Belediyespor,Antalyaspor,3,0,H,Turkey,Turkish Super League,football-data.co.uk
league_a0054b6a110b34d8,2017-02-25,SUPER_LIG,2016-17,LEAGUE,,Alanyaspor,Adanaspor,4,1,H,Turkey,Turkish Super League,football-data.co.uk
league_3f4e750299f8743c,2017-02-25,SUPER_LIG,2016-17,LEAGUE,,Konyaspor,Trabzonspor,1,1,D,Turkey,Turkish Super League,football-data.co.uk
league_f2b071eb999b79f0,2017-02-26,SUPER_LIG,2016-17,LEAGUE,,Gaziantepspor,Fenerbahçe,1,1,D,Turkey,Turkish Super League,football-data.co.uk
league_13691a7d90e25ab8,2017-02-26,SUPER_LIG,2016-17,LEAGUE,,Karabukspor,Genclerbirligi,1,0,H,Turkey,Turkish Super League,football-data.co.uk
league_d6f8dcbbedd92ec9,2017-02-26,SUPER_LIG,2016-17,LEAGUE,,Osmanlispor,Buyuksehyr,0,1,A,Turkey,Turkish Super League,football-data.co.uk
league_055fc44a98727e2c,2017-02-27,SUPER_LIG,2016-17,LEAGUE,,Galatasaray SK,Beşiktaş JK,0,1,A,Turkey,Turkish Super League,football-data.co.uk
league_da4c61984ee86257,2017-03-03,SUPER_LIG,2016-17,LEAGUE,,Trabzonspor,Karabukspor,1,0,H,Turkey,Turkish Super League,football-data.co.uk
league_a9dc32aec740c9c0,2017-03-04,SUPER_LIG,2016-17,LEAGUE,,Beşiktaş JK,Çaykur Rizespor,1,0,H,Turkey,Turkish Super League,football-data.co.uk
league_4dc4b6e69a4999b5,2017-03-04,SUPER_LIG,2016-17,LEAGUE,,Bursaspor,Gaziantepspor,2,1,H,Turkey,Turkish Super League,football-data.co.uk
league_6438b8ef638d20a2,2017-03-05,SUPER_LIG,2016-17,LEAGUE,,Adanaspor,Konyaspor,0,1,A,Turkey,Turkish Super League,football-data.co.uk
league_82a51b2c3d7b441f,2017-03-05,SUPER_LIG,2016-17,LEAGUE,,Buyuksehyr,Alanyaspor,2,1,H,Turkey,Turkish Super League,football-data.co.uk
league_1db2d7fc0a2385c2,2017-03-05,SUPER_LIG,2016-17,LEAGUE,,Fenerbahçe,Osmanlispor,1,0,H,Turkey,Turkish Super League,football-data.co.uk
league_c73dee18e48985f0,2017-03-05,SUPER_LIG,2016-17,LEAGUE,,Kayserispor,Kasımpaşa SK,2,2,D,Turkey,Turkish Super League,football-data.co.uk
league_78c9e5a397561155,2017-03-06,SUPER_LIG,2016-17,LEAGUE,,Antalyaspor,Galatasaray SK,2,3,A,Turkey,Turkish Super League,football-data.co.uk
league_fd13ebdc3c0bb669,2017-03-06,SUPER_LIG,2016-17,LEAGUE,,Genclerbirligi,Akhisar Belediyespor,2,0,H,Turkey,Turkish Super League,football-data.co.uk
league_04c52db3138d68b1,2017-03-10,SUPER_LIG,2016-17,LEAGUE,,Alanyaspor,Fenerbahçe,2,3,A,Turkey,Turkish Super League,football-data.co.uk
league_7c3af579f9b0f882,2017-03-11,SUPER_LIG,2016-17,LEAGUE,,Galatasaray SK,Genclerbirligi,3,2,H,Turkey,Turkish Super League,football-data.co.uk
league_ddbceb9c8c2d3270,2017-03-11,SUPER_LIG,2016-17,LEAGUE,,Gaziantepspor,Kasımpaşa SK,0,2,A,Turkey,Turkish Super League,football-data.co.uk
league_3fa138d8ca03bb29,2017-03-11,SUPER_LIG,2016-17,LEAGUE,,Karabukspor,Adanaspor,2,0,H,Turkey,Turkish Super League,football-data.co.uk
league_c94d82e290d6dbc1,2017-03-11,SUPER_LIG,2016-17,LEAGUE,,Osmanlispor,Bursaspor,1,1,D,Turkey,Turkish Super League,football-data.co.uk
league_eb3ca655e6057b0e,2017-03-12,SUPER_LIG,2016-17,LEAGUE,,Beşiktaş JK,Kayserispor,2,2,D,Turkey,Turkish Super League,football-data.co.uk
league_fde979e146e2af57,2017-03-12,SUPER_LIG,2016-17,LEAGUE,,Konyaspor,Buyuksehyr,0,3,A,Turkey,Turkish Super League,football-data.co.uk
league_cda13ebdabbed8c9,2017-03-12,SUPER_LIG,2016-17,LEAGUE,,Çaykur Rizespor,Antalyaspor,1,2,A,Turkey,Turkish Super League,football-data.co.uk
league_856643fb9e9bdca6,2017-03-13,SUPER_LIG,2016-17,LEAGUE,,Akhisar Belediyespor,Trabzonspor,1,3,A,Turkey,Turkish Super League,football-data.co.uk
league_b0ddd9157c90b0ea,2017-03-17,SUPER_LIG,2016-17,LEAGUE,,Fenerbahçe,Konyaspor,2,3,A,Turkey,Turkish Super League,football-data.co.uk
league_ec2a4536db969bc2,2017-03-18,SUPER_LIG,2016-17,LEAGUE,,Adanaspor,Akhisar Belediyespor,2,1,H,Turkey,Turkish Super League,football-data.co.uk
league_74e6a9b49dfc4042,2017-03-18,SUPER_LIG,2016-17,LEAGUE,,Kasımpaşa SK,Osmanlispor,3,2,H,Turkey,Turkish Super League,football-data.co.uk
league_40091ef56ca383d1,2017-03-18,SUPER_LIG,2016-17,LEAGUE,,Kayserispor,Gaziantepspor,3,4,A,Turkey,Turkish Super League,football-data.co.uk
league_4fbb6ffb1c21bd09,2017-03-18,SUPER_LIG,2016-17,LEAGUE,,Trabzonspor,Galatasaray SK,2,0,H,Turkey,Turkish Super League,football-data.co.uk
league_ead12ccac70c9116,2017-03-19,SUPER_LIG,2016-17,LEAGUE,,Antalyaspor,Beşiktaş JK,0,0,D,Turkey,Turkish Super League,football-data.co.uk
league_8f670aafbc392003,2017-03-19,SUPER_LIG,2016-17,LEAGUE,,Bursaspor,Alanyaspor,1,3,A,Turkey,Turkish Super League,football-data.co.uk
league_0c6a57e7b6818ff7,2017-03-19,SUPER_LIG,2016-17,LEAGUE,,Buyuksehyr,Karabukspor,3,3,D,Turkey,Turkish Super League,football-data.co.uk
league_71334a1885f1a6e8,2017-03-19,SUPER_LIG,2016-17,LEAGUE,,Genclerbirligi,Çaykur Rizespor,1,0,H,Turkey,Turkish Super League,football-data.co.uk
league_15a62abb7c2d0120,2017-04-01,SUPER_LIG,2016-17,LEAGUE,,Akhisar Belediyespor,Buyuksehyr,2,1,H,Turkey,Turkish Super League,football-data.co.uk
league_aa42044066fa2865,2017-04-01,SUPER_LIG,2016-17,LEAGUE,,Alanyaspor,Kasımpaşa SK,3,1,H,Turkey,Turkish Super League,football-data.co.uk
league_1f874bcd5e03e096,2017-04-01,SUPER_LIG,2016-17,LEAGUE,,Antalyaspor,Kayserispor,2,1,H,Turkey,Turkish Super League,football-data.co.uk
league_acc2a5bd5b438dd1,2017-04-01,SUPER_LIG,2016-17,LEAGUE,,Karabukspor,Fenerbahçe,0,1,A,Turkey,Turkish Super League,football-data.co.uk
league_e689333208cb2846,2017-04-02,SUPER_LIG,2016-17,LEAGUE,,Beşiktaş JK,Genclerbirligi,3,0,H,Turkey,Turkish Super League,football-data.co.uk
league_f15e882c28ef1401,2017-04-02,SUPER_LIG,2016-17,LEAGUE,,Konyaspor,Bursaspor,2,0,H,Turkey,Turkish Super League,football-data.co.uk
league_4d6eab15a4a692b8,2017-04-02,SUPER_LIG,2016-17,LEAGUE,,Osmanlispor,Gaziantepspor,0,2,A,Turkey,Turkish Super League,football-data.co.uk
league_eafd18183ad3ea22,2017-04-02,SUPER_LIG,2016-17,LEAGUE,,Çaykur Rizespor,Trabzonspor,0,1,A,Turkey,Turkish Super League,football-data.co.uk
league_024782f9c2c2d1ee,2017-04-03,SUPER_LIG,2016-17,LEAGUE,,Galatasaray SK,Adanaspor,4,0,H,Turkey,Turkish Super League,football-data.co.uk
league_b5774ae9f20e3b78,2017-04-07,SUPER_LIG,2016-17,LEAGUE,,Bursaspor,Karabukspor,3,0,H,Turkey,Turkish Super League,football-data.co.uk
league_34132da757087346,2017-04-08,SUPER_LIG,2016-17,LEAGUE,,Gaziantepspor,Alanyaspor,2,3,A,Turkey,Turkish Super League,football-data.co.uk
league_6056b894bd92b944,2017-04-08,SUPER_LIG,2016-17,LEAGUE,,Genclerbirligi,Antalyaspor,1,1,D,Turkey,Turkish Super League,football-data.co.uk
league_1b86041485d089f0,2017-04-08,SUPER_LIG,2016-17,LEAGUE,,Trabzonspor,Beşiktaş JK,3,4,A,Turkey,Turkish Super League,football-data.co.uk
league_a38972df5a5864f3,2017-04-09,SUPER_LIG,2016-17,LEAGUE,,Adanaspor,Çaykur Rizespor,1,3,A,Turkey,Turkish Super League,football-data.co.uk
league_369347a2e03b7f6c,2017-04-09,SUPER_LIG,2016-17,LEAGUE,,Fenerbahçe,Akhisar Belediyespor,3,1,H,Turkey,Turkish Super League,football-data.co.uk
league_46b0720ecc40291c,2017-04-09,SUPER_LIG,2016-17,LEAGUE,,Kayserispor,Osmanlispor,1,4,A,Turkey,Turkish Super League,football-data.co.uk
league_b80f4cc087f8bf0d,2017-04-10,SUPER_LIG,2016-17,LEAGUE,,Buyuksehyr,Galatasaray SK,4,0,H,Turkey,Turkish Super League,football-data.co.uk
league_716a44bd548dff92,2017-04-10,SUPER_LIG,2016-17,LEAGUE,,Kasımpaşa SK,Konyaspor,1,1,D,Turkey,Turkish Super League,football-data.co.uk
league_000663b2698c9842,2017-04-12,SUPER_LIG,2016-17,LEAGUE,,Gaziantepspor,Genclerbirligi,0,1,A,Turkey,Turkish Super League,football-data.co.uk
league_71a4f910c9220468,2017-04-21,SUPER_LIG,2016-17,LEAGUE,,Karabukspor,Kasımpaşa SK,0,0,D,Turkey,Turkish Super League,football-data.co.uk
league_67789db393171698,2017-04-21,SUPER_LIG,2016-17,LEAGUE,,Konyaspor,Gaziantepspor,1,2,A,Turkey,Turkish Super League,football-data.co.uk
league_9fb5c277b49bad57,2017-04-22,SUPER_LIG,2016-17,LEAGUE,,Alanyaspor,Osmanlispor,0,1,A,Turkey,Turkish Super League,football-data.co.uk
league_db97a7dea978b4f4,2017-04-22,SUPER_LIG,2016-17,LEAGUE,,Antalyaspor,Trabzonspor,0,3,A,Turkey,Turkish Super League,football-data.co.uk
league_2546382f09bb4766,2017-04-22,SUPER_LIG,2016-17,LEAGUE,,Genclerbirligi,Kayserispor,2,1,H,Turkey,Turkish Super League,football-data.co.uk
league_51c8c265c3769e9a,2017-04-22,SUPER_LIG,2016-17,LEAGUE,,Çaykur Rizespor,Buyuksehyr,3,3,D,Turkey,Turkish Super League,football-data.co.uk
league_6aab6cd336329432,2017-04-23,SUPER_LIG,2016-17,LEAGUE,,Akhisar Belediyespor,Bursaspor,5,1,H,Turkey,Turkish Super League,football-data.co.uk
league_6b9d1cd432f71e77,2017-04-23,SUPER_LIG,2016-17,LEAGUE,,Galatasaray SK,Fenerbahçe,0,1,A,Turkey,Turkish Super League,football-data.co.uk
league_d1c2538ef126b5cf,2017-04-24,SUPER_LIG,2016-17,LEAGUE,,Beşiktaş JK,Adanaspor,3,2,H,Turkey,Turkish Super League,football-data.co.uk
league_8d814fcb2e7b1e7d,2017-04-28,SUPER_LIG,2016-17,LEAGUE,,Gaziantepspor,Karabukspor,0,0,D,Turkey,Turkish Super League,football-data.co.uk
league_f50685dbfbbfa07c,2017-04-29,SUPER_LIG,2016-17,LEAGUE,,Kayserispor,Alanyaspor,3,0,H,Turkey,Turkish Super League,football-data.co.uk
league_0a65ee75090c00f7,2017-04-29,SUPER_LIG,2016-17,LEAGUE,,Trabzonspor,Genclerbirligi,0,0,D,Turkey,Turkish Super League,football-data.co.uk
league_38c0825884f160c3,2017-04-30,SUPER_LIG,2016-17,LEAGUE,,Adanaspor,Antalyaspor,2,5,A,Turkey,Turkish Super League,football-data.co.uk
league_19eed8bdaee8eb84,2017-04-30,SUPER_LIG,2016-17,LEAGUE,,Buyuksehyr,Beşiktaş JK,3,1,H,Turkey,Turkish Super League,football-data.co.uk
league_45e942c3d8663809,2017-04-30,SUPER_LIG,2016-17,LEAGUE,,Fenerbahçe,Çaykur Rizespor,2,1,H,Turkey,Turkish Super League,football-data.co.uk
league_7db405536b19a21b,2017-04-30,SUPER_LIG,2016-17,LEAGUE,,Kasımpaşa SK,Akhisar Belediyespor,0,2,A,Turkey,Turkish Super League,football-data.co.uk
league_47a7f1cd0f283adb,2017-05-01,SUPER_LIG,2016-17,LEAGUE,,Bursaspor,Galatasaray SK,0,5,A,Turkey,Turkish Super League,football-data.co.uk
league_71b07cc882772beb,2017-05-01,SUPER_LIG,2016-17,LEAGUE,,Osmanlispor,Konyaspor,0,0,D,Turkey,Turkish Super League,football-data.co.uk
league_e1e772ac54e9168e,2017-05-05,SUPER_LIG,2016-17,LEAGUE,,Antalyaspor,Buyuksehyr,0,1,A,Turkey,Turkish Super League,football-data.co.uk
league_4dd393ddda4900d2,2017-05-06,SUPER_LIG,2016-17,LEAGUE,,Galatasaray SK,Kasımpaşa SK,1,3,A,Turkey,Turkish Super League,football-data.co.uk
league_9b54eafe64930d25,2017-05-06,SUPER_LIG,2016-17,LEAGUE,,Genclerbirligi,Adanaspor,0,1,A,Turkey,Turkish Super League,football-data.co.uk
league_965a609f777b8ce4,2017-05-06,SUPER_LIG,2016-17,LEAGUE,,Konyaspor,Alanyaspor,2,3,A,Turkey,Turkish Super League,football-data.co.uk
league_73b018d1d811ffee,2017-05-06,SUPER_LIG,2016-17,LEAGUE,,Trabzonspor,Kayserispor,2,3,A,Turkey,Turkish Super League,football-data.co.uk
league_0a87622d0e666541,2017-05-07,SUPER_LIG,2016-17,LEAGUE,,Beşiktaş JK,Fenerbahçe,1,1,D,Turkey,Turkish Super League,football-data.co.uk
league_9f2fcc57df2f5b9b,2017-05-07,SUPER_LIG,2016-17,LEAGUE,,Çaykur Rizespor,Bursaspor,6,0,H,Turkey,Turkish Super League,football-data.co.uk
league_1047586b1023ee08,2017-05-08,SUPER_LIG,2016-17,LEAGUE,,Akhisar Belediyespor,Gaziantepspor,6,0,H,Turkey,Turkish Super League,football-data.co.uk
league_58e53736458c637d,2017-05-08,SUPER_LIG,2016-17,LEAGUE,,Karabukspor,Osmanlispor,1,0,H,Turkey,Turkish Super League,football-data.co.uk
league_f233c0334e78281b,2017-05-12,SUPER_LIG,2016-17,LEAGUE,,Kasımpaşa SK,Çaykur Rizespor,4,2,H,Turkey,Turkish Super League,football-data.co.uk
league_a040a72e40cee158,2017-05-12,SUPER_LIG,2016-17,LEAGUE,,Kayserispor,Konyaspor,2,1,H,Turkey,Turkish Super League,football-data.co.uk
league_f8155815d40a5a3d,2017-05-13,SUPER_LIG,2016-17,LEAGUE,,Adanaspor,Trabzonspor,1,1,D,Turkey,Turkish Super League,football-data.co.uk
league_7c2ea68feb42371a,2017-05-13,SUPER_LIG,2016-17,LEAGUE,,Buyuksehyr,Genclerbirligi,2,1,H,Turkey,Turkish Super League,football-data.co.uk
league_7512e266fa781d8d,2017-05-13,SUPER_LIG,2016-17,LEAGUE,,Fenerbahçe,Antalyaspor,0,1,A,Turkey,Turkish Super League,football-data.co.uk
league_2681370ac92e7c46,2017-05-14,SUPER_LIG,2016-17,LEAGUE,,Alanyaspor,Karabukspor,4,2,H,Turkey,Turkish Super League,football-data.co.uk
league_0fbdf836dd7fb203,2017-05-14,SUPER_LIG,2016-17,LEAGUE,,Gaziantepspor,Galatasaray SK,1,2,A,Turkey,Turkish Super League,football-data.co.uk
league_6dd7ad2fb602f1be,2017-05-14,SUPER_LIG,2016-17,LEAGUE,,Osmanlispor,Akhisar Belediyespor,0,4,A,Turkey,Turkish Super League,football-data.co.uk
league_d9c9f1b83c4d48d0,2017-05-15,SUPER_LIG,2016-17,LEAGUE,,Bursaspor,Beşiktaş JK,0,2,A,Turkey,Turkish Super League,football-data.co.uk
league_26b1331e13f4038c,2017-05-19,SUPER_LIG,2016-17,LEAGUE,,Galatasaray SK,Osmanlispor,2,0,H,Turkey,Turkish Super League,football-data.co.uk
league_c572e89c360a7f67,2017-05-20,SUPER_LIG,2016-17,LEAGUE,,Antalyaspor,Bursaspor,2,1,H,Turkey,Turkish Super League,football-data.co.uk
league_92a022070e5b2090,2017-05-20,SUPER_LIG,2016-17,LEAGUE,,Beşiktaş JK,Kasımpaşa SK,4,1,H,Turkey,Turkish Super League,football-data.co.uk
league_f8bf9ff7237e9f7c,2017-05-20,SUPER_LIG,2016-17,LEAGUE,,Kayserispor,Adanaspor,1,1,D,Turkey,Turkish Super League,football-data.co.uk
league_469c99cd72910851,2017-05-20,SUPER_LIG,2016-17,LEAGUE,,Çaykur Rizespor,Gaziantepspor,2,0,H,Turkey,Turkish Super League,football-data.co.uk
league_a1776fc9ab2ea24e,2017-05-21,SUPER_LIG,2016-17,LEAGUE,,Konyaspor,Karabukspor,3,0,H,Turkey,Turkish Super League,football-data.co.uk
league_30061295c910a7af,2017-05-21,SUPER_LIG,2016-17,LEAGUE,,Trabzonspor,Buyuksehyr,0,0,D,Turkey,Turkish Super League,football-data.co.uk
league_d78f9d65e90b9768,2017-05-22,SUPER_LIG,2016-17,LEAGUE,,Akhisar Belediyespor,Alanyaspor,3,0,H,Turkey,Turkish Super League,football-data.co.uk
league_760a843c9730580c,2017-05-22,SUPER_LIG,2016-17,LEAGUE,,Genclerbirligi,Fenerbahçe,1,2,A,Turkey,Turkish Super League,football-data.co.uk
league_df718260a90ee256,2017-05-27,SUPER_LIG,2016-17,LEAGUE,,Buyuksehyr,Adanaspor,2,1,H,Turkey,Turkish Super League,football-data.co.uk
league_3203d5a913d4c1f0,2017-05-27,SUPER_LIG,2016-17,LEAGUE,,Fenerbahçe,Trabzonspor,1,1,D,Turkey,Turkish Super League,football-data.co.uk
league_6a65a05940c1e80f,2017-05-27,SUPER_LIG,2016-17,LEAGUE,,Kasımpaşa SK,Antalyaspor,0,3,A,Turkey,Turkish Super League,football-data.co.uk
league_fb4053e7b9ad0bc1,2017-05-27,SUPER_LIG,2016-17,LEAGUE,,Konyaspor,Akhisar Belediyespor,0,3,A,Turkey,Turkish Super League,football-data.co.uk
league_224180411339767b,2017-05-28,SUPER_LIG,2016-17,LEAGUE,,Bursaspor,Genclerbirligi,1,2,A,Turkey,Turkish Super League,football-data.co.uk
league_293de2e33d960e2c,2017-05-28,SUPER_LIG,2016-17,LEAGUE,,Gaziantepspor,Beşiktaş JK,0,4,A,Turkey,Turkish Super League,football-data.co.uk
league_e997bc3f459d2901,2017-05-28,SUPER_LIG,2016-17,LEAGUE,,Karabukspor,Kayserispor,2,2,D,Turkey,Turkish Super League,football-data.co.uk
league_f13bd3e5ac236147,2017-05-28,SUPER_LIG,2016-17,LEAGUE,,Osmanlispor,Çaykur Rizespor,1,2,A,Turkey,Turkish Super League,football-data.co.uk
league_4186ad4a7adf42ec,2017-05-29,SUPER_LIG,2016-17,LEAGUE,,Alanyaspor,Galatasaray SK,2,3,A,Turkey,Turkish Super League,football-data.co.uk
league_bacc2b7fe799c08e,2017-06-02,SUPER_LIG,2016-17,LEAGUE,,Akhisar Belediyespor,Karabukspor,2,3,A,Turkey,Turkish Super League,football-data.co.uk
league_d28a97635f9c907b,2017-06-02,SUPER_LIG,2016-17,LEAGUE,,Antalyaspor,Gaziantepspor,4,1,H,Turkey,Turkish Super League,football-data.co.uk
league_424a84dadae71c75,2017-06-02,SUPER_LIG,2016-17,LEAGUE,,Genclerbirligi,Kasımpaşa SK,1,0,H,Turkey,Turkish Super League,football-data.co.uk
league_9ca55ba937e7a366,2017-06-03,SUPER_LIG,2016-17,LEAGUE,,Adanaspor,Fenerbahçe,1,3,A,Turkey,Turkish Super League,football-data.co.uk
league_6634fe04e745b013,2017-06-03,SUPER_LIG,2016-17,LEAGUE,,Beşiktaş JK,Osmanlispor,4,0,H,Turkey,Turkish Super League,football-data.co.uk
league_bde21f753daca9e1,2017-06-03,SUPER_LIG,2016-17,LEAGUE,,Galatasaray SK,Konyaspor,2,1,H,Turkey,Turkish Super League,football-data.co.uk
league_bb7024b27215d2cb,2017-06-03,SUPER_LIG,2016-17,LEAGUE,,Kayserispor,Buyuksehyr,0,1,A,Turkey,Turkish Super League,football-data.co.uk
league_ce90aabbeeb70f7b,2017-06-03,SUPER_LIG,2016-17,LEAGUE,,Trabzonspor,Bursaspor,1,2,A,Turkey,Turkish Super League,football-data.co.uk
league_6301a5a8feadd3f5,2017-06-03,SUPER_LIG,2016-17,LEAGUE,,Çaykur Rizespor,Alanyaspor,1,0,H,Turkey,Turkish Super League,football-data.co.uk
league_7991dc89c39b06ec,2017-08-11,SUPER_LIG,2017-18,LEAGUE,,Buyuksehyr,Bursaspor,1,0,H,Turkey,Turkish Super League,football-data.co.uk
league_5aee0480ce5be091,2017-08-12,SUPER_LIG,2017-18,LEAGUE,,Akhisar Belediyespor,Sivasspor,1,0,H,Turkey,Turkish Super League,football-data.co.uk
league_9fd9dae5cd9ac154,2017-08-12,SUPER_LIG,2017-18,LEAGUE,,Alanyaspor,Kasımpaşa SK,1,3,A,Turkey,Turkish Super League,football-data.co.uk
league_e724476cd6d358c6,2017-08-12,SUPER_LIG,2017-18,LEAGUE,,Genclerbirligi,Karabukspor,1,1,D,Turkey,Turkish Super League,football-data.co.uk
league_84b50b45ec637585,2017-08-12,SUPER_LIG,2017-18,LEAGUE,,Göztepe,Fenerbahçe,2,2,D,Turkey,Turkish Super League,football-data.co.uk
league_0c97c805350bde29,2017-08-13,SUPER_LIG,2017-18,LEAGUE,,Beşiktaş JK,Antalyaspor,2,0,H,Turkey,Turkish Super League,football-data.co.uk
league_befc29e28414f9ca,2017-08-13,SUPER_LIG,2017-18,LEAGUE,,Trabzonspor,Konyaspor,2,1,H,Turkey,Turkish Super League,football-data.co.uk
league_1186af4309602c66,2017-08-13,SUPER_LIG,2017-18,LEAGUE,,Yeni Malatyaspor,Osmanlispor,3,1,H,Turkey,Turkish Super League,football-data.co.uk
league_fd55981177d2de19,2017-08-14,SUPER_LIG,2017-18,LEAGUE,,Galatasaray SK,Kayserispor,4,1,H,Turkey,Turkish Super League,football-data.co.uk
league_f1bf9ffe6031286c,2017-08-18,SUPER_LIG,2017-18,LEAGUE,,Kasımpaşa SK,Beşiktaş JK,2,2,D,Turkey,Turkish Super League,football-data.co.uk
league_d7af0eaff8944698,2017-08-19,SUPER_LIG,2017-18,LEAGUE,,Bursaspor,Alanyaspor,3,2,H,Turkey,Turkish Super League,football-data.co.uk
league_0a207a79f8cfd092,2017-08-19,SUPER_LIG,2017-18,LEAGUE,,Karabukspor,Buyuksehyr,3,1,H,Turkey,Turkish Super League,football-data.co.uk
league_6b0f2ab5cb054567,2017-08-19,SUPER_LIG,2017-18,LEAGUE,,Osmanlispor,Galatasaray SK,1,3,A,Turkey,Turkish Super League,football-data.co.uk
league_dae0178c24b9f248,2017-08-19,SUPER_LIG,2017-18,LEAGUE,,Sivasspor,Yeni Malatyaspor,2,0,H,Turkey,Turkish Super League,football-data.co.uk
league_d1fef1e7b24cb956,2017-08-20,SUPER_LIG,2017-18,LEAGUE,,Antalyaspor,Akhisar Belediyespor,2,2,D,Turkey,Turkish Super League,football-data.co.uk
league_f1ea11a866f5711e,2017-08-20,SUPER_LIG,2017-18,LEAGUE,,Fenerbahçe,Trabzonspor,2,2,D,Turkey,Turkish Super League,football-data.co.uk
league_c8542040d4caf27a,2017-08-20,SUPER_LIG,2017-18,LEAGUE,,Kayserispor,Göztepe,1,0,H,Turkey,Turkish Super League,football-data.co.uk
league_62555d78841acb51,2017-08-21,SUPER_LIG,2017-18,LEAGUE,,Konyaspor,Genclerbirligi,3,0,H,Turkey,Turkish Super League,football-data.co.uk
league_0f45e0123da559da,2017-08-25,SUPER_LIG,2017-18,LEAGUE,,Alanyaspor,Karabukspor,1,1,D,Turkey,Turkish Super League,football-data.co.uk
league_17a110de672e6988,2017-08-25,SUPER_LIG,2017-18,LEAGUE,,Galatasaray SK,Sivasspor,3,0,H,Turkey,Turkish Super League,football-data.co.uk
league_8a35aa95d279db35,2017-08-26,SUPER_LIG,2017-18,LEAGUE,,Beşiktaş JK,Bursaspor,2,1,H,Turkey,Turkish Super League,football-data.co.uk
league_2e360a0714b58a59,2017-08-26,SUPER_LIG,2017-18,LEAGUE,,Göztepe,Trabzonspor,3,2,H,Turkey,Turkish Super League,football-data.co.uk
league_0802724b6481f854,2017-08-26,SUPER_LIG,2017-18,LEAGUE,,Kayserispor,Osmanlispor,2,2,D,Turkey,Turkish Super League,football-data.co.uk
league_589f172343be432d,2017-08-26,SUPER_LIG,2017-18,LEAGUE,,Yeni Malatyaspor,Antalyaspor,1,1,D,Turkey,Turkish Super League,football-data.co.uk
league_9263929f2aab830c,2017-08-27,SUPER_LIG,2017-18,LEAGUE,,Akhisar Belediyespor,Kasımpaşa SK,2,1,H,Turkey,Turkish Super League,football-data.co.uk
league_7e38087f8d15c958,2017-08-27,SUPER_LIG,2017-18,LEAGUE,,Buyuksehyr,Konyaspor,2,1,H,Turkey,Turkish Super League,football-data.co.uk
league_158ab680fe9e249d,2017-08-27,SUPER_LIG,2017-18,LEAGUE,,Genclerbirligi,Fenerbahçe,1,2,A,Turkey,Turkish Super League,football-data.co.uk
league_0cc9a66f42660c01,2017-09-09,SUPER_LIG,2017-18,LEAGUE,,Fenerbahçe,Buyuksehyr,2,3,A,Turkey,Turkish Super League,football-data.co.uk
league_6d715b73081c9b54,2017-09-09,SUPER_LIG,2017-18,LEAGUE,,Karabukspor,Beşiktaş JK,0,1,A,Turkey,Turkish Super League,football-data.co.uk
league_17e51f7b0daf3c7f,2017-09-09,SUPER_LIG,2017-18,LEAGUE,,Konyaspor,Alanyaspor,0,2,A,Turkey,Turkish Super League,football-data.co.uk
league_9232945c19968c7b,2017-09-09,SUPER_LIG,2017-18,LEAGUE,,Sivasspor,Kayserispor,0,2,A,Turkey,Turkish Super League,football-data.co.uk
league_421d65488405c392,2017-09-10,SUPER_LIG,2017-18,LEAGUE,,Antalyaspor,Galatasaray SK,1,1,D,Turkey,Turkish Super League,football-data.co.uk
league_ddb2a80004856633,2017-09-10,SUPER_LIG,2017-18,LEAGUE,,Bursaspor,Akhisar Belediyespor,3,0,H,Turkey,Turkish Super League,football-data.co.uk
league_f4ad5cc0e8f20a73,2017-09-10,SUPER_LIG,2017-18,LEAGUE,,Osmanlispor,Göztepe,0,2,A,Turkey,Turkish Super League,football-data.co.uk
league_562607bc08beb69c,2017-09-10,SUPER_LIG,2017-18,LEAGUE,,Trabzonspor,Genclerbirligi,3,1,H,Turkey,Turkish Super League,football-data.co.uk
league_ba25de4ef34d3dd2,2017-09-11,SUPER_LIG,2017-18,LEAGUE,,Kasımpaşa SK,Yeni Malatyaspor,3,2,H,Turkey,Turkish Super League,football-data.co.uk
league_e807092ddf01bb3b,2017-09-15,SUPER_LIG,2017-18,LEAGUE,,Kayserispor,Antalyaspor,2,0,H,Turkey,Turkish Super League,football-data.co.uk
league_1aca49b434c9e12e,2017-09-16,SUPER_LIG,2017-18,LEAGUE,,Akhisar Belediyespor,Karabukspor,2,1,H,Turkey,Turkish Super League,football-data.co.uk
league_989b44a333361586,2017-09-16,SUPER_LIG,2017-18,LEAGUE,,Galatasaray SK,Kasımpaşa SK,2,0,H,Turkey,Turkish Super League,football-data.co.uk
league_bcf788082d7261d7,2017-09-16,SUPER_LIG,2017-18,LEAGUE,,Yeni Malatyaspor,Bursaspor,2,4,A,Turkey,Turkish Super League,football-data.co.uk
league_2454e3f8cfd70e47,2017-09-17,SUPER_LIG,2017-18,LEAGUE,,Alanyaspor,Fenerbahçe,1,4,A,Turkey,Turkish Super League,football-data.co.uk
league_579bea59fd6aacb1,2017-09-17,SUPER_LIG,2017-18,LEAGUE,,Buyuksehyr,Trabzonspor,2,2,D,Turkey,Turkish Super League,football-data.co.uk
league_0439399c3bfb91ac,2017-09-17,SUPER_LIG,2017-18,LEAGUE,,Göztepe,Genclerbirligi,3,2,H,Turkey,Turkish Super League,football-data.co.uk
league_07c7e8e330647157,2017-09-17,SUPER_LIG,2017-18,LEAGUE,,Osmanlispor,Sivasspor,2,4,A,Turkey,Turkish Super League,football-data.co.uk
league_cfb962df5ad25a31,2017-09-18,SUPER_LIG,2017-18,LEAGUE,,Beşiktaş JK,Konyaspor,2,0,H,Turkey,Turkish Super League,football-data.co.uk
league_3f3ddbe1f3c993e8,2017-09-22,SUPER_LIG,2017-18,LEAGUE,,Trabzonspor,Alanyaspor,3,4,A,Turkey,Turkish Super League,football-data.co.uk
league_029705fa34a34aa2,2017-09-23,SUPER_LIG,2017-18,LEAGUE,,Fenerbahçe,Beşiktaş JK,2,1,H,Turkey,Turkish Super League,football-data.co.uk
league_f0ebf16875b9474e,2017-09-23,SUPER_LIG,2017-18,LEAGUE,,Genclerbirligi,Buyuksehyr,1,0,H,Turkey,Turkish Super League,football-data.co.uk
league_704ba0a951c0a9ac,2017-09-23,SUPER_LIG,2017-18,LEAGUE,,Konyaspor,Akhisar Belediyespor,2,0,H,Turkey,Turkish Super League,football-data.co.uk
league_3a412b50dba17d00,2017-09-24,SUPER_LIG,2017-18,LEAGUE,,Bursaspor,Galatasaray SK,1,2,A,Turkey,Turkish Super League,football-data.co.uk
league_fe5395852a8bd712,2017-09-24,SUPER_LIG,2017-18,LEAGUE,,Karabukspor,Yeni Malatyaspor,2,4,A,Turkey,Turkish Super League,football-data.co.uk
league_2f7e077f26f243eb,2017-09-24,SUPER_LIG,2017-18,LEAGUE,,Kasımpaşa SK,Kayserispor,1,1,D,Turkey,Turkish Super League,football-data.co.uk
league_9251bc677da4da97,2017-09-24,SUPER_LIG,2017-18,LEAGUE,,Sivasspor,Göztepe,2,3,A,Turkey,Turkish Super League,football-data.co.uk
league_2f39088ce3fe4420,2017-09-25,SUPER_LIG,2017-18,LEAGUE,,Antalyaspor,Osmanlispor,3,0,H,Turkey,Turkish Super League,football-data.co.uk
league_435862a707d49a72,2017-09-29,SUPER_LIG,2017-18,LEAGUE,,Akhisar Belediyespor,Fenerbahçe,1,0,H,Turkey,Turkish Super League,football-data.co.uk
league_4112db760443ae6a,2017-09-30,SUPER_LIG,2017-18,LEAGUE,,Galatasaray SK,Karabukspor,3,2,H,Turkey,Turkish Super League,football-data.co.uk
league_58426fcb9a376948,2017-09-30,SUPER_LIG,2017-18,LEAGUE,,Kayserispor,Bursaspor,3,1,H,Turkey,Turkish Super League,football-data.co.uk
league_1acab3bd47767ef7,2017-09-30,SUPER_LIG,2017-18,LEAGUE,,Osmanlispor,Kasımpaşa SK,3,0,H,Turkey,Turkish Super League,football-data.co.uk
league_b3ea2aa7f6f79e1e,2017-09-30,SUPER_LIG,2017-18,LEAGUE,,Sivasspor,Antalyaspor,3,1,H,Turkey,Turkish Super League,football-data.co.uk
league_8d7696c006a5322c,2017-10-01,SUPER_LIG,2017-18,LEAGUE,,Alanyaspor,Genclerbirligi,4,1,H,Turkey,Turkish Super League,football-data.co.uk
league_85ead4bcc44fcf2a,2017-10-01,SUPER_LIG,2017-18,LEAGUE,,Beşiktaş JK,Trabzonspor,2,2,D,Turkey,Turkish Super League,football-data.co.uk
league_ce5e6d66437360d8,2017-10-01,SUPER_LIG,2017-18,LEAGUE,,Göztepe,Buyuksehyr,1,2,A,Turkey,Turkish Super League,football-data.co.uk
league_5c0c3be61209bc56,2017-10-01,SUPER_LIG,2017-18,LEAGUE,,Yeni Malatyaspor,Konyaspor,1,1,D,Turkey,Turkish Super League,football-data.co.uk
league_96de9ba04ec58e9d,2017-10-13,SUPER_LIG,2017-18,LEAGUE,,Genclerbirligi,Beşiktaş JK,2,1,H,Turkey,Turkish Super League,football-data.co.uk
league_00db3b79d57feb3b,2017-10-14,SUPER_LIG,2017-18,LEAGUE,,Antalyaspor,Göztepe,1,3,A,Turkey,Turkish Super League,football-data.co.uk
league_520824cdddb9e4de,2017-10-14,SUPER_LIG,2017-18,LEAGUE,,Buyuksehyr,Alanyaspor,2,1,H,Turkey,Turkish Super League,football-data.co.uk
league_20a99af4b975c2c9,2017-10-14,SUPER_LIG,2017-18,LEAGUE,,Karabukspor,Kayserispor,1,0,H,Turkey,Turkish Super League,football-data.co.uk
league_fd007a006fb84522,2017-10-14,SUPER_LIG,2017-18,LEAGUE,,Konyaspor,Galatasaray SK,0,2,A,Turkey,Turkish Super League,football-data.co.uk
league_3a0a03c19a4ca144,2017-10-15,SUPER_LIG,2017-18,LEAGUE,,Fenerbahçe,Yeni Malatyaspor,3,1,H,Turkey,Turkish Super League,football-data.co.uk
league_f7323b0cae6b75b3,2017-10-15,SUPER_LIG,2017-18,LEAGUE,,Kasımpaşa SK,Sivasspor,2,3,A,Turkey,Turkish Super League,football-data.co.uk
league_c00a7a8d4725f15a,2017-10-15,SUPER_LIG,2017-18,LEAGUE,,Trabzonspor,Akhisar Belediyespor,1,6,A,Turkey,Turkish Super League,football-data.co.uk
league_a6097905fc50f051,2017-10-16,SUPER_LIG,2017-18,LEAGUE,,Bursaspor,Osmanlispor,3,1,H,Turkey,Turkish Super League,football-data.co.uk
league_54a90ac7b15c5fb9,2017-10-20,SUPER_LIG,2017-18,LEAGUE,,Antalyaspor,Kasımpaşa SK,2,1,H,Turkey,Turkish Super League,football-data.co.uk
league_b2e614a76a762993,2017-10-20,SUPER_LIG,2017-18,LEAGUE,,Göztepe,Alanyaspor,3,3,D,Turkey,Turkish Super League,football-data.co.uk
league_b516f937ab547bf4,2017-10-21,SUPER_LIG,2017-18,LEAGUE,,Akhisar Belediyespor,Genclerbirligi,3,3,D,Turkey,Turkish Super League,football-data.co.uk
league_42b50abf41da19d9,2017-10-21,SUPER_LIG,2017-18,LEAGUE,,Osmanlispor,Karabukspor,3,0,H,Turkey,Turkish Super League,football-data.co.uk
league_e06b0dad5436ead3,2017-10-21,SUPER_LIG,2017-18,LEAGUE,,Yeni Malatyaspor,Trabzonspor,1,0,H,Turkey,Turkish Super League,football-data.co.uk
league_111d2adcc22d15cf,2017-10-22,SUPER_LIG,2017-18,LEAGUE,,Galatasaray SK,Fenerbahçe,0,0,D,Turkey,Turkish Super League,football-data.co.uk
league_b21760966acd3c65,2017-10-22,SUPER_LIG,2017-18,LEAGUE,,Kayserispor,Konyaspor,2,1,H,Turkey,Turkish Super League,football-data.co.uk
league_91a54f09839fdfc8,2017-10-22,SUPER_LIG,2017-18,LEAGUE,,Sivasspor,Bursaspor,0,0,D,Turkey,Turkish Super League,football-data.co.uk
league_155c2ef15c92c891,2017-10-23,SUPER_LIG,2017-18,LEAGUE,,Beşiktaş JK,Buyuksehyr,1,1,D,Turkey,Turkish Super League,football-data.co.uk
league_2483a31c7b8d8479,2017-10-27,SUPER_LIG,2017-18,LEAGUE,,Kasımpaşa SK,Göztepe,3,1,H,Turkey,Turkish Super League,football-data.co.uk
league_2b7d56e18ced6d26,2017-10-28,SUPER_LIG,2017-18,LEAGUE,,Alanyaspor,Beşiktaş JK,1,2,A,Turkey,Turkish Super League,football-data.co.uk
league_f257f3a4849b9b3d,2017-10-28,SUPER_LIG,2017-18,LEAGUE,,Buyuksehyr,Akhisar Belediyespor,2,1,H,Turkey,Turkish Super League,football-data.co.uk
league_531ef44df06aae78,2017-10-28,SUPER_LIG,2017-18,LEAGUE,,Genclerbirligi,Yeni Malatyaspor,0,1,A,Turkey,Turkish Super League,football-data.co.uk
league_05cbd5e410049fea,2017-10-29,SUPER_LIG,2017-18,LEAGUE,,Bursaspor,Antalyaspor,4,0,H,Turkey,Turkish Super League,football-data.co.uk
league_27ccc68c339dfc88,2017-10-29,SUPER_LIG,2017-18,LEAGUE,,Karabukspor,Sivasspor,0,1,A,Turkey,Turkish Super League,football-data.co.uk
league_6388d12c9675473b,2017-10-29,SUPER_LIG,2017-18,LEAGUE,,Konyaspor,Osmanlispor,1,0,H,Turkey,Turkish Super League,football-data.co.uk
league_ebccf470d9ab6e6a,2017-10-29,SUPER_LIG,2017-18,LEAGUE,,Trabzonspor,Galatasaray SK,2,1,H,Turkey,Turkish Super League,football-data.co.uk
league_483e39bd0799e4d8,2017-10-30,SUPER_LIG,2017-18,LEAGUE,,Fenerbahçe,Kayserispor,3,3,D,Turkey,Turkish Super League,football-data.co.uk
league_4d5c15cf1b3b0290,2017-11-03,SUPER_LIG,2017-18,LEAGUE,,Galatasaray SK,Genclerbirligi,5,1,H,Turkey,Turkish Super League,football-data.co.uk
league_ce79ab99afe320e4,2017-11-04,SUPER_LIG,2017-18,LEAGUE,,Antalyaspor,Karabukspor,2,1,H,Turkey,Turkish Super League,football-data.co.uk
league_75244b6b4f4f9c98,2017-11-04,SUPER_LIG,2017-18,LEAGUE,,Kasımpaşa SK,Bursaspor,2,2,D,Turkey,Turkish Super League,football-data.co.uk
league_af0ac73008e07028,2017-11-04,SUPER_LIG,2017-18,LEAGUE,,Kayserispor,Trabzonspor,0,0,D,Turkey,Turkish Super League,football-data.co.uk
league_06d0095c52652174,2017-11-04,SUPER_LIG,2017-18,LEAGUE,,Osmanlispor,Fenerbahçe,1,1,D,Turkey,Turkish Super League,football-data.co.uk
league_1c308d6ea8c36cc9,2017-11-05,SUPER_LIG,2017-18,LEAGUE,,Akhisar Belediyespor,Alanyaspor,0,4,A,Turkey,Turkish Super League,football-data.co.uk
league_e09c7567610730d1,2017-11-05,SUPER_LIG,2017-18,LEAGUE,,Göztepe,Beşiktaş JK,1,3,A,Turkey,Turkish Super League,football-data.co.uk
league_21d6c1aecf8368c7,2017-11-05,SUPER_LIG,2017-18,LEAGUE,,Sivasspor,Konyaspor,2,1,H,Turkey,Turkish Super League,football-data.co.uk
league_3b84fc16566753ec,2017-11-05,SUPER_LIG,2017-18,LEAGUE,,Yeni Malatyaspor,Buyuksehyr,0,2,A,Turkey,Turkish Super League,football-data.co.uk
league_347e61696c035413,2017-11-17,SUPER_LIG,2017-18,LEAGUE,,Beşiktaş JK,Akhisar Belediyespor,0,0,D,Turkey,Turkish Super League,football-data.co.uk
league_48dd5455c61843e5,2017-11-18,SUPER_LIG,2017-18,LEAGUE,,Bursaspor,Göztepe,0,0,D,Turkey,Turkish Super League,football-data.co.uk
league_347ef8ec3d23535d,2017-11-18,SUPER_LIG,2017-18,LEAGUE,,Buyuksehyr,Galatasaray SK,5,1,H,Turkey,Turkish Super League,football-data.co.uk
league_de308d9daa333734,2017-11-18,SUPER_LIG,2017-18,LEAGUE,,Konyaspor,Antalyaspor,1,1,D,Turkey,Turkish Super League,football-data.co.uk
league_b64c3f932e995666,2017-11-19,SUPER_LIG,2017-18,LEAGUE,,Alanyaspor,Yeni Malatyaspor,1,0,H,Turkey,Turkish Super League,football-data.co.uk
league_d81ae832ec2f5cc9,2017-11-19,SUPER_LIG,2017-18,LEAGUE,,Fenerbahçe,Sivasspor,4,1,H,Turkey,Turkish Super League,football-data.co.uk
league_9d346705f2b82d02,2017-11-19,SUPER_LIG,2017-18,LEAGUE,,Genclerbirligi,Kayserispor,1,2,A,Turkey,Turkish Super League,football-data.co.uk
league_6be3db84bd17aba6,2017-11-19,SUPER_LIG,2017-18,LEAGUE,,Trabzonspor,Osmanlispor,4,3,H,Turkey,Turkish Super League,football-data.co.uk
league_4a4099bb4a2ab602,2017-11-20,SUPER_LIG,2017-18,LEAGUE,,Karabukspor,Kasımpaşa SK,0,2,A,Turkey,Turkish Super League,football-data.co.uk
league_99fd6ec4ec4d0ad6,2017-11-24,SUPER_LIG,2017-18,LEAGUE,,Osmanlispor,Genclerbirligi,2,0,H,Turkey,Turkish Super League,football-data.co.uk
league_e5676553a7a80495,2017-11-25,SUPER_LIG,2017-18,LEAGUE,,Galatasaray SK,Alanyaspor,2,0,H,Turkey,Turkish Super League,football-data.co.uk
league_038e7ef28657d0a0,2017-11-25,SUPER_LIG,2017-18,LEAGUE,,Göztepe,Akhisar Belediyespor,2,0,H,Turkey,Turkish Super League,football-data.co.uk
league_0d16c416d7ea6b3d,2017-11-25,SUPER_LIG,2017-18,LEAGUE,,Yeni Malatyaspor,Beşiktaş JK,0,0,D,Turkey,Turkish Super League,football-data.co.uk
league_420cc318921ca5b8,2017-11-26,SUPER_LIG,2017-18,LEAGUE,,Antalyaspor,Fenerbahçe,0,1,A,Turkey,Turkish Super League,football-data.co.uk
league_33e9a5c72704809f,2017-11-26,SUPER_LIG,2017-18,LEAGUE,,Bursaspor,Karabukspor,2,1,H,Turkey,Turkish Super League,football-data.co.uk
league_76f32a6433e2dd14,2017-11-26,SUPER_LIG,2017-18,LEAGUE,,Kasımpaşa SK,Konyaspor,2,1,H,Turkey,Turkish Super League,football-data.co.uk
league_b7f99c4bc70dbd90,2017-11-26,SUPER_LIG,2017-18,LEAGUE,,Sivasspor,Trabzonspor,1,2,A,Turkey,Turkish Super League,football-data.co.uk
league_a4d91c01682d9a2a,2017-11-27,SUPER_LIG,2017-18,LEAGUE,,Kayserispor,Buyuksehyr,1,1,D,Turkey,Turkish Super League,football-data.co.uk
league_1fd189c8a6af4066,2017-12-02,SUPER_LIG,2017-18,LEAGUE,,Akhisar Belediyespor,Yeni Malatyaspor,0,0,D,Turkey,Turkish Super League,football-data.co.uk
league_eefd1ae2e6516823,2017-12-02,SUPER_LIG,2017-18,LEAGUE,,Beşiktaş JK,Galatasaray SK,3,0,H,Turkey,Turkish Super League,football-data.co.uk
league_044c44f8b3b1894d,2017-12-02,SUPER_LIG,2017-18,LEAGUE,,Karabukspor,Göztepe,0,1,A,Turkey,Turkish Super League,football-data.co.uk
league_feab13341c17a602,2017-12-03,SUPER_LIG,2017-18,LEAGUE,,Buyuksehyr,Osmanlispor,1,0,H,Turkey,Turkish Super League,football-data.co.uk
league_45d12965de18f5f1,2017-12-03,SUPER_LIG,2017-18,LEAGUE,,Fenerbahçe,Kasımpaşa SK,4,2,H,Turkey,Turkish Super League,football-data.co.uk
league_e36e2afa0041560d,2017-12-03,SUPER_LIG,2017-18,LEAGUE,,Genclerbirligi,Sivasspor,4,0,H,Turkey,Turkish Super League,football-data.co.uk
league_27ef80e6a1f06564,2017-12-03,SUPER_LIG,2017-18,LEAGUE,,Konyaspor,Bursaspor,0,3,A,Turkey,Turkish Super League,football-data.co.uk
league_c9a7c724015889d9,2017-12-04,SUPER_LIG,2017-18,LEAGUE,,Alanyaspor,Kayserispor,1,2,A,Turkey,Turkish Super League,football-data.co.uk
league_fe7f9ccdc288e19c,2017-12-04,SUPER_LIG,2017-18,LEAGUE,,Trabzonspor,Antalyaspor,3,0,H,Turkey,Turkish Super League,football-data.co.uk
league_8c2d17a3e3ede715,2017-12-08,SUPER_LIG,2017-18,LEAGUE,,Bursaspor,Fenerbahçe,0,1,A,Turkey,Turkish Super League,football-data.co.uk
league_465590987d83acac,2017-12-09,SUPER_LIG,2017-18,LEAGUE,,Antalyaspor,Genclerbirligi,1,1,D,Turkey,Turkish Super League,football-data.co.uk
league_4b1239c3755dc05f,2017-12-09,SUPER_LIG,2017-18,LEAGUE,,Galatasaray SK,Akhisar Belediyespor,4,2,H,Turkey,Turkish Super League,football-data.co.uk
league_7c8ad9f354d2a04b,2017-12-09,SUPER_LIG,2017-18,LEAGUE,,Kasımpaşa SK,Trabzonspor,0,3,A,Turkey,Turkish Super League,football-data.co.uk
league_01f709691543d492,2017-12-09,SUPER_LIG,2017-18,LEAGUE,,Yeni Malatyaspor,Göztepe,2,3,A,Turkey,Turkish Super League,football-data.co.uk
league_6af91c0ea7e2b642,2017-12-10,SUPER_LIG,2017-18,LEAGUE,,Kayserispor,Beşiktaş JK,1,1,D,Turkey,Turkish Super League,football-data.co.uk
league_4c8deba979dbdd56,2017-12-10,SUPER_LIG,2017-18,LEAGUE,,Osmanlispor,Alanyaspor,3,0,H,Turkey,Turkish Super League,football-data.co.uk
league_5832a364a3256cdb,2017-12-10,SUPER_LIG,2017-18,LEAGUE,,Sivasspor,Buyuksehyr,1,0,H,Turkey,Turkish Super League,football-data.co.uk
league_ee2193ec2263a752,2017-12-11,SUPER_LIG,2017-18,LEAGUE,,Konyaspor,Karabukspor,2,0,H,Turkey,Turkish Super League,football-data.co.uk
league_5b90282b5720c2d9,2017-12-16,SUPER_LIG,2017-18,LEAGUE,,Alanyaspor,Sivasspor,1,1,D,Turkey,Turkish Super League,football-data.co.uk
league_a53bab94ca6d17aa,2017-12-16,SUPER_LIG,2017-18,LEAGUE,,Genclerbirligi,Kasımpaşa SK,0,0,D,Turkey,Turkish Super League,football-data.co.uk
league_56a22a6de8a8bdf2,2017-12-16,SUPER_LIG,2017-18,LEAGUE,,Trabzonspor,Bursaspor,1,0,H,Turkey,Turkish Super League,football-data.co.uk
league_09dfeba889a80a2e,2017-12-17,SUPER_LIG,2017-18,LEAGUE,,Akhisar Belediyespor,Kayserispor,0,2,A,Turkey,Turkish Super League,football-data.co.uk
league_4e7a0810fdc3ab8d,2017-12-17,SUPER_LIG,2017-18,LEAGUE,,Beşiktaş JK,Osmanlispor,5,1,H,Turkey,Turkish Super League,football-data.co.uk
league_c4641488c9603f0a,2017-12-17,SUPER_LIG,2017-18,LEAGUE,,Buyuksehyr,Antalyaspor,4,1,H,Turkey,Turkish Super League,football-data.co.uk
league_86804f13b9ba3bff,2017-12-17,SUPER_LIG,2017-18,LEAGUE,,Yeni Malatyaspor,Galatasaray SK,2,1,H,Turkey,Turkish Super League,football-data.co.uk
league_edf3f0d700f01707,2017-12-18,SUPER_LIG,2017-18,LEAGUE,,Fenerbahçe,Karabukspor,2,0,H,Turkey,Turkish Super League,football-data.co.uk
league_305ddab21abb2da5,2017-12-18,SUPER_LIG,2017-18,LEAGUE,,Göztepe,Konyaspor,1,0,H,Turkey,Turkish Super League,football-data.co.uk
league_4e584543667651fb,2017-12-22,SUPER_LIG,2017-18,LEAGUE,,Antalyaspor,Alanyaspor,3,1,H,Turkey,Turkish Super League,football-data.co.uk
league_8a0a22669e22a9d5,2017-12-23,SUPER_LIG,2017-18,LEAGUE,,Bursaspor,Genclerbirligi,1,1,D,Turkey,Turkish Super League,football-data.co.uk
league_7bc2070a8ebdca79,2017-12-23,SUPER_LIG,2017-18,LEAGUE,,Konyaspor,Fenerbahçe,1,1,D,Turkey,Turkish Super League,football-data.co.uk
league_ca3c0a9232a96190,2017-12-23,SUPER_LIG,2017-18,LEAGUE,,Sivasspor,Beşiktaş JK,2,1,H,Turkey,Turkish Super League,football-data.co.uk
league_3c668d93fb1439ee,2017-12-24,SUPER_LIG,2017-18,LEAGUE,,Galatasaray SK,Göztepe,3,1,H,Turkey,Turkish Super League,football-data.co.uk
league_7067b33a6e6153dd,2017-12-24,SUPER_LIG,2017-18,LEAGUE,,Karabukspor,Trabzonspor,1,1,D,Turkey,Turkish Super League,football-data.co.uk
league_b16240d348e0ecb3,2017-12-24,SUPER_LIG,2017-18,LEAGUE,,Kasımpaşa SK,Buyuksehyr,1,2,A,Turkey,Turkish Super League,football-data.co.uk
league_7ac6a58640e9470d,2017-12-24,SUPER_LIG,2017-18,LEAGUE,,Kayserispor,Yeni Malatyaspor,0,1,A,Turkey,Turkish Super League,football-data.co.uk
league_4915efb24a9db23f,2017-12-25,SUPER_LIG,2017-18,LEAGUE,,Osmanlispor,Akhisar Belediyespor,3,2,H,Turkey,Turkish Super League,football-data.co.uk
league_0fc47e7b9bf3583c,2018-01-19,SUPER_LIG,2017-18,LEAGUE,,Kasımpaşa SK,Alanyaspor,3,2,H,Turkey,Turkish Super League,football-data.co.uk
league_8ce49ddb4b3e15eb,2018-01-20,SUPER_LIG,2017-18,LEAGUE,,Fenerbahçe,Göztepe,2,1,H,Turkey,Turkish Super League,football-data.co.uk
league_fabc3870dd5b1714,2018-01-20,SUPER_LIG,2017-18,LEAGUE,,Karabukspor,Genclerbirligi,0,2,A,Turkey,Turkish Super League,football-data.co.uk
league_2b24fb1444ca0299,2018-01-20,SUPER_LIG,2017-18,LEAGUE,,Osmanlispor,Yeni Malatyaspor,0,0,D,Turkey,Turkish Super League,football-data.co.uk
league_5108ea909b72f180,2018-01-21,SUPER_LIG,2017-18,LEAGUE,,Antalyaspor,Beşiktaş JK,1,2,A,Turkey,Turkish Super League,football-data.co.uk
league_b31301902b762dba,2018-01-21,SUPER_LIG,2017-18,LEAGUE,,Bursaspor,Buyuksehyr,0,3,A,Turkey,Turkish Super League,football-data.co.uk
league_5c480dffc46e377e,2018-01-21,SUPER_LIG,2017-18,LEAGUE,,Konyaspor,Trabzonspor,2,2,D,Turkey,Turkish Super League,football-data.co.uk
league_1d7b842f7be780c3,2018-01-21,SUPER_LIG,2017-18,LEAGUE,,Sivasspor,Akhisar Belediyespor,1,1,D,Turkey,Turkish Super League,football-data.co.uk
league_1a7efde886f81dcf,2018-01-22,SUPER_LIG,2017-18,LEAGUE,,Kayserispor,Galatasaray SK,1,3,A,Turkey,Turkish Super League,football-data.co.uk
league_56a48f853fd68810,2018-01-26,SUPER_LIG,2017-18,LEAGUE,,Beşiktaş JK,Kasımpaşa SK,2,1,H,Turkey,Turkish Super League,football-data.co.uk
league_c03fa83630411cc1,2018-01-26,SUPER_LIG,2017-18,LEAGUE,,Genclerbirligi,Konyaspor,2,1,H,Turkey,Turkish Super League,football-data.co.uk
league_9d7e591b43ed5d6c,2018-01-27,SUPER_LIG,2017-18,LEAGUE,,Alanyaspor,Bursaspor,3,1,H,Turkey,Turkish Super League,football-data.co.uk
league_e8fd08d58be055da,2018-01-27,SUPER_LIG,2017-18,LEAGUE,,Galatasaray SK,Osmanlispor,2,0,H,Turkey,Turkish Super League,football-data.co.uk
league_defa76d1f09b6993,2018-01-27,SUPER_LIG,2017-18,LEAGUE,,Göztepe,Kayserispor,1,1,D,Turkey,Turkish Super League,football-data.co.uk
league_c605d5d73256a06c,2018-01-28,SUPER_LIG,2017-18,LEAGUE,,Akhisar Belediyespor,Antalyaspor,1,1,D,Turkey,Turkish Super League,football-data.co.uk
league_1ef973361059972d,2018-01-28,SUPER_LIG,2017-18,LEAGUE,,Trabzonspor,Fenerbahçe,1,1,D,Turkey,Turkish Super League,football-data.co.uk
league_bf76db1437a767e5,2018-01-28,SUPER_LIG,2017-18,LEAGUE,,Yeni Malatyaspor,Sivasspor,1,0,H,Turkey,Turkish Super League,football-data.co.uk
league_97c5abf4cf7ee3d7,2018-01-29,SUPER_LIG,2017-18,LEAGUE,,Buyuksehyr,Karabukspor,5,0,H,Turkey,Turkish Super League,football-data.co.uk
league_141629dff63f79cd,2018-02-02,SUPER_LIG,2017-18,LEAGUE,,Bursaspor,Beşiktaş JK,2,2,D,Turkey,Turkish Super League,football-data.co.uk
league_a6a5f3c7abd823da,2018-02-03,SUPER_LIG,2017-18,LEAGUE,,Antalyaspor,Yeni Malatyaspor,3,1,H,Turkey,Turkish Super League,football-data.co.uk
league_4aa20424e995da2a,2018-02-03,SUPER_LIG,2017-18,LEAGUE,,Fenerbahçe,Genclerbirligi,2,2,D,Turkey,Turkish Super League,football-data.co.uk
league_9847fb9b2f53814a,2018-02-03,SUPER_LIG,2017-18,LEAGUE,,Karabukspor,Alanyaspor,1,0,H,Turkey,Turkish Super League,football-data.co.uk
league_d5f7a2d1f8dab70c,2018-02-04,SUPER_LIG,2017-18,LEAGUE,,Kasımpaşa SK,Akhisar Belediyespor,2,0,H,Turkey,Turkish Super League,football-data.co.uk
league_4b4a13f04d7805fe,2018-02-04,SUPER_LIG,2017-18,LEAGUE,,Konyaspor,Buyuksehyr,1,1,D,Turkey,Turkish Super League,football-data.co.uk
league_fb0aaab75320b287,2018-02-04,SUPER_LIG,2017-18,LEAGUE,,Osmanlispor,Kayserispor,0,1,A,Turkey,Turkish Super League,football-data.co.uk
league_67305dd218369864,2018-02-04,SUPER_LIG,2017-18,LEAGUE,,Sivasspor,Galatasaray SK,2,1,H,Turkey,Turkish Super League,football-data.co.uk
league_4d754ac9d770d2b0,2018-02-05,SUPER_LIG,2017-18,LEAGUE,,Trabzonspor,Göztepe,0,0,D,Turkey,Turkish Super League,football-data.co.uk
league_55b04ac2ed6f362c,2018-02-09,SUPER_LIG,2017-18,LEAGUE,,Yeni Malatyaspor,Kasımpaşa SK,1,1,D,Turkey,Turkish Super League,football-data.co.uk
league_48ddbaedc5fd7307,2018-02-10,SUPER_LIG,2017-18,LEAGUE,,Beşiktaş JK,Karabukspor,5,0,H,Turkey,Turkish Super League,football-data.co.uk
league_6db5611a442b76d3,2018-02-10,SUPER_LIG,2017-18,LEAGUE,,Genclerbirligi,Trabzonspor,0,0,D,Turkey,Turkish Super League,football-data.co.uk
league_63ab725bc435417a,2018-02-10,SUPER_LIG,2017-18,LEAGUE,,Göztepe,Osmanlispor,3,3,D,Turkey,Turkish Super League,football-data.co.uk
league_2c725e3e281fd6cb,2018-02-11,SUPER_LIG,2017-18,LEAGUE,,Akhisar Belediyespor,Bursaspor,1,0,H,Turkey,Turkish Super League,football-data.co.uk
league_81529b485f52b35c,2018-02-11,SUPER_LIG,2017-18,LEAGUE,,Alanyaspor,Konyaspor,1,2,A,Turkey,Turkish Super League,football-data.co.uk
league_f89875432ac43975,2018-02-11,SUPER_LIG,2017-18,LEAGUE,,Buyuksehyr,Fenerbahçe,0,2,A,Turkey,Turkish Super League,football-data.co.uk
league_c6f3995da46653d7,2018-02-11,SUPER_LIG,2017-18,LEAGUE,,Kayserispor,Sivasspor,1,1,D,Turkey,Turkish Super League,football-data.co.uk
league_b1fed26e90e848fe,2018-02-12,SUPER_LIG,2017-18,LEAGUE,,Galatasaray SK,Antalyaspor,3,0,H,Turkey,Turkish Super League,football-data.co.uk
league_11c1e0213bf925d9,2018-02-16,SUPER_LIG,2017-18,LEAGUE,,Konyaspor,Beşiktaş JK,1,1,D,Turkey,Turkish Super League,football-data.co.uk
league_cc309584fa8499b7,2018-02-17,SUPER_LIG,2017-18,LEAGUE,,Antalyaspor,Kayserispor,2,1,H,Turkey,Turkish Super League,football-data.co.uk
league_f6aa94e1c5210f16,2018-02-17,SUPER_LIG,2017-18,LEAGUE,,Fenerbahçe,Alanyaspor,3,0,H,Turkey,Turkish Super League,football-data.co.uk
league_67ebaa968ea52ac5,2018-02-17,SUPER_LIG,2017-18,LEAGUE,,Sivasspor,Osmanlispor,3,2,H,Turkey,Turkish Super League,football-data.co.uk
league_cd86c33475a874bc,2018-02-18,SUPER_LIG,2017-18,LEAGUE,,Bursaspor,Yeni Malatyaspor,0,0,D,Turkey,Turkish Super League,football-data.co.uk
league_7e129f6a9cf58f1e,2018-02-18,SUPER_LIG,2017-18,LEAGUE,,Karabukspor,Akhisar Belediyespor,0,3,A,Turkey,Turkish Super League,football-data.co.uk
league_7c80d5a6bd8834a4,2018-02-18,SUPER_LIG,2017-18,LEAGUE,,Kasımpaşa SK,Galatasaray SK,2,1,H,Turkey,Turkish Super League,football-data.co.uk
league_ea7b4d64a04e463e,2018-02-18,SUPER_LIG,2017-18,LEAGUE,,Trabzonspor,Buyuksehyr,0,1,A,Turkey,Turkish Super League,football-data.co.uk
league_27f70e6201dbff15,2018-02-19,SUPER_LIG,2017-18,LEAGUE,,Genclerbirligi,Göztepe,3,0,H,Turkey,Turkish Super League,football-data.co.uk
league_445c02e4f4f10d35,2018-02-23,SUPER_LIG,2017-18,LEAGUE,,Akhisar Belediyespor,Konyaspor,3,0,H,Turkey,Turkish Super League,football-data.co.uk
league_7f987de33e32b02e,2018-02-23,SUPER_LIG,2017-18,LEAGUE,,Galatasaray SK,Bursaspor,5,0,H,Turkey,Turkish Super League,football-data.co.uk
league_a449405f9d1553bb,2018-02-24,SUPER_LIG,2017-18,LEAGUE,,Alanyaspor,Trabzonspor,1,2,A,Turkey,Turkish Super League,football-data.co.uk
league_39c7b1c9ff9a08a8,2018-02-24,SUPER_LIG,2017-18,LEAGUE,,Kayserispor,Kasımpaşa SK,3,2,H,Turkey,Turkish Super League,football-data.co.uk
league_dcc7c47051f7a119,2018-02-25,SUPER_LIG,2017-18,LEAGUE,,Beşiktaş JK,Fenerbahçe,3,1,H,Turkey,Turkish Super League,football-data.co.uk
league_095281caf6d5c45e,2018-02-25,SUPER_LIG,2017-18,LEAGUE,,Göztepe,Sivasspor,1,0,H,Turkey,Turkish Super League,football-data.co.uk
league_5c83081ae8854f51,2018-02-25,SUPER_LIG,2017-18,LEAGUE,,Osmanlispor,Antalyaspor,0,0,D,Turkey,Turkish Super League,football-data.co.uk
league_dbcb9fda0f7aaba3,2018-02-25,SUPER_LIG,2017-18,LEAGUE,,Yeni Malatyaspor,Karabukspor,3,1,H,Turkey,Turkish Super League,football-data.co.uk
league_9d770829552f1d7f,2018-02-26,SUPER_LIG,2017-18,LEAGUE,,Buyuksehyr,Genclerbirligi,1,1,D,Turkey,Turkish Super League,football-data.co.uk
league_a0d65d6097acd40e,2018-03-02,SUPER_LIG,2017-18,LEAGUE,,Bursaspor,Kayserispor,1,0,H,Turkey,Turkish Super League,football-data.co.uk
league_8beea1c5c9973b89,2018-03-03,SUPER_LIG,2017-18,LEAGUE,,Buyuksehyr,Göztepe,2,0,H,Turkey,Turkish Super League,football-data.co.uk
league_2d4a55da11cb2d71,2018-03-03,SUPER_LIG,2017-18,LEAGUE,,Karabukspor,Galatasaray SK,0,7,A,Turkey,Turkish Super League,football-data.co.uk
league_e2dedb7a62f5fc94,2018-03-03,SUPER_LIG,2017-18,LEAGUE,,Kasımpaşa SK,Osmanlispor,1,1,D,Turkey,Turkish Super League,football-data.co.uk
league_714ae9c7b8c3a991,2018-03-04,SUPER_LIG,2017-18,LEAGUE,,Antalyaspor,Sivasspor,1,4,A,Turkey,Turkish Super League,football-data.co.uk
league_444316a6abb7e248,2018-03-04,SUPER_LIG,2017-18,LEAGUE,,Fenerbahçe,Akhisar Belediyespor,2,3,A,Turkey,Turkish Super League,football-data.co.uk
league_9212aa5a2f9e7142,2018-03-04,SUPER_LIG,2017-18,LEAGUE,,Genclerbirligi,Alanyaspor,0,1,A,Turkey,Turkish Super League,football-data.co.uk
league_f1d53f9075623dd3,2018-03-04,SUPER_LIG,2017-18,LEAGUE,,Konyaspor,Yeni Malatyaspor,0,1,A,Turkey,Turkish Super League,football-data.co.uk
league_06ad9864e073fd4e,2018-03-05,SUPER_LIG,2017-18,LEAGUE,,Trabzonspor,Beşiktaş JK,0,2,A,Turkey,Turkish Super League,football-data.co.uk
league_371188e872110e14,2018-03-09,SUPER_LIG,2017-18,LEAGUE,,Alanyaspor,Buyuksehyr,4,1,H,Turkey,Turkish Super League,football-data.co.uk
league_ffd8b77ebddfeca5,2018-03-10,SUPER_LIG,2017-18,LEAGUE,,Beşiktaş JK,Genclerbirligi,1,0,H,Turkey,Turkish Super League,football-data.co.uk
league_6037f91ad1e43baf,2018-03-10,SUPER_LIG,2017-18,LEAGUE,,Osmanlispor,Bursaspor,2,1,H,Turkey,Turkish Super League,football-data.co.uk
league_fa301eed0a04bc55,2018-03-10,SUPER_LIG,2017-18,LEAGUE,,Sivasspor,Kasımpaşa SK,2,2,D,Turkey,Turkish Super League,football-data.co.uk
league_d4a177b58bfad0bf,2018-03-11,SUPER_LIG,2017-18,LEAGUE,,Galatasaray SK,Konyaspor,2,1,H,Turkey,Turkish Super League,football-data.co.uk
league_2f53ea0807c794a4,2018-03-11,SUPER_LIG,2017-18,LEAGUE,,Göztepe,Antalyaspor,2,1,H,Turkey,Turkish Super League,football-data.co.uk
league_9d10c66a9b712f32,2018-03-11,SUPER_LIG,2017-18,LEAGUE,,Kayserispor,Karabukspor,3,2,H,Turkey,Turkish Super League,football-data.co.uk
league_a2b5a8124e50194a,2018-03-11,SUPER_LIG,2017-18,LEAGUE,,Yeni Malatyaspor,Fenerbahçe,0,2,A,Turkey,Turkish Super League,football-data.co.uk
league_cd06157fa7fa1247,2018-03-12,SUPER_LIG,2017-18,LEAGUE,,Akhisar Belediyespor,Trabzonspor,1,3,A,Turkey,Turkish Super League,football-data.co.uk
league_2f369063219910eb,2018-03-16,SUPER_LIG,2017-18,LEAGUE,,Karabukspor,Osmanlispor,0,4,A,Turkey,Turkish Super League,football-data.co.uk
league_d249bf48b5ab61a9,2018-03-16,SUPER_LIG,2017-18,LEAGUE,,Kasımpaşa SK,Antalyaspor,2,3,A,Turkey,Turkish Super League,football-data.co.uk
league_26b2d6d3f89c4501,2018-03-17,SUPER_LIG,2017-18,LEAGUE,,Bursaspor,Sivasspor,1,0,H,Turkey,Turkish Super League,football-data.co.uk
league_61055f26f406a7c6,2018-03-17,SUPER_LIG,2017-18,LEAGUE,,Fenerbahçe,Galatasaray SK,0,0,D,Turkey,Turkish Super League,football-data.co.uk
league_f8d008ba5eac9b75,2018-03-17,SUPER_LIG,2017-18,LEAGUE,,Genclerbirligi,Akhisar Belediyespor,1,1,D,Turkey,Turkish Super League,football-data.co.uk
league_54deb81ee9a39702,2018-03-18,SUPER_LIG,2017-18,LEAGUE,,Alanyaspor,Göztepe,1,1,D,Turkey,Turkish Super League,football-data.co.uk
league_a2369bfac151383d,2018-03-18,SUPER_LIG,2017-18,LEAGUE,,Buyuksehyr,Beşiktaş JK,1,0,H,Turkey,Turkish Super League,football-data.co.uk
league_6fdfc08a3670a979,2018-03-18,SUPER_LIG,2017-18,LEAGUE,,Konyaspor,Kayserispor,2,0,H,Turkey,Turkish Super League,football-data.co.uk
league_5500010dd84db277,2018-03-18,SUPER_LIG,2017-18,LEAGUE,,Trabzonspor,Yeni Malatyaspor,4,1,H,Turkey,Turkish Super League,football-data.co.uk
league_178a44fc45291d14,2018-03-30,SUPER_LIG,2017-18,LEAGUE,,Sivasspor,Karabukspor,1,0,H,Turkey,Turkish Super League,football-data.co.uk
league_2df7a91711e33008,2018-03-31,SUPER_LIG,2017-18,LEAGUE,,Antalyaspor,Bursaspor,2,0,H,Turkey,Turkish Super League,football-data.co.uk
league_f0f05738c52366c4,2018-03-31,SUPER_LIG,2017-18,LEAGUE,,Beşiktaş JK,Alanyaspor,1,0,H,Turkey,Turkish Super League,football-data.co.uk
league_d13f4958b31fc166,2018-03-31,SUPER_LIG,2017-18,LEAGUE,,Yeni Malatyaspor,Genclerbirligi,4,1,H,Turkey,Turkish Super League,football-data.co.uk
league_a58efb11d1343143,2018-04-01,SUPER_LIG,2017-18,LEAGUE,,Akhisar Belediyespor,Buyuksehyr,1,2,A,Turkey,Turkish Super League,football-data.co.uk
league_1b27a205446e40ac,2018-04-01,SUPER_LIG,2017-18,LEAGUE,,Galatasaray SK,Trabzonspor,2,1,H,Turkey,Turkish Super League,football-data.co.uk
league_e0153efbe5e3254b,2018-04-01,SUPER_LIG,2017-18,LEAGUE,,Göztepe,Kasımpaşa SK,0,2,A,Turkey,Turkish Super League,football-data.co.uk
league_cad9d9a991f08709,2018-04-01,SUPER_LIG,2017-18,LEAGUE,,Osmanlispor,Konyaspor,0,0,D,Turkey,Turkish Super League,football-data.co.uk
league_ceaac4ed31e17cd8,2018-04-02,SUPER_LIG,2017-18,LEAGUE,,Kayserispor,Fenerbahçe,0,5,A,Turkey,Turkish Super League,football-data.co.uk
league_820377a4137d221f,2018-04-06,SUPER_LIG,2017-18,LEAGUE,,Buyuksehyr,Yeni Malatyaspor,1,0,H,Turkey,Turkish Super League,football-data.co.uk
league_ef6a64bc34148358,2018-04-07,SUPER_LIG,2017-18,LEAGUE,,Beşiktaş JK,Göztepe,5,1,H,Turkey,Turkish Super League,football-data.co.uk
league_6da1b4cf9f1edf58,2018-04-07,SUPER_LIG,2017-18,LEAGUE,,Karabukspor,Antalyaspor,1,2,A,Turkey,Turkish Super League,football-data.co.uk
league_ef2b060ec60b0abe,2018-04-07,SUPER_LIG,2017-18,LEAGUE,,Trabzonspor,Kayserispor,4,0,H,Turkey,Turkish Super League,football-data.co.uk
league_c56c4cb615af9577,2018-04-08,SUPER_LIG,2017-18,LEAGUE,,Alanyaspor,Akhisar Belediyespor,3,1,H,Turkey,Turkish Super League,football-data.co.uk
league_84c30ee613ec27c5,2018-04-08,SUPER_LIG,2017-18,LEAGUE,,Bursaspor,Kasımpaşa SK,0,1,A,Turkey,Turkish Super League,football-data.co.uk
league_23166b44d691fe8a,2018-04-08,SUPER_LIG,2017-18,LEAGUE,,Fenerbahçe,Osmanlispor,2,0,H,Turkey,Turkish Super League,football-data.co.uk
league_58fe01837e7dafd9,2018-04-08,SUPER_LIG,2017-18,LEAGUE,,Konyaspor,Sivasspor,5,0,H,Turkey,Turkish Super League,football-data.co.uk
league_7d5d3e6efbb0b8e9,2018-04-09,SUPER_LIG,2017-18,LEAGUE,,Genclerbirligi,Galatasaray SK,1,0,H,Turkey,Turkish Super League,football-data.co.uk
league_4457cf1be172f6b8,2018-04-13,SUPER_LIG,2017-18,LEAGUE,,Akhisar Belediyespor,Beşiktaş JK,0,3,A,Turkey,Turkish Super League,football-data.co.uk
league_50912790783ceb54,2018-04-14,SUPER_LIG,2017-18,LEAGUE,,Kasımpaşa SK,Karabukspor,2,0,H,Turkey,Turkish Super League,football-data.co.uk
league_c40081223ac07987,2018-04-14,SUPER_LIG,2017-18,LEAGUE,,Sivasspor,Fenerbahçe,1,2,A,Turkey,Turkish Super League,football-data.co.uk
league_468edefbaa9da0db,2018-04-14,SUPER_LIG,2017-18,LEAGUE,,Yeni Malatyaspor,Alanyaspor,1,1,D,Turkey,Turkish Super League,football-data.co.uk
league_24831d2dc57e8941,2018-04-15,SUPER_LIG,2017-18,LEAGUE,,Antalyaspor,Konyaspor,0,0,D,Turkey,Turkish Super League,football-data.co.uk
league_cc443ca1edc370e6,2018-04-15,SUPER_LIG,2017-18,LEAGUE,,Galatasaray SK,Buyuksehyr,2,0,H,Turkey,Turkish Super League,football-data.co.uk
league_25332cb83adcab56,2018-04-15,SUPER_LIG,2017-18,LEAGUE,,Göztepe,Bursaspor,2,1,H,Turkey,Turkish Super League,football-data.co.uk
league_ef521004e2e7363d,2018-04-15,SUPER_LIG,2017-18,LEAGUE,,Kayserispor,Genclerbirligi,3,2,H,Turkey,Turkish Super League,football-data.co.uk
league_d45285fca0f29c42,2018-04-16,SUPER_LIG,2017-18,LEAGUE,,Osmanlispor,Trabzonspor,3,3,D,Turkey,Turkish Super League,football-data.co.uk
league_cfbe81c8f388c0b6,2018-04-20,SUPER_LIG,2017-18,LEAGUE,,Buyuksehyr,Kayserispor,3,1,H,Turkey,Turkish Super League,football-data.co.uk
league_5e32c7ec21629e02,2018-04-21,SUPER_LIG,2017-18,LEAGUE,,Alanyaspor,Galatasaray SK,2,3,A,Turkey,Turkish Super League,football-data.co.uk
league_8a61cd84d98f6736,2018-04-21,SUPER_LIG,2017-18,LEAGUE,,Genclerbirligi,Osmanlispor,0,3,A,Turkey,Turkish Super League,football-data.co.uk
league_e38e318f701f3982,2018-04-21,SUPER_LIG,2017-18,LEAGUE,,Karabukspor,Bursaspor,1,4,A,Turkey,Turkish Super League,football-data.co.uk
league_6418b733bdc23abe,2018-04-21,SUPER_LIG,2017-18,LEAGUE,,Trabzonspor,Sivasspor,0,2,A,Turkey,Turkish Super League,football-data.co.uk
league_596fb2c920eaa698,2018-04-22,SUPER_LIG,2017-18,LEAGUE,,Akhisar Belediyespor,Göztepe,1,1,D,Turkey,Turkish Super League,football-data.co.uk
league_7091057043361706,2018-04-22,SUPER_LIG,2017-18,LEAGUE,,Beşiktaş JK,Yeni Malatyaspor,3,1,H,Turkey,Turkish Super League,football-data.co.uk
league_0fc6198fcff365b6,2018-04-22,SUPER_LIG,2017-18,LEAGUE,,Konyaspor,Kasımpaşa SK,2,0,H,Turkey,Turkish Super League,football-data.co.uk
league_14718a541f57ea7f,2018-04-23,SUPER_LIG,2017-18,LEAGUE,,Fenerbahçe,Antalyaspor,4,1,H,Turkey,Turkish Super League,football-data.co.uk
league_a502d841c0ba7109,2018-04-27,SUPER_LIG,2017-18,LEAGUE,,Göztepe,Karabukspor,5,0,H,Turkey,Turkish Super League,football-data.co.uk
league_fc3dfd5fafa9d05e,2018-04-28,SUPER_LIG,2017-18,LEAGUE,,Antalyaspor,Trabzonspor,1,2,A,Turkey,Turkish Super League,football-data.co.uk
league_4e8334d4d2f5f8fe,2018-04-28,SUPER_LIG,2017-18,LEAGUE,,Kasımpaşa SK,Fenerbahçe,1,4,A,Turkey,Turkish Super League,football-data.co.uk
league_a03bcc03c3d7ac79,2018-04-28,SUPER_LIG,2017-18,LEAGUE,,Kayserispor,Alanyaspor,1,2,A,Turkey,Turkish Super League,football-data.co.uk
league_832facaf91426a29,2018-04-28,SUPER_LIG,2017-18,LEAGUE,,Sivasspor,Genclerbirligi,1,0,H,Turkey,Turkish Super League,football-data.co.uk
league_ab86fda8049ccbad,2018-04-29,SUPER_LIG,2017-18,LEAGUE,,Galatasaray SK,Beşiktaş JK,2,0,H,Turkey,Turkish Super League,football-data.co.uk
league_b9e189ae3f2bddb9,2018-04-29,SUPER_LIG,2017-18,LEAGUE,,Osmanlispor,Buyuksehyr,1,4,A,Turkey,Turkish Super League,football-data.co.uk
league_9fa24011c0e06cc7,2018-04-29,SUPER_LIG,2017-18,LEAGUE,,Yeni Malatyaspor,Akhisar Belediyespor,0,0,D,Turkey,Turkish Super League,football-data.co.uk
league_79d26c292419e608,2018-04-30,SUPER_LIG,2017-18,LEAGUE,,Bursaspor,Konyaspor,2,1,H,Turkey,Turkish Super League,football-data.co.uk
league_cfdc28bf57e29a87,2018-05-04,SUPER_LIG,2017-18,LEAGUE,,Buyuksehyr,Sivasspor,1,1,D,Turkey,Turkish Super League,football-data.co.uk
league_d2c6c287c0c02136,2018-05-05,SUPER_LIG,2017-18,LEAGUE,,Alanyaspor,Osmanlispor,1,1,D,Turkey,Turkish Super League,football-data.co.uk
league_d469c188fbe07cfa,2018-05-05,SUPER_LIG,2017-18,LEAGUE,,Karabukspor,Konyaspor,0,1,A,Turkey,Turkish Super League,football-data.co.uk
league_16b967b10cbbbde3,2018-05-05,SUPER_LIG,2017-18,LEAGUE,,Trabzonspor,Kasımpaşa SK,2,5,A,Turkey,Turkish Super League,football-data.co.uk
league_92dfd91e3d87e015,2018-05-06,SUPER_LIG,2017-18,LEAGUE,,Akhisar Belediyespor,Galatasaray SK,1,2,A,Turkey,Turkish Super League,football-data.co.uk
league_cf3ea50b659d85fd,2018-05-06,SUPER_LIG,2017-18,LEAGUE,,Fenerbahçe,Bursaspor,2,1,H,Turkey,Turkish Super League,football-data.co.uk
league_e10a1ef97a1174b8,2018-05-06,SUPER_LIG,2017-18,LEAGUE,,Genclerbirligi,Antalyaspor,0,1,A,Turkey,Turkish Super League,football-data.co.uk
league_01bf2b1e2ebe4d00,2018-05-07,SUPER_LIG,2017-18,LEAGUE,,Beşiktaş JK,Kayserispor,2,0,H,Turkey,Turkish Super League,football-data.co.uk
league_96c9497915e610b9,2018-05-07,SUPER_LIG,2017-18,LEAGUE,,Göztepe,Yeni Malatyaspor,0,0,D,Turkey,Turkish Super League,football-data.co.uk
league_922f5d1a5c351e43,2018-05-11,SUPER_LIG,2017-18,LEAGUE,,Antalyaspor,Buyuksehyr,0,2,A,Turkey,Turkish Super League,football-data.co.uk
league_5f78bf0633232c54,2018-05-12,SUPER_LIG,2017-18,LEAGUE,,Galatasaray SK,Yeni Malatyaspor,2,0,H,Turkey,Turkish Super League,football-data.co.uk
league_0a3957615ab7794c,2018-05-12,SUPER_LIG,2017-18,LEAGUE,,Kasımpaşa SK,Genclerbirligi,3,1,H,Turkey,Turkish Super League,football-data.co.uk
league_dc358392c9154c80,2018-05-12,SUPER_LIG,2017-18,LEAGUE,,Konyaspor,Göztepe,1,1,D,Turkey,Turkish Super League,football-data.co.uk
league_8524551588ea73bc,2018-05-13,SUPER_LIG,2017-18,LEAGUE,,Bursaspor,Trabzonspor,1,3,A,Turkey,Turkish Super League,football-data.co.uk
league_a85b5df801526b56,2018-05-13,SUPER_LIG,2017-18,LEAGUE,,Osmanlispor,Beşiktaş JK,2,3,A,Turkey,Turkish Super League,football-data.co.uk
league_9e78f9a630c47251,2018-05-13,SUPER_LIG,2017-18,LEAGUE,,Sivasspor,Alanyaspor,2,2,D,Turkey,Turkish Super League,football-data.co.uk
league_8523be4b0a4aa1dd,2018-05-14,SUPER_LIG,2017-18,LEAGUE,,Karabukspor,Fenerbahçe,0,7,A,Turkey,Turkish Super League,football-data.co.uk
league_0df573e8920d6a56,2018-05-14,SUPER_LIG,2017-18,LEAGUE,,Kayserispor,Akhisar Belediyespor,1,2,A,Turkey,Turkish Super League,football-data.co.uk
league_e33a33969d55c2a3,2018-05-18,SUPER_LIG,2017-18,LEAGUE,,Akhisar Belediyespor,Osmanlispor,2,1,H,Turkey,Turkish Super League,football-data.co.uk
league_b514cd21953e3021,2018-05-18,SUPER_LIG,2017-18,LEAGUE,,Alanyaspor,Antalyaspor,3,2,H,Turkey,Turkish Super League,football-data.co.uk
league_938206a41d272233,2018-05-18,SUPER_LIG,2017-18,LEAGUE,,Genclerbirligi,Bursaspor,1,0,H,Turkey,Turkish Super League,football-data.co.uk
league_d5bd5873a24726b9,2018-05-18,SUPER_LIG,2017-18,LEAGUE,,Trabzonspor,Karabukspor,3,0,H,Turkey,Turkish Super League,football-data.co.uk
league_1be5a3447a93a7bf,2018-05-18,SUPER_LIG,2017-18,LEAGUE,,Yeni Malatyaspor,Kayserispor,3,2,H,Turkey,Turkish Super League,football-data.co.uk
league_bc00048d28212716,2018-05-19,SUPER_LIG,2017-18,LEAGUE,,Beşiktaş JK,Sivasspor,5,1,H,Turkey,Turkish Super League,football-data.co.uk
league_0087889684df8567,2018-05-19,SUPER_LIG,2017-18,LEAGUE,,Buyuksehyr,Kasımpaşa SK,3,2,H,Turkey,Turkish Super League,football-data.co.uk
league_eb25187774c1d200,2018-05-19,SUPER_LIG,2017-18,LEAGUE,,Fenerbahçe,Konyaspor,3,2,H,Turkey,Turkish Super League,football-data.co.uk
league_9fb349d076fefa6e,2018-05-19,SUPER_LIG,2017-18,LEAGUE,,Göztepe,Galatasaray SK,0,1,A,Turkey,Turkish Super League,football-data.co.uk
league_3d0828daadd62b65,2018-08-10,SUPER_LIG,2018-19,LEAGUE,,Ankaragucu,Galatasaray SK,1,3,A,Turkey,Turkish Super League,football-data.co.uk
league_1e70750b52785a8b,2018-08-11,SUPER_LIG,2018-19,LEAGUE,,Fenerbahçe,Bursaspor,2,1,H,Turkey,Turkish Super League,football-data.co.uk
league_72666a8999e35109,2018-08-11,SUPER_LIG,2018-19,LEAGUE,,Sivasspor,Alanyaspor,1,0,H,Turkey,Turkish Super League,football-data.co.uk
league_7e38b9096d0d989f,2018-08-11,SUPER_LIG,2018-19,LEAGUE,,Çaykur Rizespor,Kasımpaşa SK,2,3,A,Turkey,Turkish Super League,football-data.co.uk
league_1c47db69f6feaebd,2018-08-12,SUPER_LIG,2018-19,LEAGUE,,Beşiktaş JK,Akhisar Belediyespor,2,1,H,Turkey,Turkish Super League,football-data.co.uk
league_0ae09cae4c1d3abb,2018-08-12,SUPER_LIG,2018-19,LEAGUE,,Buyuksehyr,Trabzonspor,2,0,H,Turkey,Turkish Super League,football-data.co.uk
league_1f69c98d9d740886,2018-08-12,SUPER_LIG,2018-19,LEAGUE,,Göztepe,Yeni Malatyaspor,1,3,A,Turkey,Turkish Super League,football-data.co.uk
league_366d7b778f1c4b8a,2018-08-12,SUPER_LIG,2018-19,LEAGUE,,Konyaspor,Erzurum BB,3,2,H,Turkey,Turkish Super League,football-data.co.uk
league_3a6ee05361c038eb,2018-08-13,SUPER_LIG,2018-19,LEAGUE,,Kayserispor,Antalyaspor,2,0,H,Turkey,Turkish Super League,football-data.co.uk
league_6c56c2c3029ecf60,2018-08-17,SUPER_LIG,2018-19,LEAGUE,,Trabzonspor,Sivasspor,3,1,H,Turkey,Turkish Super League,football-data.co.uk
league_326d7f83cab14ef2,2018-08-18,SUPER_LIG,2018-19,LEAGUE,,Antalyaspor,Konyaspor,3,3,D,Turkey,Turkish Super League,football-data.co.uk
league_b38487a663d1ecfa,2018-08-18,SUPER_LIG,2018-19,LEAGUE,,Bursaspor,Kayserispor,0,0,D,Turkey,Turkish Super League,football-data.co.uk
league_27595bf829b2fc80,2018-08-18,SUPER_LIG,2018-19,LEAGUE,,Yeni Malatyaspor,Fenerbahçe,1,0,H,Turkey,Turkish Super League,football-data.co.uk
league_4f99f1cc1a6d8ce6,2018-08-19,SUPER_LIG,2018-19,LEAGUE,,Akhisar Belediyespor,Çaykur Rizespor,1,1,D,Turkey,Turkish Super League,football-data.co.uk
league_5747410c42c2a241,2018-08-19,SUPER_LIG,2018-19,LEAGUE,,Alanyaspor,Ankaragucu,0,2,A,Turkey,Turkish Super League,football-data.co.uk
league_9005f1b101fb5a9b,2018-08-19,SUPER_LIG,2018-19,LEAGUE,,Erzurum BB,Beşiktaş JK,1,3,A,Turkey,Turkish Super League,football-data.co.uk
league_19a47572f985481e,2018-08-19,SUPER_LIG,2018-19,LEAGUE,,Galatasaray SK,Göztepe,1,0,H,Turkey,Turkish Super League,football-data.co.uk
league_b6fb975b87707e4a,2018-08-20,SUPER_LIG,2018-19,LEAGUE,,Kasımpaşa SK,Buyuksehyr,2,1,H,Turkey,Turkish Super League,football-data.co.uk
league_c03750bcdbeeb565,2018-08-24,SUPER_LIG,2018-19,LEAGUE,,Çaykur Rizespor,Erzurum BB,0,0,D,Turkey,Turkish Super League,football-data.co.uk
league_17fa9f527ea3b21e,2018-08-25,SUPER_LIG,2018-19,LEAGUE,,Ankaragucu,Trabzonspor,2,2,D,Turkey,Turkish Super League,football-data.co.uk
league_ea3f119e96dae2cb,2018-08-25,SUPER_LIG,2018-19,LEAGUE,,Göztepe,Fenerbahçe,1,0,H,Turkey,Turkish Super League,football-data.co.uk
league_7fc1f022edb48db4,2018-08-25,SUPER_LIG,2018-19,LEAGUE,,Kayserispor,Yeni Malatyaspor,0,0,D,Turkey,Turkish Super League,football-data.co.uk
league_6eca9de5617c66e5,2018-08-26,SUPER_LIG,2018-19,LEAGUE,,Beşiktaş JK,Antalyaspor,2,3,A,Turkey,Turkish Super League,football-data.co.uk
league_effdab1b47a333de,2018-08-26,SUPER_LIG,2018-19,LEAGUE,,Konyaspor,Bursaspor,1,1,D,Turkey,Turkish Super League,football-data.co.uk
league_aeac4688dee3bc5b,2018-08-26,SUPER_LIG,2018-19,LEAGUE,,Sivasspor,Kasımpaşa SK,0,3,A,Turkey,Turkish Super League,football-data.co.uk
league_7088edd2b4588299,2018-08-27,SUPER_LIG,2018-19,LEAGUE,,Buyuksehyr,Akhisar Belediyespor,3,1,H,Turkey,Turkish Super League,football-data.co.uk
league_1b99b440f8eac696,2018-08-27,SUPER_LIG,2018-19,LEAGUE,,Galatasaray SK,Alanyaspor,6,0,H,Turkey,Turkish Super League,football-data.co.uk
league_bc895adb4dc7eeba,2018-08-31,SUPER_LIG,2018-19,LEAGUE,,Yeni Malatyaspor,Konyaspor,0,1,A,Turkey,Turkish Super League,football-data.co.uk
league_fbc0d13a3cbeac75,2018-09-01,SUPER_LIG,2018-19,LEAGUE,,Akhisar Belediyespor,Sivasspor,1,1,D,Turkey,Turkish Super League,football-data.co.uk
league_e26d51b55cf0206e,2018-09-01,SUPER_LIG,2018-19,LEAGUE,,Alanyaspor,Göztepe,1,0,H,Turkey,Turkish Super League,football-data.co.uk
league_966f5a6fe331bbc5,2018-09-01,SUPER_LIG,2018-19,LEAGUE,,Fenerbahçe,Kayserispor,2,3,A,Turkey,Turkish Super League,football-data.co.uk
league_a086717b22d35ee5,2018-09-01,SUPER_LIG,2018-19,LEAGUE,,Trabzonspor,Galatasaray SK,4,0,H,Turkey,Turkish Super League,football-data.co.uk
league_c3c98c545f9a4b23,2018-09-02,SUPER_LIG,2018-19,LEAGUE,,Antalyaspor,Çaykur Rizespor,2,1,H,Turkey,Turkish Super League,football-data.co.uk
league_a561c2c763c49177,2018-09-02,SUPER_LIG,2018-19,LEAGUE,,Bursaspor,Beşiktaş JK,1,1,D,Turkey,Turkish Super League,football-data.co.uk
league_5416d7e866291409,2018-09-02,SUPER_LIG,2018-19,LEAGUE,,Erzurum BB,Buyuksehyr,0,1,A,Turkey,Turkish Super League,football-data.co.uk
league_d1bcdd0e5b8f10b7,2018-09-02,SUPER_LIG,2018-19,LEAGUE,,Kasımpaşa SK,Ankaragucu,2,1,H,Turkey,Turkish Super League,football-data.co.uk
league_5d2df972b1fc5c4a,2018-09-14,SUPER_LIG,2018-19,LEAGUE,,Galatasaray SK,Kasımpaşa SK,4,1,H,Turkey,Turkish Super League,football-data.co.uk
league_47d95d927813f008,2018-09-15,SUPER_LIG,2018-19,LEAGUE,,Ankaragucu,Akhisar Belediyespor,1,0,H,Turkey,Turkish Super League,football-data.co.uk
league_9464154bdfeaa63c,2018-09-15,SUPER_LIG,2018-19,LEAGUE,,Beşiktaş JK,Yeni Malatyaspor,2,1,H,Turkey,Turkish Super League,football-data.co.uk
league_cac78612e5fe573b,2018-09-15,SUPER_LIG,2018-19,LEAGUE,,Göztepe,Kayserispor,2,0,H,Turkey,Turkish Super League,football-data.co.uk
league_5da2a39727bff6a8,2018-09-16,SUPER_LIG,2018-19,LEAGUE,,Buyuksehyr,Antalyaspor,4,0,H,Turkey,Turkish Super League,football-data.co.uk
league_6d07739bcc61764c,2018-09-16,SUPER_LIG,2018-19,LEAGUE,,Konyaspor,Fenerbahçe,0,1,A,Turkey,Turkish Super League,football-data.co.uk
league_920036310491372d,2018-09-16,SUPER_LIG,2018-19,LEAGUE,,Sivasspor,Erzurum BB,2,2,D,Turkey,Turkish Super League,football-data.co.uk
league_0416ebc6299e34bb,2018-09-16,SUPER_LIG,2018-19,LEAGUE,,Çaykur Rizespor,Bursaspor,1,1,D,Turkey,Turkish Super League,football-data.co.uk
league_2290fefe552fbb72,2018-09-17,SUPER_LIG,2018-19,LEAGUE,,Alanyaspor,Trabzonspor,1,0,H,Turkey,Turkish Super League,football-data.co.uk
league_9c40ba8cfabfac9e,2018-09-21,SUPER_LIG,2018-19,LEAGUE,,Bursaspor,Buyuksehyr,0,0,D,Turkey,Turkish Super League,football-data.co.uk
league_14131adb5dec006c,2018-09-21,SUPER_LIG,2018-19,LEAGUE,,Erzurum BB,Ankaragucu,0,1,A,Turkey,Turkish Super League,football-data.co.uk
league_9c7a39bfadef2131,2018-09-22,SUPER_LIG,2018-19,LEAGUE,,Kayserispor,Konyaspor,0,2,A,Turkey,Turkish Super League,football-data.co.uk
league_6d7ad6fb050821ed,2018-09-22,SUPER_LIG,2018-19,LEAGUE,,Trabzonspor,Göztepe,1,2,A,Turkey,Turkish Super League,football-data.co.uk
league_018e13c0eacaaa95,2018-09-22,SUPER_LIG,2018-19,LEAGUE,,Yeni Malatyaspor,Çaykur Rizespor,1,0,H,Turkey,Turkish Super League,football-data.co.uk
league_a0f2e6791f04f4aa,2018-09-23,SUPER_LIG,2018-19,LEAGUE,,Akhisar Belediyespor,Galatasaray SK,3,0,H,Turkey,Turkish Super League,football-data.co.uk
league_206c45ce099ebdf6,2018-09-23,SUPER_LIG,2018-19,LEAGUE,,Antalyaspor,Sivasspor,2,1,H,Turkey,Turkish Super League,football-data.co.uk
league_49f2ec0612ac3819,2018-09-23,SUPER_LIG,2018-19,LEAGUE,,Kasımpaşa SK,Alanyaspor,1,2,A,Turkey,Turkish Super League,football-data.co.uk
league_f7ee3787af191750,2018-09-24,SUPER_LIG,2018-19,LEAGUE,,Fenerbahçe,Beşiktaş JK,1,1,D,Turkey,Turkish Super League,football-data.co.uk
league_2e03afbd70d7020f,2018-09-28,SUPER_LIG,2018-19,LEAGUE,,Galatasaray SK,Erzurum BB,1,0,H,Turkey,Turkish Super League,football-data.co.uk
league_6090cff3e4dd29b5,2018-09-29,SUPER_LIG,2018-19,LEAGUE,,Alanyaspor,Akhisar Belediyespor,2,1,H,Turkey,Turkish Super League,football-data.co.uk
league_29513236012ad4b6,2018-09-29,SUPER_LIG,2018-19,LEAGUE,,Beşiktaş JK,Kayserispor,2,0,H,Turkey,Turkish Super League,football-data.co.uk
league_77ddf810576409c9,2018-09-29,SUPER_LIG,2018-19,LEAGUE,,Trabzonspor,Kasımpaşa SK,4,2,H,Turkey,Turkish Super League,football-data.co.uk
league_f99231ab4e6164f6,2018-09-30,SUPER_LIG,2018-19,LEAGUE,,Göztepe,Konyaspor,3,2,H,Turkey,Turkish Super League,football-data.co.uk
league_26d8180d80b99cdd,2018-09-30,SUPER_LIG,2018-19,LEAGUE,,Sivasspor,Bursaspor,2,0,H,Turkey,Turkish Super League,football-data.co.uk
league_7e0ef28cdd85672d,2018-09-30,SUPER_LIG,2018-19,LEAGUE,,Çaykur Rizespor,Fenerbahçe,3,0,H,Turkey,Turkish Super League,football-data.co.uk
league_bc0d5d5354cdddcb,2018-10-01,SUPER_LIG,2018-19,LEAGUE,,Ankaragucu,Antalyaspor,0,1,A,Turkey,Turkish Super League,football-data.co.uk
league_99d433a7411d6b34,2018-10-01,SUPER_LIG,2018-19,LEAGUE,,Buyuksehyr,Yeni Malatyaspor,1,1,D,Turkey,Turkish Super League,football-data.co.uk
league_0a4430a5eb7187c4,2018-10-05,SUPER_LIG,2018-19,LEAGUE,,Kasımpaşa SK,Göztepe,3,1,H,Turkey,Turkish Super League,football-data.co.uk
league_6e193986a0841cd3,2018-10-06,SUPER_LIG,2018-19,LEAGUE,,Antalyaspor,Galatasaray SK,0,1,A,Turkey,Turkish Super League,football-data.co.uk
league_fb3e57ee02a02c77,2018-10-06,SUPER_LIG,2018-19,LEAGUE,,Bursaspor,Ankaragucu,1,0,H,Turkey,Turkish Super League,football-data.co.uk
league_eac4d8828c666e5e,2018-10-06,SUPER_LIG,2018-19,LEAGUE,,Erzurum BB,Alanyaspor,1,0,H,Turkey,Turkish Super League,football-data.co.uk
league_b697be17d6771544,2018-10-06,SUPER_LIG,2018-19,LEAGUE,,Kayserispor,Çaykur Rizespor,2,2,D,Turkey,Turkish Super League,football-data.co.uk
league_e71afd816521f6ef,2018-10-07,SUPER_LIG,2018-19,LEAGUE,,Akhisar Belediyespor,Trabzonspor,1,3,A,Turkey,Turkish Super League,football-data.co.uk
league_d91ce0f620121f81,2018-10-07,SUPER_LIG,2018-19,LEAGUE,,Fenerbahçe,Buyuksehyr,0,0,D,Turkey,Turkish Super League,football-data.co.uk
league_41546a01ab2048de,2018-10-07,SUPER_LIG,2018-19,LEAGUE,,Konyaspor,Beşiktaş JK,2,2,D,Turkey,Turkish Super League,football-data.co.uk
league_63359de6b7e98f10,2018-10-07,SUPER_LIG,2018-19,LEAGUE,,Yeni Malatyaspor,Sivasspor,4,4,D,Turkey,Turkish Super League,football-data.co.uk
league_899649d2af843cc5,2018-10-19,SUPER_LIG,2018-19,LEAGUE,,Galatasaray SK,Bursaspor,1,1,D,Turkey,Turkish Super League,football-data.co.uk
league_bfef369e3e066f58,2018-10-20,SUPER_LIG,2018-19,LEAGUE,,Buyuksehyr,Kayserispor,1,0,H,Turkey,Turkish Super League,football-data.co.uk
league_8b1737e28fcbf0f9,2018-10-20,SUPER_LIG,2018-19,LEAGUE,,Kasımpaşa SK,Akhisar Belediyespor,5,0,H,Turkey,Turkish Super League,football-data.co.uk
league_309d0ce519da7cc7,2018-10-20,SUPER_LIG,2018-19,LEAGUE,,Sivasspor,Fenerbahçe,0,0,D,Turkey,Turkish Super League,football-data.co.uk
league_c078ac175f5bb570,2018-10-21,SUPER_LIG,2018-19,LEAGUE,,Alanyaspor,Antalyaspor,0,1,A,Turkey,Turkish Super League,football-data.co.uk
league_8949161ac66a7d38,2018-10-21,SUPER_LIG,2018-19,LEAGUE,,Ankaragucu,Yeni Malatyaspor,1,0,H,Turkey,Turkish Super League,football-data.co.uk
league_0e7c280682605c41,2018-10-21,SUPER_LIG,2018-19,LEAGUE,,Göztepe,Beşiktaş JK,2,0,H,Turkey,Turkish Super League,football-data.co.uk
league_3ebbe4967661d91f,2018-10-21,SUPER_LIG,2018-19,LEAGUE,,Çaykur Rizespor,Konyaspor,1,1,D,Turkey,Turkish Super League,football-data.co.uk
league_a3800e3121b72923,2018-10-22,SUPER_LIG,2018-19,LEAGUE,,Trabzonspor,Erzurum BB,0,0,D,Turkey,Turkish Super League,football-data.co.uk
league_6605b1e326cf5e53,2018-10-26,SUPER_LIG,2018-19,LEAGUE,,Bursaspor,Alanyaspor,2,0,H,Turkey,Turkish Super League,football-data.co.uk
league_fc1a471ddaf61fd8,2018-10-27,SUPER_LIG,2018-19,LEAGUE,,Antalyaspor,Trabzonspor,1,1,D,Turkey,Turkish Super League,football-data.co.uk
league_e75af5bbda02cb06,2018-10-27,SUPER_LIG,2018-19,LEAGUE,,Erzurum BB,Kasımpaşa SK,1,1,D,Turkey,Turkish Super League,football-data.co.uk
league_02dada2df204d5f4,2018-10-27,SUPER_LIG,2018-19,LEAGUE,,Konyaspor,Buyuksehyr,0,1,A,Turkey,Turkish Super League,football-data.co.uk
league_7717eb4be5c37763,2018-10-28,SUPER_LIG,2018-19,LEAGUE,,Fenerbahçe,Ankaragucu,1,3,A,Turkey,Turkish Super League,football-data.co.uk
league_30a5e58aa2db9277,2018-10-28,SUPER_LIG,2018-19,LEAGUE,,Kayserispor,Sivasspor,2,0,H,Turkey,Turkish Super League,football-data.co.uk
league_177eff46a50f98c7,2018-10-28,SUPER_LIG,2018-19,LEAGUE,,Yeni Malatyaspor,Galatasaray SK,2,0,H,Turkey,Turkish Super League,football-data.co.uk
league_094b166c43fdbdb0,2018-10-29,SUPER_LIG,2018-19,LEAGUE,,Akhisar Belediyespor,Göztepe,1,0,H,Turkey,Turkish Super League,football-data.co.uk
league_a2dee8a08492a04e,2018-10-29,SUPER_LIG,2018-19,LEAGUE,,Beşiktaş JK,Çaykur Rizespor,4,1,H,Turkey,Turkish Super League,football-data.co.uk
league_3e2036fb000b4dc9,2018-11-02,SUPER_LIG,2018-19,LEAGUE,,Galatasaray SK,Fenerbahçe,2,2,D,Turkey,Turkish Super League,football-data.co.uk
league_0871b00f29455802,2018-11-03,SUPER_LIG,2018-19,LEAGUE,,Akhisar Belediyespor,Erzurum BB,1,1,D,Turkey,Turkish Super League,football-data.co.uk
league_32820f04bba8d07f,2018-11-03,SUPER_LIG,2018-19,LEAGUE,,Buyuksehyr,Beşiktaş JK,1,0,H,Turkey,Turkish Super League,football-data.co.uk
league_d2927055fa601e24,2018-11-03,SUPER_LIG,2018-19,LEAGUE,,Kasımpaşa SK,Antalyaspor,1,2,A,Turkey,Turkish Super League,football-data.co.uk
league_0df6624efacfa3bd,2018-11-04,SUPER_LIG,2018-19,LEAGUE,,Alanyaspor,Yeni Malatyaspor,0,1,A,Turkey,Turkish Super League,football-data.co.uk
league_0b92f94fe9f92fbf,2018-11-04,SUPER_LIG,2018-19,LEAGUE,,Ankaragucu,Kayserispor,3,1,H,Turkey,Turkish Super League,football-data.co.uk
league_92db5ea96463b1e1,2018-11-04,SUPER_LIG,2018-19,LEAGUE,,Trabzonspor,Bursaspor,1,1,D,Turkey,Turkish Super League,football-data.co.uk
league_a9de3327851c89ef,2018-11-05,SUPER_LIG,2018-19,LEAGUE,,Göztepe,Çaykur Rizespor,2,0,H,Turkey,Turkish Super League,football-data.co.uk
league_356029ae149679ea,2018-11-05,SUPER_LIG,2018-19,LEAGUE,,Sivasspor,Konyaspor,0,0,D,Turkey,Turkish Super League,football-data.co.uk
league_92fbff922318bd68,2018-11-09,SUPER_LIG,2018-19,LEAGUE,,Yeni Malatyaspor,Trabzonspor,5,0,H,Turkey,Turkish Super League,football-data.co.uk
league_33a1318fe028df4e,2018-11-10,SUPER_LIG,2018-19,LEAGUE,,Erzurum BB,Göztepe,2,1,H,Turkey,Turkish Super League,football-data.co.uk
league_189e4245a43d9e34,2018-11-10,SUPER_LIG,2018-19,LEAGUE,,Kayserispor,Galatasaray SK,0,3,A,Turkey,Turkish Super League,football-data.co.uk
league_c5c777381d90707f,2018-11-10,SUPER_LIG,2018-19,LEAGUE,,Konyaspor,Ankaragucu,2,0,H,Turkey,Turkish Super League,football-data.co.uk
league_d8c4144106e8c71d,2018-11-10,SUPER_LIG,2018-19,LEAGUE,,Çaykur Rizespor,Buyuksehyr,1,2,A,Turkey,Turkish Super League,football-data.co.uk
league_63ad991d7cd72274,2018-11-11,SUPER_LIG,2018-19,LEAGUE,,Antalyaspor,Akhisar Belediyespor,1,2,A,Turkey,Turkish Super League,football-data.co.uk
league_b8c2271cf3c059c0,2018-11-11,SUPER_LIG,2018-19,LEAGUE,,Beşiktaş JK,Sivasspor,1,2,A,Turkey,Turkish Super League,football-data.co.uk
league_5a2661a029c5af80,2018-11-11,SUPER_LIG,2018-19,LEAGUE,,Bursaspor,Kasımpaşa SK,1,2,A,Turkey,Turkish Super League,football-data.co.uk
league_9722a4bea8fa63bb,2018-11-11,SUPER_LIG,2018-19,LEAGUE,,Fenerbahçe,Alanyaspor,2,0,H,Turkey,Turkish Super League,football-data.co.uk
league_d2c000ba6f52e509,2018-11-23,SUPER_LIG,2018-19,LEAGUE,,Galatasaray SK,Konyaspor,1,1,D,Turkey,Turkish Super League,football-data.co.uk
league_d03b8e79047ea922,2018-11-24,SUPER_LIG,2018-19,LEAGUE,,Alanyaspor,Kayserispor,5,0,H,Turkey,Turkish Super League,football-data.co.uk
league_e57e66f0c31f9e3a,2018-11-24,SUPER_LIG,2018-19,LEAGUE,,Ankaragucu,Beşiktaş JK,1,4,A,Turkey,Turkish Super League,football-data.co.uk
league_a7800c323609ef77,2018-11-24,SUPER_LIG,2018-19,LEAGUE,,Erzurum BB,Antalyaspor,1,0,H,Turkey,Turkish Super League,football-data.co.uk
league_05d74fc1e75181bb,2018-11-25,SUPER_LIG,2018-19,LEAGUE,,Akhisar Belediyespor,Bursaspor,2,4,A,Turkey,Turkish Super League,football-data.co.uk
league_c7ecb42ed75df488,2018-11-25,SUPER_LIG,2018-19,LEAGUE,,Kasımpaşa SK,Yeni Malatyaspor,3,0,H,Turkey,Turkish Super League,football-data.co.uk
league_251298d1f8a2d2ac,2018-11-25,SUPER_LIG,2018-19,LEAGUE,,Sivasspor,Çaykur Rizespor,1,1,D,Turkey,Turkish Super League,football-data.co.uk
league_fcb9b50463471bdc,2018-11-25,SUPER_LIG,2018-19,LEAGUE,,Trabzonspor,Fenerbahçe,2,1,H,Turkey,Turkish Super League,football-data.co.uk
league_84850f7503539580,2018-11-26,SUPER_LIG,2018-19,LEAGUE,,Göztepe,Buyuksehyr,0,2,A,Turkey,Turkish Super League,football-data.co.uk
league_0d8d9d30aae207c8,2018-11-30,SUPER_LIG,2018-19,LEAGUE,,Konyaspor,Alanyaspor,2,0,H,Turkey,Turkish Super League,football-data.co.uk
league_5071eeb98544cb13,2018-11-30,SUPER_LIG,2018-19,LEAGUE,,Çaykur Rizespor,Ankaragucu,1,1,D,Turkey,Turkish Super League,football-data.co.uk
league_0f7d5ae045d6de59,2018-12-01,SUPER_LIG,2018-19,LEAGUE,,Antalyaspor,Göztepe,1,0,H,Turkey,Turkish Super League,football-data.co.uk
league_4fd24db476aeea71,2018-12-01,SUPER_LIG,2018-19,LEAGUE,,Buyuksehyr,Sivasspor,0,1,A,Turkey,Turkish Super League,football-data.co.uk
league_e29bece24259edbc,2018-12-01,SUPER_LIG,2018-19,LEAGUE,,Kayserispor,Trabzonspor,0,2,A,Turkey,Turkish Super League,football-data.co.uk
league_228d0f341e4d9a70,2018-12-02,SUPER_LIG,2018-19,LEAGUE,,Beşiktaş JK,Galatasaray SK,1,0,H,Turkey,Turkish Super League,football-data.co.uk
league_9274c59b238cfd41,2018-12-02,SUPER_LIG,2018-19,LEAGUE,,Bursaspor,Erzurum BB,2,1,H,Turkey,Turkish Super League,football-data.co.uk
league_1300482474bd9112,2018-12-03,SUPER_LIG,2018-19,LEAGUE,,Fenerbahçe,Kasımpaşa SK,2,2,D,Turkey,Turkish Super League,football-data.co.uk
league_45d5b40f71ae85ce,2018-12-03,SUPER_LIG,2018-19,LEAGUE,,Yeni Malatyaspor,Akhisar Belediyespor,1,1,D,Turkey,Turkish Super League,football-data.co.uk
league_8441bedb7ae69088,2018-12-07,SUPER_LIG,2018-19,LEAGUE,,Alanyaspor,Beşiktaş JK,0,0,D,Turkey,Turkish Super League,football-data.co.uk
league_a08aca74de0279cc,2018-12-08,SUPER_LIG,2018-19,LEAGUE,,Galatasaray SK,Çaykur Rizespor,2,2,D,Turkey,Turkish Super League,football-data.co.uk
league_4437489523579b98,2018-12-08,SUPER_LIG,2018-19,LEAGUE,,Sivasspor,Göztepe,2,0,H,Turkey,Turkish Super League,football-data.co.uk
league_62a0f611465d3e1c,2018-12-08,SUPER_LIG,2018-19,LEAGUE,,Trabzonspor,Konyaspor,3,0,H,Turkey,Turkish Super League,football-data.co.uk
league_24644ede780701ce,2018-12-09,SUPER_LIG,2018-19,LEAGUE,,Akhisar Belediyespor,Fenerbahçe,3,0,H,Turkey,Turkish Super League,football-data.co.uk
league_4a2d626b9d74c39c,2018-12-09,SUPER_LIG,2018-19,LEAGUE,,Bursaspor,Antalyaspor,0,2,A,Turkey,Turkish Super League,football-data.co.uk
league_9d0683e992256ac9,2018-12-09,SUPER_LIG,2018-19,LEAGUE,,Erzurum BB,Yeni Malatyaspor,1,3,A,Turkey,Turkish Super League,football-data.co.uk
league_90be58001a9a9185,2018-12-10,SUPER_LIG,2018-19,LEAGUE,,Ankaragucu,Buyuksehyr,0,1,A,Turkey,Turkish Super League,football-data.co.uk
league_ec4cb74224cd353b,2018-12-10,SUPER_LIG,2018-19,LEAGUE,,Kasımpaşa SK,Kayserispor,0,3,A,Turkey,Turkish Super League,football-data.co.uk
league_5eb0c20ee2424c9f,2018-12-14,SUPER_LIG,2018-19,LEAGUE,,Göztepe,Bursaspor,0,0,D,Turkey,Turkish Super League,football-data.co.uk
league_d9edd64915262a12,2018-12-15,SUPER_LIG,2018-19,LEAGUE,,Buyuksehyr,Galatasaray SK,1,1,D,Turkey,Turkish Super League,football-data.co.uk
league_f34489b3277f9204,2018-12-15,SUPER_LIG,2018-19,LEAGUE,,Konyaspor,Kasımpaşa SK,3,2,H,Turkey,Turkish Super League,football-data.co.uk
league_c22cd558a0bbd3d4,2018-12-15,SUPER_LIG,2018-19,LEAGUE,,Sivasspor,Ankaragucu,4,0,H,Turkey,Turkish Super League,football-data.co.uk
league_e366a3b4a08bcbc4,2018-12-15,SUPER_LIG,2018-19,LEAGUE,,Çaykur Rizespor,Alanyaspor,1,1,D,Turkey,Turkish Super League,football-data.co.uk
league_90ddf4e5f2afc99d,2018-12-16,SUPER_LIG,2018-19,LEAGUE,,Beşiktaş JK,Trabzonspor,2,2,D,Turkey,Turkish Super League,football-data.co.uk
league_707fc26d25471d57,2018-12-16,SUPER_LIG,2018-19,LEAGUE,,Kayserispor,Akhisar Belediyespor,1,0,H,Turkey,Turkish Super League,football-data.co.uk
league_0306c48d2413dcc5,2018-12-16,SUPER_LIG,2018-19,LEAGUE,,Yeni Malatyaspor,Antalyaspor,2,0,H,Turkey,Turkish Super League,football-data.co.uk
league_a082649eb41c3af9,2018-12-17,SUPER_LIG,2018-19,LEAGUE,,Fenerbahçe,Erzurum BB,2,2,D,Turkey,Turkish Super League,football-data.co.uk
league_c3ad7556335c0fe6,2018-12-22,SUPER_LIG,2018-19,LEAGUE,,Alanyaspor,Buyuksehyr,1,1,D,Turkey,Turkish Super League,football-data.co.uk
league_b7f19bd79249874a,2018-12-22,SUPER_LIG,2018-19,LEAGUE,,Ankaragucu,Göztepe,0,3,A,Turkey,Turkish Super League,football-data.co.uk
league_54ca1f86f115f355,2018-12-22,SUPER_LIG,2018-19,LEAGUE,,Kasımpaşa SK,Beşiktaş JK,4,1,H,Turkey,Turkish Super League,football-data.co.uk
league_802f7079f2ad3ba3,2018-12-23,SUPER_LIG,2018-19,LEAGUE,,Bursaspor,Yeni Malatyaspor,1,1,D,Turkey,Turkish Super League,football-data.co.uk
league_d4d76cf3a67238a8,2018-12-23,SUPER_LIG,2018-19,LEAGUE,,Erzurum BB,Kayserispor,1,1,D,Turkey,Turkish Super League,football-data.co.uk
league_e074160bc528f887,2018-12-23,SUPER_LIG,2018-19,LEAGUE,,Galatasaray SK,Sivasspor,4,2,H,Turkey,Turkish Super League,football-data.co.uk
league_e9eec39224795867,2018-12-23,SUPER_LIG,2018-19,LEAGUE,,Trabzonspor,Çaykur Rizespor,4,1,H,Turkey,Turkish Super League,football-data.co.uk
league_6831204a537fd55f,2018-12-24,SUPER_LIG,2018-19,LEAGUE,,Akhisar Belediyespor,Konyaspor,0,0,D,Turkey,Turkish Super League,football-data.co.uk
league_309cdddc3a41065c,2018-12-24,SUPER_LIG,2018-19,LEAGUE,,Antalyaspor,Fenerbahçe,0,0,D,Turkey,Turkish Super League,football-data.co.uk
league_81857d2e272aceb2,2019-01-18,SUPER_LIG,2018-19,LEAGUE,,Akhisar Belediyespor,Beşiktaş JK,1,3,A,Turkey,Turkish Super League,football-data.co.uk
league_0cd63af486e7a8f9,2019-01-19,SUPER_LIG,2018-19,LEAGUE,,Antalyaspor,Kayserispor,0,0,D,Turkey,Turkish Super League,football-data.co.uk
league_16dac8b8c3e70500,2019-01-19,SUPER_LIG,2018-19,LEAGUE,,Erzurum BB,Konyaspor,1,2,A,Turkey,Turkish Super League,football-data.co.uk
league_3381a2b1741b989e,2019-01-19,SUPER_LIG,2018-19,LEAGUE,,Galatasaray SK,Ankaragucu,6,0,H,Turkey,Turkish Super League,football-data.co.uk
league_3c9239eac037fad7,2019-01-19,SUPER_LIG,2018-19,LEAGUE,,Yeni Malatyaspor,Göztepe,3,2,H,Turkey,Turkish Super League,football-data.co.uk
league_78d20386a3cd7fd0,2019-01-20,SUPER_LIG,2018-19,LEAGUE,,Alanyaspor,Sivasspor,2,0,H,Turkey,Turkish Super League,football-data.co.uk
league_f5dc28a519200e50,2019-01-20,SUPER_LIG,2018-19,LEAGUE,,Trabzonspor,Buyuksehyr,2,4,A,Turkey,Turkish Super League,football-data.co.uk
league_a550a4111880ea22,2019-01-21,SUPER_LIG,2018-19,LEAGUE,,Bursaspor,Fenerbahçe,1,1,D,Turkey,Turkish Super League,football-data.co.uk
league_c593940594f3fff9,2019-01-21,SUPER_LIG,2018-19,LEAGUE,,Kasımpaşa SK,Çaykur Rizespor,0,1,A,Turkey,Turkish Super League,football-data.co.uk
league_89eb196705d40fee,2019-01-25,SUPER_LIG,2018-19,LEAGUE,,Beşiktaş JK,Erzurum BB,1,1,D,Turkey,Turkish Super League,football-data.co.uk
league_0ab7b37535ca7e98,2019-01-26,SUPER_LIG,2018-19,LEAGUE,,Göztepe,Galatasaray SK,0,1,A,Turkey,Turkish Super League,football-data.co.uk
league_45706986659c9f09,2019-01-26,SUPER_LIG,2018-19,LEAGUE,,Kayserispor,Bursaspor,1,1,D,Turkey,Turkish Super League,football-data.co.uk
league_d5ff1bfb7457ff8c,2019-01-27,SUPER_LIG,2018-19,LEAGUE,,Konyaspor,Antalyaspor,2,0,H,Turkey,Turkish Super League,football-data.co.uk
league_7b88e0ae66e510de,2019-01-27,SUPER_LIG,2018-19,LEAGUE,,Sivasspor,Trabzonspor,1,1,D,Turkey,Turkish Super League,football-data.co.uk
league_3a00c51364d13e7d,2019-01-27,SUPER_LIG,2018-19,LEAGUE,,Çaykur Rizespor,Akhisar Belediyespor,3,1,H,Turkey,Turkish Super League,football-data.co.uk
league_668ef2ea7407b3fd,2019-01-28,SUPER_LIG,2018-19,LEAGUE,,Ankaragucu,Alanyaspor,0,2,A,Turkey,Turkish Super League,football-data.co.uk
league_520d15c1e6daed6c,2019-01-28,SUPER_LIG,2018-19,LEAGUE,,Buyuksehyr,Kasımpaşa SK,2,0,H,Turkey,Turkish Super League,football-data.co.uk
league_d87d7a58a60d6c96,2019-01-28,SUPER_LIG,2018-19,LEAGUE,,Fenerbahçe,Yeni Malatyaspor,3,2,H,Turkey,Turkish Super League,football-data.co.uk
league_ee39c0dceb0d7a0c,2019-02-01,SUPER_LIG,2018-19,LEAGUE,,Fenerbahçe,Göztepe,2,0,H,Turkey,Turkish Super League,football-data.co.uk
league_1cc8d1e22189ae2b,2019-02-02,SUPER_LIG,2018-19,LEAGUE,,Alanyaspor,Galatasaray SK,1,1,D,Turkey,Turkish Super League,football-data.co.uk
league_f45db94310fb6072,2019-02-02,SUPER_LIG,2018-19,LEAGUE,,Kasımpaşa SK,Sivasspor,1,3,A,Turkey,Turkish Super League,football-data.co.uk
league_884373cb4fba41e0,2019-02-02,SUPER_LIG,2018-19,LEAGUE,,Trabzonspor,Ankaragucu,1,0,H,Turkey,Turkish Super League,football-data.co.uk
league_c10b4458c5b02ce3,2019-02-02,SUPER_LIG,2018-19,LEAGUE,,Yeni Malatyaspor,Kayserispor,1,1,D,Turkey,Turkish Super League,football-data.co.uk
league_c04a466d78fd2c04,2019-02-03,SUPER_LIG,2018-19,LEAGUE,,Akhisar Belediyespor,Buyuksehyr,0,3,A,Turkey,Turkish Super League,football-data.co.uk
league_8c41010a7c3b000d,2019-02-03,SUPER_LIG,2018-19,LEAGUE,,Antalyaspor,Beşiktaş JK,2,6,A,Turkey,Turkish Super League,football-data.co.uk
league_9465d45c3471b38a,2019-02-03,SUPER_LIG,2018-19,LEAGUE,,Erzurum BB,Çaykur Rizespor,0,1,A,Turkey,Turkish Super League,football-data.co.uk
league_b872744b99927be6,2019-02-04,SUPER_LIG,2018-19,LEAGUE,,Bursaspor,Konyaspor,0,0,D,Turkey,Turkish Super League,football-data.co.uk
league_fba24154d75c2079,2019-02-08,SUPER_LIG,2018-19,LEAGUE,,Kayserispor,Fenerbahçe,1,0,H,Turkey,Turkish Super League,football-data.co.uk
league_22f003bab3fd6a9a,2019-02-09,SUPER_LIG,2018-19,LEAGUE,,Beşiktaş JK,Bursaspor,2,0,H,Turkey,Turkish Super League,football-data.co.uk
league_0fb104871158da37,2019-02-09,SUPER_LIG,2018-19,LEAGUE,,Buyuksehyr,Erzurum BB,1,1,D,Turkey,Turkish Super League,football-data.co.uk
league_f0657aebd6265fd6,2019-02-09,SUPER_LIG,2018-19,LEAGUE,,Çaykur Rizespor,Antalyaspor,1,1,D,Turkey,Turkish Super League,football-data.co.uk
league_9cbf567424ead957,2019-02-10,SUPER_LIG,2018-19,LEAGUE,,Galatasaray SK,Trabzonspor,3,1,H,Turkey,Turkish Super League,football-data.co.uk
league_12e1cd57ba17d3eb,2019-02-10,SUPER_LIG,2018-19,LEAGUE,,Göztepe,Alanyaspor,3,2,H,Turkey,Turkish Super League,football-data.co.uk
league_df6b594cf1167f1b,2019-02-10,SUPER_LIG,2018-19,LEAGUE,,Konyaspor,Yeni Malatyaspor,1,1,D,Turkey,Turkish Super League,football-data.co.uk
league_58bec8a5b0cd9059,2019-02-11,SUPER_LIG,2018-19,LEAGUE,,Ankaragucu,Kasımpaşa SK,3,0,H,Turkey,Turkish Super League,football-data.co.uk
league_9918a632acc3463d,2019-02-11,SUPER_LIG,2018-19,LEAGUE,,Sivasspor,Akhisar Belediyespor,2,1,H,Turkey,Turkish Super League,football-data.co.uk
league_39837b39c9b5bf2f,2019-02-15,SUPER_LIG,2018-19,LEAGUE,,Yeni Malatyaspor,Beşiktaş JK,1,2,A,Turkey,Turkish Super League,football-data.co.uk
league_9b9dbe65b6c4de16,2019-02-16,SUPER_LIG,2018-19,LEAGUE,,Akhisar Belediyespor,Ankaragucu,0,0,D,Turkey,Turkish Super League,football-data.co.uk
league_a0b0a34e95815a27,2019-02-16,SUPER_LIG,2018-19,LEAGUE,,Bursaspor,Çaykur Rizespor,0,2,A,Turkey,Turkish Super League,football-data.co.uk
league_978c4b009d9432d1,2019-02-16,SUPER_LIG,2018-19,LEAGUE,,Fenerbahçe,Konyaspor,1,1,D,Turkey,Turkish Super League,football-data.co.uk
league_9e4f78d00933b557,2019-02-17,SUPER_LIG,2018-19,LEAGUE,,Erzurum BB,Sivasspor,4,2,H,Turkey,Turkish Super League,football-data.co.uk
league_041f25802da46964,2019-02-17,SUPER_LIG,2018-19,LEAGUE,,Kasımpaşa SK,Galatasaray SK,1,4,A,Turkey,Turkish Super League,football-data.co.uk
league_1517b733b1ebcf85,2019-02-17,SUPER_LIG,2018-19,LEAGUE,,Kayserispor,Göztepe,2,1,H,Turkey,Turkish Super League,football-data.co.uk
league_fa9ef4bd71f8ece4,2019-02-17,SUPER_LIG,2018-19,LEAGUE,,Trabzonspor,Alanyaspor,0,2,A,Turkey,Turkish Super League,football-data.co.uk
league_7eb77bbe9c6ef4b3,2019-02-18,SUPER_LIG,2018-19,LEAGUE,,Antalyaspor,Buyuksehyr,0,1,A,Turkey,Turkish Super League,football-data.co.uk
league_cc23fa019d2d1fc4,2019-02-22,SUPER_LIG,2018-19,LEAGUE,,Göztepe,Trabzonspor,1,3,A,Turkey,Turkish Super League,football-data.co.uk
league_bd661e5e049b5686,2019-02-22,SUPER_LIG,2018-19,LEAGUE,,Çaykur Rizespor,Yeni Malatyaspor,3,0,H,Turkey,Turkish Super League,football-data.co.uk
league_29c346ea8987696f,2019-02-23,SUPER_LIG,2018-19,LEAGUE,,Alanyaspor,Kasımpaşa SK,3,0,H,Turkey,Turkish Super League,football-data.co.uk
league_62ef9bd0459eb3d0,2019-02-23,SUPER_LIG,2018-19,LEAGUE,,Buyuksehyr,Bursaspor,3,0,H,Turkey,Turkish Super League,football-data.co.uk
league_2cfea0a0286b3928,2019-02-23,SUPER_LIG,2018-19,LEAGUE,,Sivasspor,Antalyaspor,1,2,A,Turkey,Turkish Super League,football-data.co.uk
league_b54e911dd75c99b8,2019-02-24,SUPER_LIG,2018-19,LEAGUE,,Ankaragucu,Erzurum BB,2,1,H,Turkey,Turkish Super League,football-data.co.uk
league_f62a086991726a0e,2019-02-24,SUPER_LIG,2018-19,LEAGUE,,Galatasaray SK,Akhisar Belediyespor,1,0,H,Turkey,Turkish Super League,football-data.co.uk
league_5331a822ded581fb,2019-02-24,SUPER_LIG,2018-19,LEAGUE,,Konyaspor,Kayserispor,0,1,A,Turkey,Turkish Super League,football-data.co.uk
league_8666f6811127626d,2019-02-25,SUPER_LIG,2018-19,LEAGUE,,Beşiktaş JK,Fenerbahçe,3,3,D,Turkey,Turkish Super League,football-data.co.uk
league_b9f0bcd2c4f326c9,2019-03-01,SUPER_LIG,2018-19,LEAGUE,,Antalyaspor,Ankaragucu,2,4,A,Turkey,Turkish Super League,football-data.co.uk
league_a6f88d81917dfc93,2019-03-02,SUPER_LIG,2018-19,LEAGUE,,Bursaspor,Sivasspor,3,2,H,Turkey,Turkish Super League,football-data.co.uk
league_25fbd218310b669d,2019-03-02,SUPER_LIG,2018-19,LEAGUE,,Fenerbahçe,Çaykur Rizespor,3,2,H,Turkey,Turkish Super League,football-data.co.uk
league_943b0a1b89803aa8,2019-03-02,SUPER_LIG,2018-19,LEAGUE,,Kayserispor,Beşiktaş JK,2,2,D,Turkey,Turkish Super League,football-data.co.uk
league_37a6615db96523ea,2019-03-03,SUPER_LIG,2018-19,LEAGUE,,Erzurum BB,Galatasaray SK,1,1,D,Turkey,Turkish Super League,football-data.co.uk
league_2e7a4ba4f35a090b,2019-03-03,SUPER_LIG,2018-19,LEAGUE,,Konyaspor,Göztepe,1,1,D,Turkey,Turkish Super League,football-data.co.uk
league_3909b6fe08d872c5,2019-03-03,SUPER_LIG,2018-19,LEAGUE,,Yeni Malatyaspor,Buyuksehyr,0,2,A,Turkey,Turkish Super League,football-data.co.uk
league_f461fb5ee0b064f6,2019-03-04,SUPER_LIG,2018-19,LEAGUE,,Akhisar Belediyespor,Alanyaspor,3,1,H,Turkey,Turkish Super League,football-data.co.uk
league_23d31eca09e6c575,2019-03-04,SUPER_LIG,2018-19,LEAGUE,,Kasımpaşa SK,Trabzonspor,2,2,D,Turkey,Turkish Super League,football-data.co.uk
league_b8581999e39050c9,2019-03-08,SUPER_LIG,2018-19,LEAGUE,,Sivasspor,Yeni Malatyaspor,2,0,H,Turkey,Turkish Super League,football-data.co.uk
league_6c508eac715f2096,2019-03-09,SUPER_LIG,2018-19,LEAGUE,,Ankaragucu,Bursaspor,0,0,D,Turkey,Turkish Super League,football-data.co.uk
league_3afeece7ac2360b0,2019-03-09,SUPER_LIG,2018-19,LEAGUE,,Buyuksehyr,Fenerbahçe,2,1,H,Turkey,Turkish Super League,football-data.co.uk
league_5a110885f56a7bbc,2019-03-09,SUPER_LIG,2018-19,LEAGUE,,Trabzonspor,Akhisar Belediyespor,2,1,H,Turkey,Turkish Super League,football-data.co.uk
league_c4077421cf7e4298,2019-03-10,SUPER_LIG,2018-19,LEAGUE,,Alanyaspor,Erzurum BB,2,1,H,Turkey,Turkish Super League,football-data.co.uk
league_b48370fe609f5532,2019-03-10,SUPER_LIG,2018-19,LEAGUE,,Beşiktaş JK,Konyaspor,3,2,H,Turkey,Turkish Super League,football-data.co.uk
league_7c25717a36c36f38,2019-03-10,SUPER_LIG,2018-19,LEAGUE,,Göztepe,Kasımpaşa SK,0,0,D,Turkey,Turkish Super League,football-data.co.uk
league_6d11c451a8f7687e,2019-03-10,SUPER_LIG,2018-19,LEAGUE,,Çaykur Rizespor,Kayserispor,3,0,H,Turkey,Turkish Super League,football-data.co.uk
league_be8e40d26fe685bd,2019-03-11,SUPER_LIG,2018-19,LEAGUE,,Galatasaray SK,Antalyaspor,5,0,H,Turkey,Turkish Super League,football-data.co.uk
league_28befdd6f49dae33,2019-03-15,SUPER_LIG,2018-19,LEAGUE,,Fenerbahçe,Sivasspor,2,1,H,Turkey,Turkish Super League,football-data.co.uk
league_dd4c054bf1b3bac0,2019-03-16,SUPER_LIG,2018-19,LEAGUE,,Akhisar Belediyespor,Kasımpaşa SK,2,3,A,Turkey,Turkish Super League,football-data.co.uk
league_47b3f23aa45bd6b2,2019-03-16,SUPER_LIG,2018-19,LEAGUE,,Antalyaspor,Alanyaspor,3,0,H,Turkey,Turkish Super League,football-data.co.uk
league_7c4889c2e5bba93f,2019-03-16,SUPER_LIG,2018-19,LEAGUE,,Beşiktaş JK,Göztepe,1,0,H,Turkey,Turkish Super League,football-data.co.uk
league_1ef0e0906faba704,2019-03-16,SUPER_LIG,2018-19,LEAGUE,,Erzurum BB,Trabzonspor,0,1,A,Turkey,Turkish Super League,football-data.co.uk
league_f6289b3911d042e0,2019-03-16,SUPER_LIG,2018-19,LEAGUE,,Konyaspor,Çaykur Rizespor,0,2,A,Turkey,Turkish Super League,football-data.co.uk
league_e7d523cf648a0dc0,2019-03-17,SUPER_LIG,2018-19,LEAGUE,,Bursaspor,Galatasaray SK,2,3,A,Turkey,Turkish Super League,football-data.co.uk
league_044abdb90a7ae21c,2019-03-17,SUPER_LIG,2018-19,LEAGUE,,Kayserispor,Buyuksehyr,1,1,D,Turkey,Turkish Super League,football-data.co.uk
league_7d41124c722d2332,2019-03-17,SUPER_LIG,2018-19,LEAGUE,,Yeni Malatyaspor,Ankaragucu,3,1,H,Turkey,Turkish Super League,football-data.co.uk
league_0f7251b252f6d82d,2019-04-05,SUPER_LIG,2018-19,LEAGUE,,Trabzonspor,Antalyaspor,4,1,H,Turkey,Turkish Super League,football-data.co.uk
league_30e2249d849af9e2,2019-04-06,SUPER_LIG,2018-19,LEAGUE,,Alanyaspor,Bursaspor,1,0,H,Turkey,Turkish Super League,football-data.co.uk
league_4dc3248ec8303ab0,2019-04-06,SUPER_LIG,2018-19,LEAGUE,,Galatasaray SK,Yeni Malatyaspor,3,0,H,Turkey,Turkish Super League,football-data.co.uk
league_a13ae92cbd562415,2019-04-06,SUPER_LIG,2018-19,LEAGUE,,Sivasspor,Kayserispor,1,3,A,Turkey,Turkish Super League,football-data.co.uk
league_b311fe4ea3aa524a,2019-04-07,SUPER_LIG,2018-19,LEAGUE,,Ankaragucu,Fenerbahçe,1,1,D,Turkey,Turkish Super League,football-data.co.uk
league_25ce586789d13b70,2019-04-07,SUPER_LIG,2018-19,LEAGUE,,Buyuksehyr,Konyaspor,2,0,H,Turkey,Turkish Super League,football-data.co.uk
league_f88abca4a375cb9d,2019-04-07,SUPER_LIG,2018-19,LEAGUE,,Göztepe,Akhisar Belediyespor,0,1,A,Turkey,Turkish Super League,football-data.co.uk
league_7dbf8eec78e0a4ca,2019-04-07,SUPER_LIG,2018-19,LEAGUE,,Kasımpaşa SK,Erzurum BB,2,1,H,Turkey,Turkish Super League,football-data.co.uk
league_0126c8a8f25c9f7a,2019-04-08,SUPER_LIG,2018-19,LEAGUE,,Çaykur Rizespor,Beşiktaş JK,2,7,A,Turkey,Turkish Super League,football-data.co.uk
league_1271de1e6b5bc9a9,2019-04-12,SUPER_LIG,2018-19,LEAGUE,,Bursaspor,Trabzonspor,0,1,A,Turkey,Turkish Super League,football-data.co.uk
league_cc7bf67ff5be2134,2019-04-13,SUPER_LIG,2018-19,LEAGUE,,Beşiktaş JK,Buyuksehyr,2,1,H,Turkey,Turkish Super League,football-data.co.uk
league_e7d6ffa09b993023,2019-04-13,SUPER_LIG,2018-19,LEAGUE,,Konyaspor,Sivasspor,1,1,D,Turkey,Turkish Super League,football-data.co.uk
league_27e42fe41655bda4,2019-04-13,SUPER_LIG,2018-19,LEAGUE,,Çaykur Rizespor,Göztepe,1,0,H,Turkey,Turkish Super League,football-data.co.uk
league_5c0caea154db6ad7,2019-04-14,SUPER_LIG,2018-19,LEAGUE,,Antalyaspor,Kasımpaşa SK,1,0,H,Turkey,Turkish Super League,football-data.co.uk
league_c1fb30d2fa8b57d9,2019-04-14,SUPER_LIG,2018-19,LEAGUE,,Fenerbahçe,Galatasaray SK,1,1,D,Turkey,Turkish Super League,football-data.co.uk
league_8160853729429ca2,2019-04-14,SUPER_LIG,2018-19,LEAGUE,,Kayserispor,Ankaragucu,0,2,A,Turkey,Turkish Super League,football-data.co.uk
league_eed07315e8bd8bce,2019-04-14,SUPER_LIG,2018-19,LEAGUE,,Yeni Malatyaspor,Alanyaspor,1,1,D,Turkey,Turkish Super League,football-data.co.uk
league_242343a1a54ba23d,2019-04-15,SUPER_LIG,2018-19,LEAGUE,,Erzurum BB,Akhisar Belediyespor,2,1,H,Turkey,Turkish Super League,football-data.co.uk
league_29e9435639884532,2019-04-19,SUPER_LIG,2018-19,LEAGUE,,Kasımpaşa SK,Bursaspor,1,1,D,Turkey,Turkish Super League,football-data.co.uk
league_040bc7d71878b11d,2019-04-20,SUPER_LIG,2018-19,LEAGUE,,Akhisar Belediyespor,Antalyaspor,1,2,A,Turkey,Turkish Super League,football-data.co.uk
league_358a8dc37d06cb55,2019-04-20,SUPER_LIG,2018-19,LEAGUE,,Galatasaray SK,Kayserispor,3,1,H,Turkey,Turkish Super League,football-data.co.uk
league_ab380e684fb648c5,2019-04-20,SUPER_LIG,2018-19,LEAGUE,,Göztepe,Erzurum BB,0,1,A,Turkey,Turkish Super League,football-data.co.uk
league_54d8b3f24fb2dd0a,2019-04-20,SUPER_LIG,2018-19,LEAGUE,,Trabzonspor,Yeni Malatyaspor,2,1,H,Turkey,Turkish Super League,football-data.co.uk
league_0a4f24b970a1fcbd,2019-04-21,SUPER_LIG,2018-19,LEAGUE,,Alanyaspor,Fenerbahçe,1,0,H,Turkey,Turkish Super League,football-data.co.uk
league_0c2f0f38478330d7,2019-04-21,SUPER_LIG,2018-19,LEAGUE,,Ankaragucu,Konyaspor,0,0,D,Turkey,Turkish Super League,football-data.co.uk
league_1001a93a68fd2dbb,2019-04-21,SUPER_LIG,2018-19,LEAGUE,,Buyuksehyr,Çaykur Rizespor,1,1,D,Turkey,Turkish Super League,football-data.co.uk
league_5cbd101cf0a9714e,2019-04-22,SUPER_LIG,2018-19,LEAGUE,,Sivasspor,Beşiktaş JK,1,2,A,Turkey,Turkish Super League,football-data.co.uk
league_887ab42f5b324561,2019-04-26,SUPER_LIG,2018-19,LEAGUE,,Buyuksehyr,Göztepe,0,2,A,Turkey,Turkish Super League,football-data.co.uk
league_9c0f2d60b3c57077,2019-04-27,SUPER_LIG,2018-19,LEAGUE,,Antalyaspor,Erzurum BB,1,1,D,Turkey,Turkish Super League,football-data.co.uk
league_1b4318cfed67ec36,2019-04-27,SUPER_LIG,2018-19,LEAGUE,,Fenerbahçe,Trabzonspor,1,1,D,Turkey,Turkish Super League,football-data.co.uk
league_ec37a2290a2daf3e,2019-04-27,SUPER_LIG,2018-19,LEAGUE,,Çaykur Rizespor,Sivasspor,0,0,D,Turkey,Turkish Super League,football-data.co.uk
league_401f1c8d6a220e1a,2019-04-28,SUPER_LIG,2018-19,LEAGUE,,Beşiktaş JK,Ankaragucu,4,1,H,Turkey,Turkish Super League,football-data.co.uk
league_29d7aa6af7dac002,2019-04-28,SUPER_LIG,2018-19,LEAGUE,,Bursaspor,Akhisar Belediyespor,0,0,D,Turkey,Turkish Super League,football-data.co.uk
league_e79c0c0152b4af3b,2019-04-28,SUPER_LIG,2018-19,LEAGUE,,Kayserispor,Alanyaspor,1,1,D,Turkey,Turkish Super League,football-data.co.uk
league_bb05c22804847e86,2019-04-29,SUPER_LIG,2018-19,LEAGUE,,Konyaspor,Galatasaray SK,0,0,D,Turkey,Turkish Super League,football-data.co.uk
league_5b3e3b3c2ed1cb6b,2019-04-29,SUPER_LIG,2018-19,LEAGUE,,Yeni Malatyaspor,Kasımpaşa SK,2,1,H,Turkey,Turkish Super League,football-data.co.uk
league_d8c63d07744b1eb6,2019-05-03,SUPER_LIG,2018-19,LEAGUE,,Sivasspor,Buyuksehyr,0,0,D,Turkey,Turkish Super League,football-data.co.uk
league_01fdc43f53744a48,2019-05-04,SUPER_LIG,2018-19,LEAGUE,,Ankaragucu,Çaykur Rizespor,2,2,D,Turkey,Turkish Super League,football-data.co.uk
league_be02c42851c6d017,2019-05-04,SUPER_LIG,2018-19,LEAGUE,,Erzurum BB,Bursaspor,2,0,H,Turkey,Turkish Super League,football-data.co.uk
league_6d778ea63f96d8fb,2019-05-04,SUPER_LIG,2018-19,LEAGUE,,Kasımpaşa SK,Fenerbahçe,1,3,A,Turkey,Turkish Super League,football-data.co.uk
league_0017f8388258958c,2019-05-05,SUPER_LIG,2018-19,LEAGUE,,Akhisar Belediyespor,Yeni Malatyaspor,0,2,A,Turkey,Turkish Super League,football-data.co.uk
league_eed0540dfb9bba67,2019-05-05,SUPER_LIG,2018-19,LEAGUE,,Galatasaray SK,Beşiktaş JK,2,0,H,Turkey,Turkish Super League,football-data.co.uk
league_fc94753b826938d3,2019-05-05,SUPER_LIG,2018-19,LEAGUE,,Göztepe,Antalyaspor,4,1,H,Turkey,Turkish Super League,football-data.co.uk
league_2be208e5209d6c9a,2019-05-06,SUPER_LIG,2018-19,LEAGUE,,Alanyaspor,Konyaspor,2,4,A,Turkey,Turkish Super League,football-data.co.uk
league_8dfba222a62fbebe,2019-05-06,SUPER_LIG,2018-19,LEAGUE,,Trabzonspor,Kayserispor,4,2,H,Turkey,Turkish Super League,football-data.co.uk
league_3debbdb34c1bc4ac,2019-05-10,SUPER_LIG,2018-19,LEAGUE,,Antalyaspor,Bursaspor,0,1,A,Turkey,Turkish Super League,football-data.co.uk
league_d3783580d5a15e00,2019-05-11,SUPER_LIG,2018-19,LEAGUE,,Fenerbahçe,Akhisar Belediyespor,2,1,H,Turkey,Turkish Super League,football-data.co.uk
league_5a0b7f02841e7e30,2019-05-11,SUPER_LIG,2018-19,LEAGUE,,Göztepe,Sivasspor,3,3,D,Turkey,Turkish Super League,football-data.co.uk
league_0db1c0770ebdb3e0,2019-05-11,SUPER_LIG,2018-19,LEAGUE,,Çaykur Rizespor,Galatasaray SK,2,3,A,Turkey,Turkish Super League,football-data.co.uk
league_86fc11c97de4ae41,2019-05-12,SUPER_LIG,2018-19,LEAGUE,,Buyuksehyr,Ankaragucu,2,1,H,Turkey,Turkish Super League,football-data.co.uk
league_8d036d908a6faea6,2019-05-12,SUPER_LIG,2018-19,LEAGUE,,Kayserispor,Kasımpaşa SK,2,1,H,Turkey,Turkish Super League,football-data.co.uk
league_f428f1f62a1fb3b3,2019-05-12,SUPER_LIG,2018-19,LEAGUE,,Konyaspor,Trabzonspor,2,2,D,Turkey,Turkish Super League,football-data.co.uk
league_e3b0e0ac4a3d29f8,2019-05-12,SUPER_LIG,2018-19,LEAGUE,,Yeni Malatyaspor,Erzurum BB,3,1,H,Turkey,Turkish Super League,football-data.co.uk
league_98a0a43bf40ead47,2019-05-13,SUPER_LIG,2018-19,LEAGUE,,Beşiktaş JK,Alanyaspor,2,1,H,Turkey,Turkish Super League,football-data.co.uk
league_102266ad9b45021c,2019-05-17,SUPER_LIG,2018-19,LEAGUE,,Kasımpaşa SK,Konyaspor,1,1,D,Turkey,Turkish Super League,football-data.co.uk
league_7cb77954f1f336af,2019-05-18,SUPER_LIG,2018-19,LEAGUE,,Antalyaspor,Yeni Malatyaspor,3,0,H,Turkey,Turkish Super League,football-data.co.uk
league_c844e5b07db78459,2019-05-18,SUPER_LIG,2018-19,LEAGUE,,Trabzonspor,Beşiktaş JK,2,1,H,Turkey,Turkish Super League,football-data.co.uk
league_424d66e80537a866,2019-05-19,SUPER_LIG,2018-19,LEAGUE,,Akhisar Belediyespor,Kayserispor,2,2,D,Turkey,Turkish Super League,football-data.co.uk
league_eb7c2d6f88a12e66,2019-05-19,SUPER_LIG,2018-19,LEAGUE,,Alanyaspor,Çaykur Rizespor,1,1,D,Turkey,Turkish Super League,football-data.co.uk
league_10df066d5860ba6d,2019-05-19,SUPER_LIG,2018-19,LEAGUE,,Bursaspor,Göztepe,0,0,D,Turkey,Turkish Super League,football-data.co.uk
league_91186af52ad4480f,2019-05-19,SUPER_LIG,2018-19,LEAGUE,,Galatasaray SK,Buyuksehyr,2,1,H,Turkey,Turkish Super League,football-data.co.uk
league_b618d1d64115aa9c,2019-05-20,SUPER_LIG,2018-19,LEAGUE,,Ankaragucu,Sivasspor,3,1,H,Turkey,Turkish Super League,football-data.co.uk
league_87a6ae2d981d9488,2019-05-20,SUPER_LIG,2018-19,LEAGUE,,Erzurum BB,Fenerbahçe,0,1,A,Turkey,Turkish Super League,football-data.co.uk
league_4e309c54d14ce066,2019-05-24,SUPER_LIG,2018-19,LEAGUE,,Beşiktaş JK,Kasımpaşa SK,3,2,H,Turkey,Turkish Super League,football-data.co.uk
league_e47347279873df4e,2019-05-24,SUPER_LIG,2018-19,LEAGUE,,Buyuksehyr,Alanyaspor,1,1,D,Turkey,Turkish Super League,football-data.co.uk
league_947d352a82f3c090,2019-05-24,SUPER_LIG,2018-19,LEAGUE,,Sivasspor,Galatasaray SK,4,3,H,Turkey,Turkish Super League,football-data.co.uk
league_a7b616874dac5fbf,2019-05-24,SUPER_LIG,2018-19,LEAGUE,,Çaykur Rizespor,Trabzonspor,2,3,A,Turkey,Turkish Super League,football-data.co.uk
league_e3abb17a26070437,2019-05-25,SUPER_LIG,2018-19,LEAGUE,,Konyaspor,Akhisar Belediyespor,0,0,D,Turkey,Turkish Super League,football-data.co.uk
league_0e9acd202d1572db,2019-05-26,SUPER_LIG,2018-19,LEAGUE,,Fenerbahçe,Antalyaspor,3,1,H,Turkey,Turkish Super League,football-data.co.uk
league_81e513ecc1774b78,2019-05-26,SUPER_LIG,2018-19,LEAGUE,,Göztepe,Ankaragucu,2,1,H,Turkey,Turkish Super League,football-data.co.uk
league_a3930b651f878e75,2019-05-26,SUPER_LIG,2018-19,LEAGUE,,Kayserispor,Erzurum BB,0,2,A,Turkey,Turkish Super League,football-data.co.uk
league_d076301d6d0eacab,2019-05-26,SUPER_LIG,2018-19,LEAGUE,,Yeni Malatyaspor,Bursaspor,1,2,A,Turkey,Turkish Super League,football-data.co.uk
league_157d0c806ea4b19a,2019-08-16,SUPER_LIG,2019-20,LEAGUE,,Denizlispor,Galatasaray SK,2,0,H,Turkey,Turkish Super League,football-data.co.uk
league_da9867ff56f3ae61,2019-08-17,SUPER_LIG,2019-20,LEAGUE,,Genclerbirligi,Çaykur Rizespor,0,1,A,Turkey,Turkish Super League,football-data.co.uk
league_b9859fbb448dcce8,2019-08-17,SUPER_LIG,2019-20,LEAGUE,,Kayserispor,Alanyaspor,0,1,A,Turkey,Turkish Super League,football-data.co.uk
league_5485a0011eb39542,2019-08-17,SUPER_LIG,2019-20,LEAGUE,,Sivasspor,Beşiktaş JK,3,0,H,Turkey,Turkish Super League,football-data.co.uk
league_71d0548f90a55c80,2019-08-18,SUPER_LIG,2019-20,LEAGUE,,Göztepe,Antalyaspor,0,1,A,Turkey,Turkish Super League,football-data.co.uk
league_13174a580405ef11,2019-08-18,SUPER_LIG,2019-20,LEAGUE,,Kasımpaşa SK,Trabzonspor,1,1,D,Turkey,Turkish Super League,football-data.co.uk
league_eb895ebd4bc72673,2019-08-18,SUPER_LIG,2019-20,LEAGUE,,Konyaspor,Ankaragucu,0,0,D,Turkey,Turkish Super League,football-data.co.uk
league_d0ee2175bf1bf885,2019-08-18,SUPER_LIG,2019-20,LEAGUE,,Yeni Malatyaspor,Buyuksehyr,3,0,H,Turkey,Turkish Super League,football-data.co.uk
league_fd99ffbe6b2a9957,2019-08-19,SUPER_LIG,2019-20,LEAGUE,,Fenerbahçe,Gaziantep FK,5,0,H,Turkey,Turkish Super League,football-data.co.uk
league_c061777776df09ea,2019-08-23,SUPER_LIG,2019-20,LEAGUE,,Beşiktaş JK,Göztepe,3,0,H,Turkey,Turkish Super League,football-data.co.uk
league_c9f64d9fbb063a3f,2019-08-24,SUPER_LIG,2019-20,LEAGUE,,Alanyaspor,Kasımpaşa SK,4,1,H,Turkey,Turkish Super League,football-data.co.uk
league_ee617fc3cebbab39,2019-08-24,SUPER_LIG,2019-20,LEAGUE,,Ankaragucu,Kayserispor,1,1,D,Turkey,Turkish Super League,football-data.co.uk
league_5a49d8f4395c0b3b,2019-08-24,SUPER_LIG,2019-20,LEAGUE,,Buyuksehyr,Fenerbahçe,1,2,A,Turkey,Turkish Super League,football-data.co.uk
league_4f24cafb171c1c93,2019-08-25,SUPER_LIG,2019-20,LEAGUE,,Antalyaspor,Denizlispor,0,2,A,Turkey,Turkish Super League,football-data.co.uk
league_33c3fef4b5cf35e1,2019-08-25,SUPER_LIG,2019-20,LEAGUE,,Galatasaray SK,Konyaspor,1,1,D,Turkey,Turkish Super League,football-data.co.uk
league_b4ffe7f8cb6e1f31,2019-08-25,SUPER_LIG,2019-20,LEAGUE,,Trabzonspor,Yeni Malatyaspor,2,1,H,Turkey,Turkish Super League,football-data.co.uk
league_ee910de64982639c,2019-08-25,SUPER_LIG,2019-20,LEAGUE,,Çaykur Rizespor,Sivasspor,2,1,H,Turkey,Turkish Super League,football-data.co.uk
league_8af2d47df41368b5,2019-08-26,SUPER_LIG,2019-20,LEAGUE,,Gaziantep FK,Genclerbirligi,4,1,H,Turkey,Turkish Super League,football-data.co.uk
league_1e06b2bee2a17b94,2019-08-30,SUPER_LIG,2019-20,LEAGUE,,Kasımpaşa SK,Ankaragucu,0,1,A,Turkey,Turkish Super League,football-data.co.uk
league_472e4389371ce950,2019-08-30,SUPER_LIG,2019-20,LEAGUE,,Kayserispor,Galatasaray SK,2,3,A,Turkey,Turkish Super League,football-data.co.uk
league_cbf931ce369ce618,2019-08-31,SUPER_LIG,2019-20,LEAGUE,,Beşiktaş JK,Çaykur Rizespor,1,1,D,Turkey,Turkish Super League,football-data.co.uk
league_4f23d5c4e2754e63,2019-08-31,SUPER_LIG,2019-20,LEAGUE,,Göztepe,Denizlispor,0,0,D,Turkey,Turkish Super League,football-data.co.uk
league_9a8cb3c0d077fbf0,2019-08-31,SUPER_LIG,2019-20,LEAGUE,,Konyaspor,Antalyaspor,2,2,D,Turkey,Turkish Super League,football-data.co.uk
league_998cb1942a44ecd8,2019-09-01,SUPER_LIG,2019-20,LEAGUE,,Fenerbahçe,Trabzonspor,1,1,D,Turkey,Turkish Super League,football-data.co.uk
league_9b74d7a8836ea248,2019-09-01,SUPER_LIG,2019-20,LEAGUE,,Genclerbirligi,Buyuksehyr,1,2,A,Turkey,Turkish Super League,football-data.co.uk
league_4d432312741a3761,2019-09-01,SUPER_LIG,2019-20,LEAGUE,,Sivasspor,Gaziantep FK,1,1,D,Turkey,Turkish Super League,football-data.co.uk
league_a71bc28bbcc344ba,2019-09-01,SUPER_LIG,2019-20,LEAGUE,,Yeni Malatyaspor,Alanyaspor,2,3,A,Turkey,Turkish Super League,football-data.co.uk
league_b19121e540c5c59f,2019-09-13,SUPER_LIG,2019-20,LEAGUE,,Galatasaray SK,Kasımpaşa SK,1,0,H,Turkey,Turkish Super League,football-data.co.uk
league_24982e805a63b29b,2019-09-14,SUPER_LIG,2019-20,LEAGUE,,Antalyaspor,Kayserispor,2,2,D,Turkey,Turkish Super League,football-data.co.uk
league_375e71c3a338ad69,2019-09-14,SUPER_LIG,2019-20,LEAGUE,,Buyuksehyr,Sivasspor,1,1,D,Turkey,Turkish Super League,football-data.co.uk
league_4ef0eeb64adb7cdf,2019-09-14,SUPER_LIG,2019-20,LEAGUE,,Gaziantep FK,Beşiktaş JK,3,2,H,Turkey,Turkish Super League,football-data.co.uk
league_067e39119bc72f2a,2019-09-15,SUPER_LIG,2019-20,LEAGUE,,Ankaragucu,Yeni Malatyaspor,0,4,A,Turkey,Turkish Super League,football-data.co.uk
league_00a8d4dea9b3ed28,2019-09-15,SUPER_LIG,2019-20,LEAGUE,,Denizlispor,Konyaspor,0,1,A,Turkey,Turkish Super League,football-data.co.uk
league_0fa316d49c89d408,2019-09-15,SUPER_LIG,2019-20,LEAGUE,,Trabzonspor,Genclerbirligi,2,2,D,Turkey,Turkish Super League,football-data.co.uk
league_53223b528a039117,2019-09-15,SUPER_LIG,2019-20,LEAGUE,,Çaykur Rizespor,Göztepe,0,0,D,Turkey,Turkish Super League,football-data.co.uk
league_31f718bff5bf5434,2019-09-16,SUPER_LIG,2019-20,LEAGUE,,Alanyaspor,Fenerbahçe,3,1,H,Turkey,Turkish Super League,football-data.co.uk
league_35812e004254d30d,2019-09-20,SUPER_LIG,2019-20,LEAGUE,,Göztepe,Konyaspor,1,0,H,Turkey,Turkish Super League,football-data.co.uk
league_8d765d29a7a81957,2019-09-21,SUPER_LIG,2019-20,LEAGUE,,Fenerbahçe,Ankaragucu,2,1,H,Turkey,Turkish Super League,football-data.co.uk
league_71f123e5dcf77e33,2019-09-21,SUPER_LIG,2019-20,LEAGUE,,Kasımpaşa SK,Antalyaspor,3,0,H,Turkey,Turkish Super League,football-data.co.uk
league_d297c967ceb1fbb5,2019-09-21,SUPER_LIG,2019-20,LEAGUE,,Kayserispor,Denizlispor,1,1,D,Turkey,Turkish Super League,football-data.co.uk
league_1f21e18830e67250,2019-09-22,SUPER_LIG,2019-20,LEAGUE,,Genclerbirligi,Alanyaspor,1,1,D,Turkey,Turkish Super League,football-data.co.uk
league_afa442b111162b36,2019-09-22,SUPER_LIG,2019-20,LEAGUE,,Yeni Malatyaspor,Galatasaray SK,1,1,D,Turkey,Turkish Super League,football-data.co.uk
league_7c01baf77e4ca31b,2019-09-22,SUPER_LIG,2019-20,LEAGUE,,Çaykur Rizespor,Gaziantep FK,1,2,A,Turkey,Turkish Super League,football-data.co.uk
league_f113dde881368f97,2019-09-23,SUPER_LIG,2019-20,LEAGUE,,Beşiktaş JK,Buyuksehyr,1,1,D,Turkey,Turkish Super League,football-data.co.uk
league_5e11f8a4079bd930,2019-09-23,SUPER_LIG,2019-20,LEAGUE,,Sivasspor,Trabzonspor,2,1,H,Turkey,Turkish Super League,football-data.co.uk
league_1f8bc626162436d7,2019-09-27,SUPER_LIG,2019-20,LEAGUE,,Buyuksehyr,Çaykur Rizespor,5,0,H,Turkey,Turkish Super League,football-data.co.uk
league_82b0c3768238ecdb,2019-09-28,SUPER_LIG,2019-20,LEAGUE,,Alanyaspor,Sivasspor,1,1,D,Turkey,Turkish Super League,football-data.co.uk
league_c1e62232f3a7e635,2019-09-28,SUPER_LIG,2019-20,LEAGUE,,Denizlispor,Kasımpaşa SK,0,1,A,Turkey,Turkish Super League,football-data.co.uk
league_b21adb883ac9676e,2019-09-28,SUPER_LIG,2019-20,LEAGUE,,Galatasaray SK,Fenerbahçe,0,0,D,Turkey,Turkish Super League,football-data.co.uk
league_677e3272c50ebe47,2019-09-29,SUPER_LIG,2019-20,LEAGUE,,Ankaragucu,Genclerbirligi,2,1,H,Turkey,Turkish Super League,football-data.co.uk
league_20b3111e899eb094,2019-09-29,SUPER_LIG,2019-20,LEAGUE,,Antalyaspor,Yeni Malatyaspor,3,0,H,Turkey,Turkish Super League,football-data.co.uk
league_314ad04389d71f44,2019-09-29,SUPER_LIG,2019-20,LEAGUE,,Konyaspor,Kayserispor,2,1,H,Turkey,Turkish Super League,football-data.co.uk
league_a1c85f909a33fbe7,2019-09-29,SUPER_LIG,2019-20,LEAGUE,,Trabzonspor,Beşiktaş JK,4,1,H,Turkey,Turkish Super League,football-data.co.uk
league_1c80b8b82ccc52bf,2019-09-30,SUPER_LIG,2019-20,LEAGUE,,Gaziantep FK,Göztepe,1,1,D,Turkey,Turkish Super League,football-data.co.uk
league_39ce8bc0c579851c,2019-10-04,SUPER_LIG,2019-20,LEAGUE,,Fenerbahçe,Antalyaspor,0,1,A,Turkey,Turkish Super League,football-data.co.uk
league_d5671164b73db512,2019-10-04,SUPER_LIG,2019-20,LEAGUE,,Yeni Malatyaspor,Denizlispor,5,1,H,Turkey,Turkish Super League,football-data.co.uk
league_9744b605a308a607,2019-10-05,SUPER_LIG,2019-20,LEAGUE,,Genclerbirligi,Galatasaray SK,0,0,D,Turkey,Turkish Super League,football-data.co.uk
league_f92490da1c27e109,2019-10-05,SUPER_LIG,2019-20,LEAGUE,,Göztepe,Kayserispor,4,0,H,Turkey,Turkish Super League,football-data.co.uk
league_f972c4a8e6d8b336,2019-10-05,SUPER_LIG,2019-20,LEAGUE,,Kasımpaşa SK,Konyaspor,1,4,A,Turkey,Turkish Super League,football-data.co.uk
league_a774a0cb2e823c87,2019-10-06,SUPER_LIG,2019-20,LEAGUE,,Beşiktaş JK,Alanyaspor,2,0,H,Turkey,Turkish Super League,football-data.co.uk
league_48d9f7adc8b4016d,2019-10-06,SUPER_LIG,2019-20,LEAGUE,,Gaziantep FK,Buyuksehyr,1,2,A,Turkey,Turkish Super League,football-data.co.uk
league_9fe49a835a1052bd,2019-10-06,SUPER_LIG,2019-20,LEAGUE,,Sivasspor,Ankaragucu,3,1,H,Turkey,Turkish Super League,football-data.co.uk
league_8fcea2ba7b57f380,2019-10-06,SUPER_LIG,2019-20,LEAGUE,,Çaykur Rizespor,Trabzonspor,1,2,A,Turkey,Turkish Super League,football-data.co.uk
league_fd45c72a581a52a7,2019-10-18,SUPER_LIG,2019-20,LEAGUE,,Galatasaray SK,Sivasspor,3,2,H,Turkey,Turkish Super League,football-data.co.uk
league_a7075308e64ec571,2019-10-19,SUPER_LIG,2019-20,LEAGUE,,Ankaragucu,Beşiktaş JK,0,0,D,Turkey,Turkish Super League,football-data.co.uk
league_af91841f40c36f0e,2019-10-19,SUPER_LIG,2019-20,LEAGUE,,Antalyaspor,Genclerbirligi,0,6,A,Turkey,Turkish Super League,football-data.co.uk
league_b329710196c2fec9,2019-10-19,SUPER_LIG,2019-20,LEAGUE,,Buyuksehyr,Göztepe,2,1,H,Turkey,Turkish Super League,football-data.co.uk
league_da4fca1607c23c78,2019-10-19,SUPER_LIG,2019-20,LEAGUE,,Trabzonspor,Gaziantep FK,4,1,H,Turkey,Turkish Super League,football-data.co.uk
league_c4f58fba1b20b82f,2019-10-20,SUPER_LIG,2019-20,LEAGUE,,Alanyaspor,Çaykur Rizespor,5,2,H,Turkey,Turkish Super League,football-data.co.uk
league_09b492e71b4f4562,2019-10-20,SUPER_LIG,2019-20,LEAGUE,,Denizlispor,Fenerbahçe,1,2,A,Turkey,Turkish Super League,football-data.co.uk
league_b3aaf1e044d024f7,2019-10-20,SUPER_LIG,2019-20,LEAGUE,,Kayserispor,Kasımpaşa SK,1,1,D,Turkey,Turkish Super League,football-data.co.uk
league_de5e59efd66e2d73,2019-10-21,SUPER_LIG,2019-20,LEAGUE,,Konyaspor,Yeni Malatyaspor,0,2,A,Turkey,Turkish Super League,football-data.co.uk
league_35f56dfbb667a0e5,2019-10-25,SUPER_LIG,2019-20,LEAGUE,,Çaykur Rizespor,Ankaragucu,2,0,H,Turkey,Turkish Super League,football-data.co.uk
league_9cedbbec09cdf4b0,2019-10-26,SUPER_LIG,2019-20,LEAGUE,,Fenerbahçe,Konyaspor,5,1,H,Turkey,Turkish Super League,football-data.co.uk
league_8c362212bb86bbac,2019-10-26,SUPER_LIG,2019-20,LEAGUE,,Gaziantep FK,Alanyaspor,1,1,D,Turkey,Turkish Super League,football-data.co.uk
league_4e63f1f966ff6ba5,2019-10-26,SUPER_LIG,2019-20,LEAGUE,,Sivasspor,Antalyaspor,2,1,H,Turkey,Turkish Super League,football-data.co.uk
league_5b952aba867b9525,2019-10-27,SUPER_LIG,2019-20,LEAGUE,,Beşiktaş JK,Galatasaray SK,1,0,H,Turkey,Turkish Super League,football-data.co.uk
league_3db8784c8c0c1644,2019-10-27,SUPER_LIG,2019-20,LEAGUE,,Genclerbirligi,Denizlispor,0,2,A,Turkey,Turkish Super League,football-data.co.uk
league_85e2bb4b0e898ed0,2019-10-27,SUPER_LIG,2019-20,LEAGUE,,Göztepe,Kasımpaşa SK,1,4,A,Turkey,Turkish Super League,football-data.co.uk
league_cdfb9718e4adf553,2019-10-27,SUPER_LIG,2019-20,LEAGUE,,Yeni Malatyaspor,Kayserispor,4,0,H,Turkey,Turkish Super League,football-data.co.uk
league_5d02cd358fcf8b14,2019-10-28,SUPER_LIG,2019-20,LEAGUE,,Buyuksehyr,Trabzonspor,2,2,D,Turkey,Turkish Super League,football-data.co.uk
league_43fd9946f4736157,2019-11-01,SUPER_LIG,2019-20,LEAGUE,,Galatasaray SK,Çaykur Rizespor,2,0,H,Turkey,Turkish Super League,football-data.co.uk
league_5558810b4b9c980b,2019-11-02,SUPER_LIG,2019-20,LEAGUE,,Alanyaspor,Buyuksehyr,0,0,D,Turkey,Turkish Super League,football-data.co.uk
league_bfe507b55b60a327,2019-11-02,SUPER_LIG,2019-20,LEAGUE,,Antalyaspor,Beşiktaş JK,1,2,A,Turkey,Turkish Super League,football-data.co.uk
league_d07bafef12400d6c,2019-11-02,SUPER_LIG,2019-20,LEAGUE,,Konyaspor,Genclerbirligi,1,1,D,Turkey,Turkish Super League,football-data.co.uk
league_4ed09c4c8eccb043,2019-11-02,SUPER_LIG,2019-20,LEAGUE,,Trabzonspor,Göztepe,0,1,A,Turkey,Turkish Super League,football-data.co.uk
league_5d3114ff626e9929,2019-11-03,SUPER_LIG,2019-20,LEAGUE,,Denizlispor,Sivasspor,0,2,A,Turkey,Turkish Super League,football-data.co.uk
league_0d9834f073e64029,2019-11-03,SUPER_LIG,2019-20,LEAGUE,,Kasımpaşa SK,Yeni Malatyaspor,2,2,D,Turkey,Turkish Super League,football-data.co.uk
league_f32b136d50e168e5,2019-11-03,SUPER_LIG,2019-20,LEAGUE,,Kayserispor,Fenerbahçe,1,0,H,Turkey,Turkish Super League,football-data.co.uk
league_b7125dd531eaa628,2019-11-04,SUPER_LIG,2019-20,LEAGUE,,Ankaragucu,Gaziantep FK,1,2,A,Turkey,Turkish Super League,football-data.co.uk
league_4ec9d4f4077ed6b2,2019-11-08,SUPER_LIG,2019-20,LEAGUE,,Fenerbahçe,Kasımpaşa SK,3,2,H,Turkey,Turkish Super League,football-data.co.uk
league_1b47f2c4394403a5,2019-11-09,SUPER_LIG,2019-20,LEAGUE,,Gaziantep FK,Galatasaray SK,0,2,A,Turkey,Turkish Super League,football-data.co.uk
league_a4badb264cf617a5,2019-11-09,SUPER_LIG,2019-20,LEAGUE,,Genclerbirligi,Kayserispor,2,1,H,Turkey,Turkish Super League,football-data.co.uk
league_3a4d156fc3ddccf1,2019-11-09,SUPER_LIG,2019-20,LEAGUE,,Sivasspor,Konyaspor,2,0,H,Turkey,Turkish Super League,football-data.co.uk
league_8ca55267caa8bed6,2019-11-09,SUPER_LIG,2019-20,LEAGUE,,Çaykur Rizespor,Antalyaspor,1,0,H,Turkey,Turkish Super League,football-data.co.uk
league_cf534b0801620025,2019-11-10,SUPER_LIG,2019-20,LEAGUE,,Beşiktaş JK,Denizlispor,1,0,H,Turkey,Turkish Super League,football-data.co.uk
league_ea07d2fbe64eddd3,2019-11-10,SUPER_LIG,2019-20,LEAGUE,,Buyuksehyr,Ankaragucu,2,1,H,Turkey,Turkish Super League,football-data.co.uk
league_a8af3b5702f8d466,2019-11-10,SUPER_LIG,2019-20,LEAGUE,,Göztepe,Yeni Malatyaspor,1,1,D,Turkey,Turkish Super League,football-data.co.uk
league_7071f3428b75e942,2019-11-10,SUPER_LIG,2019-20,LEAGUE,,Trabzonspor,Alanyaspor,1,0,H,Turkey,Turkish Super League,football-data.co.uk
league_aba4b1a13326cc0e,2019-11-22,SUPER_LIG,2019-20,LEAGUE,,Galatasaray SK,Buyuksehyr,0,1,A,Turkey,Turkish Super League,football-data.co.uk
league_0c15007ee4a890ab,2019-11-23,SUPER_LIG,2019-20,LEAGUE,,Ankaragucu,Trabzonspor,0,3,A,Turkey,Turkish Super League,football-data.co.uk
league_48b82146c97312e7,2019-11-23,SUPER_LIG,2019-20,LEAGUE,,Denizlispor,Çaykur Rizespor,2,0,H,Turkey,Turkish Super League,football-data.co.uk
league_0a001f15f85e5253,2019-11-23,SUPER_LIG,2019-20,LEAGUE,,Konyaspor,Beşiktaş JK,0,1,A,Turkey,Turkish Super League,football-data.co.uk
league_426d624452b0a3ae,2019-11-24,SUPER_LIG,2019-20,LEAGUE,,Alanyaspor,Göztepe,0,1,A,Turkey,Turkish Super League,football-data.co.uk
league_e370e71b5ba8f703,2019-11-24,SUPER_LIG,2019-20,LEAGUE,,Kasımpaşa SK,Genclerbirligi,1,2,A,Turkey,Turkish Super League,football-data.co.uk
league_a4c3037b11a8a9c9,2019-11-24,SUPER_LIG,2019-20,LEAGUE,,Kayserispor,Sivasspor,1,4,A,Turkey,Turkish Super League,football-data.co.uk
league_98a75494699ff452,2019-11-24,SUPER_LIG,2019-20,LEAGUE,,Yeni Malatyaspor,Fenerbahçe,0,0,D,Turkey,Turkish Super League,football-data.co.uk
league_9ae4ed6c35f34293,2019-11-25,SUPER_LIG,2019-20,LEAGUE,,Antalyaspor,Gaziantep FK,1,1,D,Turkey,Turkish Super League,football-data.co.uk
league_e02fa7c1eaac6525,2019-11-29,SUPER_LIG,2019-20,LEAGUE,,Genclerbirligi,Yeni Malatyaspor,3,3,D,Turkey,Turkish Super League,football-data.co.uk
league_00572e4ab091b0d3,2019-11-30,SUPER_LIG,2019-20,LEAGUE,,Alanyaspor,Ankaragucu,5,0,H,Turkey,Turkish Super League,football-data.co.uk
league_862f5a1b8517ff73,2019-11-30,SUPER_LIG,2019-20,LEAGUE,,Göztepe,Fenerbahçe,2,2,D,Turkey,Turkish Super League,football-data.co.uk
league_096901034f71bae4,2019-11-30,SUPER_LIG,2019-20,LEAGUE,,Sivasspor,Kasımpaşa SK,2,0,H,Turkey,Turkish Super League,football-data.co.uk
league_0a87d640dfa02c1d,2019-11-30,SUPER_LIG,2019-20,LEAGUE,,Çaykur Rizespor,Konyaspor,3,1,H,Turkey,Turkish Super League,football-data.co.uk
league_9a1f361d90455147,2019-12-01,SUPER_LIG,2019-20,LEAGUE,,Buyuksehyr,Antalyaspor,2,0,H,Turkey,Turkish Super League,football-data.co.uk
league_c796ecf3b770e69c,2019-12-01,SUPER_LIG,2019-20,LEAGUE,,Gaziantep FK,Denizlispor,1,2,A,Turkey,Turkish Super League,football-data.co.uk
league_60bd895f40d0bb59,2019-12-01,SUPER_LIG,2019-20,LEAGUE,,Trabzonspor,Galatasaray SK,1,1,D,Turkey,Turkish Super League,football-data.co.uk
league_620c6f987aed461e,2019-12-02,SUPER_LIG,2019-20,LEAGUE,,Beşiktaş JK,Kayserispor,4,1,H,Turkey,Turkish Super League,football-data.co.uk
league_b636664f92c6a544,2019-12-06,SUPER_LIG,2019-20,LEAGUE,,Fenerbahçe,Genclerbirligi,5,2,H,Turkey,Turkish Super League,football-data.co.uk
league_2d0533b2a3586faf,2019-12-07,SUPER_LIG,2019-20,LEAGUE,,Ankaragucu,Göztepe,1,3,A,Turkey,Turkish Super League,football-data.co.uk
league_fadc4b4f71c84379,2019-12-07,SUPER_LIG,2019-20,LEAGUE,,Galatasaray SK,Alanyaspor,1,0,H,Turkey,Turkish Super League,football-data.co.uk
league_f32756730439103f,2019-12-07,SUPER_LIG,2019-20,LEAGUE,,Yeni Malatyaspor,Sivasspor,1,3,A,Turkey,Turkish Super League,football-data.co.uk
league_62e58a16eeb62ca5,2019-12-08,SUPER_LIG,2019-20,LEAGUE,,Antalyaspor,Trabzonspor,1,3,A,Turkey,Turkish Super League,football-data.co.uk
league_893c556e4e67e203,2019-12-08,SUPER_LIG,2019-20,LEAGUE,,Denizlispor,Buyuksehyr,1,1,D,Turkey,Turkish Super League,football-data.co.uk
league_eb746c9a6487730d,2019-12-08,SUPER_LIG,2019-20,LEAGUE,,Kasımpaşa SK,Beşiktaş JK,2,3,A,Turkey,Turkish Super League,football-data.co.uk
league_d12b7cdaba5babe9,2019-12-08,SUPER_LIG,2019-20,LEAGUE,,Konyaspor,Gaziantep FK,0,0,D,Turkey,Turkish Super League,football-data.co.uk
league_298ed40e4a3f66df,2019-12-09,SUPER_LIG,2019-20,LEAGUE,,Kayserispor,Çaykur Rizespor,1,0,H,Turkey,Turkish Super League,football-data.co.uk
league_72483911c93db58e,2019-12-13,SUPER_LIG,2019-20,LEAGUE,,Alanyaspor,Antalyaspor,0,0,D,Turkey,Turkish Super League,football-data.co.uk
league_2745c84013c3d7c0,2019-12-14,SUPER_LIG,2019-20,LEAGUE,,Galatasaray SK,Ankaragucu,2,2,D,Turkey,Turkish Super League,football-data.co.uk
league_165d81164d6c78db,2019-12-14,SUPER_LIG,2019-20,LEAGUE,,Genclerbirligi,Göztepe,3,1,H,Turkey,Turkish Super League,football-data.co.uk
league_6446dd9fd6254743,2019-12-14,SUPER_LIG,2019-20,LEAGUE,,Çaykur Rizespor,Kasımpaşa SK,0,3,A,Turkey,Turkish Super League,football-data.co.uk
league_de89a12bb4aca7d3,2019-12-15,SUPER_LIG,2019-20,LEAGUE,,Beşiktaş JK,Yeni Malatyaspor,0,2,A,Turkey,Turkish Super League,football-data.co.uk
league_d00563c363fdfe76,2019-12-15,SUPER_LIG,2019-20,LEAGUE,,Gaziantep FK,Kayserispor,3,0,H,Turkey,Turkish Super League,football-data.co.uk
league_5e13c28bace0da8a,2019-12-15,SUPER_LIG,2019-20,LEAGUE,,Sivasspor,Fenerbahçe,3,1,H,Turkey,Turkish Super League,football-data.co.uk
league_b3acafa4dfc921fb,2019-12-16,SUPER_LIG,2019-20,LEAGUE,,Buyuksehyr,Konyaspor,1,1,D,Turkey,Turkish Super League,football-data.co.uk
league_09ae7595c32c8d64,2019-12-16,SUPER_LIG,2019-20,LEAGUE,,Trabzonspor,Denizlispor,1,2,A,Turkey,Turkish Super League,football-data.co.uk
league_d0649160803bb33d,2019-12-20,SUPER_LIG,2019-20,LEAGUE,,Antalyaspor,Ankaragucu,2,2,D,Turkey,Turkish Super League,football-data.co.uk
league_0e4a772abefcd85b,2019-12-21,SUPER_LIG,2019-20,LEAGUE,,Göztepe,Galatasaray SK,2,1,H,Turkey,Turkish Super League,football-data.co.uk
league_023d40c6c3b8b3a7,2019-12-21,SUPER_LIG,2019-20,LEAGUE,,Kasımpaşa SK,Gaziantep FK,3,4,A,Turkey,Turkish Super League,football-data.co.uk
league_fddeb2e4a0add4ee,2019-12-21,SUPER_LIG,2019-20,LEAGUE,,Yeni Malatyaspor,Çaykur Rizespor,0,2,A,Turkey,Turkish Super League,football-data.co.uk
league_47515f95843c912b,2019-12-22,SUPER_LIG,2019-20,LEAGUE,,Fenerbahçe,Beşiktaş JK,3,1,H,Turkey,Turkish Super League,football-data.co.uk
league_e4b8d016990f0491,2019-12-22,SUPER_LIG,2019-20,LEAGUE,,Genclerbirligi,Sivasspor,2,2,D,Turkey,Turkish Super League,football-data.co.uk
league_37756451a8a4f5e8,2019-12-22,SUPER_LIG,2019-20,LEAGUE,,Kayserispor,Buyuksehyr,1,4,A,Turkey,Turkish Super League,football-data.co.uk
league_e7339ca4445b14d2,2019-12-23,SUPER_LIG,2019-20,LEAGUE,,Denizlispor,Alanyaspor,1,5,A,Turkey,Turkish Super League,football-data.co.uk
league_0779031183878b64,2019-12-23,SUPER_LIG,2019-20,LEAGUE,,Konyaspor,Trabzonspor,0,1,A,Turkey,Turkish Super League,football-data.co.uk
league_6cf93004a2ef24f9,2019-12-27,SUPER_LIG,2019-20,LEAGUE,,Beşiktaş JK,Genclerbirligi,4,1,H,Turkey,Turkish Super League,football-data.co.uk
league_637a822e48fe7e71,2019-12-28,SUPER_LIG,2019-20,LEAGUE,,Ankaragucu,Denizlispor,2,2,D,Turkey,Turkish Super League,football-data.co.uk
league_13d27e486092e6ac,2019-12-28,SUPER_LIG,2019-20,LEAGUE,,Buyuksehyr,Kasımpaşa SK,5,1,H,Turkey,Turkish Super League,football-data.co.uk
league_21e0f975fac5c6b9,2019-12-28,SUPER_LIG,2019-20,LEAGUE,,Galatasaray SK,Antalyaspor,5,0,H,Turkey,Turkish Super League,football-data.co.uk
league_b016154acdeaea49,2019-12-28,SUPER_LIG,2019-20,LEAGUE,,Trabzonspor,Kayserispor,6,2,H,Turkey,Turkish Super League,football-data.co.uk
league_acc10ddf1b932475,2019-12-29,SUPER_LIG,2019-20,LEAGUE,,Alanyaspor,Konyaspor,2,1,H,Turkey,Turkish Super League,football-data.co.uk
league_54ab66472613c673,2019-12-29,SUPER_LIG,2019-20,LEAGUE,,Gaziantep FK,Yeni Malatyaspor,1,1,D,Turkey,Turkish Super League,football-data.co.uk
league_5861f0276a5415ad,2019-12-29,SUPER_LIG,2019-20,LEAGUE,,Sivasspor,Göztepe,1,0,H,Turkey,Turkish Super League,football-data.co.uk
league_ef84be5f386fec57,2019-12-29,SUPER_LIG,2019-20,LEAGUE,,Çaykur Rizespor,Fenerbahçe,1,2,A,Turkey,Turkish Super League,football-data.co.uk
league_4fa1dc3f9118b6fd,2020-01-17,SUPER_LIG,2019-20,LEAGUE,,Ankaragucu,Konyaspor,0,1,A,Turkey,Turkish Super League,football-data.co.uk
league_a9d1b708b10a0dca,2020-01-18,SUPER_LIG,2019-20,LEAGUE,,Alanyaspor,Kayserispor,5,1,H,Turkey,Turkish Super League,football-data.co.uk
league_89b1364a0b4bfbdb,2020-01-18,SUPER_LIG,2019-20,LEAGUE,,Buyuksehyr,Yeni Malatyaspor,4,1,H,Turkey,Turkish Super League,football-data.co.uk
league_ce70f03e9c9d79be,2020-01-18,SUPER_LIG,2019-20,LEAGUE,,Gaziantep FK,Fenerbahçe,0,2,A,Turkey,Turkish Super League,football-data.co.uk
league_fc3949c0061eb002,2020-01-19,SUPER_LIG,2019-20,LEAGUE,,Antalyaspor,Göztepe,0,3,A,Turkey,Turkish Super League,football-data.co.uk
league_829f08a92798c0c3,2020-01-19,SUPER_LIG,2019-20,LEAGUE,,Beşiktaş JK,Sivasspor,1,2,A,Turkey,Turkish Super League,football-data.co.uk
league_dacd46b6c27eea09,2020-01-19,SUPER_LIG,2019-20,LEAGUE,,Galatasaray SK,Denizlispor,2,1,H,Turkey,Turkish Super League,football-data.co.uk
league_c61c0e869baec970,2020-01-19,SUPER_LIG,2019-20,LEAGUE,,Trabzonspor,Kasımpaşa SK,6,0,H,Turkey,Turkish Super League,football-data.co.uk
league_e4d93782bb3197fe,2020-01-20,SUPER_LIG,2019-20,LEAGUE,,Çaykur Rizespor,Genclerbirligi,2,0,H,Turkey,Turkish Super League,football-data.co.uk
league_d34a2c3c576c0c58,2020-01-24,SUPER_LIG,2019-20,LEAGUE,,Genclerbirligi,Gaziantep FK,1,0,H,Turkey,Turkish Super League,football-data.co.uk
league_e3509a3048d29ed0,2020-01-25,SUPER_LIG,2019-20,LEAGUE,,Fenerbahçe,Buyuksehyr,2,0,H,Turkey,Turkish Super League,football-data.co.uk
league_84498b89a65b63af,2020-01-25,SUPER_LIG,2019-20,LEAGUE,,Kasımpaşa SK,Alanyaspor,1,2,A,Turkey,Turkish Super League,football-data.co.uk
league_ffaec93c4c60f7ca,2020-01-25,SUPER_LIG,2019-20,LEAGUE,,Kayserispor,Ankaragucu,1,1,D,Turkey,Turkish Super League,football-data.co.uk
league_1d5524ae454d9b59,2020-01-26,SUPER_LIG,2019-20,LEAGUE,,Denizlispor,Antalyaspor,0,3,A,Turkey,Turkish Super League,football-data.co.uk
league_ed280f2430741b9f,2020-01-26,SUPER_LIG,2019-20,LEAGUE,,Göztepe,Beşiktaş JK,2,1,H,Turkey,Turkish Super League,football-data.co.uk
league_1c9743264fa9d3bb,2020-01-26,SUPER_LIG,2019-20,LEAGUE,,Konyaspor,Galatasaray SK,0,3,A,Turkey,Turkish Super League,football-data.co.uk
league_2c1e5bbb784dcb02,2020-01-27,SUPER_LIG,2019-20,LEAGUE,,Sivasspor,Çaykur Rizespor,1,1,D,Turkey,Turkish Super League,football-data.co.uk
league_7c7631ce888a72fc,2020-01-31,SUPER_LIG,2019-20,LEAGUE,,Buyuksehyr,Genclerbirligi,3,1,H,Turkey,Turkish Super League,football-data.co.uk
league_ccfdd4291d9f40af,2020-02-01,SUPER_LIG,2019-20,LEAGUE,,Antalyaspor,Konyaspor,0,0,D,Turkey,Turkish Super League,football-data.co.uk
league_1e225ba457b7a094,2020-02-01,SUPER_LIG,2019-20,LEAGUE,,Trabzonspor,Fenerbahçe,2,1,H,Turkey,Turkish Super League,football-data.co.uk
league_c97994cc715eb883,2020-02-01,SUPER_LIG,2019-20,LEAGUE,,Çaykur Rizespor,Beşiktaş JK,1,2,A,Turkey,Turkish Super League,football-data.co.uk
league_ded24c7d89848a44,2020-02-02,SUPER_LIG,2019-20,LEAGUE,,Alanyaspor,Yeni Malatyaspor,2,1,H,Turkey,Turkish Super League,football-data.co.uk
league_c6073ae9f6d70fee,2020-02-02,SUPER_LIG,2019-20,LEAGUE,,Ankaragucu,Kasımpaşa SK,1,1,D,Turkey,Turkish Super League,football-data.co.uk
league_95b24366588ec955,2020-02-02,SUPER_LIG,2019-20,LEAGUE,,Galatasaray SK,Kayserispor,4,1,H,Turkey,Turkish Super League,football-data.co.uk
league_cd40e66b758ce47c,2020-02-02,SUPER_LIG,2019-20,LEAGUE,,Gaziantep FK,Sivasspor,5,1,H,Turkey,Turkish Super League,football-data.co.uk
league_321e0b1c9e7bb9ec,2020-02-03,SUPER_LIG,2019-20,LEAGUE,,Denizlispor,Göztepe,1,1,D,Turkey,Turkish Super League,football-data.co.uk
league_34ef70d482f0b326,2020-02-07,SUPER_LIG,2019-20,LEAGUE,,Yeni Malatyaspor,Ankaragucu,0,1,A,Turkey,Turkish Super League,football-data.co.uk
league_97eeb2c0d5098368,2020-02-08,SUPER_LIG,2019-20,LEAGUE,,Beşiktaş JK,Gaziantep FK,3,0,H,Turkey,Turkish Super League,football-data.co.uk
league_1d0365f88cd86ec5,2020-02-08,SUPER_LIG,2019-20,LEAGUE,,Fenerbahçe,Alanyaspor,1,1,D,Turkey,Turkish Super League,football-data.co.uk
league_2d27b5907c48175f,2020-02-08,SUPER_LIG,2019-20,LEAGUE,,Genclerbirligi,Trabzonspor,0,2,A,Turkey,Turkish Super League,football-data.co.uk
league_e935cdef13bd3196,2020-02-08,SUPER_LIG,2019-20,LEAGUE,,Konyaspor,Denizlispor,0,0,D,Turkey,Turkish Super League,football-data.co.uk
league_e9b11b37d0868cb0,2020-02-09,SUPER_LIG,2019-20,LEAGUE,,Kasımpaşa SK,Galatasaray SK,0,3,A,Turkey,Turkish Super League,football-data.co.uk
league_5df0c189db5fb494,2020-02-09,SUPER_LIG,2019-20,LEAGUE,,Kayserispor,Antalyaspor,2,2,D,Turkey,Turkish Super League,football-data.co.uk
league_900e38a711f42280,2020-02-09,SUPER_LIG,2019-20,LEAGUE,,Sivasspor,Buyuksehyr,1,1,D,Turkey,Turkish Super League,football-data.co.uk
league_92a02daf7a76b52b,2020-02-14,SUPER_LIG,2019-20,LEAGUE,,Buyuksehyr,Beşiktaş JK,1,0,H,Turkey,Turkish Super League,football-data.co.uk
league_834ee4508ea26377,2020-02-15,SUPER_LIG,2019-20,LEAGUE,,Ankaragucu,Fenerbahçe,2,1,H,Turkey,Turkish Super League,football-data.co.uk
league_92c028e37308fa30,2020-02-15,SUPER_LIG,2019-20,LEAGUE,,Denizlispor,Kayserispor,0,1,A,Turkey,Turkish Super League,football-data.co.uk
league_17bfaaade3ae5787,2020-02-15,SUPER_LIG,2019-20,LEAGUE,,Konyaspor,Göztepe,1,3,A,Turkey,Turkish Super League,football-data.co.uk
league_17758cb23d547db3,2020-02-16,SUPER_LIG,2019-20,LEAGUE,,Alanyaspor,Genclerbirligi,0,1,A,Turkey,Turkish Super League,football-data.co.uk
league_d93dce8294616c37,2020-02-16,SUPER_LIG,2019-20,LEAGUE,,Galatasaray SK,Yeni Malatyaspor,1,0,H,Turkey,Turkish Super League,football-data.co.uk
league_3f4fddbd9cafd9eb,2020-02-16,SUPER_LIG,2019-20,LEAGUE,,Trabzonspor,Sivasspor,2,1,H,Turkey,Turkish Super League,football-data.co.uk
league_36d13218d4bf731f,2020-02-17,SUPER_LIG,2019-20,LEAGUE,,Antalyaspor,Kasımpaşa SK,3,1,H,Turkey,Turkish Super League,football-data.co.uk
league_eead586feda9955e,2020-02-17,SUPER_LIG,2019-20,LEAGUE,,Gaziantep FK,Çaykur Rizespor,2,0,H,Turkey,Turkish Super League,football-data.co.uk
league_2c1715d139d8a67e,2020-02-21,SUPER_LIG,2019-20,LEAGUE,,Sivasspor,Alanyaspor,1,0,H,Turkey,Turkish Super League,football-data.co.uk
league_3a40db6f575323df,2020-02-22,SUPER_LIG,2019-20,LEAGUE,,Beşiktaş JK,Trabzonspor,2,2,D,Turkey,Turkish Super League,football-data.co.uk
league_9650daf3de87238e,2020-02-22,SUPER_LIG,2019-20,LEAGUE,,Göztepe,Gaziantep FK,1,1,D,Turkey,Turkish Super League,football-data.co.uk
league_351f64bda3278a0f,2020-02-22,SUPER_LIG,2019-20,LEAGUE,,Kayserispor,Konyaspor,2,2,D,Turkey,Turkish Super League,football-data.co.uk
league_c08d215586bc7c89,2020-02-23,SUPER_LIG,2019-20,LEAGUE,,Fenerbahçe,Galatasaray SK,1,3,A,Turkey,Turkish Super League,football-data.co.uk
league_a2810c408cefec54,2020-02-23,SUPER_LIG,2019-20,LEAGUE,,Genclerbirligi,Ankaragucu,1,0,H,Turkey,Turkish Super League,football-data.co.uk
league_616d4fdf24bbcab2,2020-02-23,SUPER_LIG,2019-20,LEAGUE,,Yeni Malatyaspor,Antalyaspor,1,2,A,Turkey,Turkish Super League,football-data.co.uk
league_6278bb4c79ce1628,2020-02-24,SUPER_LIG,2019-20,LEAGUE,,Kasımpaşa SK,Denizlispor,2,0,H,Turkey,Turkish Super League,football-data.co.uk
league_4f2c5c04de16303a,2020-02-24,SUPER_LIG,2019-20,LEAGUE,,Çaykur Rizespor,Buyuksehyr,1,2,A,Turkey,Turkish Super League,football-data.co.uk
league_acdefb8f9beee212,2020-02-28,SUPER_LIG,2019-20,LEAGUE,,Alanyaspor,Beşiktaş JK,1,2,A,Turkey,Turkish Super League,football-data.co.uk
league_35280f33135cd85e,2020-02-29,SUPER_LIG,2019-20,LEAGUE,,Antalyaspor,Fenerbahçe,2,2,D,Turkey,Turkish Super League,football-data.co.uk
league_5fd7b78ce435bdfd,2020-02-29,SUPER_LIG,2019-20,LEAGUE,,Konyaspor,Kasımpaşa SK,0,0,D,Turkey,Turkish Super League,football-data.co.uk
league_4335a8b503e1f915,2020-02-29,SUPER_LIG,2019-20,LEAGUE,,Trabzonspor,Çaykur Rizespor,5,2,H,Turkey,Turkish Super League,football-data.co.uk
league_35ab76a5397ceabf,2020-03-01,SUPER_LIG,2019-20,LEAGUE,,Ankaragucu,Sivasspor,0,3,A,Turkey,Turkish Super League,football-data.co.uk
league_1744544bed517f8a,2020-03-01,SUPER_LIG,2019-20,LEAGUE,,Denizlispor,Yeni Malatyaspor,2,0,H,Turkey,Turkish Super League,football-data.co.uk
league_2c6b909481ea0c82,2020-03-01,SUPER_LIG,2019-20,LEAGUE,,Galatasaray SK,Genclerbirligi,3,0,H,Turkey,Turkish Super League,football-data.co.uk
league_29dff6c1e3584b23,2020-03-02,SUPER_LIG,2019-20,LEAGUE,,Buyuksehyr,Gaziantep FK,3,1,H,Turkey,Turkish Super League,football-data.co.uk
league_9084a4ee68260037,2020-03-02,SUPER_LIG,2019-20,LEAGUE,,Kayserispor,Göztepe,1,0,H,Turkey,Turkish Super League,football-data.co.uk
league_08542bd4a46f3cfb,2020-03-06,SUPER_LIG,2019-20,LEAGUE,,Beşiktaş JK,Ankaragucu,2,1,H,Turkey,Turkish Super League,football-data.co.uk
league_23bb9d474ae4f29a,2020-03-07,SUPER_LIG,2019-20,LEAGUE,,Fenerbahçe,Denizlispor,2,2,D,Turkey,Turkish Super League,football-data.co.uk
league_a02bc3a0b8fece02,2020-03-07,SUPER_LIG,2019-20,LEAGUE,,Gaziantep FK,Trabzonspor,1,1,D,Turkey,Turkish Super League,football-data.co.uk
league_8e58f0ce340f3be3,2020-03-07,SUPER_LIG,2019-20,LEAGUE,,Göztepe,Buyuksehyr,0,3,A,Turkey,Turkish Super League,football-data.co.uk
league_9f9023122ce737a7,2020-03-07,SUPER_LIG,2019-20,LEAGUE,,Yeni Malatyaspor,Konyaspor,1,1,D,Turkey,Turkish Super League,football-data.co.uk
league_edb8748d07cd0048,2020-03-08,SUPER_LIG,2019-20,LEAGUE,,Kasımpaşa SK,Kayserispor,5,1,H,Turkey,Turkish Super League,football-data.co.uk
league_1fd8bdc46ffc0a15,2020-03-08,SUPER_LIG,2019-20,LEAGUE,,Sivasspor,Galatasaray SK,2,2,D,Turkey,Turkish Super League,football-data.co.uk
league_754ae1e6ec635c30,2020-03-08,SUPER_LIG,2019-20,LEAGUE,,Çaykur Rizespor,Alanyaspor,1,1,D,Turkey,Turkish Super League,football-data.co.uk
league_256f3e3d16a22134,2020-03-09,SUPER_LIG,2019-20,LEAGUE,,Genclerbirligi,Antalyaspor,1,1,D,Turkey,Turkish Super League,football-data.co.uk
league_ba0cd41988c2872d,2020-03-11,SUPER_LIG,2019-20,LEAGUE,,Yeni Malatyaspor,Trabzonspor,1,3,A,Turkey,Turkish Super League,football-data.co.uk
league_aac056c401443209,2020-03-13,SUPER_LIG,2019-20,LEAGUE,,Ankaragucu,Çaykur Rizespor,2,1,H,Turkey,Turkish Super League,football-data.co.uk
league_dcfd9f3dce4258f7,2020-03-13,SUPER_LIG,2019-20,LEAGUE,,Kasımpaşa SK,Göztepe,2,0,H,Turkey,Turkish Super League,football-data.co.uk
league_b9f866d2427b9d97,2020-03-14,SUPER_LIG,2019-20,LEAGUE,,Alanyaspor,Gaziantep FK,1,0,H,Turkey,Turkish Super League,football-data.co.uk
league_a17b739fd24bddcb,2020-03-14,SUPER_LIG,2019-20,LEAGUE,,Denizlispor,Genclerbirligi,1,0,H,Turkey,Turkish Super League,football-data.co.uk
league_9dac0d47b83aba65,2020-03-14,SUPER_LIG,2019-20,LEAGUE,,Konyaspor,Fenerbahçe,1,0,H,Turkey,Turkish Super League,football-data.co.uk
league_450fe3be5a51a5d1,2020-03-15,SUPER_LIG,2019-20,LEAGUE,,Galatasaray SK,Beşiktaş JK,0,0,D,Turkey,Turkish Super League,football-data.co.uk
league_2eddaa844b857464,2020-03-15,SUPER_LIG,2019-20,LEAGUE,,Kayserispor,Yeni Malatyaspor,2,1,H,Turkey,Turkish Super League,football-data.co.uk
league_8be501550d77c158,2020-03-15,SUPER_LIG,2019-20,LEAGUE,,Trabzonspor,Buyuksehyr,1,1,D,Turkey,Turkish Super League,football-data.co.uk
league_fe7fc757fdac2107,2020-03-16,SUPER_LIG,2019-20,LEAGUE,,Antalyaspor,Sivasspor,1,0,H,Turkey,Turkish Super League,football-data.co.uk
league_65abbe106097b459,2020-03-17,SUPER_LIG,2019-20,LEAGUE,,Göztepe,Çaykur Rizespor,2,0,H,Turkey,Turkish Super League,football-data.co.uk
league_c0312c425fafb323,2020-06-12,SUPER_LIG,2019-20,LEAGUE,,Fenerbahçe,Kayserispor,2,1,H,Turkey,Turkish Super League,football-data.co.uk
league_523c74c7bc77a23f,2020-06-12,SUPER_LIG,2019-20,LEAGUE,,Göztepe,Trabzonspor,1,3,A,Turkey,Turkish Super League,football-data.co.uk
league_cccc01f808f10eea,2020-06-13,SUPER_LIG,2019-20,LEAGUE,,Beşiktaş JK,Antalyaspor,1,2,A,Turkey,Turkish Super League,football-data.co.uk
league_05a3b67ddd70fbdd,2020-06-13,SUPER_LIG,2019-20,LEAGUE,,Buyuksehyr,Alanyaspor,2,0,H,Turkey,Turkish Super League,football-data.co.uk
league_7390b48bec4251ed,2020-06-13,SUPER_LIG,2019-20,LEAGUE,,Yeni Malatyaspor,Kasımpaşa SK,1,2,A,Turkey,Turkish Super League,football-data.co.uk
league_c03d88e478ecf5fb,2020-06-14,SUPER_LIG,2019-20,LEAGUE,,Gaziantep FK,Ankaragucu,1,1,D,Turkey,Turkish Super League,football-data.co.uk
league_9408cd2c01f148e5,2020-06-14,SUPER_LIG,2019-20,LEAGUE,,Genclerbirligi,Konyaspor,2,1,H,Turkey,Turkish Super League,football-data.co.uk
league_b092ea6f6ef20828,2020-06-14,SUPER_LIG,2019-20,LEAGUE,,Çaykur Rizespor,Galatasaray SK,2,0,H,Turkey,Turkish Super League,football-data.co.uk
league_c21360df3ff01c72,2020-06-15,SUPER_LIG,2019-20,LEAGUE,,Sivasspor,Denizlispor,1,0,H,Turkey,Turkish Super League,football-data.co.uk
league_06c955ed6c3f4527,2020-06-19,SUPER_LIG,2019-20,LEAGUE,,Ankaragucu,Buyuksehyr,1,2,A,Turkey,Turkish Super League,football-data.co.uk
league_c6a219e4d1015807,2020-06-20,SUPER_LIG,2019-20,LEAGUE,,Denizlispor,Beşiktaş JK,1,5,A,Turkey,Turkish Super League,football-data.co.uk
league_6b090d0a3a2e5f1a,2020-06-20,SUPER_LIG,2019-20,LEAGUE,,Kayserispor,Genclerbirligi,2,0,H,Turkey,Turkish Super League,football-data.co.uk
league_a2aabf9db5a00673,2020-06-20,SUPER_LIG,2019-20,LEAGUE,,Yeni Malatyaspor,Göztepe,2,1,H,Turkey,Turkish Super League,football-data.co.uk
league_015becfb23ea24cc,2020-06-21,SUPER_LIG,2019-20,LEAGUE,,Galatasaray SK,Gaziantep FK,3,3,D,Turkey,Turkish Super League,football-data.co.uk
league_4794bc08c1b18b17,2020-06-21,SUPER_LIG,2019-20,LEAGUE,,Kasımpaşa SK,Fenerbahçe,2,0,H,Turkey,Turkish Super League,football-data.co.uk
league_9b746528526608e6,2020-06-21,SUPER_LIG,2019-20,LEAGUE,,Konyaspor,Sivasspor,2,2,D,Turkey,Turkish Super League,football-data.co.uk
league_66f6bb8c8315e331,2020-06-22,SUPER_LIG,2019-20,LEAGUE,,Alanyaspor,Trabzonspor,2,2,D,Turkey,Turkish Super League,football-data.co.uk
league_cbc8202af70f42b6,2020-06-22,SUPER_LIG,2019-20,LEAGUE,,Antalyaspor,Çaykur Rizespor,3,1,H,Turkey,Turkish Super League,football-data.co.uk
league_02c0f4c74c625c86,2020-06-26,SUPER_LIG,2019-20,LEAGUE,,Beşiktaş JK,Konyaspor,3,0,H,Turkey,Turkish Super League,football-data.co.uk
league_a6d1c25f3729f31f,2020-06-27,SUPER_LIG,2019-20,LEAGUE,,Fenerbahçe,Yeni Malatyaspor,3,2,H,Turkey,Turkish Super League,football-data.co.uk
league_0045c730f3ada914,2020-06-27,SUPER_LIG,2019-20,LEAGUE,,Göztepe,Alanyaspor,3,3,D,Turkey,Turkish Super League,football-data.co.uk
league_fbad8e2822bfd79c,2020-06-27,SUPER_LIG,2019-20,LEAGUE,,Trabzonspor,Ankaragucu,1,1,D,Turkey,Turkish Super League,football-data.co.uk
league_d0f12712b65925e6,2020-06-28,SUPER_LIG,2019-20,LEAGUE,,Buyuksehyr,Galatasaray SK,1,1,D,Turkey,Turkish Super League,football-data.co.uk
league_34811e48316614aa,2020-06-28,SUPER_LIG,2019-20,LEAGUE,,Gaziantep FK,Antalyaspor,1,1,D,Turkey,Turkish Super League,football-data.co.uk
league_8d4cb38b3f781d05,2020-06-28,SUPER_LIG,2019-20,LEAGUE,,Sivasspor,Kayserispor,0,2,A,Turkey,Turkish Super League,football-data.co.uk
league_b55a8dd08e67d677,2020-06-28,SUPER_LIG,2019-20,LEAGUE,,Çaykur Rizespor,Denizlispor,2,2,D,Turkey,Turkish Super League,football-data.co.uk
league_dfdef530336df33b,2020-06-29,SUPER_LIG,2019-20,LEAGUE,,Genclerbirligi,Kasımpaşa SK,0,2,A,Turkey,Turkish Super League,football-data.co.uk
league_f47debaba08654ce,2020-07-03,SUPER_LIG,2019-20,LEAGUE,,Denizlispor,Gaziantep FK,0,1,A,Turkey,Turkish Super League,football-data.co.uk
league_f53a007b44e0d34a,2020-07-04,SUPER_LIG,2019-20,LEAGUE,,Ankaragucu,Alanyaspor,1,4,A,Turkey,Turkish Super League,football-data.co.uk
league_603cece24f4c4a1c,2020-07-04,SUPER_LIG,2019-20,LEAGUE,,Antalyaspor,Buyuksehyr,0,2,A,Turkey,Turkish Super League,football-data.co.uk
league_ee87948cfe79d20f,2020-07-04,SUPER_LIG,2019-20,LEAGUE,,Fenerbahçe,Göztepe,2,1,H,Turkey,Turkish Super League,football-data.co.uk
league_6a09e06525964de6,2020-07-04,SUPER_LIG,2019-20,LEAGUE,,Yeni Malatyaspor,Genclerbirligi,0,0,D,Turkey,Turkish Super League,football-data.co.uk
league_011a2841680d5e55,2020-07-05,SUPER_LIG,2019-20,LEAGUE,,Galatasaray SK,Trabzonspor,1,3,A,Turkey,Turkish Super League,football-data.co.uk
league_799531348c20e247,2020-07-05,SUPER_LIG,2019-20,LEAGUE,,Kasımpaşa SK,Sivasspor,0,0,D,Turkey,Turkish Super League,football-data.co.uk
league_41ab7e890d189e41,2020-07-05,SUPER_LIG,2019-20,LEAGUE,,Konyaspor,Çaykur Rizespor,1,0,H,Turkey,Turkish Super League,football-data.co.uk
league_1e0788487c2da901,2020-07-06,SUPER_LIG,2019-20,LEAGUE,,Kayserispor,Beşiktaş JK,3,1,H,Turkey,Turkish Super League,football-data.co.uk
league_bcc3712d66ad88e3,2020-07-07,SUPER_LIG,2019-20,LEAGUE,,Buyuksehyr,Denizlispor,2,0,H,Turkey,Turkish Super League,football-data.co.uk
league_9c3b2e3548463e05,2020-07-07,SUPER_LIG,2019-20,LEAGUE,,Genclerbirligi,Fenerbahçe,1,1,D,Turkey,Turkish Super League,football-data.co.uk
league_42708c86f1f695d3,2020-07-08,SUPER_LIG,2019-20,LEAGUE,,Alanyaspor,Galatasaray SK,4,1,H,Turkey,Turkish Super League,football-data.co.uk
league_e5c6ae3ef592320b,2020-07-08,SUPER_LIG,2019-20,LEAGUE,,Göztepe,Ankaragucu,2,2,D,Turkey,Turkish Super League,football-data.co.uk
league_64c217f47e40994a,2020-07-08,SUPER_LIG,2019-20,LEAGUE,,Sivasspor,Yeni Malatyaspor,0,1,A,Turkey,Turkish Super League,football-data.co.uk
league_990cc10571f1c4a1,2020-07-08,SUPER_LIG,2019-20,LEAGUE,,Trabzonspor,Antalyaspor,2,2,D,Turkey,Turkish Super League,football-data.co.uk
league_2c6c7fb5ea3bf6bd,2020-07-09,SUPER_LIG,2019-20,LEAGUE,,Beşiktaş JK,Kasımpaşa SK,3,2,H,Turkey,Turkish Super League,football-data.co.uk
league_ede857a26727af2c,2020-07-09,SUPER_LIG,2019-20,LEAGUE,,Gaziantep FK,Konyaspor,3,1,H,Turkey,Turkish Super League,football-data.co.uk
league_e45b792c35413af6,2020-07-09,SUPER_LIG,2019-20,LEAGUE,,Çaykur Rizespor,Kayserispor,3,2,H,Turkey,Turkish Super League,football-data.co.uk
league_434201940af59eae,2020-07-11,SUPER_LIG,2019-20,LEAGUE,,Göztepe,Genclerbirligi,1,3,A,Turkey,Turkish Super League,football-data.co.uk
league_7324eedcf4c68e1e,2020-07-12,SUPER_LIG,2019-20,LEAGUE,,Ankaragucu,Galatasaray SK,1,0,H,Turkey,Turkish Super League,football-data.co.uk
league_24706da6f888b98e,2020-07-12,SUPER_LIG,2019-20,LEAGUE,,Antalyaspor,Alanyaspor,1,0,H,Turkey,Turkish Super League,football-data.co.uk
league_ebe4d967ca885985,2020-07-12,SUPER_LIG,2019-20,LEAGUE,,Fenerbahçe,Sivasspor,1,2,A,Turkey,Turkish Super League,football-data.co.uk
league_a04e84ae95ec62f3,2020-07-13,SUPER_LIG,2019-20,LEAGUE,,Denizlispor,Trabzonspor,2,1,H,Turkey,Turkish Super League,football-data.co.uk
league_6c6f71a1b9cc3ca6,2020-07-13,SUPER_LIG,2019-20,LEAGUE,,Kasımpaşa SK,Çaykur Rizespor,2,0,H,Turkey,Turkish Super League,football-data.co.uk
league_f55bdc52a97aef88,2020-07-13,SUPER_LIG,2019-20,LEAGUE,,Kayserispor,Gaziantep FK,1,1,D,Turkey,Turkish Super League,football-data.co.uk
league_2b69513340cd2de3,2020-07-13,SUPER_LIG,2019-20,LEAGUE,,Konyaspor,Buyuksehyr,4,3,H,Turkey,Turkish Super League,football-data.co.uk
league_a0554f6695cb7136,2020-07-13,SUPER_LIG,2019-20,LEAGUE,,Yeni Malatyaspor,Beşiktaş JK,0,1,A,Turkey,Turkish Super League,football-data.co.uk
league_dd9f5c5b0ce8f233,2020-07-18,SUPER_LIG,2019-20,LEAGUE,,Galatasaray SK,Göztepe,3,1,H,Turkey,Turkish Super League,football-data.co.uk
league_7b809e539cb96576,2020-07-18,SUPER_LIG,2019-20,LEAGUE,,Gaziantep FK,Kasımpaşa SK,2,2,D,Turkey,Turkish Super League,football-data.co.uk
league_c649f8e4485f5fee,2020-07-19,SUPER_LIG,2019-20,LEAGUE,,Alanyaspor,Denizlispor,1,0,H,Turkey,Turkish Super League,football-data.co.uk
league_3e0a0ee609d2a8d3,2020-07-19,SUPER_LIG,2019-20,LEAGUE,,Ankaragucu,Antalyaspor,0,1,A,Turkey,Turkish Super League,football-data.co.uk
league_bf3bf6a4fce880eb,2020-07-19,SUPER_LIG,2019-20,LEAGUE,,Beşiktaş JK,Fenerbahçe,2,0,H,Turkey,Turkish Super League,football-data.co.uk
league_8d46c6cbb3d59736,2020-07-19,SUPER_LIG,2019-20,LEAGUE,,Buyuksehyr,Kayserispor,1,0,H,Turkey,Turkish Super League,football-data.co.uk
league_7efcf230c715a685,2020-07-19,SUPER_LIG,2019-20,LEAGUE,,Sivasspor,Genclerbirligi,2,0,H,Turkey,Turkish Super League,football-data.co.uk
league_7921deaefa93196a,2020-07-19,SUPER_LIG,2019-20,LEAGUE,,Trabzonspor,Konyaspor,3,4,A,Turkey,Turkish Super League,football-data.co.uk
league_cb579e564ef4d9de,2020-07-19,SUPER_LIG,2019-20,LEAGUE,,Çaykur Rizespor,Yeni Malatyaspor,3,0,H,Turkey,Turkish Super League,football-data.co.uk
league_b0f75904c975b978,2020-07-24,SUPER_LIG,2019-20,LEAGUE,,Antalyaspor,Galatasaray SK,2,2,D,Turkey,Turkish Super League,football-data.co.uk
league_8c504e90fe45f438,2020-07-25,SUPER_LIG,2019-20,LEAGUE,,Denizlispor,Ankaragucu,0,1,A,Turkey,Turkish Super League,football-data.co.uk
league_341aade992905aa5,2020-07-25,SUPER_LIG,2019-20,LEAGUE,,Fenerbahçe,Çaykur Rizespor,3,1,H,Turkey,Turkish Super League,football-data.co.uk
league_f937ad6cee254a05,2020-07-25,SUPER_LIG,2019-20,LEAGUE,,Genclerbirligi,Beşiktaş JK,0,3,A,Turkey,Turkish Super League,football-data.co.uk
league_5eb166c52726b1c0,2020-07-25,SUPER_LIG,2019-20,LEAGUE,,Göztepe,Sivasspor,3,1,H,Turkey,Turkish Super League,football-data.co.uk
league_e7bf268ec23735aa,2020-07-25,SUPER_LIG,2019-20,LEAGUE,,Kayserispor,Trabzonspor,1,2,A,Turkey,Turkish Super League,football-data.co.uk
league_313496b3b308832b,2020-07-25,SUPER_LIG,2019-20,LEAGUE,,Konyaspor,Alanyaspor,2,3,A,Turkey,Turkish Super League,football-data.co.uk
league_0917baa94a99a1c9,2020-07-25,SUPER_LIG,2019-20,LEAGUE,,Yeni Malatyaspor,Gaziantep FK,0,1,A,Turkey,Turkish Super League,football-data.co.uk
league_684ccfa053706d47,2020-07-26,SUPER_LIG,2019-20,LEAGUE,,Kasımpaşa SK,Buyuksehyr,3,2,H,Turkey,Turkish Super League,football-data.co.uk
league_34d2d96669f5a06a,2020-09-11,SUPER_LIG,2020-21,LEAGUE,,Çaykur Rizespor,Fenerbahçe,1,2,A,Turkey,Turkish Super League,football-data.co.uk
league_eeb475254f8ff280,2020-09-12,SUPER_LIG,2020-21,LEAGUE,,Galatasaray SK,Gaziantep FK,3,1,H,Turkey,Turkish Super League,football-data.co.uk
league_a469b684b0767d4a,2020-09-12,SUPER_LIG,2020-21,LEAGUE,,Göztepe,Denizlispor,5,1,H,Turkey,Turkish Super League,football-data.co.uk
league_ab3618c859643f8b,2020-09-12,SUPER_LIG,2020-21,LEAGUE,,Karagumruk,Yeni Malatyaspor,3,0,H,Turkey,Turkish Super League,football-data.co.uk
league_3accecedcc65a662,2020-09-12,SUPER_LIG,2020-21,LEAGUE,,Sivasspor,Alanyaspor,0,2,A,Turkey,Turkish Super League,football-data.co.uk
league_24e8e168214e6f44,2020-09-13,SUPER_LIG,2020-21,LEAGUE,,Ankaragucu,Erzurum BB,1,2,A,Turkey,Turkish Super League,football-data.co.uk
league_616a68e4a70df90d,2020-09-13,SUPER_LIG,2020-21,LEAGUE,,Antalyaspor,Genclerbirligi,2,0,H,Turkey,Turkish Super League,football-data.co.uk
league_1c5640696bcfd729,2020-09-13,SUPER_LIG,2020-21,LEAGUE,,Kayserispor,Kasımpaşa SK,1,0,H,Turkey,Turkish Super League,football-data.co.uk
league_5824f05a0772e88a,2020-09-13,SUPER_LIG,2020-21,LEAGUE,,Trabzonspor,Beşiktaş JK,1,3,A,Turkey,Turkish Super League,football-data.co.uk
league_adebae453afb263b,2020-09-14,SUPER_LIG,2020-21,LEAGUE,,Hatayspor,Buyuksehyr,2,0,H,Turkey,Turkish Super League,football-data.co.uk
league_54df3aa089b9bec6,2020-09-18,SUPER_LIG,2020-21,LEAGUE,,Yeni Malatyaspor,Göztepe,1,1,D,Turkey,Turkish Super League,football-data.co.uk
league_fc66141103fe54d1,2020-09-19,SUPER_LIG,2020-21,LEAGUE,,Alanyaspor,Kayserispor,2,0,H,Turkey,Turkish Super League,football-data.co.uk
league_35b7c6849b5bde4e,2020-09-19,SUPER_LIG,2020-21,LEAGUE,,Beşiktaş JK,Antalyaspor,1,1,D,Turkey,Turkish Super League,football-data.co.uk
league_41ac9dc045093643,2020-09-19,SUPER_LIG,2020-21,LEAGUE,,Denizlispor,Trabzonspor,0,0,D,Turkey,Turkish Super League,football-data.co.uk
league_36fa04dd29d2f9ae,2020-09-19,SUPER_LIG,2020-21,LEAGUE,,Genclerbirligi,Konyaspor,0,0,D,Turkey,Turkish Super League,football-data.co.uk
league_0a40672c453c2fb0,2020-09-20,SUPER_LIG,2020-21,LEAGUE,,Buyuksehyr,Galatasaray SK,0,2,A,Turkey,Turkish Super League,football-data.co.uk
league_159b301c757b8a3f,2020-09-20,SUPER_LIG,2020-21,LEAGUE,,Erzurum BB,Sivasspor,1,2,A,Turkey,Turkish Super League,football-data.co.uk
league_d677e7cba37e32c1,2020-09-20,SUPER_LIG,2020-21,LEAGUE,,Gaziantep FK,Karagumruk,2,2,D,Turkey,Turkish Super League,football-data.co.uk
league_f5ad91208ce0e17a,2020-09-20,SUPER_LIG,2020-21,LEAGUE,,Kasımpaşa SK,Çaykur Rizespor,2,0,H,Turkey,Turkish Super League,football-data.co.uk
league_abaaa702763ae9c3,2020-09-21,SUPER_LIG,2020-21,LEAGUE,,Fenerbahçe,Hatayspor,0,0,D,Turkey,Turkish Super League,football-data.co.uk
league_5362112f9bfe5f74,2020-09-25,SUPER_LIG,2020-21,LEAGUE,,Karagumruk,Buyuksehyr,2,0,H,Turkey,Turkish Super League,football-data.co.uk
league_7b0fb1a2d75d850a,2020-09-26,SUPER_LIG,2020-21,LEAGUE,,Göztepe,Gaziantep FK,2,2,D,Turkey,Turkish Super League,football-data.co.uk
league_d5f54b03b62dd6e8,2020-09-26,SUPER_LIG,2020-21,LEAGUE,,Hatayspor,Kasımpaşa SK,1,0,H,Turkey,Turkish Super League,football-data.co.uk
league_68b0dea8734c981c,2020-09-26,SUPER_LIG,2020-21,LEAGUE,,Kayserispor,Erzurum BB,1,3,A,Turkey,Turkish Super League,football-data.co.uk
league_eb18102f97d9fe97,2020-09-26,SUPER_LIG,2020-21,LEAGUE,,Trabzonspor,Yeni Malatyaspor,3,1,H,Turkey,Turkish Super League,football-data.co.uk
league_317c2735ccc3e621,2020-09-27,SUPER_LIG,2020-21,LEAGUE,,Galatasaray SK,Fenerbahçe,0,0,D,Turkey,Turkish Super League,football-data.co.uk
league_3d4187ef9d394193,2020-09-27,SUPER_LIG,2020-21,LEAGUE,,Konyaspor,Beşiktaş JK,4,1,H,Turkey,Turkish Super League,football-data.co.uk
league_054cecc26b4ac31a,2020-09-27,SUPER_LIG,2020-21,LEAGUE,,Sivasspor,Ankaragucu,0,0,D,Turkey,Turkish Super League,football-data.co.uk
league_1b14990bf7ba36e6,2020-09-27,SUPER_LIG,2020-21,LEAGUE,,Çaykur Rizespor,Alanyaspor,1,1,D,Turkey,Turkish Super League,football-data.co.uk
league_d62bfc459f366776,2020-09-28,SUPER_LIG,2020-21,LEAGUE,,Antalyaspor,Denizlispor,1,0,H,Turkey,Turkish Super League,football-data.co.uk
league_6654f7fb1eea6c56,2020-10-02,SUPER_LIG,2020-21,LEAGUE,,Ankaragucu,Kayserispor,0,1,A,Turkey,Turkish Super League,football-data.co.uk
league_a6bae8eb1d05841c,2020-10-02,SUPER_LIG,2020-21,LEAGUE,,Gaziantep FK,Trabzonspor,1,1,D,Turkey,Turkish Super League,football-data.co.uk
league_e229c7e9861672f6,2020-10-03,SUPER_LIG,2020-21,LEAGUE,,Buyuksehyr,Göztepe,0,0,D,Turkey,Turkish Super League,football-data.co.uk
league_570bc606f364d83d,2020-10-03,SUPER_LIG,2020-21,LEAGUE,,Erzurum BB,Çaykur Rizespor,0,0,D,Turkey,Turkish Super League,football-data.co.uk
league_06709936c64d9415,2020-10-03,SUPER_LIG,2020-21,LEAGUE,,Fenerbahçe,Karagumruk,2,1,H,Turkey,Turkish Super League,football-data.co.uk
league_af58193d6a793f64,2020-10-03,SUPER_LIG,2020-21,LEAGUE,,Yeni Malatyaspor,Antalyaspor,1,0,H,Turkey,Turkish Super League,football-data.co.uk
league_2fe4bd52e7c39678,2020-10-04,SUPER_LIG,2020-21,LEAGUE,,Alanyaspor,Hatayspor,6,0,H,Turkey,Turkish Super League,football-data.co.uk
league_9cc611dec4e2683f,2020-10-04,SUPER_LIG,2020-21,LEAGUE,,Beşiktaş JK,Genclerbirligi,0,1,A,Turkey,Turkish Super League,football-data.co.uk
league_676acd2174817f94,2020-10-04,SUPER_LIG,2020-21,LEAGUE,,Denizlispor,Konyaspor,0,0,D,Turkey,Turkish Super League,football-data.co.uk
league_69d1030c5f138438,2020-10-04,SUPER_LIG,2020-21,LEAGUE,,Kasımpaşa SK,Galatasaray SK,1,0,H,Turkey,Turkish Super League,football-data.co.uk
league_2bba0c556bdb6a71,2020-10-17,SUPER_LIG,2020-21,LEAGUE,,Kayserispor,Sivasspor,1,3,A,Turkey,Turkish Super League,football-data.co.uk
league_38543752d0e60919,2020-10-17,SUPER_LIG,2020-21,LEAGUE,,Konyaspor,Yeni Malatyaspor,1,1,D,Turkey,Turkish Super League,football-data.co.uk
league_8c9dabe9ef6114ce,2020-10-17,SUPER_LIG,2020-21,LEAGUE,,Trabzonspor,Buyuksehyr,0,2,A,Turkey,Turkish Super League,football-data.co.uk
league_ede6e2538e1aecf7,2020-10-17,SUPER_LIG,2020-21,LEAGUE,,Çaykur Rizespor,Ankaragucu,5,3,H,Turkey,Turkish Super League,football-data.co.uk
league_8d26895eca932823,2020-10-18,SUPER_LIG,2020-21,LEAGUE,,Antalyaspor,Gaziantep FK,1,1,D,Turkey,Turkish Super League,football-data.co.uk
league_7762967ca2972c96,2020-10-18,SUPER_LIG,2020-21,LEAGUE,,Göztepe,Fenerbahçe,2,3,A,Turkey,Turkish Super League,football-data.co.uk
league_4bdc6f489bbf7a86,2020-10-18,SUPER_LIG,2020-21,LEAGUE,,Karagumruk,Kasımpaşa SK,1,1,D,Turkey,Turkish Super League,football-data.co.uk
league_3262b2b2a8e91a94,2020-10-19,SUPER_LIG,2020-21,LEAGUE,,Galatasaray SK,Alanyaspor,1,2,A,Turkey,Turkish Super League,football-data.co.uk
league_ed43950eafe1f897,2020-10-19,SUPER_LIG,2020-21,LEAGUE,,Genclerbirligi,Denizlispor,1,2,A,Turkey,Turkish Super League,football-data.co.uk
league_09e6959ac2193978,2020-10-23,SUPER_LIG,2020-21,LEAGUE,,Kasımpaşa SK,Göztepe,0,0,D,Turkey,Turkish Super League,football-data.co.uk
league_e61255b869a5bd77,2020-10-24,SUPER_LIG,2020-21,LEAGUE,,Buyuksehyr,Antalyaspor,5,1,H,Turkey,Turkish Super League,football-data.co.uk
league_204203a2029fe7f2,2020-10-24,SUPER_LIG,2020-21,LEAGUE,,Erzurum BB,Galatasaray SK,1,2,A,Turkey,Turkish Super League,football-data.co.uk
league_86b647561a6ae9f7,2020-10-24,SUPER_LIG,2020-21,LEAGUE,,Gaziantep FK,Konyaspor,1,0,H,Turkey,Turkish Super League,football-data.co.uk
league_c4657846e00a3fd5,2020-10-25,SUPER_LIG,2020-21,LEAGUE,,Alanyaspor,Karagumruk,2,0,H,Turkey,Turkish Super League,football-data.co.uk
league_ca55863ddbc93eb3,2020-10-25,SUPER_LIG,2020-21,LEAGUE,,Fenerbahçe,Trabzonspor,3,1,H,Turkey,Turkish Super League,football-data.co.uk
league_c475ca4eeee20454,2020-10-25,SUPER_LIG,2020-21,LEAGUE,,Yeni Malatyaspor,Genclerbirligi,2,1,H,Turkey,Turkish Super League,football-data.co.uk
league_8426e05ffa87bd46,2020-10-26,SUPER_LIG,2020-21,LEAGUE,,Denizlispor,Beşiktaş JK,2,3,A,Turkey,Turkish Super League,football-data.co.uk
league_8af265c7f444d099,2020-10-26,SUPER_LIG,2020-21,LEAGUE,,Sivasspor,Çaykur Rizespor,0,2,A,Turkey,Turkish Super League,football-data.co.uk
league_81b6793ff11d0770,2020-10-30,SUPER_LIG,2020-21,LEAGUE,,Karagumruk,Erzurum BB,5,1,H,Turkey,Turkish Super League,football-data.co.uk
league_11748de9688e0c8d,2020-10-30,SUPER_LIG,2020-21,LEAGUE,,Trabzonspor,Kasımpaşa SK,3,4,A,Turkey,Turkish Super League,football-data.co.uk
league_e9835a6c26561dd1,2020-10-31,SUPER_LIG,2020-21,LEAGUE,,Galatasaray SK,Ankaragucu,1,0,H,Turkey,Turkish Super League,football-data.co.uk
league_e67148d021a52374,2020-10-31,SUPER_LIG,2020-21,LEAGUE,,Genclerbirligi,Gaziantep FK,1,1,D,Turkey,Turkish Super League,football-data.co.uk
league_56da0302a8f78410,2020-11-01,SUPER_LIG,2020-21,LEAGUE,,Beşiktaş JK,Yeni Malatyaspor,1,0,H,Turkey,Turkish Super League,football-data.co.uk
league_b34d8e30a8d2c036,2020-11-01,SUPER_LIG,2020-21,LEAGUE,,Konyaspor,Buyuksehyr,1,2,A,Turkey,Turkish Super League,football-data.co.uk
league_39324644dcbc44fa,2020-11-01,SUPER_LIG,2020-21,LEAGUE,,Çaykur Rizespor,Kayserispor,1,0,H,Turkey,Turkish Super League,football-data.co.uk
league_c28551a268497023,2020-11-02,SUPER_LIG,2020-21,LEAGUE,,Antalyaspor,Fenerbahçe,1,2,A,Turkey,Turkish Super League,football-data.co.uk
league_ca2e1a61efe26e3d,2020-11-02,SUPER_LIG,2020-21,LEAGUE,,Hatayspor,Sivasspor,1,1,D,Turkey,Turkish Super League,football-data.co.uk
league_41de7ffab51f300f,2020-11-06,SUPER_LIG,2020-21,LEAGUE,,Gaziantep FK,Beşiktaş JK,3,1,H,Turkey,Turkish Super League,football-data.co.uk
league_927546622de7ef1c,2020-11-07,SUPER_LIG,2020-21,LEAGUE,,Alanyaspor,Trabzonspor,1,1,D,Turkey,Turkish Super League,football-data.co.uk
league_b75c9eda6aa2323b,2020-11-07,SUPER_LIG,2020-21,LEAGUE,,Erzurum BB,Göztepe,1,1,D,Turkey,Turkish Super League,football-data.co.uk
league_befe366ce63a9535,2020-11-07,SUPER_LIG,2020-21,LEAGUE,,Fenerbahçe,Konyaspor,0,2,A,Turkey,Turkish Super League,football-data.co.uk
league_0236a7af3c93e190,2020-11-07,SUPER_LIG,2020-21,LEAGUE,,Kasımpaşa SK,Antalyaspor,2,2,D,Turkey,Turkish Super League,football-data.co.uk
league_c0a0ccff8938f042,2020-11-08,SUPER_LIG,2020-21,LEAGUE,,Ankaragucu,Karagumruk,2,2,D,Turkey,Turkish Super League,football-data.co.uk
league_351492689b24b16c,2020-11-08,SUPER_LIG,2020-21,LEAGUE,,Buyuksehyr,Genclerbirligi,2,1,H,Turkey,Turkish Super League,football-data.co.uk
league_f44670215ff16369,2020-11-08,SUPER_LIG,2020-21,LEAGUE,,Kayserispor,Hatayspor,0,1,A,Turkey,Turkish Super League,football-data.co.uk
league_458ef7e6af064b00,2020-11-08,SUPER_LIG,2020-21,LEAGUE,,Sivasspor,Galatasaray SK,1,2,A,Turkey,Turkish Super League,football-data.co.uk
league_beede49c8fdf5576,2020-11-08,SUPER_LIG,2020-21,LEAGUE,,Yeni Malatyaspor,Denizlispor,2,0,H,Turkey,Turkish Super League,football-data.co.uk
league_4d996cd66e8f27ee,2020-11-21,SUPER_LIG,2020-21,LEAGUE,,Beşiktaş JK,Buyuksehyr,3,2,H,Turkey,Turkish Super League,football-data.co.uk
league_b36c4c2e8f5fe2a4,2020-11-21,SUPER_LIG,2020-21,LEAGUE,,Denizlispor,Gaziantep FK,0,1,A,Turkey,Turkish Super League,football-data.co.uk
league_2418ee78bd608248,2020-11-21,SUPER_LIG,2020-21,LEAGUE,,Genclerbirligi,Fenerbahçe,1,5,A,Turkey,Turkish Super League,football-data.co.uk
league_034ee6cdbc16a96e,2020-11-21,SUPER_LIG,2020-21,LEAGUE,,Karagumruk,Sivasspor,1,1,D,Turkey,Turkish Super League,football-data.co.uk
league_7c83a9fcf782322b,2020-11-22,SUPER_LIG,2020-21,LEAGUE,,Antalyaspor,Alanyaspor,0,2,A,Turkey,Turkish Super League,football-data.co.uk
league_2c950f99aaf06b18,2020-11-22,SUPER_LIG,2020-21,LEAGUE,,Göztepe,Ankaragucu,3,1,H,Turkey,Turkish Super League,football-data.co.uk
league_02d8107b07bfc60e,2020-11-22,SUPER_LIG,2020-21,LEAGUE,,Hatayspor,Çaykur Rizespor,2,2,D,Turkey,Turkish Super League,football-data.co.uk
league_d42c2c0b2d44b72c,2020-11-22,SUPER_LIG,2020-21,LEAGUE,,Konyaspor,Kasımpaşa SK,2,1,H,Turkey,Turkish Super League,football-data.co.uk
league_81de4bed5de924f3,2020-11-22,SUPER_LIG,2020-21,LEAGUE,,Trabzonspor,Erzurum BB,1,0,H,Turkey,Turkish Super League,football-data.co.uk
league_b1f84974f2f2de50,2020-11-23,SUPER_LIG,2020-21,LEAGUE,,Galatasaray SK,Kayserispor,1,1,D,Turkey,Turkish Super League,football-data.co.uk
league_1db4c679c79b43cf,2020-11-27,SUPER_LIG,2020-21,LEAGUE,,Ankaragucu,Trabzonspor,0,1,A,Turkey,Turkish Super League,football-data.co.uk
league_cd3bc4e81fd91061,2020-11-28,SUPER_LIG,2020-21,LEAGUE,,Buyuksehyr,Denizlispor,3,3,D,Turkey,Turkish Super League,football-data.co.uk
league_2166a70832799b8e,2020-11-28,SUPER_LIG,2020-21,LEAGUE,,Gaziantep FK,Yeni Malatyaspor,2,2,D,Turkey,Turkish Super League,football-data.co.uk
league_8a053c6081f10328,2020-11-28,SUPER_LIG,2020-21,LEAGUE,,Çaykur Rizespor,Galatasaray SK,0,4,A,Turkey,Turkish Super League,football-data.co.uk
league_4d43ddad3fcffda0,2020-11-29,SUPER_LIG,2020-21,LEAGUE,,Alanyaspor,Konyaspor,1,0,H,Turkey,Turkish Super League,football-data.co.uk
league_349077ee274443ba,2020-11-29,SUPER_LIG,2020-21,LEAGUE,,Erzurum BB,Antalyaspor,2,2,D,Turkey,Turkish Super League,football-data.co.uk
league_191bb4e912153104,2020-11-29,SUPER_LIG,2020-21,LEAGUE,,Fenerbahçe,Beşiktaş JK,3,4,A,Turkey,Turkish Super League,football-data.co.uk
league_a4dd701856ce24e5,2020-11-29,SUPER_LIG,2020-21,LEAGUE,,Kasımpaşa SK,Genclerbirligi,2,0,H,Turkey,Turkish Super League,football-data.co.uk
league_730a3b05a9367ae7,2020-11-30,SUPER_LIG,2020-21,LEAGUE,,Kayserispor,Karagumruk,0,0,D,Turkey,Turkish Super League,football-data.co.uk
league_00f3a6223e20825e,2020-11-30,SUPER_LIG,2020-21,LEAGUE,,Sivasspor,Göztepe,0,1,A,Turkey,Turkish Super League,football-data.co.uk
league_0a3e9f1efd40df31,2020-12-04,SUPER_LIG,2020-21,LEAGUE,,Beşiktaş JK,Kasımpaşa SK,3,0,H,Turkey,Turkish Super League,football-data.co.uk
league_db5145305f0c1e69,2020-12-05,SUPER_LIG,2020-21,LEAGUE,,Galatasaray SK,Hatayspor,3,0,H,Turkey,Turkish Super League,football-data.co.uk
league_82be23928cc89868,2020-12-05,SUPER_LIG,2020-21,LEAGUE,,Genclerbirligi,Alanyaspor,2,1,H,Turkey,Turkish Super League,football-data.co.uk
league_2d60bea50fecdfb0,2020-12-05,SUPER_LIG,2020-21,LEAGUE,,Göztepe,Kayserispor,1,1,D,Turkey,Turkish Super League,football-data.co.uk
league_012a691cf6b84a3d,2020-12-05,SUPER_LIG,2020-21,LEAGUE,,Konyaspor,Erzurum BB,2,0,H,Turkey,Turkish Super League,football-data.co.uk
league_38086bc3f6319b2d,2020-12-05,SUPER_LIG,2020-21,LEAGUE,,Yeni Malatyaspor,Buyuksehyr,1,1,D,Turkey,Turkish Super League,football-data.co.uk
league_118e71c92905d4b8,2020-12-06,SUPER_LIG,2020-21,LEAGUE,,Antalyaspor,Ankaragucu,1,0,H,Turkey,Turkish Super League,football-data.co.uk
league_d8fd58f9ae624ddf,2020-12-06,SUPER_LIG,2020-21,LEAGUE,,Denizlispor,Fenerbahçe,0,2,A,Turkey,Turkish Super League,football-data.co.uk
league_5953de2df93c297d,2020-12-06,SUPER_LIG,2020-21,LEAGUE,,Karagumruk,Çaykur Rizespor,2,1,H,Turkey,Turkish Super League,football-data.co.uk
league_c27298fd9446b2d1,2020-12-07,SUPER_LIG,2020-21,LEAGUE,,Trabzonspor,Sivasspor,1,1,D,Turkey,Turkish Super League,football-data.co.uk
league_31fa4b6f10103d1f,2020-12-09,SUPER_LIG,2020-21,LEAGUE,,Göztepe,Alanyaspor,1,0,H,Turkey,Turkish Super League,football-data.co.uk
league_c32ca88b4f19d65b,2020-12-09,SUPER_LIG,2020-21,LEAGUE,,Hatayspor,Erzurum BB,3,0,H,Turkey,Turkish Super League,football-data.co.uk
league_c833e558ef171d42,2020-12-11,SUPER_LIG,2020-21,LEAGUE,,Kasımpaşa SK,Denizlispor,3,2,H,Turkey,Turkish Super League,football-data.co.uk
league_6d2cd955aaebcc2a,2020-12-12,SUPER_LIG,2020-21,LEAGUE,,Ankaragucu,Konyaspor,4,3,H,Turkey,Turkish Super League,football-data.co.uk
league_bba32c5f1d2b9e30,2020-12-12,SUPER_LIG,2020-21,LEAGUE,,Fenerbahçe,Yeni Malatyaspor,0,3,A,Turkey,Turkish Super League,football-data.co.uk
league_79607393d3da0049,2020-12-12,SUPER_LIG,2020-21,LEAGUE,,Hatayspor,Karagumruk,3,1,H,Turkey,Turkish Super League,football-data.co.uk
league_c7b7860db5a5369f,2020-12-12,SUPER_LIG,2020-21,LEAGUE,,Kayserispor,Trabzonspor,0,0,D,Turkey,Turkish Super League,football-data.co.uk
league_810f90967450273a,2020-12-12,SUPER_LIG,2020-21,LEAGUE,,Çaykur Rizespor,Göztepe,3,2,H,Turkey,Turkish Super League,football-data.co.uk
league_2efd6ed906cb4801,2020-12-13,SUPER_LIG,2020-21,LEAGUE,,Alanyaspor,Beşiktaş JK,2,1,H,Turkey,Turkish Super League,football-data.co.uk
league_c2dd6758b6ca95a3,2020-12-13,SUPER_LIG,2020-21,LEAGUE,,Buyuksehyr,Gaziantep FK,1,2,A,Turkey,Turkish Super League,football-data.co.uk
league_fd3c43f3edfd766e,2020-12-13,SUPER_LIG,2020-21,LEAGUE,,Erzurum BB,Genclerbirligi,0,1,A,Turkey,Turkish Super League,football-data.co.uk
league_9e21fe99a84ec9e3,2020-12-14,SUPER_LIG,2020-21,LEAGUE,,Sivasspor,Antalyaspor,0,0,D,Turkey,Turkish Super League,football-data.co.uk
league_4cf844d492b9bfe3,2020-12-15,SUPER_LIG,2020-21,LEAGUE,,Ankaragucu,Hatayspor,2,0,H,Turkey,Turkish Super League,football-data.co.uk
league_894b3fc0f1f32086,2020-12-18,SUPER_LIG,2020-21,LEAGUE,,Karagumruk,Galatasaray SK,2,1,H,Turkey,Turkish Super League,football-data.co.uk
league_3cb260a98c0bb282,2020-12-19,SUPER_LIG,2020-21,LEAGUE,,Gaziantep FK,Fenerbahçe,3,1,H,Turkey,Turkish Super League,football-data.co.uk
league_bbb84fee63d00547,2020-12-19,SUPER_LIG,2020-21,LEAGUE,,Göztepe,Hatayspor,0,1,A,Turkey,Turkish Super League,football-data.co.uk
league_d473a175ef227440,2020-12-19,SUPER_LIG,2020-21,LEAGUE,,Trabzonspor,Çaykur Rizespor,2,1,H,Turkey,Turkish Super League,football-data.co.uk
league_7ed1a27baa88c872,2020-12-19,SUPER_LIG,2020-21,LEAGUE,,Yeni Malatyaspor,Kasımpaşa SK,2,0,H,Turkey,Turkish Super League,football-data.co.uk
league_3cda4485b6469e11,2020-12-20,SUPER_LIG,2020-21,LEAGUE,,Beşiktaş JK,Erzurum BB,4,0,H,Turkey,Turkish Super League,football-data.co.uk
league_3cc69a50b22ebecd,2020-12-20,SUPER_LIG,2020-21,LEAGUE,,Denizlispor,Alanyaspor,1,0,H,Turkey,Turkish Super League,football-data.co.uk
league_263cfeaf50d4a999,2020-12-20,SUPER_LIG,2020-21,LEAGUE,,Genclerbirligi,Ankaragucu,1,1,D,Turkey,Turkish Super League,football-data.co.uk
league_f0d852909d24d82e,2020-12-21,SUPER_LIG,2020-21,LEAGUE,,Antalyaspor,Kayserispor,2,0,H,Turkey,Turkish Super League,football-data.co.uk
league_07b9be65e1a3c4bc,2020-12-21,SUPER_LIG,2020-21,LEAGUE,,Konyaspor,Sivasspor,0,1,A,Turkey,Turkish Super League,football-data.co.uk
league_fc2b40c6ae82833e,2020-12-22,SUPER_LIG,2020-21,LEAGUE,,Galatasaray SK,Göztepe,3,1,H,Turkey,Turkish Super League,football-data.co.uk
league_7ae7a482c8a35c69,2020-12-22,SUPER_LIG,2020-21,LEAGUE,,Hatayspor,Trabzonspor,0,1,A,Turkey,Turkish Super League,football-data.co.uk
league_4cb2fd507a036257,2020-12-23,SUPER_LIG,2020-21,LEAGUE,,Alanyaspor,Yeni Malatyaspor,1,1,D,Turkey,Turkish Super League,football-data.co.uk
league_c411c6f2d659fcf0,2020-12-23,SUPER_LIG,2020-21,LEAGUE,,Erzurum BB,Denizlispor,1,2,A,Turkey,Turkish Super League,football-data.co.uk
league_d7da8f8458938c13,2020-12-23,SUPER_LIG,2020-21,LEAGUE,,Fenerbahçe,Buyuksehyr,4,1,H,Turkey,Turkish Super League,football-data.co.uk
league_f23e2482ef3846b6,2020-12-23,SUPER_LIG,2020-21,LEAGUE,,Kasımpaşa SK,Gaziantep FK,0,4,A,Turkey,Turkish Super League,football-data.co.uk
league_54bde4108b288866,2020-12-24,SUPER_LIG,2020-21,LEAGUE,,Ankaragucu,Beşiktaş JK,0,1,A,Turkey,Turkish Super League,football-data.co.uk
league_131497eee4ad1012,2020-12-24,SUPER_LIG,2020-21,LEAGUE,,Kayserispor,Konyaspor,1,2,A,Turkey,Turkish Super League,football-data.co.uk
league_345198c9a7f16911,2020-12-24,SUPER_LIG,2020-21,LEAGUE,,Sivasspor,Genclerbirligi,3,1,H,Turkey,Turkish Super League,football-data.co.uk
league_fafa7c8244e4976d,2020-12-24,SUPER_LIG,2020-21,LEAGUE,,Çaykur Rizespor,Antalyaspor,2,1,H,Turkey,Turkish Super League,football-data.co.uk
league_fbf62436db30c233,2020-12-26,SUPER_LIG,2020-21,LEAGUE,,Göztepe,Karagumruk,1,1,D,Turkey,Turkish Super League,football-data.co.uk
league_8e930b3d72e9e70c,2020-12-26,SUPER_LIG,2020-21,LEAGUE,,Trabzonspor,Galatasaray SK,0,2,A,Turkey,Turkish Super League,football-data.co.uk
league_65491a003ec99814,2020-12-27,SUPER_LIG,2020-21,LEAGUE,,Buyuksehyr,Kasımpaşa SK,2,2,D,Turkey,Turkish Super League,football-data.co.uk
league_dcc8c2d20e1af5c6,2020-12-27,SUPER_LIG,2020-21,LEAGUE,,Denizlispor,Ankaragucu,1,2,A,Turkey,Turkish Super League,football-data.co.uk
league_bcc55dd293752016,2020-12-27,SUPER_LIG,2020-21,LEAGUE,,Gaziantep FK,Alanyaspor,3,1,H,Turkey,Turkish Super League,football-data.co.uk
league_be50a34932375446,2020-12-27,SUPER_LIG,2020-21,LEAGUE,,Yeni Malatyaspor,Erzurum BB,1,3,A,Turkey,Turkish Super League,football-data.co.uk
league_7c90dd0e8f88baf9,2020-12-28,SUPER_LIG,2020-21,LEAGUE,,Beşiktaş JK,Sivasspor,3,0,H,Turkey,Turkish Super League,football-data.co.uk
league_fa2d8cc790d0559f,2020-12-28,SUPER_LIG,2020-21,LEAGUE,,Genclerbirligi,Kayserispor,3,2,H,Turkey,Turkish Super League,football-data.co.uk
league_da477c086781e02f,2020-12-28,SUPER_LIG,2020-21,LEAGUE,,Konyaspor,Çaykur Rizespor,1,1,D,Turkey,Turkish Super League,football-data.co.uk
league_ab0dc0151d4faec6,2020-12-29,SUPER_LIG,2020-21,LEAGUE,,Antalyaspor,Hatayspor,0,6,A,Turkey,Turkish Super League,football-data.co.uk
league_2dec56e166ca1260,2021-01-02,SUPER_LIG,2020-21,LEAGUE,,Alanyaspor,Buyuksehyr,3,0,H,Turkey,Turkish Super League,football-data.co.uk
league_97b3c31743b1ba13,2021-01-02,SUPER_LIG,2020-21,LEAGUE,,Ankaragucu,Yeni Malatyaspor,3,1,H,Turkey,Turkish Super League,football-data.co.uk
league_5cdec99b79a4224d,2021-01-02,SUPER_LIG,2020-21,LEAGUE,,Erzurum BB,Gaziantep FK,1,1,D,Turkey,Turkish Super League,football-data.co.uk
league_7d764ffd8f795e2d,2021-01-02,SUPER_LIG,2020-21,LEAGUE,,Galatasaray SK,Antalyaspor,0,0,D,Turkey,Turkish Super League,football-data.co.uk
league_243d950eed4064bc,2021-01-02,SUPER_LIG,2020-21,LEAGUE,,Hatayspor,Konyaspor,2,1,H,Turkey,Turkish Super League,football-data.co.uk
league_9d2812d2ac0dfc7b,2021-01-02,SUPER_LIG,2020-21,LEAGUE,,Sivasspor,Denizlispor,2,2,D,Turkey,Turkish Super League,football-data.co.uk
league_306170e8358550c8,2021-01-03,SUPER_LIG,2020-21,LEAGUE,,Karagumruk,Trabzonspor,1,2,A,Turkey,Turkish Super League,football-data.co.uk
league_8bc48753fec934da,2021-01-03,SUPER_LIG,2020-21,LEAGUE,,Kayserispor,Beşiktaş JK,0,2,A,Turkey,Turkish Super League,football-data.co.uk
league_900883f26c893224,2021-01-03,SUPER_LIG,2020-21,LEAGUE,,Çaykur Rizespor,Genclerbirligi,1,1,D,Turkey,Turkish Super League,football-data.co.uk
league_54bcaf564916c9ab,2021-01-04,SUPER_LIG,2020-21,LEAGUE,,Kasımpaşa SK,Fenerbahçe,0,3,A,Turkey,Turkish Super League,football-data.co.uk
league_b0d088b206358cf7,2021-01-05,SUPER_LIG,2020-21,LEAGUE,,Gaziantep FK,Ankaragucu,2,0,H,Turkey,Turkish Super League,football-data.co.uk
league_4142c23df6bc8c3b,2021-01-05,SUPER_LIG,2020-21,LEAGUE,,Konyaspor,Galatasaray SK,4,3,H,Turkey,Turkish Super League,football-data.co.uk
league_f72fe7717d8db4ba,2021-01-05,SUPER_LIG,2020-21,LEAGUE,,Yeni Malatyaspor,Sivasspor,2,2,D,Turkey,Turkish Super League,football-data.co.uk
league_5a7619c25f627996,2021-01-06,SUPER_LIG,2020-21,LEAGUE,,Antalyaspor,Karagumruk,3,1,H,Turkey,Turkish Super League,football-data.co.uk
league_55529d84cdcb5598,2021-01-06,SUPER_LIG,2020-21,LEAGUE,,Beşiktaş JK,Çaykur Rizespor,6,0,H,Turkey,Turkish Super League,football-data.co.uk
league_02212c287fa339a7,2021-01-06,SUPER_LIG,2020-21,LEAGUE,,Buyuksehyr,Erzurum BB,1,0,H,Turkey,Turkish Super League,football-data.co.uk
league_698eaefc062d77ff,2021-01-06,SUPER_LIG,2020-21,LEAGUE,,Denizlispor,Kayserispor,0,1,A,Turkey,Turkish Super League,football-data.co.uk
league_382dbb0e5714ecd5,2021-01-06,SUPER_LIG,2020-21,LEAGUE,,Genclerbirligi,Hatayspor,3,1,H,Turkey,Turkish Super League,football-data.co.uk
league_a30c829f56332064,2021-01-06,SUPER_LIG,2020-21,LEAGUE,,Trabzonspor,Göztepe,1,0,H,Turkey,Turkish Super League,football-data.co.uk
league_6a704436292c64f2,2021-01-07,SUPER_LIG,2020-21,LEAGUE,,Fenerbahçe,Alanyaspor,2,1,H,Turkey,Turkish Super League,football-data.co.uk
league_b063b07d5fd95729,2021-01-09,SUPER_LIG,2020-21,LEAGUE,,Galatasaray SK,Genclerbirligi,6,0,H,Turkey,Turkish Super League,football-data.co.uk
league_9b86c54abba57af8,2021-01-09,SUPER_LIG,2020-21,LEAGUE,,Göztepe,Antalyaspor,0,1,A,Turkey,Turkish Super League,football-data.co.uk
league_6adcc34616196159,2021-01-09,SUPER_LIG,2020-21,LEAGUE,,Kayserispor,Yeni Malatyaspor,1,0,H,Turkey,Turkish Super League,football-data.co.uk
league_32f02f10d9cf9bbe,2021-01-09,SUPER_LIG,2020-21,LEAGUE,,Sivasspor,Gaziantep FK,2,1,H,Turkey,Turkish Super League,football-data.co.uk
league_0c916d6427b98e90,2021-01-10,SUPER_LIG,2020-21,LEAGUE,,Ankaragucu,Buyuksehyr,1,2,A,Turkey,Turkish Super League,football-data.co.uk
league_c1ccf25d91f80f3a,2021-01-10,SUPER_LIG,2020-21,LEAGUE,,Hatayspor,Beşiktaş JK,2,2,D,Turkey,Turkish Super League,football-data.co.uk
league_729fba3a58fd85c5,2021-01-10,SUPER_LIG,2020-21,LEAGUE,,Karagumruk,Konyaspor,2,1,H,Turkey,Turkish Super League,football-data.co.uk
league_66064c2648148f28,2021-01-10,SUPER_LIG,2020-21,LEAGUE,,Çaykur Rizespor,Denizlispor,1,1,D,Turkey,Turkish Super League,football-data.co.uk
league_dd54b2b8d3b5e6cd,2021-01-11,SUPER_LIG,2020-21,LEAGUE,,Alanyaspor,Kasımpaşa SK,1,2,A,Turkey,Turkish Super League,football-data.co.uk
league_48e028783ca08b69,2021-01-11,SUPER_LIG,2020-21,LEAGUE,,Erzurum BB,Fenerbahçe,0,3,A,Turkey,Turkish Super League,football-data.co.uk
league_8bccd3cefe58cf22,2021-01-15,SUPER_LIG,2020-21,LEAGUE,,Genclerbirligi,Karagumruk,1,3,A,Turkey,Turkish Super League,football-data.co.uk
league_1cc0d76ff1014066,2021-01-16,SUPER_LIG,2020-21,LEAGUE,,Antalyaspor,Trabzonspor,1,1,D,Turkey,Turkish Super League,football-data.co.uk
league_b0dd9b84c16e7a35,2021-01-16,SUPER_LIG,2020-21,LEAGUE,,Buyuksehyr,Sivasspor,1,1,D,Turkey,Turkish Super League,football-data.co.uk
league_70c9795283a2cf43,2021-01-16,SUPER_LIG,2020-21,LEAGUE,,Gaziantep FK,Kayserispor,2,1,H,Turkey,Turkish Super League,football-data.co.uk
league_59e0aa2842f3bf94,2021-01-16,SUPER_LIG,2020-21,LEAGUE,,Konyaspor,Göztepe,2,3,A,Turkey,Turkish Super League,football-data.co.uk
league_5fcb7c7d876ecfde,2021-01-17,SUPER_LIG,2020-21,LEAGUE,,Beşiktaş JK,Galatasaray SK,2,0,H,Turkey,Turkish Super League,football-data.co.uk
league_bcd00a3e0390f85c,2021-01-17,SUPER_LIG,2020-21,LEAGUE,,Denizlispor,Hatayspor,0,2,A,Turkey,Turkish Super League,football-data.co.uk
league_c2fcb094fbf9745f,2021-01-17,SUPER_LIG,2020-21,LEAGUE,,Yeni Malatyaspor,Çaykur Rizespor,4,1,H,Turkey,Turkish Super League,football-data.co.uk
league_16fbfe37245fa04a,2021-01-18,SUPER_LIG,2020-21,LEAGUE,,Fenerbahçe,Ankaragucu,3,1,H,Turkey,Turkish Super League,football-data.co.uk
league_6d85b031beecedb3,2021-01-18,SUPER_LIG,2020-21,LEAGUE,,Kasımpaşa SK,Erzurum BB,1,2,A,Turkey,Turkish Super League,football-data.co.uk
league_01cd19af184cfd3e,2021-01-19,SUPER_LIG,2020-21,LEAGUE,,Göztepe,Genclerbirligi,4,0,H,Turkey,Turkish Super League,football-data.co.uk
league_6bac2b5e4aea3836,2021-01-19,SUPER_LIG,2020-21,LEAGUE,,Kayserispor,Buyuksehyr,2,0,H,Turkey,Turkish Super League,football-data.co.uk
league_02999c3c58a2115e,2021-01-19,SUPER_LIG,2020-21,LEAGUE,,Trabzonspor,Konyaspor,3,1,H,Turkey,Turkish Super League,football-data.co.uk
league_d1d1bf653882becc,2021-01-20,SUPER_LIG,2020-21,LEAGUE,,Galatasaray SK,Denizlispor,6,1,H,Turkey,Turkish Super League,football-data.co.uk
league_e81287e355a105af,2021-01-20,SUPER_LIG,2020-21,LEAGUE,,Hatayspor,Yeni Malatyaspor,1,2,A,Turkey,Turkish Super League,football-data.co.uk
league_6152a5eecf03b8c9,2021-01-20,SUPER_LIG,2020-21,LEAGUE,,Çaykur Rizespor,Gaziantep FK,3,0,H,Turkey,Turkish Super League,football-data.co.uk
league_307e99fa368d584a,2021-01-21,SUPER_LIG,2020-21,LEAGUE,,Ankaragucu,Kasımpaşa SK,1,0,H,Turkey,Turkish Super League,football-data.co.uk
league_d93848fcbb1d51f3,2021-01-21,SUPER_LIG,2020-21,LEAGUE,,Erzurum BB,Alanyaspor,1,1,D,Turkey,Turkish Super League,football-data.co.uk
league_e3bababd583da06f,2021-01-21,SUPER_LIG,2020-21,LEAGUE,,Karagumruk,Beşiktaş JK,1,4,A,Turkey,Turkish Super League,football-data.co.uk
league_4afe587dbdddb303,2021-01-21,SUPER_LIG,2020-21,LEAGUE,,Sivasspor,Fenerbahçe,1,1,D,Turkey,Turkish Super League,football-data.co.uk
league_1c6af0ca8edaeec3,2021-01-23,SUPER_LIG,2020-21,LEAGUE,,Buyuksehyr,Çaykur Rizespor,1,1,D,Turkey,Turkish Super League,football-data.co.uk
league_3d8ab29ed58d1622,2021-01-23,SUPER_LIG,2020-21,LEAGUE,,Genclerbirligi,Trabzonspor,1,2,A,Turkey,Turkish Super League,football-data.co.uk
league_d0d85773c03f12c0,2021-01-24,SUPER_LIG,2020-21,LEAGUE,,Beşiktaş JK,Göztepe,2,1,H,Turkey,Turkish Super League,football-data.co.uk
league_047a47d9c308e542,2021-01-24,SUPER_LIG,2020-21,LEAGUE,,Denizlispor,Karagumruk,1,2,A,Turkey,Turkish Super League,football-data.co.uk
league_636c57c284251bc2,2021-01-24,SUPER_LIG,2020-21,LEAGUE,,Gaziantep FK,Hatayspor,1,1,D,Turkey,Turkish Super League,football-data.co.uk
league_1d4ea366ca2d61eb,2021-01-24,SUPER_LIG,2020-21,LEAGUE,,Konyaspor,Antalyaspor,0,0,D,Turkey,Turkish Super League,football-data.co.uk
league_df8a5947d9022484,2021-01-24,SUPER_LIG,2020-21,LEAGUE,,Yeni Malatyaspor,Galatasaray SK,0,1,A,Turkey,Turkish Super League,football-data.co.uk
league_77bc713fb03f0ecc,2021-01-25,SUPER_LIG,2020-21,LEAGUE,,Alanyaspor,Ankaragucu,4,3,H,Turkey,Turkish Super League,football-data.co.uk
league_7bc0ce5062666374,2021-01-25,SUPER_LIG,2020-21,LEAGUE,,Fenerbahçe,Kayserispor,3,0,H,Turkey,Turkish Super League,football-data.co.uk
league_bdcf13bd6e359d9a,2021-01-25,SUPER_LIG,2020-21,LEAGUE,,Kasımpaşa SK,Sivasspor,2,0,H,Turkey,Turkish Super League,football-data.co.uk
league_0822c0f267d992e8,2021-01-29,SUPER_LIG,2020-21,LEAGUE,,Gaziantep FK,Galatasaray SK,1,2,A,Turkey,Turkish Super League,football-data.co.uk
league_94147c021e3fd1ee,2021-01-29,SUPER_LIG,2020-21,LEAGUE,,Yeni Malatyaspor,Karagumruk,0,0,D,Turkey,Turkish Super League,football-data.co.uk
league_6f0eea5dbc1cc5ac,2021-01-30,SUPER_LIG,2020-21,LEAGUE,,Buyuksehyr,Hatayspor,1,5,A,Turkey,Turkish Super League,football-data.co.uk
league_8df758b8293a7992,2021-01-30,SUPER_LIG,2020-21,LEAGUE,,Fenerbahçe,Çaykur Rizespor,1,0,H,Turkey,Turkish Super League,football-data.co.uk
league_cf7e1f8e7a6c1e09,2021-01-30,SUPER_LIG,2020-21,LEAGUE,,Kasımpaşa SK,Kayserispor,0,1,A,Turkey,Turkish Super League,football-data.co.uk
league_afd9c271144a2096,2021-01-31,SUPER_LIG,2020-21,LEAGUE,,Alanyaspor,Sivasspor,3,1,H,Turkey,Turkish Super League,football-data.co.uk
league_6cc39025094456e2,2021-01-31,SUPER_LIG,2020-21,LEAGUE,,Beşiktaş JK,Trabzonspor,1,2,A,Turkey,Turkish Super League,football-data.co.uk
league_c80fdda1568b86e0,2021-01-31,SUPER_LIG,2020-21,LEAGUE,,Denizlispor,Göztepe,2,1,H,Turkey,Turkish Super League,football-data.co.uk
league_19fa4d616d78267a,2021-01-31,SUPER_LIG,2020-21,LEAGUE,,Erzurum BB,Ankaragucu,1,0,H,Turkey,Turkish Super League,football-data.co.uk
league_6c0982baa92e110b,2021-01-31,SUPER_LIG,2020-21,LEAGUE,,Genclerbirligi,Antalyaspor,0,1,A,Turkey,Turkish Super League,football-data.co.uk
league_31811c3b762cbae5,2021-02-02,SUPER_LIG,2020-21,LEAGUE,,Galatasaray SK,Buyuksehyr,3,0,H,Turkey,Turkish Super League,football-data.co.uk
league_7c2f4ff8cac59385,2021-02-02,SUPER_LIG,2020-21,LEAGUE,,Hatayspor,Fenerbahçe,1,2,A,Turkey,Turkish Super League,football-data.co.uk
league_6a585ce48f0ec686,2021-02-02,SUPER_LIG,2020-21,LEAGUE,,Çaykur Rizespor,Kasımpaşa SK,1,1,D,Turkey,Turkish Super League,football-data.co.uk
league_a9e92e2c7994a8de,2021-02-03,SUPER_LIG,2020-21,LEAGUE,,Antalyaspor,Beşiktaş JK,1,1,D,Turkey,Turkish Super League,football-data.co.uk
league_ded839cae43522ba,2021-02-03,SUPER_LIG,2020-21,LEAGUE,,Karagumruk,Gaziantep FK,2,0,H,Turkey,Turkish Super League,football-data.co.uk
league_7fd122e45535a2f0,2021-02-03,SUPER_LIG,2020-21,LEAGUE,,Kayserispor,Alanyaspor,1,1,D,Turkey,Turkish Super League,football-data.co.uk
league_4c40706ec785dbcf,2021-02-03,SUPER_LIG,2020-21,LEAGUE,,Konyaspor,Genclerbirligi,0,0,D,Turkey,Turkish Super League,football-data.co.uk
league_00549b5def7780d3,2021-02-03,SUPER_LIG,2020-21,LEAGUE,,Sivasspor,Erzurum BB,0,0,D,Turkey,Turkish Super League,football-data.co.uk
league_51be01a8b802bca7,2021-02-04,SUPER_LIG,2020-21,LEAGUE,,Göztepe,Yeni Malatyaspor,2,2,D,Turkey,Turkish Super League,football-data.co.uk
league_9e2d357fa24d36bc,2021-02-04,SUPER_LIG,2020-21,LEAGUE,,Trabzonspor,Denizlispor,1,0,H,Turkey,Turkish Super League,football-data.co.uk
league_58593a3b732cfe92,2021-02-06,SUPER_LIG,2020-21,LEAGUE,,Alanyaspor,Çaykur Rizespor,2,1,H,Turkey,Turkish Super League,football-data.co.uk
league_d57557badc7ffffe,2021-02-06,SUPER_LIG,2020-21,LEAGUE,,Buyuksehyr,Karagumruk,0,1,A,Turkey,Turkish Super League,football-data.co.uk
league_fce9c24ddfa8c99e,2021-02-06,SUPER_LIG,2020-21,LEAGUE,,Fenerbahçe,Galatasaray SK,0,1,A,Turkey,Turkish Super League,football-data.co.uk
league_d476a66be7f340d7,2021-02-06,SUPER_LIG,2020-21,LEAGUE,,Kasımpaşa SK,Hatayspor,1,4,A,Turkey,Turkish Super League,football-data.co.uk
league_161b2c9e71cf98c1,2021-02-07,SUPER_LIG,2020-21,LEAGUE,,Ankaragucu,Sivasspor,1,4,A,Turkey,Turkish Super League,football-data.co.uk
league_42e0678dcadfbfa2,2021-02-07,SUPER_LIG,2020-21,LEAGUE,,Beşiktaş JK,Konyaspor,1,0,H,Turkey,Turkish Super League,football-data.co.uk
league_d5972823e1756279,2021-02-07,SUPER_LIG,2020-21,LEAGUE,,Denizlispor,Antalyaspor,1,1,D,Turkey,Turkish Super League,football-data.co.uk
league_0130e7f0015b1bfd,2021-02-07,SUPER_LIG,2020-21,LEAGUE,,Erzurum BB,Kayserispor,1,1,D,Turkey,Turkish Super League,football-data.co.uk
league_255765c483442f19,2021-02-08,SUPER_LIG,2020-21,LEAGUE,,Gaziantep FK,Göztepe,2,0,H,Turkey,Turkish Super League,football-data.co.uk
league_503e0818e555df2e,2021-02-08,SUPER_LIG,2020-21,LEAGUE,,Yeni Malatyaspor,Trabzonspor,0,2,A,Turkey,Turkish Super League,football-data.co.uk
league_9bff23d4a731d56e,2021-02-12,SUPER_LIG,2020-21,LEAGUE,,Çaykur Rizespor,Erzurum BB,0,2,A,Turkey,Turkish Super League,football-data.co.uk
league_d2a3b77f38091c94,2021-02-13,SUPER_LIG,2020-21,LEAGUE,,Karagumruk,Fenerbahçe,1,2,A,Turkey,Turkish Super League,football-data.co.uk
league_856ed92688da641c,2021-02-13,SUPER_LIG,2020-21,LEAGUE,,Kayserispor,Ankaragucu,0,0,D,Turkey,Turkish Super League,football-data.co.uk
league_833b8cfe2ec90914,2021-02-13,SUPER_LIG,2020-21,LEAGUE,,Trabzonspor,Gaziantep FK,1,0,H,Turkey,Turkish Super League,football-data.co.uk
league_9a18a925830e270f,2021-02-14,SUPER_LIG,2020-21,LEAGUE,,Galatasaray SK,Kasımpaşa SK,2,1,H,Turkey,Turkish Super League,football-data.co.uk
league_e46d198eaf6ee98c,2021-02-14,SUPER_LIG,2020-21,LEAGUE,,Göztepe,Buyuksehyr,2,1,H,Turkey,Turkish Super League,football-data.co.uk
league_524717f1af1bc2e5,2021-02-14,SUPER_LIG,2020-21,LEAGUE,,Hatayspor,Alanyaspor,0,0,D,Turkey,Turkish Super League,football-data.co.uk
league_67c7d8e5f633621a,2021-02-14,SUPER_LIG,2020-21,LEAGUE,,Konyaspor,Denizlispor,2,0,H,Turkey,Turkish Super League,football-data.co.uk
league_3ee6f4c7c648767e,2021-02-15,SUPER_LIG,2020-21,LEAGUE,,Antalyaspor,Yeni Malatyaspor,1,1,D,Turkey,Turkish Super League,football-data.co.uk
league_ba1a5c5dcb93728e,2021-02-15,SUPER_LIG,2020-21,LEAGUE,,Genclerbirligi,Beşiktaş JK,0,3,A,Turkey,Turkish Super League,football-data.co.uk
league_177605dc006349b3,2021-02-19,SUPER_LIG,2020-21,LEAGUE,,Buyuksehyr,Trabzonspor,0,1,A,Turkey,Turkish Super League,football-data.co.uk
league_c5f8a7681d9f87be,2021-02-20,SUPER_LIG,2020-21,LEAGUE,,Alanyaspor,Galatasaray SK,0,1,A,Turkey,Turkish Super League,football-data.co.uk
league_a0c2a5a4b0d795fa,2021-02-20,SUPER_LIG,2020-21,LEAGUE,,Denizlispor,Genclerbirligi,1,0,H,Turkey,Turkish Super League,football-data.co.uk
league_304ac3d7adbb68ab,2021-02-20,SUPER_LIG,2020-21,LEAGUE,,Kasımpaşa SK,Karagumruk,3,2,H,Turkey,Turkish Super League,football-data.co.uk
league_8392517211ac20aa,2021-02-20,SUPER_LIG,2020-21,LEAGUE,,Yeni Malatyaspor,Konyaspor,2,3,A,Turkey,Turkish Super League,football-data.co.uk
league_6b17c0fb9ec5fcfb,2021-02-21,SUPER_LIG,2020-21,LEAGUE,,Erzurum BB,Hatayspor,1,3,A,Turkey,Turkish Super League,football-data.co.uk
league_cd2a8ebb100af4aa,2021-02-21,SUPER_LIG,2020-21,LEAGUE,,Fenerbahçe,Göztepe,0,1,A,Turkey,Turkish Super League,football-data.co.uk
league_11edd78c85bc2469,2021-02-21,SUPER_LIG,2020-21,LEAGUE,,Gaziantep FK,Antalyaspor,0,0,D,Turkey,Turkish Super League,football-data.co.uk
league_3e5de7dab536d029,2021-02-21,SUPER_LIG,2020-21,LEAGUE,,Sivasspor,Kayserispor,2,0,H,Turkey,Turkish Super League,football-data.co.uk
league_9884b20a21f8b177,2021-02-22,SUPER_LIG,2020-21,LEAGUE,,Ankaragucu,Çaykur Rizespor,1,1,D,Turkey,Turkish Super League,football-data.co.uk
league_6789c7f40625d154,2021-02-26,SUPER_LIG,2020-21,LEAGUE,,Beşiktaş JK,Denizlispor,3,0,H,Turkey,Turkish Super League,football-data.co.uk
league_c4a6b5d117d6be90,2021-02-26,SUPER_LIG,2020-21,LEAGUE,,Genclerbirligi,Yeni Malatyaspor,1,1,D,Turkey,Turkish Super League,football-data.co.uk
league_60f3d7568f52fda3,2021-02-26,SUPER_LIG,2020-21,LEAGUE,,Konyaspor,Gaziantep FK,0,0,D,Turkey,Turkish Super League,football-data.co.uk
league_bfa7ce5360fea47c,2021-02-27,SUPER_LIG,2020-21,LEAGUE,,Antalyaspor,Buyuksehyr,0,0,D,Turkey,Turkish Super League,football-data.co.uk
league_02be60c5863ca8b7,2021-02-27,SUPER_LIG,2020-21,LEAGUE,,Galatasaray SK,Erzurum BB,2,0,H,Turkey,Turkish Super League,football-data.co.uk
league_267d4865471427a4,2021-02-27,SUPER_LIG,2020-21,LEAGUE,,Hatayspor,Ankaragucu,4,1,H,Turkey,Turkish Super League,football-data.co.uk
league_ff79daa9cab12994,2021-02-27,SUPER_LIG,2020-21,LEAGUE,,Karagumruk,Alanyaspor,2,0,H,Turkey,Turkish Super League,football-data.co.uk
league_d63eb59018386e9f,2021-02-27,SUPER_LIG,2020-21,LEAGUE,,Çaykur Rizespor,Sivasspor,0,0,D,Turkey,Turkish Super League,football-data.co.uk
league_2dcb18706f7ad52d,2021-02-28,SUPER_LIG,2020-21,LEAGUE,,Göztepe,Kasımpaşa SK,1,0,H,Turkey,Turkish Super League,football-data.co.uk
league_c14935fece5885d4,2021-02-28,SUPER_LIG,2020-21,LEAGUE,,Trabzonspor,Fenerbahçe,0,1,A,Turkey,Turkish Super League,football-data.co.uk
league_209e971721b0b69a,2021-03-02,SUPER_LIG,2020-21,LEAGUE,,Gaziantep FK,Genclerbirligi,2,1,H,Turkey,Turkish Super League,football-data.co.uk
league_164a3dae834eef64,2021-03-02,SUPER_LIG,2020-21,LEAGUE,,Yeni Malatyaspor,Beşiktaş JK,0,1,A,Turkey,Turkish Super League,football-data.co.uk
league_2ac5cc71dca4ec8d,2021-03-03,SUPER_LIG,2020-21,LEAGUE,,Ankaragucu,Galatasaray SK,2,1,H,Turkey,Turkish Super League,football-data.co.uk
league_a7e97ae64cfafd23,2021-03-03,SUPER_LIG,2020-21,LEAGUE,,Buyuksehyr,Konyaspor,1,1,D,Turkey,Turkish Super League,football-data.co.uk
league_a6f5fa2ea6d25fac,2021-03-03,SUPER_LIG,2020-21,LEAGUE,,Erzurum BB,Karagumruk,2,2,D,Turkey,Turkish Super League,football-data.co.uk
league_bc4d058509734f8e,2021-03-03,SUPER_LIG,2020-21,LEAGUE,,Kayserispor,Çaykur Rizespor,2,1,H,Turkey,Turkish Super League,football-data.co.uk
league_dea5f04d5b36fece,2021-03-03,SUPER_LIG,2020-21,LEAGUE,,Sivasspor,Hatayspor,1,1,D,Turkey,Turkish Super League,football-data.co.uk
league_b72287bede0c5dbe,2021-03-04,SUPER_LIG,2020-21,LEAGUE,,Alanyaspor,Göztepe,1,1,D,Turkey,Turkish Super League,football-data.co.uk
league_088c3c54065042f3,2021-03-04,SUPER_LIG,2020-21,LEAGUE,,Fenerbahçe,Antalyaspor,1,1,D,Turkey,Turkish Super League,football-data.co.uk
league_bcc02a8709104544,2021-03-04,SUPER_LIG,2020-21,LEAGUE,,Kasımpaşa SK,Trabzonspor,1,2,A,Turkey,Turkish Super League,football-data.co.uk
league_830410c1e8f2acc1,2021-03-06,SUPER_LIG,2020-21,LEAGUE,,Beşiktaş JK,Gaziantep FK,2,1,H,Turkey,Turkish Super League,football-data.co.uk
league_2758fc50da09ac08,2021-03-06,SUPER_LIG,2020-21,LEAGUE,,Denizlispor,Yeni Malatyaspor,3,2,H,Turkey,Turkish Super League,football-data.co.uk
league_b5d565a9dabe8640,2021-03-07,SUPER_LIG,2020-21,LEAGUE,,Galatasaray SK,Sivasspor,2,2,D,Turkey,Turkish Super League,football-data.co.uk
league_0feb832b7a8273fc,2021-03-07,SUPER_LIG,2020-21,LEAGUE,,Genclerbirligi,Buyuksehyr,0,1,A,Turkey,Turkish Super League,football-data.co.uk
league_80cbe9c0342c7165,2021-03-07,SUPER_LIG,2020-21,LEAGUE,,Hatayspor,Kayserispor,1,3,A,Turkey,Turkish Super League,football-data.co.uk
league_c0e89a21138f4208,2021-03-07,SUPER_LIG,2020-21,LEAGUE,,Karagumruk,Ankaragucu,0,1,A,Turkey,Turkish Super League,football-data.co.uk
league_a695c44ab5bebe03,2021-03-08,SUPER_LIG,2020-21,LEAGUE,,Antalyaspor,Kasımpaşa SK,1,1,D,Turkey,Turkish Super League,football-data.co.uk
league_823d30a333926b33,2021-03-08,SUPER_LIG,2020-21,LEAGUE,,Göztepe,Erzurum BB,3,1,H,Turkey,Turkish Super League,football-data.co.uk
league_6cd07818a6bb1d40,2021-03-08,SUPER_LIG,2020-21,LEAGUE,,Konyaspor,Fenerbahçe,0,3,A,Turkey,Turkish Super League,football-data.co.uk
league_d1a6b631796524fc,2021-03-08,SUPER_LIG,2020-21,LEAGUE,,Trabzonspor,Alanyaspor,1,3,A,Turkey,Turkish Super League,football-data.co.uk
league_86dc04e2a8daf30e,2021-03-12,SUPER_LIG,2020-21,LEAGUE,,Buyuksehyr,Beşiktaş JK,2,3,A,Turkey,Turkish Super League,football-data.co.uk
league_2a865b23f4f26d98,2021-03-13,SUPER_LIG,2020-21,LEAGUE,,Alanyaspor,Antalyaspor,4,0,H,Turkey,Turkish Super League,football-data.co.uk
league_3df145cc2088a084,2021-03-13,SUPER_LIG,2020-21,LEAGUE,,Kayserispor,Galatasaray SK,0,3,A,Turkey,Turkish Super League,football-data.co.uk
league_6619a38b50cc4a6f,2021-03-13,SUPER_LIG,2020-21,LEAGUE,,Sivasspor,Karagumruk,1,0,H,Turkey,Turkish Super League,football-data.co.uk
league_e52684a53d123795,2021-03-13,SUPER_LIG,2020-21,LEAGUE,,Çaykur Rizespor,Hatayspor,1,0,H,Turkey,Turkish Super League,football-data.co.uk
league_9bce161aa29217e3,2021-03-14,SUPER_LIG,2020-21,LEAGUE,,Ankaragucu,Göztepe,3,0,H,Turkey,Turkish Super League,football-data.co.uk
league_bf00ab506e8e170a,2021-03-14,SUPER_LIG,2020-21,LEAGUE,,Erzurum BB,Trabzonspor,0,0,D,Turkey,Turkish Super League,football-data.co.uk
league_07ae039b3b15dabe,2021-03-14,SUPER_LIG,2020-21,LEAGUE,,Fenerbahçe,Genclerbirligi,1,2,A,Turkey,Turkish Super League,football-data.co.uk
league_49fb50b02a7bcac8,2021-03-14,SUPER_LIG,2020-21,LEAGUE,,Gaziantep FK,Denizlispor,2,0,H,Turkey,Turkish Super League,football-data.co.uk
league_6c7522296d7d2c29,2021-03-15,SUPER_LIG,2020-21,LEAGUE,,Kasımpaşa SK,Konyaspor,1,1,D,Turkey,Turkish Super League,football-data.co.uk
league_52eaaaff2c0128dc,2021-03-19,SUPER_LIG,2020-21,LEAGUE,,Galatasaray SK,Çaykur Rizespor,3,4,A,Turkey,Turkish Super League,football-data.co.uk
league_4cb75fc086126fb8,2021-03-19,SUPER_LIG,2020-21,LEAGUE,,Karagumruk,Kayserispor,3,0,H,Turkey,Turkish Super League,football-data.co.uk
league_39c8594159003ca3,2021-03-20,SUPER_LIG,2020-21,LEAGUE,,Genclerbirligi,Kasımpaşa SK,2,1,H,Turkey,Turkish Super League,football-data.co.uk
league_5a206b856a94ee22,2021-03-20,SUPER_LIG,2020-21,LEAGUE,,Göztepe,Sivasspor,3,5,A,Turkey,Turkish Super League,football-data.co.uk
league_2a900b478a9a4508,2021-03-20,SUPER_LIG,2020-21,LEAGUE,,Trabzonspor,Ankaragucu,4,1,H,Turkey,Turkish Super League,football-data.co.uk
league_81e584274ed36934,2021-03-20,SUPER_LIG,2020-21,LEAGUE,,Yeni Malatyaspor,Gaziantep FK,2,2,D,Turkey,Turkish Super League,football-data.co.uk
league_1fc897434fb30cb0,2021-03-21,SUPER_LIG,2020-21,LEAGUE,,Antalyaspor,Erzurum BB,3,1,H,Turkey,Turkish Super League,football-data.co.uk
league_e733fd926d84f17b,2021-03-21,SUPER_LIG,2020-21,LEAGUE,,Beşiktaş JK,Fenerbahçe,1,1,D,Turkey,Turkish Super League,football-data.co.uk
league_da782f16bf8098d8,2021-03-21,SUPER_LIG,2020-21,LEAGUE,,Denizlispor,Buyuksehyr,0,0,D,Turkey,Turkish Super League,football-data.co.uk
league_37221dff1cb3c2e7,2021-03-21,SUPER_LIG,2020-21,LEAGUE,,Konyaspor,Alanyaspor,1,0,H,Turkey,Turkish Super League,football-data.co.uk
league_08d5521fa4a9e0e2,2021-04-03,SUPER_LIG,2020-21,LEAGUE,,Hatayspor,Galatasaray SK,3,0,H,Turkey,Turkish Super League,football-data.co.uk
league_5cab23e06114994d,2021-04-03,SUPER_LIG,2020-21,LEAGUE,,Kayserispor,Göztepe,1,1,D,Turkey,Turkish Super League,football-data.co.uk
league_33636d38bf50c0ed,2021-04-03,SUPER_LIG,2020-21,LEAGUE,,Sivasspor,Trabzonspor,0,0,D,Turkey,Turkish Super League,football-data.co.uk
league_951b969d49b6b0f6,2021-04-03,SUPER_LIG,2020-21,LEAGUE,,Çaykur Rizespor,Karagumruk,0,0,D,Turkey,Turkish Super League,football-data.co.uk
league_78d1487f88a8f3ae,2021-04-04,SUPER_LIG,2020-21,LEAGUE,,Alanyaspor,Genclerbirligi,1,2,A,Turkey,Turkish Super League,football-data.co.uk
league_84b9e67c5cd3548e,2021-04-04,SUPER_LIG,2020-21,LEAGUE,,Ankaragucu,Antalyaspor,1,0,H,Turkey,Turkish Super League,football-data.co.uk
league_0511e924ac29e964,2021-04-04,SUPER_LIG,2020-21,LEAGUE,,Buyuksehyr,Yeni Malatyaspor,3,1,H,Turkey,Turkish Super League,football-data.co.uk
league_cad321ddc61d9bf2,2021-04-04,SUPER_LIG,2020-21,LEAGUE,,Erzurum BB,Konyaspor,1,2,A,Turkey,Turkish Super League,football-data.co.uk
league_198933fef4673229,2021-04-04,SUPER_LIG,2020-21,LEAGUE,,Kasımpaşa SK,Beşiktaş JK,1,0,H,Turkey,Turkish Super League,football-data.co.uk
league_46397f40fe42dad7,2021-04-05,SUPER_LIG,2020-21,LEAGUE,,Fenerbahçe,Denizlispor,1,0,H,Turkey,Turkish Super League,football-data.co.uk
league_d6e1c9816366f763,2021-04-06,SUPER_LIG,2020-21,LEAGUE,,Göztepe,Çaykur Rizespor,2,0,H,Turkey,Turkish Super League,football-data.co.uk
league_29fb75b6de72cc98,2021-04-06,SUPER_LIG,2020-21,LEAGUE,,Karagumruk,Hatayspor,1,0,H,Turkey,Turkish Super League,football-data.co.uk
league_ca2eeae36cc295b1,2021-04-06,SUPER_LIG,2020-21,LEAGUE,,Trabzonspor,Kayserispor,1,1,D,Turkey,Turkish Super League,football-data.co.uk
league_2cdac9e9be1d3251,2021-04-07,SUPER_LIG,2020-21,LEAGUE,,Antalyaspor,Sivasspor,2,4,A,Turkey,Turkish Super League,football-data.co.uk
league_ecc1674ff8000f57,2021-04-07,SUPER_LIG,2020-21,LEAGUE,,Beşiktaş JK,Alanyaspor,3,0,H,Turkey,Turkish Super League,football-data.co.uk
league_55b7e62a31527b19,2021-04-07,SUPER_LIG,2020-21,LEAGUE,,Genclerbirligi,Erzurum BB,1,1,D,Turkey,Turkish Super League,football-data.co.uk
league_e18efbd68ffb62b3,2021-04-07,SUPER_LIG,2020-21,LEAGUE,,Konyaspor,Ankaragucu,1,1,D,Turkey,Turkish Super League,football-data.co.uk
league_333f4c12d24ea6ed,2021-04-08,SUPER_LIG,2020-21,LEAGUE,,Denizlispor,Kasımpaşa SK,1,1,D,Turkey,Turkish Super League,football-data.co.uk
league_4b29c1223f5f48b2,2021-04-08,SUPER_LIG,2020-21,LEAGUE,,Gaziantep FK,Buyuksehyr,2,0,H,Turkey,Turkish Super League,football-data.co.uk
league_d441dae17646d93b,2021-04-08,SUPER_LIG,2020-21,LEAGUE,,Yeni Malatyaspor,Fenerbahçe,1,1,D,Turkey,Turkish Super League,football-data.co.uk
league_739232f65b31ac8c,2021-04-10,SUPER_LIG,2020-21,LEAGUE,,Galatasaray SK,Karagumruk,1,1,D,Turkey,Turkish Super League,football-data.co.uk
league_c8a7a65f9b4338a8,2021-04-10,SUPER_LIG,2020-21,LEAGUE,,Hatayspor,Göztepe,2,3,A,Turkey,Turkish Super League,football-data.co.uk
league_2b54659397bfdad8,2021-04-10,SUPER_LIG,2020-21,LEAGUE,,Çaykur Rizespor,Trabzonspor,0,0,D,Turkey,Turkish Super League,football-data.co.uk
league_f40363c5d38aa1ff,2021-04-11,SUPER_LIG,2020-21,LEAGUE,,Ankaragucu,Genclerbirligi,2,1,H,Turkey,Turkish Super League,football-data.co.uk
league_30cc6082a5f0438f,2021-04-11,SUPER_LIG,2020-21,LEAGUE,,Erzurum BB,Beşiktaş JK,2,4,A,Turkey,Turkish Super League,football-data.co.uk
league_85432480f4ca1aed,2021-04-11,SUPER_LIG,2020-21,LEAGUE,,Kayserispor,Antalyaspor,0,1,A,Turkey,Turkish Super League,football-data.co.uk
league_a5c0790c7156062e,2021-04-11,SUPER_LIG,2020-21,LEAGUE,,Sivasspor,Konyaspor,3,1,H,Turkey,Turkish Super League,football-data.co.uk
league_1e8d82cea8f83aa0,2021-04-12,SUPER_LIG,2020-21,LEAGUE,,Alanyaspor,Denizlispor,3,2,H,Turkey,Turkish Super League,football-data.co.uk
league_2db9a9773cae6e73,2021-04-12,SUPER_LIG,2020-21,LEAGUE,,Fenerbahçe,Gaziantep FK,3,1,H,Turkey,Turkish Super League,football-data.co.uk
league_8f958d6dca9b6a88,2021-04-12,SUPER_LIG,2020-21,LEAGUE,,Kasımpaşa SK,Yeni Malatyaspor,0,0,D,Turkey,Turkish Super League,football-data.co.uk
league_5bf2dffbc2aa89cb,2021-04-16,SUPER_LIG,2020-21,LEAGUE,,Antalyaspor,Çaykur Rizespor,2,3,A,Turkey,Turkish Super League,football-data.co.uk
league_61aa3de44c05799c,2021-04-16,SUPER_LIG,2020-21,LEAGUE,,Beşiktaş JK,Ankaragucu,2,2,D,Turkey,Turkish Super League,football-data.co.uk
league_14ff609636150041,2021-04-16,SUPER_LIG,2020-21,LEAGUE,,Genclerbirligi,Sivasspor,2,3,A,Turkey,Turkish Super League,football-data.co.uk
league_4cd60bac27f1366a,2021-04-16,SUPER_LIG,2020-21,LEAGUE,,Konyaspor,Kayserispor,0,0,D,Turkey,Turkish Super League,football-data.co.uk
league_8b37900b17318e41,2021-04-17,SUPER_LIG,2020-21,LEAGUE,,Denizlispor,Erzurum BB,2,3,A,Turkey,Turkish Super League,football-data.co.uk
league_174d4d82cc753b4b,2021-04-17,SUPER_LIG,2020-21,LEAGUE,,Göztepe,Galatasaray SK,1,3,A,Turkey,Turkish Super League,football-data.co.uk
league_c054e7697312782a,2021-04-17,SUPER_LIG,2020-21,LEAGUE,,Trabzonspor,Hatayspor,1,1,D,Turkey,Turkish Super League,football-data.co.uk
league_5b3ec838cc094f33,2021-04-17,SUPER_LIG,2020-21,LEAGUE,,Yeni Malatyaspor,Alanyaspor,1,0,H,Turkey,Turkish Super League,football-data.co.uk
league_c421ab78f4033787,2021-04-18,SUPER_LIG,2020-21,LEAGUE,,Buyuksehyr,Fenerbahçe,1,2,A,Turkey,Turkish Super League,football-data.co.uk
league_e9fcc8a1e103a973,2021-04-18,SUPER_LIG,2020-21,LEAGUE,,Gaziantep FK,Kasımpaşa SK,2,2,D,Turkey,Turkish Super League,football-data.co.uk
league_b4c3867bc952c550,2021-04-20,SUPER_LIG,2020-21,LEAGUE,,Hatayspor,Antalyaspor,3,2,H,Turkey,Turkish Super League,football-data.co.uk
league_3660c522f706a20e,2021-04-20,SUPER_LIG,2020-21,LEAGUE,,Karagumruk,Göztepe,1,1,D,Turkey,Turkish Super League,football-data.co.uk
league_633ceb0f84982046,2021-04-20,SUPER_LIG,2020-21,LEAGUE,,Kayserispor,Genclerbirligi,2,2,D,Turkey,Turkish Super League,football-data.co.uk
league_874f0cca5aba67de,2021-04-20,SUPER_LIG,2020-21,LEAGUE,,Sivasspor,Beşiktaş JK,0,0,D,Turkey,Turkish Super League,football-data.co.uk
league_acba1c5dbfded254,2021-04-20,SUPER_LIG,2020-21,LEAGUE,,Çaykur Rizespor,Konyaspor,5,3,H,Turkey,Turkish Super League,football-data.co.uk
league_c05a43f59ceba092,2021-04-21,SUPER_LIG,2020-21,LEAGUE,,Ankaragucu,Denizlispor,1,1,D,Turkey,Turkish Super League,football-data.co.uk
league_e6ce2e5abf39807b,2021-04-21,SUPER_LIG,2020-21,LEAGUE,,Erzurum BB,Yeni Malatyaspor,1,0,H,Turkey,Turkish Super League,football-data.co.uk
league_e0fac0c8ad0ff69e,2021-04-21,SUPER_LIG,2020-21,LEAGUE,,Galatasaray SK,Trabzonspor,1,1,D,Turkey,Turkish Super League,football-data.co.uk
league_5ca2f8877a22af31,2021-04-22,SUPER_LIG,2020-21,LEAGUE,,Alanyaspor,Gaziantep FK,3,2,H,Turkey,Turkish Super League,football-data.co.uk
league_8cf6556cf9d0e5ae,2021-04-22,SUPER_LIG,2020-21,LEAGUE,,Kasımpaşa SK,Buyuksehyr,0,1,A,Turkey,Turkish Super League,football-data.co.uk
league_e6078dbc30d66e6c,2021-04-23,SUPER_LIG,2020-21,LEAGUE,,Genclerbirligi,Çaykur Rizespor,2,1,H,Turkey,Turkish Super League,football-data.co.uk
league_abbd8ca2e42fe2ec,2021-04-24,SUPER_LIG,2020-21,LEAGUE,,Antalyaspor,Galatasaray SK,0,1,A,Turkey,Turkish Super League,football-data.co.uk
league_3c95b873a6ff1abe,2021-04-24,SUPER_LIG,2020-21,LEAGUE,,Beşiktaş JK,Kayserispor,3,1,H,Turkey,Turkish Super League,football-data.co.uk
league_8e1426ba98a1ebe3,2021-04-24,SUPER_LIG,2020-21,LEAGUE,,Denizlispor,Sivasspor,1,1,D,Turkey,Turkish Super League,football-data.co.uk
league_362f7ffc162077c3,2021-04-24,SUPER_LIG,2020-21,LEAGUE,,Konyaspor,Hatayspor,0,0,D,Turkey,Turkish Super League,football-data.co.uk
league_45b3e8b34822ea81,2021-04-24,SUPER_LIG,2020-21,LEAGUE,,Trabzonspor,Karagumruk,2,0,H,Turkey,Turkish Super League,football-data.co.uk
league_86959f2bd022234a,2021-04-25,SUPER_LIG,2020-21,LEAGUE,,Buyuksehyr,Alanyaspor,0,0,D,Turkey,Turkish Super League,football-data.co.uk
league_441913345502dcac,2021-04-25,SUPER_LIG,2020-21,LEAGUE,,Fenerbahçe,Kasımpaşa SK,3,2,H,Turkey,Turkish Super League,football-data.co.uk
league_e678040c7cf658be,2021-04-25,SUPER_LIG,2020-21,LEAGUE,,Gaziantep FK,Erzurum BB,2,3,A,Turkey,Turkish Super League,football-data.co.uk
league_3ddf1e3e1c881346,2021-04-25,SUPER_LIG,2020-21,LEAGUE,,Yeni Malatyaspor,Ankaragucu,2,1,H,Turkey,Turkish Super League,football-data.co.uk
league_20e8c0537687e0d3,2021-04-27,SUPER_LIG,2020-21,LEAGUE,,Hatayspor,Genclerbirligi,3,1,H,Turkey,Turkish Super League,football-data.co.uk
league_f7085a1d01a778b3,2021-04-28,SUPER_LIG,2020-21,LEAGUE,,Galatasaray SK,Konyaspor,1,0,H,Turkey,Turkish Super League,football-data.co.uk
league_6f2a8016adda2063,2021-04-28,SUPER_LIG,2020-21,LEAGUE,,Göztepe,Trabzonspor,1,1,D,Turkey,Turkish Super League,football-data.co.uk
league_dc525115b227bfb3,2021-04-28,SUPER_LIG,2020-21,LEAGUE,,Karagumruk,Antalyaspor,2,2,D,Turkey,Turkish Super League,football-data.co.uk
league_e41d329c805add09,2021-04-28,SUPER_LIG,2020-21,LEAGUE,,Kayserispor,Denizlispor,6,3,H,Turkey,Turkish Super League,football-data.co.uk
league_3452d8e545e1117c,2021-04-28,SUPER_LIG,2020-21,LEAGUE,,Çaykur Rizespor,Beşiktaş JK,2,3,A,Turkey,Turkish Super League,football-data.co.uk
league_a4a44aef48326ce5,2021-04-29,SUPER_LIG,2020-21,LEAGUE,,Alanyaspor,Fenerbahçe,0,0,D,Turkey,Turkish Super League,football-data.co.uk
league_9b4371443da20466,2021-04-29,SUPER_LIG,2020-21,LEAGUE,,Ankaragucu,Gaziantep FK,0,1,A,Turkey,Turkish Super League,football-data.co.uk
league_4f2b34c8d084f7b3,2021-04-29,SUPER_LIG,2020-21,LEAGUE,,Erzurum BB,Buyuksehyr,1,2,A,Turkey,Turkish Super League,football-data.co.uk
league_196ec378c159c9c5,2021-04-29,SUPER_LIG,2020-21,LEAGUE,,Sivasspor,Yeni Malatyaspor,1,0,H,Turkey,Turkish Super League,football-data.co.uk
league_1a65e55c93a7e228,2021-05-01,SUPER_LIG,2020-21,LEAGUE,,Beşiktaş JK,Hatayspor,7,0,H,Turkey,Turkish Super League,football-data.co.uk
league_3f05e48d1ca33987,2021-05-02,SUPER_LIG,2020-21,LEAGUE,,Antalyaspor,Göztepe,2,3,A,Turkey,Turkish Super League,football-data.co.uk
league_5db219ffaa88fdc8,2021-05-02,SUPER_LIG,2020-21,LEAGUE,,Denizlispor,Çaykur Rizespor,0,1,A,Turkey,Turkish Super League,football-data.co.uk
league_bf50616a83156a05,2021-05-02,SUPER_LIG,2020-21,LEAGUE,,Genclerbirligi,Galatasaray SK,0,2,A,Turkey,Turkish Super League,football-data.co.uk
league_dedd834a3ea35213,2021-05-02,SUPER_LIG,2020-21,LEAGUE,,Konyaspor,Karagumruk,5,1,H,Turkey,Turkish Super League,football-data.co.uk
league_6f2b171def517162,2021-05-03,SUPER_LIG,2020-21,LEAGUE,,Buyuksehyr,Ankaragucu,2,1,H,Turkey,Turkish Super League,football-data.co.uk
league_ac8ae43941158f7d,2021-05-03,SUPER_LIG,2020-21,LEAGUE,,Fenerbahçe,Erzurum BB,3,1,H,Turkey,Turkish Super League,football-data.co.uk
league_8e537a190532c4b5,2021-05-03,SUPER_LIG,2020-21,LEAGUE,,Gaziantep FK,Sivasspor,0,1,A,Turkey,Turkish Super League,football-data.co.uk
league_072ba274e86583fc,2021-05-03,SUPER_LIG,2020-21,LEAGUE,,Kasımpaşa SK,Alanyaspor,3,0,H,Turkey,Turkish Super League,football-data.co.uk
league_d5304ff8494d86c1,2021-05-03,SUPER_LIG,2020-21,LEAGUE,,Yeni Malatyaspor,Kayserispor,1,1,D,Turkey,Turkish Super League,football-data.co.uk
league_17fcf5422fcc8b29,2021-05-08,SUPER_LIG,2020-21,LEAGUE,,Ankaragucu,Fenerbahçe,1,2,A,Turkey,Turkish Super League,football-data.co.uk
league_ce16815c246edbfa,2021-05-08,SUPER_LIG,2020-21,LEAGUE,,Erzurum BB,Kasımpaşa SK,0,1,A,Turkey,Turkish Super League,football-data.co.uk
league_6d172943e5a7e4fe,2021-05-08,SUPER_LIG,2020-21,LEAGUE,,Galatasaray SK,Beşiktaş JK,3,1,H,Turkey,Turkish Super League,football-data.co.uk
league_d0c7ee2789dfed57,2021-05-08,SUPER_LIG,2020-21,LEAGUE,,Göztepe,Konyaspor,0,1,A,Turkey,Turkish Super League,football-data.co.uk
league_d87fd50e520e0314,2021-05-08,SUPER_LIG,2020-21,LEAGUE,,Hatayspor,Denizlispor,1,0,H,Turkey,Turkish Super League,football-data.co.uk
league_7871b85be7dba60e,2021-05-08,SUPER_LIG,2020-21,LEAGUE,,Karagumruk,Genclerbirligi,5,1,H,Turkey,Turkish Super League,football-data.co.uk
league_05bffc7a68702f1e,2021-05-08,SUPER_LIG,2020-21,LEAGUE,,Kayserispor,Gaziantep FK,0,0,D,Turkey,Turkish Super League,football-data.co.uk
league_d5b4f21c2d4364ad,2021-05-08,SUPER_LIG,2020-21,LEAGUE,,Sivasspor,Buyuksehyr,0,0,D,Turkey,Turkish Super League,football-data.co.uk
league_a0dca8e26ba8045b,2021-05-08,SUPER_LIG,2020-21,LEAGUE,,Trabzonspor,Antalyaspor,2,1,H,Turkey,Turkish Super League,football-data.co.uk
league_3e2f8882206e0db8,2021-05-08,SUPER_LIG,2020-21,LEAGUE,,Çaykur Rizespor,Yeni Malatyaspor,0,4,A,Turkey,Turkish Super League,football-data.co.uk
league_bdbf79bcf4023c91,2021-05-11,SUPER_LIG,2020-21,LEAGUE,,Alanyaspor,Erzurum BB,2,3,A,Turkey,Turkish Super League,football-data.co.uk
league_d3cc797a1bacadd9,2021-05-11,SUPER_LIG,2020-21,LEAGUE,,Beşiktaş JK,Karagumruk,1,2,A,Turkey,Turkish Super League,football-data.co.uk
league_7e99bb38202fcaf1,2021-05-11,SUPER_LIG,2020-21,LEAGUE,,Buyuksehyr,Kayserispor,0,0,D,Turkey,Turkish Super League,football-data.co.uk
league_476183f707981dcb,2021-05-11,SUPER_LIG,2020-21,LEAGUE,,Denizlispor,Galatasaray SK,1,4,A,Turkey,Turkish Super League,football-data.co.uk
league_07fde783acf90958,2021-05-11,SUPER_LIG,2020-21,LEAGUE,,Fenerbahçe,Sivasspor,1,2,A,Turkey,Turkish Super League,football-data.co.uk
league_d71966a87c6d8dc6,2021-05-11,SUPER_LIG,2020-21,LEAGUE,,Gaziantep FK,Çaykur Rizespor,4,5,A,Turkey,Turkish Super League,football-data.co.uk
league_9d375053438aacda,2021-05-11,SUPER_LIG,2020-21,LEAGUE,,Genclerbirligi,Göztepe,5,3,H,Turkey,Turkish Super League,football-data.co.uk
league_20d02b4284476d5e,2021-05-11,SUPER_LIG,2020-21,LEAGUE,,Kasımpaşa SK,Ankaragucu,3,1,H,Turkey,Turkish Super League,football-data.co.uk
league_a66816caeb4fa7ab,2021-05-11,SUPER_LIG,2020-21,LEAGUE,,Konyaspor,Trabzonspor,1,1,D,Turkey,Turkish Super League,football-data.co.uk
league_cfdfec9ccdbce418,2021-05-11,SUPER_LIG,2020-21,LEAGUE,,Yeni Malatyaspor,Hatayspor,1,1,D,Turkey,Turkish Super League,football-data.co.uk
league_ad5ed79d9242d155,2021-05-15,SUPER_LIG,2020-21,LEAGUE,,Ankaragucu,Alanyaspor,0,1,A,Turkey,Turkish Super League,football-data.co.uk
league_d3aaa4559cdf7d8f,2021-05-15,SUPER_LIG,2020-21,LEAGUE,,Antalyaspor,Konyaspor,0,0,D,Turkey,Turkish Super League,football-data.co.uk
league_4e4b522d31d5693d,2021-05-15,SUPER_LIG,2020-21,LEAGUE,,Galatasaray SK,Yeni Malatyaspor,3,1,H,Turkey,Turkish Super League,football-data.co.uk
league_7b6d94a64bad74df,2021-05-15,SUPER_LIG,2020-21,LEAGUE,,Göztepe,Beşiktaş JK,1,2,A,Turkey,Turkish Super League,football-data.co.uk
league_9fad1aafb233b889,2021-05-15,SUPER_LIG,2020-21,LEAGUE,,Hatayspor,Gaziantep FK,0,1,A,Turkey,Turkish Super League,football-data.co.uk
league_4b1fd68046b5e75c,2021-05-15,SUPER_LIG,2020-21,LEAGUE,,Karagumruk,Denizlispor,5,1,H,Turkey,Turkish Super League,football-data.co.uk
league_7e3cf5b68ef1547c,2021-05-15,SUPER_LIG,2020-21,LEAGUE,,Kayserispor,Fenerbahçe,1,2,A,Turkey,Turkish Super League,football-data.co.uk
league_69323d0b67816984,2021-05-15,SUPER_LIG,2020-21,LEAGUE,,Sivasspor,Kasımpaşa SK,2,1,H,Turkey,Turkish Super League,football-data.co.uk
league_f0229f845ef432a4,2021-05-15,SUPER_LIG,2020-21,LEAGUE,,Trabzonspor,Genclerbirligi,2,1,H,Turkey,Turkish Super League,football-data.co.uk
league_263be7fc3089deed,2021-05-15,SUPER_LIG,2020-21,LEAGUE,,Çaykur Rizespor,Buyuksehyr,0,2,A,Turkey,Turkish Super League,football-data.co.uk
league_1f51c3e99865ee02,2021-08-13,SUPER_LIG,2021-22,LEAGUE,,Beşiktaş JK,Çaykur Rizespor,3,0,H,Turkey,Turkish Super League,football-data.co.uk
league_0ebfadfbb2e232ba,2021-08-14,SUPER_LIG,2021-22,LEAGUE,,Altay,Kayserispor,3,0,H,Turkey,Turkish Super League,football-data.co.uk
league_17b5492a3436d223,2021-08-14,SUPER_LIG,2021-22,LEAGUE,,Hatayspor,Kasımpaşa SK,1,1,D,Turkey,Turkish Super League,football-data.co.uk
league_ae80d89f766bfd47,2021-08-14,SUPER_LIG,2021-22,LEAGUE,,Karagumruk,Gaziantep FK,3,2,H,Turkey,Turkish Super League,football-data.co.uk
league_0d71137bfd7de6a9,2021-08-15,SUPER_LIG,2021-22,LEAGUE,,Ad. Demirspor,Fenerbahçe,0,1,A,Turkey,Turkish Super League,football-data.co.uk
league_d0675aac628f9bf2,2021-08-15,SUPER_LIG,2021-22,LEAGUE,,Antalyaspor,Göztepe,1,1,D,Turkey,Turkish Super League,football-data.co.uk
league_10f865e7a8f106e2,2021-08-15,SUPER_LIG,2021-22,LEAGUE,,Buyuksehyr,Alanyaspor,0,1,A,Turkey,Turkish Super League,football-data.co.uk
league_07e4d42d881b7447,2021-08-16,SUPER_LIG,2021-22,LEAGUE,,Giresunspor,Galatasaray SK,0,2,A,Turkey,Turkish Super League,football-data.co.uk
league_2d85769bd19aa1ff,2021-08-16,SUPER_LIG,2021-22,LEAGUE,,Sivasspor,Konyaspor,0,1,A,Turkey,Turkish Super League,football-data.co.uk
league_c124fd3790bba28d,2021-08-16,SUPER_LIG,2021-22,LEAGUE,,Yeni Malatyaspor,Trabzonspor,1,5,A,Turkey,Turkish Super League,football-data.co.uk
league_334fa78d32554a45,2021-08-20,SUPER_LIG,2021-22,LEAGUE,,Kayserispor,Ad. Demirspor,1,1,D,Turkey,Turkish Super League,football-data.co.uk
league_cc98005d0ef9fe1e,2021-08-21,SUPER_LIG,2021-22,LEAGUE,,Alanyaspor,Altay,1,4,A,Turkey,Turkish Super League,football-data.co.uk
league_900eea491c485674,2021-08-21,SUPER_LIG,2021-22,LEAGUE,,Gaziantep FK,Beşiktaş JK,0,0,D,Turkey,Turkish Super League,football-data.co.uk
league_338644d9da06eb5e,2021-08-21,SUPER_LIG,2021-22,LEAGUE,,Kasımpaşa SK,Giresunspor,2,0,H,Turkey,Turkish Super League,football-data.co.uk
league_42a7ae23de0ce432,2021-08-21,SUPER_LIG,2021-22,LEAGUE,,Çaykur Rizespor,Karagumruk,0,0,D,Turkey,Turkish Super League,football-data.co.uk
league_600597032a6df454,2021-08-22,SUPER_LIG,2021-22,LEAGUE,,Fenerbahçe,Antalyaspor,2,0,H,Turkey,Turkish Super League,football-data.co.uk
league_2049936b8e143ae9,2021-08-22,SUPER_LIG,2021-22,LEAGUE,,Göztepe,Yeni Malatyaspor,0,1,A,Turkey,Turkish Super League,football-data.co.uk
league_16486edb5ad6294d,2021-08-22,SUPER_LIG,2021-22,LEAGUE,,Konyaspor,Buyuksehyr,2,1,H,Turkey,Turkish Super League,football-data.co.uk
league_bdc63882abd3229e,2021-08-23,SUPER_LIG,2021-22,LEAGUE,,Galatasaray SK,Hatayspor,2,1,H,Turkey,Turkish Super League,football-data.co.uk
league_99e397ef3aa70b1a,2021-08-23,SUPER_LIG,2021-22,LEAGUE,,Trabzonspor,Sivasspor,2,1,H,Turkey,Turkish Super League,football-data.co.uk
league_3c6e79d1ad8c79bb,2021-08-27,SUPER_LIG,2021-22,LEAGUE,,Ad. Demirspor,Konyaspor,1,1,D,Turkey,Turkish Super League,football-data.co.uk
league_4eb841de31ff9e73,2021-08-27,SUPER_LIG,2021-22,LEAGUE,,Antalyaspor,Çaykur Rizespor,3,2,H,Turkey,Turkish Super League,football-data.co.uk
league_d72f60efb186396e,2021-08-28,SUPER_LIG,2021-22,LEAGUE,,Beşiktaş JK,Karagumruk,1,0,H,Turkey,Turkish Super League,football-data.co.uk
league_b3e66d098ece1365,2021-08-28,SUPER_LIG,2021-22,LEAGUE,,Buyuksehyr,Kayserispor,0,1,A,Turkey,Turkish Super League,football-data.co.uk
league_1be47780234d40cc,2021-08-28,SUPER_LIG,2021-22,LEAGUE,,Hatayspor,Alanyaspor,5,0,H,Turkey,Turkish Super League,football-data.co.uk
league_a9a26d1c66f01937,2021-08-28,SUPER_LIG,2021-22,LEAGUE,,Yeni Malatyaspor,Gaziantep FK,2,0,H,Turkey,Turkish Super League,football-data.co.uk
league_3a6bf7e26ada215e,2021-08-29,SUPER_LIG,2021-22,LEAGUE,,Altay,Fenerbahçe,0,2,A,Turkey,Turkish Super League,football-data.co.uk
league_dcffed75262cdeac,2021-08-29,SUPER_LIG,2021-22,LEAGUE,,Giresunspor,Trabzonspor,0,1,A,Turkey,Turkish Super League,football-data.co.uk
league_3951f68312c1b7d0,2021-08-29,SUPER_LIG,2021-22,LEAGUE,,Kasımpaşa SK,Galatasaray SK,2,2,D,Turkey,Turkish Super League,football-data.co.uk
league_39d95d4a66278345,2021-08-29,SUPER_LIG,2021-22,LEAGUE,,Sivasspor,Göztepe,2,2,D,Turkey,Turkish Super League,football-data.co.uk
league_5e0300aa2b791f29,2021-09-11,SUPER_LIG,2021-22,LEAGUE,,Beşiktaş JK,Yeni Malatyaspor,3,0,H,Turkey,Turkish Super League,football-data.co.uk
league_6f72278d0beb7190,2021-09-11,SUPER_LIG,2021-22,LEAGUE,,Karagumruk,Ad. Demirspor,4,0,H,Turkey,Turkish Super League,football-data.co.uk
league_1622af284f98105e,2021-09-11,SUPER_LIG,2021-22,LEAGUE,,Kayserispor,Kasımpaşa SK,2,0,H,Turkey,Turkish Super League,football-data.co.uk
league_d37821b91d6cde10,2021-09-11,SUPER_LIG,2021-22,LEAGUE,,Konyaspor,Altay,3,1,H,Turkey,Turkish Super League,football-data.co.uk
league_b66a8dd214bfe600,2021-09-12,SUPER_LIG,2021-22,LEAGUE,,Fenerbahçe,Sivasspor,1,1,D,Turkey,Turkish Super League,football-data.co.uk
league_bf5fd070d56f528a,2021-09-12,SUPER_LIG,2021-22,LEAGUE,,Göztepe,Buyuksehyr,2,1,H,Turkey,Turkish Super League,football-data.co.uk
league_091c81aee613f293,2021-09-12,SUPER_LIG,2021-22,LEAGUE,,Trabzonspor,Galatasaray SK,2,2,D,Turkey,Turkish Super League,football-data.co.uk
league_21899364204f88aa,2021-09-12,SUPER_LIG,2021-22,LEAGUE,,Çaykur Rizespor,Hatayspor,0,2,A,Turkey,Turkish Super League,football-data.co.uk
league_36bf48aba1012fee,2021-09-13,SUPER_LIG,2021-22,LEAGUE,,Alanyaspor,Giresunspor,1,0,H,Turkey,Turkish Super League,football-data.co.uk
league_dbbd973795c79c4d,2021-09-13,SUPER_LIG,2021-22,LEAGUE,,Gaziantep FK,Antalyaspor,2,0,H,Turkey,Turkish Super League,football-data.co.uk
league_80ada6d23b7d3f36,2021-09-17,SUPER_LIG,2021-22,LEAGUE,,Altay,Göztepe,2,1,H,Turkey,Turkish Super League,football-data.co.uk
league_e10041447b98713a,2021-09-17,SUPER_LIG,2021-22,LEAGUE,,Yeni Malatyaspor,Karagumruk,3,4,A,Turkey,Turkish Super League,football-data.co.uk
league_895c1d6b9a91c278,2021-09-18,SUPER_LIG,2021-22,LEAGUE,,Ad. Demirspor,Çaykur Rizespor,3,1,H,Turkey,Turkish Super League,football-data.co.uk
league_d994c432c99525ed,2021-09-18,SUPER_LIG,2021-22,LEAGUE,,Antalyaspor,Beşiktaş JK,2,3,A,Turkey,Turkish Super League,football-data.co.uk
league_3fb9a1ded6f68a87,2021-09-18,SUPER_LIG,2021-22,LEAGUE,,Kasımpaşa SK,Trabzonspor,0,1,A,Turkey,Turkish Super League,football-data.co.uk
league_b7c81e09864797ef,2021-09-18,SUPER_LIG,2021-22,LEAGUE,,Sivasspor,Gaziantep FK,1,1,D,Turkey,Turkish Super League,football-data.co.uk
league_7b98abf0c3b40e94,2021-09-19,SUPER_LIG,2021-22,LEAGUE,,Buyuksehyr,Fenerbahçe,2,0,H,Turkey,Turkish Super League,football-data.co.uk
league_821fe1a6bd6ce628,2021-09-19,SUPER_LIG,2021-22,LEAGUE,,Galatasaray SK,Alanyaspor,0,1,A,Turkey,Turkish Super League,football-data.co.uk
league_01f95b185656009f,2021-09-19,SUPER_LIG,2021-22,LEAGUE,,Giresunspor,Konyaspor,0,0,D,Turkey,Turkish Super League,football-data.co.uk
league_feeeca6207197432,2021-09-19,SUPER_LIG,2021-22,LEAGUE,,Hatayspor,Kayserispor,2,1,H,Turkey,Turkish Super League,football-data.co.uk
league_3fdee8b9eb2e7810,2021-09-21,SUPER_LIG,2021-22,LEAGUE,,Beşiktaş JK,Ad. Demirspor,3,3,D,Turkey,Turkish Super League,football-data.co.uk
league_03a15bf203a50f31,2021-09-21,SUPER_LIG,2021-22,LEAGUE,,Karagumruk,Antalyaspor,0,0,D,Turkey,Turkish Super League,football-data.co.uk
league_8038219f1061ad40,2021-09-21,SUPER_LIG,2021-22,LEAGUE,,Yeni Malatyaspor,Sivasspor,0,1,A,Turkey,Turkish Super League,football-data.co.uk
league_41fffb5a8baed253,2021-09-21,SUPER_LIG,2021-22,LEAGUE,,Çaykur Rizespor,Altay,1,2,A,Turkey,Turkish Super League,football-data.co.uk
league_5467e6fb8afd14e4,2021-09-22,SUPER_LIG,2021-22,LEAGUE,,Gaziantep FK,Buyuksehyr,1,0,H,Turkey,Turkish Super League,football-data.co.uk
league_b7f98d56f9f2e2da,2021-09-22,SUPER_LIG,2021-22,LEAGUE,,Göztepe,Hatayspor,0,2,A,Turkey,Turkish Super League,football-data.co.uk
league_93a5d18f03c5e6d6,2021-09-22,SUPER_LIG,2021-22,LEAGUE,,Kayserispor,Galatasaray SK,3,0,H,Turkey,Turkish Super League,football-data.co.uk
league_e89a52f22282f322,2021-09-23,SUPER_LIG,2021-22,LEAGUE,,Alanyaspor,Kasımpaşa SK,2,0,H,Turkey,Turkish Super League,football-data.co.uk
league_87629559845091f0,2021-09-23,SUPER_LIG,2021-22,LEAGUE,,Fenerbahçe,Giresunspor,2,1,H,Turkey,Turkish Super League,football-data.co.uk
league_0a8d05e90930d9b1,2021-09-23,SUPER_LIG,2021-22,LEAGUE,,Konyaspor,Trabzonspor,2,2,D,Turkey,Turkish Super League,football-data.co.uk
league_9aafee0ced0cc7a8,2021-09-24,SUPER_LIG,2021-22,LEAGUE,,Altay,Beşiktaş JK,2,1,H,Turkey,Turkish Super League,football-data.co.uk
league_e9f2f69fe49fc1e9,2021-09-25,SUPER_LIG,2021-22,LEAGUE,,Ad. Demirspor,Gaziantep FK,4,0,H,Turkey,Turkish Super League,football-data.co.uk
league_030c68096f650d74,2021-09-25,SUPER_LIG,2021-22,LEAGUE,,Antalyaspor,Yeni Malatyaspor,1,0,H,Turkey,Turkish Super League,football-data.co.uk
league_3e05e9d83275fba1,2021-09-25,SUPER_LIG,2021-22,LEAGUE,,Sivasspor,Karagumruk,4,0,H,Turkey,Turkish Super League,football-data.co.uk
league_aa5735f03f052aac,2021-09-26,SUPER_LIG,2021-22,LEAGUE,,Buyuksehyr,Çaykur Rizespor,3,0,H,Turkey,Turkish Super League,football-data.co.uk
league_914bec06f4fa4a03,2021-09-26,SUPER_LIG,2021-22,LEAGUE,,Galatasaray SK,Göztepe,2,1,H,Turkey,Turkish Super League,football-data.co.uk
league_79c76e734f1a864a,2021-09-26,SUPER_LIG,2021-22,LEAGUE,,Giresunspor,Kayserispor,1,1,D,Turkey,Turkish Super League,football-data.co.uk
league_94c91870f1d8e0bc,2021-09-26,SUPER_LIG,2021-22,LEAGUE,,Hatayspor,Fenerbahçe,1,2,A,Turkey,Turkish Super League,football-data.co.uk
league_41822715980f7e4b,2021-09-27,SUPER_LIG,2021-22,LEAGUE,,Kasımpaşa SK,Konyaspor,2,2,D,Turkey,Turkish Super League,football-data.co.uk
league_7078208f3dbb7bac,2021-09-27,SUPER_LIG,2021-22,LEAGUE,,Trabzonspor,Alanyaspor,1,1,D,Turkey,Turkish Super League,football-data.co.uk
league_031886edba0f7b88,2021-10-01,SUPER_LIG,2021-22,LEAGUE,,Antalyaspor,Ad. Demirspor,1,2,A,Turkey,Turkish Super League,football-data.co.uk
league_82cff7de02157991,2021-10-01,SUPER_LIG,2021-22,LEAGUE,,Karagumruk,Buyuksehyr,3,1,H,Turkey,Turkish Super League,football-data.co.uk
league_932845de9980dc6c,2021-10-02,SUPER_LIG,2021-22,LEAGUE,,Beşiktaş JK,Sivasspor,2,1,H,Turkey,Turkish Super League,football-data.co.uk
league_23fd11accb39b6fb,2021-10-02,SUPER_LIG,2021-22,LEAGUE,,Göztepe,Giresunspor,0,1,A,Turkey,Turkish Super League,football-data.co.uk
league_33aee4cabf448a34,2021-10-02,SUPER_LIG,2021-22,LEAGUE,,Kayserispor,Trabzonspor,1,2,A,Turkey,Turkish Super League,football-data.co.uk
league_bcc639d3cc75dd53,2021-10-02,SUPER_LIG,2021-22,LEAGUE,,Konyaspor,Alanyaspor,1,1,D,Turkey,Turkish Super League,football-data.co.uk
league_05242a41dae5f539,2021-10-03,SUPER_LIG,2021-22,LEAGUE,,Fenerbahçe,Kasımpaşa SK,2,1,H,Turkey,Turkish Super League,football-data.co.uk
league_28463d504608b0c4,2021-10-03,SUPER_LIG,2021-22,LEAGUE,,Gaziantep FK,Altay,4,1,H,Turkey,Turkish Super League,football-data.co.uk
league_65d76e70aa072dd0,2021-10-03,SUPER_LIG,2021-22,LEAGUE,,Yeni Malatyaspor,Hatayspor,0,2,A,Turkey,Turkish Super League,football-data.co.uk
league_c8a04b8fdc8f6ddf,2021-10-03,SUPER_LIG,2021-22,LEAGUE,,Çaykur Rizespor,Galatasaray SK,2,3,A,Turkey,Turkish Super League,football-data.co.uk
league_af7bf73adeac25a0,2021-10-15,SUPER_LIG,2021-22,LEAGUE,,Buyuksehyr,Beşiktaş JK,3,2,H,Turkey,Turkish Super League,football-data.co.uk
league_b23bd09492c2ce76,2021-10-16,SUPER_LIG,2021-22,LEAGUE,,Ad. Demirspor,Yeni Malatyaspor,0,2,A,Turkey,Turkish Super League,football-data.co.uk
league_e8de1394d60d10fc,2021-10-16,SUPER_LIG,2021-22,LEAGUE,,Giresunspor,Çaykur Rizespor,2,0,H,Turkey,Turkish Super League,football-data.co.uk
league_a68e6fe34f07046c,2021-10-16,SUPER_LIG,2021-22,LEAGUE,,Sivasspor,Antalyaspor,2,2,D,Turkey,Turkish Super League,football-data.co.uk
league_0b6714a9099ad6aa,2021-10-17,SUPER_LIG,2021-22,LEAGUE,,Altay,Karagumruk,0,1,A,Turkey,Turkish Super League,football-data.co.uk
league_c0ce65d87c400707,2021-10-17,SUPER_LIG,2021-22,LEAGUE,,Galatasaray SK,Konyaspor,1,0,H,Turkey,Turkish Super League,football-data.co.uk
league_c1ec41e6e0c7281b,2021-10-17,SUPER_LIG,2021-22,LEAGUE,,Kasımpaşa SK,Göztepe,1,2,A,Turkey,Turkish Super League,football-data.co.uk
league_71bbef51334617c8,2021-10-17,SUPER_LIG,2021-22,LEAGUE,,Trabzonspor,Fenerbahçe,3,1,H,Turkey,Turkish Super League,football-data.co.uk
league_8d88186b8f5b7d8a,2021-10-18,SUPER_LIG,2021-22,LEAGUE,,Alanyaspor,Kayserispor,6,3,H,Turkey,Turkish Super League,football-data.co.uk
league_270184c850165239,2021-10-18,SUPER_LIG,2021-22,LEAGUE,,Hatayspor,Gaziantep FK,2,1,H,Turkey,Turkish Super League,football-data.co.uk
league_841994dc1c3a524c,2021-10-22,SUPER_LIG,2021-22,LEAGUE,,Yeni Malatyaspor,Altay,2,1,H,Turkey,Turkish Super League,football-data.co.uk
league_28c2a1a2b74c9f8f,2021-10-23,SUPER_LIG,2021-22,LEAGUE,,Gaziantep FK,Giresunspor,1,1,D,Turkey,Turkish Super League,football-data.co.uk
league_d40ad548a3bc59a8,2021-10-23,SUPER_LIG,2021-22,LEAGUE,,Göztepe,Trabzonspor,0,1,A,Turkey,Turkish Super League,football-data.co.uk
league_f0ba60f570d59703,2021-10-23,SUPER_LIG,2021-22,LEAGUE,,Konyaspor,Kayserispor,2,0,H,Turkey,Turkish Super League,football-data.co.uk
league_01eee0df0a18ea11,2021-10-23,SUPER_LIG,2021-22,LEAGUE,,Çaykur Rizespor,Kasımpaşa SK,2,1,H,Turkey,Turkish Super League,football-data.co.uk
league_ac0503bfe12c83a7,2021-10-24,SUPER_LIG,2021-22,LEAGUE,,Antalyaspor,Buyuksehyr,1,2,A,Turkey,Turkish Super League,football-data.co.uk
league_026bc8dfef17e46e,2021-10-24,SUPER_LIG,2021-22,LEAGUE,,Fenerbahçe,Alanyaspor,1,2,A,Turkey,Turkish Super League,football-data.co.uk
league_0febe86191077239,2021-10-24,SUPER_LIG,2021-22,LEAGUE,,Karagumruk,Hatayspor,1,1,D,Turkey,Turkish Super League,football-data.co.uk
league_e4e41891315862e9,2021-10-24,SUPER_LIG,2021-22,LEAGUE,,Sivasspor,Ad. Demirspor,1,1,D,Turkey,Turkish Super League,football-data.co.uk
league_cbdf460f609a18a6,2021-10-25,SUPER_LIG,2021-22,LEAGUE,,Beşiktaş JK,Galatasaray SK,2,1,H,Turkey,Turkish Super League,football-data.co.uk
league_50876dd58ede0a75,2021-10-29,SUPER_LIG,2021-22,LEAGUE,,Trabzonspor,Çaykur Rizespor,2,1,H,Turkey,Turkish Super League,football-data.co.uk
league_8f68f7c684b88d0e,2021-10-30,SUPER_LIG,2021-22,LEAGUE,,Altay,Sivasspor,1,1,D,Turkey,Turkish Super League,football-data.co.uk
league_b0f71ddfee625db8,2021-10-30,SUPER_LIG,2021-22,LEAGUE,,Hatayspor,Beşiktaş JK,1,0,H,Turkey,Turkish Super League,football-data.co.uk
league_1dc2c9e9ff034d1f,2021-10-30,SUPER_LIG,2021-22,LEAGUE,,Kasımpaşa SK,Yeni Malatyaspor,2,0,H,Turkey,Turkish Super League,football-data.co.uk
league_380840a71cbc4f96,2021-10-30,SUPER_LIG,2021-22,LEAGUE,,Konyaspor,Fenerbahçe,2,1,H,Turkey,Turkish Super League,football-data.co.uk
league_3685a9620cdfc756,2021-10-31,SUPER_LIG,2021-22,LEAGUE,,Alanyaspor,Göztepe,2,2,D,Turkey,Turkish Super League,football-data.co.uk
league_f3b8d72534195af4,2021-10-31,SUPER_LIG,2021-22,LEAGUE,,Galatasaray SK,Gaziantep FK,2,0,H,Turkey,Turkish Super League,football-data.co.uk
league_7873251b2cbb090c,2021-10-31,SUPER_LIG,2021-22,LEAGUE,,Kayserispor,Karagumruk,2,1,H,Turkey,Turkish Super League,football-data.co.uk
league_1a0229a7aae7ac11,2021-11-01,SUPER_LIG,2021-22,LEAGUE,,Buyuksehyr,Ad. Demirspor,2,1,H,Turkey,Turkish Super League,football-data.co.uk
league_3328fbc4129b7f20,2021-11-01,SUPER_LIG,2021-22,LEAGUE,,Giresunspor,Antalyaspor,1,2,A,Turkey,Turkish Super League,football-data.co.uk
league_1639d43633c3ab59,2021-11-05,SUPER_LIG,2021-22,LEAGUE,,Gaziantep FK,Kasımpaşa SK,2,0,H,Turkey,Turkish Super League,football-data.co.uk
league_406a4a438d3529d3,2021-11-05,SUPER_LIG,2021-22,LEAGUE,,Çaykur Rizespor,Alanyaspor,2,0,H,Turkey,Turkish Super League,football-data.co.uk
league_d9dc9b27f022f5b6,2021-11-06,SUPER_LIG,2021-22,LEAGUE,,Antalyaspor,Altay,1,0,H,Turkey,Turkish Super League,football-data.co.uk
league_6dc1306a4d1a3eaa,2021-11-06,SUPER_LIG,2021-22,LEAGUE,,Beşiktaş JK,Trabzonspor,1,2,A,Turkey,Turkish Super League,football-data.co.uk
league_7150935c71fdfdd0,2021-11-06,SUPER_LIG,2021-22,LEAGUE,,Sivasspor,Giresunspor,0,0,D,Turkey,Turkish Super League,football-data.co.uk
league_22b3aabb9179f874,2021-11-06,SUPER_LIG,2021-22,LEAGUE,,Yeni Malatyaspor,Buyuksehyr,1,3,A,Turkey,Turkish Super League,football-data.co.uk
league_b56bea4714e97328,2021-11-07,SUPER_LIG,2021-22,LEAGUE,,Ad. Demirspor,Hatayspor,1,0,H,Turkey,Turkish Super League,football-data.co.uk
league_7ee18eb5472233c5,2021-11-07,SUPER_LIG,2021-22,LEAGUE,,Fenerbahçe,Kayserispor,2,2,D,Turkey,Turkish Super League,football-data.co.uk
league_c014be737404f6e0,2021-11-07,SUPER_LIG,2021-22,LEAGUE,,Göztepe,Konyaspor,0,2,A,Turkey,Turkish Super League,football-data.co.uk
league_c49dfcad87125c1a,2021-11-07,SUPER_LIG,2021-22,LEAGUE,,Karagumruk,Galatasaray SK,1,1,D,Turkey,Turkish Super League,football-data.co.uk
league_740dd3a730ddc85e,2021-11-20,SUPER_LIG,2021-22,LEAGUE,,Alanyaspor,Beşiktaş JK,2,0,H,Turkey,Turkish Super League,football-data.co.uk
league_35d419022e3547d2,2021-11-20,SUPER_LIG,2021-22,LEAGUE,,Buyuksehyr,Sivasspor,2,1,H,Turkey,Turkish Super League,football-data.co.uk
league_fbfc590674a48aa5,2021-11-20,SUPER_LIG,2021-22,LEAGUE,,Giresunspor,Yeni Malatyaspor,1,0,H,Turkey,Turkish Super League,football-data.co.uk
league_09ad646afa19d79d,2021-11-20,SUPER_LIG,2021-22,LEAGUE,,Hatayspor,Antalyaspor,3,1,H,Turkey,Turkish Super League,football-data.co.uk
league_4930fe0be67997a5,2021-11-21,SUPER_LIG,2021-22,LEAGUE,,Altay,Ad. Demirspor,1,3,A,Turkey,Turkish Super League,football-data.co.uk
league_0c9adece9f3409b5,2021-11-21,SUPER_LIG,2021-22,LEAGUE,,Galatasaray SK,Fenerbahçe,1,2,A,Turkey,Turkish Super League,football-data.co.uk
league_48a8dae3d6ffeb56,2021-11-21,SUPER_LIG,2021-22,LEAGUE,,Kasımpaşa SK,Karagumruk,1,3,A,Turkey,Turkish Super League,football-data.co.uk
league_82f9fadb12ad4403,2021-11-21,SUPER_LIG,2021-22,LEAGUE,,Konyaspor,Çaykur Rizespor,3,0,H,Turkey,Turkish Super League,football-data.co.uk
league_e9a696b9426e40e9,2021-11-22,SUPER_LIG,2021-22,LEAGUE,,Kayserispor,Göztepe,1,1,D,Turkey,Turkish Super League,football-data.co.uk
league_a476cfc5cc913e64,2021-11-22,SUPER_LIG,2021-22,LEAGUE,,Trabzonspor,Gaziantep FK,3,0,H,Turkey,Turkish Super League,football-data.co.uk
league_e085f5724fb094b7,2021-11-26,SUPER_LIG,2021-22,LEAGUE,,Ad. Demirspor,Kasımpaşa SK,0,0,D,Turkey,Turkish Super League,football-data.co.uk
league_9c0c380d595ffc38,2021-11-26,SUPER_LIG,2021-22,LEAGUE,,Buyuksehyr,Altay,0,0,D,Turkey,Turkish Super League,football-data.co.uk
league_11af2895ec4931ab,2021-11-27,SUPER_LIG,2021-22,LEAGUE,,Antalyaspor,Alanyaspor,3,0,H,Turkey,Turkish Super League,football-data.co.uk
league_29dc022fde629f15,2021-11-27,SUPER_LIG,2021-22,LEAGUE,,Beşiktaş JK,Giresunspor,0,4,A,Turkey,Turkish Super League,football-data.co.uk
league_9a789bae2c1f3c9c,2021-11-27,SUPER_LIG,2021-22,LEAGUE,,Çaykur Rizespor,Kayserispor,1,0,H,Turkey,Turkish Super League,football-data.co.uk
league_49c0b87b71d346dc,2021-11-28,SUPER_LIG,2021-22,LEAGUE,,Gaziantep FK,Konyaspor,3,2,H,Turkey,Turkish Super League,football-data.co.uk
league_8bd27142d7e458b7,2021-11-28,SUPER_LIG,2021-22,LEAGUE,,Karagumruk,Trabzonspor,0,2,A,Turkey,Turkish Super League,football-data.co.uk
league_40bb4598d60672ac,2021-11-28,SUPER_LIG,2021-22,LEAGUE,,Sivasspor,Hatayspor,4,0,H,Turkey,Turkish Super League,football-data.co.uk
league_c7304817212fdd92,2021-11-28,SUPER_LIG,2021-22,LEAGUE,,Yeni Malatyaspor,Galatasaray SK,0,0,D,Turkey,Turkish Super League,football-data.co.uk
league_6ac8e83f8782b9e8,2021-11-29,SUPER_LIG,2021-22,LEAGUE,,Göztepe,Fenerbahçe,1,1,D,Turkey,Turkish Super League,football-data.co.uk
league_1d738f3c6213232b,2021-12-03,SUPER_LIG,2021-22,LEAGUE,,Kasımpaşa SK,Beşiktaş JK,1,1,D,Turkey,Turkish Super League,football-data.co.uk
league_fa60b497ffe7692d,2021-12-04,SUPER_LIG,2021-22,LEAGUE,,Alanyaspor,Sivasspor,0,1,A,Turkey,Turkish Super League,football-data.co.uk
league_51144f8e26841a15,2021-12-04,SUPER_LIG,2021-22,LEAGUE,,Galatasaray SK,Altay,2,2,D,Turkey,Turkish Super League,football-data.co.uk
league_2a20e4c582338afa,2021-12-04,SUPER_LIG,2021-22,LEAGUE,,Trabzonspor,Ad. Demirspor,2,0,H,Turkey,Turkish Super League,football-data.co.uk
league_1356b893e24b6845,2021-12-05,SUPER_LIG,2021-22,LEAGUE,,Fenerbahçe,Çaykur Rizespor,4,0,H,Turkey,Turkish Super League,football-data.co.uk
league_a8448d7406a286b4,2021-12-05,SUPER_LIG,2021-22,LEAGUE,,Giresunspor,Karagumruk,3,1,H,Turkey,Turkish Super League,football-data.co.uk
league_aa8db86aca066a22,2021-12-05,SUPER_LIG,2021-22,LEAGUE,,Hatayspor,Buyuksehyr,0,3,A,Turkey,Turkish Super League,football-data.co.uk
league_96f59d4c3417d2f6,2021-12-05,SUPER_LIG,2021-22,LEAGUE,,Kayserispor,Antalyaspor,2,0,H,Turkey,Turkish Super League,football-data.co.uk
league_1480631bbddb18b6,2021-12-06,SUPER_LIG,2021-22,LEAGUE,,Göztepe,Gaziantep FK,2,1,H,Turkey,Turkish Super League,football-data.co.uk
league_c5de1c1e476718d3,2021-12-06,SUPER_LIG,2021-22,LEAGUE,,Konyaspor,Yeni Malatyaspor,0,0,D,Turkey,Turkish Super League,football-data.co.uk
league_a4e932072ac6007d,2021-12-10,SUPER_LIG,2021-22,LEAGUE,,Altay,Hatayspor,1,2,A,Turkey,Turkish Super League,football-data.co.uk
league_7c830183f904d617,2021-12-11,SUPER_LIG,2021-22,LEAGUE,,Antalyaspor,Trabzonspor,2,1,H,Turkey,Turkish Super League,football-data.co.uk
league_ded2454ae79b2950,2021-12-11,SUPER_LIG,2021-22,LEAGUE,,Buyuksehyr,Kasımpaşa SK,2,1,H,Turkey,Turkish Super League,football-data.co.uk
league_003c5bb126fb6033,2021-12-11,SUPER_LIG,2021-22,LEAGUE,,Karagumruk,Konyaspor,1,4,A,Turkey,Turkish Super League,football-data.co.uk
league_8153c87856c80b2a,2021-12-11,SUPER_LIG,2021-22,LEAGUE,,Çaykur Rizespor,Göztepe,3,1,H,Turkey,Turkish Super League,football-data.co.uk
league_4fb91e852b3c1c91,2021-12-12,SUPER_LIG,2021-22,LEAGUE,,Ad. Demirspor,Giresunspor,1,0,H,Turkey,Turkish Super League,football-data.co.uk
league_f2d73772422e615e,2021-12-12,SUPER_LIG,2021-22,LEAGUE,,Beşiktaş JK,Kayserispor,4,2,H,Turkey,Turkish Super League,football-data.co.uk
league_32fcc49f9650dab7,2021-12-12,SUPER_LIG,2021-22,LEAGUE,,Yeni Malatyaspor,Alanyaspor,2,6,A,Turkey,Turkish Super League,football-data.co.uk
league_c689cc7e6699168c,2021-12-13,SUPER_LIG,2021-22,LEAGUE,,Gaziantep FK,Fenerbahçe,3,2,H,Turkey,Turkish Super League,football-data.co.uk
league_29df8f2c7552f587,2021-12-13,SUPER_LIG,2021-22,LEAGUE,,Sivasspor,Galatasaray SK,1,0,H,Turkey,Turkish Super League,football-data.co.uk
league_718e82a1126f8ac0,2021-12-17,SUPER_LIG,2021-22,LEAGUE,,Giresunspor,Altay,3,1,H,Turkey,Turkish Super League,football-data.co.uk
league_8e5e9104270638e6,2021-12-18,SUPER_LIG,2021-22,LEAGUE,,Alanyaspor,Ad. Demirspor,1,3,A,Turkey,Turkish Super League,football-data.co.uk
league_39eedc723f4751c9,2021-12-18,SUPER_LIG,2021-22,LEAGUE,,Galatasaray SK,Buyuksehyr,1,1,D,Turkey,Turkish Super League,football-data.co.uk
league_76ad66c4ec95645e,2021-12-18,SUPER_LIG,2021-22,LEAGUE,,Kasımpaşa SK,Sivasspor,1,3,A,Turkey,Turkish Super League,football-data.co.uk
league_de28912d158f7afa,2021-12-18,SUPER_LIG,2021-22,LEAGUE,,Konyaspor,Antalyaspor,1,0,H,Turkey,Turkish Super League,football-data.co.uk
league_90d40a6e50de54dd,2021-12-18,SUPER_LIG,2021-22,LEAGUE,,Trabzonspor,Hatayspor,2,0,H,Turkey,Turkish Super League,football-data.co.uk
league_b0ed63259d3edfaf,2021-12-19,SUPER_LIG,2021-22,LEAGUE,,Fenerbahçe,Beşiktaş JK,2,2,D,Turkey,Turkish Super League,football-data.co.uk
league_93192bfbaa8a8dee,2021-12-19,SUPER_LIG,2021-22,LEAGUE,,Göztepe,Karagumruk,0,1,A,Turkey,Turkish Super League,football-data.co.uk
league_09d445fd10cffce7,2021-12-19,SUPER_LIG,2021-22,LEAGUE,,Kayserispor,Gaziantep FK,0,0,D,Turkey,Turkish Super League,football-data.co.uk
league_70411d757a61c719,2021-12-19,SUPER_LIG,2021-22,LEAGUE,,Çaykur Rizespor,Yeni Malatyaspor,1,0,H,Turkey,Turkish Super League,football-data.co.uk
league_7f68cf81fcb407c0,2021-12-21,SUPER_LIG,2021-22,LEAGUE,,Ad. Demirspor,Galatasaray SK,2,0,H,Turkey,Turkish Super League,football-data.co.uk
league_83ec4d9dfa6494b9,2021-12-21,SUPER_LIG,2021-22,LEAGUE,,Altay,Trabzonspor,1,2,A,Turkey,Turkish Super League,football-data.co.uk
league_7601348a44faf540,2021-12-21,SUPER_LIG,2021-22,LEAGUE,,Antalyaspor,Kasımpaşa SK,1,1,D,Turkey,Turkish Super League,football-data.co.uk
league_b9da0c8b2020e17c,2021-12-21,SUPER_LIG,2021-22,LEAGUE,,Buyuksehyr,Giresunspor,3,1,H,Turkey,Turkish Super League,football-data.co.uk
league_560925562d9c9829,2021-12-22,SUPER_LIG,2021-22,LEAGUE,,Gaziantep FK,Alanyaspor,2,1,H,Turkey,Turkish Super League,football-data.co.uk
league_c79892740352eb4a,2021-12-22,SUPER_LIG,2021-22,LEAGUE,,Hatayspor,Konyaspor,1,3,A,Turkey,Turkish Super League,football-data.co.uk
league_7632eb14eb609436,2021-12-22,SUPER_LIG,2021-22,LEAGUE,,Karagumruk,Fenerbahçe,1,1,D,Turkey,Turkish Super League,football-data.co.uk
league_297d256a2e5d7558,2021-12-22,SUPER_LIG,2021-22,LEAGUE,,Sivasspor,Çaykur Rizespor,1,1,D,Turkey,Turkish Super League,football-data.co.uk
league_73c6635e7c5339ff,2021-12-23,SUPER_LIG,2021-22,LEAGUE,,Beşiktaş JK,Göztepe,2,1,H,Turkey,Turkish Super League,football-data.co.uk
league_0fb1c61eab9a4ef6,2021-12-23,SUPER_LIG,2021-22,LEAGUE,,Yeni Malatyaspor,Kayserispor,2,2,D,Turkey,Turkish Super League,football-data.co.uk
league_886415a6ed37de2c,2021-12-25,SUPER_LIG,2021-22,LEAGUE,,Galatasaray SK,Antalyaspor,2,0,H,Turkey,Turkish Super League,football-data.co.uk
league_7e034057b5bc9530,2021-12-25,SUPER_LIG,2021-22,LEAGUE,,Giresunspor,Hatayspor,0,1,A,Turkey,Turkish Super League,football-data.co.uk
league_a5d28e47d5ac6322,2021-12-25,SUPER_LIG,2021-22,LEAGUE,,Kasımpaşa SK,Altay,2,0,H,Turkey,Turkish Super League,football-data.co.uk
league_02f22929a860103a,2021-12-25,SUPER_LIG,2021-22,LEAGUE,,Trabzonspor,Buyuksehyr,0,0,D,Turkey,Turkish Super League,football-data.co.uk
league_c4d62ee2c32c1c9a,2021-12-26,SUPER_LIG,2021-22,LEAGUE,,Alanyaspor,Karagumruk,1,1,D,Turkey,Turkish Super League,football-data.co.uk
league_8b83ae2e77470e24,2021-12-26,SUPER_LIG,2021-22,LEAGUE,,Fenerbahçe,Yeni Malatyaspor,2,0,H,Turkey,Turkish Super League,football-data.co.uk
league_4d03c419ab6031a2,2021-12-26,SUPER_LIG,2021-22,LEAGUE,,Göztepe,Ad. Demirspor,1,1,D,Turkey,Turkish Super League,football-data.co.uk
league_6686fa9be1419f3a,2021-12-26,SUPER_LIG,2021-22,LEAGUE,,Çaykur Rizespor,Gaziantep FK,0,1,A,Turkey,Turkish Super League,football-data.co.uk
league_10ce3aae93c840d0,2021-12-27,SUPER_LIG,2021-22,LEAGUE,,Kayserispor,Sivasspor,3,0,H,Turkey,Turkish Super League,football-data.co.uk
league_a3c973ef781e8983,2021-12-27,SUPER_LIG,2021-22,LEAGUE,,Konyaspor,Beşiktaş JK,1,0,H,Turkey,Turkish Super League,football-data.co.uk
league_97b63c4d52f34acd,2022-01-07,SUPER_LIG,2021-22,LEAGUE,,Trabzonspor,Yeni Malatyaspor,1,0,H,Turkey,Turkish Super League,football-data.co.uk
league_bcc8110713de3cfc,2022-01-08,SUPER_LIG,2021-22,LEAGUE,,Alanyaspor,Buyuksehyr,1,1,D,Turkey,Turkish Super League,football-data.co.uk
league_fdf633187a32e1f0,2022-01-08,SUPER_LIG,2021-22,LEAGUE,,Galatasaray SK,Giresunspor,0,1,A,Turkey,Turkish Super League,football-data.co.uk
league_d71bb20d9c378825,2022-01-08,SUPER_LIG,2021-22,LEAGUE,,Gaziantep FK,Karagumruk,3,1,H,Turkey,Turkish Super League,football-data.co.uk
league_aca28cfdec875e02,2022-01-08,SUPER_LIG,2021-22,LEAGUE,,Kasımpaşa SK,Hatayspor,3,1,H,Turkey,Turkish Super League,football-data.co.uk
league_154a877071e82c52,2022-01-09,SUPER_LIG,2021-22,LEAGUE,,Göztepe,Antalyaspor,4,0,H,Turkey,Turkish Super League,football-data.co.uk
league_a4028d126822893c,2022-01-09,SUPER_LIG,2021-22,LEAGUE,,Kayserispor,Altay,1,0,H,Turkey,Turkish Super League,football-data.co.uk
league_e02079402b21cff0,2022-01-09,SUPER_LIG,2021-22,LEAGUE,,Konyaspor,Sivasspor,0,1,A,Turkey,Turkish Super League,football-data.co.uk
league_6c2cfee49264d9f9,2022-01-09,SUPER_LIG,2021-22,LEAGUE,,Çaykur Rizespor,Beşiktaş JK,2,2,D,Turkey,Turkish Super League,football-data.co.uk
league_3df8e0b7bc764e5b,2022-01-10,SUPER_LIG,2021-22,LEAGUE,,Fenerbahçe,Ad. Demirspor,1,2,A,Turkey,Turkish Super League,football-data.co.uk
league_2800bb2480e5a563,2022-01-14,SUPER_LIG,2021-22,LEAGUE,,Beşiktaş JK,Gaziantep FK,1,0,H,Turkey,Turkish Super League,football-data.co.uk
league_130c702ba4075c24,2022-01-14,SUPER_LIG,2021-22,LEAGUE,,Yeni Malatyaspor,Göztepe,1,2,A,Turkey,Turkish Super League,football-data.co.uk
league_2edda4b819c20f18,2022-01-15,SUPER_LIG,2021-22,LEAGUE,,Ad. Demirspor,Kayserispor,1,1,D,Turkey,Turkish Super League,football-data.co.uk
league_7865aa87417a8832,2022-01-15,SUPER_LIG,2021-22,LEAGUE,,Antalyaspor,Fenerbahçe,1,1,D,Turkey,Turkish Super League,football-data.co.uk
league_867a0f60b257b6cb,2022-01-15,SUPER_LIG,2021-22,LEAGUE,,Karagumruk,Çaykur Rizespor,2,0,H,Turkey,Turkish Super League,football-data.co.uk
league_79c177b8f66245e7,2022-01-15,SUPER_LIG,2021-22,LEAGUE,,Sivasspor,Trabzonspor,1,1,D,Turkey,Turkish Super League,football-data.co.uk
league_b5e703b71fc0d13f,2022-01-16,SUPER_LIG,2021-22,LEAGUE,,Altay,Alanyaspor,0,2,A,Turkey,Turkish Super League,football-data.co.uk
league_02af378955b8173d,2022-01-16,SUPER_LIG,2021-22,LEAGUE,,Giresunspor,Kasımpaşa SK,0,2,A,Turkey,Turkish Super League,football-data.co.uk
league_ddb8dc8afb02ee83,2022-01-16,SUPER_LIG,2021-22,LEAGUE,,Hatayspor,Galatasaray SK,4,2,H,Turkey,Turkish Super League,football-data.co.uk
league_41b73038cacfa67c,2022-01-18,SUPER_LIG,2021-22,LEAGUE,,Karagumruk,Beşiktaş JK,0,1,A,Turkey,Turkish Super League,football-data.co.uk
league_89511d05a9913738,2022-01-18,SUPER_LIG,2021-22,LEAGUE,,Konyaspor,Ad. Demirspor,1,0,H,Turkey,Turkish Super League,football-data.co.uk
league_de6c5255e2eca307,2022-01-19,SUPER_LIG,2021-22,LEAGUE,,Fenerbahçe,Altay,2,1,H,Turkey,Turkish Super League,football-data.co.uk
league_443e7c95790cd67d,2022-01-19,SUPER_LIG,2021-22,LEAGUE,,Göztepe,Sivasspor,2,1,H,Turkey,Turkish Super League,football-data.co.uk
league_c9df3ca21e1adccb,2022-01-19,SUPER_LIG,2021-22,LEAGUE,,Kayserispor,Buyuksehyr,1,0,H,Turkey,Turkish Super League,football-data.co.uk
league_6da22dc05a196bb6,2022-01-19,SUPER_LIG,2021-22,LEAGUE,,Trabzonspor,Giresunspor,1,1,D,Turkey,Turkish Super League,football-data.co.uk
league_788a2e80ae8f343e,2022-01-20,SUPER_LIG,2021-22,LEAGUE,,Alanyaspor,Hatayspor,6,0,H,Turkey,Turkish Super League,football-data.co.uk
league_9fc23956f901d9ec,2022-01-20,SUPER_LIG,2021-22,LEAGUE,,Galatasaray SK,Kasımpaşa SK,1,3,A,Turkey,Turkish Super League,football-data.co.uk
league_7e7c6fb0b7b1c87e,2022-01-20,SUPER_LIG,2021-22,LEAGUE,,Çaykur Rizespor,Antalyaspor,2,1,H,Turkey,Turkish Super League,football-data.co.uk
league_242b23eab7d6acc3,2022-01-22,SUPER_LIG,2021-22,LEAGUE,,Ad. Demirspor,Karagumruk,5,0,H,Turkey,Turkish Super League,football-data.co.uk
league_d45ec1f5b3796c65,2022-01-22,SUPER_LIG,2021-22,LEAGUE,,Buyuksehyr,Göztepe,1,2,A,Turkey,Turkish Super League,football-data.co.uk
league_c42221739fcf43e6,2022-01-22,SUPER_LIG,2021-22,LEAGUE,,Sivasspor,Fenerbahçe,1,1,D,Turkey,Turkish Super League,football-data.co.uk
league_9c83612a4f400850,2022-01-22,SUPER_LIG,2021-22,LEAGUE,,Yeni Malatyaspor,Beşiktaş JK,1,1,D,Turkey,Turkish Super League,football-data.co.uk
league_7ff22447af81368e,2022-01-23,SUPER_LIG,2021-22,LEAGUE,,Altay,Konyaspor,0,1,A,Turkey,Turkish Super League,football-data.co.uk
league_11f8ca960c8e5b39,2022-01-23,SUPER_LIG,2021-22,LEAGUE,,Antalyaspor,Gaziantep FK,0,0,D,Turkey,Turkish Super League,football-data.co.uk
league_2443671b7810846f,2022-01-23,SUPER_LIG,2021-22,LEAGUE,,Galatasaray SK,Trabzonspor,1,2,A,Turkey,Turkish Super League,football-data.co.uk
league_96eba1a1dc8d7c18,2022-01-23,SUPER_LIG,2021-22,LEAGUE,,Giresunspor,Alanyaspor,1,3,A,Turkey,Turkish Super League,football-data.co.uk
league_511f08938030a5d4,2022-01-23,SUPER_LIG,2021-22,LEAGUE,,Hatayspor,Çaykur Rizespor,0,0,D,Turkey,Turkish Super League,football-data.co.uk
league_9c5e04b8e5d81f49,2022-01-23,SUPER_LIG,2021-22,LEAGUE,,Kasımpaşa SK,Kayserispor,3,1,H,Turkey,Turkish Super League,football-data.co.uk
league_30e687d6b22145bf,2022-02-04,SUPER_LIG,2021-22,LEAGUE,,Kayserispor,Hatayspor,4,3,H,Turkey,Turkish Super League,football-data.co.uk
league_20e914cbe6bc4d81,2022-02-04,SUPER_LIG,2021-22,LEAGUE,,Konyaspor,Giresunspor,1,0,H,Turkey,Turkish Super League,football-data.co.uk
league_97fbfbeacb773562,2022-02-05,SUPER_LIG,2021-22,LEAGUE,,Fenerbahçe,Buyuksehyr,0,1,A,Turkey,Turkish Super League,football-data.co.uk
league_5ed0b2db44663c4a,2022-02-05,SUPER_LIG,2021-22,LEAGUE,,Gaziantep FK,Sivasspor,5,1,H,Turkey,Turkish Super League,football-data.co.uk
league_3ad1ee3dcd2136d9,2022-02-05,SUPER_LIG,2021-22,LEAGUE,,Karagumruk,Yeni Malatyaspor,1,0,H,Turkey,Turkish Super League,football-data.co.uk
league_4930eb298c182be2,2022-02-05,SUPER_LIG,2021-22,LEAGUE,,Trabzonspor,Kasımpaşa SK,1,0,H,Turkey,Turkish Super League,football-data.co.uk
league_043e77f41fba20d6,2022-02-06,SUPER_LIG,2021-22,LEAGUE,,Alanyaspor,Galatasaray SK,1,1,D,Turkey,Turkish Super League,football-data.co.uk
league_daafed97035f48aa,2022-02-06,SUPER_LIG,2021-22,LEAGUE,,Beşiktaş JK,Antalyaspor,0,0,D,Turkey,Turkish Super League,football-data.co.uk
league_b432d81dd7eba13a,2022-02-06,SUPER_LIG,2021-22,LEAGUE,,Göztepe,Altay,0,2,A,Turkey,Turkish Super League,football-data.co.uk
league_4e3626119f5c0597,2022-02-06,SUPER_LIG,2021-22,LEAGUE,,Çaykur Rizespor,Ad. Demirspor,1,3,A,Turkey,Turkish Super League,football-data.co.uk
league_57aad3be50be0277,2022-02-11,SUPER_LIG,2021-22,LEAGUE,,Altay,Çaykur Rizespor,0,0,D,Turkey,Turkish Super League,football-data.co.uk
league_58454f127acf9cc9,2022-02-12,SUPER_LIG,2021-22,LEAGUE,,Buyuksehyr,Gaziantep FK,2,0,H,Turkey,Turkish Super League,football-data.co.uk
league_79784b78821625bb,2022-02-12,SUPER_LIG,2021-22,LEAGUE,,Galatasaray SK,Kayserispor,1,1,D,Turkey,Turkish Super League,football-data.co.uk
league_dc8a7e31911dc953,2022-02-12,SUPER_LIG,2021-22,LEAGUE,,Giresunspor,Fenerbahçe,1,2,A,Turkey,Turkish Super League,football-data.co.uk
league_b15c13707ab430e4,2022-02-13,SUPER_LIG,2021-22,LEAGUE,,Antalyaspor,Karagumruk,3,0,H,Turkey,Turkish Super League,football-data.co.uk
league_ae7c22d23266303f,2022-02-13,SUPER_LIG,2021-22,LEAGUE,,Kasımpaşa SK,Alanyaspor,2,2,D,Turkey,Turkish Super League,football-data.co.uk
league_a945b50285461954,2022-02-13,SUPER_LIG,2021-22,LEAGUE,,Sivasspor,Yeni Malatyaspor,2,1,H,Turkey,Turkish Super League,football-data.co.uk
league_afc5b912fea8677e,2022-02-13,SUPER_LIG,2021-22,LEAGUE,,Trabzonspor,Konyaspor,2,1,H,Turkey,Turkish Super League,football-data.co.uk
league_4fccb47ce754c2f5,2022-02-14,SUPER_LIG,2021-22,LEAGUE,,Ad. Demirspor,Beşiktaş JK,1,1,D,Turkey,Turkish Super League,football-data.co.uk
league_4fe96d8a85c57157,2022-02-14,SUPER_LIG,2021-22,LEAGUE,,Hatayspor,Göztepe,2,1,H,Turkey,Turkish Super League,football-data.co.uk
league_51de38bedae7778f,2022-02-18,SUPER_LIG,2021-22,LEAGUE,,Konyaspor,Kasımpaşa SK,4,4,D,Turkey,Turkish Super League,football-data.co.uk
league_6b1fb602d5ba0350,2022-02-18,SUPER_LIG,2021-22,LEAGUE,,Çaykur Rizespor,Buyuksehyr,0,2,A,Turkey,Turkish Super League,football-data.co.uk
league_9a091a487cc8b888,2022-02-19,SUPER_LIG,2021-22,LEAGUE,,Beşiktaş JK,Altay,1,0,H,Turkey,Turkish Super League,football-data.co.uk
league_eb30deaf261f09c6,2022-02-19,SUPER_LIG,2021-22,LEAGUE,,Kayserispor,Giresunspor,2,1,H,Turkey,Turkish Super League,football-data.co.uk
league_9fe271e7212857a5,2022-02-19,SUPER_LIG,2021-22,LEAGUE,,Yeni Malatyaspor,Antalyaspor,1,2,A,Turkey,Turkish Super League,football-data.co.uk
league_bf5a929eee3dd75a,2022-02-20,SUPER_LIG,2021-22,LEAGUE,,Alanyaspor,Trabzonspor,0,4,A,Turkey,Turkish Super League,football-data.co.uk
league_b222594bc98669cd,2022-02-20,SUPER_LIG,2021-22,LEAGUE,,Fenerbahçe,Hatayspor,2,0,H,Turkey,Turkish Super League,football-data.co.uk
league_1c386604ed4c2970,2022-02-20,SUPER_LIG,2021-22,LEAGUE,,Gaziantep FK,Ad. Demirspor,0,3,A,Turkey,Turkish Super League,football-data.co.uk
league_47fefa8acda31880,2022-02-20,SUPER_LIG,2021-22,LEAGUE,,Karagumruk,Sivasspor,1,0,H,Turkey,Turkish Super League,football-data.co.uk
league_c5b1f4d505f9f33c,2022-02-21,SUPER_LIG,2021-22,LEAGUE,,Göztepe,Galatasaray SK,2,3,A,Turkey,Turkish Super League,football-data.co.uk
league_95084975997f91a7,2022-02-22,SUPER_LIG,2021-22,LEAGUE,,Buyuksehyr,Konyaspor,2,1,H,Turkey,Turkish Super League,football-data.co.uk
league_f0f6d11c3e4fae92,2022-02-23,SUPER_LIG,2021-22,LEAGUE,,Gaziantep FK,Yeni Malatyaspor,0,0,D,Turkey,Turkish Super League,football-data.co.uk
league_d146cbb65ea4f62b,2022-02-25,SUPER_LIG,2021-22,LEAGUE,,Ad. Demirspor,Antalyaspor,0,0,D,Turkey,Turkish Super League,football-data.co.uk
league_0f96e96df0eb5db7,2022-02-25,SUPER_LIG,2021-22,LEAGUE,,Trabzonspor,Kayserispor,3,2,H,Turkey,Turkish Super League,football-data.co.uk
league_24d6afae91ead303,2022-02-26,SUPER_LIG,2021-22,LEAGUE,,Buyuksehyr,Karagumruk,1,2,A,Turkey,Turkish Super League,football-data.co.uk
league_4987e86c7e7be475,2022-02-26,SUPER_LIG,2021-22,LEAGUE,,Sivasspor,Beşiktaş JK,2,3,A,Turkey,Turkish Super League,football-data.co.uk
league_f8a1ed7b7dc204fe,2022-02-27,SUPER_LIG,2021-22,LEAGUE,,Alanyaspor,Konyaspor,5,1,H,Turkey,Turkish Super League,football-data.co.uk
league_0ce7427a7573f195,2022-02-27,SUPER_LIG,2021-22,LEAGUE,,Altay,Gaziantep FK,3,2,H,Turkey,Turkish Super League,football-data.co.uk
league_93d33a461ae44a86,2022-02-27,SUPER_LIG,2021-22,LEAGUE,,Galatasaray SK,Çaykur Rizespor,4,2,H,Turkey,Turkish Super League,football-data.co.uk
league_0170d77b8c37e386,2022-02-27,SUPER_LIG,2021-22,LEAGUE,,Giresunspor,Göztepe,3,1,H,Turkey,Turkish Super League,football-data.co.uk
league_d4a1fd42a949ec84,2022-02-27,SUPER_LIG,2021-22,LEAGUE,,Hatayspor,Yeni Malatyaspor,5,2,H,Turkey,Turkish Super League,football-data.co.uk
league_67d5a8d8752ca552,2022-02-28,SUPER_LIG,2021-22,LEAGUE,,Kasımpaşa SK,Fenerbahçe,1,2,A,Turkey,Turkish Super League,football-data.co.uk
league_b7947c59d24deb0f,2022-03-04,SUPER_LIG,2021-22,LEAGUE,,Yeni Malatyaspor,Ad. Demirspor,1,0,H,Turkey,Turkish Super League,football-data.co.uk
league_a3bd281b0163f5ce,2022-03-05,SUPER_LIG,2021-22,LEAGUE,,Göztepe,Kasımpaşa SK,2,3,A,Turkey,Turkish Super League,football-data.co.uk
league_7859dee04896dc0e,2022-03-05,SUPER_LIG,2021-22,LEAGUE,,Konyaspor,Galatasaray SK,2,0,H,Turkey,Turkish Super League,football-data.co.uk
league_a101da54cad4bfe2,2022-03-05,SUPER_LIG,2021-22,LEAGUE,,Çaykur Rizespor,Giresunspor,1,2,A,Turkey,Turkish Super League,football-data.co.uk
league_36b6828558cdfb5c,2022-03-06,SUPER_LIG,2021-22,LEAGUE,,Antalyaspor,Sivasspor,1,0,H,Turkey,Turkish Super League,football-data.co.uk
league_0b2d60c2942e2185,2022-03-06,SUPER_LIG,2021-22,LEAGUE,,Fenerbahçe,Trabzonspor,1,1,D,Turkey,Turkish Super League,football-data.co.uk
league_e26e0123cfcedadc,2022-03-06,SUPER_LIG,2021-22,LEAGUE,,Karagumruk,Altay,0,0,D,Turkey,Turkish Super League,football-data.co.uk
league_a6cf4147c2efc5b0,2022-03-07,SUPER_LIG,2021-22,LEAGUE,,Beşiktaş JK,Buyuksehyr,2,2,D,Turkey,Turkish Super League,football-data.co.uk
league_dfc658a797f8ebbc,2022-03-07,SUPER_LIG,2021-22,LEAGUE,,Gaziantep FK,Hatayspor,2,2,D,Turkey,Turkish Super League,football-data.co.uk
league_3961d722f024f12d,2022-03-07,SUPER_LIG,2021-22,LEAGUE,,Kayserispor,Alanyaspor,1,2,A,Turkey,Turkish Super League,football-data.co.uk
league_57d63b8eb0821881,2022-03-12,SUPER_LIG,2021-22,LEAGUE,,Altay,Yeni Malatyaspor,1,0,H,Turkey,Turkish Super League,football-data.co.uk
league_238c55670e10d947,2022-03-12,SUPER_LIG,2021-22,LEAGUE,,Hatayspor,Karagumruk,3,0,H,Turkey,Turkish Super League,football-data.co.uk
league_b1cca97b4c0f9119,2022-03-12,SUPER_LIG,2021-22,LEAGUE,,Kasımpaşa SK,Çaykur Rizespor,3,1,H,Turkey,Turkish Super League,football-data.co.uk
league_3b3f78e6a69287b6,2022-03-12,SUPER_LIG,2021-22,LEAGUE,,Trabzonspor,Göztepe,4,2,H,Turkey,Turkish Super League,football-data.co.uk
league_caa817284ab68f5b,2022-03-13,SUPER_LIG,2021-22,LEAGUE,,Ad. Demirspor,Sivasspor,2,3,A,Turkey,Turkish Super League,football-data.co.uk
league_584b6639dee5d729,2022-03-13,SUPER_LIG,2021-22,LEAGUE,,Alanyaspor,Fenerbahçe,2,5,A,Turkey,Turkish Super League,football-data.co.uk
league_4c92f6f92e7f10d1,2022-03-13,SUPER_LIG,2021-22,LEAGUE,,Kayserispor,Konyaspor,2,3,A,Turkey,Turkish Super League,football-data.co.uk
league_02c80d00aae35480,2022-03-14,SUPER_LIG,2021-22,LEAGUE,,Buyuksehyr,Antalyaspor,0,1,A,Turkey,Turkish Super League,football-data.co.uk
league_ab6a2329ba39db48,2022-03-14,SUPER_LIG,2021-22,LEAGUE,,Galatasaray SK,Beşiktaş JK,2,1,H,Turkey,Turkish Super League,football-data.co.uk
league_78093d71da808ff4,2022-03-14,SUPER_LIG,2021-22,LEAGUE,,Giresunspor,Gaziantep FK,2,1,H,Turkey,Turkish Super League,football-data.co.uk
league_230bbb95a18d051b,2022-03-18,SUPER_LIG,2021-22,LEAGUE,,Karagumruk,Kayserispor,3,0,H,Turkey,Turkish Super League,football-data.co.uk
league_eca6cf6217b0b59a,2022-03-18,SUPER_LIG,2021-22,LEAGUE,,Çaykur Rizespor,Trabzonspor,3,2,H,Turkey,Turkish Super League,football-data.co.uk
league_f266c3c72a6a4493,2022-03-19,SUPER_LIG,2021-22,LEAGUE,,Ad. Demirspor,Buyuksehyr,2,1,H,Turkey,Turkish Super League,football-data.co.uk
league_3a0c664ae91ddab8,2022-03-19,SUPER_LIG,2021-22,LEAGUE,,Beşiktaş JK,Hatayspor,1,1,D,Turkey,Turkish Super League,football-data.co.uk
league_aff014c949311db4,2022-03-19,SUPER_LIG,2021-22,LEAGUE,,Göztepe,Alanyaspor,0,2,A,Turkey,Turkish Super League,football-data.co.uk
league_ec775da3701e20da,2022-03-19,SUPER_LIG,2021-22,LEAGUE,,Yeni Malatyaspor,Kasımpaşa SK,0,2,A,Turkey,Turkish Super League,football-data.co.uk
league_f689023d187406ce,2022-03-20,SUPER_LIG,2021-22,LEAGUE,,Antalyaspor,Giresunspor,4,1,H,Turkey,Turkish Super League,football-data.co.uk
league_63efd0685feb865b,2022-03-20,SUPER_LIG,2021-22,LEAGUE,,Fenerbahçe,Konyaspor,2,1,H,Turkey,Turkish Super League,football-data.co.uk
league_27e4f55f4f3cd7cb,2022-03-20,SUPER_LIG,2021-22,LEAGUE,,Gaziantep FK,Galatasaray SK,3,1,H,Turkey,Turkish Super League,football-data.co.uk
league_575d6ce3e6c39569,2022-03-20,SUPER_LIG,2021-22,LEAGUE,,Sivasspor,Altay,2,1,H,Turkey,Turkish Super League,football-data.co.uk
league_37c0cbba24bbde6c,2022-04-02,SUPER_LIG,2021-22,LEAGUE,,Altay,Antalyaspor,1,2,A,Turkey,Turkish Super League,football-data.co.uk
league_d1420066306c2023,2022-04-02,SUPER_LIG,2021-22,LEAGUE,,Galatasaray SK,Karagumruk,2,0,H,Turkey,Turkish Super League,football-data.co.uk
league_f48742d3bc032791,2022-04-02,SUPER_LIG,2021-22,LEAGUE,,Giresunspor,Sivasspor,2,2,D,Turkey,Turkish Super League,football-data.co.uk
league_ceabcecb82e1c3d9,2022-04-02,SUPER_LIG,2021-22,LEAGUE,,Kayserispor,Fenerbahçe,0,4,A,Turkey,Turkish Super League,football-data.co.uk
league_720396ab549603bf,2022-04-03,SUPER_LIG,2021-22,LEAGUE,,Alanyaspor,Çaykur Rizespor,2,1,H,Turkey,Turkish Super League,football-data.co.uk
league_f047d60ae7b130b0,2022-04-03,SUPER_LIG,2021-22,LEAGUE,,Kasımpaşa SK,Gaziantep FK,2,1,H,Turkey,Turkish Super League,football-data.co.uk
league_f8fd92642df8fa00,2022-04-03,SUPER_LIG,2021-22,LEAGUE,,Konyaspor,Göztepe,3,0,H,Turkey,Turkish Super League,football-data.co.uk
league_78f12de2343af3c4,2022-04-03,SUPER_LIG,2021-22,LEAGUE,,Trabzonspor,Beşiktaş JK,1,1,D,Turkey,Turkish Super League,football-data.co.uk
league_2c267e202895a881,2022-04-04,SUPER_LIG,2021-22,LEAGUE,,Buyuksehyr,Yeni Malatyaspor,1,0,H,Turkey,Turkish Super League,football-data.co.uk
league_a4732777bdc9efa9,2022-04-04,SUPER_LIG,2021-22,LEAGUE,,Hatayspor,Ad. Demirspor,0,0,D,Turkey,Turkish Super League,football-data.co.uk
league_0172f114d7562723,2022-04-09,SUPER_LIG,2021-22,LEAGUE,,Beşiktaş JK,Alanyaspor,4,1,H,Turkey,Turkish Super League,football-data.co.uk
league_486b17ae9e0dc84b,2022-04-09,SUPER_LIG,2021-22,LEAGUE,,Gaziantep FK,Trabzonspor,0,0,D,Turkey,Turkish Super League,football-data.co.uk
league_84bc429389825721,2022-04-09,SUPER_LIG,2021-22,LEAGUE,,Göztepe,Kayserispor,1,2,A,Turkey,Turkish Super League,football-data.co.uk
league_0530369207733366,2022-04-09,SUPER_LIG,2021-22,LEAGUE,,Karagumruk,Kasımpaşa SK,3,2,H,Turkey,Turkish Super League,football-data.co.uk
league_b0d26c06a48a96b2,2022-04-09,SUPER_LIG,2021-22,LEAGUE,,Çaykur Rizespor,Konyaspor,2,1,H,Turkey,Turkish Super League,football-data.co.uk
league_02c68d2b80d02360,2022-04-10,SUPER_LIG,2021-22,LEAGUE,,Ad. Demirspor,Altay,3,1,H,Turkey,Turkish Super League,football-data.co.uk
league_9c52789386fcc7f1,2022-04-10,SUPER_LIG,2021-22,LEAGUE,,Fenerbahçe,Galatasaray SK,2,0,H,Turkey,Turkish Super League,football-data.co.uk
league_ec18361ef2cd88d5,2022-04-10,SUPER_LIG,2021-22,LEAGUE,,Sivasspor,Buyuksehyr,0,2,A,Turkey,Turkish Super League,football-data.co.uk
league_6d9946de32ea54f0,2022-04-10,SUPER_LIG,2021-22,LEAGUE,,Yeni Malatyaspor,Giresunspor,0,1,A,Turkey,Turkish Super League,football-data.co.uk
league_fecf56f4a009ab50,2022-04-11,SUPER_LIG,2021-22,LEAGUE,,Antalyaspor,Hatayspor,4,1,H,Turkey,Turkish Super League,football-data.co.uk
league_07199dd707e331f8,2022-04-15,SUPER_LIG,2021-22,LEAGUE,,Kayserispor,Çaykur Rizespor,1,1,D,Turkey,Turkish Super League,football-data.co.uk
league_04b9905c90595c69,2022-04-15,SUPER_LIG,2021-22,LEAGUE,,Trabzonspor,Karagumruk,1,1,D,Turkey,Turkish Super League,football-data.co.uk
league_6d43c207f8532d14,2022-04-16,SUPER_LIG,2021-22,LEAGUE,,Alanyaspor,Antalyaspor,1,3,A,Turkey,Turkish Super League,football-data.co.uk
league_916165464d8f8f38,2022-04-16,SUPER_LIG,2021-22,LEAGUE,,Altay,Buyuksehyr,1,1,D,Turkey,Turkish Super League,football-data.co.uk
league_428c12633a288e06,2022-04-16,SUPER_LIG,2021-22,LEAGUE,,Fenerbahçe,Göztepe,2,0,H,Turkey,Turkish Super League,football-data.co.uk
league_56fe8471a6f59c0b,2022-04-16,SUPER_LIG,2021-22,LEAGUE,,Hatayspor,Sivasspor,1,1,D,Turkey,Turkish Super League,football-data.co.uk
league_785bfa018169cdf2,2022-04-17,SUPER_LIG,2021-22,LEAGUE,,Giresunspor,Beşiktaş JK,0,0,D,Turkey,Turkish Super League,football-data.co.uk
league_f8369a92ac8cb654,2022-04-17,SUPER_LIG,2021-22,LEAGUE,,Kasımpaşa SK,Ad. Demirspor,4,0,H,Turkey,Turkish Super League,football-data.co.uk
league_60cce0a6d70f0414,2022-04-17,SUPER_LIG,2021-22,LEAGUE,,Konyaspor,Gaziantep FK,4,1,H,Turkey,Turkish Super League,football-data.co.uk
league_ccdf2d4cb0fc3a60,2022-04-18,SUPER_LIG,2021-22,LEAGUE,,Galatasaray SK,Yeni Malatyaspor,2,0,H,Turkey,Turkish Super League,football-data.co.uk
league_f73b0b61935e2b25,2022-04-22,SUPER_LIG,2021-22,LEAGUE,,Çaykur Rizespor,Fenerbahçe,0,6,A,Turkey,Turkish Super League,football-data.co.uk
league_e349d5a0ddf89ca7,2022-04-23,SUPER_LIG,2021-22,LEAGUE,,Ad. Demirspor,Trabzonspor,1,3,A,Turkey,Turkish Super League,football-data.co.uk
league_d98226bc6c8a311f,2022-04-23,SUPER_LIG,2021-22,LEAGUE,,Gaziantep FK,Göztepe,1,1,D,Turkey,Turkish Super League,football-data.co.uk
league_1adea1ffba5ffd34,2022-04-23,SUPER_LIG,2021-22,LEAGUE,,Karagumruk,Giresunspor,2,1,H,Turkey,Turkish Super League,football-data.co.uk
league_7734973765f11a9a,2022-04-24,SUPER_LIG,2021-22,LEAGUE,,Altay,Galatasaray SK,0,1,A,Turkey,Turkish Super League,football-data.co.uk
league_e0c1ed941e3acedd,2022-04-24,SUPER_LIG,2021-22,LEAGUE,,Antalyaspor,Kayserispor,1,1,D,Turkey,Turkish Super League,football-data.co.uk
league_db710418a7f57b00,2022-04-24,SUPER_LIG,2021-22,LEAGUE,,Buyuksehyr,Hatayspor,3,0,H,Turkey,Turkish Super League,football-data.co.uk
league_1387c63c531ed506,2022-04-24,SUPER_LIG,2021-22,LEAGUE,,Yeni Malatyaspor,Konyaspor,2,3,A,Turkey,Turkish Super League,football-data.co.uk
league_014aa5d41946965a,2022-04-25,SUPER_LIG,2021-22,LEAGUE,,Beşiktaş JK,Kasımpaşa SK,0,3,A,Turkey,Turkish Super League,football-data.co.uk
league_a6aa321bd67665fc,2022-04-25,SUPER_LIG,2021-22,LEAGUE,,Sivasspor,Alanyaspor,1,0,H,Turkey,Turkish Super League,football-data.co.uk
league_eda3d41e95123b51,2022-04-29,SUPER_LIG,2021-22,LEAGUE,,Fenerbahçe,Gaziantep FK,3,2,H,Turkey,Turkish Super League,football-data.co.uk
league_729dc4da7380c61c,2022-04-29,SUPER_LIG,2021-22,LEAGUE,,Giresunspor,Ad. Demirspor,2,0,H,Turkey,Turkish Super League,football-data.co.uk
league_adc937e72709a855,2022-04-30,SUPER_LIG,2021-22,LEAGUE,,Hatayspor,Altay,0,1,A,Turkey,Turkish Super League,football-data.co.uk
league_4766edfc9e56554d,2022-04-30,SUPER_LIG,2021-22,LEAGUE,,Kasımpaşa SK,Buyuksehyr,2,3,A,Turkey,Turkish Super League,football-data.co.uk
league_990f05bbdb3de4f9,2022-04-30,SUPER_LIG,2021-22,LEAGUE,,Konyaspor,Karagumruk,1,2,A,Turkey,Turkish Super League,football-data.co.uk
league_79aa90b8a4923502,2022-04-30,SUPER_LIG,2021-22,LEAGUE,,Trabzonspor,Antalyaspor,2,2,D,Turkey,Turkish Super League,football-data.co.uk
league_d6d467e22b7d1dce,2022-05-01,SUPER_LIG,2021-22,LEAGUE,,Alanyaspor,Yeni Malatyaspor,2,1,H,Turkey,Turkish Super League,football-data.co.uk
league_b6694f2d90accd15,2022-05-01,SUPER_LIG,2021-22,LEAGUE,,Galatasaray SK,Sivasspor,2,3,A,Turkey,Turkish Super League,football-data.co.uk
league_30d1c33f3af4da37,2022-05-01,SUPER_LIG,2021-22,LEAGUE,,Göztepe,Çaykur Rizespor,1,7,A,Turkey,Turkish Super League,football-data.co.uk
league_5fb8edd7c5b58dc0,2022-05-01,SUPER_LIG,2021-22,LEAGUE,,Kayserispor,Beşiktaş JK,2,3,A,Turkey,Turkish Super League,football-data.co.uk
league_fbc56dfcd7d80891,2022-05-06,SUPER_LIG,2021-22,LEAGUE,,Gaziantep FK,Kayserispor,1,1,D,Turkey,Turkish Super League,football-data.co.uk
league_a44251585ee309d1,2022-05-06,SUPER_LIG,2021-22,LEAGUE,,Hatayspor,Trabzonspor,1,1,D,Turkey,Turkish Super League,football-data.co.uk
league_62aa7065e516221c,2022-05-07,SUPER_LIG,2021-22,LEAGUE,,Ad. Demirspor,Alanyaspor,1,2,A,Turkey,Turkish Super League,football-data.co.uk
league_bd1cd2fe8487f235,2022-05-07,SUPER_LIG,2021-22,LEAGUE,,Buyuksehyr,Galatasaray SK,0,0,D,Turkey,Turkish Super League,football-data.co.uk
league_1d54a33cd9f55b83,2022-05-07,SUPER_LIG,2021-22,LEAGUE,,Karagumruk,Göztepe,3,1,H,Turkey,Turkish Super League,football-data.co.uk
league_1dba6b97930846c5,2022-05-07,SUPER_LIG,2021-22,LEAGUE,,Sivasspor,Kasımpaşa SK,1,3,A,Turkey,Turkish Super League,football-data.co.uk
league_a8cd92cba57ca95a,2022-05-08,SUPER_LIG,2021-22,LEAGUE,,Altay,Giresunspor,1,1,D,Turkey,Turkish Super League,football-data.co.uk
league_ae4cb13f00643add,2022-05-08,SUPER_LIG,2021-22,LEAGUE,,Beşiktaş JK,Fenerbahçe,1,1,D,Turkey,Turkish Super League,football-data.co.uk
league_1cfa30dc1705570d,2022-05-08,SUPER_LIG,2021-22,LEAGUE,,Yeni Malatyaspor,Çaykur Rizespor,1,3,A,Turkey,Turkish Super League,football-data.co.uk
league_c9978536641802bc,2022-05-09,SUPER_LIG,2021-22,LEAGUE,,Antalyaspor,Konyaspor,3,2,H,Turkey,Turkish Super League,football-data.co.uk
league_57f6288b793b0718,2022-05-14,SUPER_LIG,2021-22,LEAGUE,,Kayserispor,Yeni Malatyaspor,3,0,H,Turkey,Turkish Super League,football-data.co.uk
league_c01e306a15d898ae,2022-05-15,SUPER_LIG,2021-22,LEAGUE,,Alanyaspor,Gaziantep FK,3,0,H,Turkey,Turkish Super League,football-data.co.uk
league_9d1da967e756b436,2022-05-15,SUPER_LIG,2021-22,LEAGUE,,Fenerbahçe,Karagumruk,0,0,D,Turkey,Turkish Super League,football-data.co.uk
league_15bc0a9ea68fc772,2022-05-15,SUPER_LIG,2021-22,LEAGUE,,Giresunspor,Buyuksehyr,1,1,D,Turkey,Turkish Super League,football-data.co.uk
league_a602d316b574dd52,2022-05-15,SUPER_LIG,2021-22,LEAGUE,,Göztepe,Beşiktaş JK,0,2,A,Turkey,Turkish Super League,football-data.co.uk
league_f31bdd1ba8e6f275,2022-05-15,SUPER_LIG,2021-22,LEAGUE,,Kasımpaşa SK,Antalyaspor,2,4,A,Turkey,Turkish Super League,football-data.co.uk
league_f3870318d1eaeef3,2022-05-15,SUPER_LIG,2021-22,LEAGUE,,Konyaspor,Hatayspor,3,1,H,Turkey,Turkish Super League,football-data.co.uk
league_c46ef6f16a114274,2022-05-15,SUPER_LIG,2021-22,LEAGUE,,Trabzonspor,Altay,2,1,H,Turkey,Turkish Super League,football-data.co.uk
league_b7f05b5c65285720,2022-05-16,SUPER_LIG,2021-22,LEAGUE,,Galatasaray SK,Ad. Demirspor,3,2,H,Turkey,Turkish Super League,football-data.co.uk
league_7c80e83785fa2e7c,2022-05-16,SUPER_LIG,2021-22,LEAGUE,,Çaykur Rizespor,Sivasspor,1,2,A,Turkey,Turkish Super League,football-data.co.uk
league_b8d04d106942ff3c,2022-05-20,SUPER_LIG,2021-22,LEAGUE,,Antalyaspor,Galatasaray SK,1,1,D,Turkey,Turkish Super League,football-data.co.uk
league_549fbead62595e83,2022-05-20,SUPER_LIG,2021-22,LEAGUE,,Gaziantep FK,Çaykur Rizespor,2,0,H,Turkey,Turkish Super League,football-data.co.uk
league_56ae2195861e0cf1,2022-05-21,SUPER_LIG,2021-22,LEAGUE,,Altay,Kasımpaşa SK,2,4,A,Turkey,Turkish Super League,football-data.co.uk
league_0097e5bfd6d513a8,2022-05-21,SUPER_LIG,2021-22,LEAGUE,,Beşiktaş JK,Konyaspor,1,1,D,Turkey,Turkish Super League,football-data.co.uk
league_74116b8b3171e5b1,2022-05-21,SUPER_LIG,2021-22,LEAGUE,,Sivasspor,Kayserispor,2,1,H,Turkey,Turkish Super League,football-data.co.uk
league_41b70e0996c8bde1,2022-05-21,SUPER_LIG,2021-22,LEAGUE,,Yeni Malatyaspor,Fenerbahçe,0,5,A,Turkey,Turkish Super League,football-data.co.uk
league_f212dae02d6460b9,2022-05-22,SUPER_LIG,2021-22,LEAGUE,,Ad. Demirspor,Göztepe,7,0,H,Turkey,Turkish Super League,football-data.co.uk
league_cd828e54425821f9,2022-05-22,SUPER_LIG,2021-22,LEAGUE,,Buyuksehyr,Trabzonspor,3,1,H,Turkey,Turkish Super League,football-data.co.uk
league_aaaa3aca53c07ee8,2022-05-22,SUPER_LIG,2021-22,LEAGUE,,Hatayspor,Giresunspor,4,1,H,Turkey,Turkish Super League,football-data.co.uk
league_1012d85f3cbf25b6,2022-05-22,SUPER_LIG,2021-22,LEAGUE,,Karagumruk,Alanyaspor,0,1,A,Turkey,Turkish Super League,football-data.co.uk
league_a4413e4ffd04ea8c,2022-08-05,SUPER_LIG,2022-23,LEAGUE,,Istanbulspor,Trabzonspor,0,2,A,Turkey,Turkish Super League,football-data.co.uk
league_71e6f0ca65279334,2022-08-06,SUPER_LIG,2022-23,LEAGUE,,Beşiktaş JK,Kayserispor,1,0,H,Turkey,Turkish Super League,football-data.co.uk
league_5644f1900efc9083,2022-08-06,SUPER_LIG,2022-23,LEAGUE,,Sivasspor,Gaziantep FK,1,1,D,Turkey,Turkish Super League,football-data.co.uk
league_2ddd52d5c46dea74,2022-08-07,SUPER_LIG,2022-23,LEAGUE,,Antalyaspor,Galatasaray SK,0,1,A,Turkey,Turkish Super League,football-data.co.uk
league_1ec59c3bfcd75aa5,2022-08-07,SUPER_LIG,2022-23,LEAGUE,,Giresunspor,Ad. Demirspor,2,3,A,Turkey,Turkish Super League,football-data.co.uk
league_bcb7688c0bee9959,2022-08-07,SUPER_LIG,2022-23,LEAGUE,,Karagumruk,Alanyaspor,2,4,A,Turkey,Turkish Super League,football-data.co.uk
league_c79a9b2dafda09a9,2022-08-08,SUPER_LIG,2022-23,LEAGUE,,Ankaragucu,Konyaspor,0,0,D,Turkey,Turkish Super League,football-data.co.uk
league_d42feca6ebded5d7,2022-08-08,SUPER_LIG,2022-23,LEAGUE,,Buyuksehyr,Kasımpaşa SK,4,0,H,Turkey,Turkish Super League,football-data.co.uk
league_33c6c8d273e6621f,2022-08-08,SUPER_LIG,2022-23,LEAGUE,,Fenerbahçe,Umraniyespor,3,3,D,Turkey,Turkish Super League,football-data.co.uk
league_83b4decb3eb507fc,2022-08-12,SUPER_LIG,2022-23,LEAGUE,,Trabzonspor,Hatayspor,1,0,H,Turkey,Turkish Super League,football-data.co.uk
league_4aa983e44d398fc7,2022-08-13,SUPER_LIG,2022-23,LEAGUE,,Ad. Demirspor,Sivasspor,3,0,H,Turkey,Turkish Super League,football-data.co.uk
league_1e3d87e9b0d4f267,2022-08-13,SUPER_LIG,2022-23,LEAGUE,,Galatasaray SK,Giresunspor,0,1,A,Turkey,Turkish Super League,football-data.co.uk
league_2bafd5cd1d1b51cb,2022-08-13,SUPER_LIG,2022-23,LEAGUE,,Kayserispor,Istanbulspor,1,0,H,Turkey,Turkish Super League,football-data.co.uk
league_c8a722788d192a61,2022-08-14,SUPER_LIG,2022-23,LEAGUE,,Alanyaspor,Beşiktaş JK,3,3,D,Turkey,Turkish Super League,football-data.co.uk
league_3d246a15f1f9e713,2022-08-14,SUPER_LIG,2022-23,LEAGUE,,Gaziantep FK,Ankaragucu,1,0,H,Turkey,Turkish Super League,football-data.co.uk
league_ad14c54a9401a137,2022-08-14,SUPER_LIG,2022-23,LEAGUE,,Umraniyespor,Antalyaspor,0,1,A,Turkey,Turkish Super League,football-data.co.uk
league_527102da6a5cc856,2022-08-15,SUPER_LIG,2022-23,LEAGUE,,Kasımpaşa SK,Fenerbahçe,0,6,A,Turkey,Turkish Super League,football-data.co.uk
league_0a5c51e9a635a8f3,2022-08-15,SUPER_LIG,2022-23,LEAGUE,,Konyaspor,Buyuksehyr,0,0,D,Turkey,Turkish Super League,football-data.co.uk
league_b7729c238faddc1f,2022-08-19,SUPER_LIG,2022-23,LEAGUE,,Umraniyespor,Galatasaray SK,0,1,A,Turkey,Turkish Super League,football-data.co.uk
league_bbe36796a1843eff,2022-08-20,SUPER_LIG,2022-23,LEAGUE,,Antalyaspor,Trabzonspor,5,2,H,Turkey,Turkish Super League,football-data.co.uk
league_70e2f645195dcde7,2022-08-20,SUPER_LIG,2022-23,LEAGUE,,Giresunspor,Kasımpaşa SK,1,0,H,Turkey,Turkish Super League,football-data.co.uk
league_bc1811da2bfd45b8,2022-08-20,SUPER_LIG,2022-23,LEAGUE,,Hatayspor,Gaziantep FK,1,2,A,Turkey,Turkish Super League,football-data.co.uk
league_40b189174c329cce,2022-08-21,SUPER_LIG,2022-23,LEAGUE,,Beşiktaş JK,Karagumruk,4,1,H,Turkey,Turkish Super League,football-data.co.uk
league_b80c21f501180593,2022-08-21,SUPER_LIG,2022-23,LEAGUE,,Buyuksehyr,Kayserispor,2,0,H,Turkey,Turkish Super League,football-data.co.uk
league_10be500d0fd0d3e7,2022-08-22,SUPER_LIG,2022-23,LEAGUE,,Fenerbahçe,Ad. Demirspor,4,2,H,Turkey,Turkish Super League,football-data.co.uk
league_3d5f9f1ec69ff4cc,2022-08-22,SUPER_LIG,2022-23,LEAGUE,,Istanbulspor,Konyaspor,0,4,A,Turkey,Turkish Super League,football-data.co.uk
league_e482dfceb48b3872,2022-08-22,SUPER_LIG,2022-23,LEAGUE,,Sivasspor,Alanyaspor,1,1,D,Turkey,Turkish Super League,football-data.co.uk
league_748d1e8e26df798e,2022-08-26,SUPER_LIG,2022-23,LEAGUE,,Gaziantep FK,Antalyaspor,5,2,H,Turkey,Turkish Super League,football-data.co.uk
league_bc40f3cc52a61a18,2022-08-27,SUPER_LIG,2022-23,LEAGUE,,Ad. Demirspor,Umraniyespor,1,0,H,Turkey,Turkish Super League,football-data.co.uk
league_0d741995c43a9990,2022-08-27,SUPER_LIG,2022-23,LEAGUE,,Alanyaspor,Istanbulspor,0,1,A,Turkey,Turkish Super League,football-data.co.uk
league_09a669b247fbf8ff,2022-08-27,SUPER_LIG,2022-23,LEAGUE,,Karagumruk,Ankaragucu,4,1,H,Turkey,Turkish Super League,football-data.co.uk
league_8ef457f23663703e,2022-08-28,SUPER_LIG,2022-23,LEAGUE,,Kasımpaşa SK,Hatayspor,1,0,H,Turkey,Turkish Super League,football-data.co.uk
league_6e4dbf534788eb81,2022-08-28,SUPER_LIG,2022-23,LEAGUE,,Kayserispor,Giresunspor,3,0,H,Turkey,Turkish Super League,football-data.co.uk
league_8a7d6c495effd2a5,2022-08-28,SUPER_LIG,2022-23,LEAGUE,,Trabzonspor,Galatasaray SK,0,0,D,Turkey,Turkish Super League,football-data.co.uk
league_d523e21f77ab72d0,2022-08-29,SUPER_LIG,2022-23,LEAGUE,,Beşiktaş JK,Sivasspor,3,1,H,Turkey,Turkish Super League,football-data.co.uk
league_e6406b199d90c99a,2022-08-29,SUPER_LIG,2022-23,LEAGUE,,Konyaspor,Fenerbahçe,1,0,H,Turkey,Turkish Super League,football-data.co.uk
league_f8a8b9d52f0a3c8b,2022-09-02,SUPER_LIG,2022-23,LEAGUE,,Umraniyespor,Trabzonspor,0,1,A,Turkey,Turkish Super League,football-data.co.uk
league_c31efd704dea063f,2022-09-03,SUPER_LIG,2022-23,LEAGUE,,Buyuksehyr,Alanyaspor,2,0,H,Turkey,Turkish Super League,football-data.co.uk
league_873258e7cfe47074,2022-09-03,SUPER_LIG,2022-23,LEAGUE,,Fenerbahçe,Kayserispor,2,0,H,Turkey,Turkish Super League,football-data.co.uk
league_70a0c16af1baa483,2022-09-03,SUPER_LIG,2022-23,LEAGUE,,Giresunspor,Konyaspor,0,1,A,Turkey,Turkish Super League,football-data.co.uk
league_1784838707477f53,2022-09-03,SUPER_LIG,2022-23,LEAGUE,,Sivasspor,Karagumruk,0,0,D,Turkey,Turkish Super League,football-data.co.uk
league_278fb0df7d2e45ad,2022-09-04,SUPER_LIG,2022-23,LEAGUE,,Ankaragucu,Beşiktaş JK,2,3,A,Turkey,Turkish Super League,football-data.co.uk
league_a4d281bafe527756,2022-09-04,SUPER_LIG,2022-23,LEAGUE,,Antalyaspor,Kasımpaşa SK,0,2,A,Turkey,Turkish Super League,football-data.co.uk
league_7d0a4b7a46cbfb6a,2022-09-04,SUPER_LIG,2022-23,LEAGUE,,Hatayspor,Ad. Demirspor,1,1,D,Turkey,Turkish Super League,football-data.co.uk
league_62f42168da9bbe90,2022-09-05,SUPER_LIG,2022-23,LEAGUE,,Galatasaray SK,Gaziantep FK,2,1,H,Turkey,Turkish Super League,football-data.co.uk
league_097deed8e76838ab,2022-09-09,SUPER_LIG,2022-23,LEAGUE,,Alanyaspor,Ankaragucu,2,1,H,Turkey,Turkish Super League,football-data.co.uk
league_8af4ebdadce34a04,2022-09-10,SUPER_LIG,2022-23,LEAGUE,,Karagumruk,Giresunspor,1,1,D,Turkey,Turkish Super League,football-data.co.uk
league_1d093216195e6037,2022-09-10,SUPER_LIG,2022-23,LEAGUE,,Konyaspor,Hatayspor,1,0,H,Turkey,Turkish Super League,football-data.co.uk
league_5749997f95a8ae0e,2022-09-11,SUPER_LIG,2022-23,LEAGUE,,Gaziantep FK,Umraniyespor,1,1,D,Turkey,Turkish Super League,football-data.co.uk
league_406ab5fcedc59c5d,2022-09-11,SUPER_LIG,2022-23,LEAGUE,,Kasımpaşa SK,Galatasaray SK,2,3,A,Turkey,Turkish Super League,football-data.co.uk
league_62c3428c7fafa920,2022-09-11,SUPER_LIG,2022-23,LEAGUE,,Kayserispor,Antalyaspor,1,0,H,Turkey,Turkish Super League,football-data.co.uk
league_313c0df153493244,2022-09-11,SUPER_LIG,2022-23,LEAGUE,,Sivasspor,Istanbulspor,1,1,D,Turkey,Turkish Super League,football-data.co.uk
league_57799af50ac21812,2022-09-12,SUPER_LIG,2022-23,LEAGUE,,Ad. Demirspor,Trabzonspor,3,2,H,Turkey,Turkish Super League,football-data.co.uk
league_023ed691263b644e,2022-09-12,SUPER_LIG,2022-23,LEAGUE,,Beşiktaş JK,Buyuksehyr,0,1,A,Turkey,Turkish Super League,football-data.co.uk
league_797f60c00c396b3d,2022-09-16,SUPER_LIG,2022-23,LEAGUE,,Galatasaray SK,Konyaspor,2,1,H,Turkey,Turkish Super League,football-data.co.uk
league_7243b12645d97b61,2022-09-16,SUPER_LIG,2022-23,LEAGUE,,Hatayspor,Kayserispor,0,4,A,Turkey,Turkish Super League,football-data.co.uk
league_d3d908c78cbd91b2,2022-09-17,SUPER_LIG,2022-23,LEAGUE,,Antalyaspor,Ad. Demirspor,0,3,A,Turkey,Turkish Super League,football-data.co.uk
league_3617489e532bc1cd,2022-09-17,SUPER_LIG,2022-23,LEAGUE,,Istanbulspor,Beşiktaş JK,2,2,D,Turkey,Turkish Super League,football-data.co.uk
league_8d6443832d7af836,2022-09-17,SUPER_LIG,2022-23,LEAGUE,,Umraniyespor,Kasımpaşa SK,1,2,A,Turkey,Turkish Super League,football-data.co.uk
league_587b58a74054078b,2022-09-18,SUPER_LIG,2022-23,LEAGUE,,Ankaragucu,Sivasspor,2,1,H,Turkey,Turkish Super League,football-data.co.uk
league_66be5135ba4b8947,2022-09-18,SUPER_LIG,2022-23,LEAGUE,,Buyuksehyr,Karagumruk,0,0,D,Turkey,Turkish Super League,football-data.co.uk
league_e50130f5369e60dd,2022-09-18,SUPER_LIG,2022-23,LEAGUE,,Fenerbahçe,Alanyaspor,5,0,H,Turkey,Turkish Super League,football-data.co.uk
league_bc3c92861578bde4,2022-09-18,SUPER_LIG,2022-23,LEAGUE,,Trabzonspor,Gaziantep FK,3,2,H,Turkey,Turkish Super League,football-data.co.uk
league_20b4a9f553a17b71,2022-10-01,SUPER_LIG,2022-23,LEAGUE,,Ad. Demirspor,Galatasaray SK,0,0,D,Turkey,Turkish Super League,football-data.co.uk
league_03e2d1b455c521ec,2022-10-01,SUPER_LIG,2022-23,LEAGUE,,Ankaragucu,Buyuksehyr,1,2,A,Turkey,Turkish Super League,football-data.co.uk
league_00504fd27b1f44b1,2022-10-01,SUPER_LIG,2022-23,LEAGUE,,Kasımpaşa SK,Gaziantep FK,1,0,H,Turkey,Turkish Super League,football-data.co.uk
league_43ecf5685818410b,2022-10-01,SUPER_LIG,2022-23,LEAGUE,,Kayserispor,Trabzonspor,1,2,A,Turkey,Turkish Super League,football-data.co.uk
league_ba44c6a80e281d58,2022-10-02,SUPER_LIG,2022-23,LEAGUE,,Alanyaspor,Giresunspor,1,1,D,Turkey,Turkish Super League,football-data.co.uk
league_9e73d3ca3ca89570,2022-10-02,SUPER_LIG,2022-23,LEAGUE,,Beşiktaş JK,Fenerbahçe,0,0,D,Turkey,Turkish Super League,football-data.co.uk
league_4ee2e0529a29f565,2022-10-02,SUPER_LIG,2022-23,LEAGUE,,Konyaspor,Umraniyespor,1,0,H,Turkey,Turkish Super League,football-data.co.uk
league_48b645bcb946953a,2022-10-02,SUPER_LIG,2022-23,LEAGUE,,Sivasspor,Hatayspor,1,2,A,Turkey,Turkish Super League,football-data.co.uk
league_f504c47bafb6199a,2022-10-03,SUPER_LIG,2022-23,LEAGUE,,Karagumruk,Istanbulspor,1,2,A,Turkey,Turkish Super League,football-data.co.uk
league_7a75bc0cc5e3f76c,2022-10-07,SUPER_LIG,2022-23,LEAGUE,,Gaziantep FK,Ad. Demirspor,1,1,D,Turkey,Turkish Super League,football-data.co.uk
league_be7b4788974a00aa,2022-10-08,SUPER_LIG,2022-23,LEAGUE,,Antalyaspor,Konyaspor,1,1,D,Turkey,Turkish Super League,football-data.co.uk
league_e116bb035dffe3ac,2022-10-08,SUPER_LIG,2022-23,LEAGUE,,Giresunspor,Beşiktaş JK,0,1,A,Turkey,Turkish Super League,football-data.co.uk
league_9ae4bb06e64f0bc6,2022-10-08,SUPER_LIG,2022-23,LEAGUE,,Istanbulspor,Ankaragucu,1,2,A,Turkey,Turkish Super League,football-data.co.uk
league_3fc2c3b4b0a067e7,2022-10-09,SUPER_LIG,2022-23,LEAGUE,,Fenerbahçe,Karagumruk,5,4,H,Turkey,Turkish Super League,football-data.co.uk
league_2b6960e1f2205d55,2022-10-09,SUPER_LIG,2022-23,LEAGUE,,Hatayspor,Alanyaspor,1,0,H,Turkey,Turkish Super League,football-data.co.uk
league_971199f47f722b74,2022-10-09,SUPER_LIG,2022-23,LEAGUE,,Umraniyespor,Kayserispor,2,2,D,Turkey,Turkish Super League,football-data.co.uk
league_aae33978f0105be4,2022-10-10,SUPER_LIG,2022-23,LEAGUE,,Buyuksehyr,Sivasspor,0,2,A,Turkey,Turkish Super League,football-data.co.uk
league_11c95bf1febff627,2022-10-10,SUPER_LIG,2022-23,LEAGUE,,Trabzonspor,Kasımpaşa SK,0,0,D,Turkey,Turkish Super League,football-data.co.uk
league_a2b36f6edab1db7d,2022-10-14,SUPER_LIG,2022-23,LEAGUE,,Alanyaspor,Antalyaspor,3,2,H,Turkey,Turkish Super League,football-data.co.uk
league_b44075c48e39ff42,2022-10-15,SUPER_LIG,2022-23,LEAGUE,,Karagumruk,Hatayspor,3,0,H,Turkey,Turkish Super League,football-data.co.uk
league_bcddf8864e747530,2022-10-15,SUPER_LIG,2022-23,LEAGUE,,Kasımpaşa SK,Ad. Demirspor,1,4,A,Turkey,Turkish Super League,football-data.co.uk
league_d407c35ad725c405,2022-10-15,SUPER_LIG,2022-23,LEAGUE,,Kayserispor,Galatasaray SK,2,1,H,Turkey,Turkish Super League,football-data.co.uk
league_084d00f04184f2c1,2022-10-15,SUPER_LIG,2022-23,LEAGUE,,Konyaspor,Gaziantep FK,0,1,A,Turkey,Turkish Super League,football-data.co.uk
league_0df47a16e12f5d4b,2022-10-16,SUPER_LIG,2022-23,LEAGUE,,Beşiktaş JK,Trabzonspor,2,2,D,Turkey,Turkish Super League,football-data.co.uk
league_79ddc8b3f0e084e8,2022-10-16,SUPER_LIG,2022-23,LEAGUE,,Buyuksehyr,Istanbulspor,2,0,H,Turkey,Turkish Super League,football-data.co.uk
league_070a3ee2e730ec13,2022-10-17,SUPER_LIG,2022-23,LEAGUE,,Ankaragucu,Fenerbahçe,0,3,A,Turkey,Turkish Super League,football-data.co.uk
league_fed1d74790db37e7,2022-10-17,SUPER_LIG,2022-23,LEAGUE,,Sivasspor,Giresunspor,3,0,H,Turkey,Turkish Super League,football-data.co.uk
league_48af7276cc4a8730,2022-10-21,SUPER_LIG,2022-23,LEAGUE,,Antalyaspor,Istanbulspor,2,1,H,Turkey,Turkish Super League,football-data.co.uk
league_a55088b48178fcf9,2022-10-22,SUPER_LIG,2022-23,LEAGUE,,Fenerbahçe,Buyuksehyr,1,0,H,Turkey,Turkish Super League,football-data.co.uk
league_16061075c2a0684d,2022-10-22,SUPER_LIG,2022-23,LEAGUE,,Trabzonspor,Sivasspor,1,0,H,Turkey,Turkish Super League,football-data.co.uk
league_51693ebf8eae9801,2022-10-22,SUPER_LIG,2022-23,LEAGUE,,Umraniyespor,Karagumruk,1,3,A,Turkey,Turkish Super League,football-data.co.uk
league_2bfc227e07efe2b9,2022-10-23,SUPER_LIG,2022-23,LEAGUE,,Ad. Demirspor,Konyaspor,1,1,D,Turkey,Turkish Super League,football-data.co.uk
league_064f395631257595,2022-10-23,SUPER_LIG,2022-23,LEAGUE,,Galatasaray SK,Alanyaspor,2,2,D,Turkey,Turkish Super League,football-data.co.uk
league_0a24b05c167e1efc,2022-10-23,SUPER_LIG,2022-23,LEAGUE,,Kasımpaşa SK,Kayserispor,0,1,A,Turkey,Turkish Super League,football-data.co.uk
league_22c1b3ef113fc5b4,2022-10-24,SUPER_LIG,2022-23,LEAGUE,,Giresunspor,Ankaragucu,1,1,D,Turkey,Turkish Super League,football-data.co.uk
league_8ef3aaa987ffa3f9,2022-10-24,SUPER_LIG,2022-23,LEAGUE,,Hatayspor,Beşiktaş JK,2,1,H,Turkey,Turkish Super League,football-data.co.uk
league_449f3b07f5305388,2022-10-28,SUPER_LIG,2022-23,LEAGUE,,Karagumruk,Galatasaray SK,0,2,A,Turkey,Turkish Super League,football-data.co.uk
league_17ff66fbe03a503d,2022-10-29,SUPER_LIG,2022-23,LEAGUE,,Alanyaspor,Gaziantep FK,2,0,H,Turkey,Turkish Super League,football-data.co.uk
league_491d305b4089f26c,2022-10-29,SUPER_LIG,2022-23,LEAGUE,,Konyaspor,Kasımpaşa SK,1,1,D,Turkey,Turkish Super League,football-data.co.uk
league_41b89992fb191fb6,2022-10-30,SUPER_LIG,2022-23,LEAGUE,,Ankaragucu,Hatayspor,4,1,H,Turkey,Turkish Super League,football-data.co.uk
league_6656d5b5960d291d,2022-10-30,SUPER_LIG,2022-23,LEAGUE,,Beşiktaş JK,Umraniyespor,5,2,H,Turkey,Turkish Super League,football-data.co.uk
league_0f3a14b3f45c3493,2022-10-30,SUPER_LIG,2022-23,LEAGUE,,Istanbulspor,Fenerbahçe,2,5,A,Turkey,Turkish Super League,football-data.co.uk
league_81b52773f477bbac,2022-10-30,SUPER_LIG,2022-23,LEAGUE,,Kayserispor,Ad. Demirspor,2,2,D,Turkey,Turkish Super League,football-data.co.uk
league_7f32b7d4c1b73936,2022-10-31,SUPER_LIG,2022-23,LEAGUE,,Buyuksehyr,Giresunspor,3,1,H,Turkey,Turkish Super League,football-data.co.uk
league_74a779a91a328817,2022-10-31,SUPER_LIG,2022-23,LEAGUE,,Sivasspor,Antalyaspor,0,2,A,Turkey,Turkish Super League,football-data.co.uk
league_e241b988a577177d,2022-11-04,SUPER_LIG,2022-23,LEAGUE,,Kasımpaşa SK,Ankaragucu,1,1,D,Turkey,Turkish Super League,football-data.co.uk
league_8a8e0b0961e1c497,2022-11-04,SUPER_LIG,2022-23,LEAGUE,,Umraniyespor,Alanyaspor,3,1,H,Turkey,Turkish Super League,football-data.co.uk
league_a20a4240c2e82b9c,2022-11-05,SUPER_LIG,2022-23,LEAGUE,,Galatasaray SK,Beşiktaş JK,2,1,H,Turkey,Turkish Super League,football-data.co.uk
league_f03558731efa7710,2022-11-05,SUPER_LIG,2022-23,LEAGUE,,Giresunspor,Istanbulspor,3,2,H,Turkey,Turkish Super League,football-data.co.uk
league_315c85b5e18fa175,2022-11-06,SUPER_LIG,2022-23,LEAGUE,,Antalyaspor,Karagumruk,4,2,H,Turkey,Turkish Super League,football-data.co.uk
league_8da4e632530c0338,2022-11-06,SUPER_LIG,2022-23,LEAGUE,,Gaziantep FK,Kayserispor,1,2,A,Turkey,Turkish Super League,football-data.co.uk
league_611415f70084ccc9,2022-11-06,SUPER_LIG,2022-23,LEAGUE,,Trabzonspor,Konyaspor,2,2,D,Turkey,Turkish Super League,football-data.co.uk
league_37570521a7cc47d6,2022-11-07,SUPER_LIG,2022-23,LEAGUE,,Fenerbahçe,Sivasspor,1,0,H,Turkey,Turkish Super League,football-data.co.uk
league_887a8fc5a62b37ea,2022-11-07,SUPER_LIG,2022-23,LEAGUE,,Hatayspor,Buyuksehyr,3,3,D,Turkey,Turkish Super League,football-data.co.uk
league_34e5d5f48851c6fb,2022-11-11,SUPER_LIG,2022-23,LEAGUE,,Alanyaspor,Ad. Demirspor,0,0,D,Turkey,Turkish Super League,football-data.co.uk
league_71c58dd8c8becac5,2022-11-11,SUPER_LIG,2022-23,LEAGUE,,Ankaragucu,Trabzonspor,1,1,D,Turkey,Turkish Super League,football-data.co.uk
league_63416b3ba82e52d1,2022-11-12,SUPER_LIG,2022-23,LEAGUE,,Buyuksehyr,Galatasaray SK,0,7,A,Turkey,Turkish Super League,football-data.co.uk
league_b7ec2c33b8580d01,2022-11-12,SUPER_LIG,2022-23,LEAGUE,,Fenerbahçe,Giresunspor,1,2,A,Turkey,Turkish Super League,football-data.co.uk
league_ba3ea64f5f4062a9,2022-11-12,SUPER_LIG,2022-23,LEAGUE,,Sivasspor,Umraniyespor,2,2,D,Turkey,Turkish Super League,football-data.co.uk
league_43a546a1762019f4,2022-11-13,SUPER_LIG,2022-23,LEAGUE,,Istanbulspor,Hatayspor,0,1,A,Turkey,Turkish Super League,football-data.co.uk
league_7d34207cf31bfc05,2022-11-13,SUPER_LIG,2022-23,LEAGUE,,Karagumruk,Gaziantep FK,3,3,D,Turkey,Turkish Super League,football-data.co.uk
league_6ce216b1b1b46a87,2022-11-13,SUPER_LIG,2022-23,LEAGUE,,Kayserispor,Konyaspor,1,2,A,Turkey,Turkish Super League,football-data.co.uk
league_1db1fafe1b14a49c,2022-12-23,SUPER_LIG,2022-23,LEAGUE,,Antalyaspor,Ankaragucu,0,2,A,Turkey,Turkish Super League,football-data.co.uk
league_bfe84e02deab72d5,2022-12-23,SUPER_LIG,2022-23,LEAGUE,,Umraniyespor,Buyuksehyr,1,3,A,Turkey,Turkish Super League,football-data.co.uk
league_c47fc0f4a853b853,2022-12-24,SUPER_LIG,2022-23,LEAGUE,,Hatayspor,Giresunspor,1,1,D,Turkey,Turkish Super League,football-data.co.uk
league_e8ffe9d959730044,2022-12-24,SUPER_LIG,2022-23,LEAGUE,,Kasımpaşa SK,Sivasspor,1,2,A,Turkey,Turkish Super League,football-data.co.uk
league_5089212e1894fa24,2022-12-24,SUPER_LIG,2022-23,LEAGUE,,Trabzonspor,Fenerbahçe,2,0,H,Turkey,Turkish Super League,football-data.co.uk
league_d3b3cbd802dbc2ae,2022-12-25,SUPER_LIG,2022-23,LEAGUE,,Ad. Demirspor,Karagumruk,2,1,H,Turkey,Turkish Super League,football-data.co.uk
league_9de695dcb9d8792a,2022-12-25,SUPER_LIG,2022-23,LEAGUE,,Galatasaray SK,Istanbulspor,2,1,H,Turkey,Turkish Super League,football-data.co.uk
league_7f50b8ac395bcf60,2022-12-25,SUPER_LIG,2022-23,LEAGUE,,Gaziantep FK,Beşiktaş JK,1,1,D,Turkey,Turkish Super League,football-data.co.uk
league_70b9862ea6eb179d,2022-12-25,SUPER_LIG,2022-23,LEAGUE,,Konyaspor,Alanyaspor,2,2,D,Turkey,Turkish Super League,football-data.co.uk
league_a228942af1bda15b,2022-12-27,SUPER_LIG,2022-23,LEAGUE,,Ankaragucu,Umraniyespor,1,2,A,Turkey,Turkish Super League,football-data.co.uk
league_ed65b7279023879a,2022-12-27,SUPER_LIG,2022-23,LEAGUE,,Buyuksehyr,Antalyaspor,2,0,H,Turkey,Turkish Super League,football-data.co.uk
league_c9f1e7bee343b157,2022-12-27,SUPER_LIG,2022-23,LEAGUE,,Fenerbahçe,Hatayspor,4,0,H,Turkey,Turkish Super League,football-data.co.uk
league_9a2c14f50d847283,2022-12-28,SUPER_LIG,2022-23,LEAGUE,,Alanyaspor,Kayserispor,3,1,H,Turkey,Turkish Super League,football-data.co.uk
league_8bd9a1655b54b88e,2022-12-28,SUPER_LIG,2022-23,LEAGUE,,Istanbulspor,Kasımpaşa SK,2,1,H,Turkey,Turkish Super League,football-data.co.uk
league_267be41b54814cc1,2022-12-28,SUPER_LIG,2022-23,LEAGUE,,Karagumruk,Trabzonspor,4,1,H,Turkey,Turkish Super League,football-data.co.uk
league_c21bb88c9e95d712,2022-12-29,SUPER_LIG,2022-23,LEAGUE,,Beşiktaş JK,Ad. Demirspor,1,0,H,Turkey,Turkish Super League,football-data.co.uk
league_1c11f2f0df8b00ed,2022-12-29,SUPER_LIG,2022-23,LEAGUE,,Giresunspor,Gaziantep FK,2,1,H,Turkey,Turkish Super League,football-data.co.uk
league_d350d98b7c3eccb7,2022-12-29,SUPER_LIG,2022-23,LEAGUE,,Sivasspor,Galatasaray SK,1,2,A,Turkey,Turkish Super League,football-data.co.uk
league_abeb34d337d6eddb,2023-01-03,SUPER_LIG,2022-23,LEAGUE,,Antalyaspor,Fenerbahçe,1,2,A,Turkey,Turkish Super League,football-data.co.uk
league_e2087df44655c12e,2023-01-03,SUPER_LIG,2022-23,LEAGUE,,Umraniyespor,Hatayspor,2,2,D,Turkey,Turkish Super League,football-data.co.uk
league_480f717405889ca9,2023-01-04,SUPER_LIG,2022-23,LEAGUE,,Galatasaray SK,Ankaragucu,2,1,H,Turkey,Turkish Super League,football-data.co.uk
league_ed66f6d0faa28d44,2023-01-04,SUPER_LIG,2022-23,LEAGUE,,Kasımpaşa SK,Alanyaspor,4,1,H,Turkey,Turkish Super League,football-data.co.uk
league_d2aadce874ce8575,2023-01-04,SUPER_LIG,2022-23,LEAGUE,,Kayserispor,Karagumruk,2,4,A,Turkey,Turkish Super League,football-data.co.uk
league_915d51989aeb766c,2023-01-04,SUPER_LIG,2022-23,LEAGUE,,Konyaspor,Sivasspor,2,2,D,Turkey,Turkish Super League,football-data.co.uk
league_e3bf4af7c7453461,2023-01-05,SUPER_LIG,2022-23,LEAGUE,,Ad. Demirspor,Istanbulspor,6,0,H,Turkey,Turkish Super League,football-data.co.uk
league_55f6df5d85341a30,2023-01-05,SUPER_LIG,2022-23,LEAGUE,,Gaziantep FK,Buyuksehyr,1,1,D,Turkey,Turkish Super League,football-data.co.uk
league_b0309af77d4afc6e,2023-01-05,SUPER_LIG,2022-23,LEAGUE,,Trabzonspor,Giresunspor,3,0,H,Turkey,Turkish Super League,football-data.co.uk
league_33492bedfa3a3de6,2023-01-07,SUPER_LIG,2022-23,LEAGUE,,Beşiktaş JK,Kasımpaşa SK,2,1,H,Turkey,Turkish Super League,football-data.co.uk
league_280ec2c817a48d13,2023-01-07,SUPER_LIG,2022-23,LEAGUE,,Hatayspor,Antalyaspor,0,0,D,Turkey,Turkish Super League,football-data.co.uk
league_8ffde7ae2b837193,2023-01-08,SUPER_LIG,2022-23,LEAGUE,,Ankaragucu,Kayserispor,2,1,H,Turkey,Turkish Super League,football-data.co.uk
league_b9f8bf1fc6090615,2023-01-08,SUPER_LIG,2022-23,LEAGUE,,Fenerbahçe,Galatasaray SK,0,3,A,Turkey,Turkish Super League,football-data.co.uk
league_caa5a98246f3225d,2023-01-08,SUPER_LIG,2022-23,LEAGUE,,Giresunspor,Umraniyespor,0,1,A,Turkey,Turkish Super League,football-data.co.uk
league_9fb578181b219741,2023-01-08,SUPER_LIG,2022-23,LEAGUE,,Karagumruk,Konyaspor,3,3,D,Turkey,Turkish Super League,football-data.co.uk
league_98f7039a498c84f4,2023-01-09,SUPER_LIG,2022-23,LEAGUE,,Alanyaspor,Trabzonspor,5,0,H,Turkey,Turkish Super League,football-data.co.uk
league_413a4c954617b9f6,2023-01-09,SUPER_LIG,2022-23,LEAGUE,,Buyuksehyr,Ad. Demirspor,2,1,H,Turkey,Turkish Super League,football-data.co.uk
league_88835a936ba79183,2023-01-09,SUPER_LIG,2022-23,LEAGUE,,Istanbulspor,Gaziantep FK,1,1,D,Turkey,Turkish Super League,football-data.co.uk
league_3f3246a2d39b82cf,2023-01-13,SUPER_LIG,2022-23,LEAGUE,,Galatasaray SK,Hatayspor,4,0,H,Turkey,Turkish Super League,football-data.co.uk
league_9f5e96d8d95131c6,2023-01-13,SUPER_LIG,2022-23,LEAGUE,,Kayserispor,Sivasspor,4,1,H,Turkey,Turkish Super League,football-data.co.uk
league_acfea185ab69a56a,2023-01-14,SUPER_LIG,2022-23,LEAGUE,,Ad. Demirspor,Ankaragucu,3,1,H,Turkey,Turkish Super League,football-data.co.uk
league_98e016a7ca43901c,2023-01-14,SUPER_LIG,2022-23,LEAGUE,,Antalyaspor,Giresunspor,2,2,D,Turkey,Turkish Super League,football-data.co.uk
league_2f11a0542f352812,2023-01-14,SUPER_LIG,2022-23,LEAGUE,,Konyaspor,Beşiktaş JK,1,2,A,Turkey,Turkish Super League,football-data.co.uk
league_72f9231148754cc6,2023-01-14,SUPER_LIG,2022-23,LEAGUE,,Trabzonspor,Buyuksehyr,1,0,H,Turkey,Turkish Super League,football-data.co.uk
league_3cd1dd556c3f9b15,2023-01-15,SUPER_LIG,2022-23,LEAGUE,,Gaziantep FK,Fenerbahçe,1,2,A,Turkey,Turkish Super League,football-data.co.uk
league_bb08b0fdee664130,2023-01-15,SUPER_LIG,2022-23,LEAGUE,,Kasımpaşa SK,Karagumruk,2,2,D,Turkey,Turkish Super League,football-data.co.uk
league_72aeb159e9e1a79a,2023-01-15,SUPER_LIG,2022-23,LEAGUE,,Umraniyespor,Istanbulspor,0,2,A,Turkey,Turkish Super League,football-data.co.uk
league_57dac95fd0432bb4,2023-01-20,SUPER_LIG,2022-23,LEAGUE,,Ad. Demirspor,Giresunspor,1,1,D,Turkey,Turkish Super League,football-data.co.uk
league_970803c21d193ad5,2023-01-21,SUPER_LIG,2022-23,LEAGUE,,Galatasaray SK,Antalyaspor,2,1,H,Turkey,Turkish Super League,football-data.co.uk
league_38eada7fd1c3fced,2023-01-21,SUPER_LIG,2022-23,LEAGUE,,Kasımpaşa SK,Buyuksehyr,1,3,A,Turkey,Turkish Super League,football-data.co.uk
league_3c003b130cd34ac6,2023-01-22,SUPER_LIG,2022-23,LEAGUE,,Alanyaspor,Karagumruk,2,2,D,Turkey,Turkish Super League,football-data.co.uk
league_8d8aeb745f0dc6e2,2023-01-22,SUPER_LIG,2022-23,LEAGUE,,Gaziantep FK,Sivasspor,1,2,A,Turkey,Turkish Super League,football-data.co.uk
league_a05154cd70f6d2d7,2023-01-22,SUPER_LIG,2022-23,LEAGUE,,Kayserispor,Beşiktaş JK,0,2,A,Turkey,Turkish Super League,football-data.co.uk
league_9690c4df2c23c1ae,2023-01-22,SUPER_LIG,2022-23,LEAGUE,,Trabzonspor,Istanbulspor,4,0,H,Turkey,Turkish Super League,football-data.co.uk
league_7797dd7715dc1cc1,2023-01-23,SUPER_LIG,2022-23,LEAGUE,,Konyaspor,Ankaragucu,0,1,A,Turkey,Turkish Super League,football-data.co.uk
league_69e61df16d8590e7,2023-01-23,SUPER_LIG,2022-23,LEAGUE,,Umraniyespor,Fenerbahçe,1,2,A,Turkey,Turkish Super League,football-data.co.uk
league_e813ff35d9cad04a,2023-01-27,SUPER_LIG,2022-23,LEAGUE,,Beşiktaş JK,Alanyaspor,3,0,H,Turkey,Turkish Super League,football-data.co.uk
league_3f3031476917fc7a,2023-01-28,SUPER_LIG,2022-23,LEAGUE,,Ankaragucu,Gaziantep FK,0,2,A,Turkey,Turkish Super League,football-data.co.uk
league_a3dc53f83c330d56,2023-01-28,SUPER_LIG,2022-23,LEAGUE,,Antalyaspor,Umraniyespor,3,2,H,Turkey,Turkish Super League,football-data.co.uk
league_5e3c8d6f5707ce73,2023-01-28,SUPER_LIG,2022-23,LEAGUE,,Giresunspor,Galatasaray SK,0,4,A,Turkey,Turkish Super League,football-data.co.uk
league_7272590ba4587a42,2023-01-28,SUPER_LIG,2022-23,LEAGUE,,Hatayspor,Trabzonspor,2,1,H,Turkey,Turkish Super League,football-data.co.uk
league_4c5ce817e3d6a3a4,2023-01-28,SUPER_LIG,2022-23,LEAGUE,,Sivasspor,Ad. Demirspor,1,2,A,Turkey,Turkish Super League,football-data.co.uk
league_f9085dd822085887,2023-01-29,SUPER_LIG,2022-23,LEAGUE,,Buyuksehyr,Konyaspor,2,0,H,Turkey,Turkish Super League,football-data.co.uk
league_0d3af09888f82552,2023-01-29,SUPER_LIG,2022-23,LEAGUE,,Fenerbahçe,Kasımpaşa SK,5,1,H,Turkey,Turkish Super League,football-data.co.uk
league_5ae42eb4fa56df28,2023-01-29,SUPER_LIG,2022-23,LEAGUE,,Istanbulspor,Kayserispor,2,4,A,Turkey,Turkish Super League,football-data.co.uk
league_679a63acaa46f1a9,2023-01-31,SUPER_LIG,2022-23,LEAGUE,,Alanyaspor,Sivasspor,0,3,A,Turkey,Turkish Super League,football-data.co.uk
league_8b4fe44d734930c8,2023-01-31,SUPER_LIG,2022-23,LEAGUE,,Karagumruk,Beşiktaş JK,1,1,D,Turkey,Turkish Super League,football-data.co.uk
league_4b2d416a15c041d5,2023-02-01,SUPER_LIG,2022-23,LEAGUE,,Galatasaray SK,Umraniyespor,3,2,H,Turkey,Turkish Super League,football-data.co.uk
league_d5eef5ac276667b2,2023-02-01,SUPER_LIG,2022-23,LEAGUE,,Gaziantep FK,Hatayspor,4,1,H,Turkey,Turkish Super League,football-data.co.uk
league_cf1fe5cf48d1aaa7,2023-02-01,SUPER_LIG,2022-23,LEAGUE,,Kasımpaşa SK,Giresunspor,5,1,H,Turkey,Turkish Super League,football-data.co.uk
league_291924c1b94c9cb2,2023-02-01,SUPER_LIG,2022-23,LEAGUE,,Trabzonspor,Antalyaspor,2,0,H,Turkey,Turkish Super League,football-data.co.uk
league_4128b34962160972,2023-02-02,SUPER_LIG,2022-23,LEAGUE,,Ad. Demirspor,Fenerbahçe,1,1,D,Turkey,Turkish Super League,football-data.co.uk
league_6ea0636300983ab8,2023-02-02,SUPER_LIG,2022-23,LEAGUE,,Kayserispor,Buyuksehyr,1,0,H,Turkey,Turkish Super League,football-data.co.uk
league_a5fea3d5208a30a3,2023-02-02,SUPER_LIG,2022-23,LEAGUE,,Konyaspor,Istanbulspor,0,1,A,Turkey,Turkish Super League,football-data.co.uk
league_c1d23aadda629261,2023-02-04,SUPER_LIG,2022-23,LEAGUE,,Ankaragucu,Karagumruk,0,2,A,Turkey,Turkish Super League,football-data.co.uk
league_1eaaa4aca0e496a7,2023-02-04,SUPER_LIG,2022-23,LEAGUE,,Antalyaspor,Gaziantep FK,1,0,H,Turkey,Turkish Super League,football-data.co.uk
league_192acae7db4cdb05,2023-02-04,SUPER_LIG,2022-23,LEAGUE,,Sivasspor,Beşiktaş JK,1,0,H,Turkey,Turkish Super League,football-data.co.uk
league_576c7c55b7b39a26,2023-02-05,SUPER_LIG,2022-23,LEAGUE,,Galatasaray SK,Trabzonspor,2,1,H,Turkey,Turkish Super League,football-data.co.uk
league_abd8104fb6be1eeb,2023-02-05,SUPER_LIG,2022-23,LEAGUE,,Hatayspor,Kasımpaşa SK,1,0,H,Turkey,Turkish Super League,football-data.co.uk
league_89c70613f3b62812,2023-02-05,SUPER_LIG,2022-23,LEAGUE,,Istanbulspor,Alanyaspor,2,1,H,Turkey,Turkish Super League,football-data.co.uk
league_51c1562bd1a7140d,2023-02-25,SUPER_LIG,2022-23,LEAGUE,,Fenerbahçe,Konyaspor,4,0,H,Turkey,Turkish Super League,football-data.co.uk
league_ae70a32acafd148a,2023-02-25,SUPER_LIG,2022-23,LEAGUE,,Giresunspor,Kayserispor,1,2,A,Turkey,Turkish Super League,football-data.co.uk
league_6f6bc9bfc2de7a68,2023-02-25,SUPER_LIG,2022-23,LEAGUE,,Umraniyespor,Gaziantep FK,3,0,H,Turkey,Turkish Super League,football-data.co.uk
league_6c35d286a22fa5e4,2023-02-26,SUPER_LIG,2022-23,LEAGUE,,Beşiktaş JK,Antalyaspor,0,0,D,Turkey,Turkish Super League,football-data.co.uk
league_5eb924f2ee820506,2023-02-26,SUPER_LIG,2022-23,LEAGUE,,Umraniyespor,Ad. Demirspor,1,1,D,Turkey,Turkish Super League,football-data.co.uk
league_91b627f0ced580ef,2023-03-03,SUPER_LIG,2022-23,LEAGUE,,Alanyaspor,Buyuksehyr,1,0,H,Turkey,Turkish Super League,football-data.co.uk
league_0c7692bab408976e,2023-03-04,SUPER_LIG,2022-23,LEAGUE,,Karagumruk,Sivasspor,4,3,H,Turkey,Turkish Super League,football-data.co.uk
league_63f9dc3acee46d42,2023-03-04,SUPER_LIG,2022-23,LEAGUE,,Kayserispor,Fenerbahçe,1,2,A,Turkey,Turkish Super League,football-data.co.uk
league_3f09aae8e4bd2fa0,2023-03-04,SUPER_LIG,2022-23,LEAGUE,,Trabzonspor,Umraniyespor,1,2,A,Turkey,Turkish Super League,football-data.co.uk
league_bbfe9734863e2f88,2023-03-05,SUPER_LIG,2022-23,LEAGUE,,Ad. Demirspor,Hatayspor,3,0,H,Turkey,Turkish Super League,football-data.co.uk
league_72cfc75cc044a869,2023-03-05,SUPER_LIG,2022-23,LEAGUE,,Beşiktaş JK,Ankaragucu,2,1,H,Turkey,Turkish Super League,football-data.co.uk
league_a3f463dd7bfc6ed7,2023-03-05,SUPER_LIG,2022-23,LEAGUE,,Gaziantep FK,Galatasaray SK,0,3,A,Turkey,Turkish Super League,football-data.co.uk
league_d6da0412e151a199,2023-03-05,SUPER_LIG,2022-23,LEAGUE,,Konyaspor,Giresunspor,0,0,D,Turkey,Turkish Super League,football-data.co.uk
league_62bc1240b0c2b9b9,2023-03-06,SUPER_LIG,2022-23,LEAGUE,,Kasımpaşa SK,Antalyaspor,3,1,H,Turkey,Turkish Super League,football-data.co.uk
league_1c505d580ebc8d6c,2023-03-10,SUPER_LIG,2022-23,LEAGUE,,Giresunspor,Karagumruk,2,2,D,Turkey,Turkish Super League,football-data.co.uk
league_a87c9b4f434daa9f,2023-03-11,SUPER_LIG,2022-23,LEAGUE,,Antalyaspor,Kayserispor,4,0,H,Turkey,Turkish Super League,football-data.co.uk
league_7c4379d4f1bd14d4,2023-03-11,SUPER_LIG,2022-23,LEAGUE,,Galatasaray SK,Kasımpaşa SK,1,0,H,Turkey,Turkish Super League,football-data.co.uk
league_2b7c7015bd54b303,2023-03-12,SUPER_LIG,2022-23,LEAGUE,,Ankaragucu,Alanyaspor,2,0,H,Turkey,Turkish Super League,football-data.co.uk
league_6f119718d42bcdc7,2023-03-12,SUPER_LIG,2022-23,LEAGUE,,Buyuksehyr,Beşiktaş JK,0,2,A,Turkey,Turkish Super League,football-data.co.uk
league_b381f526e87711da,2023-03-12,SUPER_LIG,2022-23,LEAGUE,,Hatayspor,Konyaspor,0,3,A,Turkey,Turkish Super League,football-data.co.uk
league_4b3c7fb5915fd173,2023-03-12,SUPER_LIG,2022-23,LEAGUE,,Trabzonspor,Ad. Demirspor,4,1,H,Turkey,Turkish Super League,football-data.co.uk
league_9188a65e4f52a98e,2023-03-13,SUPER_LIG,2022-23,LEAGUE,,Istanbulspor,Sivasspor,3,0,H,Turkey,Turkish Super League,football-data.co.uk
league_1514389ff9edbb23,2023-03-17,SUPER_LIG,2022-23,LEAGUE,,Konyaspor,Galatasaray SK,2,1,H,Turkey,Turkish Super League,football-data.co.uk
league_bac632f6603c5f29,2023-03-18,SUPER_LIG,2022-23,LEAGUE,,Ad. Demirspor,Antalyaspor,2,0,H,Turkey,Turkish Super League,football-data.co.uk
league_823214f2f2f9126f,2023-03-18,SUPER_LIG,2022-23,LEAGUE,,Beşiktaş JK,Istanbulspor,3,1,H,Turkey,Turkish Super League,football-data.co.uk
league_770fbe107fe3de22,2023-03-18,SUPER_LIG,2022-23,LEAGUE,,Kasımpaşa SK,Umraniyespor,1,1,D,Turkey,Turkish Super League,football-data.co.uk
league_838b5ceed6a8aaff,2023-03-19,SUPER_LIG,2022-23,LEAGUE,,Alanyaspor,Fenerbahçe,1,3,A,Turkey,Turkish Super League,football-data.co.uk
league_7168faac9b82da3b,2023-03-19,SUPER_LIG,2022-23,LEAGUE,,Gaziantep FK,Trabzonspor,0,3,A,Turkey,Turkish Super League,football-data.co.uk
league_71fa85828883af27,2023-03-19,SUPER_LIG,2022-23,LEAGUE,,Karagumruk,Buyuksehyr,2,2,D,Turkey,Turkish Super League,football-data.co.uk
league_90d4f894ff19f81e,2023-03-19,SUPER_LIG,2022-23,LEAGUE,,Kayserispor,Hatayspor,3,0,H,Turkey,Turkish Super League,football-data.co.uk
league_f4d7792dbc8bd2ec,2023-03-19,SUPER_LIG,2022-23,LEAGUE,,Sivasspor,Ankaragucu,2,0,H,Turkey,Turkish Super League,football-data.co.uk
league_bb978141e50b4025,2023-04-01,SUPER_LIG,2022-23,LEAGUE,,Buyuksehyr,Ankaragucu,1,0,H,Turkey,Turkish Super League,football-data.co.uk
league_e47c2ba10c158893,2023-04-01,SUPER_LIG,2022-23,LEAGUE,,Galatasaray SK,Ad. Demirspor,2,0,H,Turkey,Turkish Super League,football-data.co.uk
league_0c297019d306e145,2023-04-01,SUPER_LIG,2022-23,LEAGUE,,Trabzonspor,Kayserispor,3,4,A,Turkey,Turkish Super League,football-data.co.uk
league_862b856ed6c41f77,2023-04-02,SUPER_LIG,2022-23,LEAGUE,,Fenerbahçe,Beşiktaş JK,2,4,A,Turkey,Turkish Super League,football-data.co.uk
league_c1320087a38d1fcf,2023-04-02,SUPER_LIG,2022-23,LEAGUE,,Gaziantep FK,Kasımpaşa SK,0,3,A,Turkey,Turkish Super League,football-data.co.uk
league_a51b4bdd92aa72d7,2023-04-02,SUPER_LIG,2022-23,LEAGUE,,Giresunspor,Alanyaspor,2,2,D,Turkey,Turkish Super League,football-data.co.uk
league_656c5b790d350403,2023-04-02,SUPER_LIG,2022-23,LEAGUE,,Hatayspor,Sivasspor,0,3,A,Turkey,Turkish Super League,football-data.co.uk
league_0cf6de2dc3b2d68e,2023-04-02,SUPER_LIG,2022-23,LEAGUE,,Umraniyespor,Konyaspor,2,2,D,Turkey,Turkish Super League,football-data.co.uk
league_d5861f1db64c0223,2023-04-03,SUPER_LIG,2022-23,LEAGUE,,Istanbulspor,Karagumruk,0,1,A,Turkey,Turkish Super League,football-data.co.uk
league_73b285c79d8d57d6,2023-04-07,SUPER_LIG,2022-23,LEAGUE,,Konyaspor,Antalyaspor,1,1,D,Turkey,Turkish Super League,football-data.co.uk
league_2ad38233c0e08c07,2023-04-08,SUPER_LIG,2022-23,LEAGUE,,Ankaragucu,Istanbulspor,3,2,H,Turkey,Turkish Super League,football-data.co.uk
league_ce90eeea147018c4,2023-04-08,SUPER_LIG,2022-23,LEAGUE,,Kasımpaşa SK,Trabzonspor,2,0,H,Turkey,Turkish Super League,football-data.co.uk
league_09cd476792721eed,2023-04-09,SUPER_LIG,2022-23,LEAGUE,,Ad. Demirspor,Gaziantep FK,3,0,H,Turkey,Turkish Super League,football-data.co.uk
league_d726bcf032a43105,2023-04-09,SUPER_LIG,2022-23,LEAGUE,,Alanyaspor,Hatayspor,3,0,H,Turkey,Turkish Super League,football-data.co.uk
league_488f82d4e3be21ba,2023-04-09,SUPER_LIG,2022-23,LEAGUE,,Beşiktaş JK,Giresunspor,3,1,H,Turkey,Turkish Super League,football-data.co.uk
league_b9a17ac34e2c21b5,2023-04-09,SUPER_LIG,2022-23,LEAGUE,,Sivasspor,Buyuksehyr,1,1,D,Turkey,Turkish Super League,football-data.co.uk
league_9c4586de56c81967,2023-04-10,SUPER_LIG,2022-23,LEAGUE,,Karagumruk,Fenerbahçe,1,2,A,Turkey,Turkish Super League,football-data.co.uk
league_a1a09532f3c5ceca,2023-04-10,SUPER_LIG,2022-23,LEAGUE,,Kayserispor,Umraniyespor,3,1,H,Turkey,Turkish Super League,football-data.co.uk
league_b94eb1fd28d8dff7,2023-04-14,SUPER_LIG,2022-23,LEAGUE,,Antalyaspor,Alanyaspor,3,1,H,Turkey,Turkish Super League,football-data.co.uk
league_28fd2b74934e7d3f,2023-04-14,SUPER_LIG,2022-23,LEAGUE,,Galatasaray SK,Kayserispor,6,0,H,Turkey,Turkish Super League,football-data.co.uk
league_b73c7946c14d4e4a,2023-04-15,SUPER_LIG,2022-23,LEAGUE,,Ad. Demirspor,Kasımpaşa SK,5,0,H,Turkey,Turkish Super League,football-data.co.uk
league_8ecac61799bca8ea,2023-04-15,SUPER_LIG,2022-23,LEAGUE,,Fenerbahçe,Ankaragucu,2,1,H,Turkey,Turkish Super League,football-data.co.uk
league_4ed583bde974793f,2023-04-15,SUPER_LIG,2022-23,LEAGUE,,Istanbulspor,Buyuksehyr,1,0,H,Turkey,Turkish Super League,football-data.co.uk
league_c25afc2f214ba6b8,2023-04-16,SUPER_LIG,2022-23,LEAGUE,,Gaziantep FK,Konyaspor,0,3,A,Turkey,Turkish Super League,football-data.co.uk
league_9c85d38cd5e75f88,2023-04-16,SUPER_LIG,2022-23,LEAGUE,,Giresunspor,Sivasspor,1,0,H,Turkey,Turkish Super League,football-data.co.uk
league_e4b126efc1bd081d,2023-04-16,SUPER_LIG,2022-23,LEAGUE,,Hatayspor,Karagumruk,0,3,A,Turkey,Turkish Super League,football-data.co.uk
league_1f1f8786973f7480,2023-04-16,SUPER_LIG,2022-23,LEAGUE,,Trabzonspor,Beşiktaş JK,0,0,D,Turkey,Turkish Super League,football-data.co.uk
league_4641a4aa0d43ab20,2023-04-18,SUPER_LIG,2022-23,LEAGUE,,Alanyaspor,Galatasaray SK,1,4,A,Turkey,Turkish Super League,football-data.co.uk
league_aa4084370d6a1641,2023-04-18,SUPER_LIG,2022-23,LEAGUE,,Karagumruk,Umraniyespor,4,2,H,Turkey,Turkish Super League,football-data.co.uk
league_0bdd133d3c78b8ef,2023-04-19,SUPER_LIG,2022-23,LEAGUE,,Beşiktaş JK,Hatayspor,3,0,H,Turkey,Turkish Super League,football-data.co.uk
league_7581c14038679303,2023-04-19,SUPER_LIG,2022-23,LEAGUE,,Buyuksehyr,Fenerbahçe,1,2,A,Turkey,Turkish Super League,football-data.co.uk
league_076332ca864fb0cf,2023-04-19,SUPER_LIG,2022-23,LEAGUE,,Istanbulspor,Antalyaspor,3,3,D,Turkey,Turkish Super League,football-data.co.uk
league_78e143cf04fa46c3,2023-04-19,SUPER_LIG,2022-23,LEAGUE,,Kayserispor,Kasımpaşa SK,0,0,D,Turkey,Turkish Super League,football-data.co.uk
league_fc506b69709ef345,2023-04-19,SUPER_LIG,2022-23,LEAGUE,,Konyaspor,Ad. Demirspor,1,2,A,Turkey,Turkish Super League,football-data.co.uk
league_9f702041e4c5cd93,2023-04-20,SUPER_LIG,2022-23,LEAGUE,,Ankaragucu,Giresunspor,3,1,H,Turkey,Turkish Super League,football-data.co.uk
league_f62fb03fd7e31b75,2023-04-20,SUPER_LIG,2022-23,LEAGUE,,Sivasspor,Trabzonspor,4,1,H,Turkey,Turkish Super League,football-data.co.uk
league_1ce6202af7be9f5b,2023-04-22,SUPER_LIG,2022-23,LEAGUE,,Umraniyespor,Beşiktaş JK,0,2,A,Turkey,Turkish Super League,football-data.co.uk
league_c235293842318a46,2023-04-23,SUPER_LIG,2022-23,LEAGUE,,Ad. Demirspor,Kayserispor,5,3,H,Turkey,Turkish Super League,football-data.co.uk
league_32c7795c78646113,2023-04-23,SUPER_LIG,2022-23,LEAGUE,,Galatasaray SK,Karagumruk,3,3,D,Turkey,Turkish Super League,football-data.co.uk
league_612a137d3d631a8d,2023-04-23,SUPER_LIG,2022-23,LEAGUE,,Gaziantep FK,Alanyaspor,0,3,A,Turkey,Turkish Super League,football-data.co.uk
league_92c63638e4951862,2023-04-23,SUPER_LIG,2022-23,LEAGUE,,Hatayspor,Ankaragucu,0,3,A,Turkey,Turkish Super League,football-data.co.uk
league_8b67e35b33c484dd,2023-04-23,SUPER_LIG,2022-23,LEAGUE,,Kasımpaşa SK,Konyaspor,1,2,A,Turkey,Turkish Super League,football-data.co.uk
league_2ea37369eb66d596,2023-04-24,SUPER_LIG,2022-23,LEAGUE,,Antalyaspor,Sivasspor,1,2,A,Turkey,Turkish Super League,football-data.co.uk
league_2531b7ef6a7c8da8,2023-04-24,SUPER_LIG,2022-23,LEAGUE,,Fenerbahçe,Istanbulspor,3,3,D,Turkey,Turkish Super League,football-data.co.uk
league_e53e1a278ecef878,2023-04-24,SUPER_LIG,2022-23,LEAGUE,,Giresunspor,Buyuksehyr,2,4,A,Turkey,Turkish Super League,football-data.co.uk
league_b5422e6f3d7dd062,2023-04-28,SUPER_LIG,2022-23,LEAGUE,,Alanyaspor,Umraniyespor,1,0,H,Turkey,Turkish Super League,football-data.co.uk
league_a06f1c13eaab50dc,2023-04-29,SUPER_LIG,2022-23,LEAGUE,,Ankaragucu,Kasımpaşa SK,0,0,D,Turkey,Turkish Super League,football-data.co.uk
league_54d8d34ee39c3a2a,2023-04-29,SUPER_LIG,2022-23,LEAGUE,,Karagumruk,Antalyaspor,0,1,A,Turkey,Turkish Super League,football-data.co.uk
league_15b4c3532446bd79,2023-04-29,SUPER_LIG,2022-23,LEAGUE,,Konyaspor,Trabzonspor,2,1,H,Turkey,Turkish Super League,football-data.co.uk
league_be057969d95046cd,2023-04-29,SUPER_LIG,2022-23,LEAGUE,,Sivasspor,Fenerbahçe,1,3,A,Turkey,Turkish Super League,football-data.co.uk
league_143f6fa8fe83f97d,2023-04-30,SUPER_LIG,2022-23,LEAGUE,,Beşiktaş JK,Galatasaray SK,3,1,H,Turkey,Turkish Super League,football-data.co.uk
league_938bc022282da21c,2023-04-30,SUPER_LIG,2022-23,LEAGUE,,Buyuksehyr,Hatayspor,3,0,H,Turkey,Turkish Super League,football-data.co.uk
league_0ecdd6d3639279e7,2023-04-30,SUPER_LIG,2022-23,LEAGUE,,Kayserispor,Gaziantep FK,3,0,H,Turkey,Turkish Super League,football-data.co.uk
league_664c512fb7df3412,2023-05-01,SUPER_LIG,2022-23,LEAGUE,,Istanbulspor,Giresunspor,1,0,H,Turkey,Turkish Super League,football-data.co.uk
league_f0611ee9fa57bfa2,2023-05-06,SUPER_LIG,2022-23,LEAGUE,,Ad. Demirspor,Alanyaspor,4,2,H,Turkey,Turkish Super League,football-data.co.uk
league_38aef2effe68507e,2023-05-06,SUPER_LIG,2022-23,LEAGUE,,Antalyaspor,Beşiktaş JK,1,3,A,Turkey,Turkish Super League,football-data.co.uk
league_ace5c1e1bd89b6f3,2023-05-07,SUPER_LIG,2022-23,LEAGUE,,Gaziantep FK,Karagumruk,0,3,A,Turkey,Turkish Super League,football-data.co.uk
league_ac8d60c0dfb9a683,2023-05-07,SUPER_LIG,2022-23,LEAGUE,,Giresunspor,Fenerbahçe,1,1,D,Turkey,Turkish Super League,football-data.co.uk
league_5a2f29509e19983d,2023-05-07,SUPER_LIG,2022-23,LEAGUE,,Hatayspor,Istanbulspor,0,3,A,Turkey,Turkish Super League,football-data.co.uk
league_1e204e766d5174bf,2023-05-07,SUPER_LIG,2022-23,LEAGUE,,Konyaspor,Kayserispor,2,2,D,Turkey,Turkish Super League,football-data.co.uk
league_3c977b917e0faf38,2023-05-07,SUPER_LIG,2022-23,LEAGUE,,Umraniyespor,Sivasspor,4,1,H,Turkey,Turkish Super League,football-data.co.uk
league_9cfcd5e118acef95,2023-05-08,SUPER_LIG,2022-23,LEAGUE,,Galatasaray SK,Buyuksehyr,1,0,H,Turkey,Turkish Super League,football-data.co.uk
league_258703f9d65dcfb6,2023-05-08,SUPER_LIG,2022-23,LEAGUE,,Trabzonspor,Ankaragucu,2,0,H,Turkey,Turkish Super League,football-data.co.uk
league_3b2d0c6a0ae7bd8b,2023-05-16,SUPER_LIG,2022-23,LEAGUE,,Alanyaspor,Konyaspor,0,3,A,Turkey,Turkish Super League,football-data.co.uk
league_be9af5970afef341,2023-05-16,SUPER_LIG,2022-23,LEAGUE,,Istanbulspor,Galatasaray SK,0,2,A,Turkey,Turkish Super League,football-data.co.uk
league_ed2ad879bec60c55,2023-05-16,SUPER_LIG,2022-23,LEAGUE,,Sivasspor,Kasımpaşa SK,1,2,A,Turkey,Turkish Super League,football-data.co.uk
league_ac04dfdcd2ef589e,2023-05-17,SUPER_LIG,2022-23,LEAGUE,,Ankaragucu,Antalyaspor,1,1,D,Turkey,Turkish Super League,football-data.co.uk
league_4346b670c0e793f8,2023-05-17,SUPER_LIG,2022-23,LEAGUE,,Beşiktaş JK,Gaziantep FK,3,0,H,Turkey,Turkish Super League,football-data.co.uk
league_f38e2977c0cbdfa4,2023-05-17,SUPER_LIG,2022-23,LEAGUE,,Buyuksehyr,Umraniyespor,1,1,D,Turkey,Turkish Super League,football-data.co.uk
league_8553ac5efb817956,2023-05-17,SUPER_LIG,2022-23,LEAGUE,,Giresunspor,Hatayspor,3,0,H,Turkey,Turkish Super League,football-data.co.uk
league_e126f9431f9c4538,2023-05-17,SUPER_LIG,2022-23,LEAGUE,,Karagumruk,Ad. Demirspor,2,3,A,Turkey,Turkish Super League,football-data.co.uk
league_59ceaf045788f879,2023-05-18,SUPER_LIG,2022-23,LEAGUE,,Fenerbahçe,Trabzonspor,3,1,H,Turkey,Turkish Super League,football-data.co.uk
league_f94c09d001d73ebd,2023-05-20,SUPER_LIG,2022-23,LEAGUE,,Galatasaray SK,Sivasspor,2,0,H,Turkey,Turkish Super League,football-data.co.uk
league_441df20e7e5bb17b,2023-05-20,SUPER_LIG,2022-23,LEAGUE,,Kasımpaşa SK,Istanbulspor,1,0,H,Turkey,Turkish Super League,football-data.co.uk
league_545e854d9b592596,2023-05-20,SUPER_LIG,2022-23,LEAGUE,,Kayserispor,Alanyaspor,0,4,A,Turkey,Turkish Super League,football-data.co.uk
league_17cc7b18998d2e5d,2023-05-21,SUPER_LIG,2022-23,LEAGUE,,Ad. Demirspor,Beşiktaş JK,1,4,A,Turkey,Turkish Super League,football-data.co.uk
league_63aa10b5ef99b707,2023-05-21,SUPER_LIG,2022-23,LEAGUE,,Antalyaspor,Buyuksehyr,0,0,D,Turkey,Turkish Super League,football-data.co.uk
league_7ad168088b0d9d2b,2023-05-21,SUPER_LIG,2022-23,LEAGUE,,Gaziantep FK,Giresunspor,0,3,A,Turkey,Turkish Super League,football-data.co.uk
league_8aa9fe82b40419ec,2023-05-21,SUPER_LIG,2022-23,LEAGUE,,Hatayspor,Fenerbahçe,0,3,A,Turkey,Turkish Super League,football-data.co.uk
league_ff4dbbc9bb439fe6,2023-05-21,SUPER_LIG,2022-23,LEAGUE,,Umraniyespor,Ankaragucu,1,2,A,Turkey,Turkish Super League,football-data.co.uk
league_5b048cdb0481b04b,2023-05-22,SUPER_LIG,2022-23,LEAGUE,,Trabzonspor,Karagumruk,4,1,H,Turkey,Turkish Super League,football-data.co.uk
league_cd471227b9a6ecaf,2023-05-30,SUPER_LIG,2022-23,LEAGUE,,Alanyaspor,Kasımpaşa SK,1,3,A,Turkey,Turkish Super League,football-data.co.uk
league_d1c78a784efebfb1,2023-05-30,SUPER_LIG,2022-23,LEAGUE,,Ankaragucu,Galatasaray SK,1,4,A,Turkey,Turkish Super League,football-data.co.uk
league_9ec2f1009399af64,2023-05-30,SUPER_LIG,2022-23,LEAGUE,,Buyuksehyr,Gaziantep FK,3,0,H,Turkey,Turkish Super League,football-data.co.uk
league_f6819bfac3eb775a,2023-05-30,SUPER_LIG,2022-23,LEAGUE,,Fenerbahçe,Antalyaspor,2,0,H,Turkey,Turkish Super League,football-data.co.uk
league_862fc06eb843c5c2,2023-05-30,SUPER_LIG,2022-23,LEAGUE,,Giresunspor,Trabzonspor,2,4,A,Turkey,Turkish Super League,football-data.co.uk
league_c88ce05d02bbd99c,2023-05-30,SUPER_LIG,2022-23,LEAGUE,,Hatayspor,Umraniyespor,0,3,A,Turkey,Turkish Super League,football-data.co.uk
league_be74560c5127b1a7,2023-05-30,SUPER_LIG,2022-23,LEAGUE,,Istanbulspor,Ad. Demirspor,0,2,A,Turkey,Turkish Super League,football-data.co.uk
league_ba3ffe4d34837326,2023-05-30,SUPER_LIG,2022-23,LEAGUE,,Karagumruk,Kayserispor,2,0,H,Turkey,Turkish Super League,football-data.co.uk
league_e8eea73f7cd686e9,2023-05-30,SUPER_LIG,2022-23,LEAGUE,,Sivasspor,Konyaspor,1,0,H,Turkey,Turkish Super League,football-data.co.uk
league_429df021508ee0e5,2023-06-03,SUPER_LIG,2022-23,LEAGUE,,Ad. Demirspor,Buyuksehyr,2,3,A,Turkey,Turkish Super League,football-data.co.uk
league_2d89dbdb7adae32d,2023-06-03,SUPER_LIG,2022-23,LEAGUE,,Antalyaspor,Hatayspor,3,0,H,Turkey,Turkish Super League,football-data.co.uk
league_b275d75c60f5b2c2,2023-06-03,SUPER_LIG,2022-23,LEAGUE,,Gaziantep FK,Istanbulspor,0,3,A,Turkey,Turkish Super League,football-data.co.uk
league_0065be81bad116ff,2023-06-03,SUPER_LIG,2022-23,LEAGUE,,Kasımpaşa SK,Beşiktaş JK,2,5,A,Turkey,Turkish Super League,football-data.co.uk
league_0dc0565e73124fe4,2023-06-03,SUPER_LIG,2022-23,LEAGUE,,Kayserispor,Ankaragucu,0,1,A,Turkey,Turkish Super League,football-data.co.uk
league_2e608b9d3ed1e3e1,2023-06-03,SUPER_LIG,2022-23,LEAGUE,,Konyaspor,Karagumruk,1,1,D,Turkey,Turkish Super League,football-data.co.uk
league_36699fb9b10797e7,2023-06-03,SUPER_LIG,2022-23,LEAGUE,,Trabzonspor,Alanyaspor,5,1,H,Turkey,Turkish Super League,football-data.co.uk
league_e86270b8f125fc0b,2023-06-03,SUPER_LIG,2022-23,LEAGUE,,Umraniyespor,Giresunspor,0,1,A,Turkey,Turkish Super League,football-data.co.uk
league_cdee0ed8c33c1f0b,2023-06-04,SUPER_LIG,2022-23,LEAGUE,,Galatasaray SK,Fenerbahçe,3,0,H,Turkey,Turkish Super League,football-data.co.uk
league_2ca6b1ec0fbf867f,2023-06-06,SUPER_LIG,2022-23,LEAGUE,,Buyuksehyr,Trabzonspor,3,1,H,Turkey,Turkish Super League,football-data.co.uk
league_338e366d677b7d01,2023-06-06,SUPER_LIG,2022-23,LEAGUE,,Karagumruk,Kasımpaşa SK,3,0,H,Turkey,Turkish Super League,football-data.co.uk
league_aa794bd5e2000ab3,2023-06-06,SUPER_LIG,2022-23,LEAGUE,,Sivasspor,Kayserispor,1,1,D,Turkey,Turkish Super League,football-data.co.uk
league_d64eeaccfc2c576d,2023-06-07,SUPER_LIG,2022-23,LEAGUE,,Ankaragucu,Ad. Demirspor,1,2,A,Turkey,Turkish Super League,football-data.co.uk
league_d03f7a68fe864755,2023-06-07,SUPER_LIG,2022-23,LEAGUE,,Beşiktaş JK,Konyaspor,3,3,D,Turkey,Turkish Super League,football-data.co.uk
league_97c6e988e5a04dd0,2023-06-07,SUPER_LIG,2022-23,LEAGUE,,Fenerbahçe,Gaziantep FK,3,0,H,Turkey,Turkish Super League,football-data.co.uk
league_5e52379dd2d738a6,2023-06-07,SUPER_LIG,2022-23,LEAGUE,,Giresunspor,Antalyaspor,2,0,H,Turkey,Turkish Super League,football-data.co.uk
league_447e0bd34d2be21f,2023-06-07,SUPER_LIG,2022-23,LEAGUE,,Hatayspor,Galatasaray SK,0,3,A,Turkey,Turkish Super League,football-data.co.uk
league_89fba94383a52a22,2023-06-07,SUPER_LIG,2022-23,LEAGUE,,Istanbulspor,Umraniyespor,4,0,H,Turkey,Turkish Super League,football-data.co.uk
league_9e28ec502b8d86cd,2023-08-11,SUPER_LIG,2023-24,LEAGUE,,Trabzonspor,Antalyaspor,1,0,H,Turkey,Turkish Super League,football-data.co.uk
league_5f1309bad21f4ad9,2023-08-12,SUPER_LIG,2023-24,LEAGUE,,Kasımpaşa SK,Ankaragucu,3,2,H,Turkey,Turkish Super League,football-data.co.uk
league_95f4c227a9a35598,2023-08-12,SUPER_LIG,2023-24,LEAGUE,,Kayserispor,Galatasaray SK,0,0,D,Turkey,Turkish Super League,football-data.co.uk
league_c350a7d0b3c2d006,2023-08-12,SUPER_LIG,2023-24,LEAGUE,,Konyaspor,Istanbulspor,1,1,D,Turkey,Turkish Super League,football-data.co.uk
league_8c79f0836fcd393d,2023-08-12,SUPER_LIG,2023-24,LEAGUE,,Pendikspor,Hatayspor,1,5,A,Turkey,Turkish Super League,football-data.co.uk
league_97418564f005c648,2023-08-13,SUPER_LIG,2023-24,LEAGUE,,Ad. Demirspor,Çaykur Rizespor,2,1,H,Turkey,Turkish Super League,football-data.co.uk
league_5201621a8e477623,2023-08-13,SUPER_LIG,2023-24,LEAGUE,,Fenerbahçe,Gaziantep FK,2,1,H,Turkey,Turkish Super League,football-data.co.uk
league_c2c634080c6f16c9,2023-08-13,SUPER_LIG,2023-24,LEAGUE,,Sivasspor,Samsunspor,1,1,D,Turkey,Turkish Super League,football-data.co.uk
league_8d360b26885595e2,2023-08-14,SUPER_LIG,2023-24,LEAGUE,,Alanyaspor,Buyuksehyr,2,0,H,Turkey,Turkish Super League,football-data.co.uk
league_46e85d0057f9ee5e,2023-08-14,SUPER_LIG,2023-24,LEAGUE,,Karagumruk,Beşiktaş JK,0,1,A,Turkey,Turkish Super League,football-data.co.uk
league_ba3579ed3c1f4c95,2023-08-18,SUPER_LIG,2023-24,LEAGUE,,Antalyaspor,Konyaspor,1,1,D,Turkey,Turkish Super League,football-data.co.uk
league_d7d7fff2caafa4b9,2023-08-18,SUPER_LIG,2023-24,LEAGUE,,Istanbulspor,Kayserispor,1,1,D,Turkey,Turkish Super League,football-data.co.uk
league_b8883ceed5df2440,2023-08-19,SUPER_LIG,2023-24,LEAGUE,,Galatasaray SK,Trabzonspor,2,0,H,Turkey,Turkish Super League,football-data.co.uk
league_437b42afd9d472f8,2023-08-19,SUPER_LIG,2023-24,LEAGUE,,Hatayspor,Kasımpaşa SK,0,0,D,Turkey,Turkish Super League,football-data.co.uk
league_0e7547375bcb1c34,2023-08-19,SUPER_LIG,2023-24,LEAGUE,,Çaykur Rizespor,Alanyaspor,0,0,D,Turkey,Turkish Super League,football-data.co.uk
league_840d7259ce2eb14c,2023-08-20,SUPER_LIG,2023-24,LEAGUE,,Beşiktaş JK,Pendikspor,1,1,D,Turkey,Turkish Super League,football-data.co.uk
league_bfbcd877270dba7f,2023-08-20,SUPER_LIG,2023-24,LEAGUE,,Buyuksehyr,Karagumruk,0,2,A,Turkey,Turkish Super League,football-data.co.uk
league_9246ae048580ce5e,2023-08-20,SUPER_LIG,2023-24,LEAGUE,,Gaziantep FK,Sivasspor,1,3,A,Turkey,Turkish Super League,football-data.co.uk
league_77f165a19015fbb4,2023-08-21,SUPER_LIG,2023-24,LEAGUE,,Ankaragucu,Ad. Demirspor,1,1,D,Turkey,Turkish Super League,football-data.co.uk
league_83ddecfb040b6329,2023-08-21,SUPER_LIG,2023-24,LEAGUE,,Samsunspor,Fenerbahçe,0,2,A,Turkey,Turkish Super League,football-data.co.uk
league_7020f03c6496d07a,2023-08-25,SUPER_LIG,2023-24,LEAGUE,,Konyaspor,Gaziantep FK,2,0,H,Turkey,Turkish Super League,football-data.co.uk
league_dd3148c2bb4d2272,2023-08-26,SUPER_LIG,2023-24,LEAGUE,,Kasımpaşa SK,Pendikspor,1,1,D,Turkey,Turkish Super League,football-data.co.uk
league_5b4d378ea9488f0e,2023-08-26,SUPER_LIG,2023-24,LEAGUE,,Sivasspor,Antalyaspor,1,1,D,Turkey,Turkish Super League,football-data.co.uk
league_a6c6c1ef212f4486,2023-08-26,SUPER_LIG,2023-24,LEAGUE,,Trabzonspor,Çaykur Rizespor,2,3,A,Turkey,Turkish Super League,football-data.co.uk
league_361a4654e84b079d,2023-08-27,SUPER_LIG,2023-24,LEAGUE,,Alanyaspor,Hatayspor,0,0,D,Turkey,Turkish Super League,football-data.co.uk
league_d9ce0e960ca72eae,2023-08-27,SUPER_LIG,2023-24,LEAGUE,,Karagumruk,Ankaragucu,1,1,D,Turkey,Turkish Super League,football-data.co.uk
league_8b0d6d30017ec51a,2023-08-27,SUPER_LIG,2023-24,LEAGUE,,Kayserispor,Samsunspor,2,1,H,Turkey,Turkish Super League,football-data.co.uk
league_375f3ceca3393717,2023-09-01,SUPER_LIG,2023-24,LEAGUE,,Kasımpaşa SK,Trabzonspor,1,5,A,Turkey,Turkish Super League,football-data.co.uk
league_624c681651c15944,2023-09-01,SUPER_LIG,2023-24,LEAGUE,,Çaykur Rizespor,Karagumruk,1,0,H,Turkey,Turkish Super League,football-data.co.uk
league_f80c296377565b0f,2023-09-02,SUPER_LIG,2023-24,LEAGUE,,Antalyaspor,Kayserispor,1,1,D,Turkey,Turkish Super League,football-data.co.uk
league_0dc6334c2a6c504f,2023-09-02,SUPER_LIG,2023-24,LEAGUE,,Buyuksehyr,Konyaspor,0,1,A,Turkey,Turkish Super League,football-data.co.uk
league_79db8353f9b4fceb,2023-09-02,SUPER_LIG,2023-24,LEAGUE,,Gaziantep FK,Galatasaray SK,0,3,A,Turkey,Turkish Super League,football-data.co.uk
league_bda3f540c8086d96,2023-09-02,SUPER_LIG,2023-24,LEAGUE,,Pendikspor,Alanyaspor,1,1,D,Turkey,Turkish Super League,football-data.co.uk
league_025a39871075fa7d,2023-09-03,SUPER_LIG,2023-24,LEAGUE,,Ankaragucu,Fenerbahçe,0,1,A,Turkey,Turkish Super League,football-data.co.uk
league_b6c4cd62ef982d39,2023-09-03,SUPER_LIG,2023-24,LEAGUE,,Beşiktaş JK,Sivasspor,2,0,H,Turkey,Turkish Super League,football-data.co.uk
league_5bbcd333a0acc269,2023-09-03,SUPER_LIG,2023-24,LEAGUE,,Hatayspor,Ad. Demirspor,3,3,D,Turkey,Turkish Super League,football-data.co.uk
league_0de667c84929d45f,2023-09-16,SUPER_LIG,2023-24,LEAGUE,,Ad. Demirspor,Pendikspor,3,0,H,Turkey,Turkish Super League,football-data.co.uk
league_c70521c23b39772a,2023-09-16,SUPER_LIG,2023-24,LEAGUE,,Galatasaray SK,Samsunspor,4,2,H,Turkey,Turkish Super League,football-data.co.uk
league_ffdc1aee69660497,2023-09-16,SUPER_LIG,2023-24,LEAGUE,,Kayserispor,Gaziantep FK,2,0,H,Turkey,Turkish Super League,football-data.co.uk
league_9c0b9e8539dbee4b,2023-09-16,SUPER_LIG,2023-24,LEAGUE,,Konyaspor,Çaykur Rizespor,1,2,A,Turkey,Turkish Super League,football-data.co.uk
league_5825903fdfd6ca7c,2023-09-17,SUPER_LIG,2023-24,LEAGUE,,Alanyaspor,Kasımpaşa SK,3,3,D,Turkey,Turkish Super League,football-data.co.uk
league_6ed40cc5300bcab4,2023-09-17,SUPER_LIG,2023-24,LEAGUE,,Fenerbahçe,Antalyaspor,3,2,H,Turkey,Turkish Super League,football-data.co.uk
league_588fa970e3eb25eb,2023-09-17,SUPER_LIG,2023-24,LEAGUE,,Istanbulspor,Buyuksehyr,0,2,A,Turkey,Turkish Super League,football-data.co.uk
league_d5c767e2407c1236,2023-09-17,SUPER_LIG,2023-24,LEAGUE,,Trabzonspor,Beşiktaş JK,3,0,H,Turkey,Turkish Super League,football-data.co.uk
league_fd6ce27a194fbdc6,2023-09-18,SUPER_LIG,2023-24,LEAGUE,,Karagumruk,Hatayspor,0,0,D,Turkey,Turkish Super League,football-data.co.uk
league_0895141a42387633,2023-09-18,SUPER_LIG,2023-24,LEAGUE,,Sivasspor,Ankaragucu,1,3,A,Turkey,Turkish Super League,football-data.co.uk
league_23d9c6c3d2a90db1,2023-09-22,SUPER_LIG,2023-24,LEAGUE,,Gaziantep FK,Istanbulspor,2,0,H,Turkey,Turkish Super League,football-data.co.uk
league_1c159cfa85e8b95a,2023-09-23,SUPER_LIG,2023-24,LEAGUE,,Antalyaspor,Samsunspor,2,0,H,Turkey,Turkish Super League,football-data.co.uk
league_94e9daff07d18919,2023-09-23,SUPER_LIG,2023-24,LEAGUE,,Buyuksehyr,Galatasaray SK,1,2,A,Turkey,Turkish Super League,football-data.co.uk
league_0f483e936428072b,2023-09-23,SUPER_LIG,2023-24,LEAGUE,,Pendikspor,Karagumruk,1,1,D,Turkey,Turkish Super League,football-data.co.uk
league_2b635eedb581815d,2023-09-23,SUPER_LIG,2023-24,LEAGUE,,Çaykur Rizespor,Sivasspor,1,1,D,Turkey,Turkish Super League,football-data.co.uk
league_ff379e2e094727ad,2023-09-24,SUPER_LIG,2023-24,LEAGUE,,Alanyaspor,Fenerbahçe,0,1,A,Turkey,Turkish Super League,football-data.co.uk
league_6095bdb2457d02f5,2023-09-24,SUPER_LIG,2023-24,LEAGUE,,Ankaragucu,Konyaspor,1,1,D,Turkey,Turkish Super League,football-data.co.uk
league_15a71e42bc546110,2023-09-24,SUPER_LIG,2023-24,LEAGUE,,Beşiktaş JK,Kayserispor,2,1,H,Turkey,Turkish Super League,football-data.co.uk
league_a2c9785259bfa304,2023-09-24,SUPER_LIG,2023-24,LEAGUE,,Kasımpaşa SK,Ad. Demirspor,2,1,H,Turkey,Turkish Super League,football-data.co.uk
league_6d477b9b57ffd924,2023-09-25,SUPER_LIG,2023-24,LEAGUE,,Hatayspor,Trabzonspor,3,2,H,Turkey,Turkish Super League,football-data.co.uk
league_517fc09ecdd97143,2023-09-26,SUPER_LIG,2023-24,LEAGUE,,Istanbulspor,Galatasaray SK,0,1,A,Turkey,Turkish Super League,football-data.co.uk
league_f26a981be734b495,2023-09-27,SUPER_LIG,2023-24,LEAGUE,,Ad. Demirspor,Beşiktaş JK,4,2,H,Turkey,Turkish Super League,football-data.co.uk
league_7248e21a0af967af,2023-09-28,SUPER_LIG,2023-24,LEAGUE,,Fenerbahçe,Buyuksehyr,4,0,H,Turkey,Turkish Super League,football-data.co.uk
league_bfd1b0cc6a1b7b77,2023-09-29,SUPER_LIG,2023-24,LEAGUE,,Samsunspor,Gaziantep FK,1,2,A,Turkey,Turkish Super League,football-data.co.uk
league_9307563db05931a2,2023-09-30,SUPER_LIG,2023-24,LEAGUE,,Galatasaray SK,Ankaragucu,2,1,H,Turkey,Turkish Super League,football-data.co.uk
league_38c4bdb6bdb718a0,2023-09-30,SUPER_LIG,2023-24,LEAGUE,,Istanbulspor,Antalyaspor,1,2,A,Turkey,Turkish Super League,football-data.co.uk
league_2424353a21b338ae,2023-09-30,SUPER_LIG,2023-24,LEAGUE,,Sivasspor,Hatayspor,0,0,D,Turkey,Turkish Super League,football-data.co.uk
league_defed643d91ad9bf,2023-09-30,SUPER_LIG,2023-24,LEAGUE,,Trabzonspor,Pendikspor,2,1,H,Turkey,Turkish Super League,football-data.co.uk
league_171b5efbe1c1ee49,2023-10-01,SUPER_LIG,2023-24,LEAGUE,,Ad. Demirspor,Alanyaspor,4,0,H,Turkey,Turkish Super League,football-data.co.uk
league_959a03c161256707,2023-10-01,SUPER_LIG,2023-24,LEAGUE,,Fenerbahçe,Çaykur Rizespor,5,0,H,Turkey,Turkish Super League,football-data.co.uk
league_b4bc94c5befcca70,2023-10-01,SUPER_LIG,2023-24,LEAGUE,,Karagumruk,Kasımpaşa SK,2,3,A,Turkey,Turkish Super League,football-data.co.uk
league_d14056a4d8fcb2a3,2023-10-01,SUPER_LIG,2023-24,LEAGUE,,Konyaspor,Beşiktaş JK,0,2,A,Turkey,Turkish Super League,football-data.co.uk
league_d3c81668d18a8342,2023-10-02,SUPER_LIG,2023-24,LEAGUE,,Kayserispor,Buyuksehyr,0,0,D,Turkey,Turkish Super League,football-data.co.uk
league_502eaab078dcd482,2023-10-06,SUPER_LIG,2023-24,LEAGUE,,Ad. Demirspor,Trabzonspor,1,0,H,Turkey,Turkish Super League,football-data.co.uk
league_d162d35701b176aa,2023-10-06,SUPER_LIG,2023-24,LEAGUE,,Alanyaspor,Karagumruk,2,1,H,Turkey,Turkish Super League,football-data.co.uk
league_82107ada7db82692,2023-10-07,SUPER_LIG,2023-24,LEAGUE,,Ankaragucu,Kayserispor,3,0,H,Turkey,Turkish Super League,football-data.co.uk
league_a46b82a6de6bc4bb,2023-10-07,SUPER_LIG,2023-24,LEAGUE,,Antalyaspor,Galatasaray SK,0,2,A,Turkey,Turkish Super League,football-data.co.uk
league_c5fb765706519acc,2023-10-07,SUPER_LIG,2023-24,LEAGUE,,Buyuksehyr,Gaziantep FK,2,0,H,Turkey,Turkish Super League,football-data.co.uk
league_ff0b72b1319e2509,2023-10-07,SUPER_LIG,2023-24,LEAGUE,,Pendikspor,Sivasspor,2,3,A,Turkey,Turkish Super League,football-data.co.uk
league_b6a972542b5dc379,2023-10-08,SUPER_LIG,2023-24,LEAGUE,,Beşiktaş JK,Istanbulspor,2,0,H,Turkey,Turkish Super League,football-data.co.uk
league_c7fdda137e6e0cc8,2023-10-08,SUPER_LIG,2023-24,LEAGUE,,Hatayspor,Konyaspor,3,1,H,Turkey,Turkish Super League,football-data.co.uk
league_c981a61fc4169b0c,2023-10-08,SUPER_LIG,2023-24,LEAGUE,,Kasımpaşa SK,Fenerbahçe,0,2,A,Turkey,Turkish Super League,football-data.co.uk
league_1cdc768bd92919a2,2023-10-08,SUPER_LIG,2023-24,LEAGUE,,Çaykur Rizespor,Samsunspor,1,0,H,Turkey,Turkish Super League,football-data.co.uk
league_025e21afb4f25205,2023-10-21,SUPER_LIG,2023-24,LEAGUE,,Galatasaray SK,Beşiktaş JK,2,1,H,Turkey,Turkish Super League,football-data.co.uk
league_ce0472788895685d,2023-10-21,SUPER_LIG,2023-24,LEAGUE,,Gaziantep FK,Antalyaspor,1,0,H,Turkey,Turkish Super League,football-data.co.uk
league_db0137bbbc5eb725,2023-10-21,SUPER_LIG,2023-24,LEAGUE,,Kayserispor,Çaykur Rizespor,3,1,H,Turkey,Turkish Super League,football-data.co.uk
league_97086f71dbc82ffc,2023-10-21,SUPER_LIG,2023-24,LEAGUE,,Konyaspor,Pendikspor,1,2,A,Turkey,Turkish Super League,football-data.co.uk
league_52f4fb260be24973,2023-10-22,SUPER_LIG,2023-24,LEAGUE,,Fenerbahçe,Hatayspor,4,2,H,Turkey,Turkish Super League,football-data.co.uk
league_40cc7507953aa921,2023-10-22,SUPER_LIG,2023-24,LEAGUE,,Istanbulspor,Ankaragucu,2,1,H,Turkey,Turkish Super League,football-data.co.uk
league_a18d3d1fe233f36d,2023-10-22,SUPER_LIG,2023-24,LEAGUE,,Samsunspor,Buyuksehyr,0,0,D,Turkey,Turkish Super League,football-data.co.uk
league_0db8e04c942bfa1d,2023-10-22,SUPER_LIG,2023-24,LEAGUE,,Sivasspor,Kasımpaşa SK,0,1,A,Turkey,Turkish Super League,football-data.co.uk
league_c03c45fd9fc63ba2,2023-10-23,SUPER_LIG,2023-24,LEAGUE,,Karagumruk,Ad. Demirspor,2,0,H,Turkey,Turkish Super League,football-data.co.uk
league_c9a3627e80e13164,2023-10-23,SUPER_LIG,2023-24,LEAGUE,,Trabzonspor,Alanyaspor,1,0,H,Turkey,Turkish Super League,football-data.co.uk
league_e7f823677148a38f,2023-10-27,SUPER_LIG,2023-24,LEAGUE,,Hatayspor,Kayserispor,1,2,A,Turkey,Turkish Super League,football-data.co.uk
league_b0d97544b3a2adb0,2023-10-27,SUPER_LIG,2023-24,LEAGUE,,Kasımpaşa SK,Istanbulspor,3,1,H,Turkey,Turkish Super League,football-data.co.uk
league_0fd39948e9153de9,2023-10-28,SUPER_LIG,2023-24,LEAGUE,,Ad. Demirspor,Konyaspor,3,0,H,Turkey,Turkish Super League,football-data.co.uk
league_f19fa48bd447d68f,2023-10-28,SUPER_LIG,2023-24,LEAGUE,,Alanyaspor,Sivasspor,1,2,A,Turkey,Turkish Super League,football-data.co.uk
league_ddc64a34f4f8d009,2023-10-28,SUPER_LIG,2023-24,LEAGUE,,Çaykur Rizespor,Galatasaray SK,0,1,A,Turkey,Turkish Super League,football-data.co.uk
league_25b1e409e19bd9d9,2023-10-29,SUPER_LIG,2023-24,LEAGUE,,Ankaragucu,Samsunspor,2,0,H,Turkey,Turkish Super League,football-data.co.uk
league_83d070367a2e52b5,2023-10-29,SUPER_LIG,2023-24,LEAGUE,,Antalyaspor,Buyuksehyr,1,0,H,Turkey,Turkish Super League,football-data.co.uk
league_b7ef494b95304600,2023-10-29,SUPER_LIG,2023-24,LEAGUE,,Karagumruk,Trabzonspor,0,0,D,Turkey,Turkish Super League,football-data.co.uk
league_5f0fae7ed98952e1,2023-10-29,SUPER_LIG,2023-24,LEAGUE,,Pendikspor,Fenerbahçe,0,5,A,Turkey,Turkish Super League,football-data.co.uk
league_186d37d920a9a0f9,2023-10-30,SUPER_LIG,2023-24,LEAGUE,,Beşiktaş JK,Gaziantep FK,2,0,H,Turkey,Turkish Super League,football-data.co.uk
league_c8faf32b8579bf20,2023-11-03,SUPER_LIG,2023-24,LEAGUE,,Galatasaray SK,Kasımpaşa SK,2,1,H,Turkey,Turkish Super League,football-data.co.uk
league_a13cad1d673e3187,2023-11-04,SUPER_LIG,2023-24,LEAGUE,,Fenerbahçe,Trabzonspor,2,3,A,Turkey,Turkish Super League,football-data.co.uk
league_6c87ad5482f619b0,2023-11-04,SUPER_LIG,2023-24,LEAGUE,,Istanbulspor,Pendikspor,2,4,A,Turkey,Turkish Super League,football-data.co.uk
league_2940ba74c9e95c9d,2023-11-04,SUPER_LIG,2023-24,LEAGUE,,Samsunspor,Hatayspor,2,1,H,Turkey,Turkish Super League,football-data.co.uk
league_9903b2b6a62a677d,2023-11-05,SUPER_LIG,2023-24,LEAGUE,,Antalyaspor,Beşiktaş JK,3,2,H,Turkey,Turkish Super League,football-data.co.uk
league_aa41f573c4c09af7,2023-11-05,SUPER_LIG,2023-24,LEAGUE,,Buyuksehyr,Ankaragucu,3,3,D,Turkey,Turkish Super League,football-data.co.uk
league_7cca1bcf31a230ff,2023-11-05,SUPER_LIG,2023-24,LEAGUE,,Konyaspor,Karagumruk,1,1,D,Turkey,Turkish Super League,football-data.co.uk
league_72acbf9acbb471c7,2023-11-05,SUPER_LIG,2023-24,LEAGUE,,Sivasspor,Ad. Demirspor,1,1,D,Turkey,Turkish Super League,football-data.co.uk
league_5c5bac09bf04ebd5,2023-11-06,SUPER_LIG,2023-24,LEAGUE,,Gaziantep FK,Çaykur Rizespor,2,0,H,Turkey,Turkish Super League,football-data.co.uk
league_f8babb655e445fe4,2023-11-06,SUPER_LIG,2023-24,LEAGUE,,Kayserispor,Alanyaspor,1,0,H,Turkey,Turkish Super League,football-data.co.uk
league_8396157eef89bc05,2023-11-08,SUPER_LIG,2023-24,LEAGUE,,Samsunspor,Istanbulspor,2,1,H,Turkey,Turkish Super League,football-data.co.uk
league_ccdcd9b03cda0af9,2023-11-10,SUPER_LIG,2023-24,LEAGUE,,Ankaragucu,Antalyaspor,0,4,A,Turkey,Turkish Super League,football-data.co.uk
league_168be4048d98b4b0,2023-11-10,SUPER_LIG,2023-24,LEAGUE,,Trabzonspor,Konyaspor,2,1,H,Turkey,Turkish Super League,football-data.co.uk
league_632642c9e69e6f7e,2023-11-11,SUPER_LIG,2023-24,LEAGUE,,Alanyaspor,Gaziantep FK,0,3,A,Turkey,Turkish Super League,football-data.co.uk
league_d76647347de9c526,2023-11-11,SUPER_LIG,2023-24,LEAGUE,,Hatayspor,Galatasaray SK,2,1,H,Turkey,Turkish Super League,football-data.co.uk
league_adf8781a6b0a0173,2023-11-11,SUPER_LIG,2023-24,LEAGUE,,Karagumruk,Sivasspor,3,0,H,Turkey,Turkish Super League,football-data.co.uk
league_198f380114080f91,2023-11-11,SUPER_LIG,2023-24,LEAGUE,,Kasımpaşa SK,Kayserispor,3,4,A,Turkey,Turkish Super League,football-data.co.uk
league_2003b9a45e8e143c,2023-11-12,SUPER_LIG,2023-24,LEAGUE,,Ad. Demirspor,Fenerbahçe,0,0,D,Turkey,Turkish Super League,football-data.co.uk
league_af10d13f8d1d02dd,2023-11-12,SUPER_LIG,2023-24,LEAGUE,,Beşiktaş JK,Buyuksehyr,1,0,H,Turkey,Turkish Super League,football-data.co.uk
league_0519b8a276206895,2023-11-12,SUPER_LIG,2023-24,LEAGUE,,Pendikspor,Samsunspor,1,0,H,Turkey,Turkish Super League,football-data.co.uk
league_e1351549ed014c0d,2023-11-12,SUPER_LIG,2023-24,LEAGUE,,Çaykur Rizespor,Istanbulspor,1,0,H,Turkey,Turkish Super League,football-data.co.uk
league_a4741e8de6447e43,2023-11-25,SUPER_LIG,2023-24,LEAGUE,,Galatasaray SK,Alanyaspor,4,0,H,Turkey,Turkish Super League,football-data.co.uk
league_ede4b5d5efd97b7d,2023-11-25,SUPER_LIG,2023-24,LEAGUE,,Gaziantep FK,Ankaragucu,0,1,A,Turkey,Turkish Super League,football-data.co.uk
league_626e1289d5bbda97,2023-11-25,SUPER_LIG,2023-24,LEAGUE,,Istanbulspor,Hatayspor,2,1,H,Turkey,Turkish Super League,football-data.co.uk
league_469314bb6b9108ee,2023-11-25,SUPER_LIG,2023-24,LEAGUE,,Konyaspor,Kasımpaşa SK,2,0,H,Turkey,Turkish Super League,football-data.co.uk
league_0ac5a7c74314b440,2023-11-26,SUPER_LIG,2023-24,LEAGUE,,Antalyaspor,Çaykur Rizespor,0,0,D,Turkey,Turkish Super League,football-data.co.uk
league_423d1fb306daea08,2023-11-26,SUPER_LIG,2023-24,LEAGUE,,Fenerbahçe,Karagumruk,2,1,H,Turkey,Turkish Super League,football-data.co.uk
league_b38cf39dbf183fcf,2023-11-26,SUPER_LIG,2023-24,LEAGUE,,Kayserispor,Ad. Demirspor,1,1,D,Turkey,Turkish Super League,football-data.co.uk
league_82267d54e6e4db2d,2023-11-26,SUPER_LIG,2023-24,LEAGUE,,Samsunspor,Beşiktaş JK,1,2,A,Turkey,Turkish Super League,football-data.co.uk
league_381b693cf4456700,2023-11-27,SUPER_LIG,2023-24,LEAGUE,,Buyuksehyr,Pendikspor,4,1,H,Turkey,Turkish Super League,football-data.co.uk
league_c636c3f25d988067,2023-11-27,SUPER_LIG,2023-24,LEAGUE,,Sivasspor,Trabzonspor,3,3,D,Turkey,Turkish Super League,football-data.co.uk
league_73b71cf17377caab,2023-12-01,SUPER_LIG,2023-24,LEAGUE,,Hatayspor,Antalyaspor,3,3,D,Turkey,Turkish Super League,football-data.co.uk
league_28d978911adc607c,2023-12-01,SUPER_LIG,2023-24,LEAGUE,,Karagumruk,Istanbulspor,3,0,H,Turkey,Turkish Super League,football-data.co.uk
league_29144b8d1b4812d1,2023-12-02,SUPER_LIG,2023-24,LEAGUE,,Ad. Demirspor,Samsunspor,2,3,A,Turkey,Turkish Super League,football-data.co.uk
league_ce8dadc8878f7995,2023-12-02,SUPER_LIG,2023-24,LEAGUE,,Alanyaspor,Konyaspor,2,2,D,Turkey,Turkish Super League,football-data.co.uk
league_8b3ebd871f0a06e6,2023-12-02,SUPER_LIG,2023-24,LEAGUE,,Pendikspor,Galatasaray SK,0,2,A,Turkey,Turkish Super League,football-data.co.uk
league_76c8b3c4ad279f28,2023-12-02,SUPER_LIG,2023-24,LEAGUE,,Çaykur Rizespor,Buyuksehyr,3,2,H,Turkey,Turkish Super League,football-data.co.uk
league_8d8fa7b4a59fcd28,2023-12-03,SUPER_LIG,2023-24,LEAGUE,,Ankaragucu,Beşiktaş JK,1,1,D,Turkey,Turkish Super League,football-data.co.uk
league_1414e1e9af4a4168,2023-12-03,SUPER_LIG,2023-24,LEAGUE,,Kasımpaşa SK,Gaziantep FK,4,2,H,Turkey,Turkish Super League,football-data.co.uk
league_45a1a678f1ce19f7,2023-12-03,SUPER_LIG,2023-24,LEAGUE,,Trabzonspor,Kayserispor,0,1,A,Turkey,Turkish Super League,football-data.co.uk
league_fbedb275b245e894,2023-12-04,SUPER_LIG,2023-24,LEAGUE,,Fenerbahçe,Sivasspor,4,1,H,Turkey,Turkish Super League,football-data.co.uk
league_6097c77e55fcb1a1,2023-12-08,SUPER_LIG,2023-24,LEAGUE,,Galatasaray SK,Ad. Demirspor,3,1,H,Turkey,Turkish Super League,football-data.co.uk
league_59165efe2d8f9062,2023-12-09,SUPER_LIG,2023-24,LEAGUE,,Antalyaspor,Karagumruk,2,1,H,Turkey,Turkish Super League,football-data.co.uk
league_c3141d46890b5e0f,2023-12-09,SUPER_LIG,2023-24,LEAGUE,,Beşiktaş JK,Fenerbahçe,1,3,A,Turkey,Turkish Super League,football-data.co.uk
league_a6942f396fc07dd4,2023-12-09,SUPER_LIG,2023-24,LEAGUE,,Samsunspor,Kasımpaşa SK,4,2,H,Turkey,Turkish Super League,football-data.co.uk
league_6cd938b8cb1d85f1,2023-12-10,SUPER_LIG,2023-24,LEAGUE,,Buyuksehyr,Hatayspor,1,0,H,Turkey,Turkish Super League,football-data.co.uk
league_3e24f6269bf60d75,2023-12-10,SUPER_LIG,2023-24,LEAGUE,,Gaziantep FK,Trabzonspor,1,3,A,Turkey,Turkish Super League,football-data.co.uk
league_11c095ddd4095c30,2023-12-10,SUPER_LIG,2023-24,LEAGUE,,Istanbulspor,Alanyaspor,0,1,A,Turkey,Turkish Super League,football-data.co.uk
league_64f1ca5ad2639a5d,2023-12-10,SUPER_LIG,2023-24,LEAGUE,,Kayserispor,Pendikspor,2,0,H,Turkey,Turkish Super League,football-data.co.uk
league_65d2c946a37a529e,2023-12-11,SUPER_LIG,2023-24,LEAGUE,,Ankaragucu,Çaykur Rizespor,1,1,D,Turkey,Turkish Super League,football-data.co.uk
league_5d8bcc20ac16e57a,2023-12-11,SUPER_LIG,2023-24,LEAGUE,,Konyaspor,Sivasspor,0,1,A,Turkey,Turkish Super League,football-data.co.uk
league_20651de0240e8ef9,2023-12-19,SUPER_LIG,2023-24,LEAGUE,,Buyuksehyr,Sivasspor,3,1,H,Turkey,Turkish Super League,football-data.co.uk
league_d44d4ca6df9ef1c2,2023-12-19,SUPER_LIG,2023-24,LEAGUE,,Gaziantep FK,Ad. Demirspor,2,2,D,Turkey,Turkish Super League,football-data.co.uk
league_dfeb9af0b7cc0acf,2023-12-19,SUPER_LIG,2023-24,LEAGUE,,Istanbulspor,Trabzonspor,0,3,A,Turkey,Turkish Super League,football-data.co.uk
league_3814bc3f57ddac8d,2023-12-20,SUPER_LIG,2023-24,LEAGUE,,Antalyaspor,Kasımpaşa SK,0,0,D,Turkey,Turkish Super League,football-data.co.uk
league_60d875f746f70c3e,2023-12-20,SUPER_LIG,2023-24,LEAGUE,,Galatasaray SK,Karagumruk,1,0,H,Turkey,Turkish Super League,football-data.co.uk
league_38bf9780f44615c5,2023-12-20,SUPER_LIG,2023-24,LEAGUE,,Kayserispor,Fenerbahçe,3,4,A,Turkey,Turkish Super League,football-data.co.uk
league_0c411c482d6c475c,2023-12-21,SUPER_LIG,2023-24,LEAGUE,,Ankaragucu,Hatayspor,0,0,D,Turkey,Turkish Super League,football-data.co.uk
league_10577e43d475c2a5,2023-12-21,SUPER_LIG,2023-24,LEAGUE,,Beşiktaş JK,Alanyaspor,1,3,A,Turkey,Turkish Super League,football-data.co.uk
league_9a8bac79f9c5e69f,2023-12-21,SUPER_LIG,2023-24,LEAGUE,,Samsunspor,Konyaspor,1,1,D,Turkey,Turkish Super League,football-data.co.uk
league_cbf1d47cb00154cc,2023-12-21,SUPER_LIG,2023-24,LEAGUE,,Çaykur Rizespor,Pendikspor,5,1,H,Turkey,Turkish Super League,football-data.co.uk
league_a777de5f91914608,2023-12-23,SUPER_LIG,2023-24,LEAGUE,,Karagumruk,Gaziantep FK,0,3,A,Turkey,Turkish Super League,football-data.co.uk
league_f0b3d9c01553e167,2023-12-23,SUPER_LIG,2023-24,LEAGUE,,Sivasspor,Istanbulspor,1,0,H,Turkey,Turkish Super League,football-data.co.uk
league_c9d9308c7e54f9ad,2023-12-23,SUPER_LIG,2023-24,LEAGUE,,Trabzonspor,Buyuksehyr,1,1,D,Turkey,Turkish Super League,football-data.co.uk
league_23246acfcf2fff62,2023-12-24,SUPER_LIG,2023-24,LEAGUE,,Ad. Demirspor,Antalyaspor,2,1,H,Turkey,Turkish Super League,football-data.co.uk
league_ed0cfe7cfce16f99,2023-12-24,SUPER_LIG,2023-24,LEAGUE,,Fenerbahçe,Galatasaray SK,0,0,D,Turkey,Turkish Super League,football-data.co.uk
league_427f3b16e9cd25bc,2023-12-24,SUPER_LIG,2023-24,LEAGUE,,Konyaspor,Kayserispor,2,0,H,Turkey,Turkish Super League,football-data.co.uk
league_973cd072ff79c4dc,2023-12-25,SUPER_LIG,2023-24,LEAGUE,,Alanyaspor,Samsunspor,3,1,H,Turkey,Turkish Super League,football-data.co.uk
league_2d3f0abd5fb5ba84,2023-12-25,SUPER_LIG,2023-24,LEAGUE,,Hatayspor,Beşiktaş JK,1,2,A,Turkey,Turkish Super League,football-data.co.uk
league_0f4dc912d7d6e35d,2023-12-25,SUPER_LIG,2023-24,LEAGUE,,Kasımpaşa SK,Çaykur Rizespor,2,2,D,Turkey,Turkish Super League,football-data.co.uk
league_87ce60a2a0004ebf,2023-12-25,SUPER_LIG,2023-24,LEAGUE,,Pendikspor,Ankaragucu,1,1,D,Turkey,Turkish Super League,football-data.co.uk
league_fc4e7504632a6ba1,2024-01-05,SUPER_LIG,2023-24,LEAGUE,,Antalyaspor,Alanyaspor,0,0,D,Turkey,Turkish Super League,football-data.co.uk
league_86763ee507f2e8ae,2024-01-05,SUPER_LIG,2023-24,LEAGUE,,Beşiktaş JK,Kasımpaşa SK,1,3,A,Turkey,Turkish Super League,football-data.co.uk
league_cd78db218f161ea0,2024-01-05,SUPER_LIG,2023-24,LEAGUE,,Gaziantep FK,Pendikspor,2,2,D,Turkey,Turkish Super League,football-data.co.uk
league_b7874907edd8743f,2024-01-06,SUPER_LIG,2023-24,LEAGUE,,Ankaragucu,Trabzonspor,0,1,A,Turkey,Turkish Super League,football-data.co.uk
league_9d00ed4138240ed4,2024-01-06,SUPER_LIG,2023-24,LEAGUE,,Buyuksehyr,Ad. Demirspor,0,0,D,Turkey,Turkish Super League,football-data.co.uk
league_d882178474209d8e,2024-01-06,SUPER_LIG,2023-24,LEAGUE,,Samsunspor,Karagumruk,1,0,H,Turkey,Turkish Super League,football-data.co.uk
league_a9aa2cba7144a7bb,2024-01-06,SUPER_LIG,2023-24,LEAGUE,,Çaykur Rizespor,Hatayspor,2,0,H,Turkey,Turkish Super League,football-data.co.uk
league_6b45eadf2b91dd14,2024-01-07,SUPER_LIG,2023-24,LEAGUE,,Galatasaray SK,Konyaspor,3,0,H,Turkey,Turkish Super League,football-data.co.uk
league_c821e4fc9ad9f927,2024-01-07,SUPER_LIG,2023-24,LEAGUE,,Istanbulspor,Fenerbahçe,1,5,A,Turkey,Turkish Super League,football-data.co.uk
league_53ad8898f4d2839d,2024-01-07,SUPER_LIG,2023-24,LEAGUE,,Kayserispor,Sivasspor,1,3,A,Turkey,Turkish Super League,football-data.co.uk
league_3bdc54286df4b9f5,2024-01-09,SUPER_LIG,2023-24,LEAGUE,,Alanyaspor,Ankaragucu,1,1,D,Turkey,Turkish Super League,football-data.co.uk
league_2fa8825bc82dbeae,2024-01-09,SUPER_LIG,2023-24,LEAGUE,,Kasımpaşa SK,Buyuksehyr,0,3,A,Turkey,Turkish Super League,football-data.co.uk
league_170bfaf2a8fdaca4,2024-01-09,SUPER_LIG,2023-24,LEAGUE,,Pendikspor,Antalyaspor,0,1,A,Turkey,Turkish Super League,football-data.co.uk
league_15c4de83d748e009,2024-01-09,SUPER_LIG,2023-24,LEAGUE,,Çaykur Rizespor,Beşiktaş JK,0,4,A,Turkey,Turkish Super League,football-data.co.uk
league_0f4d26b81a3fc5cc,2024-01-10,SUPER_LIG,2023-24,LEAGUE,,Ad. Demirspor,Istanbulspor,2,2,D,Turkey,Turkish Super League,football-data.co.uk
league_d9295346f160334f,2024-01-10,SUPER_LIG,2023-24,LEAGUE,,Fenerbahçe,Konyaspor,7,1,H,Turkey,Turkish Super League,football-data.co.uk
league_4f8e23836df3245c,2024-01-10,SUPER_LIG,2023-24,LEAGUE,,Hatayspor,Gaziantep FK,0,0,D,Turkey,Turkish Super League,football-data.co.uk
league_bf673ff0a236ea9d,2024-01-10,SUPER_LIG,2023-24,LEAGUE,,Karagumruk,Kayserispor,4,1,H,Turkey,Turkish Super League,football-data.co.uk
league_13fe3c603ac9a4d5,2024-01-11,SUPER_LIG,2023-24,LEAGUE,,Sivasspor,Galatasaray SK,1,1,D,Turkey,Turkish Super League,football-data.co.uk
league_75c9890e6ba287f2,2024-01-11,SUPER_LIG,2023-24,LEAGUE,,Trabzonspor,Samsunspor,2,1,H,Turkey,Turkish Super League,football-data.co.uk
league_09d2d84df92cc945,2024-01-13,SUPER_LIG,2023-24,LEAGUE,,Ankaragucu,Kasımpaşa SK,3,1,H,Turkey,Turkish Super League,football-data.co.uk
league_e208b4eaf6073677,2024-01-13,SUPER_LIG,2023-24,LEAGUE,,Beşiktaş JK,Karagumruk,3,0,H,Turkey,Turkish Super League,football-data.co.uk
league_f5546c39efffac8d,2024-01-13,SUPER_LIG,2023-24,LEAGUE,,Buyuksehyr,Alanyaspor,3,2,H,Turkey,Turkish Super League,football-data.co.uk
league_d61977e31b25a9b7,2024-01-13,SUPER_LIG,2023-24,LEAGUE,,Hatayspor,Pendikspor,1,1,D,Turkey,Turkish Super League,football-data.co.uk
league_e7644418b63ce851,2024-01-13,SUPER_LIG,2023-24,LEAGUE,,Çaykur Rizespor,Ad. Demirspor,1,0,H,Turkey,Turkish Super League,football-data.co.uk
league_cc986241926e2d7a,2024-01-14,SUPER_LIG,2023-24,LEAGUE,,Antalyaspor,Trabzonspor,1,1,D,Turkey,Turkish Super League,football-data.co.uk
league_26ab6b4fdabec323,2024-01-14,SUPER_LIG,2023-24,LEAGUE,,Gaziantep FK,Fenerbahçe,0,1,A,Turkey,Turkish Super League,football-data.co.uk
league_aa5f33f415c31aea,2024-01-14,SUPER_LIG,2023-24,LEAGUE,,Istanbulspor,Konyaspor,0,0,D,Turkey,Turkish Super League,football-data.co.uk
league_99062f1c3b546f99,2024-01-14,SUPER_LIG,2023-24,LEAGUE,,Samsunspor,Sivasspor,2,0,H,Turkey,Turkish Super League,football-data.co.uk
league_1e7179a71d5675bf,2024-01-15,SUPER_LIG,2023-24,LEAGUE,,Galatasaray SK,Kayserispor,2,1,H,Turkey,Turkish Super League,football-data.co.uk
league_644ab1a6886d722b,2024-01-20,SUPER_LIG,2023-24,LEAGUE,,Ad. Demirspor,Ankaragucu,1,1,D,Turkey,Turkish Super League,football-data.co.uk
league_98950556a72a88e7,2024-01-20,SUPER_LIG,2023-24,LEAGUE,,Alanyaspor,Çaykur Rizespor,2,1,H,Turkey,Turkish Super League,football-data.co.uk
league_ee80006e599faa78,2024-01-20,SUPER_LIG,2023-24,LEAGUE,,Karagumruk,Buyuksehyr,1,1,D,Turkey,Turkish Super League,football-data.co.uk
league_29bd294e617d3d98,2024-01-20,SUPER_LIG,2023-24,LEAGUE,,Kasımpaşa SK,Hatayspor,3,0,H,Turkey,Turkish Super League,football-data.co.uk
league_8636b374c247eb01,2024-01-20,SUPER_LIG,2023-24,LEAGUE,,Pendikspor,Beşiktaş JK,4,0,H,Turkey,Turkish Super League,football-data.co.uk
league_5ffe48f3a19578ee,2024-01-21,SUPER_LIG,2023-24,LEAGUE,,Fenerbahçe,Samsunspor,1,1,D,Turkey,Turkish Super League,football-data.co.uk
league_6890e68c92add665,2024-01-21,SUPER_LIG,2023-24,LEAGUE,,Konyaspor,Antalyaspor,1,1,D,Turkey,Turkish Super League,football-data.co.uk
league_d8c08aa2510cb49b,2024-01-21,SUPER_LIG,2023-24,LEAGUE,,Sivasspor,Gaziantep FK,2,2,D,Turkey,Turkish Super League,football-data.co.uk
league_811078aff950dddb,2024-01-21,SUPER_LIG,2023-24,LEAGUE,,Trabzonspor,Galatasaray SK,1,5,A,Turkey,Turkish Super League,football-data.co.uk
league_e7816f602888135a,2024-01-22,SUPER_LIG,2023-24,LEAGUE,,Kayserispor,Istanbulspor,0,1,A,Turkey,Turkish Super League,football-data.co.uk
league_634eaa0faf9ed6ae,2024-01-23,SUPER_LIG,2023-24,LEAGUE,,Beşiktaş JK,Ad. Demirspor,0,0,D,Turkey,Turkish Super League,football-data.co.uk
league_813b935908153e59,2024-01-23,SUPER_LIG,2023-24,LEAGUE,,Hatayspor,Alanyaspor,1,1,D,Turkey,Turkish Super League,football-data.co.uk
league_e44e7aab983b2c72,2024-01-23,SUPER_LIG,2023-24,LEAGUE,,Pendikspor,Kasımpaşa SK,3,2,H,Turkey,Turkish Super League,football-data.co.uk
league_7a4641900c582301,2024-01-24,SUPER_LIG,2023-24,LEAGUE,,Ankaragucu,Karagumruk,2,0,H,Turkey,Turkish Super League,football-data.co.uk
league_e5a61f74656be853,2024-01-24,SUPER_LIG,2023-24,LEAGUE,,Antalyaspor,Sivasspor,2,1,H,Turkey,Turkish Super League,football-data.co.uk
league_c5e2483a3a17bd96,2024-01-24,SUPER_LIG,2023-24,LEAGUE,,Buyuksehyr,Fenerbahçe,0,1,A,Turkey,Turkish Super League,football-data.co.uk
league_eafb7db3ae28a5dd,2024-01-24,SUPER_LIG,2023-24,LEAGUE,,Gaziantep FK,Konyaspor,1,1,D,Turkey,Turkish Super League,football-data.co.uk
league_b659d9583e5cdd39,2024-01-25,SUPER_LIG,2023-24,LEAGUE,,Galatasaray SK,Istanbulspor,3,1,H,Turkey,Turkish Super League,football-data.co.uk
league_0aeefafc1ca782cf,2024-01-25,SUPER_LIG,2023-24,LEAGUE,,Samsunspor,Kayserispor,2,0,H,Turkey,Turkish Super League,football-data.co.uk
league_816f25b4541e96c7,2024-01-25,SUPER_LIG,2023-24,LEAGUE,,Çaykur Rizespor,Trabzonspor,1,0,H,Turkey,Turkish Super League,football-data.co.uk
league_ac00ccd9a2616f78,2024-01-27,SUPER_LIG,2023-24,LEAGUE,,Ad. Demirspor,Hatayspor,0,1,A,Turkey,Turkish Super League,football-data.co.uk
league_a672854bd1db7955,2024-01-27,SUPER_LIG,2023-24,LEAGUE,,Alanyaspor,Pendikspor,1,1,D,Turkey,Turkish Super League,football-data.co.uk
league_e24e99fc83ea1f44,2024-01-28,SUPER_LIG,2023-24,LEAGUE,,Fenerbahçe,Ankaragucu,2,1,H,Turkey,Turkish Super League,football-data.co.uk
league_a2b26ddf7cebc437,2024-01-28,SUPER_LIG,2023-24,LEAGUE,,Karagumruk,Çaykur Rizespor,4,0,H,Turkey,Turkish Super League,football-data.co.uk
league_840f29b640abd6fc,2024-01-28,SUPER_LIG,2023-24,LEAGUE,,Konyaspor,Buyuksehyr,2,3,A,Turkey,Turkish Super League,football-data.co.uk
league_7dddb4740472ebe2,2024-01-28,SUPER_LIG,2023-24,LEAGUE,,Sivasspor,Beşiktaş JK,1,0,H,Turkey,Turkish Super League,football-data.co.uk
league_1421b241dee843f0,2024-01-29,SUPER_LIG,2023-24,LEAGUE,,Galatasaray SK,Gaziantep FK,2,1,H,Turkey,Turkish Super League,football-data.co.uk
league_269601f10f1737b6,2024-01-29,SUPER_LIG,2023-24,LEAGUE,,Istanbulspor,Samsunspor,1,1,D,Turkey,Turkish Super League,football-data.co.uk
league_9e8e4026d79414d8,2024-01-29,SUPER_LIG,2023-24,LEAGUE,,Kayserispor,Antalyaspor,1,1,D,Turkey,Turkish Super League,football-data.co.uk
league_f2aff55c808c0880,2024-01-29,SUPER_LIG,2023-24,LEAGUE,,Trabzonspor,Kasımpaşa SK,2,3,A,Turkey,Turkish Super League,football-data.co.uk
league_a5448a7b524e8efe,2024-02-02,SUPER_LIG,2023-24,LEAGUE,,Ankaragucu,Sivasspor,0,0,D,Turkey,Turkish Super League,football-data.co.uk
league_5cb154fa7398167f,2024-02-02,SUPER_LIG,2023-24,LEAGUE,,Hatayspor,Karagumruk,3,1,H,Turkey,Turkish Super League,football-data.co.uk
league_9c9f5c0e7cb9a879,2024-02-02,SUPER_LIG,2023-24,LEAGUE,,Samsunspor,Galatasaray SK,0,2,A,Turkey,Turkish Super League,football-data.co.uk
league_bff6da1aa992ba29,2024-02-03,SUPER_LIG,2023-24,LEAGUE,,Antalyaspor,Fenerbahçe,0,2,A,Turkey,Turkish Super League,football-data.co.uk
league_1737e56663c1c268,2024-02-03,SUPER_LIG,2023-24,LEAGUE,,Buyuksehyr,Istanbulspor,2,0,H,Turkey,Turkish Super League,football-data.co.uk
league_175fb852f1d71ece,2024-02-03,SUPER_LIG,2023-24,LEAGUE,,Gaziantep FK,Kayserispor,1,1,D,Turkey,Turkish Super League,football-data.co.uk
league_527c9c18512cc98e,2024-02-03,SUPER_LIG,2023-24,LEAGUE,,Çaykur Rizespor,Konyaspor,0,0,D,Turkey,Turkish Super League,football-data.co.uk
league_e64ce8b5c7d3401e,2024-02-04,SUPER_LIG,2023-24,LEAGUE,,Beşiktaş JK,Trabzonspor,2,0,H,Turkey,Turkish Super League,football-data.co.uk
league_6f96b8c3ac7831a4,2024-02-04,SUPER_LIG,2023-24,LEAGUE,,Kasımpaşa SK,Alanyaspor,2,1,H,Turkey,Turkish Super League,football-data.co.uk
league_f3bd51dfd1044b4b,2024-02-04,SUPER_LIG,2023-24,LEAGUE,,Pendikspor,Ad. Demirspor,2,1,H,Turkey,Turkish Super League,football-data.co.uk
league_a35e9f97bdf42bbd,2024-02-09,SUPER_LIG,2023-24,LEAGUE,,Ad. Demirspor,Kasımpaşa SK,1,3,A,Turkey,Turkish Super League,football-data.co.uk
league_4b558e5348928ac1,2024-02-10,SUPER_LIG,2023-24,LEAGUE,,Galatasaray SK,Buyuksehyr,2,0,H,Turkey,Turkish Super League,football-data.co.uk
league_9556968b36cd490e,2024-02-10,SUPER_LIG,2023-24,LEAGUE,,Karagumruk,Pendikspor,2,0,H,Turkey,Turkish Super League,football-data.co.uk
league_675d6be681e729de,2024-02-11,SUPER_LIG,2023-24,LEAGUE,,Fenerbahçe,Alanyaspor,2,2,D,Turkey,Turkish Super League,football-data.co.uk
league_df0a34dd0b966fb1,2024-02-11,SUPER_LIG,2023-24,LEAGUE,,Istanbulspor,Gaziantep FK,1,3,A,Turkey,Turkish Super League,football-data.co.uk
league_03553e067aaf5cf5,2024-02-11,SUPER_LIG,2023-24,LEAGUE,,Konyaspor,Ankaragucu,1,0,H,Turkey,Turkish Super League,football-data.co.uk
league_1bdf43a1929523d4,2024-02-11,SUPER_LIG,2023-24,LEAGUE,,Sivasspor,Çaykur Rizespor,1,0,H,Turkey,Turkish Super League,football-data.co.uk
league_ea639174f5c6b562,2024-02-12,SUPER_LIG,2023-24,LEAGUE,,Kayserispor,Beşiktaş JK,0,0,D,Turkey,Turkish Super League,football-data.co.uk
league_a049c0c2af972b22,2024-02-12,SUPER_LIG,2023-24,LEAGUE,,Samsunspor,Antalyaspor,2,0,H,Turkey,Turkish Super League,football-data.co.uk
league_1367b1ef1b9336fa,2024-02-12,SUPER_LIG,2023-24,LEAGUE,,Trabzonspor,Hatayspor,2,0,H,Turkey,Turkish Super League,football-data.co.uk
league_716b8662e02ddcdc,2024-02-16,SUPER_LIG,2023-24,LEAGUE,,Kasımpaşa SK,Karagumruk,1,1,D,Turkey,Turkish Super League,football-data.co.uk
league_e9b15aa05d61f522,2024-02-17,SUPER_LIG,2023-24,LEAGUE,,Antalyaspor,Istanbulspor,2,2,D,Turkey,Turkish Super League,football-data.co.uk
league_021ad3e29117c864,2024-02-17,SUPER_LIG,2023-24,LEAGUE,,Hatayspor,Sivasspor,1,1,D,Turkey,Turkish Super League,football-data.co.uk
league_c4870f98dfef5d56,2024-02-17,SUPER_LIG,2023-24,LEAGUE,,Çaykur Rizespor,Fenerbahçe,1,3,A,Turkey,Turkish Super League,football-data.co.uk
league_b06104238148b941,2024-02-18,SUPER_LIG,2023-24,LEAGUE,,Alanyaspor,Ad. Demirspor,3,3,D,Turkey,Turkish Super League,football-data.co.uk
league_c1ded8ad0257de16,2024-02-18,SUPER_LIG,2023-24,LEAGUE,,Ankaragucu,Galatasaray SK,0,3,A,Turkey,Turkish Super League,football-data.co.uk
league_a8b43db25f303542,2024-02-18,SUPER_LIG,2023-24,LEAGUE,,Gaziantep FK,Samsunspor,1,1,D,Turkey,Turkish Super League,football-data.co.uk
league_f73b1f828289973d,2024-02-18,SUPER_LIG,2023-24,LEAGUE,,Pendikspor,Trabzonspor,0,2,A,Turkey,Turkish Super League,football-data.co.uk
league_925e3b51543df53c,2024-02-19,SUPER_LIG,2023-24,LEAGUE,,Beşiktaş JK,Konyaspor,2,0,H,Turkey,Turkish Super League,football-data.co.uk
league_1182dbca364eb078,2024-02-19,SUPER_LIG,2023-24,LEAGUE,,Buyuksehyr,Kayserispor,2,3,A,Turkey,Turkish Super League,football-data.co.uk
league_b3a2a4173ef882fe,2024-02-23,SUPER_LIG,2023-24,LEAGUE,,Samsunspor,Çaykur Rizespor,3,0,H,Turkey,Turkish Super League,football-data.co.uk
league_bab95ec34b3be365,2024-02-24,SUPER_LIG,2023-24,LEAGUE,,Fenerbahçe,Kasımpaşa SK,2,1,H,Turkey,Turkish Super League,football-data.co.uk
league_bbb0669a808714f0,2024-02-24,SUPER_LIG,2023-24,LEAGUE,,Gaziantep FK,Buyuksehyr,0,2,A,Turkey,Turkish Super League,football-data.co.uk
league_392c07f4b8d94446,2024-02-24,SUPER_LIG,2023-24,LEAGUE,,Kayserispor,Ankaragucu,3,2,H,Turkey,Turkish Super League,football-data.co.uk
league_23aa4180d6d15290,2024-02-24,SUPER_LIG,2023-24,LEAGUE,,Konyaspor,Hatayspor,2,0,H,Turkey,Turkish Super League,football-data.co.uk
league_0f0c15a3c23e2d60,2024-02-25,SUPER_LIG,2023-24,LEAGUE,,Istanbulspor,Beşiktaş JK,0,2,A,Turkey,Turkish Super League,football-data.co.uk
league_9bfd9b2d8b0f2507,2024-02-25,SUPER_LIG,2023-24,LEAGUE,,Karagumruk,Alanyaspor,1,1,D,Turkey,Turkish Super League,football-data.co.uk
league_a420da57d90b741e,2024-02-25,SUPER_LIG,2023-24,LEAGUE,,Sivasspor,Pendikspor,4,1,H,Turkey,Turkish Super League,football-data.co.uk
league_5fc9174a4280ea78,2024-02-25,SUPER_LIG,2023-24,LEAGUE,,Trabzonspor,Ad. Demirspor,1,0,H,Turkey,Turkish Super League,football-data.co.uk
league_bcad09f8bcb2a6fe,2024-02-26,SUPER_LIG,2023-24,LEAGUE,,Galatasaray SK,Antalyaspor,2,1,H,Turkey,Turkish Super League,football-data.co.uk
league_3ecbf862458f9ad9,2024-03-01,SUPER_LIG,2023-24,LEAGUE,,Kasımpaşa SK,Sivasspor,0,0,D,Turkey,Turkish Super League,football-data.co.uk
league_4c5bc3ee63de962e,2024-03-02,SUPER_LIG,2023-24,LEAGUE,,Ankaragucu,Istanbulspor,1,1,D,Turkey,Turkish Super League,football-data.co.uk
league_b8cbbf874b0fee7f,2024-03-02,SUPER_LIG,2023-24,LEAGUE,,Hatayspor,Fenerbahçe,0,2,A,Turkey,Turkish Super League,football-data.co.uk
league_fbbbe1eaf7cc1556,2024-03-02,SUPER_LIG,2023-24,LEAGUE,,Çaykur Rizespor,Kayserispor,3,0,H,Turkey,Turkish Super League,football-data.co.uk
league_454e20205577ebdc,2024-03-03,SUPER_LIG,2023-24,LEAGUE,,Beşiktaş JK,Galatasaray SK,0,1,A,Turkey,Turkish Super League,football-data.co.uk
league_524f2bf25baf4f4b,2024-03-03,SUPER_LIG,2023-24,LEAGUE,,Buyuksehyr,Samsunspor,1,0,H,Turkey,Turkish Super League,football-data.co.uk
league_e8d9d7ee24f18041,2024-03-03,SUPER_LIG,2023-24,LEAGUE,,Pendikspor,Konyaspor,0,2,A,Turkey,Turkish Super League,football-data.co.uk
league_06248854a3d8bc1e,2024-03-04,SUPER_LIG,2023-24,LEAGUE,,Ad. Demirspor,Karagumruk,1,0,H,Turkey,Turkish Super League,football-data.co.uk
league_b1bc093bc91775c8,2024-03-04,SUPER_LIG,2023-24,LEAGUE,,Alanyaspor,Trabzonspor,3,1,H,Turkey,Turkish Super League,football-data.co.uk
league_af03562e1ada6625,2024-03-04,SUPER_LIG,2023-24,LEAGUE,,Antalyaspor,Gaziantep FK,1,0,H,Turkey,Turkish Super League,football-data.co.uk
league_e965a66ba2584c32,2024-03-08,SUPER_LIG,2023-24,LEAGUE,,Galatasaray SK,Çaykur Rizespor,6,2,H,Turkey,Turkish Super League,football-data.co.uk
league_6975cb4a0d4feb48,2024-03-09,SUPER_LIG,2023-24,LEAGUE,,Buyuksehyr,Antalyaspor,1,0,H,Turkey,Turkish Super League,football-data.co.uk
league_a8de6a371abc1fd9,2024-03-09,SUPER_LIG,2023-24,LEAGUE,,Konyaspor,Ad. Demirspor,2,2,D,Turkey,Turkish Super League,football-data.co.uk
league_e8ce439755334bff,2024-03-09,SUPER_LIG,2023-24,LEAGUE,,Sivasspor,Alanyaspor,1,2,A,Turkey,Turkish Super League,football-data.co.uk
league_434d03df96bffc50,2024-03-09,SUPER_LIG,2023-24,LEAGUE,,Trabzonspor,Karagumruk,5,1,H,Turkey,Turkish Super League,football-data.co.uk
league_ddf6b2e1aa2ccef0,2024-03-10,SUPER_LIG,2023-24,LEAGUE,,Fenerbahçe,Pendikspor,4,1,H,Turkey,Turkish Super League,football-data.co.uk
league_e46ac50e291f0a25,2024-03-10,SUPER_LIG,2023-24,LEAGUE,,Istanbulspor,Kasımpaşa SK,1,2,A,Turkey,Turkish Super League,football-data.co.uk
league_86b020968c385245,2024-03-10,SUPER_LIG,2023-24,LEAGUE,,Kayserispor,Hatayspor,1,1,D,Turkey,Turkish Super League,football-data.co.uk
league_b916262e7b3b92fa,2024-03-10,SUPER_LIG,2023-24,LEAGUE,,Samsunspor,Ankaragucu,2,1,H,Turkey,Turkish Super League,football-data.co.uk
league_74dc2dd85818f7f8,2024-03-11,SUPER_LIG,2023-24,LEAGUE,,Gaziantep FK,Beşiktaş JK,2,0,H,Turkey,Turkish Super League,football-data.co.uk
league_968e137967608214,2024-03-15,SUPER_LIG,2023-24,LEAGUE,,Karagumruk,Konyaspor,1,1,D,Turkey,Turkish Super League,football-data.co.uk
league_7c5dee15a4bdc642,2024-03-15,SUPER_LIG,2023-24,LEAGUE,,Pendikspor,Istanbulspor,1,0,H,Turkey,Turkish Super League,football-data.co.uk
league_21753b5b1129e60a,2024-03-16,SUPER_LIG,2023-24,LEAGUE,,Ad. Demirspor,Sivasspor,4,1,H,Turkey,Turkish Super League,football-data.co.uk
league_873a3018044e0168,2024-03-16,SUPER_LIG,2023-24,LEAGUE,,Alanyaspor,Kayserispor,1,0,H,Turkey,Turkish Super League,football-data.co.uk
league_4f77f964873ae51d,2024-03-16,SUPER_LIG,2023-24,LEAGUE,,Ankaragucu,Buyuksehyr,2,1,H,Turkey,Turkish Super League,football-data.co.uk
league_d66451b19339b486,2024-03-16,SUPER_LIG,2023-24,LEAGUE,,Beşiktaş JK,Antalyaspor,1,2,A,Turkey,Turkish Super League,football-data.co.uk
league_d6757ce513c482c0,2024-03-17,SUPER_LIG,2023-24,LEAGUE,,Hatayspor,Samsunspor,3,0,H,Turkey,Turkish Super League,football-data.co.uk
league_ea9ff81bd6394e49,2024-03-17,SUPER_LIG,2023-24,LEAGUE,,Kasımpaşa SK,Galatasaray SK,3,4,A,Turkey,Turkish Super League,football-data.co.uk
league_44debb357b09a88b,2024-03-17,SUPER_LIG,2023-24,LEAGUE,,Trabzonspor,Fenerbahçe,2,3,A,Turkey,Turkish Super League,football-data.co.uk
league_c61d079f36eac140,2024-03-17,SUPER_LIG,2023-24,LEAGUE,,Çaykur Rizespor,Gaziantep FK,3,1,H,Turkey,Turkish Super League,football-data.co.uk
league_9e19e5e7973d2ed3,2024-04-02,SUPER_LIG,2023-24,LEAGUE,,Antalyaspor,Ankaragucu,1,1,D,Turkey,Turkish Super League,football-data.co.uk
league_6dfc50290b48f2de,2024-04-02,SUPER_LIG,2023-24,LEAGUE,,Galatasaray SK,Hatayspor,1,0,H,Turkey,Turkish Super League,football-data.co.uk
league_9be17d3244188040,2024-04-02,SUPER_LIG,2023-24,LEAGUE,,Gaziantep FK,Alanyaspor,0,3,A,Turkey,Turkish Super League,football-data.co.uk
league_4b1593070b602cf3,2024-04-02,SUPER_LIG,2023-24,LEAGUE,,Istanbulspor,Çaykur Rizespor,0,4,A,Turkey,Turkish Super League,football-data.co.uk
league_10bda595d420ab08,2024-04-03,SUPER_LIG,2023-24,LEAGUE,,Fenerbahçe,Ad. Demirspor,4,2,H,Turkey,Turkish Super League,football-data.co.uk
league_281d31b4f3604cf4,2024-04-03,SUPER_LIG,2023-24,LEAGUE,,Kayserispor,Kasımpaşa SK,0,2,A,Turkey,Turkish Super League,football-data.co.uk
league_7aafc178e08caadf,2024-04-03,SUPER_LIG,2023-24,LEAGUE,,Konyaspor,Trabzonspor,1,3,A,Turkey,Turkish Super League,football-data.co.uk
league_65be9f3ff425bdde,2024-04-03,SUPER_LIG,2023-24,LEAGUE,,Sivasspor,Karagumruk,1,0,H,Turkey,Turkish Super League,football-data.co.uk
league_649e52883bd35a49,2024-04-04,SUPER_LIG,2023-24,LEAGUE,,Buyuksehyr,Beşiktaş JK,1,1,D,Turkey,Turkish Super League,football-data.co.uk
league_4c663ad084c9e2c8,2024-04-04,SUPER_LIG,2023-24,LEAGUE,,Samsunspor,Pendikspor,0,0,D,Turkey,Turkish Super League,football-data.co.uk
league_286697c2c1c69e72,2024-04-12,SUPER_LIG,2023-24,LEAGUE,,Trabzonspor,Sivasspor,0,1,A,Turkey,Turkish Super League,football-data.co.uk
league_82944ca7290397a5,2024-04-13,SUPER_LIG,2023-24,LEAGUE,,Ad. Demirspor,Kayserispor,0,0,D,Turkey,Turkish Super League,football-data.co.uk
league_e7e5e8348657643c,2024-04-13,SUPER_LIG,2023-24,LEAGUE,,Ankaragucu,Gaziantep FK,3,1,H,Turkey,Turkish Super League,football-data.co.uk
league_68738ec17e750d02,2024-04-13,SUPER_LIG,2023-24,LEAGUE,,Beşiktaş JK,Samsunspor,1,1,D,Turkey,Turkish Super League,football-data.co.uk
league_7114c5074ec73354,2024-04-13,SUPER_LIG,2023-24,LEAGUE,,Kasımpaşa SK,Konyaspor,0,2,A,Turkey,Turkish Super League,football-data.co.uk
league_4565d656549bdf5a,2024-04-14,SUPER_LIG,2023-24,LEAGUE,,Hatayspor,Istanbulspor,0,3,A,Turkey,Turkish Super League,football-data.co.uk
league_235029b711d00f61,2024-04-14,SUPER_LIG,2023-24,LEAGUE,,Karagumruk,Fenerbahçe,1,2,A,Turkey,Turkish Super League,football-data.co.uk
league_59975a76e4ec53f3,2024-04-14,SUPER_LIG,2023-24,LEAGUE,,Pendikspor,Buyuksehyr,2,3,A,Turkey,Turkish Super League,football-data.co.uk
league_d08488d77158c8cf,2024-04-14,SUPER_LIG,2023-24,LEAGUE,,Çaykur Rizespor,Antalyaspor,3,0,H,Turkey,Turkish Super League,football-data.co.uk
league_5eed9ba0257157bf,2024-04-15,SUPER_LIG,2023-24,LEAGUE,,Alanyaspor,Galatasaray SK,0,4,A,Turkey,Turkish Super League,football-data.co.uk
league_2ce498e355a0dd37,2024-04-19,SUPER_LIG,2023-24,LEAGUE,,Beşiktaş JK,Ankaragucu,2,0,H,Turkey,Turkish Super League,football-data.co.uk
league_3d8c0ffca09f3759,2024-04-20,SUPER_LIG,2023-24,LEAGUE,,Istanbulspor,Karagumruk,1,2,A,Turkey,Turkish Super League,football-data.co.uk
league_472fad9883b2f6fb,2024-04-20,SUPER_LIG,2023-24,LEAGUE,,Kayserispor,Trabzonspor,1,2,A,Turkey,Turkish Super League,football-data.co.uk
league_7d5784d84faa3a7a,2024-04-20,SUPER_LIG,2023-24,LEAGUE,,Konyaspor,Alanyaspor,0,2,A,Turkey,Turkish Super League,football-data.co.uk
league_bb36944143973f76,2024-04-20,SUPER_LIG,2023-24,LEAGUE,,Samsunspor,Ad. Demirspor,1,1,D,Turkey,Turkish Super League,football-data.co.uk
league_e8e3e63385bfc7a5,2024-04-21,SUPER_LIG,2023-24,LEAGUE,,Antalyaspor,Hatayspor,2,1,H,Turkey,Turkish Super League,football-data.co.uk
league_fbfab2f0b0a660bd,2024-04-21,SUPER_LIG,2023-24,LEAGUE,,Buyuksehyr,Çaykur Rizespor,2,0,H,Turkey,Turkish Super League,football-data.co.uk
league_7c68f71337f31d47,2024-04-21,SUPER_LIG,2023-24,LEAGUE,,Galatasaray SK,Pendikspor,4,1,H,Turkey,Turkish Super League,football-data.co.uk
league_cf332c282b8be44f,2024-04-21,SUPER_LIG,2023-24,LEAGUE,,Gaziantep FK,Kasımpaşa SK,2,0,H,Turkey,Turkish Super League,football-data.co.uk
league_45eecca14873e934,2024-04-22,SUPER_LIG,2023-24,LEAGUE,,Sivasspor,Fenerbahçe,2,2,D,Turkey,Turkish Super League,football-data.co.uk
league_9f5ec690eee597d7,2024-04-26,SUPER_LIG,2023-24,LEAGUE,,Ad. Demirspor,Galatasaray SK,0,3,A,Turkey,Turkish Super League,football-data.co.uk
league_ce1c281c8ac2be62,2024-04-27,SUPER_LIG,2023-24,LEAGUE,,Fenerbahçe,Beşiktaş JK,2,1,H,Turkey,Turkish Super League,football-data.co.uk
league_a8a71af39fbf114f,2024-04-27,SUPER_LIG,2023-24,LEAGUE,,Hatayspor,Buyuksehyr,1,2,A,Turkey,Turkish Super League,football-data.co.uk
league_f57d657845939883,2024-04-27,SUPER_LIG,2023-24,LEAGUE,,Kasımpaşa SK,Samsunspor,1,0,H,Turkey,Turkish Super League,football-data.co.uk
league_924266f0af7e4be3,2024-04-27,SUPER_LIG,2023-24,LEAGUE,,Sivasspor,Konyaspor,1,0,H,Turkey,Turkish Super League,football-data.co.uk
league_6597ec32c5dd1fd0,2024-04-28,SUPER_LIG,2023-24,LEAGUE,,Alanyaspor,Istanbulspor,6,0,H,Turkey,Turkish Super League,football-data.co.uk
league_651d58188265a014,2024-04-28,SUPER_LIG,2023-24,LEAGUE,,Pendikspor,Kayserispor,1,2,A,Turkey,Turkish Super League,football-data.co.uk
league_d6fd300e82fe5265,2024-04-28,SUPER_LIG,2023-24,LEAGUE,,Trabzonspor,Gaziantep FK,4,2,H,Turkey,Turkish Super League,football-data.co.uk
league_a974bf0b2fc366a1,2024-04-28,SUPER_LIG,2023-24,LEAGUE,,Çaykur Rizespor,Ankaragucu,2,2,D,Turkey,Turkish Super League,football-data.co.uk
league_e7fe6fd8dc886791,2024-04-29,SUPER_LIG,2023-24,LEAGUE,,Karagumruk,Antalyaspor,4,1,H,Turkey,Turkish Super League,football-data.co.uk
league_e986fee7e28de616,2024-05-03,SUPER_LIG,2023-24,LEAGUE,,Ankaragucu,Alanyaspor,1,1,D,Turkey,Turkish Super League,football-data.co.uk
league_570b8f958456d1f8,2024-05-03,SUPER_LIG,2023-24,LEAGUE,,Beşiktaş JK,Çaykur Rizespor,3,2,H,Turkey,Turkish Super League,football-data.co.uk
league_eaef9a051c768637,2024-05-04,SUPER_LIG,2023-24,LEAGUE,,Istanbulspor,Ad. Demirspor,0,1,A,Turkey,Turkish Super League,football-data.co.uk
league_35fec187beda77c7,2024-05-04,SUPER_LIG,2023-24,LEAGUE,,Kayserispor,Karagumruk,2,2,D,Turkey,Turkish Super League,football-data.co.uk
league_636b6549394ed021,2024-05-04,SUPER_LIG,2023-24,LEAGUE,,Samsunspor,Trabzonspor,3,1,H,Turkey,Turkish Super League,football-data.co.uk
league_344538a568941744,2024-05-05,SUPER_LIG,2023-24,LEAGUE,,Buyuksehyr,Kasımpaşa SK,4,1,H,Turkey,Turkish Super League,football-data.co.uk
league_45bb66c64503706b,2024-05-05,SUPER_LIG,2023-24,LEAGUE,,Galatasaray SK,Sivasspor,6,1,H,Turkey,Turkish Super League,football-data.co.uk
league_e037e0f96772cd2b,2024-05-05,SUPER_LIG,2023-24,LEAGUE,,Gaziantep FK,Hatayspor,1,1,D,Turkey,Turkish Super League,football-data.co.uk
league_ff1d951846d0a444,2024-05-06,SUPER_LIG,2023-24,LEAGUE,,Antalyaspor,Pendikspor,1,2,A,Turkey,Turkish Super League,football-data.co.uk
league_21328a2f81157bcd,2024-05-06,SUPER_LIG,2023-24,LEAGUE,,Konyaspor,Fenerbahçe,0,0,D,Turkey,Turkish Super League,football-data.co.uk
league_a68013339dd65527,2024-05-12,SUPER_LIG,2023-24,LEAGUE,,Ad. Demirspor,Gaziantep FK,1,6,A,Turkey,Turkish Super League,football-data.co.uk
league_f2a17707edef3e6b,2024-05-12,SUPER_LIG,2023-24,LEAGUE,,Alanyaspor,Beşiktaş JK,1,1,D,Turkey,Turkish Super League,football-data.co.uk
league_4c9fbe1c10917882,2024-05-12,SUPER_LIG,2023-24,LEAGUE,,Fenerbahçe,Kayserispor,3,0,H,Turkey,Turkish Super League,football-data.co.uk
league_49e654e71923d10c,2024-05-12,SUPER_LIG,2023-24,LEAGUE,,Hatayspor,Ankaragucu,2,1,H,Turkey,Turkish Super League,football-data.co.uk
league_f624e177c4011ef5,2024-05-12,SUPER_LIG,2023-24,LEAGUE,,Karagumruk,Galatasaray SK,2,3,A,Turkey,Turkish Super League,football-data.co.uk
league_2dc5232ef6ad19ba,2024-05-12,SUPER_LIG,2023-24,LEAGUE,,Kasımpaşa SK,Antalyaspor,3,1,H,Turkey,Turkish Super League,football-data.co.uk
league_8c43fabe300a15db,2024-05-12,SUPER_LIG,2023-24,LEAGUE,,Konyaspor,Samsunspor,3,0,H,Turkey,Turkish Super League,football-data.co.uk
league_3c4003ee4bb54f4f,2024-05-12,SUPER_LIG,2023-24,LEAGUE,,Pendikspor,Çaykur Rizespor,2,1,H,Turkey,Turkish Super League,football-data.co.uk
league_142b358fa735610c,2024-05-12,SUPER_LIG,2023-24,LEAGUE,,Sivasspor,Buyuksehyr,0,1,A,Turkey,Turkish Super League,football-data.co.uk
league_6c9065bb66c5a3d1,2024-05-12,SUPER_LIG,2023-24,LEAGUE,,Trabzonspor,Istanbulspor,3,0,H,Turkey,Turkish Super League,football-data.co.uk
league_01676b107b9117cc,2024-05-17,SUPER_LIG,2023-24,LEAGUE,,Antalyaspor,Ad. Demirspor,2,1,H,Turkey,Turkish Super League,football-data.co.uk
league_65020e3a4a2fd057,2024-05-17,SUPER_LIG,2023-24,LEAGUE,,Istanbulspor,Sivasspor,1,3,A,Turkey,Turkish Super League,football-data.co.uk
league_337d2e004b9539d9,2024-05-18,SUPER_LIG,2023-24,LEAGUE,,Ankaragucu,Pendikspor,0,0,D,Turkey,Turkish Super League,football-data.co.uk
league_3b2ba13617c9a3ef,2024-05-18,SUPER_LIG,2023-24,LEAGUE,,Beşiktaş JK,Hatayspor,2,2,D,Turkey,Turkish Super League,football-data.co.uk
league_ca216580c9e49ebd,2024-05-18,SUPER_LIG,2023-24,LEAGUE,,Buyuksehyr,Trabzonspor,0,1,A,Turkey,Turkish Super League,football-data.co.uk
league_78f0457b0e2ddb5f,2024-05-18,SUPER_LIG,2023-24,LEAGUE,,Gaziantep FK,Karagumruk,3,1,H,Turkey,Turkish Super League,football-data.co.uk
league_30429fc51a7763b4,2024-05-18,SUPER_LIG,2023-24,LEAGUE,,Kayserispor,Konyaspor,2,2,D,Turkey,Turkish Super League,football-data.co.uk
league_2be705028499e214,2024-05-18,SUPER_LIG,2023-24,LEAGUE,,Samsunspor,Alanyaspor,1,1,D,Turkey,Turkish Super League,football-data.co.uk
league_5e1f2a4a6f373ffb,2024-05-18,SUPER_LIG,2023-24,LEAGUE,,Çaykur Rizespor,Kasımpaşa SK,0,0,D,Turkey,Turkish Super League,football-data.co.uk
league_ef5df8fb132d450a,2024-05-19,SUPER_LIG,2023-24,LEAGUE,,Galatasaray SK,Fenerbahçe,0,1,A,Turkey,Turkish Super League,football-data.co.uk
league_1240644e6d1a2a80,2024-05-24,SUPER_LIG,2023-24,LEAGUE,,Alanyaspor,Antalyaspor,1,1,D,Turkey,Turkish Super League,football-data.co.uk
league_a6feae4176f04077,2024-05-25,SUPER_LIG,2023-24,LEAGUE,,Karagumruk,Samsunspor,3,1,H,Turkey,Turkish Super League,football-data.co.uk
league_34bfbe498d0998ff,2024-05-25,SUPER_LIG,2023-24,LEAGUE,,Sivasspor,Kayserispor,2,1,H,Turkey,Turkish Super League,football-data.co.uk
league_f2396197d3c626b9,2024-05-26,SUPER_LIG,2023-24,LEAGUE,,Ad. Demirspor,Buyuksehyr,2,6,A,Turkey,Turkish Super League,football-data.co.uk
league_e9a7a863799c7e4e,2024-05-26,SUPER_LIG,2023-24,LEAGUE,,Fenerbahçe,Istanbulspor,6,0,H,Turkey,Turkish Super League,football-data.co.uk
league_912fa80982c15bd7,2024-05-26,SUPER_LIG,2023-24,LEAGUE,,Hatayspor,Çaykur Rizespor,2,0,H,Turkey,Turkish Super League,football-data.co.uk
league_d5ef30ec4e49bb11,2024-05-26,SUPER_LIG,2023-24,LEAGUE,,Kasımpaşa SK,Beşiktaş JK,2,1,H,Turkey,Turkish Super League,football-data.co.uk
league_f6d95c8ee9e39455,2024-05-26,SUPER_LIG,2023-24,LEAGUE,,Konyaspor,Galatasaray SK,1,3,A,Turkey,Turkish Super League,football-data.co.uk
league_5a04011a35b340ea,2024-05-26,SUPER_LIG,2023-24,LEAGUE,,Pendikspor,Gaziantep FK,0,1,A,Turkey,Turkish Super League,football-data.co.uk
league_734f4594fe48ccd1,2024-05-26,SUPER_LIG,2023-24,LEAGUE,,Trabzonspor,Ankaragucu,4,2,H,Turkey,Turkish Super League,football-data.co.uk
league_79fd4171cf753ba9,2024-08-09,SUPER_LIG,2024-25,LEAGUE,,Galatasaray SK,Hatayspor,2,1,H,Turkey,Turkish Super League,football-data.co.uk
league_27ef792016c83df7,2024-08-10,SUPER_LIG,2024-25,LEAGUE,,Antalyaspor,Göztepe,0,0,D,Turkey,Turkish Super League,football-data.co.uk
league_12d3f0d8afa316b4,2024-08-10,SUPER_LIG,2024-25,LEAGUE,,Fenerbahçe,Ad. Demirspor,1,0,H,Turkey,Turkish Super League,football-data.co.uk
league_269b256964a72e1b,2024-08-10,SUPER_LIG,2024-25,LEAGUE,,Kasımpaşa SK,Konyaspor,2,3,A,Turkey,Turkish Super League,football-data.co.uk
league_2656d8dea895015b,2024-08-11,SUPER_LIG,2024-25,LEAGUE,,Alanyaspor,Eyupspor,1,1,D,Turkey,Turkish Super League,football-data.co.uk
league_52c5603871eb8658,2024-08-11,SUPER_LIG,2024-25,LEAGUE,,Samsunspor,Beşiktaş JK,0,2,A,Turkey,Turkish Super League,football-data.co.uk
league_437e60c151aa05cc,2024-08-11,SUPER_LIG,2024-25,LEAGUE,,Sivasspor,Trabzonspor,0,0,D,Turkey,Turkish Super League,football-data.co.uk
league_9f5b4fff5cf5fe03,2024-08-12,SUPER_LIG,2024-25,LEAGUE,,Bodrumspor,Gaziantep FK,0,1,A,Turkey,Turkish Super League,football-data.co.uk
league_0d5557e66ebeae62,2024-08-12,SUPER_LIG,2024-25,LEAGUE,,Çaykur Rizespor,Buyuksehyr,1,1,D,Turkey,Turkish Super League,football-data.co.uk
league_75b0b5267a80f111,2024-08-16,SUPER_LIG,2024-25,LEAGUE,,Konyaspor,Galatasaray SK,1,2,A,Turkey,Turkish Super League,football-data.co.uk
league_153e684958bc9770,2024-08-17,SUPER_LIG,2024-25,LEAGUE,,Ad. Demirspor,Çaykur Rizespor,1,2,A,Turkey,Turkish Super League,football-data.co.uk
league_6e5d45335e2d0aa4,2024-08-17,SUPER_LIG,2024-25,LEAGUE,,Göztepe,Fenerbahçe,2,2,D,Turkey,Turkish Super League,football-data.co.uk
league_067cab91958e7c77,2024-08-17,SUPER_LIG,2024-25,LEAGUE,,Kayserispor,Sivasspor,1,2,A,Turkey,Turkish Super League,football-data.co.uk
league_1ca8866ce254b088,2024-08-18,SUPER_LIG,2024-25,LEAGUE,,Beşiktaş JK,Antalyaspor,4,2,H,Turkey,Turkish Super League,football-data.co.uk
league_fc67807d1485112b,2024-08-18,SUPER_LIG,2024-25,LEAGUE,,Buyuksehyr,Alanyaspor,4,2,H,Turkey,Turkish Super League,football-data.co.uk
league_c999101a35808516,2024-08-18,SUPER_LIG,2024-25,LEAGUE,,Gaziantep FK,Samsunspor,0,1,A,Turkey,Turkish Super League,football-data.co.uk
league_c404637e159fe554,2024-08-19,SUPER_LIG,2024-25,LEAGUE,,Eyupspor,Bodrumspor,4,1,H,Turkey,Turkish Super League,football-data.co.uk
league_67f461ebaf327d08,2024-08-19,SUPER_LIG,2024-25,LEAGUE,,Hatayspor,Kasımpaşa SK,1,1,D,Turkey,Turkish Super League,football-data.co.uk
league_4d68464a7920ea8c,2024-08-23,SUPER_LIG,2024-25,LEAGUE,,Alanyaspor,Göztepe,1,1,D,Turkey,Turkish Super League,football-data.co.uk
league_f1719912320ee90f,2024-08-24,SUPER_LIG,2024-25,LEAGUE,,Bodrumspor,Konyaspor,3,1,H,Turkey,Turkish Super League,football-data.co.uk
league_bf490619c095532e,2024-08-24,SUPER_LIG,2024-25,LEAGUE,,Sivasspor,Eyupspor,0,1,A,Turkey,Turkish Super League,football-data.co.uk
league_74b3616b869b4f9f,2024-08-25,SUPER_LIG,2024-25,LEAGUE,,Antalyaspor,Hatayspor,3,2,H,Turkey,Turkish Super League,football-data.co.uk
league_f55b31c3c8a43d11,2024-08-25,SUPER_LIG,2024-25,LEAGUE,,Kasımpaşa SK,Ad. Demirspor,2,2,D,Turkey,Turkish Super League,football-data.co.uk
league_ad594a5cfae1bf42,2024-08-25,SUPER_LIG,2024-25,LEAGUE,,Çaykur Rizespor,Fenerbahçe,0,5,A,Turkey,Turkish Super League,football-data.co.uk
league_a6a93446e1d237c9,2024-08-30,SUPER_LIG,2024-25,LEAGUE,,Fenerbahçe,Alanyaspor,3,0,H,Turkey,Turkish Super League,football-data.co.uk
league_a7d8f2102a847970,2024-08-31,SUPER_LIG,2024-25,LEAGUE,,Ad. Demirspor,Galatasaray SK,1,5,A,Turkey,Turkish Super League,football-data.co.uk
league_ed07ed273acbbd5f,2024-08-31,SUPER_LIG,2024-25,LEAGUE,,Göztepe,Bodrumspor,2,0,H,Turkey,Turkish Super League,football-data.co.uk
league_96963f86fccfc47c,2024-08-31,SUPER_LIG,2024-25,LEAGUE,,Konyaspor,Kayserispor,0,0,D,Turkey,Turkish Super League,football-data.co.uk
league_0ae8150d4239eeaf,2024-08-31,SUPER_LIG,2024-25,LEAGUE,,Çaykur Rizespor,Kasımpaşa SK,0,1,A,Turkey,Turkish Super League,football-data.co.uk
league_884cde02b4806a7d,2024-09-01,SUPER_LIG,2024-25,LEAGUE,,Beşiktaş JK,Sivasspor,2,0,H,Turkey,Turkish Super League,football-data.co.uk
league_c855d605e04971c0,2024-09-01,SUPER_LIG,2024-25,LEAGUE,,Buyuksehyr,Antalyaspor,5,2,H,Turkey,Turkish Super League,football-data.co.uk
league_823019d1482d9372,2024-09-01,SUPER_LIG,2024-25,LEAGUE,,Eyupspor,Trabzonspor,0,0,D,Turkey,Turkish Super League,football-data.co.uk
league_ec5f3a9a0acc9ee6,2024-09-01,SUPER_LIG,2024-25,LEAGUE,,Hatayspor,Samsunspor,0,3,A,Turkey,Turkish Super League,football-data.co.uk
league_655e278a3f9626b6,2024-09-14,SUPER_LIG,2024-25,LEAGUE,,Bodrumspor,Buyuksehyr,0,1,A,Turkey,Turkish Super League,football-data.co.uk
league_6c8452de9821eb34,2024-09-14,SUPER_LIG,2024-25,LEAGUE,,Galatasaray SK,Çaykur Rizespor,5,0,H,Turkey,Turkish Super League,football-data.co.uk
league_b4c05325fb1881fa,2024-09-14,SUPER_LIG,2024-25,LEAGUE,,Samsunspor,Konyaspor,0,1,A,Turkey,Turkish Super League,football-data.co.uk
league_84fb1802a0398a6a,2024-09-14,SUPER_LIG,2024-25,LEAGUE,,Sivasspor,Gaziantep FK,3,2,H,Turkey,Turkish Super League,football-data.co.uk
league_aef5c972a73acd29,2024-09-15,SUPER_LIG,2024-25,LEAGUE,,Alanyaspor,Hatayspor,0,0,D,Turkey,Turkish Super League,football-data.co.uk
league_67df1774149c5dfa,2024-09-15,SUPER_LIG,2024-25,LEAGUE,,Kasımpaşa SK,Fenerbahçe,0,2,A,Turkey,Turkish Super League,football-data.co.uk
league_2802e80f4327ca61,2024-09-15,SUPER_LIG,2024-25,LEAGUE,,Kayserispor,Eyupspor,2,2,D,Turkey,Turkish Super League,football-data.co.uk
league_4da380f843639a9b,2024-09-15,SUPER_LIG,2024-25,LEAGUE,,Trabzonspor,Beşiktaş JK,1,1,D,Turkey,Turkish Super League,football-data.co.uk
league_c7c6cf5c13709915,2024-09-16,SUPER_LIG,2024-25,LEAGUE,,Antalyaspor,Ad. Demirspor,2,1,H,Turkey,Turkish Super League,football-data.co.uk
league_8cc5ddf8acadc704,2024-09-17,SUPER_LIG,2024-25,LEAGUE,,Galatasaray SK,Gaziantep FK,3,1,H,Turkey,Turkish Super League,football-data.co.uk
league_651e90ec7198b433,2024-09-18,SUPER_LIG,2024-25,LEAGUE,,Samsunspor,Buyuksehyr,2,0,H,Turkey,Turkish Super League,football-data.co.uk
league_1cb47d733860202d,2024-09-19,SUPER_LIG,2024-25,LEAGUE,,Trabzonspor,Kayserispor,2,2,D,Turkey,Turkish Super League,football-data.co.uk
league_5c602cb2175b758e,2024-09-20,SUPER_LIG,2024-25,LEAGUE,,Hatayspor,Bodrumspor,0,1,A,Turkey,Turkish Super League,football-data.co.uk
league_766efd0dbb6e6e11,2024-09-21,SUPER_LIG,2024-25,LEAGUE,,Fenerbahçe,Galatasaray SK,1,3,A,Turkey,Turkish Super League,football-data.co.uk
league_94930f827ad41314,2024-09-21,SUPER_LIG,2024-25,LEAGUE,,Konyaspor,Sivasspor,0,0,D,Turkey,Turkish Super League,football-data.co.uk
league_1b8a25e837c712fd,2024-09-22,SUPER_LIG,2024-25,LEAGUE,,Ad. Demirspor,Alanyaspor,0,2,A,Turkey,Turkish Super League,football-data.co.uk
league_195e0425f501fe8a,2024-09-22,SUPER_LIG,2024-25,LEAGUE,,Beşiktaş JK,Eyupspor,2,1,H,Turkey,Turkish Super League,football-data.co.uk
league_85245a601c93c1d8,2024-09-22,SUPER_LIG,2024-25,LEAGUE,,Kasımpaşa SK,Antalyaspor,0,0,D,Turkey,Turkish Super League,football-data.co.uk
league_cacadd411bc1c047,2024-09-22,SUPER_LIG,2024-25,LEAGUE,,Çaykur Rizespor,Samsunspor,0,1,A,Turkey,Turkish Super League,football-data.co.uk
league_b9226c5e600f4fea,2024-09-23,SUPER_LIG,2024-25,LEAGUE,,Gaziantep FK,Trabzonspor,0,0,D,Turkey,Turkish Super League,football-data.co.uk
league_3820bc1fdef25c18,2024-09-23,SUPER_LIG,2024-25,LEAGUE,,Göztepe,Kayserispor,3,0,H,Turkey,Turkish Super League,football-data.co.uk
league_61f0c37e9ac4a293,2024-09-27,SUPER_LIG,2024-25,LEAGUE,,Sivasspor,Buyuksehyr,1,2,A,Turkey,Turkish Super League,football-data.co.uk
league_6694f56500585a97,2024-09-28,SUPER_LIG,2024-25,LEAGUE,,Alanyaspor,Çaykur Rizespor,1,0,H,Turkey,Turkish Super League,football-data.co.uk
league_becd8972ad85379c,2024-09-28,SUPER_LIG,2024-25,LEAGUE,,Galatasaray SK,Kasımpaşa SK,3,3,D,Turkey,Turkish Super League,football-data.co.uk
league_001d43bd7b6736a3,2024-09-28,SUPER_LIG,2024-25,LEAGUE,,Samsunspor,Göztepe,4,3,H,Turkey,Turkish Super League,football-data.co.uk
league_766355a4e46bf992,2024-09-29,SUPER_LIG,2024-25,LEAGUE,,Antalyaspor,Fenerbahçe,0,2,A,Turkey,Turkish Super League,football-data.co.uk
league_23608478eba53f92,2024-09-29,SUPER_LIG,2024-25,LEAGUE,,Bodrumspor,Ad. Demirspor,3,1,H,Turkey,Turkish Super League,football-data.co.uk
league_31bb1e3f82307710,2024-09-29,SUPER_LIG,2024-25,LEAGUE,,Eyupspor,Gaziantep FK,3,2,H,Turkey,Turkish Super League,football-data.co.uk
league_e9653327f3ead132,2024-09-29,SUPER_LIG,2024-25,LEAGUE,,Trabzonspor,Konyaspor,3,2,H,Turkey,Turkish Super League,football-data.co.uk
league_33343e9a5208ba20,2024-09-30,SUPER_LIG,2024-25,LEAGUE,,Kayserispor,Beşiktaş JK,0,3,A,Turkey,Turkish Super League,football-data.co.uk
league_b9380a2937bb0de1,2024-10-04,SUPER_LIG,2024-25,LEAGUE,,Çaykur Rizespor,Antalyaspor,2,1,H,Turkey,Turkish Super League,football-data.co.uk
league_4c70fa33339aa4fd,2024-10-05,SUPER_LIG,2024-25,LEAGUE,,Buyuksehyr,Kayserispor,1,1,D,Turkey,Turkish Super League,football-data.co.uk
league_4208f2217f908278,2024-10-05,SUPER_LIG,2024-25,LEAGUE,,Göztepe,Sivasspor,3,2,H,Turkey,Turkish Super League,football-data.co.uk
league_0281e453d5a8f4ce,2024-10-05,SUPER_LIG,2024-25,LEAGUE,,Hatayspor,Trabzonspor,1,1,D,Turkey,Turkish Super League,football-data.co.uk
league_e3f8ef1cef4380a8,2024-10-05,SUPER_LIG,2024-25,LEAGUE,,Kasımpaşa SK,Bodrumspor,0,0,D,Turkey,Turkish Super League,football-data.co.uk
league_ee45e8f7d1194f41,2024-10-06,SUPER_LIG,2024-25,LEAGUE,,Ad. Demirspor,Samsunspor,1,3,A,Turkey,Turkish Super League,football-data.co.uk
league_5b9e5745ef828931,2024-10-06,SUPER_LIG,2024-25,LEAGUE,,Galatasaray SK,Alanyaspor,1,0,H,Turkey,Turkish Super League,football-data.co.uk
league_78c856e042043427,2024-10-06,SUPER_LIG,2024-25,LEAGUE,,Gaziantep FK,Beşiktaş JK,1,1,D,Turkey,Turkish Super League,football-data.co.uk
league_f49c40e1cbf55d5d,2024-10-06,SUPER_LIG,2024-25,LEAGUE,,Konyaspor,Eyupspor,2,1,H,Turkey,Turkish Super League,football-data.co.uk
league_5e08988c8936e3f0,2024-10-19,SUPER_LIG,2024-25,LEAGUE,,Antalyaspor,Galatasaray SK,0,3,A,Turkey,Turkish Super League,football-data.co.uk
league_ccdb508f9fbb76cc,2024-10-19,SUPER_LIG,2024-25,LEAGUE,,Eyupspor,Göztepe,1,0,H,Turkey,Turkish Super League,football-data.co.uk
league_50695afab1280d51,2024-10-19,SUPER_LIG,2024-25,LEAGUE,,Kayserispor,Gaziantep FK,2,2,D,Turkey,Turkish Super League,football-data.co.uk
league_2b696d2212f2c2d1,2024-10-19,SUPER_LIG,2024-25,LEAGUE,,Trabzonspor,Buyuksehyr,1,0,H,Turkey,Turkish Super League,football-data.co.uk
league_d7700d2b9653a9e8,2024-10-20,SUPER_LIG,2024-25,LEAGUE,,Alanyaspor,Kasımpaşa SK,1,2,A,Turkey,Turkish Super League,football-data.co.uk
league_8346006960dce5d7,2024-10-20,SUPER_LIG,2024-25,LEAGUE,,Beşiktaş JK,Konyaspor,2,0,H,Turkey,Turkish Super League,football-data.co.uk
league_fc2d897f57025feb,2024-10-20,SUPER_LIG,2024-25,LEAGUE,,Samsunspor,Fenerbahçe,2,2,D,Turkey,Turkish Super League,football-data.co.uk
league_0f9cb63aa1a0d5c1,2024-10-20,SUPER_LIG,2024-25,LEAGUE,,Sivasspor,Hatayspor,3,2,H,Turkey,Turkish Super League,football-data.co.uk
league_3588f54b02ff8d95,2024-10-21,SUPER_LIG,2024-25,LEAGUE,,Bodrumspor,Çaykur Rizespor,0,1,A,Turkey,Turkish Super League,football-data.co.uk
league_10a1b87d63a26927,2024-10-25,SUPER_LIG,2024-25,LEAGUE,,Ad. Demirspor,Sivasspor,2,4,A,Turkey,Turkish Super League,football-data.co.uk
league_33371b60bdbddb22,2024-10-26,SUPER_LIG,2024-25,LEAGUE,,Göztepe,Trabzonspor,2,1,H,Turkey,Turkish Super League,football-data.co.uk
league_d3e83183d424485f,2024-10-26,SUPER_LIG,2024-25,LEAGUE,,Hatayspor,Kayserispor,0,1,A,Turkey,Turkish Super League,football-data.co.uk
league_b1054e642660dd08,2024-10-26,SUPER_LIG,2024-25,LEAGUE,,Kasımpaşa SK,Samsunspor,1,4,A,Turkey,Turkish Super League,football-data.co.uk
league_138185da4f0b3ea7,2024-10-27,SUPER_LIG,2024-25,LEAGUE,,Alanyaspor,Antalyaspor,1,2,A,Turkey,Turkish Super League,football-data.co.uk
league_efd9119f603efb17,2024-10-27,SUPER_LIG,2024-25,LEAGUE,,Fenerbahçe,Bodrumspor,2,0,H,Turkey,Turkish Super League,football-data.co.uk
league_d5ba145eee623272,2024-10-27,SUPER_LIG,2024-25,LEAGUE,,Gaziantep FK,Konyaspor,3,1,H,Turkey,Turkish Super League,football-data.co.uk
league_f9ecc08930c69490,2024-10-28,SUPER_LIG,2024-25,LEAGUE,,Buyuksehyr,Eyupspor,1,1,D,Turkey,Turkish Super League,football-data.co.uk
league_e788747b8b4b59d9,2024-10-28,SUPER_LIG,2024-25,LEAGUE,,Galatasaray SK,Beşiktaş JK,2,1,H,Turkey,Turkish Super League,football-data.co.uk
league_58cb57c38fd81937,2024-11-01,SUPER_LIG,2024-25,LEAGUE,,Gaziantep FK,Göztepe,2,1,H,Turkey,Turkish Super League,football-data.co.uk
league_b86985b66c993a79,2024-11-02,SUPER_LIG,2024-25,LEAGUE,,Beşiktaş JK,Kasımpaşa SK,1,3,A,Turkey,Turkish Super League,football-data.co.uk
league_32d7e4d5695280d1,2024-11-02,SUPER_LIG,2024-25,LEAGUE,,Kayserispor,Ad. Demirspor,0,0,D,Turkey,Turkish Super League,football-data.co.uk
league_288b7e2044fe9b70,2024-11-02,SUPER_LIG,2024-25,LEAGUE,,Sivasspor,Çaykur Rizespor,2,1,H,Turkey,Turkish Super League,football-data.co.uk
league_3c47d6b31d566886,2024-11-03,SUPER_LIG,2024-25,LEAGUE,,Bodrumspor,Alanyaspor,0,0,D,Turkey,Turkish Super League,football-data.co.uk
league_921f5d7d2bb14466,2024-11-03,SUPER_LIG,2024-25,LEAGUE,,Eyupspor,Hatayspor,2,0,H,Turkey,Turkish Super League,football-data.co.uk
league_87ab66a162ca6b2a,2024-11-03,SUPER_LIG,2024-25,LEAGUE,,Konyaspor,Buyuksehyr,3,2,H,Turkey,Turkish Super League,football-data.co.uk
league_4737820c3aa8d91e,2024-11-03,SUPER_LIG,2024-25,LEAGUE,,Trabzonspor,Fenerbahçe,2,3,A,Turkey,Turkish Super League,football-data.co.uk
league_8966ec3b5c15dcc0,2024-11-04,SUPER_LIG,2024-25,LEAGUE,,Samsunspor,Antalyaspor,2,0,H,Turkey,Turkish Super League,football-data.co.uk
league_4b52ad6b611911b2,2024-11-08,SUPER_LIG,2024-25,LEAGUE,,Kasımpaşa SK,Kayserispor,1,2,A,Turkey,Turkish Super League,football-data.co.uk
league_6bbfd96548335876,2024-11-09,SUPER_LIG,2024-25,LEAGUE,,Ad. Demirspor,Eyupspor,0,1,A,Turkey,Turkish Super League,football-data.co.uk
league_2eee0db854d4e6e7,2024-11-09,SUPER_LIG,2024-25,LEAGUE,,Antalyaspor,Bodrumspor,3,2,H,Turkey,Turkish Super League,football-data.co.uk
league_d56d6fa29144c1eb,2024-11-09,SUPER_LIG,2024-25,LEAGUE,,Hatayspor,Gaziantep FK,3,1,H,Turkey,Turkish Super League,football-data.co.uk
league_18b494a99ae2f7b9,2024-11-09,SUPER_LIG,2024-25,LEAGUE,,Çaykur Rizespor,Trabzonspor,3,1,H,Turkey,Turkish Super League,football-data.co.uk
league_3adfd1505661aaf1,2024-11-10,SUPER_LIG,2024-25,LEAGUE,,Buyuksehyr,Beşiktaş JK,0,0,D,Turkey,Turkish Super League,football-data.co.uk
league_1dd2ef9b094ce36e,2024-11-10,SUPER_LIG,2024-25,LEAGUE,,Fenerbahçe,Sivasspor,4,0,H,Turkey,Turkish Super League,football-data.co.uk
league_b09ce305e447c662,2024-11-10,SUPER_LIG,2024-25,LEAGUE,,Galatasaray SK,Samsunspor,3,2,H,Turkey,Turkish Super League,football-data.co.uk
league_4bae35ee5cc201e1,2024-11-10,SUPER_LIG,2024-25,LEAGUE,,Göztepe,Konyaspor,2,0,H,Turkey,Turkish Super League,football-data.co.uk
league_93a12ccbb4f4824d,2024-11-23,SUPER_LIG,2024-25,LEAGUE,,Bodrumspor,Galatasaray SK,0,1,A,Turkey,Turkish Super League,football-data.co.uk
league_ac91a84eb60b1466,2024-11-23,SUPER_LIG,2024-25,LEAGUE,,Eyupspor,Çaykur Rizespor,1,2,A,Turkey,Turkish Super League,football-data.co.uk
league_3c6e3b633f77d3ca,2024-11-23,SUPER_LIG,2024-25,LEAGUE,,Gaziantep FK,Buyuksehyr,3,0,H,Turkey,Turkish Super League,football-data.co.uk
league_7b7669c788fb9373,2024-11-23,SUPER_LIG,2024-25,LEAGUE,,Kayserispor,Fenerbahçe,2,6,A,Turkey,Turkish Super League,football-data.co.uk
league_a5c27b8d2fc75cc5,2024-11-24,SUPER_LIG,2024-25,LEAGUE,,Beşiktaş JK,Göztepe,2,4,A,Turkey,Turkish Super League,football-data.co.uk
league_6c4bbf5af7400610,2024-11-24,SUPER_LIG,2024-25,LEAGUE,,Konyaspor,Hatayspor,1,1,D,Turkey,Turkish Super League,football-data.co.uk
league_2bde03bd256f4443,2024-11-24,SUPER_LIG,2024-25,LEAGUE,,Samsunspor,Alanyaspor,1,1,D,Turkey,Turkish Super League,football-data.co.uk
league_e1695bcaff10aae5,2024-11-24,SUPER_LIG,2024-25,LEAGUE,,Sivasspor,Kasımpaşa SK,0,0,D,Turkey,Turkish Super League,football-data.co.uk
league_b8461b6ae14733bd,2024-11-25,SUPER_LIG,2024-25,LEAGUE,,Trabzonspor,Ad. Demirspor,5,0,H,Turkey,Turkish Super League,football-data.co.uk
league_e96e01b681decf70,2024-11-29,SUPER_LIG,2024-25,LEAGUE,,Antalyaspor,Sivasspor,2,1,H,Turkey,Turkish Super League,football-data.co.uk
league_f730b50763f124d1,2024-11-30,SUPER_LIG,2024-25,LEAGUE,,Ad. Demirspor,Konyaspor,0,1,A,Turkey,Turkish Super League,football-data.co.uk
league_355549a90e14f72a,2024-11-30,SUPER_LIG,2024-25,LEAGUE,,Alanyaspor,Trabzonspor,2,1,H,Turkey,Turkish Super League,football-data.co.uk
league_37a6271546ff946a,2024-11-30,SUPER_LIG,2024-25,LEAGUE,,Buyuksehyr,Göztepe,4,1,H,Turkey,Turkish Super League,football-data.co.uk
league_536aa961c433fcf7,2024-11-30,SUPER_LIG,2024-25,LEAGUE,,Samsunspor,Bodrumspor,4,0,H,Turkey,Turkish Super League,football-data.co.uk
league_b16ff1d989c19de1,2024-12-01,SUPER_LIG,2024-25,LEAGUE,,Galatasaray SK,Eyupspor,2,2,D,Turkey,Turkish Super League,football-data.co.uk
league_c417d7d272800429,2024-12-01,SUPER_LIG,2024-25,LEAGUE,,Çaykur Rizespor,Kayserispor,3,0,H,Turkey,Turkish Super League,football-data.co.uk
league_f83f2616313c804a,2024-12-02,SUPER_LIG,2024-25,LEAGUE,,Fenerbahçe,Gaziantep FK,3,1,H,Turkey,Turkish Super League,football-data.co.uk
league_e54ca35f77da5b17,2024-12-02,SUPER_LIG,2024-25,LEAGUE,,Hatayspor,Beşiktaş JK,1,1,D,Turkey,Turkish Super League,football-data.co.uk
league_91f303bbe9ce5074,2024-12-06,SUPER_LIG,2024-25,LEAGUE,,Trabzonspor,Kasımpaşa SK,2,2,D,Turkey,Turkish Super League,football-data.co.uk
league_592b558477bb2ac2,2024-12-07,SUPER_LIG,2024-25,LEAGUE,,Beşiktaş JK,Fenerbahçe,1,0,H,Turkey,Turkish Super League,football-data.co.uk
league_da4dbe5b80224b01,2024-12-07,SUPER_LIG,2024-25,LEAGUE,,Göztepe,Ad. Demirspor,3,1,H,Turkey,Turkish Super League,football-data.co.uk
league_cf68168f22331a80,2024-12-07,SUPER_LIG,2024-25,LEAGUE,,Konyaspor,Antalyaspor,1,1,D,Turkey,Turkish Super League,football-data.co.uk
league_c80c1d3fb1661404,2024-12-08,SUPER_LIG,2024-25,LEAGUE,,Buyuksehyr,Hatayspor,3,0,H,Turkey,Turkish Super League,football-data.co.uk
league_7463444680a37d93,2024-12-08,SUPER_LIG,2024-25,LEAGUE,,Eyupspor,Samsunspor,3,0,H,Turkey,Turkish Super League,football-data.co.uk
league_dc350507499177b7,2024-12-08,SUPER_LIG,2024-25,LEAGUE,,Kayserispor,Alanyaspor,2,0,H,Turkey,Turkish Super League,football-data.co.uk
league_32948af324c2fabf,2024-12-08,SUPER_LIG,2024-25,LEAGUE,,Sivasspor,Galatasaray SK,2,3,A,Turkey,Turkish Super League,football-data.co.uk
league_d004d5891cff4511,2024-12-09,SUPER_LIG,2024-25,LEAGUE,,Gaziantep FK,Çaykur Rizespor,1,0,H,Turkey,Turkish Super League,football-data.co.uk
league_d3c88c6b8baef664,2024-12-13,SUPER_LIG,2024-25,LEAGUE,,Bodrumspor,Sivasspor,2,0,H,Turkey,Turkish Super League,football-data.co.uk
league_7119a46d403b36ba,2024-12-13,SUPER_LIG,2024-25,LEAGUE,,Kasımpaşa SK,Eyupspor,2,0,H,Turkey,Turkish Super League,football-data.co.uk
league_72e78c78a8718ec7,2024-12-14,SUPER_LIG,2024-25,LEAGUE,,Alanyaspor,Gaziantep FK,3,0,H,Turkey,Turkish Super League,football-data.co.uk
league_aff0192e5de2a4ca,2024-12-14,SUPER_LIG,2024-25,LEAGUE,,Çaykur Rizespor,Konyaspor,1,1,D,Turkey,Turkish Super League,football-data.co.uk
league_d45056e2ea1375a1,2024-12-15,SUPER_LIG,2024-25,LEAGUE,,Antalyaspor,Kayserispor,2,0,H,Turkey,Turkish Super League,football-data.co.uk
league_48a371d6874b54ff,2024-12-15,SUPER_LIG,2024-25,LEAGUE,,Fenerbahçe,Buyuksehyr,3,1,H,Turkey,Turkish Super League,football-data.co.uk
league_b70f9ce521a945d4,2024-12-15,SUPER_LIG,2024-25,LEAGUE,,Hatayspor,Göztepe,1,1,D,Turkey,Turkish Super League,football-data.co.uk
league_5831f351425c1dfc,2024-12-16,SUPER_LIG,2024-25,LEAGUE,,Ad. Demirspor,Beşiktaş JK,2,1,H,Turkey,Turkish Super League,football-data.co.uk
league_d395b516f9db2cf2,2024-12-16,SUPER_LIG,2024-25,LEAGUE,,Galatasaray SK,Trabzonspor,4,3,H,Turkey,Turkish Super League,football-data.co.uk
league_b5649cf5e094c0ad,2024-12-20,SUPER_LIG,2024-25,LEAGUE,,Eyupspor,Fenerbahçe,1,1,D,Turkey,Turkish Super League,football-data.co.uk
league_50b224bff269da46,2024-12-21,SUPER_LIG,2024-25,LEAGUE,,Beşiktaş JK,Alanyaspor,1,1,D,Turkey,Turkish Super League,football-data.co.uk
league_c68e79e66b0ce707,2024-12-21,SUPER_LIG,2024-25,LEAGUE,,Sivasspor,Samsunspor,0,0,D,Turkey,Turkish Super League,football-data.co.uk
league_d3d9dbbf455e5712,2024-12-22,SUPER_LIG,2024-25,LEAGUE,,Gaziantep FK,Antalyaspor,2,0,H,Turkey,Turkish Super League,football-data.co.uk
league_f1d35260396ccb80,2024-12-22,SUPER_LIG,2024-25,LEAGUE,,Göztepe,Çaykur Rizespor,3,0,H,Turkey,Turkish Super League,football-data.co.uk
league_14b88e8d50e129ba,2024-12-22,SUPER_LIG,2024-25,LEAGUE,,Kayserispor,Galatasaray SK,1,5,A,Turkey,Turkish Super League,football-data.co.uk
league_f94baab60fa710c4,2024-12-22,SUPER_LIG,2024-25,LEAGUE,,Trabzonspor,Bodrumspor,1,0,H,Turkey,Turkish Super League,football-data.co.uk
league_698ee7996261c2cd,2024-12-23,SUPER_LIG,2024-25,LEAGUE,,Buyuksehyr,Kasımpaşa SK,2,2,D,Turkey,Turkish Super League,football-data.co.uk
league_d5097904c275b85c,2024-12-23,SUPER_LIG,2024-25,LEAGUE,,Hatayspor,Ad. Demirspor,1,3,A,Turkey,Turkish Super League,football-data.co.uk
league_6c1c8a0af1556f7a,2025-01-03,SUPER_LIG,2024-25,LEAGUE,,Alanyaspor,Konyaspor,2,1,H,Turkey,Turkish Super League,football-data.co.uk
league_02f7b7a99888617b,2025-01-03,SUPER_LIG,2024-25,LEAGUE,,Çaykur Rizespor,Beşiktaş JK,1,1,D,Turkey,Turkish Super League,football-data.co.uk
league_7c13799f5ebf9372,2025-01-04,SUPER_LIG,2024-25,LEAGUE,,Ad. Demirspor,Buyuksehyr,0,1,A,Turkey,Turkish Super League,football-data.co.uk
league_9dd5d20f6dd9da84,2025-01-04,SUPER_LIG,2024-25,LEAGUE,,Antalyaspor,Eyupspor,1,4,A,Turkey,Turkish Super League,football-data.co.uk
league_5eb9be1a352ea12b,2025-01-04,SUPER_LIG,2024-25,LEAGUE,,Galatasaray SK,Göztepe,2,1,H,Turkey,Turkish Super League,football-data.co.uk
league_acfe278406c7dfa9,2025-01-04,SUPER_LIG,2024-25,LEAGUE,,Samsunspor,Trabzonspor,2,1,H,Turkey,Turkish Super League,football-data.co.uk
league_b9027177cab20eb1,2025-01-05,SUPER_LIG,2024-25,LEAGUE,,Bodrumspor,Kayserispor,1,1,D,Turkey,Turkish Super League,football-data.co.uk
league_693ca221f192e61a,2025-01-05,SUPER_LIG,2024-25,LEAGUE,,Fenerbahçe,Hatayspor,2,1,H,Turkey,Turkish Super League,football-data.co.uk
league_ef7cd43d2f975942,2025-01-05,SUPER_LIG,2024-25,LEAGUE,,Kasımpaşa SK,Gaziantep FK,2,2,D,Turkey,Turkish Super League,football-data.co.uk
league_f8541a3639bf948b,2025-01-11,SUPER_LIG,2024-25,LEAGUE,,Beşiktaş JK,Bodrumspor,2,1,H,Turkey,Turkish Super League,football-data.co.uk
league_30b5f2b9bdbd1445,2025-01-11,SUPER_LIG,2024-25,LEAGUE,,Hatayspor,Çaykur Rizespor,1,2,A,Turkey,Turkish Super League,football-data.co.uk
league_5b56e05bd130c69e,2025-01-11,SUPER_LIG,2024-25,LEAGUE,,Kayserispor,Samsunspor,0,1,A,Turkey,Turkish Super League,football-data.co.uk
league_ef5009125df5d350,2025-01-12,SUPER_LIG,2024-25,LEAGUE,,Buyuksehyr,Galatasaray SK,1,2,A,Turkey,Turkish Super League,football-data.co.uk
league_1a692bd83b76dd7f,2025-01-12,SUPER_LIG,2024-25,LEAGUE,,Gaziantep FK,Ad. Demirspor,1,0,H,Turkey,Turkish Super League,football-data.co.uk
league_098c46c7a02ca9ee,2025-01-12,SUPER_LIG,2024-25,LEAGUE,,Sivasspor,Alanyaspor,1,1,D,Turkey,Turkish Super League,football-data.co.uk
league_24857356daa35789,2025-01-12,SUPER_LIG,2024-25,LEAGUE,,Trabzonspor,Antalyaspor,5,0,H,Turkey,Turkish Super League,football-data.co.uk
league_52bc74158064ac3c,2025-01-13,SUPER_LIG,2024-25,LEAGUE,,Göztepe,Kasımpaşa SK,5,0,H,Turkey,Turkish Super League,football-data.co.uk
league_d26e20709fc97512,2025-01-13,SUPER_LIG,2024-25,LEAGUE,,Konyaspor,Fenerbahçe,2,3,A,Turkey,Turkish Super League,football-data.co.uk
league_8f7ac9ec711427c4,2025-01-17,SUPER_LIG,2024-25,LEAGUE,,Hatayspor,Galatasaray SK,1,1,D,Turkey,Turkish Super League,football-data.co.uk
league_3f8a3478b4ab905c,2025-01-18,SUPER_LIG,2024-25,LEAGUE,,Beşiktaş JK,Samsunspor,0,0,D,Turkey,Turkish Super League,football-data.co.uk
league_da9827a52a9f9cd2,2025-01-18,SUPER_LIG,2024-25,LEAGUE,,Buyuksehyr,Çaykur Rizespor,2,0,H,Turkey,Turkish Super League,football-data.co.uk
league_4b225695273888f0,2025-01-18,SUPER_LIG,2024-25,LEAGUE,,Gaziantep FK,Bodrumspor,0,0,D,Turkey,Turkish Super League,football-data.co.uk
league_a963367a5f3b4bb2,2025-01-19,SUPER_LIG,2024-25,LEAGUE,,Ad. Demirspor,Fenerbahçe,0,4,A,Turkey,Turkish Super League,football-data.co.uk
league_db67b811552299aa,2025-01-19,SUPER_LIG,2024-25,LEAGUE,,Eyupspor,Alanyaspor,3,0,H,Turkey,Turkish Super League,football-data.co.uk
league_258a0a521b1fec8d,2025-01-19,SUPER_LIG,2024-25,LEAGUE,,Göztepe,Antalyaspor,1,0,H,Turkey,Turkish Super League,football-data.co.uk
league_5ec9429af491bd22,2025-01-19,SUPER_LIG,2024-25,LEAGUE,,Konyaspor,Kasımpaşa SK,3,3,D,Turkey,Turkish Super League,football-data.co.uk
league_6be04eb937c96ef9,2025-01-20,SUPER_LIG,2024-25,LEAGUE,,Trabzonspor,Sivasspor,4,0,H,Turkey,Turkish Super League,football-data.co.uk
league_26a1ab29b943b236,2025-01-24,SUPER_LIG,2024-25,LEAGUE,,Samsunspor,Gaziantep FK,2,1,H,Turkey,Turkish Super League,football-data.co.uk
league_f497ab06d3971030,2025-01-25,SUPER_LIG,2024-25,LEAGUE,,Alanyaspor,Buyuksehyr,5,4,H,Turkey,Turkish Super League,football-data.co.uk
league_94498d920b764e5d,2025-01-25,SUPER_LIG,2024-25,LEAGUE,,Galatasaray SK,Konyaspor,1,0,H,Turkey,Turkish Super League,football-data.co.uk
league_bfd1993288fdab5f,2025-01-25,SUPER_LIG,2024-25,LEAGUE,,Sivasspor,Kayserispor,5,2,H,Turkey,Turkish Super League,football-data.co.uk
league_d674108ab04fd7ba,2025-01-26,SUPER_LIG,2024-25,LEAGUE,,Antalyaspor,Beşiktaş JK,1,1,D,Turkey,Turkish Super League,football-data.co.uk
league_14b6bf125ea5ff4c,2025-01-26,SUPER_LIG,2024-25,LEAGUE,,Bodrumspor,Eyupspor,0,1,A,Turkey,Turkish Super League,football-data.co.uk
league_82924e16598857a2,2025-01-26,SUPER_LIG,2024-25,LEAGUE,,Fenerbahçe,Göztepe,3,2,H,Turkey,Turkish Super League,football-data.co.uk
league_20429da6d01a1cde,2025-01-26,SUPER_LIG,2024-25,LEAGUE,,Çaykur Rizespor,Ad. Demirspor,3,2,H,Turkey,Turkish Super League,football-data.co.uk
league_b09188782f3ccea5,2025-01-27,SUPER_LIG,2024-25,LEAGUE,,Kasımpaşa SK,Hatayspor,5,4,H,Turkey,Turkish Super League,football-data.co.uk
league_9f916c060a6be654,2025-01-31,SUPER_LIG,2024-25,LEAGUE,,Eyupspor,Sivasspor,1,0,H,Turkey,Turkish Super League,football-data.co.uk
league_fb889b460de8f1cd,2025-01-31,SUPER_LIG,2024-25,LEAGUE,,Konyaspor,Bodrumspor,3,1,H,Turkey,Turkish Super League,football-data.co.uk
league_9bf29e7665f3ba86,2025-02-01,SUPER_LIG,2024-25,LEAGUE,,Buyuksehyr,Samsunspor,4,0,H,Turkey,Turkish Super League,football-data.co.uk
league_1a07232f0417b3a1,2025-02-01,SUPER_LIG,2024-25,LEAGUE,,Hatayspor,Antalyaspor,2,3,A,Turkey,Turkish Super League,football-data.co.uk
league_d47fd738d2eac9df,2025-02-01,SUPER_LIG,2024-25,LEAGUE,,Kayserispor,Trabzonspor,0,0,D,Turkey,Turkish Super League,football-data.co.uk
league_b0ad658dbfb7bc5b,2025-02-02,SUPER_LIG,2024-25,LEAGUE,,Ad. Demirspor,Kasımpaşa SK,3,5,A,Turkey,Turkish Super League,football-data.co.uk
league_776e90ee1b6cc1a1,2025-02-02,SUPER_LIG,2024-25,LEAGUE,,Fenerbahçe,Çaykur Rizespor,3,2,H,Turkey,Turkish Super League,football-data.co.uk
league_754e18ad19d86e42,2025-02-02,SUPER_LIG,2024-25,LEAGUE,,Göztepe,Alanyaspor,0,1,A,Turkey,Turkish Super League,football-data.co.uk
league_cb30901240763ecc,2025-02-03,SUPER_LIG,2024-25,LEAGUE,,Gaziantep FK,Galatasaray SK,0,1,A,Turkey,Turkish Super League,football-data.co.uk
league_29ce77c3e113d757,2025-02-07,SUPER_LIG,2024-25,LEAGUE,,Samsunspor,Hatayspor,2,0,H,Turkey,Turkish Super League,football-data.co.uk
league_8550a4af8477f7f0,2025-02-08,SUPER_LIG,2024-25,LEAGUE,,Kayserispor,Konyaspor,3,2,H,Turkey,Turkish Super League,football-data.co.uk
league_f64ec6f072544f4d,2025-02-08,SUPER_LIG,2024-25,LEAGUE,,Sivasspor,Beşiktaş JK,0,2,A,Turkey,Turkish Super League,football-data.co.uk
league_667cacf43a7991a2,2025-02-09,SUPER_LIG,2024-25,LEAGUE,,Alanyaspor,Fenerbahçe,0,2,A,Turkey,Turkish Super League,football-data.co.uk
league_7482c8db198b10f6,2025-02-09,SUPER_LIG,2024-25,LEAGUE,,Antalyaspor,Buyuksehyr,0,0,D,Turkey,Turkish Super League,football-data.co.uk
league_33b1acfca563fa5e,2025-02-09,SUPER_LIG,2024-25,LEAGUE,,Galatasaray SK,Ad. Demirspor,3,0,H,Turkey,Turkish Super League,football-data.co.uk
league_f035bbd210ac0def,2025-02-09,SUPER_LIG,2024-25,LEAGUE,,Kasımpaşa SK,Çaykur Rizespor,3,2,H,Turkey,Turkish Super League,football-data.co.uk
league_1a3fbbd28516f7cf,2025-02-10,SUPER_LIG,2024-25,LEAGUE,,Bodrumspor,Göztepe,0,0,D,Turkey,Turkish Super League,football-data.co.uk
league_24b9181aa2571c5a,2025-02-10,SUPER_LIG,2024-25,LEAGUE,,Trabzonspor,Eyupspor,1,0,H,Turkey,Turkish Super League,football-data.co.uk
league_dbb1acc43ec08f3c,2025-02-14,SUPER_LIG,2024-25,LEAGUE,,Ad. Demirspor,Antalyaspor,1,1,D,Turkey,Turkish Super League,football-data.co.uk
league_e202c53b8c2cc83e,2025-02-15,SUPER_LIG,2024-25,LEAGUE,,Beşiktaş JK,Trabzonspor,2,1,H,Turkey,Turkish Super League,football-data.co.uk
league_f5c64a8c2e7a626f,2025-02-15,SUPER_LIG,2024-25,LEAGUE,,Buyuksehyr,Bodrumspor,0,1,A,Turkey,Turkish Super League,football-data.co.uk
league_b5d5b56ad625b99e,2025-02-15,SUPER_LIG,2024-25,LEAGUE,,Gaziantep FK,Sivasspor,2,1,H,Turkey,Turkish Super League,football-data.co.uk
league_1ce078b082650b54,2025-02-16,SUPER_LIG,2024-25,LEAGUE,,Eyupspor,Kayserispor,1,1,D,Turkey,Turkish Super League,football-data.co.uk
league_cce59f10a3d7d381,2025-02-16,SUPER_LIG,2024-25,LEAGUE,,Fenerbahçe,Kasımpaşa SK,3,1,H,Turkey,Turkish Super League,football-data.co.uk
league_2dcd180802500ef8,2025-02-16,SUPER_LIG,2024-25,LEAGUE,,Hatayspor,Alanyaspor,1,0,H,Turkey,Turkish Super League,football-data.co.uk
league_449e5268a76d7f30,2025-02-16,SUPER_LIG,2024-25,LEAGUE,,Konyaspor,Samsunspor,0,1,A,Turkey,Turkish Super League,football-data.co.uk
league_056b0a3a9f15d84b,2025-02-17,SUPER_LIG,2024-25,LEAGUE,,Çaykur Rizespor,Galatasaray SK,1,2,A,Turkey,Turkish Super League,football-data.co.uk
league_cd91dfa5ccc057a8,2025-02-21,SUPER_LIG,2024-25,LEAGUE,,Bodrumspor,Hatayspor,1,0,H,Turkey,Turkish Super League,football-data.co.uk
league_2982b1dd1e69cb35,2025-02-21,SUPER_LIG,2024-25,LEAGUE,,Eyupspor,Beşiktaş JK,1,3,A,Turkey,Turkish Super League,football-data.co.uk
league_bc5209f99a3734e5,2025-02-22,SUPER_LIG,2024-25,LEAGUE,,Antalyaspor,Kasımpaşa SK,2,1,H,Turkey,Turkish Super League,football-data.co.uk
league_1eab52ad1830b0cc,2025-02-22,SUPER_LIG,2024-25,LEAGUE,,Samsunspor,Çaykur Rizespor,2,3,A,Turkey,Turkish Super League,football-data.co.uk
league_8e3ec01d2bd7eb99,2025-02-22,SUPER_LIG,2024-25,LEAGUE,,Sivasspor,Konyaspor,1,1,D,Turkey,Turkish Super League,football-data.co.uk
league_0f49cea55b74803f,2025-02-23,SUPER_LIG,2024-25,LEAGUE,,Alanyaspor,Ad. Demirspor,3,2,H,Turkey,Turkish Super League,football-data.co.uk
league_1adc7c95a1365ceb,2025-02-23,SUPER_LIG,2024-25,LEAGUE,,Kayserispor,Göztepe,1,0,H,Turkey,Turkish Super League,football-data.co.uk
league_368f12ecbfa651d4,2025-02-23,SUPER_LIG,2024-25,LEAGUE,,Trabzonspor,Gaziantep FK,3,2,H,Turkey,Turkish Super League,football-data.co.uk
league_c77ff8bc760bbfb7,2025-02-24,SUPER_LIG,2024-25,LEAGUE,,Galatasaray SK,Fenerbahçe,0,0,D,Turkey,Turkish Super League,football-data.co.uk
league_dbf21026db62cb88,2025-03-01,SUPER_LIG,2024-25,LEAGUE,,Ad. Demirspor,Bodrumspor,0,0,D,Turkey,Turkish Super League,football-data.co.uk
league_e0386d9384238dc3,2025-03-01,SUPER_LIG,2024-25,LEAGUE,,Beşiktaş JK,Kayserispor,2,0,H,Turkey,Turkish Super League,football-data.co.uk
league_deda79853f2b18fd,2025-03-02,SUPER_LIG,2024-25,LEAGUE,,Fenerbahçe,Antalyaspor,3,0,H,Turkey,Turkish Super League,football-data.co.uk
league_622861da52d9f532,2025-03-02,SUPER_LIG,2024-25,LEAGUE,,Kasımpaşa SK,Galatasaray SK,3,3,D,Turkey,Turkish Super League,football-data.co.uk
league_f590af9d1f9d13f6,2025-03-02,SUPER_LIG,2024-25,LEAGUE,,Çaykur Rizespor,Alanyaspor,3,1,H,Turkey,Turkish Super League,football-data.co.uk
league_24699091fdaf33c7,2025-03-03,SUPER_LIG,2024-25,LEAGUE,,Buyuksehyr,Sivasspor,1,0,H,Turkey,Turkish Super League,football-data.co.uk
league_ee6b7180f2c2bfad,2025-03-03,SUPER_LIG,2024-25,LEAGUE,,Gaziantep FK,Eyupspor,3,1,H,Turkey,Turkish Super League,football-data.co.uk
league_da85f0aa963dede2,2025-03-03,SUPER_LIG,2024-25,LEAGUE,,Göztepe,Samsunspor,2,2,D,Turkey,Turkish Super League,football-data.co.uk
league_92efb3cac72def28,2025-03-03,SUPER_LIG,2024-25,LEAGUE,,Konyaspor,Trabzonspor,1,0,H,Turkey,Turkish Super League,football-data.co.uk
league_829b5088066acacd,2025-03-07,SUPER_LIG,2024-25,LEAGUE,,Bodrumspor,Kasımpaşa SK,1,0,H,Turkey,Turkish Super League,football-data.co.uk
league_2a8c4116cd26b61f,2025-03-08,SUPER_LIG,2024-25,LEAGUE,,Antalyaspor,Çaykur Rizespor,2,1,H,Turkey,Turkish Super League,football-data.co.uk
league_0116cab04cd6fb3c,2025-03-08,SUPER_LIG,2024-25,LEAGUE,,Kayserispor,Buyuksehyr,3,1,H,Turkey,Turkish Super League,football-data.co.uk
league_843ae27cb890aa02,2025-03-08,SUPER_LIG,2024-25,LEAGUE,,Trabzonspor,Hatayspor,1,2,A,Turkey,Turkish Super League,football-data.co.uk
league_2d256cd2438fbb18,2025-03-09,SUPER_LIG,2024-25,LEAGUE,,Alanyaspor,Galatasaray SK,1,2,A,Turkey,Turkish Super League,football-data.co.uk
league_e18fbb8956b4c82e,2025-03-09,SUPER_LIG,2024-25,LEAGUE,,Eyupspor,Konyaspor,2,1,H,Turkey,Turkish Super League,football-data.co.uk
league_b4dfc4e07a7d068d,2025-03-09,SUPER_LIG,2024-25,LEAGUE,,Samsunspor,Ad. Demirspor,3,2,H,Turkey,Turkish Super League,football-data.co.uk
league_40eef4c4afbab796,2025-03-09,SUPER_LIG,2024-25,LEAGUE,,Sivasspor,Göztepe,3,1,H,Turkey,Turkish Super League,football-data.co.uk
league_f7424c8b2c602600,2025-03-10,SUPER_LIG,2024-25,LEAGUE,,Beşiktaş JK,Gaziantep FK,1,2,A,Turkey,Turkish Super League,football-data.co.uk
league_f34b42c465b5a688,2025-03-14,SUPER_LIG,2024-25,LEAGUE,,Galatasaray SK,Antalyaspor,4,0,H,Turkey,Turkish Super League,football-data.co.uk
league_c13f48fede9a0232,2025-03-15,SUPER_LIG,2024-25,LEAGUE,,Buyuksehyr,Trabzonspor,0,3,A,Turkey,Turkish Super League,football-data.co.uk
league_a67b7ca5509dedd2,2025-03-15,SUPER_LIG,2024-25,LEAGUE,,Gaziantep FK,Kayserispor,1,0,H,Turkey,Turkish Super League,football-data.co.uk
league_327cc8d4496fec62,2025-03-15,SUPER_LIG,2024-25,LEAGUE,,Kasımpaşa SK,Alanyaspor,2,1,H,Turkey,Turkish Super League,football-data.co.uk
league_ca3357175c57aac3,2025-03-15,SUPER_LIG,2024-25,LEAGUE,,Konyaspor,Beşiktaş JK,1,0,H,Turkey,Turkish Super League,football-data.co.uk
league_512b21524dfbd54c,2025-03-16,SUPER_LIG,2024-25,LEAGUE,,Fenerbahçe,Samsunspor,0,0,D,Turkey,Turkish Super League,football-data.co.uk
league_33b88dd1d9aa5d7e,2025-03-16,SUPER_LIG,2024-25,LEAGUE,,Göztepe,Eyupspor,1,1,D,Turkey,Turkish Super League,football-data.co.uk
league_fbf9f1df63aaf341,2025-03-16,SUPER_LIG,2024-25,LEAGUE,,Hatayspor,Sivasspor,3,2,H,Turkey,Turkish Super League,football-data.co.uk
league_798d96c0f74bddc1,2025-03-16,SUPER_LIG,2024-25,LEAGUE,,Çaykur Rizespor,Bodrumspor,0,2,A,Turkey,Turkish Super League,football-data.co.uk
league_7f0e5e217e7e0dfa,2025-03-28,SUPER_LIG,2024-25,LEAGUE,,Antalyaspor,Alanyaspor,2,1,H,Turkey,Turkish Super League,football-data.co.uk
league_ad6bd7e433196595,2025-03-28,SUPER_LIG,2024-25,LEAGUE,,Bodrumspor,Fenerbahçe,2,4,A,Turkey,Turkish Super League,football-data.co.uk
league_3b26e45dacde6598,2025-03-28,SUPER_LIG,2024-25,LEAGUE,,Kayserispor,Hatayspor,5,0,H,Turkey,Turkish Super League,football-data.co.uk
league_7bb10ce1157410c8,2025-03-28,SUPER_LIG,2024-25,LEAGUE,,Konyaspor,Gaziantep FK,1,0,H,Turkey,Turkish Super League,football-data.co.uk
league_6d433e56c98f9e23,2025-03-29,SUPER_LIG,2024-25,LEAGUE,,Beşiktaş JK,Galatasaray SK,2,1,H,Turkey,Turkish Super League,football-data.co.uk
league_bda2faf0ae939405,2025-03-29,SUPER_LIG,2024-25,LEAGUE,,Samsunspor,Kasımpaşa SK,0,2,A,Turkey,Turkish Super League,football-data.co.uk
league_2c1dad62f771cde6,2025-03-29,SUPER_LIG,2024-25,LEAGUE,,Sivasspor,Ad. Demirspor,5,1,H,Turkey,Turkish Super League,football-data.co.uk
league_b57e26bf8a308e4e,2025-03-29,SUPER_LIG,2024-25,LEAGUE,,Trabzonspor,Göztepe,1,1,D,Turkey,Turkish Super League,football-data.co.uk
league_153a490073932a40,2025-03-31,SUPER_LIG,2024-25,LEAGUE,,Eyupspor,Buyuksehyr,1,3,A,Turkey,Turkish Super League,football-data.co.uk
league_0ea75f010500ac07,2025-04-04,SUPER_LIG,2024-25,LEAGUE,,Ad. Demirspor,Kayserispor,0,2,A,Turkey,Turkish Super League,football-data.co.uk
league_2871e2acf865b1c2,2025-04-05,SUPER_LIG,2024-25,LEAGUE,,Antalyaspor,Samsunspor,2,1,H,Turkey,Turkish Super League,football-data.co.uk
league_29efb6b9a4beb8a7,2025-04-05,SUPER_LIG,2024-25,LEAGUE,,Buyuksehyr,Konyaspor,1,0,H,Turkey,Turkish Super League,football-data.co.uk
league_5245ec0e4ce43fcb,2025-04-05,SUPER_LIG,2024-25,LEAGUE,,Çaykur Rizespor,Sivasspor,1,1,D,Turkey,Turkish Super League,football-data.co.uk
league_9ce6b74c48c3a60a,2025-04-06,SUPER_LIG,2024-25,LEAGUE,,Alanyaspor,Bodrumspor,0,1,A,Turkey,Turkish Super League,football-data.co.uk
league_30e709a372947f55,2025-04-06,SUPER_LIG,2024-25,LEAGUE,,Fenerbahçe,Trabzonspor,4,1,H,Turkey,Turkish Super League,football-data.co.uk
league_481df3eaba3a5b0b,2025-04-06,SUPER_LIG,2024-25,LEAGUE,,Hatayspor,Eyupspor,0,1,A,Turkey,Turkish Super League,football-data.co.uk
league_b5bdff80940e419d,2025-04-07,SUPER_LIG,2024-25,LEAGUE,,Göztepe,Gaziantep FK,1,1,D,Turkey,Turkish Super League,football-data.co.uk
league_c45d02a2d8907046,2025-04-07,SUPER_LIG,2024-25,LEAGUE,,Kasımpaşa SK,Beşiktaş JK,1,1,D,Turkey,Turkish Super League,football-data.co.uk
league_0164b97b99aa8fa6,2025-04-11,SUPER_LIG,2024-25,LEAGUE,,Samsunspor,Galatasaray SK,0,2,A,Turkey,Turkish Super League,football-data.co.uk
league_562db980f07ace7a,2025-04-12,SUPER_LIG,2024-25,LEAGUE,,Beşiktaş JK,Buyuksehyr,0,2,A,Turkey,Turkish Super League,football-data.co.uk
league_19bfefc84d6f228a,2025-04-12,SUPER_LIG,2024-25,LEAGUE,,Bodrumspor,Antalyaspor,0,0,D,Turkey,Turkish Super League,football-data.co.uk
league_48886397e05b0f2c,2025-04-12,SUPER_LIG,2024-25,LEAGUE,,Konyaspor,Göztepe,1,0,H,Turkey,Turkish Super League,football-data.co.uk
league_222625ef925192f7,2025-04-13,SUPER_LIG,2024-25,LEAGUE,,Gaziantep FK,Hatayspor,2,1,H,Turkey,Turkish Super League,football-data.co.uk
league_19f365bb80f695b1,2025-04-13,SUPER_LIG,2024-25,LEAGUE,,Kayserispor,Kasımpaşa SK,1,0,H,Turkey,Turkish Super League,football-data.co.uk
league_567044a6bef9e9bf,2025-04-13,SUPER_LIG,2024-25,LEAGUE,,Sivasspor,Fenerbahçe,1,3,A,Turkey,Turkish Super League,football-data.co.uk
league_10766fce10ff8c80,2025-04-13,SUPER_LIG,2024-25,LEAGUE,,Trabzonspor,Çaykur Rizespor,2,0,H,Turkey,Turkish Super League,football-data.co.uk
league_6e6fdeb56cf05725,2025-04-14,SUPER_LIG,2024-25,LEAGUE,,Eyupspor,Ad. Demirspor,6,0,H,Turkey,Turkish Super League,football-data.co.uk
league_5331578a15d6c10c,2025-04-18,SUPER_LIG,2024-25,LEAGUE,,Galatasaray SK,Bodrumspor,2,0,H,Turkey,Turkish Super League,football-data.co.uk
league_71f9cb044b7818b5,2025-04-18,SUPER_LIG,2024-25,LEAGUE,,Hatayspor,Konyaspor,2,3,A,Turkey,Turkish Super League,football-data.co.uk
league_5db08e15f3eec198,2025-04-19,SUPER_LIG,2024-25,LEAGUE,,Ad. Demirspor,Trabzonspor,0,1,A,Turkey,Turkish Super League,football-data.co.uk
league_0a84183e61cf2f5a,2025-04-19,SUPER_LIG,2024-25,LEAGUE,,Göztepe,Beşiktaş JK,1,1,D,Turkey,Turkish Super League,football-data.co.uk
league_c40634da34ca9cd5,2025-04-19,SUPER_LIG,2024-25,LEAGUE,,Kasımpaşa SK,Sivasspor,3,1,H,Turkey,Turkish Super League,football-data.co.uk
league_747b40b958b8a5ae,2025-04-20,SUPER_LIG,2024-25,LEAGUE,,Buyuksehyr,Gaziantep FK,2,1,H,Turkey,Turkish Super League,football-data.co.uk
league_c2b1d6a6c1380412,2025-04-20,SUPER_LIG,2024-25,LEAGUE,,Fenerbahçe,Kayserispor,3,3,D,Turkey,Turkish Super League,football-data.co.uk
league_b01beabbbda8b080,2025-04-20,SUPER_LIG,2024-25,LEAGUE,,Çaykur Rizespor,Eyupspor,1,0,H,Turkey,Turkish Super League,football-data.co.uk
league_00b5fc90f5439b9c,2025-04-21,SUPER_LIG,2024-25,LEAGUE,,Alanyaspor,Samsunspor,1,0,H,Turkey,Turkish Super League,football-data.co.uk
league_ba98c5838eb43733,2025-04-25,SUPER_LIG,2024-25,LEAGUE,,Beşiktaş JK,Hatayspor,5,1,H,Turkey,Turkish Super League,football-data.co.uk
league_1bb4bf8779300a76,2025-04-26,SUPER_LIG,2024-25,LEAGUE,,Bodrumspor,Samsunspor,1,2,A,Turkey,Turkish Super League,football-data.co.uk
league_77cc7bc0e6104008,2025-04-26,SUPER_LIG,2024-25,LEAGUE,,Gaziantep FK,Fenerbahçe,1,3,A,Turkey,Turkish Super League,football-data.co.uk
league_611e68d5ed59cf31,2025-04-26,SUPER_LIG,2024-25,LEAGUE,,Sivasspor,Antalyaspor,2,0,H,Turkey,Turkish Super League,football-data.co.uk
league_509f76800b44bc8a,2025-04-27,SUPER_LIG,2024-25,LEAGUE,,Eyupspor,Galatasaray SK,1,5,A,Turkey,Turkish Super League,football-data.co.uk
league_c5ce06982f2a3b79,2025-04-27,SUPER_LIG,2024-25,LEAGUE,,Kayserispor,Çaykur Rizespor,1,0,H,Turkey,Turkish Super League,football-data.co.uk
league_9172f0bbbc2e2b69,2025-04-27,SUPER_LIG,2024-25,LEAGUE,,Konyaspor,Ad. Demirspor,3,1,H,Turkey,Turkish Super League,football-data.co.uk
league_7864b385aa226c23,2025-04-27,SUPER_LIG,2024-25,LEAGUE,,Trabzonspor,Alanyaspor,4,3,H,Turkey,Turkish Super League,football-data.co.uk
league_a7f8d3c72ae36260,2025-04-28,SUPER_LIG,2024-25,LEAGUE,,Göztepe,Buyuksehyr,4,1,H,Turkey,Turkish Super League,football-data.co.uk
league_15545f14c6564a98,2025-05-02,SUPER_LIG,2024-25,LEAGUE,,Antalyaspor,Konyaspor,1,0,H,Turkey,Turkish Super League,football-data.co.uk
league_8ad4055c0f190b28,2025-05-03,SUPER_LIG,2024-25,LEAGUE,,Alanyaspor,Kayserispor,1,1,D,Turkey,Turkish Super League,football-data.co.uk
league_febc6de0b0a107e2,2025-05-03,SUPER_LIG,2024-25,LEAGUE,,Galatasaray SK,Sivasspor,4,1,H,Turkey,Turkish Super League,football-data.co.uk
league_25b8c5e2afbb4874,2025-05-03,SUPER_LIG,2024-25,LEAGUE,,Hatayspor,Buyuksehyr,2,4,A,Turkey,Turkish Super League,football-data.co.uk
league_a7d2ca19871eb2a3,2025-05-03,SUPER_LIG,2024-25,LEAGUE,,Çaykur Rizespor,Gaziantep FK,2,0,H,Turkey,Turkish Super League,football-data.co.uk
league_f9e809c77f8c6626,2025-05-04,SUPER_LIG,2024-25,LEAGUE,,Ad. Demirspor,Göztepe,1,2,A,Turkey,Turkish Super League,football-data.co.uk
league_3f53a246ad416e5c,2025-05-04,SUPER_LIG,2024-25,LEAGUE,,Fenerbahçe,Beşiktaş JK,0,1,A,Turkey,Turkish Super League,football-data.co.uk
league_3eafcbd1a399124f,2025-05-04,SUPER_LIG,2024-25,LEAGUE,,Samsunspor,Eyupspor,3,0,H,Turkey,Turkish Super League,football-data.co.uk
league_4376a24e24efe0cb,2025-05-05,SUPER_LIG,2024-25,LEAGUE,,Kasımpaşa SK,Trabzonspor,1,1,D,Turkey,Turkish Super League,football-data.co.uk
league_aa034e8ff468dab7,2025-05-09,SUPER_LIG,2024-25,LEAGUE,,Buyuksehyr,Fenerbahçe,1,4,A,Turkey,Turkish Super League,football-data.co.uk
league_66db8492d56823d7,2025-05-09,SUPER_LIG,2024-25,LEAGUE,,Gaziantep FK,Alanyaspor,0,1,A,Turkey,Turkish Super League,football-data.co.uk
league_bff35cd884e1d27d,2025-05-10,SUPER_LIG,2024-25,LEAGUE,,Eyupspor,Kasımpaşa SK,0,3,A,Turkey,Turkish Super League,football-data.co.uk
league_a54d97373f2f9600,2025-05-10,SUPER_LIG,2024-25,LEAGUE,,Konyaspor,Çaykur Rizespor,2,1,H,Turkey,Turkish Super League,football-data.co.uk
league_ffeb57c451b56d75,2025-05-10,SUPER_LIG,2024-25,LEAGUE,,Trabzonspor,Galatasaray SK,0,2,A,Turkey,Turkish Super League,football-data.co.uk
league_4dac956fba31025d,2025-05-11,SUPER_LIG,2024-25,LEAGUE,,Beşiktaş JK,Ad. Demirspor,4,1,H,Turkey,Turkish Super League,football-data.co.uk
league_72c9cc5f9e4d108e,2025-05-11,SUPER_LIG,2024-25,LEAGUE,,Göztepe,Hatayspor,1,1,D,Turkey,Turkish Super League,football-data.co.uk
league_b1e9f29c64e7ce14,2025-05-11,SUPER_LIG,2024-25,LEAGUE,,Sivasspor,Bodrumspor,0,0,D,Turkey,Turkish Super League,football-data.co.uk
league_218abe91b64174ad,2025-05-12,SUPER_LIG,2024-25,LEAGUE,,Kayserispor,Antalyaspor,3,1,H,Turkey,Turkish Super League,football-data.co.uk
league_4272f6af4527e85e,2025-05-17,SUPER_LIG,2024-25,LEAGUE,,Ad. Demirspor,Hatayspor,0,5,A,Turkey,Turkish Super League,football-data.co.uk
league_38c49ddecfb670f3,2025-05-18,SUPER_LIG,2024-25,LEAGUE,,Alanyaspor,Beşiktaş JK,1,1,D,Turkey,Turkish Super League,football-data.co.uk
league_1d2248c2d0162f6c,2025-05-18,SUPER_LIG,2024-25,LEAGUE,,Antalyaspor,Gaziantep FK,0,0,D,Turkey,Turkish Super League,football-data.co.uk
league_6802a25a7f4db949,2025-05-18,SUPER_LIG,2024-25,LEAGUE,,Bodrumspor,Trabzonspor,1,1,D,Turkey,Turkish Super League,football-data.co.uk
league_bc78fe3d67e6a7aa,2025-05-18,SUPER_LIG,2024-25,LEAGUE,,Fenerbahçe,Eyupspor,2,1,H,Turkey,Turkish Super League,football-data.co.uk
league_e6f5c97a6b235a58,2025-05-18,SUPER_LIG,2024-25,LEAGUE,,Galatasaray SK,Kayserispor,3,0,H,Turkey,Turkish Super League,football-data.co.uk
league_0505b05ac378980e,2025-05-18,SUPER_LIG,2024-25,LEAGUE,,Kasımpaşa SK,Buyuksehyr,2,3,A,Turkey,Turkish Super League,football-data.co.uk
league_8d36cd7a1782a177,2025-05-18,SUPER_LIG,2024-25,LEAGUE,,Samsunspor,Sivasspor,1,0,H,Turkey,Turkish Super League,football-data.co.uk
league_b769e5a34e4eb2bd,2025-05-18,SUPER_LIG,2024-25,LEAGUE,,Çaykur Rizespor,Göztepe,6,3,H,Turkey,Turkish Super League,football-data.co.uk
league_4c8020d309200ab6,2025-05-24,SUPER_LIG,2024-25,LEAGUE,,Eyupspor,Antalyaspor,2,1,H,Turkey,Turkish Super League,football-data.co.uk
league_2c0d8c3dbf9c6507,2025-05-24,SUPER_LIG,2024-25,LEAGUE,,Gaziantep FK,Kasımpaşa SK,2,2,D,Turkey,Turkish Super League,football-data.co.uk
league_ba4267d946d84ac2,2025-05-24,SUPER_LIG,2024-25,LEAGUE,,Göztepe,Galatasaray SK,0,2,A,Turkey,Turkish Super League,football-data.co.uk
league_23cecac5aab6774d,2025-05-25,SUPER_LIG,2024-25,LEAGUE,,Beşiktaş JK,Çaykur Rizespor,1,2,A,Turkey,Turkish Super League,football-data.co.uk
league_77fe9ae8e7afbb4f,2025-05-25,SUPER_LIG,2024-25,LEAGUE,,Buyuksehyr,Ad. Demirspor,2,3,A,Turkey,Turkish Super League,football-data.co.uk
league_d9ecb5609f9a8bff,2025-05-25,SUPER_LIG,2024-25,LEAGUE,,Kayserispor,Bodrumspor,1,1,D,Turkey,Turkish Super League,football-data.co.uk
league_6384fd1376d9d958,2025-05-25,SUPER_LIG,2024-25,LEAGUE,,Konyaspor,Alanyaspor,1,2,A,Turkey,Turkish Super League,football-data.co.uk
league_b8d5823b72da1b4e,2025-05-25,SUPER_LIG,2024-25,LEAGUE,,Trabzonspor,Samsunspor,2,2,D,Turkey,Turkish Super League,football-data.co.uk
league_ad27fb1dbf04f659,2025-05-26,SUPER_LIG,2024-25,LEAGUE,,Hatayspor,Fenerbahçe,4,2,H,Turkey,Turkish Super League,football-data.co.uk
league_746f10741066a80b,2025-05-30,SUPER_LIG,2024-25,LEAGUE,,Antalyaspor,Trabzonspor,0,2,A,Turkey,Turkish Super League,football-data.co.uk
league_18d77406edb34bdb,2025-05-30,SUPER_LIG,2024-25,LEAGUE,,Galatasaray SK,Buyuksehyr,2,0,H,Turkey,Turkish Super League,football-data.co.uk
league_678093e0289dee9f,2025-05-30,SUPER_LIG,2024-25,LEAGUE,,Kasımpaşa SK,Göztepe,1,2,A,Turkey,Turkish Super League,football-data.co.uk
league_89dae5dffd8a7f9c,2025-05-31,SUPER_LIG,2024-25,LEAGUE,,Ad. Demirspor,Gaziantep FK,2,2,D,Turkey,Turkish Super League,football-data.co.uk
league_47f91619c7b0903a,2025-05-31,SUPER_LIG,2024-25,LEAGUE,,Alanyaspor,Sivasspor,2,0,H,Turkey,Turkish Super League,football-data.co.uk
league_2f9baa5e07be4af4,2025-05-31,SUPER_LIG,2024-25,LEAGUE,,Fenerbahçe,Konyaspor,2,1,H,Turkey,Turkish Super League,football-data.co.uk
league_964b8886a3d80305,2025-05-31,SUPER_LIG,2024-25,LEAGUE,,Çaykur Rizespor,Hatayspor,5,2,H,Turkey,Turkish Super League,football-data.co.uk
league_6d93fc511b64e528,2025-06-01,SUPER_LIG,2024-25,LEAGUE,,Bodrumspor,Beşiktaş JK,0,4,A,Turkey,Turkish Super League,football-data.co.uk
league_c6d09953a43b6ab1,2025-06-01,SUPER_LIG,2024-25,LEAGUE,,Samsunspor,Kayserispor,2,1,H,Turkey,Turkish Super League,football-data.co.uk
league_6213e1424738215c,2025-08-08,SUPER_LIG,2025-26,LEAGUE,,Gaziantep FK,Galatasaray SK,0,3,A,Turkey,Turkish Super League,football-data.co.uk
league_8d3872fa62145c95,2025-08-09,SUPER_LIG,2025-26,LEAGUE,,Antalyaspor,Kasımpaşa SK,2,1,H,Turkey,Turkish Super League,football-data.co.uk
league_b6fa1da0b8b95df9,2025-08-09,SUPER_LIG,2025-26,LEAGUE,,Samsunspor,Genclerbirligi,2,1,H,Turkey,Turkish Super League,football-data.co.uk
league_f8728b3728af40ea,2025-08-10,SUPER_LIG,2025-26,LEAGUE,,Eyupspor,Konyaspor,1,4,A,Turkey,Turkish Super League,football-data.co.uk
league_ac5a0dc94c267900,2025-08-10,SUPER_LIG,2025-26,LEAGUE,,Çaykur Rizespor,Göztepe,0,3,A,Turkey,Turkish Super League,football-data.co.uk
league_4ec25a045208cafe,2025-08-11,SUPER_LIG,2025-26,LEAGUE,,Trabzonspor,Kocaelispor,1,0,H,Turkey,Turkish Super League,football-data.co.uk
league_55caa66c571525b2,2025-08-15,SUPER_LIG,2025-26,LEAGUE,,Galatasaray SK,Karagumruk,3,0,H,Turkey,Turkish Super League,football-data.co.uk
league_f04e54e175619533,2025-08-16,SUPER_LIG,2025-26,LEAGUE,,Alanyaspor,Çaykur Rizespor,0,0,D,Turkey,Turkish Super League,football-data.co.uk
league_171fd7ea07d408e3,2025-08-16,SUPER_LIG,2025-26,LEAGUE,,Göztepe,Fenerbahçe,0,0,D,Turkey,Turkish Super League,football-data.co.uk
league_92c08ff646e63124,2025-08-16,SUPER_LIG,2025-26,LEAGUE,,Kocaelispor,Samsunspor,0,1,A,Turkey,Turkish Super League,football-data.co.uk
league_0eba0c633c0e2372,2025-08-17,SUPER_LIG,2025-26,LEAGUE,,Beşiktaş JK,Eyupspor,2,1,H,Turkey,Turkish Super League,football-data.co.uk
league_fc4af25a9e88dd7f,2025-08-17,SUPER_LIG,2025-26,LEAGUE,,Buyuksehyr,Kayserispor,1,1,D,Turkey,Turkish Super League,football-data.co.uk
league_9aea75fdcb5791ac,2025-08-17,SUPER_LIG,2025-26,LEAGUE,,Genclerbirligi,Antalyaspor,0,1,A,Turkey,Turkish Super League,football-data.co.uk
league_40d2cd076ea1da90,2025-08-17,SUPER_LIG,2025-26,LEAGUE,,Konyaspor,Gaziantep FK,3,0,H,Turkey,Turkish Super League,football-data.co.uk
league_bb103b2be114d341,2025-08-18,SUPER_LIG,2025-26,LEAGUE,,Kasımpaşa SK,Trabzonspor,0,1,A,Turkey,Turkish Super League,football-data.co.uk
league_2a1ba9e864c10e35,2025-08-22,SUPER_LIG,2025-26,LEAGUE,,Karagumruk,Göztepe,0,2,A,Turkey,Turkish Super League,football-data.co.uk
league_d4df27c0ef2326c5,2025-08-23,SUPER_LIG,2025-26,LEAGUE,,Fenerbahçe,Kocaelispor,3,1,H,Turkey,Turkish Super League,football-data.co.uk
league_e0fc7d8aabc44607,2025-08-23,SUPER_LIG,2025-26,LEAGUE,,Gaziantep FK,Genclerbirligi,2,1,H,Turkey,Turkish Super League,football-data.co.uk
league_d1880c1574e2de22,2025-08-24,SUPER_LIG,2025-26,LEAGUE,,Kayserispor,Galatasaray SK,0,4,A,Turkey,Turkish Super League,football-data.co.uk
league_f613d4a6553d7353,2025-08-24,SUPER_LIG,2025-26,LEAGUE,,Trabzonspor,Antalyaspor,1,0,H,Turkey,Turkish Super League,football-data.co.uk
league_e36f4ddfaa4e5fd7,2025-08-25,SUPER_LIG,2025-26,LEAGUE,,Eyupspor,Alanyaspor,2,1,H,Turkey,Turkish Super League,football-data.co.uk
league_03c04ede844e120e,2025-08-29,SUPER_LIG,2025-26,LEAGUE,,Göztepe,Konyaspor,1,1,D,Turkey,Turkish Super League,football-data.co.uk
league_df6981df2372a293,2025-08-30,SUPER_LIG,2025-26,LEAGUE,,Antalyaspor,Karagumruk,1,2,A,Turkey,Turkish Super League,football-data.co.uk
league_50af1973d63961ab,2025-08-30,SUPER_LIG,2025-26,LEAGUE,,Galatasaray SK,Çaykur Rizespor,3,1,H,Turkey,Turkish Super League,football-data.co.uk
league_f50a2e03ed6317f2,2025-08-30,SUPER_LIG,2025-26,LEAGUE,,Kasımpaşa SK,Gaziantep FK,2,3,A,Turkey,Turkish Super League,football-data.co.uk
league_a1e5a9d04dac37fc,2025-08-30,SUPER_LIG,2025-26,LEAGUE,,Kocaelispor,Kayserispor,1,1,D,Turkey,Turkish Super League,football-data.co.uk
league_ebe60252e5865d45,2025-08-31,SUPER_LIG,2025-26,LEAGUE,,Alanyaspor,Beşiktaş JK,2,0,H,Turkey,Turkish Super League,football-data.co.uk
league_9335cf389a244a29,2025-08-31,SUPER_LIG,2025-26,LEAGUE,,Buyuksehyr,Eyupspor,0,0,D,Turkey,Turkish Super League,football-data.co.uk
league_2c42c148edc6fe61,2025-08-31,SUPER_LIG,2025-26,LEAGUE,,Genclerbirligi,Fenerbahçe,1,3,A,Turkey,Turkish Super League,football-data.co.uk
league_cf6120f774d8bfb4,2025-08-31,SUPER_LIG,2025-26,LEAGUE,,Trabzonspor,Samsunspor,1,1,D,Turkey,Turkish Super League,football-data.co.uk
league_1e5c354c0f002c55,2025-09-13,SUPER_LIG,2025-26,LEAGUE,,Beşiktaş JK,Buyuksehyr,2,1,H,Turkey,Turkish Super League,football-data.co.uk
league_b83ff33f86330b6e,2025-09-13,SUPER_LIG,2025-26,LEAGUE,,Eyupspor,Galatasaray SK,0,2,A,Turkey,Turkish Super League,football-data.co.uk
league_b22c4f52fd96fd00,2025-09-13,SUPER_LIG,2025-26,LEAGUE,,Karagumruk,Kasımpaşa SK,0,1,A,Turkey,Turkish Super League,football-data.co.uk
league_c6631589b731b584,2025-09-13,SUPER_LIG,2025-26,LEAGUE,,Konyaspor,Alanyaspor,1,2,A,Turkey,Turkish Super League,football-data.co.uk
league_5fd81a582a660e36,2025-09-13,SUPER_LIG,2025-26,LEAGUE,,Samsunspor,Antalyaspor,1,2,A,Turkey,Turkish Super League,football-data.co.uk
league_7d27d238cb435bcd,2025-09-14,SUPER_LIG,2025-26,LEAGUE,,Fenerbahçe,Trabzonspor,1,0,H,Turkey,Turkish Super League,football-data.co.uk
league_8187cc5180f5d6ff,2025-09-14,SUPER_LIG,2025-26,LEAGUE,,Gaziantep FK,Kocaelispor,2,0,H,Turkey,Turkish Super League,football-data.co.uk
league_bec838ef9f34be45,2025-09-14,SUPER_LIG,2025-26,LEAGUE,,Kayserispor,Göztepe,1,1,D,Turkey,Turkish Super League,football-data.co.uk
league_76b2b50d6241b88e,2025-09-15,SUPER_LIG,2025-26,LEAGUE,,Çaykur Rizespor,Genclerbirligi,1,0,H,Turkey,Turkish Super League,football-data.co.uk
league_2305a6e8e3297b93,2025-09-17,SUPER_LIG,2025-26,LEAGUE,,Fenerbahçe,Alanyaspor,2,2,D,Turkey,Turkish Super League,football-data.co.uk
league_0a0a987abba87913,2025-09-17,SUPER_LIG,2025-26,LEAGUE,,Karagumruk,Buyuksehyr,0,2,A,Turkey,Turkish Super League,football-data.co.uk
league_68a0612942838128,2025-09-17,SUPER_LIG,2025-26,LEAGUE,,Samsunspor,Kasımpaşa SK,0,0,D,Turkey,Turkish Super League,football-data.co.uk
league_c1cd6e4707a6bd59,2025-09-19,SUPER_LIG,2025-26,LEAGUE,,Göztepe,Beşiktaş JK,3,0,H,Turkey,Turkish Super League,football-data.co.uk
league_d0ac9b100d1c6169,2025-09-20,SUPER_LIG,2025-26,LEAGUE,,Antalyaspor,Kayserispor,1,1,D,Turkey,Turkish Super League,football-data.co.uk
league_086600226d672dfa,2025-09-20,SUPER_LIG,2025-26,LEAGUE,,Genclerbirligi,Eyupspor,1,0,H,Turkey,Turkish Super League,football-data.co.uk
league_ae67c90139a9635d,2025-09-20,SUPER_LIG,2025-26,LEAGUE,,Trabzonspor,Gaziantep FK,1,1,D,Turkey,Turkish Super League,football-data.co.uk
league_ee5698fa0057785c,2025-09-21,SUPER_LIG,2025-26,LEAGUE,,Buyuksehyr,Alanyaspor,1,1,D,Turkey,Turkish Super League,football-data.co.uk
league_5ae048f8636cda2c,2025-09-21,SUPER_LIG,2025-26,LEAGUE,,Kasımpaşa SK,Fenerbahçe,1,1,D,Turkey,Turkish Super League,football-data.co.uk
league_63ff5a30a8a891de,2025-09-21,SUPER_LIG,2025-26,LEAGUE,,Kocaelispor,Çaykur Rizespor,1,1,D,Turkey,Turkish Super League,football-data.co.uk
league_908352c9e6a41d15,2025-09-21,SUPER_LIG,2025-26,LEAGUE,,Samsunspor,Karagumruk,3,2,H,Turkey,Turkish Super League,football-data.co.uk
league_3397a92e911ddc8e,2025-09-22,SUPER_LIG,2025-26,LEAGUE,,Galatasaray SK,Konyaspor,3,1,H,Turkey,Turkish Super League,football-data.co.uk
league_ca4ba6058e539fa4,2025-09-24,SUPER_LIG,2025-26,LEAGUE,,Kayserispor,Beşiktaş JK,0,4,A,Turkey,Turkish Super League,football-data.co.uk
league_cd24d101b6c857a0,2025-09-26,SUPER_LIG,2025-26,LEAGUE,,Alanyaspor,Galatasaray SK,0,1,A,Turkey,Turkish Super League,football-data.co.uk
league_4681218cd4784210,2025-09-27,SUPER_LIG,2025-26,LEAGUE,,Eyupspor,Göztepe,0,0,D,Turkey,Turkish Super League,football-data.co.uk
league_0bd0ef220170da80,2025-09-27,SUPER_LIG,2025-26,LEAGUE,,Gaziantep FK,Samsunspor,2,2,D,Turkey,Turkish Super League,football-data.co.uk
league_9b50479a7db53848,2025-09-27,SUPER_LIG,2025-26,LEAGUE,,Karagumruk,Trabzonspor,3,4,A,Turkey,Turkish Super League,football-data.co.uk
league_de05ae6a303f87cd,2025-09-28,SUPER_LIG,2025-26,LEAGUE,,Fenerbahçe,Antalyaspor,2,0,H,Turkey,Turkish Super League,football-data.co.uk
league_d952e518996fd9bd,2025-09-28,SUPER_LIG,2025-26,LEAGUE,,Kayserispor,Genclerbirligi,1,1,D,Turkey,Turkish Super League,football-data.co.uk
league_3deff88db43375ea,2025-09-28,SUPER_LIG,2025-26,LEAGUE,,Konyaspor,Buyuksehyr,2,1,H,Turkey,Turkish Super League,football-data.co.uk
league_d5a8a27241fdca84,2025-09-28,SUPER_LIG,2025-26,LEAGUE,,Çaykur Rizespor,Kasımpaşa SK,1,2,A,Turkey,Turkish Super League,football-data.co.uk
league_6c6e1fa38004a0e2,2025-09-29,SUPER_LIG,2025-26,LEAGUE,,Beşiktaş JK,Kocaelispor,3,1,H,Turkey,Turkish Super League,football-data.co.uk
league_873f6317b4ea25b5,2025-10-03,SUPER_LIG,2025-26,LEAGUE,,Antalyaspor,Çaykur Rizespor,2,5,A,Turkey,Turkish Super League,football-data.co.uk
league_e50c9352563c9f90,2025-10-03,SUPER_LIG,2025-26,LEAGUE,,Trabzonspor,Kayserispor,4,0,H,Turkey,Turkish Super League,football-data.co.uk
league_00c80f29c314088e,2025-10-04,SUPER_LIG,2025-26,LEAGUE,,Galatasaray SK,Beşiktaş JK,1,1,D,Turkey,Turkish Super League,football-data.co.uk
league_72e10a093f6f485f,2025-10-04,SUPER_LIG,2025-26,LEAGUE,,Genclerbirligi,Alanyaspor,2,2,D,Turkey,Turkish Super League,football-data.co.uk
league_4205a5a7e12e8d4a,2025-10-04,SUPER_LIG,2025-26,LEAGUE,,Kocaelispor,Eyupspor,1,0,H,Turkey,Turkish Super League,football-data.co.uk
league_c2f5fd2dfa053164,2025-10-05,SUPER_LIG,2025-26,LEAGUE,,Göztepe,Buyuksehyr,1,0,H,Turkey,Turkish Super League,football-data.co.uk
league_ec3c3fa9792b5c60,2025-10-05,SUPER_LIG,2025-26,LEAGUE,,Karagumruk,Gaziantep FK,0,2,A,Turkey,Turkish Super League,football-data.co.uk
league_59b040f1684ef47c,2025-10-05,SUPER_LIG,2025-26,LEAGUE,,Kasımpaşa SK,Konyaspor,1,1,D,Turkey,Turkish Super League,football-data.co.uk
league_66414a5e1f31a2cd,2025-10-05,SUPER_LIG,2025-26,LEAGUE,,Samsunspor,Fenerbahçe,0,0,D,Turkey,Turkish Super League,football-data.co.uk
league_08416c3341d756da,2025-10-18,SUPER_LIG,2025-26,LEAGUE,,Beşiktaş JK,Genclerbirligi,1,2,A,Turkey,Turkish Super League,football-data.co.uk
league_8000581b97607dcd,2025-10-18,SUPER_LIG,2025-26,LEAGUE,,Buyuksehyr,Galatasaray SK,1,2,A,Turkey,Turkish Super League,football-data.co.uk
league_5e6fccad869d53aa,2025-10-18,SUPER_LIG,2025-26,LEAGUE,,Konyaspor,Kocaelispor,2,3,A,Turkey,Turkish Super League,football-data.co.uk
league_e6363348f1e3ef7d,2025-10-18,SUPER_LIG,2025-26,LEAGUE,,Çaykur Rizespor,Trabzonspor,1,2,A,Turkey,Turkish Super League,football-data.co.uk
league_d307db41e813b063,2025-10-19,SUPER_LIG,2025-26,LEAGUE,,Alanyaspor,Göztepe,1,0,H,Turkey,Turkish Super League,football-data.co.uk
league_7144262085ab6db9,2025-10-19,SUPER_LIG,2025-26,LEAGUE,,Fenerbahçe,Karagumruk,2,1,H,Turkey,Turkish Super League,football-data.co.uk
league_541782f549428b4b,2025-10-19,SUPER_LIG,2025-26,LEAGUE,,Gaziantep FK,Antalyaspor,3,2,H,Turkey,Turkish Super League,football-data.co.uk
league_50df6d48f040908b,2025-10-19,SUPER_LIG,2025-26,LEAGUE,,Kayserispor,Samsunspor,1,3,A,Turkey,Turkish Super League,football-data.co.uk
league_8d20d84e8a21a69a,2025-10-20,SUPER_LIG,2025-26,LEAGUE,,Eyupspor,Kasımpaşa SK,2,0,H,Turkey,Turkish Super League,football-data.co.uk
league_4b258d83062c4cec,2025-10-22,SUPER_LIG,2025-26,LEAGUE,,Konyaspor,Beşiktaş JK,0,2,A,Turkey,Turkish Super League,football-data.co.uk
league_9dbe1ee431673829,2025-10-22,SUPER_LIG,2025-26,LEAGUE,,Çaykur Rizespor,Buyuksehyr,0,0,D,Turkey,Turkish Super League,football-data.co.uk
league_866fdaf802c37ba0,2025-10-24,SUPER_LIG,2025-26,LEAGUE,,Karagumruk,Kayserispor,2,2,D,Turkey,Turkish Super League,football-data.co.uk
league_3a5168d1c349bdeb,2025-10-25,SUPER_LIG,2025-26,LEAGUE,,Kocaelispor,Alanyaspor,2,0,H,Turkey,Turkish Super League,football-data.co.uk
league_8c6bd442b693578f,2025-10-25,SUPER_LIG,2025-26,LEAGUE,,Trabzonspor,Eyupspor,2,0,H,Turkey,Turkish Super League,football-data.co.uk
league_355b81b87fca7674,2025-10-26,SUPER_LIG,2025-26,LEAGUE,,Antalyaspor,Buyuksehyr,0,4,A,Turkey,Turkish Super League,football-data.co.uk
league_f594f6ff989a9ad5,2025-10-26,SUPER_LIG,2025-26,LEAGUE,,Galatasaray SK,Göztepe,3,1,H,Turkey,Turkish Super League,football-data.co.uk
league_d070f53141e0b996,2025-10-26,SUPER_LIG,2025-26,LEAGUE,,Genclerbirligi,Konyaspor,1,2,A,Turkey,Turkish Super League,football-data.co.uk
league_f451ee713552aba6,2025-10-26,SUPER_LIG,2025-26,LEAGUE,,Kasımpaşa SK,Beşiktaş JK,1,1,D,Turkey,Turkish Super League,football-data.co.uk
league_591446f72b88985a,2025-10-27,SUPER_LIG,2025-26,LEAGUE,,Gaziantep FK,Fenerbahçe,0,4,A,Turkey,Turkish Super League,football-data.co.uk
league_7b0fd0e3aaf8f16b,2025-10-27,SUPER_LIG,2025-26,LEAGUE,,Samsunspor,Çaykur Rizespor,1,1,D,Turkey,Turkish Super League,football-data.co.uk
league_59a5214b47009093,2025-10-31,SUPER_LIG,2025-26,LEAGUE,,Buyuksehyr,Kocaelispor,1,0,H,Turkey,Turkish Super League,football-data.co.uk
league_ac9f08f9c691b34f,2025-11-01,SUPER_LIG,2025-26,LEAGUE,,Galatasaray SK,Trabzonspor,0,0,D,Turkey,Turkish Super League,football-data.co.uk
league_7ae5a51dddef920b,2025-11-01,SUPER_LIG,2025-26,LEAGUE,,Göztepe,Genclerbirligi,1,0,H,Turkey,Turkish Super League,football-data.co.uk
league_6835144f048215f9,2025-11-02,SUPER_LIG,2025-26,LEAGUE,,Beşiktaş JK,Fenerbahçe,2,3,A,Turkey,Turkish Super League,football-data.co.uk
league_ec3c224500ed0b07,2025-11-02,SUPER_LIG,2025-26,LEAGUE,,Kayserispor,Kasımpaşa SK,3,2,H,Turkey,Turkish Super League,football-data.co.uk
league_4dabb3fa944710f3,2025-11-02,SUPER_LIG,2025-26,LEAGUE,,Konyaspor,Samsunspor,1,3,A,Turkey,Turkish Super League,football-data.co.uk
league_5e182c0177d3a0e7,2025-11-03,SUPER_LIG,2025-26,LEAGUE,,Alanyaspor,Gaziantep FK,0,0,D,Turkey,Turkish Super League,football-data.co.uk
league_70cb2a87b748a53d,2025-11-03,SUPER_LIG,2025-26,LEAGUE,,Eyupspor,Antalyaspor,0,1,A,Turkey,Turkish Super League,football-data.co.uk
league_9e3c3db8b1dd796a,2025-11-03,SUPER_LIG,2025-26,LEAGUE,,Çaykur Rizespor,Karagumruk,1,0,H,Turkey,Turkish Super League,football-data.co.uk
league_218be437da6c31f7,2025-11-07,SUPER_LIG,2025-26,LEAGUE,,Genclerbirligi,Buyuksehyr,2,1,H,Turkey,Turkish Super League,football-data.co.uk
league_f737865910ff7a6e,2025-11-08,SUPER_LIG,2025-26,LEAGUE,,Antalyaspor,Beşiktaş JK,1,3,A,Turkey,Turkish Super League,football-data.co.uk
league_b657f3c0e93f0468,2025-11-08,SUPER_LIG,2025-26,LEAGUE,,Gaziantep FK,Çaykur Rizespor,2,2,D,Turkey,Turkish Super League,football-data.co.uk
league_76a5be35212a0bde,2025-11-08,SUPER_LIG,2025-26,LEAGUE,,Kasımpaşa SK,Göztepe,0,2,A,Turkey,Turkish Super League,football-data.co.uk
league_b5924f85ab102944,2025-11-08,SUPER_LIG,2025-26,LEAGUE,,Trabzonspor,Alanyaspor,1,1,D,Turkey,Turkish Super League,football-data.co.uk
league_321e0e2c18e9b35c,2025-11-09,SUPER_LIG,2025-26,LEAGUE,,Fenerbahçe,Kayserispor,4,2,H,Turkey,Turkish Super League,football-data.co.uk
league_87b9f55a8ac77092,2025-11-09,SUPER_LIG,2025-26,LEAGUE,,Karagumruk,Konyaspor,2,0,H,Turkey,Turkish Super League,football-data.co.uk
league_520b310660d3cc0f,2025-11-09,SUPER_LIG,2025-26,LEAGUE,,Kocaelispor,Galatasaray SK,1,0,H,Turkey,Turkish Super League,football-data.co.uk
league_33ab9f49b5bdcf9c,2025-11-09,SUPER_LIG,2025-26,LEAGUE,,Samsunspor,Eyupspor,1,0,H,Turkey,Turkish Super League,football-data.co.uk
league_4481e8720f270152,2025-11-22,SUPER_LIG,2025-26,LEAGUE,,Eyupspor,Karagumruk,1,1,D,Turkey,Turkish Super League,football-data.co.uk
league_4c1dd256be732b18,2025-11-22,SUPER_LIG,2025-26,LEAGUE,,Galatasaray SK,Genclerbirligi,3,2,H,Turkey,Turkish Super League,football-data.co.uk
league_ff7267e4421b0efb,2025-11-22,SUPER_LIG,2025-26,LEAGUE,,Kayserispor,Gaziantep FK,0,3,A,Turkey,Turkish Super League,football-data.co.uk
league_3821d2b76eb28f80,2025-11-23,SUPER_LIG,2025-26,LEAGUE,,Alanyaspor,Kasımpaşa SK,1,2,A,Turkey,Turkish Super League,football-data.co.uk
league_6a1cbd4231019b09,2025-11-23,SUPER_LIG,2025-26,LEAGUE,,Beşiktaş JK,Samsunspor,1,1,D,Turkey,Turkish Super League,football-data.co.uk
league_f57761606391657d,2025-11-23,SUPER_LIG,2025-26,LEAGUE,,Göztepe,Kocaelispor,0,0,D,Turkey,Turkish Super League,football-data.co.uk
league_268e5883f569d839,2025-11-23,SUPER_LIG,2025-26,LEAGUE,,Çaykur Rizespor,Fenerbahçe,2,5,A,Turkey,Turkish Super League,football-data.co.uk
league_f5d5572a527afbed,2025-11-24,SUPER_LIG,2025-26,LEAGUE,,Buyuksehyr,Trabzonspor,3,4,A,Turkey,Turkish Super League,football-data.co.uk
league_a5aff9a50cfaeb0c,2025-11-24,SUPER_LIG,2025-26,LEAGUE,,Konyaspor,Antalyaspor,0,0,D,Turkey,Turkish Super League,football-data.co.uk
league_7e57f8b897d881f2,2025-11-28,SUPER_LIG,2025-26,LEAGUE,,Kocaelispor,Genclerbirligi,1,0,H,Turkey,Turkish Super League,football-data.co.uk
league_d0d17875370f9b6d,2025-11-29,SUPER_LIG,2025-26,LEAGUE,,Gaziantep FK,Eyupspor,1,2,A,Turkey,Turkish Super League,football-data.co.uk
league_fb3c1c8200729a3b,2025-11-29,SUPER_LIG,2025-26,LEAGUE,,Kasımpaşa SK,Buyuksehyr,1,3,A,Turkey,Turkish Super League,football-data.co.uk
league_09f27fc4a0ff48d1,2025-11-29,SUPER_LIG,2025-26,LEAGUE,,Trabzonspor,Konyaspor,3,1,H,Turkey,Turkish Super League,football-data.co.uk
league_28aa00415e5d35c7,2025-11-29,SUPER_LIG,2025-26,LEAGUE,,Çaykur Rizespor,Kayserispor,0,1,A,Turkey,Turkish Super League,football-data.co.uk
league_4f2b9c5686ede72d,2025-11-30,SUPER_LIG,2025-26,LEAGUE,,Antalyaspor,Göztepe,1,2,A,Turkey,Turkish Super League,football-data.co.uk
league_0ed6f8225b9051ca,2025-11-30,SUPER_LIG,2025-26,LEAGUE,,Karagumruk,Beşiktaş JK,0,2,A,Turkey,Turkish Super League,football-data.co.uk
league_6260f498d9380ac9,2025-12-01,SUPER_LIG,2025-26,LEAGUE,,Fenerbahçe,Galatasaray SK,1,1,D,Turkey,Turkish Super League,football-data.co.uk
league_a371b6ee65244835,2025-12-01,SUPER_LIG,2025-26,LEAGUE,,Samsunspor,Alanyaspor,1,1,D,Turkey,Turkish Super League,football-data.co.uk
league_b6493879839bfbb1,2025-12-05,SUPER_LIG,2025-26,LEAGUE,,Galatasaray SK,Samsunspor,3,2,H,Turkey,Turkish Super League,football-data.co.uk
league_657d0daec9fb34d9,2025-12-06,SUPER_LIG,2025-26,LEAGUE,,Buyuksehyr,Fenerbahçe,1,1,D,Turkey,Turkish Super League,football-data.co.uk
league_1f5f8e45df4a4b47,2025-12-06,SUPER_LIG,2025-26,LEAGUE,,Eyupspor,Kayserispor,1,1,D,Turkey,Turkish Super League,football-data.co.uk
league_1a591848259a3897,2025-12-06,SUPER_LIG,2025-26,LEAGUE,,Konyaspor,Çaykur Rizespor,1,1,D,Turkey,Turkish Super League,football-data.co.uk
league_371e3c55dc86f0a3,2025-12-07,SUPER_LIG,2025-26,LEAGUE,,Genclerbirligi,Karagumruk,3,0,H,Turkey,Turkish Super League,football-data.co.uk
league_fe507ea9abed832b,2025-12-07,SUPER_LIG,2025-26,LEAGUE,,Göztepe,Trabzonspor,1,2,A,Turkey,Turkish Super League,football-data.co.uk
league_513d8d96b4037398,2025-12-07,SUPER_LIG,2025-26,LEAGUE,,Kocaelispor,Kasımpaşa SK,0,0,D,Turkey,Turkish Super League,football-data.co.uk
league_cef5d115541385b7,2025-12-08,SUPER_LIG,2025-26,LEAGUE,,Alanyaspor,Antalyaspor,0,0,D,Turkey,Turkish Super League,football-data.co.uk
league_8ffbfeceb7cead01,2025-12-08,SUPER_LIG,2025-26,LEAGUE,,Beşiktaş JK,Gaziantep FK,2,2,D,Turkey,Turkish Super League,football-data.co.uk
league_d5fe6828e5840c7b,2025-12-12,SUPER_LIG,2025-26,LEAGUE,,Kasımpaşa SK,Genclerbirligi,0,0,D,Turkey,Turkish Super League,football-data.co.uk
league_62330965ad9223bb,2025-12-13,SUPER_LIG,2025-26,LEAGUE,,Antalyaspor,Galatasaray SK,1,4,A,Turkey,Turkish Super League,football-data.co.uk
league_8ab2729231156880,2025-12-13,SUPER_LIG,2025-26,LEAGUE,,Kayserispor,Alanyaspor,0,0,D,Turkey,Turkish Super League,football-data.co.uk
league_98aa01eaa4a3b68a,2025-12-13,SUPER_LIG,2025-26,LEAGUE,,Çaykur Rizespor,Eyupspor,3,0,H,Turkey,Turkish Super League,football-data.co.uk
league_db023f5e76ee798f,2025-12-14,SUPER_LIG,2025-26,LEAGUE,,Gaziantep FK,Göztepe,0,1,A,Turkey,Turkish Super League,football-data.co.uk
league_0275909a202c57e9,2025-12-14,SUPER_LIG,2025-26,LEAGUE,,Karagumruk,Kocaelispor,1,1,D,Turkey,Turkish Super League,football-data.co.uk
league_fe806185b3b340cf,2025-12-14,SUPER_LIG,2025-26,LEAGUE,,Samsunspor,Buyuksehyr,0,2,A,Turkey,Turkish Super League,football-data.co.uk
league_84841e5c98efa9d7,2025-12-14,SUPER_LIG,2025-26,LEAGUE,,Trabzonspor,Beşiktaş JK,3,3,D,Turkey,Turkish Super League,football-data.co.uk
league_9fd413857223aae6,2025-12-15,SUPER_LIG,2025-26,LEAGUE,,Fenerbahçe,Konyaspor,4,0,H,Turkey,Turkish Super League,football-data.co.uk
league_b9a145694ed9d975,2025-12-19,SUPER_LIG,2025-26,LEAGUE,,Kocaelispor,Antalyaspor,2,1,H,Turkey,Turkish Super League,football-data.co.uk
league_1eb7a8000e5469f2,2025-12-20,SUPER_LIG,2025-26,LEAGUE,,Beşiktaş JK,Çaykur Rizespor,1,0,H,Turkey,Turkish Super League,football-data.co.uk
league_f3569d07c1a717be,2025-12-20,SUPER_LIG,2025-26,LEAGUE,,Eyupspor,Fenerbahçe,0,3,A,Turkey,Turkish Super League,football-data.co.uk
league_8b1ba5a8bff61ad8,2025-12-20,SUPER_LIG,2025-26,LEAGUE,,Konyaspor,Kayserispor,1,1,D,Turkey,Turkish Super League,football-data.co.uk
league_3dac60bd6e60a49a,2025-12-21,SUPER_LIG,2025-26,LEAGUE,,Alanyaspor,Karagumruk,2,0,H,Turkey,Turkish Super League,football-data.co.uk
league_158ff3ae3fa1f64d,2025-12-21,SUPER_LIG,2025-26,LEAGUE,,Galatasaray SK,Kasımpaşa SK,3,0,H,Turkey,Turkish Super League,football-data.co.uk
league_2c4f4520aeebb5b2,2025-12-21,SUPER_LIG,2025-26,LEAGUE,,Göztepe,Samsunspor,2,0,H,Turkey,Turkish Super League,football-data.co.uk
league_6c5a165bbad874e5,2025-12-22,SUPER_LIG,2025-26,LEAGUE,,Buyuksehyr,Gaziantep FK,5,1,H,Turkey,Turkish Super League,football-data.co.uk
league_6016216a13cd9e3b,2025-12-22,SUPER_LIG,2025-26,LEAGUE,,Genclerbirligi,Trabzonspor,4,3,H,Turkey,Turkish Super League,football-data.co.uk
league_bb72e5ba8e8622ce,2026-01-17,SUPER_LIG,2025-26,LEAGUE,,Buyuksehyr,Karagumruk,2,1,H,Turkey,Turkish Super League,football-data.co.uk
league_ae546efe9ac95795,2026-01-17,SUPER_LIG,2025-26,LEAGUE,,Galatasaray SK,Gaziantep FK,1,1,D,Turkey,Turkish Super League,football-data.co.uk
league_acd8fdf43bb2cabd,2026-01-18,SUPER_LIG,2025-26,LEAGUE,,Alanyaspor,Fenerbahçe,2,3,A,Turkey,Turkish Super League,football-data.co.uk
league_cab79366fc28ac1e,2026-01-18,SUPER_LIG,2025-26,LEAGUE,,Genclerbirligi,Samsunspor,1,1,D,Turkey,Turkish Super League,football-data.co.uk
league_db237d429b2262b1,2026-01-18,SUPER_LIG,2025-26,LEAGUE,,Kasımpaşa SK,Antalyaspor,0,0,D,Turkey,Turkish Super League,football-data.co.uk
league_03ee99dbbe7a51ce,2026-01-18,SUPER_LIG,2025-26,LEAGUE,,Kocaelispor,Trabzonspor,1,2,A,Turkey,Turkish Super League,football-data.co.uk
league_f9edcd54122e3134,2026-01-19,SUPER_LIG,2025-26,LEAGUE,,Beşiktaş JK,Kayserispor,1,0,H,Turkey,Turkish Super League,football-data.co.uk
league_f91f2b99438d6a59,2026-01-19,SUPER_LIG,2025-26,LEAGUE,,Göztepe,Çaykur Rizespor,3,1,H,Turkey,Turkish Super League,football-data.co.uk
league_917525cd7f685dcd,2026-01-19,SUPER_LIG,2025-26,LEAGUE,,Konyaspor,Eyupspor,1,1,D,Turkey,Turkish Super League,football-data.co.uk
league_d43ae6992ad1575e,2026-01-23,SUPER_LIG,2025-26,LEAGUE,,Trabzonspor,Kasımpaşa SK,2,1,H,Turkey,Turkish Super League,football-data.co.uk
league_e510dfe38d6e9818,2026-01-24,SUPER_LIG,2025-26,LEAGUE,,Karagumruk,Galatasaray SK,1,3,A,Turkey,Turkish Super League,football-data.co.uk
league_c5feb9045f49b216,2026-01-24,SUPER_LIG,2025-26,LEAGUE,,Kayserispor,Buyuksehyr,0,3,A,Turkey,Turkish Super League,football-data.co.uk
league_0da16e6b704ba935,2026-01-24,SUPER_LIG,2025-26,LEAGUE,,Samsunspor,Kocaelispor,0,0,D,Turkey,Turkish Super League,football-data.co.uk
league_81135276478da4fc,2026-01-25,SUPER_LIG,2025-26,LEAGUE,,Antalyaspor,Genclerbirligi,2,1,H,Turkey,Turkish Super League,football-data.co.uk
league_386a23122b98edd8,2026-01-25,SUPER_LIG,2025-26,LEAGUE,,Fenerbahçe,Göztepe,1,1,D,Turkey,Turkish Super League,football-data.co.uk
league_d6d8e04a189b239f,2026-01-25,SUPER_LIG,2025-26,LEAGUE,,Gaziantep FK,Konyaspor,1,1,D,Turkey,Turkish Super League,football-data.co.uk
league_00f419771bcc45f3,2026-01-25,SUPER_LIG,2025-26,LEAGUE,,Çaykur Rizespor,Alanyaspor,1,1,D,Turkey,Turkish Super League,football-data.co.uk
league_dae3db316871c4a0,2026-01-26,SUPER_LIG,2025-26,LEAGUE,,Eyupspor,Beşiktaş JK,2,2,D,Turkey,Turkish Super League,football-data.co.uk
league_8fbf546933a0eca4,2026-01-30,SUPER_LIG,2025-26,LEAGUE,,Antalyaspor,Trabzonspor,1,1,D,Turkey,Turkish Super League,football-data.co.uk
league_8d7620df61fcd5bb,2026-01-30,SUPER_LIG,2025-26,LEAGUE,,Kasımpaşa SK,Samsunspor,0,1,A,Turkey,Turkish Super League,football-data.co.uk
league_1903d73ef81924e7,2026-01-31,SUPER_LIG,2025-26,LEAGUE,,Alanyaspor,Eyupspor,1,3,A,Turkey,Turkish Super League,football-data.co.uk
league_5c38dca8cdbe82a2,2026-01-31,SUPER_LIG,2025-26,LEAGUE,,Beşiktaş JK,Konyaspor,2,1,H,Turkey,Turkish Super League,football-data.co.uk
league_3f4c15d4f7c10038,2026-01-31,SUPER_LIG,2025-26,LEAGUE,,Buyuksehyr,Çaykur Rizespor,2,2,D,Turkey,Turkish Super League,football-data.co.uk
league_5a07e44439dd4e39,2026-01-31,SUPER_LIG,2025-26,LEAGUE,,Göztepe,Karagumruk,2,1,H,Turkey,Turkish Super League,football-data.co.uk
league_9fdb2fce95d40b70,2026-02-01,SUPER_LIG,2025-26,LEAGUE,,Galatasaray SK,Kayserispor,4,0,H,Turkey,Turkish Super League,football-data.co.uk
league_9753061969532bdf,2026-02-01,SUPER_LIG,2025-26,LEAGUE,,Genclerbirligi,Gaziantep FK,2,1,H,Turkey,Turkish Super League,football-data.co.uk
league_daa7e75033880f59,2026-02-02,SUPER_LIG,2025-26,LEAGUE,,Kocaelispor,Fenerbahçe,0,2,A,Turkey,Turkish Super League,football-data.co.uk
league_fa6e3cf30bdfdec9,2026-02-07,SUPER_LIG,2025-26,LEAGUE,,Karagumruk,Antalyaspor,1,0,H,Turkey,Turkish Super League,football-data.co.uk
league_a010aa88abeaded9,2026-02-07,SUPER_LIG,2025-26,LEAGUE,,Samsunspor,Trabzonspor,0,3,A,Turkey,Turkish Super League,football-data.co.uk
league_004a98570a6feec5,2026-02-08,SUPER_LIG,2025-26,LEAGUE,,Beşiktaş JK,Alanyaspor,2,2,D,Turkey,Turkish Super League,football-data.co.uk
league_b5208ac5aca59f9a,2026-02-08,SUPER_LIG,2025-26,LEAGUE,,Eyupspor,Buyuksehyr,1,2,A,Turkey,Turkish Super League,football-data.co.uk
league_8c272c6abdc11510,2026-02-08,SUPER_LIG,2025-26,LEAGUE,,Konyaspor,Göztepe,0,0,D,Turkey,Turkish Super League,football-data.co.uk
league_9d63172e2102c97e,2026-02-08,SUPER_LIG,2025-26,LEAGUE,,Çaykur Rizespor,Galatasaray SK,0,3,A,Turkey,Turkish Super League,football-data.co.uk
league_acbcb8a3270f9b16,2026-02-09,SUPER_LIG,2025-26,LEAGUE,,Fenerbahçe,Genclerbirligi,3,1,H,Turkey,Turkish Super League,football-data.co.uk
league_9bac8c5efdb67d0e,2026-02-09,SUPER_LIG,2025-26,LEAGUE,,Gaziantep FK,Kasımpaşa SK,2,1,H,Turkey,Turkish Super League,football-data.co.uk
league_2715eec0f7f21479,2026-02-09,SUPER_LIG,2025-26,LEAGUE,,Kayserispor,Kocaelispor,1,2,A,Turkey,Turkish Super League,football-data.co.uk
league_b9fefdc3e59e32b7,2026-02-13,SUPER_LIG,2025-26,LEAGUE,,Antalyaspor,Samsunspor,3,1,H,Turkey,Turkish Super League,football-data.co.uk
league_5dd1a7ed0e3df6db,2026-02-13,SUPER_LIG,2025-26,LEAGUE,,Galatasaray SK,Eyupspor,5,1,H,Turkey,Turkish Super League,football-data.co.uk
league_af8f90f6497bdeac,2026-02-14,SUPER_LIG,2025-26,LEAGUE,,Alanyaspor,Konyaspor,2,1,H,Turkey,Turkish Super League,football-data.co.uk
league_f590026b00140c80,2026-02-14,SUPER_LIG,2025-26,LEAGUE,,Genclerbirligi,Çaykur Rizespor,2,2,D,Turkey,Turkish Super League,football-data.co.uk
league_303177a73aef5533,2026-02-14,SUPER_LIG,2025-26,LEAGUE,,Trabzonspor,Fenerbahçe,2,3,A,Turkey,Turkish Super League,football-data.co.uk
league_18321b69cc43ea94,2026-02-15,SUPER_LIG,2025-26,LEAGUE,,Buyuksehyr,Beşiktaş JK,2,3,A,Turkey,Turkish Super League,football-data.co.uk
league_07bfd50b6074edde,2026-02-15,SUPER_LIG,2025-26,LEAGUE,,Göztepe,Kayserispor,0,0,D,Turkey,Turkish Super League,football-data.co.uk
league_6c7ec92e611d1191,2026-02-15,SUPER_LIG,2025-26,LEAGUE,,Kocaelispor,Gaziantep FK,3,0,H,Turkey,Turkish Super League,football-data.co.uk
league_285305deccb1739d,2026-02-16,SUPER_LIG,2025-26,LEAGUE,,Kasımpaşa SK,Karagumruk,3,2,H,Turkey,Turkish Super League,football-data.co.uk
league_bed404a265d0cd84,2026-02-20,SUPER_LIG,2025-26,LEAGUE,,Çaykur Rizespor,Kocaelispor,2,0,H,Turkey,Turkish Super League,football-data.co.uk
league_9e3a7ca18bd54505,2026-02-21,SUPER_LIG,2025-26,LEAGUE,,Alanyaspor,Buyuksehyr,1,2,A,Turkey,Turkish Super League,football-data.co.uk
league_a5a9560e22403ce8,2026-02-21,SUPER_LIG,2025-26,LEAGUE,,Eyupspor,Genclerbirligi,1,0,H,Turkey,Turkish Super League,football-data.co.uk
league_ca5e954e275ea4ef,2026-02-21,SUPER_LIG,2025-26,LEAGUE,,Konyaspor,Galatasaray SK,2,0,H,Turkey,Turkish Super League,football-data.co.uk
league_9f12a29c7578acd9,2026-02-22,SUPER_LIG,2025-26,LEAGUE,,Beşiktaş JK,Göztepe,4,0,H,Turkey,Turkish Super League,football-data.co.uk
league_e0cacf916204b493,2026-02-22,SUPER_LIG,2025-26,LEAGUE,,Gaziantep FK,Trabzonspor,1,2,A,Turkey,Turkish Super League,football-data.co.uk
league_cdafe5572bf7d873,2026-02-22,SUPER_LIG,2025-26,LEAGUE,,Karagumruk,Samsunspor,0,0,D,Turkey,Turkish Super League,football-data.co.uk
league_a56d1d146fce5964,2026-02-22,SUPER_LIG,2025-26,LEAGUE,,Kayserispor,Antalyaspor,1,0,H,Turkey,Turkish Super League,football-data.co.uk
league_53fa4065ebfa2210,2026-02-23,SUPER_LIG,2025-26,LEAGUE,,Fenerbahçe,Kasımpaşa SK,1,1,D,Turkey,Turkish Super League,football-data.co.uk
league_fd3c99218b5c8c75,2026-02-27,SUPER_LIG,2025-26,LEAGUE,,Buyuksehyr,Konyaspor,2,0,H,Turkey,Turkish Super League,football-data.co.uk
league_6164653c8df2bef3,2026-02-27,SUPER_LIG,2025-26,LEAGUE,,Trabzonspor,Karagumruk,3,1,H,Turkey,Turkish Super League,football-data.co.uk
league_4d09485a529ed1bf,2026-02-28,SUPER_LIG,2025-26,LEAGUE,,Galatasaray SK,Alanyaspor,3,1,H,Turkey,Turkish Super League,football-data.co.uk
league_09e5d7595eb5db18,2026-02-28,SUPER_LIG,2025-26,LEAGUE,,Göztepe,Eyupspor,0,0,D,Turkey,Turkish Super League,football-data.co.uk
league_b111cfe07ca9a698,2026-02-28,SUPER_LIG,2025-26,LEAGUE,,Kasımpaşa SK,Çaykur Rizespor,0,3,A,Turkey,Turkish Super League,football-data.co.uk
league_53f8b4c1df6f826f,2026-02-28,SUPER_LIG,2025-26,LEAGUE,,Kocaelispor,Beşiktaş JK,0,1,A,Turkey,Turkish Super League,football-data.co.uk
league_a4024b65d8a0c53c,2026-03-01,SUPER_LIG,2025-26,LEAGUE,,Antalyaspor,Fenerbahçe,2,2,D,Turkey,Turkish Super League,football-data.co.uk
league_b4dd95ca1fdc04b7,2026-03-01,SUPER_LIG,2025-26,LEAGUE,,Genclerbirligi,Kayserispor,0,0,D,Turkey,Turkish Super League,football-data.co.uk
league_064a543f897e22da,2026-03-01,SUPER_LIG,2025-26,LEAGUE,,Samsunspor,Gaziantep FK,0,0,D,Turkey,Turkish Super League,football-data.co.uk
league_581d29226364830a,2026-03-07,SUPER_LIG,2025-26,LEAGUE,,Beşiktaş JK,Galatasaray SK,0,1,A,Turkey,Turkish Super League,football-data.co.uk
league_2ecdbeea0b9317b9,2026-03-07,SUPER_LIG,2025-26,LEAGUE,,Buyuksehyr,Göztepe,2,1,H,Turkey,Turkish Super League,football-data.co.uk
league_d86c59b379f0e9a7,2026-03-08,SUPER_LIG,2025-26,LEAGUE,,Fenerbahçe,Samsunspor,3,2,H,Turkey,Turkish Super League,football-data.co.uk
league_b2c84b3945b7ad80,2026-03-08,SUPER_LIG,2025-26,LEAGUE,,Gaziantep FK,Karagumruk,1,1,D,Turkey,Turkish Super League,football-data.co.uk
league_9b65634b4dc67cfc,2026-03-08,SUPER_LIG,2025-26,LEAGUE,,Konyaspor,Kasımpaşa SK,1,1,D,Turkey,Turkish Super League,football-data.co.uk
league_9281969621258559,2026-03-08,SUPER_LIG,2025-26,LEAGUE,,Çaykur Rizespor,Antalyaspor,1,0,H,Turkey,Turkish Super League,football-data.co.uk
league_071cea06caae6836,2026-03-09,SUPER_LIG,2025-26,LEAGUE,,Alanyaspor,Genclerbirligi,0,0,D,Turkey,Turkish Super League,football-data.co.uk
league_d7ab49459cc3fe70,2026-03-09,SUPER_LIG,2025-26,LEAGUE,,Eyupspor,Kocaelispor,0,1,A,Turkey,Turkish Super League,football-data.co.uk
league_668460ec39951419,2026-03-09,SUPER_LIG,2025-26,LEAGUE,,Kayserispor,Trabzonspor,1,3,A,Turkey,Turkish Super League,football-data.co.uk
league_ad1efd6bc0646314,2026-03-13,SUPER_LIG,2025-26,LEAGUE,,Antalyaspor,Gaziantep FK,1,4,A,Turkey,Turkish Super League,football-data.co.uk
league_f19924242be1438e,2026-03-13,SUPER_LIG,2025-26,LEAGUE,,Karagumruk,Fenerbahçe,2,0,H,Turkey,Turkish Super League,football-data.co.uk
league_323d751dd673dd4a,2026-03-14,SUPER_LIG,2025-26,LEAGUE,,Galatasaray SK,Buyuksehyr,3,0,H,Turkey,Turkish Super League,football-data.co.uk
league_df2380fcf76d6d49,2026-03-14,SUPER_LIG,2025-26,LEAGUE,,Göztepe,Alanyaspor,2,2,D,Turkey,Turkish Super League,football-data.co.uk
league_a166d9848f4e02ae,2026-03-14,SUPER_LIG,2025-26,LEAGUE,,Kocaelispor,Konyaspor,1,2,A,Turkey,Turkish Super League,football-data.co.uk
league_73c068ed046b29ef,2026-03-14,SUPER_LIG,2025-26,LEAGUE,,Trabzonspor,Çaykur Rizespor,1,0,H,Turkey,Turkish Super League,football-data.co.uk
league_0f8f3e3835cd8371,2026-03-15,SUPER_LIG,2025-26,LEAGUE,,Genclerbirligi,Beşiktaş JK,0,2,A,Turkey,Turkish Super League,football-data.co.uk
league_9f36e2d5876f93c5,2026-03-15,SUPER_LIG,2025-26,LEAGUE,,Kasımpaşa SK,Eyupspor,1,0,H,Turkey,Turkish Super League,football-data.co.uk
league_8d3520a5fd3e596d,2026-03-15,SUPER_LIG,2025-26,LEAGUE,,Samsunspor,Kayserispor,2,1,H,Turkey,Turkish Super League,football-data.co.uk
league_db220a97c7d0ce01,2026-03-17,SUPER_LIG,2025-26,LEAGUE,,Fenerbahçe,Gaziantep FK,4,1,H,Turkey,Turkish Super League,football-data.co.uk
league_4588033083ba1a20,2026-03-18,SUPER_LIG,2025-26,LEAGUE,,Alanyaspor,Kocaelispor,5,0,H,Turkey,Turkish Super League,football-data.co.uk
league_6a7e28214a38a6b7,2026-03-18,SUPER_LIG,2025-26,LEAGUE,,Buyuksehyr,Antalyaspor,0,0,D,Turkey,Turkish Super League,football-data.co.uk
league_8799b8ce64757a0b,2026-03-18,SUPER_LIG,2025-26,LEAGUE,,Eyupspor,Trabzonspor,0,1,A,Turkey,Turkish Super League,football-data.co.uk
league_143b8ab26c19e2a6,2026-03-19,SUPER_LIG,2025-26,LEAGUE,,Beşiktaş JK,Kasımpaşa SK,2,1,H,Turkey,Turkish Super League,football-data.co.uk
league_10bac4d8e5b22a29,2026-03-19,SUPER_LIG,2025-26,LEAGUE,,Kayserispor,Karagumruk,1,0,H,Turkey,Turkish Super League,football-data.co.uk
league_071da1cb622c7d68,2026-03-19,SUPER_LIG,2025-26,LEAGUE,,Konyaspor,Genclerbirligi,1,0,H,Turkey,Turkish Super League,football-data.co.uk
league_6a41804b196d1049,2026-04-04,SUPER_LIG,2025-26,LEAGUE,,Gaziantep FK,Alanyaspor,1,1,D,Turkey,Turkish Super League,football-data.co.uk
league_ddbfd7dc3cd13e75,2026-04-04,SUPER_LIG,2025-26,LEAGUE,,Genclerbirligi,Göztepe,0,2,A,Turkey,Turkish Super League,football-data.co.uk
league_204508428d679ba4,2026-04-04,SUPER_LIG,2025-26,LEAGUE,,Kasımpaşa SK,Kayserispor,2,0,H,Turkey,Turkish Super League,football-data.co.uk
league_fa19d9a9b371c1ce,2026-04-04,SUPER_LIG,2025-26,LEAGUE,,Trabzonspor,Galatasaray SK,2,1,H,Turkey,Turkish Super League,football-data.co.uk
league_cf8657104b8b78f5,2026-04-05,SUPER_LIG,2025-26,LEAGUE,,Antalyaspor,Eyupspor,3,0,H,Turkey,Turkish Super League,football-data.co.uk
league_a037b87ca5768376,2026-04-05,SUPER_LIG,2025-26,LEAGUE,,Fenerbahçe,Beşiktaş JK,1,0,H,Turkey,Turkish Super League,football-data.co.uk
league_f2377842fed40770,2026-04-05,SUPER_LIG,2025-26,LEAGUE,,Karagumruk,Çaykur Rizespor,2,1,H,Turkey,Turkish Super League,football-data.co.uk
league_0b033ee7a40ad68d,2026-04-05,SUPER_LIG,2025-26,LEAGUE,,Samsunspor,Konyaspor,2,2,D,Turkey,Turkish Super League,football-data.co.uk
league_170c4e3f0cbd8fe2,2026-04-06,SUPER_LIG,2025-26,LEAGUE,,Kocaelispor,Buyuksehyr,0,0,D,Turkey,Turkish Super League,football-data.co.uk
league_a855cd02d8105a8b,2026-04-08,SUPER_LIG,2025-26,LEAGUE,,Göztepe,Galatasaray SK,1,3,A,Turkey,Turkish Super League,football-data.co.uk
league_fa2df14ed63633eb,2026-04-09,SUPER_LIG,2025-26,LEAGUE,,Çaykur Rizespor,Samsunspor,4,1,H,Turkey,Turkish Super League,football-data.co.uk
league_0bc1e352ed9cc2ee,2026-04-10,SUPER_LIG,2025-26,LEAGUE,,Beşiktaş JK,Antalyaspor,4,2,H,Turkey,Turkish Super League,football-data.co.uk
league_fb5e87dcf7be0236,2026-04-11,SUPER_LIG,2025-26,LEAGUE,,Alanyaspor,Trabzonspor,1,1,D,Turkey,Turkish Super League,football-data.co.uk
league_96ddb14a7176671a,2026-04-11,SUPER_LIG,2025-26,LEAGUE,,Buyuksehyr,Genclerbirligi,3,0,H,Turkey,Turkish Super League,football-data.co.uk
league_a6e7fd172c2057e0,2026-04-11,SUPER_LIG,2025-26,LEAGUE,,Kayserispor,Fenerbahçe,0,4,A,Turkey,Turkish Super League,football-data.co.uk
league_eb9d78354da0a1e5,2026-04-12,SUPER_LIG,2025-26,LEAGUE,,Galatasaray SK,Kocaelispor,1,1,D,Turkey,Turkish Super League,football-data.co.uk
league_1b1a6a7b329361f9,2026-04-12,SUPER_LIG,2025-26,LEAGUE,,Göztepe,Kasımpaşa SK,3,3,D,Turkey,Turkish Super League,football-data.co.uk
league_c74a3066ec9a4044,2026-04-12,SUPER_LIG,2025-26,LEAGUE,,Konyaspor,Karagumruk,3,0,H,Turkey,Turkish Super League,football-data.co.uk
league_cec587f2b7c577e6,2026-04-13,SUPER_LIG,2025-26,LEAGUE,,Eyupspor,Samsunspor,1,2,A,Turkey,Turkish Super League,football-data.co.uk
league_79fe71b1554c9ac8,2026-04-13,SUPER_LIG,2025-26,LEAGUE,,Çaykur Rizespor,Gaziantep FK,2,1,H,Turkey,Turkish Super League,football-data.co.uk
league_ef058ae0b23d30b5,2026-04-17,SUPER_LIG,2025-26,LEAGUE,,Antalyaspor,Konyaspor,0,2,A,Turkey,Turkish Super League,football-data.co.uk
league_cacbfd64ce00d2a4,2026-04-17,SUPER_LIG,2025-26,LEAGUE,,Fenerbahçe,Çaykur Rizespor,2,2,D,Turkey,Turkish Super League,football-data.co.uk
league_b20a63cd14c3791e,2026-04-18,SUPER_LIG,2025-26,LEAGUE,,Genclerbirligi,Galatasaray SK,1,2,A,Turkey,Turkish Super League,football-data.co.uk
league_b0084c4131b63785,2026-04-18,SUPER_LIG,2025-26,LEAGUE,,Karagumruk,Eyupspor,1,2,A,Turkey,Turkish Super League,football-data.co.uk
league_4e3a010c1381d2f0,2026-04-18,SUPER_LIG,2025-26,LEAGUE,,Kocaelispor,Göztepe,1,1,D,Turkey,Turkish Super League,football-data.co.uk
league_ff8e9fb57bcf2786,2026-04-19,SUPER_LIG,2025-26,LEAGUE,,Kasımpaşa SK,Alanyaspor,1,0,H,Turkey,Turkish Super League,football-data.co.uk
league_d3cbf94af33e3eb3,2026-04-19,SUPER_LIG,2025-26,LEAGUE,,Samsunspor,Beşiktaş JK,2,1,H,Turkey,Turkish Super League,football-data.co.uk
league_e1768286d611880e,2026-04-19,SUPER_LIG,2025-26,LEAGUE,,Trabzonspor,Buyuksehyr,1,1,D,Turkey,Turkish Super League,football-data.co.uk
league_a43a92dbdd5b4e01,2026-04-20,SUPER_LIG,2025-26,LEAGUE,,Gaziantep FK,Kayserispor,3,0,H,Turkey,Turkish Super League,football-data.co.uk
league_54e46e319bd5662a,2026-04-24,SUPER_LIG,2025-26,LEAGUE,,Buyuksehyr,Kasımpaşa SK,4,0,H,Turkey,Turkish Super League,football-data.co.uk
league_cbc2edf0a7f7cf72,2026-04-25,SUPER_LIG,2025-26,LEAGUE,,Eyupspor,Gaziantep FK,3,0,H,Turkey,Turkish Super League,football-data.co.uk
league_d305cb16842933eb,2026-04-25,SUPER_LIG,2025-26,LEAGUE,,Göztepe,Antalyaspor,2,0,H,Turkey,Turkish Super League,football-data.co.uk
league_68afcc02448a2cf1,2026-04-25,SUPER_LIG,2025-26,LEAGUE,,Kayserispor,Çaykur Rizespor,2,0,H,Turkey,Turkish Super League,football-data.co.uk
league_58f6c1580feb0b19,2026-04-26,SUPER_LIG,2025-26,LEAGUE,,Galatasaray SK,Fenerbahçe,3,0,H,Turkey,Turkish Super League,football-data.co.uk
league_8631cb9c9219d1ed,2026-04-26,SUPER_LIG,2025-26,LEAGUE,,Genclerbirligi,Kocaelispor,1,0,H,Turkey,Turkish Super League,football-data.co.uk
league_469d7d68f932656b,2026-04-27,SUPER_LIG,2025-26,LEAGUE,,Alanyaspor,Samsunspor,2,3,A,Turkey,Turkish Super League,football-data.co.uk
league_c744c98b24c10b9d,2026-04-27,SUPER_LIG,2025-26,LEAGUE,,Beşiktaş JK,Karagumruk,0,0,D,Turkey,Turkish Super League,football-data.co.uk
league_e6d9536a1cbf679a,2026-04-27,SUPER_LIG,2025-26,LEAGUE,,Konyaspor,Trabzonspor,2,1,H,Turkey,Turkish Super League,football-data.co.uk
league_445119688b0b04ef,2026-05-01,SUPER_LIG,2025-26,LEAGUE,,Gaziantep FK,Beşiktaş JK,0,2,A,Turkey,Turkish Super League,football-data.co.uk
league_b616201e207f64aa,2026-05-01,SUPER_LIG,2025-26,LEAGUE,,Çaykur Rizespor,Konyaspor,3,2,H,Turkey,Turkish Super League,football-data.co.uk
league_7e8aa26899f4380c,2026-05-02,SUPER_LIG,2025-26,LEAGUE,,Fenerbahçe,Buyuksehyr,3,1,H,Turkey,Turkish Super League,football-data.co.uk
league_1c99cdbcc9cdb026,2026-05-02,SUPER_LIG,2025-26,LEAGUE,,Samsunspor,Galatasaray SK,4,1,H,Turkey,Turkish Super League,football-data.co.uk
league_b15343bba7ef1f3b,2026-05-02,SUPER_LIG,2025-26,LEAGUE,,Trabzonspor,Göztepe,1,1,D,Turkey,Turkish Super League,football-data.co.uk
league_1817298add1e8294,2026-05-03,SUPER_LIG,2025-26,LEAGUE,,Antalyaspor,Alanyaspor,0,0,D,Turkey,Turkish Super League,football-data.co.uk
league_4dd061f7aa81f4b4,2026-05-03,SUPER_LIG,2025-26,LEAGUE,,Karagumruk,Genclerbirligi,1,0,H,Turkey,Turkish Super League,football-data.co.uk
league_812c2758bb30d9e1,2026-05-03,SUPER_LIG,2025-26,LEAGUE,,Kasımpaşa SK,Kocaelispor,1,1,D,Turkey,Turkish Super League,football-data.co.uk
league_22f6e1eaf826bbfe,2026-05-03,SUPER_LIG,2025-26,LEAGUE,,Kayserispor,Eyupspor,1,1,D,Turkey,Turkish Super League,football-data.co.uk
league_71ac44f66edc00c8,2026-05-09,SUPER_LIG,2025-26,LEAGUE,,Alanyaspor,Kayserispor,3,1,H,Turkey,Turkish Super League,football-data.co.uk
league_320422fdf742d2ed,2026-05-09,SUPER_LIG,2025-26,LEAGUE,,Beşiktaş JK,Trabzonspor,1,2,A,Turkey,Turkish Super League,football-data.co.uk
league_0ce97d3b04591511,2026-05-09,SUPER_LIG,2025-26,LEAGUE,,Buyuksehyr,Samsunspor,3,0,H,Turkey,Turkish Super League,football-data.co.uk
league_1597a8e48e166d43,2026-05-09,SUPER_LIG,2025-26,LEAGUE,,Eyupspor,Çaykur Rizespor,4,0,H,Turkey,Turkish Super League,football-data.co.uk
league_0a5e0b24b12a6a50,2026-05-09,SUPER_LIG,2025-26,LEAGUE,,Galatasaray SK,Antalyaspor,4,2,H,Turkey,Turkish Super League,football-data.co.uk
league_5d8250c3ed5cf405,2026-05-09,SUPER_LIG,2025-26,LEAGUE,,Genclerbirligi,Kasımpaşa SK,3,2,H,Turkey,Turkish Super League,football-data.co.uk
league_3ff7a26b9421f6d7,2026-05-09,SUPER_LIG,2025-26,LEAGUE,,Göztepe,Gaziantep FK,2,1,H,Turkey,Turkish Super League,football-data.co.uk
league_913d0e9cbc7b2237,2026-05-09,SUPER_LIG,2025-26,LEAGUE,,Kocaelispor,Karagumruk,0,1,A,Turkey,Turkish Super League,football-data.co.uk
league_4330781f5d92a0b5,2026-05-09,SUPER_LIG,2025-26,LEAGUE,,Konyaspor,Fenerbahçe,0,3,A,Turkey,Turkish Super League,football-data.co.uk
league_dbd24605e05d1979,2026-05-15,SUPER_LIG,2025-26,LEAGUE,,Çaykur Rizespor,Beşiktaş JK,2,2,D,Turkey,Turkish Super League,football-data.co.uk
league_c160d55f1c43a4fa,2026-05-16,SUPER_LIG,2025-26,LEAGUE,,Gaziantep FK,Buyuksehyr,1,2,A,Turkey,Turkish Super League,football-data.co.uk
league_c9702997b63f43f9,2026-05-16,SUPER_LIG,2025-26,LEAGUE,,Karagumruk,Alanyaspor,2,1,H,Turkey,Turkish Super League,football-data.co.uk
league_bb6351965cf32cbc,2026-05-16,SUPER_LIG,2025-26,LEAGUE,,Samsunspor,Göztepe,3,0,H,Turkey,Turkish Super League,football-data.co.uk
league_a52aa9dd7ca293dc,2026-05-17,SUPER_LIG,2025-26,LEAGUE,,Antalyaspor,Kocaelispor,1,0,H,Turkey,Turkish Super League,football-data.co.uk
league_8ce5d3d4ebe8560a,2026-05-17,SUPER_LIG,2025-26,LEAGUE,,Fenerbahçe,Eyupspor,3,3,D,Turkey,Turkish Super League,football-data.co.uk
league_e1ac020e1f19bdfd,2026-05-17,SUPER_LIG,2025-26,LEAGUE,,Kasımpaşa SK,Galatasaray SK,1,0,H,Turkey,Turkish Super League,football-data.co.uk
league_c5a2920659f390e0,2026-05-17,SUPER_LIG,2025-26,LEAGUE,,Kayserispor,Konyaspor,2,1,H,Turkey,Turkish Super League,football-data.co.uk
league_dff01ea1adc7ff23,2026-05-17,SUPER_LIG,2025-26,LEAGUE,,Trabzonspor,Genclerbirligi,0,3,A,Turkey,Turkish Super League,football-data.co.uk
