match_id,date,competition,season,stage,matchday,home_team,away_team,home_goals,away_goals,winner
438482,2023-08-11 17:30:00+00:00,PD,2023,REGULAR_SEASON,1.0,UD Almería,Rayo Vallecano de Madrid,0,2,A
441482,2023-08-11 18:00:00+00:00,DED,2023,REGULAR_SEASON,1.0,FC Volendam,SBV Vitesse,1,2,A
442710,2023-08-11 19:00:00+00:00,FL1,2023,REGULAR_SEASON,1.0,OGC Nice,Lille OSC,1,1,D
435943,2023-08-11 19:00:00+00:00,PL,2023,REGULAR_SEASON,1.0,Burnley FC,Manchester City FC,0,3,A
445409,2023-08-11 19:15:00+00:00,PPL,2023,REGULAR_SEASON,1.0,Sporting Clube de Braga,FC Famalicão,1,2,A
438479,2023-08-11 20:00:00+00:00,PD,2023,REGULAR_SEASON,1.0,Sevilla FC,Valencia CF,1,2,A
435944,2023-08-12 12:00:00+00:00,PL,2023,REGULAR_SEASON,1.0,Arsenal FC,Nottingham Forest FC,2,1,H
435947,2023-08-12 14:00:00+00:00,PL,2023,REGULAR_SEASON,1.0,Everton FC,Fulham FC,0,1,A
435946,2023-08-12 14:00:00+00:00,PL,2023,REGULAR_SEASON,1.0,Brighton & Hove Albion FC,Luton Town FC,4,1,H
435948,2023-08-12 14:00:00+00:00,PL,2023,REGULAR_SEASON,1.0,Sheffield United FC,Crystal Palace FC,0,1,A
435945,2023-08-12 14:00:00+00:00,PL,2023,REGULAR_SEASON,1.0,AFC Bournemouth,West Ham United FC,1,1,D
445407,2023-08-12 14:30:00+00:00,PPL,2023,REGULAR_SEASON,1.0,Gil Vicente FC,Portimonense SC,5,0,H
441483,2023-08-12 14:30:00+00:00,DED,2023,REGULAR_SEASON,1.0,PSV,FC Utrecht,2,0,H
442711,2023-08-12 15:00:00+00:00,FL1,2023,REGULAR_SEASON,1.0,Olympique de Marseille,Stade de Reims,2,1,H
438481,2023-08-12 15:00:00+00:00,PD,2023,REGULAR_SEASON,1.0,Real Sociedad de Fútbol,Girona FC,1,1,D
435949,2023-08-12 16:30:00+00:00,PL,2023,REGULAR_SEASON,1.0,Newcastle United FC,Aston Villa FC,5,1,H
441484,2023-08-12 16:45:00+00:00,DED,2023,REGULAR_SEASON,1.0,SC Heerenveen,RKC Waalwijk,3,1,H
445408,2023-08-12 17:00:00+00:00,PPL,2023,REGULAR_SEASON,1.0,SC Farense,Casa Pia AC,0,3,A
438483,2023-08-12 17:30:00+00:00,PD,2023,REGULAR_SEASON,1.0,UD Las Palmas,RCD Mallorca,1,1,D
441485,2023-08-12 18:00:00+00:00,DED,2023,REGULAR_SEASON,1.0,AFC Ajax,Heracles Almelo,4,1,H
441486,2023-08-12 19:00:00+00:00,DED,2023,REGULAR_SEASON,1.0,PEC Zwolle,Sparta Rotterdam,1,2,A
442712,2023-08-12 19:00:00+00:00,FL1,2023,REGULAR_SEASON,1.0,Paris Saint-Germain FC,FC Lorient,0,0,D
445410,2023-08-12 19:30:00+00:00,PPL,2023,REGULAR_SEASON,1.0,Sporting Clube de Portugal,FC Vizela,3,2,H
438474,2023-08-12 19:30:00+00:00,PD,2023,REGULAR_SEASON,1.0,Athletic Club,Real Madrid CF,0,2,A
441487,2023-08-13 10:15:00+00:00,DED,2023,REGULAR_SEASON,1.0,NEC,SBV Excelsior,3,4,A
442714,2023-08-13 11:00:00+00:00,FL1,2023,REGULAR_SEASON,1.0,Stade Brestois 29,Racing Club de Lens,3,2,H
441489,2023-08-13 12:30:00+00:00,DED,2023,REGULAR_SEASON,1.0,AZ,Go Ahead Eagles,5,1,H
441488,2023-08-13 12:30:00+00:00,DED,2023,REGULAR_SEASON,1.0,Feyenoord Rotterdam,Fortuna Sittard,0,0,D
442709,2023-08-13 13:00:00+00:00,FL1,2023,REGULAR_SEASON,1.0,Montpellier HSC,Le Havre AC,2,2,D
442708,2023-08-13 13:00:00+00:00,FL1,2023,REGULAR_SEASON,1.0,FC Nantes,Toulouse FC,1,2,A
442707,2023-08-13 13:00:00+00:00,FL1,2023,REGULAR_SEASON,1.0,Clermont Foot 63,AS Monaco FC,2,4,A
435950,2023-08-13 13:00:00+00:00,PL,2023,REGULAR_SEASON,1.0,Brentford FC,Tottenham Hotspur FC,2,2,D
445406,2023-08-13 14:30:00+00:00,PPL,2023,REGULAR_SEASON,1.0,Rio Ave FC,GD Chaves,2,0,H
441490,2023-08-13 14:45:00+00:00,DED,2023,REGULAR_SEASON,1.0,Almere City FC,FC Twente '65,1,4,A
438476,2023-08-13 15:00:00+00:00,PD,2023,REGULAR_SEASON,1.0,RC Celta de Vigo,CA Osasuna,0,2,A
442715,2023-08-13 15:05:00+00:00,FL1,2023,REGULAR_SEASON,1.0,Stade Rennais FC 1901,FC Metz,5,1,H
435951,2023-08-13 15:30:00+00:00,PL,2023,REGULAR_SEASON,1.0,Chelsea FC,Liverpool FC,1,1,D
445403,2023-08-13 17:00:00+00:00,PPL,2023,REGULAR_SEASON,1.0,CF Estrela da Amadora,Vitória SC,0,1,A
438480,2023-08-13 17:30:00+00:00,PD,2023,REGULAR_SEASON,1.0,Villarreal CF,Real Betis Balompié,1,2,A
442713,2023-08-13 18:45:00+00:00,FL1,2023,REGULAR_SEASON,1.0,RC Strasbourg Alsace,Olympique Lyonnais,2,1,H
438478,2023-08-13 19:30:00+00:00,PD,2023,REGULAR_SEASON,1.0,Getafe CF,FC Barcelona,0,0,D
445404,2023-08-13 19:30:00+00:00,PPL,2023,REGULAR_SEASON,1.0,FC Arouca,GD Estoril Praia,4,3,H
438477,2023-08-14 17:30:00+00:00,PD,2023,REGULAR_SEASON,1.0,Cádiz CF,Deportivo Alavés,1,0,H
445405,2023-08-14 17:45:00+00:00,PPL,2023,REGULAR_SEASON,1.0,Moreirense FC,FC Porto,1,2,A
435952,2023-08-14 19:00:00+00:00,PL,2023,REGULAR_SEASON,1.0,Manchester United FC,Wolverhampton Wanderers FC,1,0,H
438475,2023-08-14 19:30:00+00:00,PD,2023,REGULAR_SEASON,1.0,Club Atlético de Madrid,Granada CF,3,1,H
445402,2023-08-14 19:45:00+00:00,PPL,2023,REGULAR_SEASON,1.0,Boavista FC,Sport Lisboa e Benfica,3,2,H
438491,2023-08-18 17:30:00+00:00,PD,2023,REGULAR_SEASON,2.0,RCD Mallorca,Villarreal CF,0,1,A
441491,2023-08-18 18:00:00+00:00,DED,2023,REGULAR_SEASON,2.0,Heracles Almelo,NEC,2,1,H
441789,2023-08-18 18:30:00+00:00,BL1,2023,REGULAR_SEASON,1.0,SV Werder Bremen,FC Bayern München,0,4,A
435959,2023-08-18 18:45:00+00:00,PL,2023,REGULAR_SEASON,2.0,Nottingham Forest FC,Sheffield United FC,2,1,H
442719,2023-08-18 19:00:00+00:00,FL1,2023,REGULAR_SEASON,2.0,FC Metz,Olympique de Marseille,2,2,D
445412,2023-08-18 19:15:00+00:00,PPL,2023,REGULAR_SEASON,2.0,Casa Pia AC,Sporting Clube de Portugal,1,2,A
438490,2023-08-18 19:30:00+00:00,PD,2023,REGULAR_SEASON,2.0,Valencia CF,UD Las Palmas,1,0,H
441797,2023-08-19 13:30:00+00:00,BL1,2023,REGULAR_SEASON,1.0,VfB Stuttgart,VfL Bochum 1848,5,0,H
441796,2023-08-19 13:30:00+00:00,BL1,2023,REGULAR_SEASON,1.0,FC Augsburg,Borussia Mönchengladbach,4,4,D
441795,2023-08-19 13:30:00+00:00,BL1,2023,REGULAR_SEASON,1.0,TSG 1899 Hoffenheim,SC Freiburg,1,2,A
441794,2023-08-19 13:30:00+00:00,BL1,2023,REGULAR_SEASON,1.0,VfL Wolfsburg,1. FC Heidenheim 1846,2,0,H
441792,2023-08-19 13:30:00+00:00,BL1,2023,REGULAR_SEASON,1.0,Bayer 04 Leverkusen,RB Leipzig,3,2,H
435956,2023-08-19 14:00:00+00:00,PL,2023,REGULAR_SEASON,2.0,Liverpool FC,AFC Bournemouth,3,1,H
435962,2023-08-19 14:00:00+00:00,PL,2023,REGULAR_SEASON,2.0,Wolverhampton Wanderers FC,Brighton & Hove Albion FC,1,4,A
435955,2023-08-19 14:00:00+00:00,PL,2023,REGULAR_SEASON,2.0,Fulham FC,Brentford FC,0,3,A
445419,2023-08-19 14:30:00+00:00,PPL,2023,REGULAR_SEASON,2.0,Vitória SC,Gil Vicente FC,2,1,H
441495,2023-08-19 14:30:00+00:00,DED,2023,REGULAR_SEASON,2.0,SBV Excelsior,AFC Ajax,2,2,D
438492,2023-08-19 15:00:00+00:00,PD,2023,REGULAR_SEASON,2.0,Real Sociedad de Fútbol,RC Celta de Vigo,1,1,D
444256,2023-08-19 16:30:00+00:00,SA,2023,REGULAR_SEASON,1.0,Frosinone Calcio,SSC Napoli,1,3,A
435960,2023-08-19 16:30:00+00:00,PL,2023,REGULAR_SEASON,2.0,Tottenham Hotspur FC,Manchester United FC,2,0,H
444255,2023-08-19 16:30:00+00:00,SA,2023,REGULAR_SEASON,1.0,Empoli FC,Hellas Verona FC,0,1,A
441790,2023-08-19 16:30:00+00:00,BL1,2023,REGULAR_SEASON,1.0,Borussia Dortmund,1. FC Köln,1,0,H
441493,2023-08-19 16:45:00+00:00,DED,2023,REGULAR_SEASON,2.0,SBV Vitesse,PSV,1,3,A
442721,2023-08-19 17:00:00+00:00,FL1,2023,REGULAR_SEASON,2.0,Olympique Lyonnais,Montpellier HSC,1,4,A
445416,2023-08-19 17:00:00+00:00,PPL,2023,REGULAR_SEASON,2.0,GD Chaves,Sporting Clube de Braga,2,4,A
438493,2023-08-19 17:30:00+00:00,PD,2023,REGULAR_SEASON,2.0,UD Almería,Real Madrid CF,1,3,A
441494,2023-08-19 18:00:00+00:00,DED,2023,REGULAR_SEASON,2.0,Fortuna Sittard,Almere City FC,2,1,H
444257,2023-08-19 18:45:00+00:00,SA,2023,REGULAR_SEASON,1.0,Genoa CFC,ACF Fiorentina,1,4,A
444258,2023-08-19 18:45:00+00:00,SA,2023,REGULAR_SEASON,1.0,FC Internazionale Milano,AC Monza,2,0,H
442720,2023-08-19 19:00:00+00:00,FL1,2023,REGULAR_SEASON,2.0,Toulouse FC,Paris Saint-Germain FC,1,1,D
435958,2023-08-19 19:00:00+00:00,PL,2023,REGULAR_SEASON,2.0,Manchester City FC,Newcastle United FC,1,0,H
441496,2023-08-19 19:00:00+00:00,DED,2023,REGULAR_SEASON,2.0,Go Ahead Eagles,FC Volendam,4,1,H
445411,2023-08-19 19:30:00+00:00,PPL,2023,REGULAR_SEASON,2.0,Sport Lisboa e Benfica,CF Estrela da Amadora,2,0,H
445418,2023-08-19 19:30:00+00:00,PPL,2023,REGULAR_SEASON,2.0,Portimonense SC,Boavista FC,1,4,A
438485,2023-08-19 19:30:00+00:00,PD,2023,REGULAR_SEASON,2.0,CA Osasuna,Athletic Club,0,2,A
441492,2023-08-20 10:15:00+00:00,DED,2023,REGULAR_SEASON,2.0,FC Utrecht,SC Heerenveen,0,2,A
442722,2023-08-20 11:00:00+00:00,FL1,2023,REGULAR_SEASON,2.0,Lille OSC,FC Nantes,2,0,H
441498,2023-08-20 12:30:00+00:00,DED,2023,REGULAR_SEASON,2.0,FC Twente '65,PEC Zwolle,3,1,H
441497,2023-08-20 12:30:00+00:00,DED,2023,REGULAR_SEASON,2.0,Sparta Rotterdam,Feyenoord Rotterdam,2,2,D
442716,2023-08-20 13:00:00+00:00,FL1,2023,REGULAR_SEASON,2.0,Le Havre AC,Stade Brestois 29,1,2,A
442718,2023-08-20 13:00:00+00:00,FL1,2023,REGULAR_SEASON,2.0,FC Lorient,OGC Nice,1,1,D
435953,2023-08-20 13:00:00+00:00,PL,2023,REGULAR_SEASON,2.0,Aston Villa FC,Everton FC,4,0,H
442724,2023-08-20 13:00:00+00:00,FL1,2023,REGULAR_SEASON,2.0,Stade de Reims,Clermont Foot 63,2,0,H
441791,2023-08-20 13:30:00+00:00,BL1,2023,REGULAR_SEASON,1.0,1. FC Union Berlin,1. FSV Mainz 05,4,1,H
445417,2023-08-20 14:30:00+00:00,PPL,2023,REGULAR_SEASON,2.0,GD Estoril Praia,Rio Ave FC,2,0,H
441499,2023-08-20 14:45:00+00:00,DED,2023,REGULAR_SEASON,2.0,RKC Waalwijk,AZ,1,3,A
435961,2023-08-20 15:30:00+00:00,PL,2023,REGULAR_SEASON,2.0,West Ham United FC,Chelsea FC,3,1,H
441793,2023-08-20 15:30:00+00:00,BL1,2023,REGULAR_SEASON,1.0,Eintracht Frankfurt,SV Darmstadt 98,1,0,H
444260,2023-08-20 16:30:00+00:00,SA,2023,REGULAR_SEASON,1.0,AS Roma,US Salernitana 1919,2,2,D
444261,2023-08-20 16:30:00+00:00,SA,2023,REGULAR_SEASON,1.0,US Sassuolo Calcio,Atalanta BC,0,2,A
442717,2023-08-20 17:00:00+00:00,FL1,2023,REGULAR_SEASON,2.0,AS Monaco FC,RC Strasbourg Alsace,3,0,H
438488,2023-08-20 17:00:00+00:00,PD,2023,REGULAR_SEASON,2.0,Girona FC,Getafe CF,3,0,H
445414,2023-08-20 17:00:00+00:00,PPL,2023,REGULAR_SEASON,2.0,FC Porto,SC Farense,2,1,H
438487,2023-08-20 17:30:00+00:00,PD,2023,REGULAR_SEASON,2.0,FC Barcelona,Cádiz CF,2,0,H
442723,2023-08-20 18:45:00+00:00,FL1,2023,REGULAR_SEASON,2.0,Racing Club de Lens,Stade Rennais FC 1901,1,1,D
444263,2023-08-20 18:45:00+00:00,SA,2023,REGULAR_SEASON,1.0,Udinese Calcio,Juventus FC,0,3,A
444259,2023-08-20 18:45:00+00:00,SA,2023,REGULAR_SEASON,1.0,US Lecce,SS Lazio,2,1,H
438484,2023-08-20 19:30:00+00:00,PD,2023,REGULAR_SEASON,2.0,Real Betis Balompié,Club Atlético de Madrid,0,0,D
445415,2023-08-20 19:30:00+00:00,PPL,2023,REGULAR_SEASON,2.0,FC Vizela,FC Arouca,2,2,D
444262,2023-08-21 16:30:00+00:00,SA,2023,REGULAR_SEASON,1.0,Torino FC,Cagliari Calcio,0,0,D
438486,2023-08-21 17:00:00+00:00,PD,2023,REGULAR_SEASON,2.0,Deportivo Alavés,Sevilla FC,4,3,H
444254,2023-08-21 18:45:00+00:00,SA,2023,REGULAR_SEASON,1.0,Bologna FC 1909,AC Milan,0,2,A
435954,2023-08-21 19:00:00+00:00,PL,2023,REGULAR_SEASON,2.0,Crystal Palace FC,Arsenal FC,0,1,A
445413,2023-08-21 19:15:00+00:00,PPL,2023,REGULAR_SEASON,2.0,FC Famalicão,Moreirense FC,0,0,D
438489,2023-08-21 19:30:00+00:00,PD,2023,REGULAR_SEASON,2.0,Granada CF,Rayo Vallecano de Madrid,0,2,A
438503,2023-08-25 17:30:00+00:00,PD,2023,REGULAR_SEASON,3.0,UD Las Palmas,Real Sociedad de Fútbol,0,0,D
441799,2023-08-25 18:30:00+00:00,BL1,2023,REGULAR_SEASON,2.0,RB Leipzig,VfB Stuttgart,5,1,H
442727,2023-08-25 19:00:00+00:00,FL1,2023,REGULAR_SEASON,3.0,FC Nantes,AS Monaco FC,3,3,D
435968,2023-08-25 19:00:00+00:00,PL,2023,REGULAR_SEASON,3.0,Chelsea FC,Luton Town FC,3,0,H
445421,2023-08-25 19:15:00+00:00,PPL,2023,REGULAR_SEASON,3.0,CF Estrela da Amadora,GD Estoril Praia,2,1,H
438495,2023-08-25 19:30:00+00:00,PD,2023,REGULAR_SEASON,3.0,RC Celta de Vigo,Real Madrid CF,0,1,A
435963,2023-08-26 11:30:00+00:00,PL,2023,REGULAR_SEASON,3.0,AFC Bournemouth,Tottenham Hotspur FC,0,2,A
441805,2023-08-26 13:30:00+00:00,BL1,2023,REGULAR_SEASON,2.0,1. FC Heidenheim 1846,TSG 1899 Hoffenheim,2,3,A
441800,2023-08-26 13:30:00+00:00,BL1,2023,REGULAR_SEASON,2.0,SC Freiburg,SV Werder Bremen,1,0,H
441806,2023-08-26 13:30:00+00:00,BL1,2023,REGULAR_SEASON,2.0,SV Darmstadt 98,1. FC Union Berlin,1,4,A
441804,2023-08-26 13:30:00+00:00,BL1,2023,REGULAR_SEASON,2.0,VfL Bochum 1848,Borussia Dortmund,1,1,D
441803,2023-08-26 13:30:00+00:00,BL1,2023,REGULAR_SEASON,2.0,1. FC Köln,VfL Wolfsburg,1,2,A
435965,2023-08-26 14:00:00+00:00,PL,2023,REGULAR_SEASON,3.0,Brentford FC,Crystal Palace FC,1,1,D
435964,2023-08-26 14:00:00+00:00,PL,2023,REGULAR_SEASON,3.0,Arsenal FC,Fulham FC,2,2,D
435970,2023-08-26 14:00:00+00:00,PL,2023,REGULAR_SEASON,3.0,Manchester United FC,Nottingham Forest FC,3,2,H
435969,2023-08-26 14:00:00+00:00,PL,2023,REGULAR_SEASON,3.0,Everton FC,Wolverhampton Wanderers FC,0,1,A
445422,2023-08-26 14:30:00+00:00,PPL,2023,REGULAR_SEASON,3.0,FC Arouca,Portimonense SC,1,1,D
441802,2023-08-26 16:30:00+00:00,BL1,2023,REGULAR_SEASON,2.0,Borussia Mönchengladbach,Bayer 04 Leverkusen,0,3,A
435966,2023-08-26 16:30:00+00:00,PL,2023,REGULAR_SEASON,3.0,Brighton & Hove Albion FC,West Ham United FC,1,3,A
444266,2023-08-26 16:30:00+00:00,SA,2023,REGULAR_SEASON,2.0,Frosinone Calcio,Atalanta BC,2,1,H
444271,2023-08-26 16:30:00+00:00,SA,2023,REGULAR_SEASON,2.0,AC Monza,Empoli FC,2,0,H
441500,2023-08-26 16:45:00+00:00,DED,2023,REGULAR_SEASON,3.0,NEC,RKC Waalwijk,3,0,H
445426,2023-08-26 17:00:00+00:00,PPL,2023,REGULAR_SEASON,3.0,SC Farense,GD Chaves,5,0,H
438496,2023-08-26 17:00:00+00:00,PD,2023,REGULAR_SEASON,3.0,Cádiz CF,UD Almería,1,1,D
442730,2023-08-26 17:00:00+00:00,FL1,2023,REGULAR_SEASON,3.0,Olympique de Marseille,Stade Brestois 29,2,0,H
438498,2023-08-26 17:30:00+00:00,PD,2023,REGULAR_SEASON,3.0,Granada CF,RCD Mallorca,3,2,H
444267,2023-08-26 18:45:00+00:00,SA,2023,REGULAR_SEASON,2.0,Hellas Verona FC,AS Roma,2,1,H
444270,2023-08-26 18:45:00+00:00,SA,2023,REGULAR_SEASON,2.0,AC Milan,Torino FC,4,1,H
441502,2023-08-26 19:00:00+00:00,DED,2023,REGULAR_SEASON,3.0,SBV Excelsior,Fortuna Sittard,2,2,D
442731,2023-08-26 19:00:00+00:00,FL1,2023,REGULAR_SEASON,3.0,Paris Saint-Germain FC,Racing Club de Lens,3,1,H
438499,2023-08-26 19:30:00+00:00,PD,2023,REGULAR_SEASON,3.0,Sevilla FC,Girona FC,1,2,A
445425,2023-08-26 19:30:00+00:00,PPL,2023,REGULAR_SEASON,3.0,Gil Vicente FC,Sport Lisboa e Benfica,2,3,A
441503,2023-08-27 10:15:00+00:00,DED,2023,REGULAR_SEASON,3.0,PEC Zwolle,FC Utrecht,1,0,H
442733,2023-08-27 11:00:00+00:00,FL1,2023,REGULAR_SEASON,3.0,Stade Rennais FC 1901,Le Havre AC,2,2,D
441504,2023-08-27 12:30:00+00:00,DED,2023,REGULAR_SEASON,3.0,Feyenoord Rotterdam,Almere City FC,6,1,H
442732,2023-08-27 13:00:00+00:00,FL1,2023,REGULAR_SEASON,3.0,RC Strasbourg Alsace,Toulouse FC,2,0,H
442728,2023-08-27 13:00:00+00:00,FL1,2023,REGULAR_SEASON,3.0,Montpellier HSC,Stade de Reims,1,3,A
435972,2023-08-27 13:00:00+00:00,PL,2023,REGULAR_SEASON,3.0,Sheffield United FC,Manchester City FC,1,2,A
442725,2023-08-27 13:00:00+00:00,FL1,2023,REGULAR_SEASON,3.0,Clermont Foot 63,FC Metz,0,1,A
435967,2023-08-27 13:00:00+00:00,PL,2023,REGULAR_SEASON,3.0,Burnley FC,Aston Villa FC,1,3,A
441801,2023-08-27 13:30:00+00:00,BL1,2023,REGULAR_SEASON,2.0,1. FSV Mainz 05,Eintracht Frankfurt,1,1,D
445420,2023-08-27 14:30:00+00:00,PPL,2023,REGULAR_SEASON,3.0,Boavista FC,Casa Pia AC,1,1,D
441505,2023-08-27 14:45:00+00:00,DED,2023,REGULAR_SEASON,3.0,SC Heerenveen,Sparta Rotterdam,1,3,A
442726,2023-08-27 15:05:00+00:00,FL1,2023,REGULAR_SEASON,3.0,FC Lorient,Lille OSC,4,1,H
438501,2023-08-27 15:30:00+00:00,PD,2023,REGULAR_SEASON,3.0,Villarreal CF,FC Barcelona,3,4,A
435971,2023-08-27 15:30:00+00:00,PL,2023,REGULAR_SEASON,3.0,Newcastle United FC,Liverpool FC,1,2,A
441798,2023-08-27 15:30:00+00:00,BL1,2023,REGULAR_SEASON,2.0,FC Bayern München,FC Augsburg,3,1,H
444265,2023-08-27 16:30:00+00:00,SA,2023,REGULAR_SEASON,2.0,ACF Fiorentina,US Lecce,2,2,D
444268,2023-08-27 16:30:00+00:00,SA,2023,REGULAR_SEASON,2.0,Juventus FC,Bologna FC 1909,1,1,D
445428,2023-08-27 17:00:00+00:00,PPL,2023,REGULAR_SEASON,3.0,Vitória SC,FC Vizela,2,0,H
438500,2023-08-27 17:30:00+00:00,PD,2023,REGULAR_SEASON,3.0,Valencia CF,CA Osasuna,1,2,A
444269,2023-08-27 18:45:00+00:00,SA,2023,REGULAR_SEASON,2.0,SS Lazio,Genoa CFC,0,1,A
442729,2023-08-27 18:45:00+00:00,FL1,2023,REGULAR_SEASON,3.0,OGC Nice,Olympique Lyonnais,0,0,D
444272,2023-08-27 18:45:00+00:00,SA,2023,REGULAR_SEASON,2.0,SSC Napoli,US Sassuolo Calcio,2,0,H
445427,2023-08-27 19:30:00+00:00,PPL,2023,REGULAR_SEASON,3.0,Sporting Clube de Portugal,FC Famalicão,1,0,H
438494,2023-08-27 19:30:00+00:00,PD,2023,REGULAR_SEASON,3.0,Athletic Club,Real Betis Balompié,4,2,H
444273,2023-08-28 16:30:00+00:00,SA,2023,REGULAR_SEASON,2.0,US Salernitana 1919,Udinese Calcio,1,1,D
438497,2023-08-28 17:30:00+00:00,PD,2023,REGULAR_SEASON,3.0,Getafe CF,Deportivo Alavés,1,0,H
444264,2023-08-28 18:45:00+00:00,SA,2023,REGULAR_SEASON,2.0,Cagliari Calcio,FC Internazionale Milano,0,2,A
445424,2023-08-28 19:15:00+00:00,PPL,2023,REGULAR_SEASON,3.0,Rio Ave FC,FC Porto,1,2,A
438502,2023-08-28 19:30:00+00:00,PD,2023,REGULAR_SEASON,3.0,Rayo Vallecano de Madrid,Club Atlético de Madrid,0,7,A
444281,2023-09-01 16:30:00+00:00,SA,2023,REGULAR_SEASON,3.0,US Sassuolo Calcio,Hellas Verona FC,3,1,H
438508,2023-09-01 17:30:00+00:00,PD,2023,REGULAR_SEASON,4.0,Cádiz CF,Villarreal CF,3,1,H
441509,2023-09-01 18:00:00+00:00,DED,2023,REGULAR_SEASON,4.0,Sparta Rotterdam,NEC,1,1,D
441807,2023-09-01 18:30:00+00:00,BL1,2023,REGULAR_SEASON,3.0,Borussia Dortmund,1. FC Heidenheim 1846,2,2,D
444280,2023-09-01 18:45:00+00:00,SA,2023,REGULAR_SEASON,3.0,AS Roma,AC Milan,1,2,A
435980,2023-09-01 19:00:00+00:00,PL,2023,REGULAR_SEASON,4.0,Luton Town FC,West Ham United FC,1,2,A
442737,2023-09-01 19:00:00+00:00,FL1,2023,REGULAR_SEASON,4.0,FC Nantes,Olympique de Marseille,1,1,D
445433,2023-09-01 19:15:00+00:00,PPL,2023,REGULAR_SEASON,4.0,FC Vizela,Gil Vicente FC,1,0,H
438513,2023-09-01 20:00:00+00:00,PD,2023,REGULAR_SEASON,4.0,UD Almería,RC Celta de Vigo,2,3,A
435982,2023-09-02 11:30:00+00:00,PL,2023,REGULAR_SEASON,4.0,Sheffield United FC,Everton FC,2,2,D
438512,2023-09-02 12:00:00+00:00,PD,2023,REGULAR_SEASON,4.0,Real Sociedad de Fútbol,Granada CF,5,3,H
441814,2023-09-02 13:30:00+00:00,BL1,2023,REGULAR_SEASON,3.0,FC Augsburg,VfL Bochum 1848,2,2,D
441813,2023-09-02 13:30:00+00:00,BL1,2023,REGULAR_SEASON,3.0,SV Werder Bremen,1. FSV Mainz 05,4,0,H
441815,2023-09-02 13:30:00+00:00,BL1,2023,REGULAR_SEASON,3.0,VfB Stuttgart,SC Freiburg,5,0,H
441809,2023-09-02 13:30:00+00:00,BL1,2023,REGULAR_SEASON,3.0,Bayer 04 Leverkusen,SV Darmstadt 98,5,1,H
441812,2023-09-02 13:30:00+00:00,BL1,2023,REGULAR_SEASON,3.0,TSG 1899 Hoffenheim,VfL Wolfsburg,3,1,H
435981,2023-09-02 14:00:00+00:00,PL,2023,REGULAR_SEASON,4.0,Manchester City FC,Fulham FC,5,1,H
435974,2023-09-02 14:00:00+00:00,PL,2023,REGULAR_SEASON,4.0,Brentford FC,AFC Bournemouth,2,2,D
435976,2023-09-02 14:00:00+00:00,PL,2023,REGULAR_SEASON,4.0,Burnley FC,Tottenham Hotspur FC,2,5,A
435977,2023-09-02 14:00:00+00:00,PL,2023,REGULAR_SEASON,4.0,Chelsea FC,Nottingham Forest FC,0,1,A
438511,2023-09-02 14:15:00+00:00,PD,2023,REGULAR_SEASON,4.0,Real Madrid CF,Getafe CF,2,1,H
445430,2023-09-02 14:30:00+00:00,PPL,2023,REGULAR_SEASON,4.0,Casa Pia AC,Rio Ave FC,1,1,D
441510,2023-09-02 14:30:00+00:00,DED,2023,REGULAR_SEASON,4.0,Almere City FC,PEC Zwolle,1,2,A
442741,2023-09-02 15:00:00+00:00,FL1,2023,REGULAR_SEASON,4.0,Stade Brestois 29,Stade Rennais FC 1901,0,0,D
438507,2023-09-02 16:30:00+00:00,PD,2023,REGULAR_SEASON,4.0,Deportivo Alavés,Valencia CF,1,0,H
435975,2023-09-02 16:30:00+00:00,PL,2023,REGULAR_SEASON,4.0,Brighton & Hove Albion FC,Newcastle United FC,3,1,H
441811,2023-09-02 16:30:00+00:00,BL1,2023,REGULAR_SEASON,3.0,Borussia Mönchengladbach,FC Bayern München,1,2,A
444275,2023-09-02 16:30:00+00:00,SA,2023,REGULAR_SEASON,3.0,Bologna FC 1909,Cagliari Calcio,2,1,H
444283,2023-09-02 16:30:00+00:00,SA,2023,REGULAR_SEASON,3.0,Udinese Calcio,Frosinone Calcio,0,0,D
441511,2023-09-02 16:45:00+00:00,DED,2023,REGULAR_SEASON,4.0,Go Ahead Eagles,SC Heerenveen,3,2,H
445436,2023-09-02 17:00:00+00:00,PPL,2023,REGULAR_SEASON,4.0,Portimonense SC,CF Estrela da Amadora,1,1,D
445431,2023-09-02 17:00:00+00:00,PPL,2023,REGULAR_SEASON,4.0,FC Famalicão,SC Farense,1,0,H
441512,2023-09-02 18:00:00+00:00,DED,2023,REGULAR_SEASON,4.0,RKC Waalwijk,PSV,0,4,A
444274,2023-09-02 18:45:00+00:00,SA,2023,REGULAR_SEASON,3.0,Atalanta BC,AC Monza,3,0,H
444279,2023-09-02 18:45:00+00:00,SA,2023,REGULAR_SEASON,3.0,SSC Napoli,SS Lazio,1,2,A
438505,2023-09-02 19:00:00+00:00,PD,2023,REGULAR_SEASON,4.0,Real Betis Balompié,Rayo Vallecano de Madrid,1,0,H
441513,2023-09-02 19:00:00+00:00,DED,2023,REGULAR_SEASON,4.0,Heracles Almelo,SBV Excelsior,3,1,H
442735,2023-09-02 19:00:00+00:00,FL1,2023,REGULAR_SEASON,4.0,AS Monaco FC,Racing Club de Lens,3,0,H
445429,2023-09-02 19:30:00+00:00,PPL,2023,REGULAR_SEASON,4.0,Sport Lisboa e Benfica,Vitória SC,4,0,H
441514,2023-09-03 10:15:00+00:00,DED,2023,REGULAR_SEASON,4.0,FC Utrecht,Feyenoord Rotterdam,1,5,A
442738,2023-09-03 11:00:00+00:00,FL1,2023,REGULAR_SEASON,4.0,Toulouse FC,Clermont Foot 63,2,2,D
438509,2023-09-03 12:00:00+00:00,PD,2023,REGULAR_SEASON,4.0,Girona FC,UD Las Palmas,1,0,H
441515,2023-09-03 12:30:00+00:00,DED,2023,REGULAR_SEASON,4.0,Fortuna Sittard,AFC Ajax,0,0,D
441516,2023-09-03 12:30:00+00:00,DED,2023,REGULAR_SEASON,4.0,FC Volendam,FC Twente '65,0,2,A
442740,2023-09-03 13:00:00+00:00,FL1,2023,REGULAR_SEASON,4.0,Lille OSC,Montpellier HSC,1,0,H
442734,2023-09-03 13:00:00+00:00,FL1,2023,REGULAR_SEASON,4.0,Le Havre AC,FC Lorient,3,0,H
442736,2023-09-03 13:00:00+00:00,FL1,2023,REGULAR_SEASON,4.0,FC Metz,Stade de Reims,2,2,D
435978,2023-09-03 13:00:00+00:00,PL,2023,REGULAR_SEASON,4.0,Crystal Palace FC,Wolverhampton Wanderers FC,3,2,H
435979,2023-09-03 13:00:00+00:00,PL,2023,REGULAR_SEASON,4.0,Liverpool FC,Aston Villa FC,3,0,H
441810,2023-09-03 13:30:00+00:00,BL1,2023,REGULAR_SEASON,3.0,Eintracht Frankfurt,1. FC Köln,1,1,D
438510,2023-09-03 14:15:00+00:00,PD,2023,REGULAR_SEASON,4.0,RCD Mallorca,Athletic Club,0,0,D
445435,2023-09-03 14:30:00+00:00,PPL,2023,REGULAR_SEASON,4.0,GD Estoril Praia,Boavista FC,1,2,A
445434,2023-09-03 14:30:00+00:00,PPL,2023,REGULAR_SEASON,4.0,GD Chaves,Moreirense FC,1,2,A
441517,2023-09-03 14:45:00+00:00,DED,2023,REGULAR_SEASON,4.0,SBV Vitesse,AZ,0,2,A
442739,2023-09-03 15:05:00+00:00,FL1,2023,REGULAR_SEASON,4.0,OGC Nice,RC Strasbourg Alsace,2,0,H
435973,2023-09-03 15:30:00+00:00,PL,2023,REGULAR_SEASON,4.0,Arsenal FC,Manchester United FC,3,1,H
441808,2023-09-03 15:30:00+00:00,BL1,2023,REGULAR_SEASON,3.0,1. FC Union Berlin,RB Leipzig,0,3,A
444282,2023-09-03 16:30:00+00:00,SA,2023,REGULAR_SEASON,3.0,Torino FC,Genoa CFC,1,0,H
444277,2023-09-03 16:30:00+00:00,SA,2023,REGULAR_SEASON,3.0,FC Internazionale Milano,ACF Fiorentina,4,0,H
445432,2023-09-03 17:00:00+00:00,PPL,2023,REGULAR_SEASON,4.0,FC Porto,FC Arouca,1,1,D
444276,2023-09-03 18:45:00+00:00,SA,2023,REGULAR_SEASON,3.0,Empoli FC,Juventus FC,0,2,A
444278,2023-09-03 18:45:00+00:00,SA,2023,REGULAR_SEASON,3.0,US Lecce,US Salernitana 1919,2,0,H
442742,2023-09-03 18:45:00+00:00,FL1,2023,REGULAR_SEASON,4.0,Olympique Lyonnais,Paris Saint-Germain FC,1,4,A
438506,2023-09-03 19:00:00+00:00,PD,2023,REGULAR_SEASON,4.0,CA Osasuna,FC Barcelona,1,2,A
445437,2023-09-03 19:30:00+00:00,PPL,2023,REGULAR_SEASON,4.0,Sporting Clube de Braga,Sporting Clube de Portugal,1,1,D
445423,2023-09-09 17:00:00+00:00,PPL,2023,REGULAR_SEASON,3.0,Moreirense FC,Sporting Clube de Braga,2,3,A
445439,2023-09-15 18:15:00+00:00,PPL,2023,REGULAR_SEASON,5.0,CF Estrela da Amadora,FC Porto,0,1,A
441816,2023-09-15 18:30:00+00:00,BL1,2023,REGULAR_SEASON,4.0,FC Bayern München,Bayer 04 Leverkusen,2,2,D
442747,2023-09-15 19:00:00+00:00,FL1,2023,REGULAR_SEASON,5.0,Paris Saint-Germain FC,OGC Nice,2,3,A
438522,2023-09-15 19:00:00+00:00,PD,2023,REGULAR_SEASON,5.0,Rayo Vallecano de Madrid,Deportivo Alavés,2,0,H
435992,2023-09-16 11:30:00+00:00,PL,2023,REGULAR_SEASON,5.0,Wolverhampton Wanderers FC,Liverpool FC,1,3,A
438514,2023-09-16 12:00:00+00:00,PD,2023,REGULAR_SEASON,5.0,Athletic Club,Cádiz CF,3,0,H
444290,2023-09-16 13:00:00+00:00,SA,2023,REGULAR_SEASON,4.0,Juventus FC,SS Lazio,3,1,H
441818,2023-09-16 13:30:00+00:00,BL1,2023,REGULAR_SEASON,4.0,SC Freiburg,Borussia Dortmund,2,4,A
441821,2023-09-16 13:30:00+00:00,BL1,2023,REGULAR_SEASON,4.0,1. FC Köln,TSG 1899 Hoffenheim,1,3,A
441819,2023-09-16 13:30:00+00:00,BL1,2023,REGULAR_SEASON,4.0,VfL Wolfsburg,1. FC Union Berlin,2,1,H
441820,2023-09-16 13:30:00+00:00,BL1,2023,REGULAR_SEASON,4.0,1. FSV Mainz 05,VfB Stuttgart,1,3,A
441817,2023-09-16 13:30:00+00:00,BL1,2023,REGULAR_SEASON,4.0,RB Leipzig,FC Augsburg,3,0,H
435990,2023-09-16 14:00:00+00:00,PL,2023,REGULAR_SEASON,5.0,Tottenham Hotspur FC,Sheffield United FC,2,1,H
435984,2023-09-16 14:00:00+00:00,PL,2023,REGULAR_SEASON,5.0,Aston Villa FC,Crystal Palace FC,3,1,H
435986,2023-09-16 14:00:00+00:00,PL,2023,REGULAR_SEASON,5.0,Fulham FC,Luton Town FC,1,0,H
435987,2023-09-16 14:00:00+00:00,PL,2023,REGULAR_SEASON,5.0,Manchester United FC,Brighton & Hove Albion FC,1,3,A
435991,2023-09-16 14:00:00+00:00,PL,2023,REGULAR_SEASON,5.0,West Ham United FC,Manchester City FC,1,3,A
438520,2023-09-16 14:15:00+00:00,PD,2023,REGULAR_SEASON,5.0,Valencia CF,Club Atlético de Madrid,3,0,H
445441,2023-09-16 14:30:00+00:00,PPL,2023,REGULAR_SEASON,5.0,Rio Ave FC,FC Famalicão,1,1,D
441518,2023-09-16 14:30:00+00:00,DED,2023,REGULAR_SEASON,5.0,Feyenoord Rotterdam,SC Heerenveen,6,1,H
442751,2023-09-16 15:00:00+00:00,FL1,2023,REGULAR_SEASON,5.0,Stade Rennais FC 1901,Lille OSC,2,2,D
444289,2023-09-16 16:00:00+00:00,SA,2023,REGULAR_SEASON,4.0,FC Internazionale Milano,AC Milan,5,1,H
438515,2023-09-16 16:30:00+00:00,PD,2023,REGULAR_SEASON,5.0,RC Celta de Vigo,RCD Mallorca,0,1,A
441822,2023-09-16 16:30:00+00:00,BL1,2023,REGULAR_SEASON,4.0,VfL Bochum 1848,Eintracht Frankfurt,1,1,D
435988,2023-09-16 16:30:00+00:00,PL,2023,REGULAR_SEASON,5.0,Newcastle United FC,Brentford FC,1,0,H
441519,2023-09-16 16:45:00+00:00,DED,2023,REGULAR_SEASON,5.0,SBV Vitesse,RKC Waalwijk,0,2,A
445444,2023-09-16 17:00:00+00:00,PPL,2023,REGULAR_SEASON,5.0,SC Farense,Sporting Clube de Braga,3,1,H
441520,2023-09-16 18:00:00+00:00,DED,2023,REGULAR_SEASON,5.0,PSV,NEC,4,0,H
441521,2023-09-16 18:00:00+00:00,DED,2023,REGULAR_SEASON,5.0,Fortuna Sittard,FC Volendam,3,1,H
444287,2023-09-16 18:45:00+00:00,SA,2023,REGULAR_SEASON,4.0,Genoa CFC,SSC Napoli,2,2,D
441522,2023-09-16 19:00:00+00:00,DED,2023,REGULAR_SEASON,5.0,Heracles Almelo,FC Utrecht,1,3,A
438516,2023-09-16 19:00:00+00:00,PD,2023,REGULAR_SEASON,5.0,FC Barcelona,Real Betis Balompié,5,0,H
442749,2023-09-16 19:00:00+00:00,FL1,2023,REGULAR_SEASON,5.0,Racing Club de Lens,FC Metz,0,1,A
445442,2023-09-16 19:30:00+00:00,PPL,2023,REGULAR_SEASON,5.0,FC Vizela,Sport Lisboa e Benfica,1,2,A
441523,2023-09-17 10:15:00+00:00,DED,2023,REGULAR_SEASON,5.0,PEC Zwolle,Go Ahead Eagles,1,1,D
444284,2023-09-17 10:30:00+00:00,SA,2023,REGULAR_SEASON,4.0,Cagliari Calcio,Udinese Calcio,0,0,D
442744,2023-09-17 11:00:00+00:00,FL1,2023,REGULAR_SEASON,5.0,FC Lorient,AS Monaco FC,2,2,D
438517,2023-09-17 12:00:00+00:00,PD,2023,REGULAR_SEASON,5.0,Getafe CF,CA Osasuna,3,2,H
441525,2023-09-17 12:30:00+00:00,DED,2023,REGULAR_SEASON,5.0,SBV Excelsior,Almere City FC,0,0,D
441524,2023-09-17 12:30:00+00:00,DED,2023,REGULAR_SEASON,5.0,FC Twente '65,AFC Ajax,3,1,H
444286,2023-09-17 13:00:00+00:00,SA,2023,REGULAR_SEASON,4.0,Frosinone Calcio,US Sassuolo Calcio,4,2,H
442743,2023-09-17 13:00:00+00:00,FL1,2023,REGULAR_SEASON,5.0,Clermont Foot 63,FC Nantes,0,1,A
442748,2023-09-17 13:00:00+00:00,FL1,2023,REGULAR_SEASON,5.0,RC Strasbourg Alsace,Montpellier HSC,2,2,D
444291,2023-09-17 13:00:00+00:00,SA,2023,REGULAR_SEASON,4.0,AC Monza,US Lecce,1,1,D
435983,2023-09-17 13:00:00+00:00,PL,2023,REGULAR_SEASON,5.0,AFC Bournemouth,Chelsea FC,0,0,D
442750,2023-09-17 13:00:00+00:00,FL1,2023,REGULAR_SEASON,5.0,Stade de Reims,Stade Brestois 29,1,2,A
441823,2023-09-17 13:30:00+00:00,BL1,2023,REGULAR_SEASON,4.0,1. FC Heidenheim 1846,SV Werder Bremen,4,2,H
438521,2023-09-17 14:15:00+00:00,PD,2023,REGULAR_SEASON,5.0,Villarreal CF,UD Almería,2,1,H
445440,2023-09-17 14:30:00+00:00,PPL,2023,REGULAR_SEASON,5.0,FC Arouca,Casa Pia AC,0,1,A
445443,2023-09-17 14:30:00+00:00,PPL,2023,REGULAR_SEASON,5.0,Gil Vicente FC,GD Estoril Praia,5,3,H
441526,2023-09-17 14:45:00+00:00,DED,2023,REGULAR_SEASON,5.0,AZ,Sparta Rotterdam,2,0,H
442746,2023-09-17 15:05:00+00:00,FL1,2023,REGULAR_SEASON,5.0,Olympique de Marseille,Toulouse FC,0,0,D
441824,2023-09-17 15:30:00+00:00,BL1,2023,REGULAR_SEASON,4.0,SV Darmstadt 98,Borussia Mönchengladbach,3,3,D
435985,2023-09-17 15:30:00+00:00,PL,2023,REGULAR_SEASON,5.0,Everton FC,Arsenal FC,0,1,A
444285,2023-09-17 16:00:00+00:00,SA,2023,REGULAR_SEASON,4.0,ACF Fiorentina,Atalanta BC,3,2,H
438519,2023-09-17 16:30:00+00:00,PD,2023,REGULAR_SEASON,5.0,Sevilla FC,UD Las Palmas,1,0,H
445446,2023-09-17 17:00:00+00:00,PPL,2023,REGULAR_SEASON,5.0,Vitória SC,Portimonense SC,1,2,A
442745,2023-09-17 18:45:00+00:00,FL1,2023,REGULAR_SEASON,5.0,Olympique Lyonnais,Le Havre AC,0,0,D
444292,2023-09-17 18:45:00+00:00,SA,2023,REGULAR_SEASON,4.0,AS Roma,Empoli FC,7,0,H
438523,2023-09-17 19:00:00+00:00,PD,2023,REGULAR_SEASON,5.0,Real Madrid CF,Real Sociedad de Fútbol,2,1,H
445445,2023-09-17 19:30:00+00:00,PPL,2023,REGULAR_SEASON,5.0,Sporting Clube de Portugal,Moreirense FC,3,0,H
444293,2023-09-18 16:30:00+00:00,SA,2023,REGULAR_SEASON,4.0,US Salernitana 1919,Torino FC,0,3,A
444288,2023-09-18 18:45:00+00:00,SA,2023,REGULAR_SEASON,4.0,Hellas Verona FC,Bologna FC 1909,0,0,D
435989,2023-09-18 18:45:00+00:00,PL,2023,REGULAR_SEASON,5.0,Nottingham Forest FC,Burnley FC,1,1,D
438518,2023-09-18 19:00:00+00:00,PD,2023,REGULAR_SEASON,5.0,Granada CF,Girona FC,2,4,A
445438,2023-09-18 19:15:00+00:00,PPL,2023,REGULAR_SEASON,5.0,Boavista FC,GD Chaves,4,1,H
451623,2023-09-19 16:45:00+00:00,CL,2023,GROUP_STAGE,1.0,AC Milan,Newcastle United FC,0,0,D
451637,2023-09-19 16:45:00+00:00,CL,2023,GROUP_STAGE,1.0,BSC Young Boys,RB Leipzig,1,3,A
451614,2023-09-19 19:00:00+00:00,CL,2023,GROUP_STAGE,1.0,SS Lazio,Club Atlético de Madrid,1,1,D
451616,2023-09-19 19:00:00+00:00,CL,2023,GROUP_STAGE,1.0,Feyenoord Rotterdam,Celtic FC,2,0,H
451630,2023-09-19 19:00:00+00:00,CL,2023,GROUP_STAGE,1.0,Paris Saint-Germain FC,Borussia Dortmund,2,0,H
451640,2023-09-19 19:00:00+00:00,CL,2023,GROUP_STAGE,1.0,Manchester City FC,FK Crvena Zvezda,3,1,H
451647,2023-09-19 19:00:00+00:00,CL,2023,GROUP_STAGE,1.0,FC Barcelona,Royal Antwerp FC,5,0,H
451654,2023-09-19 19:00:00+00:00,CL,2023,GROUP_STAGE,1.0,FK Shakhtar Donetsk,FC Porto,1,3,A
451586,2023-09-20 16:45:00+00:00,CL,2023,GROUP_STAGE,1.0,Real Madrid CF,1. FC Union Berlin,1,0,H
451568,2023-09-20 16:45:00+00:00,CL,2023,GROUP_STAGE,1.0,Galatasaray SK,FC København,2,2,D
451595,2023-09-20 19:00:00+00:00,CL,2023,GROUP_STAGE,1.0,Sporting Clube de Braga,SSC Napoli,1,2,A
451606,2023-09-20 19:00:00+00:00,CL,2023,GROUP_STAGE,1.0,Sport Lisboa e Benfica,FC Red Bull Salzburg,0,2,A
451565,2023-09-20 19:00:00+00:00,CL,2023,GROUP_STAGE,1.0,FC Bayern München,Manchester United FC,4,3,H
451573,2023-09-20 19:00:00+00:00,CL,2023,GROUP_STAGE,1.0,Arsenal FC,PSV,4,0,H
451600,2023-09-20 19:00:00+00:00,CL,2023,GROUP_STAGE,1.0,Real Sociedad de Fútbol,FC Internazionale Milano,1,1,D
451584,2023-09-20 19:00:00+00:00,CL,2023,GROUP_STAGE,1.0,Sevilla FC,Racing Club de Lens,1,1,D
444300,2023-09-22 16:30:00+00:00,SA,2023,REGULAR_SEASON,5.0,US Salernitana 1919,Frosinone Calcio,1,1,D
441527,2023-09-22 18:00:00+00:00,DED,2023,REGULAR_SEASON,6.0,Go Ahead Eagles,Fortuna Sittard,3,0,H
441833,2023-09-22 18:30:00+00:00,BL1,2023,REGULAR_SEASON,5.0,VfB Stuttgart,SV Darmstadt 98,3,1,H
444298,2023-09-22 18:45:00+00:00,SA,2023,REGULAR_SEASON,5.0,US Lecce,Genoa CFC,1,0,H
438527,2023-09-22 19:00:00+00:00,PD,2023,REGULAR_SEASON,6.0,Deportivo Alavés,Athletic Club,0,2,A
442753,2023-09-22 19:00:00+00:00,FL1,2023,REGULAR_SEASON,6.0,AS Monaco FC,OGC Nice,0,1,A
445448,2023-09-22 19:15:00+00:00,PPL,2023,REGULAR_SEASON,6.0,FC Famalicão,FC Arouca,1,0,H
438529,2023-09-23 12:00:00+00:00,PD,2023,REGULAR_SEASON,6.0,Girona FC,RCD Mallorca,5,3,H
444299,2023-09-23 13:00:00+00:00,SA,2023,REGULAR_SEASON,5.0,AC Milan,Hellas Verona FC,1,0,H
441827,2023-09-23 13:30:00+00:00,BL1,2023,REGULAR_SEASON,5.0,1. FC Union Berlin,TSG 1899 Hoffenheim,0,2,A
441826,2023-09-23 13:30:00+00:00,BL1,2023,REGULAR_SEASON,5.0,Borussia Dortmund,VfL Wolfsburg,1,0,H
441825,2023-09-23 13:30:00+00:00,BL1,2023,REGULAR_SEASON,5.0,FC Bayern München,VfL Bochum 1848,7,0,H
441830,2023-09-23 13:30:00+00:00,BL1,2023,REGULAR_SEASON,5.0,Borussia Mönchengladbach,RB Leipzig,0,1,A
441832,2023-09-23 13:30:00+00:00,BL1,2023,REGULAR_SEASON,5.0,FC Augsburg,1. FSV Mainz 05,2,1,H
436001,2023-09-23 14:00:00+00:00,PL,2023,REGULAR_SEASON,6.0,Manchester City FC,Nottingham Forest FC,2,0,H
435998,2023-09-23 14:00:00+00:00,PL,2023,REGULAR_SEASON,6.0,Crystal Palace FC,Fulham FC,0,0,D
436000,2023-09-23 14:00:00+00:00,PL,2023,REGULAR_SEASON,6.0,Luton Town FC,Wolverhampton Wanderers FC,1,1,D
438526,2023-09-23 14:15:00+00:00,PD,2023,REGULAR_SEASON,6.0,CA Osasuna,Sevilla FC,0,0,D
441528,2023-09-23 14:30:00+00:00,DED,2023,REGULAR_SEASON,6.0,FC Volendam,Heracles Almelo,2,2,D
445449,2023-09-23 14:30:00+00:00,PPL,2023,REGULAR_SEASON,6.0,Moreirense FC,SC Farense,1,0,H
445452,2023-09-23 14:30:00+00:00,PPL,2023,REGULAR_SEASON,6.0,GD Estoril Praia,FC Vizela,2,2,D
442755,2023-09-23 15:00:00+00:00,FL1,2023,REGULAR_SEASON,6.0,FC Nantes,FC Lorient,5,3,H
444301,2023-09-23 16:00:00+00:00,SA,2023,REGULAR_SEASON,5.0,US Sassuolo Calcio,Juventus FC,4,2,H
435994,2023-09-23 16:30:00+00:00,PL,2023,REGULAR_SEASON,6.0,Brentford FC,Everton FC,1,3,A
441831,2023-09-23 16:30:00+00:00,BL1,2023,REGULAR_SEASON,5.0,SV Werder Bremen,1. FC Köln,2,1,H
438528,2023-09-23 16:30:00+00:00,PD,2023,REGULAR_SEASON,6.0,FC Barcelona,RC Celta de Vigo,3,2,H
441529,2023-09-23 16:45:00+00:00,DED,2023,REGULAR_SEASON,6.0,NEC,FC Utrecht,3,0,H
445447,2023-09-23 17:00:00+00:00,PPL,2023,REGULAR_SEASON,6.0,Casa Pia AC,Vitória SC,0,0,D
441530,2023-09-23 18:00:00+00:00,DED,2023,REGULAR_SEASON,6.0,Almere City FC,PSV,0,4,A
444297,2023-09-23 18:45:00+00:00,SA,2023,REGULAR_SEASON,5.0,SS Lazio,AC Monza,1,1,D
435996,2023-09-23 19:00:00+00:00,PL,2023,REGULAR_SEASON,6.0,Burnley FC,Manchester United FC,0,1,A
441531,2023-09-23 19:00:00+00:00,DED,2023,REGULAR_SEASON,6.0,SC Heerenveen,SBV Excelsior,0,3,A
442760,2023-09-23 19:00:00+00:00,FL1,2023,REGULAR_SEASON,6.0,Stade Brestois 29,Olympique Lyonnais,1,0,H
438532,2023-09-23 19:00:00+00:00,PD,2023,REGULAR_SEASON,6.0,UD Almería,Valencia CF,2,2,D
445450,2023-09-23 19:30:00+00:00,PPL,2023,REGULAR_SEASON,6.0,FC Porto,Gil Vicente FC,2,1,H
441532,2023-09-24 10:15:00+00:00,DED,2023,REGULAR_SEASON,6.0,Sparta Rotterdam,SBV Vitesse,1,0,H
444296,2023-09-24 10:30:00+00:00,SA,2023,REGULAR_SEASON,5.0,Empoli FC,FC Internazionale Milano,0,1,A
442754,2023-09-24 11:00:00+00:00,FL1,2023,REGULAR_SEASON,6.0,FC Metz,RC Strasbourg Alsace,0,1,A
438531,2023-09-24 12:00:00+00:00,PD,2023,REGULAR_SEASON,6.0,Real Sociedad de Fútbol,Getafe CF,4,3,H
435999,2023-09-24 13:00:00+00:00,PL,2023,REGULAR_SEASON,6.0,Liverpool FC,West Ham United FC,3,1,H
435997,2023-09-24 13:00:00+00:00,PL,2023,REGULAR_SEASON,6.0,Chelsea FC,Aston Villa FC,0,1,A
435995,2023-09-24 13:00:00+00:00,PL,2023,REGULAR_SEASON,6.0,Brighton & Hove Albion FC,AFC Bournemouth,3,1,H
442752,2023-09-24 13:00:00+00:00,FL1,2023,REGULAR_SEASON,6.0,Le Havre AC,Clermont Foot 63,2,1,H
442759,2023-09-24 13:00:00+00:00,FL1,2023,REGULAR_SEASON,6.0,Racing Club de Lens,Toulouse FC,2,1,H
444294,2023-09-24 13:00:00+00:00,SA,2023,REGULAR_SEASON,5.0,Atalanta BC,Cagliari Calcio,2,0,H
435993,2023-09-24 13:00:00+00:00,PL,2023,REGULAR_SEASON,6.0,Arsenal FC,Tottenham Hotspur FC,2,2,D
444303,2023-09-24 13:00:00+00:00,SA,2023,REGULAR_SEASON,5.0,Udinese Calcio,ACF Fiorentina,0,2,A
441828,2023-09-24 13:30:00+00:00,BL1,2023,REGULAR_SEASON,5.0,Bayer 04 Leverkusen,1. FC Heidenheim 1846,4,1,H
438530,2023-09-24 14:15:00+00:00,PD,2023,REGULAR_SEASON,6.0,Rayo Vallecano de Madrid,Villarreal CF,1,1,D
445451,2023-09-24 14:30:00+00:00,PPL,2023,REGULAR_SEASON,6.0,GD Chaves,CF Estrela da Amadora,2,2,D
441534,2023-09-24 14:45:00+00:00,DED,2023,REGULAR_SEASON,6.0,RKC Waalwijk,FC Twente '65,1,0,H
441535,2023-09-24 14:45:00+00:00,DED,2023,REGULAR_SEASON,6.0,PEC Zwolle,AZ,0,3,A
442756,2023-09-24 15:05:00+00:00,FL1,2023,REGULAR_SEASON,6.0,Montpellier HSC,Stade Rennais FC 1901,0,0,D
436002,2023-09-24 15:30:00+00:00,PL,2023,REGULAR_SEASON,6.0,Sheffield United FC,Newcastle United FC,0,8,A
441829,2023-09-24 15:30:00+00:00,BL1,2023,REGULAR_SEASON,5.0,Eintracht Frankfurt,SC Freiburg,0,0,D
444295,2023-09-24 16:00:00+00:00,SA,2023,REGULAR_SEASON,5.0,Bologna FC 1909,SSC Napoli,0,0,D
438525,2023-09-24 16:30:00+00:00,PD,2023,REGULAR_SEASON,6.0,Real Betis Balompié,Cádiz CF,1,1,D
438533,2023-09-24 16:30:00+00:00,PD,2023,REGULAR_SEASON,6.0,UD Las Palmas,Granada CF,1,0,H
445453,2023-09-24 17:00:00+00:00,PPL,2023,REGULAR_SEASON,6.0,Portimonense SC,Sport Lisboa e Benfica,1,3,A
444302,2023-09-24 18:45:00+00:00,SA,2023,REGULAR_SEASON,5.0,Torino FC,AS Roma,1,1,D
442758,2023-09-24 18:45:00+00:00,FL1,2023,REGULAR_SEASON,6.0,Paris Saint-Germain FC,Olympique de Marseille,4,0,H
438524,2023-09-24 19:00:00+00:00,PD,2023,REGULAR_SEASON,6.0,Club Atlético de Madrid,Real Madrid CF,3,1,H
445454,2023-09-24 19:30:00+00:00,PPL,2023,REGULAR_SEASON,6.0,Sporting Clube de Braga,Boavista FC,4,1,H
445455,2023-09-25 19:15:00+00:00,PPL,2023,REGULAR_SEASON,6.0,Sporting Clube de Portugal,Rio Ave FC,2,0,H
438539,2023-09-26 17:00:00+00:00,PD,2023,REGULAR_SEASON,7.0,Sevilla FC,UD Almería,5,1,H
444310,2023-09-26 18:45:00+00:00,SA,2023,REGULAR_SEASON,6.0,Juventus FC,US Lecce,1,0,H
442757,2023-09-26 19:00:00+00:00,FL1,2023,REGULAR_SEASON,6.0,Lille OSC,Stade de Reims,1,2,A
438542,2023-09-26 19:30:00+00:00,PD,2023,REGULAR_SEASON,7.0,RCD Mallorca,FC Barcelona,2,2,D
441533,2023-09-27 12:00:00+00:00,DED,2023,REGULAR_SEASON,6.0,AFC Ajax,Feyenoord Rotterdam,0,4,A
444305,2023-09-27 16:30:00+00:00,SA,2023,REGULAR_SEASON,6.0,Empoli FC,US Salernitana 1919,1,0,H
444308,2023-09-27 16:30:00+00:00,SA,2023,REGULAR_SEASON,6.0,Hellas Verona FC,Atalanta BC,0,1,A
444304,2023-09-27 16:30:00+00:00,SA,2023,REGULAR_SEASON,6.0,Cagliari Calcio,AC Milan,1,3,A
441501,2023-09-27 16:45:00+00:00,DED,2023,REGULAR_SEASON,3.0,PSV,Go Ahead Eagles,3,0,H
438541,2023-09-27 17:00:00+00:00,PD,2023,REGULAR_SEASON,7.0,Villarreal CF,Girona FC,1,2,A
438534,2023-09-27 17:00:00+00:00,PD,2023,REGULAR_SEASON,7.0,Athletic Club,Getafe CF,2,2,D
438543,2023-09-27 17:00:00+00:00,PD,2023,REGULAR_SEASON,7.0,Real Madrid CF,UD Las Palmas,2,0,H
441506,2023-09-27 18:00:00+00:00,DED,2023,REGULAR_SEASON,3.0,FC Twente '65,SBV Vitesse,1,0,H
444313,2023-09-27 18:45:00+00:00,SA,2023,REGULAR_SEASON,6.0,SSC Napoli,Udinese Calcio,4,1,H
444309,2023-09-27 18:45:00+00:00,SA,2023,REGULAR_SEASON,6.0,FC Internazionale Milano,US Sassuolo Calcio,1,2,A
444311,2023-09-27 18:45:00+00:00,SA,2023,REGULAR_SEASON,6.0,SS Lazio,Torino FC,2,0,H
438537,2023-09-27 19:30:00+00:00,PD,2023,REGULAR_SEASON,7.0,Cádiz CF,Rayo Vallecano de Madrid,0,0,D
438540,2023-09-27 19:30:00+00:00,PD,2023,REGULAR_SEASON,7.0,Valencia CF,Real Sociedad de Fútbol,0,1,A
444306,2023-09-28 16:30:00+00:00,SA,2023,REGULAR_SEASON,6.0,Frosinone Calcio,ACF Fiorentina,1,1,D
444312,2023-09-28 16:30:00+00:00,SA,2023,REGULAR_SEASON,6.0,AC Monza,Bologna FC 1909,0,0,D
438536,2023-09-28 17:00:00+00:00,PD,2023,REGULAR_SEASON,7.0,RC Celta de Vigo,Deportivo Alavés,1,1,D
438538,2023-09-28 17:00:00+00:00,PD,2023,REGULAR_SEASON,7.0,Granada CF,Real Betis Balompié,1,1,D
441508,2023-09-28 18:00:00+00:00,DED,2023,REGULAR_SEASON,3.0,AZ,Heracles Almelo,1,1,D
444307,2023-09-28 18:45:00+00:00,SA,2023,REGULAR_SEASON,6.0,Genoa CFC,AS Roma,4,1,H
445458,2023-09-28 19:15:00+00:00,PPL,2023,REGULAR_SEASON,7.0,CF Estrela da Amadora,Sporting Clube de Braga,2,4,A
438535,2023-09-28 19:30:00+00:00,PD,2023,REGULAR_SEASON,7.0,CA Osasuna,Club Atlético de Madrid,0,2,A
441839,2023-09-29 18:30:00+00:00,BL1,2023,REGULAR_SEASON,6.0,TSG 1899 Hoffenheim,Borussia Dortmund,1,3,A
442767,2023-09-29 19:00:00+00:00,FL1,2023,REGULAR_SEASON,7.0,RC Strasbourg Alsace,Racing Club de Lens,0,1,A
438547,2023-09-29 19:00:00+00:00,PD,2023,REGULAR_SEASON,8.0,FC Barcelona,Sevilla FC,1,0,H
445456,2023-09-29 19:15:00+00:00,PPL,2023,REGULAR_SEASON,7.0,Sport Lisboa e Benfica,FC Porto,1,0,H
436004,2023-09-30 11:30:00+00:00,PL,2023,REGULAR_SEASON,7.0,Aston Villa FC,Brighton & Hove Albion FC,6,1,H
438548,2023-09-30 12:00:00+00:00,PD,2023,REGULAR_SEASON,8.0,Getafe CF,Villarreal CF,0,0,D
444317,2023-09-30 13:00:00+00:00,SA,2023,REGULAR_SEASON,7.0,US Lecce,SSC Napoli,0,4,A
441840,2023-09-30 13:30:00+00:00,BL1,2023,REGULAR_SEASON,6.0,VfL Bochum 1848,Borussia Mönchengladbach,1,3,A
441836,2023-09-30 13:30:00+00:00,BL1,2023,REGULAR_SEASON,6.0,VfL Wolfsburg,Eintracht Frankfurt,2,0,H
441837,2023-09-30 13:30:00+00:00,BL1,2023,REGULAR_SEASON,6.0,1. FSV Mainz 05,Bayer 04 Leverkusen,0,3,A
441841,2023-09-30 13:30:00+00:00,BL1,2023,REGULAR_SEASON,6.0,1. FC Heidenheim 1846,1. FC Union Berlin,1,0,H
441838,2023-09-30 13:30:00+00:00,BL1,2023,REGULAR_SEASON,6.0,1. FC Köln,VfB Stuttgart,0,2,A
436003,2023-09-30 14:00:00+00:00,PL,2023,REGULAR_SEASON,7.0,AFC Bournemouth,Arsenal FC,0,4,A
436011,2023-09-30 14:00:00+00:00,PL,2023,REGULAR_SEASON,7.0,West Ham United FC,Sheffield United FC,2,0,H
436005,2023-09-30 14:00:00+00:00,PL,2023,REGULAR_SEASON,7.0,Everton FC,Luton Town FC,1,2,A
436007,2023-09-30 14:00:00+00:00,PL,2023,REGULAR_SEASON,7.0,Manchester United FC,Crystal Palace FC,0,1,A
436012,2023-09-30 14:00:00+00:00,PL,2023,REGULAR_SEASON,7.0,Wolverhampton Wanderers FC,Manchester City FC,2,1,H
436008,2023-09-30 14:00:00+00:00,PL,2023,REGULAR_SEASON,7.0,Newcastle United FC,Burnley FC,2,0,H
438550,2023-09-30 14:15:00+00:00,PD,2023,REGULAR_SEASON,8.0,Rayo Vallecano de Madrid,RCD Mallorca,2,2,D
445461,2023-09-30 14:30:00+00:00,PPL,2023,REGULAR_SEASON,7.0,FC Vizela,Portimonense SC,2,3,A
441536,2023-09-30 14:30:00+00:00,DED,2023,REGULAR_SEASON,7.0,Feyenoord Rotterdam,Go Ahead Eagles,3,1,H
442763,2023-09-30 15:00:00+00:00,FL1,2023,REGULAR_SEASON,7.0,Clermont Foot 63,Paris Saint-Germain FC,0,0,D
444318,2023-09-30 16:00:00+00:00,SA,2023,REGULAR_SEASON,7.0,AC Milan,SS Lazio,2,0,H
438549,2023-09-30 16:30:00+00:00,PD,2023,REGULAR_SEASON,8.0,Girona FC,Real Madrid CF,0,3,A
441834,2023-09-30 16:30:00+00:00,BL1,2023,REGULAR_SEASON,6.0,RB Leipzig,FC Bayern München,2,2,D
436010,2023-09-30 16:30:00+00:00,PL,2023,REGULAR_SEASON,7.0,Tottenham Hotspur FC,Liverpool FC,2,1,H
441538,2023-09-30 16:45:00+00:00,DED,2023,REGULAR_SEASON,7.0,PSV,FC Volendam,3,1,H
441537,2023-09-30 16:45:00+00:00,DED,2023,REGULAR_SEASON,7.0,FC Utrecht,Almere City FC,0,2,A
445457,2023-09-30 17:00:00+00:00,PPL,2023,REGULAR_SEASON,7.0,Boavista FC,FC Famalicão,2,2,D
444320,2023-09-30 18:45:00+00:00,SA,2023,REGULAR_SEASON,7.0,US Salernitana 1919,FC Internazionale Milano,0,4,A
442762,2023-09-30 19:00:00+00:00,FL1,2023,REGULAR_SEASON,7.0,AS Monaco FC,Olympique de Marseille,3,2,H
441539,2023-09-30 19:00:00+00:00,DED,2023,REGULAR_SEASON,7.0,FC Twente '65,SC Heerenveen,1,0,H
438551,2023-09-30 19:00:00+00:00,PD,2023,REGULAR_SEASON,8.0,Real Sociedad de Fútbol,Athletic Club,3,0,H
445463,2023-09-30 19:30:00+00:00,PPL,2023,REGULAR_SEASON,7.0,SC Farense,Sporting Clube de Portugal,2,3,A
441541,2023-10-01 10:15:00+00:00,DED,2023,REGULAR_SEASON,7.0,NEC,SBV Vitesse,1,2,A
444315,2023-10-01 10:30:00+00:00,SA,2023,REGULAR_SEASON,7.0,Bologna FC 1909,Empoli FC,3,0,H
442768,2023-10-01 11:00:00+00:00,FL1,2023,REGULAR_SEASON,7.0,Stade de Reims,Olympique Lyonnais,2,0,H
438552,2023-10-01 12:00:00+00:00,PD,2023,REGULAR_SEASON,8.0,UD Almería,Granada CF,3,3,D
441543,2023-10-01 12:30:00+00:00,DED,2023,REGULAR_SEASON,7.0,Heracles Almelo,PEC Zwolle,2,1,H
441542,2023-10-01 12:30:00+00:00,DED,2023,REGULAR_SEASON,7.0,SBV Excelsior,Sparta Rotterdam,2,1,H
444323,2023-10-01 13:00:00+00:00,SA,2023,REGULAR_SEASON,7.0,Udinese Calcio,Genoa CFC,2,2,D
436009,2023-10-01 13:00:00+00:00,PL,2023,REGULAR_SEASON,7.0,Nottingham Forest FC,Brentford FC,1,1,D
442761,2023-10-01 13:00:00+00:00,FL1,2023,REGULAR_SEASON,7.0,Le Havre AC,Lille OSC,0,2,A
442765,2023-10-01 13:00:00+00:00,FL1,2023,REGULAR_SEASON,7.0,Toulouse FC,FC Metz,3,0,H
442766,2023-10-01 13:00:00+00:00,FL1,2023,REGULAR_SEASON,7.0,OGC Nice,Stade Brestois 29,0,0,D
441842,2023-10-01 13:30:00+00:00,BL1,2023,REGULAR_SEASON,6.0,SV Darmstadt 98,SV Werder Bremen,4,2,H
438546,2023-10-01 14:15:00+00:00,PD,2023,REGULAR_SEASON,8.0,Deportivo Alavés,CA Osasuna,0,2,A
445459,2023-10-01 14:30:00+00:00,PPL,2023,REGULAR_SEASON,7.0,FC Arouca,GD Chaves,0,2,A
441544,2023-10-01 14:45:00+00:00,DED,2023,REGULAR_SEASON,7.0,AZ,Fortuna Sittard,4,0,H
442764,2023-10-01 15:05:00+00:00,FL1,2023,REGULAR_SEASON,7.0,FC Lorient,Montpellier HSC,0,3,A
441835,2023-10-01 15:30:00+00:00,BL1,2023,REGULAR_SEASON,6.0,SC Freiburg,FC Augsburg,2,0,H
444314,2023-10-01 16:00:00+00:00,SA,2023,REGULAR_SEASON,7.0,Atalanta BC,Juventus FC,0,0,D
445464,2023-10-01 17:00:00+00:00,PPL,2023,REGULAR_SEASON,7.0,Vitória SC,GD Estoril Praia,3,2,H
442769,2023-10-01 18:45:00+00:00,FL1,2023,REGULAR_SEASON,7.0,Stade Rennais FC 1901,FC Nantes,3,1,H
444319,2023-10-01 18:45:00+00:00,SA,2023,REGULAR_SEASON,7.0,AS Roma,Frosinone Calcio,2,0,H
438544,2023-10-01 19:00:00+00:00,PD,2023,REGULAR_SEASON,8.0,Club Atlético de Madrid,Cádiz CF,3,2,H
438545,2023-10-01 19:00:00+00:00,PD,2023,REGULAR_SEASON,8.0,Real Betis Balompié,Valencia CF,3,0,H
445460,2023-10-01 19:30:00+00:00,PPL,2023,REGULAR_SEASON,7.0,Rio Ave FC,Moreirense FC,0,4,A
444322,2023-10-02 16:30:00+00:00,SA,2023,REGULAR_SEASON,7.0,Torino FC,Hellas Verona FC,0,0,D
444321,2023-10-02 16:30:00+00:00,SA,2023,REGULAR_SEASON,7.0,US Sassuolo Calcio,AC Monza,0,1,A
444316,2023-10-02 18:45:00+00:00,SA,2023,REGULAR_SEASON,7.0,ACF Fiorentina,Cagliari Calcio,3,0,H
438553,2023-10-02 19:00:00+00:00,PD,2023,REGULAR_SEASON,8.0,UD Las Palmas,RC Celta de Vigo,2,1,H
436006,2023-10-02 19:00:00+00:00,PL,2023,REGULAR_SEASON,7.0,Fulham FC,Chelsea FC,0,2,A
445462,2023-10-02 19:15:00+00:00,PPL,2023,REGULAR_SEASON,7.0,Gil Vicente FC,Casa Pia AC,2,0,H
451603,2023-10-03 16:45:00+00:00,CL,2023,GROUP_STAGE,2.0,FC Red Bull Salzburg,Real Sociedad de Fútbol,0,2,A
451587,2023-10-03 16:45:00+00:00,CL,2023,GROUP_STAGE,2.0,1. FC Union Berlin,Sporting Clube de Braga,2,3,A
435957,2023-10-03 18:30:00+00:00,PL,2023,REGULAR_SEASON,2.0,Luton Town FC,Burnley FC,1,2,A
451601,2023-10-03 19:00:00+00:00,CL,2023,GROUP_STAGE,2.0,FC Internazionale Milano,Sport Lisboa e Benfica,1,0,H
451594,2023-10-03 19:00:00+00:00,CL,2023,GROUP_STAGE,2.0,SSC Napoli,Real Madrid CF,2,3,A
451572,2023-10-03 19:00:00+00:00,CL,2023,GROUP_STAGE,2.0,Manchester United FC,Galatasaray SK,2,3,A
451576,2023-10-03 19:00:00+00:00,CL,2023,GROUP_STAGE,2.0,Racing Club de Lens,Arsenal FC,2,1,H
451581,2023-10-03 19:00:00+00:00,CL,2023,GROUP_STAGE,2.0,PSV,Sevilla FC,2,2,D
451562,2023-10-03 19:00:00+00:00,CL,2023,GROUP_STAGE,2.0,FC København,FC Bayern München,1,2,A
451655,2023-10-04 16:45:00+00:00,CL,2023,GROUP_STAGE,2.0,Royal Antwerp FC,FK Shakhtar Donetsk,2,3,A
451611,2023-10-04 16:45:00+00:00,CL,2023,GROUP_STAGE,2.0,Club Atlético de Madrid,Feyenoord Rotterdam,3,2,H
451644,2023-10-04 19:00:00+00:00,CL,2023,GROUP_STAGE,2.0,RB Leipzig,Manchester City FC,1,3,A
451634,2023-10-04 19:00:00+00:00,CL,2023,GROUP_STAGE,2.0,FK Crvena Zvezda,BSC Young Boys,2,2,D
451622,2023-10-04 19:00:00+00:00,CL,2023,GROUP_STAGE,2.0,Borussia Dortmund,AC Milan,0,0,D
451617,2023-10-04 19:00:00+00:00,CL,2023,GROUP_STAGE,2.0,Celtic FC,SS Lazio,1,2,A
451631,2023-10-04 19:00:00+00:00,CL,2023,GROUP_STAGE,2.0,Newcastle United FC,Paris Saint-Germain FC,4,1,H
451646,2023-10-04 19:00:00+00:00,CL,2023,GROUP_STAGE,2.0,FC Porto,FC Barcelona,0,1,A
444325,2023-10-06 16:30:00+00:00,SA,2023,REGULAR_SEASON,8.0,Empoli FC,Udinese Calcio,0,0,D
441545,2023-10-06 18:00:00+00:00,DED,2023,REGULAR_SEASON,8.0,FC Volendam,FC Utrecht,1,0,H
441848,2023-10-06 18:30:00+00:00,BL1,2023,REGULAR_SEASON,7.0,Borussia Mönchengladbach,1. FSV Mainz 05,2,2,D
444331,2023-10-06 18:45:00+00:00,SA,2023,REGULAR_SEASON,8.0,US Lecce,US Sassuolo Calcio,1,1,D
438554,2023-10-06 19:00:00+00:00,PD,2023,REGULAR_SEASON,9.0,Athletic Club,UD Almería,3,0,H
442774,2023-10-06 19:00:00+00:00,FL1,2023,REGULAR_SEASON,8.0,RC Strasbourg Alsace,FC Nantes,1,2,A
445467,2023-10-06 19:15:00+00:00,PPL,2023,REGULAR_SEASON,8.0,Moreirense FC,Boavista FC,1,1,D
436019,2023-10-07 11:30:00+00:00,PL,2023,REGULAR_SEASON,8.0,Luton Town FC,Tottenham Hotspur FC,0,1,A
438558,2023-10-07 12:00:00+00:00,PD,2023,REGULAR_SEASON,9.0,Cádiz CF,Girona FC,0,1,A
444328,2023-10-07 13:00:00+00:00,SA,2023,REGULAR_SEASON,8.0,FC Internazionale Milano,Bologna FC 1909,2,2,D
441850,2023-10-07 13:30:00+00:00,BL1,2023,REGULAR_SEASON,7.0,FC Augsburg,SV Darmstadt 98,1,2,A
441845,2023-10-07 13:30:00+00:00,BL1,2023,REGULAR_SEASON,7.0,RB Leipzig,VfL Bochum 1848,0,0,D
441851,2023-10-07 13:30:00+00:00,BL1,2023,REGULAR_SEASON,7.0,VfB Stuttgart,VfL Wolfsburg,3,1,H
441844,2023-10-07 13:30:00+00:00,BL1,2023,REGULAR_SEASON,7.0,Borussia Dortmund,1. FC Union Berlin,4,2,H
436015,2023-10-07 14:00:00+00:00,PL,2023,REGULAR_SEASON,8.0,Burnley FC,Chelsea FC,1,4,A
436020,2023-10-07 14:00:00+00:00,PL,2023,REGULAR_SEASON,8.0,Manchester United FC,Brentford FC,2,1,H
436018,2023-10-07 14:00:00+00:00,PL,2023,REGULAR_SEASON,8.0,Fulham FC,Sheffield United FC,3,1,H
436017,2023-10-07 14:00:00+00:00,PL,2023,REGULAR_SEASON,8.0,Everton FC,AFC Bournemouth,3,0,H
438563,2023-10-07 14:15:00+00:00,PD,2023,REGULAR_SEASON,9.0,Real Madrid CF,CA Osasuna,4,0,H
441546,2023-10-07 14:30:00+00:00,DED,2023,REGULAR_SEASON,8.0,SC Heerenveen,NEC,1,1,D
445469,2023-10-07 14:30:00+00:00,PPL,2023,REGULAR_SEASON,8.0,GD Chaves,Gil Vicente FC,4,2,H
445471,2023-10-07 14:30:00+00:00,PPL,2023,REGULAR_SEASON,8.0,SC Farense,FC Vizela,0,0,D
442770,2023-10-07 15:00:00+00:00,FL1,2023,REGULAR_SEASON,8.0,FC Metz,OGC Nice,0,1,A
444329,2023-10-07 16:00:00+00:00,SA,2023,REGULAR_SEASON,8.0,Juventus FC,Torino FC,2,0,H
438562,2023-10-07 16:30:00+00:00,PD,2023,REGULAR_SEASON,9.0,RCD Mallorca,Valencia CF,1,1,D
436016,2023-10-07 16:30:00+00:00,PL,2023,REGULAR_SEASON,8.0,Crystal Palace FC,Nottingham Forest FC,0,0,D
441849,2023-10-07 16:30:00+00:00,BL1,2023,REGULAR_SEASON,7.0,SV Werder Bremen,TSG 1899 Hoffenheim,2,3,A
441547,2023-10-07 16:45:00+00:00,DED,2023,REGULAR_SEASON,8.0,Almere City FC,RKC Waalwijk,1,0,H
445472,2023-10-07 17:00:00+00:00,PPL,2023,REGULAR_SEASON,8.0,Sporting Clube de Braga,Rio Ave FC,2,1,H
441548,2023-10-07 18:00:00+00:00,DED,2023,REGULAR_SEASON,8.0,Go Ahead Eagles,Heracles Almelo,4,0,H
444327,2023-10-07 18:45:00+00:00,SA,2023,REGULAR_SEASON,8.0,Genoa CFC,AC Milan,0,1,A
441549,2023-10-07 19:00:00+00:00,DED,2023,REGULAR_SEASON,8.0,SBV Vitesse,SBV Excelsior,0,0,D
438560,2023-10-07 19:00:00+00:00,PD,2023,REGULAR_SEASON,9.0,Sevilla FC,Rayo Vallecano de Madrid,2,2,D
442777,2023-10-07 19:00:00+00:00,FL1,2023,REGULAR_SEASON,8.0,Stade de Reims,AS Monaco FC,1,3,A
445470,2023-10-07 19:30:00+00:00,PPL,2023,REGULAR_SEASON,8.0,GD Estoril Praia,Sport Lisboa e Benfica,0,1,A
441550,2023-10-08 10:15:00+00:00,DED,2023,REGULAR_SEASON,8.0,PEC Zwolle,Feyenoord Rotterdam,0,2,A
444332,2023-10-08 10:30:00+00:00,SA,2023,REGULAR_SEASON,8.0,AC Monza,US Salernitana 1919,3,0,H
442772,2023-10-08 11:00:00+00:00,FL1,2023,REGULAR_SEASON,8.0,Olympique de Marseille,Le Havre AC,3,0,H
438561,2023-10-08 12:00:00+00:00,PD,2023,REGULAR_SEASON,9.0,Villarreal CF,UD Las Palmas,1,2,A
441552,2023-10-08 12:30:00+00:00,DED,2023,REGULAR_SEASON,8.0,AFC Ajax,AZ,1,2,A
441551,2023-10-08 12:30:00+00:00,DED,2023,REGULAR_SEASON,8.0,Fortuna Sittard,FC Twente '65,0,3,A
442776,2023-10-08 13:00:00+00:00,FL1,2023,REGULAR_SEASON,8.0,Stade Brestois 29,Toulouse FC,1,1,D
444330,2023-10-08 13:00:00+00:00,SA,2023,REGULAR_SEASON,8.0,SS Lazio,Atalanta BC,3,2,H
444326,2023-10-08 13:00:00+00:00,SA,2023,REGULAR_SEASON,8.0,Frosinone Calcio,Hellas Verona FC,2,1,H
436022,2023-10-08 13:00:00+00:00,PL,2023,REGULAR_SEASON,8.0,Wolverhampton Wanderers FC,Aston Villa FC,1,1,D
442773,2023-10-08 13:00:00+00:00,FL1,2023,REGULAR_SEASON,8.0,Olympique Lyonnais,FC Lorient,3,3,D
436021,2023-10-08 13:00:00+00:00,PL,2023,REGULAR_SEASON,8.0,West Ham United FC,Newcastle United FC,2,2,D
436014,2023-10-08 13:00:00+00:00,PL,2023,REGULAR_SEASON,8.0,Brighton & Hove Albion FC,Liverpool FC,2,2,D
441846,2023-10-08 13:30:00+00:00,BL1,2023,REGULAR_SEASON,7.0,Bayer 04 Leverkusen,1. FC Köln,3,0,H
438555,2023-10-08 14:15:00+00:00,PD,2023,REGULAR_SEASON,9.0,Club Atlético de Madrid,Real Sociedad de Fútbol,2,1,H
445465,2023-10-08 14:30:00+00:00,PPL,2023,REGULAR_SEASON,8.0,Casa Pia AC,CF Estrela da Amadora,0,1,A
445466,2023-10-08 14:30:00+00:00,PPL,2023,REGULAR_SEASON,8.0,FC Famalicão,Vitória SC,1,3,A
441553,2023-10-08 14:45:00+00:00,DED,2023,REGULAR_SEASON,8.0,Sparta Rotterdam,PSV,0,4,A
442775,2023-10-08 15:05:00+00:00,FL1,2023,REGULAR_SEASON,8.0,Racing Club de Lens,Lille OSC,1,1,D
436013,2023-10-08 15:30:00+00:00,PL,2023,REGULAR_SEASON,8.0,Arsenal FC,Manchester City FC,1,0,H
441843,2023-10-08 15:30:00+00:00,BL1,2023,REGULAR_SEASON,7.0,FC Bayern München,SC Freiburg,3,0,H
444324,2023-10-08 16:00:00+00:00,SA,2023,REGULAR_SEASON,8.0,Cagliari Calcio,AS Roma,1,4,A
438556,2023-10-08 16:30:00+00:00,PD,2023,REGULAR_SEASON,9.0,RC Celta de Vigo,Getafe CF,2,2,D
438557,2023-10-08 16:30:00+00:00,PD,2023,REGULAR_SEASON,9.0,Deportivo Alavés,Real Betis Balompié,1,1,D
445468,2023-10-08 17:00:00+00:00,PPL,2023,REGULAR_SEASON,8.0,FC Porto,Portimonense SC,1,0,H
441847,2023-10-08 17:30:00+00:00,BL1,2023,REGULAR_SEASON,7.0,Eintracht Frankfurt,1. FC Heidenheim 1846,2,0,H
444333,2023-10-08 18:45:00+00:00,SA,2023,REGULAR_SEASON,8.0,SSC Napoli,ACF Fiorentina,1,3,A
438559,2023-10-08 19:00:00+00:00,PD,2023,REGULAR_SEASON,9.0,Granada CF,FC Barcelona,2,2,D
442778,2023-10-08 19:00:00+00:00,FL1,2023,REGULAR_SEASON,8.0,Stade Rennais FC 1901,Paris Saint-Germain FC,1,3,A
445473,2023-10-08 19:30:00+00:00,PPL,2023,REGULAR_SEASON,8.0,Sporting Clube de Portugal,FC Arouca,2,1,H
441852,2023-10-20 18:30:00+00:00,BL1,2023,REGULAR_SEASON,8.0,Borussia Dortmund,SV Werder Bremen,1,0,H
438564,2023-10-20 19:00:00+00:00,PD,2023,REGULAR_SEASON,10.0,CA Osasuna,Granada CF,2,0,H
442779,2023-10-20 19:00:00+00:00,FL1,2023,REGULAR_SEASON,9.0,Le Havre AC,Racing Club de Lens,0,0,D
436027,2023-10-21 11:30:00+00:00,PL,2023,REGULAR_SEASON,9.0,Liverpool FC,Everton FC,2,0,H
438572,2023-10-21 12:00:00+00:00,PD,2023,REGULAR_SEASON,10.0,Real Sociedad de Fútbol,RCD Mallorca,1,0,H
444337,2023-10-21 13:00:00+00:00,SA,2023,REGULAR_SEASON,9.0,Hellas Verona FC,SSC Napoli,1,3,A
441858,2023-10-21 13:30:00+00:00,BL1,2023,REGULAR_SEASON,8.0,TSG 1899 Hoffenheim,Eintracht Frankfurt,1,3,A
441855,2023-10-21 13:30:00+00:00,BL1,2023,REGULAR_SEASON,8.0,VfL Wolfsburg,Bayer 04 Leverkusen,1,2,A
441860,2023-10-21 13:30:00+00:00,BL1,2023,REGULAR_SEASON,8.0,SV Darmstadt 98,RB Leipzig,1,3,A
441853,2023-10-21 13:30:00+00:00,BL1,2023,REGULAR_SEASON,8.0,1. FC Union Berlin,VfB Stuttgart,0,3,A
441854,2023-10-21 13:30:00+00:00,BL1,2023,REGULAR_SEASON,8.0,SC Freiburg,VfL Bochum 1848,2,1,H
436029,2023-10-21 14:00:00+00:00,PL,2023,REGULAR_SEASON,9.0,Newcastle United FC,Crystal Palace FC,4,0,H
436028,2023-10-21 14:00:00+00:00,PL,2023,REGULAR_SEASON,9.0,Manchester City FC,Brighton & Hove Albion FC,2,1,H
436025,2023-10-21 14:00:00+00:00,PL,2023,REGULAR_SEASON,9.0,Brentford FC,Burnley FC,3,0,H
436023,2023-10-21 14:00:00+00:00,PL,2023,REGULAR_SEASON,9.0,AFC Bournemouth,Wolverhampton Wanderers FC,1,2,A
436030,2023-10-21 14:00:00+00:00,PL,2023,REGULAR_SEASON,9.0,Nottingham Forest FC,Luton Town FC,2,2,D
438567,2023-10-21 14:15:00+00:00,PD,2023,REGULAR_SEASON,10.0,Getafe CF,Real Betis Balompié,1,1,D
442787,2023-10-21 15:00:00+00:00,FL1,2023,REGULAR_SEASON,9.0,Paris Saint-Germain FC,RC Strasbourg Alsace,3,0,H
444342,2023-10-21 16:00:00+00:00,SA,2023,REGULAR_SEASON,9.0,Torino FC,FC Internazionale Milano,0,3,A
436026,2023-10-21 16:30:00+00:00,PL,2023,REGULAR_SEASON,9.0,Chelsea FC,Arsenal FC,2,2,D
441856,2023-10-21 16:30:00+00:00,BL1,2023,REGULAR_SEASON,8.0,1. FSV Mainz 05,FC Bayern München,1,3,A
438569,2023-10-21 16:30:00+00:00,PD,2023,REGULAR_SEASON,10.0,Sevilla FC,Real Madrid CF,1,1,D
441555,2023-10-21 16:45:00+00:00,DED,2023,REGULAR_SEASON,9.0,RKC Waalwijk,FC Volendam,2,1,H
441556,2023-10-21 16:45:00+00:00,DED,2023,REGULAR_SEASON,9.0,PSV,Fortuna Sittard,3,1,H
441558,2023-10-21 18:00:00+00:00,DED,2023,REGULAR_SEASON,9.0,NEC,Almere City FC,1,1,D
444341,2023-10-21 18:45:00+00:00,SA,2023,REGULAR_SEASON,9.0,US Sassuolo Calcio,SS Lazio,0,2,A
438565,2023-10-21 19:00:00+00:00,PD,2023,REGULAR_SEASON,10.0,RC Celta de Vigo,Club Atlético de Madrid,0,3,A
441554,2023-10-21 19:00:00+00:00,DED,2023,REGULAR_SEASON,9.0,Feyenoord Rotterdam,SBV Vitesse,4,0,H
441557,2023-10-21 19:00:00+00:00,DED,2023,REGULAR_SEASON,9.0,AZ,SC Heerenveen,3,0,H
436031,2023-10-21 19:00:00+00:00,PL,2023,REGULAR_SEASON,9.0,Sheffield United FC,Manchester United FC,1,2,A
442784,2023-10-21 19:00:00+00:00,FL1,2023,REGULAR_SEASON,9.0,OGC Nice,Olympique de Marseille,1,0,H
441559,2023-10-22 10:15:00+00:00,DED,2023,REGULAR_SEASON,9.0,FC Utrecht,AFC Ajax,4,3,H
444339,2023-10-22 10:30:00+00:00,SA,2023,REGULAR_SEASON,9.0,AS Roma,AC Monza,1,0,H
442781,2023-10-22 11:00:00+00:00,FL1,2023,REGULAR_SEASON,9.0,FC Lorient,Stade Rennais FC 1901,2,1,H
438573,2023-10-22 12:00:00+00:00,PD,2023,REGULAR_SEASON,10.0,UD Las Palmas,Rayo Vallecano de Madrid,0,1,A
441561,2023-10-22 12:30:00+00:00,DED,2023,REGULAR_SEASON,9.0,SBV Excelsior,PEC Zwolle,2,4,A
441560,2023-10-22 12:30:00+00:00,DED,2023,REGULAR_SEASON,9.0,Heracles Almelo,FC Twente '65,2,2,D
444340,2023-10-22 13:00:00+00:00,SA,2023,REGULAR_SEASON,9.0,US Salernitana 1919,Cagliari Calcio,2,2,D
442786,2023-10-22 13:00:00+00:00,FL1,2023,REGULAR_SEASON,9.0,Lille OSC,Stade Brestois 29,1,0,H
442782,2023-10-22 13:00:00+00:00,FL1,2023,REGULAR_SEASON,9.0,FC Nantes,Montpellier HSC,2,0,H
442783,2023-10-22 13:00:00+00:00,FL1,2023,REGULAR_SEASON,9.0,Toulouse FC,Stade de Reims,1,1,D
444335,2023-10-22 13:00:00+00:00,SA,2023,REGULAR_SEASON,9.0,Bologna FC 1909,Frosinone Calcio,2,1,H
441857,2023-10-22 13:30:00+00:00,BL1,2023,REGULAR_SEASON,8.0,1. FC Köln,Borussia Mönchengladbach,3,1,H
438568,2023-10-22 14:15:00+00:00,PD,2023,REGULAR_SEASON,10.0,Girona FC,UD Almería,5,2,H
441562,2023-10-22 14:45:00+00:00,DED,2023,REGULAR_SEASON,9.0,Go Ahead Eagles,Sparta Rotterdam,0,0,D
442780,2023-10-22 15:05:00+00:00,FL1,2023,REGULAR_SEASON,9.0,AS Monaco FC,FC Metz,2,1,H
441859,2023-10-22 15:30:00+00:00,BL1,2023,REGULAR_SEASON,8.0,1. FC Heidenheim 1846,FC Augsburg,2,5,A
436024,2023-10-22 15:30:00+00:00,PL,2023,REGULAR_SEASON,9.0,Aston Villa FC,West Ham United FC,4,1,H
444334,2023-10-22 16:00:00+00:00,SA,2023,REGULAR_SEASON,9.0,Atalanta BC,Genoa CFC,2,0,H
438571,2023-10-22 16:30:00+00:00,PD,2023,REGULAR_SEASON,10.0,Villarreal CF,Deportivo Alavés,1,1,D
442785,2023-10-22 18:45:00+00:00,FL1,2023,REGULAR_SEASON,9.0,Olympique Lyonnais,Clermont Foot 63,1,2,A
444338,2023-10-22 18:45:00+00:00,SA,2023,REGULAR_SEASON,9.0,AC Milan,Juventus FC,0,1,A
438566,2023-10-22 19:00:00+00:00,PD,2023,REGULAR_SEASON,10.0,FC Barcelona,Athletic Club,1,0,H
444343,2023-10-23 16:30:00+00:00,SA,2023,REGULAR_SEASON,9.0,Udinese Calcio,US Lecce,1,1,D
444336,2023-10-23 18:45:00+00:00,SA,2023,REGULAR_SEASON,9.0,ACF Fiorentina,Empoli FC,0,2,A
436032,2023-10-23 19:00:00+00:00,PL,2023,REGULAR_SEASON,9.0,Tottenham Hotspur FC,Fulham FC,2,0,H
438570,2023-10-23 19:00:00+00:00,PD,2023,REGULAR_SEASON,10.0,Valencia CF,Cádiz CF,2,0,H
451564,2023-10-24 16:45:00+00:00,CL,2023,GROUP_STAGE,3.0,Galatasaray SK,FC Bayern München,1,3,A
451597,2023-10-24 16:45:00+00:00,CL,2023,GROUP_STAGE,3.0,FC Internazionale Milano,FC Red Bull Salzburg,2,1,H
451608,2023-10-24 19:00:00+00:00,CL,2023,GROUP_STAGE,3.0,Sport Lisboa e Benfica,Real Sociedad de Fútbol,0,1,A
451578,2023-10-24 19:00:00+00:00,CL,2023,GROUP_STAGE,3.0,Sevilla FC,Arsenal FC,1,2,A
451592,2023-10-24 19:00:00+00:00,CL,2023,GROUP_STAGE,3.0,Sporting Clube de Braga,Real Madrid CF,1,2,A
451589,2023-10-24 19:00:00+00:00,CL,2023,GROUP_STAGE,3.0,1. FC Union Berlin,SSC Napoli,0,1,A
451580,2023-10-24 19:00:00+00:00,CL,2023,GROUP_STAGE,3.0,Racing Club de Lens,PSV,1,1,D
451570,2023-10-24 19:00:00+00:00,CL,2023,GROUP_STAGE,3.0,Manchester United FC,FC København,1,0,H
451619,2023-10-25 16:45:00+00:00,CL,2023,GROUP_STAGE,3.0,Feyenoord Rotterdam,SS Lazio,3,1,H
451649,2023-10-25 16:45:00+00:00,CL,2023,GROUP_STAGE,3.0,FC Barcelona,FK Shakhtar Donetsk,2,1,H
451635,2023-10-25 19:00:00+00:00,CL,2023,GROUP_STAGE,3.0,BSC Young Boys,Manchester City FC,1,3,A
451610,2023-10-25 19:00:00+00:00,CL,2023,GROUP_STAGE,3.0,Celtic FC,Club Atlético de Madrid,2,2,D
451626,2023-10-25 19:00:00+00:00,CL,2023,GROUP_STAGE,3.0,Paris Saint-Germain FC,AC Milan,3,0,H
451642,2023-10-25 19:00:00+00:00,CL,2023,GROUP_STAGE,3.0,RB Leipzig,FK Crvena Zvezda,3,1,H
451652,2023-10-25 19:00:00+00:00,CL,2023,GROUP_STAGE,3.0,Royal Antwerp FC,FC Porto,1,4,A
451628,2023-10-25 19:00:00+00:00,CL,2023,GROUP_STAGE,3.0,Newcastle United FC,Borussia Dortmund,0,1,A
441563,2023-10-27 18:00:00+00:00,DED,2023,REGULAR_SEASON,10.0,SBV Vitesse,PEC Zwolle,1,1,D
441867,2023-10-27 18:30:00+00:00,BL1,2023,REGULAR_SEASON,9.0,VfL Bochum 1848,1. FSV Mainz 05,2,2,D
444346,2023-10-27 18:45:00+00:00,SA,2023,REGULAR_SEASON,10.0,Genoa CFC,US Salernitana 1919,1,0,H
438579,2023-10-27 19:00:00+00:00,PD,2023,REGULAR_SEASON,11.0,Girona FC,RC Celta de Vigo,1,0,H
436038,2023-10-27 19:00:00+00:00,PL,2023,REGULAR_SEASON,10.0,Crystal Palace FC,Tottenham Hotspur FC,1,2,A
442788,2023-10-27 19:00:00+00:00,FL1,2023,REGULAR_SEASON,10.0,Clermont Foot 63,OGC Nice,0,1,A
445477,2023-10-27 19:15:00+00:00,PPL,2023,REGULAR_SEASON,9.0,FC Arouca,Moreirense FC,0,1,A
436037,2023-10-28 11:30:00+00:00,PL,2023,REGULAR_SEASON,10.0,Chelsea FC,Brentford FC,0,2,A
438583,2023-10-28 12:00:00+00:00,PD,2023,REGULAR_SEASON,11.0,UD Almería,UD Las Palmas,1,2,A
444353,2023-10-28 13:00:00+00:00,SA,2023,REGULAR_SEASON,10.0,US Sassuolo Calcio,Bologna FC 1909,1,1,D
441868,2023-10-28 13:30:00+00:00,BL1,2023,REGULAR_SEASON,9.0,FC Augsburg,VfL Wolfsburg,3,2,H
441861,2023-10-28 13:30:00+00:00,BL1,2023,REGULAR_SEASON,9.0,FC Bayern München,SV Darmstadt 98,8,0,H
441865,2023-10-28 13:30:00+00:00,BL1,2023,REGULAR_SEASON,9.0,Borussia Mönchengladbach,1. FC Heidenheim 1846,2,1,H
441866,2023-10-28 13:30:00+00:00,BL1,2023,REGULAR_SEASON,9.0,SV Werder Bremen,1. FC Union Berlin,2,0,H
441869,2023-10-28 13:30:00+00:00,BL1,2023,REGULAR_SEASON,9.0,VfB Stuttgart,TSG 1899 Hoffenheim,2,3,A
436034,2023-10-28 14:00:00+00:00,PL,2023,REGULAR_SEASON,10.0,Arsenal FC,Sheffield United FC,5,0,H
436033,2023-10-28 14:00:00+00:00,PL,2023,REGULAR_SEASON,10.0,AFC Bournemouth,Burnley FC,2,1,H
438577,2023-10-28 14:15:00+00:00,PD,2023,REGULAR_SEASON,11.0,FC Barcelona,Real Madrid CF,1,2,A
445481,2023-10-28 14:30:00+00:00,PPL,2023,REGULAR_SEASON,9.0,Portimonense SC,GD Estoril Praia,1,0,H
442795,2023-10-28 15:00:00+00:00,FL1,2023,REGULAR_SEASON,10.0,Stade de Reims,FC Lorient,1,0,H
444350,2023-10-28 16:00:00+00:00,SA,2023,REGULAR_SEASON,10.0,US Lecce,Torino FC,0,1,A
438582,2023-10-28 16:30:00+00:00,PD,2023,REGULAR_SEASON,11.0,RCD Mallorca,Getafe CF,0,0,D
436042,2023-10-28 16:30:00+00:00,PL,2023,REGULAR_SEASON,10.0,Wolverhampton Wanderers FC,Newcastle United FC,2,2,D
441862,2023-10-28 16:30:00+00:00,BL1,2023,REGULAR_SEASON,9.0,RB Leipzig,1. FC Köln,6,0,H
441565,2023-10-28 16:45:00+00:00,DED,2023,REGULAR_SEASON,10.0,SC Heerenveen,Heracles Almelo,3,0,H
445474,2023-10-28 17:00:00+00:00,PPL,2023,REGULAR_SEASON,9.0,Sport Lisboa e Benfica,Casa Pia AC,1,1,D
445482,2023-10-28 17:00:00+00:00,PPL,2023,REGULAR_SEASON,9.0,Vitória SC,GD Chaves,5,0,H
441564,2023-10-28 18:00:00+00:00,DED,2023,REGULAR_SEASON,10.0,Almere City FC,Go Ahead Eagles,0,0,D
441566,2023-10-28 18:00:00+00:00,DED,2023,REGULAR_SEASON,10.0,Sparta Rotterdam,RKC Waalwijk,2,0,H
444348,2023-10-28 18:45:00+00:00,SA,2023,REGULAR_SEASON,10.0,Juventus FC,Hellas Verona FC,1,0,H
442793,2023-10-28 19:00:00+00:00,FL1,2023,REGULAR_SEASON,10.0,Racing Club de Lens,FC Nantes,4,0,H
438578,2023-10-28 19:00:00+00:00,PD,2023,REGULAR_SEASON,11.0,Cádiz CF,Sevilla FC,2,2,D
441567,2023-10-28 19:00:00+00:00,DED,2023,REGULAR_SEASON,10.0,Fortuna Sittard,FC Utrecht,0,0,D
445480,2023-10-28 19:30:00+00:00,PPL,2023,REGULAR_SEASON,9.0,Gil Vicente FC,Sporting Clube de Braga,3,3,D
441568,2023-10-29 11:15:00+00:00,DED,2023,REGULAR_SEASON,10.0,FC Twente '65,Feyenoord Rotterdam,2,1,H
444344,2023-10-29 11:30:00+00:00,SA,2023,REGULAR_SEASON,10.0,Cagliari Calcio,Frosinone Calcio,4,3,H
442794,2023-10-29 12:00:00+00:00,FL1,2023,REGULAR_SEASON,10.0,Stade Brestois 29,Paris Saint-Germain FC,2,3,A
438576,2023-10-29 13:00:00+00:00,PD,2023,REGULAR_SEASON,11.0,Real Betis Balompié,CA Osasuna,2,1,H
436041,2023-10-29 13:00:00+00:00,PL,2023,REGULAR_SEASON,10.0,West Ham United FC,Everton FC,0,1,A
441570,2023-10-29 13:30:00+00:00,DED,2023,REGULAR_SEASON,10.0,PSV,AFC Ajax,5,2,H
441569,2023-10-29 13:30:00+00:00,DED,2023,REGULAR_SEASON,10.0,FC Volendam,SBV Excelsior,3,1,H
442792,2023-10-29 14:00:00+00:00,FL1,2023,REGULAR_SEASON,10.0,Lille OSC,AS Monaco FC,2,0,H
442789,2023-10-29 14:00:00+00:00,FL1,2023,REGULAR_SEASON,10.0,FC Metz,Le Havre AC,0,0,D
442790,2023-10-29 14:00:00+00:00,FL1,2023,REGULAR_SEASON,10.0,Montpellier HSC,Toulouse FC,3,0,H
444351,2023-10-29 14:00:00+00:00,SA,2023,REGULAR_SEASON,10.0,AC Monza,Udinese Calcio,1,1,D
436036,2023-10-29 14:00:00+00:00,PL,2023,REGULAR_SEASON,10.0,Brighton & Hove Albion FC,Fulham FC,1,1,D
436039,2023-10-29 14:00:00+00:00,PL,2023,REGULAR_SEASON,10.0,Liverpool FC,Nottingham Forest FC,3,0,H
436035,2023-10-29 14:00:00+00:00,PL,2023,REGULAR_SEASON,10.0,Aston Villa FC,Luton Town FC,3,1,H
441864,2023-10-29 14:30:00+00:00,BL1,2023,REGULAR_SEASON,9.0,Eintracht Frankfurt,Borussia Dortmund,3,3,D
438581,2023-10-29 15:15:00+00:00,PD,2023,REGULAR_SEASON,11.0,Rayo Vallecano de Madrid,Real Sociedad de Fútbol,2,2,D
436040,2023-10-29 15:30:00+00:00,PL,2023,REGULAR_SEASON,10.0,Manchester United FC,Manchester City FC,0,3,A
445478,2023-10-29 15:30:00+00:00,PPL,2023,REGULAR_SEASON,9.0,Rio Ave FC,SC Farense,3,4,A
442796,2023-10-29 16:05:00+00:00,FL1,2023,REGULAR_SEASON,10.0,Stade Rennais FC 1901,RC Strasbourg Alsace,1,1,D
441863,2023-10-29 16:30:00+00:00,BL1,2023,REGULAR_SEASON,9.0,Bayer 04 Leverkusen,SC Freiburg,2,1,H
444347,2023-10-29 17:00:00+00:00,SA,2023,REGULAR_SEASON,10.0,FC Internazionale Milano,AS Roma,1,0,H
438574,2023-10-29 17:30:00+00:00,PD,2023,REGULAR_SEASON,11.0,Athletic Club,Valencia CF,2,2,D
445476,2023-10-29 18:00:00+00:00,PPL,2023,REGULAR_SEASON,9.0,CF Estrela da Amadora,FC Famalicão,1,0,H
444352,2023-10-29 19:45:00+00:00,SA,2023,REGULAR_SEASON,10.0,SSC Napoli,AC Milan,2,2,D
438575,2023-10-29 20:00:00+00:00,PD,2023,REGULAR_SEASON,11.0,Club Atlético de Madrid,Deportivo Alavés,2,1,H
445479,2023-10-29 20:30:00+00:00,PPL,2023,REGULAR_SEASON,9.0,FC Vizela,FC Porto,0,2,A
444345,2023-10-30 17:30:00+00:00,SA,2023,REGULAR_SEASON,10.0,Empoli FC,Atalanta BC,0,3,A
444349,2023-10-30 19:45:00+00:00,SA,2023,REGULAR_SEASON,10.0,SS Lazio,ACF Fiorentina,1,0,H
438580,2023-10-30 20:00:00+00:00,PD,2023,REGULAR_SEASON,11.0,Granada CF,Villarreal CF,2,3,A
445475,2023-10-30 20:15:00+00:00,PPL,2023,REGULAR_SEASON,9.0,Boavista FC,Sporting Clube de Portugal,0,2,A
441507,2023-11-02 19:00:00+00:00,DED,2023,REGULAR_SEASON,3.0,AFC Ajax,FC Volendam,2,0,H
441878,2023-11-03 19:30:00+00:00,BL1,2023,REGULAR_SEASON,10.0,SV Darmstadt 98,VfL Bochum 1848,1,2,A
444355,2023-11-03 19:45:00+00:00,SA,2023,REGULAR_SEASON,11.0,Bologna FC 1909,SS Lazio,1,0,H
438593,2023-11-03 20:00:00+00:00,PD,2023,REGULAR_SEASON,12.0,UD Las Palmas,Club Atlético de Madrid,2,1,H
442804,2023-11-03 20:00:00+00:00,FL1,2023,REGULAR_SEASON,11.0,Paris Saint-Germain FC,Montpellier HSC,3,0,H
445486,2023-11-03 20:15:00+00:00,PPL,2023,REGULAR_SEASON,10.0,FC Porto,GD Estoril Praia,0,1,A
436046,2023-11-04 12:30:00+00:00,PL,2023,REGULAR_SEASON,11.0,Fulham FC,Manchester United FC,0,1,A
438585,2023-11-04 13:00:00+00:00,PD,2023,REGULAR_SEASON,12.0,CA Osasuna,Girona FC,2,4,A
444362,2023-11-04 14:00:00+00:00,SA,2023,REGULAR_SEASON,11.0,US Salernitana 1919,SSC Napoli,0,2,A
441871,2023-11-04 14:30:00+00:00,BL1,2023,REGULAR_SEASON,10.0,1. FC Union Berlin,Eintracht Frankfurt,0,3,A
441874,2023-11-04 14:30:00+00:00,BL1,2023,REGULAR_SEASON,10.0,1. FSV Mainz 05,RB Leipzig,2,0,H
441875,2023-11-04 14:30:00+00:00,BL1,2023,REGULAR_SEASON,10.0,1. FC Köln,FC Augsburg,1,1,D
441872,2023-11-04 14:30:00+00:00,BL1,2023,REGULAR_SEASON,10.0,SC Freiburg,Borussia Mönchengladbach,3,3,D
441876,2023-11-04 14:30:00+00:00,BL1,2023,REGULAR_SEASON,10.0,TSG 1899 Hoffenheim,Bayer 04 Leverkusen,2,3,A
436044,2023-11-04 15:00:00+00:00,PL,2023,REGULAR_SEASON,11.0,Burnley FC,Crystal Palace FC,0,2,A
436043,2023-11-04 15:00:00+00:00,PL,2023,REGULAR_SEASON,11.0,Brentford FC,West Ham United FC,3,2,H
436048,2023-11-04 15:00:00+00:00,PL,2023,REGULAR_SEASON,11.0,Manchester City FC,AFC Bournemouth,6,1,H
436045,2023-11-04 15:00:00+00:00,PL,2023,REGULAR_SEASON,11.0,Everton FC,Brighton & Hove Albion FC,1,1,D
436051,2023-11-04 15:00:00+00:00,PL,2023,REGULAR_SEASON,11.0,Sheffield United FC,Wolverhampton Wanderers FC,2,1,H
438584,2023-11-04 15:15:00+00:00,PD,2023,REGULAR_SEASON,12.0,Real Betis Balompié,RCD Mallorca,2,0,H
445488,2023-11-04 15:30:00+00:00,PPL,2023,REGULAR_SEASON,10.0,GD Chaves,Sport Lisboa e Benfica,0,2,A
441576,2023-11-04 15:30:00+00:00,DED,2023,REGULAR_SEASON,11.0,Heracles Almelo,PSV,0,6,A
442798,2023-11-04 16:00:00+00:00,FL1,2023,REGULAR_SEASON,11.0,FC Lorient,Racing Club de Lens,0,0,D
444354,2023-11-04 17:00:00+00:00,SA,2023,REGULAR_SEASON,11.0,Atalanta BC,FC Internazionale Milano,1,2,A
441870,2023-11-04 17:30:00+00:00,BL1,2023,REGULAR_SEASON,10.0,Borussia Dortmund,FC Bayern München,0,4,A
436049,2023-11-04 17:30:00+00:00,PL,2023,REGULAR_SEASON,11.0,Newcastle United FC,Arsenal FC,1,0,H
438586,2023-11-04 17:30:00+00:00,PD,2023,REGULAR_SEASON,12.0,RC Celta de Vigo,Sevilla FC,1,1,D
441574,2023-11-04 17:45:00+00:00,DED,2023,REGULAR_SEASON,11.0,SBV Excelsior,AZ,1,1,D
441573,2023-11-04 17:45:00+00:00,DED,2023,REGULAR_SEASON,11.0,RKC Waalwijk,Feyenoord Rotterdam,1,2,A
445484,2023-11-04 18:00:00+00:00,PPL,2023,REGULAR_SEASON,10.0,FC Famalicão,Gil Vicente FC,3,1,H
444360,2023-11-04 19:45:00+00:00,SA,2023,REGULAR_SEASON,11.0,AC Milan,Udinese Calcio,0,1,A
438592,2023-11-04 20:00:00+00:00,PD,2023,REGULAR_SEASON,12.0,Real Sociedad de Fútbol,FC Barcelona,0,1,A
441575,2023-11-04 20:00:00+00:00,DED,2023,REGULAR_SEASON,11.0,Go Ahead Eagles,SBV Vitesse,5,1,H
442803,2023-11-04 20:00:00+00:00,FL1,2023,REGULAR_SEASON,11.0,Olympique de Marseille,Lille OSC,0,0,D
445490,2023-11-04 20:30:00+00:00,PPL,2023,REGULAR_SEASON,10.0,Sporting Clube de Braga,Portimonense SC,6,1,H
441577,2023-11-05 11:15:00+00:00,DED,2023,REGULAR_SEASON,11.0,FC Utrecht,FC Twente '65,1,1,D
444359,2023-11-05 11:30:00+00:00,SA,2023,REGULAR_SEASON,11.0,Hellas Verona FC,AC Monza,1,3,A
442802,2023-11-05 12:00:00+00:00,FL1,2023,REGULAR_SEASON,11.0,Olympique Lyonnais,FC Metz,1,1,D
438587,2023-11-05 13:00:00+00:00,PD,2023,REGULAR_SEASON,12.0,Deportivo Alavés,UD Almería,1,0,H
441579,2023-11-05 13:30:00+00:00,DED,2023,REGULAR_SEASON,11.0,NEC,FC Volendam,3,3,D
441578,2023-11-05 13:30:00+00:00,DED,2023,REGULAR_SEASON,11.0,PEC Zwolle,Fortuna Sittard,2,0,H
442800,2023-11-05 14:00:00+00:00,FL1,2023,REGULAR_SEASON,11.0,Toulouse FC,Le Havre AC,1,2,A
442805,2023-11-05 14:00:00+00:00,FL1,2023,REGULAR_SEASON,11.0,RC Strasbourg Alsace,Clermont Foot 63,0,0,D
442799,2023-11-05 14:00:00+00:00,FL1,2023,REGULAR_SEASON,11.0,FC Nantes,Stade de Reims,0,1,A
444356,2023-11-05 14:00:00+00:00,SA,2023,REGULAR_SEASON,11.0,Cagliari Calcio,Genoa CFC,2,1,H
436050,2023-11-05 14:00:00+00:00,PL,2023,REGULAR_SEASON,11.0,Nottingham Forest FC,Aston Villa FC,2,0,H
441873,2023-11-05 14:30:00+00:00,BL1,2023,REGULAR_SEASON,10.0,VfL Wolfsburg,SV Werder Bremen,2,2,D
438589,2023-11-05 15:15:00+00:00,PD,2023,REGULAR_SEASON,12.0,Valencia CF,Granada CF,1,0,H
445483,2023-11-05 15:30:00+00:00,PPL,2023,REGULAR_SEASON,10.0,Casa Pia AC,FC Vizela,0,1,A
445485,2023-11-05 15:30:00+00:00,PPL,2023,REGULAR_SEASON,10.0,Moreirense FC,Vitória SC,1,0,H
441572,2023-11-05 15:45:00+00:00,DED,2023,REGULAR_SEASON,11.0,AFC Ajax,SC Heerenveen,4,1,H
441580,2023-11-05 15:45:00+00:00,DED,2023,REGULAR_SEASON,11.0,Sparta Rotterdam,Almere City FC,1,2,A
442797,2023-11-05 16:05:00+00:00,FL1,2023,REGULAR_SEASON,11.0,AS Monaco FC,Stade Brestois 29,2,0,H
436047,2023-11-05 16:30:00+00:00,PL,2023,REGULAR_SEASON,11.0,Luton Town FC,Liverpool FC,1,1,D
441877,2023-11-05 16:30:00+00:00,BL1,2023,REGULAR_SEASON,10.0,1. FC Heidenheim 1846,VfB Stuttgart,2,0,H
444361,2023-11-05 17:00:00+00:00,SA,2023,REGULAR_SEASON,11.0,AS Roma,US Lecce,2,1,H
438590,2023-11-05 17:30:00+00:00,PD,2023,REGULAR_SEASON,12.0,Villarreal CF,Athletic Club,2,3,A
445487,2023-11-05 18:00:00+00:00,PPL,2023,REGULAR_SEASON,10.0,Rio Ave FC,Boavista FC,2,0,H
444357,2023-11-05 19:45:00+00:00,SA,2023,REGULAR_SEASON,11.0,ACF Fiorentina,Juventus FC,0,1,A
442801,2023-11-05 19:45:00+00:00,FL1,2023,REGULAR_SEASON,11.0,OGC Nice,Stade Rennais FC 1901,2,0,H
438591,2023-11-05 20:00:00+00:00,PD,2023,REGULAR_SEASON,12.0,Real Madrid CF,Rayo Vallecano de Madrid,0,0,D
445491,2023-11-05 20:30:00+00:00,PPL,2023,REGULAR_SEASON,10.0,Sporting Clube de Portugal,CF Estrela da Amadora,3,2,H
444358,2023-11-06 17:30:00+00:00,SA,2023,REGULAR_SEASON,11.0,Frosinone Calcio,Empoli FC,2,1,H
444363,2023-11-06 19:45:00+00:00,SA,2023,REGULAR_SEASON,11.0,Torino FC,US Sassuolo Calcio,2,1,H
436052,2023-11-06 20:00:00+00:00,PL,2023,REGULAR_SEASON,11.0,Tottenham Hotspur FC,Chelsea FC,1,4,A
438588,2023-11-06 20:00:00+00:00,PD,2023,REGULAR_SEASON,12.0,Getafe CF,Cádiz CF,1,0,H
445489,2023-11-06 20:15:00+00:00,PPL,2023,REGULAR_SEASON,10.0,SC Farense,FC Arouca,2,0,H
451627,2023-11-07 17:45:00+00:00,CL,2023,GROUP_STAGE,4.0,Borussia Dortmund,Newcastle United FC,2,0,H
451650,2023-11-07 17:45:00+00:00,CL,2023,GROUP_STAGE,4.0,FK Shakhtar Donetsk,FC Barcelona,1,0,H
451636,2023-11-07 20:00:00+00:00,CL,2023,GROUP_STAGE,4.0,Manchester City FC,BSC Young Boys,3,0,H
451651,2023-11-07 20:00:00+00:00,CL,2023,GROUP_STAGE,4.0,FC Porto,Royal Antwerp FC,2,0,H
451609,2023-11-07 20:00:00+00:00,CL,2023,GROUP_STAGE,4.0,Club Atlético de Madrid,Celtic FC,6,0,H
451620,2023-11-07 20:00:00+00:00,CL,2023,GROUP_STAGE,4.0,SS Lazio,Feyenoord Rotterdam,1,0,H
451625,2023-11-07 20:00:00+00:00,CL,2023,GROUP_STAGE,4.0,AC Milan,Paris Saint-Germain FC,2,1,H
451641,2023-11-07 20:00:00+00:00,CL,2023,GROUP_STAGE,4.0,FK Crvena Zvezda,RB Leipzig,1,2,A
451590,2023-11-08 17:45:00+00:00,CL,2023,GROUP_STAGE,4.0,SSC Napoli,1. FC Union Berlin,1,1,D
451607,2023-11-08 17:45:00+00:00,CL,2023,GROUP_STAGE,4.0,Real Sociedad de Fútbol,Sport Lisboa e Benfica,3,1,H
451577,2023-11-08 20:00:00+00:00,CL,2023,GROUP_STAGE,4.0,Arsenal FC,Sevilla FC,2,0,H
451569,2023-11-08 20:00:00+00:00,CL,2023,GROUP_STAGE,4.0,FC København,Manchester United FC,4,3,H
451579,2023-11-08 20:00:00+00:00,CL,2023,GROUP_STAGE,4.0,PSV,Racing Club de Lens,1,0,H
451598,2023-11-08 20:00:00+00:00,CL,2023,GROUP_STAGE,4.0,FC Red Bull Salzburg,FC Internazionale Milano,0,1,A
451591,2023-11-08 20:00:00+00:00,CL,2023,GROUP_STAGE,4.0,Real Madrid CF,Sporting Clube de Braga,3,0,H
451563,2023-11-08 20:00:00+00:00,CL,2023,GROUP_STAGE,4.0,FC Bayern München,Galatasaray SK,2,1,H
444372,2023-11-10 17:30:00+00:00,SA,2023,REGULAR_SEASON,12.0,US Sassuolo Calcio,US Salernitana 1919,2,2,D
441581,2023-11-10 19:00:00+00:00,DED,2023,REGULAR_SEASON,12.0,Fortuna Sittard,Heracles Almelo,4,1,H
441882,2023-11-10 19:30:00+00:00,BL1,2023,REGULAR_SEASON,11.0,Borussia Mönchengladbach,VfL Wolfsburg,4,0,H
444365,2023-11-10 19:45:00+00:00,SA,2023,REGULAR_SEASON,12.0,Genoa CFC,Hellas Verona FC,1,0,H
442809,2023-11-10 20:00:00+00:00,FL1,2023,REGULAR_SEASON,12.0,Montpellier HSC,OGC Nice,0,0,D
438594,2023-11-10 20:00:00+00:00,PD,2023,REGULAR_SEASON,13.0,Athletic Club,RC Celta de Vigo,4,3,H
445497,2023-11-10 20:15:00+00:00,PPL,2023,REGULAR_SEASON,11.0,GD Estoril Praia,Casa Pia AC,4,0,H
436062,2023-11-11 12:30:00+00:00,PL,2023,REGULAR_SEASON,12.0,Wolverhampton Wanderers FC,Tottenham Hotspur FC,2,1,H
438600,2023-11-11 13:00:00+00:00,PD,2023,REGULAR_SEASON,13.0,Rayo Vallecano de Madrid,Girona FC,1,2,A
444369,2023-11-11 14:00:00+00:00,SA,2023,REGULAR_SEASON,12.0,US Lecce,AC Milan,2,2,D
441885,2023-11-11 14:30:00+00:00,BL1,2023,REGULAR_SEASON,11.0,FC Augsburg,TSG 1899 Hoffenheim,1,1,D
441886,2023-11-11 14:30:00+00:00,BL1,2023,REGULAR_SEASON,11.0,VfB Stuttgart,Borussia Dortmund,2,1,H
441887,2023-11-11 14:30:00+00:00,BL1,2023,REGULAR_SEASON,11.0,SV Darmstadt 98,1. FSV Mainz 05,0,0,D
441879,2023-11-11 14:30:00+00:00,BL1,2023,REGULAR_SEASON,11.0,FC Bayern München,1. FC Heidenheim 1846,4,2,H
436054,2023-11-11 15:00:00+00:00,PL,2023,REGULAR_SEASON,12.0,Arsenal FC,Burnley FC,3,1,H
436060,2023-11-11 15:00:00+00:00,PL,2023,REGULAR_SEASON,12.0,Manchester United FC,Luton Town FC,1,0,H
436058,2023-11-11 15:00:00+00:00,PL,2023,REGULAR_SEASON,12.0,Crystal Palace FC,Everton FC,2,3,A
438603,2023-11-11 15:15:00+00:00,PD,2023,REGULAR_SEASON,13.0,UD Almería,Real Sociedad de Fútbol,1,3,A
445499,2023-11-11 15:30:00+00:00,PPL,2023,REGULAR_SEASON,11.0,Portimonense SC,GD Chaves,2,1,H
442813,2023-11-11 16:00:00+00:00,FL1,2023,REGULAR_SEASON,12.0,Stade de Reims,Paris Saint-Germain FC,0,3,A
444367,2023-11-11 17:00:00+00:00,SA,2023,REGULAR_SEASON,12.0,Juventus FC,Cagliari Calcio,2,1,H
438596,2023-11-11 17:30:00+00:00,PD,2023,REGULAR_SEASON,13.0,CA Osasuna,UD Las Palmas,1,1,D
438598,2023-11-11 17:30:00+00:00,PD,2023,REGULAR_SEASON,13.0,Granada CF,Getafe CF,1,1,D
436053,2023-11-11 17:30:00+00:00,PL,2023,REGULAR_SEASON,12.0,AFC Bournemouth,Newcastle United FC,2,0,H
441884,2023-11-11 17:30:00+00:00,BL1,2023,REGULAR_SEASON,11.0,VfL Bochum 1848,1. FC Köln,1,1,D
441584,2023-11-11 17:45:00+00:00,DED,2023,REGULAR_SEASON,12.0,RKC Waalwijk,Go Ahead Eagles,0,1,A
445496,2023-11-11 18:00:00+00:00,PPL,2023,REGULAR_SEASON,11.0,FC Vizela,FC Famalicão,0,0,D
445494,2023-11-11 18:00:00+00:00,PPL,2023,REGULAR_SEASON,11.0,CF Estrela da Amadora,Moreirense FC,0,1,A
441586,2023-11-11 19:00:00+00:00,DED,2023,REGULAR_SEASON,12.0,FC Twente '65,NEC,3,3,D
444370,2023-11-11 19:45:00+00:00,SA,2023,REGULAR_SEASON,12.0,AC Monza,Torino FC,1,1,D
441582,2023-11-11 20:00:00+00:00,DED,2023,REGULAR_SEASON,12.0,SBV Vitesse,SC Heerenveen,1,3,A
442806,2023-11-11 20:00:00+00:00,FL1,2023,REGULAR_SEASON,12.0,Le Havre AC,AS Monaco FC,0,0,D
438602,2023-11-11 20:00:00+00:00,PD,2023,REGULAR_SEASON,13.0,Real Madrid CF,Valencia CF,5,1,H
445500,2023-11-11 20:30:00+00:00,PPL,2023,REGULAR_SEASON,11.0,Vitória SC,FC Porto,1,2,A
441583,2023-11-12 11:15:00+00:00,DED,2023,REGULAR_SEASON,12.0,PSV,PEC Zwolle,4,0,H
444371,2023-11-12 11:30:00+00:00,SA,2023,REGULAR_SEASON,12.0,SSC Napoli,Empoli FC,0,1,A
441587,2023-11-12 13:30:00+00:00,DED,2023,REGULAR_SEASON,12.0,Almere City FC,AFC Ajax,2,2,D
441585,2023-11-12 13:30:00+00:00,DED,2023,REGULAR_SEASON,12.0,FC Volendam,Sparta Rotterdam,1,4,A
436056,2023-11-12 14:00:00+00:00,PL,2023,REGULAR_SEASON,12.0,Brighton & Hove Albion FC,Sheffield United FC,1,1,D
436059,2023-11-12 14:00:00+00:00,PL,2023,REGULAR_SEASON,12.0,Liverpool FC,Brentford FC,3,0,H
436061,2023-11-12 14:00:00+00:00,PL,2023,REGULAR_SEASON,12.0,West Ham United FC,Nottingham Forest FC,3,2,H
436055,2023-11-12 14:00:00+00:00,PL,2023,REGULAR_SEASON,12.0,Aston Villa FC,Fulham FC,3,1,H
442807,2023-11-12 14:00:00+00:00,FL1,2023,REGULAR_SEASON,12.0,Clermont Foot 63,FC Lorient,1,0,H
444373,2023-11-12 14:00:00+00:00,SA,2023,REGULAR_SEASON,12.0,Udinese Calcio,Atalanta BC,1,1,D
444364,2023-11-12 14:00:00+00:00,SA,2023,REGULAR_SEASON,12.0,ACF Fiorentina,Bologna FC 1909,2,1,H
442810,2023-11-12 14:00:00+00:00,FL1,2023,REGULAR_SEASON,12.0,Lille OSC,Toulouse FC,1,1,D
442808,2023-11-12 14:00:00+00:00,FL1,2023,REGULAR_SEASON,12.0,FC Metz,FC Nantes,3,1,H
441881,2023-11-12 14:30:00+00:00,BL1,2023,REGULAR_SEASON,11.0,Bayer 04 Leverkusen,1. FC Union Berlin,4,0,H
438597,2023-11-12 15:15:00+00:00,PD,2023,REGULAR_SEASON,13.0,FC Barcelona,Deportivo Alavés,2,1,H
445493,2023-11-12 15:30:00+00:00,PPL,2023,REGULAR_SEASON,11.0,Boavista FC,SC Farense,1,3,A
445498,2023-11-12 15:30:00+00:00,PPL,2023,REGULAR_SEASON,11.0,Gil Vicente FC,Rio Ave FC,1,1,D
441588,2023-11-12 15:45:00+00:00,DED,2023,REGULAR_SEASON,12.0,Feyenoord Rotterdam,AZ,1,0,H
442814,2023-11-12 16:05:00+00:00,FL1,2023,REGULAR_SEASON,12.0,Stade Rennais FC 1901,Olympique Lyonnais,0,1,A
441883,2023-11-12 16:30:00+00:00,BL1,2023,REGULAR_SEASON,11.0,SV Werder Bremen,Eintracht Frankfurt,2,2,D
436057,2023-11-12 16:30:00+00:00,PL,2023,REGULAR_SEASON,12.0,Chelsea FC,Manchester City FC,4,4,D
444368,2023-11-12 17:00:00+00:00,SA,2023,REGULAR_SEASON,12.0,SS Lazio,AS Roma,0,0,D
438599,2023-11-12 17:30:00+00:00,PD,2023,REGULAR_SEASON,13.0,Sevilla FC,Real Betis Balompié,1,1,D
445495,2023-11-12 18:00:00+00:00,PPL,2023,REGULAR_SEASON,11.0,FC Arouca,Sporting Clube de Braga,0,1,A
441880,2023-11-12 18:30:00+00:00,BL1,2023,REGULAR_SEASON,11.0,RB Leipzig,SC Freiburg,3,1,H
441589,2023-11-12 19:00:00+00:00,DED,2023,REGULAR_SEASON,12.0,FC Utrecht,SBV Excelsior,2,2,D
442811,2023-11-12 19:45:00+00:00,FL1,2023,REGULAR_SEASON,12.0,Racing Club de Lens,Olympique de Marseille,1,0,H
444366,2023-11-12 19:45:00+00:00,SA,2023,REGULAR_SEASON,12.0,FC Internazionale Milano,Frosinone Calcio,2,0,H
438595,2023-11-12 20:00:00+00:00,PD,2023,REGULAR_SEASON,13.0,Club Atlético de Madrid,Villarreal CF,3,1,H
445492,2023-11-12 20:30:00+00:00,PPL,2023,REGULAR_SEASON,11.0,Sport Lisboa e Benfica,Sporting Clube de Portugal,2,1,H
441893,2023-11-24 19:30:00+00:00,BL1,2023,REGULAR_SEASON,12.0,1. FC Köln,FC Bayern München,0,1,A
442821,2023-11-24 20:00:00+00:00,FL1,2023,REGULAR_SEASON,13.0,Paris Saint-Germain FC,AS Monaco FC,5,2,H
438606,2023-11-24 20:00:00+00:00,PD,2023,REGULAR_SEASON,14.0,Deportivo Alavés,Granada CF,3,1,H
436068,2023-11-25 12:30:00+00:00,PL,2023,REGULAR_SEASON,13.0,Manchester City FC,Liverpool FC,1,1,D
438612,2023-11-25 13:00:00+00:00,PD,2023,REGULAR_SEASON,14.0,Rayo Vallecano de Madrid,FC Barcelona,1,1,D
444383,2023-11-25 14:00:00+00:00,SA,2023,REGULAR_SEASON,13.0,US Salernitana 1919,SS Lazio,2,1,H
441895,2023-11-25 14:30:00+00:00,BL1,2023,REGULAR_SEASON,12.0,SV Werder Bremen,Bayer 04 Leverkusen,0,3,A
441892,2023-11-25 14:30:00+00:00,BL1,2023,REGULAR_SEASON,12.0,VfL Wolfsburg,RB Leipzig,2,1,H
441890,2023-11-25 14:30:00+00:00,BL1,2023,REGULAR_SEASON,12.0,SC Freiburg,SV Darmstadt 98,1,1,D
441889,2023-11-25 14:30:00+00:00,BL1,2023,REGULAR_SEASON,12.0,1. FC Union Berlin,FC Augsburg,1,1,D
441888,2023-11-25 14:30:00+00:00,BL1,2023,REGULAR_SEASON,12.0,Borussia Dortmund,Borussia Mönchengladbach,4,2,H
436067,2023-11-25 15:00:00+00:00,PL,2023,REGULAR_SEASON,13.0,Luton Town FC,Crystal Palace FC,2,1,H
436071,2023-11-25 15:00:00+00:00,PL,2023,REGULAR_SEASON,13.0,Sheffield United FC,AFC Bournemouth,1,3,A
436064,2023-11-25 15:00:00+00:00,PL,2023,REGULAR_SEASON,13.0,Burnley FC,West Ham United FC,1,2,A
436070,2023-11-25 15:00:00+00:00,PL,2023,REGULAR_SEASON,13.0,Nottingham Forest FC,Brighton & Hove Albion FC,2,3,A
436069,2023-11-25 15:00:00+00:00,PL,2023,REGULAR_SEASON,13.0,Newcastle United FC,Chelsea FC,4,1,H
438610,2023-11-25 15:15:00+00:00,PD,2023,REGULAR_SEASON,14.0,Valencia CF,RC Celta de Vigo,0,0,D
441590,2023-11-25 15:30:00+00:00,DED,2023,REGULAR_SEASON,13.0,SBV Excelsior,Feyenoord Rotterdam,2,4,A
442815,2023-11-25 16:00:00+00:00,FL1,2023,REGULAR_SEASON,13.0,Clermont Foot 63,Racing Club de Lens,0,3,A
444374,2023-11-25 17:00:00+00:00,SA,2023,REGULAR_SEASON,13.0,Atalanta BC,SSC Napoli,1,2,A
436063,2023-11-25 17:30:00+00:00,PL,2023,REGULAR_SEASON,13.0,Brentford FC,Arsenal FC,0,1,A
438608,2023-11-25 17:30:00+00:00,PD,2023,REGULAR_SEASON,14.0,Getafe CF,UD Almería,2,1,H
441891,2023-11-25 17:30:00+00:00,BL1,2023,REGULAR_SEASON,12.0,Eintracht Frankfurt,VfB Stuttgart,1,2,A
441592,2023-11-25 17:45:00+00:00,DED,2023,REGULAR_SEASON,13.0,SC Heerenveen,Fortuna Sittard,3,0,H
441591,2023-11-25 17:45:00+00:00,DED,2023,REGULAR_SEASON,13.0,FC Twente '65,PSV,0,3,A
444381,2023-11-25 19:45:00+00:00,SA,2023,REGULAR_SEASON,13.0,AC Milan,ACF Fiorentina,1,0,H
441593,2023-11-25 20:00:00+00:00,DED,2023,REGULAR_SEASON,13.0,PEC Zwolle,RKC Waalwijk,1,2,A
438604,2023-11-25 20:00:00+00:00,PD,2023,REGULAR_SEASON,14.0,Club Atlético de Madrid,RCD Mallorca,1,0,H
442822,2023-11-25 20:00:00+00:00,FL1,2023,REGULAR_SEASON,13.0,RC Strasbourg Alsace,Olympique de Marseille,1,1,D
441594,2023-11-25 20:00:00+00:00,DED,2023,REGULAR_SEASON,13.0,AFC Ajax,SBV Vitesse,5,0,H
441595,2023-11-26 11:15:00+00:00,DED,2023,REGULAR_SEASON,13.0,Almere City FC,Heracles Almelo,0,5,A
444376,2023-11-26 11:30:00+00:00,SA,2023,REGULAR_SEASON,13.0,Cagliari Calcio,AC Monza,1,1,D
442819,2023-11-26 12:00:00+00:00,FL1,2023,REGULAR_SEASON,13.0,OGC Nice,Toulouse FC,1,0,H
438611,2023-11-26 13:00:00+00:00,PD,2023,REGULAR_SEASON,14.0,Villarreal CF,CA Osasuna,3,1,H
441597,2023-11-26 13:30:00+00:00,DED,2023,REGULAR_SEASON,13.0,NEC,Go Ahead Eagles,1,1,D
441596,2023-11-26 13:30:00+00:00,DED,2023,REGULAR_SEASON,13.0,AZ,FC Volendam,3,0,H
436072,2023-11-26 14:00:00+00:00,PL,2023,REGULAR_SEASON,13.0,Tottenham Hotspur FC,Aston Villa FC,1,2,A
442818,2023-11-26 14:00:00+00:00,FL1,2023,REGULAR_SEASON,13.0,Montpellier HSC,Stade Brestois 29,1,3,A
444377,2023-11-26 14:00:00+00:00,SA,2023,REGULAR_SEASON,13.0,Empoli FC,US Sassuolo Calcio,3,4,A
444378,2023-11-26 14:00:00+00:00,SA,2023,REGULAR_SEASON,13.0,Frosinone Calcio,Genoa CFC,2,1,H
442816,2023-11-26 14:00:00+00:00,FL1,2023,REGULAR_SEASON,13.0,FC Lorient,FC Metz,2,3,A
442817,2023-11-26 14:00:00+00:00,FL1,2023,REGULAR_SEASON,13.0,FC Nantes,Le Havre AC,0,0,D
441896,2023-11-26 14:30:00+00:00,BL1,2023,REGULAR_SEASON,12.0,1. FC Heidenheim 1846,VfL Bochum 1848,0,0,D
438613,2023-11-26 15:15:00+00:00,PD,2023,REGULAR_SEASON,14.0,Real Sociedad de Fútbol,Sevilla FC,2,1,H
441598,2023-11-26 15:45:00+00:00,DED,2023,REGULAR_SEASON,13.0,Sparta Rotterdam,FC Utrecht,1,2,A
442823,2023-11-26 16:05:00+00:00,FL1,2023,REGULAR_SEASON,13.0,Stade Rennais FC 1901,Stade de Reims,3,1,H
441894,2023-11-26 16:30:00+00:00,BL1,2023,REGULAR_SEASON,12.0,TSG 1899 Hoffenheim,1. FSV Mainz 05,1,1,D
436065,2023-11-26 16:30:00+00:00,PL,2023,REGULAR_SEASON,13.0,Everton FC,Manchester United FC,0,3,A
444382,2023-11-26 17:00:00+00:00,SA,2023,REGULAR_SEASON,13.0,AS Roma,Udinese Calcio,3,1,H
438607,2023-11-26 17:30:00+00:00,PD,2023,REGULAR_SEASON,14.0,Cádiz CF,Real Madrid CF,0,3,A
444380,2023-11-26 19:45:00+00:00,SA,2023,REGULAR_SEASON,13.0,Juventus FC,FC Internazionale Milano,1,1,D
442820,2023-11-26 19:45:00+00:00,FL1,2023,REGULAR_SEASON,13.0,Olympique Lyonnais,Lille OSC,0,2,A
438605,2023-11-26 20:00:00+00:00,PD,2023,REGULAR_SEASON,14.0,Real Betis Balompié,UD Las Palmas,1,0,H
444379,2023-11-27 17:30:00+00:00,SA,2023,REGULAR_SEASON,13.0,Hellas Verona FC,US Lecce,2,2,D
444375,2023-11-27 19:45:00+00:00,SA,2023,REGULAR_SEASON,13.0,Bologna FC 1909,Torino FC,2,0,H
438609,2023-11-27 20:00:00+00:00,PD,2023,REGULAR_SEASON,14.0,Girona FC,Athletic Club,1,1,D
436066,2023-11-27 20:00:00+00:00,PL,2023,REGULAR_SEASON,13.0,Fulham FC,Wolverhampton Wanderers FC,3,2,H
451618,2023-11-28 17:45:00+00:00,CL,2023,GROUP_STAGE,5.0,SS Lazio,Celtic FC,2,0,H
451656,2023-11-28 17:45:00+00:00,CL,2023,GROUP_STAGE,5.0,FK Shakhtar Donetsk,Royal Antwerp FC,1,0,H
451645,2023-11-28 20:00:00+00:00,CL,2023,GROUP_STAGE,5.0,FC Barcelona,FC Porto,2,1,H
451612,2023-11-28 20:00:00+00:00,CL,2023,GROUP_STAGE,5.0,Feyenoord Rotterdam,Club Atlético de Madrid,1,3,A
451621,2023-11-28 20:00:00+00:00,CL,2023,GROUP_STAGE,5.0,AC Milan,Borussia Dortmund,1,3,A
451632,2023-11-28 20:00:00+00:00,CL,2023,GROUP_STAGE,5.0,Paris Saint-Germain FC,Newcastle United FC,1,1,D
451633,2023-11-28 20:00:00+00:00,CL,2023,GROUP_STAGE,5.0,BSC Young Boys,FK Crvena Zvezda,2,0,H
451643,2023-11-28 20:00:00+00:00,CL,2023,GROUP_STAGE,5.0,Manchester City FC,RB Leipzig,3,2,H
451571,2023-11-29 17:45:00+00:00,CL,2023,GROUP_STAGE,5.0,Galatasaray SK,Manchester United FC,3,3,D
451582,2023-11-29 17:45:00+00:00,CL,2023,GROUP_STAGE,5.0,Sevilla FC,PSV,2,3,A
442771,2023-11-29 18:00:00+00:00,FL1,2023,REGULAR_SEASON,8.0,Montpellier HSC,Clermont Foot 63,1,1,D
451575,2023-11-29 20:00:00+00:00,CL,2023,GROUP_STAGE,5.0,Arsenal FC,Racing Club de Lens,6,0,H
451561,2023-11-29 20:00:00+00:00,CL,2023,GROUP_STAGE,5.0,FC Bayern München,FC København,0,0,D
451604,2023-11-29 20:00:00+00:00,CL,2023,GROUP_STAGE,5.0,Real Sociedad de Fútbol,FC Red Bull Salzburg,0,0,D
451602,2023-11-29 20:00:00+00:00,CL,2023,GROUP_STAGE,5.0,Sport Lisboa e Benfica,FC Internazionale Milano,3,3,D
451588,2023-11-29 20:00:00+00:00,CL,2023,GROUP_STAGE,5.0,Sporting Clube de Braga,1. FC Union Berlin,1,1,D
451593,2023-11-29 20:00:00+00:00,CL,2023,GROUP_STAGE,5.0,Real Madrid CF,SSC Napoli,4,2,H
438601,2023-11-29 20:00:00+00:00,PD,2023,REGULAR_SEASON,13.0,RCD Mallorca,Cádiz CF,1,1,D
441599,2023-12-01 19:00:00+00:00,DED,2023,REGULAR_SEASON,14.0,SC Heerenveen,Almere City FC,3,0,H
441905,2023-12-01 19:30:00+00:00,BL1,2023,REGULAR_SEASON,13.0,SV Darmstadt 98,1. FC Köln,0,1,A
444389,2023-12-01 19:45:00+00:00,SA,2023,REGULAR_SEASON,14.0,AC Monza,Juventus FC,1,2,A
438623,2023-12-01 20:00:00+00:00,PD,2023,REGULAR_SEASON,15.0,UD Las Palmas,Getafe CF,2,0,H
442832,2023-12-01 20:00:00+00:00,FL1,2023,REGULAR_SEASON,14.0,Stade de Reims,RC Strasbourg Alsace,2,1,H
445506,2023-12-01 20:30:00+00:00,PPL,2023,REGULAR_SEASON,12.0,GD Chaves,FC Vizela,2,1,H
438618,2023-12-02 13:00:00+00:00,PD,2023,REGULAR_SEASON,15.0,Girona FC,Valencia CF,2,1,H
444385,2023-12-02 14:00:00+00:00,SA,2023,REGULAR_SEASON,14.0,Genoa CFC,Empoli FC,1,1,D
441902,2023-12-02 14:30:00+00:00,BL1,2023,REGULAR_SEASON,13.0,VfL Bochum 1848,VfL Wolfsburg,3,1,H
441901,2023-12-02 14:30:00+00:00,BL1,2023,REGULAR_SEASON,13.0,Borussia Mönchengladbach,TSG 1899 Hoffenheim,2,1,H
441898,2023-12-02 14:30:00+00:00,BL1,2023,REGULAR_SEASON,13.0,RB Leipzig,1. FC Heidenheim 1846,2,1,H
436074,2023-12-02 15:00:00+00:00,PL,2023,REGULAR_SEASON,14.0,Arsenal FC,Wolverhampton Wanderers FC,2,1,H
436076,2023-12-02 15:00:00+00:00,PL,2023,REGULAR_SEASON,14.0,Burnley FC,Sheffield United FC,5,0,H
436075,2023-12-02 15:00:00+00:00,PL,2023,REGULAR_SEASON,14.0,Brentford FC,Luton Town FC,3,1,H
438614,2023-12-02 15:15:00+00:00,PD,2023,REGULAR_SEASON,15.0,Athletic Club,Rayo Vallecano de Madrid,4,0,H
445505,2023-12-02 15:30:00+00:00,PPL,2023,REGULAR_SEASON,12.0,Rio Ave FC,CF Estrela da Amadora,1,1,D
445507,2023-12-02 15:30:00+00:00,PPL,2023,REGULAR_SEASON,12.0,SC Farense,Vitória SC,1,2,A
442830,2023-12-02 16:00:00+00:00,FL1,2023,REGULAR_SEASON,14.0,Racing Club de Lens,Olympique Lyonnais,3,2,H
444386,2023-12-02 17:00:00+00:00,SA,2023,REGULAR_SEASON,14.0,SS Lazio,Cagliari Calcio,1,0,H
438621,2023-12-02 17:30:00+00:00,PD,2023,REGULAR_SEASON,15.0,Real Madrid CF,Granada CF,2,0,H
436081,2023-12-02 17:30:00+00:00,PL,2023,REGULAR_SEASON,14.0,Nottingham Forest FC,Everton FC,0,1,A
441904,2023-12-02 17:30:00+00:00,BL1,2023,REGULAR_SEASON,13.0,VfB Stuttgart,SV Werder Bremen,2,0,H
441601,2023-12-02 17:45:00+00:00,DED,2023,REGULAR_SEASON,14.0,FC Volendam,PEC Zwolle,0,5,A
445503,2023-12-02 18:00:00+00:00,PPL,2023,REGULAR_SEASON,12.0,FC Famalicão,FC Porto,0,3,A
441602,2023-12-02 19:00:00+00:00,DED,2023,REGULAR_SEASON,14.0,Fortuna Sittard,SBV Vitesse,3,1,H
441603,2023-12-02 19:00:00+00:00,DED,2023,REGULAR_SEASON,14.0,RKC Waalwijk,SBV Excelsior,2,2,D
444388,2023-12-02 19:45:00+00:00,SA,2023,REGULAR_SEASON,14.0,AC Milan,Frosinone Calcio,3,1,H
441600,2023-12-02 20:00:00+00:00,DED,2023,REGULAR_SEASON,14.0,Heracles Almelo,Sparta Rotterdam,0,1,A
442826,2023-12-02 20:00:00+00:00,FL1,2023,REGULAR_SEASON,14.0,FC Nantes,OGC Nice,1,0,H
436080,2023-12-02 20:00:00+00:00,PL,2023,REGULAR_SEASON,14.0,Newcastle United FC,Manchester United FC,1,0,H
438615,2023-12-02 20:00:00+00:00,PD,2023,REGULAR_SEASON,15.0,CA Osasuna,Real Sociedad de Fútbol,1,1,D
445502,2023-12-02 20:30:00+00:00,PPL,2023,REGULAR_SEASON,12.0,Casa Pia AC,Portimonense SC,1,0,H
441604,2023-12-03 11:15:00+00:00,DED,2023,REGULAR_SEASON,14.0,Feyenoord Rotterdam,PSV,1,2,A
444387,2023-12-03 11:30:00+00:00,SA,2023,REGULAR_SEASON,14.0,US Lecce,Bologna FC 1909,1,1,D
442824,2023-12-03 12:00:00+00:00,FL1,2023,REGULAR_SEASON,14.0,Le Havre AC,Paris Saint-Germain FC,0,2,A
438620,2023-12-03 13:00:00+00:00,PD,2023,REGULAR_SEASON,15.0,RCD Mallorca,Deportivo Alavés,0,0,D
441606,2023-12-03 13:30:00+00:00,DED,2023,REGULAR_SEASON,14.0,Go Ahead Eagles,FC Twente '65,1,3,A
441605,2023-12-03 13:30:00+00:00,DED,2023,REGULAR_SEASON,14.0,NEC,AFC Ajax,1,2,A
442825,2023-12-03 14:00:00+00:00,FL1,2023,REGULAR_SEASON,14.0,AS Monaco FC,Montpellier HSC,2,0,H
442831,2023-12-03 14:00:00+00:00,FL1,2023,REGULAR_SEASON,14.0,Stade Brestois 29,Clermont Foot 63,3,0,H
436073,2023-12-03 14:00:00+00:00,PL,2023,REGULAR_SEASON,14.0,AFC Bournemouth,Aston Villa FC,2,2,D
436077,2023-12-03 14:00:00+00:00,PL,2023,REGULAR_SEASON,14.0,Chelsea FC,Brighton & Hove Albion FC,3,2,H
436078,2023-12-03 14:00:00+00:00,PL,2023,REGULAR_SEASON,14.0,Liverpool FC,Fulham FC,4,3,H
436082,2023-12-03 14:00:00+00:00,PL,2023,REGULAR_SEASON,14.0,West Ham United FC,Crystal Palace FC,1,1,D
442827,2023-12-03 14:00:00+00:00,FL1,2023,REGULAR_SEASON,14.0,Toulouse FC,FC Lorient,1,1,D
444393,2023-12-03 14:00:00+00:00,SA,2023,REGULAR_SEASON,14.0,Udinese Calcio,Hellas Verona FC,3,3,D
444384,2023-12-03 14:00:00+00:00,SA,2023,REGULAR_SEASON,14.0,ACF Fiorentina,US Salernitana 1919,3,0,H
441900,2023-12-03 14:30:00+00:00,BL1,2023,REGULAR_SEASON,13.0,1. FSV Mainz 05,SC Freiburg,0,1,A
438622,2023-12-03 15:15:00+00:00,PD,2023,REGULAR_SEASON,15.0,UD Almería,Real Betis Balompié,0,0,D
445508,2023-12-03 15:30:00+00:00,PPL,2023,REGULAR_SEASON,12.0,Sporting Clube de Braga,GD Estoril Praia,3,1,H
441607,2023-12-03 15:45:00+00:00,DED,2023,REGULAR_SEASON,14.0,FC Utrecht,AZ,1,1,D
442829,2023-12-03 16:05:00+00:00,FL1,2023,REGULAR_SEASON,14.0,Lille OSC,FC Metz,2,0,H
436079,2023-12-03 16:30:00+00:00,PL,2023,REGULAR_SEASON,14.0,Manchester City FC,Tottenham Hotspur FC,3,3,D
441899,2023-12-03 16:30:00+00:00,BL1,2023,REGULAR_SEASON,13.0,Bayer 04 Leverkusen,Borussia Dortmund,1,1,D
444391,2023-12-03 17:00:00+00:00,SA,2023,REGULAR_SEASON,14.0,US Sassuolo Calcio,AS Roma,1,2,A
438619,2023-12-03 17:30:00+00:00,PD,2023,REGULAR_SEASON,15.0,Sevilla FC,Villarreal CF,1,1,D
445504,2023-12-03 18:00:00+00:00,PPL,2023,REGULAR_SEASON,12.0,Moreirense FC,Sport Lisboa e Benfica,0,0,D
441903,2023-12-03 18:30:00+00:00,BL1,2023,REGULAR_SEASON,13.0,FC Augsburg,Eintracht Frankfurt,2,1,H
444390,2023-12-03 19:45:00+00:00,SA,2023,REGULAR_SEASON,14.0,SSC Napoli,FC Internazionale Milano,0,3,A
442828,2023-12-03 19:45:00+00:00,FL1,2023,REGULAR_SEASON,14.0,Olympique de Marseille,Stade Rennais FC 1901,2,0,H
438617,2023-12-03 20:00:00+00:00,PD,2023,REGULAR_SEASON,15.0,FC Barcelona,Club Atlético de Madrid,1,0,H
445501,2023-12-03 20:30:00+00:00,PPL,2023,REGULAR_SEASON,12.0,Boavista FC,FC Arouca,0,4,A
444392,2023-12-04 19:45:00+00:00,SA,2023,REGULAR_SEASON,14.0,Torino FC,Atalanta BC,3,0,H
438616,2023-12-04 20:00:00+00:00,PD,2023,REGULAR_SEASON,15.0,RC Celta de Vigo,Cádiz CF,1,1,D
445509,2023-12-04 20:15:00+00:00,PPL,2023,REGULAR_SEASON,12.0,Sporting Clube de Portugal,Gil Vicente FC,3,1,H
436090,2023-12-05 19:30:00+00:00,PL,2023,REGULAR_SEASON,15.0,Wolverhampton Wanderers FC,Burnley FC,1,0,H
436087,2023-12-05 20:15:00+00:00,PL,2023,REGULAR_SEASON,15.0,Luton Town FC,Arsenal FC,3,4,A
441571,2023-12-06 18:00:00+00:00,DED,2023,REGULAR_SEASON,10.0,AZ,NEC,1,2,A
441540,2023-12-06 19:00:00+00:00,DED,2023,REGULAR_SEASON,7.0,RKC Waalwijk,AFC Ajax,2,3,A
436088,2023-12-06 19:30:00+00:00,PL,2023,REGULAR_SEASON,15.0,Sheffield United FC,Liverpool FC,0,2,A
436084,2023-12-06 19:30:00+00:00,PL,2023,REGULAR_SEASON,15.0,Brighton & Hove Albion FC,Brentford FC,2,1,H
436086,2023-12-06 19:30:00+00:00,PL,2023,REGULAR_SEASON,15.0,Fulham FC,Nottingham Forest FC,5,0,H
436091,2023-12-06 19:30:00+00:00,PL,2023,REGULAR_SEASON,15.0,Crystal Palace FC,AFC Bournemouth,0,2,A
442791,2023-12-06 20:00:00+00:00,FL1,2023,REGULAR_SEASON,10.0,Olympique de Marseille,Olympique Lyonnais,3,0,H
436092,2023-12-06 20:15:00+00:00,PL,2023,REGULAR_SEASON,15.0,Manchester United FC,Chelsea FC,2,1,H
436083,2023-12-06 20:15:00+00:00,PL,2023,REGULAR_SEASON,15.0,Aston Villa FC,Manchester City FC,1,0,H
441610,2023-12-07 17:45:00+00:00,DED,2023,REGULAR_SEASON,15.0,PSV,SC Heerenveen,2,0,H
436085,2023-12-07 19:30:00+00:00,PL,2023,REGULAR_SEASON,15.0,Everton FC,Newcastle United FC,3,0,H
442812,2023-12-07 19:30:00+00:00,FL1,2023,REGULAR_SEASON,12.0,Stade Brestois 29,RC Strasbourg Alsace,1,1,D
441608,2023-12-07 20:00:00+00:00,DED,2023,REGULAR_SEASON,15.0,Feyenoord Rotterdam,FC Volendam,3,1,H
436089,2023-12-07 20:15:00+00:00,PL,2023,REGULAR_SEASON,15.0,Tottenham Hotspur FC,West Ham United FC,1,2,A
445514,2023-12-08 15:30:00+00:00,PPL,2023,REGULAR_SEASON,13.0,FC Vizela,Sporting Clube de Braga,1,3,A
445510,2023-12-08 18:00:00+00:00,PPL,2023,REGULAR_SEASON,13.0,Sport Lisboa e Benfica,SC Farense,1,1,D
441609,2023-12-08 19:00:00+00:00,DED,2023,REGULAR_SEASON,15.0,FC Twente '65,SBV Excelsior,4,2,H
441911,2023-12-08 19:30:00+00:00,BL1,2023,REGULAR_SEASON,14.0,TSG 1899 Hoffenheim,VfL Bochum 1848,3,1,H
444400,2023-12-08 19:45:00+00:00,SA,2023,REGULAR_SEASON,15.0,Juventus FC,SSC Napoli,1,0,H
438629,2023-12-08 20:00:00+00:00,PD,2023,REGULAR_SEASON,16.0,Getafe CF,Valencia CF,1,0,H
442836,2023-12-08 20:00:00+00:00,FL1,2023,REGULAR_SEASON,15.0,Montpellier HSC,Racing Club de Lens,0,0,D
436095,2023-12-09 12:30:00+00:00,PL,2023,REGULAR_SEASON,16.0,Crystal Palace FC,Liverpool FC,1,2,A
438626,2023-12-09 13:00:00+00:00,PD,2023,REGULAR_SEASON,16.0,Deportivo Alavés,UD Las Palmas,0,1,A
444398,2023-12-09 14:00:00+00:00,SA,2023,REGULAR_SEASON,15.0,Hellas Verona FC,SS Lazio,1,1,D
441907,2023-12-09 14:30:00+00:00,BL1,2023,REGULAR_SEASON,14.0,1. FC Union Berlin,Borussia Mönchengladbach,3,1,H
441908,2023-12-09 14:30:00+00:00,BL1,2023,REGULAR_SEASON,14.0,Eintracht Frankfurt,FC Bayern München,5,1,H
441912,2023-12-09 14:30:00+00:00,BL1,2023,REGULAR_SEASON,14.0,SV Werder Bremen,FC Augsburg,2,0,H
441914,2023-12-09 14:30:00+00:00,BL1,2023,REGULAR_SEASON,14.0,1. FC Heidenheim 1846,SV Darmstadt 98,3,2,H
441909,2023-12-09 14:30:00+00:00,BL1,2023,REGULAR_SEASON,14.0,VfL Wolfsburg,SC Freiburg,0,1,A
436102,2023-12-09 15:00:00+00:00,PL,2023,REGULAR_SEASON,16.0,Wolverhampton Wanderers FC,Nottingham Forest FC,1,1,D
436100,2023-12-09 15:00:00+00:00,PL,2023,REGULAR_SEASON,16.0,Sheffield United FC,Brentford FC,1,0,H
436094,2023-12-09 15:00:00+00:00,PL,2023,REGULAR_SEASON,16.0,Brighton & Hove Albion FC,Burnley FC,1,1,D
436099,2023-12-09 15:00:00+00:00,PL,2023,REGULAR_SEASON,16.0,Manchester United FC,AFC Bournemouth,0,3,A
438625,2023-12-09 15:15:00+00:00,PD,2023,REGULAR_SEASON,16.0,Real Betis Balompié,Real Madrid CF,1,1,D
445517,2023-12-09 15:30:00+00:00,PPL,2023,REGULAR_SEASON,13.0,Portimonense SC,FC Famalicão,1,1,D
442841,2023-12-09 16:00:00+00:00,FL1,2023,REGULAR_SEASON,15.0,Stade Rennais FC 1901,AS Monaco FC,1,2,A
444394,2023-12-09 17:00:00+00:00,SA,2023,REGULAR_SEASON,15.0,Atalanta BC,AC Milan,3,2,H
438631,2023-12-09 17:30:00+00:00,PD,2023,REGULAR_SEASON,16.0,Villarreal CF,Real Sociedad de Fútbol,0,3,A
436093,2023-12-09 17:30:00+00:00,PL,2023,REGULAR_SEASON,16.0,Aston Villa FC,Arsenal FC,1,0,H
441906,2023-12-09 17:30:00+00:00,BL1,2023,REGULAR_SEASON,14.0,Borussia Dortmund,RB Leipzig,2,3,A
441614,2023-12-09 17:45:00+00:00,DED,2023,REGULAR_SEASON,15.0,AFC Ajax,Sparta Rotterdam,2,1,H
445518,2023-12-09 18:00:00+00:00,PPL,2023,REGULAR_SEASON,13.0,Vitória SC,Sporting Clube de Portugal,3,2,H
441611,2023-12-09 19:00:00+00:00,DED,2023,REGULAR_SEASON,15.0,PEC Zwolle,NEC,1,3,A
444399,2023-12-09 19:45:00+00:00,SA,2023,REGULAR_SEASON,15.0,FC Internazionale Milano,Udinese Calcio,4,0,H
441612,2023-12-09 20:00:00+00:00,DED,2023,REGULAR_SEASON,15.0,AZ,Almere City FC,4,1,H
442839,2023-12-09 20:00:00+00:00,FL1,2023,REGULAR_SEASON,15.0,Paris Saint-Germain FC,FC Nantes,2,1,H
438633,2023-12-09 20:00:00+00:00,PD,2023,REGULAR_SEASON,16.0,RCD Mallorca,Sevilla FC,1,0,H
445513,2023-12-09 20:30:00+00:00,PPL,2023,REGULAR_SEASON,13.0,FC Porto,Casa Pia AC,3,1,H
441613,2023-12-10 11:15:00+00:00,DED,2023,REGULAR_SEASON,15.0,Go Ahead Eagles,FC Utrecht,0,2,A
444397,2023-12-10 11:30:00+00:00,SA,2023,REGULAR_SEASON,15.0,Frosinone Calcio,Torino FC,0,0,D
442837,2023-12-10 12:00:00+00:00,FL1,2023,REGULAR_SEASON,15.0,OGC Nice,Stade de Reims,2,1,H
438624,2023-12-10 13:00:00+00:00,PD,2023,REGULAR_SEASON,16.0,Club Atlético de Madrid,UD Almería,2,1,H
441615,2023-12-10 13:30:00+00:00,DED,2023,REGULAR_SEASON,15.0,Fortuna Sittard,RKC Waalwijk,1,0,H
442833,2023-12-10 14:00:00+00:00,FL1,2023,REGULAR_SEASON,15.0,Clermont Foot 63,Lille OSC,0,0,D
444401,2023-12-10 14:00:00+00:00,SA,2023,REGULAR_SEASON,15.0,AC Monza,Genoa CFC,1,0,H
442840,2023-12-10 14:00:00+00:00,FL1,2023,REGULAR_SEASON,15.0,RC Strasbourg Alsace,Le Havre AC,2,1,H
436096,2023-12-10 14:00:00+00:00,PL,2023,REGULAR_SEASON,16.0,Everton FC,Chelsea FC,2,0,H
442835,2023-12-10 14:00:00+00:00,FL1,2023,REGULAR_SEASON,15.0,FC Metz,Stade Brestois 29,0,1,A
436097,2023-12-10 14:00:00+00:00,PL,2023,REGULAR_SEASON,16.0,Fulham FC,West Ham United FC,5,0,H
436098,2023-12-10 14:00:00+00:00,PL,2023,REGULAR_SEASON,16.0,Luton Town FC,Manchester City FC,1,2,A
441913,2023-12-10 14:30:00+00:00,BL1,2023,REGULAR_SEASON,14.0,VfB Stuttgart,Bayer 04 Leverkusen,1,1,D
445511,2023-12-10 15:30:00+00:00,PPL,2023,REGULAR_SEASON,13.0,CF Estrela da Amadora,Boavista FC,3,1,H
441616,2023-12-10 15:45:00+00:00,DED,2023,REGULAR_SEASON,15.0,SBV Vitesse,Heracles Almelo,2,0,H
442838,2023-12-10 16:05:00+00:00,FL1,2023,REGULAR_SEASON,15.0,Olympique Lyonnais,Toulouse FC,3,0,H
441910,2023-12-10 16:30:00+00:00,BL1,2023,REGULAR_SEASON,14.0,1. FC Köln,1. FSV Mainz 05,0,0,D
436101,2023-12-10 16:30:00+00:00,PL,2023,REGULAR_SEASON,16.0,Tottenham Hotspur FC,Newcastle United FC,4,1,H
444403,2023-12-10 17:00:00+00:00,SA,2023,REGULAR_SEASON,15.0,US Salernitana 1919,Bologna FC 1909,1,2,A
438628,2023-12-10 17:30:00+00:00,PD,2023,REGULAR_SEASON,16.0,Cádiz CF,CA Osasuna,1,1,D
445512,2023-12-10 18:00:00+00:00,PPL,2023,REGULAR_SEASON,13.0,FC Arouca,Rio Ave FC,2,2,D
444402,2023-12-10 19:45:00+00:00,SA,2023,REGULAR_SEASON,15.0,AS Roma,ACF Fiorentina,1,1,D
442834,2023-12-10 19:45:00+00:00,FL1,2023,REGULAR_SEASON,15.0,FC Lorient,Olympique de Marseille,2,4,A
438627,2023-12-10 20:00:00+00:00,PD,2023,REGULAR_SEASON,16.0,FC Barcelona,Girona FC,2,4,A
445515,2023-12-10 20:30:00+00:00,PPL,2023,REGULAR_SEASON,13.0,GD Estoril Praia,GD Chaves,4,0,H
444396,2023-12-11 17:30:00+00:00,SA,2023,REGULAR_SEASON,15.0,Empoli FC,US Lecce,1,1,D
444395,2023-12-11 19:45:00+00:00,SA,2023,REGULAR_SEASON,15.0,Cagliari Calcio,US Sassuolo Calcio,2,1,H
438632,2023-12-11 20:00:00+00:00,PD,2023,REGULAR_SEASON,16.0,Rayo Vallecano de Madrid,RC Celta de Vigo,0,0,D
438630,2023-12-11 20:00:00+00:00,PD,2023,REGULAR_SEASON,16.0,Granada CF,Athletic Club,1,1,D
445516,2023-12-11 20:15:00+00:00,PPL,2023,REGULAR_SEASON,13.0,Gil Vicente FC,Moreirense FC,1,1,D
451574,2023-12-12 17:45:00+00:00,CL,2023,GROUP_STAGE,6.0,PSV,Arsenal FC,1,1,D
451583,2023-12-12 17:45:00+00:00,CL,2023,GROUP_STAGE,6.0,Racing Club de Lens,Sevilla FC,2,1,H
451596,2023-12-12 20:00:00+00:00,CL,2023,GROUP_STAGE,6.0,SSC Napoli,Sporting Clube de Braga,2,0,H
451566,2023-12-12 20:00:00+00:00,CL,2023,GROUP_STAGE,6.0,Manchester United FC,FC Bayern München,0,1,A
451605,2023-12-12 20:00:00+00:00,CL,2023,GROUP_STAGE,6.0,FC Red Bull Salzburg,Sport Lisboa e Benfica,1,3,A
451599,2023-12-12 20:00:00+00:00,CL,2023,GROUP_STAGE,6.0,FC Internazionale Milano,Real Sociedad de Fútbol,0,0,D
451585,2023-12-12 20:00:00+00:00,CL,2023,GROUP_STAGE,6.0,1. FC Union Berlin,Real Madrid CF,2,3,A
451567,2023-12-12 20:00:00+00:00,CL,2023,GROUP_STAGE,6.0,FC København,Galatasaray SK,1,0,H
451638,2023-12-13 17:45:00+00:00,CL,2023,GROUP_STAGE,6.0,RB Leipzig,BSC Young Boys,2,1,H
451639,2023-12-13 17:45:00+00:00,CL,2023,GROUP_STAGE,6.0,FK Crvena Zvezda,Manchester City FC,2,3,A
451615,2023-12-13 20:00:00+00:00,CL,2023,GROUP_STAGE,6.0,Celtic FC,Feyenoord Rotterdam,2,1,H
451624,2023-12-13 20:00:00+00:00,CL,2023,GROUP_STAGE,6.0,Newcastle United FC,AC Milan,1,2,A
451648,2023-12-13 20:00:00+00:00,CL,2023,GROUP_STAGE,6.0,Royal Antwerp FC,FC Barcelona,3,2,H
451613,2023-12-13 20:00:00+00:00,CL,2023,GROUP_STAGE,6.0,Club Atlético de Madrid,SS Lazio,2,0,H
451653,2023-12-13 20:00:00+00:00,CL,2023,GROUP_STAGE,6.0,FC Porto,FK Shakhtar Donetsk,5,3,H
451629,2023-12-13 20:00:00+00:00,CL,2023,GROUP_STAGE,6.0,Borussia Dortmund,Paris Saint-Germain FC,1,1,D
441617,2023-12-15 19:00:00+00:00,DED,2023,REGULAR_SEASON,16.0,NEC,Fortuna Sittard,4,1,H
441920,2023-12-15 19:30:00+00:00,BL1,2023,REGULAR_SEASON,15.0,Borussia Mönchengladbach,SV Werder Bremen,2,2,D
444407,2023-12-15 19:45:00+00:00,SA,2023,REGULAR_SEASON,16.0,Genoa CFC,Juventus FC,1,1,D
442843,2023-12-15 20:00:00+00:00,FL1,2023,REGULAR_SEASON,16.0,AS Monaco FC,Olympique Lyonnais,0,1,A
438635,2023-12-15 20:00:00+00:00,PD,2023,REGULAR_SEASON,17.0,CA Osasuna,Rayo Vallecano de Madrid,1,0,H
436111,2023-12-15 20:00:00+00:00,PL,2023,REGULAR_SEASON,17.0,Nottingham Forest FC,Tottenham Hotspur FC,0,2,A
445525,2023-12-15 20:15:00+00:00,PPL,2023,REGULAR_SEASON,14.0,SC Farense,CF Estrela da Amadora,0,0,D
438636,2023-12-16 13:00:00+00:00,PD,2023,REGULAR_SEASON,17.0,RC Celta de Vigo,Granada CF,1,0,H
444409,2023-12-16 14:00:00+00:00,SA,2023,REGULAR_SEASON,16.0,US Lecce,Frosinone Calcio,2,1,H
441923,2023-12-16 14:30:00+00:00,BL1,2023,REGULAR_SEASON,15.0,SV Darmstadt 98,VfL Wolfsburg,0,1,A
441922,2023-12-16 14:30:00+00:00,BL1,2023,REGULAR_SEASON,15.0,FC Augsburg,Borussia Dortmund,1,1,D
441919,2023-12-16 14:30:00+00:00,BL1,2023,REGULAR_SEASON,15.0,1. FSV Mainz 05,1. FC Heidenheim 1846,0,1,A
441921,2023-12-16 14:30:00+00:00,BL1,2023,REGULAR_SEASON,15.0,VfL Bochum 1848,1. FC Union Berlin,3,0,H
436109,2023-12-16 15:00:00+00:00,PL,2023,REGULAR_SEASON,17.0,Manchester City FC,Crystal Palace FC,2,2,D
436110,2023-12-16 15:00:00+00:00,PL,2023,REGULAR_SEASON,17.0,Newcastle United FC,Fulham FC,3,0,H
436107,2023-12-16 15:00:00+00:00,PL,2023,REGULAR_SEASON,17.0,Chelsea FC,Sheffield United FC,2,0,H
438634,2023-12-16 15:15:00+00:00,PD,2023,REGULAR_SEASON,17.0,Athletic Club,Club Atlético de Madrid,2,0,H
445523,2023-12-16 15:30:00+00:00,PPL,2023,REGULAR_SEASON,14.0,Rio Ave FC,FC Vizela,1,1,D
441618,2023-12-16 15:30:00+00:00,DED,2023,REGULAR_SEASON,16.0,FC Utrecht,RKC Waalwijk,1,1,D
442842,2023-12-16 16:00:00+00:00,FL1,2023,REGULAR_SEASON,16.0,Le Havre AC,OGC Nice,3,1,H
438638,2023-12-16 17:30:00+00:00,PD,2023,REGULAR_SEASON,17.0,Sevilla FC,Getafe CF,0,3,A
441916,2023-12-16 17:30:00+00:00,BL1,2023,REGULAR_SEASON,15.0,RB Leipzig,TSG 1899 Hoffenheim,3,1,H
436106,2023-12-16 17:30:00+00:00,PL,2023,REGULAR_SEASON,17.0,Burnley FC,Everton FC,0,2,A
444411,2023-12-16 17:30:00+00:00,SA,2023,REGULAR_SEASON,16.0,SSC Napoli,Cagliari Calcio,2,1,H
441620,2023-12-16 17:45:00+00:00,DED,2023,REGULAR_SEASON,16.0,SBV Excelsior,Go Ahead Eagles,1,1,D
445520,2023-12-16 18:00:00+00:00,PPL,2023,REGULAR_SEASON,14.0,FC Arouca,Gil Vicente FC,3,0,H
444412,2023-12-16 19:45:00+00:00,SA,2023,REGULAR_SEASON,16.0,Torino FC,Empoli FC,1,0,H
441619,2023-12-16 20:00:00+00:00,DED,2023,REGULAR_SEASON,16.0,SC Heerenveen,FC Volendam,1,2,A
438639,2023-12-16 20:00:00+00:00,PD,2023,REGULAR_SEASON,17.0,Valencia CF,FC Barcelona,1,1,D
442850,2023-12-16 20:00:00+00:00,FL1,2023,REGULAR_SEASON,16.0,Racing Club de Lens,Stade de Reims,2,0,H
445519,2023-12-16 20:30:00+00:00,PPL,2023,REGULAR_SEASON,14.0,Boavista FC,Vitória SC,1,1,D
441621,2023-12-17 11:15:00+00:00,DED,2023,REGULAR_SEASON,16.0,Almere City FC,SBV Vitesse,5,0,H
444410,2023-12-17 11:30:00+00:00,SA,2023,REGULAR_SEASON,16.0,AC Milan,AC Monza,3,0,H
442846,2023-12-17 12:00:00+00:00,FL1,2023,REGULAR_SEASON,16.0,FC Nantes,Stade Brestois 29,0,2,A
438642,2023-12-17 13:00:00+00:00,PD,2023,REGULAR_SEASON,17.0,UD Almería,RCD Mallorca,0,0,D
441623,2023-12-17 13:30:00+00:00,DED,2023,REGULAR_SEASON,16.0,Heracles Almelo,Feyenoord Rotterdam,0,4,A
441622,2023-12-17 13:30:00+00:00,DED,2023,REGULAR_SEASON,16.0,Sparta Rotterdam,FC Twente '65,2,2,D
444406,2023-12-17 14:00:00+00:00,SA,2023,REGULAR_SEASON,16.0,ACF Fiorentina,Hellas Verona FC,1,0,H
444413,2023-12-17 14:00:00+00:00,SA,2023,REGULAR_SEASON,16.0,Udinese Calcio,US Sassuolo Calcio,2,2,D
442845,2023-12-17 14:00:00+00:00,FL1,2023,REGULAR_SEASON,16.0,FC Metz,Montpellier HSC,0,1,A
442847,2023-12-17 14:00:00+00:00,FL1,2023,REGULAR_SEASON,16.0,Toulouse FC,Stade Rennais FC 1901,0,0,D
436104,2023-12-17 14:00:00+00:00,PL,2023,REGULAR_SEASON,17.0,Arsenal FC,Brighton & Hove Albion FC,2,0,H
442844,2023-12-17 14:00:00+00:00,FL1,2023,REGULAR_SEASON,16.0,FC Lorient,RC Strasbourg Alsace,1,2,A
436105,2023-12-17 14:00:00+00:00,PL,2023,REGULAR_SEASON,17.0,Brentford FC,Aston Villa FC,1,2,A
436112,2023-12-17 14:00:00+00:00,PL,2023,REGULAR_SEASON,17.0,West Ham United FC,Wolverhampton Wanderers FC,3,0,H
441917,2023-12-17 14:30:00+00:00,BL1,2023,REGULAR_SEASON,15.0,SC Freiburg,1. FC Köln,2,0,H
438641,2023-12-17 15:15:00+00:00,PD,2023,REGULAR_SEASON,17.0,Real Sociedad de Fútbol,Real Betis Balompié,0,0,D
445522,2023-12-17 15:30:00+00:00,PPL,2023,REGULAR_SEASON,14.0,Moreirense FC,Portimonense SC,5,2,H
445524,2023-12-17 15:30:00+00:00,PPL,2023,REGULAR_SEASON,14.0,GD Chaves,Casa Pia AC,1,3,A
441624,2023-12-17 15:45:00+00:00,DED,2023,REGULAR_SEASON,16.0,AFC Ajax,PEC Zwolle,2,2,D
442848,2023-12-17 16:05:00+00:00,FL1,2023,REGULAR_SEASON,16.0,Olympique de Marseille,Clermont Foot 63,2,1,H
441918,2023-12-17 16:30:00+00:00,BL1,2023,REGULAR_SEASON,15.0,Bayer 04 Leverkusen,Eintracht Frankfurt,3,0,H
436108,2023-12-17 16:30:00+00:00,PL,2023,REGULAR_SEASON,17.0,Liverpool FC,Manchester United FC,0,0,D
444405,2023-12-17 17:00:00+00:00,SA,2023,REGULAR_SEASON,16.0,Bologna FC 1909,AS Roma,2,0,H
438643,2023-12-17 17:30:00+00:00,PD,2023,REGULAR_SEASON,17.0,UD Las Palmas,Cádiz CF,1,1,D
445521,2023-12-17 18:00:00+00:00,PPL,2023,REGULAR_SEASON,14.0,FC Famalicão,GD Estoril Praia,1,1,D
441915,2023-12-17 18:30:00+00:00,BL1,2023,REGULAR_SEASON,15.0,FC Bayern München,VfB Stuttgart,3,0,H
441625,2023-12-17 19:00:00+00:00,DED,2023,REGULAR_SEASON,16.0,AZ,PSV,0,4,A
444408,2023-12-17 19:45:00+00:00,SA,2023,REGULAR_SEASON,16.0,SS Lazio,FC Internazionale Milano,0,2,A
442849,2023-12-17 19:45:00+00:00,FL1,2023,REGULAR_SEASON,16.0,Lille OSC,Paris Saint-Germain FC,1,1,D
438640,2023-12-17 20:00:00+00:00,PD,2023,REGULAR_SEASON,17.0,Real Madrid CF,Villarreal CF,4,1,H
445526,2023-12-17 20:30:00+00:00,PPL,2023,REGULAR_SEASON,14.0,Sporting Clube de Braga,Sport Lisboa e Benfica,0,1,A
444404,2023-12-18 19:45:00+00:00,SA,2023,REGULAR_SEASON,16.0,Atalanta BC,US Salernitana 1919,4,1,H
438637,2023-12-18 20:00:00+00:00,PD,2023,REGULAR_SEASON,17.0,Girona FC,Deportivo Alavés,3,0,H
445527,2023-12-18 20:15:00+00:00,PPL,2023,REGULAR_SEASON,14.0,Sporting Clube de Portugal,FC Porto,2,0,H
441930,2023-12-19 17:30:00+00:00,BL1,2023,REGULAR_SEASON,16.0,SV Werder Bremen,RB Leipzig,1,1,D
438652,2023-12-19 18:00:00+00:00,PD,2023,REGULAR_SEASON,18.0,Rayo Vallecano de Madrid,Valencia CF,0,1,A
441924,2023-12-19 19:30:00+00:00,BL1,2023,REGULAR_SEASON,16.0,Borussia Dortmund,1. FSV Mainz 05,1,1,D
441929,2023-12-19 19:30:00+00:00,BL1,2023,REGULAR_SEASON,16.0,TSG 1899 Hoffenheim,SV Darmstadt 98,3,3,D
438650,2023-12-19 20:30:00+00:00,PD,2023,REGULAR_SEASON,18.0,Granada CF,Sevilla FC,0,3,A
438645,2023-12-19 20:30:00+00:00,PD,2023,REGULAR_SEASON,18.0,Club Atlético de Madrid,Getafe CF,3,3,D
441925,2023-12-20 17:30:00+00:00,BL1,2023,REGULAR_SEASON,16.0,1. FC Union Berlin,1. FC Köln,2,0,H
438648,2023-12-20 18:00:00+00:00,PD,2023,REGULAR_SEASON,18.0,FC Barcelona,UD Almería,3,2,H
441932,2023-12-20 19:30:00+00:00,BL1,2023,REGULAR_SEASON,16.0,1. FC Heidenheim 1846,SC Freiburg,3,2,H
441928,2023-12-20 19:30:00+00:00,BL1,2023,REGULAR_SEASON,16.0,VfL Wolfsburg,FC Bayern München,1,2,A
441931,2023-12-20 19:30:00+00:00,BL1,2023,REGULAR_SEASON,16.0,VfB Stuttgart,FC Augsburg,3,0,H
441926,2023-12-20 19:30:00+00:00,BL1,2023,REGULAR_SEASON,16.0,Bayer 04 Leverkusen,VfL Bochum 1848,4,0,H
441927,2023-12-20 19:30:00+00:00,BL1,2023,REGULAR_SEASON,16.0,Eintracht Frankfurt,Borussia Mönchengladbach,2,1,H
442855,2023-12-20 20:00:00+00:00,FL1,2023,REGULAR_SEASON,17.0,Olympique Lyonnais,FC Nantes,1,0,H
442851,2023-12-20 20:00:00+00:00,FL1,2023,REGULAR_SEASON,17.0,Clermont Foot 63,Stade Rennais FC 1901,1,3,A
442859,2023-12-20 20:00:00+00:00,FL1,2023,REGULAR_SEASON,17.0,Stade de Reims,Le Havre AC,1,0,H
442858,2023-12-20 20:00:00+00:00,FL1,2023,REGULAR_SEASON,17.0,Stade Brestois 29,FC Lorient,4,0,H
442857,2023-12-20 20:00:00+00:00,FL1,2023,REGULAR_SEASON,17.0,RC Strasbourg Alsace,Lille OSC,2,1,H
442856,2023-12-20 20:00:00+00:00,FL1,2023,REGULAR_SEASON,17.0,Paris Saint-Germain FC,FC Metz,3,1,H
442854,2023-12-20 20:00:00+00:00,FL1,2023,REGULAR_SEASON,17.0,OGC Nice,Racing Club de Lens,2,0,H
442853,2023-12-20 20:00:00+00:00,FL1,2023,REGULAR_SEASON,17.0,Montpellier HSC,Olympique de Marseille,1,1,D
442852,2023-12-20 20:00:00+00:00,FL1,2023,REGULAR_SEASON,17.0,Toulouse FC,AS Monaco FC,1,2,A
438644,2023-12-20 20:30:00+00:00,PD,2023,REGULAR_SEASON,18.0,Athletic Club,UD Las Palmas,1,0,H
438651,2023-12-20 20:30:00+00:00,PD,2023,REGULAR_SEASON,18.0,Villarreal CF,RC Celta de Vigo,3,2,H
438646,2023-12-21 18:00:00+00:00,PD,2023,REGULAR_SEASON,18.0,Real Betis Balompié,Girona FC,1,1,D
438649,2023-12-21 18:00:00+00:00,PD,2023,REGULAR_SEASON,18.0,Cádiz CF,Real Sociedad de Fútbol,0,0,D
436114,2023-12-21 20:00:00+00:00,PL,2023,REGULAR_SEASON,18.0,Crystal Palace FC,Brighton & Hove Albion FC,1,1,D
438647,2023-12-21 20:30:00+00:00,PD,2023,REGULAR_SEASON,18.0,Deportivo Alavés,Real Madrid CF,0,1,A
438653,2023-12-21 20:30:00+00:00,PD,2023,REGULAR_SEASON,18.0,RCD Mallorca,CA Osasuna,3,2,H
444415,2023-12-22 17:30:00+00:00,SA,2023,REGULAR_SEASON,17.0,Empoli FC,SS Lazio,0,2,A
444422,2023-12-22 17:30:00+00:00,SA,2023,REGULAR_SEASON,17.0,US Sassuolo Calcio,Genoa CFC,1,2,A
444421,2023-12-22 19:45:00+00:00,SA,2023,REGULAR_SEASON,17.0,US Salernitana 1919,AC Milan,2,2,D
444419,2023-12-22 19:45:00+00:00,SA,2023,REGULAR_SEASON,17.0,AC Monza,ACF Fiorentina,0,1,A
436113,2023-12-22 20:00:00+00:00,PL,2023,REGULAR_SEASON,18.0,Aston Villa FC,Sheffield United FC,1,1,D
444416,2023-12-23 11:30:00+00:00,SA,2023,REGULAR_SEASON,17.0,Frosinone Calcio,Juventus FC,1,2,A
436121,2023-12-23 12:30:00+00:00,PL,2023,REGULAR_SEASON,18.0,West Ham United FC,Manchester United FC,2,0,H
444423,2023-12-23 14:00:00+00:00,SA,2023,REGULAR_SEASON,17.0,Torino FC,Udinese Calcio,1,1,D
444414,2023-12-23 14:00:00+00:00,SA,2023,REGULAR_SEASON,17.0,Bologna FC 1909,Atalanta BC,1,0,H
436115,2023-12-23 15:00:00+00:00,PL,2023,REGULAR_SEASON,18.0,Fulham FC,Burnley FC,0,2,A
436117,2023-12-23 15:00:00+00:00,PL,2023,REGULAR_SEASON,18.0,Luton Town FC,Newcastle United FC,1,0,H
436119,2023-12-23 15:00:00+00:00,PL,2023,REGULAR_SEASON,18.0,Nottingham Forest FC,AFC Bournemouth,2,3,A
436120,2023-12-23 15:00:00+00:00,PL,2023,REGULAR_SEASON,18.0,Tottenham Hotspur FC,Everton FC,2,1,H
438504,2023-12-23 15:15:00+00:00,PD,2023,REGULAR_SEASON,4.0,Club Atlético de Madrid,Sevilla FC,1,0,H
445536,2023-12-23 15:30:00+00:00,PPL,2023,REGULAR_SEASON,15.0,Vitória SC,Rio Ave FC,1,0,H
445532,2023-12-23 15:30:00+00:00,PPL,2023,REGULAR_SEASON,15.0,FC Vizela,Moreirense FC,0,0,D
444418,2023-12-23 17:00:00+00:00,SA,2023,REGULAR_SEASON,17.0,FC Internazionale Milano,US Lecce,2,0,H
444417,2023-12-23 17:00:00+00:00,SA,2023,REGULAR_SEASON,17.0,Hellas Verona FC,Cagliari Calcio,2,0,H
436116,2023-12-23 17:30:00+00:00,PL,2023,REGULAR_SEASON,18.0,Liverpool FC,Arsenal FC,1,1,D
444420,2023-12-23 19:45:00+00:00,SA,2023,REGULAR_SEASON,17.0,AS Roma,SSC Napoli,2,0,H
436122,2023-12-24 13:00:00+00:00,PL,2023,REGULAR_SEASON,18.0,Wolverhampton Wanderers FC,Chelsea FC,2,1,H
436131,2023-12-26 12:30:00+00:00,PL,2023,REGULAR_SEASON,19.0,Newcastle United FC,Nottingham Forest FC,1,3,A
436132,2023-12-26 15:00:00+00:00,PL,2023,REGULAR_SEASON,19.0,Sheffield United FC,Luton Town FC,2,3,A
436123,2023-12-26 15:00:00+00:00,PL,2023,REGULAR_SEASON,19.0,AFC Bournemouth,Fulham FC,3,0,H
436127,2023-12-26 17:30:00+00:00,PL,2023,REGULAR_SEASON,19.0,Burnley FC,Liverpool FC,0,2,A
436130,2023-12-26 20:00:00+00:00,PL,2023,REGULAR_SEASON,19.0,Manchester United FC,Aston Villa FC,3,2,H
436128,2023-12-27 19:30:00+00:00,PL,2023,REGULAR_SEASON,19.0,Chelsea FC,Crystal Palace FC,2,1,H
436125,2023-12-27 19:30:00+00:00,PL,2023,REGULAR_SEASON,19.0,Brentford FC,Wolverhampton Wanderers FC,1,4,A
436129,2023-12-27 20:15:00+00:00,PL,2023,REGULAR_SEASON,19.0,Everton FC,Manchester City FC,1,3,A
436126,2023-12-28 19:30:00+00:00,PL,2023,REGULAR_SEASON,19.0,Brighton & Hove Albion FC,Tottenham Hotspur FC,4,2,H
445530,2023-12-28 20:15:00+00:00,PPL,2023,REGULAR_SEASON,15.0,CF Estrela da Amadora,FC Arouca,1,4,A
436124,2023-12-28 20:15:00+00:00,PL,2023,REGULAR_SEASON,19.0,Arsenal FC,West Ham United FC,0,2,A
444432,2023-12-29 17:30:00+00:00,SA,2023,REGULAR_SEASON,18.0,SSC Napoli,AC Monza,0,0,D
444426,2023-12-29 17:30:00+00:00,SA,2023,REGULAR_SEASON,18.0,ACF Fiorentina,Torino FC,1,0,H
445528,2023-12-29 18:45:00+00:00,PPL,2023,REGULAR_SEASON,15.0,Sport Lisboa e Benfica,FC Famalicão,3,0,H
444427,2023-12-29 19:45:00+00:00,SA,2023,REGULAR_SEASON,18.0,Genoa CFC,FC Internazionale Milano,1,1,D
444430,2023-12-29 19:45:00+00:00,SA,2023,REGULAR_SEASON,18.0,SS Lazio,Frosinone Calcio,3,1,H
445531,2023-12-29 20:45:00+00:00,PPL,2023,REGULAR_SEASON,15.0,FC Porto,GD Chaves,1,0,H
444424,2023-12-30 11:30:00+00:00,SA,2023,REGULAR_SEASON,18.0,Atalanta BC,US Lecce,1,0,H
436137,2023-12-30 12:30:00+00:00,PL,2023,REGULAR_SEASON,20.0,Luton Town FC,Chelsea FC,2,3,A
444425,2023-12-30 14:00:00+00:00,SA,2023,REGULAR_SEASON,18.0,Cagliari Calcio,Empoli FC,0,0,D
444433,2023-12-30 14:00:00+00:00,SA,2023,REGULAR_SEASON,18.0,Udinese Calcio,Bologna FC 1909,3,0,H
436133,2023-12-30 15:00:00+00:00,PL,2023,REGULAR_SEASON,20.0,Aston Villa FC,Burnley FC,3,2,H
436134,2023-12-30 15:00:00+00:00,PL,2023,REGULAR_SEASON,20.0,Crystal Palace FC,Brentford FC,3,1,H
436138,2023-12-30 15:00:00+00:00,PL,2023,REGULAR_SEASON,20.0,Manchester City FC,Sheffield United FC,2,0,H
436142,2023-12-30 15:00:00+00:00,PL,2023,REGULAR_SEASON,20.0,Wolverhampton Wanderers FC,Everton FC,3,0,H
445534,2023-12-30 15:30:00+00:00,PPL,2023,REGULAR_SEASON,15.0,Gil Vicente FC,Boavista FC,1,0,H
445533,2023-12-30 15:30:00+00:00,PPL,2023,REGULAR_SEASON,15.0,GD Estoril Praia,SC Farense,4,0,H
444428,2023-12-30 17:00:00+00:00,SA,2023,REGULAR_SEASON,18.0,Hellas Verona FC,US Salernitana 1919,0,1,A
444431,2023-12-30 17:00:00+00:00,SA,2023,REGULAR_SEASON,18.0,AC Milan,US Sassuolo Calcio,1,0,H
436139,2023-12-30 17:30:00+00:00,PL,2023,REGULAR_SEASON,20.0,Nottingham Forest FC,Manchester United FC,2,1,H
445529,2023-12-30 18:00:00+00:00,PPL,2023,REGULAR_SEASON,15.0,Casa Pia AC,Sporting Clube de Braga,1,3,A
444429,2023-12-30 19:45:00+00:00,SA,2023,REGULAR_SEASON,18.0,Juventus FC,AS Roma,1,0,H
445535,2023-12-30 20:30:00+00:00,PPL,2023,REGULAR_SEASON,15.0,Portimonense SC,Sporting Clube de Portugal,1,2,A
436140,2023-12-31 14:00:00+00:00,PL,2023,REGULAR_SEASON,20.0,Tottenham Hotspur FC,AFC Bournemouth,3,1,H
436135,2023-12-31 14:00:00+00:00,PL,2023,REGULAR_SEASON,20.0,Fulham FC,Arsenal FC,2,1,H
436136,2024-01-01 20:00:00+00:00,PL,2023,REGULAR_SEASON,20.0,Liverpool FC,Newcastle United FC,4,2,H
438656,2024-01-02 16:00:00+00:00,PD,2023,REGULAR_SEASON,19.0,Getafe CF,Rayo Vallecano de Madrid,0,2,A
438662,2024-01-02 18:15:00+00:00,PD,2023,REGULAR_SEASON,19.0,Real Sociedad de Fútbol,Deportivo Alavés,1,1,D
436141,2024-01-02 19:30:00+00:00,PL,2023,REGULAR_SEASON,20.0,West Ham United FC,Brighton & Hove Albion FC,0,0,D
438660,2024-01-02 20:30:00+00:00,PD,2023,REGULAR_SEASON,19.0,Valencia CF,Villarreal CF,3,1,H
438658,2024-01-03 16:00:00+00:00,PD,2023,REGULAR_SEASON,19.0,Granada CF,Cádiz CF,2,0,H
438655,2024-01-03 18:15:00+00:00,PD,2023,REGULAR_SEASON,19.0,RC Celta de Vigo,Real Betis Balompié,2,1,H
438661,2024-01-03 18:15:00+00:00,PD,2023,REGULAR_SEASON,19.0,Real Madrid CF,RCD Mallorca,1,0,H
438657,2024-01-03 20:30:00+00:00,PD,2023,REGULAR_SEASON,19.0,Girona FC,Club Atlético de Madrid,4,3,H
438654,2024-01-04 16:00:00+00:00,PD,2023,REGULAR_SEASON,19.0,CA Osasuna,UD Almería,1,0,H
438659,2024-01-04 18:15:00+00:00,PD,2023,REGULAR_SEASON,19.0,Sevilla FC,Athletic Club,0,2,A
438663,2024-01-04 20:30:00+00:00,PD,2023,REGULAR_SEASON,19.0,UD Las Palmas,FC Barcelona,1,2,A
445545,2024-01-05 18:45:00+00:00,PPL,2023,REGULAR_SEASON,16.0,Sporting Clube de Portugal,GD Estoril Praia,5,1,H
444434,2024-01-05 19:45:00+00:00,SA,2023,REGULAR_SEASON,19.0,Bologna FC 1909,Genoa CFC,1,1,D
445537,2024-01-05 20:45:00+00:00,PPL,2023,REGULAR_SEASON,16.0,Boavista FC,FC Porto,1,1,D
444437,2024-01-06 11:30:00+00:00,SA,2023,REGULAR_SEASON,19.0,FC Internazionale Milano,Hellas Verona FC,2,1,H
444436,2024-01-06 14:00:00+00:00,SA,2023,REGULAR_SEASON,19.0,Frosinone Calcio,AC Monza,2,3,A
445538,2024-01-06 15:30:00+00:00,PPL,2023,REGULAR_SEASON,16.0,CF Estrela da Amadora,FC Vizela,1,1,D
445543,2024-01-06 15:30:00+00:00,PPL,2023,REGULAR_SEASON,16.0,SC Farense,Gil Vicente FC,1,0,H
444438,2024-01-06 17:00:00+00:00,SA,2023,REGULAR_SEASON,19.0,US Lecce,Cagliari Calcio,1,1,D
445539,2024-01-06 18:00:00+00:00,PPL,2023,REGULAR_SEASON,16.0,FC Arouca,Sport Lisboa e Benfica,0,3,A
444441,2024-01-06 19:45:00+00:00,SA,2023,REGULAR_SEASON,19.0,US Sassuolo Calcio,ACF Fiorentina,1,0,H
445544,2024-01-06 20:30:00+00:00,PPL,2023,REGULAR_SEASON,16.0,Sporting Clube de Braga,Vitória SC,1,1,D
444435,2024-01-07 11:30:00+00:00,SA,2023,REGULAR_SEASON,19.0,Empoli FC,AC Milan,0,3,A
444442,2024-01-07 14:00:00+00:00,SA,2023,REGULAR_SEASON,19.0,Torino FC,SSC Napoli,3,0,H
444443,2024-01-07 14:00:00+00:00,SA,2023,REGULAR_SEASON,19.0,Udinese Calcio,SS Lazio,1,2,A
444440,2024-01-07 17:00:00+00:00,SA,2023,REGULAR_SEASON,19.0,US Salernitana 1919,Juventus FC,1,2,A
445542,2024-01-07 18:00:00+00:00,PPL,2023,REGULAR_SEASON,16.0,Rio Ave FC,Portimonense SC,2,0,H
444439,2024-01-07 19:45:00+00:00,SA,2023,REGULAR_SEASON,19.0,AS Roma,Atalanta BC,1,1,D
445540,2024-01-07 20:30:00+00:00,PPL,2023,REGULAR_SEASON,16.0,FC Famalicão,GD Chaves,2,2,D
445541,2024-01-08 20:15:00+00:00,PPL,2023,REGULAR_SEASON,16.0,Moreirense FC,Casa Pia AC,1,4,A
441626,2024-01-12 19:00:00+00:00,DED,2023,REGULAR_SEASON,17.0,RKC Waalwijk,Heracles Almelo,1,2,A
441933,2024-01-12 19:30:00+00:00,BL1,2023,REGULAR_SEASON,17.0,FC Bayern München,TSG 1899 Hoffenheim,3,0,H
436147,2024-01-12 19:45:00+00:00,PL,2023,REGULAR_SEASON,21.0,Burnley FC,Luton Town FC,1,1,D
442864,2024-01-12 20:00:00+00:00,FL1,2023,REGULAR_SEASON,18.0,Olympique de Marseille,RC Strasbourg Alsace,1,1,D
438670,2024-01-12 20:00:00+00:00,PD,2023,REGULAR_SEASON,20.0,Sevilla FC,Deportivo Alavés,2,3,A
445553,2024-01-12 20:15:00+00:00,PPL,2023,REGULAR_SEASON,17.0,Portimonense SC,SC Farense,1,0,H
436148,2024-01-13 12:30:00+00:00,PL,2023,REGULAR_SEASON,21.0,Chelsea FC,Fulham FC,1,0,H
438673,2024-01-13 13:00:00+00:00,PD,2023,REGULAR_SEASON,20.0,UD Las Palmas,Villarreal CF,3,0,H
444447,2024-01-13 14:00:00+00:00,SA,2023,REGULAR_SEASON,20.0,Genoa CFC,Torino FC,0,0,D
444453,2024-01-13 14:00:00+00:00,SA,2023,REGULAR_SEASON,20.0,SSC Napoli,US Salernitana 1919,2,1,H
441936,2024-01-13 14:30:00+00:00,BL1,2023,REGULAR_SEASON,17.0,1. FSV Mainz 05,VfL Wolfsburg,1,1,D
441934,2024-01-13 14:30:00+00:00,BL1,2023,REGULAR_SEASON,17.0,RB Leipzig,Eintracht Frankfurt,0,1,A
441938,2024-01-13 14:30:00+00:00,BL1,2023,REGULAR_SEASON,17.0,1. FC Köln,1. FC Heidenheim 1846,1,1,D
441940,2024-01-13 14:30:00+00:00,BL1,2023,REGULAR_SEASON,17.0,FC Augsburg,Bayer 04 Leverkusen,0,1,A
441935,2024-01-13 14:30:00+00:00,BL1,2023,REGULAR_SEASON,17.0,SC Freiburg,1. FC Union Berlin,0,0,D
438671,2024-01-13 15:15:00+00:00,PD,2023,REGULAR_SEASON,20.0,RCD Mallorca,RC Celta de Vigo,1,1,D
445547,2024-01-13 15:30:00+00:00,PPL,2023,REGULAR_SEASON,17.0,Casa Pia AC,FC Famalicão,0,2,A
441627,2024-01-13 15:30:00+00:00,DED,2023,REGULAR_SEASON,17.0,Fortuna Sittard,Sparta Rotterdam,0,2,A
442861,2024-01-13 16:00:00+00:00,FL1,2023,REGULAR_SEASON,18.0,AS Monaco FC,Stade de Reims,1,3,A
444448,2024-01-13 17:00:00+00:00,SA,2023,REGULAR_SEASON,20.0,Hellas Verona FC,Empoli FC,2,1,H
441941,2024-01-13 17:30:00+00:00,BL1,2023,REGULAR_SEASON,17.0,SV Darmstadt 98,Borussia Dortmund,0,3,A
436151,2024-01-13 17:30:00+00:00,PL,2023,REGULAR_SEASON,21.0,Newcastle United FC,Manchester City FC,2,3,A
438664,2024-01-13 17:30:00+00:00,PD,2023,REGULAR_SEASON,20.0,Athletic Club,Real Sociedad de Fútbol,2,1,H
441628,2024-01-13 17:45:00+00:00,DED,2023,REGULAR_SEASON,17.0,FC Twente '65,AZ,2,1,H
445550,2024-01-13 18:00:00+00:00,PPL,2023,REGULAR_SEASON,17.0,GD Chaves,Sporting Clube de Portugal,0,3,A
441629,2024-01-13 19:00:00+00:00,DED,2023,REGULAR_SEASON,17.0,PEC Zwolle,SC Heerenveen,2,2,D
444452,2024-01-13 19:45:00+00:00,SA,2023,REGULAR_SEASON,20.0,AC Monza,FC Internazionale Milano,1,5,A
438666,2024-01-13 20:00:00+00:00,PD,2023,REGULAR_SEASON,20.0,Real Betis Balompié,Granada CF,1,0,H
442868,2024-01-13 20:00:00+00:00,FL1,2023,REGULAR_SEASON,18.0,Stade Rennais FC 1901,OGC Nice,2,0,H
441630,2024-01-13 20:00:00+00:00,DED,2023,REGULAR_SEASON,17.0,PSV,SBV Excelsior,3,1,H
445551,2024-01-13 20:30:00+00:00,PPL,2023,REGULAR_SEASON,17.0,GD Estoril Praia,Moreirense FC,1,3,A
441631,2024-01-14 11:15:00+00:00,DED,2023,REGULAR_SEASON,17.0,FC Volendam,Almere City FC,0,1,A
444450,2024-01-14 11:30:00+00:00,SA,2023,REGULAR_SEASON,20.0,SS Lazio,US Lecce,1,0,H
442865,2024-01-14 12:00:00+00:00,FL1,2023,REGULAR_SEASON,18.0,Lille OSC,FC Lorient,3,0,H
438672,2024-01-14 13:00:00+00:00,PD,2023,REGULAR_SEASON,20.0,UD Almería,Girona FC,0,0,D
441632,2024-01-14 13:30:00+00:00,DED,2023,REGULAR_SEASON,17.0,Go Ahead Eagles,AFC Ajax,2,3,A
441633,2024-01-14 13:30:00+00:00,DED,2023,REGULAR_SEASON,17.0,SBV Vitesse,FC Utrecht,0,0,D
444445,2024-01-14 14:00:00+00:00,SA,2023,REGULAR_SEASON,20.0,Cagliari Calcio,Bologna FC 1909,2,1,H
436149,2024-01-14 14:00:00+00:00,PL,2023,REGULAR_SEASON,21.0,Everton FC,Aston Villa FC,0,0,D
442862,2024-01-14 14:00:00+00:00,FL1,2023,REGULAR_SEASON,18.0,FC Metz,Toulouse FC,0,1,A
442863,2024-01-14 14:00:00+00:00,FL1,2023,REGULAR_SEASON,18.0,FC Nantes,Clermont Foot 63,1,2,A
442867,2024-01-14 14:00:00+00:00,FL1,2023,REGULAR_SEASON,18.0,Stade Brestois 29,Montpellier HSC,2,0,H
441939,2024-01-14 14:30:00+00:00,BL1,2023,REGULAR_SEASON,17.0,VfL Bochum 1848,SV Werder Bremen,1,1,D
438668,2024-01-14 15:15:00+00:00,PD,2023,REGULAR_SEASON,20.0,Cádiz CF,Valencia CF,1,4,A
445552,2024-01-14 15:30:00+00:00,PPL,2023,REGULAR_SEASON,17.0,Gil Vicente FC,CF Estrela da Amadora,1,1,D
441634,2024-01-14 15:45:00+00:00,DED,2023,REGULAR_SEASON,17.0,Feyenoord Rotterdam,NEC,2,2,D
442860,2024-01-14 16:05:00+00:00,FL1,2023,REGULAR_SEASON,18.0,Le Havre AC,Olympique Lyonnais,3,1,H
441937,2024-01-14 16:30:00+00:00,BL1,2023,REGULAR_SEASON,17.0,Borussia Mönchengladbach,VfB Stuttgart,3,1,H
436150,2024-01-14 16:30:00+00:00,PL,2023,REGULAR_SEASON,21.0,Manchester United FC,Tottenham Hotspur FC,2,2,D
444446,2024-01-14 17:00:00+00:00,SA,2023,REGULAR_SEASON,20.0,ACF Fiorentina,Udinese Calcio,2,2,D
445546,2024-01-14 18:00:00+00:00,PPL,2023,REGULAR_SEASON,17.0,Sport Lisboa e Benfica,Rio Ave FC,4,1,H
445549,2024-01-14 18:00:00+00:00,PPL,2023,REGULAR_SEASON,17.0,FC Vizela,Boavista FC,1,4,A
444451,2024-01-14 19:45:00+00:00,SA,2023,REGULAR_SEASON,20.0,AC Milan,AS Roma,3,1,H
442866,2024-01-14 19:45:00+00:00,FL1,2023,REGULAR_SEASON,18.0,Racing Club de Lens,Paris Saint-Germain FC,0,2,A
445548,2024-01-14 20:30:00+00:00,PPL,2023,REGULAR_SEASON,17.0,FC Porto,Sporting Clube de Braga,2,0,H
444444,2024-01-15 19:45:00+00:00,SA,2023,REGULAR_SEASON,20.0,Atalanta BC,Frosinone Calcio,5,0,H
445554,2024-01-15 20:15:00+00:00,PPL,2023,REGULAR_SEASON,17.0,Vitória SC,FC Arouca,2,1,H
444449,2024-01-16 19:45:00+00:00,SA,2023,REGULAR_SEASON,20.0,Juventus FC,US Sassuolo Calcio,3,0,H
445557,2024-01-18 18:45:00+00:00,PPL,2023,REGULAR_SEASON,18.0,FC Famalicão,Sporting Clube de Braga,1,2,A
445559,2024-01-18 20:45:00+00:00,PPL,2023,REGULAR_SEASON,18.0,FC Vizela,Sporting Clube de Portugal,2,5,A
441635,2024-01-19 19:00:00+00:00,DED,2023,REGULAR_SEASON,18.0,SBV Excelsior,SC Heerenveen,3,0,H
438677,2024-01-19 20:00:00+00:00,PD,2023,REGULAR_SEASON,21.0,Deportivo Alavés,Cádiz CF,1,0,H
445555,2024-01-19 20:15:00+00:00,PPL,2023,REGULAR_SEASON,18.0,Sport Lisboa e Benfica,Boavista FC,2,0,H
436144,2024-01-20 12:30:00+00:00,PL,2023,REGULAR_SEASON,21.0,Arsenal FC,Crystal Palace FC,5,0,H
438682,2024-01-20 13:00:00+00:00,PD,2023,REGULAR_SEASON,21.0,Rayo Vallecano de Madrid,UD Las Palmas,0,2,A
441947,2024-01-20 14:30:00+00:00,BL1,2023,REGULAR_SEASON,18.0,1. FC Heidenheim 1846,VfL Wolfsburg,1,1,D
441950,2024-01-20 14:30:00+00:00,BL1,2023,REGULAR_SEASON,18.0,VfL Bochum 1848,VfB Stuttgart,1,0,H
441946,2024-01-20 14:30:00+00:00,BL1,2023,REGULAR_SEASON,18.0,SV Darmstadt 98,Eintracht Frankfurt,2,2,D
441943,2024-01-20 14:30:00+00:00,BL1,2023,REGULAR_SEASON,18.0,1. FC Köln,Borussia Dortmund,0,4,A
441948,2024-01-20 14:30:00+00:00,BL1,2023,REGULAR_SEASON,18.0,SC Freiburg,TSG 1899 Hoffenheim,3,2,H
438681,2024-01-20 15:15:00+00:00,PD,2023,REGULAR_SEASON,21.0,Villarreal CF,RCD Mallorca,1,1,D
445561,2024-01-20 15:30:00+00:00,PPL,2023,REGULAR_SEASON,18.0,GD Estoril Praia,FC Arouca,1,2,A
441636,2024-01-20 15:30:00+00:00,DED,2023,REGULAR_SEASON,18.0,NEC,FC Twente '65,1,0,H
444459,2024-01-20 17:00:00+00:00,SA,2023,REGULAR_SEASON,21.0,AS Roma,Hellas Verona FC,2,1,H
441945,2024-01-20 17:30:00+00:00,BL1,2023,REGULAR_SEASON,18.0,RB Leipzig,Bayer 04 Leverkusen,2,3,A
436145,2024-01-20 17:30:00+00:00,PL,2023,REGULAR_SEASON,21.0,Brentford FC,Nottingham Forest FC,3,2,H
438680,2024-01-20 17:30:00+00:00,PD,2023,REGULAR_SEASON,21.0,Valencia CF,Athletic Club,1,0,H
441637,2024-01-20 17:45:00+00:00,DED,2023,REGULAR_SEASON,18.0,Heracles Almelo,FC Volendam,1,1,D
445556,2024-01-20 18:00:00+00:00,PPL,2023,REGULAR_SEASON,18.0,Casa Pia AC,SC Farense,1,3,A
441638,2024-01-20 19:00:00+00:00,DED,2023,REGULAR_SEASON,18.0,AZ,PEC Zwolle,2,2,D
444463,2024-01-20 19:45:00+00:00,SA,2023,REGULAR_SEASON,21.0,Udinese Calcio,AC Milan,2,3,A
438676,2024-01-20 20:00:00+00:00,PD,2023,REGULAR_SEASON,21.0,RC Celta de Vigo,Real Sociedad de Fútbol,0,1,A
445558,2024-01-20 20:30:00+00:00,PPL,2023,REGULAR_SEASON,18.0,FC Porto,Moreirense FC,5,0,H
441640,2024-01-21 11:15:00+00:00,DED,2023,REGULAR_SEASON,18.0,FC Utrecht,PSV,1,1,D
444456,2024-01-21 11:30:00+00:00,SA,2023,REGULAR_SEASON,21.0,Frosinone Calcio,Cagliari Calcio,3,1,H
438675,2024-01-21 13:00:00+00:00,PD,2023,REGULAR_SEASON,21.0,CA Osasuna,Getafe CF,3,2,H
441642,2024-01-21 13:30:00+00:00,DED,2023,REGULAR_SEASON,18.0,Sparta Rotterdam,Go Ahead Eagles,0,2,A
441641,2024-01-21 13:30:00+00:00,DED,2023,REGULAR_SEASON,18.0,SBV Vitesse,Feyenoord Rotterdam,1,2,A
436152,2024-01-21 14:00:00+00:00,PL,2023,REGULAR_SEASON,21.0,Sheffield United FC,West Ham United FC,2,2,D
444455,2024-01-21 14:00:00+00:00,SA,2023,REGULAR_SEASON,21.0,Empoli FC,AC Monza,3,0,H
441942,2024-01-21 14:30:00+00:00,BL1,2023,REGULAR_SEASON,18.0,FC Bayern München,SV Werder Bremen,0,1,A
438683,2024-01-21 15:15:00+00:00,PD,2023,REGULAR_SEASON,21.0,Real Madrid CF,UD Almería,3,2,H
445562,2024-01-21 15:30:00+00:00,PPL,2023,REGULAR_SEASON,18.0,Portimonense SC,Gil Vicente FC,0,2,A
441643,2024-01-21 15:45:00+00:00,DED,2023,REGULAR_SEASON,18.0,AFC Ajax,RKC Waalwijk,4,1,H
441949,2024-01-21 16:30:00+00:00,BL1,2023,REGULAR_SEASON,18.0,Borussia Mönchengladbach,FC Augsburg,1,2,A
436143,2024-01-21 16:30:00+00:00,PL,2023,REGULAR_SEASON,21.0,AFC Bournemouth,Liverpool FC,0,4,A
444460,2024-01-21 17:00:00+00:00,SA,2023,REGULAR_SEASON,21.0,US Salernitana 1919,Genoa CFC,1,2,A
438674,2024-01-21 17:30:00+00:00,PD,2023,REGULAR_SEASON,21.0,Real Betis Balompié,FC Barcelona,2,4,A
445560,2024-01-21 18:00:00+00:00,PPL,2023,REGULAR_SEASON,18.0,GD Chaves,Rio Ave FC,0,0,D
444458,2024-01-21 19:45:00+00:00,SA,2023,REGULAR_SEASON,21.0,US Lecce,Juventus FC,0,3,A
438678,2024-01-21 20:00:00+00:00,PD,2023,REGULAR_SEASON,21.0,Girona FC,Sevilla FC,5,1,H
445563,2024-01-21 20:30:00+00:00,PPL,2023,REGULAR_SEASON,18.0,Vitória SC,CF Estrela da Amadora,3,0,H
436146,2024-01-22 19:45:00+00:00,PL,2023,REGULAR_SEASON,21.0,Brighton & Hove Albion FC,Wolverhampton Wanderers FC,0,0,D
438679,2024-01-22 20:00:00+00:00,PD,2023,REGULAR_SEASON,21.0,Granada CF,Club Atlético de Madrid,0,1,A
441639,2024-01-24 17:45:00+00:00,DED,2023,REGULAR_SEASON,18.0,Almere City FC,Fortuna Sittard,0,0,D
441897,2024-01-24 19:30:00+00:00,BL1,2023,REGULAR_SEASON,13.0,FC Bayern München,1. FC Union Berlin,1,0,H
441644,2024-01-26 19:00:00+00:00,DED,2023,REGULAR_SEASON,19.0,PEC Zwolle,SBV Vitesse,1,0,H
441954,2024-01-26 19:30:00+00:00,BL1,2023,REGULAR_SEASON,19.0,Eintracht Frankfurt,1. FSV Mainz 05,1,0,H
444465,2024-01-26 19:45:00+00:00,SA,2023,REGULAR_SEASON,22.0,Cagliari Calcio,Torino FC,1,2,A
438692,2024-01-26 20:00:00+00:00,PD,2023,REGULAR_SEASON,22.0,UD Almería,Deportivo Alavés,0,3,A
442875,2024-01-26 20:00:00+00:00,FL1,2023,REGULAR_SEASON,19.0,Olympique Lyonnais,Stade Rennais FC 1901,2,3,A
438691,2024-01-27 13:00:00+00:00,PD,2023,REGULAR_SEASON,22.0,Real Sociedad de Fútbol,Rayo Vallecano de Madrid,0,0,D
444464,2024-01-27 14:00:00+00:00,SA,2023,REGULAR_SEASON,22.0,Atalanta BC,Udinese Calcio,2,0,H
441956,2024-01-27 14:30:00+00:00,BL1,2023,REGULAR_SEASON,19.0,VfL Wolfsburg,1. FC Köln,1,1,D
441953,2024-01-27 14:30:00+00:00,BL1,2023,REGULAR_SEASON,19.0,SV Werder Bremen,SC Freiburg,3,1,H
441952,2024-01-27 14:30:00+00:00,BL1,2023,REGULAR_SEASON,19.0,VfB Stuttgart,RB Leipzig,5,2,H
441951,2024-01-27 14:30:00+00:00,BL1,2023,REGULAR_SEASON,19.0,FC Augsburg,FC Bayern München,2,3,A
441958,2024-01-27 14:30:00+00:00,BL1,2023,REGULAR_SEASON,19.0,TSG 1899 Hoffenheim,1. FC Heidenheim 1846,1,1,D
438693,2024-01-27 15:15:00+00:00,PD,2023,REGULAR_SEASON,22.0,UD Las Palmas,Real Madrid CF,1,2,A
442873,2024-01-27 16:00:00+00:00,FL1,2023,REGULAR_SEASON,19.0,OGC Nice,FC Metz,1,0,H
444469,2024-01-27 17:00:00+00:00,SA,2023,REGULAR_SEASON,22.0,Juventus FC,Empoli FC,1,1,D
441955,2024-01-27 17:30:00+00:00,BL1,2023,REGULAR_SEASON,19.0,Bayer 04 Leverkusen,Borussia Mönchengladbach,0,0,D
438686,2024-01-27 17:30:00+00:00,PD,2023,REGULAR_SEASON,22.0,FC Barcelona,Villarreal CF,3,5,A
441646,2024-01-27 17:45:00+00:00,DED,2023,REGULAR_SEASON,19.0,PSV,Almere City FC,2,0,H
441645,2024-01-27 17:45:00+00:00,DED,2023,REGULAR_SEASON,19.0,RKC Waalwijk,Sparta Rotterdam,1,1,D
444471,2024-01-27 19:45:00+00:00,SA,2023,REGULAR_SEASON,22.0,AC Milan,Bologna FC 1909,2,2,D
438690,2024-01-27 20:00:00+00:00,PD,2023,REGULAR_SEASON,22.0,RCD Mallorca,Real Betis Balompié,0,1,A
441648,2024-01-27 20:00:00+00:00,DED,2023,REGULAR_SEASON,19.0,Heracles Almelo,AFC Ajax,2,4,A
442874,2024-01-27 20:00:00+00:00,FL1,2023,REGULAR_SEASON,19.0,Olympique de Marseille,AS Monaco FC,2,2,D
441647,2024-01-27 20:00:00+00:00,DED,2023,REGULAR_SEASON,19.0,SBV Excelsior,FC Utrecht,1,1,D
441649,2024-01-28 11:15:00+00:00,DED,2023,REGULAR_SEASON,19.0,SC Heerenveen,AZ,2,2,D
444467,2024-01-28 11:30:00+00:00,SA,2023,REGULAR_SEASON,22.0,Genoa CFC,US Lecce,2,1,H
442872,2024-01-28 12:00:00+00:00,FL1,2023,REGULAR_SEASON,19.0,Montpellier HSC,Lille OSC,0,0,D
438685,2024-01-28 13:00:00+00:00,PD,2023,REGULAR_SEASON,22.0,RC Celta de Vigo,Girona FC,0,1,A
441651,2024-01-28 13:30:00+00:00,DED,2023,REGULAR_SEASON,19.0,Feyenoord Rotterdam,FC Twente '65,0,0,D
441650,2024-01-28 13:30:00+00:00,DED,2023,REGULAR_SEASON,19.0,Go Ahead Eagles,NEC,2,2,D
442870,2024-01-28 14:00:00+00:00,FL1,2023,REGULAR_SEASON,19.0,FC Lorient,Le Havre AC,3,3,D
444468,2024-01-28 14:00:00+00:00,SA,2023,REGULAR_SEASON,22.0,Hellas Verona FC,Frosinone Calcio,1,1,D
442877,2024-01-28 14:00:00+00:00,FL1,2023,REGULAR_SEASON,19.0,Stade de Reims,FC Nantes,0,0,D
442869,2024-01-28 14:00:00+00:00,FL1,2023,REGULAR_SEASON,19.0,Clermont Foot 63,RC Strasbourg Alsace,1,1,D
444472,2024-01-28 14:00:00+00:00,SA,2023,REGULAR_SEASON,22.0,AC Monza,US Sassuolo Calcio,1,0,H
441959,2024-01-28 14:30:00+00:00,BL1,2023,REGULAR_SEASON,19.0,1. FC Union Berlin,SV Darmstadt 98,1,0,H
438687,2024-01-28 15:15:00+00:00,PD,2023,REGULAR_SEASON,22.0,Cádiz CF,Athletic Club,0,0,D
445564,2024-01-28 15:30:00+00:00,PPL,2023,REGULAR_SEASON,19.0,Boavista FC,Portimonense SC,1,4,A
445567,2024-01-28 15:30:00+00:00,PPL,2023,REGULAR_SEASON,19.0,Moreirense FC,FC Famalicão,1,0,H
441652,2024-01-28 15:45:00+00:00,DED,2023,REGULAR_SEASON,19.0,FC Volendam,Fortuna Sittard,0,1,A
442871,2024-01-28 16:05:00+00:00,FL1,2023,REGULAR_SEASON,19.0,Toulouse FC,Racing Club de Lens,0,2,A
441957,2024-01-28 16:30:00+00:00,BL1,2023,REGULAR_SEASON,19.0,Borussia Dortmund,VfL Bochum 1848,3,1,H
444470,2024-01-28 17:00:00+00:00,SA,2023,REGULAR_SEASON,22.0,SS Lazio,SSC Napoli,0,0,D
438689,2024-01-28 17:30:00+00:00,PD,2023,REGULAR_SEASON,22.0,Sevilla FC,CA Osasuna,1,1,D
445570,2024-01-28 18:00:00+00:00,PPL,2023,REGULAR_SEASON,19.0,SC Farense,FC Porto,1,3,A
444466,2024-01-28 19:45:00+00:00,SA,2023,REGULAR_SEASON,22.0,ACF Fiorentina,FC Internazionale Milano,0,1,A
442876,2024-01-28 19:45:00+00:00,FL1,2023,REGULAR_SEASON,19.0,Paris Saint-Germain FC,Stade Brestois 29,2,2,D
438684,2024-01-28 20:00:00+00:00,PD,2023,REGULAR_SEASON,22.0,Club Atlético de Madrid,Valencia CF,2,0,H
445566,2024-01-28 20:30:00+00:00,PPL,2023,REGULAR_SEASON,19.0,FC Arouca,FC Vizela,5,0,H
445569,2024-01-28 20:30:00+00:00,PPL,2023,REGULAR_SEASON,19.0,Gil Vicente FC,Vitória SC,1,0,H
445565,2024-01-29 18:45:00+00:00,PPL,2023,REGULAR_SEASON,19.0,CF Estrela da Amadora,Sport Lisboa e Benfica,1,4,A
444473,2024-01-29 19:45:00+00:00,SA,2023,REGULAR_SEASON,22.0,US Salernitana 1919,AS Roma,1,2,A
438688,2024-01-29 20:00:00+00:00,PD,2023,REGULAR_SEASON,22.0,Getafe CF,Granada CF,2,0,H
445572,2024-01-29 20:45:00+00:00,PPL,2023,REGULAR_SEASON,19.0,Sporting Clube de Portugal,Casa Pia AC,8,0,H
436153,2024-01-30 19:30:00+00:00,PL,2023,REGULAR_SEASON,22.0,Nottingham Forest FC,Arsenal FC,1,2,A
436155,2024-01-30 19:45:00+00:00,PL,2023,REGULAR_SEASON,22.0,Luton Town FC,Brighton & Hove Albion FC,4,0,H
436156,2024-01-30 19:45:00+00:00,PL,2023,REGULAR_SEASON,22.0,Fulham FC,Everton FC,0,0,D
436157,2024-01-30 20:00:00+00:00,PL,2023,REGULAR_SEASON,22.0,Crystal Palace FC,Sheffield United FC,3,2,H
436158,2024-01-30 20:15:00+00:00,PL,2023,REGULAR_SEASON,22.0,Aston Villa FC,Newcastle United FC,1,3,A
438667,2024-01-31 18:00:00+00:00,PD,2023,REGULAR_SEASON,20.0,FC Barcelona,CA Osasuna,1,0,H
445568,2024-01-31 18:45:00+00:00,PPL,2023,REGULAR_SEASON,19.0,Rio Ave FC,GD Estoril Praia,1,1,D
436161,2024-01-31 19:30:00+00:00,PL,2023,REGULAR_SEASON,22.0,Manchester City FC,Burnley FC,3,1,H
436159,2024-01-31 19:30:00+00:00,PL,2023,REGULAR_SEASON,22.0,Tottenham Hotspur FC,Brentford FC,3,2,H
438665,2024-01-31 20:00:00+00:00,PD,2023,REGULAR_SEASON,20.0,Club Atlético de Madrid,Rayo Vallecano de Madrid,2,1,H
436162,2024-01-31 20:15:00+00:00,PL,2023,REGULAR_SEASON,22.0,Liverpool FC,Chelsea FC,4,1,H
445571,2024-01-31 20:45:00+00:00,PPL,2023,REGULAR_SEASON,19.0,Sporting Clube de Braga,GD Chaves,1,1,D
436154,2024-02-01 19:30:00+00:00,PL,2023,REGULAR_SEASON,22.0,West Ham United FC,AFC Bournemouth,1,1,D
438669,2024-02-01 20:00:00+00:00,PD,2023,REGULAR_SEASON,20.0,Getafe CF,Real Madrid CF,0,2,A
436160,2024-02-01 20:15:00+00:00,PL,2023,REGULAR_SEASON,22.0,Wolverhampton Wanderers FC,Manchester United FC,3,4,A
441653,2024-02-02 19:00:00+00:00,DED,2023,REGULAR_SEASON,20.0,Almere City FC,SBV Excelsior,2,1,H
441960,2024-02-02 19:30:00+00:00,BL1,2023,REGULAR_SEASON,20.0,1. FC Heidenheim 1846,Borussia Dortmund,0,0,D
444479,2024-02-02 19:45:00+00:00,SA,2023,REGULAR_SEASON,23.0,US Lecce,ACF Fiorentina,3,2,H
438694,2024-02-02 20:00:00+00:00,PD,2023,REGULAR_SEASON,23.0,Athletic Club,RCD Mallorca,4,0,H
442883,2024-02-02 20:00:00+00:00,FL1,2023,REGULAR_SEASON,20.0,RC Strasbourg Alsace,Paris Saint-Germain FC,1,2,A
436169,2024-02-03 12:30:00+00:00,PL,2023,REGULAR_SEASON,23.0,Everton FC,Tottenham Hotspur FC,2,2,D
438700,2024-02-03 13:00:00+00:00,PD,2023,REGULAR_SEASON,23.0,Valencia CF,UD Almería,2,1,H
444476,2024-02-03 14:00:00+00:00,SA,2023,REGULAR_SEASON,23.0,Empoli FC,Genoa CFC,0,0,D
444483,2024-02-03 14:00:00+00:00,SA,2023,REGULAR_SEASON,23.0,Udinese Calcio,AC Monza,0,0,D
441962,2024-02-03 14:30:00+00:00,BL1,2023,REGULAR_SEASON,20.0,SV Darmstadt 98,Bayer 04 Leverkusen,0,2,A
441964,2024-02-03 14:30:00+00:00,BL1,2023,REGULAR_SEASON,20.0,FC Bayern München,Borussia Mönchengladbach,3,1,H
441966,2024-02-03 14:30:00+00:00,BL1,2023,REGULAR_SEASON,20.0,1. FSV Mainz 05,SV Werder Bremen,0,1,A
441967,2024-02-03 14:30:00+00:00,BL1,2023,REGULAR_SEASON,20.0,VfL Bochum 1848,FC Augsburg,1,1,D
441968,2024-02-03 14:30:00+00:00,BL1,2023,REGULAR_SEASON,20.0,SC Freiburg,VfB Stuttgart,1,3,A
436166,2024-02-03 15:00:00+00:00,PL,2023,REGULAR_SEASON,23.0,Brighton & Hove Albion FC,Crystal Palace FC,4,1,H
436167,2024-02-03 15:00:00+00:00,PL,2023,REGULAR_SEASON,23.0,Burnley FC,Fulham FC,2,2,D
436171,2024-02-03 15:00:00+00:00,PL,2023,REGULAR_SEASON,23.0,Newcastle United FC,Luton Town FC,4,4,D
438699,2024-02-03 15:15:00+00:00,PD,2023,REGULAR_SEASON,23.0,Granada CF,UD Las Palmas,1,1,D
441654,2024-02-03 15:30:00+00:00,DED,2023,REGULAR_SEASON,20.0,FC Twente '65,RKC Waalwijk,3,0,H
445580,2024-02-03 15:30:00+00:00,PPL,2023,REGULAR_SEASON,20.0,Portimonense SC,FC Arouca,1,2,A
442886,2024-02-03 16:00:00+00:00,FL1,2023,REGULAR_SEASON,20.0,Stade Rennais FC 1901,Montpellier HSC,2,1,H
444477,2024-02-03 17:00:00+00:00,SA,2023,REGULAR_SEASON,23.0,Frosinone Calcio,AC Milan,2,3,A
441963,2024-02-03 17:30:00+00:00,BL1,2023,REGULAR_SEASON,20.0,1. FC Köln,Eintracht Frankfurt,2,0,H
438697,2024-02-03 17:30:00+00:00,PD,2023,REGULAR_SEASON,23.0,Deportivo Alavés,FC Barcelona,1,3,A
436172,2024-02-03 17:30:00+00:00,PL,2023,REGULAR_SEASON,23.0,Sheffield United FC,Aston Villa FC,0,5,A
441655,2024-02-03 17:45:00+00:00,DED,2023,REGULAR_SEASON,20.0,Fortuna Sittard,SC Heerenveen,3,3,D
441656,2024-02-03 19:00:00+00:00,DED,2023,REGULAR_SEASON,20.0,AFC Ajax,PSV,1,1,D
444475,2024-02-03 19:45:00+00:00,SA,2023,REGULAR_SEASON,23.0,Bologna FC 1909,US Sassuolo Calcio,4,2,H
441657,2024-02-03 20:00:00+00:00,DED,2023,REGULAR_SEASON,20.0,NEC,Heracles Almelo,3,1,H
442880,2024-02-03 20:00:00+00:00,FL1,2023,REGULAR_SEASON,20.0,FC Nantes,Racing Club de Lens,0,1,A
438698,2024-02-03 20:00:00+00:00,PD,2023,REGULAR_SEASON,23.0,Girona FC,Real Sociedad de Fútbol,0,0,D
445576,2024-02-03 20:30:00+00:00,PPL,2023,REGULAR_SEASON,20.0,FC Porto,Rio Ave FC,0,0,D
441658,2024-02-04 11:15:00+00:00,DED,2023,REGULAR_SEASON,20.0,SBV Vitesse,Go Ahead Eagles,0,2,A
444482,2024-02-04 11:30:00+00:00,SA,2023,REGULAR_SEASON,23.0,Torino FC,US Salernitana 1919,0,0,D
442878,2024-02-04 12:00:00+00:00,FL1,2023,REGULAR_SEASON,20.0,AS Monaco FC,Le Havre AC,1,1,D
438701,2024-02-04 13:00:00+00:00,PD,2023,REGULAR_SEASON,23.0,Villarreal CF,Cádiz CF,0,0,D
441659,2024-02-04 13:30:00+00:00,DED,2023,REGULAR_SEASON,20.0,AZ,Feyenoord Rotterdam,0,1,A
441661,2024-02-04 13:30:00+00:00,DED,2023,REGULAR_SEASON,20.0,FC Utrecht,FC Volendam,4,2,H
436163,2024-02-04 14:00:00+00:00,PL,2023,REGULAR_SEASON,23.0,AFC Bournemouth,Nottingham Forest FC,1,1,D
444480,2024-02-04 14:00:00+00:00,SA,2023,REGULAR_SEASON,23.0,SSC Napoli,Hellas Verona FC,2,1,H
436168,2024-02-04 14:00:00+00:00,PL,2023,REGULAR_SEASON,23.0,Chelsea FC,Wolverhampton Wanderers FC,2,4,A
442882,2024-02-04 14:00:00+00:00,FL1,2023,REGULAR_SEASON,20.0,Lille OSC,Clermont Foot 63,4,0,H
442879,2024-02-04 14:00:00+00:00,FL1,2023,REGULAR_SEASON,20.0,FC Metz,FC Lorient,1,2,A
442885,2024-02-04 14:00:00+00:00,FL1,2023,REGULAR_SEASON,20.0,Stade de Reims,Toulouse FC,2,3,A
436170,2024-02-04 14:00:00+00:00,PL,2023,REGULAR_SEASON,23.0,Manchester United FC,West Ham United FC,3,0,H
441965,2024-02-04 14:30:00+00:00,BL1,2023,REGULAR_SEASON,20.0,VfL Wolfsburg,TSG 1899 Hoffenheim,2,2,D
438696,2024-02-04 15:15:00+00:00,PD,2023,REGULAR_SEASON,23.0,CA Osasuna,RC Celta de Vigo,0,3,A
445578,2024-02-04 15:30:00+00:00,PPL,2023,REGULAR_SEASON,20.0,GD Chaves,SC Farense,1,1,D
445577,2024-02-04 15:30:00+00:00,PPL,2023,REGULAR_SEASON,20.0,FC Vizela,Vitória SC,0,1,A
441660,2024-02-04 15:45:00+00:00,DED,2023,REGULAR_SEASON,20.0,Sparta Rotterdam,PEC Zwolle,0,2,A
442884,2024-02-04 16:05:00+00:00,FL1,2023,REGULAR_SEASON,20.0,Stade Brestois 29,OGC Nice,0,0,D
436164,2024-02-04 16:30:00+00:00,PL,2023,REGULAR_SEASON,23.0,Arsenal FC,Liverpool FC,3,1,H
441961,2024-02-04 16:30:00+00:00,BL1,2023,REGULAR_SEASON,20.0,RB Leipzig,1. FC Union Berlin,2,0,H
444474,2024-02-04 17:00:00+00:00,SA,2023,REGULAR_SEASON,23.0,Atalanta BC,SS Lazio,3,1,H
438695,2024-02-04 17:30:00+00:00,PD,2023,REGULAR_SEASON,23.0,Real Betis Balompié,Getafe CF,1,1,D
445579,2024-02-04 18:00:00+00:00,PPL,2023,REGULAR_SEASON,20.0,GD Estoril Praia,CF Estrela da Amadora,1,0,H
445573,2024-02-04 18:00:00+00:00,PPL,2023,REGULAR_SEASON,20.0,Sport Lisboa e Benfica,Gil Vicente FC,3,0,H
442881,2024-02-04 19:45:00+00:00,FL1,2023,REGULAR_SEASON,20.0,Olympique Lyonnais,Olympique de Marseille,1,0,H
444478,2024-02-04 19:45:00+00:00,SA,2023,REGULAR_SEASON,23.0,FC Internazionale Milano,Juventus FC,1,0,H
438703,2024-02-04 20:00:00+00:00,PD,2023,REGULAR_SEASON,23.0,Real Madrid CF,Club Atlético de Madrid,1,1,D
445581,2024-02-04 20:30:00+00:00,PPL,2023,REGULAR_SEASON,20.0,Sporting Clube de Braga,Moreirense FC,1,0,H
444481,2024-02-05 19:45:00+00:00,SA,2023,REGULAR_SEASON,23.0,AS Roma,Cagliari Calcio,4,0,H
436165,2024-02-05 20:00:00+00:00,PL,2023,REGULAR_SEASON,23.0,Brentford FC,Manchester City FC,1,3,A
438702,2024-02-05 20:00:00+00:00,PD,2023,REGULAR_SEASON,23.0,Rayo Vallecano de Madrid,Sevilla FC,1,2,A
445574,2024-02-05 20:15:00+00:00,PPL,2023,REGULAR_SEASON,20.0,Casa Pia AC,Boavista FC,0,0,D
441944,2024-02-07 17:30:00+00:00,BL1,2023,REGULAR_SEASON,18.0,1. FSV Mainz 05,1. FC Union Berlin,1,1,D
441662,2024-02-09 19:00:00+00:00,DED,2023,REGULAR_SEASON,21.0,RKC Waalwijk,NEC,2,0,H
441971,2024-02-09 19:30:00+00:00,BL1,2023,REGULAR_SEASON,21.0,Borussia Dortmund,SC Freiburg,3,0,H
444492,2024-02-09 19:45:00+00:00,SA,2023,REGULAR_SEASON,24.0,US Salernitana 1919,Empoli FC,1,3,A
438706,2024-02-09 20:00:00+00:00,PD,2023,REGULAR_SEASON,24.0,Cádiz CF,Real Betis Balompié,0,2,A
442893,2024-02-09 20:00:00+00:00,FL1,2023,REGULAR_SEASON,21.0,Olympique de Marseille,FC Metz,1,1,D
445583,2024-02-09 20:15:00+00:00,PPL,2023,REGULAR_SEASON,21.0,CF Estrela da Amadora,Portimonense SC,3,0,H
436178,2024-02-10 12:30:00+00:00,PL,2023,REGULAR_SEASON,24.0,Manchester City FC,Everton FC,2,0,H
438704,2024-02-10 13:00:00+00:00,PD,2023,REGULAR_SEASON,24.0,Deportivo Alavés,Villarreal CF,1,1,D
444485,2024-02-10 14:00:00+00:00,SA,2023,REGULAR_SEASON,24.0,Cagliari Calcio,SS Lazio,1,3,A
441975,2024-02-10 14:30:00+00:00,BL1,2023,REGULAR_SEASON,21.0,Eintracht Frankfurt,VfL Bochum 1848,1,1,D
441977,2024-02-10 14:30:00+00:00,BL1,2023,REGULAR_SEASON,21.0,Borussia Mönchengladbach,SV Darmstadt 98,0,0,D
441970,2024-02-10 14:30:00+00:00,BL1,2023,REGULAR_SEASON,21.0,FC Augsburg,RB Leipzig,2,2,D
441976,2024-02-10 14:30:00+00:00,BL1,2023,REGULAR_SEASON,21.0,SV Werder Bremen,1. FC Heidenheim 1846,1,2,A
441972,2024-02-10 14:30:00+00:00,BL1,2023,REGULAR_SEASON,21.0,1. FC Union Berlin,VfL Wolfsburg,1,0,H
436177,2024-02-10 15:00:00+00:00,PL,2023,REGULAR_SEASON,24.0,Luton Town FC,Sheffield United FC,1,3,A
436182,2024-02-10 15:00:00+00:00,PL,2023,REGULAR_SEASON,24.0,Wolverhampton Wanderers FC,Brentford FC,0,2,A
436180,2024-02-10 15:00:00+00:00,PL,2023,REGULAR_SEASON,24.0,Tottenham Hotspur FC,Brighton & Hove Albion FC,2,1,H
436176,2024-02-10 15:00:00+00:00,PL,2023,REGULAR_SEASON,24.0,Liverpool FC,Burnley FC,3,1,H
436175,2024-02-10 15:00:00+00:00,PL,2023,REGULAR_SEASON,24.0,Fulham FC,AFC Bournemouth,3,1,H
438711,2024-02-10 15:15:00+00:00,PD,2023,REGULAR_SEASON,24.0,Real Sociedad de Fútbol,CA Osasuna,0,1,A
445588,2024-02-10 15:30:00+00:00,PPL,2023,REGULAR_SEASON,21.0,SC Farense,FC Famalicão,1,1,D
442895,2024-02-10 16:00:00+00:00,FL1,2023,REGULAR_SEASON,21.0,Racing Club de Lens,RC Strasbourg Alsace,3,1,H
444491,2024-02-10 17:00:00+00:00,SA,2023,REGULAR_SEASON,24.0,AS Roma,FC Internazionale Milano,2,4,A
438710,2024-02-10 17:30:00+00:00,PD,2023,REGULAR_SEASON,24.0,Real Madrid CF,Girona FC,4,0,H
436179,2024-02-10 17:30:00+00:00,PL,2023,REGULAR_SEASON,24.0,Nottingham Forest FC,Newcastle United FC,2,3,A
441969,2024-02-10 17:30:00+00:00,BL1,2023,REGULAR_SEASON,21.0,Bayer 04 Leverkusen,FC Bayern München,3,0,H
441668,2024-02-10 17:45:00+00:00,DED,2023,REGULAR_SEASON,21.0,SBV Excelsior,FC Twente '65,0,3,A
445585,2024-02-10 18:00:00+00:00,PPL,2023,REGULAR_SEASON,21.0,Moreirense FC,GD Chaves,1,0,H
441665,2024-02-10 19:00:00+00:00,DED,2023,REGULAR_SEASON,21.0,Almere City FC,AZ,0,0,D
444493,2024-02-10 19:45:00+00:00,SA,2023,REGULAR_SEASON,24.0,US Sassuolo Calcio,Torino FC,1,1,D
442894,2024-02-10 20:00:00+00:00,FL1,2023,REGULAR_SEASON,21.0,Paris Saint-Germain FC,Lille OSC,3,1,H
438713,2024-02-10 20:00:00+00:00,PD,2023,REGULAR_SEASON,24.0,UD Las Palmas,Valencia CF,2,0,H
441663,2024-02-10 20:00:00+00:00,DED,2023,REGULAR_SEASON,21.0,Heracles Almelo,SBV Vitesse,3,2,H
445582,2024-02-10 20:30:00+00:00,PPL,2023,REGULAR_SEASON,21.0,Boavista FC,GD Estoril Praia,2,1,H
441667,2024-02-11 11:15:00+00:00,DED,2023,REGULAR_SEASON,21.0,Go Ahead Eagles,PEC Zwolle,1,1,D
444486,2024-02-11 11:30:00+00:00,SA,2023,REGULAR_SEASON,24.0,ACF Fiorentina,Frosinone Calcio,5,1,H
442887,2024-02-11 12:00:00+00:00,FL1,2023,REGULAR_SEASON,21.0,Le Havre AC,Stade Rennais FC 1901,0,1,A
438707,2024-02-11 13:00:00+00:00,PD,2023,REGULAR_SEASON,24.0,Getafe CF,RC Celta de Vigo,3,2,H
441669,2024-02-11 13:30:00+00:00,DED,2023,REGULAR_SEASON,21.0,FC Utrecht,Fortuna Sittard,4,0,H
441670,2024-02-11 13:30:00+00:00,DED,2023,REGULAR_SEASON,21.0,SC Heerenveen,AFC Ajax,3,2,H
444490,2024-02-11 14:00:00+00:00,SA,2023,REGULAR_SEASON,24.0,AC Monza,Hellas Verona FC,0,0,D
436181,2024-02-11 14:00:00+00:00,PL,2023,REGULAR_SEASON,24.0,West Ham United FC,Arsenal FC,0,6,A
444484,2024-02-11 14:00:00+00:00,SA,2023,REGULAR_SEASON,24.0,Bologna FC 1909,US Lecce,4,0,H
442889,2024-02-11 14:00:00+00:00,FL1,2023,REGULAR_SEASON,21.0,FC Lorient,Stade de Reims,2,0,H
442890,2024-02-11 14:00:00+00:00,FL1,2023,REGULAR_SEASON,21.0,Toulouse FC,FC Nantes,1,2,A
442888,2024-02-11 14:00:00+00:00,FL1,2023,REGULAR_SEASON,21.0,Clermont Foot 63,Stade Brestois 29,1,1,D
441973,2024-02-11 14:30:00+00:00,BL1,2023,REGULAR_SEASON,21.0,VfB Stuttgart,1. FSV Mainz 05,3,1,H
438709,2024-02-11 15:15:00+00:00,PD,2023,REGULAR_SEASON,24.0,RCD Mallorca,Rayo Vallecano de Madrid,2,1,H
445586,2024-02-11 15:30:00+00:00,PPL,2023,REGULAR_SEASON,21.0,Rio Ave FC,Casa Pia AC,1,0,H
441664,2024-02-11 15:45:00+00:00,DED,2023,REGULAR_SEASON,21.0,FC Volendam,PSV,1,5,A
442891,2024-02-11 16:05:00+00:00,FL1,2023,REGULAR_SEASON,21.0,Montpellier HSC,Olympique Lyonnais,1,2,A
436173,2024-02-11 16:30:00+00:00,PL,2023,REGULAR_SEASON,24.0,Aston Villa FC,Manchester United FC,1,2,A
441974,2024-02-11 16:30:00+00:00,BL1,2023,REGULAR_SEASON,21.0,TSG 1899 Hoffenheim,1. FC Köln,1,1,D
444487,2024-02-11 17:00:00+00:00,SA,2023,REGULAR_SEASON,24.0,Genoa CFC,Atalanta BC,1,4,A
438708,2024-02-11 17:30:00+00:00,PD,2023,REGULAR_SEASON,24.0,Sevilla FC,Club Atlético de Madrid,1,0,H
445589,2024-02-11 18:00:00+00:00,PPL,2023,REGULAR_SEASON,21.0,Sporting Clube de Portugal,Sporting Clube de Braga,5,0,H
441666,2024-02-11 19:00:00+00:00,DED,2023,REGULAR_SEASON,21.0,Feyenoord Rotterdam,Sparta Rotterdam,2,0,H
442892,2024-02-11 19:45:00+00:00,FL1,2023,REGULAR_SEASON,21.0,OGC Nice,AS Monaco FC,2,3,A
444489,2024-02-11 19:45:00+00:00,SA,2023,REGULAR_SEASON,24.0,AC Milan,SSC Napoli,1,0,H
438705,2024-02-11 20:00:00+00:00,PD,2023,REGULAR_SEASON,24.0,FC Barcelona,Granada CF,3,3,D
445590,2024-02-11 20:30:00+00:00,PPL,2023,REGULAR_SEASON,21.0,Vitória SC,Sport Lisboa e Benfica,2,2,D
444488,2024-02-12 19:45:00+00:00,SA,2023,REGULAR_SEASON,24.0,Juventus FC,Udinese Calcio,0,1,A
438712,2024-02-12 20:00:00+00:00,PD,2023,REGULAR_SEASON,24.0,UD Almería,Athletic Club,0,0,D
436174,2024-02-12 20:00:00+00:00,PL,2023,REGULAR_SEASON,24.0,Crystal Palace FC,Chelsea FC,1,3,A
445584,2024-02-12 20:15:00+00:00,PPL,2023,REGULAR_SEASON,21.0,FC Arouca,FC Porto,3,2,H
445587,2024-02-13 15:30:00+00:00,PPL,2023,REGULAR_SEASON,21.0,Gil Vicente FC,FC Vizela,0,1,A
451663,2024-02-13 20:00:00+00:00,CL,2023,LAST_16,1.0,FC København,Manchester City FC,1,3,A
451664,2024-02-13 20:00:00+00:00,CL,2023,LAST_16,1.0,RB Leipzig,Real Madrid CF,0,1,A
444454,2024-02-14 18:00:00+00:00,SA,2023,REGULAR_SEASON,21.0,Bologna FC 1909,ACF Fiorentina,2,0,H
451659,2024-02-14 20:00:00+00:00,CL,2023,LAST_16,1.0,Paris Saint-Germain FC,Real Sociedad de Fútbol,2,0,H
451662,2024-02-14 20:00:00+00:00,CL,2023,LAST_16,1.0,SS Lazio,FC Bayern München,1,0,H
444502,2024-02-16 18:00:00+00:00,SA,2023,REGULAR_SEASON,25.0,Torino FC,US Lecce,2,0,H
441675,2024-02-16 19:00:00+00:00,DED,2023,REGULAR_SEASON,22.0,PSV,Heracles Almelo,2,0,H
441984,2024-02-16 19:30:00+00:00,BL1,2023,REGULAR_SEASON,22.0,1. FC Köln,SV Werder Bremen,0,1,A
442899,2024-02-16 20:00:00+00:00,FL1,2023,REGULAR_SEASON,22.0,Olympique Lyonnais,OGC Nice,1,0,H
438721,2024-02-16 20:00:00+00:00,PD,2023,REGULAR_SEASON,25.0,Villarreal CF,Getafe CF,1,1,D
444498,2024-02-16 20:00:00+00:00,SA,2023,REGULAR_SEASON,25.0,FC Internazionale Milano,US Salernitana 1919,4,0,H
445593,2024-02-16 20:15:00+00:00,PPL,2023,REGULAR_SEASON,22.0,FC Famalicão,Rio Ave FC,2,1,H
436183,2024-02-17 12:30:00+00:00,PL,2023,REGULAR_SEASON,25.0,Brentford FC,Liverpool FC,1,4,A
438715,2024-02-17 13:00:00+00:00,PD,2023,REGULAR_SEASON,25.0,Club Atlético de Madrid,UD Las Palmas,5,0,H
444501,2024-02-17 14:00:00+00:00,SA,2023,REGULAR_SEASON,25.0,SSC Napoli,Genoa CFC,1,1,D
441986,2024-02-17 14:30:00+00:00,BL1,2023,REGULAR_SEASON,22.0,SV Darmstadt 98,VfB Stuttgart,1,2,A
441985,2024-02-17 14:30:00+00:00,BL1,2023,REGULAR_SEASON,22.0,1. FSV Mainz 05,FC Augsburg,1,0,H
441981,2024-02-17 14:30:00+00:00,BL1,2023,REGULAR_SEASON,22.0,1. FC Heidenheim 1846,Bayer 04 Leverkusen,1,2,A
441980,2024-02-17 14:30:00+00:00,BL1,2023,REGULAR_SEASON,22.0,TSG 1899 Hoffenheim,1. FC Union Berlin,0,1,A
441979,2024-02-17 14:30:00+00:00,BL1,2023,REGULAR_SEASON,22.0,VfL Wolfsburg,Borussia Dortmund,1,1,D
436184,2024-02-17 15:00:00+00:00,PL,2023,REGULAR_SEASON,25.0,Burnley FC,Arsenal FC,0,5,A
436186,2024-02-17 15:00:00+00:00,PL,2023,REGULAR_SEASON,25.0,Fulham FC,Aston Villa FC,1,2,A
436192,2024-02-17 15:00:00+00:00,PL,2023,REGULAR_SEASON,25.0,Tottenham Hotspur FC,Wolverhampton Wanderers FC,1,2,A
436190,2024-02-17 15:00:00+00:00,PL,2023,REGULAR_SEASON,25.0,Nottingham Forest FC,West Ham United FC,2,0,H
436189,2024-02-17 15:00:00+00:00,PL,2023,REGULAR_SEASON,25.0,Newcastle United FC,AFC Bournemouth,2,2,D
438717,2024-02-17 15:15:00+00:00,PD,2023,REGULAR_SEASON,25.0,CA Osasuna,Cádiz CF,2,0,H
445596,2024-02-17 15:30:00+00:00,PPL,2023,REGULAR_SEASON,22.0,GD Chaves,Boavista FC,2,1,H
442900,2024-02-17 16:00:00+00:00,FL1,2023,REGULAR_SEASON,22.0,Lille OSC,Le Havre AC,3,0,H
444497,2024-02-17 17:00:00+00:00,SA,2023,REGULAR_SEASON,25.0,Hellas Verona FC,Juventus FC,2,2,D
441983,2024-02-17 17:30:00+00:00,BL1,2023,REGULAR_SEASON,22.0,RB Leipzig,Borussia Mönchengladbach,2,0,H
436188,2024-02-17 17:30:00+00:00,PL,2023,REGULAR_SEASON,25.0,Manchester City FC,Chelsea FC,1,1,D
438718,2024-02-17 17:30:00+00:00,PD,2023,REGULAR_SEASON,25.0,RC Celta de Vigo,FC Barcelona,1,2,A
441671,2024-02-17 17:45:00+00:00,DED,2023,REGULAR_SEASON,22.0,Sparta Rotterdam,SBV Excelsior,4,2,H
441678,2024-02-17 17:45:00+00:00,DED,2023,REGULAR_SEASON,22.0,Fortuna Sittard,AZ,1,2,A
445598,2024-02-17 18:00:00+00:00,PPL,2023,REGULAR_SEASON,22.0,Portimonense SC,Vitória SC,1,1,D
444494,2024-02-17 19:45:00+00:00,SA,2023,REGULAR_SEASON,25.0,Atalanta BC,US Sassuolo Calcio,3,0,H
442897,2024-02-17 20:00:00+00:00,FL1,2023,REGULAR_SEASON,22.0,FC Nantes,Paris Saint-Germain FC,0,2,A
441674,2024-02-17 20:00:00+00:00,DED,2023,REGULAR_SEASON,22.0,PEC Zwolle,Almere City FC,0,1,A
438720,2024-02-17 20:00:00+00:00,PD,2023,REGULAR_SEASON,25.0,Valencia CF,Sevilla FC,0,0,D
441673,2024-02-17 20:00:00+00:00,DED,2023,REGULAR_SEASON,22.0,SC Heerenveen,Go Ahead Eagles,0,2,A
445595,2024-02-17 20:30:00+00:00,PPL,2023,REGULAR_SEASON,22.0,FC Porto,CF Estrela da Amadora,2,0,H
441677,2024-02-18 11:15:00+00:00,DED,2023,REGULAR_SEASON,22.0,FC Twente '65,FC Utrecht,0,1,A
444499,2024-02-18 11:30:00+00:00,SA,2023,REGULAR_SEASON,25.0,SS Lazio,Bologna FC 1909,1,2,A
442901,2024-02-18 12:00:00+00:00,FL1,2023,REGULAR_SEASON,22.0,RC Strasbourg Alsace,FC Lorient,1,3,A
438722,2024-02-18 13:00:00+00:00,PD,2023,REGULAR_SEASON,25.0,Rayo Vallecano de Madrid,Real Madrid CF,1,1,D
441676,2024-02-18 13:30:00+00:00,DED,2023,REGULAR_SEASON,22.0,AFC Ajax,NEC,2,2,D
441679,2024-02-18 13:30:00+00:00,DED,2023,REGULAR_SEASON,22.0,SBV Vitesse,FC Volendam,1,1,D
444495,2024-02-18 14:00:00+00:00,SA,2023,REGULAR_SEASON,25.0,Empoli FC,ACF Fiorentina,1,1,D
444503,2024-02-18 14:00:00+00:00,SA,2023,REGULAR_SEASON,25.0,Udinese Calcio,Cagliari Calcio,1,1,D
442896,2024-02-18 14:00:00+00:00,FL1,2023,REGULAR_SEASON,22.0,AS Monaco FC,Toulouse FC,1,2,A
442904,2024-02-18 14:00:00+00:00,FL1,2023,REGULAR_SEASON,22.0,Stade Rennais FC 1901,Clermont Foot 63,3,1,H
436191,2024-02-18 14:00:00+00:00,PL,2023,REGULAR_SEASON,25.0,Sheffield United FC,Brighton & Hove Albion FC,0,5,A
442898,2024-02-18 14:00:00+00:00,FL1,2023,REGULAR_SEASON,22.0,Montpellier HSC,FC Metz,3,0,H
441982,2024-02-18 14:30:00+00:00,BL1,2023,REGULAR_SEASON,22.0,SC Freiburg,Eintracht Frankfurt,3,3,D
438719,2024-02-18 15:15:00+00:00,PD,2023,REGULAR_SEASON,25.0,Granada CF,UD Almería,1,1,D
445592,2024-02-18 15:30:00+00:00,PPL,2023,REGULAR_SEASON,22.0,Casa Pia AC,FC Arouca,1,0,H
441672,2024-02-18 15:45:00+00:00,DED,2023,REGULAR_SEASON,22.0,Feyenoord Rotterdam,RKC Waalwijk,1,0,H
442903,2024-02-18 16:05:00+00:00,FL1,2023,REGULAR_SEASON,22.0,Stade de Reims,Racing Club de Lens,1,1,D
436187,2024-02-18 16:30:00+00:00,PL,2023,REGULAR_SEASON,25.0,Luton Town FC,Manchester United FC,1,2,A
441978,2024-02-18 16:30:00+00:00,BL1,2023,REGULAR_SEASON,22.0,VfL Bochum 1848,FC Bayern München,3,2,H
444496,2024-02-18 17:00:00+00:00,SA,2023,REGULAR_SEASON,25.0,Frosinone Calcio,AS Roma,0,3,A
438723,2024-02-18 17:30:00+00:00,PD,2023,REGULAR_SEASON,25.0,RCD Mallorca,Real Sociedad de Fútbol,1,2,A
445591,2024-02-18 18:00:00+00:00,PPL,2023,REGULAR_SEASON,22.0,Sport Lisboa e Benfica,FC Vizela,6,1,H
445597,2024-02-18 18:00:00+00:00,PPL,2023,REGULAR_SEASON,22.0,GD Estoril Praia,Gil Vicente FC,1,3,A
442902,2024-02-18 19:45:00+00:00,FL1,2023,REGULAR_SEASON,22.0,Stade Brestois 29,Olympique de Marseille,1,0,H
444500,2024-02-18 19:45:00+00:00,SA,2023,REGULAR_SEASON,25.0,AC Monza,AC Milan,4,2,H
438716,2024-02-18 20:00:00+00:00,PD,2023,REGULAR_SEASON,25.0,Real Betis Balompié,Deportivo Alavés,0,0,D
445599,2024-02-18 20:30:00+00:00,PPL,2023,REGULAR_SEASON,22.0,Sporting Clube de Braga,SC Farense,2,1,H
436185,2024-02-19 20:00:00+00:00,PL,2023,REGULAR_SEASON,25.0,Everton FC,Crystal Palace FC,1,1,D
438714,2024-02-19 20:00:00+00:00,PD,2023,REGULAR_SEASON,25.0,Athletic Club,Girona FC,3,2,H
445594,2024-02-19 20:15:00+00:00,PPL,2023,REGULAR_SEASON,22.0,Moreirense FC,Sporting Clube de Portugal,0,2,A
436118,2024-02-20 19:30:00+00:00,PL,2023,REGULAR_SEASON,18.0,Manchester City FC,Brentford FC,1,0,H
451660,2024-02-20 20:00:00+00:00,CL,2023,LAST_16,1.0,FC Internazionale Milano,Club Atlético de Madrid,1,0,H
451661,2024-02-20 20:00:00+00:00,CL,2023,LAST_16,1.0,PSV,Borussia Dortmund,1,1,D
436199,2024-02-21 19:30:00+00:00,PL,2023,REGULAR_SEASON,26.0,Liverpool FC,Luton Town FC,4,1,H
451658,2024-02-21 20:00:00+00:00,CL,2023,LAST_16,1.0,SSC Napoli,FC Barcelona,1,1,D
451657,2024-02-21 20:00:00+00:00,CL,2023,LAST_16,1.0,FC Porto,Arsenal FC,1,0,H
444462,2024-02-22 19:45:00+00:00,SA,2023,REGULAR_SEASON,21.0,Torino FC,SS Lazio,0,2,A
441683,2024-02-23 19:00:00+00:00,DED,2023,REGULAR_SEASON,23.0,FC Utrecht,Heracles Almelo,1,0,H
441990,2024-02-23 19:30:00+00:00,BL1,2023,REGULAR_SEASON,23.0,Bayer 04 Leverkusen,1. FSV Mainz 05,2,1,H
444504,2024-02-23 19:45:00+00:00,SA,2023,REGULAR_SEASON,26.0,Bologna FC 1909,Hellas Verona FC,2,0,H
438731,2024-02-23 20:00:00+00:00,PD,2023,REGULAR_SEASON,26.0,Real Sociedad de Fútbol,Villarreal CF,1,3,A
442907,2024-02-23 20:00:00+00:00,FL1,2023,REGULAR_SEASON,23.0,FC Metz,Olympique Lyonnais,1,2,A
445603,2024-02-23 20:15:00+00:00,PPL,2023,REGULAR_SEASON,23.0,FC Arouca,FC Famalicão,3,2,H
444513,2024-02-24 14:00:00+00:00,SA,2023,REGULAR_SEASON,26.0,US Sassuolo Calcio,Empoli FC,2,3,A
441995,2024-02-24 14:30:00+00:00,BL1,2023,REGULAR_SEASON,23.0,SV Werder Bremen,SV Darmstadt 98,1,1,D
441991,2024-02-24 14:30:00+00:00,BL1,2023,REGULAR_SEASON,23.0,VfB Stuttgart,1. FC Köln,1,1,D
441994,2024-02-24 14:30:00+00:00,BL1,2023,REGULAR_SEASON,23.0,1. FC Union Berlin,1. FC Heidenheim 1846,2,2,D
441993,2024-02-24 14:40:00+00:00,BL1,2023,REGULAR_SEASON,23.0,Borussia Mönchengladbach,VfL Bochum 1848,5,2,H
436195,2024-02-24 15:00:00+00:00,PL,2023,REGULAR_SEASON,26.0,Aston Villa FC,Nottingham Forest FC,4,2,H
436196,2024-02-24 15:00:00+00:00,PL,2023,REGULAR_SEASON,26.0,Brighton & Hove Albion FC,Everton FC,1,1,D
436198,2024-02-24 15:00:00+00:00,PL,2023,REGULAR_SEASON,26.0,Crystal Palace FC,Burnley FC,3,0,H
436200,2024-02-24 15:00:00+00:00,PL,2023,REGULAR_SEASON,26.0,Manchester United FC,Fulham FC,1,2,A
438726,2024-02-24 15:15:00+00:00,PD,2023,REGULAR_SEASON,26.0,FC Barcelona,Getafe CF,4,0,H
445607,2024-02-24 15:30:00+00:00,PPL,2023,REGULAR_SEASON,23.0,SC Farense,Moreirense FC,0,1,A
442906,2024-02-24 16:00:00+00:00,FL1,2023,REGULAR_SEASON,23.0,FC Lorient,FC Nantes,0,1,A
444512,2024-02-24 17:00:00+00:00,SA,2023,REGULAR_SEASON,26.0,US Salernitana 1919,AC Monza,0,2,A
438725,2024-02-24 17:30:00+00:00,PD,2023,REGULAR_SEASON,26.0,Deportivo Alavés,RCD Mallorca,1,1,D
441987,2024-02-24 17:30:00+00:00,BL1,2023,REGULAR_SEASON,23.0,FC Bayern München,RB Leipzig,2,1,H
436193,2024-02-24 17:30:00+00:00,PL,2023,REGULAR_SEASON,26.0,AFC Bournemouth,Manchester City FC,0,1,A
441681,2024-02-24 17:45:00+00:00,DED,2023,REGULAR_SEASON,23.0,RKC Waalwijk,Fortuna Sittard,0,1,A
445602,2024-02-24 18:00:00+00:00,PPL,2023,REGULAR_SEASON,23.0,CF Estrela da Amadora,GD Chaves,1,1,D
441686,2024-02-24 19:00:00+00:00,DED,2023,REGULAR_SEASON,23.0,PEC Zwolle,PSV,1,7,A
444507,2024-02-24 19:45:00+00:00,SA,2023,REGULAR_SEASON,26.0,Genoa CFC,Udinese Calcio,2,0,H
436194,2024-02-24 20:00:00+00:00,PL,2023,REGULAR_SEASON,26.0,Arsenal FC,Newcastle United FC,4,1,H
442912,2024-02-24 20:00:00+00:00,FL1,2023,REGULAR_SEASON,23.0,RC Strasbourg Alsace,Stade Brestois 29,0,3,A
441684,2024-02-24 20:00:00+00:00,DED,2023,REGULAR_SEASON,23.0,NEC,Sparta Rotterdam,2,0,H
438732,2024-02-24 20:00:00+00:00,PD,2023,REGULAR_SEASON,26.0,UD Almería,Club Atlético de Madrid,2,2,D
445608,2024-02-24 20:30:00+00:00,PPL,2023,REGULAR_SEASON,23.0,Vitória SC,Casa Pia AC,0,2,A
441680,2024-02-25 11:15:00+00:00,DED,2023,REGULAR_SEASON,23.0,SBV Excelsior,SBV Vitesse,1,2,A
444508,2024-02-25 11:30:00+00:00,SA,2023,REGULAR_SEASON,26.0,Juventus FC,Frosinone Calcio,3,2,H
442913,2024-02-25 12:00:00+00:00,FL1,2023,REGULAR_SEASON,23.0,Racing Club de Lens,AS Monaco FC,2,3,A
438727,2024-02-25 13:00:00+00:00,PD,2023,REGULAR_SEASON,26.0,Cádiz CF,RC Celta de Vigo,2,2,D
441685,2024-02-25 13:30:00+00:00,DED,2023,REGULAR_SEASON,23.0,Almere City FC,Feyenoord Rotterdam,0,2,A
441687,2024-02-25 13:30:00+00:00,DED,2023,REGULAR_SEASON,23.0,FC Twente '65,Go Ahead Eagles,3,0,H
436202,2024-02-25 13:30:00+00:00,PL,2023,REGULAR_SEASON,26.0,Wolverhampton Wanderers FC,Sheffield United FC,1,0,H
442909,2024-02-25 14:00:00+00:00,FL1,2023,REGULAR_SEASON,23.0,OGC Nice,Clermont Foot 63,0,0,D
442905,2024-02-25 14:00:00+00:00,FL1,2023,REGULAR_SEASON,23.0,Le Havre AC,Stade de Reims,1,2,A
442908,2024-02-25 14:00:00+00:00,FL1,2023,REGULAR_SEASON,23.0,Toulouse FC,Lille OSC,3,1,H
444505,2024-02-25 14:00:00+00:00,SA,2023,REGULAR_SEASON,26.0,Cagliari Calcio,SSC Napoli,1,1,D
441989,2024-02-25 14:30:00+00:00,BL1,2023,REGULAR_SEASON,23.0,Eintracht Frankfurt,VfL Wolfsburg,2,2,D
438724,2024-02-25 15:15:00+00:00,PD,2023,REGULAR_SEASON,26.0,Real Betis Balompié,Athletic Club,3,1,H
445605,2024-02-25 15:30:00+00:00,PPL,2023,REGULAR_SEASON,23.0,FC Vizela,GD Estoril Praia,3,3,D
441688,2024-02-25 15:45:00+00:00,DED,2023,REGULAR_SEASON,23.0,AZ,AFC Ajax,2,0,H
442911,2024-02-25 16:05:00+00:00,FL1,2023,REGULAR_SEASON,23.0,Paris Saint-Germain FC,Stade Rennais FC 1901,1,1,D
441992,2024-02-25 16:30:00+00:00,BL1,2023,REGULAR_SEASON,23.0,Borussia Dortmund,TSG 1899 Hoffenheim,2,3,A
444509,2024-02-25 17:00:00+00:00,SA,2023,REGULAR_SEASON,26.0,US Lecce,FC Internazionale Milano,0,4,A
438733,2024-02-25 17:30:00+00:00,PD,2023,REGULAR_SEASON,26.0,UD Las Palmas,CA Osasuna,1,1,D
445600,2024-02-25 18:00:00+00:00,PPL,2023,REGULAR_SEASON,23.0,Sport Lisboa e Benfica,Portimonense SC,4,0,H
445606,2024-02-25 18:00:00+00:00,PPL,2023,REGULAR_SEASON,23.0,Gil Vicente FC,FC Porto,1,1,D
441988,2024-02-25 18:30:00+00:00,BL1,2023,REGULAR_SEASON,23.0,FC Augsburg,SC Freiburg,2,1,H
441682,2024-02-25 19:00:00+00:00,DED,2023,REGULAR_SEASON,23.0,FC Volendam,SC Heerenveen,0,4,A
444510,2024-02-25 19:45:00+00:00,SA,2023,REGULAR_SEASON,26.0,AC Milan,Atalanta BC,1,1,D
442910,2024-02-25 19:45:00+00:00,FL1,2023,REGULAR_SEASON,23.0,Olympique de Marseille,Montpellier HSC,4,1,H
438730,2024-02-25 20:00:00+00:00,PD,2023,REGULAR_SEASON,26.0,Real Madrid CF,Sevilla FC,1,0,H
445604,2024-02-25 20:30:00+00:00,PPL,2023,REGULAR_SEASON,23.0,Rio Ave FC,Sporting Clube de Portugal,3,3,D
444511,2024-02-26 17:30:00+00:00,SA,2023,REGULAR_SEASON,26.0,AS Roma,Torino FC,3,2,H
444506,2024-02-26 19:45:00+00:00,SA,2023,REGULAR_SEASON,26.0,ACF Fiorentina,SS Lazio,2,1,H
438728,2024-02-26 20:00:00+00:00,PD,2023,REGULAR_SEASON,26.0,Girona FC,Rayo Vallecano de Madrid,3,0,H
436201,2024-02-26 20:00:00+00:00,PL,2023,REGULAR_SEASON,26.0,West Ham United FC,Brentford FC,4,2,H
445601,2024-02-26 20:15:00+00:00,PPL,2023,REGULAR_SEASON,23.0,Boavista FC,Sporting Clube de Braga,0,4,A
444461,2024-02-28 17:00:00+00:00,SA,2023,REGULAR_SEASON,21.0,US Sassuolo Calcio,SSC Napoli,1,6,A
444457,2024-02-28 19:45:00+00:00,SA,2023,REGULAR_SEASON,21.0,FC Internazionale Milano,Atalanta BC,4,0,H
441689,2024-03-01 19:00:00+00:00,DED,2023,REGULAR_SEASON,24.0,FC Volendam,NEC,2,5,A
441996,2024-03-01 19:30:00+00:00,BL1,2023,REGULAR_SEASON,24.0,SC Freiburg,FC Bayern München,2,2,D
444519,2024-03-01 19:45:00+00:00,SA,2023,REGULAR_SEASON,27.0,SS Lazio,AC Milan,0,1,A
442914,2024-03-01 20:00:00+00:00,FL1,2023,REGULAR_SEASON,24.0,AS Monaco FC,Paris Saint-Germain FC,0,0,D
438737,2024-03-01 20:00:00+00:00,PD,2023,REGULAR_SEASON,27.0,RC Celta de Vigo,UD Almería,1,0,H
445613,2024-03-01 20:15:00+00:00,PPL,2023,REGULAR_SEASON,24.0,GD Chaves,FC Arouca,1,5,A
438739,2024-03-02 13:00:00+00:00,PD,2023,REGULAR_SEASON,27.0,Sevilla FC,Real Sociedad de Fútbol,3,2,H
444523,2024-03-02 14:00:00+00:00,SA,2023,REGULAR_SEASON,27.0,Udinese Calcio,US Salernitana 1919,1,1,D
441998,2024-03-02 14:30:00+00:00,BL1,2023,REGULAR_SEASON,24.0,VfL Bochum 1848,RB Leipzig,1,4,A
442000,2024-03-02 14:30:00+00:00,BL1,2023,REGULAR_SEASON,24.0,1. FC Heidenheim 1846,Eintracht Frankfurt,1,2,A
442003,2024-03-02 14:30:00+00:00,BL1,2023,REGULAR_SEASON,24.0,SV Darmstadt 98,FC Augsburg,0,6,A
442001,2024-03-02 14:30:00+00:00,BL1,2023,REGULAR_SEASON,24.0,1. FSV Mainz 05,Borussia Mönchengladbach,1,1,D
441997,2024-03-02 14:30:00+00:00,BL1,2023,REGULAR_SEASON,24.0,1. FC Union Berlin,Borussia Dortmund,0,2,A
436203,2024-03-02 15:00:00+00:00,PL,2023,REGULAR_SEASON,27.0,Brentford FC,Chelsea FC,2,2,D
436205,2024-03-02 15:00:00+00:00,PL,2023,REGULAR_SEASON,27.0,Everton FC,West Ham United FC,1,3,A
436206,2024-03-02 15:00:00+00:00,PL,2023,REGULAR_SEASON,27.0,Fulham FC,Brighton & Hove Albion FC,3,0,H
436209,2024-03-02 15:00:00+00:00,PL,2023,REGULAR_SEASON,27.0,Newcastle United FC,Wolverhampton Wanderers FC,3,0,H
436210,2024-03-02 15:00:00+00:00,PL,2023,REGULAR_SEASON,27.0,Nottingham Forest FC,Liverpool FC,0,1,A
436212,2024-03-02 15:00:00+00:00,PL,2023,REGULAR_SEASON,27.0,Tottenham Hotspur FC,Crystal Palace FC,3,1,H
438742,2024-03-02 15:15:00+00:00,PD,2023,REGULAR_SEASON,27.0,Rayo Vallecano de Madrid,Cádiz CF,1,1,D
445611,2024-03-02 15:30:00+00:00,PPL,2023,REGULAR_SEASON,24.0,Moreirense FC,Rio Ave FC,0,0,D
442921,2024-03-02 16:00:00+00:00,FL1,2023,REGULAR_SEASON,24.0,Stade de Reims,Lille OSC,0,1,A
444520,2024-03-02 17:00:00+00:00,SA,2023,REGULAR_SEASON,27.0,AC Monza,AS Roma,1,4,A
438738,2024-03-02 17:30:00+00:00,PD,2023,REGULAR_SEASON,27.0,Getafe CF,UD Las Palmas,3,3,D
436207,2024-03-02 17:30:00+00:00,PL,2023,REGULAR_SEASON,27.0,Luton Town FC,Aston Villa FC,2,3,A
442004,2024-03-02 17:30:00+00:00,BL1,2023,REGULAR_SEASON,24.0,VfL Wolfsburg,VfB Stuttgart,2,3,A
441691,2024-03-02 17:45:00+00:00,DED,2023,REGULAR_SEASON,24.0,Go Ahead Eagles,RKC Waalwijk,1,0,H
445614,2024-03-02 18:00:00+00:00,PPL,2023,REGULAR_SEASON,24.0,GD Estoril Praia,Vitória SC,1,3,A
441694,2024-03-02 19:00:00+00:00,DED,2023,REGULAR_SEASON,24.0,SBV Vitesse,FC Twente '65,1,2,A
444522,2024-03-02 19:45:00+00:00,SA,2023,REGULAR_SEASON,27.0,Torino FC,ACF Fiorentina,0,0,D
438740,2024-03-02 20:00:00+00:00,PD,2023,REGULAR_SEASON,27.0,Valencia CF,Real Madrid CF,2,2,D
441693,2024-03-02 20:00:00+00:00,DED,2023,REGULAR_SEASON,24.0,Sparta Rotterdam,AZ,1,1,D
442915,2024-03-02 20:00:00+00:00,FL1,2023,REGULAR_SEASON,24.0,Clermont Foot 63,Olympique de Marseille,1,5,A
445616,2024-03-02 20:30:00+00:00,PPL,2023,REGULAR_SEASON,24.0,Sporting Clube de Braga,CF Estrela da Amadora,3,0,H
441695,2024-03-03 11:15:00+00:00,DED,2023,REGULAR_SEASON,24.0,AFC Ajax,FC Utrecht,2,0,H
444517,2024-03-03 11:30:00+00:00,SA,2023,REGULAR_SEASON,27.0,Hellas Verona FC,US Sassuolo Calcio,1,0,H
442917,2024-03-03 12:00:00+00:00,FL1,2023,REGULAR_SEASON,24.0,Toulouse FC,OGC Nice,2,1,H
438741,2024-03-03 13:00:00+00:00,PD,2023,REGULAR_SEASON,27.0,Villarreal CF,Granada CF,5,1,H
436204,2024-03-03 13:00:00+00:00,PL,2023,REGULAR_SEASON,27.0,Burnley FC,AFC Bournemouth,0,2,A
441690,2024-03-03 13:30:00+00:00,DED,2023,REGULAR_SEASON,24.0,PSV,Feyenoord Rotterdam,2,2,D
441696,2024-03-03 13:30:00+00:00,DED,2023,REGULAR_SEASON,24.0,SC Heerenveen,PEC Zwolle,2,0,H
442920,2024-03-03 14:00:00+00:00,FL1,2023,REGULAR_SEASON,24.0,Stade Brestois 29,Le Havre AC,1,0,H
442918,2024-03-03 14:00:00+00:00,FL1,2023,REGULAR_SEASON,24.0,Montpellier HSC,RC Strasbourg Alsace,2,2,D
442916,2024-03-03 14:00:00+00:00,FL1,2023,REGULAR_SEASON,24.0,FC Nantes,FC Metz,0,2,A
444515,2024-03-03 14:00:00+00:00,SA,2023,REGULAR_SEASON,27.0,Empoli FC,Cagliari Calcio,0,1,A
444516,2024-03-03 14:00:00+00:00,SA,2023,REGULAR_SEASON,27.0,Frosinone Calcio,US Lecce,1,1,D
441999,2024-03-03 14:30:00+00:00,BL1,2023,REGULAR_SEASON,24.0,1. FC Köln,Bayer 04 Leverkusen,0,2,A
438735,2024-03-03 15:15:00+00:00,PD,2023,REGULAR_SEASON,27.0,Club Atlético de Madrid,Real Betis Balompié,2,1,H
445609,2024-03-03 15:30:00+00:00,PPL,2023,REGULAR_SEASON,24.0,Casa Pia AC,Gil Vicente FC,0,0,D
436208,2024-03-03 15:30:00+00:00,PL,2023,REGULAR_SEASON,27.0,Manchester City FC,Manchester United FC,3,1,H
445615,2024-03-03 15:30:00+00:00,PPL,2023,REGULAR_SEASON,24.0,Portimonense SC,FC Vizela,0,0,D
441697,2024-03-03 15:45:00+00:00,DED,2023,REGULAR_SEASON,24.0,Fortuna Sittard,SBV Excelsior,5,2,H
442922,2024-03-03 16:05:00+00:00,FL1,2023,REGULAR_SEASON,24.0,Stade Rennais FC 1901,FC Lorient,1,2,A
442002,2024-03-03 16:30:00+00:00,BL1,2023,REGULAR_SEASON,24.0,TSG 1899 Hoffenheim,SV Werder Bremen,2,1,H
444514,2024-03-03 17:00:00+00:00,SA,2023,REGULAR_SEASON,27.0,Atalanta BC,Bologna FC 1909,1,2,A
438743,2024-03-03 17:30:00+00:00,PD,2023,REGULAR_SEASON,27.0,RCD Mallorca,Girona FC,1,0,H
445617,2024-03-03 18:00:00+00:00,PPL,2023,REGULAR_SEASON,24.0,Sporting Clube de Portugal,SC Farense,3,2,H
441692,2024-03-03 19:00:00+00:00,DED,2023,REGULAR_SEASON,24.0,Heracles Almelo,Almere City FC,2,2,D
442919,2024-03-03 19:45:00+00:00,FL1,2023,REGULAR_SEASON,24.0,Olympique Lyonnais,Racing Club de Lens,0,3,A
444521,2024-03-03 19:45:00+00:00,SA,2023,REGULAR_SEASON,27.0,SSC Napoli,Juventus FC,2,1,H
438734,2024-03-03 20:00:00+00:00,PD,2023,REGULAR_SEASON,27.0,Athletic Club,FC Barcelona,0,0,D
445612,2024-03-03 20:30:00+00:00,PPL,2023,REGULAR_SEASON,24.0,FC Porto,Sport Lisboa e Benfica,5,0,H
444518,2024-03-04 19:45:00+00:00,SA,2023,REGULAR_SEASON,27.0,FC Internazionale Milano,Genoa CFC,2,1,H
438736,2024-03-04 20:00:00+00:00,PD,2023,REGULAR_SEASON,27.0,CA Osasuna,Deportivo Alavés,1,0,H
436211,2024-03-04 20:00:00+00:00,PL,2023,REGULAR_SEASON,27.0,Sheffield United FC,Arsenal FC,0,6,A
445610,2024-03-04 20:15:00+00:00,PPL,2023,REGULAR_SEASON,24.0,FC Famalicão,Boavista FC,1,1,D
451667,2024-03-05 20:00:00+00:00,CL,2023,LAST_16,2.0,Real Sociedad de Fútbol,Paris Saint-Germain FC,1,2,A
451670,2024-03-05 20:00:00+00:00,CL,2023,LAST_16,2.0,FC Bayern München,SS Lazio,3,0,H
451671,2024-03-06 20:00:00+00:00,CL,2023,LAST_16,2.0,Manchester City FC,FC København,3,1,H
451672,2024-03-06 20:00:00+00:00,CL,2023,LAST_16,2.0,Real Madrid CF,RB Leipzig,1,1,D
445625,2024-03-08 18:45:00+00:00,PPL,2023,REGULAR_SEASON,25.0,Portimonense SC,FC Porto,0,3,A
441700,2024-03-08 19:00:00+00:00,DED,2023,REGULAR_SEASON,25.0,Go Ahead Eagles,PSV,0,1,A
442006,2024-03-08 19:30:00+00:00,BL1,2023,REGULAR_SEASON,25.0,VfB Stuttgart,1. FC Union Berlin,2,0,H
444532,2024-03-08 19:45:00+00:00,SA,2023,REGULAR_SEASON,28.0,SSC Napoli,Torino FC,1,1,D
442926,2024-03-08 20:00:00+00:00,FL1,2023,REGULAR_SEASON,25.0,OGC Nice,Montpellier HSC,1,2,A
438746,2024-03-08 20:00:00+00:00,PD,2023,REGULAR_SEASON,28.0,FC Barcelona,RCD Mallorca,1,0,H
445620,2024-03-08 20:45:00+00:00,PPL,2023,REGULAR_SEASON,25.0,CF Estrela da Amadora,Casa Pia AC,3,1,H
436220,2024-03-09 12:30:00+00:00,PL,2023,REGULAR_SEASON,28.0,Manchester United FC,Everton FC,2,0,H
438750,2024-03-09 13:00:00+00:00,PD,2023,REGULAR_SEASON,28.0,Valencia CF,Getafe CF,1,0,H
444525,2024-03-09 14:00:00+00:00,SA,2023,REGULAR_SEASON,28.0,Cagliari Calcio,US Salernitana 1919,4,2,H
444533,2024-03-09 14:00:00+00:00,SA,2023,REGULAR_SEASON,28.0,US Sassuolo Calcio,Frosinone Calcio,1,0,H
442009,2024-03-09 14:30:00+00:00,BL1,2023,REGULAR_SEASON,25.0,FC Bayern München,1. FSV Mainz 05,8,1,H
442010,2024-03-09 14:30:00+00:00,BL1,2023,REGULAR_SEASON,25.0,Borussia Mönchengladbach,1. FC Köln,3,3,D
442012,2024-03-09 14:30:00+00:00,BL1,2023,REGULAR_SEASON,25.0,FC Augsburg,1. FC Heidenheim 1846,1,0,H
442013,2024-03-09 14:30:00+00:00,BL1,2023,REGULAR_SEASON,25.0,RB Leipzig,SV Darmstadt 98,2,0,H
436218,2024-03-09 15:00:00+00:00,PL,2023,REGULAR_SEASON,28.0,Crystal Palace FC,Luton Town FC,1,1,D
436213,2024-03-09 15:00:00+00:00,PL,2023,REGULAR_SEASON,28.0,AFC Bournemouth,Sheffield United FC,2,2,D
436222,2024-03-09 15:00:00+00:00,PL,2023,REGULAR_SEASON,28.0,Wolverhampton Wanderers FC,Fulham FC,2,1,H
438747,2024-03-09 15:15:00+00:00,PD,2023,REGULAR_SEASON,28.0,Cádiz CF,Club Atlético de Madrid,2,0,H
445623,2024-03-09 15:30:00+00:00,PPL,2023,REGULAR_SEASON,25.0,FC Vizela,SC Farense,2,1,H
442924,2024-03-09 16:00:00+00:00,FL1,2023,REGULAR_SEASON,25.0,FC Lorient,Olympique Lyonnais,0,2,A
444524,2024-03-09 17:00:00+00:00,SA,2023,REGULAR_SEASON,28.0,Bologna FC 1909,FC Internazionale Milano,0,1,A
438749,2024-03-09 17:30:00+00:00,PD,2023,REGULAR_SEASON,28.0,Granada CF,Real Sociedad de Fútbol,2,3,A
442005,2024-03-09 17:30:00+00:00,BL1,2023,REGULAR_SEASON,25.0,SV Werder Bremen,Borussia Dortmund,1,2,A
436214,2024-03-09 17:30:00+00:00,PL,2023,REGULAR_SEASON,28.0,Arsenal FC,Brentford FC,2,1,H
441705,2024-03-09 17:45:00+00:00,DED,2023,REGULAR_SEASON,25.0,FC Twente '65,Sparta Rotterdam,2,1,H
445622,2024-03-09 18:00:00+00:00,PPL,2023,REGULAR_SEASON,25.0,Rio Ave FC,Sporting Clube de Braga,0,0,D
445619,2024-03-09 18:00:00+00:00,PPL,2023,REGULAR_SEASON,25.0,Boavista FC,Moreirense FC,1,0,H
441698,2024-03-09 19:00:00+00:00,DED,2023,REGULAR_SEASON,25.0,Almere City FC,FC Utrecht,1,1,D
444527,2024-03-09 19:45:00+00:00,SA,2023,REGULAR_SEASON,28.0,Genoa CFC,AC Monza,2,3,A
442931,2024-03-09 20:00:00+00:00,FL1,2023,REGULAR_SEASON,25.0,Racing Club de Lens,Stade Brestois 29,1,0,H
441703,2024-03-09 20:00:00+00:00,DED,2023,REGULAR_SEASON,25.0,RKC Waalwijk,SBV Vitesse,3,1,H
438748,2024-03-09 20:00:00+00:00,PD,2023,REGULAR_SEASON,28.0,Girona FC,CA Osasuna,2,0,H
445626,2024-03-09 20:30:00+00:00,PPL,2023,REGULAR_SEASON,25.0,Vitória SC,FC Famalicão,1,0,H
441706,2024-03-10 11:15:00+00:00,DED,2023,REGULAR_SEASON,25.0,AZ,SBV Excelsior,4,0,H
444530,2024-03-10 11:30:00+00:00,SA,2023,REGULAR_SEASON,28.0,US Lecce,Hellas Verona FC,0,1,A
442929,2024-03-10 12:00:00+00:00,FL1,2023,REGULAR_SEASON,25.0,Paris Saint-Germain FC,Stade de Reims,2,2,D
436215,2024-03-10 13:00:00+00:00,PL,2023,REGULAR_SEASON,28.0,Aston Villa FC,Tottenham Hotspur FC,0,4,A
438745,2024-03-10 13:00:00+00:00,PD,2023,REGULAR_SEASON,28.0,Deportivo Alavés,Rayo Vallecano de Madrid,1,0,H
441701,2024-03-10 13:30:00+00:00,DED,2023,REGULAR_SEASON,25.0,PEC Zwolle,FC Volendam,1,1,D
441704,2024-03-10 13:30:00+00:00,DED,2023,REGULAR_SEASON,25.0,AFC Ajax,Fortuna Sittard,2,2,D
444531,2024-03-10 14:00:00+00:00,SA,2023,REGULAR_SEASON,28.0,AC Milan,Empoli FC,1,0,H
442923,2024-03-10 14:00:00+00:00,FL1,2023,REGULAR_SEASON,25.0,Le Havre AC,Toulouse FC,1,0,H
442925,2024-03-10 14:00:00+00:00,FL1,2023,REGULAR_SEASON,25.0,FC Metz,Clermont Foot 63,1,0,H
442930,2024-03-10 14:00:00+00:00,FL1,2023,REGULAR_SEASON,25.0,RC Strasbourg Alsace,AS Monaco FC,0,1,A
436221,2024-03-10 14:00:00+00:00,PL,2023,REGULAR_SEASON,28.0,West Ham United FC,Burnley FC,2,2,D
436216,2024-03-10 14:00:00+00:00,PL,2023,REGULAR_SEASON,28.0,Brighton & Hove Albion FC,Nottingham Forest FC,1,0,H
442007,2024-03-10 14:30:00+00:00,BL1,2023,REGULAR_SEASON,25.0,VfL Bochum 1848,SC Freiburg,1,2,A
438753,2024-03-10 15:15:00+00:00,PD,2023,REGULAR_SEASON,28.0,UD Las Palmas,Athletic Club,0,2,A
441702,2024-03-10 15:45:00+00:00,DED,2023,REGULAR_SEASON,25.0,NEC,SC Heerenveen,2,0,H
436219,2024-03-10 15:45:00+00:00,PL,2023,REGULAR_SEASON,28.0,Liverpool FC,Manchester City FC,1,1,D
442928,2024-03-10 16:00:00+00:00,FL1,2023,REGULAR_SEASON,25.0,Lille OSC,Stade Rennais FC 1901,2,2,D
442011,2024-03-10 16:30:00+00:00,BL1,2023,REGULAR_SEASON,25.0,Eintracht Frankfurt,TSG 1899 Hoffenheim,3,1,H
444528,2024-03-10 17:00:00+00:00,SA,2023,REGULAR_SEASON,28.0,Juventus FC,Atalanta BC,2,2,D
438751,2024-03-10 17:30:00+00:00,PD,2023,REGULAR_SEASON,28.0,Real Madrid CF,RC Celta de Vigo,4,0,H
445621,2024-03-10 18:00:00+00:00,PPL,2023,REGULAR_SEASON,25.0,FC Arouca,Sporting Clube de Portugal,0,3,A
442008,2024-03-10 18:30:00+00:00,BL1,2023,REGULAR_SEASON,25.0,Bayer 04 Leverkusen,VfL Wolfsburg,2,0,H
441699,2024-03-10 19:00:00+00:00,DED,2023,REGULAR_SEASON,25.0,Feyenoord Rotterdam,Heracles Almelo,3,0,H
442927,2024-03-10 19:45:00+00:00,FL1,2023,REGULAR_SEASON,25.0,Olympique de Marseille,FC Nantes,2,0,H
444526,2024-03-10 19:45:00+00:00,SA,2023,REGULAR_SEASON,28.0,ACF Fiorentina,AS Roma,2,2,D
438744,2024-03-10 20:00:00+00:00,PD,2023,REGULAR_SEASON,28.0,Real Betis Balompié,Villarreal CF,2,3,A
445618,2024-03-10 20:30:00+00:00,PPL,2023,REGULAR_SEASON,25.0,Sport Lisboa e Benfica,GD Estoril Praia,3,1,H
444529,2024-03-11 19:45:00+00:00,SA,2023,REGULAR_SEASON,28.0,SS Lazio,Udinese Calcio,1,2,A
436217,2024-03-11 20:00:00+00:00,PL,2023,REGULAR_SEASON,28.0,Chelsea FC,Newcastle United FC,3,2,H
438752,2024-03-11 20:00:00+00:00,PD,2023,REGULAR_SEASON,28.0,UD Almería,Sevilla FC,2,2,D
445624,2024-03-11 20:15:00+00:00,PPL,2023,REGULAR_SEASON,25.0,Gil Vicente FC,GD Chaves,0,0,D
451665,2024-03-12 20:00:00+00:00,CL,2023,LAST_16,2.0,Arsenal FC,FC Porto,5,2,H
451666,2024-03-12 20:00:00+00:00,CL,2023,LAST_16,2.0,FC Barcelona,SSC Napoli,3,1,H
436103,2024-03-13 19:30:00+00:00,PL,2023,REGULAR_SEASON,17.0,AFC Bournemouth,Luton Town FC,4,3,H
451668,2024-03-13 20:00:00+00:00,CL,2023,LAST_16,2.0,Club Atlético de Madrid,FC Internazionale Milano,5,3,H
451669,2024-03-13 20:00:00+00:00,CL,2023,LAST_16,2.0,Borussia Dortmund,PSV,2,0,H
441711,2024-03-15 19:00:00+00:00,DED,2023,REGULAR_SEASON,26.0,Heracles Almelo,Go Ahead Eagles,2,0,H
442015,2024-03-15 19:30:00+00:00,BL1,2023,REGULAR_SEASON,26.0,1. FC Köln,RB Leipzig,1,5,A
444535,2024-03-15 19:45:00+00:00,SA,2023,REGULAR_SEASON,29.0,Empoli FC,Bologna FC 1909,0,1,A
438762,2024-03-15 20:00:00+00:00,PD,2023,REGULAR_SEASON,29.0,Real Sociedad de Fútbol,Cádiz CF,2,0,H
442935,2024-03-15 20:00:00+00:00,FL1,2023,REGULAR_SEASON,26.0,Toulouse FC,Olympique Lyonnais,2,3,A
445632,2024-03-15 20:15:00+00:00,PPL,2023,REGULAR_SEASON,26.0,GD Estoril Praia,Portimonense SC,1,0,H
438761,2024-03-16 13:00:00+00:00,PD,2023,REGULAR_SEASON,29.0,RCD Mallorca,Granada CF,1,0,H
444543,2024-03-16 14:00:00+00:00,SA,2023,REGULAR_SEASON,29.0,Udinese Calcio,Torino FC,0,2,A
444540,2024-03-16 14:00:00+00:00,SA,2023,REGULAR_SEASON,29.0,AC Monza,Cagliari Calcio,1,0,H
442014,2024-03-16 14:30:00+00:00,BL1,2023,REGULAR_SEASON,26.0,SV Darmstadt 98,FC Bayern München,2,5,A
442018,2024-03-16 14:30:00+00:00,BL1,2023,REGULAR_SEASON,26.0,1. FC Heidenheim 1846,Borussia Mönchengladbach,1,1,D
442019,2024-03-16 14:30:00+00:00,BL1,2023,REGULAR_SEASON,26.0,1. FC Union Berlin,SV Werder Bremen,2,1,H
442021,2024-03-16 14:30:00+00:00,BL1,2023,REGULAR_SEASON,26.0,VfL Wolfsburg,FC Augsburg,1,3,A
442020,2024-03-16 14:30:00+00:00,BL1,2023,REGULAR_SEASON,26.0,1. FSV Mainz 05,VfL Bochum 1848,2,0,H
436229,2024-03-16 15:00:00+00:00,PL,2023,REGULAR_SEASON,29.0,Luton Town FC,Nottingham Forest FC,1,1,D
436225,2024-03-16 15:00:00+00:00,PL,2023,REGULAR_SEASON,29.0,Burnley FC,Brentford FC,2,1,H
438756,2024-03-16 15:15:00+00:00,PD,2023,REGULAR_SEASON,29.0,CA Osasuna,Real Madrid CF,2,4,A
445628,2024-03-16 15:30:00+00:00,PPL,2023,REGULAR_SEASON,26.0,FC Famalicão,CF Estrela da Amadora,0,0,D
442934,2024-03-16 16:00:00+00:00,FL1,2023,REGULAR_SEASON,26.0,FC Nantes,RC Strasbourg Alsace,1,3,A
444542,2024-03-16 17:00:00+00:00,SA,2023,REGULAR_SEASON,29.0,US Salernitana 1919,US Lecce,0,1,A
442022,2024-03-16 17:30:00+00:00,BL1,2023,REGULAR_SEASON,26.0,TSG 1899 Hoffenheim,VfB Stuttgart,0,3,A
436228,2024-03-16 17:30:00+00:00,PL,2023,REGULAR_SEASON,29.0,Fulham FC,Tottenham Hotspur FC,3,0,H
438757,2024-03-16 17:30:00+00:00,PD,2023,REGULAR_SEASON,29.0,Getafe CF,Girona FC,1,0,H
441707,2024-03-16 17:45:00+00:00,DED,2023,REGULAR_SEASON,26.0,Fortuna Sittard,PEC Zwolle,3,1,H
445634,2024-03-16 18:00:00+00:00,PPL,2023,REGULAR_SEASON,26.0,Sporting Clube de Braga,Gil Vicente FC,2,1,H
445633,2024-03-16 18:00:00+00:00,PPL,2023,REGULAR_SEASON,26.0,SC Farense,Rio Ave FC,1,1,D
441708,2024-03-16 19:00:00+00:00,DED,2023,REGULAR_SEASON,26.0,SBV Excelsior,RKC Waalwijk,1,1,D
444536,2024-03-16 19:45:00+00:00,SA,2023,REGULAR_SEASON,29.0,Frosinone Calcio,SS Lazio,2,3,A
438754,2024-03-16 20:00:00+00:00,PD,2023,REGULAR_SEASON,29.0,Athletic Club,Deportivo Alavés,2,0,H
441710,2024-03-16 20:00:00+00:00,DED,2023,REGULAR_SEASON,26.0,SBV Vitesse,Almere City FC,1,1,D
442937,2024-03-16 20:00:00+00:00,FL1,2023,REGULAR_SEASON,26.0,Racing Club de Lens,OGC Nice,1,3,A
445630,2024-03-16 20:30:00+00:00,PPL,2023,REGULAR_SEASON,26.0,FC Porto,FC Vizela,4,1,H
441714,2024-03-17 11:15:00+00:00,DED,2023,REGULAR_SEASON,26.0,FC Volendam,AZ,0,4,A
444539,2024-03-17 11:30:00+00:00,SA,2023,REGULAR_SEASON,29.0,Juventus FC,Genoa CFC,0,0,D
442938,2024-03-17 12:00:00+00:00,FL1,2023,REGULAR_SEASON,26.0,Stade Brestois 29,Lille OSC,1,1,D
438758,2024-03-17 13:00:00+00:00,PD,2023,REGULAR_SEASON,29.0,Sevilla FC,RC Celta de Vigo,1,2,A
441709,2024-03-17 13:30:00+00:00,DED,2023,REGULAR_SEASON,26.0,FC Utrecht,NEC,1,0,H
441712,2024-03-17 13:30:00+00:00,DED,2023,REGULAR_SEASON,26.0,SC Heerenveen,Feyenoord Rotterdam,2,3,A
442939,2024-03-17 14:00:00+00:00,FL1,2023,REGULAR_SEASON,26.0,Stade de Reims,FC Metz,2,1,H
442933,2024-03-17 14:00:00+00:00,FL1,2023,REGULAR_SEASON,26.0,Clermont Foot 63,Le Havre AC,2,1,H
442932,2024-03-17 14:00:00+00:00,FL1,2023,REGULAR_SEASON,26.0,AS Monaco FC,FC Lorient,2,2,D
436231,2024-03-17 14:00:00+00:00,PL,2023,REGULAR_SEASON,29.0,West Ham United FC,Aston Villa FC,1,1,D
444537,2024-03-17 14:00:00+00:00,SA,2023,REGULAR_SEASON,29.0,Hellas Verona FC,AC Milan,1,3,A
442016,2024-03-17 14:30:00+00:00,BL1,2023,REGULAR_SEASON,26.0,SC Freiburg,Bayer 04 Leverkusen,2,3,A
438763,2024-03-17 15:15:00+00:00,PD,2023,REGULAR_SEASON,29.0,UD Las Palmas,UD Almería,0,1,A
438759,2024-03-17 15:15:00+00:00,PD,2023,REGULAR_SEASON,29.0,Villarreal CF,Valencia CF,1,0,H
445631,2024-03-17 15:30:00+00:00,PPL,2023,REGULAR_SEASON,26.0,GD Chaves,Vitória SC,1,2,A
445629,2024-03-17 15:30:00+00:00,PPL,2023,REGULAR_SEASON,26.0,Moreirense FC,FC Arouca,1,0,H
441715,2024-03-17 15:45:00+00:00,DED,2023,REGULAR_SEASON,26.0,Sparta Rotterdam,AFC Ajax,2,2,D
442940,2024-03-17 16:05:00+00:00,FL1,2023,REGULAR_SEASON,26.0,Stade Rennais FC 1901,Olympique de Marseille,2,0,H
442017,2024-03-17 16:30:00+00:00,BL1,2023,REGULAR_SEASON,26.0,Borussia Dortmund,Eintracht Frankfurt,3,1,H
444541,2024-03-17 17:00:00+00:00,SA,2023,REGULAR_SEASON,29.0,AS Roma,US Sassuolo Calcio,1,0,H
438760,2024-03-17 17:30:00+00:00,PD,2023,REGULAR_SEASON,29.0,Rayo Vallecano de Madrid,Real Betis Balompié,2,0,H
445627,2024-03-17 18:00:00+00:00,PPL,2023,REGULAR_SEASON,26.0,Casa Pia AC,Sport Lisboa e Benfica,0,1,A
441713,2024-03-17 19:00:00+00:00,DED,2023,REGULAR_SEASON,26.0,PSV,FC Twente '65,1,0,H
442936,2024-03-17 19:45:00+00:00,FL1,2023,REGULAR_SEASON,26.0,Montpellier HSC,Paris Saint-Germain FC,2,6,A
444538,2024-03-17 19:45:00+00:00,SA,2023,REGULAR_SEASON,29.0,FC Internazionale Milano,SSC Napoli,1,1,D
438755,2024-03-17 20:00:00+00:00,PD,2023,REGULAR_SEASON,29.0,Club Atlético de Madrid,FC Barcelona,0,3,A
445635,2024-03-17 20:30:00+00:00,PPL,2023,REGULAR_SEASON,26.0,Sporting Clube de Portugal,Boavista FC,6,1,H
445642,2024-03-29 15:30:00+00:00,PPL,2023,REGULAR_SEASON,27.0,Gil Vicente FC,FC Famalicão,1,2,A
445636,2024-03-29 18:00:00+00:00,PPL,2023,REGULAR_SEASON,27.0,Sport Lisboa e Benfica,GD Chaves,1,0,H
442948,2024-03-29 20:00:00+00:00,FL1,2023,REGULAR_SEASON,27.0,Lille OSC,Racing Club de Lens,2,1,H
438767,2024-03-29 20:00:00+00:00,PD,2023,REGULAR_SEASON,30.0,Cádiz CF,Granada CF,1,0,H
445638,2024-03-29 20:30:00+00:00,PPL,2023,REGULAR_SEASON,27.0,CF Estrela da Amadora,Sporting Clube de Portugal,1,2,A
444551,2024-03-30 11:30:00+00:00,SA,2023,REGULAR_SEASON,30.0,SSC Napoli,Atalanta BC,0,3,A
436239,2024-03-30 12:30:00+00:00,PL,2023,REGULAR_SEASON,30.0,Newcastle United FC,West Ham United FC,4,3,H
438768,2024-03-30 13:00:00+00:00,PD,2023,REGULAR_SEASON,30.0,Getafe CF,Sevilla FC,0,1,A
444553,2024-03-30 14:00:00+00:00,SA,2023,REGULAR_SEASON,30.0,Torino FC,AC Monza,1,0,H
444547,2024-03-30 14:00:00+00:00,SA,2023,REGULAR_SEASON,30.0,Genoa CFC,Frosinone Calcio,1,1,D
442025,2024-03-30 14:30:00+00:00,BL1,2023,REGULAR_SEASON,27.0,Borussia Mönchengladbach,SC Freiburg,0,3,A
442024,2024-03-30 14:30:00+00:00,BL1,2023,REGULAR_SEASON,27.0,Eintracht Frankfurt,1. FC Union Berlin,0,0,D
442029,2024-03-30 14:30:00+00:00,BL1,2023,REGULAR_SEASON,27.0,Bayer 04 Leverkusen,TSG 1899 Hoffenheim,2,1,H
442026,2024-03-30 14:30:00+00:00,BL1,2023,REGULAR_SEASON,27.0,SV Werder Bremen,VfL Wolfsburg,0,2,A
442027,2024-03-30 14:30:00+00:00,BL1,2023,REGULAR_SEASON,27.0,RB Leipzig,1. FSV Mainz 05,0,0,D
436236,2024-03-30 15:00:00+00:00,PL,2023,REGULAR_SEASON,30.0,Chelsea FC,Burnley FC,2,2,D
436233,2024-03-30 15:00:00+00:00,PL,2023,REGULAR_SEASON,30.0,AFC Bournemouth,Everton FC,2,1,H
436241,2024-03-30 15:00:00+00:00,PL,2023,REGULAR_SEASON,30.0,Sheffield United FC,Fulham FC,3,3,D
436242,2024-03-30 15:00:00+00:00,PL,2023,REGULAR_SEASON,30.0,Tottenham Hotspur FC,Luton Town FC,2,1,H
436240,2024-03-30 15:00:00+00:00,PL,2023,REGULAR_SEASON,30.0,Nottingham Forest FC,Crystal Palace FC,1,1,D
438773,2024-03-30 15:15:00+00:00,PD,2023,REGULAR_SEASON,30.0,UD Almería,CA Osasuna,0,3,A
445639,2024-03-30 15:30:00+00:00,PPL,2023,REGULAR_SEASON,27.0,FC Arouca,SC Farense,2,1,H
441722,2024-03-30 15:30:00+00:00,DED,2023,REGULAR_SEASON,27.0,NEC,PSV,3,1,H
445644,2024-03-30 15:30:00+00:00,PPL,2023,REGULAR_SEASON,27.0,Vitória SC,Moreirense FC,1,0,H
442944,2024-03-30 16:00:00+00:00,FL1,2023,REGULAR_SEASON,27.0,FC Metz,AS Monaco FC,2,5,A
444549,2024-03-30 17:00:00+00:00,SA,2023,REGULAR_SEASON,30.0,SS Lazio,Juventus FC,1,0,H
442023,2024-03-30 17:30:00+00:00,BL1,2023,REGULAR_SEASON,27.0,FC Bayern München,Borussia Dortmund,0,2,A
438770,2024-03-30 17:30:00+00:00,PD,2023,REGULAR_SEASON,30.0,Valencia CF,RCD Mallorca,0,0,D
436234,2024-03-30 17:30:00+00:00,PL,2023,REGULAR_SEASON,30.0,Aston Villa FC,Wolverhampton Wanderers FC,2,0,H
441724,2024-03-30 17:45:00+00:00,DED,2023,REGULAR_SEASON,27.0,Sparta Rotterdam,Fortuna Sittard,4,0,H
445637,2024-03-30 18:00:00+00:00,PPL,2023,REGULAR_SEASON,27.0,Boavista FC,Rio Ave FC,0,0,D
441720,2024-03-30 19:00:00+00:00,DED,2023,REGULAR_SEASON,27.0,RKC Waalwijk,SC Heerenveen,1,1,D
441717,2024-03-30 19:00:00+00:00,DED,2023,REGULAR_SEASON,27.0,Go Ahead Eagles,SBV Excelsior,3,0,H
444546,2024-03-30 19:45:00+00:00,SA,2023,REGULAR_SEASON,30.0,ACF Fiorentina,AC Milan,1,2,A
436235,2024-03-30 20:00:00+00:00,PL,2023,REGULAR_SEASON,30.0,Brentford FC,Manchester United FC,1,1,D
442947,2024-03-30 20:00:00+00:00,FL1,2023,REGULAR_SEASON,27.0,Olympique Lyonnais,Stade de Reims,1,1,D
438766,2024-03-30 20:00:00+00:00,PD,2023,REGULAR_SEASON,30.0,FC Barcelona,UD Las Palmas,1,0,H
441719,2024-03-30 20:00:00+00:00,DED,2023,REGULAR_SEASON,27.0,AZ,SBV Vitesse,2,0,H
445641,2024-03-30 20:30:00+00:00,PPL,2023,REGULAR_SEASON,27.0,GD Estoril Praia,FC Porto,1,0,H
441721,2024-03-31 10:15:00+00:00,DED,2023,REGULAR_SEASON,27.0,PEC Zwolle,AFC Ajax,1,3,A
442943,2024-03-31 11:00:00+00:00,FL1,2023,REGULAR_SEASON,27.0,FC Lorient,Stade Brestois 29,0,1,A
438764,2024-03-31 12:00:00+00:00,PD,2023,REGULAR_SEASON,30.0,RC Celta de Vigo,Rayo Vallecano de Madrid,0,0,D
441716,2024-03-31 12:30:00+00:00,DED,2023,REGULAR_SEASON,27.0,Feyenoord Rotterdam,FC Utrecht,4,2,H
441723,2024-03-31 12:30:00+00:00,DED,2023,REGULAR_SEASON,27.0,FC Twente '65,Heracles Almelo,1,0,H
442941,2024-03-31 13:00:00+00:00,FL1,2023,REGULAR_SEASON,27.0,Le Havre AC,Montpellier HSC,0,2,A
442945,2024-03-31 13:00:00+00:00,FL1,2023,REGULAR_SEASON,27.0,OGC Nice,FC Nantes,1,2,A
436237,2024-03-31 13:00:00+00:00,PL,2023,REGULAR_SEASON,30.0,Liverpool FC,Brighton & Hove Albion FC,2,1,H
442942,2024-03-31 13:00:00+00:00,FL1,2023,REGULAR_SEASON,27.0,Clermont Foot 63,Toulouse FC,0,3,A
442028,2024-03-31 13:30:00+00:00,BL1,2023,REGULAR_SEASON,27.0,FC Augsburg,1. FC Köln,1,1,D
438769,2024-03-31 14:15:00+00:00,PD,2023,REGULAR_SEASON,30.0,Girona FC,Real Betis Balompié,3,2,H
441718,2024-03-31 14:45:00+00:00,DED,2023,REGULAR_SEASON,27.0,Almere City FC,FC Volendam,1,1,D
442949,2024-03-31 15:05:00+00:00,FL1,2023,REGULAR_SEASON,27.0,RC Strasbourg Alsace,Stade Rennais FC 1901,2,0,H
442030,2024-03-31 15:30:00+00:00,BL1,2023,REGULAR_SEASON,27.0,VfB Stuttgart,1. FC Heidenheim 1846,3,3,D
436238,2024-03-31 15:30:00+00:00,PL,2023,REGULAR_SEASON,30.0,Manchester City FC,Arsenal FC,0,0,D
438765,2024-03-31 16:30:00+00:00,PD,2023,REGULAR_SEASON,30.0,Deportivo Alavés,Real Sociedad de Fútbol,0,1,A
445640,2024-03-31 17:00:00+00:00,PPL,2023,REGULAR_SEASON,27.0,FC Vizela,Casa Pia AC,0,4,A
442031,2024-03-31 17:30:00+00:00,BL1,2023,REGULAR_SEASON,27.0,VfL Bochum 1848,SV Darmstadt 98,2,2,D
442946,2024-03-31 18:45:00+00:00,FL1,2023,REGULAR_SEASON,27.0,Olympique de Marseille,Paris Saint-Germain FC,0,2,A
438772,2024-03-31 19:00:00+00:00,PD,2023,REGULAR_SEASON,30.0,Real Madrid CF,Athletic Club,2,0,H
444544,2024-04-01 10:30:00+00:00,SA,2023,REGULAR_SEASON,30.0,Bologna FC 1909,US Salernitana 1919,3,0,H
444545,2024-04-01 13:00:00+00:00,SA,2023,REGULAR_SEASON,30.0,Cagliari Calcio,Hellas Verona FC,1,1,D
444552,2024-04-01 13:00:00+00:00,SA,2023,REGULAR_SEASON,30.0,US Sassuolo Calcio,Udinese Calcio,1,1,D
444550,2024-04-01 16:00:00+00:00,SA,2023,REGULAR_SEASON,30.0,US Lecce,AS Roma,0,0,D
444548,2024-04-01 18:45:00+00:00,SA,2023,REGULAR_SEASON,30.0,FC Internazionale Milano,Empoli FC,2,0,H
438771,2024-04-01 19:00:00+00:00,PD,2023,REGULAR_SEASON,30.0,Villarreal CF,Club Atlético de Madrid,1,2,A
445643,2024-04-01 19:15:00+00:00,PPL,2023,REGULAR_SEASON,27.0,Portimonense SC,Sporting Clube de Braga,3,5,A
441732,2024-04-02 16:45:00+00:00,DED,2023,REGULAR_SEASON,28.0,SBV Vitesse,Sparta Rotterdam,1,4,A
441727,2024-04-02 18:00:00+00:00,DED,2023,REGULAR_SEASON,28.0,SBV Excelsior,PSV,0,2,A
436250,2024-04-02 18:30:00+00:00,PL,2023,REGULAR_SEASON,31.0,Newcastle United FC,Everton FC,1,1,D
436247,2024-04-02 18:30:00+00:00,PL,2023,REGULAR_SEASON,31.0,Nottingham Forest FC,Fulham FC,3,1,H
436243,2024-04-02 18:45:00+00:00,PL,2023,REGULAR_SEASON,31.0,AFC Bournemouth,Crystal Palace FC,1,0,H
436246,2024-04-02 18:45:00+00:00,PL,2023,REGULAR_SEASON,31.0,Burnley FC,Wolverhampton Wanderers FC,1,1,D
441733,2024-04-02 19:00:00+00:00,DED,2023,REGULAR_SEASON,28.0,Fortuna Sittard,NEC,1,1,D
436248,2024-04-02 19:15:00+00:00,PL,2023,REGULAR_SEASON,31.0,West Ham United FC,Tottenham Hotspur FC,1,1,D
441731,2024-04-03 16:45:00+00:00,DED,2023,REGULAR_SEASON,28.0,Heracles Almelo,AZ,5,0,H
441729,2024-04-03 18:00:00+00:00,DED,2023,REGULAR_SEASON,28.0,FC Utrecht,PEC Zwolle,5,1,H
436245,2024-04-03 18:30:00+00:00,PL,2023,REGULAR_SEASON,31.0,Brentford FC,Brighton & Hove Albion FC,0,0,D
436244,2024-04-03 18:30:00+00:00,PL,2023,REGULAR_SEASON,31.0,Arsenal FC,Luton Town FC,2,0,H
441728,2024-04-03 19:00:00+00:00,DED,2023,REGULAR_SEASON,28.0,SC Heerenveen,FC Twente '65,3,3,D
436252,2024-04-03 19:15:00+00:00,PL,2023,REGULAR_SEASON,31.0,Manchester City FC,Aston Villa FC,4,1,H
441725,2024-04-04 16:45:00+00:00,DED,2023,REGULAR_SEASON,28.0,FC Volendam,Feyenoord Rotterdam,0,0,D
438729,2024-04-04 18:00:00+00:00,PD,2023,REGULAR_SEASON,26.0,Granada CF,Valencia CF,0,1,A
441726,2024-04-04 18:00:00+00:00,DED,2023,REGULAR_SEASON,28.0,RKC Waalwijk,Almere City FC,0,0,D
436251,2024-04-04 18:30:00+00:00,PL,2023,REGULAR_SEASON,31.0,Liverpool FC,Sheffield United FC,3,1,H
441730,2024-04-04 19:00:00+00:00,DED,2023,REGULAR_SEASON,28.0,AFC Ajax,Go Ahead Eagles,1,1,D
436249,2024-04-04 19:15:00+00:00,PL,2023,REGULAR_SEASON,31.0,Chelsea FC,Manchester United FC,4,3,H
442036,2024-04-05 18:30:00+00:00,BL1,2023,REGULAR_SEASON,28.0,Eintracht Frankfurt,SV Werder Bremen,1,1,D
444562,2024-04-05 18:45:00+00:00,SA,2023,REGULAR_SEASON,31.0,US Salernitana 1919,US Sassuolo Calcio,2,2,D
442954,2024-04-05 19:00:00+00:00,FL1,2023,REGULAR_SEASON,28.0,Lille OSC,Olympique de Marseille,3,1,H
445651,2024-04-05 19:15:00+00:00,PPL,2023,REGULAR_SEASON,28.0,SC Farense,Boavista FC,2,0,H
436255,2024-04-06 11:30:00+00:00,PL,2023,REGULAR_SEASON,32.0,Crystal Palace FC,Manchester City FC,2,4,A
444559,2024-04-06 13:00:00+00:00,SA,2023,REGULAR_SEASON,31.0,AC Milan,US Lecce,3,0,H
442032,2024-04-06 13:30:00+00:00,BL1,2023,REGULAR_SEASON,28.0,1. FC Heidenheim 1846,FC Bayern München,3,2,H
442037,2024-04-06 13:30:00+00:00,BL1,2023,REGULAR_SEASON,28.0,1. FC Köln,VfL Bochum 1848,2,1,H
442040,2024-04-06 13:30:00+00:00,BL1,2023,REGULAR_SEASON,28.0,1. FSV Mainz 05,SV Darmstadt 98,4,0,H
442034,2024-04-06 13:30:00+00:00,BL1,2023,REGULAR_SEASON,28.0,1. FC Union Berlin,Bayer 04 Leverkusen,0,1,A
442033,2024-04-06 13:30:00+00:00,BL1,2023,REGULAR_SEASON,28.0,SC Freiburg,RB Leipzig,1,4,A
436256,2024-04-06 14:00:00+00:00,PL,2023,REGULAR_SEASON,32.0,Everton FC,Burnley FC,1,0,H
436257,2024-04-06 14:00:00+00:00,PL,2023,REGULAR_SEASON,32.0,Fulham FC,Newcastle United FC,0,1,A
436262,2024-04-06 14:00:00+00:00,PL,2023,REGULAR_SEASON,32.0,Wolverhampton Wanderers FC,West Ham United FC,1,2,A
436258,2024-04-06 14:00:00+00:00,PL,2023,REGULAR_SEASON,32.0,Luton Town FC,AFC Bournemouth,2,1,H
436253,2024-04-06 14:00:00+00:00,PL,2023,REGULAR_SEASON,32.0,Aston Villa FC,Brentford FC,3,3,D
441742,2024-04-06 14:30:00+00:00,DED,2023,REGULAR_SEASON,29.0,Sparta Rotterdam,Heracles Almelo,1,2,A
445649,2024-04-06 14:30:00+00:00,PPL,2023,REGULAR_SEASON,28.0,Rio Ave FC,Gil Vicente FC,3,0,H
445646,2024-04-06 14:30:00+00:00,PPL,2023,REGULAR_SEASON,28.0,FC Famalicão,FC Vizela,3,2,H
442956,2024-04-06 15:00:00+00:00,FL1,2023,REGULAR_SEASON,28.0,Racing Club de Lens,Le Havre AC,1,1,D
444561,2024-04-06 16:00:00+00:00,SA,2023,REGULAR_SEASON,31.0,AS Roma,SS Lazio,1,0,H
442039,2024-04-06 16:30:00+00:00,BL1,2023,REGULAR_SEASON,28.0,Borussia Dortmund,VfB Stuttgart,0,1,A
436254,2024-04-06 16:30:00+00:00,PL,2023,REGULAR_SEASON,32.0,Brighton & Hove Albion FC,Arsenal FC,0,3,A
441738,2024-04-06 16:45:00+00:00,DED,2023,REGULAR_SEASON,29.0,PSV,AZ,5,1,H
445652,2024-04-06 17:00:00+00:00,PPL,2023,REGULAR_SEASON,28.0,Sporting Clube de Braga,FC Arouca,0,3,A
441737,2024-04-06 18:00:00+00:00,DED,2023,REGULAR_SEASON,29.0,PEC Zwolle,SBV Excelsior,2,1,H
444555,2024-04-06 18:45:00+00:00,SA,2023,REGULAR_SEASON,31.0,Empoli FC,Torino FC,3,2,H
441741,2024-04-06 19:00:00+00:00,DED,2023,REGULAR_SEASON,29.0,FC Twente '65,Fortuna Sittard,2,0,H
442955,2024-04-06 19:00:00+00:00,FL1,2023,REGULAR_SEASON,28.0,Paris Saint-Germain FC,Clermont Foot 63,1,1,D
445653,2024-04-06 19:30:00+00:00,PPL,2023,REGULAR_SEASON,28.0,Sporting Clube de Portugal,Sport Lisboa e Benfica,2,1,H
441739,2024-04-07 10:15:00+00:00,DED,2023,REGULAR_SEASON,29.0,SBV Vitesse,NEC,0,3,A
444556,2024-04-07 10:30:00+00:00,SA,2023,REGULAR_SEASON,31.0,Frosinone Calcio,Bologna FC 1909,0,0,D
442957,2024-04-07 11:00:00+00:00,FL1,2023,REGULAR_SEASON,28.0,Stade Brestois 29,FC Metz,4,3,H
441734,2024-04-07 12:30:00+00:00,DED,2023,REGULAR_SEASON,29.0,Feyenoord Rotterdam,AFC Ajax,6,0,H
441740,2024-04-07 12:30:00+00:00,DED,2023,REGULAR_SEASON,29.0,Go Ahead Eagles,Almere City FC,1,1,D
442958,2024-04-07 13:00:00+00:00,FL1,2023,REGULAR_SEASON,28.0,Stade de Reims,OGC Nice,0,0,D
442952,2024-04-07 13:00:00+00:00,FL1,2023,REGULAR_SEASON,28.0,Toulouse FC,RC Strasbourg Alsace,0,0,D
444560,2024-04-07 13:00:00+00:00,SA,2023,REGULAR_SEASON,31.0,AC Monza,SSC Napoli,2,4,A
442953,2024-04-07 13:00:00+00:00,FL1,2023,REGULAR_SEASON,28.0,Montpellier HSC,FC Lorient,2,0,H
442038,2024-04-07 13:30:00+00:00,BL1,2023,REGULAR_SEASON,28.0,TSG 1899 Hoffenheim,FC Augsburg,3,1,H
445650,2024-04-07 14:30:00+00:00,PPL,2023,REGULAR_SEASON,28.0,GD Chaves,Portimonense SC,2,3,A
436259,2024-04-07 14:30:00+00:00,PL,2023,REGULAR_SEASON,32.0,Manchester United FC,Liverpool FC,2,2,D
441735,2024-04-07 14:45:00+00:00,DED,2023,REGULAR_SEASON,29.0,FC Volendam,RKC Waalwijk,3,2,H
442950,2024-04-07 15:05:00+00:00,FL1,2023,REGULAR_SEASON,28.0,AS Monaco FC,Stade Rennais FC 1901,1,0,H
442035,2024-04-07 15:30:00+00:00,BL1,2023,REGULAR_SEASON,28.0,VfL Wolfsburg,Borussia Mönchengladbach,1,3,A
444554,2024-04-07 16:00:00+00:00,SA,2023,REGULAR_SEASON,31.0,Cagliari Calcio,Atalanta BC,2,1,H
444557,2024-04-07 16:00:00+00:00,SA,2023,REGULAR_SEASON,31.0,Hellas Verona FC,Genoa CFC,1,2,A
436260,2024-04-07 16:30:00+00:00,PL,2023,REGULAR_SEASON,32.0,Sheffield United FC,Chelsea FC,2,2,D
445647,2024-04-07 17:00:00+00:00,PPL,2023,REGULAR_SEASON,28.0,Moreirense FC,CF Estrela da Amadora,2,2,D
436261,2024-04-07 17:00:00+00:00,PL,2023,REGULAR_SEASON,32.0,Tottenham Hotspur FC,Nottingham Forest FC,3,1,H
441736,2024-04-07 18:00:00+00:00,DED,2023,REGULAR_SEASON,29.0,SC Heerenveen,FC Utrecht,2,3,A
444558,2024-04-07 18:45:00+00:00,SA,2023,REGULAR_SEASON,31.0,Juventus FC,ACF Fiorentina,1,0,H
442951,2024-04-07 18:45:00+00:00,FL1,2023,REGULAR_SEASON,28.0,FC Nantes,Olympique Lyonnais,1,3,A
445648,2024-04-07 19:30:00+00:00,PPL,2023,REGULAR_SEASON,28.0,FC Porto,Vitória SC,1,2,A
444563,2024-04-08 18:45:00+00:00,SA,2023,REGULAR_SEASON,31.0,Udinese Calcio,FC Internazionale Milano,1,2,A
445645,2024-04-08 19:15:00+00:00,PPL,2023,REGULAR_SEASON,28.0,Casa Pia AC,GD Estoril Praia,0,0,D
451675,2024-04-09 19:00:00+00:00,CL,2023,QUARTER_FINALS,1.0,Real Madrid CF,Manchester City FC,3,3,D
451673,2024-04-09 19:00:00+00:00,CL,2023,QUARTER_FINALS,1.0,Arsenal FC,FC Bayern München,2,2,D
451676,2024-04-10 19:00:00+00:00,CL,2023,QUARTER_FINALS,1.0,Paris Saint-Germain FC,FC Barcelona,2,3,A
451674,2024-04-10 19:00:00+00:00,CL,2023,QUARTER_FINALS,1.0,Club Atlético de Madrid,Borussia Dortmund,2,1,H
441743,2024-04-12 18:00:00+00:00,DED,2023,REGULAR_SEASON,30.0,SBV Excelsior,FC Volendam,4,0,H
442042,2024-04-12 18:30:00+00:00,BL1,2023,REGULAR_SEASON,29.0,FC Augsburg,1. FC Union Berlin,2,0,H
444568,2024-04-12 18:45:00+00:00,SA,2023,REGULAR_SEASON,32.0,SS Lazio,US Salernitana 1919,4,1,H
438776,2024-04-12 19:00:00+00:00,PD,2023,REGULAR_SEASON,31.0,Real Betis Balompié,RC Celta de Vigo,2,1,H
442963,2024-04-12 19:00:00+00:00,FL1,2023,REGULAR_SEASON,29.0,FC Metz,Racing Club de Lens,2,1,H
445660,2024-04-12 19:15:00+00:00,PPL,2023,REGULAR_SEASON,29.0,Gil Vicente FC,Sporting Clube de Portugal,0,4,A
436270,2024-04-13 11:30:00+00:00,PL,2023,REGULAR_SEASON,33.0,Newcastle United FC,Tottenham Hotspur FC,4,0,H
438775,2024-04-13 12:00:00+00:00,PD,2023,REGULAR_SEASON,31.0,Club Atlético de Madrid,Girona FC,3,1,H
444569,2024-04-13 13:00:00+00:00,SA,2023,REGULAR_SEASON,32.0,US Lecce,Empoli FC,1,0,H
442047,2024-04-13 13:30:00+00:00,BL1,2023,REGULAR_SEASON,29.0,1. FSV Mainz 05,TSG 1899 Hoffenheim,4,1,H
442046,2024-04-13 13:30:00+00:00,BL1,2023,REGULAR_SEASON,29.0,FC Bayern München,1. FC Köln,2,0,H
442049,2024-04-13 13:30:00+00:00,BL1,2023,REGULAR_SEASON,29.0,VfL Bochum 1848,1. FC Heidenheim 1846,1,1,D
442041,2024-04-13 13:30:00+00:00,BL1,2023,REGULAR_SEASON,29.0,Borussia Mönchengladbach,Borussia Dortmund,1,2,A
442045,2024-04-13 13:30:00+00:00,BL1,2023,REGULAR_SEASON,29.0,RB Leipzig,VfL Wolfsburg,3,0,H
436265,2024-04-13 14:00:00+00:00,PL,2023,REGULAR_SEASON,33.0,Brentford FC,Sheffield United FC,2,0,H
436266,2024-04-13 14:00:00+00:00,PL,2023,REGULAR_SEASON,33.0,Burnley FC,Brighton & Hove Albion FC,1,1,D
436271,2024-04-13 14:00:00+00:00,PL,2023,REGULAR_SEASON,33.0,Nottingham Forest FC,Wolverhampton Wanderers FC,2,2,D
436269,2024-04-13 14:00:00+00:00,PL,2023,REGULAR_SEASON,33.0,Manchester City FC,Luton Town FC,5,1,H
438780,2024-04-13 14:15:00+00:00,PD,2023,REGULAR_SEASON,31.0,Rayo Vallecano de Madrid,Getafe CF,0,0,D
445662,2024-04-13 14:30:00+00:00,PPL,2023,REGULAR_SEASON,29.0,Vitória SC,SC Farense,1,1,D
441745,2024-04-13 14:30:00+00:00,DED,2023,REGULAR_SEASON,30.0,PSV,SBV Vitesse,6,0,H
442966,2024-04-13 15:00:00+00:00,FL1,2023,REGULAR_SEASON,29.0,RC Strasbourg Alsace,Stade de Reims,3,1,H
444572,2024-04-13 16:00:00+00:00,SA,2023,REGULAR_SEASON,32.0,Torino FC,Juventus FC,0,0,D
438781,2024-04-13 16:30:00+00:00,PD,2023,REGULAR_SEASON,31.0,RCD Mallorca,Real Madrid CF,0,1,A
436263,2024-04-13 16:30:00+00:00,PL,2023,REGULAR_SEASON,33.0,AFC Bournemouth,Manchester United FC,2,2,D
442044,2024-04-13 16:30:00+00:00,BL1,2023,REGULAR_SEASON,29.0,VfB Stuttgart,Eintracht Frankfurt,3,0,H
441748,2024-04-13 16:45:00+00:00,DED,2023,REGULAR_SEASON,30.0,AZ,RKC Waalwijk,3,2,H
445657,2024-04-13 17:00:00+00:00,PPL,2023,REGULAR_SEASON,29.0,FC Porto,FC Famalicão,2,2,D
444565,2024-04-13 18:45:00+00:00,SA,2023,REGULAR_SEASON,32.0,Bologna FC 1909,AC Monza,0,0,D
438778,2024-04-13 19:00:00+00:00,PD,2023,REGULAR_SEASON,31.0,Cádiz CF,FC Barcelona,0,1,A
442967,2024-04-13 19:00:00+00:00,FL1,2023,REGULAR_SEASON,29.0,Stade Rennais FC 1901,Toulouse FC,1,2,A
441746,2024-04-13 19:00:00+00:00,DED,2023,REGULAR_SEASON,30.0,Almere City FC,Sparta Rotterdam,2,3,A
445659,2024-04-13 19:30:00+00:00,PPL,2023,REGULAR_SEASON,29.0,GD Estoril Praia,Sporting Clube de Braga,0,1,A
441749,2024-04-14 10:15:00+00:00,DED,2023,REGULAR_SEASON,30.0,Heracles Almelo,SC Heerenveen,0,2,A
444570,2024-04-14 10:30:00+00:00,SA,2023,REGULAR_SEASON,32.0,SSC Napoli,Frosinone Calcio,2,2,D
442959,2024-04-14 11:00:00+00:00,FL1,2023,REGULAR_SEASON,29.0,Le Havre AC,FC Nantes,0,1,A
438783,2024-04-14 12:00:00+00:00,PD,2023,REGULAR_SEASON,31.0,UD Las Palmas,Sevilla FC,0,2,A
441750,2024-04-14 12:30:00+00:00,DED,2023,REGULAR_SEASON,30.0,FC Utrecht,Go Ahead Eagles,2,1,H
441744,2024-04-14 12:30:00+00:00,DED,2023,REGULAR_SEASON,30.0,Fortuna Sittard,Feyenoord Rotterdam,0,1,A
444571,2024-04-14 13:00:00+00:00,SA,2023,REGULAR_SEASON,32.0,US Sassuolo Calcio,AC Milan,3,3,D
436268,2024-04-14 13:00:00+00:00,PL,2023,REGULAR_SEASON,33.0,Liverpool FC,Crystal Palace FC,0,1,A
442961,2024-04-14 13:00:00+00:00,FL1,2023,REGULAR_SEASON,29.0,Clermont Foot 63,Montpellier HSC,1,1,D
436272,2024-04-14 13:00:00+00:00,PL,2023,REGULAR_SEASON,33.0,West Ham United FC,Fulham FC,0,2,A
442043,2024-04-14 13:30:00+00:00,BL1,2023,REGULAR_SEASON,29.0,SV Darmstadt 98,SC Freiburg,0,1,A
438779,2024-04-14 14:15:00+00:00,PD,2023,REGULAR_SEASON,31.0,Granada CF,Deportivo Alavés,2,0,H
445655,2024-04-14 14:30:00+00:00,PPL,2023,REGULAR_SEASON,29.0,CF Estrela da Amadora,Rio Ave FC,2,2,D
441751,2024-04-14 14:45:00+00:00,DED,2023,REGULAR_SEASON,30.0,AFC Ajax,FC Twente '65,2,1,H
436264,2024-04-14 15:30:00+00:00,PL,2023,REGULAR_SEASON,33.0,Arsenal FC,Aston Villa FC,0,2,A
442048,2024-04-14 15:30:00+00:00,BL1,2023,REGULAR_SEASON,29.0,Bayer 04 Leverkusen,SV Werder Bremen,5,0,H
438774,2024-04-14 16:30:00+00:00,PD,2023,REGULAR_SEASON,31.0,Athletic Club,Villarreal CF,1,1,D
445661,2024-04-14 17:00:00+00:00,PPL,2023,REGULAR_SEASON,29.0,Portimonense SC,Casa Pia AC,2,2,D
445656,2024-04-14 17:00:00+00:00,PPL,2023,REGULAR_SEASON,29.0,FC Arouca,Boavista FC,2,1,H
441747,2024-04-14 18:00:00+00:00,DED,2023,REGULAR_SEASON,30.0,NEC,PEC Zwolle,2,2,D
442965,2024-04-14 18:45:00+00:00,FL1,2023,REGULAR_SEASON,29.0,Olympique Lyonnais,Stade Brestois 29,4,3,H
444567,2024-04-14 18:45:00+00:00,SA,2023,REGULAR_SEASON,32.0,FC Internazionale Milano,Cagliari Calcio,2,2,D
438782,2024-04-14 19:00:00+00:00,PD,2023,REGULAR_SEASON,31.0,Real Sociedad de Fútbol,UD Almería,2,2,D
445654,2024-04-14 19:30:00+00:00,PPL,2023,REGULAR_SEASON,29.0,Sport Lisboa e Benfica,Moreirense FC,3,0,H
444566,2024-04-15 16:30:00+00:00,SA,2023,REGULAR_SEASON,32.0,ACF Fiorentina,Genoa CFC,1,1,D
444564,2024-04-15 18:45:00+00:00,SA,2023,REGULAR_SEASON,32.0,Atalanta BC,Hellas Verona FC,2,2,D
438777,2024-04-15 19:00:00+00:00,PD,2023,REGULAR_SEASON,31.0,CA Osasuna,Valencia CF,0,1,A
436267,2024-04-15 19:00:00+00:00,PL,2023,REGULAR_SEASON,33.0,Chelsea FC,Everton FC,6,0,H
445658,2024-04-15 19:15:00+00:00,PPL,2023,REGULAR_SEASON,29.0,FC Vizela,GD Chaves,0,1,A
451678,2024-04-16 19:00:00+00:00,CL,2023,QUARTER_FINALS,2.0,Borussia Dortmund,Club Atlético de Madrid,4,2,H
451680,2024-04-16 19:00:00+00:00,CL,2023,QUARTER_FINALS,2.0,FC Barcelona,Paris Saint-Germain FC,1,4,A
445575,2024-04-16 19:15:00+00:00,PPL,2023,REGULAR_SEASON,20.0,FC Famalicão,Sporting Clube de Portugal,0,1,A
451677,2024-04-17 19:00:00+00:00,CL,2023,QUARTER_FINALS,2.0,FC Bayern München,Arsenal FC,1,0,H
451679,2024-04-17 19:00:00+00:00,CL,2023,QUARTER_FINALS,2.0,Manchester City FC,Real Madrid CF,4,5,A
444576,2024-04-19 16:30:00+00:00,SA,2023,REGULAR_SEASON,33.0,Genoa CFC,SS Lazio,0,1,A
442056,2024-04-19 18:30:00+00:00,BL1,2023,REGULAR_SEASON,30.0,Eintracht Frankfurt,FC Augsburg,3,1,H
444574,2024-04-19 18:45:00+00:00,SA,2023,REGULAR_SEASON,33.0,Cagliari Calcio,Juventus FC,2,2,D
438784,2024-04-19 19:00:00+00:00,PD,2023,REGULAR_SEASON,32.0,Athletic Club,Granada CF,1,1,D
442971,2024-04-19 19:00:00+00:00,FL1,2023,REGULAR_SEASON,30.0,OGC Nice,FC Lorient,3,0,H
445667,2024-04-19 19:15:00+00:00,PPL,2023,REGULAR_SEASON,30.0,Rio Ave FC,FC Arouca,1,1,D
438785,2024-04-20 12:00:00+00:00,PD,2023,REGULAR_SEASON,32.0,RC Celta de Vigo,UD Las Palmas,4,1,H
442051,2024-04-20 13:30:00+00:00,BL1,2023,REGULAR_SEASON,30.0,1. FC Heidenheim 1846,RB Leipzig,1,2,A
442054,2024-04-20 13:30:00+00:00,BL1,2023,REGULAR_SEASON,30.0,TSG 1899 Hoffenheim,Borussia Mönchengladbach,4,3,H
442058,2024-04-20 13:30:00+00:00,BL1,2023,REGULAR_SEASON,30.0,1. FC Köln,SV Darmstadt 98,0,2,A
442055,2024-04-20 13:30:00+00:00,BL1,2023,REGULAR_SEASON,30.0,VfL Wolfsburg,VfL Bochum 1848,1,0,H
436278,2024-04-20 14:00:00+00:00,PL,2023,REGULAR_SEASON,34.0,Luton Town FC,Brentford FC,1,5,A
436280,2024-04-20 14:00:00+00:00,PL,2023,REGULAR_SEASON,34.0,Sheffield United FC,Burnley FC,1,4,A
438791,2024-04-20 14:15:00+00:00,PD,2023,REGULAR_SEASON,32.0,Rayo Vallecano de Madrid,CA Osasuna,2,1,H
445666,2024-04-20 14:30:00+00:00,PPL,2023,REGULAR_SEASON,30.0,Moreirense FC,Gil Vicente FC,0,1,A
442969,2024-04-20 15:00:00+00:00,FL1,2023,REGULAR_SEASON,30.0,FC Nantes,Stade Rennais FC 1901,0,3,A
444575,2024-04-20 16:00:00+00:00,SA,2023,REGULAR_SEASON,33.0,Empoli FC,SSC Napoli,1,0,H
442050,2024-04-20 16:30:00+00:00,BL1,2023,REGULAR_SEASON,30.0,1. FC Union Berlin,FC Bayern München,1,5,A
438790,2024-04-20 16:30:00+00:00,PD,2023,REGULAR_SEASON,32.0,Valencia CF,Real Betis Balompié,1,2,A
445663,2024-04-20 17:00:00+00:00,PPL,2023,REGULAR_SEASON,30.0,Boavista FC,CF Estrela da Amadora,1,1,D
436282,2024-04-20 18:30:00+00:00,PL,2023,REGULAR_SEASON,34.0,Wolverhampton Wanderers FC,Arsenal FC,0,2,A
444577,2024-04-20 18:45:00+00:00,SA,2023,REGULAR_SEASON,33.0,Hellas Verona FC,Udinese Calcio,1,0,H
442974,2024-04-20 19:00:00+00:00,FL1,2023,REGULAR_SEASON,30.0,Racing Club de Lens,Clermont Foot 63,1,0,H
438788,2024-04-20 19:00:00+00:00,PD,2023,REGULAR_SEASON,32.0,Girona FC,Cádiz CF,4,1,H
445670,2024-04-20 19:30:00+00:00,PPL,2023,REGULAR_SEASON,30.0,Sporting Clube de Braga,FC Vizela,2,1,H
444582,2024-04-21 10:30:00+00:00,SA,2023,REGULAR_SEASON,33.0,US Sassuolo Calcio,US Lecce,0,3,A
438787,2024-04-21 12:00:00+00:00,PD,2023,REGULAR_SEASON,32.0,Getafe CF,Real Sociedad de Fútbol,1,1,D
436276,2024-04-21 12:30:00+00:00,PL,2023,REGULAR_SEASON,34.0,Everton FC,Nottingham Forest FC,2,0,H
442976,2024-04-21 13:00:00+00:00,FL1,2023,REGULAR_SEASON,30.0,Stade de Reims,Montpellier HSC,1,2,A
442972,2024-04-21 13:00:00+00:00,FL1,2023,REGULAR_SEASON,30.0,Lille OSC,RC Strasbourg Alsace,1,0,H
442968,2024-04-21 13:00:00+00:00,FL1,2023,REGULAR_SEASON,30.0,Le Havre AC,FC Metz,0,1,A
444583,2024-04-21 13:00:00+00:00,SA,2023,REGULAR_SEASON,33.0,Torino FC,Frosinone Calcio,0,0,D
442057,2024-04-21 13:30:00+00:00,BL1,2023,REGULAR_SEASON,30.0,SV Werder Bremen,VfB Stuttgart,2,1,H
436273,2024-04-21 14:00:00+00:00,PL,2023,REGULAR_SEASON,34.0,Aston Villa FC,AFC Bournemouth,3,1,H
436275,2024-04-21 14:00:00+00:00,PL,2023,REGULAR_SEASON,34.0,Crystal Palace FC,West Ham United FC,5,2,H
438793,2024-04-21 14:15:00+00:00,PD,2023,REGULAR_SEASON,32.0,UD Almería,Villarreal CF,1,2,A
445665,2024-04-21 14:30:00+00:00,PPL,2023,REGULAR_SEASON,30.0,FC Famalicão,Portimonense SC,2,2,D
445668,2024-04-21 14:30:00+00:00,PPL,2023,REGULAR_SEASON,30.0,GD Chaves,GD Estoril Praia,2,2,D
442975,2024-04-21 15:05:00+00:00,FL1,2023,REGULAR_SEASON,30.0,Stade Brestois 29,AS Monaco FC,0,2,A
442052,2024-04-21 15:30:00+00:00,BL1,2023,REGULAR_SEASON,30.0,Borussia Dortmund,Bayer 04 Leverkusen,1,1,D
436277,2024-04-21 15:30:00+00:00,PL,2023,REGULAR_SEASON,34.0,Fulham FC,Liverpool FC,1,3,A
444581,2024-04-21 16:00:00+00:00,SA,2023,REGULAR_SEASON,33.0,US Salernitana 1919,ACF Fiorentina,0,2,A
438786,2024-04-21 16:30:00+00:00,PD,2023,REGULAR_SEASON,32.0,Deportivo Alavés,Club Atlético de Madrid,2,0,H
445664,2024-04-21 17:00:00+00:00,PPL,2023,REGULAR_SEASON,30.0,Casa Pia AC,FC Porto,1,2,A
442970,2024-04-21 17:15:00+00:00,FL1,2023,REGULAR_SEASON,30.0,Toulouse FC,Olympique de Marseille,2,2,D
442053,2024-04-21 17:30:00+00:00,BL1,2023,REGULAR_SEASON,30.0,SC Freiburg,1. FSV Mainz 05,1,1,D
444579,2024-04-21 18:45:00+00:00,SA,2023,REGULAR_SEASON,33.0,AC Monza,Atalanta BC,1,2,A
442973,2024-04-21 19:00:00+00:00,FL1,2023,REGULAR_SEASON,30.0,Paris Saint-Germain FC,Olympique Lyonnais,4,1,H
438792,2024-04-21 19:00:00+00:00,PD,2023,REGULAR_SEASON,32.0,Real Madrid CF,FC Barcelona,3,2,H
445671,2024-04-21 19:30:00+00:00,PPL,2023,REGULAR_SEASON,30.0,Sporting Clube de Portugal,Vitória SC,3,0,H
444580,2024-04-22 16:30:00+00:00,SA,2023,REGULAR_SEASON,33.0,AS Roma,Bologna FC 1909,1,3,A
444578,2024-04-22 18:45:00+00:00,SA,2023,REGULAR_SEASON,33.0,AC Milan,FC Internazionale Milano,1,2,A
438789,2024-04-22 19:00:00+00:00,PD,2023,REGULAR_SEASON,32.0,Sevilla FC,RCD Mallorca,2,1,H
445669,2024-04-22 19:15:00+00:00,PPL,2023,REGULAR_SEASON,30.0,SC Farense,Sport Lisboa e Benfica,1,3,A
436223,2024-04-23 19:00:00+00:00,PL,2023,REGULAR_SEASON,29.0,Arsenal FC,Chelsea FC,5,0,H
441752,2024-04-24 16:45:00+00:00,DED,2023,REGULAR_SEASON,31.0,FC Twente '65,Almere City FC,3,1,H
442962,2024-04-24 17:00:00+00:00,FL1,2023,REGULAR_SEASON,29.0,FC Lorient,Paris Saint-Germain FC,1,4,A
436232,2024-04-24 18:45:00+00:00,PL,2023,REGULAR_SEASON,29.0,Wolverhampton Wanderers FC,AFC Bournemouth,0,1,A
436230,2024-04-24 19:00:00+00:00,PL,2023,REGULAR_SEASON,29.0,Manchester United FC,Sheffield United FC,4,2,H
436226,2024-04-24 19:00:00+00:00,PL,2023,REGULAR_SEASON,29.0,Crystal Palace FC,Newcastle United FC,2,0,H
441757,2024-04-24 19:00:00+00:00,DED,2023,REGULAR_SEASON,31.0,AFC Ajax,SBV Excelsior,2,2,D
436227,2024-04-24 19:00:00+00:00,PL,2023,REGULAR_SEASON,29.0,Everton FC,Liverpool FC,2,0,H
442964,2024-04-24 19:00:00+00:00,FL1,2023,REGULAR_SEASON,29.0,Olympique de Marseille,OGC Nice,2,2,D
442960,2024-04-24 19:00:00+00:00,FL1,2023,REGULAR_SEASON,29.0,AS Monaco FC,Lille OSC,1,0,H
441754,2024-04-25 16:55:00+00:00,DED,2023,REGULAR_SEASON,31.0,SC Heerenveen,PSV,0,8,A
444573,2024-04-25 18:00:00+00:00,SA,2023,REGULAR_SEASON,32.0,Udinese Calcio,AS Roma,1,2,A
436224,2024-04-25 19:00:00+00:00,PL,2023,REGULAR_SEASON,29.0,Brighton & Hove Albion FC,Manchester City FC,0,4,A
441753,2024-04-25 19:00:00+00:00,DED,2023,REGULAR_SEASON,31.0,Go Ahead Eagles,Feyenoord Rotterdam,1,3,A
442064,2024-04-26 18:30:00+00:00,BL1,2023,REGULAR_SEASON,31.0,VfL Bochum 1848,TSG 1899 Hoffenheim,3,2,H
444587,2024-04-26 18:45:00+00:00,SA,2023,REGULAR_SEASON,34.0,Frosinone Calcio,US Salernitana 1919,3,0,H
442980,2024-04-26 19:00:00+00:00,FL1,2023,REGULAR_SEASON,31.0,Montpellier HSC,FC Nantes,1,1,D
438801,2024-04-26 19:00:00+00:00,PD,2023,REGULAR_SEASON,33.0,Real Sociedad de Fútbol,Real Madrid CF,0,1,A
445678,2024-04-26 19:15:00+00:00,PPL,2023,REGULAR_SEASON,31.0,Gil Vicente FC,FC Arouca,2,2,D
436291,2024-04-27 11:30:00+00:00,PL,2023,REGULAR_SEASON,35.0,West Ham United FC,Liverpool FC,2,2,D
438803,2024-04-27 12:00:00+00:00,PD,2023,REGULAR_SEASON,33.0,UD Las Palmas,Girona FC,0,2,A
444592,2024-04-27 13:00:00+00:00,SA,2023,REGULAR_SEASON,34.0,US Lecce,AC Monza,1,1,D
442065,2024-04-27 13:30:00+00:00,BL1,2023,REGULAR_SEASON,31.0,FC Augsburg,SV Werder Bremen,0,3,A
442061,2024-04-27 13:30:00+00:00,BL1,2023,REGULAR_SEASON,31.0,FC Bayern München,Eintracht Frankfurt,2,1,H
442059,2024-04-27 13:30:00+00:00,BL1,2023,REGULAR_SEASON,31.0,RB Leipzig,Borussia Dortmund,4,1,H
442062,2024-04-27 13:30:00+00:00,BL1,2023,REGULAR_SEASON,31.0,SC Freiburg,VfL Wolfsburg,1,2,A
436292,2024-04-27 14:00:00+00:00,PL,2023,REGULAR_SEASON,35.0,Wolverhampton Wanderers FC,Luton Town FC,2,1,H
436288,2024-04-27 14:00:00+00:00,PL,2023,REGULAR_SEASON,35.0,Newcastle United FC,Sheffield United FC,5,1,H
436287,2024-04-27 14:00:00+00:00,PL,2023,REGULAR_SEASON,35.0,Manchester United FC,Burnley FC,1,1,D
436286,2024-04-27 14:00:00+00:00,PL,2023,REGULAR_SEASON,35.0,Fulham FC,Crystal Palace FC,1,1,D
438802,2024-04-27 14:15:00+00:00,PD,2023,REGULAR_SEASON,33.0,UD Almería,Getafe CF,1,3,A
445676,2024-04-27 14:30:00+00:00,PPL,2023,REGULAR_SEASON,31.0,FC Vizela,Rio Ave FC,1,1,D
445673,2024-04-27 14:30:00+00:00,PPL,2023,REGULAR_SEASON,31.0,Casa Pia AC,GD Chaves,3,1,H
444590,2024-04-27 16:00:00+00:00,SA,2023,REGULAR_SEASON,34.0,Juventus FC,AC Milan,0,0,D
438796,2024-04-27 16:30:00+00:00,PD,2023,REGULAR_SEASON,33.0,Deportivo Alavés,RC Celta de Vigo,3,0,H
442066,2024-04-27 16:30:00+00:00,BL1,2023,REGULAR_SEASON,31.0,Bayer 04 Leverkusen,VfB Stuttgart,2,2,D
436285,2024-04-27 16:30:00+00:00,PL,2023,REGULAR_SEASON,35.0,Everton FC,Brentford FC,1,0,H
445672,2024-04-27 17:00:00+00:00,PPL,2023,REGULAR_SEASON,31.0,Sport Lisboa e Benfica,Sporting Clube de Braga,3,1,H
444591,2024-04-27 18:45:00+00:00,SA,2023,REGULAR_SEASON,34.0,SS Lazio,Hellas Verona FC,1,0,H
436284,2024-04-27 19:00:00+00:00,PL,2023,REGULAR_SEASON,35.0,Aston Villa FC,Chelsea FC,2,2,D
442983,2024-04-27 19:00:00+00:00,FL1,2023,REGULAR_SEASON,31.0,Paris Saint-Germain FC,Le Havre AC,3,3,D
438794,2024-04-27 19:00:00+00:00,PD,2023,REGULAR_SEASON,33.0,Club Atlético de Madrid,Athletic Club,3,1,H
445680,2024-04-27 19:30:00+00:00,PPL,2023,REGULAR_SEASON,31.0,Vitória SC,Boavista FC,1,0,H
441756,2024-04-28 10:15:00+00:00,DED,2023,REGULAR_SEASON,31.0,PEC Zwolle,Heracles Almelo,3,1,H
441755,2024-04-28 10:15:00+00:00,DED,2023,REGULAR_SEASON,31.0,NEC,AZ,0,3,A
444589,2024-04-28 10:30:00+00:00,SA,2023,REGULAR_SEASON,34.0,FC Internazionale Milano,Torino FC,2,0,H
442979,2024-04-28 11:00:00+00:00,FL1,2023,REGULAR_SEASON,31.0,FC Metz,Lille OSC,1,2,A
438798,2024-04-28 12:00:00+00:00,PD,2023,REGULAR_SEASON,33.0,Cádiz CF,RCD Mallorca,1,1,D
441760,2024-04-28 12:30:00+00:00,DED,2023,REGULAR_SEASON,31.0,RKC Waalwijk,FC Utrecht,2,2,D
441759,2024-04-28 12:30:00+00:00,DED,2023,REGULAR_SEASON,31.0,Sparta Rotterdam,FC Volendam,1,0,H
444585,2024-04-28 13:00:00+00:00,SA,2023,REGULAR_SEASON,34.0,Bologna FC 1909,Udinese Calcio,1,1,D
436283,2024-04-28 13:00:00+00:00,PL,2023,REGULAR_SEASON,35.0,AFC Bournemouth,Brighton & Hove Albion FC,3,0,H
442984,2024-04-28 13:00:00+00:00,FL1,2023,REGULAR_SEASON,31.0,RC Strasbourg Alsace,OGC Nice,1,3,A
442978,2024-04-28 13:00:00+00:00,FL1,2023,REGULAR_SEASON,31.0,FC Lorient,Toulouse FC,1,2,A
442977,2024-04-28 13:00:00+00:00,FL1,2023,REGULAR_SEASON,31.0,Clermont Foot 63,Stade de Reims,4,1,H
436290,2024-04-28 13:00:00+00:00,PL,2023,REGULAR_SEASON,35.0,Tottenham Hotspur FC,Arsenal FC,2,3,A
442060,2024-04-28 13:30:00+00:00,BL1,2023,REGULAR_SEASON,31.0,Borussia Mönchengladbach,1. FC Union Berlin,0,0,D
438799,2024-04-28 14:15:00+00:00,PD,2023,REGULAR_SEASON,33.0,Granada CF,CA Osasuna,3,0,H
445679,2024-04-28 14:30:00+00:00,PPL,2023,REGULAR_SEASON,31.0,Portimonense SC,Moreirense FC,0,2,A
441758,2024-04-28 14:45:00+00:00,DED,2023,REGULAR_SEASON,31.0,SBV Vitesse,Fortuna Sittard,3,2,H
442985,2024-04-28 15:05:00+00:00,FL1,2023,REGULAR_SEASON,31.0,Stade Rennais FC 1901,Stade Brestois 29,4,5,A
442063,2024-04-28 15:30:00+00:00,BL1,2023,REGULAR_SEASON,31.0,1. FSV Mainz 05,1. FC Köln,1,1,D
436289,2024-04-28 15:30:00+00:00,PL,2023,REGULAR_SEASON,35.0,Nottingham Forest FC,Manchester City FC,0,2,A
444584,2024-04-28 16:00:00+00:00,SA,2023,REGULAR_SEASON,34.0,Atalanta BC,Empoli FC,2,0,H
444593,2024-04-28 16:00:00+00:00,SA,2023,REGULAR_SEASON,34.0,SSC Napoli,AS Roma,2,2,D
438800,2024-04-28 16:30:00+00:00,PD,2023,REGULAR_SEASON,33.0,Villarreal CF,Rayo Vallecano de Madrid,3,0,H
442981,2024-04-28 17:00:00+00:00,FL1,2023,REGULAR_SEASON,31.0,Olympique Lyonnais,AS Monaco FC,3,2,H
445677,2024-04-28 17:00:00+00:00,PPL,2023,REGULAR_SEASON,31.0,GD Estoril Praia,FC Famalicão,1,0,H
442067,2024-04-28 17:30:00+00:00,BL1,2023,REGULAR_SEASON,31.0,SV Darmstadt 98,1. FC Heidenheim 1846,0,1,A
444586,2024-04-28 18:45:00+00:00,SA,2023,REGULAR_SEASON,34.0,ACF Fiorentina,US Sassuolo Calcio,5,1,H
438795,2024-04-28 19:00:00+00:00,PD,2023,REGULAR_SEASON,33.0,Real Betis Balompié,Sevilla FC,1,1,D
442982,2024-04-28 19:00:00+00:00,FL1,2023,REGULAR_SEASON,31.0,Olympique de Marseille,Racing Club de Lens,2,1,H
445675,2024-04-28 19:30:00+00:00,PPL,2023,REGULAR_SEASON,31.0,FC Porto,Sporting Clube de Portugal,2,2,D
444588,2024-04-29 18:45:00+00:00,SA,2023,REGULAR_SEASON,34.0,Genoa CFC,Cagliari Calcio,3,0,H
438797,2024-04-29 19:00:00+00:00,PD,2023,REGULAR_SEASON,33.0,FC Barcelona,Valencia CF,4,2,H
445674,2024-04-29 19:15:00+00:00,PPL,2023,REGULAR_SEASON,31.0,CF Estrela da Amadora,SC Farense,0,3,A
451682,2024-04-30 19:00:00+00:00,CL,2023,SEMI_FINALS,1.0,FC Bayern München,Real Madrid CF,2,2,D
451681,2024-05-01 19:00:00+00:00,CL,2023,SEMI_FINALS,1.0,Borussia Dortmund,Paris Saint-Germain FC,1,0,H
436197,2024-05-02 18:30:00+00:00,PL,2023,REGULAR_SEASON,26.0,Chelsea FC,Tottenham Hotspur FC,2,0,H
442989,2024-05-03 17:00:00+00:00,FL1,2023,REGULAR_SEASON,32.0,Toulouse FC,Montpellier HSC,1,2,A
441762,2024-05-03 18:00:00+00:00,DED,2023,REGULAR_SEASON,32.0,Almere City FC,SC Heerenveen,1,1,D
441761,2024-05-03 18:00:00+00:00,DED,2023,REGULAR_SEASON,32.0,Fortuna Sittard,Go Ahead Eagles,0,0,D
442069,2024-05-03 18:30:00+00:00,BL1,2023,REGULAR_SEASON,32.0,TSG 1899 Hoffenheim,RB Leipzig,1,1,D
444602,2024-05-03 18:45:00+00:00,SA,2023,REGULAR_SEASON,35.0,Torino FC,Bologna FC 1909,0,0,D
438806,2024-05-03 19:00:00+00:00,PD,2023,REGULAR_SEASON,34.0,Getafe CF,Athletic Club,0,2,A
442992,2024-05-03 19:00:00+00:00,FL1,2023,REGULAR_SEASON,32.0,Racing Club de Lens,FC Lorient,2,0,H
436300,2024-05-03 19:00:00+00:00,PL,2023,REGULAR_SEASON,36.0,Luton Town FC,Everton FC,1,1,D
445684,2024-05-03 19:15:00+00:00,PPL,2023,REGULAR_SEASON,32.0,Moreirense FC,FC Vizela,1,0,H
436293,2024-05-04 11:30:00+00:00,PL,2023,REGULAR_SEASON,36.0,Arsenal FC,AFC Bournemouth,3,0,H
438813,2024-05-04 12:00:00+00:00,PD,2023,REGULAR_SEASON,34.0,Real Sociedad de Fútbol,UD Las Palmas,2,0,H
442986,2024-05-04 13:00:00+00:00,FL1,2023,REGULAR_SEASON,32.0,Le Havre AC,RC Strasbourg Alsace,3,1,H
442073,2024-05-04 13:30:00+00:00,BL1,2023,REGULAR_SEASON,32.0,SV Werder Bremen,Borussia Mönchengladbach,2,2,D
442075,2024-05-04 13:30:00+00:00,BL1,2023,REGULAR_SEASON,32.0,Borussia Dortmund,FC Augsburg,5,1,H
442068,2024-05-04 13:30:00+00:00,BL1,2023,REGULAR_SEASON,32.0,VfB Stuttgart,FC Bayern München,3,1,H
442076,2024-05-04 13:30:00+00:00,BL1,2023,REGULAR_SEASON,32.0,VfL Wolfsburg,SV Darmstadt 98,3,0,H
436302,2024-05-04 14:00:00+00:00,PL,2023,REGULAR_SEASON,36.0,Sheffield United FC,Nottingham Forest FC,1,3,A
436296,2024-05-04 14:00:00+00:00,PL,2023,REGULAR_SEASON,36.0,Burnley FC,Newcastle United FC,1,4,A
436294,2024-05-04 14:00:00+00:00,PL,2023,REGULAR_SEASON,36.0,Brentford FC,Fulham FC,0,0,D
438812,2024-05-04 14:15:00+00:00,PD,2023,REGULAR_SEASON,34.0,Real Madrid CF,Cádiz CF,3,0,H
445681,2024-05-04 14:30:00+00:00,PPL,2023,REGULAR_SEASON,32.0,Boavista FC,Gil Vicente FC,1,1,D
445685,2024-05-04 14:30:00+00:00,PPL,2023,REGULAR_SEASON,32.0,Rio Ave FC,Vitória SC,2,1,H
442987,2024-05-04 15:00:00+00:00,FL1,2023,REGULAR_SEASON,32.0,AS Monaco FC,Clermont Foot 63,4,1,H
444598,2024-05-04 16:00:00+00:00,SA,2023,REGULAR_SEASON,35.0,AC Monza,SS Lazio,2,2,D
438807,2024-05-04 16:30:00+00:00,PD,2023,REGULAR_SEASON,34.0,Girona FC,FC Barcelona,4,2,H
442070,2024-05-04 16:30:00+00:00,BL1,2023,REGULAR_SEASON,32.0,1. FC Köln,SC Freiburg,0,0,D
436301,2024-05-04 16:30:00+00:00,PL,2023,REGULAR_SEASON,36.0,Manchester City FC,Wolverhampton Wanderers FC,5,1,H
442988,2024-05-04 17:00:00+00:00,FL1,2023,REGULAR_SEASON,32.0,FC Metz,Stade Rennais FC 1901,2,3,A
445689,2024-05-04 17:00:00+00:00,PPL,2023,REGULAR_SEASON,32.0,Sporting Clube de Portugal,Portimonense SC,3,0,H
444601,2024-05-04 18:45:00+00:00,SA,2023,REGULAR_SEASON,35.0,US Sassuolo Calcio,FC Internazionale Milano,1,0,H
442993,2024-05-04 19:00:00+00:00,FL1,2023,REGULAR_SEASON,32.0,Stade Brestois 29,FC Nantes,0,0,D
438811,2024-05-04 19:00:00+00:00,PD,2023,REGULAR_SEASON,34.0,RCD Mallorca,Club Atlético de Madrid,0,1,A
445686,2024-05-04 19:30:00+00:00,PPL,2023,REGULAR_SEASON,32.0,GD Chaves,FC Porto,0,3,A
441764,2024-05-05 10:15:00+00:00,DED,2023,REGULAR_SEASON,32.0,PSV,Sparta Rotterdam,4,2,H
441766,2024-05-05 10:15:00+00:00,DED,2023,REGULAR_SEASON,32.0,Heracles Almelo,RKC Waalwijk,0,5,A
444594,2024-05-05 10:30:00+00:00,SA,2023,REGULAR_SEASON,35.0,Cagliari Calcio,US Lecce,1,1,D
438804,2024-05-05 12:00:00+00:00,PD,2023,REGULAR_SEASON,34.0,CA Osasuna,Real Betis Balompié,0,2,A
441765,2024-05-05 12:30:00+00:00,DED,2023,REGULAR_SEASON,32.0,FC Utrecht,SBV Vitesse,1,0,H
441767,2024-05-05 12:30:00+00:00,DED,2023,REGULAR_SEASON,32.0,FC Volendam,AFC Ajax,1,4,A
436295,2024-05-05 13:00:00+00:00,PL,2023,REGULAR_SEASON,36.0,Brighton & Hove Albion FC,Aston Villa FC,1,0,H
444596,2024-05-05 13:00:00+00:00,SA,2023,REGULAR_SEASON,35.0,Hellas Verona FC,ACF Fiorentina,2,1,H
436297,2024-05-05 13:00:00+00:00,PL,2023,REGULAR_SEASON,36.0,Chelsea FC,West Ham United FC,5,0,H
444595,2024-05-05 13:00:00+00:00,SA,2023,REGULAR_SEASON,35.0,Empoli FC,Frosinone Calcio,0,0,D
442074,2024-05-05 13:30:00+00:00,BL1,2023,REGULAR_SEASON,32.0,1. FC Union Berlin,VfL Bochum 1848,3,4,A
438805,2024-05-05 14:15:00+00:00,PD,2023,REGULAR_SEASON,34.0,RC Celta de Vigo,Villarreal CF,3,2,H
445687,2024-05-05 14:30:00+00:00,PPL,2023,REGULAR_SEASON,32.0,SC Farense,GD Estoril Praia,3,2,H
441763,2024-05-05 14:45:00+00:00,DED,2023,REGULAR_SEASON,32.0,AZ,FC Twente '65,2,1,H
436299,2024-05-05 15:30:00+00:00,PL,2023,REGULAR_SEASON,36.0,Liverpool FC,Tottenham Hotspur FC,4,2,H
442071,2024-05-05 15:30:00+00:00,BL1,2023,REGULAR_SEASON,32.0,Eintracht Frankfurt,Bayer 04 Leverkusen,1,5,A
444597,2024-05-05 16:00:00+00:00,SA,2023,REGULAR_SEASON,35.0,AC Milan,Genoa CFC,3,3,D
438809,2024-05-05 16:30:00+00:00,PD,2023,REGULAR_SEASON,34.0,Valencia CF,Deportivo Alavés,0,1,A
445682,2024-05-05 17:00:00+00:00,PPL,2023,REGULAR_SEASON,32.0,FC Arouca,CF Estrela da Amadora,0,0,D
445688,2024-05-05 17:00:00+00:00,PPL,2023,REGULAR_SEASON,32.0,Sporting Clube de Braga,Casa Pia AC,4,3,H
442072,2024-05-05 17:30:00+00:00,BL1,2023,REGULAR_SEASON,32.0,1. FC Heidenheim 1846,1. FSV Mainz 05,1,1,D
441769,2024-05-05 18:00:00+00:00,DED,2023,REGULAR_SEASON,32.0,Feyenoord Rotterdam,PEC Zwolle,5,0,H
444599,2024-05-05 18:45:00+00:00,SA,2023,REGULAR_SEASON,35.0,AS Roma,Juventus FC,1,1,D
438808,2024-05-05 19:00:00+00:00,PD,2023,REGULAR_SEASON,34.0,Sevilla FC,Granada CF,3,0,H
438810,2024-05-05 19:00:00+00:00,PD,2023,REGULAR_SEASON,34.0,Rayo Vallecano de Madrid,UD Almería,0,1,A
445683,2024-05-05 19:30:00+00:00,PPL,2023,REGULAR_SEASON,32.0,FC Famalicão,Sport Lisboa e Benfica,2,0,H
444600,2024-05-06 16:00:00+00:00,SA,2023,REGULAR_SEASON,35.0,US Salernitana 1919,Atalanta BC,1,2,A
441768,2024-05-06 18:00:00+00:00,DED,2023,REGULAR_SEASON,32.0,SBV Excelsior,NEC,0,3,A
444603,2024-05-06 18:45:00+00:00,SA,2023,REGULAR_SEASON,35.0,Udinese Calcio,SSC Napoli,1,1,D
442991,2024-05-06 19:00:00+00:00,FL1,2023,REGULAR_SEASON,32.0,Lille OSC,Olympique Lyonnais,3,4,A
436298,2024-05-06 19:00:00+00:00,PL,2023,REGULAR_SEASON,36.0,Crystal Palace FC,Manchester United FC,4,0,H
451683,2024-05-07 19:00:00+00:00,CL,2023,SEMI_FINALS,2.0,Paris Saint-Germain FC,Borussia Dortmund,0,1,A
451684,2024-05-08 19:00:00+00:00,CL,2023,SEMI_FINALS,2.0,Real Madrid CF,FC Bayern München,2,1,H
442084,2024-05-10 18:30:00+00:00,BL1,2023,REGULAR_SEASON,33.0,FC Augsburg,VfB Stuttgart,0,1,A
444606,2024-05-10 18:45:00+00:00,SA,2023,REGULAR_SEASON,36.0,Frosinone Calcio,FC Internazionale Milano,0,5,A
443002,2024-05-10 19:00:00+00:00,FL1,2023,REGULAR_SEASON,33.0,Stade Brestois 29,Stade de Reims,1,1,D
438817,2024-05-10 19:00:00+00:00,PD,2023,REGULAR_SEASON,35.0,Deportivo Alavés,Girona FC,2,2,D
442998,2024-05-10 19:00:00+00:00,FL1,2023,REGULAR_SEASON,33.0,OGC Nice,Le Havre AC,1,0,H
445694,2024-05-10 19:15:00+00:00,PPL,2023,REGULAR_SEASON,33.0,GD Chaves,FC Famalicão,0,1,A
436306,2024-05-11 11:30:00+00:00,PL,2023,REGULAR_SEASON,37.0,Fulham FC,Manchester City FC,0,4,A
438823,2024-05-11 12:00:00+00:00,PD,2023,REGULAR_SEASON,35.0,RCD Mallorca,UD Las Palmas,1,0,H
442083,2024-05-11 13:30:00+00:00,BL1,2023,REGULAR_SEASON,33.0,RB Leipzig,SV Werder Bremen,1,1,D
442080,2024-05-11 13:30:00+00:00,BL1,2023,REGULAR_SEASON,33.0,Borussia Mönchengladbach,Eintracht Frankfurt,1,1,D
442085,2024-05-11 13:30:00+00:00,BL1,2023,REGULAR_SEASON,33.0,SC Freiburg,1. FC Heidenheim 1846,1,1,D
442078,2024-05-11 13:30:00+00:00,BL1,2023,REGULAR_SEASON,33.0,1. FC Köln,1. FC Union Berlin,3,2,H
436308,2024-05-11 14:00:00+00:00,PL,2023,REGULAR_SEASON,37.0,Newcastle United FC,Brighton & Hove Albion FC,1,1,D
436312,2024-05-11 14:00:00+00:00,PL,2023,REGULAR_SEASON,37.0,Wolverhampton Wanderers FC,Crystal Palace FC,1,3,A
436310,2024-05-11 14:00:00+00:00,PL,2023,REGULAR_SEASON,37.0,Tottenham Hotspur FC,Burnley FC,2,1,H
436303,2024-05-11 14:00:00+00:00,PL,2023,REGULAR_SEASON,37.0,AFC Bournemouth,Brentford FC,1,2,A
436305,2024-05-11 14:00:00+00:00,PL,2023,REGULAR_SEASON,37.0,Everton FC,Sheffield United FC,1,0,H
436311,2024-05-11 14:00:00+00:00,PL,2023,REGULAR_SEASON,37.0,West Ham United FC,Luton Town FC,3,1,H
438822,2024-05-11 14:15:00+00:00,PD,2023,REGULAR_SEASON,35.0,Villarreal CF,Sevilla FC,3,2,H
445693,2024-05-11 14:30:00+00:00,PPL,2023,REGULAR_SEASON,33.0,FC Vizela,CF Estrela da Amadora,4,0,H
445697,2024-05-11 14:30:00+00:00,PPL,2023,REGULAR_SEASON,33.0,Portimonense SC,Rio Ave FC,2,2,D
444613,2024-05-11 16:00:00+00:00,SA,2023,REGULAR_SEASON,36.0,SSC Napoli,Bologna FC 1909,0,2,A
436309,2024-05-11 16:30:00+00:00,PL,2023,REGULAR_SEASON,37.0,Nottingham Forest FC,Chelsea FC,2,3,A
438820,2024-05-11 16:30:00+00:00,PD,2023,REGULAR_SEASON,35.0,Granada CF,Real Madrid CF,0,4,A
442077,2024-05-11 16:30:00+00:00,BL1,2023,REGULAR_SEASON,33.0,1. FSV Mainz 05,Borussia Dortmund,3,0,H
445695,2024-05-11 17:00:00+00:00,PPL,2023,REGULAR_SEASON,33.0,GD Estoril Praia,Sporting Clube de Portugal,0,1,A
444612,2024-05-11 18:45:00+00:00,SA,2023,REGULAR_SEASON,36.0,AC Milan,Cagliari Calcio,5,1,H
438814,2024-05-11 19:00:00+00:00,PD,2023,REGULAR_SEASON,35.0,Athletic Club,CA Osasuna,2,2,D
445698,2024-05-11 19:30:00+00:00,PPL,2023,REGULAR_SEASON,33.0,Vitória SC,Sporting Clube de Braga,2,3,A
444610,2024-05-12 10:30:00+00:00,SA,2023,REGULAR_SEASON,36.0,SS Lazio,Empoli FC,2,0,H
438819,2024-05-12 12:00:00+00:00,PD,2023,REGULAR_SEASON,35.0,Cádiz CF,Getafe CF,1,0,H
441777,2024-05-12 12:30:00+00:00,DED,2023,REGULAR_SEASON,33.0,RKC Waalwijk,PEC Zwolle,1,1,D
441770,2024-05-12 12:30:00+00:00,DED,2023,REGULAR_SEASON,33.0,AFC Ajax,Almere City FC,3,0,H
441776,2024-05-12 12:30:00+00:00,DED,2023,REGULAR_SEASON,33.0,NEC,Feyenoord Rotterdam,2,3,A
441775,2024-05-12 12:30:00+00:00,DED,2023,REGULAR_SEASON,33.0,Go Ahead Eagles,AZ,0,3,A
441778,2024-05-12 12:30:00+00:00,DED,2023,REGULAR_SEASON,33.0,SC Heerenveen,SBV Vitesse,1,3,A
441771,2024-05-12 12:30:00+00:00,DED,2023,REGULAR_SEASON,33.0,SBV Excelsior,Heracles Almelo,4,0,H
441772,2024-05-12 12:30:00+00:00,DED,2023,REGULAR_SEASON,33.0,FC Twente '65,FC Volendam,7,2,H
441773,2024-05-12 12:30:00+00:00,DED,2023,REGULAR_SEASON,33.0,FC Utrecht,Sparta Rotterdam,0,1,A
441774,2024-05-12 12:30:00+00:00,DED,2023,REGULAR_SEASON,33.0,Fortuna Sittard,PSV,1,1,D
444608,2024-05-12 13:00:00+00:00,SA,2023,REGULAR_SEASON,36.0,Hellas Verona FC,Torino FC,1,2,A
444607,2024-05-12 13:00:00+00:00,SA,2023,REGULAR_SEASON,36.0,Genoa CFC,US Sassuolo Calcio,2,1,H
442082,2024-05-12 13:30:00+00:00,BL1,2023,REGULAR_SEASON,33.0,SV Darmstadt 98,TSG 1899 Hoffenheim,0,6,A
438815,2024-05-12 14:15:00+00:00,PD,2023,REGULAR_SEASON,35.0,Club Atlético de Madrid,RC Celta de Vigo,1,0,H
445696,2024-05-12 14:30:00+00:00,PPL,2023,REGULAR_SEASON,33.0,Gil Vicente FC,SC Farense,2,0,H
436307,2024-05-12 15:30:00+00:00,PL,2023,REGULAR_SEASON,37.0,Manchester United FC,Arsenal FC,0,1,A
442081,2024-05-12 15:30:00+00:00,BL1,2023,REGULAR_SEASON,33.0,FC Bayern München,VfL Wolfsburg,2,0,H
444609,2024-05-12 16:00:00+00:00,SA,2023,REGULAR_SEASON,36.0,Juventus FC,US Salernitana 1919,1,1,D
438821,2024-05-12 16:30:00+00:00,PD,2023,REGULAR_SEASON,35.0,Valencia CF,Rayo Vallecano de Madrid,0,0,D
445690,2024-05-12 17:00:00+00:00,PPL,2023,REGULAR_SEASON,33.0,Sport Lisboa e Benfica,FC Arouca,5,0,H
445691,2024-05-12 17:00:00+00:00,PPL,2023,REGULAR_SEASON,33.0,Casa Pia AC,Moreirense FC,0,1,A
442079,2024-05-12 17:30:00+00:00,BL1,2023,REGULAR_SEASON,33.0,VfL Bochum 1848,Bayer 04 Leverkusen,0,5,A
444604,2024-05-12 18:45:00+00:00,SA,2023,REGULAR_SEASON,36.0,Atalanta BC,AS Roma,2,1,H
438816,2024-05-12 19:00:00+00:00,PD,2023,REGULAR_SEASON,35.0,Real Betis Balompié,UD Almería,3,2,H
443003,2024-05-12 19:00:00+00:00,FL1,2023,REGULAR_SEASON,33.0,Stade Rennais FC 1901,Racing Club de Lens,1,1,D
443001,2024-05-12 19:00:00+00:00,FL1,2023,REGULAR_SEASON,33.0,RC Strasbourg Alsace,FC Metz,2,1,H
443000,2024-05-12 19:00:00+00:00,FL1,2023,REGULAR_SEASON,33.0,Paris Saint-Germain FC,Toulouse FC,1,3,A
442999,2024-05-12 19:00:00+00:00,FL1,2023,REGULAR_SEASON,33.0,Olympique de Marseille,FC Lorient,3,1,H
442997,2024-05-12 19:00:00+00:00,FL1,2023,REGULAR_SEASON,33.0,Montpellier HSC,AS Monaco FC,0,2,A
442996,2024-05-12 19:00:00+00:00,FL1,2023,REGULAR_SEASON,33.0,FC Nantes,Lille OSC,1,2,A
442995,2024-05-12 19:00:00+00:00,FL1,2023,REGULAR_SEASON,33.0,Clermont Foot 63,Olympique Lyonnais,0,1,A
445692,2024-05-12 19:30:00+00:00,PPL,2023,REGULAR_SEASON,33.0,FC Porto,Boavista FC,2,1,H
444611,2024-05-13 16:30:00+00:00,SA,2023,REGULAR_SEASON,36.0,US Lecce,Udinese Calcio,0,2,A
444605,2024-05-13 18:45:00+00:00,SA,2023,REGULAR_SEASON,36.0,ACF Fiorentina,AC Monza,2,1,H
436304,2024-05-13 19:00:00+00:00,PL,2023,REGULAR_SEASON,37.0,Aston Villa FC,Liverpool FC,3,3,D
438818,2024-05-13 19:00:00+00:00,PD,2023,REGULAR_SEASON,35.0,FC Barcelona,Real Sociedad de Fútbol,2,0,H
438824,2024-05-14 17:30:00+00:00,PD,2023,REGULAR_SEASON,36.0,CA Osasuna,RCD Mallorca,1,1,D
436281,2024-05-14 19:00:00+00:00,PL,2023,REGULAR_SEASON,34.0,Tottenham Hotspur FC,Manchester City FC,0,2,A
438830,2024-05-14 19:30:00+00:00,PD,2023,REGULAR_SEASON,36.0,Real Madrid CF,Deportivo Alavés,5,0,H
438827,2024-05-14 20:00:00+00:00,PD,2023,REGULAR_SEASON,36.0,Girona FC,Villarreal CF,0,1,A
438828,2024-05-15 17:30:00+00:00,PD,2023,REGULAR_SEASON,36.0,Sevilla FC,Cádiz CF,0,1,A
438829,2024-05-15 17:30:00+00:00,PD,2023,REGULAR_SEASON,36.0,Rayo Vallecano de Madrid,Granada CF,2,1,H
436274,2024-05-15 18:45:00+00:00,PL,2023,REGULAR_SEASON,34.0,Brighton & Hove Albion FC,Chelsea FC,1,2,A
442994,2024-05-15 19:00:00+00:00,FL1,2023,REGULAR_SEASON,32.0,Stade de Reims,Olympique de Marseille,1,0,H
436279,2024-05-15 19:00:00+00:00,PL,2023,REGULAR_SEASON,34.0,Manchester United FC,Newcastle United FC,3,2,H
442990,2024-05-15 19:00:00+00:00,FL1,2023,REGULAR_SEASON,32.0,OGC Nice,Paris Saint-Germain FC,1,2,A
438826,2024-05-15 20:00:00+00:00,PD,2023,REGULAR_SEASON,36.0,Getafe CF,Club Atlético de Madrid,0,3,A
438825,2024-05-15 20:00:00+00:00,PD,2023,REGULAR_SEASON,36.0,RC Celta de Vigo,Athletic Club,2,1,H
438833,2024-05-16 17:30:00+00:00,PD,2023,REGULAR_SEASON,36.0,UD Las Palmas,Real Betis Balompié,2,2,D
438832,2024-05-16 19:30:00+00:00,PD,2023,REGULAR_SEASON,36.0,UD Almería,FC Barcelona,0,2,A
438831,2024-05-16 20:00:00+00:00,PD,2023,REGULAR_SEASON,36.0,Real Sociedad de Fútbol,Valencia CF,1,0,H
445702,2024-05-17 17:45:00+00:00,PPL,2023,REGULAR_SEASON,34.0,FC Famalicão,Casa Pia AC,1,2,A
444615,2024-05-17 18:45:00+00:00,SA,2023,REGULAR_SEASON,37.0,ACF Fiorentina,SSC Napoli,2,2,D
445704,2024-05-17 19:45:00+00:00,PPL,2023,REGULAR_SEASON,34.0,Rio Ave FC,Sport Lisboa e Benfica,1,1,D
442090,2024-05-18 13:30:00+00:00,BL1,2023,REGULAR_SEASON,34.0,VfB Stuttgart,Borussia Mönchengladbach,4,0,H
442086,2024-05-18 13:30:00+00:00,BL1,2023,REGULAR_SEASON,34.0,TSG 1899 Hoffenheim,FC Bayern München,4,2,H
442087,2024-05-18 13:30:00+00:00,BL1,2023,REGULAR_SEASON,34.0,Eintracht Frankfurt,RB Leipzig,2,2,D
442088,2024-05-18 13:30:00+00:00,BL1,2023,REGULAR_SEASON,34.0,1. FC Union Berlin,SC Freiburg,2,1,H
442089,2024-05-18 13:30:00+00:00,BL1,2023,REGULAR_SEASON,34.0,VfL Wolfsburg,1. FSV Mainz 05,1,3,A
442091,2024-05-18 13:30:00+00:00,BL1,2023,REGULAR_SEASON,34.0,1. FC Heidenheim 1846,1. FC Köln,4,1,H
442092,2024-05-18 13:30:00+00:00,BL1,2023,REGULAR_SEASON,34.0,SV Werder Bremen,VfL Bochum 1848,4,1,H
442093,2024-05-18 13:30:00+00:00,BL1,2023,REGULAR_SEASON,34.0,Bayer 04 Leverkusen,FC Augsburg,2,1,H
442094,2024-05-18 13:30:00+00:00,BL1,2023,REGULAR_SEASON,34.0,Borussia Dortmund,SV Darmstadt 98,4,0,H
445701,2024-05-18 14:30:00+00:00,PPL,2023,REGULAR_SEASON,34.0,FC Arouca,Vitória SC,1,3,A
445705,2024-05-18 14:30:00+00:00,PPL,2023,REGULAR_SEASON,34.0,SC Farense,Portimonense SC,1,3,A
445699,2024-05-18 14:30:00+00:00,PPL,2023,REGULAR_SEASON,34.0,Boavista FC,FC Vizela,2,2,D
445700,2024-05-18 14:30:00+00:00,PPL,2023,REGULAR_SEASON,34.0,CF Estrela da Amadora,Gil Vicente FC,1,0,H
444617,2024-05-18 16:00:00+00:00,SA,2023,REGULAR_SEASON,37.0,US Lecce,Atalanta BC,0,2,A
445703,2024-05-18 17:00:00+00:00,PPL,2023,REGULAR_SEASON,34.0,Moreirense FC,GD Estoril Praia,2,1,H
445707,2024-05-18 17:00:00+00:00,PPL,2023,REGULAR_SEASON,34.0,Sporting Clube de Portugal,GD Chaves,3,0,H
444622,2024-05-18 18:45:00+00:00,SA,2023,REGULAR_SEASON,37.0,Torino FC,AC Milan,3,1,H
438837,2024-05-18 19:00:00+00:00,PD,2023,REGULAR_SEASON,37.0,Deportivo Alavés,Getafe CF,1,0,H
445706,2024-05-18 19:30:00+00:00,PPL,2023,REGULAR_SEASON,34.0,Sporting Clube de Braga,FC Porto,0,1,A
444621,2024-05-19 10:30:00+00:00,SA,2023,REGULAR_SEASON,37.0,US Sassuolo Calcio,Cagliari Calcio,0,2,A
441785,2024-05-19 12:30:00+00:00,DED,2023,REGULAR_SEASON,34.0,PSV,RKC Waalwijk,3,1,H
441786,2024-05-19 12:30:00+00:00,DED,2023,REGULAR_SEASON,34.0,Sparta Rotterdam,SC Heerenveen,2,1,H
441787,2024-05-19 12:30:00+00:00,DED,2023,REGULAR_SEASON,34.0,SBV Vitesse,AFC Ajax,2,2,D
441781,2024-05-19 12:30:00+00:00,DED,2023,REGULAR_SEASON,34.0,FC Volendam,Go Ahead Eagles,1,2,A
441782,2024-05-19 12:30:00+00:00,DED,2023,REGULAR_SEASON,34.0,Feyenoord Rotterdam,SBV Excelsior,4,0,H
441784,2024-05-19 12:30:00+00:00,DED,2023,REGULAR_SEASON,34.0,PEC Zwolle,FC Twente '65,1,2,A
441779,2024-05-19 12:30:00+00:00,DED,2023,REGULAR_SEASON,34.0,Almere City FC,NEC,1,4,A
441783,2024-05-19 12:30:00+00:00,DED,2023,REGULAR_SEASON,34.0,Heracles Almelo,Fortuna Sittard,0,0,D
441780,2024-05-19 12:30:00+00:00,DED,2023,REGULAR_SEASON,34.0,AZ,FC Utrecht,3,3,D
444618,2024-05-19 13:00:00+00:00,SA,2023,REGULAR_SEASON,37.0,AC Monza,Frosinone Calcio,0,1,A
444623,2024-05-19 13:00:00+00:00,SA,2023,REGULAR_SEASON,37.0,Udinese Calcio,Empoli FC,1,1,D
436322,2024-05-19 15:00:00+00:00,PL,2023,REGULAR_SEASON,38.0,Sheffield United FC,Tottenham Hotspur FC,0,3,A
436321,2024-05-19 15:00:00+00:00,PL,2023,REGULAR_SEASON,38.0,Manchester City FC,West Ham United FC,3,1,H
436313,2024-05-19 15:00:00+00:00,PL,2023,REGULAR_SEASON,38.0,Arsenal FC,Everton FC,2,1,H
436314,2024-05-19 15:00:00+00:00,PL,2023,REGULAR_SEASON,38.0,Brentford FC,Newcastle United FC,2,4,A
436319,2024-05-19 15:00:00+00:00,PL,2023,REGULAR_SEASON,38.0,Liverpool FC,Wolverhampton Wanderers FC,2,0,H
436315,2024-05-19 15:00:00+00:00,PL,2023,REGULAR_SEASON,38.0,Brighton & Hove Albion FC,Manchester United FC,0,2,A
436316,2024-05-19 15:00:00+00:00,PL,2023,REGULAR_SEASON,38.0,Burnley FC,Nottingham Forest FC,1,2,A
436317,2024-05-19 15:00:00+00:00,PL,2023,REGULAR_SEASON,38.0,Chelsea FC,AFC Bournemouth,2,1,H
436318,2024-05-19 15:00:00+00:00,PL,2023,REGULAR_SEASON,38.0,Crystal Palace FC,Aston Villa FC,5,0,H
436320,2024-05-19 15:00:00+00:00,PL,2023,REGULAR_SEASON,38.0,Luton Town FC,Fulham FC,2,4,A
444616,2024-05-19 16:00:00+00:00,SA,2023,REGULAR_SEASON,37.0,FC Internazionale Milano,SS Lazio,1,1,D
438841,2024-05-19 17:00:00+00:00,PD,2023,REGULAR_SEASON,37.0,Valencia CF,Girona FC,1,3,A
438842,2024-05-19 17:00:00+00:00,PD,2023,REGULAR_SEASON,37.0,Villarreal CF,Real Madrid CF,4,4,D
438843,2024-05-19 17:00:00+00:00,PD,2023,REGULAR_SEASON,37.0,RCD Mallorca,UD Almería,2,2,D
438834,2024-05-19 17:00:00+00:00,PD,2023,REGULAR_SEASON,37.0,Athletic Club,Sevilla FC,2,0,H
438835,2024-05-19 17:00:00+00:00,PD,2023,REGULAR_SEASON,37.0,Club Atlético de Madrid,CA Osasuna,1,4,A
438836,2024-05-19 17:00:00+00:00,PD,2023,REGULAR_SEASON,37.0,Real Betis Balompié,Real Sociedad de Fútbol,0,2,A
438838,2024-05-19 17:00:00+00:00,PD,2023,REGULAR_SEASON,37.0,FC Barcelona,Rayo Vallecano de Madrid,3,0,H
438839,2024-05-19 17:00:00+00:00,PD,2023,REGULAR_SEASON,37.0,Cádiz CF,UD Las Palmas,0,0,D
438840,2024-05-19 17:00:00+00:00,PD,2023,REGULAR_SEASON,37.0,Granada CF,RC Celta de Vigo,1,2,A
444619,2024-05-19 18:45:00+00:00,SA,2023,REGULAR_SEASON,37.0,AS Roma,Genoa CFC,1,0,H
443011,2024-05-19 19:00:00+00:00,FL1,2023,REGULAR_SEASON,34.0,Racing Club de Lens,Montpellier HSC,2,2,D
443008,2024-05-19 19:00:00+00:00,FL1,2023,REGULAR_SEASON,34.0,Toulouse FC,Stade Brestois 29,0,3,A
443012,2024-05-19 19:00:00+00:00,FL1,2023,REGULAR_SEASON,34.0,Stade de Reims,Stade Rennais FC 1901,2,1,H
443006,2024-05-19 19:00:00+00:00,FL1,2023,REGULAR_SEASON,34.0,FC Lorient,Clermont Foot 63,5,0,H
443007,2024-05-19 19:00:00+00:00,FL1,2023,REGULAR_SEASON,34.0,FC Metz,Paris Saint-Germain FC,0,2,A
443004,2024-05-19 19:00:00+00:00,FL1,2023,REGULAR_SEASON,34.0,Le Havre AC,Olympique de Marseille,1,2,A
443005,2024-05-19 19:00:00+00:00,FL1,2023,REGULAR_SEASON,34.0,AS Monaco FC,FC Nantes,4,0,H
443010,2024-05-19 19:00:00+00:00,FL1,2023,REGULAR_SEASON,34.0,Lille OSC,OGC Nice,2,2,D
443009,2024-05-19 19:00:00+00:00,FL1,2023,REGULAR_SEASON,34.0,Olympique Lyonnais,RC Strasbourg Alsace,2,1,H
444620,2024-05-20 16:30:00+00:00,SA,2023,REGULAR_SEASON,37.0,US Salernitana 1919,Hellas Verona FC,1,2,A
444614,2024-05-20 18:45:00+00:00,SA,2023,REGULAR_SEASON,37.0,Bologna FC 1909,Juventus FC,3,3,D
444625,2024-05-23 18:45:00+00:00,SA,2023,REGULAR_SEASON,38.0,Cagliari Calcio,ACF Fiorentina,2,3,A
444628,2024-05-24 18:45:00+00:00,SA,2023,REGULAR_SEASON,38.0,Genoa CFC,Bologna FC 1909,2,0,H
438847,2024-05-24 19:00:00+00:00,PD,2023,REGULAR_SEASON,38.0,Girona FC,Granada CF,7,0,H
438844,2024-05-25 12:00:00+00:00,PD,2023,REGULAR_SEASON,38.0,CA Osasuna,Villarreal CF,1,1,D
438851,2024-05-25 14:15:00+00:00,PD,2023,REGULAR_SEASON,38.0,Real Sociedad de Fútbol,Club Atlético de Madrid,0,2,A
444630,2024-05-25 16:00:00+00:00,SA,2023,REGULAR_SEASON,38.0,Juventus FC,AC Monza,2,0,H
438849,2024-05-25 16:30:00+00:00,PD,2023,REGULAR_SEASON,38.0,Rayo Vallecano de Madrid,Athletic Club,0,1,A
438852,2024-05-25 16:30:00+00:00,PD,2023,REGULAR_SEASON,38.0,UD Almería,Cádiz CF,6,1,H
444632,2024-05-25 18:45:00+00:00,SA,2023,REGULAR_SEASON,38.0,AC Milan,US Salernitana 1919,3,3,D
438850,2024-05-25 19:00:00+00:00,PD,2023,REGULAR_SEASON,38.0,Real Madrid CF,Real Betis Balompié,0,0,D
438846,2024-05-26 12:00:00+00:00,PD,2023,REGULAR_SEASON,38.0,Getafe CF,RCD Mallorca,1,2,A
438853,2024-05-26 14:15:00+00:00,PD,2023,REGULAR_SEASON,38.0,UD Las Palmas,Deportivo Alavés,1,1,D
438845,2024-05-26 14:15:00+00:00,PD,2023,REGULAR_SEASON,38.0,RC Celta de Vigo,Valencia CF,2,2,D
444633,2024-05-26 16:00:00+00:00,SA,2023,REGULAR_SEASON,38.0,SSC Napoli,US Lecce,0,0,D
444624,2024-05-26 16:00:00+00:00,SA,2023,REGULAR_SEASON,38.0,Atalanta BC,Torino FC,3,0,H
444626,2024-05-26 18:45:00+00:00,SA,2023,REGULAR_SEASON,38.0,Empoli FC,AS Roma,2,1,H
444631,2024-05-26 18:45:00+00:00,SA,2023,REGULAR_SEASON,38.0,SS Lazio,US Sassuolo Calcio,1,1,D
444627,2024-05-26 18:45:00+00:00,SA,2023,REGULAR_SEASON,38.0,Frosinone Calcio,Udinese Calcio,0,1,A
444629,2024-05-26 18:45:00+00:00,SA,2023,REGULAR_SEASON,38.0,Hellas Verona FC,FC Internazionale Milano,2,2,D
438848,2024-05-26 19:00:00+00:00,PD,2023,REGULAR_SEASON,38.0,Sevilla FC,FC Barcelona,1,2,A
451685,2024-06-01 19:00:00+00:00,CL,2023,FINAL,,Borussia Dortmund,Real Madrid CF,0,2,A
444534,2024-06-02 16:00:00+00:00,SA,2023,REGULAR_SEASON,29.0,Atalanta BC,ACF Fiorentina,2,3,A
498993,2024-08-09 18:00:00+00:00,DED,2024,REGULAR_SEASON,1.0,FC Groningen,NAC Breda,4,1,H
504020,2024-08-09 19:15:00+00:00,PPL,2024,REGULAR_SEASON,1.0,Sporting Clube de Portugal,Rio Ave FC,3,1,H
504016,2024-08-10 14:30:00+00:00,PPL,2024,REGULAR_SEASON,1.0,AVS,CD Nacional,1,1,D
498994,2024-08-10 14:30:00+00:00,DED,2024,REGULAR_SEASON,1.0,Feyenoord Rotterdam,Willem II Tilburg,1,1,D
498995,2024-08-10 16:45:00+00:00,DED,2024,REGULAR_SEASON,1.0,NEC,FC Twente '65,1,2,A
504021,2024-08-10 17:00:00+00:00,PPL,2024,REGULAR_SEASON,1.0,Casa Pia AC,Boavista FC,0,1,A
498999,2024-08-10 18:00:00+00:00,DED,2024,REGULAR_SEASON,1.0,Almere City FC,AZ,0,1,A
498997,2024-08-10 19:00:00+00:00,DED,2024,REGULAR_SEASON,1.0,PSV,RKC Waalwijk,5,1,H
504024,2024-08-10 19:30:00+00:00,PPL,2024,REGULAR_SEASON,1.0,FC Porto,Gil Vicente FC,3,0,H
498998,2024-08-11 10:15:00+00:00,DED,2024,REGULAR_SEASON,1.0,Sparta Rotterdam,Heracles Almelo,0,0,D
498996,2024-08-11 12:30:00+00:00,DED,2024,REGULAR_SEASON,1.0,FC Utrecht,PEC Zwolle,1,0,H
499000,2024-08-11 12:30:00+00:00,DED,2024,REGULAR_SEASON,1.0,Go Ahead Eagles,Fortuna Sittard,0,2,A
504023,2024-08-11 14:30:00+00:00,PPL,2024,REGULAR_SEASON,1.0,GD Estoril Praia,CD Santa Clara,1,4,A
499001,2024-08-11 14:45:00+00:00,DED,2024,REGULAR_SEASON,1.0,AFC Ajax,SC Heerenveen,1,0,H
504017,2024-08-11 17:00:00+00:00,PPL,2024,REGULAR_SEASON,1.0,SC Farense,Moreirense FC,1,2,A
504018,2024-08-11 17:00:00+00:00,PPL,2024,REGULAR_SEASON,1.0,FC Famalicão,Sport Lisboa e Benfica,2,0,H
504022,2024-08-11 19:30:00+00:00,PPL,2024,REGULAR_SEASON,1.0,Sporting Clube de Braga,CF Estrela da Amadora,1,1,D
504019,2024-08-12 19:15:00+00:00,PPL,2024,REGULAR_SEASON,1.0,FC Arouca,Vitória SC,0,1,A
498613,2024-08-15 17:00:00+00:00,PD,2024,REGULAR_SEASON,1.0,Athletic Club,Getafe CF,1,1,D
498614,2024-08-15 19:30:00+00:00,PD,2024,REGULAR_SEASON,1.0,Real Betis Balompié,Girona FC,1,1,D
504009,2024-08-16 16:00:00+00:00,PPL,2024,REGULAR_SEASON,2.0,CD Santa Clara,FC Porto,0,2,A
498616,2024-08-16 17:00:00+00:00,PD,2024,REGULAR_SEASON,1.0,RC Celta de Vigo,Deportivo Alavés,2,1,H
499002,2024-08-16 18:00:00+00:00,DED,2024,REGULAR_SEASON,2.0,Fortuna Sittard,Almere City FC,3,0,H
497958,2024-08-16 18:45:00+00:00,FL1,2024,REGULAR_SEASON,1.0,Le Havre AC,Paris Saint-Germain FC,1,4,A
497410,2024-08-16 19:00:00+00:00,PL,2024,REGULAR_SEASON,1.0,Manchester United FC,Fulham FC,1,0,H
504013,2024-08-16 19:15:00+00:00,PPL,2024,REGULAR_SEASON,2.0,Gil Vicente FC,AVS,4,2,H
498621,2024-08-16 19:30:00+00:00,PD,2024,REGULAR_SEASON,1.0,UD Las Palmas,Sevilla FC,2,2,D
497411,2024-08-17 11:30:00+00:00,PL,2024,REGULAR_SEASON,1.0,Ipswich Town FC,Liverpool FC,0,2,A
497413,2024-08-17 14:00:00+00:00,PL,2024,REGULAR_SEASON,1.0,Everton FC,Brighton & Hove Albion FC,0,3,A
497412,2024-08-17 14:00:00+00:00,PL,2024,REGULAR_SEASON,1.0,Arsenal FC,Wolverhampton Wanderers FC,2,0,H
497414,2024-08-17 14:00:00+00:00,PL,2024,REGULAR_SEASON,1.0,Newcastle United FC,Southampton FC,1,0,H
497415,2024-08-17 14:00:00+00:00,PL,2024,REGULAR_SEASON,1.0,Nottingham Forest FC,AFC Bournemouth,1,1,D
504014,2024-08-17 14:30:00+00:00,PPL,2024,REGULAR_SEASON,2.0,Rio Ave FC,SC Farense,1,0,H
499003,2024-08-17 14:30:00+00:00,DED,2024,REGULAR_SEASON,2.0,SC Heerenveen,FC Utrecht,1,1,D
497951,2024-08-17 15:00:00+00:00,FL1,2024,REGULAR_SEASON,1.0,Stade Brestois 29,Olympique de Marseille,1,5,A
497416,2024-08-17 16:30:00+00:00,PL,2024,REGULAR_SEASON,1.0,West Ham United FC,Aston Villa FC,1,2,A
503052,2024-08-17 16:30:00+00:00,SA,2024,REGULAR_SEASON,1.0,Parma Calcio 1913,ACF Fiorentina,1,1,D
503046,2024-08-17 16:30:00+00:00,SA,2024,REGULAR_SEASON,1.0,Genoa CFC,FC Internazionale Milano,2,2,D
499004,2024-08-17 16:45:00+00:00,DED,2024,REGULAR_SEASON,2.0,FC Twente '65,Sparta Rotterdam,1,1,D
504007,2024-08-17 17:00:00+00:00,PPL,2024,REGULAR_SEASON,2.0,CD Nacional,Sporting Clube de Portugal,1,6,A
497956,2024-08-17 17:00:00+00:00,FL1,2024,REGULAR_SEASON,1.0,Stade de Reims,Lille OSC,0,2,A
498615,2024-08-17 17:00:00+00:00,PD,2024,REGULAR_SEASON,1.0,CA Osasuna,CD Leganés,1,1,D
499005,2024-08-17 18:00:00+00:00,DED,2024,REGULAR_SEASON,2.0,AZ,NEC,1,0,H
503045,2024-08-17 18:45:00+00:00,SA,2024,REGULAR_SEASON,1.0,Empoli FC,AC Monza,0,0,D
503051,2024-08-17 18:45:00+00:00,SA,2024,REGULAR_SEASON,1.0,AC Milan,Torino FC,2,2,D
497955,2024-08-17 19:00:00+00:00,FL1,2024,REGULAR_SEASON,1.0,AS Monaco FC,AS Saint-Étienne,1,0,H
499006,2024-08-17 19:00:00+00:00,DED,2024,REGULAR_SEASON,2.0,RKC Waalwijk,FC Groningen,1,2,A
504010,2024-08-17 19:30:00+00:00,PPL,2024,REGULAR_SEASON,2.0,Sport Lisboa e Benfica,Casa Pia AC,3,0,H
498617,2024-08-17 19:30:00+00:00,PD,2024,REGULAR_SEASON,1.0,Valencia CF,FC Barcelona,1,2,A
499007,2024-08-18 10:15:00+00:00,DED,2024,REGULAR_SEASON,2.0,Heracles Almelo,PSV,1,3,A
499008,2024-08-18 12:30:00+00:00,DED,2024,REGULAR_SEASON,2.0,PEC Zwolle,Feyenoord Rotterdam,1,5,A
499009,2024-08-18 12:30:00+00:00,DED,2024,REGULAR_SEASON,2.0,Willem II Tilburg,Go Ahead Eagles,2,0,H
497417,2024-08-18 13:00:00+00:00,PL,2024,REGULAR_SEASON,1.0,Brentford FC,Crystal Palace FC,2,1,H
497957,2024-08-18 13:00:00+00:00,FL1,2024,REGULAR_SEASON,1.0,AJ Auxerre,OGC Nice,2,1,H
504012,2024-08-18 14:30:00+00:00,PPL,2024,REGULAR_SEASON,2.0,Moreirense FC,FC Arouca,3,1,H
499010,2024-08-18 14:45:00+00:00,DED,2024,REGULAR_SEASON,2.0,NAC Breda,AFC Ajax,2,1,H
497954,2024-08-18 15:00:00+00:00,FL1,2024,REGULAR_SEASON,1.0,Angers SCO,Racing Club de Lens,0,1,A
497953,2024-08-18 15:00:00+00:00,FL1,2024,REGULAR_SEASON,1.0,Toulouse FC,FC Nantes,0,0,D
497952,2024-08-18 15:00:00+00:00,FL1,2024,REGULAR_SEASON,1.0,Montpellier HSC,RC Strasbourg Alsace,1,1,D
497418,2024-08-18 15:30:00+00:00,PL,2024,REGULAR_SEASON,1.0,Chelsea FC,Manchester City FC,0,2,A
503047,2024-08-18 16:30:00+00:00,SA,2024,REGULAR_SEASON,1.0,Hellas Verona FC,SSC Napoli,3,0,H
503043,2024-08-18 16:30:00+00:00,SA,2024,REGULAR_SEASON,1.0,Bologna FC 1909,Udinese Calcio,1,1,D
498620,2024-08-18 17:00:00+00:00,PD,2024,REGULAR_SEASON,1.0,Real Sociedad de Fútbol,Rayo Vallecano de Madrid,1,2,A
504015,2024-08-18 17:00:00+00:00,PPL,2024,REGULAR_SEASON,2.0,Vitória SC,GD Estoril Praia,1,0,H
497959,2024-08-18 18:45:00+00:00,FL1,2024,REGULAR_SEASON,1.0,Stade Rennais FC 1901,Olympique Lyonnais,3,0,H
503049,2024-08-18 18:45:00+00:00,SA,2024,REGULAR_SEASON,1.0,SS Lazio,Venezia FC,3,1,H
503044,2024-08-18 18:45:00+00:00,SA,2024,REGULAR_SEASON,1.0,Cagliari Calcio,AS Roma,0,0,D
498619,2024-08-18 19:30:00+00:00,PD,2024,REGULAR_SEASON,1.0,RCD Mallorca,Real Madrid CF,1,1,D
504011,2024-08-18 19:30:00+00:00,PPL,2024,REGULAR_SEASON,2.0,Boavista FC,Sporting Clube de Braga,0,1,A
503050,2024-08-19 16:30:00+00:00,SA,2024,REGULAR_SEASON,1.0,US Lecce,Atalanta BC,0,4,A
498622,2024-08-19 17:00:00+00:00,PD,2024,REGULAR_SEASON,1.0,Real Valladolid CF,RCD Espanyol de Barcelona,1,0,H
503048,2024-08-19 18:45:00+00:00,SA,2024,REGULAR_SEASON,1.0,Juventus FC,Como 1907,3,0,H
497419,2024-08-19 19:00:00+00:00,PL,2024,REGULAR_SEASON,1.0,Leicester City FC,Tottenham Hotspur FC,1,1,D
504008,2024-08-19 19:15:00+00:00,PPL,2024,REGULAR_SEASON,2.0,CF Estrela da Amadora,FC Famalicão,0,3,A
498618,2024-08-19 19:30:00+00:00,PD,2024,REGULAR_SEASON,1.0,Villarreal CF,Club Atlético de Madrid,2,2,D
498626,2024-08-23 17:00:00+00:00,PD,2024,REGULAR_SEASON,2.0,RC Celta de Vigo,Valencia CF,3,1,H
502371,2024-08-23 18:30:00+00:00,BL1,2024,REGULAR_SEASON,1.0,Borussia Mönchengladbach,Bayer 04 Leverkusen,2,3,A
497960,2024-08-23 18:45:00+00:00,FL1,2024,REGULAR_SEASON,2.0,Paris Saint-Germain FC,Montpellier HSC,6,0,H
504004,2024-08-23 19:15:00+00:00,PPL,2024,REGULAR_SEASON,3.0,SC Farense,Sporting Clube de Portugal,0,5,A
498630,2024-08-23 19:30:00+00:00,PD,2024,REGULAR_SEASON,2.0,Sevilla FC,Villarreal CF,1,2,A
497422,2024-08-24 11:30:00+00:00,PL,2024,REGULAR_SEASON,2.0,Brighton & Hove Albion FC,Manchester United FC,2,1,H
502374,2024-08-24 13:30:00+00:00,BL1,2024,REGULAR_SEASON,1.0,TSG 1899 Hoffenheim,Holstein Kiel,3,2,H
502375,2024-08-24 13:30:00+00:00,BL1,2024,REGULAR_SEASON,1.0,SC Freiburg,VfB Stuttgart,3,1,H
502378,2024-08-24 13:30:00+00:00,BL1,2024,REGULAR_SEASON,1.0,1. FSV Mainz 05,1. FC Union Berlin,1,1,D
502376,2024-08-24 13:30:00+00:00,BL1,2024,REGULAR_SEASON,1.0,FC Augsburg,SV Werder Bremen,2,2,D
502372,2024-08-24 13:30:00+00:00,BL1,2024,REGULAR_SEASON,1.0,RB Leipzig,VfL Bochum 1848,1,0,H
497426,2024-08-24 14:00:00+00:00,PL,2024,REGULAR_SEASON,2.0,Manchester City FC,Ipswich Town FC,4,1,H
497428,2024-08-24 14:00:00+00:00,PL,2024,REGULAR_SEASON,2.0,Tottenham Hotspur FC,Everton FC,4,0,H
497423,2024-08-24 14:00:00+00:00,PL,2024,REGULAR_SEASON,2.0,Crystal Palace FC,West Ham United FC,0,2,A
497424,2024-08-24 14:00:00+00:00,PL,2024,REGULAR_SEASON,2.0,Fulham FC,Leicester City FC,2,1,H
497427,2024-08-24 14:00:00+00:00,PL,2024,REGULAR_SEASON,2.0,Southampton FC,Nottingham Forest FC,0,1,A
504003,2024-08-24 14:30:00+00:00,PPL,2024,REGULAR_SEASON,3.0,Casa Pia AC,CD Santa Clara,0,2,A
498624,2024-08-24 15:00:00+00:00,PD,2024,REGULAR_SEASON,2.0,CA Osasuna,RCD Mallorca,1,0,H
497967,2024-08-24 15:00:00+00:00,FL1,2024,REGULAR_SEASON,2.0,Olympique Lyonnais,AS Monaco FC,0,2,A
503062,2024-08-24 16:30:00+00:00,SA,2024,REGULAR_SEASON,2.0,Udinese Calcio,SS Lazio,2,1,H
502373,2024-08-24 16:30:00+00:00,BL1,2024,REGULAR_SEASON,1.0,Borussia Dortmund,Eintracht Frankfurt,2,0,H
503059,2024-08-24 16:30:00+00:00,SA,2024,REGULAR_SEASON,2.0,Parma Calcio 1913,AC Milan,2,1,H
497421,2024-08-24 16:30:00+00:00,PL,2024,REGULAR_SEASON,2.0,Aston Villa FC,Arsenal FC,0,2,A
499011,2024-08-24 16:45:00+00:00,DED,2024,REGULAR_SEASON,3.0,NEC,PEC Zwolle,1,0,H
497964,2024-08-24 17:00:00+00:00,FL1,2024,REGULAR_SEASON,2.0,Lille OSC,Angers SCO,2,0,H
498628,2024-08-24 17:00:00+00:00,PD,2024,REGULAR_SEASON,2.0,FC Barcelona,Athletic Club,2,1,H
504002,2024-08-24 17:00:00+00:00,PPL,2024,REGULAR_SEASON,3.0,FC Porto,Rio Ave FC,2,0,H
499012,2024-08-24 18:00:00+00:00,DED,2024,REGULAR_SEASON,3.0,Almere City FC,PSV,1,7,A
503057,2024-08-24 18:45:00+00:00,SA,2024,REGULAR_SEASON,2.0,AC Monza,Genoa CFC,0,1,A
503056,2024-08-24 18:45:00+00:00,SA,2024,REGULAR_SEASON,2.0,FC Internazionale Milano,US Lecce,2,0,H
497963,2024-08-24 19:00:00+00:00,FL1,2024,REGULAR_SEASON,2.0,AS Saint-Étienne,Le Havre AC,0,2,A
499013,2024-08-24 19:00:00+00:00,DED,2024,REGULAR_SEASON,3.0,NAC Breda,FC Utrecht,1,2,A
504005,2024-08-24 19:30:00+00:00,PPL,2024,REGULAR_SEASON,3.0,FC Famalicão,Boavista FC,1,0,H
503999,2024-08-24 19:30:00+00:00,PPL,2024,REGULAR_SEASON,3.0,Sport Lisboa e Benfica,CF Estrela da Amadora,1,0,H
498629,2024-08-24 19:30:00+00:00,PD,2024,REGULAR_SEASON,2.0,Getafe CF,Rayo Vallecano de Madrid,0,0,D
498632,2024-08-24 19:30:00+00:00,PD,2024,REGULAR_SEASON,2.0,RCD Espanyol de Barcelona,Real Sociedad de Fútbol,0,1,A
499014,2024-08-25 10:15:00+00:00,DED,2024,REGULAR_SEASON,3.0,FC Groningen,AZ,0,0,D
499016,2024-08-25 12:30:00+00:00,DED,2024,REGULAR_SEASON,3.0,Sparta Rotterdam,Feyenoord Rotterdam,1,1,D
499015,2024-08-25 12:30:00+00:00,DED,2024,REGULAR_SEASON,3.0,Heracles Almelo,Willem II Tilburg,1,1,D
497420,2024-08-25 13:00:00+00:00,PL,2024,REGULAR_SEASON,2.0,AFC Bournemouth,Newcastle United FC,1,1,D
497429,2024-08-25 13:00:00+00:00,PL,2024,REGULAR_SEASON,2.0,Wolverhampton Wanderers FC,Chelsea FC,2,6,A
497966,2024-08-25 13:00:00+00:00,FL1,2024,REGULAR_SEASON,2.0,Racing Club de Lens,Stade Brestois 29,2,0,H
502377,2024-08-25 13:30:00+00:00,BL1,2024,REGULAR_SEASON,1.0,VfL Wolfsburg,FC Bayern München,2,3,A
503998,2024-08-25 14:30:00+00:00,PPL,2024,REGULAR_SEASON,3.0,FC Arouca,CD Nacional,1,0,H
499017,2024-08-25 14:45:00+00:00,DED,2024,REGULAR_SEASON,3.0,Go Ahead Eagles,RKC Waalwijk,2,0,H
497961,2024-08-25 15:00:00+00:00,FL1,2024,REGULAR_SEASON,2.0,RC Strasbourg Alsace,Stade Rennais FC 1901,3,1,H
497962,2024-08-25 15:00:00+00:00,FL1,2024,REGULAR_SEASON,2.0,FC Nantes,AJ Auxerre,2,0,H
497965,2024-08-25 15:00:00+00:00,FL1,2024,REGULAR_SEASON,2.0,OGC Nice,Toulouse FC,1,1,D
498631,2024-08-25 15:00:00+00:00,PD,2024,REGULAR_SEASON,2.0,Real Madrid CF,Real Valladolid CF,3,0,H
497425,2024-08-25 15:30:00+00:00,PL,2024,REGULAR_SEASON,2.0,Liverpool FC,Brentford FC,2,0,H
502379,2024-08-25 15:30:00+00:00,BL1,2024,REGULAR_SEASON,1.0,FC St. Pauli 1910,1. FC Heidenheim 1846,0,2,A
503061,2024-08-25 16:30:00+00:00,SA,2024,REGULAR_SEASON,2.0,Torino FC,Atalanta BC,2,1,H
503054,2024-08-25 16:30:00+00:00,SA,2024,REGULAR_SEASON,2.0,ACF Fiorentina,Venezia FC,0,0,D
504001,2024-08-25 17:00:00+00:00,PPL,2024,REGULAR_SEASON,3.0,GD Estoril Praia,Gil Vicente FC,0,0,D
498625,2024-08-25 17:00:00+00:00,PD,2024,REGULAR_SEASON,2.0,CD Leganés,UD Las Palmas,2,1,H
498627,2024-08-25 17:15:00+00:00,PD,2024,REGULAR_SEASON,2.0,Deportivo Alavés,Real Betis Balompié,0,0,D
503058,2024-08-25 18:45:00+00:00,SA,2024,REGULAR_SEASON,2.0,SSC Napoli,Bologna FC 1909,3,0,H
497968,2024-08-25 18:45:00+00:00,FL1,2024,REGULAR_SEASON,2.0,Olympique de Marseille,Stade de Reims,2,2,D
503060,2024-08-25 18:45:00+00:00,SA,2024,REGULAR_SEASON,2.0,AS Roma,Empoli FC,1,2,A
504006,2024-08-25 19:30:00+00:00,PPL,2024,REGULAR_SEASON,3.0,AVS,Vitória SC,1,0,H
504000,2024-08-25 19:30:00+00:00,PPL,2024,REGULAR_SEASON,3.0,Sporting Clube de Braga,Moreirense FC,3,1,H
498623,2024-08-25 19:30:00+00:00,PD,2024,REGULAR_SEASON,2.0,Club Atlético de Madrid,Girona FC,3,0,H
503053,2024-08-26 16:30:00+00:00,SA,2024,REGULAR_SEASON,2.0,Cagliari Calcio,Como 1907,1,1,D
503055,2024-08-26 18:45:00+00:00,SA,2024,REGULAR_SEASON,2.0,Hellas Verona FC,Juventus FC,0,3,A
498636,2024-08-26 19:30:00+00:00,PD,2024,REGULAR_SEASON,3.0,Villarreal CF,RC Celta de Vigo,4,3,H
498638,2024-08-27 17:00:00+00:00,PD,2024,REGULAR_SEASON,3.0,RCD Mallorca,Sevilla FC,0,0,D
498637,2024-08-27 19:30:00+00:00,PD,2024,REGULAR_SEASON,3.0,Rayo Vallecano de Madrid,FC Barcelona,1,2,A
498640,2024-08-28 17:00:00+00:00,PD,2024,REGULAR_SEASON,3.0,Real Valladolid CF,CD Leganés,0,0,D
498633,2024-08-28 17:00:00+00:00,PD,2024,REGULAR_SEASON,3.0,Athletic Club,Valencia CF,1,0,H
498642,2024-08-28 19:30:00+00:00,PD,2024,REGULAR_SEASON,3.0,Club Atlético de Madrid,RCD Espanyol de Barcelona,0,0,D
498639,2024-08-28 19:30:00+00:00,PD,2024,REGULAR_SEASON,3.0,Real Sociedad de Fútbol,Deportivo Alavés,1,2,A
498635,2024-08-29 17:00:00+00:00,PD,2024,REGULAR_SEASON,3.0,Girona FC,CA Osasuna,4,0,H
498641,2024-08-29 19:30:00+00:00,PD,2024,REGULAR_SEASON,3.0,UD Las Palmas,Real Madrid CF,1,1,D
503072,2024-08-30 16:30:00+00:00,SA,2024,REGULAR_SEASON,3.0,Venezia FC,Torino FC,0,1,A
499021,2024-08-30 18:00:00+00:00,DED,2024,REGULAR_SEASON,4.0,RKC Waalwijk,AZ,0,3,A
502386,2024-08-30 18:30:00+00:00,BL1,2024,REGULAR_SEASON,2.0,1. FC Union Berlin,FC St. Pauli 1910,1,0,H
497970,2024-08-30 18:45:00+00:00,FL1,2024,REGULAR_SEASON,3.0,Olympique Lyonnais,RC Strasbourg Alsace,4,3,H
503066,2024-08-30 18:45:00+00:00,SA,2024,REGULAR_SEASON,3.0,FC Internazionale Milano,Atalanta BC,4,0,H
503991,2024-08-30 19:15:00+00:00,PPL,2024,REGULAR_SEASON,4.0,Moreirense FC,Sport Lisboa e Benfica,1,1,D
497430,2024-08-31 11:30:00+00:00,PL,2024,REGULAR_SEASON,3.0,Arsenal FC,Brighton & Hove Albion FC,1,1,D
502381,2024-08-31 13:30:00+00:00,BL1,2024,REGULAR_SEASON,2.0,VfB Stuttgart,1. FSV Mainz 05,3,3,D
502383,2024-08-31 13:30:00+00:00,BL1,2024,REGULAR_SEASON,2.0,Eintracht Frankfurt,TSG 1899 Hoffenheim,3,1,H
502385,2024-08-31 13:30:00+00:00,BL1,2024,REGULAR_SEASON,2.0,SV Werder Bremen,Borussia Dortmund,0,0,D
502387,2024-08-31 13:30:00+00:00,BL1,2024,REGULAR_SEASON,2.0,VfL Bochum 1848,Borussia Mönchengladbach,0,2,A
502388,2024-08-31 13:30:00+00:00,BL1,2024,REGULAR_SEASON,2.0,Holstein Kiel,VfL Wolfsburg,0,2,A
497433,2024-08-31 14:00:00+00:00,PL,2024,REGULAR_SEASON,3.0,Everton FC,AFC Bournemouth,2,3,A
497434,2024-08-31 14:00:00+00:00,PL,2024,REGULAR_SEASON,3.0,Ipswich Town FC,Fulham FC,1,1,D
497435,2024-08-31 14:00:00+00:00,PL,2024,REGULAR_SEASON,3.0,Leicester City FC,Aston Villa FC,1,2,A
497438,2024-08-31 14:00:00+00:00,PL,2024,REGULAR_SEASON,3.0,Nottingham Forest FC,Wolverhampton Wanderers FC,1,1,D
497431,2024-08-31 14:00:00+00:00,PL,2024,REGULAR_SEASON,3.0,Brentford FC,Southampton FC,3,1,H
503994,2024-08-31 14:30:00+00:00,PPL,2024,REGULAR_SEASON,4.0,CD Santa Clara,AVS,2,1,H
499024,2024-08-31 14:30:00+00:00,DED,2024,REGULAR_SEASON,4.0,Almere City FC,FC Groningen,1,1,D
497971,2024-08-31 15:00:00+00:00,FL1,2024,REGULAR_SEASON,3.0,Stade Brestois 29,AS Saint-Étienne,4,0,H
498647,2024-08-31 15:00:00+00:00,PD,2024,REGULAR_SEASON,4.0,FC Barcelona,Real Valladolid CF,7,0,H
497439,2024-08-31 16:30:00+00:00,PL,2024,REGULAR_SEASON,3.0,West Ham United FC,Manchester City FC,1,3,A
503063,2024-08-31 16:30:00+00:00,SA,2024,REGULAR_SEASON,3.0,Bologna FC 1909,Empoli FC,1,1,D
503069,2024-08-31 16:30:00+00:00,SA,2024,REGULAR_SEASON,3.0,US Lecce,Cagliari Calcio,1,0,H
502380,2024-08-31 16:30:00+00:00,BL1,2024,REGULAR_SEASON,2.0,Bayer 04 Leverkusen,RB Leipzig,2,3,A
499022,2024-08-31 16:45:00+00:00,DED,2024,REGULAR_SEASON,4.0,Fortuna Sittard,NEC,0,3,A
503997,2024-08-31 17:00:00+00:00,PPL,2024,REGULAR_SEASON,4.0,CF Estrela da Amadora,Casa Pia AC,0,1,A
503990,2024-08-31 17:00:00+00:00,PPL,2024,REGULAR_SEASON,4.0,Boavista FC,GD Estoril Praia,0,0,D
497972,2024-08-31 17:00:00+00:00,FL1,2024,REGULAR_SEASON,3.0,Montpellier HSC,FC Nantes,1,3,A
498643,2024-08-31 17:00:00+00:00,PD,2024,REGULAR_SEASON,4.0,Athletic Club,Club Atlético de Madrid,0,1,A
498652,2024-08-31 17:15:00+00:00,PD,2024,REGULAR_SEASON,4.0,RCD Espanyol de Barcelona,Rayo Vallecano de Madrid,2,1,H
499023,2024-08-31 18:00:00+00:00,DED,2024,REGULAR_SEASON,4.0,SC Heerenveen,NAC Breda,4,0,H
503068,2024-08-31 18:45:00+00:00,SA,2024,REGULAR_SEASON,3.0,SS Lazio,AC Milan,2,2,D
503070,2024-08-31 18:45:00+00:00,SA,2024,REGULAR_SEASON,3.0,SSC Napoli,Parma Calcio 1913,2,1,H
499020,2024-08-31 19:00:00+00:00,DED,2024,REGULAR_SEASON,4.0,Willem II Tilburg,Sparta Rotterdam,1,2,A
497977,2024-08-31 19:00:00+00:00,FL1,2024,REGULAR_SEASON,3.0,Toulouse FC,Olympique de Marseille,1,3,A
503989,2024-08-31 19:30:00+00:00,PPL,2024,REGULAR_SEASON,4.0,Sporting Clube de Portugal,FC Porto,2,0,H
498650,2024-08-31 19:30:00+00:00,PD,2024,REGULAR_SEASON,4.0,Valencia CF,Villarreal CF,1,1,D
498645,2024-08-31 19:30:00+00:00,PD,2024,REGULAR_SEASON,4.0,CD Leganés,RCD Mallorca,0,1,A
499025,2024-09-01 10:15:00+00:00,DED,2024,REGULAR_SEASON,4.0,FC Utrecht,FC Twente '65,2,1,H
497437,2024-09-01 12:30:00+00:00,PL,2024,REGULAR_SEASON,3.0,Newcastle United FC,Tottenham Hotspur FC,2,1,H
497432,2024-09-01 12:30:00+00:00,PL,2024,REGULAR_SEASON,3.0,Chelsea FC,Crystal Palace FC,1,1,D
499027,2024-09-01 12:30:00+00:00,DED,2024,REGULAR_SEASON,4.0,PEC Zwolle,Heracles Almelo,3,0,H
497974,2024-09-01 13:00:00+00:00,FL1,2024,REGULAR_SEASON,3.0,AS Monaco FC,Racing Club de Lens,1,1,D
502384,2024-09-01 13:30:00+00:00,BL1,2024,REGULAR_SEASON,2.0,1. FC Heidenheim 1846,FC Augsburg,4,0,H
503996,2024-09-01 14:30:00+00:00,PPL,2024,REGULAR_SEASON,4.0,CD Nacional,SC Farense,2,0,H
499028,2024-09-01 14:45:00+00:00,DED,2024,REGULAR_SEASON,4.0,PSV,Go Ahead Eagles,3,0,H
498644,2024-09-01 15:00:00+00:00,PD,2024,REGULAR_SEASON,4.0,CA Osasuna,RC Celta de Vigo,3,2,H
498646,2024-09-01 15:00:00+00:00,PD,2024,REGULAR_SEASON,4.0,Deportivo Alavés,UD Las Palmas,2,0,H
497976,2024-09-01 15:00:00+00:00,FL1,2024,REGULAR_SEASON,3.0,Stade de Reims,Stade Rennais FC 1901,2,1,H
497975,2024-09-01 15:00:00+00:00,FL1,2024,REGULAR_SEASON,3.0,Le Havre AC,AJ Auxerre,3,1,H
497973,2024-09-01 15:00:00+00:00,FL1,2024,REGULAR_SEASON,3.0,Angers SCO,OGC Nice,1,4,A
497436,2024-09-01 15:00:00+00:00,PL,2024,REGULAR_SEASON,3.0,Manchester United FC,Liverpool FC,0,3,A
502382,2024-09-01 15:30:00+00:00,BL1,2024,REGULAR_SEASON,2.0,FC Bayern München,SC Freiburg,2,0,H
503064,2024-09-01 16:30:00+00:00,SA,2024,REGULAR_SEASON,3.0,ACF Fiorentina,AC Monza,2,2,D
503065,2024-09-01 16:30:00+00:00,SA,2024,REGULAR_SEASON,3.0,Genoa CFC,Hellas Verona FC,0,2,A
498649,2024-09-01 17:00:00+00:00,PD,2024,REGULAR_SEASON,4.0,Sevilla FC,Girona FC,0,2,A
503993,2024-09-01 17:00:00+00:00,PPL,2024,REGULAR_SEASON,4.0,Rio Ave FC,FC Arouca,1,0,H
498648,2024-09-01 17:15:00+00:00,PD,2024,REGULAR_SEASON,4.0,Getafe CF,Real Sociedad de Fútbol,0,0,D
503067,2024-09-01 18:45:00+00:00,SA,2024,REGULAR_SEASON,3.0,Juventus FC,AS Roma,0,0,D
503071,2024-09-01 18:45:00+00:00,SA,2024,REGULAR_SEASON,3.0,Udinese Calcio,Como 1907,1,0,H
497969,2024-09-01 18:45:00+00:00,FL1,2024,REGULAR_SEASON,3.0,Lille OSC,Paris Saint-Germain FC,1,3,A
503992,2024-09-01 19:30:00+00:00,PPL,2024,REGULAR_SEASON,4.0,Gil Vicente FC,Sporting Clube de Braga,0,0,D
503995,2024-09-01 19:30:00+00:00,PPL,2024,REGULAR_SEASON,4.0,Vitória SC,FC Famalicão,2,1,H
498651,2024-09-01 19:30:00+00:00,PD,2024,REGULAR_SEASON,4.0,Real Madrid CF,Real Betis Balompié,2,0,H
502390,2024-09-13 18:30:00+00:00,BL1,2024,REGULAR_SEASON,3.0,Borussia Dortmund,1. FC Heidenheim 1846,4,2,H
497984,2024-09-13 18:45:00+00:00,FL1,2024,REGULAR_SEASON,4.0,AS Saint-Étienne,Lille OSC,1,0,H
498654,2024-09-13 19:00:00+00:00,PD,2024,REGULAR_SEASON,5.0,Real Betis Balompié,CD Leganés,2,0,H
503982,2024-09-13 19:15:00+00:00,PPL,2024,REGULAR_SEASON,5.0,FC Arouca,Sporting Clube de Portugal,0,3,A
497447,2024-09-14 11:30:00+00:00,PL,2024,REGULAR_SEASON,4.0,Southampton FC,Manchester United FC,0,3,A
498659,2024-09-14 12:00:00+00:00,PD,2024,REGULAR_SEASON,5.0,RCD Mallorca,Villarreal CF,1,2,A
503075,2024-09-14 13:00:00+00:00,SA,2024,REGULAR_SEASON,4.0,Como 1907,Bologna FC 1909,2,2,D
502392,2024-09-14 13:30:00+00:00,BL1,2024,REGULAR_SEASON,3.0,SC Freiburg,VfL Bochum 1848,2,1,H
502394,2024-09-14 13:30:00+00:00,BL1,2024,REGULAR_SEASON,3.0,VfL Wolfsburg,Eintracht Frankfurt,1,2,A
502391,2024-09-14 13:30:00+00:00,BL1,2024,REGULAR_SEASON,3.0,TSG 1899 Hoffenheim,Bayer 04 Leverkusen,1,4,A
502396,2024-09-14 13:30:00+00:00,BL1,2024,REGULAR_SEASON,3.0,Borussia Mönchengladbach,VfB Stuttgart,1,3,A
502389,2024-09-14 13:30:00+00:00,BL1,2024,REGULAR_SEASON,3.0,RB Leipzig,1. FC Union Berlin,0,0,D
497445,2024-09-14 14:00:00+00:00,PL,2024,REGULAR_SEASON,4.0,Liverpool FC,Nottingham Forest FC,0,1,A
497446,2024-09-14 14:00:00+00:00,PL,2024,REGULAR_SEASON,4.0,Manchester City FC,Brentford FC,2,1,H
497444,2024-09-14 14:00:00+00:00,PL,2024,REGULAR_SEASON,4.0,Fulham FC,West Ham United FC,1,1,D
497443,2024-09-14 14:00:00+00:00,PL,2024,REGULAR_SEASON,4.0,Crystal Palace FC,Leicester City FC,2,2,D
497442,2024-09-14 14:00:00+00:00,PL,2024,REGULAR_SEASON,4.0,Brighton & Hove Albion FC,Ipswich Town FC,0,0,D
498662,2024-09-14 14:15:00+00:00,PD,2024,REGULAR_SEASON,5.0,RCD Espanyol de Barcelona,Deportivo Alavés,3,2,H
499029,2024-09-14 14:30:00+00:00,DED,2024,REGULAR_SEASON,5.0,FC Twente '65,PEC Zwolle,1,1,D
499033,2024-09-14 14:30:00+00:00,DED,2024,REGULAR_SEASON,5.0,PSV,NEC,2,0,H
503980,2024-09-14 14:30:00+00:00,PPL,2024,REGULAR_SEASON,5.0,Casa Pia AC,Moreirense FC,3,1,H
497985,2024-09-14 15:00:00+00:00,FL1,2024,REGULAR_SEASON,4.0,Olympique de Marseille,OGC Nice,2,0,H
503076,2024-09-14 16:00:00+00:00,SA,2024,REGULAR_SEASON,4.0,Empoli FC,Juventus FC,0,0,D
497441,2024-09-14 16:30:00+00:00,PL,2024,REGULAR_SEASON,4.0,Aston Villa FC,Everton FC,3,2,H
502397,2024-09-14 16:30:00+00:00,BL1,2024,REGULAR_SEASON,3.0,Holstein Kiel,FC Bayern München,1,6,A
498657,2024-09-14 16:30:00+00:00,PD,2024,REGULAR_SEASON,5.0,Sevilla FC,Getafe CF,1,0,H
499030,2024-09-14 16:45:00+00:00,DED,2024,REGULAR_SEASON,5.0,FC Groningen,Feyenoord Rotterdam,2,2,D
503988,2024-09-14 17:00:00+00:00,PPL,2024,REGULAR_SEASON,5.0,AVS,Rio Ave FC,1,0,H
497978,2024-09-14 17:00:00+00:00,FL1,2024,REGULAR_SEASON,4.0,AJ Auxerre,AS Monaco FC,0,3,A
499031,2024-09-14 18:00:00+00:00,DED,2024,REGULAR_SEASON,5.0,NAC Breda,Fortuna Sittard,1,0,H
503079,2024-09-14 18:45:00+00:00,SA,2024,REGULAR_SEASON,4.0,AC Milan,Venezia FC,4,0,H
497440,2024-09-14 19:00:00+00:00,PL,2024,REGULAR_SEASON,4.0,AFC Bournemouth,Chelsea FC,0,1,A
499032,2024-09-14 19:00:00+00:00,DED,2024,REGULAR_SEASON,5.0,AZ,SC Heerenveen,9,1,H
497986,2024-09-14 19:00:00+00:00,FL1,2024,REGULAR_SEASON,4.0,Paris Saint-Germain FC,Stade Brestois 29,3,1,H
498660,2024-09-14 19:00:00+00:00,PD,2024,REGULAR_SEASON,5.0,Real Sociedad de Fútbol,Real Madrid CF,0,2,A
503981,2024-09-14 19:30:00+00:00,PPL,2024,REGULAR_SEASON,5.0,Sport Lisboa e Benfica,CD Santa Clara,4,1,H
503985,2024-09-14 19:30:00+00:00,PPL,2024,REGULAR_SEASON,5.0,FC Famalicão,Gil Vicente FC,1,1,D
499034,2024-09-15 10:15:00+00:00,DED,2024,REGULAR_SEASON,5.0,Sparta Rotterdam,Go Ahead Eagles,1,2,A
503077,2024-09-15 10:30:00+00:00,SA,2024,REGULAR_SEASON,4.0,Genoa CFC,AS Roma,1,1,D
498655,2024-09-15 12:00:00+00:00,PD,2024,REGULAR_SEASON,5.0,RC Celta de Vigo,Real Valladolid CF,3,1,H
499036,2024-09-15 12:30:00+00:00,DED,2024,REGULAR_SEASON,5.0,Willem II Tilburg,RKC Waalwijk,3,0,H
503082,2024-09-15 13:00:00+00:00,SA,2024,REGULAR_SEASON,4.0,Torino FC,US Lecce,0,0,D
497979,2024-09-15 13:00:00+00:00,FL1,2024,REGULAR_SEASON,4.0,Stade Rennais FC 1901,Montpellier HSC,3,0,H
503073,2024-09-15 13:00:00+00:00,SA,2024,REGULAR_SEASON,4.0,Atalanta BC,ACF Fiorentina,3,2,H
497448,2024-09-15 13:00:00+00:00,PL,2024,REGULAR_SEASON,4.0,Tottenham Hotspur FC,Arsenal FC,0,1,A
502393,2024-09-15 13:30:00+00:00,BL1,2024,REGULAR_SEASON,3.0,FC Augsburg,FC St. Pauli 1910,3,1,H
498656,2024-09-15 14:15:00+00:00,PD,2024,REGULAR_SEASON,5.0,Girona FC,FC Barcelona,1,4,A
503986,2024-09-15 14:30:00+00:00,PPL,2024,REGULAR_SEASON,5.0,FC Porto,SC Farense,2,1,H
499037,2024-09-15 14:45:00+00:00,DED,2024,REGULAR_SEASON,5.0,Heracles Almelo,Almere City FC,0,0,D
497981,2024-09-15 15:00:00+00:00,FL1,2024,REGULAR_SEASON,4.0,FC Nantes,Stade de Reims,1,2,A
497982,2024-09-15 15:00:00+00:00,FL1,2024,REGULAR_SEASON,4.0,Toulouse FC,Le Havre AC,2,0,H
497983,2024-09-15 15:00:00+00:00,FL1,2024,REGULAR_SEASON,4.0,RC Strasbourg Alsace,Angers SCO,1,1,D
497449,2024-09-15 15:30:00+00:00,PL,2024,REGULAR_SEASON,4.0,Wolverhampton Wanderers FC,Newcastle United FC,1,2,A
502395,2024-09-15 15:30:00+00:00,BL1,2024,REGULAR_SEASON,3.0,1. FSV Mainz 05,SV Werder Bremen,1,2,A
503074,2024-09-15 16:00:00+00:00,SA,2024,REGULAR_SEASON,4.0,Cagliari Calcio,SSC Napoli,0,4,A
498661,2024-09-15 16:30:00+00:00,PD,2024,REGULAR_SEASON,5.0,UD Las Palmas,Athletic Club,2,3,A
503983,2024-09-15 17:00:00+00:00,PPL,2024,REGULAR_SEASON,5.0,GD Estoril Praia,CD Nacional,1,0,H
503080,2024-09-15 18:45:00+00:00,SA,2024,REGULAR_SEASON,4.0,AC Monza,FC Internazionale Milano,1,1,D
497980,2024-09-15 18:45:00+00:00,FL1,2024,REGULAR_SEASON,4.0,Racing Club de Lens,Olympique Lyonnais,0,0,D
498653,2024-09-15 19:00:00+00:00,PD,2024,REGULAR_SEASON,5.0,Club Atlético de Madrid,Valencia CF,3,0,H
503984,2024-09-15 19:30:00+00:00,PPL,2024,REGULAR_SEASON,5.0,Sporting Clube de Braga,Vitória SC,0,2,A
503081,2024-09-16 16:30:00+00:00,SA,2024,REGULAR_SEASON,4.0,Parma Calcio 1913,Udinese Calcio,2,3,A
503078,2024-09-16 18:45:00+00:00,SA,2024,REGULAR_SEASON,4.0,SS Lazio,Hellas Verona FC,2,1,H
498658,2024-09-16 19:00:00+00:00,PD,2024,REGULAR_SEASON,5.0,Rayo Vallecano de Madrid,CA Osasuna,3,1,H
503987,2024-09-16 19:15:00+00:00,PPL,2024,REGULAR_SEASON,5.0,CF Estrela da Amadora,Boavista FC,2,2,D
523998,2024-09-17 16:45:00+00:00,CL,2024,LEAGUE_STAGE,1.0,Juventus FC,PSV,3,1,H
524039,2024-09-17 16:45:00+00:00,CL,2024,LEAGUE_STAGE,1.0,BSC Young Boys,Aston Villa FC,0,3,A
498679,2024-09-17 17:00:00+00:00,PD,2024,REGULAR_SEASON,7.0,RCD Mallorca,Real Sociedad de Fútbol,1,0,H
499019,2024-09-17 18:00:00+00:00,DED,2024,REGULAR_SEASON,3.0,FC Twente '65,SC Heerenveen,2,0,H
523967,2024-09-17 19:00:00+00:00,CL,2024,LEAGUE_STAGE,1.0,Real Madrid CF,VfB Stuttgart,3,1,H
523968,2024-09-17 19:00:00+00:00,CL,2024,LEAGUE_STAGE,1.0,AC Milan,Liverpool FC,1,3,A
524034,2024-09-17 19:00:00+00:00,CL,2024,LEAGUE_STAGE,1.0,Sporting Clube de Portugal,Lille OSC,2,0,H
523934,2024-09-17 19:00:00+00:00,CL,2024,LEAGUE_STAGE,1.0,FC Bayern München,GNK Dinamo Zagreb,9,2,H
524049,2024-09-18 16:45:00+00:00,CL,2024,LEAGUE_STAGE,1.0,Bologna FC 1909,FK Shakhtar Donetsk,0,0,D
524062,2024-09-18 16:45:00+00:00,CL,2024,LEAGUE_STAGE,1.0,AC Sparta Praha,FC Red Bull Salzburg,3,0,H
498634,2024-09-18 17:00:00+00:00,PD,2024,REGULAR_SEASON,3.0,Real Betis Balompié,Getafe CF,2,1,H
499018,2024-09-18 18:00:00+00:00,DED,2024,REGULAR_SEASON,3.0,AFC Ajax,Fortuna Sittard,5,0,H
523959,2024-09-18 19:00:00+00:00,CL,2024,LEAGUE_STAGE,1.0,Paris Saint-Germain FC,Girona FC,1,0,H
523988,2024-09-18 19:00:00+00:00,CL,2024,LEAGUE_STAGE,1.0,Club Brugge KV,Borussia Dortmund,0,3,A
524007,2024-09-18 19:00:00+00:00,CL,2024,LEAGUE_STAGE,1.0,Celtic FC,ŠK Slovan Bratislava,5,1,H
523952,2024-09-18 19:00:00+00:00,CL,2024,LEAGUE_STAGE,1.0,Manchester City FC,FC Internazionale Milano,0,0,D
524013,2024-09-19 16:45:00+00:00,CL,2024,LEAGUE_STAGE,1.0,Feyenoord Rotterdam,Bayer 04 Leverkusen,0,4,A
524029,2024-09-19 16:45:00+00:00,CL,2024,LEAGUE_STAGE,1.0,FK Crvena Zvezda,Sport Lisboa e Benfica,1,2,A
498673,2024-09-19 17:00:00+00:00,PD,2024,REGULAR_SEASON,7.0,CD Leganés,Athletic Club,0,2,A
524067,2024-09-19 19:00:00+00:00,CL,2024,LEAGUE_STAGE,1.0,Stade Brestois 29,SK Sturm Graz,2,1,H
524040,2024-09-19 19:00:00+00:00,CL,2024,LEAGUE_STAGE,1.0,AS Monaco FC,FC Barcelona,2,1,H
523973,2024-09-19 19:00:00+00:00,CL,2024,LEAGUE_STAGE,1.0,Atalanta BC,Arsenal FC,0,0,D
523976,2024-09-19 19:00:00+00:00,CL,2024,LEAGUE_STAGE,1.0,Club Atlético de Madrid,RB Leipzig,2,1,H
503084,2024-09-20 16:30:00+00:00,SA,2024,REGULAR_SEASON,5.0,Cagliari Calcio,Empoli FC,0,2,A
499038,2024-09-20 18:00:00+00:00,DED,2024,REGULAR_SEASON,6.0,PEC Zwolle,AZ,1,2,A
502403,2024-09-20 18:30:00+00:00,BL1,2024,REGULAR_SEASON,4.0,FC Augsburg,1. FSV Mainz 05,2,3,A
503086,2024-09-20 18:45:00+00:00,SA,2024,REGULAR_SEASON,5.0,Hellas Verona FC,Torino FC,2,3,A
497988,2024-09-20 18:45:00+00:00,FL1,2024,REGULAR_SEASON,5.0,OGC Nice,AS Saint-Étienne,8,0,H
498666,2024-09-20 19:00:00+00:00,PD,2024,REGULAR_SEASON,6.0,Deportivo Alavés,Sevilla FC,2,1,H
503974,2024-09-20 19:15:00+00:00,PPL,2024,REGULAR_SEASON,6.0,CD Nacional,Sporting Clube de Braga,0,3,A
497459,2024-09-21 11:30:00+00:00,PL,2024,REGULAR_SEASON,5.0,West Ham United FC,Chelsea FC,0,3,A
498671,2024-09-21 12:00:00+00:00,PD,2024,REGULAR_SEASON,6.0,Real Valladolid CF,Real Sociedad de Fútbol,0,0,D
503092,2024-09-21 13:00:00+00:00,SA,2024,REGULAR_SEASON,5.0,Venezia FC,Genoa CFC,2,0,H
502401,2024-09-21 13:30:00+00:00,BL1,2024,REGULAR_SEASON,4.0,1. FC Heidenheim 1846,SC Freiburg,0,3,A
502404,2024-09-21 13:30:00+00:00,BL1,2024,REGULAR_SEASON,4.0,1. FC Union Berlin,TSG 1899 Hoffenheim,2,1,H
502405,2024-09-21 13:30:00+00:00,BL1,2024,REGULAR_SEASON,4.0,VfL Bochum 1848,Holstein Kiel,2,2,D
502402,2024-09-21 13:30:00+00:00,BL1,2024,REGULAR_SEASON,4.0,SV Werder Bremen,FC Bayern München,0,5,A
497455,2024-09-21 14:00:00+00:00,PL,2024,REGULAR_SEASON,5.0,Liverpool FC,AFC Bournemouth,3,0,H
497454,2024-09-21 14:00:00+00:00,PL,2024,REGULAR_SEASON,5.0,Leicester City FC,Everton FC,1,1,D
497453,2024-09-21 14:00:00+00:00,PL,2024,REGULAR_SEASON,5.0,Fulham FC,Newcastle United FC,3,1,H
497450,2024-09-21 14:00:00+00:00,PL,2024,REGULAR_SEASON,5.0,Aston Villa FC,Wolverhampton Wanderers FC,3,1,H
497457,2024-09-21 14:00:00+00:00,PL,2024,REGULAR_SEASON,5.0,Southampton FC,Ipswich Town FC,1,1,D
497458,2024-09-21 14:00:00+00:00,PL,2024,REGULAR_SEASON,5.0,Tottenham Hotspur FC,Brentford FC,3,1,H
498665,2024-09-21 14:15:00+00:00,PD,2024,REGULAR_SEASON,6.0,CA Osasuna,UD Las Palmas,2,1,H
503973,2024-09-21 14:30:00+00:00,PPL,2024,REGULAR_SEASON,6.0,CD Santa Clara,CF Estrela da Amadora,1,0,H
499039,2024-09-21 14:30:00+00:00,DED,2024,REGULAR_SEASON,6.0,FC Utrecht,Willem II Tilburg,3,2,H
503978,2024-09-21 14:30:00+00:00,PPL,2024,REGULAR_SEASON,6.0,Rio Ave FC,GD Estoril Praia,2,2,D
497993,2024-09-21 15:00:00+00:00,FL1,2024,REGULAR_SEASON,5.0,Lille OSC,RC Strasbourg Alsace,3,3,D
503088,2024-09-21 16:00:00+00:00,SA,2024,REGULAR_SEASON,5.0,Juventus FC,SSC Napoli,0,0,D
498668,2024-09-21 16:30:00+00:00,PD,2024,REGULAR_SEASON,6.0,Valencia CF,Girona FC,2,0,H
502400,2024-09-21 16:30:00+00:00,BL1,2024,REGULAR_SEASON,4.0,Eintracht Frankfurt,Borussia Mönchengladbach,2,0,H
497452,2024-09-21 16:30:00+00:00,PL,2024,REGULAR_SEASON,5.0,Crystal Palace FC,Manchester United FC,0,0,D
499040,2024-09-21 16:45:00+00:00,DED,2024,REGULAR_SEASON,6.0,RKC Waalwijk,Sparta Rotterdam,1,2,A
497994,2024-09-21 17:00:00+00:00,FL1,2024,REGULAR_SEASON,5.0,Stade Rennais FC 1901,Racing Club de Lens,1,1,D
503972,2024-09-21 17:00:00+00:00,PPL,2024,REGULAR_SEASON,6.0,Vitória SC,FC Porto,0,3,A
499041,2024-09-21 18:00:00+00:00,DED,2024,REGULAR_SEASON,6.0,Go Ahead Eagles,AFC Ajax,1,1,D
503089,2024-09-21 18:45:00+00:00,SA,2024,REGULAR_SEASON,5.0,US Lecce,Parma Calcio 1913,2,2,D
497989,2024-09-21 19:00:00+00:00,FL1,2024,REGULAR_SEASON,5.0,Stade de Reims,Paris Saint-Germain FC,1,1,D
498672,2024-09-21 19:00:00+00:00,PD,2024,REGULAR_SEASON,6.0,Real Madrid CF,RCD Espanyol de Barcelona,4,1,H
499042,2024-09-21 19:00:00+00:00,DED,2024,REGULAR_SEASON,6.0,NEC,Heracles Almelo,1,2,A
503977,2024-09-21 19:30:00+00:00,PPL,2024,REGULAR_SEASON,6.0,Moreirense FC,FC Famalicão,0,0,D
499043,2024-09-22 10:15:00+00:00,DED,2024,REGULAR_SEASON,6.0,SC Heerenveen,FC Groningen,2,1,H
503085,2024-09-22 10:30:00+00:00,SA,2024,REGULAR_SEASON,5.0,ACF Fiorentina,SS Lazio,2,1,H
498667,2024-09-22 12:00:00+00:00,PD,2024,REGULAR_SEASON,6.0,Getafe CF,CD Leganés,1,1,D
499045,2024-09-22 12:30:00+00:00,DED,2024,REGULAR_SEASON,6.0,Feyenoord Rotterdam,NAC Breda,2,0,H
499044,2024-09-22 12:30:00+00:00,DED,2024,REGULAR_SEASON,6.0,Almere City FC,FC Twente '65,0,5,A
497451,2024-09-22 13:00:00+00:00,PL,2024,REGULAR_SEASON,5.0,Brighton & Hove Albion FC,Nottingham Forest FC,2,2,D
503090,2024-09-22 13:00:00+00:00,SA,2024,REGULAR_SEASON,5.0,AC Monza,Bologna FC 1909,1,2,A
497995,2024-09-22 13:00:00+00:00,FL1,2024,REGULAR_SEASON,5.0,AS Monaco FC,Le Havre AC,3,1,H
502398,2024-09-22 13:30:00+00:00,BL1,2024,REGULAR_SEASON,4.0,Bayer 04 Leverkusen,VfL Wolfsburg,4,3,H
498663,2024-09-22 14:15:00+00:00,PD,2024,REGULAR_SEASON,6.0,Athletic Club,RC Celta de Vigo,3,1,H
503979,2024-09-22 14:30:00+00:00,PPL,2024,REGULAR_SEASON,6.0,Gil Vicente FC,Casa Pia AC,1,1,D
499046,2024-09-22 14:45:00+00:00,DED,2024,REGULAR_SEASON,6.0,Fortuna Sittard,PSV,1,3,A
497992,2024-09-22 15:00:00+00:00,FL1,2024,REGULAR_SEASON,5.0,Montpellier HSC,AJ Auxerre,3,2,H
497991,2024-09-22 15:00:00+00:00,FL1,2024,REGULAR_SEASON,5.0,Angers SCO,FC Nantes,1,1,D
497990,2024-09-22 15:00:00+00:00,FL1,2024,REGULAR_SEASON,5.0,Stade Brestois 29,Toulouse FC,2,0,H
497456,2024-09-22 15:30:00+00:00,PL,2024,REGULAR_SEASON,5.0,Manchester City FC,Arsenal FC,2,2,D
502399,2024-09-22 15:30:00+00:00,BL1,2024,REGULAR_SEASON,4.0,VfB Stuttgart,Borussia Dortmund,5,1,H
503091,2024-09-22 16:00:00+00:00,SA,2024,REGULAR_SEASON,5.0,AS Roma,Udinese Calcio,3,0,H
498669,2024-09-22 16:30:00+00:00,PD,2024,REGULAR_SEASON,6.0,Villarreal CF,FC Barcelona,1,5,A
503975,2024-09-22 17:00:00+00:00,PPL,2024,REGULAR_SEASON,6.0,SC Farense,FC Arouca,0,1,A
502406,2024-09-22 17:30:00+00:00,BL1,2024,REGULAR_SEASON,4.0,FC St. Pauli 1910,RB Leipzig,0,0,D
503087,2024-09-22 18:45:00+00:00,SA,2024,REGULAR_SEASON,5.0,FC Internazionale Milano,AC Milan,1,2,A
497987,2024-09-22 18:45:00+00:00,FL1,2024,REGULAR_SEASON,5.0,Olympique Lyonnais,Olympique de Marseille,2,3,A
498670,2024-09-22 19:00:00+00:00,PD,2024,REGULAR_SEASON,6.0,Rayo Vallecano de Madrid,Club Atlético de Madrid,1,1,D
503976,2024-09-22 19:30:00+00:00,PPL,2024,REGULAR_SEASON,6.0,Sporting Clube de Portugal,AVS,3,0,H
498664,2024-09-23 19:00:00+00:00,PD,2024,REGULAR_SEASON,6.0,Real Betis Balompié,RCD Mallorca,1,2,A
503971,2024-09-23 19:15:00+00:00,PPL,2024,REGULAR_SEASON,6.0,Boavista FC,Sport Lisboa e Benfica,0,3,A
498677,2024-09-24 17:00:00+00:00,PD,2024,REGULAR_SEASON,7.0,Sevilla FC,Real Valladolid CF,2,1,H
498678,2024-09-24 17:00:00+00:00,PD,2024,REGULAR_SEASON,7.0,Valencia CF,CA Osasuna,0,0,D
503083,2024-09-24 18:45:00+00:00,SA,2024,REGULAR_SEASON,5.0,Atalanta BC,Como 1907,2,3,A
498680,2024-09-24 19:00:00+00:00,PD,2024,REGULAR_SEASON,7.0,Real Madrid CF,Deportivo Alavés,3,2,H
498676,2024-09-25 17:00:00+00:00,PD,2024,REGULAR_SEASON,7.0,Girona FC,Rayo Vallecano de Madrid,0,0,D
498675,2024-09-25 19:00:00+00:00,PD,2024,REGULAR_SEASON,7.0,FC Barcelona,Getafe CF,1,0,H
498681,2024-09-26 17:00:00+00:00,PD,2024,REGULAR_SEASON,7.0,UD Las Palmas,Real Betis Balompié,1,1,D
498682,2024-09-26 17:00:00+00:00,PD,2024,REGULAR_SEASON,7.0,RCD Espanyol de Barcelona,Villarreal CF,1,2,A
498674,2024-09-26 19:00:00+00:00,PD,2024,REGULAR_SEASON,7.0,RC Celta de Vigo,Club Atlético de Madrid,0,1,A
497998,2024-09-27 17:00:00+00:00,FL1,2024,REGULAR_SEASON,6.0,AJ Auxerre,Stade Brestois 29,3,0,H
499047,2024-09-27 18:00:00+00:00,DED,2024,REGULAR_SEASON,7.0,Heracles Almelo,SC Heerenveen,2,1,H
502409,2024-09-27 18:30:00+00:00,BL1,2024,REGULAR_SEASON,5.0,Borussia Dortmund,VfL Bochum 1848,4,2,H
503097,2024-09-27 18:45:00+00:00,SA,2024,REGULAR_SEASON,6.0,AC Milan,US Lecce,3,0,H
497997,2024-09-27 19:00:00+00:00,FL1,2024,REGULAR_SEASON,6.0,Paris Saint-Germain FC,Stade Rennais FC 1901,3,1,H
498691,2024-09-27 19:00:00+00:00,PD,2024,REGULAR_SEASON,8.0,Real Valladolid CF,RCD Mallorca,1,2,A
503965,2024-09-27 19:15:00+00:00,PPL,2024,REGULAR_SEASON,7.0,GD Estoril Praia,Sporting Clube de Portugal,0,3,A
497467,2024-09-28 11:30:00+00:00,PL,2024,REGULAR_SEASON,6.0,Newcastle United FC,Manchester City FC,1,1,D
498687,2024-09-28 12:00:00+00:00,PD,2024,REGULAR_SEASON,8.0,Getafe CF,Deportivo Alavés,2,0,H
503102,2024-09-28 13:00:00+00:00,SA,2024,REGULAR_SEASON,6.0,Udinese Calcio,FC Internazionale Milano,2,3,A
502408,2024-09-28 13:30:00+00:00,BL1,2024,REGULAR_SEASON,5.0,RB Leipzig,FC Augsburg,4,0,H
502412,2024-09-28 13:30:00+00:00,BL1,2024,REGULAR_SEASON,5.0,VfL Wolfsburg,VfB Stuttgart,2,2,D
502411,2024-09-28 13:30:00+00:00,BL1,2024,REGULAR_SEASON,5.0,SC Freiburg,FC St. Pauli 1910,0,3,A
502413,2024-09-28 13:30:00+00:00,BL1,2024,REGULAR_SEASON,5.0,1. FSV Mainz 05,1. FC Heidenheim 1846,0,2,A
502414,2024-09-28 13:30:00+00:00,BL1,2024,REGULAR_SEASON,5.0,Borussia Mönchengladbach,1. FC Union Berlin,1,0,H
497461,2024-09-28 14:00:00+00:00,PL,2024,REGULAR_SEASON,6.0,Arsenal FC,Leicester City FC,4,2,H
497462,2024-09-28 14:00:00+00:00,PL,2024,REGULAR_SEASON,6.0,Brentford FC,West Ham United FC,1,1,D
497463,2024-09-28 14:00:00+00:00,PL,2024,REGULAR_SEASON,6.0,Chelsea FC,Brighton & Hove Albion FC,4,2,H
497464,2024-09-28 14:00:00+00:00,PL,2024,REGULAR_SEASON,6.0,Everton FC,Crystal Palace FC,2,1,H
497468,2024-09-28 14:00:00+00:00,PL,2024,REGULAR_SEASON,6.0,Nottingham Forest FC,Fulham FC,0,1,A
498689,2024-09-28 14:15:00+00:00,PD,2024,REGULAR_SEASON,8.0,Rayo Vallecano de Madrid,CD Leganés,1,1,D
499051,2024-09-28 14:30:00+00:00,DED,2024,REGULAR_SEASON,7.0,Willem II Tilburg,PSV,0,2,A
503966,2024-09-28 14:30:00+00:00,PPL,2024,REGULAR_SEASON,7.0,CF Estrela da Amadora,Moreirense FC,2,1,H
497999,2024-09-28 15:00:00+00:00,FL1,2024,REGULAR_SEASON,6.0,Racing Club de Lens,OGC Nice,0,0,D
503096,2024-09-28 16:00:00+00:00,SA,2024,REGULAR_SEASON,6.0,Genoa CFC,Juventus FC,0,3,A
497469,2024-09-28 16:30:00+00:00,PL,2024,REGULAR_SEASON,6.0,Wolverhampton Wanderers FC,Liverpool FC,1,2,A
498690,2024-09-28 16:30:00+00:00,PD,2024,REGULAR_SEASON,8.0,Real Sociedad de Fútbol,Valencia CF,3,0,H
502407,2024-09-28 16:30:00+00:00,BL1,2024,REGULAR_SEASON,5.0,FC Bayern München,Bayer 04 Leverkusen,1,1,D
499049,2024-09-28 16:45:00+00:00,DED,2024,REGULAR_SEASON,7.0,NEC,Feyenoord Rotterdam,1,1,D
498001,2024-09-28 17:00:00+00:00,FL1,2024,REGULAR_SEASON,6.0,Le Havre AC,Lille OSC,0,3,A
503962,2024-09-28 17:00:00+00:00,PPL,2024,REGULAR_SEASON,7.0,Casa Pia AC,Vitória SC,1,1,D
503093,2024-09-28 18:45:00+00:00,SA,2024,REGULAR_SEASON,6.0,Bologna FC 1909,Atalanta BC,1,1,D
499050,2024-09-28 19:00:00+00:00,DED,2024,REGULAR_SEASON,7.0,Sparta Rotterdam,Fortuna Sittard,1,1,D
498685,2024-09-28 19:00:00+00:00,PD,2024,REGULAR_SEASON,8.0,CA Osasuna,FC Barcelona,4,2,H
498003,2024-09-28 19:00:00+00:00,FL1,2024,REGULAR_SEASON,6.0,AS Monaco FC,Montpellier HSC,2,1,H
503963,2024-09-28 19:30:00+00:00,PPL,2024,REGULAR_SEASON,7.0,Sport Lisboa e Benfica,Gil Vicente FC,5,1,H
499052,2024-09-29 10:15:00+00:00,DED,2024,REGULAR_SEASON,7.0,PEC Zwolle,Almere City FC,1,0,H
503101,2024-09-29 10:30:00+00:00,SA,2024,REGULAR_SEASON,6.0,Torino FC,SS Lazio,2,3,A
498686,2024-09-29 12:00:00+00:00,PD,2024,REGULAR_SEASON,8.0,RC Celta de Vigo,Girona FC,1,1,D
499048,2024-09-29 12:30:00+00:00,DED,2024,REGULAR_SEASON,7.0,FC Twente '65,NAC Breda,1,0,H
499053,2024-09-29 12:30:00+00:00,DED,2024,REGULAR_SEASON,7.0,FC Groningen,Go Ahead Eagles,0,1,A
503094,2024-09-29 13:00:00+00:00,SA,2024,REGULAR_SEASON,6.0,Como 1907,Hellas Verona FC,3,2,H
497465,2024-09-29 13:00:00+00:00,PL,2024,REGULAR_SEASON,6.0,Ipswich Town FC,Aston Villa FC,2,2,D
503100,2024-09-29 13:00:00+00:00,SA,2024,REGULAR_SEASON,6.0,AS Roma,Venezia FC,2,1,H
498002,2024-09-29 13:00:00+00:00,FL1,2024,REGULAR_SEASON,6.0,Toulouse FC,Olympique Lyonnais,1,2,A
502415,2024-09-29 13:30:00+00:00,BL1,2024,REGULAR_SEASON,5.0,Holstein Kiel,Eintracht Frankfurt,2,4,A
498683,2024-09-29 14:15:00+00:00,PD,2024,REGULAR_SEASON,8.0,Athletic Club,Sevilla FC,1,1,D
503970,2024-09-29 14:30:00+00:00,PPL,2024,REGULAR_SEASON,7.0,FC Famalicão,CD Nacional,0,0,D
499054,2024-09-29 14:45:00+00:00,DED,2024,REGULAR_SEASON,7.0,RKC Waalwijk,AFC Ajax,0,2,A
498000,2024-09-29 15:00:00+00:00,FL1,2024,REGULAR_SEASON,6.0,FC Nantes,AS Saint-Étienne,2,2,D
498004,2024-09-29 15:00:00+00:00,FL1,2024,REGULAR_SEASON,6.0,Angers SCO,Stade de Reims,1,3,A
497466,2024-09-29 15:30:00+00:00,PL,2024,REGULAR_SEASON,6.0,Manchester United FC,Tottenham Hotspur FC,0,3,A
502410,2024-09-29 15:30:00+00:00,BL1,2024,REGULAR_SEASON,5.0,TSG 1899 Hoffenheim,SV Werder Bremen,3,4,A
503095,2024-09-29 16:00:00+00:00,SA,2024,REGULAR_SEASON,6.0,Empoli FC,ACF Fiorentina,0,0,D
498692,2024-09-29 16:30:00+00:00,PD,2024,REGULAR_SEASON,8.0,Real Betis Balompié,RCD Espanyol de Barcelona,1,0,H
503968,2024-09-29 17:00:00+00:00,PPL,2024,REGULAR_SEASON,7.0,FC Porto,FC Arouca,4,0,H
499055,2024-09-29 18:00:00+00:00,DED,2024,REGULAR_SEASON,7.0,AZ,FC Utrecht,1,2,A
503098,2024-09-29 18:45:00+00:00,SA,2024,REGULAR_SEASON,6.0,SSC Napoli,AC Monza,2,0,H
497996,2024-09-29 18:45:00+00:00,FL1,2024,REGULAR_SEASON,6.0,RC Strasbourg Alsace,Olympique de Marseille,1,0,H
498684,2024-09-29 19:00:00+00:00,PD,2024,REGULAR_SEASON,8.0,Club Atlético de Madrid,Real Madrid CF,1,1,D
503967,2024-09-29 19:30:00+00:00,PPL,2024,REGULAR_SEASON,7.0,CD Santa Clara,Boavista FC,1,0,H
503964,2024-09-29 19:30:00+00:00,PPL,2024,REGULAR_SEASON,7.0,Sporting Clube de Braga,Rio Ave FC,4,0,H
503099,2024-09-30 18:45:00+00:00,SA,2024,REGULAR_SEASON,6.0,Parma Calcio 1913,Cagliari Calcio,2,3,A
498688,2024-09-30 19:00:00+00:00,PD,2024,REGULAR_SEASON,8.0,Villarreal CF,UD Las Palmas,3,1,H
497460,2024-09-30 19:00:00+00:00,PL,2024,REGULAR_SEASON,6.0,AFC Bournemouth,Southampton FC,3,1,H
503969,2024-09-30 19:15:00+00:00,PPL,2024,REGULAR_SEASON,7.0,AVS,SC Farense,0,0,D
524075,2024-10-01 16:45:00+00:00,CL,2024,LEAGUE_STAGE,2.0,VfB Stuttgart,AC Sparta Praha,1,1,D
524027,2024-10-01 16:45:00+00:00,CL,2024,LEAGUE_STAGE,2.0,FC Red Bull Salzburg,Stade Brestois 29,0,4,A
523950,2024-10-01 19:00:00+00:00,CL,2024,LEAGUE_STAGE,2.0,FC Internazionale Milano,FK Crvena Zvezda,4,0,H
524056,2024-10-01 19:00:00+00:00,CL,2024,LEAGUE_STAGE,2.0,ŠK Slovan Bratislava,Manchester City FC,0,4,A
523938,2024-10-01 19:00:00+00:00,CL,2024,LEAGUE_STAGE,2.0,Borussia Dortmund,Celtic FC,7,1,H
523942,2024-10-01 19:00:00+00:00,CL,2024,LEAGUE_STAGE,2.0,FC Barcelona,BSC Young Boys,5,0,H
523981,2024-10-01 19:00:00+00:00,CL,2024,LEAGUE_STAGE,2.0,Bayer 04 Leverkusen,AC Milan,1,0,H
524022,2024-10-01 19:00:00+00:00,CL,2024,LEAGUE_STAGE,2.0,PSV,Sporting Clube de Portugal,1,1,D
523992,2024-10-01 19:00:00+00:00,CL,2024,LEAGUE_STAGE,2.0,Arsenal FC,Paris Saint-Germain FC,2,0,H
524001,2024-10-02 16:45:00+00:00,CL,2024,LEAGUE_STAGE,2.0,FK Shakhtar Donetsk,Atalanta BC,0,3,A
524054,2024-10-02 16:45:00+00:00,CL,2024,LEAGUE_STAGE,2.0,Girona FC,Feyenoord Rotterdam,2,3,A
524069,2024-10-02 19:00:00+00:00,CL,2024,LEAGUE_STAGE,2.0,SK Sturm Graz,Club Brugge KV,0,1,A
524016,2024-10-02 19:00:00+00:00,CL,2024,LEAGUE_STAGE,2.0,Lille OSC,Real Madrid CF,1,0,H
523985,2024-10-02 19:00:00+00:00,CL,2024,LEAGUE_STAGE,2.0,Sport Lisboa e Benfica,Club Atlético de Madrid,4,0,H
523961,2024-10-02 19:00:00+00:00,CL,2024,LEAGUE_STAGE,2.0,RB Leipzig,Juventus FC,2,3,A
524011,2024-10-02 19:00:00+00:00,CL,2024,LEAGUE_STAGE,2.0,GNK Dinamo Zagreb,AS Monaco FC,2,2,D
523947,2024-10-02 19:00:00+00:00,CL,2024,LEAGUE_STAGE,2.0,Liverpool FC,Bologna FC 1909,2,0,H
524044,2024-10-02 19:00:00+00:00,CL,2024,LEAGUE_STAGE,2.0,Aston Villa FC,FC Bayern München,1,0,H
503111,2024-10-04 16:30:00+00:00,SA,2024,REGULAR_SEASON,7.0,SSC Napoli,Como 1907,3,1,H
499057,2024-10-04 18:00:00+00:00,DED,2024,REGULAR_SEASON,8.0,Almere City FC,Willem II Tilburg,0,1,A
502421,2024-10-04 18:30:00+00:00,BL1,2024,REGULAR_SEASON,6.0,FC Augsburg,Borussia Mönchengladbach,2,1,H
498010,2024-10-04 18:45:00+00:00,FL1,2024,REGULAR_SEASON,7.0,Olympique de Marseille,Angers SCO,1,1,D
503106,2024-10-04 18:45:00+00:00,SA,2024,REGULAR_SEASON,7.0,Hellas Verona FC,Venezia FC,2,1,H
498693,2024-10-04 19:00:00+00:00,PD,2024,REGULAR_SEASON,9.0,CD Leganés,Valencia CF,0,0,D
503959,2024-10-04 19:15:00+00:00,PPL,2024,REGULAR_SEASON,8.0,Rio Ave FC,FC Famalicão,1,1,D
497475,2024-10-05 11:30:00+00:00,PL,2024,REGULAR_SEASON,7.0,Crystal Palace FC,Liverpool FC,0,1,A
498702,2024-10-05 12:00:00+00:00,PD,2024,REGULAR_SEASON,9.0,RCD Espanyol de Barcelona,RCD Mallorca,2,1,H
503112,2024-10-05 13:00:00+00:00,SA,2024,REGULAR_SEASON,7.0,Udinese Calcio,US Lecce,1,0,H
502423,2024-10-05 13:30:00+00:00,BL1,2024,REGULAR_SEASON,6.0,VfL Bochum 1848,VfL Wolfsburg,1,3,A
502422,2024-10-05 13:30:00+00:00,BL1,2024,REGULAR_SEASON,6.0,1. FC Union Berlin,Borussia Dortmund,2,1,H
502420,2024-10-05 13:30:00+00:00,BL1,2024,REGULAR_SEASON,6.0,SV Werder Bremen,SC Freiburg,0,1,A
502416,2024-10-05 13:30:00+00:00,BL1,2024,REGULAR_SEASON,6.0,Bayer 04 Leverkusen,Holstein Kiel,2,2,D
497472,2024-10-05 14:00:00+00:00,PL,2024,REGULAR_SEASON,7.0,Brentford FC,Wolverhampton Wanderers FC,5,3,H
497470,2024-10-05 14:00:00+00:00,PL,2024,REGULAR_SEASON,7.0,Arsenal FC,Southampton FC,3,1,H
497479,2024-10-05 14:00:00+00:00,PL,2024,REGULAR_SEASON,7.0,West Ham United FC,Ipswich Town FC,4,1,H
497478,2024-10-05 14:00:00+00:00,PL,2024,REGULAR_SEASON,7.0,Manchester City FC,Fulham FC,3,2,H
497477,2024-10-05 14:00:00+00:00,PL,2024,REGULAR_SEASON,7.0,Leicester City FC,AFC Bournemouth,1,0,H
498695,2024-10-05 14:15:00+00:00,PD,2024,REGULAR_SEASON,9.0,Getafe CF,CA Osasuna,1,1,D
503960,2024-10-05 14:30:00+00:00,PPL,2024,REGULAR_SEASON,8.0,Gil Vicente FC,CF Estrela da Amadora,3,0,H
503958,2024-10-05 14:30:00+00:00,PPL,2024,REGULAR_SEASON,8.0,Moreirense FC,CD Santa Clara,1,0,H
498008,2024-10-05 15:00:00+00:00,FL1,2024,REGULAR_SEASON,7.0,AS Saint-Étienne,AJ Auxerre,3,1,H
503103,2024-10-05 16:00:00+00:00,SA,2024,REGULAR_SEASON,7.0,Atalanta BC,Genoa CFC,5,1,H
502424,2024-10-05 16:30:00+00:00,BL1,2024,REGULAR_SEASON,6.0,FC St. Pauli 1910,1. FSV Mainz 05,0,3,A
498700,2024-10-05 16:30:00+00:00,PD,2024,REGULAR_SEASON,9.0,Real Valladolid CF,Rayo Vallecano de Madrid,1,2,A
497476,2024-10-05 16:30:00+00:00,PL,2024,REGULAR_SEASON,7.0,Everton FC,Newcastle United FC,0,0,D
498701,2024-10-05 16:30:00+00:00,PD,2024,REGULAR_SEASON,9.0,UD Las Palmas,RC Celta de Vigo,0,1,A
499056,2024-10-05 16:45:00+00:00,DED,2024,REGULAR_SEASON,8.0,NAC Breda,NEC,1,0,H
498007,2024-10-05 17:00:00+00:00,FL1,2024,REGULAR_SEASON,7.0,Lille OSC,Toulouse FC,2,1,H
503954,2024-10-05 17:00:00+00:00,PPL,2024,REGULAR_SEASON,8.0,FC Arouca,AVS,1,1,D
499059,2024-10-05 18:00:00+00:00,DED,2024,REGULAR_SEASON,8.0,PSV,Sparta Rotterdam,2,1,H
503107,2024-10-05 18:45:00+00:00,SA,2024,REGULAR_SEASON,7.0,FC Internazionale Milano,Torino FC,3,2,H
499060,2024-10-05 19:00:00+00:00,DED,2024,REGULAR_SEASON,8.0,FC Utrecht,RKC Waalwijk,3,2,H
498698,2024-10-05 19:00:00+00:00,PD,2024,REGULAR_SEASON,9.0,Real Madrid CF,Villarreal CF,2,0,H
498011,2024-10-05 19:00:00+00:00,FL1,2024,REGULAR_SEASON,7.0,Stade Rennais FC 1901,AS Monaco FC,1,2,A
503957,2024-10-05 19:30:00+00:00,PPL,2024,REGULAR_SEASON,8.0,Sporting Clube de Portugal,Casa Pia AC,2,0,H
499063,2024-10-06 10:15:00+00:00,DED,2024,REGULAR_SEASON,8.0,Go Ahead Eagles,Heracles Almelo,4,1,H
503108,2024-10-06 10:30:00+00:00,SA,2024,REGULAR_SEASON,7.0,Juventus FC,Cagliari Calcio,1,1,D
498696,2024-10-06 12:00:00+00:00,PD,2024,REGULAR_SEASON,9.0,Girona FC,Athletic Club,2,1,H
499058,2024-10-06 12:30:00+00:00,DED,2024,REGULAR_SEASON,8.0,SC Heerenveen,PEC Zwolle,1,1,D
499061,2024-10-06 12:30:00+00:00,DED,2024,REGULAR_SEASON,8.0,Feyenoord Rotterdam,FC Twente '65,2,1,H
503104,2024-10-06 13:00:00+00:00,SA,2024,REGULAR_SEASON,7.0,Bologna FC 1909,Parma Calcio 1913,0,0,D
497471,2024-10-06 13:00:00+00:00,PL,2024,REGULAR_SEASON,7.0,Aston Villa FC,Manchester United FC,0,0,D
497474,2024-10-06 13:00:00+00:00,PL,2024,REGULAR_SEASON,7.0,Chelsea FC,Nottingham Forest FC,1,1,D
503109,2024-10-06 13:00:00+00:00,SA,2024,REGULAR_SEASON,7.0,SS Lazio,Empoli FC,2,1,H
498005,2024-10-06 13:00:00+00:00,FL1,2024,REGULAR_SEASON,7.0,Olympique Lyonnais,FC Nantes,2,0,H
502419,2024-10-06 13:30:00+00:00,BL1,2024,REGULAR_SEASON,6.0,1. FC Heidenheim 1846,RB Leipzig,0,1,A
498694,2024-10-06 14:15:00+00:00,PD,2024,REGULAR_SEASON,9.0,Deportivo Alavés,FC Barcelona,0,3,A
503961,2024-10-06 14:30:00+00:00,PPL,2024,REGULAR_SEASON,8.0,SC Farense,GD Estoril Praia,1,0,H
503956,2024-10-06 14:30:00+00:00,PPL,2024,REGULAR_SEASON,8.0,Vitória SC,Boavista FC,2,2,D
499062,2024-10-06 14:45:00+00:00,DED,2024,REGULAR_SEASON,8.0,AFC Ajax,FC Groningen,3,1,H
498013,2024-10-06 15:00:00+00:00,FL1,2024,REGULAR_SEASON,7.0,Stade de Reims,Montpellier HSC,4,2,H
498012,2024-10-06 15:00:00+00:00,FL1,2024,REGULAR_SEASON,7.0,RC Strasbourg Alsace,Racing Club de Lens,2,2,D
498009,2024-10-06 15:00:00+00:00,FL1,2024,REGULAR_SEASON,7.0,Stade Brestois 29,Le Havre AC,2,0,H
497473,2024-10-06 15:30:00+00:00,PL,2024,REGULAR_SEASON,7.0,Brighton & Hove Albion FC,Tottenham Hotspur FC,3,2,H
502418,2024-10-06 15:30:00+00:00,BL1,2024,REGULAR_SEASON,6.0,Eintracht Frankfurt,FC Bayern München,3,3,D
503110,2024-10-06 16:00:00+00:00,SA,2024,REGULAR_SEASON,7.0,AC Monza,AS Roma,1,1,D
498697,2024-10-06 16:30:00+00:00,PD,2024,REGULAR_SEASON,9.0,Sevilla FC,Real Betis Balompié,1,0,H
502417,2024-10-06 17:30:00+00:00,BL1,2024,REGULAR_SEASON,6.0,VfB Stuttgart,TSG 1899 Hoffenheim,1,1,D
499064,2024-10-06 18:00:00+00:00,DED,2024,REGULAR_SEASON,8.0,Fortuna Sittard,AZ,1,0,H
498006,2024-10-06 18:45:00+00:00,FL1,2024,REGULAR_SEASON,7.0,OGC Nice,Paris Saint-Germain FC,1,1,D
503105,2024-10-06 18:45:00+00:00,SA,2024,REGULAR_SEASON,7.0,ACF Fiorentina,AC Milan,2,1,H
498699,2024-10-06 19:00:00+00:00,PD,2024,REGULAR_SEASON,9.0,Real Sociedad de Fútbol,Club Atlético de Madrid,1,1,D
503953,2024-10-06 19:30:00+00:00,PPL,2024,REGULAR_SEASON,8.0,FC Porto,Sporting Clube de Braga,2,1,H
502427,2024-10-18 18:30:00+00:00,BL1,2024,REGULAR_SEASON,7.0,Borussia Dortmund,FC St. Pauli 1910,2,1,H
498019,2024-10-18 18:45:00+00:00,FL1,2024,REGULAR_SEASON,8.0,AS Monaco FC,Lille OSC,0,0,D
498706,2024-10-18 19:00:00+00:00,PD,2024,REGULAR_SEASON,10.0,Deportivo Alavés,Real Valladolid CF,2,3,A
497488,2024-10-19 11:30:00+00:00,PL,2024,REGULAR_SEASON,8.0,Tottenham Hotspur FC,West Ham United FC,4,1,H
498712,2024-10-19 12:00:00+00:00,PD,2024,REGULAR_SEASON,10.0,Athletic Club,RCD Espanyol de Barcelona,4,1,H
503114,2024-10-19 13:00:00+00:00,SA,2024,REGULAR_SEASON,8.0,Como 1907,Parma Calcio 1913,1,1,D
503116,2024-10-19 13:00:00+00:00,SA,2024,REGULAR_SEASON,8.0,Genoa CFC,Bologna FC 1909,2,2,D
502425,2024-10-19 13:30:00+00:00,BL1,2024,REGULAR_SEASON,7.0,Bayer 04 Leverkusen,Eintracht Frankfurt,2,1,H
502432,2024-10-19 13:30:00+00:00,BL1,2024,REGULAR_SEASON,7.0,Borussia Mönchengladbach,1. FC Heidenheim 1846,3,2,H
502431,2024-10-19 13:30:00+00:00,BL1,2024,REGULAR_SEASON,7.0,1. FSV Mainz 05,RB Leipzig,0,2,A
502429,2024-10-19 13:30:00+00:00,BL1,2024,REGULAR_SEASON,7.0,SC Freiburg,FC Augsburg,3,1,H
502428,2024-10-19 13:30:00+00:00,BL1,2024,REGULAR_SEASON,7.0,TSG 1899 Hoffenheim,VfL Bochum 1848,3,1,H
497482,2024-10-19 14:00:00+00:00,PL,2024,REGULAR_SEASON,8.0,Ipswich Town FC,Everton FC,0,2,A
497485,2024-10-19 14:00:00+00:00,PL,2024,REGULAR_SEASON,8.0,Newcastle United FC,Brighton & Hove Albion FC,0,1,A
497487,2024-10-19 14:00:00+00:00,PL,2024,REGULAR_SEASON,8.0,Southampton FC,Leicester City FC,2,3,A
497484,2024-10-19 14:00:00+00:00,PL,2024,REGULAR_SEASON,8.0,Manchester United FC,Brentford FC,2,1,H
497481,2024-10-19 14:00:00+00:00,PL,2024,REGULAR_SEASON,8.0,Fulham FC,Aston Villa FC,1,3,A
498704,2024-10-19 14:15:00+00:00,PD,2024,REGULAR_SEASON,10.0,CA Osasuna,Real Betis Balompié,1,2,A
499065,2024-10-19 14:30:00+00:00,DED,2024,REGULAR_SEASON,9.0,Sparta Rotterdam,Almere City FC,2,2,D
498021,2024-10-19 15:00:00+00:00,FL1,2024,REGULAR_SEASON,8.0,Stade Brestois 29,Stade Rennais FC 1901,1,1,D
503120,2024-10-19 16:00:00+00:00,SA,2024,REGULAR_SEASON,8.0,AC Milan,Udinese Calcio,1,0,H
502426,2024-10-19 16:30:00+00:00,BL1,2024,REGULAR_SEASON,7.0,FC Bayern München,VfB Stuttgart,4,0,H
497480,2024-10-19 16:30:00+00:00,PL,2024,REGULAR_SEASON,8.0,AFC Bournemouth,Arsenal FC,2,0,H
498708,2024-10-19 16:30:00+00:00,PD,2024,REGULAR_SEASON,10.0,Girona FC,Real Sociedad de Fútbol,0,1,A
499066,2024-10-19 16:45:00+00:00,DED,2024,REGULAR_SEASON,9.0,AZ,PSV,1,2,A
498020,2024-10-19 17:00:00+00:00,FL1,2024,REGULAR_SEASON,8.0,AS Saint-Étienne,Racing Club de Lens,0,2,A
499067,2024-10-19 18:00:00+00:00,DED,2024,REGULAR_SEASON,9.0,NEC,SC Heerenveen,3,0,H
499068,2024-10-19 18:00:00+00:00,DED,2024,REGULAR_SEASON,9.0,RKC Waalwijk,FC Twente '65,2,2,D
503118,2024-10-19 18:45:00+00:00,SA,2024,REGULAR_SEASON,8.0,Juventus FC,SS Lazio,1,0,H
498705,2024-10-19 19:00:00+00:00,PD,2024,REGULAR_SEASON,10.0,RC Celta de Vigo,Real Madrid CF,1,2,A
498022,2024-10-19 19:00:00+00:00,FL1,2024,REGULAR_SEASON,8.0,Paris Saint-Germain FC,RC Strasbourg Alsace,4,2,H
499069,2024-10-19 19:00:00+00:00,DED,2024,REGULAR_SEASON,9.0,Go Ahead Eagles,Feyenoord Rotterdam,1,5,A
499070,2024-10-20 10:15:00+00:00,DED,2024,REGULAR_SEASON,9.0,Willem II Tilburg,Fortuna Sittard,0,0,D
503115,2024-10-20 10:30:00+00:00,SA,2024,REGULAR_SEASON,8.0,Empoli FC,SSC Napoli,0,1,A
498711,2024-10-20 12:00:00+00:00,PD,2024,REGULAR_SEASON,10.0,RCD Mallorca,Rayo Vallecano de Madrid,1,0,H
499072,2024-10-20 12:30:00+00:00,DED,2024,REGULAR_SEASON,9.0,Heracles Almelo,AFC Ajax,3,4,A
499071,2024-10-20 12:30:00+00:00,DED,2024,REGULAR_SEASON,9.0,FC Groningen,FC Utrecht,0,1,A
503122,2024-10-20 13:00:00+00:00,SA,2024,REGULAR_SEASON,8.0,Venezia FC,Atalanta BC,0,2,A
503119,2024-10-20 13:00:00+00:00,SA,2024,REGULAR_SEASON,8.0,US Lecce,ACF Fiorentina,0,6,A
498016,2024-10-20 13:00:00+00:00,FL1,2024,REGULAR_SEASON,8.0,Le Havre AC,Olympique Lyonnais,0,4,A
497489,2024-10-20 13:00:00+00:00,PL,2024,REGULAR_SEASON,8.0,Wolverhampton Wanderers FC,Manchester City FC,1,2,A
502433,2024-10-20 13:30:00+00:00,BL1,2024,REGULAR_SEASON,7.0,Holstein Kiel,1. FC Union Berlin,0,2,A
498703,2024-10-20 14:15:00+00:00,PD,2024,REGULAR_SEASON,10.0,Club Atlético de Madrid,CD Leganés,3,1,H
499073,2024-10-20 14:45:00+00:00,DED,2024,REGULAR_SEASON,9.0,PEC Zwolle,NAC Breda,1,2,A
498014,2024-10-20 15:00:00+00:00,FL1,2024,REGULAR_SEASON,8.0,AJ Auxerre,Stade de Reims,2,1,H
498015,2024-10-20 15:00:00+00:00,FL1,2024,REGULAR_SEASON,8.0,Toulouse FC,Angers SCO,1,1,D
498017,2024-10-20 15:00:00+00:00,FL1,2024,REGULAR_SEASON,8.0,FC Nantes,OGC Nice,1,1,D
497483,2024-10-20 15:30:00+00:00,PL,2024,REGULAR_SEASON,8.0,Liverpool FC,Chelsea FC,2,1,H
502430,2024-10-20 15:30:00+00:00,BL1,2024,REGULAR_SEASON,7.0,VfL Wolfsburg,SV Werder Bremen,2,4,A
503113,2024-10-20 16:00:00+00:00,SA,2024,REGULAR_SEASON,8.0,Cagliari Calcio,Torino FC,3,2,H
498710,2024-10-20 16:30:00+00:00,PD,2024,REGULAR_SEASON,10.0,Villarreal CF,Getafe CF,1,1,D
498018,2024-10-20 18:45:00+00:00,FL1,2024,REGULAR_SEASON,8.0,Montpellier HSC,Olympique de Marseille,0,5,A
503121,2024-10-20 18:45:00+00:00,SA,2024,REGULAR_SEASON,8.0,AS Roma,FC Internazionale Milano,0,1,A
498707,2024-10-20 19:00:00+00:00,PD,2024,REGULAR_SEASON,10.0,FC Barcelona,Sevilla FC,5,1,H
503117,2024-10-21 18:45:00+00:00,SA,2024,REGULAR_SEASON,8.0,Hellas Verona FC,AC Monza,0,3,A
498709,2024-10-21 19:00:00+00:00,PD,2024,REGULAR_SEASON,10.0,Valencia CF,UD Las Palmas,2,3,A
497486,2024-10-21 19:00:00+00:00,PL,2024,REGULAR_SEASON,8.0,Nottingham Forest FC,Crystal Palace FC,1,0,H
523969,2024-10-22 16:45:00+00:00,CL,2024,LEAGUE_STAGE,3.0,AC Milan,Club Brugge KV,3,1,H
524042,2024-10-22 16:45:00+00:00,CL,2024,LEAGUE_STAGE,3.0,AS Monaco FC,FK Crvena Zvezda,5,1,H
523993,2024-10-22 19:00:00+00:00,CL,2024,LEAGUE_STAGE,3.0,Arsenal FC,FK Shakhtar Donetsk,1,0,H
524070,2024-10-22 19:00:00+00:00,CL,2024,LEAGUE_STAGE,3.0,SK Sturm Graz,Sporting Clube de Portugal,0,2,A
523958,2024-10-22 19:00:00+00:00,CL,2024,LEAGUE_STAGE,3.0,Paris Saint-Germain FC,PSV,1,1,D
523964,2024-10-22 19:00:00+00:00,CL,2024,LEAGUE_STAGE,3.0,Real Madrid CF,Borussia Dortmund,5,2,H
524047,2024-10-22 19:00:00+00:00,CL,2024,LEAGUE_STAGE,3.0,Aston Villa FC,Bologna FC 1909,2,0,H
523999,2024-10-22 19:00:00+00:00,CL,2024,LEAGUE_STAGE,3.0,Juventus FC,VfB Stuttgart,0,1,A
524055,2024-10-22 19:00:00+00:00,CL,2024,LEAGUE_STAGE,3.0,Girona FC,ŠK Slovan Bratislava,2,0,H
524065,2024-10-23 16:45:00+00:00,CL,2024,LEAGUE_STAGE,3.0,Stade Brestois 29,Bayer 04 Leverkusen,1,1,D
523974,2024-10-23 16:45:00+00:00,CL,2024,LEAGUE_STAGE,3.0,Atalanta BC,Celtic FC,0,0,D
524026,2024-10-23 19:00:00+00:00,CL,2024,LEAGUE_STAGE,3.0,FC Red Bull Salzburg,GNK Dinamo Zagreb,0,2,A
523986,2024-10-23 19:00:00+00:00,CL,2024,LEAGUE_STAGE,3.0,Sport Lisboa e Benfica,Feyenoord Rotterdam,1,3,A
523978,2024-10-23 19:00:00+00:00,CL,2024,LEAGUE_STAGE,3.0,Club Atlético de Madrid,Lille OSC,1,3,A
523940,2024-10-23 19:00:00+00:00,CL,2024,LEAGUE_STAGE,3.0,FC Barcelona,FC Bayern München,4,1,H
523955,2024-10-23 19:00:00+00:00,CL,2024,LEAGUE_STAGE,3.0,Manchester City FC,AC Sparta Praha,5,0,H
524036,2024-10-23 19:00:00+00:00,CL,2024,LEAGUE_STAGE,3.0,BSC Young Boys,FC Internazionale Milano,0,1,A
523960,2024-10-23 19:00:00+00:00,CL,2024,LEAGUE_STAGE,3.0,RB Leipzig,Liverpool FC,0,1,A
503132,2024-10-25 16:30:00+00:00,SA,2024,REGULAR_SEASON,9.0,Udinese Calcio,Cagliari Calcio,2,0,H
503944,2024-10-25 17:45:00+00:00,PPL,2024,REGULAR_SEASON,9.0,Casa Pia AC,CD Nacional,1,0,H
499074,2024-10-25 18:00:00+00:00,DED,2024,REGULAR_SEASON,10.0,Almere City FC,NEC,1,0,H
502439,2024-10-25 18:30:00+00:00,BL1,2024,REGULAR_SEASON,8.0,1. FSV Mainz 05,Borussia Mönchengladbach,1,1,D
503131,2024-10-25 18:45:00+00:00,SA,2024,REGULAR_SEASON,9.0,Torino FC,Como 1907,1,0,H
498029,2024-10-25 18:45:00+00:00,FL1,2024,REGULAR_SEASON,9.0,Stade Rennais FC 1901,Le Havre AC,1,0,H
497497,2024-10-25 19:00:00+00:00,PL,2024,REGULAR_SEASON,9.0,Leicester City FC,Nottingham Forest FC,1,3,A
498722,2024-10-25 19:00:00+00:00,PD,2024,REGULAR_SEASON,11.0,RCD Espanyol de Barcelona,Sevilla FC,0,2,A
503951,2024-10-25 19:45:00+00:00,PPL,2024,REGULAR_SEASON,9.0,CD Santa Clara,Gil Vicente FC,2,1,H
498720,2024-10-26 12:00:00+00:00,PD,2024,REGULAR_SEASON,11.0,Real Valladolid CF,Villarreal CF,1,2,A
503129,2024-10-26 13:00:00+00:00,SA,2024,REGULAR_SEASON,9.0,SSC Napoli,US Lecce,1,0,H
502435,2024-10-26 13:30:00+00:00,BL1,2024,REGULAR_SEASON,8.0,RB Leipzig,SC Freiburg,3,1,H
502434,2024-10-26 13:30:00+00:00,BL1,2024,REGULAR_SEASON,8.0,VfB Stuttgart,Holstein Kiel,2,1,H
502438,2024-10-26 13:30:00+00:00,BL1,2024,REGULAR_SEASON,8.0,FC Augsburg,Borussia Dortmund,2,1,H
502442,2024-10-26 13:30:00+00:00,BL1,2024,REGULAR_SEASON,8.0,FC St. Pauli 1910,VfL Wolfsburg,0,0,D
497493,2024-10-26 14:00:00+00:00,PL,2024,REGULAR_SEASON,9.0,Brighton & Hove Albion FC,Wolverhampton Wanderers FC,2,2,D
497491,2024-10-26 14:00:00+00:00,PL,2024,REGULAR_SEASON,9.0,Aston Villa FC,AFC Bournemouth,1,1,D
497492,2024-10-26 14:00:00+00:00,PL,2024,REGULAR_SEASON,9.0,Brentford FC,Ipswich Town FC,4,3,H
497498,2024-10-26 14:00:00+00:00,PL,2024,REGULAR_SEASON,9.0,Manchester City FC,Southampton FC,1,0,H
498716,2024-10-26 14:15:00+00:00,PD,2024,REGULAR_SEASON,11.0,Rayo Vallecano de Madrid,Deportivo Alavés,1,0,H
499075,2024-10-26 14:30:00+00:00,DED,2024,REGULAR_SEASON,10.0,Fortuna Sittard,FC Groningen,1,0,H
503950,2024-10-26 14:30:00+00:00,PPL,2024,REGULAR_SEASON,9.0,GD Estoril Praia,FC Arouca,4,1,H
498030,2024-10-26 15:00:00+00:00,FL1,2024,REGULAR_SEASON,9.0,Angers SCO,AS Saint-Étienne,4,2,H
497496,2024-10-26 16:30:00+00:00,PL,2024,REGULAR_SEASON,9.0,Everton FC,Fulham FC,1,1,D
498721,2024-10-26 16:30:00+00:00,PD,2024,REGULAR_SEASON,11.0,UD Las Palmas,Girona FC,1,0,H
502437,2024-10-26 16:30:00+00:00,BL1,2024,REGULAR_SEASON,8.0,SV Werder Bremen,Bayer 04 Leverkusen,2,2,D
499077,2024-10-26 16:45:00+00:00,DED,2024,REGULAR_SEASON,10.0,PSV,PEC Zwolle,6,0,H
503946,2024-10-26 17:00:00+00:00,PPL,2024,REGULAR_SEASON,9.0,Boavista FC,Moreirense FC,0,2,A
498031,2024-10-26 17:00:00+00:00,FL1,2024,REGULAR_SEASON,9.0,Stade de Reims,Stade Brestois 29,1,2,A
499076,2024-10-26 18:00:00+00:00,DED,2024,REGULAR_SEASON,10.0,NAC Breda,RKC Waalwijk,4,1,H
503123,2024-10-26 18:45:00+00:00,SA,2024,REGULAR_SEASON,9.0,Atalanta BC,Hellas Verona FC,6,1,H
498718,2024-10-26 19:00:00+00:00,PD,2024,REGULAR_SEASON,11.0,Real Madrid CF,FC Barcelona,0,4,A
498024,2024-10-26 19:00:00+00:00,FL1,2024,REGULAR_SEASON,9.0,Racing Club de Lens,Lille OSC,0,2,A
499078,2024-10-26 19:00:00+00:00,DED,2024,REGULAR_SEASON,10.0,SC Heerenveen,Sparta Rotterdam,2,0,H
503949,2024-10-26 19:30:00+00:00,PPL,2024,REGULAR_SEASON,9.0,FC Famalicão,Sporting Clube de Portugal,0,3,A
499079,2024-10-27 11:15:00+00:00,DED,2024,REGULAR_SEASON,10.0,FC Utrecht,Feyenoord Rotterdam,0,2,A
503130,2024-10-27 11:30:00+00:00,SA,2024,REGULAR_SEASON,9.0,Parma Calcio 1913,Empoli FC,1,1,D
498714,2024-10-27 13:00:00+00:00,PD,2024,REGULAR_SEASON,11.0,CD Leganés,RC Celta de Vigo,3,0,H
499081,2024-10-27 13:30:00+00:00,DED,2024,REGULAR_SEASON,10.0,FC Twente '65,Heracles Almelo,5,0,H
497495,2024-10-27 14:00:00+00:00,PL,2024,REGULAR_SEASON,9.0,Crystal Palace FC,Tottenham Hotspur FC,1,0,H
497499,2024-10-27 14:00:00+00:00,PL,2024,REGULAR_SEASON,9.0,West Ham United FC,Manchester United FC,2,1,H
503127,2024-10-27 14:00:00+00:00,SA,2024,REGULAR_SEASON,9.0,SS Lazio,Genoa CFC,3,0,H
498026,2024-10-27 14:00:00+00:00,FL1,2024,REGULAR_SEASON,9.0,Olympique Lyonnais,AJ Auxerre,2,2,D
497494,2024-10-27 14:00:00+00:00,PL,2024,REGULAR_SEASON,9.0,Chelsea FC,Newcastle United FC,2,1,H
503128,2024-10-27 14:00:00+00:00,SA,2024,REGULAR_SEASON,9.0,AC Monza,Venezia FC,2,2,D
502441,2024-10-27 14:30:00+00:00,BL1,2024,REGULAR_SEASON,8.0,VfL Bochum 1848,FC Bayern München,0,5,A
498715,2024-10-27 15:15:00+00:00,PD,2024,REGULAR_SEASON,11.0,Getafe CF,Valencia CF,1,1,D
503948,2024-10-27 15:30:00+00:00,PPL,2024,REGULAR_SEASON,9.0,Sporting Clube de Braga,SC Farense,2,0,H
499082,2024-10-27 15:45:00+00:00,DED,2024,REGULAR_SEASON,10.0,AFC Ajax,Willem II Tilburg,1,0,H
498027,2024-10-27 16:00:00+00:00,FL1,2024,REGULAR_SEASON,9.0,Montpellier HSC,Toulouse FC,0,3,A
498023,2024-10-27 16:00:00+00:00,FL1,2024,REGULAR_SEASON,9.0,OGC Nice,AS Monaco FC,2,1,H
498028,2024-10-27 16:00:00+00:00,FL1,2024,REGULAR_SEASON,9.0,RC Strasbourg Alsace,FC Nantes,3,1,H
497490,2024-10-27 16:30:00+00:00,PL,2024,REGULAR_SEASON,9.0,Arsenal FC,Liverpool FC,2,2,D
502440,2024-10-27 16:30:00+00:00,BL1,2024,REGULAR_SEASON,8.0,1. FC Union Berlin,Eintracht Frankfurt,1,1,D
503126,2024-10-27 17:00:00+00:00,SA,2024,REGULAR_SEASON,9.0,FC Internazionale Milano,Juventus FC,4,4,D
498713,2024-10-27 17:30:00+00:00,PD,2024,REGULAR_SEASON,11.0,Real Betis Balompié,Club Atlético de Madrid,1,0,H
503945,2024-10-27 18:00:00+00:00,PPL,2024,REGULAR_SEASON,9.0,Sport Lisboa e Benfica,Rio Ave FC,5,0,H
502436,2024-10-27 18:30:00+00:00,BL1,2024,REGULAR_SEASON,8.0,1. FC Heidenheim 1846,TSG 1899 Hoffenheim,0,0,D
499080,2024-10-27 19:00:00+00:00,DED,2024,REGULAR_SEASON,10.0,AZ,Go Ahead Eagles,2,2,D
503125,2024-10-27 19:45:00+00:00,SA,2024,REGULAR_SEASON,9.0,ACF Fiorentina,AS Roma,5,1,H
498025,2024-10-27 19:45:00+00:00,FL1,2024,REGULAR_SEASON,9.0,Olympique de Marseille,Paris Saint-Germain FC,0,3,A
498719,2024-10-27 20:00:00+00:00,PD,2024,REGULAR_SEASON,11.0,Real Sociedad de Fútbol,CA Osasuna,0,2,A
503947,2024-10-27 20:30:00+00:00,PPL,2024,REGULAR_SEASON,9.0,CF Estrela da Amadora,Vitória SC,2,2,D
498717,2024-10-28 20:00:00+00:00,PD,2024,REGULAR_SEASON,11.0,RCD Mallorca,Athletic Club,0,0,D
503952,2024-10-28 20:15:00+00:00,PPL,2024,REGULAR_SEASON,9.0,AVS,FC Porto,0,5,A
503139,2024-10-29 17:30:00+00:00,SA,2024,REGULAR_SEASON,10.0,US Lecce,Hellas Verona FC,1,0,H
503134,2024-10-29 17:30:00+00:00,SA,2024,REGULAR_SEASON,10.0,Cagliari Calcio,Bologna FC 1909,0,2,A
503140,2024-10-29 19:45:00+00:00,SA,2024,REGULAR_SEASON,10.0,AC Milan,SSC Napoli,0,2,A
499026,2024-10-30 17:00:00+00:00,DED,2024,REGULAR_SEASON,4.0,Feyenoord Rotterdam,AFC Ajax,0,2,A
503136,2024-10-30 17:30:00+00:00,SA,2024,REGULAR_SEASON,10.0,Empoli FC,FC Internazionale Milano,0,3,A
503142,2024-10-30 17:30:00+00:00,SA,2024,REGULAR_SEASON,10.0,Venezia FC,Udinese Calcio,3,2,H
503138,2024-10-30 19:45:00+00:00,SA,2024,REGULAR_SEASON,10.0,Juventus FC,Parma Calcio 1913,2,2,D
503133,2024-10-30 19:45:00+00:00,SA,2024,REGULAR_SEASON,10.0,Atalanta BC,AC Monza,2,0,H
503137,2024-10-31 17:30:00+00:00,SA,2024,REGULAR_SEASON,10.0,Genoa CFC,ACF Fiorentina,0,1,A
503141,2024-10-31 19:45:00+00:00,SA,2024,REGULAR_SEASON,10.0,AS Roma,Torino FC,1,0,H
503135,2024-10-31 19:45:00+00:00,SA,2024,REGULAR_SEASON,10.0,Como 1907,SS Lazio,1,5,A
498034,2024-11-01 18:00:00+00:00,FL1,2024,REGULAR_SEASON,10.0,AS Monaco FC,Angers SCO,0,1,A
502443,2024-11-01 19:30:00+00:00,BL1,2024,REGULAR_SEASON,9.0,Bayer 04 Leverkusen,VfB Stuttgart,0,0,D
498727,2024-11-01 20:00:00+00:00,PD,2024,REGULAR_SEASON,12.0,Deportivo Alavés,RCD Mallorca,1,0,H
498037,2024-11-01 20:00:00+00:00,FL1,2024,REGULAR_SEASON,10.0,Lille OSC,Olympique Lyonnais,1,1,D
503940,2024-11-01 20:15:00+00:00,PPL,2024,REGULAR_SEASON,10.0,Sporting Clube de Portugal,CF Estrela da Amadora,5,1,H
497505,2024-11-02 12:30:00+00:00,PL,2024,REGULAR_SEASON,10.0,Newcastle United FC,Arsenal FC,1,0,H
498725,2024-11-02 13:00:00+00:00,PD,2024,REGULAR_SEASON,12.0,CA Osasuna,Real Valladolid CF,1,0,H
503143,2024-11-02 14:00:00+00:00,SA,2024,REGULAR_SEASON,11.0,Bologna FC 1909,US Lecce,1,0,H
502446,2024-11-02 14:30:00+00:00,BL1,2024,REGULAR_SEASON,9.0,Eintracht Frankfurt,VfL Bochum 1848,7,2,H
502451,2024-11-02 14:30:00+00:00,BL1,2024,REGULAR_SEASON,9.0,Holstein Kiel,1. FC Heidenheim 1846,1,0,H
502449,2024-11-02 14:30:00+00:00,BL1,2024,REGULAR_SEASON,9.0,VfL Wolfsburg,FC Augsburg,1,1,D
502447,2024-11-02 14:30:00+00:00,BL1,2024,REGULAR_SEASON,9.0,TSG 1899 Hoffenheim,FC St. Pauli 1910,0,2,A
502444,2024-11-02 14:30:00+00:00,BL1,2024,REGULAR_SEASON,9.0,FC Bayern München,1. FC Union Berlin,3,0,H
497500,2024-11-02 15:00:00+00:00,PL,2024,REGULAR_SEASON,10.0,AFC Bournemouth,Manchester City FC,2,1,H
497507,2024-11-02 15:00:00+00:00,PL,2024,REGULAR_SEASON,10.0,Southampton FC,Everton FC,1,0,H
497503,2024-11-02 15:00:00+00:00,PL,2024,REGULAR_SEASON,10.0,Liverpool FC,Brighton & Hove Albion FC,2,1,H
497506,2024-11-02 15:00:00+00:00,PL,2024,REGULAR_SEASON,10.0,Nottingham Forest FC,West Ham United FC,3,0,H
497502,2024-11-02 15:00:00+00:00,PL,2024,REGULAR_SEASON,10.0,Ipswich Town FC,Leicester City FC,1,1,D
498728,2024-11-02 15:15:00+00:00,PD,2024,REGULAR_SEASON,12.0,Girona FC,CD Leganés,4,3,H
503942,2024-11-02 15:30:00+00:00,PPL,2024,REGULAR_SEASON,10.0,Rio Ave FC,Casa Pia AC,2,2,D
499085,2024-11-02 15:30:00+00:00,DED,2024,REGULAR_SEASON,11.0,Willem II Tilburg,FC Twente '65,0,1,A
498040,2024-11-02 16:00:00+00:00,FL1,2024,REGULAR_SEASON,10.0,Paris Saint-Germain FC,Racing Club de Lens,1,0,H
503152,2024-11-02 17:00:00+00:00,SA,2024,REGULAR_SEASON,11.0,Udinese Calcio,Juventus FC,0,2,A
497509,2024-11-02 17:30:00+00:00,PL,2024,REGULAR_SEASON,10.0,Wolverhampton Wanderers FC,Crystal Palace FC,2,2,D
502445,2024-11-02 17:30:00+00:00,BL1,2024,REGULAR_SEASON,9.0,Borussia Dortmund,RB Leipzig,2,1,H
499084,2024-11-02 17:45:00+00:00,DED,2024,REGULAR_SEASON,11.0,Heracles Almelo,NAC Breda,2,0,H
499086,2024-11-02 17:45:00+00:00,DED,2024,REGULAR_SEASON,11.0,AFC Ajax,PSV,3,2,H
498039,2024-11-02 18:00:00+00:00,FL1,2024,REGULAR_SEASON,10.0,Stade Brestois 29,OGC Nice,0,1,A
503937,2024-11-02 18:00:00+00:00,PPL,2024,REGULAR_SEASON,10.0,SC Farense,Sport Lisboa e Benfica,1,2,A
503148,2024-11-02 19:45:00+00:00,SA,2024,REGULAR_SEASON,11.0,AC Monza,AC Milan,0,1,A
499083,2024-11-02 20:00:00+00:00,DED,2024,REGULAR_SEASON,11.0,Feyenoord Rotterdam,AZ,3,2,H
499087,2024-11-02 20:00:00+00:00,DED,2024,REGULAR_SEASON,11.0,Fortuna Sittard,SC Heerenveen,3,0,H
498038,2024-11-02 20:00:00+00:00,FL1,2024,REGULAR_SEASON,10.0,AS Saint-Étienne,RC Strasbourg Alsace,2,0,H
503938,2024-11-02 20:30:00+00:00,PPL,2024,REGULAR_SEASON,10.0,Gil Vicente FC,Boavista FC,1,2,A
499088,2024-11-03 11:15:00+00:00,DED,2024,REGULAR_SEASON,11.0,Go Ahead Eagles,PEC Zwolle,2,2,D
503149,2024-11-03 11:30:00+00:00,SA,2024,REGULAR_SEASON,11.0,SSC Napoli,Atalanta BC,0,3,A
498724,2024-11-03 13:00:00+00:00,PD,2024,REGULAR_SEASON,12.0,Club Atlético de Madrid,UD Las Palmas,2,0,H
499089,2024-11-03 13:30:00+00:00,DED,2024,REGULAR_SEASON,11.0,NEC,FC Groningen,6,0,H
499090,2024-11-03 13:30:00+00:00,DED,2024,REGULAR_SEASON,11.0,Sparta Rotterdam,FC Utrecht,1,4,A
503151,2024-11-03 14:00:00+00:00,SA,2024,REGULAR_SEASON,11.0,Torino FC,ACF Fiorentina,0,1,A
497508,2024-11-03 14:00:00+00:00,PL,2024,REGULAR_SEASON,10.0,Tottenham Hotspur FC,Aston Villa FC,4,1,H
498033,2024-11-03 14:00:00+00:00,FL1,2024,REGULAR_SEASON,10.0,Toulouse FC,Stade de Reims,1,0,H
502448,2024-11-03 14:30:00+00:00,BL1,2024,REGULAR_SEASON,9.0,SC Freiburg,1. FSV Mainz 05,0,0,D
498732,2024-11-03 15:15:00+00:00,PD,2024,REGULAR_SEASON,12.0,FC Barcelona,RCD Espanyol de Barcelona,3,1,H
503943,2024-11-03 15:30:00+00:00,PPL,2024,REGULAR_SEASON,10.0,AVS,FC Famalicão,2,3,A
499091,2024-11-03 15:45:00+00:00,DED,2024,REGULAR_SEASON,11.0,RKC Waalwijk,Almere City FC,2,0,H
498035,2024-11-03 16:00:00+00:00,FL1,2024,REGULAR_SEASON,10.0,Le Havre AC,Montpellier HSC,1,0,H
498032,2024-11-03 16:00:00+00:00,FL1,2024,REGULAR_SEASON,10.0,AJ Auxerre,Stade Rennais FC 1901,4,0,H
497504,2024-11-03 16:30:00+00:00,PL,2024,REGULAR_SEASON,10.0,Manchester United FC,Chelsea FC,1,1,D
502450,2024-11-03 16:30:00+00:00,BL1,2024,REGULAR_SEASON,9.0,Borussia Mönchengladbach,SV Werder Bremen,4,1,H
503145,2024-11-03 17:00:00+00:00,SA,2024,REGULAR_SEASON,11.0,Hellas Verona FC,AS Roma,3,2,H
498729,2024-11-03 17:30:00+00:00,PD,2024,REGULAR_SEASON,12.0,Sevilla FC,Real Sociedad de Fútbol,0,2,A
503936,2024-11-03 18:00:00+00:00,PPL,2024,REGULAR_SEASON,10.0,Vitória SC,Moreirense FC,1,0,H
503935,2024-11-03 18:00:00+00:00,PPL,2024,REGULAR_SEASON,10.0,FC Arouca,Sporting Clube de Braga,1,2,A
503146,2024-11-03 19:45:00+00:00,SA,2024,REGULAR_SEASON,11.0,FC Internazionale Milano,Venezia FC,1,0,H
498036,2024-11-03 19:45:00+00:00,FL1,2024,REGULAR_SEASON,10.0,FC Nantes,Olympique de Marseille,1,2,A
498723,2024-11-03 20:00:00+00:00,PD,2024,REGULAR_SEASON,12.0,Athletic Club,Real Betis Balompié,1,1,D
503941,2024-11-03 20:30:00+00:00,PPL,2024,REGULAR_SEASON,10.0,FC Porto,GD Estoril Praia,4,0,H
503150,2024-11-04 17:30:00+00:00,SA,2024,REGULAR_SEASON,11.0,Parma Calcio 1913,Genoa CFC,0,1,A
503144,2024-11-04 17:30:00+00:00,SA,2024,REGULAR_SEASON,11.0,Empoli FC,Como 1907,1,0,H
503147,2024-11-04 19:45:00+00:00,SA,2024,REGULAR_SEASON,11.0,SS Lazio,Cagliari Calcio,2,1,H
497501,2024-11-04 20:00:00+00:00,PL,2024,REGULAR_SEASON,10.0,Fulham FC,Brentford FC,2,1,H
498726,2024-11-04 20:00:00+00:00,PD,2024,REGULAR_SEASON,12.0,RC Celta de Vigo,Getafe CF,1,0,H
503939,2024-11-04 20:15:00+00:00,PPL,2024,REGULAR_SEASON,10.0,CD Nacional,CD Santa Clara,2,0,H
524058,2024-11-05 17:45:00+00:00,CL,2024,LEAGUE_STAGE,4.0,ŠK Slovan Bratislava,GNK Dinamo Zagreb,1,4,A
524023,2024-11-05 17:45:00+00:00,CL,2024,LEAGUE_STAGE,4.0,PSV,Girona FC,4,0,H
523939,2024-11-05 20:00:00+00:00,CL,2024,LEAGUE_STAGE,4.0,Borussia Dortmund,SK Sturm Graz,1,0,H
524004,2024-11-05 20:00:00+00:00,CL,2024,LEAGUE_STAGE,4.0,Celtic FC,RB Leipzig,3,1,H
523965,2024-11-05 20:00:00+00:00,CL,2024,LEAGUE_STAGE,4.0,Real Madrid CF,AC Milan,1,3,A
524017,2024-11-05 20:00:00+00:00,CL,2024,LEAGUE_STAGE,4.0,Lille OSC,Juventus FC,1,1,D
524051,2024-11-05 20:00:00+00:00,CL,2024,LEAGUE_STAGE,4.0,Bologna FC 1909,AS Monaco FC,0,1,A
524032,2024-11-05 20:00:00+00:00,CL,2024,LEAGUE_STAGE,4.0,Sporting Clube de Portugal,Manchester City FC,4,1,H
523945,2024-11-05 20:00:00+00:00,CL,2024,LEAGUE_STAGE,4.0,Liverpool FC,Bayer 04 Leverkusen,4,0,H
524002,2024-11-06 17:45:00+00:00,CL,2024,LEAGUE_STAGE,4.0,FK Shakhtar Donetsk,BSC Young Boys,2,1,H
523991,2024-11-06 17:45:00+00:00,CL,2024,LEAGUE_STAGE,4.0,Club Brugge KV,Aston Villa FC,1,0,H
523957,2024-11-06 20:00:00+00:00,CL,2024,LEAGUE_STAGE,4.0,Paris Saint-Germain FC,Club Atlético de Madrid,1,2,A
524073,2024-11-06 20:00:00+00:00,CL,2024,LEAGUE_STAGE,4.0,VfB Stuttgart,Atalanta BC,0,2,A
524014,2024-11-06 20:00:00+00:00,CL,2024,LEAGUE_STAGE,4.0,Feyenoord Rotterdam,FC Red Bull Salzburg,1,3,A
523949,2024-11-06 20:00:00+00:00,CL,2024,LEAGUE_STAGE,4.0,FC Internazionale Milano,Arsenal FC,1,0,H
524063,2024-11-06 20:00:00+00:00,CL,2024,LEAGUE_STAGE,4.0,AC Sparta Praha,Stade Brestois 29,1,2,A
524028,2024-11-06 20:00:00+00:00,CL,2024,LEAGUE_STAGE,4.0,FK Crvena Zvezda,FC Barcelona,2,5,A
523933,2024-11-06 20:15:00+00:00,CL,2024,LEAGUE_STAGE,4.0,FC Bayern München,Sport Lisboa e Benfica,1,0,H
503156,2024-11-07 19:45:00+00:00,SA,2024,REGULAR_SEASON,12.0,Genoa CFC,Como 1907,1,1,D
499092,2024-11-08 19:00:00+00:00,DED,2024,REGULAR_SEASON,12.0,FC Utrecht,Heracles Almelo,1,0,H
502458,2024-11-08 19:30:00+00:00,BL1,2024,REGULAR_SEASON,10.0,1. FC Union Berlin,SC Freiburg,0,0,D
503159,2024-11-08 19:45:00+00:00,SA,2024,REGULAR_SEASON,12.0,US Lecce,Empoli FC,1,1,D
498041,2024-11-08 19:45:00+00:00,FL1,2024,REGULAR_SEASON,11.0,Olympique de Marseille,AJ Auxerre,1,3,A
498737,2024-11-08 20:00:00+00:00,PD,2024,REGULAR_SEASON,13.0,Rayo Vallecano de Madrid,UD Las Palmas,1,3,A
503932,2024-11-08 20:15:00+00:00,PPL,2024,REGULAR_SEASON,11.0,Moreirense FC,Gil Vicente FC,3,2,H
498739,2024-11-09 13:00:00+00:00,PD,2024,REGULAR_SEASON,13.0,Real Madrid CF,CA Osasuna,4,0,H
503162,2024-11-09 14:00:00+00:00,SA,2024,REGULAR_SEASON,12.0,Venezia FC,Parma Calcio 1913,1,2,A
502460,2024-11-09 14:30:00+00:00,BL1,2024,REGULAR_SEASON,10.0,FC St. Pauli 1910,FC Bayern München,0,1,A
502459,2024-11-09 14:30:00+00:00,BL1,2024,REGULAR_SEASON,10.0,VfL Bochum 1848,Bayer 04 Leverkusen,1,1,D
502457,2024-11-09 14:30:00+00:00,BL1,2024,REGULAR_SEASON,10.0,1. FSV Mainz 05,Borussia Dortmund,3,1,H
502455,2024-11-09 14:30:00+00:00,BL1,2024,REGULAR_SEASON,10.0,SV Werder Bremen,Holstein Kiel,2,1,H
497519,2024-11-09 15:00:00+00:00,PL,2024,REGULAR_SEASON,11.0,Wolverhampton Wanderers FC,Southampton FC,2,0,H
497518,2024-11-09 15:00:00+00:00,PL,2024,REGULAR_SEASON,11.0,West Ham United FC,Everton FC,0,0,D
497510,2024-11-09 15:00:00+00:00,PL,2024,REGULAR_SEASON,11.0,Brentford FC,AFC Bournemouth,3,2,H
497513,2024-11-09 15:00:00+00:00,PL,2024,REGULAR_SEASON,11.0,Crystal Palace FC,Fulham FC,0,2,A
498736,2024-11-09 15:15:00+00:00,PD,2024,REGULAR_SEASON,13.0,Villarreal CF,Deportivo Alavés,3,0,H
499093,2024-11-09 15:30:00+00:00,DED,2024,REGULAR_SEASON,12.0,FC Groningen,Sparta Rotterdam,1,0,H
503929,2024-11-09 15:30:00+00:00,PPL,2024,REGULAR_SEASON,11.0,Casa Pia AC,SC Farense,1,1,D
503931,2024-11-09 15:30:00+00:00,PPL,2024,REGULAR_SEASON,11.0,GD Estoril Praia,AVS,0,0,D
498045,2024-11-09 16:00:00+00:00,FL1,2024,REGULAR_SEASON,11.0,RC Strasbourg Alsace,AS Monaco FC,1,3,A
503154,2024-11-09 17:00:00+00:00,SA,2024,REGULAR_SEASON,12.0,Cagliari Calcio,AC Milan,3,3,D
497511,2024-11-09 17:30:00+00:00,PL,2024,REGULAR_SEASON,11.0,Brighton & Hove Albion FC,Manchester City FC,2,1,H
502453,2024-11-09 17:30:00+00:00,BL1,2024,REGULAR_SEASON,10.0,RB Leipzig,Borussia Mönchengladbach,0,0,D
499094,2024-11-09 17:45:00+00:00,DED,2024,REGULAR_SEASON,12.0,PEC Zwolle,Fortuna Sittard,3,1,H
503933,2024-11-09 18:00:00+00:00,PPL,2024,REGULAR_SEASON,11.0,FC Famalicão,FC Arouca,0,0,D
498046,2024-11-09 18:00:00+00:00,FL1,2024,REGULAR_SEASON,11.0,Racing Club de Lens,FC Nantes,3,2,H
499095,2024-11-09 19:00:00+00:00,DED,2024,REGULAR_SEASON,12.0,NAC Breda,PSV,0,3,A
503158,2024-11-09 19:45:00+00:00,SA,2024,REGULAR_SEASON,12.0,Juventus FC,Torino FC,2,0,H
497514,2024-11-09 20:00:00+00:00,PL,2024,REGULAR_SEASON,11.0,Liverpool FC,Aston Villa FC,2,0,H
498734,2024-11-09 20:00:00+00:00,PD,2024,REGULAR_SEASON,13.0,CD Leganés,Sevilla FC,1,0,H
498049,2024-11-09 20:00:00+00:00,FL1,2024,REGULAR_SEASON,11.0,Angers SCO,Paris Saint-Germain FC,2,4,A
499096,2024-11-09 20:00:00+00:00,DED,2024,REGULAR_SEASON,12.0,RKC Waalwijk,NEC,0,3,A
503926,2024-11-09 20:30:00+00:00,PPL,2024,REGULAR_SEASON,11.0,Boavista FC,Rio Ave FC,0,2,A
499097,2024-11-10 11:15:00+00:00,DED,2024,REGULAR_SEASON,12.0,Almere City FC,Feyenoord Rotterdam,1,4,A
503153,2024-11-10 11:30:00+00:00,SA,2024,REGULAR_SEASON,12.0,Atalanta BC,Udinese Calcio,2,1,H
498733,2024-11-10 13:00:00+00:00,PD,2024,REGULAR_SEASON,13.0,Real Betis Balompié,RC Celta de Vigo,2,2,D
499098,2024-11-10 13:30:00+00:00,DED,2024,REGULAR_SEASON,12.0,SC Heerenveen,Go Ahead Eagles,1,0,H
499099,2024-11-10 13:30:00+00:00,DED,2024,REGULAR_SEASON,12.0,FC Twente '65,AFC Ajax,2,2,D
503161,2024-11-10 14:00:00+00:00,SA,2024,REGULAR_SEASON,12.0,AS Roma,Bologna FC 1909,2,3,A
503155,2024-11-10 14:00:00+00:00,SA,2024,REGULAR_SEASON,12.0,ACF Fiorentina,Hellas Verona FC,3,1,H
497517,2024-11-10 14:00:00+00:00,PL,2024,REGULAR_SEASON,11.0,Tottenham Hotspur FC,Ipswich Town FC,1,2,A
498048,2024-11-10 14:00:00+00:00,FL1,2024,REGULAR_SEASON,11.0,OGC Nice,Lille OSC,2,2,D
497516,2024-11-10 14:00:00+00:00,PL,2024,REGULAR_SEASON,11.0,Nottingham Forest FC,Newcastle United FC,1,3,A
497515,2024-11-10 14:00:00+00:00,PL,2024,REGULAR_SEASON,11.0,Manchester United FC,Leicester City FC,3,0,H
502456,2024-11-10 14:30:00+00:00,BL1,2024,REGULAR_SEASON,10.0,FC Augsburg,TSG 1899 Hoffenheim,0,0,D
498738,2024-11-10 15:15:00+00:00,PD,2024,REGULAR_SEASON,13.0,RCD Mallorca,Club Atlético de Madrid,0,1,A
503930,2024-11-10 15:30:00+00:00,PPL,2024,REGULAR_SEASON,11.0,CF Estrela da Amadora,CD Nacional,2,0,H
499100,2024-11-10 15:45:00+00:00,DED,2024,REGULAR_SEASON,12.0,AZ,Willem II Tilburg,1,2,A
498044,2024-11-10 16:00:00+00:00,FL1,2024,REGULAR_SEASON,11.0,Le Havre AC,Stade de Reims,0,3,A
498043,2024-11-10 16:00:00+00:00,FL1,2024,REGULAR_SEASON,11.0,Montpellier HSC,Stade Brestois 29,3,1,H
498047,2024-11-10 16:00:00+00:00,FL1,2024,REGULAR_SEASON,11.0,Stade Rennais FC 1901,Toulouse FC,0,2,A
497512,2024-11-10 16:30:00+00:00,PL,2024,REGULAR_SEASON,11.0,Chelsea FC,Arsenal FC,1,1,D
502452,2024-11-10 16:30:00+00:00,BL1,2024,REGULAR_SEASON,10.0,VfB Stuttgart,Eintracht Frankfurt,2,3,A
503934,2024-11-10 16:30:00+00:00,PPL,2024,REGULAR_SEASON,11.0,CD Santa Clara,Vitória SC,1,0,H
503160,2024-11-10 17:00:00+00:00,SA,2024,REGULAR_SEASON,12.0,AC Monza,SS Lazio,0,1,A
498741,2024-11-10 17:30:00+00:00,PD,2024,REGULAR_SEASON,13.0,Real Valladolid CF,Athletic Club,1,1,D
498735,2024-11-10 17:30:00+00:00,PD,2024,REGULAR_SEASON,13.0,Getafe CF,Girona FC,0,1,A
502454,2024-11-10 18:30:00+00:00,BL1,2024,REGULAR_SEASON,10.0,1. FC Heidenheim 1846,VfL Wolfsburg,1,3,A
503928,2024-11-10 18:45:00+00:00,PPL,2024,REGULAR_SEASON,11.0,Sporting Clube de Braga,Sporting Clube de Portugal,2,4,A
503157,2024-11-10 19:45:00+00:00,SA,2024,REGULAR_SEASON,12.0,FC Internazionale Milano,SSC Napoli,1,1,D
498042,2024-11-10 19:45:00+00:00,FL1,2024,REGULAR_SEASON,11.0,Olympique Lyonnais,AS Saint-Étienne,1,0,H
498740,2024-11-10 20:00:00+00:00,PD,2024,REGULAR_SEASON,13.0,Real Sociedad de Fútbol,FC Barcelona,1,0,H
503927,2024-11-10 20:45:00+00:00,PPL,2024,REGULAR_SEASON,11.0,Sport Lisboa e Benfica,FC Porto,4,1,H
498056,2024-11-22 18:00:00+00:00,FL1,2024,REGULAR_SEASON,12.0,AS Monaco FC,Stade Brestois 29,3,2,H
502463,2024-11-22 19:30:00+00:00,BL1,2024,REGULAR_SEASON,11.0,FC Bayern München,FC Augsburg,3,0,H
498748,2024-11-22 20:00:00+00:00,PD,2024,REGULAR_SEASON,14.0,Getafe CF,Real Valladolid CF,2,0,H
498050,2024-11-22 20:00:00+00:00,FL1,2024,REGULAR_SEASON,12.0,Paris Saint-Germain FC,Toulouse FC,3,0,H
497526,2024-11-23 12:30:00+00:00,PL,2024,REGULAR_SEASON,12.0,Leicester City FC,Chelsea FC,1,2,A
498750,2024-11-23 13:00:00+00:00,PD,2024,REGULAR_SEASON,14.0,Valencia CF,Real Betis Balompié,4,2,H
503166,2024-11-23 14:00:00+00:00,SA,2024,REGULAR_SEASON,13.0,Hellas Verona FC,FC Internazionale Milano,0,5,A
502466,2024-11-23 14:30:00+00:00,BL1,2024,REGULAR_SEASON,11.0,TSG 1899 Hoffenheim,RB Leipzig,4,3,H
502464,2024-11-23 14:30:00+00:00,BL1,2024,REGULAR_SEASON,11.0,Borussia Dortmund,SC Freiburg,4,0,H
502467,2024-11-23 14:30:00+00:00,BL1,2024,REGULAR_SEASON,11.0,VfL Wolfsburg,1. FC Union Berlin,1,0,H
502462,2024-11-23 14:30:00+00:00,BL1,2024,REGULAR_SEASON,11.0,VfB Stuttgart,VfL Bochum 1848,2,0,H
502461,2024-11-23 14:30:00+00:00,BL1,2024,REGULAR_SEASON,11.0,Bayer 04 Leverkusen,1. FC Heidenheim 1846,5,2,H
497523,2024-11-23 15:00:00+00:00,PL,2024,REGULAR_SEASON,12.0,Everton FC,Brentford FC,0,0,D
497522,2024-11-23 15:00:00+00:00,PL,2024,REGULAR_SEASON,12.0,Aston Villa FC,Crystal Palace FC,2,2,D
497521,2024-11-23 15:00:00+00:00,PL,2024,REGULAR_SEASON,12.0,Arsenal FC,Nottingham Forest FC,3,0,H
497520,2024-11-23 15:00:00+00:00,PL,2024,REGULAR_SEASON,12.0,AFC Bournemouth,Brighton & Hove Albion FC,1,2,A
497524,2024-11-23 15:00:00+00:00,PL,2024,REGULAR_SEASON,12.0,Fulham FC,Wolverhampton Wanderers FC,1,4,A
498744,2024-11-23 15:15:00+00:00,PD,2024,REGULAR_SEASON,14.0,Club Atlético de Madrid,Deportivo Alavés,2,1,H
499102,2024-11-23 15:30:00+00:00,DED,2024,REGULAR_SEASON,13.0,Go Ahead Eagles,Almere City FC,3,0,H
498051,2024-11-23 16:00:00+00:00,FL1,2024,REGULAR_SEASON,12.0,Racing Club de Lens,Olympique de Marseille,1,3,A
503168,2024-11-23 17:00:00+00:00,SA,2024,REGULAR_SEASON,13.0,AC Milan,Juventus FC,0,0,D
502465,2024-11-23 17:30:00+00:00,BL1,2024,REGULAR_SEASON,11.0,Eintracht Frankfurt,SV Werder Bremen,1,0,H
497527,2024-11-23 17:30:00+00:00,PL,2024,REGULAR_SEASON,12.0,Manchester City FC,Tottenham Hotspur FC,0,4,A
498752,2024-11-23 17:30:00+00:00,PD,2024,REGULAR_SEASON,14.0,Girona FC,RCD Espanyol de Barcelona,4,1,H
498751,2024-11-23 17:30:00+00:00,PD,2024,REGULAR_SEASON,14.0,UD Las Palmas,RCD Mallorca,2,3,A
499103,2024-11-23 17:45:00+00:00,DED,2024,REGULAR_SEASON,13.0,Feyenoord Rotterdam,SC Heerenveen,3,0,H
499104,2024-11-23 17:45:00+00:00,DED,2024,REGULAR_SEASON,13.0,Heracles Almelo,RKC Waalwijk,2,2,D
498053,2024-11-23 18:00:00+00:00,FL1,2024,REGULAR_SEASON,12.0,AS Saint-Étienne,Montpellier HSC,1,0,H
503170,2024-11-23 19:45:00+00:00,SA,2024,REGULAR_SEASON,13.0,Parma Calcio 1913,Atalanta BC,1,3,A
498058,2024-11-23 20:00:00+00:00,FL1,2024,REGULAR_SEASON,12.0,Stade de Reims,Olympique Lyonnais,1,1,D
499101,2024-11-23 20:00:00+00:00,DED,2024,REGULAR_SEASON,13.0,PSV,FC Groningen,5,0,H
499105,2024-11-23 20:00:00+00:00,DED,2024,REGULAR_SEASON,13.0,Fortuna Sittard,FC Twente '65,1,2,A
498747,2024-11-23 20:00:00+00:00,PD,2024,REGULAR_SEASON,14.0,RC Celta de Vigo,FC Barcelona,2,2,D
499106,2024-11-24 11:15:00+00:00,DED,2024,REGULAR_SEASON,13.0,NEC,FC Utrecht,1,2,A
503165,2024-11-24 11:30:00+00:00,SA,2024,REGULAR_SEASON,13.0,Genoa CFC,Cagliari Calcio,2,2,D
498745,2024-11-24 13:00:00+00:00,PD,2024,REGULAR_SEASON,14.0,CA Osasuna,Villarreal CF,2,2,D
499107,2024-11-24 13:30:00+00:00,DED,2024,REGULAR_SEASON,13.0,Sparta Rotterdam,AZ,1,2,A
499108,2024-11-24 13:30:00+00:00,DED,2024,REGULAR_SEASON,13.0,Willem II Tilburg,NAC Breda,2,2,D
498054,2024-11-24 14:00:00+00:00,FL1,2024,REGULAR_SEASON,12.0,Lille OSC,Stade Rennais FC 1901,1,0,H
503163,2024-11-24 14:00:00+00:00,SA,2024,REGULAR_SEASON,13.0,Como 1907,ACF Fiorentina,0,2,A
503171,2024-11-24 14:00:00+00:00,SA,2024,REGULAR_SEASON,13.0,Torino FC,AC Monza,1,1,D
497529,2024-11-24 14:00:00+00:00,PL,2024,REGULAR_SEASON,12.0,Southampton FC,Liverpool FC,2,3,A
502469,2024-11-24 14:30:00+00:00,BL1,2024,REGULAR_SEASON,11.0,Holstein Kiel,1. FSV Mainz 05,0,3,A
498749,2024-11-24 15:15:00+00:00,PD,2024,REGULAR_SEASON,14.0,Sevilla FC,Rayo Vallecano de Madrid,1,0,H
499109,2024-11-24 15:45:00+00:00,DED,2024,REGULAR_SEASON,13.0,AFC Ajax,PEC Zwolle,2,0,H
498057,2024-11-24 16:00:00+00:00,FL1,2024,REGULAR_SEASON,12.0,AJ Auxerre,Angers SCO,1,0,H
498055,2024-11-24 16:00:00+00:00,FL1,2024,REGULAR_SEASON,12.0,FC Nantes,Le Havre AC,0,2,A
502468,2024-11-24 16:30:00+00:00,BL1,2024,REGULAR_SEASON,11.0,Borussia Mönchengladbach,FC St. Pauli 1910,2,0,H
497525,2024-11-24 16:30:00+00:00,PL,2024,REGULAR_SEASON,12.0,Ipswich Town FC,Manchester United FC,1,1,D
503169,2024-11-24 17:00:00+00:00,SA,2024,REGULAR_SEASON,13.0,SSC Napoli,AS Roma,1,0,H
498746,2024-11-24 17:30:00+00:00,PD,2024,REGULAR_SEASON,14.0,CD Leganés,Real Madrid CF,0,3,A
503167,2024-11-24 19:45:00+00:00,SA,2024,REGULAR_SEASON,13.0,SS Lazio,Bologna FC 1909,3,0,H
498052,2024-11-24 19:45:00+00:00,FL1,2024,REGULAR_SEASON,12.0,OGC Nice,RC Strasbourg Alsace,2,1,H
498743,2024-11-24 20:00:00+00:00,PD,2024,REGULAR_SEASON,14.0,Athletic Club,Real Sociedad de Fútbol,1,0,H
503164,2024-11-25 17:30:00+00:00,SA,2024,REGULAR_SEASON,13.0,Empoli FC,Udinese Calcio,1,1,D
503172,2024-11-25 19:45:00+00:00,SA,2024,REGULAR_SEASON,13.0,Venezia FC,US Lecce,0,1,A
497528,2024-11-25 20:00:00+00:00,PL,2024,REGULAR_SEASON,12.0,Newcastle United FC,West Ham United FC,0,2,A
524057,2024-11-26 17:45:00+00:00,CL,2024,LEAGUE_STAGE,5.0,ŠK Slovan Bratislava,AC Milan,2,3,A
524061,2024-11-26 17:45:00+00:00,CL,2024,LEAGUE_STAGE,5.0,AC Sparta Praha,Club Atlético de Madrid,0,6,A
523932,2024-11-26 20:00:00+00:00,CL,2024,LEAGUE_STAGE,5.0,FC Bayern München,Paris Saint-Germain FC,1,0,H
523954,2024-11-26 20:00:00+00:00,CL,2024,LEAGUE_STAGE,5.0,Manchester City FC,Feyenoord Rotterdam,3,3,D
523948,2024-11-26 20:00:00+00:00,CL,2024,LEAGUE_STAGE,5.0,FC Internazionale Milano,RB Leipzig,1,0,H
523943,2024-11-26 20:00:00+00:00,CL,2024,LEAGUE_STAGE,5.0,FC Barcelona,Stade Brestois 29,3,0,H
523982,2024-11-26 20:00:00+00:00,CL,2024,LEAGUE_STAGE,5.0,Bayer 04 Leverkusen,FC Red Bull Salzburg,5,0,H
524033,2024-11-26 20:00:00+00:00,CL,2024,LEAGUE_STAGE,5.0,Sporting Clube de Portugal,Arsenal FC,1,5,A
524037,2024-11-26 20:00:00+00:00,CL,2024,LEAGUE_STAGE,5.0,BSC Young Boys,Atalanta BC,1,6,A
524071,2024-11-27 17:45:00+00:00,CL,2024,LEAGUE_STAGE,5.0,SK Sturm Graz,Girona FC,1,0,H
524031,2024-11-27 17:45:00+00:00,CL,2024,LEAGUE_STAGE,5.0,FK Crvena Zvezda,VfB Stuttgart,5,1,H
523944,2024-11-27 20:00:00+00:00,CL,2024,LEAGUE_STAGE,5.0,Liverpool FC,Real Madrid CF,2,0,H
524050,2024-11-27 20:00:00+00:00,CL,2024,LEAGUE_STAGE,5.0,Bologna FC 1909,Lille OSC,1,2,A
524021,2024-11-27 20:00:00+00:00,CL,2024,LEAGUE_STAGE,5.0,PSV,FK Shakhtar Donetsk,3,2,H
524045,2024-11-27 20:00:00+00:00,CL,2024,LEAGUE_STAGE,5.0,Aston Villa FC,Juventus FC,0,0,D
524008,2024-11-27 20:00:00+00:00,CL,2024,LEAGUE_STAGE,5.0,GNK Dinamo Zagreb,Borussia Dortmund,0,3,A
524041,2024-11-27 20:00:00+00:00,CL,2024,LEAGUE_STAGE,5.0,AS Monaco FC,Sport Lisboa e Benfica,2,3,A
524005,2024-11-27 20:00:00+00:00,CL,2024,LEAGUE_STAGE,5.0,Celtic FC,Club Brugge KV,1,1,D
499110,2024-11-29 19:00:00+00:00,DED,2024,REGULAR_SEASON,14.0,SC Heerenveen,RKC Waalwijk,1,1,D
502478,2024-11-29 19:30:00+00:00,BL1,2024,REGULAR_SEASON,12.0,FC St. Pauli 1910,Holstein Kiel,3,1,H
503174,2024-11-29 19:45:00+00:00,SA,2024,REGULAR_SEASON,14.0,Cagliari Calcio,Hellas Verona FC,1,0,H
498059,2024-11-29 19:45:00+00:00,FL1,2024,REGULAR_SEASON,13.0,Stade de Reims,Racing Club de Lens,0,2,A
497531,2024-11-29 20:00:00+00:00,PL,2024,REGULAR_SEASON,13.0,Brighton & Hove Albion FC,Southampton FC,1,1,D
498758,2024-11-29 20:00:00+00:00,PD,2024,REGULAR_SEASON,15.0,RCD Mallorca,Valencia CF,2,1,H
503924,2024-11-29 20:15:00+00:00,PPL,2024,REGULAR_SEASON,12.0,SC Farense,CF Estrela da Amadora,1,0,H
498754,2024-11-30 13:00:00+00:00,PD,2024,REGULAR_SEASON,15.0,FC Barcelona,UD Las Palmas,1,2,A
503175,2024-11-30 14:00:00+00:00,SA,2024,REGULAR_SEASON,14.0,Como 1907,AC Monza,1,1,D
502477,2024-11-30 14:30:00+00:00,BL1,2024,REGULAR_SEASON,12.0,1. FC Union Berlin,Bayer 04 Leverkusen,1,2,A
502475,2024-11-30 14:30:00+00:00,BL1,2024,REGULAR_SEASON,12.0,FC Augsburg,VfL Bochum 1848,1,0,H
502470,2024-11-30 14:30:00+00:00,BL1,2024,REGULAR_SEASON,12.0,RB Leipzig,VfL Wolfsburg,1,5,A
502473,2024-11-30 14:30:00+00:00,BL1,2024,REGULAR_SEASON,12.0,SV Werder Bremen,VfB Stuttgart,2,2,D
502474,2024-11-30 14:30:00+00:00,BL1,2024,REGULAR_SEASON,12.0,SC Freiburg,Borussia Mönchengladbach,3,1,H
497539,2024-11-30 15:00:00+00:00,PL,2024,REGULAR_SEASON,13.0,Wolverhampton Wanderers FC,AFC Bournemouth,2,4,A
497530,2024-11-30 15:00:00+00:00,PL,2024,REGULAR_SEASON,13.0,Brentford FC,Leicester City FC,4,1,H
497533,2024-11-30 15:00:00+00:00,PL,2024,REGULAR_SEASON,13.0,Crystal Palace FC,Newcastle United FC,1,1,D
497536,2024-11-30 15:00:00+00:00,PL,2024,REGULAR_SEASON,13.0,Nottingham Forest FC,Ipswich Town FC,1,0,H
498753,2024-11-30 15:15:00+00:00,PD,2024,REGULAR_SEASON,15.0,Deportivo Alavés,CD Leganés,1,1,D
503923,2024-11-30 15:30:00+00:00,PPL,2024,REGULAR_SEASON,12.0,Rio Ave FC,Moreirense FC,3,2,H
499111,2024-11-30 15:30:00+00:00,DED,2024,REGULAR_SEASON,14.0,NAC Breda,Almere City FC,1,0,H
498060,2024-11-30 16:00:00+00:00,FL1,2024,REGULAR_SEASON,13.0,Stade Rennais FC 1901,AS Saint-Étienne,5,0,H
503178,2024-11-30 17:00:00+00:00,SA,2024,REGULAR_SEASON,14.0,AC Milan,Empoli FC,3,0,H
497538,2024-11-30 17:30:00+00:00,PL,2024,REGULAR_SEASON,13.0,West Ham United FC,Arsenal FC,2,5,A
502471,2024-11-30 17:30:00+00:00,BL1,2024,REGULAR_SEASON,12.0,Borussia Dortmund,FC Bayern München,1,1,D
498762,2024-11-30 17:30:00+00:00,PD,2024,REGULAR_SEASON,15.0,RCD Espanyol de Barcelona,RC Celta de Vigo,3,1,H
499112,2024-11-30 17:45:00+00:00,DED,2024,REGULAR_SEASON,14.0,FC Groningen,Willem II Tilburg,2,0,H
503921,2024-11-30 18:00:00+00:00,PPL,2024,REGULAR_SEASON,12.0,CD Nacional,Boavista FC,0,0,D
498063,2024-11-30 18:00:00+00:00,FL1,2024,REGULAR_SEASON,13.0,Stade Brestois 29,RC Strasbourg Alsace,3,1,H
499113,2024-11-30 19:00:00+00:00,DED,2024,REGULAR_SEASON,14.0,Feyenoord Rotterdam,Fortuna Sittard,1,1,D
503173,2024-11-30 19:45:00+00:00,SA,2024,REGULAR_SEASON,14.0,Bologna FC 1909,Venezia FC,3,0,H
498761,2024-11-30 20:00:00+00:00,PD,2024,REGULAR_SEASON,15.0,Real Valladolid CF,Club Atlético de Madrid,0,5,A
499114,2024-11-30 20:00:00+00:00,DED,2024,REGULAR_SEASON,14.0,PEC Zwolle,Sparta Rotterdam,1,0,H
498065,2024-11-30 20:00:00+00:00,FL1,2024,REGULAR_SEASON,13.0,Paris Saint-Germain FC,FC Nantes,1,1,D
503922,2024-11-30 20:30:00+00:00,PPL,2024,REGULAR_SEASON,12.0,Sporting Clube de Portugal,CD Santa Clara,0,1,A
499115,2024-12-01 11:15:00+00:00,DED,2024,REGULAR_SEASON,14.0,FC Utrecht,PSV,2,5,A
503182,2024-12-01 11:30:00+00:00,SA,2024,REGULAR_SEASON,14.0,Udinese Calcio,Genoa CFC,0,2,A
498756,2024-12-01 13:00:00+00:00,PD,2024,REGULAR_SEASON,15.0,Villarreal CF,Girona FC,2,2,D
499116,2024-12-01 13:30:00+00:00,DED,2024,REGULAR_SEASON,14.0,AZ,Heracles Almelo,1,0,H
499117,2024-12-01 13:30:00+00:00,DED,2024,REGULAR_SEASON,14.0,FC Twente '65,Go Ahead Eagles,3,2,H
497532,2024-12-01 13:30:00+00:00,PL,2024,REGULAR_SEASON,13.0,Chelsea FC,Aston Villa FC,3,0,H
497537,2024-12-01 13:30:00+00:00,PL,2024,REGULAR_SEASON,13.0,Tottenham Hotspur FC,Fulham FC,1,1,D
497535,2024-12-01 13:30:00+00:00,PL,2024,REGULAR_SEASON,13.0,Manchester United FC,Everton FC,4,0,H
503179,2024-12-01 14:00:00+00:00,SA,2024,REGULAR_SEASON,14.0,Parma Calcio 1913,SS Lazio,3,1,H
498064,2024-12-01 14:00:00+00:00,FL1,2024,REGULAR_SEASON,13.0,Montpellier HSC,Lille OSC,2,2,D
503181,2024-12-01 14:00:00+00:00,SA,2024,REGULAR_SEASON,14.0,Torino FC,SSC Napoli,0,1,A
502476,2024-12-01 14:30:00+00:00,BL1,2024,REGULAR_SEASON,12.0,1. FSV Mainz 05,TSG 1899 Hoffenheim,2,0,H
498759,2024-12-01 15:15:00+00:00,PD,2024,REGULAR_SEASON,15.0,Real Madrid CF,Getafe CF,2,0,H
503917,2024-12-01 15:30:00+00:00,PPL,2024,REGULAR_SEASON,12.0,GD Estoril Praia,FC Famalicão,2,1,H
499118,2024-12-01 15:45:00+00:00,DED,2024,REGULAR_SEASON,14.0,NEC,AFC Ajax,1,2,A
498061,2024-12-01 16:00:00+00:00,FL1,2024,REGULAR_SEASON,13.0,Le Havre AC,Angers SCO,0,1,A
498067,2024-12-01 16:00:00+00:00,FL1,2024,REGULAR_SEASON,13.0,Olympique Lyonnais,OGC Nice,4,1,H
498062,2024-12-01 16:00:00+00:00,FL1,2024,REGULAR_SEASON,13.0,Toulouse FC,AJ Auxerre,2,0,H
497534,2024-12-01 16:00:00+00:00,PL,2024,REGULAR_SEASON,13.0,Liverpool FC,Manchester City FC,2,0,H
502472,2024-12-01 16:30:00+00:00,BL1,2024,REGULAR_SEASON,12.0,1. FC Heidenheim 1846,Eintracht Frankfurt,0,4,A
498757,2024-12-01 17:30:00+00:00,PD,2024,REGULAR_SEASON,15.0,Rayo Vallecano de Madrid,Athletic Club,1,2,A
503918,2024-12-01 18:00:00+00:00,PPL,2024,REGULAR_SEASON,12.0,FC Arouca,Sport Lisboa e Benfica,0,2,A
498066,2024-12-01 19:45:00+00:00,FL1,2024,REGULAR_SEASON,13.0,Olympique de Marseille,AS Monaco FC,2,1,H
503177,2024-12-01 19:45:00+00:00,SA,2024,REGULAR_SEASON,14.0,US Lecce,Juventus FC,1,1,D
498760,2024-12-01 20:00:00+00:00,PD,2024,REGULAR_SEASON,15.0,Real Sociedad de Fútbol,Real Betis Balompié,2,0,H
503920,2024-12-01 20:30:00+00:00,PPL,2024,REGULAR_SEASON,12.0,AVS,Sporting Clube de Braga,0,1,A
503919,2024-12-02 18:45:00+00:00,PPL,2024,REGULAR_SEASON,12.0,Vitória SC,Gil Vicente FC,4,0,H
503180,2024-12-02 19:45:00+00:00,SA,2024,REGULAR_SEASON,14.0,AS Roma,Atalanta BC,0,2,A
498755,2024-12-02 20:00:00+00:00,PD,2024,REGULAR_SEASON,15.0,Sevilla FC,CA Osasuna,1,1,D
503925,2024-12-02 20:45:00+00:00,PPL,2024,REGULAR_SEASON,12.0,FC Porto,Casa Pia AC,2,0,H
498798,2024-12-03 18:00:00+00:00,PD,2024,REGULAR_SEASON,19.0,RCD Mallorca,FC Barcelona,1,5,A
497545,2024-12-03 19:30:00+00:00,PL,2024,REGULAR_SEASON,14.0,Ipswich Town FC,Crystal Palace FC,0,1,A
497546,2024-12-03 20:15:00+00:00,PL,2024,REGULAR_SEASON,14.0,Leicester City FC,West Ham United FC,3,1,H
499035,2024-12-04 19:00:00+00:00,DED,2024,REGULAR_SEASON,5.0,AFC Ajax,FC Utrecht,2,2,D
497548,2024-12-04 19:30:00+00:00,PL,2024,REGULAR_SEASON,14.0,Newcastle United FC,Liverpool FC,3,3,D
497547,2024-12-04 19:30:00+00:00,PL,2024,REGULAR_SEASON,14.0,Manchester City FC,Nottingham Forest FC,3,0,H
497543,2024-12-04 19:30:00+00:00,PL,2024,REGULAR_SEASON,14.0,Everton FC,Wolverhampton Wanderers FC,4,0,H
497549,2024-12-04 19:30:00+00:00,PL,2024,REGULAR_SEASON,14.0,Southampton FC,Chelsea FC,1,5,A
498793,2024-12-04 20:00:00+00:00,PD,2024,REGULAR_SEASON,19.0,Athletic Club,Real Madrid CF,2,1,H
497542,2024-12-04 20:15:00+00:00,PL,2024,REGULAR_SEASON,14.0,Aston Villa FC,Brentford FC,3,1,H
497541,2024-12-04 20:15:00+00:00,PL,2024,REGULAR_SEASON,14.0,Arsenal FC,Manchester United FC,2,0,H
497544,2024-12-05 19:30:00+00:00,PL,2024,REGULAR_SEASON,14.0,Fulham FC,Brighton & Hove Albion FC,3,1,H
497540,2024-12-05 20:15:00+00:00,PL,2024,REGULAR_SEASON,14.0,AFC Bournemouth,Tottenham Hotspur FC,1,0,H
503912,2024-12-05 20:15:00+00:00,PPL,2024,REGULAR_SEASON,13.0,Moreirense FC,Sporting Clube de Portugal,2,1,H
503187,2024-12-06 17:30:00+00:00,SA,2024,REGULAR_SEASON,15.0,FC Internazionale Milano,Parma Calcio 1913,3,1,H
498072,2024-12-06 18:00:00+00:00,FL1,2024,REGULAR_SEASON,14.0,Lille OSC,Stade Brestois 29,3,1,H
499124,2024-12-06 19:00:00+00:00,DED,2024,REGULAR_SEASON,15.0,PSV,FC Twente '65,6,1,H
502480,2024-12-06 19:30:00+00:00,BL1,2024,REGULAR_SEASON,13.0,VfB Stuttgart,1. FC Union Berlin,3,2,H
503183,2024-12-06 19:45:00+00:00,SA,2024,REGULAR_SEASON,15.0,Atalanta BC,AC Milan,2,1,H
498768,2024-12-06 20:00:00+00:00,PD,2024,REGULAR_SEASON,16.0,RC Celta de Vigo,RCD Mallorca,2,0,H
498069,2024-12-06 20:00:00+00:00,FL1,2024,REGULAR_SEASON,14.0,AJ Auxerre,Paris Saint-Germain FC,0,0,D
503910,2024-12-06 20:15:00+00:00,PPL,2024,REGULAR_SEASON,13.0,Sporting Clube de Braga,GD Estoril Praia,2,2,D
498771,2024-12-07 13:00:00+00:00,PD,2024,REGULAR_SEASON,16.0,UD Las Palmas,Real Valladolid CF,2,1,H
503185,2024-12-07 14:00:00+00:00,SA,2024,REGULAR_SEASON,15.0,Genoa CFC,Torino FC,0,0,D
502487,2024-12-07 14:30:00+00:00,BL1,2024,REGULAR_SEASON,13.0,Holstein Kiel,RB Leipzig,0,2,A
502479,2024-12-07 14:30:00+00:00,BL1,2024,REGULAR_SEASON,13.0,Bayer 04 Leverkusen,FC St. Pauli 1910,2,1,H
502481,2024-12-07 14:30:00+00:00,BL1,2024,REGULAR_SEASON,13.0,FC Bayern München,1. FC Heidenheim 1846,4,2,H
502482,2024-12-07 14:30:00+00:00,BL1,2024,REGULAR_SEASON,13.0,Eintracht Frankfurt,FC Augsburg,2,2,D
502486,2024-12-07 14:30:00+00:00,BL1,2024,REGULAR_SEASON,13.0,VfL Bochum 1848,SV Werder Bremen,0,1,A
497551,2024-12-07 15:00:00+00:00,PL,2024,REGULAR_SEASON,15.0,Brentford FC,Newcastle United FC,4,2,H
497552,2024-12-07 15:00:00+00:00,PL,2024,REGULAR_SEASON,15.0,Crystal Palace FC,Manchester City FC,2,2,D
497550,2024-12-07 15:00:00+00:00,PL,2024,REGULAR_SEASON,15.0,Aston Villa FC,Southampton FC,1,0,H
498765,2024-12-07 15:15:00+00:00,PD,2024,REGULAR_SEASON,16.0,Real Betis Balompié,FC Barcelona,2,2,D
503911,2024-12-07 15:30:00+00:00,PPL,2024,REGULAR_SEASON,13.0,Gil Vicente FC,CD Nacional,2,1,H
499122,2024-12-07 15:30:00+00:00,DED,2024,REGULAR_SEASON,15.0,Go Ahead Eagles,NEC,5,0,H
498076,2024-12-07 16:00:00+00:00,FL1,2024,REGULAR_SEASON,14.0,AS Monaco FC,Toulouse FC,2,0,H
503188,2024-12-07 17:00:00+00:00,SA,2024,REGULAR_SEASON,15.0,Juventus FC,Bologna FC 1909,2,2,D
498770,2024-12-07 17:30:00+00:00,PD,2024,REGULAR_SEASON,16.0,Valencia CF,Rayo Vallecano de Madrid,0,1,A
497557,2024-12-07 17:30:00+00:00,PL,2024,REGULAR_SEASON,15.0,Manchester United FC,Nottingham Forest FC,2,3,A
502485,2024-12-07 17:30:00+00:00,BL1,2024,REGULAR_SEASON,13.0,Borussia Mönchengladbach,Borussia Dortmund,1,1,D
499126,2024-12-07 17:45:00+00:00,DED,2024,REGULAR_SEASON,15.0,Sparta Rotterdam,NAC Breda,0,2,A
503909,2024-12-07 18:00:00+00:00,PPL,2024,REGULAR_SEASON,13.0,Sport Lisboa e Benfica,Vitória SC,1,0,H
503915,2024-12-07 18:00:00+00:00,PPL,2024,REGULAR_SEASON,13.0,CD Santa Clara,Rio Ave FC,1,0,H
498068,2024-12-07 18:00:00+00:00,FL1,2024,REGULAR_SEASON,14.0,OGC Nice,Le Havre AC,2,1,H
499125,2024-12-07 19:00:00+00:00,DED,2024,REGULAR_SEASON,15.0,RKC Waalwijk,Feyenoord Rotterdam,2,3,A
503191,2024-12-07 19:45:00+00:00,SA,2024,REGULAR_SEASON,15.0,AS Roma,US Lecce,4,1,H
498769,2024-12-07 20:00:00+00:00,PD,2024,REGULAR_SEASON,16.0,Girona FC,Real Madrid CF,0,3,A
498071,2024-12-07 20:00:00+00:00,FL1,2024,REGULAR_SEASON,14.0,Angers SCO,Olympique Lyonnais,0,3,A
499123,2024-12-07 20:00:00+00:00,DED,2024,REGULAR_SEASON,15.0,Heracles Almelo,Fortuna Sittard,2,2,D
503916,2024-12-07 20:30:00+00:00,PPL,2024,REGULAR_SEASON,13.0,FC Famalicão,FC Porto,1,1,D
499121,2024-12-08 11:15:00+00:00,DED,2024,REGULAR_SEASON,15.0,FC Groningen,PEC Zwolle,0,0,D
503184,2024-12-08 11:30:00+00:00,SA,2024,REGULAR_SEASON,15.0,ACF Fiorentina,Cagliari Calcio,1,0,H
498767,2024-12-08 13:00:00+00:00,PD,2024,REGULAR_SEASON,16.0,CD Leganés,Real Sociedad de Fútbol,0,3,A
499120,2024-12-08 13:30:00+00:00,DED,2024,REGULAR_SEASON,15.0,AZ,AFC Ajax,2,1,H
499127,2024-12-08 13:30:00+00:00,DED,2024,REGULAR_SEASON,15.0,Willem II Tilburg,SC Heerenveen,1,2,A
498073,2024-12-08 14:00:00+00:00,FL1,2024,REGULAR_SEASON,14.0,Racing Club de Lens,Montpellier HSC,2,0,H
497556,2024-12-08 14:00:00+00:00,PL,2024,REGULAR_SEASON,15.0,Leicester City FC,Brighton & Hove Albion FC,2,2,D
497555,2024-12-08 14:00:00+00:00,PL,2024,REGULAR_SEASON,15.0,Ipswich Town FC,AFC Bournemouth,1,2,A
503186,2024-12-08 14:00:00+00:00,SA,2024,REGULAR_SEASON,15.0,Hellas Verona FC,Empoli FC,1,4,A
497554,2024-12-08 14:00:00+00:00,PL,2024,REGULAR_SEASON,15.0,Fulham FC,Arsenal FC,1,1,D
502484,2024-12-08 14:30:00+00:00,BL1,2024,REGULAR_SEASON,13.0,VfL Wolfsburg,1. FSV Mainz 05,4,3,H
498763,2024-12-08 15:15:00+00:00,PD,2024,REGULAR_SEASON,16.0,Athletic Club,Villarreal CF,2,0,H
503908,2024-12-08 15:30:00+00:00,PPL,2024,REGULAR_SEASON,13.0,Boavista FC,SC Farense,1,1,D
499119,2024-12-08 15:45:00+00:00,DED,2024,REGULAR_SEASON,15.0,Almere City FC,FC Utrecht,1,3,A
498075,2024-12-08 16:00:00+00:00,FL1,2024,REGULAR_SEASON,14.0,FC Nantes,Stade Rennais FC 1901,1,0,H
498074,2024-12-08 16:00:00+00:00,FL1,2024,REGULAR_SEASON,14.0,RC Strasbourg Alsace,Stade de Reims,0,0,D
502483,2024-12-08 16:30:00+00:00,BL1,2024,REGULAR_SEASON,13.0,TSG 1899 Hoffenheim,SC Freiburg,1,1,D
497558,2024-12-08 16:30:00+00:00,PL,2024,REGULAR_SEASON,15.0,Tottenham Hotspur FC,Chelsea FC,3,4,A
503192,2024-12-08 17:00:00+00:00,SA,2024,REGULAR_SEASON,15.0,Venezia FC,Como 1907,2,2,D
498766,2024-12-08 17:30:00+00:00,PD,2024,REGULAR_SEASON,16.0,CA Osasuna,Deportivo Alavés,2,2,D
503913,2024-12-08 18:00:00+00:00,PPL,2024,REGULAR_SEASON,13.0,Casa Pia AC,AVS,1,1,D
503190,2024-12-08 19:45:00+00:00,SA,2024,REGULAR_SEASON,15.0,SSC Napoli,SS Lazio,0,1,A
498070,2024-12-08 19:45:00+00:00,FL1,2024,REGULAR_SEASON,14.0,AS Saint-Étienne,Olympique de Marseille,0,2,A
498764,2024-12-08 20:00:00+00:00,PD,2024,REGULAR_SEASON,16.0,Club Atlético de Madrid,Sevilla FC,4,3,H
503189,2024-12-09 19:45:00+00:00,SA,2024,REGULAR_SEASON,15.0,AC Monza,Udinese Calcio,1,2,A
497559,2024-12-09 20:00:00+00:00,PL,2024,REGULAR_SEASON,15.0,West Ham United FC,Wolverhampton Wanderers FC,2,1,H
498772,2024-12-09 20:00:00+00:00,PD,2024,REGULAR_SEASON,16.0,Getafe CF,RCD Espanyol de Barcelona,1,0,H
503914,2024-12-09 20:15:00+00:00,PPL,2024,REGULAR_SEASON,13.0,CF Estrela da Amadora,FC Arouca,2,1,H
524052,2024-12-10 17:45:00+00:00,CL,2024,LEAGUE_STAGE,6.0,Girona FC,Liverpool FC,0,1,A
524010,2024-12-10 17:45:00+00:00,CL,2024,LEAGUE_STAGE,6.0,GNK Dinamo Zagreb,Celtic FC,0,0,D
523963,2024-12-10 20:00:00+00:00,CL,2024,LEAGUE_STAGE,6.0,RB Leipzig,Aston Villa FC,2,3,A
523972,2024-12-10 20:00:00+00:00,CL,2024,LEAGUE_STAGE,6.0,Atalanta BC,Real Madrid CF,2,3,A
524024,2024-12-10 20:00:00+00:00,CL,2024,LEAGUE_STAGE,6.0,FC Red Bull Salzburg,Paris Saint-Germain FC,0,3,A
523990,2024-12-10 20:00:00+00:00,CL,2024,LEAGUE_STAGE,6.0,Club Brugge KV,Sporting Clube de Portugal,2,1,H
523980,2024-12-10 20:00:00+00:00,CL,2024,LEAGUE_STAGE,6.0,Bayer 04 Leverkusen,FC Internazionale Milano,1,0,H
524066,2024-12-10 20:00:00+00:00,CL,2024,LEAGUE_STAGE,6.0,Stade Brestois 29,PSV,1,0,H
524000,2024-12-10 20:00:00+00:00,CL,2024,LEAGUE_STAGE,6.0,FK Shakhtar Donetsk,FC Bayern München,1,5,A
523979,2024-12-11 17:45:00+00:00,CL,2024,LEAGUE_STAGE,6.0,Club Atlético de Madrid,ŠK Slovan Bratislava,3,1,H
524019,2024-12-11 17:45:00+00:00,CL,2024,LEAGUE_STAGE,6.0,Lille OSC,SK Sturm Graz,3,2,H
523987,2024-12-11 20:00:00+00:00,CL,2024,LEAGUE_STAGE,6.0,Sport Lisboa e Benfica,Bologna FC 1909,0,0,D
524015,2024-12-11 20:00:00+00:00,CL,2024,LEAGUE_STAGE,6.0,Feyenoord Rotterdam,AC Sparta Praha,4,2,H
523996,2024-12-11 20:00:00+00:00,CL,2024,LEAGUE_STAGE,6.0,Juventus FC,Manchester City FC,2,0,H
523995,2024-12-11 20:00:00+00:00,CL,2024,LEAGUE_STAGE,6.0,Arsenal FC,AS Monaco FC,3,0,H
523970,2024-12-11 20:00:00+00:00,CL,2024,LEAGUE_STAGE,6.0,AC Milan,FK Crvena Zvezda,2,1,H
523936,2024-12-11 20:00:00+00:00,CL,2024,LEAGUE_STAGE,6.0,Borussia Dortmund,FC Barcelona,2,3,A
524074,2024-12-11 20:00:00+00:00,CL,2024,LEAGUE_STAGE,6.0,VfB Stuttgart,BSC Young Boys,5,1,H
499134,2024-12-13 19:00:00+00:00,DED,2024,REGULAR_SEASON,16.0,PEC Zwolle,Willem II Tilburg,0,1,A
502491,2024-12-13 19:30:00+00:00,BL1,2024,REGULAR_SEASON,14.0,SC Freiburg,VfL Wolfsburg,3,2,H
498081,2024-12-13 19:45:00+00:00,FL1,2024,REGULAR_SEASON,15.0,Toulouse FC,AS Saint-Étienne,2,1,H
503196,2024-12-13 19:45:00+00:00,SA,2024,REGULAR_SEASON,16.0,Empoli FC,Torino FC,0,1,A
498781,2024-12-13 20:00:00+00:00,PD,2024,REGULAR_SEASON,17.0,Real Valladolid CF,Valencia CF,1,0,H
498782,2024-12-14 13:00:00+00:00,PD,2024,REGULAR_SEASON,17.0,RCD Espanyol de Barcelona,CA Osasuna,0,0,D
503194,2024-12-14 14:00:00+00:00,SA,2024,REGULAR_SEASON,16.0,Cagliari Calcio,Atalanta BC,0,1,A
502496,2024-12-14 14:30:00+00:00,BL1,2024,REGULAR_SEASON,14.0,FC Augsburg,Bayer 04 Leverkusen,0,2,A
502493,2024-12-14 14:30:00+00:00,BL1,2024,REGULAR_SEASON,14.0,Borussia Mönchengladbach,Holstein Kiel,4,1,H
502492,2024-12-14 14:30:00+00:00,BL1,2024,REGULAR_SEASON,14.0,1. FSV Mainz 05,FC Bayern München,2,1,H
497564,2024-12-14 15:00:00+00:00,PL,2024,REGULAR_SEASON,16.0,Liverpool FC,Fulham FC,2,2,D
497566,2024-12-14 15:00:00+00:00,PL,2024,REGULAR_SEASON,16.0,Newcastle United FC,Leicester City FC,4,0,H
497561,2024-12-14 15:00:00+00:00,PL,2024,REGULAR_SEASON,16.0,Arsenal FC,Everton FC,0,0,D
497569,2024-12-14 15:00:00+00:00,PL,2024,REGULAR_SEASON,16.0,Wolverhampton Wanderers FC,Ipswich Town FC,1,2,A
498779,2024-12-14 15:15:00+00:00,PD,2024,REGULAR_SEASON,17.0,RCD Mallorca,Girona FC,2,1,H
503899,2024-12-14 15:30:00+00:00,PPL,2024,REGULAR_SEASON,14.0,SC Farense,Gil Vicente FC,0,1,A
498084,2024-12-14 16:00:00+00:00,FL1,2024,REGULAR_SEASON,15.0,Olympique de Marseille,Lille OSC,1,1,D
503202,2024-12-14 17:00:00+00:00,SA,2024,REGULAR_SEASON,16.0,Udinese Calcio,SSC Napoli,1,3,A
497567,2024-12-14 17:30:00+00:00,PL,2024,REGULAR_SEASON,16.0,Nottingham Forest FC,Aston Villa FC,2,1,H
498776,2024-12-14 17:30:00+00:00,PD,2024,REGULAR_SEASON,17.0,Sevilla FC,RC Celta de Vigo,1,0,H
502495,2024-12-14 17:30:00+00:00,BL1,2024,REGULAR_SEASON,14.0,FC St. Pauli 1910,SV Werder Bremen,0,2,A
499135,2024-12-14 17:45:00+00:00,DED,2024,REGULAR_SEASON,16.0,SC Heerenveen,PSV,1,0,H
498080,2024-12-14 18:00:00+00:00,FL1,2024,REGULAR_SEASON,15.0,AJ Auxerre,Racing Club de Lens,2,2,D
503904,2024-12-14 18:00:00+00:00,PPL,2024,REGULAR_SEASON,14.0,CD Nacional,Moreirense FC,1,0,H
499131,2024-12-14 19:00:00+00:00,DED,2024,REGULAR_SEASON,16.0,Fortuna Sittard,RKC Waalwijk,3,2,H
503197,2024-12-14 19:45:00+00:00,SA,2024,REGULAR_SEASON,16.0,Juventus FC,Venezia FC,2,2,D
498079,2024-12-14 20:00:00+00:00,FL1,2024,REGULAR_SEASON,15.0,Stade de Reims,AS Monaco FC,0,0,D
498778,2024-12-14 20:00:00+00:00,PD,2024,REGULAR_SEASON,17.0,Rayo Vallecano de Madrid,Real Madrid CF,3,3,D
499130,2024-12-14 20:00:00+00:00,DED,2024,REGULAR_SEASON,16.0,Feyenoord Rotterdam,Heracles Almelo,5,2,H
503907,2024-12-14 20:30:00+00:00,PPL,2024,REGULAR_SEASON,14.0,Sporting Clube de Portugal,Boavista FC,3,2,H
499129,2024-12-15 11:15:00+00:00,DED,2024,REGULAR_SEASON,16.0,FC Utrecht,Go Ahead Eagles,3,3,D
503199,2024-12-15 11:30:00+00:00,SA,2024,REGULAR_SEASON,16.0,US Lecce,AC Monza,2,1,H
498773,2024-12-15 13:00:00+00:00,PD,2024,REGULAR_SEASON,17.0,Club Atlético de Madrid,Getafe CF,1,0,H
499136,2024-12-15 13:30:00+00:00,DED,2024,REGULAR_SEASON,16.0,FC Twente '65,FC Groningen,2,0,H
499133,2024-12-15 13:30:00+00:00,DED,2024,REGULAR_SEASON,16.0,NEC,Sparta Rotterdam,1,1,D
503193,2024-12-15 14:00:00+00:00,SA,2024,REGULAR_SEASON,16.0,Bologna FC 1909,ACF Fiorentina,1,0,H
497562,2024-12-15 14:00:00+00:00,PL,2024,REGULAR_SEASON,16.0,Brighton & Hove Albion FC,Crystal Palace FC,1,3,A
503201,2024-12-15 14:00:00+00:00,SA,2024,REGULAR_SEASON,16.0,Parma Calcio 1913,Hellas Verona FC,2,3,A
498082,2024-12-15 14:00:00+00:00,FL1,2024,REGULAR_SEASON,15.0,Montpellier HSC,OGC Nice,2,2,D
502490,2024-12-15 14:30:00+00:00,BL1,2024,REGULAR_SEASON,14.0,1. FC Heidenheim 1846,VfB Stuttgart,1,3,A
498774,2024-12-15 15:15:00+00:00,PD,2024,REGULAR_SEASON,17.0,Deportivo Alavés,Athletic Club,1,1,D
503901,2024-12-15 15:30:00+00:00,PPL,2024,REGULAR_SEASON,14.0,FC Arouca,CD Santa Clara,1,0,H
499128,2024-12-15 15:45:00+00:00,DED,2024,REGULAR_SEASON,16.0,AFC Ajax,Almere City FC,3,0,H
498077,2024-12-15 16:00:00+00:00,FL1,2024,REGULAR_SEASON,15.0,Stade Rennais FC 1901,Angers SCO,2,0,H
498083,2024-12-15 16:00:00+00:00,FL1,2024,REGULAR_SEASON,15.0,Stade Brestois 29,FC Nantes,4,1,H
498078,2024-12-15 16:00:00+00:00,FL1,2024,REGULAR_SEASON,15.0,Le Havre AC,RC Strasbourg Alsace,0,3,A
497565,2024-12-15 16:30:00+00:00,PL,2024,REGULAR_SEASON,16.0,Manchester City FC,Manchester United FC,1,2,A
502489,2024-12-15 16:30:00+00:00,BL1,2024,REGULAR_SEASON,14.0,Borussia Dortmund,TSG 1899 Hoffenheim,1,1,D
503195,2024-12-15 17:00:00+00:00,SA,2024,REGULAR_SEASON,16.0,Como 1907,AS Roma,2,0,H
498780,2024-12-15 17:30:00+00:00,PD,2024,REGULAR_SEASON,17.0,Real Sociedad de Fútbol,UD Las Palmas,0,0,D
498777,2024-12-15 17:30:00+00:00,PD,2024,REGULAR_SEASON,17.0,Villarreal CF,Real Betis Balompié,1,2,A
503902,2024-12-15 18:00:00+00:00,PPL,2024,REGULAR_SEASON,14.0,AVS,Sport Lisboa e Benfica,1,1,D
502488,2024-12-15 18:30:00+00:00,BL1,2024,REGULAR_SEASON,14.0,RB Leipzig,Eintracht Frankfurt,2,1,H
497568,2024-12-15 19:00:00+00:00,PL,2024,REGULAR_SEASON,16.0,Southampton FC,Tottenham Hotspur FC,0,5,A
499132,2024-12-15 19:00:00+00:00,DED,2024,REGULAR_SEASON,16.0,NAC Breda,AZ,1,2,A
497563,2024-12-15 19:00:00+00:00,PL,2024,REGULAR_SEASON,16.0,Chelsea FC,Brentford FC,2,1,H
503200,2024-12-15 19:45:00+00:00,SA,2024,REGULAR_SEASON,16.0,AC Milan,Genoa CFC,0,0,D
498085,2024-12-15 19:45:00+00:00,FL1,2024,REGULAR_SEASON,15.0,Paris Saint-Germain FC,Olympique Lyonnais,3,1,H
498775,2024-12-15 20:00:00+00:00,PD,2024,REGULAR_SEASON,17.0,FC Barcelona,CD Leganés,0,1,A
503906,2024-12-15 20:30:00+00:00,PPL,2024,REGULAR_SEASON,14.0,GD Estoril Praia,Casa Pia AC,0,2,A
503900,2024-12-16 18:45:00+00:00,PPL,2024,REGULAR_SEASON,14.0,Sporting Clube de Braga,FC Famalicão,3,3,D
503198,2024-12-16 19:45:00+00:00,SA,2024,REGULAR_SEASON,16.0,SS Lazio,FC Internazionale Milano,0,6,A
497560,2024-12-16 20:00:00+00:00,PL,2024,REGULAR_SEASON,16.0,AFC Bournemouth,West Ham United FC,1,1,D
503905,2024-12-16 20:15:00+00:00,PPL,2024,REGULAR_SEASON,14.0,FC Porto,CF Estrela da Amadora,2,0,H
503903,2024-12-16 20:45:00+00:00,PPL,2024,REGULAR_SEASON,14.0,Rio Ave FC,Vitória SC,2,2,D
498086,2024-12-18 20:00:00+00:00,FL1,2024,REGULAR_SEASON,16.0,AS Monaco FC,Paris Saint-Germain FC,2,4,A
498742,2024-12-18 20:30:00+00:00,PD,2024,REGULAR_SEASON,13.0,RCD Espanyol de Barcelona,Valencia CF,1,1,D
498731,2024-12-18 20:30:00+00:00,PD,2024,REGULAR_SEASON,12.0,Villarreal CF,Rayo Vallecano de Madrid,1,1,D
503955,2024-12-19 17:00:00+00:00,PPL,2024,REGULAR_SEASON,8.0,CD Nacional,Sport Lisboa e Benfica,0,2,A
499143,2024-12-20 19:00:00+00:00,DED,2024,REGULAR_SEASON,17.0,RKC Waalwijk,PEC Zwolle,1,1,D
502499,2024-12-20 19:30:00+00:00,BL1,2024,REGULAR_SEASON,15.0,FC Bayern München,RB Leipzig,5,1,H
503206,2024-12-20 19:45:00+00:00,SA,2024,REGULAR_SEASON,17.0,Hellas Verona FC,AC Milan,0,1,A
498789,2024-12-20 20:00:00+00:00,PD,2024,REGULAR_SEASON,18.0,Girona FC,Real Valladolid CF,3,0,H
503896,2024-12-20 20:15:00+00:00,PPL,2024,REGULAR_SEASON,15.0,Casa Pia AC,FC Arouca,3,1,H
497570,2024-12-21 12:30:00+00:00,PL,2024,REGULAR_SEASON,17.0,Aston Villa FC,Manchester City FC,2,1,H
498788,2024-12-21 13:00:00+00:00,PD,2024,REGULAR_SEASON,18.0,Getafe CF,RCD Mallorca,0,1,A
503211,2024-12-21 14:00:00+00:00,SA,2024,REGULAR_SEASON,17.0,Torino FC,Bologna FC 1909,0,2,A
502498,2024-12-21 14:30:00+00:00,BL1,2024,REGULAR_SEASON,15.0,VfB Stuttgart,FC St. Pauli 1910,0,1,A
502500,2024-12-21 14:30:00+00:00,BL1,2024,REGULAR_SEASON,15.0,Eintracht Frankfurt,1. FSV Mainz 05,1,3,A
502501,2024-12-21 14:30:00+00:00,BL1,2024,REGULAR_SEASON,15.0,TSG 1899 Hoffenheim,Borussia Mönchengladbach,1,2,A
502505,2024-12-21 14:30:00+00:00,BL1,2024,REGULAR_SEASON,15.0,Holstein Kiel,FC Augsburg,5,1,H
502502,2024-12-21 14:30:00+00:00,BL1,2024,REGULAR_SEASON,15.0,SV Werder Bremen,1. FC Union Berlin,4,1,H
497579,2024-12-21 15:00:00+00:00,PL,2024,REGULAR_SEASON,17.0,West Ham United FC,Brighton & Hove Albion FC,1,1,D
497571,2024-12-21 15:00:00+00:00,PL,2024,REGULAR_SEASON,17.0,Brentford FC,Nottingham Forest FC,0,2,A
497575,2024-12-21 15:00:00+00:00,PL,2024,REGULAR_SEASON,17.0,Ipswich Town FC,Newcastle United FC,0,4,A
498786,2024-12-21 15:15:00+00:00,PD,2024,REGULAR_SEASON,18.0,RC Celta de Vigo,Real Sociedad de Fútbol,2,0,H
503898,2024-12-21 15:30:00+00:00,PPL,2024,REGULAR_SEASON,15.0,FC Famalicão,SC Farense,1,2,A
499140,2024-12-21 15:30:00+00:00,DED,2024,REGULAR_SEASON,17.0,Go Ahead Eagles,NAC Breda,2,1,H
503205,2024-12-21 17:00:00+00:00,SA,2024,REGULAR_SEASON,17.0,Genoa CFC,SSC Napoli,1,2,A
497572,2024-12-21 17:30:00+00:00,PL,2024,REGULAR_SEASON,17.0,Crystal Palace FC,Arsenal FC,1,5,A
498784,2024-12-21 17:30:00+00:00,PD,2024,REGULAR_SEASON,18.0,CA Osasuna,Athletic Club,1,2,A
502497,2024-12-21 17:30:00+00:00,BL1,2024,REGULAR_SEASON,15.0,Bayer 04 Leverkusen,SC Freiburg,5,1,H
499137,2024-12-21 17:45:00+00:00,DED,2024,REGULAR_SEASON,17.0,Almere City FC,SC Heerenveen,3,0,H
503895,2024-12-21 18:00:00+00:00,PPL,2024,REGULAR_SEASON,15.0,Boavista FC,AVS,0,0,D
499138,2024-12-21 19:00:00+00:00,DED,2024,REGULAR_SEASON,17.0,AZ,FC Twente '65,1,0,H
503208,2024-12-21 19:45:00+00:00,SA,2024,REGULAR_SEASON,17.0,US Lecce,SS Lazio,1,2,A
498787,2024-12-21 20:00:00+00:00,PD,2024,REGULAR_SEASON,18.0,FC Barcelona,Club Atlético de Madrid,1,2,A
503894,2024-12-21 20:30:00+00:00,PPL,2024,REGULAR_SEASON,15.0,Moreirense FC,FC Porto,0,3,A
499144,2024-12-22 11:15:00+00:00,DED,2024,REGULAR_SEASON,17.0,Sparta Rotterdam,AFC Ajax,0,2,A
503210,2024-12-22 11:30:00+00:00,SA,2024,REGULAR_SEASON,17.0,AS Roma,Parma Calcio 1913,5,0,H
498790,2024-12-22 13:00:00+00:00,PD,2024,REGULAR_SEASON,18.0,Valencia CF,Deportivo Alavés,2,2,D
499139,2024-12-22 13:30:00+00:00,DED,2024,REGULAR_SEASON,17.0,FC Utrecht,Fortuna Sittard,2,5,A
499142,2024-12-22 13:30:00+00:00,DED,2024,REGULAR_SEASON,17.0,PSV,Feyenoord Rotterdam,3,0,H
497576,2024-12-22 14:00:00+00:00,PL,2024,REGULAR_SEASON,17.0,Leicester City FC,Wolverhampton Wanderers FC,0,3,A
503212,2024-12-22 14:00:00+00:00,SA,2024,REGULAR_SEASON,17.0,Venezia FC,Cagliari Calcio,2,1,H
497574,2024-12-22 14:00:00+00:00,PL,2024,REGULAR_SEASON,17.0,Fulham FC,Southampton FC,0,0,D
497577,2024-12-22 14:00:00+00:00,PL,2024,REGULAR_SEASON,17.0,Manchester United FC,AFC Bournemouth,0,3,A
497573,2024-12-22 14:00:00+00:00,PL,2024,REGULAR_SEASON,17.0,Everton FC,Chelsea FC,0,0,D
502504,2024-12-22 14:30:00+00:00,BL1,2024,REGULAR_SEASON,15.0,VfL Bochum 1848,1. FC Heidenheim 1846,2,0,H
498791,2024-12-22 15:15:00+00:00,PD,2024,REGULAR_SEASON,18.0,Real Madrid CF,Sevilla FC,4,2,H
499145,2024-12-22 15:45:00+00:00,DED,2024,REGULAR_SEASON,17.0,Willem II Tilburg,NEC,4,1,H
497578,2024-12-22 16:30:00+00:00,PL,2024,REGULAR_SEASON,17.0,Tottenham Hotspur FC,Liverpool FC,3,6,A
502503,2024-12-22 16:30:00+00:00,BL1,2024,REGULAR_SEASON,15.0,VfL Wolfsburg,Borussia Dortmund,1,3,A
503203,2024-12-22 17:00:00+00:00,SA,2024,REGULAR_SEASON,17.0,Atalanta BC,Empoli FC,3,2,H
503897,2024-12-22 17:00:00+00:00,PPL,2024,REGULAR_SEASON,15.0,CD Santa Clara,Sporting Clube de Braga,0,2,A
498785,2024-12-22 17:30:00+00:00,PD,2024,REGULAR_SEASON,18.0,CD Leganés,Villarreal CF,2,5,A
498792,2024-12-22 17:30:00+00:00,PD,2024,REGULAR_SEASON,18.0,UD Las Palmas,RCD Espanyol de Barcelona,1,0,H
503209,2024-12-22 19:45:00+00:00,SA,2024,REGULAR_SEASON,17.0,AC Monza,Juventus FC,1,2,A
498783,2024-12-22 20:00:00+00:00,PD,2024,REGULAR_SEASON,18.0,Real Betis Balompié,Rayo Vallecano de Madrid,1,1,D
503890,2024-12-22 20:30:00+00:00,PPL,2024,REGULAR_SEASON,15.0,Gil Vicente FC,Sporting Clube de Portugal,0,0,D
503204,2024-12-23 17:30:00+00:00,SA,2024,REGULAR_SEASON,17.0,ACF Fiorentina,Udinese Calcio,1,2,A
503892,2024-12-23 18:45:00+00:00,PPL,2024,REGULAR_SEASON,15.0,Vitória SC,CD Nacional,2,2,D
503891,2024-12-23 18:45:00+00:00,PPL,2024,REGULAR_SEASON,15.0,Sport Lisboa e Benfica,GD Estoril Praia,3,0,H
503207,2024-12-23 19:45:00+00:00,SA,2024,REGULAR_SEASON,17.0,FC Internazionale Milano,Como 1907,2,0,H
503893,2024-12-23 20:45:00+00:00,PPL,2024,REGULAR_SEASON,15.0,CF Estrela da Amadora,Rio Ave FC,1,0,H
497585,2024-12-26 12:30:00+00:00,PL,2024,REGULAR_SEASON,18.0,Manchester City FC,Everton FC,1,1,D
497586,2024-12-26 15:00:00+00:00,PL,2024,REGULAR_SEASON,18.0,Newcastle United FC,Aston Villa FC,3,0,H
497580,2024-12-26 15:00:00+00:00,PL,2024,REGULAR_SEASON,18.0,AFC Bournemouth,Crystal Palace FC,0,0,D
497583,2024-12-26 15:00:00+00:00,PL,2024,REGULAR_SEASON,18.0,Chelsea FC,Fulham FC,1,2,A
497587,2024-12-26 15:00:00+00:00,PL,2024,REGULAR_SEASON,18.0,Nottingham Forest FC,Tottenham Hotspur FC,1,0,H
497588,2024-12-26 15:00:00+00:00,PL,2024,REGULAR_SEASON,18.0,Southampton FC,West Ham United FC,0,1,A
497589,2024-12-26 17:30:00+00:00,PL,2024,REGULAR_SEASON,18.0,Wolverhampton Wanderers FC,Manchester United FC,2,0,H
497584,2024-12-26 20:00:00+00:00,PL,2024,REGULAR_SEASON,18.0,Liverpool FC,Leicester City FC,3,1,H
497582,2024-12-27 19:30:00+00:00,PL,2024,REGULAR_SEASON,18.0,Brighton & Hove Albion FC,Brentford FC,0,0,D
497581,2024-12-27 20:15:00+00:00,PL,2024,REGULAR_SEASON,18.0,Arsenal FC,Ipswich Town FC,1,0,H
503883,2024-12-27 20:15:00+00:00,PPL,2024,REGULAR_SEASON,16.0,FC Arouca,Gil Vicente FC,1,1,D
503216,2024-12-28 14:00:00+00:00,SA,2024,REGULAR_SEASON,18.0,Empoli FC,Genoa CFC,1,2,A
503221,2024-12-28 14:00:00+00:00,SA,2024,REGULAR_SEASON,18.0,Parma Calcio 1913,AC Monza,2,1,H
503885,2024-12-28 15:30:00+00:00,PPL,2024,REGULAR_SEASON,16.0,AVS,CF Estrela da Amadora,1,1,D
503214,2024-12-28 17:00:00+00:00,SA,2024,REGULAR_SEASON,18.0,Cagliari Calcio,FC Internazionale Milano,0,3,A
503881,2024-12-28 18:00:00+00:00,PPL,2024,REGULAR_SEASON,16.0,GD Estoril Praia,Moreirense FC,2,2,D
503218,2024-12-28 19:45:00+00:00,SA,2024,REGULAR_SEASON,18.0,SS Lazio,Atalanta BC,1,1,D
503888,2024-12-28 20:30:00+00:00,PPL,2024,REGULAR_SEASON,16.0,FC Porto,Boavista FC,4,0,H
503222,2024-12-29 11:30:00+00:00,SA,2024,REGULAR_SEASON,18.0,Udinese Calcio,Torino FC,2,2,D
503220,2024-12-29 14:00:00+00:00,SA,2024,REGULAR_SEASON,18.0,SSC Napoli,Venezia FC,1,0,H
497596,2024-12-29 14:30:00+00:00,PL,2024,REGULAR_SEASON,19.0,Leicester City FC,Manchester City FC,0,2,A
497592,2024-12-29 15:00:00+00:00,PL,2024,REGULAR_SEASON,19.0,Crystal Palace FC,Southampton FC,2,1,H
497593,2024-12-29 15:00:00+00:00,PL,2024,REGULAR_SEASON,19.0,Everton FC,Nottingham Forest FC,0,2,A
497598,2024-12-29 15:00:00+00:00,PL,2024,REGULAR_SEASON,19.0,Tottenham Hotspur FC,Wolverhampton Wanderers FC,2,2,D
497594,2024-12-29 15:00:00+00:00,PL,2024,REGULAR_SEASON,19.0,Fulham FC,AFC Bournemouth,2,2,D
503884,2024-12-29 15:30:00+00:00,PPL,2024,REGULAR_SEASON,16.0,SC Farense,Vitória SC,2,2,D
503887,2024-12-29 15:30:00+00:00,PPL,2024,REGULAR_SEASON,16.0,Rio Ave FC,CD Nacional,2,1,H
503217,2024-12-29 17:00:00+00:00,SA,2024,REGULAR_SEASON,18.0,Juventus FC,ACF Fiorentina,2,2,D
497599,2024-12-29 17:15:00+00:00,PL,2024,REGULAR_SEASON,19.0,West Ham United FC,Liverpool FC,0,5,A
503882,2024-12-29 18:00:00+00:00,PPL,2024,REGULAR_SEASON,16.0,Sporting Clube de Braga,Casa Pia AC,1,2,A
503219,2024-12-29 19:45:00+00:00,SA,2024,REGULAR_SEASON,18.0,AC Milan,AS Roma,1,1,D
503889,2024-12-29 20:30:00+00:00,PPL,2024,REGULAR_SEASON,16.0,Sporting Clube de Portugal,Sport Lisboa e Benfica,1,0,H
503215,2024-12-30 17:30:00+00:00,SA,2024,REGULAR_SEASON,18.0,Como 1907,US Lecce,2,0,H
497590,2024-12-30 19:45:00+00:00,PL,2024,REGULAR_SEASON,19.0,Aston Villa FC,Brighton & Hove Albion FC,2,2,D
503213,2024-12-30 19:45:00+00:00,SA,2024,REGULAR_SEASON,18.0,Bologna FC 1909,Hellas Verona FC,2,3,A
497595,2024-12-30 19:45:00+00:00,PL,2024,REGULAR_SEASON,19.0,Ipswich Town FC,Chelsea FC,2,0,H
497597,2024-12-30 20:00:00+00:00,PL,2024,REGULAR_SEASON,19.0,Manchester United FC,Newcastle United FC,0,2,A
503886,2024-12-30 20:15:00+00:00,PPL,2024,REGULAR_SEASON,16.0,FC Famalicão,CD Santa Clara,1,2,A
497591,2025-01-01 17:30:00+00:00,PL,2024,REGULAR_SEASON,19.0,Brentford FC,Arsenal FC,1,3,A
498730,2025-01-03 20:00:00+00:00,PD,2024,REGULAR_SEASON,12.0,Valencia CF,Real Madrid CF,1,2,A
498094,2025-01-03 20:00:00+00:00,FL1,2024,REGULAR_SEASON,16.0,OGC Nice,Stade Rennais FC 1901,3,2,H
503875,2025-01-03 20:15:00+00:00,PPL,2024,REGULAR_SEASON,17.0,Vitória SC,Sporting Clube de Portugal,4,4,D
497607,2025-01-04 12:30:00+00:00,PL,2024,REGULAR_SEASON,20.0,Tottenham Hotspur FC,Newcastle United FC,1,2,A
503232,2025-01-04 14:00:00+00:00,SA,2024,REGULAR_SEASON,19.0,Venezia FC,Empoli FC,1,1,D
497601,2025-01-04 15:00:00+00:00,PL,2024,REGULAR_SEASON,20.0,Southampton FC,Brentford FC,0,5,A
497603,2025-01-04 15:00:00+00:00,PL,2024,REGULAR_SEASON,20.0,AFC Bournemouth,Everton FC,1,0,H
497605,2025-01-04 15:00:00+00:00,PL,2024,REGULAR_SEASON,20.0,Aston Villa FC,Leicester City FC,2,1,H
497609,2025-01-04 15:00:00+00:00,PL,2024,REGULAR_SEASON,20.0,Manchester City FC,West Ham United FC,4,1,H
497602,2025-01-04 15:00:00+00:00,PL,2024,REGULAR_SEASON,20.0,Crystal Palace FC,Chelsea FC,1,1,D
503877,2025-01-04 15:30:00+00:00,PPL,2024,REGULAR_SEASON,17.0,Moreirense FC,AVS,1,1,D
498089,2025-01-04 16:00:00+00:00,FL1,2024,REGULAR_SEASON,16.0,AS Saint-Étienne,Stade de Reims,3,1,H
503225,2025-01-04 17:00:00+00:00,SA,2024,REGULAR_SEASON,19.0,ACF Fiorentina,SSC Napoli,0,3,A
497600,2025-01-04 17:30:00+00:00,PL,2024,REGULAR_SEASON,20.0,Brighton & Hove Albion FC,Arsenal FC,1,1,D
503874,2025-01-04 18:00:00+00:00,PPL,2024,REGULAR_SEASON,17.0,Sport Lisboa e Benfica,Sporting Clube de Braga,1,2,A
498091,2025-01-04 18:00:00+00:00,FL1,2024,REGULAR_SEASON,16.0,Lille OSC,FC Nantes,1,1,D
503226,2025-01-04 19:45:00+00:00,SA,2024,REGULAR_SEASON,19.0,Hellas Verona FC,Udinese Calcio,0,0,D
498087,2025-01-04 20:00:00+00:00,FL1,2024,REGULAR_SEASON,16.0,Olympique Lyonnais,Montpellier HSC,1,0,H
503878,2025-01-04 20:30:00+00:00,PPL,2024,REGULAR_SEASON,17.0,Boavista FC,FC Arouca,1,3,A
503229,2025-01-05 11:30:00+00:00,SA,2024,REGULAR_SEASON,19.0,AC Monza,Cagliari Calcio,1,2,A
498093,2025-01-05 14:00:00+00:00,FL1,2024,REGULAR_SEASON,16.0,RC Strasbourg Alsace,AJ Auxerre,3,1,H
498090,2025-01-05 14:00:00+00:00,FL1,2024,REGULAR_SEASON,16.0,Angers SCO,Stade Brestois 29,2,0,H
498088,2025-01-05 14:00:00+00:00,FL1,2024,REGULAR_SEASON,16.0,Racing Club de Lens,Toulouse FC,0,1,A
503228,2025-01-05 14:00:00+00:00,SA,2024,REGULAR_SEASON,19.0,US Lecce,Genoa CFC,0,0,D
497604,2025-01-05 14:00:00+00:00,PL,2024,REGULAR_SEASON,20.0,Fulham FC,Ipswich Town FC,2,2,D
503879,2025-01-05 15:30:00+00:00,PPL,2024,REGULAR_SEASON,17.0,CD Santa Clara,SC Farense,0,0,D
497606,2025-01-05 16:30:00+00:00,PL,2024,REGULAR_SEASON,20.0,Liverpool FC,Manchester United FC,2,2,D
503231,2025-01-05 17:00:00+00:00,SA,2024,REGULAR_SEASON,19.0,Torino FC,Parma Calcio 1913,0,0,D
503873,2025-01-05 18:00:00+00:00,PPL,2024,REGULAR_SEASON,17.0,Casa Pia AC,FC Famalicão,1,1,D
498092,2025-01-05 19:45:00+00:00,FL1,2024,REGULAR_SEASON,16.0,Olympique de Marseille,Le Havre AC,5,1,H
503230,2025-01-05 19:45:00+00:00,SA,2024,REGULAR_SEASON,19.0,AS Roma,SS Lazio,2,0,H
503720,2025-01-05 20:30:00+00:00,PPL,2024,REGULAR_SEASON,17.0,CF Estrela da Amadora,GD Estoril Praia,2,4,A
497608,2025-01-06 20:00:00+00:00,PL,2024,REGULAR_SEASON,20.0,Wolverhampton Wanderers FC,Nottingham Forest FC,0,3,A
503876,2025-01-06 20:15:00+00:00,PPL,2024,REGULAR_SEASON,17.0,Gil Vicente FC,Rio Ave FC,1,1,D
498096,2025-01-10 18:00:00+00:00,FL1,2024,REGULAR_SEASON,17.0,FC Nantes,AS Monaco FC,2,2,D
499149,2025-01-10 19:00:00+00:00,DED,2024,REGULAR_SEASON,18.0,Fortuna Sittard,Go Ahead Eagles,0,3,A
502507,2025-01-10 19:45:00+00:00,BL1,2024,REGULAR_SEASON,16.0,Borussia Dortmund,Bayer 04 Leverkusen,2,3,A
503236,2025-01-10 19:45:00+00:00,SA,2024,REGULAR_SEASON,20.0,SS Lazio,Como 1907,1,1,D
498797,2025-01-10 20:00:00+00:00,PD,2024,REGULAR_SEASON,19.0,Rayo Vallecano de Madrid,RC Celta de Vigo,2,1,H
498097,2025-01-10 20:05:00+00:00,FL1,2024,REGULAR_SEASON,17.0,AJ Auxerre,Lille OSC,0,0,D
498795,2025-01-11 13:00:00+00:00,PD,2024,REGULAR_SEASON,19.0,Deportivo Alavés,Girona FC,0,1,A
503241,2025-01-11 14:00:00+00:00,SA,2024,REGULAR_SEASON,20.0,Udinese Calcio,Atalanta BC,0,0,D
503234,2025-01-11 14:00:00+00:00,SA,2024,REGULAR_SEASON,20.0,Empoli FC,US Lecce,1,3,A
502512,2025-01-11 14:30:00+00:00,BL1,2024,REGULAR_SEASON,16.0,1. FSV Mainz 05,VfL Bochum 1848,2,0,H
502514,2025-01-11 14:30:00+00:00,BL1,2024,REGULAR_SEASON,16.0,FC St. Pauli 1910,Eintracht Frankfurt,0,1,A
502508,2025-01-11 14:30:00+00:00,BL1,2024,REGULAR_SEASON,16.0,TSG 1899 Hoffenheim,VfL Wolfsburg,0,1,A
502509,2025-01-11 14:30:00+00:00,BL1,2024,REGULAR_SEASON,16.0,1. FC Heidenheim 1846,1. FC Union Berlin,2,0,H
502510,2025-01-11 14:30:00+00:00,BL1,2024,REGULAR_SEASON,16.0,SC Freiburg,Holstein Kiel,3,2,H
498800,2025-01-11 15:15:00+00:00,PD,2024,REGULAR_SEASON,19.0,Real Valladolid CF,Real Betis Balompié,1,0,H
499150,2025-01-11 15:30:00+00:00,DED,2024,REGULAR_SEASON,18.0,Heracles Almelo,Sparta Rotterdam,1,1,D
498101,2025-01-11 16:00:00+00:00,FL1,2024,REGULAR_SEASON,17.0,Stade Brestois 29,Olympique Lyonnais,2,1,H
503240,2025-01-11 17:00:00+00:00,SA,2024,REGULAR_SEASON,20.0,Torino FC,Juventus FC,1,1,D
502513,2025-01-11 17:30:00+00:00,BL1,2024,REGULAR_SEASON,16.0,Borussia Mönchengladbach,FC Bayern München,0,1,A
498802,2025-01-11 17:30:00+00:00,PD,2024,REGULAR_SEASON,19.0,RCD Espanyol de Barcelona,CD Leganés,1,1,D
499146,2025-01-11 17:45:00+00:00,DED,2024,REGULAR_SEASON,18.0,AFC Ajax,RKC Waalwijk,2,1,H
498098,2025-01-11 18:00:00+00:00,FL1,2024,REGULAR_SEASON,17.0,Stade de Reims,OGC Nice,2,4,A
499152,2025-01-11 19:00:00+00:00,DED,2024,REGULAR_SEASON,18.0,PEC Zwolle,NEC,0,1,A
503237,2025-01-11 19:45:00+00:00,SA,2024,REGULAR_SEASON,20.0,AC Milan,Cagliari Calcio,1,1,D
498796,2025-01-11 20:00:00+00:00,PD,2024,REGULAR_SEASON,19.0,Sevilla FC,Valencia CF,1,1,D
499153,2025-01-11 20:00:00+00:00,DED,2024,REGULAR_SEASON,18.0,PSV,AZ,2,2,D
498103,2025-01-11 20:05:00+00:00,FL1,2024,REGULAR_SEASON,17.0,Stade Rennais FC 1901,Olympique de Marseille,1,2,A
499154,2025-01-12 11:15:00+00:00,DED,2024,REGULAR_SEASON,18.0,FC Twente '65,Willem II Tilburg,6,2,H
503235,2025-01-12 11:30:00+00:00,SA,2024,REGULAR_SEASON,20.0,Genoa CFC,Parma Calcio 1913,1,0,H
498801,2025-01-12 13:00:00+00:00,PD,2024,REGULAR_SEASON,19.0,UD Las Palmas,Getafe CF,1,2,A
499147,2025-01-12 13:30:00+00:00,DED,2024,REGULAR_SEASON,18.0,FC Groningen,Almere City FC,0,0,D
499148,2025-01-12 13:30:00+00:00,DED,2024,REGULAR_SEASON,18.0,Feyenoord Rotterdam,FC Utrecht,1,2,A
503242,2025-01-12 14:00:00+00:00,SA,2024,REGULAR_SEASON,20.0,Venezia FC,FC Internazionale Milano,0,1,A
498099,2025-01-12 14:00:00+00:00,FL1,2024,REGULAR_SEASON,17.0,Le Havre AC,Racing Club de Lens,1,2,A
502506,2025-01-12 14:30:00+00:00,BL1,2024,REGULAR_SEASON,16.0,RB Leipzig,SV Werder Bremen,4,2,H
498794,2025-01-12 15:15:00+00:00,PD,2024,REGULAR_SEASON,19.0,Club Atlético de Madrid,CA Osasuna,1,0,H
503880,2025-01-12 15:30:00+00:00,PPL,2024,REGULAR_SEASON,17.0,CD Nacional,FC Porto,2,0,H
499151,2025-01-12 15:45:00+00:00,DED,2024,REGULAR_SEASON,18.0,NAC Breda,SC Heerenveen,2,4,A
498095,2025-01-12 16:15:00+00:00,FL1,2024,REGULAR_SEASON,17.0,Toulouse FC,RC Strasbourg Alsace,1,2,A
498100,2025-01-12 16:15:00+00:00,FL1,2024,REGULAR_SEASON,17.0,Montpellier HSC,Angers SCO,1,3,A
502511,2025-01-12 16:30:00+00:00,BL1,2024,REGULAR_SEASON,16.0,FC Augsburg,VfB Stuttgart,0,1,A
503233,2025-01-12 17:00:00+00:00,SA,2024,REGULAR_SEASON,20.0,Bologna FC 1909,AS Roma,2,2,D
498102,2025-01-12 19:45:00+00:00,FL1,2024,REGULAR_SEASON,17.0,Paris Saint-Germain FC,AS Saint-Étienne,2,1,H
503239,2025-01-12 19:45:00+00:00,SA,2024,REGULAR_SEASON,20.0,SSC Napoli,Hellas Verona FC,2,0,H
503238,2025-01-13 19:45:00+00:00,SA,2024,REGULAR_SEASON,20.0,AC Monza,ACF Fiorentina,2,1,H
498799,2025-01-13 20:00:00+00:00,PD,2024,REGULAR_SEASON,19.0,Real Sociedad de Fútbol,Villarreal CF,1,0,H
503224,2025-01-14 17:30:00+00:00,SA,2024,REGULAR_SEASON,19.0,Como 1907,AC Milan,1,2,A
502523,2025-01-14 17:30:00+00:00,BL1,2024,REGULAR_SEASON,17.0,Holstein Kiel,Borussia Dortmund,4,2,H
497615,2025-01-14 19:30:00+00:00,PL,2024,REGULAR_SEASON,21.0,Brentford FC,Manchester City FC,2,2,D
497617,2025-01-14 19:30:00+00:00,PL,2024,REGULAR_SEASON,21.0,Chelsea FC,AFC Bournemouth,2,2,D
497613,2025-01-14 19:30:00+00:00,PL,2024,REGULAR_SEASON,21.0,West Ham United FC,Fulham FC,3,2,H
502518,2025-01-14 19:30:00+00:00,BL1,2024,REGULAR_SEASON,17.0,Eintracht Frankfurt,SC Freiburg,4,1,H
502515,2025-01-14 19:30:00+00:00,BL1,2024,REGULAR_SEASON,17.0,Bayer 04 Leverkusen,1. FSV Mainz 05,1,0,H
502520,2025-01-14 19:30:00+00:00,BL1,2024,REGULAR_SEASON,17.0,VfL Wolfsburg,Borussia Mönchengladbach,5,1,H
503223,2025-01-14 19:45:00+00:00,SA,2024,REGULAR_SEASON,19.0,Atalanta BC,Juventus FC,1,1,D
497614,2025-01-14 20:00:00+00:00,PL,2024,REGULAR_SEASON,21.0,Nottingham Forest FC,Liverpool FC,1,1,D
502522,2025-01-15 17:30:00+00:00,BL1,2024,REGULAR_SEASON,17.0,VfL Bochum 1848,FC St. Pauli 1910,1,0,H
502516,2025-01-15 19:30:00+00:00,BL1,2024,REGULAR_SEASON,17.0,VfB Stuttgart,RB Leipzig,2,1,H
502517,2025-01-15 19:30:00+00:00,BL1,2024,REGULAR_SEASON,17.0,FC Bayern München,TSG 1899 Hoffenheim,5,0,H
502519,2025-01-15 19:30:00+00:00,BL1,2024,REGULAR_SEASON,17.0,SV Werder Bremen,1. FC Heidenheim 1846,3,3,D
497610,2025-01-15 19:30:00+00:00,PL,2024,REGULAR_SEASON,21.0,Everton FC,Aston Villa FC,0,1,A
502521,2025-01-15 19:30:00+00:00,BL1,2024,REGULAR_SEASON,17.0,1. FC Union Berlin,FC Augsburg,0,2,A
497612,2025-01-15 19:30:00+00:00,PL,2024,REGULAR_SEASON,21.0,Leicester City FC,Crystal Palace FC,0,2,A
497619,2025-01-15 19:30:00+00:00,PL,2024,REGULAR_SEASON,21.0,Newcastle United FC,Wolverhampton Wanderers FC,3,0,H
503227,2025-01-15 19:45:00+00:00,SA,2024,REGULAR_SEASON,19.0,FC Internazionale Milano,Bologna FC 1909,2,2,D
497616,2025-01-15 20:00:00+00:00,PL,2024,REGULAR_SEASON,21.0,Arsenal FC,Tottenham Hotspur FC,2,1,H
497611,2025-01-16 19:30:00+00:00,PL,2024,REGULAR_SEASON,21.0,Ipswich Town FC,Brighton & Hove Albion FC,0,2,A
497618,2025-01-16 20:00:00+00:00,PL,2024,REGULAR_SEASON,21.0,Manchester United FC,Southampton FC,3,1,H
498109,2025-01-17 18:00:00+00:00,FL1,2024,REGULAR_SEASON,18.0,Montpellier HSC,AS Monaco FC,2,1,H
502526,2025-01-17 19:30:00+00:00,BL1,2024,REGULAR_SEASON,18.0,Eintracht Frankfurt,Borussia Dortmund,2,0,H
503252,2025-01-17 19:45:00+00:00,SA,2024,REGULAR_SEASON,21.0,AS Roma,Genoa CFC,3,1,H
498812,2025-01-17 20:00:00+00:00,PD,2024,REGULAR_SEASON,20.0,RCD Espanyol de Barcelona,Real Valladolid CF,2,1,H
498106,2025-01-17 20:05:00+00:00,FL1,2024,REGULAR_SEASON,18.0,Lille OSC,OGC Nice,2,1,H
503868,2025-01-17 20:15:00+00:00,PPL,2024,REGULAR_SEASON,18.0,Sport Lisboa e Benfica,FC Famalicão,4,0,H
497620,2025-01-18 12:30:00+00:00,PL,2024,REGULAR_SEASON,22.0,Newcastle United FC,AFC Bournemouth,1,4,A
498808,2025-01-18 13:00:00+00:00,PD,2024,REGULAR_SEASON,20.0,Girona FC,Sevilla FC,1,2,A
503244,2025-01-18 14:00:00+00:00,SA,2024,REGULAR_SEASON,21.0,Bologna FC 1909,AC Monza,3,1,H
502525,2025-01-18 14:30:00+00:00,BL1,2024,REGULAR_SEASON,18.0,VfL Bochum 1848,RB Leipzig,3,3,D
502532,2025-01-18 14:30:00+00:00,BL1,2024,REGULAR_SEASON,18.0,1. FC Heidenheim 1846,FC St. Pauli 1910,0,2,A
502530,2025-01-18 14:30:00+00:00,BL1,2024,REGULAR_SEASON,18.0,FC Bayern München,VfL Wolfsburg,3,2,H
502527,2025-01-18 14:30:00+00:00,BL1,2024,REGULAR_SEASON,18.0,Holstein Kiel,TSG 1899 Hoffenheim,1,3,A
502528,2025-01-18 14:30:00+00:00,BL1,2024,REGULAR_SEASON,18.0,VfB Stuttgart,SC Freiburg,4,0,H
497623,2025-01-18 15:00:00+00:00,PL,2024,REGULAR_SEASON,22.0,West Ham United FC,Crystal Palace FC,0,2,A
497624,2025-01-18 15:00:00+00:00,PL,2024,REGULAR_SEASON,22.0,Leicester City FC,Fulham FC,0,2,A
497625,2025-01-18 15:00:00+00:00,PL,2024,REGULAR_SEASON,22.0,Brentford FC,Liverpool FC,0,2,A
498805,2025-01-18 15:15:00+00:00,PD,2024,REGULAR_SEASON,20.0,CD Leganés,Club Atlético de Madrid,1,0,H
499160,2025-01-18 15:30:00+00:00,DED,2024,REGULAR_SEASON,19.0,PEC Zwolle,PSV,3,1,H
503870,2025-01-18 15:30:00+00:00,PPL,2024,REGULAR_SEASON,18.0,CD Santa Clara,GD Estoril Praia,2,3,A
498105,2025-01-18 16:00:00+00:00,FL1,2024,REGULAR_SEASON,18.0,Racing Club de Lens,Paris Saint-Germain FC,1,2,A
503250,2025-01-18 17:00:00+00:00,SA,2024,REGULAR_SEASON,21.0,Juventus FC,AC Milan,2,0,H
498803,2025-01-18 17:30:00+00:00,PD,2024,REGULAR_SEASON,20.0,Real Betis Balompié,Deportivo Alavés,1,3,A
497621,2025-01-18 17:30:00+00:00,PL,2024,REGULAR_SEASON,22.0,Arsenal FC,Aston Villa FC,2,2,D
502524,2025-01-18 17:30:00+00:00,BL1,2024,REGULAR_SEASON,18.0,Bayer 04 Leverkusen,Borussia Mönchengladbach,3,1,H
499156,2025-01-18 17:45:00+00:00,DED,2024,REGULAR_SEASON,19.0,FC Utrecht,AZ,0,0,D
498112,2025-01-18 18:00:00+00:00,FL1,2024,REGULAR_SEASON,18.0,Stade Rennais FC 1901,Stade Brestois 29,1,2,A
503872,2025-01-18 18:00:00+00:00,PPL,2024,REGULAR_SEASON,18.0,Rio Ave FC,Sporting Clube de Portugal,0,3,A
499163,2025-01-18 19:00:00+00:00,DED,2024,REGULAR_SEASON,19.0,Willem II Tilburg,Feyenoord Rotterdam,1,1,D
503243,2025-01-18 19:45:00+00:00,SA,2024,REGULAR_SEASON,21.0,Atalanta BC,SSC Napoli,2,3,A
499157,2025-01-18 20:00:00+00:00,DED,2024,REGULAR_SEASON,19.0,Go Ahead Eagles,FC Groningen,2,1,H
498807,2025-01-18 20:00:00+00:00,PD,2024,REGULAR_SEASON,20.0,Getafe CF,FC Barcelona,1,1,D
498107,2025-01-18 20:05:00+00:00,FL1,2024,REGULAR_SEASON,18.0,Olympique Lyonnais,Toulouse FC,0,0,D
503865,2025-01-18 20:30:00+00:00,PPL,2024,REGULAR_SEASON,18.0,Vitória SC,FC Arouca,2,2,D
499158,2025-01-19 11:15:00+00:00,DED,2024,REGULAR_SEASON,19.0,NAC Breda,FC Twente '65,2,1,H
503247,2025-01-19 11:30:00+00:00,SA,2024,REGULAR_SEASON,21.0,ACF Fiorentina,Torino FC,1,1,D
498806,2025-01-19 13:00:00+00:00,PD,2024,REGULAR_SEASON,20.0,RC Celta de Vigo,Athletic Club,1,2,A
499161,2025-01-19 13:30:00+00:00,DED,2024,REGULAR_SEASON,19.0,SC Heerenveen,AFC Ajax,0,2,A
499155,2025-01-19 13:30:00+00:00,DED,2024,REGULAR_SEASON,19.0,Almere City FC,Heracles Almelo,0,2,A
503251,2025-01-19 14:00:00+00:00,SA,2024,REGULAR_SEASON,21.0,Parma Calcio 1913,Venezia FC,1,1,D
503245,2025-01-19 14:00:00+00:00,SA,2024,REGULAR_SEASON,21.0,Cagliari Calcio,US Lecce,4,1,H
497628,2025-01-19 14:00:00+00:00,PL,2024,REGULAR_SEASON,22.0,Everton FC,Tottenham Hotspur FC,3,2,H
497627,2025-01-19 14:00:00+00:00,PL,2024,REGULAR_SEASON,22.0,Nottingham Forest FC,Southampton FC,3,2,H
498108,2025-01-19 14:00:00+00:00,FL1,2024,REGULAR_SEASON,18.0,AS Saint-Étienne,FC Nantes,1,1,D
497622,2025-01-19 14:00:00+00:00,PL,2024,REGULAR_SEASON,22.0,Manchester United FC,Brighton & Hove Albion FC,1,3,A
502531,2025-01-19 14:30:00+00:00,BL1,2024,REGULAR_SEASON,18.0,1. FC Union Berlin,1. FSV Mainz 05,2,1,H
498811,2025-01-19 15:15:00+00:00,PD,2024,REGULAR_SEASON,20.0,Real Madrid CF,UD Las Palmas,4,1,H
503864,2025-01-19 15:30:00+00:00,PPL,2024,REGULAR_SEASON,18.0,CD Nacional,AVS,3,1,H
503866,2025-01-19 15:30:00+00:00,PPL,2024,REGULAR_SEASON,18.0,Moreirense FC,SC Farense,0,0,D
499159,2025-01-19 15:45:00+00:00,DED,2024,REGULAR_SEASON,19.0,NEC,Fortuna Sittard,4,1,H
498111,2025-01-19 16:15:00+00:00,FL1,2024,REGULAR_SEASON,18.0,Angers SCO,AJ Auxerre,2,0,H
498110,2025-01-19 16:15:00+00:00,FL1,2024,REGULAR_SEASON,18.0,Stade de Reims,Le Havre AC,1,1,D
502529,2025-01-19 16:30:00+00:00,BL1,2024,REGULAR_SEASON,18.0,SV Werder Bremen,FC Augsburg,0,2,A
497626,2025-01-19 16:30:00+00:00,PL,2024,REGULAR_SEASON,22.0,Ipswich Town FC,Manchester City FC,0,6,A
503248,2025-01-19 17:00:00+00:00,SA,2024,REGULAR_SEASON,21.0,Hellas Verona FC,SS Lazio,0,3,A
498804,2025-01-19 17:30:00+00:00,PD,2024,REGULAR_SEASON,20.0,CA Osasuna,Rayo Vallecano de Madrid,1,1,D
503867,2025-01-19 18:00:00+00:00,PPL,2024,REGULAR_SEASON,18.0,CF Estrela da Amadora,Sporting Clube de Braga,0,1,A
499162,2025-01-19 19:00:00+00:00,DED,2024,REGULAR_SEASON,19.0,Sparta Rotterdam,RKC Waalwijk,1,1,D
503249,2025-01-19 19:45:00+00:00,SA,2024,REGULAR_SEASON,21.0,FC Internazionale Milano,Empoli FC,3,1,H
498104,2025-01-19 19:45:00+00:00,FL1,2024,REGULAR_SEASON,18.0,Olympique de Marseille,RC Strasbourg Alsace,1,1,D
498809,2025-01-19 20:00:00+00:00,PD,2024,REGULAR_SEASON,20.0,Valencia CF,Real Sociedad de Fútbol,1,0,H
503871,2025-01-19 20:30:00+00:00,PPL,2024,REGULAR_SEASON,18.0,Gil Vicente FC,FC Porto,3,1,H
503246,2025-01-20 19:45:00+00:00,SA,2024,REGULAR_SEASON,21.0,Como 1907,Udinese Calcio,4,1,H
498810,2025-01-20 20:00:00+00:00,PD,2024,REGULAR_SEASON,20.0,Villarreal CF,RCD Mallorca,4,0,H
497629,2025-01-20 20:00:00+00:00,PL,2024,REGULAR_SEASON,22.0,Chelsea FC,Wolverhampton Wanderers FC,3,1,H
503869,2025-01-20 20:15:00+00:00,PPL,2024,REGULAR_SEASON,18.0,Boavista FC,Casa Pia AC,2,3,A
524043,2025-01-21 17:45:00+00:00,CL,2024,LEAGUE_STAGE,7.0,AS Monaco FC,Aston Villa FC,1,0,H
523975,2025-01-21 17:45:00+00:00,CL,2024,LEAGUE_STAGE,7.0,Atalanta BC,SK Sturm Graz,5,0,H
523977,2025-01-21 20:00:00+00:00,CL,2024,LEAGUE_STAGE,7.0,Club Atlético de Madrid,Bayer 04 Leverkusen,2,1,H
524059,2025-01-21 20:00:00+00:00,CL,2024,LEAGUE_STAGE,7.0,ŠK Slovan Bratislava,VfB Stuttgart,1,3,A
523946,2025-01-21 20:00:00+00:00,CL,2024,LEAGUE_STAGE,7.0,Liverpool FC,Lille OSC,2,1,H
523984,2025-01-21 20:00:00+00:00,CL,2024,LEAGUE_STAGE,7.0,Sport Lisboa e Benfica,FC Barcelona,4,5,A
523989,2025-01-21 20:00:00+00:00,CL,2024,LEAGUE_STAGE,7.0,Club Brugge KV,Juventus FC,0,0,D
524030,2025-01-21 20:00:00+00:00,CL,2024,LEAGUE_STAGE,7.0,FK Crvena Zvezda,PSV,2,3,A
524048,2025-01-21 20:00:00+00:00,CL,2024,LEAGUE_STAGE,7.0,Bologna FC 1909,Borussia Dortmund,2,1,H
524003,2025-01-22 17:45:00+00:00,CL,2024,LEAGUE_STAGE,7.0,FK Shakhtar Donetsk,Stade Brestois 29,2,0,H
523962,2025-01-22 17:45:00+00:00,CL,2024,LEAGUE_STAGE,7.0,RB Leipzig,Sporting Clube de Portugal,2,1,H
524006,2025-01-22 20:00:00+00:00,CL,2024,LEAGUE_STAGE,7.0,Celtic FC,BSC Young Boys,1,0,H
524060,2025-01-22 20:00:00+00:00,CL,2024,LEAGUE_STAGE,7.0,AC Sparta Praha,FC Internazionale Milano,0,1,A
523956,2025-01-22 20:00:00+00:00,CL,2024,LEAGUE_STAGE,7.0,Paris Saint-Germain FC,Manchester City FC,4,2,H
523966,2025-01-22 20:00:00+00:00,CL,2024,LEAGUE_STAGE,7.0,Real Madrid CF,FC Red Bull Salzburg,5,1,H
523971,2025-01-22 20:00:00+00:00,CL,2024,LEAGUE_STAGE,7.0,AC Milan,Girona FC,1,0,H
523994,2025-01-22 20:00:00+00:00,CL,2024,LEAGUE_STAGE,7.0,Arsenal FC,GNK Dinamo Zagreb,3,0,H
524012,2025-01-22 20:00:00+00:00,CL,2024,LEAGUE_STAGE,7.0,Feyenoord Rotterdam,FC Bayern München,3,0,H
499169,2025-01-24 19:00:00+00:00,DED,2024,REGULAR_SEASON,20.0,Heracles Almelo,FC Utrecht,1,1,D
502541,2025-01-24 19:30:00+00:00,BL1,2024,REGULAR_SEASON,19.0,VfL Wolfsburg,Holstein Kiel,2,2,D
498118,2025-01-24 19:45:00+00:00,FL1,2024,REGULAR_SEASON,19.0,AJ Auxerre,AS Saint-Étienne,1,1,D
503260,2025-01-24 19:45:00+00:00,SA,2024,REGULAR_SEASON,22.0,Torino FC,Cagliari Calcio,2,0,H
498821,2025-01-24 20:00:00+00:00,PD,2024,REGULAR_SEASON,21.0,UD Las Palmas,CA Osasuna,1,1,D
503860,2025-01-24 20:15:00+00:00,PPL,2024,REGULAR_SEASON,19.0,FC Arouca,Moreirense FC,1,0,H
498818,2025-01-25 13:00:00+00:00,PD,2024,REGULAR_SEASON,21.0,RCD Mallorca,Real Betis Balompié,0,1,A
503253,2025-01-25 14:00:00+00:00,SA,2024,REGULAR_SEASON,22.0,Como 1907,Atalanta BC,1,2,A
502533,2025-01-25 14:30:00+00:00,BL1,2024,REGULAR_SEASON,19.0,RB Leipzig,Bayer 04 Leverkusen,2,2,D
502537,2025-01-25 14:30:00+00:00,BL1,2024,REGULAR_SEASON,19.0,FC Augsburg,1. FC Heidenheim 1846,2,1,H
502535,2025-01-25 14:30:00+00:00,BL1,2024,REGULAR_SEASON,19.0,SC Freiburg,FC Bayern München,1,2,A
502534,2025-01-25 14:30:00+00:00,BL1,2024,REGULAR_SEASON,19.0,1. FSV Mainz 05,VfB Stuttgart,2,0,H
502538,2025-01-25 14:30:00+00:00,BL1,2024,REGULAR_SEASON,19.0,Borussia Dortmund,SV Werder Bremen,2,2,D
497634,2025-01-25 15:00:00+00:00,PL,2024,REGULAR_SEASON,23.0,Southampton FC,Newcastle United FC,1,3,A
497633,2025-01-25 15:00:00+00:00,PL,2024,REGULAR_SEASON,23.0,Brighton & Hove Albion FC,Everton FC,0,1,A
497632,2025-01-25 15:00:00+00:00,PL,2024,REGULAR_SEASON,23.0,Wolverhampton Wanderers FC,Arsenal FC,0,1,A
497631,2025-01-25 15:00:00+00:00,PL,2024,REGULAR_SEASON,23.0,Liverpool FC,Ipswich Town FC,4,1,H
497635,2025-01-25 15:00:00+00:00,PL,2024,REGULAR_SEASON,23.0,AFC Bournemouth,Nottingham Forest FC,5,0,H
498814,2025-01-25 15:15:00+00:00,PD,2024,REGULAR_SEASON,21.0,Club Atlético de Madrid,Villarreal CF,1,1,D
503862,2025-01-25 15:30:00+00:00,PPL,2024,REGULAR_SEASON,19.0,SC Farense,Rio Ave FC,1,2,A
503857,2025-01-25 15:30:00+00:00,PPL,2024,REGULAR_SEASON,19.0,FC Famalicão,CF Estrela da Amadora,0,0,D
498115,2025-01-25 16:00:00+00:00,FL1,2024,REGULAR_SEASON,19.0,AS Monaco FC,Stade Rennais FC 1901,3,2,H
503259,2025-01-25 17:00:00+00:00,SA,2024,REGULAR_SEASON,22.0,SSC Napoli,Juventus FC,2,1,H
502540,2025-01-25 17:30:00+00:00,BL1,2024,REGULAR_SEASON,19.0,Borussia Mönchengladbach,VfL Bochum 1848,3,0,H
497638,2025-01-25 17:30:00+00:00,PL,2024,REGULAR_SEASON,23.0,Manchester City FC,Chelsea FC,3,1,H
498822,2025-01-25 17:30:00+00:00,PD,2024,REGULAR_SEASON,21.0,Sevilla FC,RCD Espanyol de Barcelona,1,1,D
499170,2025-01-25 17:45:00+00:00,DED,2024,REGULAR_SEASON,20.0,PSV,NAC Breda,3,2,H
503858,2025-01-25 18:00:00+00:00,PPL,2024,REGULAR_SEASON,19.0,Casa Pia AC,Sport Lisboa e Benfica,3,1,H
498113,2025-01-25 18:00:00+00:00,FL1,2024,REGULAR_SEASON,19.0,RC Strasbourg Alsace,Lille OSC,2,1,H
503254,2025-01-25 19:45:00+00:00,SA,2024,REGULAR_SEASON,22.0,Empoli FC,Bologna FC 1909,1,1,D
498820,2025-01-25 20:00:00+00:00,PD,2024,REGULAR_SEASON,21.0,Real Valladolid CF,Real Madrid CF,0,3,A
498120,2025-01-25 20:05:00+00:00,FL1,2024,REGULAR_SEASON,19.0,Paris Saint-Germain FC,Stade de Reims,1,1,D
499166,2025-01-25 20:15:00+00:00,DED,2024,REGULAR_SEASON,20.0,FC Groningen,SC Heerenveen,1,0,H
503855,2025-01-25 20:30:00+00:00,PPL,2024,REGULAR_SEASON,19.0,Sporting Clube de Portugal,CD Nacional,2,0,H
499168,2025-01-26 11:15:00+00:00,DED,2024,REGULAR_SEASON,20.0,Fortuna Sittard,PEC Zwolle,1,4,A
503258,2025-01-26 11:30:00+00:00,SA,2024,REGULAR_SEASON,22.0,AC Milan,Parma Calcio 1913,3,2,H
498817,2025-01-26 13:00:00+00:00,PD,2024,REGULAR_SEASON,21.0,Rayo Vallecano de Madrid,Girona FC,2,1,H
499171,2025-01-26 13:30:00+00:00,DED,2024,REGULAR_SEASON,20.0,RKC Waalwijk,Willem II Tilburg,2,0,H
503261,2025-01-26 14:00:00+00:00,SA,2024,REGULAR_SEASON,22.0,Udinese Calcio,AS Roma,1,2,A
497637,2025-01-26 14:00:00+00:00,PL,2024,REGULAR_SEASON,23.0,Crystal Palace FC,Brentford FC,1,2,A
497639,2025-01-26 14:00:00+00:00,PL,2024,REGULAR_SEASON,23.0,Tottenham Hotspur FC,Leicester City FC,1,2,A
498117,2025-01-26 14:00:00+00:00,FL1,2024,REGULAR_SEASON,19.0,Le Havre AC,Stade Brestois 29,0,1,A
502536,2025-01-26 14:30:00+00:00,BL1,2024,REGULAR_SEASON,19.0,TSG 1899 Hoffenheim,Eintracht Frankfurt,2,2,D
498819,2025-01-26 15:15:00+00:00,PD,2024,REGULAR_SEASON,21.0,Real Sociedad de Fútbol,Getafe CF,0,3,A
503863,2025-01-26 15:30:00+00:00,PPL,2024,REGULAR_SEASON,19.0,GD Estoril Praia,Vitória SC,1,0,H
499165,2025-01-26 15:45:00+00:00,DED,2024,REGULAR_SEASON,20.0,AZ,Sparta Rotterdam,1,2,A
498114,2025-01-26 16:15:00+00:00,FL1,2024,REGULAR_SEASON,19.0,FC Nantes,Olympique Lyonnais,1,1,D
498116,2025-01-26 16:15:00+00:00,FL1,2024,REGULAR_SEASON,19.0,Toulouse FC,Montpellier HSC,1,2,A
498119,2025-01-26 16:15:00+00:00,FL1,2024,REGULAR_SEASON,19.0,Racing Club de Lens,Angers SCO,1,0,H
497636,2025-01-26 16:30:00+00:00,PL,2024,REGULAR_SEASON,23.0,Aston Villa FC,West Ham United FC,1,1,D
502539,2025-01-26 16:30:00+00:00,BL1,2024,REGULAR_SEASON,19.0,FC St. Pauli 1910,1. FC Union Berlin,3,0,H
503257,2025-01-26 17:00:00+00:00,SA,2024,REGULAR_SEASON,22.0,US Lecce,FC Internazionale Milano,0,4,A
498813,2025-01-26 17:30:00+00:00,PD,2024,REGULAR_SEASON,21.0,Athletic Club,CD Leganés,0,0,D
503859,2025-01-26 18:00:00+00:00,PPL,2024,REGULAR_SEASON,19.0,FC Porto,CD Santa Clara,1,1,D
497630,2025-01-26 19:00:00+00:00,PL,2024,REGULAR_SEASON,23.0,Fulham FC,Manchester United FC,0,1,A
503256,2025-01-26 19:45:00+00:00,SA,2024,REGULAR_SEASON,22.0,SS Lazio,ACF Fiorentina,1,2,A
498121,2025-01-26 19:45:00+00:00,FL1,2024,REGULAR_SEASON,19.0,OGC Nice,Olympique de Marseille,2,0,H
498816,2025-01-26 20:00:00+00:00,PD,2024,REGULAR_SEASON,21.0,FC Barcelona,Valencia CF,7,1,H
503856,2025-01-26 20:30:00+00:00,PPL,2024,REGULAR_SEASON,19.0,Sporting Clube de Braga,Boavista FC,3,0,H
503262,2025-01-27 17:30:00+00:00,SA,2024,REGULAR_SEASON,22.0,Venezia FC,Hellas Verona FC,1,1,D
503255,2025-01-27 19:45:00+00:00,SA,2024,REGULAR_SEASON,22.0,Genoa CFC,AC Monza,2,0,H
498815,2025-01-27 20:00:00+00:00,PD,2024,REGULAR_SEASON,21.0,Deportivo Alavés,RC Celta de Vigo,1,1,D
503861,2025-01-27 20:15:00+00:00,PPL,2024,REGULAR_SEASON,19.0,AVS,Gil Vicente FC,1,0,H
499141,2025-01-28 19:00:00+00:00,DED,2024,REGULAR_SEASON,17.0,Heracles Almelo,FC Groningen,1,1,D
524064,2025-01-29 20:00:00+00:00,CL,2024,LEAGUE_STAGE,8.0,Stade Brestois 29,Real Madrid CF,0,3,A
524046,2025-01-29 20:00:00+00:00,CL,2024,LEAGUE_STAGE,8.0,Aston Villa FC,Celtic FC,4,2,H
524068,2025-01-29 20:00:00+00:00,CL,2024,LEAGUE_STAGE,8.0,SK Sturm Graz,RB Leipzig,1,0,H
524072,2025-01-29 20:00:00+00:00,CL,2024,LEAGUE_STAGE,8.0,VfB Stuttgart,Paris Saint-Germain FC,1,4,A
524035,2025-01-29 20:00:00+00:00,CL,2024,LEAGUE_STAGE,8.0,Sporting Clube de Portugal,Bologna FC 1909,1,1,D
523941,2025-01-29 20:00:00+00:00,CL,2024,LEAGUE_STAGE,8.0,FC Barcelona,Atalanta BC,2,2,D
524009,2025-01-29 20:00:00+00:00,CL,2024,LEAGUE_STAGE,8.0,GNK Dinamo Zagreb,AC Milan,2,1,H
523937,2025-01-29 20:00:00+00:00,CL,2024,LEAGUE_STAGE,8.0,Borussia Dortmund,FK Shakhtar Donetsk,3,1,H
524025,2025-01-29 20:00:00+00:00,CL,2024,LEAGUE_STAGE,8.0,FC Red Bull Salzburg,Club Atlético de Madrid,1,4,A
524020,2025-01-29 20:00:00+00:00,CL,2024,LEAGUE_STAGE,8.0,PSV,Liverpool FC,3,2,H
524018,2025-01-29 20:00:00+00:00,CL,2024,LEAGUE_STAGE,8.0,Lille OSC,Feyenoord Rotterdam,6,1,H
523951,2025-01-29 20:00:00+00:00,CL,2024,LEAGUE_STAGE,8.0,FC Internazionale Milano,AS Monaco FC,3,0,H
523997,2025-01-29 20:00:00+00:00,CL,2024,LEAGUE_STAGE,8.0,Juventus FC,Sport Lisboa e Benfica,0,2,A
523953,2025-01-29 20:00:00+00:00,CL,2024,LEAGUE_STAGE,8.0,Manchester City FC,Club Brugge KV,3,1,H
523983,2025-01-29 20:00:00+00:00,CL,2024,LEAGUE_STAGE,8.0,Bayer 04 Leverkusen,AC Sparta Praha,2,0,H
524038,2025-01-29 20:00:00+00:00,CL,2024,LEAGUE_STAGE,8.0,BSC Young Boys,FK Crvena Zvezda,0,1,A
524053,2025-01-29 20:00:00+00:00,CL,2024,LEAGUE_STAGE,8.0,Girona FC,Arsenal FC,1,2,A
523935,2025-01-29 20:00:00+00:00,CL,2024,LEAGUE_STAGE,8.0,FC Bayern München,ŠK Slovan Bratislava,3,1,H
499176,2025-01-31 19:00:00+00:00,DED,2024,REGULAR_SEASON,21.0,NAC Breda,Heracles Almelo,1,1,D
502548,2025-01-31 19:30:00+00:00,BL1,2024,REGULAR_SEASON,20.0,SV Werder Bremen,1. FSV Mainz 05,1,0,H
498124,2025-01-31 19:45:00+00:00,FL1,2024,REGULAR_SEASON,20.0,Montpellier HSC,Racing Club de Lens,0,2,A
503270,2025-01-31 19:45:00+00:00,SA,2024,REGULAR_SEASON,23.0,Parma Calcio 1913,US Lecce,1,3,A
498826,2025-01-31 20:00:00+00:00,PD,2024,REGULAR_SEASON,22.0,CD Leganés,Rayo Vallecano de Madrid,0,1,A
503853,2025-01-31 20:15:00+00:00,PPL,2024,REGULAR_SEASON,20.0,Boavista FC,FC Famalicão,0,2,A
497641,2025-02-01 12:30:00+00:00,PL,2024,REGULAR_SEASON,24.0,Nottingham Forest FC,Brighton & Hove Albion FC,7,0,H
498828,2025-02-01 13:00:00+00:00,PD,2024,REGULAR_SEASON,22.0,Getafe CF,Sevilla FC,0,0,D
503269,2025-02-01 14:00:00+00:00,SA,2024,REGULAR_SEASON,23.0,AC Monza,Hellas Verona FC,0,1,A
503272,2025-02-01 14:00:00+00:00,SA,2024,REGULAR_SEASON,23.0,Udinese Calcio,Venezia FC,3,2,H
502543,2025-02-01 14:30:00+00:00,BL1,2024,REGULAR_SEASON,20.0,1. FC Heidenheim 1846,Borussia Dortmund,1,2,A
502545,2025-02-01 14:30:00+00:00,BL1,2024,REGULAR_SEASON,20.0,VfL Bochum 1848,SC Freiburg,0,1,A
502546,2025-02-01 14:30:00+00:00,BL1,2024,REGULAR_SEASON,20.0,FC St. Pauli 1910,FC Augsburg,1,1,D
502549,2025-02-01 14:30:00+00:00,BL1,2024,REGULAR_SEASON,20.0,VfB Stuttgart,Borussia Mönchengladbach,1,2,A
502550,2025-02-01 14:30:00+00:00,BL1,2024,REGULAR_SEASON,20.0,FC Bayern München,Holstein Kiel,4,3,H
497644,2025-02-01 15:00:00+00:00,PL,2024,REGULAR_SEASON,24.0,Everton FC,Leicester City FC,4,0,H
497643,2025-02-01 15:00:00+00:00,PL,2024,REGULAR_SEASON,24.0,Newcastle United FC,Fulham FC,1,2,A
497645,2025-02-01 15:00:00+00:00,PL,2024,REGULAR_SEASON,24.0,AFC Bournemouth,Liverpool FC,0,2,A
497647,2025-02-01 15:00:00+00:00,PL,2024,REGULAR_SEASON,24.0,Ipswich Town FC,Southampton FC,1,2,A
498831,2025-02-01 15:15:00+00:00,PD,2024,REGULAR_SEASON,22.0,Villarreal CF,Real Valladolid CF,5,1,H
503846,2025-02-01 15:30:00+00:00,PPL,2024,REGULAR_SEASON,20.0,CD Nacional,FC Arouca,1,2,A
503852,2025-02-01 15:30:00+00:00,PPL,2024,REGULAR_SEASON,20.0,CD Santa Clara,Casa Pia AC,2,1,H
498123,2025-02-01 16:00:00+00:00,FL1,2024,REGULAR_SEASON,20.0,Stade Brestois 29,Paris Saint-Germain FC,2,5,A
503263,2025-02-01 17:00:00+00:00,SA,2024,REGULAR_SEASON,23.0,Atalanta BC,Torino FC,1,1,D
497640,2025-02-01 17:30:00+00:00,PL,2024,REGULAR_SEASON,24.0,Wolverhampton Wanderers FC,Aston Villa FC,2,0,H
498823,2025-02-01 17:30:00+00:00,PD,2024,REGULAR_SEASON,22.0,Club Atlético de Madrid,RCD Mallorca,2,0,H
502542,2025-02-01 17:30:00+00:00,BL1,2024,REGULAR_SEASON,20.0,1. FC Union Berlin,RB Leipzig,0,0,D
499178,2025-02-01 17:45:00+00:00,DED,2024,REGULAR_SEASON,21.0,PEC Zwolle,FC Utrecht,3,3,D
498130,2025-02-01 18:00:00+00:00,FL1,2024,REGULAR_SEASON,20.0,AS Monaco FC,AJ Auxerre,4,2,H
503850,2025-02-01 18:00:00+00:00,PPL,2024,REGULAR_SEASON,20.0,Gil Vicente FC,GD Estoril Praia,1,2,A
499179,2025-02-01 19:00:00+00:00,DED,2024,REGULAR_SEASON,21.0,SC Heerenveen,Fortuna Sittard,2,2,D
503264,2025-02-01 19:45:00+00:00,SA,2024,REGULAR_SEASON,23.0,Bologna FC 1909,Como 1907,2,0,H
498832,2025-02-01 20:00:00+00:00,PD,2024,REGULAR_SEASON,22.0,RCD Espanyol de Barcelona,Real Madrid CF,1,0,H
499177,2025-02-01 20:00:00+00:00,DED,2024,REGULAR_SEASON,21.0,NEC,PSV,3,3,D
498125,2025-02-01 20:05:00+00:00,FL1,2024,REGULAR_SEASON,20.0,Lille OSC,AS Saint-Étienne,4,1,H
503854,2025-02-01 20:30:00+00:00,PPL,2024,REGULAR_SEASON,20.0,Vitória SC,AVS,2,0,H
499174,2025-02-02 11:15:00+00:00,DED,2024,REGULAR_SEASON,21.0,Almere City FC,RKC Waalwijk,1,4,A
503267,2025-02-02 11:30:00+00:00,SA,2024,REGULAR_SEASON,23.0,Juventus FC,Empoli FC,4,1,H
498827,2025-02-02 13:00:00+00:00,PD,2024,REGULAR_SEASON,22.0,FC Barcelona,Deportivo Alavés,1,0,H
499175,2025-02-02 13:30:00+00:00,DED,2024,REGULAR_SEASON,21.0,Go Ahead Eagles,FC Twente '65,2,2,D
499173,2025-02-02 13:30:00+00:00,DED,2024,REGULAR_SEASON,21.0,AFC Ajax,Feyenoord Rotterdam,2,1,H
497648,2025-02-02 14:00:00+00:00,PL,2024,REGULAR_SEASON,24.0,Brentford FC,Tottenham Hotspur FC,0,2,A
503266,2025-02-02 14:00:00+00:00,SA,2024,REGULAR_SEASON,23.0,ACF Fiorentina,Genoa CFC,2,1,H
497642,2025-02-02 14:00:00+00:00,PL,2024,REGULAR_SEASON,24.0,Manchester United FC,Crystal Palace FC,0,2,A
498128,2025-02-02 14:00:00+00:00,FL1,2024,REGULAR_SEASON,20.0,Toulouse FC,OGC Nice,1,1,D
502547,2025-02-02 14:30:00+00:00,BL1,2024,REGULAR_SEASON,20.0,Eintracht Frankfurt,VfL Wolfsburg,1,1,D
498830,2025-02-02 15:15:00+00:00,PD,2024,REGULAR_SEASON,22.0,Valencia CF,RC Celta de Vigo,2,1,H
499180,2025-02-02 15:45:00+00:00,DED,2024,REGULAR_SEASON,21.0,Sparta Rotterdam,FC Groningen,1,0,H
498127,2025-02-02 16:15:00+00:00,FL1,2024,REGULAR_SEASON,20.0,Angers SCO,Le Havre AC,1,1,D
498129,2025-02-02 16:15:00+00:00,FL1,2024,REGULAR_SEASON,20.0,Stade Rennais FC 1901,RC Strasbourg Alsace,1,0,H
498126,2025-02-02 16:15:00+00:00,FL1,2024,REGULAR_SEASON,20.0,Stade de Reims,FC Nantes,1,2,A
497646,2025-02-02 16:30:00+00:00,PL,2024,REGULAR_SEASON,24.0,Arsenal FC,Manchester City FC,5,1,H
502544,2025-02-02 16:30:00+00:00,BL1,2024,REGULAR_SEASON,20.0,Bayer 04 Leverkusen,TSG 1899 Hoffenheim,3,1,H
503268,2025-02-02 17:00:00+00:00,SA,2024,REGULAR_SEASON,23.0,AC Milan,FC Internazionale Milano,1,1,D
498825,2025-02-02 17:30:00+00:00,PD,2024,REGULAR_SEASON,22.0,CA Osasuna,Real Sociedad de Fútbol,2,1,H
503851,2025-02-02 18:00:00+00:00,PPL,2024,REGULAR_SEASON,20.0,Sporting Clube de Portugal,SC Farense,3,1,H
499181,2025-02-02 19:00:00+00:00,DED,2024,REGULAR_SEASON,21.0,Willem II Tilburg,AZ,0,2,A
503271,2025-02-02 19:45:00+00:00,SA,2024,REGULAR_SEASON,23.0,AS Roma,SSC Napoli,1,1,D
498122,2025-02-02 19:45:00+00:00,FL1,2024,REGULAR_SEASON,20.0,Olympique de Marseille,Olympique Lyonnais,3,2,H
498824,2025-02-02 20:00:00+00:00,PD,2024,REGULAR_SEASON,22.0,Real Betis Balompié,Athletic Club,2,2,D
503849,2025-02-02 20:30:00+00:00,PPL,2024,REGULAR_SEASON,20.0,CF Estrela da Amadora,Sport Lisboa e Benfica,2,3,A
503848,2025-02-03 18:45:00+00:00,PPL,2024,REGULAR_SEASON,20.0,Moreirense FC,Sporting Clube de Braga,1,2,A
503265,2025-02-03 19:45:00+00:00,SA,2024,REGULAR_SEASON,23.0,Cagliari Calcio,SS Lazio,1,2,A
498829,2025-02-03 20:00:00+00:00,PD,2024,REGULAR_SEASON,22.0,Girona FC,UD Las Palmas,2,1,H
497649,2025-02-03 20:00:00+00:00,PL,2024,REGULAR_SEASON,24.0,Chelsea FC,West Ham United FC,2,1,H
503847,2025-02-03 20:45:00+00:00,PPL,2024,REGULAR_SEASON,20.0,Rio Ave FC,FC Porto,2,2,D
503176,2025-02-06 19:45:00+00:00,SA,2024,REGULAR_SEASON,14.0,ACF Fiorentina,FC Internazionale Milano,3,0,H
498132,2025-02-07 18:00:00+00:00,FL1,2024,REGULAR_SEASON,21.0,FC Nantes,Stade Brestois 29,0,2,A
502555,2025-02-07 19:30:00+00:00,BL1,2024,REGULAR_SEASON,21.0,FC Bayern München,SV Werder Bremen,3,0,H
503274,2025-02-07 19:45:00+00:00,SA,2024,REGULAR_SEASON,24.0,Como 1907,Juventus FC,1,2,A
498838,2025-02-07 20:00:00+00:00,PD,2024,REGULAR_SEASON,23.0,Rayo Vallecano de Madrid,Real Valladolid CF,1,0,H
498136,2025-02-07 20:05:00+00:00,FL1,2024,REGULAR_SEASON,21.0,Paris Saint-Germain FC,AS Monaco FC,4,1,H
503837,2025-02-07 20:15:00+00:00,PPL,2024,REGULAR_SEASON,21.0,FC Porto,Sporting Clube de Portugal,1,1,D
498834,2025-02-08 13:00:00+00:00,PD,2024,REGULAR_SEASON,23.0,RC Celta de Vigo,Real Betis Balompié,3,2,H
503276,2025-02-08 14:00:00+00:00,SA,2024,REGULAR_SEASON,24.0,Hellas Verona FC,Atalanta BC,0,5,A
502557,2025-02-08 14:30:00+00:00,BL1,2024,REGULAR_SEASON,21.0,TSG 1899 Hoffenheim,1. FC Union Berlin,0,4,A
502556,2025-02-08 14:30:00+00:00,BL1,2024,REGULAR_SEASON,21.0,1. FSV Mainz 05,FC Augsburg,0,0,D
502551,2025-02-08 14:30:00+00:00,BL1,2024,REGULAR_SEASON,21.0,VfL Wolfsburg,Bayer 04 Leverkusen,0,0,D
502552,2025-02-08 14:30:00+00:00,BL1,2024,REGULAR_SEASON,21.0,Borussia Dortmund,VfB Stuttgart,1,2,A
502554,2025-02-08 14:30:00+00:00,BL1,2024,REGULAR_SEASON,21.0,SC Freiburg,1. FC Heidenheim 1846,1,0,H
498833,2025-02-08 15:15:00+00:00,PD,2024,REGULAR_SEASON,23.0,Athletic Club,Girona FC,3,0,H
503841,2025-02-08 15:30:00+00:00,PPL,2024,REGULAR_SEASON,21.0,AVS,CD Santa Clara,1,2,A
499187,2025-02-08 15:30:00+00:00,DED,2024,REGULAR_SEASON,22.0,Heracles Almelo,Go Ahead Eagles,4,2,H
498139,2025-02-08 16:00:00+00:00,FL1,2024,REGULAR_SEASON,21.0,OGC Nice,Racing Club de Lens,2,0,H
503275,2025-02-08 17:00:00+00:00,SA,2024,REGULAR_SEASON,24.0,Empoli FC,AC Milan,0,2,A
498841,2025-02-08 17:30:00+00:00,PD,2024,REGULAR_SEASON,23.0,UD Las Palmas,Villarreal CF,1,2,A
502553,2025-02-08 17:30:00+00:00,BL1,2024,REGULAR_SEASON,21.0,Borussia Mönchengladbach,Eintracht Frankfurt,1,1,D
499188,2025-02-08 17:45:00+00:00,DED,2024,REGULAR_SEASON,22.0,PSV,Willem II Tilburg,1,1,D
498134,2025-02-08 18:00:00+00:00,FL1,2024,REGULAR_SEASON,21.0,Lille OSC,Le Havre AC,1,2,A
503839,2025-02-08 18:00:00+00:00,PPL,2024,REGULAR_SEASON,21.0,Sport Lisboa e Benfica,Moreirense FC,3,2,H
499183,2025-02-08 19:00:00+00:00,DED,2024,REGULAR_SEASON,22.0,FC Groningen,NEC,2,1,H
503281,2025-02-08 19:45:00+00:00,SA,2024,REGULAR_SEASON,24.0,Torino FC,Genoa CFC,1,1,D
499185,2025-02-08 20:00:00+00:00,DED,2024,REGULAR_SEASON,22.0,Feyenoord Rotterdam,Sparta Rotterdam,3,0,H
498840,2025-02-08 20:00:00+00:00,PD,2024,REGULAR_SEASON,23.0,Real Madrid CF,Club Atlético de Madrid,1,1,D
498135,2025-02-08 20:05:00+00:00,FL1,2024,REGULAR_SEASON,21.0,AS Saint-Étienne,Stade Rennais FC 1901,0,2,A
503843,2025-02-08 20:30:00+00:00,PPL,2024,REGULAR_SEASON,21.0,FC Famalicão,Vitória SC,0,0,D
499184,2025-02-09 11:15:00+00:00,DED,2024,REGULAR_SEASON,22.0,FC Utrecht,Almere City FC,0,1,A
503282,2025-02-09 11:30:00+00:00,SA,2024,REGULAR_SEASON,24.0,Venezia FC,AS Roma,0,1,A
498835,2025-02-09 13:00:00+00:00,PD,2024,REGULAR_SEASON,23.0,Deportivo Alavés,Getafe CF,0,1,A
499189,2025-02-09 13:30:00+00:00,DED,2024,REGULAR_SEASON,22.0,RKC Waalwijk,NAC Breda,5,0,H
499186,2025-02-09 13:30:00+00:00,DED,2024,REGULAR_SEASON,22.0,Fortuna Sittard,AFC Ajax,0,2,A
498137,2025-02-09 14:00:00+00:00,FL1,2024,REGULAR_SEASON,21.0,Olympique Lyonnais,Stade de Reims,4,0,H
503273,2025-02-09 14:00:00+00:00,SA,2024,REGULAR_SEASON,24.0,Cagliari Calcio,Parma Calcio 1913,2,1,H
503278,2025-02-09 14:00:00+00:00,SA,2024,REGULAR_SEASON,24.0,SS Lazio,AC Monza,5,1,H
502558,2025-02-09 14:30:00+00:00,BL1,2024,REGULAR_SEASON,21.0,Holstein Kiel,VfL Bochum 1848,2,2,D
498837,2025-02-09 15:15:00+00:00,PD,2024,REGULAR_SEASON,23.0,Valencia CF,CD Leganés,2,0,H
503838,2025-02-09 15:30:00+00:00,PPL,2024,REGULAR_SEASON,21.0,GD Estoril Praia,Boavista FC,2,1,H
503844,2025-02-09 15:30:00+00:00,PPL,2024,REGULAR_SEASON,21.0,SC Farense,CD Nacional,0,2,A
499190,2025-02-09 15:45:00+00:00,DED,2024,REGULAR_SEASON,22.0,SC Heerenveen,FC Twente '65,3,3,D
499182,2025-02-09 15:45:00+00:00,DED,2024,REGULAR_SEASON,22.0,AZ,PEC Zwolle,2,0,H
498131,2025-02-09 16:15:00+00:00,FL1,2024,REGULAR_SEASON,21.0,AJ Auxerre,Toulouse FC,2,2,D
498133,2025-02-09 16:15:00+00:00,FL1,2024,REGULAR_SEASON,21.0,RC Strasbourg Alsace,Montpellier HSC,2,0,H
502559,2025-02-09 16:30:00+00:00,BL1,2024,REGULAR_SEASON,21.0,RB Leipzig,FC St. Pauli 1910,2,0,H
503279,2025-02-09 17:00:00+00:00,SA,2024,REGULAR_SEASON,24.0,US Lecce,Bologna FC 1909,0,0,D
498842,2025-02-09 17:30:00+00:00,PD,2024,REGULAR_SEASON,23.0,Real Sociedad de Fútbol,RCD Espanyol de Barcelona,2,1,H
503840,2025-02-09 18:00:00+00:00,PPL,2024,REGULAR_SEASON,21.0,Sporting Clube de Braga,Gil Vicente FC,2,0,H
503280,2025-02-09 19:45:00+00:00,SA,2024,REGULAR_SEASON,24.0,SSC Napoli,Udinese Calcio,1,1,D
498138,2025-02-09 19:45:00+00:00,FL1,2024,REGULAR_SEASON,21.0,Angers SCO,Olympique de Marseille,0,2,A
498836,2025-02-09 20:00:00+00:00,PD,2024,REGULAR_SEASON,23.0,Sevilla FC,FC Barcelona,1,4,A
503845,2025-02-09 20:30:00+00:00,PPL,2024,REGULAR_SEASON,21.0,Casa Pia AC,CF Estrela da Amadora,1,0,H
503277,2025-02-10 19:45:00+00:00,SA,2024,REGULAR_SEASON,24.0,FC Internazionale Milano,ACF Fiorentina,2,1,H
498839,2025-02-10 20:00:00+00:00,PD,2024,REGULAR_SEASON,23.0,RCD Mallorca,CA Osasuna,1,1,D
503842,2025-02-10 20:15:00+00:00,PPL,2024,REGULAR_SEASON,21.0,FC Arouca,Rio Ave FC,1,1,D
524076,2025-02-11 17:45:00+00:00,CL,2024,PLAYOFFS,1.0,Stade Brestois 29,Paris Saint-Germain FC,0,3,A
524077,2025-02-11 20:00:00+00:00,CL,2024,PLAYOFFS,1.0,Manchester City FC,Real Madrid CF,2,3,A
524081,2025-02-11 20:00:00+00:00,CL,2024,PLAYOFFS,1.0,Juventus FC,PSV,2,1,H
524082,2025-02-11 20:00:00+00:00,CL,2024,PLAYOFFS,1.0,Sporting Clube de Portugal,Borussia Dortmund,0,3,A
524080,2025-02-12 17:45:00+00:00,CL,2024,PLAYOFFS,1.0,Club Brugge KV,Atalanta BC,2,1,H
497553,2025-02-12 19:30:00+00:00,PL,2024,REGULAR_SEASON,15.0,Everton FC,Liverpool FC,2,2,D
524079,2025-02-12 20:00:00+00:00,CL,2024,PLAYOFFS,1.0,Celtic FC,FC Bayern München,1,2,A
524078,2025-02-12 20:00:00+00:00,CL,2024,PLAYOFFS,1.0,AS Monaco FC,Sport Lisboa e Benfica,0,1,A
524083,2025-02-12 20:00:00+00:00,CL,2024,PLAYOFFS,1.0,Feyenoord Rotterdam,AC Milan,1,0,H
499193,2025-02-14 19:00:00+00:00,DED,2024,REGULAR_SEASON,23.0,Go Ahead Eagles,Sparta Rotterdam,1,0,H
502561,2025-02-14 19:30:00+00:00,BL1,2024,REGULAR_SEASON,22.0,FC Augsburg,RB Leipzig,0,0,D
498144,2025-02-14 19:45:00+00:00,FL1,2024,REGULAR_SEASON,22.0,Stade Brestois 29,AJ Auxerre,2,2,D
503284,2025-02-14 19:45:00+00:00,SA,2024,REGULAR_SEASON,25.0,Bologna FC 1909,Torino FC,3,2,H
498848,2025-02-14 20:00:00+00:00,PD,2024,REGULAR_SEASON,24.0,Girona FC,Getafe CF,1,2,A
497653,2025-02-14 20:00:00+00:00,PL,2024,REGULAR_SEASON,25.0,Brighton & Hove Albion FC,Chelsea FC,3,0,H
503835,2025-02-14 20:15:00+00:00,PPL,2024,REGULAR_SEASON,22.0,Boavista FC,CF Estrela da Amadora,0,1,A
497651,2025-02-15 12:30:00+00:00,PL,2024,REGULAR_SEASON,25.0,Leicester City FC,Arsenal FC,0,2,A
498846,2025-02-15 13:00:00+00:00,PD,2024,REGULAR_SEASON,24.0,CD Leganés,Deportivo Alavés,3,3,D
503283,2025-02-15 14:00:00+00:00,SA,2024,REGULAR_SEASON,25.0,Atalanta BC,Cagliari Calcio,0,0,D
502567,2025-02-15 14:30:00+00:00,BL1,2024,REGULAR_SEASON,22.0,1. FC Union Berlin,Borussia Mönchengladbach,1,2,A
502562,2025-02-15 14:30:00+00:00,BL1,2024,REGULAR_SEASON,22.0,VfL Bochum 1848,Borussia Dortmund,2,0,H
502564,2025-02-15 14:30:00+00:00,BL1,2024,REGULAR_SEASON,22.0,FC St. Pauli 1910,SC Freiburg,0,1,A
502565,2025-02-15 14:30:00+00:00,BL1,2024,REGULAR_SEASON,22.0,VfB Stuttgart,VfL Wolfsburg,1,2,A
497655,2025-02-15 15:00:00+00:00,PL,2024,REGULAR_SEASON,25.0,Aston Villa FC,Ipswich Town FC,1,1,D
497652,2025-02-15 15:00:00+00:00,PL,2024,REGULAR_SEASON,25.0,West Ham United FC,Brentford FC,0,1,A
497650,2025-02-15 15:00:00+00:00,PL,2024,REGULAR_SEASON,25.0,Southampton FC,AFC Bournemouth,1,3,A
497657,2025-02-15 15:00:00+00:00,PL,2024,REGULAR_SEASON,25.0,Manchester City FC,Newcastle United FC,4,0,H
497658,2025-02-15 15:00:00+00:00,PL,2024,REGULAR_SEASON,25.0,Fulham FC,Nottingham Forest FC,2,1,H
498845,2025-02-15 15:15:00+00:00,PD,2024,REGULAR_SEASON,24.0,CA Osasuna,Real Madrid CF,1,1,D
503828,2025-02-15 15:30:00+00:00,PPL,2024,REGULAR_SEASON,22.0,Moreirense FC,Casa Pia AC,3,2,H
499197,2025-02-15 15:30:00+00:00,DED,2024,REGULAR_SEASON,23.0,PSV,FC Utrecht,2,2,D
498141,2025-02-15 16:00:00+00:00,FL1,2024,REGULAR_SEASON,22.0,Olympique de Marseille,AS Saint-Étienne,5,1,H
503832,2025-02-15 17:00:00+00:00,PPL,2024,REGULAR_SEASON,22.0,CD Nacional,GD Estoril Praia,2,2,D
503288,2025-02-15 17:00:00+00:00,SA,2024,REGULAR_SEASON,25.0,SS Lazio,SSC Napoli,2,2,D
498843,2025-02-15 17:30:00+00:00,PD,2024,REGULAR_SEASON,24.0,Club Atlético de Madrid,RC Celta de Vigo,1,1,D
497654,2025-02-15 17:30:00+00:00,PL,2024,REGULAR_SEASON,25.0,Crystal Palace FC,Everton FC,1,2,A
502560,2025-02-15 17:30:00+00:00,BL1,2024,REGULAR_SEASON,22.0,Bayer 04 Leverkusen,FC Bayern München,0,0,D
499194,2025-02-15 17:45:00+00:00,DED,2024,REGULAR_SEASON,23.0,NAC Breda,Feyenoord Rotterdam,0,0,D
503831,2025-02-15 18:00:00+00:00,PPL,2024,REGULAR_SEASON,22.0,CD Santa Clara,Sport Lisboa e Benfica,0,1,A
498148,2025-02-15 18:00:00+00:00,FL1,2024,REGULAR_SEASON,22.0,AS Monaco FC,FC Nantes,7,1,H
503289,2025-02-15 19:45:00+00:00,SA,2024,REGULAR_SEASON,25.0,AC Milan,Hellas Verona FC,1,0,H
499199,2025-02-15 20:00:00+00:00,DED,2024,REGULAR_SEASON,23.0,Willem II Tilburg,FC Groningen,1,3,A
498849,2025-02-15 20:00:00+00:00,PD,2024,REGULAR_SEASON,24.0,Villarreal CF,Valencia CF,1,1,D
498140,2025-02-15 20:05:00+00:00,FL1,2024,REGULAR_SEASON,22.0,Toulouse FC,Paris Saint-Germain FC,0,1,A
503830,2025-02-15 20:30:00+00:00,PPL,2024,REGULAR_SEASON,22.0,Sporting Clube de Portugal,FC Arouca,2,2,D
499195,2025-02-16 11:15:00+00:00,DED,2024,REGULAR_SEASON,23.0,NEC,Almere City FC,2,2,D
503285,2025-02-16 11:30:00+00:00,SA,2024,REGULAR_SEASON,25.0,ACF Fiorentina,Como 1907,0,2,A
498852,2025-02-16 13:00:00+00:00,PD,2024,REGULAR_SEASON,24.0,RCD Espanyol de Barcelona,Athletic Club,1,1,D
499198,2025-02-16 13:30:00+00:00,DED,2024,REGULAR_SEASON,23.0,FC Twente '65,RKC Waalwijk,2,0,H
499196,2025-02-16 13:30:00+00:00,DED,2024,REGULAR_SEASON,23.0,PEC Zwolle,SC Heerenveen,1,1,D
497659,2025-02-16 14:00:00+00:00,PL,2024,REGULAR_SEASON,25.0,Liverpool FC,Wolverhampton Wanderers FC,2,1,H
498142,2025-02-16 14:00:00+00:00,FL1,2024,REGULAR_SEASON,22.0,Montpellier HSC,Olympique Lyonnais,1,4,A
503292,2025-02-16 14:00:00+00:00,SA,2024,REGULAR_SEASON,25.0,Udinese Calcio,Empoli FC,3,0,H
503290,2025-02-16 14:00:00+00:00,SA,2024,REGULAR_SEASON,25.0,AC Monza,US Lecce,0,0,D
502563,2025-02-16 14:30:00+00:00,BL1,2024,REGULAR_SEASON,22.0,SV Werder Bremen,TSG 1899 Hoffenheim,1,3,A
498851,2025-02-16 15:15:00+00:00,PD,2024,REGULAR_SEASON,24.0,Real Valladolid CF,Sevilla FC,0,4,A
503836,2025-02-16 15:30:00+00:00,PPL,2024,REGULAR_SEASON,22.0,Rio Ave FC,AVS,1,1,D
499191,2025-02-16 15:45:00+00:00,DED,2024,REGULAR_SEASON,23.0,AFC Ajax,Heracles Almelo,4,0,H
498143,2025-02-16 16:15:00+00:00,FL1,2024,REGULAR_SEASON,22.0,Racing Club de Lens,RC Strasbourg Alsace,0,2,A
498147,2025-02-16 16:15:00+00:00,FL1,2024,REGULAR_SEASON,22.0,Le Havre AC,OGC Nice,1,3,A
498146,2025-02-16 16:15:00+00:00,FL1,2024,REGULAR_SEASON,22.0,Stade de Reims,Angers SCO,0,1,A
497656,2025-02-16 16:30:00+00:00,PL,2024,REGULAR_SEASON,25.0,Tottenham Hotspur FC,Manchester United FC,1,0,H
502568,2025-02-16 16:30:00+00:00,BL1,2024,REGULAR_SEASON,22.0,Eintracht Frankfurt,Holstein Kiel,3,1,H
503291,2025-02-16 17:00:00+00:00,SA,2024,REGULAR_SEASON,25.0,Parma Calcio 1913,AS Roma,0,1,A
498850,2025-02-16 17:30:00+00:00,PD,2024,REGULAR_SEASON,24.0,RCD Mallorca,UD Las Palmas,3,1,H
503834,2025-02-16 18:00:00+00:00,PPL,2024,REGULAR_SEASON,22.0,SC Farense,FC Porto,0,1,A
502566,2025-02-16 18:30:00+00:00,BL1,2024,REGULAR_SEASON,22.0,1. FC Heidenheim 1846,1. FSV Mainz 05,0,2,A
498145,2025-02-16 19:45:00+00:00,FL1,2024,REGULAR_SEASON,22.0,Stade Rennais FC 1901,Lille OSC,0,2,A
503287,2025-02-16 19:45:00+00:00,SA,2024,REGULAR_SEASON,25.0,Juventus FC,FC Internazionale Milano,1,0,H
498844,2025-02-16 20:00:00+00:00,PD,2024,REGULAR_SEASON,24.0,Real Betis Balompié,Real Sociedad de Fútbol,3,0,H
503829,2025-02-16 20:30:00+00:00,PPL,2024,REGULAR_SEASON,22.0,Vitória SC,Sporting Clube de Braga,0,0,D
503286,2025-02-17 19:45:00+00:00,SA,2024,REGULAR_SEASON,25.0,Genoa CFC,Venezia FC,2,0,H
498847,2025-02-17 20:00:00+00:00,PD,2024,REGULAR_SEASON,24.0,FC Barcelona,Rayo Vallecano de Madrid,1,0,H
503833,2025-02-17 20:15:00+00:00,PPL,2024,REGULAR_SEASON,22.0,Gil Vicente FC,FC Famalicão,0,2,A
524091,2025-02-18 17:45:00+00:00,CL,2024,PLAYOFFS,2.0,AC Milan,Feyenoord Rotterdam,1,1,D
524087,2025-02-18 20:00:00+00:00,CL,2024,PLAYOFFS,2.0,FC Bayern München,Celtic FC,1,1,D
524086,2025-02-18 20:00:00+00:00,CL,2024,PLAYOFFS,2.0,Sport Lisboa e Benfica,AS Monaco FC,3,3,D
524088,2025-02-18 20:00:00+00:00,CL,2024,PLAYOFFS,2.0,Atalanta BC,Club Brugge KV,1,3,A
524090,2025-02-19 17:45:00+00:00,CL,2024,PLAYOFFS,2.0,Borussia Dortmund,Sporting Clube de Portugal,0,0,D
497692,2025-02-19 19:30:00+00:00,PL,2024,REGULAR_SEASON,29.0,Aston Villa FC,Liverpool FC,2,2,D
524084,2025-02-19 20:00:00+00:00,CL,2024,PLAYOFFS,2.0,Paris Saint-Germain FC,Stade Brestois 29,7,0,H
524085,2025-02-19 20:00:00+00:00,CL,2024,PLAYOFFS,2.0,Real Madrid CF,Manchester City FC,3,1,H
524089,2025-02-19 20:00:00+00:00,CL,2024,PLAYOFFS,2.0,PSV,Juventus FC,3,1,H
502573,2025-02-21 19:30:00+00:00,BL1,2024,REGULAR_SEASON,23.0,SC Freiburg,SV Werder Bremen,5,0,H
498149,2025-02-21 19:45:00+00:00,FL1,2024,REGULAR_SEASON,23.0,Stade Rennais FC 1901,Stade de Reims,1,0,H
503298,2025-02-21 19:45:00+00:00,SA,2024,REGULAR_SEASON,26.0,US Lecce,Udinese Calcio,0,1,A
497660,2025-02-21 20:00:00+00:00,PL,2024,REGULAR_SEASON,26.0,Leicester City FC,Brentford FC,0,4,A
498854,2025-02-21 20:00:00+00:00,PD,2024,REGULAR_SEASON,25.0,RC Celta de Vigo,CA Osasuna,1,0,H
503822,2025-02-21 20:15:00+00:00,PPL,2024,REGULAR_SEASON,23.0,Sporting Clube de Braga,CD Nacional,1,0,H
497665,2025-02-22 12:30:00+00:00,PL,2024,REGULAR_SEASON,26.0,Everton FC,Manchester United FC,2,2,D
498862,2025-02-22 13:00:00+00:00,PD,2024,REGULAR_SEASON,25.0,Deportivo Alavés,RCD Espanyol de Barcelona,0,1,A
503299,2025-02-22 14:00:00+00:00,SA,2024,REGULAR_SEASON,26.0,Parma Calcio 1913,Bologna FC 1909,2,0,H
503302,2025-02-22 14:00:00+00:00,SA,2024,REGULAR_SEASON,26.0,Venezia FC,SS Lazio,0,0,D
502577,2025-02-22 14:30:00+00:00,BL1,2024,REGULAR_SEASON,23.0,1. FSV Mainz 05,FC St. Pauli 1910,2,0,H
502574,2025-02-22 14:30:00+00:00,BL1,2024,REGULAR_SEASON,23.0,Borussia Mönchengladbach,FC Augsburg,0,3,A
502576,2025-02-22 14:30:00+00:00,BL1,2024,REGULAR_SEASON,23.0,VfL Wolfsburg,VfL Bochum 1848,1,1,D
502569,2025-02-22 14:30:00+00:00,BL1,2024,REGULAR_SEASON,23.0,Holstein Kiel,Bayer 04 Leverkusen,0,2,A
497669,2025-02-22 15:00:00+00:00,PL,2024,REGULAR_SEASON,26.0,AFC Bournemouth,Wolverhampton Wanderers FC,0,1,A
497668,2025-02-22 15:00:00+00:00,PL,2024,REGULAR_SEASON,26.0,Arsenal FC,West Ham United FC,0,1,A
497667,2025-02-22 15:00:00+00:00,PL,2024,REGULAR_SEASON,26.0,Fulham FC,Crystal Palace FC,0,2,A
497661,2025-02-22 15:00:00+00:00,PL,2024,REGULAR_SEASON,26.0,Southampton FC,Brighton & Hove Albion FC,0,4,A
497666,2025-02-22 15:00:00+00:00,PL,2024,REGULAR_SEASON,26.0,Ipswich Town FC,Tottenham Hotspur FC,1,4,A
498858,2025-02-22 15:15:00+00:00,PD,2024,REGULAR_SEASON,25.0,Rayo Vallecano de Madrid,Villarreal CF,0,1,A
503827,2025-02-22 15:30:00+00:00,PPL,2024,REGULAR_SEASON,23.0,Casa Pia AC,Gil Vicente FC,1,0,H
498151,2025-02-22 16:00:00+00:00,FL1,2024,REGULAR_SEASON,23.0,Lille OSC,AS Monaco FC,2,1,H
503301,2025-02-22 17:00:00+00:00,SA,2024,REGULAR_SEASON,26.0,Torino FC,AC Milan,2,1,H
498857,2025-02-22 17:30:00+00:00,PD,2024,REGULAR_SEASON,25.0,Valencia CF,Club Atlético de Madrid,0,3,A
502575,2025-02-22 17:30:00+00:00,BL1,2024,REGULAR_SEASON,23.0,Borussia Dortmund,1. FC Union Berlin,6,0,H
497662,2025-02-22 17:30:00+00:00,PL,2024,REGULAR_SEASON,26.0,Aston Villa FC,Chelsea FC,2,1,H
503819,2025-02-22 18:00:00+00:00,PPL,2024,REGULAR_SEASON,23.0,Sport Lisboa e Benfica,Boavista FC,3,0,H
498154,2025-02-22 18:00:00+00:00,FL1,2024,REGULAR_SEASON,23.0,AS Saint-Étienne,Angers SCO,3,3,D
499167,2025-02-22 19:00:00+00:00,DED,2024,REGULAR_SEASON,20.0,Feyenoord Rotterdam,Almere City FC,2,1,H
503297,2025-02-22 19:45:00+00:00,SA,2024,REGULAR_SEASON,26.0,FC Internazionale Milano,Genoa CFC,1,0,H
498861,2025-02-22 20:00:00+00:00,PD,2024,REGULAR_SEASON,25.0,UD Las Palmas,FC Barcelona,0,2,A
498155,2025-02-22 20:05:00+00:00,FL1,2024,REGULAR_SEASON,23.0,AJ Auxerre,Olympique de Marseille,3,0,H
503826,2025-02-22 20:30:00+00:00,PPL,2024,REGULAR_SEASON,23.0,GD Estoril Praia,Rio Ave FC,2,1,H
503294,2025-02-23 11:30:00+00:00,SA,2024,REGULAR_SEASON,26.0,Como 1907,SSC Napoli,2,1,H
498853,2025-02-23 13:00:00+00:00,PD,2024,REGULAR_SEASON,25.0,Athletic Club,Real Valladolid CF,7,1,H
499164,2025-02-23 13:30:00+00:00,DED,2024,REGULAR_SEASON,20.0,AFC Ajax,Go Ahead Eagles,2,0,H
499172,2025-02-23 13:30:00+00:00,DED,2024,REGULAR_SEASON,20.0,FC Twente '65,NEC,2,0,H
497663,2025-02-23 14:00:00+00:00,PL,2024,REGULAR_SEASON,26.0,Newcastle United FC,Nottingham Forest FC,4,3,H
498153,2025-02-23 14:00:00+00:00,FL1,2024,REGULAR_SEASON,23.0,FC Nantes,Racing Club de Lens,3,1,H
503296,2025-02-23 14:00:00+00:00,SA,2024,REGULAR_SEASON,26.0,Hellas Verona FC,ACF Fiorentina,1,0,H
502572,2025-02-23 14:30:00+00:00,BL1,2024,REGULAR_SEASON,23.0,RB Leipzig,1. FC Heidenheim 1846,2,2,D
498859,2025-02-23 15:15:00+00:00,PD,2024,REGULAR_SEASON,25.0,Real Madrid CF,Girona FC,2,0,H
503821,2025-02-23 15:30:00+00:00,PPL,2024,REGULAR_SEASON,23.0,CF Estrela da Amadora,CD Santa Clara,0,0,D
503824,2025-02-23 15:30:00+00:00,PPL,2024,REGULAR_SEASON,23.0,FC Arouca,SC Farense,2,2,D
499192,2025-02-23 15:45:00+00:00,DED,2024,REGULAR_SEASON,23.0,AZ,Fortuna Sittard,1,0,H
498152,2025-02-23 16:15:00+00:00,FL1,2024,REGULAR_SEASON,23.0,RC Strasbourg Alsace,Stade Brestois 29,0,0,D
498156,2025-02-23 16:15:00+00:00,FL1,2024,REGULAR_SEASON,23.0,OGC Nice,Montpellier HSC,2,0,H
498150,2025-02-23 16:15:00+00:00,FL1,2024,REGULAR_SEASON,23.0,Le Havre AC,Toulouse FC,1,4,A
497664,2025-02-23 16:30:00+00:00,PL,2024,REGULAR_SEASON,26.0,Manchester City FC,Liverpool FC,0,2,A
502571,2025-02-23 16:30:00+00:00,BL1,2024,REGULAR_SEASON,23.0,FC Bayern München,Eintracht Frankfurt,4,0,H
503295,2025-02-23 17:00:00+00:00,SA,2024,REGULAR_SEASON,26.0,Empoli FC,Atalanta BC,0,5,A
498855,2025-02-23 17:30:00+00:00,PD,2024,REGULAR_SEASON,25.0,Getafe CF,Real Betis Balompié,1,2,A
503823,2025-02-23 18:00:00+00:00,PPL,2024,REGULAR_SEASON,23.0,AVS,Sporting Clube de Portugal,2,2,D
502570,2025-02-23 18:30:00+00:00,BL1,2024,REGULAR_SEASON,23.0,TSG 1899 Hoffenheim,VfB Stuttgart,1,1,D
498157,2025-02-23 19:45:00+00:00,FL1,2024,REGULAR_SEASON,23.0,Olympique Lyonnais,Paris Saint-Germain FC,2,3,A
503293,2025-02-23 19:45:00+00:00,SA,2024,REGULAR_SEASON,26.0,Cagliari Calcio,Juventus FC,0,1,A
498860,2025-02-23 20:00:00+00:00,PD,2024,REGULAR_SEASON,25.0,Real Sociedad de Fútbol,CD Leganés,3,0,H
503825,2025-02-23 20:30:00+00:00,PPL,2024,REGULAR_SEASON,23.0,FC Famalicão,Moreirense FC,2,0,H
503300,2025-02-24 19:45:00+00:00,SA,2024,REGULAR_SEASON,26.0,AS Roma,AC Monza,4,0,H
498856,2025-02-24 20:00:00+00:00,PD,2024,REGULAR_SEASON,25.0,Sevilla FC,RCD Mallorca,1,1,D
503820,2025-02-24 20:15:00+00:00,PPL,2024,REGULAR_SEASON,23.0,FC Porto,Vitória SC,1,1,D
497670,2025-02-25 19:30:00+00:00,PL,2024,REGULAR_SEASON,27.0,Brighton & Hove Albion FC,AFC Bournemouth,2,1,H
497672,2025-02-25 19:30:00+00:00,PL,2024,REGULAR_SEASON,27.0,Crystal Palace FC,Aston Villa FC,4,1,H
497674,2025-02-25 19:30:00+00:00,PL,2024,REGULAR_SEASON,27.0,Wolverhampton Wanderers FC,Fulham FC,1,2,A
497678,2025-02-25 20:15:00+00:00,PL,2024,REGULAR_SEASON,27.0,Chelsea FC,Southampton FC,4,0,H
497671,2025-02-26 19:30:00+00:00,PL,2024,REGULAR_SEASON,27.0,Nottingham Forest FC,Arsenal FC,0,0,D
497673,2025-02-26 19:30:00+00:00,PL,2024,REGULAR_SEASON,27.0,Brentford FC,Everton FC,1,1,D
497675,2025-02-26 19:30:00+00:00,PL,2024,REGULAR_SEASON,27.0,Tottenham Hotspur FC,Manchester City FC,0,1,A
497677,2025-02-26 19:30:00+00:00,PL,2024,REGULAR_SEASON,27.0,Manchester United FC,Ipswich Town FC,3,2,H
497679,2025-02-26 20:15:00+00:00,PL,2024,REGULAR_SEASON,27.0,Liverpool FC,Newcastle United FC,2,0,H
503124,2025-02-27 19:45:00+00:00,SA,2024,REGULAR_SEASON,9.0,Bologna FC 1909,AC Milan,2,1,H
497676,2025-02-27 20:00:00+00:00,PL,2024,REGULAR_SEASON,27.0,West Ham United FC,Leicester City FC,2,0,H
499206,2025-02-28 19:00:00+00:00,DED,2024,REGULAR_SEASON,24.0,RKC Waalwijk,Fortuna Sittard,1,2,A
502579,2025-02-28 19:30:00+00:00,BL1,2024,REGULAR_SEASON,24.0,VfB Stuttgart,FC Bayern München,1,3,A
498165,2025-02-28 19:45:00+00:00,FL1,2024,REGULAR_SEASON,24.0,AS Monaco FC,Stade de Reims,3,0,H
503305,2025-02-28 19:45:00+00:00,SA,2024,REGULAR_SEASON,27.0,ACF Fiorentina,US Lecce,1,0,H
498871,2025-02-28 20:00:00+00:00,PD,2024,REGULAR_SEASON,26.0,Real Valladolid CF,UD Las Palmas,1,1,D
498868,2025-03-01 13:00:00+00:00,PD,2024,REGULAR_SEASON,26.0,Girona FC,RC Celta de Vigo,2,2,D
503303,2025-03-01 14:00:00+00:00,SA,2024,REGULAR_SEASON,27.0,Atalanta BC,Venezia FC,0,0,D
502580,2025-03-01 14:30:00+00:00,BL1,2024,REGULAR_SEASON,24.0,FC St. Pauli 1910,Borussia Dortmund,0,2,A
502585,2025-03-01 14:30:00+00:00,BL1,2024,REGULAR_SEASON,24.0,1. FC Heidenheim 1846,Borussia Mönchengladbach,0,3,A
502584,2025-03-01 14:30:00+00:00,BL1,2024,REGULAR_SEASON,24.0,RB Leipzig,1. FSV Mainz 05,1,2,A
502581,2025-03-01 14:30:00+00:00,BL1,2024,REGULAR_SEASON,24.0,VfL Bochum 1848,TSG 1899 Hoffenheim,0,1,A
502583,2025-03-01 14:30:00+00:00,BL1,2024,REGULAR_SEASON,24.0,SV Werder Bremen,VfL Wolfsburg,1,2,A
498869,2025-03-01 15:15:00+00:00,PD,2024,REGULAR_SEASON,26.0,Rayo Vallecano de Madrid,Sevilla FC,1,1,D
499202,2025-03-01 15:30:00+00:00,DED,2024,REGULAR_SEASON,24.0,FC Utrecht,NAC Breda,1,0,H
503818,2025-03-01 15:30:00+00:00,PPL,2024,REGULAR_SEASON,24.0,CD Nacional,FC Famalicão,2,1,H
498162,2025-03-01 16:00:00+00:00,FL1,2024,REGULAR_SEASON,24.0,AS Saint-Étienne,OGC Nice,1,3,A
503310,2025-03-01 17:00:00+00:00,SA,2024,REGULAR_SEASON,27.0,SSC Napoli,FC Internazionale Milano,1,1,D
502578,2025-03-01 17:30:00+00:00,BL1,2024,REGULAR_SEASON,24.0,Eintracht Frankfurt,Bayer 04 Leverkusen,1,4,A
498864,2025-03-01 17:30:00+00:00,PD,2024,REGULAR_SEASON,26.0,Real Betis Balompié,Real Madrid CF,2,1,H
499204,2025-03-01 17:45:00+00:00,DED,2024,REGULAR_SEASON,24.0,Go Ahead Eagles,PSV,3,2,H
498163,2025-03-01 18:00:00+00:00,FL1,2024,REGULAR_SEASON,24.0,Racing Club de Lens,Le Havre AC,3,4,A
503816,2025-03-01 18:00:00+00:00,PPL,2024,REGULAR_SEASON,24.0,FC Arouca,FC Porto,0,2,A
499201,2025-03-01 19:00:00+00:00,DED,2024,REGULAR_SEASON,24.0,FC Groningen,FC Twente '65,1,1,D
503312,2025-03-01 19:45:00+00:00,SA,2024,REGULAR_SEASON,27.0,Udinese Calcio,Parma Calcio 1913,1,0,H
499203,2025-03-01 20:00:00+00:00,DED,2024,REGULAR_SEASON,24.0,Feyenoord Rotterdam,NEC,0,0,D
498863,2025-03-01 20:00:00+00:00,PD,2024,REGULAR_SEASON,26.0,Club Atlético de Madrid,Athletic Club,1,0,H
498158,2025-03-01 20:05:00+00:00,FL1,2024,REGULAR_SEASON,24.0,Paris Saint-Germain FC,Lille OSC,4,1,H
503810,2025-03-01 20:30:00+00:00,PPL,2024,REGULAR_SEASON,24.0,Vitória SC,Casa Pia AC,1,0,H
499207,2025-03-02 11:15:00+00:00,DED,2024,REGULAR_SEASON,24.0,SC Heerenveen,AZ,3,1,H
503309,2025-03-02 11:30:00+00:00,SA,2024,REGULAR_SEASON,27.0,AC Monza,Torino FC,0,2,A
498866,2025-03-02 13:00:00+00:00,PD,2024,REGULAR_SEASON,26.0,CD Leganés,Getafe CF,1,0,H
499200,2025-03-02 13:30:00+00:00,DED,2024,REGULAR_SEASON,24.0,Almere City FC,AFC Ajax,0,1,A
499205,2025-03-02 13:30:00+00:00,DED,2024,REGULAR_SEASON,24.0,Heracles Almelo,PEC Zwolle,4,2,H
503304,2025-03-02 14:00:00+00:00,SA,2024,REGULAR_SEASON,27.0,Bologna FC 1909,Cagliari Calcio,2,1,H
503306,2025-03-02 14:00:00+00:00,SA,2024,REGULAR_SEASON,27.0,Genoa CFC,Empoli FC,1,1,D
498160,2025-03-02 14:00:00+00:00,FL1,2024,REGULAR_SEASON,24.0,Olympique Lyonnais,Stade Brestois 29,2,1,H
502586,2025-03-02 14:30:00+00:00,BL1,2024,REGULAR_SEASON,24.0,1. FC Union Berlin,Holstein Kiel,0,1,A
498867,2025-03-02 15:15:00+00:00,PD,2024,REGULAR_SEASON,26.0,FC Barcelona,Real Sociedad de Fútbol,4,0,H
503814,2025-03-02 15:30:00+00:00,PPL,2024,REGULAR_SEASON,24.0,Boavista FC,CD Santa Clara,1,0,H
503815,2025-03-02 15:30:00+00:00,PPL,2024,REGULAR_SEASON,24.0,Moreirense FC,CF Estrela da Amadora,1,1,D
499208,2025-03-02 15:45:00+00:00,DED,2024,REGULAR_SEASON,24.0,Sparta Rotterdam,Willem II Tilburg,4,0,H
498161,2025-03-02 16:15:00+00:00,FL1,2024,REGULAR_SEASON,24.0,Montpellier HSC,Stade Rennais FC 1901,0,4,A
498166,2025-03-02 16:15:00+00:00,FL1,2024,REGULAR_SEASON,24.0,Angers SCO,Toulouse FC,0,4,A
498164,2025-03-02 16:15:00+00:00,FL1,2024,REGULAR_SEASON,24.0,AJ Auxerre,RC Strasbourg Alsace,0,1,A
502582,2025-03-02 16:30:00+00:00,BL1,2024,REGULAR_SEASON,24.0,FC Augsburg,SC Freiburg,0,0,D
503311,2025-03-02 17:00:00+00:00,SA,2024,REGULAR_SEASON,27.0,AS Roma,Como 1907,2,1,H
498870,2025-03-02 17:30:00+00:00,PD,2024,REGULAR_SEASON,26.0,RCD Mallorca,Deportivo Alavés,1,1,D
503817,2025-03-02 18:00:00+00:00,PPL,2024,REGULAR_SEASON,24.0,SC Farense,AVS,0,1,A
503308,2025-03-02 19:45:00+00:00,SA,2024,REGULAR_SEASON,27.0,AC Milan,SS Lazio,1,2,A
498159,2025-03-02 19:45:00+00:00,FL1,2024,REGULAR_SEASON,24.0,Olympique de Marseille,FC Nantes,2,0,H
498865,2025-03-02 20:00:00+00:00,PD,2024,REGULAR_SEASON,26.0,CA Osasuna,Valencia CF,3,3,D
503812,2025-03-02 20:30:00+00:00,PPL,2024,REGULAR_SEASON,24.0,Rio Ave FC,Sporting Clube de Braga,2,1,H
503307,2025-03-03 19:45:00+00:00,SA,2024,REGULAR_SEASON,27.0,Juventus FC,Hellas Verona FC,2,0,H
503813,2025-03-03 20:15:00+00:00,PPL,2024,REGULAR_SEASON,24.0,Sporting Clube de Portugal,GD Estoril Praia,3,1,H
524093,2025-03-04 17:45:00+00:00,CL,2024,LAST_16,1.0,Club Brugge KV,Aston Villa FC,1,3,A
524094,2025-03-04 20:00:00+00:00,CL,2024,LAST_16,1.0,Real Madrid CF,Club Atlético de Madrid,2,1,H
524095,2025-03-04 20:00:00+00:00,CL,2024,LAST_16,1.0,PSV,Arsenal FC,1,7,A
524098,2025-03-04 20:00:00+00:00,CL,2024,LAST_16,1.0,Borussia Dortmund,Lille OSC,1,1,D
524096,2025-03-05 17:45:00+00:00,CL,2024,LAST_16,1.0,Feyenoord Rotterdam,FC Internazionale Milano,0,2,A
524092,2025-03-05 20:00:00+00:00,CL,2024,LAST_16,1.0,Paris Saint-Germain FC,Liverpool FC,0,1,A
524099,2025-03-05 20:00:00+00:00,CL,2024,LAST_16,1.0,Sport Lisboa e Benfica,FC Barcelona,0,1,A
524097,2025-03-05 20:00:00+00:00,CL,2024,LAST_16,1.0,FC Bayern München,Bayer 04 Leverkusen,3,0,H
499212,2025-03-07 19:00:00+00:00,DED,2024,REGULAR_SEASON,25.0,NAC Breda,Sparta Rotterdam,1,1,D
502592,2025-03-07 19:30:00+00:00,BL1,2024,REGULAR_SEASON,25.0,Borussia Mönchengladbach,1. FSV Mainz 05,1,3,A
498170,2025-03-07 19:45:00+00:00,FL1,2024,REGULAR_SEASON,25.0,Toulouse FC,AS Monaco FC,1,1,D
503313,2025-03-07 19:45:00+00:00,SA,2024,REGULAR_SEASON,28.0,Cagliari Calcio,Genoa CFC,1,1,D
503808,2025-03-07 20:15:00+00:00,PPL,2024,REGULAR_SEASON,25.0,CF Estrela da Amadora,Gil Vicente FC,1,1,D
497687,2025-03-08 12:30:00+00:00,PL,2024,REGULAR_SEASON,28.0,Nottingham Forest FC,Manchester City FC,1,0,H
498875,2025-03-08 13:00:00+00:00,PD,2024,REGULAR_SEASON,27.0,RC Celta de Vigo,CD Leganés,2,1,H
503314,2025-03-08 14:00:00+00:00,SA,2024,REGULAR_SEASON,28.0,Como 1907,Venezia FC,1,1,D
503322,2025-03-08 14:00:00+00:00,SA,2024,REGULAR_SEASON,28.0,Parma Calcio 1913,Torino FC,2,2,D
502594,2025-03-08 14:30:00+00:00,BL1,2024,REGULAR_SEASON,25.0,FC Bayern München,VfL Bochum 1848,2,3,A
502591,2025-03-08 14:30:00+00:00,BL1,2024,REGULAR_SEASON,25.0,Borussia Dortmund,FC Augsburg,0,1,A
502590,2025-03-08 14:30:00+00:00,BL1,2024,REGULAR_SEASON,25.0,Bayer 04 Leverkusen,SV Werder Bremen,0,2,A
502595,2025-03-08 14:30:00+00:00,BL1,2024,REGULAR_SEASON,25.0,VfL Wolfsburg,FC St. Pauli 1910,1,1,D
502587,2025-03-08 14:30:00+00:00,BL1,2024,REGULAR_SEASON,25.0,Holstein Kiel,VfB Stuttgart,2,2,D
497684,2025-03-08 15:00:00+00:00,PL,2024,REGULAR_SEASON,28.0,Brighton & Hove Albion FC,Fulham FC,2,1,H
497685,2025-03-08 15:00:00+00:00,PL,2024,REGULAR_SEASON,28.0,Crystal Palace FC,Ipswich Town FC,1,0,H
497688,2025-03-08 15:00:00+00:00,PL,2024,REGULAR_SEASON,28.0,Liverpool FC,Southampton FC,3,1,H
498876,2025-03-08 15:15:00+00:00,PD,2024,REGULAR_SEASON,27.0,Deportivo Alavés,Villarreal CF,1,0,H
499211,2025-03-08 15:30:00+00:00,DED,2024,REGULAR_SEASON,25.0,Fortuna Sittard,Heracles Almelo,1,0,H
503802,2025-03-08 15:30:00+00:00,PPL,2024,REGULAR_SEASON,25.0,AVS,FC Arouca,0,1,A
498174,2025-03-08 16:00:00+00:00,FL1,2024,REGULAR_SEASON,25.0,Stade Rennais FC 1901,Paris Saint-Germain FC,1,4,A
503320,2025-03-08 17:00:00+00:00,SA,2024,REGULAR_SEASON,28.0,US Lecce,AC Milan,2,3,A
497682,2025-03-08 17:30:00+00:00,PL,2024,REGULAR_SEASON,28.0,Brentford FC,Aston Villa FC,0,1,A
502588,2025-03-08 17:30:00+00:00,BL1,2024,REGULAR_SEASON,25.0,SC Freiburg,RB Leipzig,0,0,D
498879,2025-03-08 17:30:00+00:00,PD,2024,REGULAR_SEASON,27.0,Valencia CF,Real Valladolid CF,2,1,H
498173,2025-03-08 18:00:00+00:00,FL1,2024,REGULAR_SEASON,25.0,Lille OSC,Montpellier HSC,1,0,H
503803,2025-03-08 18:00:00+00:00,PPL,2024,REGULAR_SEASON,25.0,Sport Lisboa e Benfica,CD Nacional,3,0,H
503809,2025-03-08 18:00:00+00:00,PPL,2024,REGULAR_SEASON,25.0,GD Estoril Praia,SC Farense,2,2,D
499215,2025-03-08 19:00:00+00:00,DED,2024,REGULAR_SEASON,25.0,PSV,SC Heerenveen,2,1,H
503317,2025-03-08 19:45:00+00:00,SA,2024,REGULAR_SEASON,28.0,FC Internazionale Milano,AC Monza,3,2,H
497683,2025-03-08 20:00:00+00:00,PL,2024,REGULAR_SEASON,28.0,Wolverhampton Wanderers FC,Everton FC,1,1,D
498175,2025-03-08 20:05:00+00:00,FL1,2024,REGULAR_SEASON,25.0,Olympique de Marseille,Racing Club de Lens,0,1,A
503801,2025-03-08 20:30:00+00:00,PPL,2024,REGULAR_SEASON,25.0,Sporting Clube de Braga,FC Porto,1,0,H
499217,2025-03-09 11:15:00+00:00,DED,2024,REGULAR_SEASON,25.0,Willem II Tilburg,FC Utrecht,2,3,A
503316,2025-03-09 11:30:00+00:00,SA,2024,REGULAR_SEASON,28.0,Hellas Verona FC,Bologna FC 1909,1,2,A
498878,2025-03-09 13:00:00+00:00,PD,2024,REGULAR_SEASON,27.0,Getafe CF,Club Atlético de Madrid,2,1,H
499214,2025-03-09 13:30:00+00:00,DED,2024,REGULAR_SEASON,25.0,PEC Zwolle,AFC Ajax,0,1,A
499213,2025-03-09 13:30:00+00:00,DED,2024,REGULAR_SEASON,25.0,NEC,Go Ahead Eagles,2,3,A
497689,2025-03-09 14:00:00+00:00,PL,2024,REGULAR_SEASON,28.0,Chelsea FC,Leicester City FC,1,0,H
498172,2025-03-09 14:00:00+00:00,FL1,2024,REGULAR_SEASON,25.0,Stade Brestois 29,Angers SCO,2,0,H
503321,2025-03-09 14:00:00+00:00,SA,2024,REGULAR_SEASON,28.0,SSC Napoli,ACF Fiorentina,2,1,H
497680,2025-03-09 14:00:00+00:00,PL,2024,REGULAR_SEASON,28.0,Tottenham Hotspur FC,AFC Bournemouth,2,2,D
502593,2025-03-09 14:30:00+00:00,BL1,2024,REGULAR_SEASON,25.0,Eintracht Frankfurt,1. FC Union Berlin,1,2,A
498880,2025-03-09 15:15:00+00:00,PD,2024,REGULAR_SEASON,27.0,Real Madrid CF,Rayo Vallecano de Madrid,2,1,H
503806,2025-03-09 15:30:00+00:00,PPL,2024,REGULAR_SEASON,25.0,CD Santa Clara,Moreirense FC,1,1,D
499216,2025-03-09 15:45:00+00:00,DED,2024,REGULAR_SEASON,25.0,FC Twente '65,Almere City FC,1,0,H
498168,2025-03-09 16:15:00+00:00,FL1,2024,REGULAR_SEASON,25.0,Stade de Reims,AJ Auxerre,0,2,A
498169,2025-03-09 16:15:00+00:00,FL1,2024,REGULAR_SEASON,25.0,FC Nantes,RC Strasbourg Alsace,0,1,A
498167,2025-03-09 16:15:00+00:00,FL1,2024,REGULAR_SEASON,25.0,Le Havre AC,AS Saint-Étienne,1,1,D
497681,2025-03-09 16:30:00+00:00,PL,2024,REGULAR_SEASON,28.0,Manchester United FC,Arsenal FC,1,1,D
502589,2025-03-09 16:30:00+00:00,BL1,2024,REGULAR_SEASON,25.0,TSG 1899 Hoffenheim,1. FC Heidenheim 1846,1,1,D
503315,2025-03-09 17:00:00+00:00,SA,2024,REGULAR_SEASON,28.0,Empoli FC,AS Roma,0,1,A
498874,2025-03-09 17:30:00+00:00,PD,2024,REGULAR_SEASON,27.0,Real Betis Balompié,UD Las Palmas,1,0,H
498873,2025-03-09 17:30:00+00:00,PD,2024,REGULAR_SEASON,27.0,Athletic Club,RCD Mallorca,1,1,D
503805,2025-03-09 18:00:00+00:00,PPL,2024,REGULAR_SEASON,25.0,Casa Pia AC,Sporting Clube de Portugal,1,3,A
503318,2025-03-09 19:45:00+00:00,SA,2024,REGULAR_SEASON,28.0,Juventus FC,Atalanta BC,0,4,A
498171,2025-03-09 19:45:00+00:00,FL1,2024,REGULAR_SEASON,25.0,OGC Nice,Olympique Lyonnais,0,2,A
498881,2025-03-09 20:00:00+00:00,PD,2024,REGULAR_SEASON,27.0,Real Sociedad de Fútbol,Sevilla FC,0,1,A
503804,2025-03-09 20:30:00+00:00,PPL,2024,REGULAR_SEASON,25.0,Boavista FC,Vitória SC,1,2,A
503319,2025-03-10 19:45:00+00:00,SA,2024,REGULAR_SEASON,28.0,SS Lazio,Udinese Calcio,1,1,D
497686,2025-03-10 20:00:00+00:00,PL,2024,REGULAR_SEASON,28.0,West Ham United FC,Newcastle United FC,0,1,A
498882,2025-03-10 20:00:00+00:00,PD,2024,REGULAR_SEASON,27.0,RCD Espanyol de Barcelona,Girona FC,1,1,D
503807,2025-03-10 20:15:00+00:00,PPL,2024,REGULAR_SEASON,25.0,FC Famalicão,Rio Ave FC,1,0,H
524107,2025-03-11 17:45:00+00:00,CL,2024,LAST_16,2.0,FC Barcelona,Sport Lisboa e Benfica,3,1,H
524105,2025-03-11 20:00:00+00:00,CL,2024,LAST_16,2.0,Bayer 04 Leverkusen,FC Bayern München,0,2,A
524100,2025-03-11 20:00:00+00:00,CL,2024,LAST_16,2.0,Liverpool FC,Paris Saint-Germain FC,1,5,A
524104,2025-03-11 20:00:00+00:00,CL,2024,LAST_16,2.0,FC Internazionale Milano,Feyenoord Rotterdam,2,1,H
524106,2025-03-12 17:45:00+00:00,CL,2024,LAST_16,2.0,Lille OSC,Borussia Dortmund,1,2,A
524101,2025-03-12 20:00:00+00:00,CL,2024,LAST_16,2.0,Aston Villa FC,Club Brugge KV,3,0,H
524102,2025-03-12 20:00:00+00:00,CL,2024,LAST_16,2.0,Club Atlético de Madrid,Real Madrid CF,3,4,A
524103,2025-03-12 20:00:00+00:00,CL,2024,LAST_16,2.0,Arsenal FC,PSV,2,2,D
499219,2025-03-14 19:00:00+00:00,DED,2024,REGULAR_SEASON,26.0,Almere City FC,NAC Breda,1,1,D
502600,2025-03-14 19:30:00+00:00,BL1,2024,REGULAR_SEASON,26.0,FC St. Pauli 1910,TSG 1899 Hoffenheim,1,0,H
498177,2025-03-14 19:45:00+00:00,FL1,2024,REGULAR_SEASON,26.0,OGC Nice,AJ Auxerre,1,1,D
503326,2025-03-14 19:45:00+00:00,SA,2024,REGULAR_SEASON,29.0,Genoa CFC,US Lecce,2,1,H
498891,2025-03-14 20:00:00+00:00,PD,2024,REGULAR_SEASON,28.0,UD Las Palmas,Deportivo Alavés,2,2,D
498890,2025-03-15 13:00:00+00:00,PD,2024,REGULAR_SEASON,28.0,Real Valladolid CF,RC Celta de Vigo,0,1,A
503331,2025-03-15 14:00:00+00:00,SA,2024,REGULAR_SEASON,29.0,Udinese Calcio,Hellas Verona FC,0,1,A
503328,2025-03-15 14:00:00+00:00,SA,2024,REGULAR_SEASON,29.0,AC Monza,Parma Calcio 1913,1,1,D
502597,2025-03-15 14:30:00+00:00,BL1,2024,REGULAR_SEASON,26.0,1. FC Union Berlin,FC Bayern München,1,1,D
502603,2025-03-15 14:30:00+00:00,BL1,2024,REGULAR_SEASON,26.0,SV Werder Bremen,Borussia Mönchengladbach,2,4,A
502602,2025-03-15 14:30:00+00:00,BL1,2024,REGULAR_SEASON,26.0,FC Augsburg,VfL Wolfsburg,1,0,H
502601,2025-03-15 14:30:00+00:00,BL1,2024,REGULAR_SEASON,26.0,1. FSV Mainz 05,SC Freiburg,2,2,D
497699,2025-03-15 15:00:00+00:00,PL,2024,REGULAR_SEASON,29.0,Southampton FC,Wolverhampton Wanderers FC,1,2,A
497697,2025-03-15 15:00:00+00:00,PL,2024,REGULAR_SEASON,29.0,Manchester City FC,Brighton & Hove Albion FC,2,2,D
497695,2025-03-15 15:00:00+00:00,PL,2024,REGULAR_SEASON,29.0,Ipswich Town FC,Nottingham Forest FC,2,4,A
497693,2025-03-15 15:00:00+00:00,PL,2024,REGULAR_SEASON,29.0,Everton FC,West Ham United FC,1,1,D
498892,2025-03-15 15:15:00+00:00,PD,2024,REGULAR_SEASON,28.0,RCD Mallorca,RCD Espanyol de Barcelona,2,1,H
499221,2025-03-15 15:30:00+00:00,DED,2024,REGULAR_SEASON,26.0,FC Utrecht,NEC,0,1,A
503798,2025-03-15 15:30:00+00:00,PPL,2024,REGULAR_SEASON,26.0,Gil Vicente FC,CD Santa Clara,0,1,A
503794,2025-03-15 15:30:00+00:00,PPL,2024,REGULAR_SEASON,26.0,SC Farense,Sporting Clube de Braga,0,1,A
498183,2025-03-15 16:00:00+00:00,FL1,2024,REGULAR_SEASON,26.0,FC Nantes,Lille OSC,1,0,H
503327,2025-03-15 17:00:00+00:00,SA,2024,REGULAR_SEASON,29.0,AC Milan,Como 1907,2,1,H
497690,2025-03-15 17:30:00+00:00,PL,2024,REGULAR_SEASON,29.0,AFC Bournemouth,Brentford FC,1,2,A
498888,2025-03-15 17:30:00+00:00,PD,2024,REGULAR_SEASON,28.0,Villarreal CF,Real Madrid CF,1,2,A
502598,2025-03-15 17:30:00+00:00,BL1,2024,REGULAR_SEASON,26.0,RB Leipzig,Borussia Dortmund,2,0,H
499225,2025-03-15 17:45:00+00:00,DED,2024,REGULAR_SEASON,26.0,Sparta Rotterdam,PEC Zwolle,1,1,D
498184,2025-03-15 18:00:00+00:00,FL1,2024,REGULAR_SEASON,26.0,Angers SCO,AS Monaco FC,0,2,A
503800,2025-03-15 18:00:00+00:00,PPL,2024,REGULAR_SEASON,26.0,FC Porto,AVS,2,0,H
499223,2025-03-15 19:00:00+00:00,DED,2024,REGULAR_SEASON,26.0,RKC Waalwijk,PSV,0,3,A
503330,2025-03-15 19:45:00+00:00,SA,2024,REGULAR_SEASON,29.0,Torino FC,Empoli FC,1,0,H
499224,2025-03-15 20:00:00+00:00,DED,2024,REGULAR_SEASON,26.0,SC Heerenveen,Heracles Almelo,1,1,D
498886,2025-03-15 20:00:00+00:00,PD,2024,REGULAR_SEASON,28.0,Girona FC,Valencia CF,1,1,D
498181,2025-03-15 20:05:00+00:00,FL1,2024,REGULAR_SEASON,26.0,Racing Club de Lens,Stade Rennais FC 1901,1,0,H
503799,2025-03-15 20:30:00+00:00,PPL,2024,REGULAR_SEASON,26.0,Sporting Clube de Portugal,FC Famalicão,3,1,H
499222,2025-03-16 11:15:00+00:00,DED,2024,REGULAR_SEASON,26.0,Go Ahead Eagles,Willem II Tilburg,1,0,H
503332,2025-03-16 11:30:00+00:00,SA,2024,REGULAR_SEASON,29.0,Venezia FC,SSC Napoli,0,0,D
498885,2025-03-16 13:00:00+00:00,PD,2024,REGULAR_SEASON,28.0,CD Leganés,Real Betis Balompié,2,3,A
497691,2025-03-16 13:30:00+00:00,PL,2024,REGULAR_SEASON,29.0,Arsenal FC,Chelsea FC,1,0,H
497694,2025-03-16 13:30:00+00:00,PL,2024,REGULAR_SEASON,29.0,Fulham FC,Tottenham Hotspur FC,2,0,H
499226,2025-03-16 13:30:00+00:00,DED,2024,REGULAR_SEASON,26.0,FC Twente '65,Feyenoord Rotterdam,2,6,A
499220,2025-03-16 13:30:00+00:00,DED,2024,REGULAR_SEASON,26.0,FC Groningen,Fortuna Sittard,1,0,H
498180,2025-03-16 14:00:00+00:00,FL1,2024,REGULAR_SEASON,26.0,Olympique Lyonnais,Le Havre AC,4,2,H
503324,2025-03-16 14:00:00+00:00,SA,2024,REGULAR_SEASON,29.0,Bologna FC 1909,SS Lazio,5,0,H
503329,2025-03-16 15:00:00+00:00,SA,2024,REGULAR_SEASON,29.0,AS Roma,Cagliari Calcio,1,0,H
498887,2025-03-16 15:15:00+00:00,PD,2024,REGULAR_SEASON,28.0,Sevilla FC,Athletic Club,0,1,A
502599,2025-03-16 15:20:00+00:00,BL1,2024,REGULAR_SEASON,26.0,VfL Bochum 1848,Eintracht Frankfurt,1,3,A
503792,2025-03-16 15:30:00+00:00,PPL,2024,REGULAR_SEASON,26.0,CD Nacional,Casa Pia AC,3,1,H
503797,2025-03-16 15:30:00+00:00,PPL,2024,REGULAR_SEASON,26.0,FC Arouca,GD Estoril Praia,1,1,D
499218,2025-03-16 15:45:00+00:00,DED,2024,REGULAR_SEASON,26.0,AFC Ajax,AZ,2,2,D
498182,2025-03-16 16:15:00+00:00,FL1,2024,REGULAR_SEASON,26.0,RC Strasbourg Alsace,Toulouse FC,2,1,H
498179,2025-03-16 16:15:00+00:00,FL1,2024,REGULAR_SEASON,26.0,Stade Brestois 29,Stade de Reims,0,0,D
502604,2025-03-16 16:30:00+00:00,BL1,2024,REGULAR_SEASON,26.0,1. FC Heidenheim 1846,Holstein Kiel,3,1,H
503325,2025-03-16 17:00:00+00:00,SA,2024,REGULAR_SEASON,29.0,ACF Fiorentina,Juventus FC,3,0,H
498889,2025-03-16 17:30:00+00:00,PD,2024,REGULAR_SEASON,28.0,Rayo Vallecano de Madrid,Real Sociedad de Fútbol,2,2,D
498884,2025-03-16 17:30:00+00:00,PD,2024,REGULAR_SEASON,28.0,CA Osasuna,Getafe CF,1,2,A
503793,2025-03-16 18:00:00+00:00,PPL,2024,REGULAR_SEASON,26.0,Rio Ave FC,Sport Lisboa e Benfica,2,3,A
502596,2025-03-16 18:30:00+00:00,BL1,2024,REGULAR_SEASON,26.0,VfB Stuttgart,Bayer 04 Leverkusen,3,4,A
497696,2025-03-16 19:00:00+00:00,PL,2024,REGULAR_SEASON,29.0,Leicester City FC,Manchester United FC,0,3,A
498176,2025-03-16 19:45:00+00:00,FL1,2024,REGULAR_SEASON,26.0,Paris Saint-Germain FC,Olympique de Marseille,3,1,H
503323,2025-03-16 19:45:00+00:00,SA,2024,REGULAR_SEASON,29.0,Atalanta BC,FC Internazionale Milano,0,2,A
498883,2025-03-16 20:00:00+00:00,PD,2024,REGULAR_SEASON,28.0,Club Atlético de Madrid,FC Barcelona,2,4,A
503796,2025-03-16 20:30:00+00:00,PPL,2024,REGULAR_SEASON,26.0,Moreirense FC,Boavista FC,1,0,H
503795,2025-03-16 20:30:00+00:00,PPL,2024,REGULAR_SEASON,26.0,Vitória SC,CF Estrela da Amadora,2,0,H
498877,2025-03-27 20:00:00+00:00,PD,2024,REGULAR_SEASON,27.0,FC Barcelona,CA Osasuna,3,0,H
502612,2025-03-28 19:30:00+00:00,BL1,2024,REGULAR_SEASON,27.0,Bayer 04 Leverkusen,VfL Bochum 1848,3,1,H
498188,2025-03-28 19:45:00+00:00,FL1,2024,REGULAR_SEASON,27.0,RC Strasbourg Alsace,Olympique Lyonnais,4,2,H
503811,2025-03-28 20:15:00+00:00,PPL,2024,REGULAR_SEASON,24.0,Gil Vicente FC,Sport Lisboa e Benfica,0,3,A
498901,2025-03-29 13:00:00+00:00,PD,2024,REGULAR_SEASON,29.0,Real Sociedad de Fútbol,Real Valladolid CF,2,1,H
503342,2025-03-29 14:00:00+00:00,SA,2024,REGULAR_SEASON,30.0,Venezia FC,Bologna FC 1909,0,1,A
503334,2025-03-29 14:00:00+00:00,SA,2024,REGULAR_SEASON,30.0,Como 1907,Empoli FC,1,1,D
502609,2025-03-29 14:30:00+00:00,BL1,2024,REGULAR_SEASON,27.0,TSG 1899 Hoffenheim,FC Augsburg,1,1,D
502606,2025-03-29 14:30:00+00:00,BL1,2024,REGULAR_SEASON,27.0,Borussia Mönchengladbach,RB Leipzig,1,0,H
502607,2025-03-29 14:30:00+00:00,BL1,2024,REGULAR_SEASON,27.0,VfL Wolfsburg,1. FC Heidenheim 1846,0,1,A
502608,2025-03-29 14:30:00+00:00,BL1,2024,REGULAR_SEASON,27.0,Holstein Kiel,SV Werder Bremen,0,3,A
502613,2025-03-29 14:30:00+00:00,BL1,2024,REGULAR_SEASON,27.0,FC Bayern München,FC St. Pauli 1910,3,2,H
498902,2025-03-29 15:15:00+00:00,PD,2024,REGULAR_SEASON,29.0,RCD Espanyol de Barcelona,Club Atlético de Madrid,1,1,D
499231,2025-03-29 15:30:00+00:00,DED,2024,REGULAR_SEASON,27.0,NAC Breda,FC Groningen,1,1,D
503788,2025-03-29 15:30:00+00:00,PPL,2024,REGULAR_SEASON,27.0,Casa Pia AC,Rio Ave FC,2,1,H
498191,2025-03-29 16:00:00+00:00,FL1,2024,REGULAR_SEASON,27.0,Stade de Reims,Olympique de Marseille,3,1,H
503338,2025-03-29 17:00:00+00:00,SA,2024,REGULAR_SEASON,30.0,Juventus FC,Genoa CFC,1,0,H
502605,2025-03-29 17:30:00+00:00,BL1,2024,REGULAR_SEASON,27.0,Eintracht Frankfurt,VfB Stuttgart,1,0,H
498896,2025-03-29 17:30:00+00:00,PD,2024,REGULAR_SEASON,29.0,Deportivo Alavés,Rayo Vallecano de Madrid,0,2,A
499235,2025-03-29 17:45:00+00:00,DED,2024,REGULAR_SEASON,27.0,Willem II Tilburg,Almere City FC,0,2,A
499229,2025-03-29 17:45:00+00:00,DED,2024,REGULAR_SEASON,27.0,Fortuna Sittard,Sparta Rotterdam,0,3,A
498190,2025-03-29 18:00:00+00:00,FL1,2024,REGULAR_SEASON,27.0,AS Saint-Étienne,Paris Saint-Germain FC,1,6,A
503790,2025-03-29 18:00:00+00:00,PPL,2024,REGULAR_SEASON,27.0,CF Estrela da Amadora,Sporting Clube de Portugal,0,3,A
503340,2025-03-29 19:45:00+00:00,SA,2024,REGULAR_SEASON,30.0,US Lecce,AS Roma,0,1,A
498900,2025-03-29 20:00:00+00:00,PD,2024,REGULAR_SEASON,29.0,Real Madrid CF,CD Leganés,3,2,H
499232,2025-03-29 20:00:00+00:00,DED,2024,REGULAR_SEASON,27.0,NEC,AZ,3,3,D
499233,2025-03-29 20:00:00+00:00,DED,2024,REGULAR_SEASON,27.0,PEC Zwolle,RKC Waalwijk,2,0,H
498193,2025-03-29 20:05:00+00:00,FL1,2024,REGULAR_SEASON,27.0,AS Monaco FC,OGC Nice,2,1,H
503786,2025-03-29 20:30:00+00:00,PPL,2024,REGULAR_SEASON,27.0,Sporting Clube de Braga,FC Arouca,2,1,H
499227,2025-03-30 10:15:00+00:00,DED,2024,REGULAR_SEASON,27.0,FC Utrecht,SC Heerenveen,2,0,H
503333,2025-03-30 10:30:00+00:00,SA,2024,REGULAR_SEASON,30.0,Cagliari Calcio,AC Monza,3,0,H
498898,2025-03-30 12:00:00+00:00,PD,2024,REGULAR_SEASON,29.0,Getafe CF,Villarreal CF,1,2,A
499234,2025-03-30 12:30:00+00:00,DED,2024,REGULAR_SEASON,27.0,PSV,AFC Ajax,0,2,A
499230,2025-03-30 12:30:00+00:00,DED,2024,REGULAR_SEASON,27.0,Heracles Almelo,FC Twente '65,2,1,H
503335,2025-03-30 13:00:00+00:00,SA,2024,REGULAR_SEASON,30.0,ACF Fiorentina,Atalanta BC,1,0,H
498189,2025-03-30 13:00:00+00:00,FL1,2024,REGULAR_SEASON,27.0,Toulouse FC,Stade Brestois 29,2,4,A
502611,2025-03-30 13:30:00+00:00,BL1,2024,REGULAR_SEASON,27.0,SC Freiburg,1. FC Union Berlin,1,2,A
498897,2025-03-30 14:15:00+00:00,PD,2024,REGULAR_SEASON,29.0,FC Barcelona,Girona FC,4,1,H
503785,2025-03-30 14:30:00+00:00,PPL,2024,REGULAR_SEASON,27.0,FC Famalicão,AVS,4,1,H
503789,2025-03-30 14:30:00+00:00,PPL,2024,REGULAR_SEASON,27.0,CD Santa Clara,CD Nacional,1,0,H
499228,2025-03-30 14:45:00+00:00,DED,2024,REGULAR_SEASON,27.0,Feyenoord Rotterdam,Go Ahead Eagles,3,2,H
498187,2025-03-30 15:15:00+00:00,FL1,2024,REGULAR_SEASON,27.0,Le Havre AC,FC Nantes,3,2,H
498186,2025-03-30 15:15:00+00:00,FL1,2024,REGULAR_SEASON,27.0,AJ Auxerre,Montpellier HSC,1,0,H
498185,2025-03-30 15:15:00+00:00,FL1,2024,REGULAR_SEASON,27.0,Angers SCO,Stade Rennais FC 1901,0,3,A
502610,2025-03-30 15:30:00+00:00,BL1,2024,REGULAR_SEASON,27.0,Borussia Dortmund,1. FSV Mainz 05,3,1,H
503337,2025-03-30 16:00:00+00:00,SA,2024,REGULAR_SEASON,30.0,FC Internazionale Milano,Udinese Calcio,2,1,H
498893,2025-03-30 16:30:00+00:00,PD,2024,REGULAR_SEASON,29.0,Athletic Club,CA Osasuna,0,0,D
498899,2025-03-30 16:30:00+00:00,PD,2024,REGULAR_SEASON,29.0,Valencia CF,RCD Mallorca,1,0,H
503791,2025-03-30 17:00:00+00:00,PPL,2024,REGULAR_SEASON,27.0,GD Estoril Praia,FC Porto,1,2,A
498192,2025-03-30 18:45:00+00:00,FL1,2024,REGULAR_SEASON,27.0,Lille OSC,Racing Club de Lens,1,0,H
503341,2025-03-30 18:45:00+00:00,SA,2024,REGULAR_SEASON,30.0,SSC Napoli,AC Milan,2,1,H
498894,2025-03-30 19:00:00+00:00,PD,2024,REGULAR_SEASON,29.0,Real Betis Balompié,Sevilla FC,2,1,H
503784,2025-03-30 19:30:00+00:00,PPL,2024,REGULAR_SEASON,27.0,Moreirense FC,Vitória SC,2,2,D
503336,2025-03-31 16:30:00+00:00,SA,2024,REGULAR_SEASON,30.0,Hellas Verona FC,Parma Calcio 1913,0,0,D
503339,2025-03-31 18:45:00+00:00,SA,2024,REGULAR_SEASON,30.0,SS Lazio,Torino FC,1,1,D
498895,2025-03-31 19:00:00+00:00,PD,2024,REGULAR_SEASON,29.0,RC Celta de Vigo,UD Las Palmas,1,1,D
499209,2025-04-01 18:00:00+00:00,DED,2024,REGULAR_SEASON,25.0,AZ,RKC Waalwijk,2,2,D
497704,2025-04-01 18:45:00+00:00,PL,2024,REGULAR_SEASON,30.0,Wolverhampton Wanderers FC,West Ham United FC,1,0,H
497701,2025-04-01 18:45:00+00:00,PL,2024,REGULAR_SEASON,30.0,Arsenal FC,Fulham FC,2,1,H
497703,2025-04-01 19:00:00+00:00,PL,2024,REGULAR_SEASON,30.0,Nottingham Forest FC,Manchester United FC,1,0,H
503787,2025-04-01 19:15:00+00:00,PPL,2024,REGULAR_SEASON,27.0,Boavista FC,Gil Vicente FC,1,3,A
499210,2025-04-02 18:00:00+00:00,DED,2024,REGULAR_SEASON,25.0,Feyenoord Rotterdam,FC Groningen,4,1,H
497700,2025-04-02 18:45:00+00:00,PL,2024,REGULAR_SEASON,30.0,AFC Bournemouth,Ipswich Town FC,1,2,A
497702,2025-04-02 18:45:00+00:00,PL,2024,REGULAR_SEASON,30.0,Brighton & Hove Albion FC,Aston Villa FC,0,3,A
497706,2025-04-02 18:45:00+00:00,PL,2024,REGULAR_SEASON,30.0,Manchester City FC,Leicester City FC,2,0,H
497707,2025-04-02 18:45:00+00:00,PL,2024,REGULAR_SEASON,30.0,Newcastle United FC,Brentford FC,2,1,H
497708,2025-04-02 18:45:00+00:00,PL,2024,REGULAR_SEASON,30.0,Southampton FC,Crystal Palace FC,1,1,D
497709,2025-04-02 19:00:00+00:00,PL,2024,REGULAR_SEASON,30.0,Liverpool FC,Everton FC,1,0,H
503783,2025-04-02 19:15:00+00:00,PPL,2024,REGULAR_SEASON,27.0,Sport Lisboa e Benfica,SC Farense,3,2,H
497705,2025-04-03 19:00:00+00:00,PL,2024,REGULAR_SEASON,30.0,Chelsea FC,Tottenham Hotspur FC,1,0,H
499242,2025-04-04 18:00:00+00:00,DED,2024,REGULAR_SEASON,28.0,SC Heerenveen,Willem II Tilburg,3,1,H
502616,2025-04-04 18:30:00+00:00,BL1,2024,REGULAR_SEASON,28.0,FC Augsburg,FC Bayern München,1,3,A
503346,2025-04-04 18:45:00+00:00,SA,2024,REGULAR_SEASON,31.0,Genoa CFC,Udinese Calcio,1,0,H
498195,2025-04-04 18:45:00+00:00,FL1,2024,REGULAR_SEASON,28.0,OGC Nice,FC Nantes,1,2,A
498912,2025-04-04 19:00:00+00:00,PD,2024,REGULAR_SEASON,30.0,Rayo Vallecano de Madrid,RCD Espanyol de Barcelona,0,4,A
503780,2025-04-04 19:15:00+00:00,PPL,2024,REGULAR_SEASON,28.0,AVS,GD Estoril Praia,0,3,A
497713,2025-04-05 11:30:00+00:00,PL,2024,REGULAR_SEASON,31.0,Everton FC,Arsenal FC,1,1,D
498905,2025-04-05 12:00:00+00:00,PD,2024,REGULAR_SEASON,30.0,Girona FC,Deportivo Alavés,0,1,A
503349,2025-04-05 13:00:00+00:00,SA,2024,REGULAR_SEASON,31.0,AC Monza,Como 1907,1,3,A
502622,2025-04-05 13:30:00+00:00,BL1,2024,REGULAR_SEASON,28.0,1. FSV Mainz 05,Holstein Kiel,1,1,D
502614,2025-04-05 13:30:00+00:00,BL1,2024,REGULAR_SEASON,28.0,1. FC Heidenheim 1846,Bayer 04 Leverkusen,0,1,A
502619,2025-04-05 13:30:00+00:00,BL1,2024,REGULAR_SEASON,28.0,RB Leipzig,TSG 1899 Hoffenheim,3,1,H
502617,2025-04-05 13:30:00+00:00,BL1,2024,REGULAR_SEASON,28.0,SC Freiburg,Borussia Dortmund,1,4,A
502615,2025-04-05 13:30:00+00:00,BL1,2024,REGULAR_SEASON,28.0,VfL Bochum 1848,VfB Stuttgart,0,4,A
497719,2025-04-05 14:00:00+00:00,PL,2024,REGULAR_SEASON,31.0,West Ham United FC,AFC Bournemouth,2,2,D
497715,2025-04-05 14:00:00+00:00,PL,2024,REGULAR_SEASON,31.0,Ipswich Town FC,Wolverhampton Wanderers FC,1,2,A
497712,2025-04-05 14:00:00+00:00,PL,2024,REGULAR_SEASON,31.0,Crystal Palace FC,Brighton & Hove Albion FC,2,1,H
498909,2025-04-05 14:15:00+00:00,PD,2024,REGULAR_SEASON,30.0,Real Madrid CF,Valencia CF,1,2,A
499238,2025-04-05 14:30:00+00:00,DED,2024,REGULAR_SEASON,28.0,AZ,Feyenoord Rotterdam,0,1,A
498200,2025-04-05 15:00:00+00:00,FL1,2024,REGULAR_SEASON,28.0,Paris Saint-Germain FC,Angers SCO,1,0,H
503350,2025-04-05 16:00:00+00:00,SA,2024,REGULAR_SEASON,31.0,Parma Calcio 1913,FC Internazionale Milano,2,2,D
502618,2025-04-05 16:30:00+00:00,BL1,2024,REGULAR_SEASON,28.0,SV Werder Bremen,Eintracht Frankfurt,2,0,H
498908,2025-04-05 16:30:00+00:00,PD,2024,REGULAR_SEASON,30.0,RCD Mallorca,RC Celta de Vigo,1,2,A
497710,2025-04-05 16:30:00+00:00,PL,2024,REGULAR_SEASON,31.0,Aston Villa FC,Nottingham Forest FC,2,1,H
499244,2025-04-05 16:45:00+00:00,DED,2024,REGULAR_SEASON,28.0,FC Twente '65,Fortuna Sittard,1,1,D
498196,2025-04-05 17:00:00+00:00,FL1,2024,REGULAR_SEASON,28.0,Stade Brestois 29,AS Monaco FC,2,1,H
503782,2025-04-05 17:00:00+00:00,PPL,2024,REGULAR_SEASON,28.0,FC Arouca,FC Famalicão,1,2,A
499239,2025-04-05 18:00:00+00:00,DED,2024,REGULAR_SEASON,28.0,FC Groningen,PSV,1,3,A
503348,2025-04-05 18:45:00+00:00,SA,2024,REGULAR_SEASON,31.0,AC Milan,ACF Fiorentina,2,2,D
498904,2025-04-05 19:00:00+00:00,PD,2024,REGULAR_SEASON,30.0,FC Barcelona,Real Betis Balompié,1,1,D
499237,2025-04-05 19:00:00+00:00,DED,2024,REGULAR_SEASON,28.0,Almere City FC,PEC Zwolle,2,2,D
498198,2025-04-05 19:05:00+00:00,FL1,2024,REGULAR_SEASON,28.0,Olympique Lyonnais,Lille OSC,2,1,H
503779,2025-04-05 19:30:00+00:00,PPL,2024,REGULAR_SEASON,28.0,Vitória SC,CD Santa Clara,2,0,H
499241,2025-04-06 10:15:00+00:00,DED,2024,REGULAR_SEASON,28.0,RKC Waalwijk,Heracles Almelo,0,0,D
503347,2025-04-06 10:30:00+00:00,SA,2024,REGULAR_SEASON,31.0,US Lecce,Venezia FC,1,1,D
498911,2025-04-06 12:00:00+00:00,PD,2024,REGULAR_SEASON,30.0,UD Las Palmas,Real Sociedad de Fútbol,1,3,A
499243,2025-04-06 12:30:00+00:00,DED,2024,REGULAR_SEASON,28.0,Sparta Rotterdam,NEC,2,0,H
499240,2025-04-06 12:30:00+00:00,DED,2024,REGULAR_SEASON,28.0,Go Ahead Eagles,FC Utrecht,2,2,D
497711,2025-04-06 13:00:00+00:00,PL,2024,REGULAR_SEASON,31.0,Brentford FC,Chelsea FC,0,0,D
503352,2025-04-06 13:00:00+00:00,SA,2024,REGULAR_SEASON,31.0,Torino FC,Hellas Verona FC,1,1,D
503345,2025-04-06 13:00:00+00:00,SA,2024,REGULAR_SEASON,31.0,Empoli FC,Cagliari Calcio,0,0,D
497714,2025-04-06 13:00:00+00:00,PL,2024,REGULAR_SEASON,31.0,Fulham FC,Liverpool FC,3,2,H
498199,2025-04-06 13:00:00+00:00,FL1,2024,REGULAR_SEASON,28.0,Racing Club de Lens,AS Saint-Étienne,1,0,H
497718,2025-04-06 13:00:00+00:00,PL,2024,REGULAR_SEASON,31.0,Tottenham Hotspur FC,Southampton FC,3,1,H
502621,2025-04-06 13:30:00+00:00,BL1,2024,REGULAR_SEASON,28.0,FC St. Pauli 1910,Borussia Mönchengladbach,1,1,D
498906,2025-04-06 14:15:00+00:00,PD,2024,REGULAR_SEASON,30.0,Sevilla FC,Club Atlético de Madrid,1,2,A
503781,2025-04-06 14:30:00+00:00,PPL,2024,REGULAR_SEASON,28.0,Gil Vicente FC,Moreirense FC,0,1,A
499236,2025-04-06 14:45:00+00:00,DED,2024,REGULAR_SEASON,28.0,AFC Ajax,NAC Breda,3,1,H
498197,2025-04-06 15:15:00+00:00,FL1,2024,REGULAR_SEASON,28.0,Montpellier HSC,Le Havre AC,0,2,A
498202,2025-04-06 15:15:00+00:00,FL1,2024,REGULAR_SEASON,28.0,Stade Rennais FC 1901,AJ Auxerre,0,1,A
498201,2025-04-06 15:15:00+00:00,FL1,2024,REGULAR_SEASON,28.0,Stade de Reims,RC Strasbourg Alsace,0,1,A
497717,2025-04-06 15:30:00+00:00,PL,2024,REGULAR_SEASON,31.0,Manchester United FC,Manchester City FC,0,0,D
502620,2025-04-06 15:30:00+00:00,BL1,2024,REGULAR_SEASON,28.0,1. FC Union Berlin,VfL Wolfsburg,1,0,H
503343,2025-04-06 16:00:00+00:00,SA,2024,REGULAR_SEASON,31.0,Atalanta BC,SS Lazio,0,1,A
498910,2025-04-06 16:30:00+00:00,PD,2024,REGULAR_SEASON,30.0,Real Valladolid CF,Getafe CF,0,4,A
503778,2025-04-06 17:00:00+00:00,PPL,2024,REGULAR_SEASON,28.0,CD Nacional,CF Estrela da Amadora,0,1,A
498194,2025-04-06 18:45:00+00:00,FL1,2024,REGULAR_SEASON,28.0,Olympique de Marseille,Toulouse FC,3,2,H
503351,2025-04-06 18:45:00+00:00,SA,2024,REGULAR_SEASON,31.0,AS Roma,Juventus FC,1,1,D
498907,2025-04-06 19:00:00+00:00,PD,2024,REGULAR_SEASON,30.0,Villarreal CF,Athletic Club,0,0,D
503777,2025-04-06 19:30:00+00:00,PPL,2024,REGULAR_SEASON,28.0,FC Porto,Sport Lisboa e Benfica,1,4,A
503774,2025-04-07 17:45:00+00:00,PPL,2024,REGULAR_SEASON,28.0,SC Farense,Casa Pia AC,0,0,D
503344,2025-04-07 18:45:00+00:00,SA,2024,REGULAR_SEASON,31.0,Bologna FC 1909,SSC Napoli,1,1,D
497716,2025-04-07 19:00:00+00:00,PL,2024,REGULAR_SEASON,31.0,Leicester City FC,Newcastle United FC,0,3,A
498903,2025-04-07 19:00:00+00:00,PD,2024,REGULAR_SEASON,30.0,CD Leganés,CA Osasuna,1,1,D
503776,2025-04-07 19:15:00+00:00,PPL,2024,REGULAR_SEASON,28.0,Rio Ave FC,Boavista FC,0,2,A
503775,2025-04-07 19:45:00+00:00,PPL,2024,REGULAR_SEASON,28.0,Sporting Clube de Portugal,Sporting Clube de Braga,1,1,D
524111,2025-04-08 19:00:00+00:00,CL,2024,QUARTER_FINALS,1.0,FC Bayern München,FC Internazionale Milano,1,2,A
524108,2025-04-08 19:00:00+00:00,CL,2024,QUARTER_FINALS,1.0,Arsenal FC,Real Madrid CF,3,0,H
524110,2025-04-09 19:00:00+00:00,CL,2024,QUARTER_FINALS,1.0,FC Barcelona,Borussia Dortmund,4,0,H
524109,2025-04-09 19:00:00+00:00,CL,2024,QUARTER_FINALS,1.0,Paris Saint-Germain FC,Aston Villa FC,3,1,H
499249,2025-04-11 18:00:00+00:00,DED,2024,REGULAR_SEASON,29.0,NEC,RKC Waalwijk,2,1,H
502623,2025-04-11 18:30:00+00:00,BL1,2024,REGULAR_SEASON,29.0,VfL Wolfsburg,RB Leipzig,2,3,A
498210,2025-04-11 18:45:00+00:00,FL1,2024,REGULAR_SEASON,29.0,Racing Club de Lens,Stade de Reims,0,2,A
503361,2025-04-11 18:45:00+00:00,SA,2024,REGULAR_SEASON,32.0,Udinese Calcio,AC Milan,0,4,A
498920,2025-04-11 19:00:00+00:00,PD,2024,REGULAR_SEASON,31.0,Valencia CF,Sevilla FC,1,0,H
503766,2025-04-11 19:15:00+00:00,PPL,2024,REGULAR_SEASON,29.0,Gil Vicente FC,Vitória SC,0,1,A
497725,2025-04-12 11:30:00+00:00,PL,2024,REGULAR_SEASON,32.0,Manchester City FC,Crystal Palace FC,5,2,H
498921,2025-04-12 12:00:00+00:00,PD,2024,REGULAR_SEASON,31.0,Real Sociedad de Fútbol,RCD Mallorca,0,2,A
503362,2025-04-12 13:00:00+00:00,SA,2024,REGULAR_SEASON,32.0,Venezia FC,AC Monza,1,0,H
502627,2025-04-12 13:30:00+00:00,BL1,2024,REGULAR_SEASON,29.0,Borussia Mönchengladbach,SC Freiburg,1,2,A
502628,2025-04-12 13:30:00+00:00,BL1,2024,REGULAR_SEASON,29.0,VfL Bochum 1848,FC Augsburg,1,2,A
502629,2025-04-12 13:30:00+00:00,BL1,2024,REGULAR_SEASON,29.0,TSG 1899 Hoffenheim,1. FSV Mainz 05,2,0,H
502630,2025-04-12 13:30:00+00:00,BL1,2024,REGULAR_SEASON,29.0,Bayer 04 Leverkusen,1. FC Union Berlin,0,0,D
502631,2025-04-12 13:30:00+00:00,BL1,2024,REGULAR_SEASON,29.0,Holstein Kiel,FC St. Pauli 1910,1,2,A
497728,2025-04-12 14:00:00+00:00,PL,2024,REGULAR_SEASON,32.0,Southampton FC,Aston Villa FC,0,3,A
497727,2025-04-12 14:00:00+00:00,PL,2024,REGULAR_SEASON,32.0,Nottingham Forest FC,Everton FC,0,1,A
497722,2025-04-12 14:00:00+00:00,PL,2024,REGULAR_SEASON,32.0,Brighton & Hove Albion FC,Leicester City FC,2,2,D
498919,2025-04-12 14:15:00+00:00,PD,2024,REGULAR_SEASON,31.0,Getafe CF,UD Las Palmas,1,3,A
503767,2025-04-12 14:30:00+00:00,PPL,2024,REGULAR_SEASON,29.0,FC Famalicão,GD Estoril Praia,3,0,H
503769,2025-04-12 14:30:00+00:00,PPL,2024,REGULAR_SEASON,29.0,Boavista FC,CD Nacional,0,1,A
499246,2025-04-12 14:30:00+00:00,DED,2024,REGULAR_SEASON,29.0,Fortuna Sittard,Feyenoord Rotterdam,0,2,A
498211,2025-04-12 15:00:00+00:00,FL1,2024,REGULAR_SEASON,29.0,AS Monaco FC,Olympique de Marseille,3,0,H
503357,2025-04-12 16:00:00+00:00,SA,2024,REGULAR_SEASON,32.0,FC Internazionale Milano,Cagliari Calcio,3,1,H
502624,2025-04-12 16:30:00+00:00,BL1,2024,REGULAR_SEASON,29.0,FC Bayern München,Borussia Dortmund,2,2,D
497721,2025-04-12 16:30:00+00:00,PL,2024,REGULAR_SEASON,32.0,Arsenal FC,Brentford FC,1,1,D
498922,2025-04-12 16:30:00+00:00,PD,2024,REGULAR_SEASON,31.0,RC Celta de Vigo,RCD Espanyol de Barcelona,0,2,A
499252,2025-04-12 16:45:00+00:00,DED,2024,REGULAR_SEASON,29.0,Sparta Rotterdam,SC Heerenveen,3,1,H
498203,2025-04-12 17:00:00+00:00,FL1,2024,REGULAR_SEASON,29.0,Toulouse FC,Lille OSC,1,2,A
503771,2025-04-12 17:00:00+00:00,PPL,2024,REGULAR_SEASON,29.0,CD Santa Clara,Sporting Clube de Portugal,0,1,A
499251,2025-04-12 18:00:00+00:00,DED,2024,REGULAR_SEASON,29.0,PSV,Almere City FC,5,0,H
503358,2025-04-12 18:45:00+00:00,SA,2024,REGULAR_SEASON,32.0,Juventus FC,US Lecce,2,1,H
498917,2025-04-12 19:00:00+00:00,PD,2024,REGULAR_SEASON,31.0,CD Leganés,FC Barcelona,0,1,A
499248,2025-04-12 19:00:00+00:00,DED,2024,REGULAR_SEASON,29.0,NAC Breda,Go Ahead Eagles,1,1,D
498207,2025-04-12 19:05:00+00:00,FL1,2024,REGULAR_SEASON,29.0,RC Strasbourg Alsace,OGC Nice,2,2,D
503770,2025-04-12 19:30:00+00:00,PPL,2024,REGULAR_SEASON,29.0,Casa Pia AC,FC Porto,0,1,A
499245,2025-04-13 10:15:00+00:00,DED,2024,REGULAR_SEASON,29.0,FC Utrecht,FC Groningen,3,1,H
503353,2025-04-13 10:30:00+00:00,SA,2024,REGULAR_SEASON,32.0,Atalanta BC,Bologna FC 1909,2,0,H
498916,2025-04-13 12:00:00+00:00,PD,2024,REGULAR_SEASON,31.0,CA Osasuna,Girona FC,2,1,H
499250,2025-04-13 12:30:00+00:00,DED,2024,REGULAR_SEASON,29.0,PEC Zwolle,FC Twente '65,1,1,D
499247,2025-04-13 12:30:00+00:00,DED,2024,REGULAR_SEASON,29.0,Heracles Almelo,AZ,1,0,H
498208,2025-04-13 13:00:00+00:00,FL1,2024,REGULAR_SEASON,29.0,AS Saint-Étienne,Stade Brestois 29,3,3,D
497724,2025-04-13 13:00:00+00:00,PL,2024,REGULAR_SEASON,32.0,Liverpool FC,West Ham United FC,2,1,H
497723,2025-04-13 13:00:00+00:00,PL,2024,REGULAR_SEASON,32.0,Chelsea FC,Ipswich Town FC,2,2,D
503356,2025-04-13 13:00:00+00:00,SA,2024,REGULAR_SEASON,32.0,Hellas Verona FC,Genoa CFC,0,0,D
503355,2025-04-13 13:00:00+00:00,SA,2024,REGULAR_SEASON,32.0,ACF Fiorentina,Parma Calcio 1913,0,0,D
497729,2025-04-13 13:00:00+00:00,PL,2024,REGULAR_SEASON,32.0,Wolverhampton Wanderers FC,Tottenham Hotspur FC,4,2,H
502626,2025-04-13 13:30:00+00:00,BL1,2024,REGULAR_SEASON,29.0,VfB Stuttgart,SV Werder Bremen,1,2,A
498918,2025-04-13 14:15:00+00:00,PD,2024,REGULAR_SEASON,31.0,Deportivo Alavés,Real Madrid CF,0,1,A
503773,2025-04-13 14:30:00+00:00,PPL,2024,REGULAR_SEASON,29.0,CF Estrela da Amadora,SC Farense,0,1,A
499253,2025-04-13 14:45:00+00:00,DED,2024,REGULAR_SEASON,29.0,Willem II Tilburg,AFC Ajax,1,2,A
498209,2025-04-13 15:15:00+00:00,FL1,2024,REGULAR_SEASON,29.0,Angers SCO,Montpellier HSC,2,0,H
498204,2025-04-13 15:15:00+00:00,FL1,2024,REGULAR_SEASON,29.0,Le Havre AC,Stade Rennais FC 1901,1,5,A
497726,2025-04-13 15:30:00+00:00,PL,2024,REGULAR_SEASON,32.0,Newcastle United FC,Manchester United FC,4,1,H
502625,2025-04-13 15:30:00+00:00,BL1,2024,REGULAR_SEASON,29.0,Eintracht Frankfurt,1. FC Heidenheim 1846,3,0,H
503354,2025-04-13 16:00:00+00:00,SA,2024,REGULAR_SEASON,32.0,Como 1907,Torino FC,1,0,H
498915,2025-04-13 16:30:00+00:00,PD,2024,REGULAR_SEASON,31.0,Real Betis Balompié,Villarreal CF,1,2,A
503765,2025-04-13 17:00:00+00:00,PPL,2024,REGULAR_SEASON,29.0,Sporting Clube de Braga,AVS,4,1,H
503768,2025-04-13 17:00:00+00:00,PPL,2024,REGULAR_SEASON,29.0,Sport Lisboa e Benfica,FC Arouca,2,2,D
498205,2025-04-13 18:45:00+00:00,FL1,2024,REGULAR_SEASON,29.0,AJ Auxerre,Olympique Lyonnais,1,3,A
503359,2025-04-13 18:45:00+00:00,SA,2024,REGULAR_SEASON,32.0,SS Lazio,AS Roma,1,1,D
498913,2025-04-13 19:00:00+00:00,PD,2024,REGULAR_SEASON,31.0,Athletic Club,Rayo Vallecano de Madrid,3,1,H
503772,2025-04-13 19:30:00+00:00,PPL,2024,REGULAR_SEASON,29.0,Moreirense FC,Rio Ave FC,0,2,A
503360,2025-04-14 18:45:00+00:00,SA,2024,REGULAR_SEASON,32.0,SSC Napoli,Empoli FC,3,0,H
498914,2025-04-14 19:00:00+00:00,PD,2024,REGULAR_SEASON,31.0,Club Atlético de Madrid,Real Valladolid CF,4,2,H
497720,2025-04-14 19:00:00+00:00,PL,2024,REGULAR_SEASON,32.0,AFC Bournemouth,Fulham FC,1,0,H
524113,2025-04-15 19:00:00+00:00,CL,2024,QUARTER_FINALS,2.0,Aston Villa FC,Paris Saint-Germain FC,3,2,H
524114,2025-04-15 19:00:00+00:00,CL,2024,QUARTER_FINALS,2.0,Borussia Dortmund,FC Barcelona,3,1,H
497698,2025-04-16 18:30:00+00:00,PL,2024,REGULAR_SEASON,29.0,Newcastle United FC,Crystal Palace FC,5,0,H
524112,2025-04-16 19:00:00+00:00,CL,2024,QUARTER_FINALS,2.0,Real Madrid CF,Arsenal FC,1,2,A
524115,2025-04-16 19:00:00+00:00,CL,2024,QUARTER_FINALS,2.0,FC Internazionale Milano,FC Bayern München,2,2,D
503756,2025-04-18 14:30:00+00:00,PPL,2024,REGULAR_SEASON,30.0,SC Farense,Boavista FC,0,1,A
503760,2025-04-18 14:30:00+00:00,PPL,2024,REGULAR_SEASON,30.0,Rio Ave FC,CD Santa Clara,1,1,D
503764,2025-04-18 17:00:00+00:00,PPL,2024,REGULAR_SEASON,30.0,FC Porto,FC Famalicão,2,1,H
498220,2025-04-18 18:45:00+00:00,FL1,2024,REGULAR_SEASON,30.0,Stade Rennais FC 1901,FC Nantes,2,1,H
498932,2025-04-18 19:00:00+00:00,PD,2024,REGULAR_SEASON,32.0,RCD Espanyol de Barcelona,Getafe CF,1,0,H
503761,2025-04-18 19:30:00+00:00,PPL,2024,REGULAR_SEASON,30.0,Sporting Clube de Portugal,Moreirense FC,3,1,H
498927,2025-04-19 12:00:00+00:00,PD,2024,REGULAR_SEASON,32.0,Rayo Vallecano de Madrid,Valencia CF,1,1,D
503367,2025-04-19 13:00:00+00:00,SA,2024,REGULAR_SEASON,33.0,US Lecce,Como 1907,0,3,A
502637,2025-04-19 13:30:00+00:00,BL1,2024,REGULAR_SEASON,30.0,1. FSV Mainz 05,VfL Wolfsburg,2,2,D
502634,2025-04-19 13:30:00+00:00,BL1,2024,REGULAR_SEASON,30.0,1. FC Heidenheim 1846,FC Bayern München,0,4,A
502640,2025-04-19 13:30:00+00:00,BL1,2024,REGULAR_SEASON,30.0,RB Leipzig,Holstein Kiel,1,1,D
502639,2025-04-19 13:30:00+00:00,BL1,2024,REGULAR_SEASON,30.0,SV Werder Bremen,VfL Bochum 1848,1,0,H
502636,2025-04-19 13:30:00+00:00,BL1,2024,REGULAR_SEASON,30.0,SC Freiburg,TSG 1899 Hoffenheim,3,2,H
497731,2025-04-19 14:00:00+00:00,PL,2024,REGULAR_SEASON,33.0,Brentford FC,Brighton & Hove Albion FC,4,2,H
497732,2025-04-19 14:00:00+00:00,PL,2024,REGULAR_SEASON,33.0,Crystal Palace FC,AFC Bournemouth,0,0,D
497733,2025-04-19 14:00:00+00:00,PL,2024,REGULAR_SEASON,33.0,Everton FC,Manchester City FC,0,2,A
497739,2025-04-19 14:00:00+00:00,PL,2024,REGULAR_SEASON,33.0,West Ham United FC,Southampton FC,1,1,D
498923,2025-04-19 14:15:00+00:00,PD,2024,REGULAR_SEASON,32.0,FC Barcelona,RC Celta de Vigo,4,3,H
503762,2025-04-19 14:30:00+00:00,PPL,2024,REGULAR_SEASON,30.0,AVS,Casa Pia AC,1,1,D
503759,2025-04-19 14:30:00+00:00,PPL,2024,REGULAR_SEASON,30.0,CD Nacional,Gil Vicente FC,0,3,A
498216,2025-04-19 15:00:00+00:00,FL1,2024,REGULAR_SEASON,30.0,Paris Saint-Germain FC,Le Havre AC,2,1,H
503369,2025-04-19 16:00:00+00:00,SA,2024,REGULAR_SEASON,33.0,AC Monza,SSC Napoli,0,1,A
497730,2025-04-19 16:30:00+00:00,PL,2024,REGULAR_SEASON,33.0,Aston Villa FC,Newcastle United FC,4,1,H
498928,2025-04-19 16:30:00+00:00,PD,2024,REGULAR_SEASON,32.0,RCD Mallorca,CD Leganés,0,0,D
502633,2025-04-19 16:30:00+00:00,BL1,2024,REGULAR_SEASON,30.0,1. FC Union Berlin,VfB Stuttgart,4,4,D
503758,2025-04-19 17:00:00+00:00,PPL,2024,REGULAR_SEASON,30.0,GD Estoril Praia,Sporting Clube de Braga,0,2,A
498219,2025-04-19 17:00:00+00:00,FL1,2024,REGULAR_SEASON,30.0,AS Monaco FC,RC Strasbourg Alsace,0,0,D
503763,2025-04-19 17:00:00+00:00,PPL,2024,REGULAR_SEASON,30.0,FC Arouca,CF Estrela da Amadora,1,0,H
499270,2025-04-19 18:00:00+00:00,DED,2024,REGULAR_SEASON,31.0,SC Heerenveen,Almere City FC,2,1,H
503371,2025-04-19 18:45:00+00:00,SA,2024,REGULAR_SEASON,33.0,AS Roma,Hellas Verona FC,1,0,H
498931,2025-04-19 19:00:00+00:00,PD,2024,REGULAR_SEASON,32.0,UD Las Palmas,Club Atlético de Madrid,1,0,H
498217,2025-04-19 19:05:00+00:00,FL1,2024,REGULAR_SEASON,30.0,Olympique de Marseille,Montpellier HSC,5,1,H
503757,2025-04-19 19:30:00+00:00,PPL,2024,REGULAR_SEASON,30.0,Vitória SC,Sport Lisboa e Benfica,0,3,A
499264,2025-04-20 10:15:00+00:00,DED,2024,REGULAR_SEASON,31.0,FC Utrecht,AFC Ajax,4,0,H
498930,2025-04-20 12:00:00+00:00,PD,2024,REGULAR_SEASON,32.0,Real Valladolid CF,CA Osasuna,2,3,A
498215,2025-04-20 13:00:00+00:00,FL1,2024,REGULAR_SEASON,30.0,Lille OSC,AJ Auxerre,3,1,H
503365,2025-04-20 13:00:00+00:00,SA,2024,REGULAR_SEASON,33.0,Empoli FC,Venezia FC,2,2,D
497734,2025-04-20 13:00:00+00:00,PL,2024,REGULAR_SEASON,33.0,Fulham FC,Chelsea FC,1,2,A
497735,2025-04-20 13:00:00+00:00,PL,2024,REGULAR_SEASON,33.0,Ipswich Town FC,Arsenal FC,0,4,A
497737,2025-04-20 13:00:00+00:00,PL,2024,REGULAR_SEASON,33.0,Manchester United FC,Wolverhampton Wanderers FC,0,1,A
502635,2025-04-20 13:30:00+00:00,BL1,2024,REGULAR_SEASON,30.0,FC Augsburg,Eintracht Frankfurt,0,0,D
498926,2025-04-20 14:15:00+00:00,PD,2024,REGULAR_SEASON,32.0,Villarreal CF,Real Sociedad de Fútbol,2,2,D
498213,2025-04-20 15:15:00+00:00,FL1,2024,REGULAR_SEASON,30.0,OGC Nice,Angers SCO,2,1,H
498214,2025-04-20 15:15:00+00:00,FL1,2024,REGULAR_SEASON,30.0,Stade Brestois 29,Racing Club de Lens,1,3,A
498218,2025-04-20 15:15:00+00:00,FL1,2024,REGULAR_SEASON,30.0,Stade de Reims,Toulouse FC,1,0,H
502638,2025-04-20 15:30:00+00:00,BL1,2024,REGULAR_SEASON,30.0,Borussia Dortmund,Borussia Mönchengladbach,3,2,H
497736,2025-04-20 15:30:00+00:00,PL,2024,REGULAR_SEASON,33.0,Leicester City FC,Liverpool FC,0,1,A
503363,2025-04-20 16:00:00+00:00,SA,2024,REGULAR_SEASON,33.0,Bologna FC 1909,FC Internazionale Milano,1,0,H
498925,2025-04-20 16:30:00+00:00,PD,2024,REGULAR_SEASON,32.0,Sevilla FC,Deportivo Alavés,1,1,D
502632,2025-04-20 17:30:00+00:00,BL1,2024,REGULAR_SEASON,30.0,FC St. Pauli 1910,Bayer 04 Leverkusen,1,1,D
503368,2025-04-20 18:45:00+00:00,SA,2024,REGULAR_SEASON,33.0,AC Milan,Atalanta BC,0,1,A
498212,2025-04-20 18:45:00+00:00,FL1,2024,REGULAR_SEASON,30.0,AS Saint-Étienne,Olympique Lyonnais,2,1,H
498929,2025-04-20 19:00:00+00:00,PD,2024,REGULAR_SEASON,32.0,Real Madrid CF,Athletic Club,1,0,H
498924,2025-04-21 19:00:00+00:00,PD,2024,REGULAR_SEASON,32.0,Girona FC,Real Betis Balompié,1,3,A
497738,2025-04-21 19:00:00+00:00,PL,2024,REGULAR_SEASON,33.0,Tottenham Hotspur FC,Nottingham Forest FC,1,2,A
498942,2025-04-22 17:00:00+00:00,PD,2024,REGULAR_SEASON,33.0,Valencia CF,RCD Espanyol de Barcelona,1,1,D
498206,2025-04-22 18:45:00+00:00,FL1,2024,REGULAR_SEASON,29.0,FC Nantes,Paris Saint-Germain FC,1,1,D
497745,2025-04-22 19:00:00+00:00,PL,2024,REGULAR_SEASON,34.0,Manchester City FC,Aston Villa FC,2,1,H
498940,2025-04-22 19:30:00+00:00,PD,2024,REGULAR_SEASON,33.0,FC Barcelona,RCD Mallorca,1,0,H
503372,2025-04-23 16:30:00+00:00,SA,2024,REGULAR_SEASON,33.0,Torino FC,Udinese Calcio,2,0,H
503364,2025-04-23 16:30:00+00:00,SA,2024,REGULAR_SEASON,33.0,Cagliari Calcio,ACF Fiorentina,1,2,A
503366,2025-04-23 16:30:00+00:00,SA,2024,REGULAR_SEASON,33.0,Genoa CFC,SS Lazio,0,2,A
503370,2025-04-23 16:30:00+00:00,SA,2024,REGULAR_SEASON,33.0,Parma Calcio 1913,Juventus FC,1,0,H
498933,2025-04-23 17:00:00+00:00,PD,2024,REGULAR_SEASON,33.0,Athletic Club,UD Las Palmas,1,0,H
498938,2025-04-23 17:00:00+00:00,PD,2024,REGULAR_SEASON,33.0,RC Celta de Vigo,Villarreal CF,3,0,H
499257,2025-04-23 18:00:00+00:00,DED,2024,REGULAR_SEASON,30.0,FC Groningen,Heracles Almelo,4,1,H
497741,2025-04-23 19:00:00+00:00,PL,2024,REGULAR_SEASON,34.0,Arsenal FC,Crystal Palace FC,2,2,D
498939,2025-04-23 19:30:00+00:00,PD,2024,REGULAR_SEASON,33.0,Deportivo Alavés,Real Sociedad de Fútbol,1,0,H
498941,2025-04-23 19:30:00+00:00,PD,2024,REGULAR_SEASON,33.0,Getafe CF,Real Madrid CF,0,1,A
499256,2025-04-24 16:45:00+00:00,DED,2024,REGULAR_SEASON,30.0,AZ,NAC Breda,1,1,D
498936,2025-04-24 17:00:00+00:00,PD,2024,REGULAR_SEASON,33.0,CA Osasuna,Sevilla FC,1,0,H
498937,2025-04-24 17:00:00+00:00,PD,2024,REGULAR_SEASON,33.0,CD Leganés,Girona FC,1,1,D
499262,2025-04-24 19:00:00+00:00,DED,2024,REGULAR_SEASON,30.0,FC Twente '65,PSV,1,3,A
498934,2025-04-24 19:30:00+00:00,PD,2024,REGULAR_SEASON,33.0,Club Atlético de Madrid,Rayo Vallecano de Madrid,3,0,H
498935,2025-04-24 19:30:00+00:00,PD,2024,REGULAR_SEASON,33.0,Real Betis Balompié,Real Valladolid CF,5,1,H
499260,2025-04-25 16:45:00+00:00,DED,2024,REGULAR_SEASON,30.0,RKC Waalwijk,FC Utrecht,0,4,A
502643,2025-04-25 18:30:00+00:00,BL1,2024,REGULAR_SEASON,31.0,VfB Stuttgart,1. FC Heidenheim 1846,0,1,A
498227,2025-04-25 18:45:00+00:00,FL1,2024,REGULAR_SEASON,31.0,Paris Saint-Germain FC,OGC Nice,1,3,A
499258,2025-04-25 19:00:00+00:00,DED,2024,REGULAR_SEASON,30.0,Feyenoord Rotterdam,PEC Zwolle,4,0,H
503750,2025-04-25 19:30:00+00:00,PPL,2024,REGULAR_SEASON,31.0,FC Famalicão,Sporting Clube de Braga,1,1,D
497743,2025-04-26 11:30:00+00:00,PL,2024,REGULAR_SEASON,34.0,Chelsea FC,Everton FC,1,0,H
502642,2025-04-26 13:30:00+00:00,BL1,2024,REGULAR_SEASON,31.0,TSG 1899 Hoffenheim,Borussia Dortmund,2,3,A
502644,2025-04-26 13:30:00+00:00,BL1,2024,REGULAR_SEASON,31.0,VfL Wolfsburg,SC Freiburg,0,1,A
502646,2025-04-26 13:30:00+00:00,BL1,2024,REGULAR_SEASON,31.0,Holstein Kiel,Borussia Mönchengladbach,4,3,H
502649,2025-04-26 13:30:00+00:00,BL1,2024,REGULAR_SEASON,31.0,Bayer 04 Leverkusen,FC Augsburg,2,0,H
502645,2025-04-26 13:30:00+00:00,BL1,2024,REGULAR_SEASON,31.0,FC Bayern München,1. FSV Mainz 05,3,0,H
497749,2025-04-26 14:00:00+00:00,PL,2024,REGULAR_SEASON,34.0,Wolverhampton Wanderers FC,Leicester City FC,3,0,H
497746,2025-04-26 14:00:00+00:00,PL,2024,REGULAR_SEASON,34.0,Newcastle United FC,Ipswich Town FC,3,0,H
497742,2025-04-26 14:00:00+00:00,PL,2024,REGULAR_SEASON,34.0,Brighton & Hove Albion FC,West Ham United FC,3,2,H
497748,2025-04-26 14:00:00+00:00,PL,2024,REGULAR_SEASON,34.0,Southampton FC,Fulham FC,1,2,A
503748,2025-04-26 14:30:00+00:00,PPL,2024,REGULAR_SEASON,31.0,CD Santa Clara,FC Arouca,2,0,H
498222,2025-04-26 15:00:00+00:00,FL1,2024,REGULAR_SEASON,31.0,RC Strasbourg Alsace,AS Saint-Étienne,3,1,H
502641,2025-04-26 16:30:00+00:00,BL1,2024,REGULAR_SEASON,31.0,Eintracht Frankfurt,RB Leipzig,4,0,H
498221,2025-04-26 17:00:00+00:00,FL1,2024,REGULAR_SEASON,31.0,Le Havre AC,AS Monaco FC,1,1,D
503749,2025-04-26 17:00:00+00:00,PPL,2024,REGULAR_SEASON,31.0,Gil Vicente FC,SC Farense,1,0,H
498229,2025-04-26 19:05:00+00:00,FL1,2024,REGULAR_SEASON,31.0,Olympique Lyonnais,Stade Rennais FC 1901,4,1,H
503754,2025-04-26 19:30:00+00:00,PPL,2024,REGULAR_SEASON,31.0,CF Estrela da Amadora,FC Porto,2,0,H
499259,2025-04-27 10:15:00+00:00,DED,2024,REGULAR_SEASON,30.0,Fortuna Sittard,Willem II Tilburg,1,0,H
503374,2025-04-27 10:30:00+00:00,SA,2024,REGULAR_SEASON,34.0,Como 1907,Genoa CFC,1,0,H
503382,2025-04-27 10:30:00+00:00,SA,2024,REGULAR_SEASON,34.0,Venezia FC,AC Milan,0,2,A
499254,2025-04-27 12:30:00+00:00,DED,2024,REGULAR_SEASON,30.0,AFC Ajax,Sparta Rotterdam,1,1,D
499261,2025-04-27 12:30:00+00:00,DED,2024,REGULAR_SEASON,30.0,SC Heerenveen,NEC,1,0,H
503377,2025-04-27 13:00:00+00:00,SA,2024,REGULAR_SEASON,34.0,FC Internazionale Milano,AS Roma,0,1,A
503375,2025-04-27 13:00:00+00:00,SA,2024,REGULAR_SEASON,34.0,ACF Fiorentina,Empoli FC,2,1,H
497740,2025-04-27 13:00:00+00:00,PL,2024,REGULAR_SEASON,34.0,AFC Bournemouth,Manchester United FC,1,1,D
498226,2025-04-27 13:00:00+00:00,FL1,2024,REGULAR_SEASON,31.0,Angers SCO,Lille OSC,0,2,A
502647,2025-04-27 13:30:00+00:00,BL1,2024,REGULAR_SEASON,31.0,VfL Bochum 1848,1. FC Union Berlin,1,1,D
498872,2025-04-27 14:15:00+00:00,PD,2024,REGULAR_SEASON,26.0,Villarreal CF,RCD Espanyol de Barcelona,1,0,H
503753,2025-04-27 14:30:00+00:00,PPL,2024,REGULAR_SEASON,31.0,Moreirense FC,CD Nacional,1,1,D
499255,2025-04-27 14:45:00+00:00,DED,2024,REGULAR_SEASON,30.0,Almere City FC,Go Ahead Eagles,0,0,D
498225,2025-04-27 15:15:00+00:00,FL1,2024,REGULAR_SEASON,31.0,Racing Club de Lens,AJ Auxerre,0,4,A
498223,2025-04-27 15:15:00+00:00,FL1,2024,REGULAR_SEASON,31.0,FC Nantes,Toulouse FC,0,0,D
498224,2025-04-27 15:15:00+00:00,FL1,2024,REGULAR_SEASON,31.0,Montpellier HSC,Stade de Reims,0,0,D
497744,2025-04-27 15:30:00+00:00,PL,2024,REGULAR_SEASON,34.0,Liverpool FC,Tottenham Hotspur FC,5,1,H
502648,2025-04-27 15:30:00+00:00,BL1,2024,REGULAR_SEASON,31.0,SV Werder Bremen,FC St. Pauli 1910,0,0,D
503378,2025-04-27 16:00:00+00:00,SA,2024,REGULAR_SEASON,34.0,Juventus FC,AC Monza,2,0,H
503747,2025-04-27 17:00:00+00:00,PPL,2024,REGULAR_SEASON,31.0,Sport Lisboa e Benfica,AVS,6,0,H
503751,2025-04-27 17:00:00+00:00,PPL,2024,REGULAR_SEASON,31.0,Vitória SC,Rio Ave FC,3,0,H
503380,2025-04-27 18:45:00+00:00,SA,2024,REGULAR_SEASON,34.0,SSC Napoli,Torino FC,2,0,H
503373,2025-04-27 18:45:00+00:00,SA,2024,REGULAR_SEASON,34.0,Atalanta BC,US Lecce,1,1,D
498228,2025-04-27 18:45:00+00:00,FL1,2024,REGULAR_SEASON,31.0,Olympique de Marseille,Stade Brestois 29,4,1,H
503752,2025-04-27 19:30:00+00:00,PPL,2024,REGULAR_SEASON,31.0,Boavista FC,Sporting Clube de Portugal,0,5,A
503381,2025-04-28 16:30:00+00:00,SA,2024,REGULAR_SEASON,34.0,Udinese Calcio,Bologna FC 1909,0,0,D
503376,2025-04-28 18:45:00+00:00,SA,2024,REGULAR_SEASON,34.0,Hellas Verona FC,Cagliari Calcio,0,2,A
503379,2025-04-28 18:45:00+00:00,SA,2024,REGULAR_SEASON,34.0,SS Lazio,Parma Calcio 1913,2,2,D
524116,2025-04-29 19:00:00+00:00,CL,2024,SEMI_FINALS,1.0,Arsenal FC,Paris Saint-Germain FC,0,1,A
503755,2025-04-29 19:30:00+00:00,PPL,2024,REGULAR_SEASON,31.0,Casa Pia AC,GD Estoril Praia,1,3,A
524117,2025-04-30 19:00:00+00:00,CL,2024,SEMI_FINALS,1.0,FC Barcelona,FC Internazionale Milano,3,3,D
497747,2025-05-01 18:30:00+00:00,PL,2024,REGULAR_SEASON,34.0,Nottingham Forest FC,Brentford FC,0,2,A
502657,2025-05-02 18:30:00+00:00,BL1,2024,REGULAR_SEASON,32.0,1. FC Heidenheim 1846,VfL Bochum 1848,0,0,D
498232,2025-05-02 18:45:00+00:00,FL1,2024,REGULAR_SEASON,32.0,OGC Nice,Stade de Reims,1,0,H
503392,2025-05-02 18:45:00+00:00,SA,2024,REGULAR_SEASON,35.0,Torino FC,Venezia FC,1,1,D
497758,2025-05-02 19:00:00+00:00,PL,2024,REGULAR_SEASON,35.0,Manchester City FC,Wolverhampton Wanderers FC,1,0,H
498947,2025-05-02 19:00:00+00:00,PD,2024,REGULAR_SEASON,34.0,Rayo Vallecano de Madrid,Getafe CF,1,0,H
503743,2025-05-02 19:15:00+00:00,PPL,2024,REGULAR_SEASON,32.0,FC Porto,Moreirense FC,3,1,H
497751,2025-05-03 11:30:00+00:00,PL,2024,REGULAR_SEASON,35.0,Aston Villa FC,Fulham FC,1,0,H
498943,2025-05-03 12:00:00+00:00,PD,2024,REGULAR_SEASON,34.0,Deportivo Alavés,Club Atlético de Madrid,0,0,D
503384,2025-05-03 13:00:00+00:00,SA,2024,REGULAR_SEASON,35.0,Cagliari Calcio,Udinese Calcio,1,2,A
503390,2025-05-03 13:00:00+00:00,SA,2024,REGULAR_SEASON,35.0,Parma Calcio 1913,Como 1907,0,1,A
502655,2025-05-03 13:30:00+00:00,BL1,2024,REGULAR_SEASON,32.0,1. FC Union Berlin,SV Werder Bremen,2,2,D
502651,2025-05-03 13:30:00+00:00,BL1,2024,REGULAR_SEASON,32.0,FC St. Pauli 1910,VfB Stuttgart,0,1,A
502654,2025-05-03 13:30:00+00:00,BL1,2024,REGULAR_SEASON,32.0,Borussia Mönchengladbach,TSG 1899 Hoffenheim,4,4,D
502652,2025-05-03 13:30:00+00:00,BL1,2024,REGULAR_SEASON,32.0,RB Leipzig,FC Bayern München,3,3,D
497757,2025-05-03 14:00:00+00:00,PL,2024,REGULAR_SEASON,35.0,Leicester City FC,Southampton FC,2,0,H
497756,2025-05-03 14:00:00+00:00,PL,2024,REGULAR_SEASON,35.0,Everton FC,Ipswich Town FC,2,2,D
498946,2025-05-03 14:15:00+00:00,PD,2024,REGULAR_SEASON,34.0,Villarreal CF,CA Osasuna,4,2,H
503740,2025-05-03 14:30:00+00:00,PPL,2024,REGULAR_SEASON,32.0,CD Nacional,Vitória SC,1,2,A
503746,2025-05-03 14:30:00+00:00,PPL,2024,REGULAR_SEASON,32.0,SC Farense,FC Famalicão,2,1,H
499268,2025-05-03 14:30:00+00:00,DED,2024,REGULAR_SEASON,31.0,NEC,Willem II Tilburg,1,1,D
498237,2025-05-03 15:00:00+00:00,FL1,2024,REGULAR_SEASON,32.0,RC Strasbourg Alsace,Paris Saint-Germain FC,2,1,H
503388,2025-05-03 16:00:00+00:00,SA,2024,REGULAR_SEASON,35.0,US Lecce,SSC Napoli,0,1,A
498951,2025-05-03 16:30:00+00:00,PD,2024,REGULAR_SEASON,34.0,UD Las Palmas,Valencia CF,2,3,A
502656,2025-05-03 16:30:00+00:00,BL1,2024,REGULAR_SEASON,32.0,Borussia Dortmund,VfL Wolfsburg,4,0,H
497750,2025-05-03 16:30:00+00:00,PL,2024,REGULAR_SEASON,35.0,Arsenal FC,AFC Bournemouth,1,2,A
499266,2025-05-03 16:45:00+00:00,DED,2024,REGULAR_SEASON,31.0,Heracles Almelo,Feyenoord Rotterdam,1,4,A
503742,2025-05-03 17:00:00+00:00,PPL,2024,REGULAR_SEASON,32.0,Sporting Clube de Braga,CD Santa Clara,1,1,D
498236,2025-05-03 17:00:00+00:00,FL1,2024,REGULAR_SEASON,32.0,Toulouse FC,Stade Rennais FC 1901,2,1,H
499263,2025-05-03 18:00:00+00:00,DED,2024,REGULAR_SEASON,31.0,FC Groningen,RKC Waalwijk,6,1,H
503387,2025-05-03 18:45:00+00:00,SA,2024,REGULAR_SEASON,35.0,FC Internazionale Milano,Hellas Verona FC,1,0,H
498950,2025-05-03 19:00:00+00:00,PD,2024,REGULAR_SEASON,34.0,Real Valladolid CF,FC Barcelona,1,2,A
499269,2025-05-03 19:00:00+00:00,DED,2024,REGULAR_SEASON,31.0,PSV,Fortuna Sittard,4,1,H
498234,2025-05-03 19:05:00+00:00,FL1,2024,REGULAR_SEASON,32.0,AS Saint-Étienne,AS Monaco FC,1,3,A
503739,2025-05-03 19:30:00+00:00,PPL,2024,REGULAR_SEASON,32.0,GD Estoril Praia,Sport Lisboa e Benfica,1,2,A
499267,2025-05-04 10:15:00+00:00,DED,2024,REGULAR_SEASON,31.0,NAC Breda,PEC Zwolle,1,3,A
503385,2025-05-04 10:30:00+00:00,SA,2024,REGULAR_SEASON,35.0,Empoli FC,SS Lazio,0,1,A
498948,2025-05-04 12:00:00+00:00,PD,2024,REGULAR_SEASON,34.0,Real Madrid CF,RC Celta de Vigo,3,2,H
499265,2025-05-04 12:30:00+00:00,DED,2024,REGULAR_SEASON,31.0,Go Ahead Eagles,AZ,0,3,A
499271,2025-05-04 12:30:00+00:00,DED,2024,REGULAR_SEASON,31.0,Sparta Rotterdam,FC Twente '65,0,2,A
497753,2025-05-04 13:00:00+00:00,PL,2024,REGULAR_SEASON,35.0,Brighton & Hove Albion FC,Newcastle United FC,1,1,D
503389,2025-05-04 13:00:00+00:00,SA,2024,REGULAR_SEASON,35.0,AC Monza,Atalanta BC,0,4,A
498235,2025-05-04 13:00:00+00:00,FL1,2024,REGULAR_SEASON,32.0,FC Nantes,Angers SCO,0,1,A
497752,2025-05-04 13:00:00+00:00,PL,2024,REGULAR_SEASON,35.0,Brentford FC,Manchester United FC,4,3,H
497759,2025-05-04 13:00:00+00:00,PL,2024,REGULAR_SEASON,35.0,West Ham United FC,Tottenham Hotspur FC,1,1,D
502658,2025-05-04 13:30:00+00:00,BL1,2024,REGULAR_SEASON,32.0,FC Augsburg,Holstein Kiel,1,3,A
498945,2025-05-04 14:15:00+00:00,PD,2024,REGULAR_SEASON,34.0,Sevilla FC,CD Leganés,2,2,D
498230,2025-05-04 15:15:00+00:00,FL1,2024,REGULAR_SEASON,32.0,Olympique Lyonnais,Racing Club de Lens,1,2,A
498233,2025-05-04 15:15:00+00:00,FL1,2024,REGULAR_SEASON,32.0,Stade Brestois 29,Montpellier HSC,1,0,H
498238,2025-05-04 15:15:00+00:00,FL1,2024,REGULAR_SEASON,32.0,AJ Auxerre,Le Havre AC,1,2,A
502650,2025-05-04 15:30:00+00:00,BL1,2024,REGULAR_SEASON,32.0,SC Freiburg,Bayer 04 Leverkusen,2,2,D
497754,2025-05-04 15:30:00+00:00,PL,2024,REGULAR_SEASON,35.0,Chelsea FC,Liverpool FC,3,1,H
503391,2025-05-04 16:00:00+00:00,SA,2024,REGULAR_SEASON,35.0,AS Roma,ACF Fiorentina,1,0,H
498952,2025-05-04 16:30:00+00:00,PD,2024,REGULAR_SEASON,34.0,RCD Espanyol de Barcelona,Real Betis Balompié,1,2,A
503745,2025-05-04 17:00:00+00:00,PPL,2024,REGULAR_SEASON,32.0,FC Arouca,Casa Pia AC,0,0,D
502653,2025-05-04 17:30:00+00:00,BL1,2024,REGULAR_SEASON,32.0,1. FSV Mainz 05,Eintracht Frankfurt,1,1,D
498231,2025-05-04 18:45:00+00:00,FL1,2024,REGULAR_SEASON,32.0,Lille OSC,Olympique de Marseille,1,1,D
503383,2025-05-04 18:45:00+00:00,SA,2024,REGULAR_SEASON,35.0,Bologna FC 1909,Juventus FC,1,1,D
498949,2025-05-04 19:00:00+00:00,PD,2024,REGULAR_SEASON,34.0,Real Sociedad de Fútbol,Athletic Club,0,0,D
503738,2025-05-04 19:30:00+00:00,PPL,2024,REGULAR_SEASON,32.0,Sporting Clube de Portugal,Gil Vicente FC,2,1,H
503741,2025-05-05 18:30:00+00:00,PPL,2024,REGULAR_SEASON,32.0,Rio Ave FC,CF Estrela da Amadora,2,0,H
503386,2025-05-05 18:45:00+00:00,SA,2024,REGULAR_SEASON,35.0,Genoa CFC,AC Milan,1,2,A
497755,2025-05-05 19:00:00+00:00,PL,2024,REGULAR_SEASON,35.0,Crystal Palace FC,Nottingham Forest FC,1,1,D
498944,2025-05-05 19:00:00+00:00,PD,2024,REGULAR_SEASON,34.0,Girona FC,RCD Mallorca,1,0,H
503744,2025-05-05 19:15:00+00:00,PPL,2024,REGULAR_SEASON,32.0,AVS,Boavista FC,1,2,A
524119,2025-05-06 19:00:00+00:00,CL,2024,SEMI_FINALS,2.0,FC Internazionale Milano,FC Barcelona,4,3,H
524118,2025-05-07 19:00:00+00:00,CL,2024,SEMI_FINALS,2.0,Paris Saint-Germain FC,Arsenal FC,2,1,H
499280,2025-05-09 18:00:00+00:00,DED,2024,REGULAR_SEASON,32.0,Willem II Tilburg,Heracles Almelo,1,2,A
502661,2025-05-09 18:30:00+00:00,BL1,2024,REGULAR_SEASON,33.0,VfL Wolfsburg,TSG 1899 Hoffenheim,2,2,D
503398,2025-05-09 18:45:00+00:00,SA,2024,REGULAR_SEASON,36.0,AC Milan,Bologna FC 1909,3,1,H
498961,2025-05-09 19:00:00+00:00,PD,2024,REGULAR_SEASON,35.0,UD Las Palmas,Rayo Vallecano de Madrid,0,1,A
498959,2025-05-10 12:00:00+00:00,PD,2024,REGULAR_SEASON,35.0,Valencia CF,Getafe CF,3,0,H
503394,2025-05-10 13:00:00+00:00,SA,2024,REGULAR_SEASON,36.0,Como 1907,Cagliari Calcio,3,1,H
502665,2025-05-10 13:30:00+00:00,BL1,2024,REGULAR_SEASON,33.0,VfL Bochum 1848,1. FSV Mainz 05,1,4,A
502663,2025-05-10 13:30:00+00:00,BL1,2024,REGULAR_SEASON,33.0,Holstein Kiel,SC Freiburg,1,2,A
502662,2025-05-10 13:30:00+00:00,BL1,2024,REGULAR_SEASON,33.0,1. FC Union Berlin,1. FC Heidenheim 1846,0,3,A
502659,2025-05-10 13:30:00+00:00,BL1,2024,REGULAR_SEASON,33.0,SV Werder Bremen,RB Leipzig,0,0,D
497769,2025-05-10 14:00:00+00:00,PL,2024,REGULAR_SEASON,36.0,Wolverhampton Wanderers FC,Brighton & Hove Albion FC,0,2,A
497767,2025-05-10 14:00:00+00:00,PL,2024,REGULAR_SEASON,36.0,Southampton FC,Manchester City FC,0,0,D
497761,2025-05-10 14:00:00+00:00,PL,2024,REGULAR_SEASON,36.0,Fulham FC,Everton FC,1,3,A
497762,2025-05-10 14:00:00+00:00,PL,2024,REGULAR_SEASON,36.0,Ipswich Town FC,Brentford FC,0,1,A
498956,2025-05-10 14:15:00+00:00,PD,2024,REGULAR_SEASON,35.0,RC Celta de Vigo,Sevilla FC,3,2,H
499278,2025-05-10 14:30:00+00:00,DED,2024,REGULAR_SEASON,32.0,RKC Waalwijk,SC Heerenveen,3,1,H
503736,2025-05-10 14:30:00+00:00,PPL,2024,REGULAR_SEASON,33.0,CD Nacional,Rio Ave FC,3,3,D
503735,2025-05-10 14:30:00+00:00,PPL,2024,REGULAR_SEASON,33.0,CD Santa Clara,FC Famalicão,2,1,H
503397,2025-05-10 16:00:00+00:00,SA,2024,REGULAR_SEASON,36.0,SS Lazio,Juventus FC,1,1,D
497760,2025-05-10 16:30:00+00:00,PL,2024,REGULAR_SEASON,36.0,AFC Bournemouth,Aston Villa FC,0,1,A
502666,2025-05-10 16:30:00+00:00,BL1,2024,REGULAR_SEASON,33.0,FC Bayern München,Borussia Mönchengladbach,2,0,H
498958,2025-05-10 16:30:00+00:00,PD,2024,REGULAR_SEASON,35.0,Girona FC,Villarreal CF,0,1,A
498960,2025-05-10 16:30:00+00:00,PD,2024,REGULAR_SEASON,35.0,RCD Mallorca,Real Valladolid CF,2,1,H
499276,2025-05-10 16:45:00+00:00,DED,2024,REGULAR_SEASON,32.0,Fortuna Sittard,NAC Breda,1,0,H
503737,2025-05-10 17:00:00+00:00,PPL,2024,REGULAR_SEASON,33.0,Sport Lisboa e Benfica,Sporting Clube de Portugal,1,1,D
503395,2025-05-10 18:45:00+00:00,SA,2024,REGULAR_SEASON,36.0,Empoli FC,Parma Calcio 1913,2,1,H
498954,2025-05-10 19:00:00+00:00,PD,2024,REGULAR_SEASON,35.0,Club Atlético de Madrid,Real Sociedad de Fútbol,4,0,H
498240,2025-05-10 19:00:00+00:00,FL1,2024,REGULAR_SEASON,33.0,AJ Auxerre,FC Nantes,1,1,D
498243,2025-05-10 19:00:00+00:00,FL1,2024,REGULAR_SEASON,33.0,Stade Rennais FC 1901,OGC Nice,2,0,H
498245,2025-05-10 19:00:00+00:00,FL1,2024,REGULAR_SEASON,33.0,Toulouse FC,Racing Club de Lens,1,1,D
498246,2025-05-10 19:00:00+00:00,FL1,2024,REGULAR_SEASON,33.0,Stade Brestois 29,Lille OSC,2,0,H
498247,2025-05-10 19:00:00+00:00,FL1,2024,REGULAR_SEASON,33.0,AS Monaco FC,Olympique Lyonnais,2,0,H
498242,2025-05-10 19:00:00+00:00,FL1,2024,REGULAR_SEASON,33.0,Le Havre AC,Olympique de Marseille,1,3,A
498239,2025-05-10 19:00:00+00:00,FL1,2024,REGULAR_SEASON,33.0,Stade de Reims,AS Saint-Étienne,0,2,A
498244,2025-05-10 19:00:00+00:00,FL1,2024,REGULAR_SEASON,33.0,Montpellier HSC,Paris Saint-Germain FC,1,4,A
499273,2025-05-10 19:00:00+00:00,DED,2024,REGULAR_SEASON,32.0,Almere City FC,Sparta Rotterdam,0,3,A
498241,2025-05-10 19:00:00+00:00,FL1,2024,REGULAR_SEASON,33.0,Angers SCO,RC Strasbourg Alsace,2,1,H
503730,2025-05-10 19:30:00+00:00,PPL,2024,REGULAR_SEASON,33.0,Casa Pia AC,Sporting Clube de Braga,2,1,H
503731,2025-05-10 19:30:00+00:00,PPL,2024,REGULAR_SEASON,33.0,Gil Vicente FC,FC Arouca,1,1,D
499277,2025-05-11 10:15:00+00:00,DED,2024,REGULAR_SEASON,32.0,PEC Zwolle,Go Ahead Eagles,1,1,D
503401,2025-05-11 10:30:00+00:00,SA,2024,REGULAR_SEASON,36.0,Udinese Calcio,AC Monza,1,2,A
497765,2025-05-11 11:00:00+00:00,PL,2024,REGULAR_SEASON,36.0,Newcastle United FC,Chelsea FC,2,0,H
498962,2025-05-11 12:00:00+00:00,PD,2024,REGULAR_SEASON,35.0,CD Leganés,RCD Espanyol de Barcelona,3,2,H
499275,2025-05-11 12:30:00+00:00,DED,2024,REGULAR_SEASON,32.0,Feyenoord Rotterdam,PSV,2,3,A
499279,2025-05-11 12:30:00+00:00,DED,2024,REGULAR_SEASON,32.0,FC Twente '65,FC Utrecht,2,0,H
503396,2025-05-11 13:00:00+00:00,SA,2024,REGULAR_SEASON,36.0,Hellas Verona FC,US Lecce,1,1,D
497766,2025-05-11 13:15:00+00:00,PL,2024,REGULAR_SEASON,36.0,Nottingham Forest FC,Leicester City FC,2,2,D
497768,2025-05-11 13:15:00+00:00,PL,2024,REGULAR_SEASON,36.0,Tottenham Hotspur FC,Crystal Palace FC,0,2,A
497764,2025-05-11 13:15:00+00:00,PL,2024,REGULAR_SEASON,36.0,Manchester United FC,West Ham United FC,0,2,A
502660,2025-05-11 13:30:00+00:00,BL1,2024,REGULAR_SEASON,33.0,Bayer 04 Leverkusen,Borussia Dortmund,2,4,A
498957,2025-05-11 14:15:00+00:00,PD,2024,REGULAR_SEASON,35.0,FC Barcelona,Real Madrid CF,4,3,H
503734,2025-05-11 14:30:00+00:00,PPL,2024,REGULAR_SEASON,33.0,CF Estrela da Amadora,AVS,0,1,A
499272,2025-05-11 14:45:00+00:00,DED,2024,REGULAR_SEASON,32.0,AFC Ajax,NEC,0,3,A
499274,2025-05-11 14:45:00+00:00,DED,2024,REGULAR_SEASON,32.0,AZ,FC Groningen,3,0,H
497763,2025-05-11 15:30:00+00:00,PL,2024,REGULAR_SEASON,36.0,Liverpool FC,Arsenal FC,2,2,D
502667,2025-05-11 15:30:00+00:00,BL1,2024,REGULAR_SEASON,33.0,Eintracht Frankfurt,FC St. Pauli 1910,2,2,D
503400,2025-05-11 16:00:00+00:00,SA,2024,REGULAR_SEASON,36.0,Torino FC,FC Internazionale Milano,0,2,A
498953,2025-05-11 16:30:00+00:00,PD,2024,REGULAR_SEASON,35.0,Athletic Club,Deportivo Alavés,1,0,H
503729,2025-05-11 17:00:00+00:00,PPL,2024,REGULAR_SEASON,33.0,Moreirense FC,GD Estoril Praia,2,2,D
503732,2025-05-11 17:00:00+00:00,PPL,2024,REGULAR_SEASON,33.0,Vitória SC,SC Farense,1,2,A
502664,2025-05-11 17:30:00+00:00,BL1,2024,REGULAR_SEASON,33.0,VfB Stuttgart,FC Augsburg,4,0,H
503399,2025-05-11 18:45:00+00:00,SA,2024,REGULAR_SEASON,36.0,SSC Napoli,Genoa CFC,2,2,D
498955,2025-05-11 19:00:00+00:00,PD,2024,REGULAR_SEASON,35.0,Real Betis Balompié,CA Osasuna,1,1,D
503733,2025-05-11 19:30:00+00:00,PPL,2024,REGULAR_SEASON,33.0,Boavista FC,FC Porto,1,2,A
503402,2025-05-12 16:30:00+00:00,SA,2024,REGULAR_SEASON,36.0,Venezia FC,ACF Fiorentina,2,1,H
503393,2025-05-12 18:45:00+00:00,SA,2024,REGULAR_SEASON,36.0,Atalanta BC,AS Roma,2,1,H
498971,2025-05-13 17:00:00+00:00,PD,2024,REGULAR_SEASON,36.0,Real Valladolid CF,Girona FC,0,1,A
498970,2025-05-13 18:00:00+00:00,PD,2024,REGULAR_SEASON,36.0,Real Sociedad de Fútbol,RC Celta de Vigo,0,1,A
498966,2025-05-13 19:30:00+00:00,PD,2024,REGULAR_SEASON,36.0,Sevilla FC,UD Las Palmas,1,0,H
498964,2025-05-14 17:00:00+00:00,PD,2024,REGULAR_SEASON,36.0,Deportivo Alavés,Valencia CF,1,0,H
498967,2025-05-14 17:00:00+00:00,PD,2024,REGULAR_SEASON,36.0,Villarreal CF,CD Leganés,3,0,H
499284,2025-05-14 18:00:00+00:00,DED,2024,REGULAR_SEASON,33.0,Feyenoord Rotterdam,RKC Waalwijk,2,0,H
499286,2025-05-14 18:00:00+00:00,DED,2024,REGULAR_SEASON,33.0,NEC,NAC Breda,3,0,H
499283,2025-05-14 18:00:00+00:00,DED,2024,REGULAR_SEASON,33.0,FC Utrecht,Sparta Rotterdam,1,1,D
499288,2025-05-14 18:00:00+00:00,DED,2024,REGULAR_SEASON,33.0,FC Twente '65,AZ,2,3,A
499285,2025-05-14 18:00:00+00:00,DED,2024,REGULAR_SEASON,33.0,Go Ahead Eagles,SC Heerenveen,1,0,H
499287,2025-05-14 18:00:00+00:00,DED,2024,REGULAR_SEASON,33.0,PSV,Heracles Almelo,4,1,H
499281,2025-05-14 18:00:00+00:00,DED,2024,REGULAR_SEASON,33.0,Almere City FC,Fortuna Sittard,1,1,D
499282,2025-05-14 18:00:00+00:00,DED,2024,REGULAR_SEASON,33.0,FC Groningen,AFC Ajax,2,2,D
499289,2025-05-14 18:00:00+00:00,DED,2024,REGULAR_SEASON,33.0,Willem II Tilburg,PEC Zwolle,1,2,A
498969,2025-05-14 19:30:00+00:00,PD,2024,REGULAR_SEASON,36.0,Real Madrid CF,RCD Mallorca,2,1,H
498963,2025-05-15 17:00:00+00:00,PD,2024,REGULAR_SEASON,36.0,CA Osasuna,Club Atlético de Madrid,2,0,H
498968,2025-05-15 17:00:00+00:00,PD,2024,REGULAR_SEASON,36.0,Rayo Vallecano de Madrid,Real Betis Balompié,2,2,D
498972,2025-05-15 19:30:00+00:00,PD,2024,REGULAR_SEASON,36.0,RCD Espanyol de Barcelona,FC Barcelona,0,2,A
498965,2025-05-15 19:30:00+00:00,PD,2024,REGULAR_SEASON,36.0,Getafe CF,Athletic Club,0,2,A
503724,2025-05-16 18:00:00+00:00,PPL,2024,REGULAR_SEASON,34.0,FC Famalicão,Casa Pia AC,2,1,H
503721,2025-05-16 18:00:00+00:00,PPL,2024,REGULAR_SEASON,34.0,Rio Ave FC,Gil Vicente FC,1,1,D
497771,2025-05-16 18:30:00+00:00,PL,2024,REGULAR_SEASON,37.0,Aston Villa FC,Tottenham Hotspur FC,2,0,H
497774,2025-05-16 19:15:00+00:00,PL,2024,REGULAR_SEASON,37.0,Chelsea FC,Manchester United FC,1,0,H
502675,2025-05-17 13:30:00+00:00,BL1,2024,REGULAR_SEASON,34.0,FC St. Pauli 1910,VfL Bochum 1848,0,2,A
502668,2025-05-17 13:30:00+00:00,BL1,2024,REGULAR_SEASON,34.0,1. FSV Mainz 05,Bayer 04 Leverkusen,2,2,D
502669,2025-05-17 13:30:00+00:00,BL1,2024,REGULAR_SEASON,34.0,RB Leipzig,VfB Stuttgart,2,3,A
502670,2025-05-17 13:30:00+00:00,BL1,2024,REGULAR_SEASON,34.0,TSG 1899 Hoffenheim,FC Bayern München,0,4,A
502671,2025-05-17 13:30:00+00:00,BL1,2024,REGULAR_SEASON,34.0,SC Freiburg,Eintracht Frankfurt,1,3,A
502672,2025-05-17 13:30:00+00:00,BL1,2024,REGULAR_SEASON,34.0,1. FC Heidenheim 1846,SV Werder Bremen,1,4,A
502673,2025-05-17 13:30:00+00:00,BL1,2024,REGULAR_SEASON,34.0,Borussia Mönchengladbach,VfL Wolfsburg,0,1,A
502674,2025-05-17 13:30:00+00:00,BL1,2024,REGULAR_SEASON,34.0,FC Augsburg,1. FC Union Berlin,1,2,A
502676,2025-05-17 13:30:00+00:00,BL1,2024,REGULAR_SEASON,34.0,Borussia Dortmund,Holstein Kiel,3,0,H
503727,2025-05-17 17:00:00+00:00,PPL,2024,REGULAR_SEASON,34.0,FC Arouca,Boavista FC,4,1,H
503723,2025-05-17 17:00:00+00:00,PPL,2024,REGULAR_SEASON,34.0,Sporting Clube de Braga,Sport Lisboa e Benfica,1,1,D
503722,2025-05-17 17:00:00+00:00,PPL,2024,REGULAR_SEASON,34.0,Sporting Clube de Portugal,Vitória SC,2,0,H
503719,2025-05-17 17:00:00+00:00,PPL,2024,REGULAR_SEASON,34.0,GD Estoril Praia,CF Estrela da Amadora,4,0,H
503726,2025-05-17 17:00:00+00:00,PPL,2024,REGULAR_SEASON,34.0,AVS,Moreirense FC,0,3,A
503725,2025-05-17 17:00:00+00:00,PPL,2024,REGULAR_SEASON,34.0,FC Porto,CD Nacional,3,0,H
503728,2025-05-17 17:00:00+00:00,PPL,2024,REGULAR_SEASON,34.0,SC Farense,CD Santa Clara,1,2,A
503405,2025-05-17 18:45:00+00:00,SA,2024,REGULAR_SEASON,37.0,Genoa CFC,Atalanta BC,2,3,A
498255,2025-05-17 19:00:00+00:00,FL1,2024,REGULAR_SEASON,34.0,Racing Club de Lens,AS Monaco FC,4,0,H
498256,2025-05-17 19:00:00+00:00,FL1,2024,REGULAR_SEASON,34.0,Paris Saint-Germain FC,AJ Auxerre,3,1,H
498248,2025-05-17 19:00:00+00:00,FL1,2024,REGULAR_SEASON,34.0,Olympique de Marseille,Stade Rennais FC 1901,4,2,H
498249,2025-05-17 19:00:00+00:00,FL1,2024,REGULAR_SEASON,34.0,Olympique Lyonnais,Angers SCO,2,0,H
498250,2025-05-17 19:00:00+00:00,FL1,2024,REGULAR_SEASON,34.0,OGC Nice,Stade Brestois 29,6,0,H
498251,2025-05-17 19:00:00+00:00,FL1,2024,REGULAR_SEASON,34.0,AS Saint-Étienne,Toulouse FC,2,3,A
498252,2025-05-17 19:00:00+00:00,FL1,2024,REGULAR_SEASON,34.0,Lille OSC,Stade de Reims,2,1,H
498253,2025-05-17 19:00:00+00:00,FL1,2024,REGULAR_SEASON,34.0,RC Strasbourg Alsace,Le Havre AC,2,3,A
498254,2025-05-17 19:00:00+00:00,FL1,2024,REGULAR_SEASON,34.0,FC Nantes,Montpellier HSC,3,0,H
497776,2025-05-18 11:00:00+00:00,PL,2024,REGULAR_SEASON,37.0,Everton FC,Southampton FC,2,0,H
499298,2025-05-18 12:30:00+00:00,DED,2024,REGULAR_SEASON,34.0,Sparta Rotterdam,PSV,1,3,A
499297,2025-05-18 12:30:00+00:00,DED,2024,REGULAR_SEASON,34.0,SC Heerenveen,Feyenoord Rotterdam,2,0,H
499296,2025-05-18 12:30:00+00:00,DED,2024,REGULAR_SEASON,34.0,RKC Waalwijk,Go Ahead Eagles,5,3,H
499295,2025-05-18 12:30:00+00:00,DED,2024,REGULAR_SEASON,34.0,PEC Zwolle,FC Groningen,2,0,H
499294,2025-05-18 12:30:00+00:00,DED,2024,REGULAR_SEASON,34.0,NAC Breda,Willem II Tilburg,1,1,D
499293,2025-05-18 12:30:00+00:00,DED,2024,REGULAR_SEASON,34.0,Heracles Almelo,NEC,1,2,A
499292,2025-05-18 12:30:00+00:00,DED,2024,REGULAR_SEASON,34.0,Fortuna Sittard,FC Utrecht,0,0,D
499291,2025-05-18 12:30:00+00:00,DED,2024,REGULAR_SEASON,34.0,AZ,Almere City FC,1,1,D
499290,2025-05-18 12:30:00+00:00,DED,2024,REGULAR_SEASON,34.0,AFC Ajax,FC Twente '65,2,0,H
497779,2025-05-18 13:15:00+00:00,PL,2024,REGULAR_SEASON,37.0,West Ham United FC,Nottingham Forest FC,1,2,A
497772,2025-05-18 14:00:00+00:00,PL,2024,REGULAR_SEASON,37.0,Brentford FC,Fulham FC,2,3,A
497777,2025-05-18 14:00:00+00:00,PL,2024,REGULAR_SEASON,37.0,Leicester City FC,Ipswich Town FC,2,0,H
497770,2025-05-18 15:30:00+00:00,PL,2024,REGULAR_SEASON,37.0,Arsenal FC,Newcastle United FC,1,0,H
498982,2025-05-18 17:00:00+00:00,PD,2024,REGULAR_SEASON,37.0,CA Osasuna,RCD Espanyol de Barcelona,2,0,H
498981,2025-05-18 17:00:00+00:00,PD,2024,REGULAR_SEASON,37.0,UD Las Palmas,CD Leganés,0,1,A
498980,2025-05-18 17:00:00+00:00,PD,2024,REGULAR_SEASON,37.0,Real Valladolid CF,Deportivo Alavés,0,1,A
498979,2025-05-18 17:00:00+00:00,PD,2024,REGULAR_SEASON,37.0,Real Sociedad de Fútbol,Girona FC,3,2,H
498975,2025-05-18 17:00:00+00:00,PD,2024,REGULAR_SEASON,37.0,FC Barcelona,Villarreal CF,2,3,A
498976,2025-05-18 17:00:00+00:00,PD,2024,REGULAR_SEASON,37.0,Sevilla FC,Real Madrid CF,0,2,A
498973,2025-05-18 17:00:00+00:00,PD,2024,REGULAR_SEASON,37.0,Club Atlético de Madrid,Real Betis Balompié,4,1,H
498974,2025-05-18 17:00:00+00:00,PD,2024,REGULAR_SEASON,37.0,RC Celta de Vigo,Rayo Vallecano de Madrid,1,2,A
498977,2025-05-18 17:00:00+00:00,PD,2024,REGULAR_SEASON,37.0,Valencia CF,Athletic Club,0,1,A
498978,2025-05-18 17:00:00+00:00,PD,2024,REGULAR_SEASON,37.0,RCD Mallorca,Getafe CF,1,2,A
503403,2025-05-18 18:45:00+00:00,SA,2024,REGULAR_SEASON,37.0,Cagliari Calcio,Venezia FC,3,0,H
503411,2025-05-18 18:45:00+00:00,SA,2024,REGULAR_SEASON,37.0,Parma Calcio 1913,SSC Napoli,0,0,D
503410,2025-05-18 18:45:00+00:00,SA,2024,REGULAR_SEASON,37.0,AC Monza,Empoli FC,1,3,A
503409,2025-05-18 18:45:00+00:00,SA,2024,REGULAR_SEASON,37.0,US Lecce,Torino FC,1,0,H
503408,2025-05-18 18:45:00+00:00,SA,2024,REGULAR_SEASON,37.0,Juventus FC,Udinese Calcio,2,0,H
503412,2025-05-18 18:45:00+00:00,SA,2024,REGULAR_SEASON,37.0,AS Roma,AC Milan,3,1,H
503406,2025-05-18 18:45:00+00:00,SA,2024,REGULAR_SEASON,37.0,Hellas Verona FC,Como 1907,1,1,D
503404,2025-05-18 18:45:00+00:00,SA,2024,REGULAR_SEASON,37.0,ACF Fiorentina,Bologna FC 1909,3,2,H
503407,2025-05-18 18:45:00+00:00,SA,2024,REGULAR_SEASON,37.0,FC Internazionale Milano,SS Lazio,2,2,D
497773,2025-05-19 19:00:00+00:00,PL,2024,REGULAR_SEASON,37.0,Brighton & Hove Albion FC,Liverpool FC,3,2,H
497778,2025-05-20 19:00:00+00:00,PL,2024,REGULAR_SEASON,37.0,Manchester City FC,AFC Bournemouth,3,1,H
497775,2025-05-20 19:00:00+00:00,PL,2024,REGULAR_SEASON,37.0,Crystal Palace FC,Wolverhampton Wanderers FC,4,2,H
503419,2025-05-23 18:45:00+00:00,SA,2024,REGULAR_SEASON,38.0,SSC Napoli,Cagliari Calcio,2,0,H
503415,2025-05-23 18:45:00+00:00,SA,2024,REGULAR_SEASON,38.0,Como 1907,FC Internazionale Milano,0,2,A
498984,2025-05-23 19:00:00+00:00,PD,2024,REGULAR_SEASON,38.0,Real Betis Balompié,Valencia CF,1,1,D
498991,2025-05-24 14:15:00+00:00,PD,2024,REGULAR_SEASON,38.0,Real Madrid CF,Real Sociedad de Fútbol,2,0,H
503414,2025-05-24 16:00:00+00:00,SA,2024,REGULAR_SEASON,38.0,Bologna FC 1909,Genoa CFC,1,3,A
498985,2025-05-24 16:30:00+00:00,PD,2024,REGULAR_SEASON,38.0,CD Leganés,Real Valladolid CF,3,0,H
498992,2025-05-24 16:30:00+00:00,PD,2024,REGULAR_SEASON,38.0,RCD Espanyol de Barcelona,UD Las Palmas,2,0,H
503418,2025-05-24 18:45:00+00:00,SA,2024,REGULAR_SEASON,38.0,AC Milan,AC Monza,2,0,H
498987,2025-05-24 19:00:00+00:00,PD,2024,REGULAR_SEASON,38.0,Getafe CF,RC Celta de Vigo,1,2,A
498990,2025-05-24 19:00:00+00:00,PD,2024,REGULAR_SEASON,38.0,Rayo Vallecano de Madrid,RCD Mallorca,0,0,D
498986,2025-05-24 19:00:00+00:00,PD,2024,REGULAR_SEASON,38.0,Deportivo Alavés,CA Osasuna,1,1,D
498988,2025-05-25 12:00:00+00:00,PD,2024,REGULAR_SEASON,38.0,Girona FC,Club Atlético de Madrid,0,4,A
498989,2025-05-25 14:15:00+00:00,PD,2024,REGULAR_SEASON,38.0,Villarreal CF,Sevilla FC,4,2,H
497787,2025-05-25 15:00:00+00:00,PL,2024,REGULAR_SEASON,38.0,Southampton FC,Arsenal FC,1,2,A
497789,2025-05-25 15:00:00+00:00,PL,2024,REGULAR_SEASON,38.0,Wolverhampton Wanderers FC,Brentford FC,1,1,D
497788,2025-05-25 15:00:00+00:00,PL,2024,REGULAR_SEASON,38.0,Tottenham Hotspur FC,Brighton & Hove Albion FC,1,4,A
497784,2025-05-25 15:00:00+00:00,PL,2024,REGULAR_SEASON,38.0,Manchester United FC,Aston Villa FC,2,0,H
497786,2025-05-25 15:00:00+00:00,PL,2024,REGULAR_SEASON,38.0,Nottingham Forest FC,Chelsea FC,0,1,A
497785,2025-05-25 15:00:00+00:00,PL,2024,REGULAR_SEASON,38.0,Newcastle United FC,Everton FC,0,1,A
497783,2025-05-25 15:00:00+00:00,PL,2024,REGULAR_SEASON,38.0,Liverpool FC,Crystal Palace FC,1,1,D
497782,2025-05-25 15:00:00+00:00,PL,2024,REGULAR_SEASON,38.0,Ipswich Town FC,West Ham United FC,1,3,A
497781,2025-05-25 15:00:00+00:00,PL,2024,REGULAR_SEASON,38.0,Fulham FC,Manchester City FC,0,2,A
497780,2025-05-25 15:00:00+00:00,PL,2024,REGULAR_SEASON,38.0,AFC Bournemouth,Leicester City FC,2,0,H
503422,2025-05-25 18:45:00+00:00,SA,2024,REGULAR_SEASON,38.0,Venezia FC,Juventus FC,2,3,A
503417,2025-05-25 18:45:00+00:00,SA,2024,REGULAR_SEASON,38.0,SS Lazio,US Lecce,0,1,A
503416,2025-05-25 18:45:00+00:00,SA,2024,REGULAR_SEASON,38.0,Empoli FC,Hellas Verona FC,1,2,A
503413,2025-05-25 18:45:00+00:00,SA,2024,REGULAR_SEASON,38.0,Atalanta BC,Parma Calcio 1913,2,3,A
503421,2025-05-25 18:45:00+00:00,SA,2024,REGULAR_SEASON,38.0,Udinese Calcio,ACF Fiorentina,2,3,A
503420,2025-05-25 18:45:00+00:00,SA,2024,REGULAR_SEASON,38.0,Torino FC,AS Roma,0,2,A
498983,2025-05-25 19:00:00+00:00,PD,2024,REGULAR_SEASON,38.0,Athletic Club,FC Barcelona,0,3,A
524120,2025-05-31 19:00:00+00:00,CL,2024,FINAL,0.0,Paris Saint-Germain FC,FC Internazionale Milano,5,0,H
537441,2025-08-08 18:00:00+00:00,DED,2025,REGULAR_SEASON,1.0,Fortuna Sittard,Go Ahead Eagles,2,2,D
545700,2025-08-08 19:15:00+00:00,PPL,2025,REGULAR_SEASON,1.0,Casa Pia AC,Sporting Clube de Portugal,0,2,A
537442,2025-08-09 14:30:00+00:00,DED,2025,REGULAR_SEASON,1.0,NEC,SBV Excelsior,5,0,H
545706,2025-08-09 14:30:00+00:00,PPL,2025,REGULAR_SEASON,1.0,CD Nacional,Gil Vicente FC,0,2,A
537443,2025-08-09 16:45:00+00:00,DED,2025,REGULAR_SEASON,1.0,Feyenoord Rotterdam,NAC Breda,2,0,H
537444,2025-08-09 18:00:00+00:00,DED,2025,REGULAR_SEASON,1.0,SC Heerenveen,FC Volendam,1,1,D
537445,2025-08-09 19:00:00+00:00,DED,2025,REGULAR_SEASON,1.0,PSV,Sparta Rotterdam,6,1,H
545703,2025-08-09 19:30:00+00:00,PPL,2025,REGULAR_SEASON,1.0,FC Arouca,AVS,3,1,H
537446,2025-08-10 10:15:00+00:00,DED,2025,REGULAR_SEASON,1.0,PEC Zwolle,FC Twente '65,1,0,H
537447,2025-08-10 12:30:00+00:00,DED,2025,REGULAR_SEASON,1.0,AFC Ajax,Telstar 1963,2,0,H
537448,2025-08-10 12:30:00+00:00,DED,2025,REGULAR_SEASON,1.0,AZ,FC Groningen,4,1,H
537449,2025-08-10 14:45:00+00:00,DED,2025,REGULAR_SEASON,1.0,FC Utrecht,Heracles Almelo,4,0,H
545707,2025-08-10 16:00:00+00:00,PPL,2025,REGULAR_SEASON,1.0,FC Famalicão,CD Santa Clara,3,0,H
545705,2025-08-10 19:30:00+00:00,PPL,2025,REGULAR_SEASON,1.0,Moreirense FC,FC Alverca,2,1,H
545701,2025-08-10 19:30:00+00:00,PPL,2025,REGULAR_SEASON,1.0,Sporting Clube de Braga,CD Tondela,3,0,H
545704,2025-08-11 17:45:00+00:00,PPL,2025,REGULAR_SEASON,1.0,GD Estoril Praia,CF Estrela da Amadora,1,1,D
545708,2025-08-11 19:45:00+00:00,PPL,2025,REGULAR_SEASON,1.0,FC Porto,Vitória SC,3,0,H
545709,2025-08-15 14:45:00+00:00,PPL,2025,REGULAR_SEASON,2.0,AVS,Casa Pia AC,0,2,A
544214,2025-08-15 17:00:00+00:00,PD,2025,REGULAR_SEASON,1.0,Girona FC,Rayo Vallecano de Madrid,1,3,A
537450,2025-08-15 18:00:00+00:00,DED,2025,REGULAR_SEASON,2.0,Telstar 1963,PEC Zwolle,0,2,A
542414,2025-08-15 18:45:00+00:00,FL1,2025,REGULAR_SEASON,1.0,Stade Rennais FC 1901,Olympique de Marseille,1,0,H
537785,2025-08-15 19:00:00+00:00,PL,2025,REGULAR_SEASON,1.0,Liverpool FC,AFC Bournemouth,4,2,H
544220,2025-08-15 19:30:00+00:00,PD,2025,REGULAR_SEASON,1.0,Villarreal CF,Real Oviedo,2,0,H
537786,2025-08-16 11:30:00+00:00,PL,2025,REGULAR_SEASON,1.0,Aston Villa FC,Newcastle United FC,0,0,D
537790,2025-08-16 14:00:00+00:00,PL,2025,REGULAR_SEASON,1.0,Tottenham Hotspur FC,Burnley FC,3,0,H
537787,2025-08-16 14:00:00+00:00,PL,2025,REGULAR_SEASON,1.0,Brighton & Hove Albion FC,Fulham FC,1,1,D
537789,2025-08-16 14:00:00+00:00,PL,2025,REGULAR_SEASON,1.0,Sunderland AFC,West Ham United FC,3,0,H
545716,2025-08-16 14:30:00+00:00,PPL,2025,REGULAR_SEASON,2.0,CD Tondela,FC Famalicão,0,1,A
542411,2025-08-16 15:00:00+00:00,FL1,2025,REGULAR_SEASON,1.0,Racing Club de Lens,Olympique Lyonnais,0,1,A
537791,2025-08-16 16:30:00+00:00,PL,2025,REGULAR_SEASON,1.0,Wolverhampton Wanderers FC,Manchester City FC,0,4,A
537452,2025-08-16 16:45:00+00:00,DED,2025,REGULAR_SEASON,2.0,SBV Excelsior,Feyenoord Rotterdam,1,2,A
545714,2025-08-16 17:00:00+00:00,PPL,2025,REGULAR_SEASON,2.0,Vitória SC,GD Estoril Praia,3,2,H
542407,2025-08-16 17:00:00+00:00,FL1,2025,REGULAR_SEASON,1.0,AS Monaco FC,Le Havre AC,3,1,H
544216,2025-08-16 17:30:00+00:00,PD,2025,REGULAR_SEASON,1.0,RCD Mallorca,FC Barcelona,0,3,A
537453,2025-08-16 18:00:00+00:00,DED,2025,REGULAR_SEASON,2.0,Heracles Almelo,NEC,1,4,A
537451,2025-08-16 19:00:00+00:00,DED,2025,REGULAR_SEASON,2.0,FC Groningen,SC Heerenveen,2,1,H
542410,2025-08-16 19:05:00+00:00,FL1,2025,REGULAR_SEASON,1.0,OGC Nice,Toulouse FC,0,1,A
544211,2025-08-16 19:30:00+00:00,PD,2025,REGULAR_SEASON,1.0,Deportivo Alavés,Levante UD,2,1,H
544219,2025-08-16 19:30:00+00:00,PD,2025,REGULAR_SEASON,1.0,Valencia CF,Real Sociedad de Fútbol,1,1,D
545717,2025-08-16 19:30:00+00:00,PPL,2025,REGULAR_SEASON,2.0,CF Estrela da Amadora,Sport Lisboa e Benfica,0,1,A
537454,2025-08-17 10:15:00+00:00,DED,2025,REGULAR_SEASON,2.0,Go Ahead Eagles,AFC Ajax,2,2,D
537456,2025-08-17 12:30:00+00:00,DED,2025,REGULAR_SEASON,2.0,FC Twente '65,PSV,0,2,A
537455,2025-08-17 12:30:00+00:00,DED,2025,REGULAR_SEASON,2.0,Sparta Rotterdam,FC Utrecht,2,1,H
537788,2025-08-17 13:00:00+00:00,PL,2025,REGULAR_SEASON,1.0,Nottingham Forest FC,Brentford FC,3,1,H
542413,2025-08-17 13:00:00+00:00,FL1,2025,REGULAR_SEASON,1.0,Stade Brestois 29,Lille OSC,3,3,D
537792,2025-08-17 13:00:00+00:00,PL,2025,REGULAR_SEASON,1.0,Chelsea FC,Crystal Palace FC,0,0,D
545713,2025-08-17 14:30:00+00:00,PPL,2025,REGULAR_SEASON,2.0,Rio Ave FC,CD Nacional,1,1,D
537457,2025-08-17 14:45:00+00:00,DED,2025,REGULAR_SEASON,2.0,FC Volendam,AZ,2,2,D
544213,2025-08-17 15:00:00+00:00,PD,2025,REGULAR_SEASON,1.0,RC Celta de Vigo,Getafe CF,0,2,A
542406,2025-08-17 15:15:00+00:00,FL1,2025,REGULAR_SEASON,1.0,AJ Auxerre,FC Lorient,1,0,H
542408,2025-08-17 15:15:00+00:00,FL1,2025,REGULAR_SEASON,1.0,FC Metz,RC Strasbourg Alsace,0,1,A
542412,2025-08-17 15:15:00+00:00,FL1,2025,REGULAR_SEASON,1.0,Angers SCO,Paris FC,1,0,H
537793,2025-08-17 15:30:00+00:00,PL,2025,REGULAR_SEASON,1.0,Manchester United FC,Arsenal FC,0,1,A
545710,2025-08-17 17:00:00+00:00,PPL,2025,REGULAR_SEASON,2.0,FC Alverca,Sporting Clube de Braga,0,3,A
545712,2025-08-17 17:00:00+00:00,PPL,2025,REGULAR_SEASON,2.0,CD Santa Clara,Moreirense FC,0,1,A
544212,2025-08-17 17:30:00+00:00,PD,2025,REGULAR_SEASON,1.0,Athletic Club,Sevilla FC,3,2,H
537458,2025-08-17 18:00:00+00:00,DED,2025,REGULAR_SEASON,2.0,NAC Breda,Fortuna Sittard,2,1,H
542409,2025-08-17 18:45:00+00:00,FL1,2025,REGULAR_SEASON,1.0,FC Nantes,Paris Saint-Germain FC,0,1,A
544215,2025-08-17 19:30:00+00:00,PD,2025,REGULAR_SEASON,1.0,RCD Espanyol de Barcelona,Club Atlético de Madrid,2,1,H
545715,2025-08-17 19:30:00+00:00,PPL,2025,REGULAR_SEASON,2.0,Sporting Clube de Portugal,FC Arouca,6,0,H
544217,2025-08-18 19:00:00+00:00,PD,2025,REGULAR_SEASON,1.0,Elche CF,Real Betis Balompié,1,1,D
537794,2025-08-18 19:00:00+00:00,PL,2025,REGULAR_SEASON,1.0,Leeds United FC,Everton FC,1,0,H
545711,2025-08-18 19:15:00+00:00,PPL,2025,REGULAR_SEASON,2.0,Gil Vicente FC,FC Porto,0,2,A
544218,2025-08-19 19:00:00+00:00,PD,2025,REGULAR_SEASON,1.0,Real Madrid CF,CA Osasuna,1,0,H
540406,2025-08-22 18:30:00+00:00,BL1,2025,REGULAR_SEASON,1.0,FC Bayern München,RB Leipzig,6,0,H
542422,2025-08-22 18:45:00+00:00,FL1,2025,REGULAR_SEASON,2.0,Paris Saint-Germain FC,Angers SCO,1,0,H
537804,2025-08-22 19:00:00+00:00,PL,2025,REGULAR_SEASON,2.0,West Ham United FC,Chelsea FC,1,5,A
544225,2025-08-22 19:30:00+00:00,PD,2025,REGULAR_SEASON,2.0,Real Betis Balompié,Deportivo Alavés,1,0,H
537802,2025-08-23 11:30:00+00:00,PL,2025,REGULAR_SEASON,2.0,Manchester City FC,Tottenham Hotspur FC,0,2,A
540409,2025-08-23 13:30:00+00:00,BL1,2025,REGULAR_SEASON,1.0,SC Freiburg,FC Augsburg,1,3,A
540414,2025-08-23 13:30:00+00:00,BL1,2025,REGULAR_SEASON,1.0,1. FC Heidenheim 1846,VfL Wolfsburg,1,3,A
540412,2025-08-23 13:30:00+00:00,BL1,2025,REGULAR_SEASON,1.0,1. FC Union Berlin,VfB Stuttgart,2,1,H
540408,2025-08-23 13:30:00+00:00,BL1,2025,REGULAR_SEASON,1.0,Bayer 04 Leverkusen,TSG 1899 Hoffenheim,1,2,A
540407,2025-08-23 13:30:00+00:00,BL1,2025,REGULAR_SEASON,1.0,Eintracht Frankfurt,SV Werder Bremen,4,1,H
537798,2025-08-23 14:00:00+00:00,PL,2025,REGULAR_SEASON,2.0,Brentford FC,Aston Villa FC,1,0,H
537799,2025-08-23 14:00:00+00:00,PL,2025,REGULAR_SEASON,2.0,Burnley FC,Sunderland AFC,2,0,H
537795,2025-08-23 14:00:00+00:00,PL,2025,REGULAR_SEASON,2.0,AFC Bournemouth,Wolverhampton Wanderers FC,1,0,H
537459,2025-08-23 14:30:00+00:00,DED,2025,REGULAR_SEASON,3.0,Go Ahead Eagles,Sparta Rotterdam,0,3,A
542420,2025-08-23 15:00:00+00:00,FL1,2025,REGULAR_SEASON,2.0,Olympique de Marseille,Paris FC,5,2,H
544227,2025-08-23 15:00:00+00:00,PD,2025,REGULAR_SEASON,2.0,RCD Mallorca,RC Celta de Vigo,1,1,D
545726,2025-08-23 15:00:00+00:00,PPL,2025,REGULAR_SEASON,3.0,Moreirense FC,Vitória SC,2,0,H
536819,2025-08-23 16:30:00+00:00,SA,2025,REGULAR_SEASON,1.0,Genoa CFC,US Lecce,0,0,D
537797,2025-08-23 16:30:00+00:00,PL,2025,REGULAR_SEASON,2.0,Arsenal FC,Leeds United FC,5,0,H
540413,2025-08-23 16:30:00+00:00,BL1,2025,REGULAR_SEASON,1.0,FC St. Pauli 1910,Borussia Dortmund,3,3,D
536823,2025-08-23 16:30:00+00:00,SA,2025,REGULAR_SEASON,1.0,US Sassuolo Calcio,SSC Napoli,0,2,A
537460,2025-08-23 16:45:00+00:00,DED,2025,REGULAR_SEASON,3.0,PSV,FC Groningen,4,2,H
545718,2025-08-23 17:00:00+00:00,PPL,2025,REGULAR_SEASON,3.0,CD Nacional,Sporting Clube de Portugal,1,4,A
542418,2025-08-23 17:00:00+00:00,FL1,2025,REGULAR_SEASON,2.0,OGC Nice,AJ Auxerre,3,1,H
544222,2025-08-23 17:30:00+00:00,PD,2025,REGULAR_SEASON,2.0,Club Atlético de Madrid,Elche CF,1,1,D
536816,2025-08-23 18:45:00+00:00,SA,2025,REGULAR_SEASON,1.0,AS Roma,Bologna FC 1909,1,0,H
536815,2025-08-23 18:45:00+00:00,SA,2025,REGULAR_SEASON,1.0,AC Milan,US Cremonese,1,2,A
537461,2025-08-23 19:00:00+00:00,DED,2025,REGULAR_SEASON,3.0,Telstar 1963,FC Volendam,2,2,D
542419,2025-08-23 19:05:00+00:00,FL1,2025,REGULAR_SEASON,2.0,Olympique Lyonnais,FC Metz,3,0,H
544226,2025-08-23 19:30:00+00:00,PD,2025,REGULAR_SEASON,2.0,Levante UD,FC Barcelona,2,3,A
545719,2025-08-23 19:30:00+00:00,PPL,2025,REGULAR_SEASON,3.0,FC Arouca,Rio Ave FC,3,3,D
545721,2025-08-23 19:30:00+00:00,PPL,2025,REGULAR_SEASON,3.0,Sport Lisboa e Benfica,CD Tondela,3,0,H
537463,2025-08-24 10:15:00+00:00,DED,2025,REGULAR_SEASON,3.0,SC Heerenveen,FC Twente '65,1,2,A
537465,2025-08-24 12:30:00+00:00,DED,2025,REGULAR_SEASON,3.0,NEC,NAC Breda,3,0,H
537464,2025-08-24 12:30:00+00:00,DED,2025,REGULAR_SEASON,3.0,FC Utrecht,SBV Excelsior,4,1,H
542416,2025-08-24 13:00:00+00:00,FL1,2025,REGULAR_SEASON,2.0,FC Lorient,Stade Rennais FC 1901,4,0,H
537800,2025-08-24 13:00:00+00:00,PL,2025,REGULAR_SEASON,2.0,Everton FC,Brighton & Hove Albion FC,2,0,H
537796,2025-08-24 13:00:00+00:00,PL,2025,REGULAR_SEASON,2.0,Crystal Palace FC,Nottingham Forest FC,1,1,D
540410,2025-08-24 13:30:00+00:00,BL1,2025,REGULAR_SEASON,1.0,1. FSV Mainz 05,1. FC Köln,0,1,A
545720,2025-08-24 14:30:00+00:00,PPL,2025,REGULAR_SEASON,3.0,FC Famalicão,Gil Vicente FC,0,0,D
537466,2025-08-24 14:45:00+00:00,DED,2025,REGULAR_SEASON,3.0,AFC Ajax,Heracles Almelo,2,0,H
544223,2025-08-24 15:00:00+00:00,PD,2025,REGULAR_SEASON,2.0,CA Osasuna,Valencia CF,1,0,H
542423,2025-08-24 15:15:00+00:00,FL1,2025,REGULAR_SEASON,2.0,RC Strasbourg Alsace,FC Nantes,1,0,H
542415,2025-08-24 15:15:00+00:00,FL1,2025,REGULAR_SEASON,2.0,Le Havre AC,Racing Club de Lens,1,2,A
542417,2025-08-24 15:15:00+00:00,FL1,2025,REGULAR_SEASON,2.0,Toulouse FC,Stade Brestois 29,2,0,H
537801,2025-08-24 15:30:00+00:00,PL,2025,REGULAR_SEASON,2.0,Fulham FC,Manchester United FC,1,1,D
540411,2025-08-24 15:30:00+00:00,BL1,2025,REGULAR_SEASON,1.0,Borussia Mönchengladbach,Hamburger SV,0,0,D
536818,2025-08-24 16:30:00+00:00,SA,2025,REGULAR_SEASON,1.0,Cagliari Calcio,ACF Fiorentina,1,1,D
536820,2025-08-24 16:30:00+00:00,SA,2025,REGULAR_SEASON,1.0,Como 1907,SS Lazio,2,0,H
545723,2025-08-24 17:00:00+00:00,PPL,2025,REGULAR_SEASON,3.0,FC Porto,Casa Pia AC,4,0,H
544230,2025-08-24 17:30:00+00:00,PD,2025,REGULAR_SEASON,2.0,Villarreal CF,Girona FC,5,0,H
544228,2025-08-24 17:30:00+00:00,PD,2025,REGULAR_SEASON,2.0,Real Sociedad de Fútbol,RCD Espanyol de Barcelona,2,2,D
536817,2025-08-24 18:45:00+00:00,SA,2025,REGULAR_SEASON,1.0,Atalanta BC,AC Pisa 1909,1,1,D
536822,2025-08-24 18:45:00+00:00,SA,2025,REGULAR_SEASON,1.0,Juventus FC,Parma Calcio 1913,2,0,H
542421,2025-08-24 18:45:00+00:00,FL1,2025,REGULAR_SEASON,2.0,Lille OSC,AS Monaco FC,1,0,H
545722,2025-08-24 19:30:00+00:00,PPL,2025,REGULAR_SEASON,3.0,Sporting Clube de Braga,AVS,2,2,D
544224,2025-08-24 19:30:00+00:00,PD,2025,REGULAR_SEASON,2.0,Real Oviedo,Real Madrid CF,0,3,A
536824,2025-08-25 16:30:00+00:00,SA,2025,REGULAR_SEASON,1.0,Udinese Calcio,Hellas Verona FC,1,1,D
544221,2025-08-25 17:30:00+00:00,PD,2025,REGULAR_SEASON,2.0,Athletic Club,Rayo Vallecano de Madrid,1,0,H
536821,2025-08-25 18:45:00+00:00,SA,2025,REGULAR_SEASON,1.0,FC Internazionale Milano,Torino FC,5,0,H
537803,2025-08-25 19:00:00+00:00,PL,2025,REGULAR_SEASON,2.0,Newcastle United FC,Liverpool FC,2,3,A
545724,2025-08-25 19:15:00+00:00,PPL,2025,REGULAR_SEASON,3.0,CF Estrela da Amadora,FC Alverca,2,2,D
544229,2025-08-25 19:30:00+00:00,PD,2025,REGULAR_SEASON,2.0,Sevilla FC,Getafe CF,1,2,A
544268,2025-08-27 19:00:00+00:00,PD,2025,REGULAR_SEASON,6.0,RC Celta de Vigo,Real Betis Balompié,1,1,D
536833,2025-08-29 16:30:00+00:00,SA,2025,REGULAR_SEASON,2.0,US Cremonese,US Sassuolo Calcio,3,2,H
544233,2025-08-29 17:30:00+00:00,PD,2025,REGULAR_SEASON,3.0,Elche CF,Levante UD,2,0,H
537468,2025-08-29 18:00:00+00:00,DED,2025,REGULAR_SEASON,4.0,FC Groningen,Heracles Almelo,4,0,H
540423,2025-08-29 18:30:00+00:00,BL1,2025,REGULAR_SEASON,2.0,Hamburger SV,FC St. Pauli 1910,0,2,A
542431,2025-08-29 18:45:00+00:00,FL1,2025,REGULAR_SEASON,3.0,Racing Club de Lens,Stade Brestois 29,3,1,H
536834,2025-08-29 18:45:00+00:00,SA,2025,REGULAR_SEASON,2.0,US Lecce,AC Milan,0,2,A
545730,2025-08-29 19:15:00+00:00,PPL,2025,REGULAR_SEASON,4.0,Gil Vicente FC,Moreirense FC,2,0,H
544239,2025-08-29 19:30:00+00:00,PD,2025,REGULAR_SEASON,3.0,Valencia CF,Getafe CF,3,0,H
537808,2025-08-30 11:30:00+00:00,PL,2025,REGULAR_SEASON,3.0,Chelsea FC,Fulham FC,2,0,H
540421,2025-08-30 13:30:00+00:00,BL1,2025,REGULAR_SEASON,2.0,TSG 1899 Hoffenheim,Eintracht Frankfurt,1,3,A
540418,2025-08-30 13:30:00+00:00,BL1,2025,REGULAR_SEASON,2.0,VfB Stuttgart,Borussia Mönchengladbach,1,0,H
540417,2025-08-30 13:30:00+00:00,BL1,2025,REGULAR_SEASON,2.0,SV Werder Bremen,Bayer 04 Leverkusen,3,3,D
540416,2025-08-30 13:30:00+00:00,BL1,2025,REGULAR_SEASON,2.0,RB Leipzig,1. FC Heidenheim 1846,2,0,H
537811,2025-08-30 14:00:00+00:00,PL,2025,REGULAR_SEASON,3.0,Manchester United FC,Burnley FC,3,2,H
537814,2025-08-30 14:00:00+00:00,PL,2025,REGULAR_SEASON,3.0,Wolverhampton Wanderers FC,Everton FC,2,3,A
537813,2025-08-30 14:00:00+00:00,PL,2025,REGULAR_SEASON,3.0,Tottenham Hotspur FC,AFC Bournemouth,0,1,A
537805,2025-08-30 14:00:00+00:00,PL,2025,REGULAR_SEASON,3.0,Sunderland AFC,Brentford FC,2,1,H
537469,2025-08-30 14:30:00+00:00,DED,2025,REGULAR_SEASON,4.0,FC Volendam,AFC Ajax,1,1,D
545728,2025-08-30 14:30:00+00:00,PPL,2025,REGULAR_SEASON,4.0,Casa Pia AC,CD Nacional,0,2,A
542426,2025-08-30 15:00:00+00:00,FL1,2025,REGULAR_SEASON,3.0,FC Lorient,Lille OSC,1,7,A
544231,2025-08-30 15:00:00+00:00,PD,2025,REGULAR_SEASON,3.0,Deportivo Alavés,Club Atlético de Madrid,1,1,D
537810,2025-08-30 16:30:00+00:00,PL,2025,REGULAR_SEASON,3.0,Leeds United FC,Newcastle United FC,0,0,D
540420,2025-08-30 16:30:00+00:00,BL1,2025,REGULAR_SEASON,2.0,FC Augsburg,FC Bayern München,2,3,A
536830,2025-08-30 16:30:00+00:00,SA,2025,REGULAR_SEASON,2.0,Parma Calcio 1913,Atalanta BC,1,1,D
536826,2025-08-30 16:30:00+00:00,SA,2025,REGULAR_SEASON,2.0,Bologna FC 1909,Como 1907,1,0,H
537470,2025-08-30 16:45:00+00:00,DED,2025,REGULAR_SEASON,4.0,SC Heerenveen,Go Ahead Eagles,2,2,D
545727,2025-08-30 17:00:00+00:00,PPL,2025,REGULAR_SEASON,4.0,AVS,FC Famalicão,0,1,A
544236,2025-08-30 17:00:00+00:00,PD,2025,REGULAR_SEASON,3.0,Real Oviedo,Real Sociedad de Fútbol,1,0,H
545733,2025-08-30 17:00:00+00:00,PPL,2025,REGULAR_SEASON,4.0,Vitória SC,FC Arouca,1,1,D
542427,2025-08-30 17:00:00+00:00,FL1,2025,REGULAR_SEASON,3.0,FC Nantes,AJ Auxerre,1,0,H
544235,2025-08-30 17:30:00+00:00,PD,2025,REGULAR_SEASON,3.0,Girona FC,Sevilla FC,0,2,A
537471,2025-08-30 18:00:00+00:00,DED,2025,REGULAR_SEASON,4.0,PSV,Telstar 1963,0,2,A
536832,2025-08-30 18:45:00+00:00,SA,2025,REGULAR_SEASON,2.0,SSC Napoli,Cagliari Calcio,1,0,H
536831,2025-08-30 18:45:00+00:00,SA,2025,REGULAR_SEASON,2.0,AC Pisa 1909,AS Roma,0,1,A
537472,2025-08-30 19:00:00+00:00,DED,2025,REGULAR_SEASON,4.0,SBV Excelsior,FC Twente '65,1,0,H
542429,2025-08-30 19:05:00+00:00,FL1,2025,REGULAR_SEASON,3.0,Toulouse FC,Paris Saint-Germain FC,3,6,A
544240,2025-08-30 19:30:00+00:00,PD,2025,REGULAR_SEASON,3.0,Real Madrid CF,RCD Mallorca,2,1,H
545734,2025-08-30 19:30:00+00:00,PPL,2025,REGULAR_SEASON,4.0,Sporting Clube de Portugal,FC Porto,1,2,A
537473,2025-08-31 10:15:00+00:00,DED,2025,REGULAR_SEASON,4.0,Fortuna Sittard,NEC,3,2,H
537474,2025-08-31 12:30:00+00:00,DED,2025,REGULAR_SEASON,4.0,PEC Zwolle,FC Utrecht,0,2,A
537475,2025-08-31 12:30:00+00:00,DED,2025,REGULAR_SEASON,4.0,Sparta Rotterdam,Feyenoord Rotterdam,0,4,A
542432,2025-08-31 13:00:00+00:00,FL1,2025,REGULAR_SEASON,3.0,Angers SCO,Stade Rennais FC 1901,1,1,D
537812,2025-08-31 13:00:00+00:00,PL,2025,REGULAR_SEASON,3.0,Nottingham Forest FC,West Ham United FC,0,3,A
537807,2025-08-31 13:00:00+00:00,PL,2025,REGULAR_SEASON,3.0,Brighton & Hove Albion FC,Manchester City FC,2,1,H
540419,2025-08-31 13:30:00+00:00,BL1,2025,REGULAR_SEASON,2.0,VfL Wolfsburg,1. FSV Mainz 05,1,1,D
545732,2025-08-31 14:30:00+00:00,PPL,2025,REGULAR_SEASON,4.0,CD Tondela,GD Estoril Praia,2,2,D
537476,2025-08-31 14:45:00+00:00,DED,2025,REGULAR_SEASON,4.0,NAC Breda,AZ,0,1,A
544232,2025-08-31 15:00:00+00:00,PD,2025,REGULAR_SEASON,3.0,RC Celta de Vigo,Villarreal CF,1,1,D
542424,2025-08-31 15:15:00+00:00,FL1,2025,REGULAR_SEASON,3.0,Le Havre AC,OGC Nice,3,1,H
542425,2025-08-31 15:15:00+00:00,FL1,2025,REGULAR_SEASON,3.0,AS Monaco FC,RC Strasbourg Alsace,3,2,H
542428,2025-08-31 15:15:00+00:00,FL1,2025,REGULAR_SEASON,3.0,Paris FC,FC Metz,3,2,H
540415,2025-08-31 15:30:00+00:00,BL1,2025,REGULAR_SEASON,2.0,Borussia Dortmund,1. FC Union Berlin,3,0,H
537809,2025-08-31 15:30:00+00:00,PL,2025,REGULAR_SEASON,3.0,Liverpool FC,Arsenal FC,1,0,H
536827,2025-08-31 16:30:00+00:00,SA,2025,REGULAR_SEASON,2.0,Torino FC,ACF Fiorentina,0,0,D
536825,2025-08-31 16:30:00+00:00,SA,2025,REGULAR_SEASON,2.0,Genoa CFC,Juventus FC,0,1,A
544237,2025-08-31 17:00:00+00:00,PD,2025,REGULAR_SEASON,3.0,Real Betis Balompié,Athletic Club,1,2,A
545729,2025-08-31 17:00:00+00:00,PPL,2025,REGULAR_SEASON,4.0,FC Alverca,Sport Lisboa e Benfica,1,2,A
540422,2025-08-31 17:30:00+00:00,BL1,2025,REGULAR_SEASON,2.0,1. FC Köln,SC Freiburg,4,1,H
544234,2025-08-31 17:30:00+00:00,PD,2025,REGULAR_SEASON,3.0,RCD Espanyol de Barcelona,CA Osasuna,1,0,H
537806,2025-08-31 18:00:00+00:00,PL,2025,REGULAR_SEASON,3.0,Aston Villa FC,Crystal Palace FC,0,3,A
536829,2025-08-31 18:45:00+00:00,SA,2025,REGULAR_SEASON,2.0,SS Lazio,Hellas Verona FC,4,0,H
536828,2025-08-31 18:45:00+00:00,SA,2025,REGULAR_SEASON,2.0,FC Internazionale Milano,Udinese Calcio,1,2,A
542430,2025-08-31 18:45:00+00:00,FL1,2025,REGULAR_SEASON,3.0,Olympique Lyonnais,Olympique de Marseille,1,0,H
545735,2025-08-31 19:30:00+00:00,PPL,2025,REGULAR_SEASON,4.0,Rio Ave FC,Sporting Clube de Braga,2,2,D
545731,2025-08-31 19:30:00+00:00,PPL,2025,REGULAR_SEASON,4.0,CD Santa Clara,CF Estrela da Amadora,0,0,D
544238,2025-08-31 19:30:00+00:00,PD,2025,REGULAR_SEASON,3.0,Rayo Vallecano de Madrid,FC Barcelona,1,1,D
545725,2025-09-06 19:30:00+00:00,PPL,2025,REGULAR_SEASON,3.0,GD Estoril Praia,CD Santa Clara,0,1,A
540425,2025-09-12 18:30:00+00:00,BL1,2025,REGULAR_SEASON,3.0,Bayer 04 Leverkusen,Eintracht Frankfurt,3,1,H
542436,2025-09-12 18:45:00+00:00,FL1,2025,REGULAR_SEASON,4.0,Olympique de Marseille,FC Lorient,4,0,H
544249,2025-09-12 19:00:00+00:00,PD,2025,REGULAR_SEASON,4.0,Sevilla FC,Elche CF,2,2,D
545737,2025-09-12 19:15:00+00:00,PPL,2025,REGULAR_SEASON,5.0,FC Alverca,CD Tondela,1,0,H
545742,2025-09-12 19:15:00+00:00,PPL,2025,REGULAR_SEASON,5.0,Sport Lisboa e Benfica,CD Santa Clara,1,1,D
537817,2025-09-13 11:30:00+00:00,PL,2025,REGULAR_SEASON,4.0,Arsenal FC,Nottingham Forest FC,3,0,H
544245,2025-09-13 12:00:00+00:00,PD,2025,REGULAR_SEASON,4.0,Getafe CF,Real Oviedo,2,0,H
536839,2025-09-13 13:00:00+00:00,SA,2025,REGULAR_SEASON,3.0,Cagliari Calcio,Parma Calcio 1913,2,0,H
540430,2025-09-13 13:30:00+00:00,BL1,2025,REGULAR_SEASON,3.0,1. FC Union Berlin,TSG 1899 Hoffenheim,2,4,A
540426,2025-09-13 13:30:00+00:00,BL1,2025,REGULAR_SEASON,3.0,SC Freiburg,VfB Stuttgart,3,1,H
540432,2025-09-13 13:30:00+00:00,BL1,2025,REGULAR_SEASON,3.0,1. FC Heidenheim 1846,Borussia Dortmund,0,2,A
540427,2025-09-13 13:30:00+00:00,BL1,2025,REGULAR_SEASON,3.0,1. FSV Mainz 05,RB Leipzig,0,1,A
540429,2025-09-13 13:30:00+00:00,BL1,2025,REGULAR_SEASON,3.0,VfL Wolfsburg,1. FC Köln,3,3,D
537823,2025-09-13 14:00:00+00:00,PL,2025,REGULAR_SEASON,4.0,Newcastle United FC,Wolverhampton Wanderers FC,1,0,H
537816,2025-09-13 14:00:00+00:00,PL,2025,REGULAR_SEASON,4.0,Crystal Palace FC,Sunderland AFC,0,0,D
537820,2025-09-13 14:00:00+00:00,PL,2025,REGULAR_SEASON,4.0,Everton FC,Aston Villa FC,0,0,D
537821,2025-09-13 14:00:00+00:00,PL,2025,REGULAR_SEASON,4.0,Fulham FC,Leeds United FC,1,0,H
537815,2025-09-13 14:00:00+00:00,PL,2025,REGULAR_SEASON,4.0,AFC Bournemouth,Brighton & Hove Albion FC,2,1,H
544250,2025-09-13 14:15:00+00:00,PD,2025,REGULAR_SEASON,4.0,Real Sociedad de Fútbol,Real Madrid CF,1,2,A
545743,2025-09-13 14:30:00+00:00,PPL,2025,REGULAR_SEASON,5.0,GD Estoril Praia,AVS,3,1,H
537477,2025-09-13 14:30:00+00:00,DED,2025,REGULAR_SEASON,5.0,AFC Ajax,PEC Zwolle,3,1,H
545740,2025-09-13 14:30:00+00:00,PPL,2025,REGULAR_SEASON,5.0,Moreirense FC,Rio Ave FC,3,1,H
542435,2025-09-13 15:00:00+00:00,FL1,2025,REGULAR_SEASON,4.0,OGC Nice,FC Nantes,1,0,H
536842,2025-09-13 16:00:00+00:00,SA,2025,REGULAR_SEASON,3.0,Juventus FC,FC Internazionale Milano,4,3,H
544247,2025-09-13 16:30:00+00:00,PD,2025,REGULAR_SEASON,4.0,Athletic Club,Deportivo Alavés,0,1,A
540424,2025-09-13 16:30:00+00:00,BL1,2025,REGULAR_SEASON,3.0,FC Bayern München,Hamburger SV,5,0,H
537824,2025-09-13 16:30:00+00:00,PL,2025,REGULAR_SEASON,4.0,West Ham United FC,Tottenham Hotspur FC,0,3,A
537479,2025-09-13 16:45:00+00:00,DED,2025,REGULAR_SEASON,5.0,NEC,PSV,3,5,A
545744,2025-09-13 17:00:00+00:00,PPL,2025,REGULAR_SEASON,5.0,FC Porto,CD Nacional,1,0,H
537478,2025-09-13 17:10:00+00:00,DED,2025,REGULAR_SEASON,5.0,Go Ahead Eagles,FC Volendam,3,0,H
536835,2025-09-13 18:45:00+00:00,SA,2025,REGULAR_SEASON,3.0,ACF Fiorentina,SSC Napoli,1,3,A
537818,2025-09-13 19:00:00+00:00,PL,2025,REGULAR_SEASON,4.0,Brentford FC,Chelsea FC,2,2,D
537481,2025-09-13 19:00:00+00:00,DED,2025,REGULAR_SEASON,5.0,FC Twente '65,NAC Breda,2,2,D
537480,2025-09-13 19:00:00+00:00,DED,2025,REGULAR_SEASON,5.0,Feyenoord Rotterdam,SC Heerenveen,1,0,H
544241,2025-09-13 19:00:00+00:00,PD,2025,REGULAR_SEASON,4.0,Club Atlético de Madrid,Villarreal CF,2,0,H
542433,2025-09-13 19:05:00+00:00,FL1,2025,REGULAR_SEASON,4.0,AJ Auxerre,AS Monaco FC,1,2,A
545739,2025-09-13 19:30:00+00:00,PPL,2025,REGULAR_SEASON,5.0,FC Famalicão,Sporting Clube de Portugal,1,2,A
537482,2025-09-14 10:15:00+00:00,DED,2025,REGULAR_SEASON,5.0,SBV Excelsior,Sparta Rotterdam,0,1,A
536837,2025-09-14 10:30:00+00:00,SA,2025,REGULAR_SEASON,3.0,AS Roma,Torino FC,0,1,A
544243,2025-09-14 12:00:00+00:00,PD,2025,REGULAR_SEASON,4.0,RC Celta de Vigo,Girona FC,1,1,D
537483,2025-09-14 12:30:00+00:00,DED,2025,REGULAR_SEASON,5.0,FC Utrecht,FC Groningen,0,1,A
537484,2025-09-14 12:30:00+00:00,DED,2025,REGULAR_SEASON,5.0,Heracles Almelo,AZ,1,2,A
536838,2025-09-14 13:00:00+00:00,SA,2025,REGULAR_SEASON,3.0,Atalanta BC,US Lecce,4,1,H
537819,2025-09-14 13:00:00+00:00,PL,2025,REGULAR_SEASON,4.0,Burnley FC,Liverpool FC,0,1,A
542437,2025-09-14 13:00:00+00:00,FL1,2025,REGULAR_SEASON,4.0,Lille OSC,Toulouse FC,2,1,H
536843,2025-09-14 13:00:00+00:00,SA,2025,REGULAR_SEASON,3.0,AC Pisa 1909,Udinese Calcio,0,1,A
540431,2025-09-14 13:30:00+00:00,BL1,2025,REGULAR_SEASON,3.0,FC St. Pauli 1910,FC Augsburg,2,1,H
544248,2025-09-14 14:15:00+00:00,PD,2025,REGULAR_SEASON,4.0,Levante UD,Real Betis Balompié,2,2,D
545736,2025-09-14 14:30:00+00:00,PPL,2025,REGULAR_SEASON,5.0,CF Estrela da Amadora,Vitória SC,0,2,A
537485,2025-09-14 14:45:00+00:00,DED,2025,REGULAR_SEASON,5.0,Telstar 1963,Fortuna Sittard,1,3,A
542434,2025-09-14 15:15:00+00:00,FL1,2025,REGULAR_SEASON,4.0,FC Metz,Angers SCO,1,1,D
542438,2025-09-14 15:15:00+00:00,FL1,2025,REGULAR_SEASON,4.0,Paris Saint-Germain FC,Racing Club de Lens,2,0,H
542440,2025-09-14 15:15:00+00:00,FL1,2025,REGULAR_SEASON,4.0,Stade Brestois 29,Paris FC,1,2,A
542439,2025-09-14 15:15:00+00:00,FL1,2025,REGULAR_SEASON,4.0,RC Strasbourg Alsace,Le Havre AC,1,0,H
537822,2025-09-14 15:30:00+00:00,PL,2025,REGULAR_SEASON,4.0,Manchester City FC,Manchester United FC,3,0,H
540428,2025-09-14 15:30:00+00:00,BL1,2025,REGULAR_SEASON,3.0,Borussia Mönchengladbach,SV Werder Bremen,0,4,A
536844,2025-09-14 16:00:00+00:00,SA,2025,REGULAR_SEASON,3.0,US Sassuolo Calcio,SS Lazio,1,0,H
544246,2025-09-14 16:30:00+00:00,PD,2025,REGULAR_SEASON,4.0,CA Osasuna,Rayo Vallecano de Madrid,2,0,H
545738,2025-09-14 17:00:00+00:00,PPL,2025,REGULAR_SEASON,5.0,FC Arouca,Casa Pia AC,0,2,A
542441,2025-09-14 18:45:00+00:00,FL1,2025,REGULAR_SEASON,4.0,Stade Rennais FC 1901,Olympique Lyonnais,3,1,H
536836,2025-09-14 18:45:00+00:00,SA,2025,REGULAR_SEASON,3.0,AC Milan,Bologna FC 1909,1,0,H
544242,2025-09-14 19:00:00+00:00,PD,2025,REGULAR_SEASON,4.0,FC Barcelona,Valencia CF,6,0,H
545741,2025-09-14 19:30:00+00:00,PPL,2025,REGULAR_SEASON,5.0,Sporting Clube de Braga,Gil Vicente FC,0,1,A
536841,2025-09-15 16:30:00+00:00,SA,2025,REGULAR_SEASON,3.0,Hellas Verona FC,US Cremonese,0,0,D
536840,2025-09-15 18:45:00+00:00,SA,2025,REGULAR_SEASON,3.0,Como 1907,Genoa CFC,1,1,D
544244,2025-09-15 19:00:00+00:00,PD,2025,REGULAR_SEASON,4.0,RCD Espanyol de Barcelona,RCD Mallorca,3,2,H
551981,2025-09-16 16:45:00+00:00,CL,2025,LEAGUE_STAGE,1.0,Athletic Club,Arsenal FC,0,2,A
552049,2025-09-16 16:45:00+00:00,CL,2025,LEAGUE_STAGE,1.0,PSV,Royale Union Saint-Gilloise,1,3,A
551991,2025-09-16 19:00:00+00:00,CL,2025,LEAGUE_STAGE,1.0,Sport Lisboa e Benfica,Qarabağ Ağdam FK,2,3,A
551927,2025-09-16 19:00:00+00:00,CL,2025,LEAGUE_STAGE,1.0,Real Madrid CF,Olympique de Marseille,2,1,H
551941,2025-09-16 19:00:00+00:00,CL,2025,LEAGUE_STAGE,1.0,Juventus FC,Borussia Dortmund,4,4,D
552012,2025-09-16 19:00:00+00:00,CL,2025,LEAGUE_STAGE,1.0,Tottenham Hotspur FC,Villarreal CF,1,0,H
552031,2025-09-17 16:45:00+00:00,CL,2025,LEAGUE_STAGE,1.0,PAE Olympiakos SFP,Paphos FC,0,0,D
552023,2025-09-17 16:45:00+00:00,CL,2025,LEAGUE_STAGE,1.0,SK Slavia Praha,FK Bodø/Glimt,2,2,D
537467,2025-09-17 18:00:00+00:00,DED,2025,REGULAR_SEASON,3.0,Feyenoord Rotterdam,Fortuna Sittard,2,0,H
551946,2025-09-17 19:00:00+00:00,CL,2025,LEAGUE_STAGE,1.0,Liverpool FC,Club Atlético de Madrid,3,2,H
551959,2025-09-17 19:00:00+00:00,CL,2025,LEAGUE_STAGE,1.0,Paris Saint-Germain FC,Atalanta BC,4,0,H
551908,2025-09-17 19:00:00+00:00,CL,2025,LEAGUE_STAGE,1.0,FC Bayern München,Chelsea FC,3,1,H
551936,2025-09-17 19:00:00+00:00,CL,2025,LEAGUE_STAGE,1.0,AFC Ajax,FC Internazionale Milano,0,2,A
551995,2025-09-18 16:45:00+00:00,CL,2025,LEAGUE_STAGE,1.0,Club Brugge KV,AS Monaco FC,4,1,H
551975,2025-09-18 16:45:00+00:00,CL,2025,LEAGUE_STAGE,1.0,FC København,Bayer 04 Leverkusen,2,2,D
552027,2025-09-18 19:00:00+00:00,CL,2025,LEAGUE_STAGE,1.0,Sporting Clube de Portugal,FK Kairat,4,1,H
551965,2025-09-18 19:00:00+00:00,CL,2025,LEAGUE_STAGE,1.0,Manchester City FC,SSC Napoli,2,0,H
551958,2025-09-18 19:00:00+00:00,CL,2025,LEAGUE_STAGE,1.0,Newcastle United FC,FC Barcelona,1,2,A
552000,2025-09-18 19:00:00+00:00,CL,2025,LEAGUE_STAGE,1.0,Eintracht Frankfurt,Galatasaray SK,5,1,H
537486,2025-09-19 18:00:00+00:00,DED,2025,REGULAR_SEASON,6.0,Sparta Rotterdam,FC Twente '65,1,5,A
540438,2025-09-19 18:30:00+00:00,BL1,2025,REGULAR_SEASON,4.0,VfB Stuttgart,FC St. Pauli 1910,2,0,H
536854,2025-09-19 18:45:00+00:00,SA,2025,REGULAR_SEASON,4.0,US Lecce,Cagliari Calcio,1,2,A
542448,2025-09-19 18:45:00+00:00,FL1,2025,REGULAR_SEASON,5.0,Olympique Lyonnais,Angers SCO,1,0,H
544253,2025-09-19 19:00:00+00:00,PD,2025,REGULAR_SEASON,5.0,Real Betis Balompié,Real Sociedad de Fútbol,3,1,H
545751,2025-09-19 19:15:00+00:00,PPL,2025,REGULAR_SEASON,6.0,Rio Ave FC,FC Porto,0,3,A
537831,2025-09-20 11:30:00+00:00,PL,2025,REGULAR_SEASON,5.0,Liverpool FC,Everton FC,2,1,H
544255,2025-09-20 12:00:00+00:00,PD,2025,REGULAR_SEASON,5.0,Girona FC,Levante UD,0,4,A
536846,2025-09-20 13:00:00+00:00,SA,2025,REGULAR_SEASON,4.0,Bologna FC 1909,Genoa CFC,2,1,H
540437,2025-09-20 13:30:00+00:00,BL1,2025,REGULAR_SEASON,4.0,SV Werder Bremen,SC Freiburg,0,3,A
540440,2025-09-20 13:30:00+00:00,BL1,2025,REGULAR_SEASON,4.0,TSG 1899 Hoffenheim,FC Bayern München,1,4,A
540439,2025-09-20 13:30:00+00:00,BL1,2025,REGULAR_SEASON,4.0,FC Augsburg,1. FSV Mainz 05,1,4,A
540441,2025-09-20 13:30:00+00:00,BL1,2025,REGULAR_SEASON,4.0,Hamburger SV,1. FC Heidenheim 1846,2,1,H
537827,2025-09-20 14:00:00+00:00,PL,2025,REGULAR_SEASON,5.0,Brighton & Hove Albion FC,Tottenham Hotspur FC,2,2,D
537829,2025-09-20 14:00:00+00:00,PL,2025,REGULAR_SEASON,5.0,Burnley FC,Nottingham Forest FC,1,1,D
537834,2025-09-20 14:00:00+00:00,PL,2025,REGULAR_SEASON,5.0,Wolverhampton Wanderers FC,Leeds United FC,1,3,A
537833,2025-09-20 14:00:00+00:00,PL,2025,REGULAR_SEASON,5.0,West Ham United FC,Crystal Palace FC,1,2,A
544259,2025-09-20 14:15:00+00:00,PD,2025,REGULAR_SEASON,5.0,Real Madrid CF,RCD Espanyol de Barcelona,2,0,H
545749,2025-09-20 14:30:00+00:00,PPL,2025,REGULAR_SEASON,6.0,CD Santa Clara,FC Alverca,2,1,H
537487,2025-09-20 14:30:00+00:00,DED,2025,REGULAR_SEASON,6.0,FC Volendam,SBV Excelsior,1,2,A
545750,2025-09-20 14:30:00+00:00,PPL,2025,REGULAR_SEASON,6.0,CD Nacional,FC Arouca,1,2,A
542445,2025-09-20 15:00:00+00:00,FL1,2025,REGULAR_SEASON,5.0,FC Nantes,Stade Rennais FC 1901,2,2,D
536848,2025-09-20 16:00:00+00:00,SA,2025,REGULAR_SEASON,4.0,Hellas Verona FC,Juventus FC,1,1,D
537832,2025-09-20 16:30:00+00:00,PL,2025,REGULAR_SEASON,5.0,Manchester United FC,Chelsea FC,2,1,H
540436,2025-09-20 16:30:00+00:00,BL1,2025,REGULAR_SEASON,4.0,RB Leipzig,1. FC Köln,3,1,H
544251,2025-09-20 16:30:00+00:00,PD,2025,REGULAR_SEASON,5.0,Deportivo Alavés,Sevilla FC,1,2,A
544260,2025-09-20 16:30:00+00:00,PD,2025,REGULAR_SEASON,5.0,Villarreal CF,CA Osasuna,2,1,H
537488,2025-09-20 16:45:00+00:00,DED,2025,REGULAR_SEASON,6.0,FC Groningen,Telstar 1963,2,0,H
545745,2025-09-20 17:00:00+00:00,PPL,2025,REGULAR_SEASON,6.0,AVS,Sport Lisboa e Benfica,0,3,A
542450,2025-09-20 17:00:00+00:00,FL1,2025,REGULAR_SEASON,5.0,Stade Brestois 29,OGC Nice,4,1,H
537489,2025-09-20 18:00:00+00:00,DED,2025,REGULAR_SEASON,6.0,Fortuna Sittard,FC Utrecht,1,0,H
536852,2025-09-20 18:45:00+00:00,SA,2025,REGULAR_SEASON,4.0,Udinese Calcio,AC Milan,0,3,A
544256,2025-09-20 19:00:00+00:00,PD,2025,REGULAR_SEASON,5.0,Valencia CF,Athletic Club,2,0,H
537490,2025-09-20 19:00:00+00:00,DED,2025,REGULAR_SEASON,6.0,NAC Breda,Heracles Almelo,2,1,H
537830,2025-09-20 19:00:00+00:00,PL,2025,REGULAR_SEASON,5.0,Fulham FC,Brentford FC,3,1,H
542449,2025-09-20 19:05:00+00:00,FL1,2025,REGULAR_SEASON,5.0,Racing Club de Lens,Lille OSC,3,0,H
545753,2025-09-20 19:30:00+00:00,PPL,2025,REGULAR_SEASON,6.0,Vitória SC,Sporting Clube de Braga,1,1,D
537491,2025-09-21 10:15:00+00:00,DED,2025,REGULAR_SEASON,6.0,PEC Zwolle,Go Ahead Eagles,0,2,A
536850,2025-09-21 10:30:00+00:00,SA,2025,REGULAR_SEASON,4.0,SS Lazio,AS Roma,0,1,A
544258,2025-09-21 12:00:00+00:00,PD,2025,REGULAR_SEASON,5.0,Rayo Vallecano de Madrid,RC Celta de Vigo,1,1,D
537492,2025-09-21 12:30:00+00:00,DED,2025,REGULAR_SEASON,6.0,PSV,AFC Ajax,2,2,D
537493,2025-09-21 12:30:00+00:00,DED,2025,REGULAR_SEASON,6.0,SC Heerenveen,NEC,3,2,H
536847,2025-09-21 13:00:00+00:00,SA,2025,REGULAR_SEASON,4.0,Torino FC,Atalanta BC,0,3,A
536853,2025-09-21 13:00:00+00:00,SA,2025,REGULAR_SEASON,4.0,US Cremonese,Parma Calcio 1913,0,0,D
542446,2025-09-21 13:00:00+00:00,FL1,2025,REGULAR_SEASON,5.0,Paris FC,RC Strasbourg Alsace,2,3,A
537825,2025-09-21 13:00:00+00:00,PL,2025,REGULAR_SEASON,5.0,AFC Bournemouth,Newcastle United FC,0,0,D
537826,2025-09-21 13:00:00+00:00,PL,2025,REGULAR_SEASON,5.0,Sunderland AFC,Aston Villa FC,1,1,D
540434,2025-09-21 13:30:00+00:00,BL1,2025,REGULAR_SEASON,4.0,Eintracht Frankfurt,1. FC Union Berlin,3,4,A
544257,2025-09-21 14:15:00+00:00,PD,2025,REGULAR_SEASON,5.0,RCD Mallorca,Club Atlético de Madrid,1,1,D
545748,2025-09-21 14:30:00+00:00,PPL,2025,REGULAR_SEASON,6.0,CD Tondela,CF Estrela da Amadora,0,0,D
537494,2025-09-21 14:45:00+00:00,DED,2025,REGULAR_SEASON,6.0,AZ,Feyenoord Rotterdam,3,3,D
542442,2025-09-21 15:15:00+00:00,FL1,2025,REGULAR_SEASON,5.0,Le Havre AC,FC Lorient,1,1,D
542443,2025-09-21 15:15:00+00:00,FL1,2025,REGULAR_SEASON,5.0,AJ Auxerre,Toulouse FC,1,0,H
542444,2025-09-21 15:15:00+00:00,FL1,2025,REGULAR_SEASON,5.0,AS Monaco FC,FC Metz,5,2,H
537828,2025-09-21 15:30:00+00:00,PL,2025,REGULAR_SEASON,5.0,Arsenal FC,Manchester City FC,1,1,D
540433,2025-09-21 15:30:00+00:00,BL1,2025,REGULAR_SEASON,4.0,Bayer 04 Leverkusen,Borussia Mönchengladbach,1,1,D
536845,2025-09-21 16:00:00+00:00,SA,2025,REGULAR_SEASON,4.0,ACF Fiorentina,Como 1907,1,2,A
544254,2025-09-21 16:30:00+00:00,PD,2025,REGULAR_SEASON,5.0,Elche CF,Real Oviedo,1,0,H
545747,2025-09-21 17:00:00+00:00,PPL,2025,REGULAR_SEASON,6.0,Gil Vicente FC,GD Estoril Praia,2,0,H
540435,2025-09-21 17:30:00+00:00,BL1,2025,REGULAR_SEASON,4.0,Borussia Dortmund,VfL Wolfsburg,1,0,H
536849,2025-09-21 18:45:00+00:00,SA,2025,REGULAR_SEASON,4.0,FC Internazionale Milano,US Sassuolo Calcio,2,1,H
544252,2025-09-21 19:00:00+00:00,PD,2025,REGULAR_SEASON,5.0,FC Barcelona,Getafe CF,3,0,H
545746,2025-09-21 19:30:00+00:00,PPL,2025,REGULAR_SEASON,6.0,Casa Pia AC,FC Famalicão,1,1,D
542447,2025-09-22 18:00:00+00:00,FL1,2025,REGULAR_SEASON,5.0,Olympique de Marseille,Paris Saint-Germain FC,1,0,H
536851,2025-09-22 18:45:00+00:00,SA,2025,REGULAR_SEASON,4.0,SSC Napoli,AC Pisa 1909,3,2,H
545752,2025-09-22 19:15:00+00:00,PPL,2025,REGULAR_SEASON,6.0,Sporting Clube de Portugal,Moreirense FC,3,0,H
544263,2025-09-23 17:00:00+00:00,PD,2025,REGULAR_SEASON,6.0,RCD Espanyol de Barcelona,Valencia CF,2,2,D
544261,2025-09-23 17:00:00+00:00,PD,2025,REGULAR_SEASON,6.0,Athletic Club,Girona FC,1,1,D
545702,2025-09-23 19:15:00+00:00,PPL,2025,REGULAR_SEASON,1.0,Sport Lisboa e Benfica,Rio Ave FC,1,1,D
544264,2025-09-23 19:30:00+00:00,PD,2025,REGULAR_SEASON,6.0,Levante UD,Real Madrid CF,1,4,A
544265,2025-09-23 19:30:00+00:00,PD,2025,REGULAR_SEASON,6.0,Sevilla FC,Villarreal CF,1,2,A
544266,2025-09-24 17:00:00+00:00,PD,2025,REGULAR_SEASON,6.0,Getafe CF,Deportivo Alavés,1,1,D
537462,2025-09-24 18:00:00+00:00,DED,2025,REGULAR_SEASON,3.0,AZ,PEC Zwolle,2,2,D
544262,2025-09-24 19:30:00+00:00,PD,2025,REGULAR_SEASON,6.0,Club Atlético de Madrid,Rayo Vallecano de Madrid,3,2,H
544270,2025-09-24 19:30:00+00:00,PD,2025,REGULAR_SEASON,6.0,Real Sociedad de Fútbol,RCD Mallorca,1,0,H
544269,2025-09-25 17:30:00+00:00,PD,2025,REGULAR_SEASON,6.0,CA Osasuna,Elche CF,1,1,D
544267,2025-09-25 19:30:00+00:00,PD,2025,REGULAR_SEASON,6.0,Real Oviedo,FC Barcelona,1,3,A
537495,2025-09-26 18:00:00+00:00,DED,2025,REGULAR_SEASON,7.0,FC Twente '65,Fortuna Sittard,3,2,H
540442,2025-09-26 18:30:00+00:00,BL1,2025,REGULAR_SEASON,5.0,FC Bayern München,SV Werder Bremen,4,0,H
542457,2025-09-26 18:45:00+00:00,FL1,2025,REGULAR_SEASON,6.0,RC Strasbourg Alsace,Olympique de Marseille,1,2,A
544279,2025-09-26 19:00:00+00:00,PD,2025,REGULAR_SEASON,7.0,Girona FC,RCD Espanyol de Barcelona,0,0,D
545760,2025-09-26 19:15:00+00:00,PPL,2025,REGULAR_SEASON,7.0,Sport Lisboa e Benfica,Gil Vicente FC,2,1,H
537837,2025-09-27 11:30:00+00:00,PL,2025,REGULAR_SEASON,6.0,Brentford FC,Manchester United FC,3,1,H
544274,2025-09-27 12:00:00+00:00,PD,2025,REGULAR_SEASON,7.0,Getafe CF,Levante UD,1,1,D
536859,2025-09-27 13:00:00+00:00,SA,2025,REGULAR_SEASON,5.0,Como 1907,US Cremonese,1,1,D
540449,2025-09-27 13:30:00+00:00,BL1,2025,REGULAR_SEASON,5.0,1. FC Heidenheim 1846,FC Augsburg,2,1,H
540448,2025-09-27 13:30:00+00:00,BL1,2025,REGULAR_SEASON,5.0,FC St. Pauli 1910,Bayer 04 Leverkusen,1,2,A
540446,2025-09-27 13:30:00+00:00,BL1,2025,REGULAR_SEASON,5.0,VfL Wolfsburg,RB Leipzig,0,1,A
540444,2025-09-27 13:30:00+00:00,BL1,2025,REGULAR_SEASON,5.0,1. FSV Mainz 05,Borussia Dortmund,0,2,A
537836,2025-09-27 14:00:00+00:00,PL,2025,REGULAR_SEASON,6.0,Crystal Palace FC,Liverpool FC,2,1,H
537840,2025-09-27 14:00:00+00:00,PL,2025,REGULAR_SEASON,6.0,Leeds United FC,AFC Bournemouth,2,2,D
537841,2025-09-27 14:00:00+00:00,PL,2025,REGULAR_SEASON,6.0,Manchester City FC,Burnley FC,5,1,H
537838,2025-09-27 14:00:00+00:00,PL,2025,REGULAR_SEASON,6.0,Chelsea FC,Brighton & Hove Albion FC,1,3,A
544271,2025-09-27 14:15:00+00:00,PD,2025,REGULAR_SEASON,7.0,Club Atlético de Madrid,Real Madrid CF,5,2,H
545762,2025-09-27 14:30:00+00:00,PPL,2025,REGULAR_SEASON,7.0,Moreirense FC,Casa Pia AC,2,1,H
537497,2025-09-27 14:30:00+00:00,DED,2025,REGULAR_SEASON,7.0,AFC Ajax,NAC Breda,2,1,H
542451,2025-09-27 15:00:00+00:00,FL1,2025,REGULAR_SEASON,6.0,FC Lorient,AS Monaco FC,3,1,H
545758,2025-09-27 15:30:00+00:00,PPL,2025,REGULAR_SEASON,7.0,CD Santa Clara,CD Tondela,1,2,A
536860,2025-09-27 16:00:00+00:00,SA,2025,REGULAR_SEASON,5.0,Juventus FC,Atalanta BC,1,1,D
540445,2025-09-27 16:30:00+00:00,BL1,2025,REGULAR_SEASON,5.0,Borussia Mönchengladbach,Eintracht Frankfurt,4,6,A
544276,2025-09-27 16:30:00+00:00,PD,2025,REGULAR_SEASON,7.0,RCD Mallorca,Deportivo Alavés,1,0,H
537843,2025-09-27 16:30:00+00:00,PL,2025,REGULAR_SEASON,6.0,Nottingham Forest FC,Sunderland AFC,0,1,A
537498,2025-09-27 16:45:00+00:00,DED,2025,REGULAR_SEASON,7.0,FC Volendam,PEC Zwolle,2,1,H
545761,2025-09-27 17:00:00+00:00,PPL,2025,REGULAR_SEASON,7.0,CF Estrela da Amadora,AVS,3,0,H
542453,2025-09-27 17:00:00+00:00,FL1,2025,REGULAR_SEASON,6.0,Toulouse FC,FC Nantes,2,2,D
537499,2025-09-27 18:00:00+00:00,DED,2025,REGULAR_SEASON,7.0,SBV Excelsior,PSV,1,2,A
536857,2025-09-27 18:45:00+00:00,SA,2025,REGULAR_SEASON,5.0,Cagliari Calcio,FC Internazionale Milano,0,2,A
537844,2025-09-27 19:00:00+00:00,PL,2025,REGULAR_SEASON,6.0,Tottenham Hotspur FC,Wolverhampton Wanderers FC,1,1,D
537502,2025-09-27 19:00:00+00:00,DED,2025,REGULAR_SEASON,7.0,Heracles Almelo,Sparta Rotterdam,3,0,H
544277,2025-09-27 19:00:00+00:00,PD,2025,REGULAR_SEASON,7.0,Villarreal CF,Athletic Club,1,0,H
542456,2025-09-27 19:05:00+00:00,FL1,2025,REGULAR_SEASON,6.0,Paris Saint-Germain FC,AJ Auxerre,2,0,H
545754,2025-09-27 19:30:00+00:00,PPL,2025,REGULAR_SEASON,7.0,GD Estoril Praia,Sporting Clube de Portugal,0,1,A
537500,2025-09-28 10:15:00+00:00,DED,2025,REGULAR_SEASON,7.0,NEC,AZ,2,1,H
536863,2025-09-28 10:30:00+00:00,SA,2025,REGULAR_SEASON,5.0,US Sassuolo Calcio,Udinese Calcio,3,1,H
544275,2025-09-28 12:00:00+00:00,PD,2025,REGULAR_SEASON,7.0,Rayo Vallecano de Madrid,Sevilla FC,0,1,A
537496,2025-09-28 12:30:00+00:00,DED,2025,REGULAR_SEASON,7.0,FC Groningen,Feyenoord Rotterdam,0,1,A
537501,2025-09-28 12:30:00+00:00,DED,2025,REGULAR_SEASON,7.0,FC Utrecht,SC Heerenveen,2,2,D
536862,2025-09-28 13:00:00+00:00,SA,2025,REGULAR_SEASON,5.0,AC Pisa 1909,ACF Fiorentina,0,0,D
542454,2025-09-28 13:00:00+00:00,FL1,2025,REGULAR_SEASON,6.0,OGC Nice,Paris FC,1,1,D
536856,2025-09-28 13:00:00+00:00,SA,2025,REGULAR_SEASON,5.0,AS Roma,Hellas Verona FC,2,0,H
537835,2025-09-28 13:00:00+00:00,PL,2025,REGULAR_SEASON,6.0,Aston Villa FC,Fulham FC,3,1,H
540443,2025-09-28 13:30:00+00:00,BL1,2025,REGULAR_SEASON,5.0,SC Freiburg,TSG 1899 Hoffenheim,1,1,D
544278,2025-09-28 14:15:00+00:00,PD,2025,REGULAR_SEASON,7.0,Elche CF,RC Celta de Vigo,2,1,H
545755,2025-09-28 14:30:00+00:00,PPL,2025,REGULAR_SEASON,7.0,FC Alverca,Vitória SC,2,0,H
537503,2025-09-28 14:45:00+00:00,DED,2025,REGULAR_SEASON,7.0,Telstar 1963,Go Ahead Eagles,4,2,H
542458,2025-09-28 15:15:00+00:00,FL1,2025,REGULAR_SEASON,6.0,Angers SCO,Stade Brestois 29,0,2,A
542455,2025-09-28 15:15:00+00:00,FL1,2025,REGULAR_SEASON,6.0,Lille OSC,Olympique Lyonnais,0,1,A
542452,2025-09-28 15:15:00+00:00,FL1,2025,REGULAR_SEASON,6.0,FC Metz,Le Havre AC,0,0,D
540450,2025-09-28 15:30:00+00:00,BL1,2025,REGULAR_SEASON,5.0,1. FC Köln,VfB Stuttgart,1,2,A
537842,2025-09-28 15:30:00+00:00,PL,2025,REGULAR_SEASON,6.0,Newcastle United FC,Arsenal FC,1,2,A
536864,2025-09-28 16:00:00+00:00,SA,2025,REGULAR_SEASON,5.0,US Lecce,Bologna FC 1909,2,2,D
544272,2025-09-28 16:30:00+00:00,PD,2025,REGULAR_SEASON,7.0,FC Barcelona,Real Sociedad de Fútbol,2,1,H
545759,2025-09-28 17:00:00+00:00,PPL,2025,REGULAR_SEASON,7.0,Sporting Clube de Braga,CD Nacional,0,1,A
540447,2025-09-28 17:30:00+00:00,BL1,2025,REGULAR_SEASON,5.0,1. FC Union Berlin,Hamburger SV,0,0,D
542459,2025-09-28 18:45:00+00:00,FL1,2025,REGULAR_SEASON,6.0,Stade Rennais FC 1901,Racing Club de Lens,0,0,D
536855,2025-09-28 18:45:00+00:00,SA,2025,REGULAR_SEASON,5.0,AC Milan,SSC Napoli,2,1,H
544273,2025-09-28 19:00:00+00:00,PD,2025,REGULAR_SEASON,7.0,Real Betis Balompié,CA Osasuna,2,0,H
545757,2025-09-28 19:30:00+00:00,PPL,2025,REGULAR_SEASON,7.0,FC Famalicão,Rio Ave FC,0,0,D
536861,2025-09-29 16:30:00+00:00,SA,2025,REGULAR_SEASON,5.0,Parma Calcio 1913,Torino FC,2,1,H
536858,2025-09-29 18:45:00+00:00,SA,2025,REGULAR_SEASON,5.0,Genoa CFC,SS Lazio,0,3,A
537839,2025-09-29 19:00:00+00:00,PL,2025,REGULAR_SEASON,6.0,Everton FC,West Ham United FC,1,1,D
545756,2025-09-29 19:00:00+00:00,PPL,2025,REGULAR_SEASON,7.0,FC Arouca,FC Porto,0,4,A
551982,2025-09-30 16:45:00+00:00,CL,2025,LEAGUE_STAGE,2.0,Atalanta BC,Club Brugge KV,2,1,H
551930,2025-09-30 16:45:00+00:00,CL,2025,LEAGUE_STAGE,2.0,FK Kairat,Real Madrid CF,0,5,A
544280,2025-09-30 18:00:00+00:00,PD,2025,REGULAR_SEASON,7.0,Valencia CF,Real Oviedo,1,2,A
552015,2025-09-30 19:00:00+00:00,CL,2025,LEAGUE_STAGE,2.0,Olympique de Marseille,AFC Ajax,4,0,H
551997,2025-09-30 19:00:00+00:00,CL,2025,LEAGUE_STAGE,2.0,Club Atlético de Madrid,Eintracht Frankfurt,5,1,H
551951,2025-09-30 19:00:00+00:00,CL,2025,LEAGUE_STAGE,2.0,Galatasaray SK,Liverpool FC,1,0,H
551915,2025-09-30 19:00:00+00:00,CL,2025,LEAGUE_STAGE,2.0,Paphos FC,FC Bayern München,1,5,A
552020,2025-09-30 19:00:00+00:00,CL,2025,LEAGUE_STAGE,2.0,FK Bodø/Glimt,Tottenham Hotspur FC,2,2,D
551917,2025-09-30 19:00:00+00:00,CL,2025,LEAGUE_STAGE,2.0,Chelsea FC,Sport Lisboa e Benfica,1,0,H
551935,2025-09-30 19:00:00+00:00,CL,2025,LEAGUE_STAGE,2.0,FC Internazionale Milano,SK Slavia Praha,3,0,H
552044,2025-10-01 16:45:00+00:00,CL,2025,LEAGUE_STAGE,2.0,Royale Union Saint-Gilloise,Newcastle United FC,0,4,A
552039,2025-10-01 16:45:00+00:00,CL,2025,LEAGUE_STAGE,2.0,Qarabağ Ağdam FK,FC København,2,0,H
551952,2025-10-01 19:00:00+00:00,CL,2025,LEAGUE_STAGE,2.0,FC Barcelona,Paris Saint-Germain FC,1,2,A
551968,2025-10-01 19:00:00+00:00,CL,2025,LEAGUE_STAGE,2.0,AS Monaco FC,Manchester City FC,2,2,D
551972,2025-10-01 19:00:00+00:00,CL,2025,LEAGUE_STAGE,2.0,Bayer 04 Leverkusen,PSV,1,1,D
552002,2025-10-01 19:00:00+00:00,CL,2025,LEAGUE_STAGE,2.0,Villarreal CF,Juventus FC,2,2,D
551978,2025-10-01 19:00:00+00:00,CL,2025,LEAGUE_STAGE,2.0,Arsenal FC,PAE Olympiakos SFP,2,0,H
551944,2025-10-01 19:00:00+00:00,CL,2025,LEAGUE_STAGE,2.0,Borussia Dortmund,Athletic Club,4,1,H
552026,2025-10-01 19:00:00+00:00,CL,2025,LEAGUE_STAGE,2.0,SSC Napoli,Sporting Clube de Portugal,2,1,H
537504,2025-10-03 18:00:00+00:00,DED,2025,REGULAR_SEASON,8.0,NAC Breda,FC Groningen,1,2,A
540458,2025-10-03 18:30:00+00:00,BL1,2025,REGULAR_SEASON,6.0,TSG 1899 Hoffenheim,1. FC Köln,0,1,A
542464,2025-10-03 18:45:00+00:00,FL1,2025,REGULAR_SEASON,7.0,Paris FC,FC Lorient,2,0,H
536868,2025-10-03 18:45:00+00:00,SA,2025,REGULAR_SEASON,6.0,Hellas Verona FC,US Sassuolo Calcio,0,1,A
537845,2025-10-03 19:00:00+00:00,PL,2025,REGULAR_SEASON,7.0,AFC Bournemouth,Fulham FC,3,1,H
544288,2025-10-03 19:00:00+00:00,PD,2025,REGULAR_SEASON,8.0,CA Osasuna,Getafe CF,2,1,H
545764,2025-10-03 19:15:00+00:00,PPL,2025,REGULAR_SEASON,8.0,Casa Pia AC,GD Estoril Praia,2,2,D
537851,2025-10-04 11:30:00+00:00,PL,2025,REGULAR_SEASON,7.0,Leeds United FC,Tottenham Hotspur FC,1,2,A
544289,2025-10-04 12:00:00+00:00,PD,2025,REGULAR_SEASON,8.0,Real Oviedo,Levante UD,0,2,A
536871,2025-10-04 13:00:00+00:00,SA,2025,REGULAR_SEASON,6.0,SS Lazio,Torino FC,3,3,D
536872,2025-10-04 13:00:00+00:00,SA,2025,REGULAR_SEASON,6.0,Parma Calcio 1913,US Lecce,0,1,A
540453,2025-10-04 13:30:00+00:00,BL1,2025,REGULAR_SEASON,6.0,Borussia Dortmund,RB Leipzig,1,1,D
540451,2025-10-04 13:30:00+00:00,BL1,2025,REGULAR_SEASON,6.0,Bayer 04 Leverkusen,1. FC Union Berlin,2,0,H
540454,2025-10-04 13:30:00+00:00,BL1,2025,REGULAR_SEASON,6.0,SV Werder Bremen,FC St. Pauli 1910,1,0,H
540457,2025-10-04 13:30:00+00:00,BL1,2025,REGULAR_SEASON,6.0,FC Augsburg,VfL Wolfsburg,3,1,H
537852,2025-10-04 14:00:00+00:00,PL,2025,REGULAR_SEASON,7.0,Manchester United FC,Sunderland AFC,2,0,H
537847,2025-10-04 14:00:00+00:00,PL,2025,REGULAR_SEASON,7.0,Arsenal FC,West Ham United FC,2,0,H
544283,2025-10-04 14:15:00+00:00,PD,2025,REGULAR_SEASON,8.0,Girona FC,Valencia CF,2,1,H
537505,2025-10-04 14:30:00+00:00,DED,2025,REGULAR_SEASON,8.0,Sparta Rotterdam,AFC Ajax,3,3,D
545768,2025-10-04 14:30:00+00:00,PPL,2025,REGULAR_SEASON,8.0,CD Nacional,Moreirense FC,3,2,H
545767,2025-10-04 14:30:00+00:00,PPL,2025,REGULAR_SEASON,8.0,Gil Vicente FC,CF Estrela da Amadora,2,0,H
542463,2025-10-04 15:00:00+00:00,FL1,2025,REGULAR_SEASON,7.0,FC Metz,Olympique de Marseille,0,3,A
536869,2025-10-04 16:00:00+00:00,SA,2025,REGULAR_SEASON,6.0,FC Internazionale Milano,US Cremonese,4,1,H
544282,2025-10-04 16:30:00+00:00,PD,2025,REGULAR_SEASON,8.0,Athletic Club,RCD Mallorca,2,1,H
537849,2025-10-04 16:30:00+00:00,PL,2025,REGULAR_SEASON,7.0,Chelsea FC,Liverpool FC,2,1,H
540452,2025-10-04 16:30:00+00:00,BL1,2025,REGULAR_SEASON,6.0,Eintracht Frankfurt,FC Bayern München,0,3,A
537506,2025-10-04 16:45:00+00:00,DED,2025,REGULAR_SEASON,8.0,Fortuna Sittard,FC Volendam,1,0,H
545763,2025-10-04 17:00:00+00:00,PPL,2025,REGULAR_SEASON,8.0,AVS,FC Alverca,1,3,A
542468,2025-10-04 17:00:00+00:00,FL1,2025,REGULAR_SEASON,7.0,Stade Brestois 29,FC Nantes,0,0,D
537507,2025-10-04 18:00:00+00:00,DED,2025,REGULAR_SEASON,8.0,PEC Zwolle,PSV,0,4,A
536866,2025-10-04 18:45:00+00:00,SA,2025,REGULAR_SEASON,6.0,Atalanta BC,Como 1907,1,1,D
544284,2025-10-04 19:00:00+00:00,PD,2025,REGULAR_SEASON,8.0,Real Madrid CF,Villarreal CF,3,1,H
537508,2025-10-04 19:00:00+00:00,DED,2025,REGULAR_SEASON,8.0,SC Heerenveen,SBV Excelsior,2,1,H
542461,2025-10-04 19:05:00+00:00,FL1,2025,REGULAR_SEASON,7.0,AJ Auxerre,Racing Club de Lens,1,2,A
545769,2025-10-04 19:30:00+00:00,PPL,2025,REGULAR_SEASON,8.0,Vitória SC,CD Santa Clara,2,1,H
537509,2025-10-05 10:15:00+00:00,DED,2025,REGULAR_SEASON,8.0,FC Twente '65,Heracles Almelo,2,1,H
536874,2025-10-05 10:30:00+00:00,SA,2025,REGULAR_SEASON,6.0,Udinese Calcio,Cagliari Calcio,1,1,D
544281,2025-10-05 12:00:00+00:00,PD,2025,REGULAR_SEASON,8.0,Deportivo Alavés,Elche CF,3,1,H
537511,2025-10-05 12:30:00+00:00,DED,2025,REGULAR_SEASON,8.0,Feyenoord Rotterdam,FC Utrecht,3,2,H
536867,2025-10-05 13:00:00+00:00,SA,2025,REGULAR_SEASON,6.0,Bologna FC 1909,AC Pisa 1909,4,0,H
536865,2025-10-05 13:00:00+00:00,SA,2025,REGULAR_SEASON,6.0,ACF Fiorentina,AS Roma,1,2,A
537853,2025-10-05 13:00:00+00:00,PL,2025,REGULAR_SEASON,7.0,Newcastle United FC,Nottingham Forest FC,2,0,H
537854,2025-10-05 13:00:00+00:00,PL,2025,REGULAR_SEASON,7.0,Wolverhampton Wanderers FC,Brighton & Hove Albion FC,1,1,D
537850,2025-10-05 13:00:00+00:00,PL,2025,REGULAR_SEASON,7.0,Everton FC,Crystal Palace FC,2,1,H
537846,2025-10-05 13:00:00+00:00,PL,2025,REGULAR_SEASON,7.0,Aston Villa FC,Burnley FC,2,1,H
542465,2025-10-05 13:00:00+00:00,FL1,2025,REGULAR_SEASON,7.0,Olympique Lyonnais,Toulouse FC,1,2,A
540455,2025-10-05 13:30:00+00:00,BL1,2025,REGULAR_SEASON,6.0,VfB Stuttgart,1. FC Heidenheim 1846,1,0,H
544286,2025-10-05 14:15:00+00:00,PD,2025,REGULAR_SEASON,8.0,Sevilla FC,FC Barcelona,4,1,H
545765,2025-10-05 14:30:00+00:00,PPL,2025,REGULAR_SEASON,8.0,FC Arouca,FC Famalicão,1,1,D
537510,2025-10-05 14:45:00+00:00,DED,2025,REGULAR_SEASON,8.0,AZ,Telstar 1963,2,1,H
542462,2025-10-05 15:15:00+00:00,FL1,2025,REGULAR_SEASON,7.0,AS Monaco FC,OGC Nice,2,2,D
542460,2025-10-05 15:15:00+00:00,FL1,2025,REGULAR_SEASON,7.0,Le Havre AC,Stade Rennais FC 1901,2,2,D
542467,2025-10-05 15:15:00+00:00,FL1,2025,REGULAR_SEASON,7.0,RC Strasbourg Alsace,Angers SCO,5,0,H
540459,2025-10-05 15:30:00+00:00,BL1,2025,REGULAR_SEASON,6.0,Hamburger SV,1. FSV Mainz 05,4,0,H
537848,2025-10-05 15:30:00+00:00,PL,2025,REGULAR_SEASON,7.0,Brentford FC,Manchester City FC,0,1,A
536873,2025-10-05 16:00:00+00:00,SA,2025,REGULAR_SEASON,6.0,SSC Napoli,Genoa CFC,2,1,H
544287,2025-10-05 16:30:00+00:00,PD,2025,REGULAR_SEASON,8.0,RCD Espanyol de Barcelona,Real Betis Balompié,1,2,A
545766,2025-10-05 16:30:00+00:00,PPL,2025,REGULAR_SEASON,8.0,Rio Ave FC,CD Tondela,3,0,H
544290,2025-10-05 16:30:00+00:00,PD,2025,REGULAR_SEASON,8.0,Real Sociedad de Fútbol,Rayo Vallecano de Madrid,0,1,A
540456,2025-10-05 17:30:00+00:00,BL1,2025,REGULAR_SEASON,6.0,Borussia Mönchengladbach,SC Freiburg,0,0,D
537512,2025-10-05 18:00:00+00:00,DED,2025,REGULAR_SEASON,8.0,Go Ahead Eagles,NEC,1,1,D
545770,2025-10-05 18:15:00+00:00,PPL,2025,REGULAR_SEASON,8.0,Sporting Clube de Portugal,Sporting Clube de Braga,1,1,D
536870,2025-10-05 18:45:00+00:00,SA,2025,REGULAR_SEASON,6.0,Juventus FC,AC Milan,0,0,D
542466,2025-10-05 18:45:00+00:00,FL1,2025,REGULAR_SEASON,7.0,Lille OSC,Paris Saint-Germain FC,1,1,D
544285,2025-10-05 19:00:00+00:00,PD,2025,REGULAR_SEASON,8.0,RC Celta de Vigo,Club Atlético de Madrid,1,1,D
545771,2025-10-05 20:15:00+00:00,PPL,2025,REGULAR_SEASON,8.0,FC Porto,Sport Lisboa e Benfica,0,0,D
540465,2025-10-17 18:30:00+00:00,BL1,2025,REGULAR_SEASON,7.0,1. FC Union Berlin,Borussia Mönchengladbach,3,1,H
542474,2025-10-17 18:45:00+00:00,FL1,2025,REGULAR_SEASON,8.0,Paris Saint-Germain FC,RC Strasbourg Alsace,3,3,D
544299,2025-10-17 19:00:00+00:00,PD,2025,REGULAR_SEASON,9.0,Real Oviedo,RCD Espanyol de Barcelona,0,2,A
537862,2025-10-18 11:30:00+00:00,PL,2025,REGULAR_SEASON,8.0,Nottingham Forest FC,Chelsea FC,0,3,A
544300,2025-10-18 12:00:00+00:00,PD,2025,REGULAR_SEASON,9.0,Sevilla FC,RCD Mallorca,1,3,A
536882,2025-10-18 13:00:00+00:00,SA,2025,REGULAR_SEASON,7.0,AC Pisa 1909,Hellas Verona FC,0,0,D
536884,2025-10-18 13:00:00+00:00,SA,2025,REGULAR_SEASON,7.0,US Lecce,US Sassuolo Calcio,0,0,D
540463,2025-10-18 13:30:00+00:00,BL1,2025,REGULAR_SEASON,7.0,RB Leipzig,Hamburger SV,2,1,H
540464,2025-10-18 13:30:00+00:00,BL1,2025,REGULAR_SEASON,7.0,VfL Wolfsburg,VfB Stuttgart,0,3,A
540467,2025-10-18 13:30:00+00:00,BL1,2025,REGULAR_SEASON,7.0,1. FC Heidenheim 1846,SV Werder Bremen,2,2,D
540468,2025-10-18 13:30:00+00:00,BL1,2025,REGULAR_SEASON,7.0,1. FC Köln,FC Augsburg,1,1,D
540462,2025-10-18 13:30:00+00:00,BL1,2025,REGULAR_SEASON,7.0,1. FSV Mainz 05,Bayer 04 Leverkusen,3,4,A
537856,2025-10-18 14:00:00+00:00,PL,2025,REGULAR_SEASON,8.0,Brighton & Hove Albion FC,Newcastle United FC,2,1,H
537855,2025-10-18 14:00:00+00:00,PL,2025,REGULAR_SEASON,8.0,Sunderland AFC,Wolverhampton Wanderers FC,2,0,H
537861,2025-10-18 14:00:00+00:00,PL,2025,REGULAR_SEASON,8.0,Manchester City FC,Everton FC,2,0,H
537858,2025-10-18 14:00:00+00:00,PL,2025,REGULAR_SEASON,8.0,Burnley FC,Leeds United FC,2,0,H
537857,2025-10-18 14:00:00+00:00,PL,2025,REGULAR_SEASON,8.0,Crystal Palace FC,AFC Bournemouth,3,3,D
544293,2025-10-18 14:15:00+00:00,PD,2025,REGULAR_SEASON,9.0,FC Barcelona,Girona FC,2,1,H
537521,2025-10-18 14:45:00+00:00,DED,2025,REGULAR_SEASON,9.0,NEC,FC Twente '65,3,3,D
542472,2025-10-18 15:00:00+00:00,FL1,2025,REGULAR_SEASON,8.0,OGC Nice,Olympique Lyonnais,3,2,H
536881,2025-10-18 16:00:00+00:00,SA,2025,REGULAR_SEASON,7.0,Torino FC,SSC Napoli,1,0,H
544298,2025-10-18 16:30:00+00:00,PD,2025,REGULAR_SEASON,9.0,Villarreal CF,Real Betis Balompié,2,2,D
537859,2025-10-18 16:30:00+00:00,PL,2025,REGULAR_SEASON,8.0,Fulham FC,Arsenal FC,0,1,A
540460,2025-10-18 16:30:00+00:00,BL1,2025,REGULAR_SEASON,7.0,FC Bayern München,Borussia Dortmund,2,1,H
537515,2025-10-18 16:45:00+00:00,DED,2025,REGULAR_SEASON,9.0,PSV,Go Ahead Eagles,2,1,H
537514,2025-10-18 16:45:00+00:00,DED,2025,REGULAR_SEASON,9.0,FC Utrecht,FC Volendam,3,1,H
542476,2025-10-18 17:00:00+00:00,FL1,2025,REGULAR_SEASON,8.0,Angers SCO,AS Monaco FC,1,1,D
536876,2025-10-18 18:45:00+00:00,SA,2025,REGULAR_SEASON,7.0,AS Roma,FC Internazionale Milano,0,1,A
544292,2025-10-18 19:00:00+00:00,PD,2025,REGULAR_SEASON,9.0,Club Atlético de Madrid,CA Osasuna,1,0,H
537516,2025-10-18 19:00:00+00:00,DED,2025,REGULAR_SEASON,9.0,AFC Ajax,AZ,0,2,A
537517,2025-10-18 19:00:00+00:00,DED,2025,REGULAR_SEASON,9.0,NAC Breda,PEC Zwolle,2,2,D
542473,2025-10-18 19:05:00+00:00,FL1,2025,REGULAR_SEASON,8.0,Olympique de Marseille,Le Havre AC,6,2,H
537520,2025-10-19 10:15:00+00:00,DED,2025,REGULAR_SEASON,9.0,Telstar 1963,SC Heerenveen,2,3,A
536880,2025-10-19 10:30:00+00:00,SA,2025,REGULAR_SEASON,7.0,Como 1907,Juventus FC,2,0,H
544297,2025-10-19 12:00:00+00:00,PD,2025,REGULAR_SEASON,9.0,Elche CF,Athletic Club,0,0,D
537519,2025-10-19 12:30:00+00:00,DED,2025,REGULAR_SEASON,9.0,SBV Excelsior,Fortuna Sittard,1,0,H
537518,2025-10-19 12:30:00+00:00,DED,2025,REGULAR_SEASON,9.0,FC Groningen,Sparta Rotterdam,0,2,A
537863,2025-10-19 13:00:00+00:00,PL,2025,REGULAR_SEASON,8.0,Tottenham Hotspur FC,Aston Villa FC,1,2,A
536878,2025-10-19 13:00:00+00:00,SA,2025,REGULAR_SEASON,7.0,Cagliari Calcio,Bologna FC 1909,0,2,A
536879,2025-10-19 13:00:00+00:00,SA,2025,REGULAR_SEASON,7.0,Genoa CFC,Parma Calcio 1913,0,0,D
542475,2025-10-19 13:00:00+00:00,FL1,2025,REGULAR_SEASON,8.0,Racing Club de Lens,Paris FC,2,1,H
540461,2025-10-19 13:30:00+00:00,BL1,2025,REGULAR_SEASON,7.0,SC Freiburg,Eintracht Frankfurt,2,2,D
544294,2025-10-19 14:15:00+00:00,PD,2025,REGULAR_SEASON,9.0,RC Celta de Vigo,Real Sociedad de Fútbol,1,1,D
537513,2025-10-19 14:45:00+00:00,DED,2025,REGULAR_SEASON,9.0,Heracles Almelo,Feyenoord Rotterdam,0,7,A
542469,2025-10-19 15:15:00+00:00,FL1,2025,REGULAR_SEASON,8.0,FC Lorient,Stade Brestois 29,3,3,D
542471,2025-10-19 15:15:00+00:00,FL1,2025,REGULAR_SEASON,8.0,Toulouse FC,FC Metz,4,0,H
542477,2025-10-19 15:15:00+00:00,FL1,2025,REGULAR_SEASON,8.0,Stade Rennais FC 1901,AJ Auxerre,2,2,D
540466,2025-10-19 15:30:00+00:00,BL1,2025,REGULAR_SEASON,7.0,FC St. Pauli 1910,TSG 1899 Hoffenheim,0,3,A
537860,2025-10-19 15:30:00+00:00,PL,2025,REGULAR_SEASON,8.0,Liverpool FC,Manchester United FC,1,2,A
536877,2025-10-19 16:00:00+00:00,SA,2025,REGULAR_SEASON,7.0,Atalanta BC,SS Lazio,0,0,D
544296,2025-10-19 16:30:00+00:00,PD,2025,REGULAR_SEASON,9.0,Levante UD,Rayo Vallecano de Madrid,0,3,A
542470,2025-10-19 18:45:00+00:00,FL1,2025,REGULAR_SEASON,8.0,FC Nantes,Lille OSC,0,2,A
536875,2025-10-19 18:45:00+00:00,SA,2025,REGULAR_SEASON,7.0,AC Milan,ACF Fiorentina,2,1,H
544295,2025-10-19 19:00:00+00:00,PD,2025,REGULAR_SEASON,9.0,Getafe CF,Real Madrid CF,0,1,A
536883,2025-10-20 18:45:00+00:00,SA,2025,REGULAR_SEASON,7.0,US Cremonese,Udinese Calcio,1,1,D
544291,2025-10-20 19:00:00+00:00,PD,2025,REGULAR_SEASON,9.0,Deportivo Alavés,Valencia CF,0,0,D
537864,2025-10-20 19:00:00+00:00,PL,2025,REGULAR_SEASON,8.0,West Ham United FC,Brentford FC,0,2,A
552045,2025-10-21 16:45:00+00:00,CL,2025,LEAGUE_STAGE,3.0,FK Kairat,Paphos FC,0,0,D
551955,2025-10-21 16:45:00+00:00,CL,2025,LEAGUE_STAGE,3.0,FC Barcelona,PAE Olympiakos SFP,6,1,H
552048,2025-10-21 19:00:00+00:00,CL,2025,LEAGUE_STAGE,3.0,PSV,SSC Napoli,6,2,H
551945,2025-10-21 19:00:00+00:00,CL,2025,LEAGUE_STAGE,3.0,FC København,Borussia Dortmund,2,4,A
551960,2025-10-21 19:00:00+00:00,CL,2025,LEAGUE_STAGE,3.0,Bayer 04 Leverkusen,Paris Saint-Germain FC,2,7,A
551964,2025-10-21 19:00:00+00:00,CL,2025,LEAGUE_STAGE,3.0,Villarreal CF,Manchester City FC,0,2,A
551976,2025-10-21 19:00:00+00:00,CL,2025,LEAGUE_STAGE,3.0,Arsenal FC,Club Atlético de Madrid,4,0,H
551992,2025-10-21 19:00:00+00:00,CL,2025,LEAGUE_STAGE,3.0,Newcastle United FC,Sport Lisboa e Benfica,3,0,H
551938,2025-10-21 19:00:00+00:00,CL,2025,LEAGUE_STAGE,3.0,Royale Union Saint-Gilloise,FC Internazionale Milano,0,4,A
552040,2025-10-22 16:45:00+00:00,CL,2025,LEAGUE_STAGE,3.0,Athletic Club,Qarabağ Ağdam FK,3,1,H
552025,2025-10-22 16:45:00+00:00,CL,2025,LEAGUE_STAGE,3.0,Galatasaray SK,FK Bodø/Glimt,3,1,H
551984,2025-10-22 19:00:00+00:00,CL,2025,LEAGUE_STAGE,3.0,Atalanta BC,SK Slavia Praha,0,0,D
551947,2025-10-22 19:00:00+00:00,CL,2025,LEAGUE_STAGE,3.0,Eintracht Frankfurt,Liverpool FC,1,5,A
552016,2025-10-22 19:00:00+00:00,CL,2025,LEAGUE_STAGE,3.0,Sporting Clube de Portugal,Olympique de Marseille,2,1,H
551910,2025-10-22 19:00:00+00:00,CL,2025,LEAGUE_STAGE,3.0,FC Bayern München,Club Brugge KV,4,0,H
551925,2025-10-22 19:00:00+00:00,CL,2025,LEAGUE_STAGE,3.0,Real Madrid CF,Juventus FC,1,0,H
552022,2025-10-22 19:00:00+00:00,CL,2025,LEAGUE_STAGE,3.0,AS Monaco FC,Tottenham Hotspur FC,0,0,D
551919,2025-10-22 19:00:00+00:00,CL,2025,LEAGUE_STAGE,3.0,Chelsea FC,AFC Ajax,5,1,H
537522,2025-10-24 18:00:00+00:00,DED,2025,REGULAR_SEASON,10.0,SC Heerenveen,NAC Breda,3,3,D
540472,2025-10-24 18:30:00+00:00,BL1,2025,REGULAR_SEASON,8.0,SV Werder Bremen,1. FC Union Berlin,1,0,H
542480,2025-10-24 18:45:00+00:00,FL1,2025,REGULAR_SEASON,9.0,Paris FC,FC Nantes,1,2,A
536886,2025-10-24 18:45:00+00:00,SA,2025,REGULAR_SEASON,8.0,AC Milan,AC Pisa 1909,2,2,D
544303,2025-10-24 19:00:00+00:00,PD,2025,REGULAR_SEASON,10.0,Real Sociedad de Fútbol,Sevilla FC,2,1,H
537871,2025-10-24 19:00:00+00:00,PL,2025,REGULAR_SEASON,9.0,Leeds United FC,West Ham United FC,2,1,H
545774,2025-10-24 19:15:00+00:00,PPL,2025,REGULAR_SEASON,9.0,FC Alverca,Gil Vicente FC,0,4,A
544302,2025-10-25 12:00:00+00:00,PD,2025,REGULAR_SEASON,10.0,Girona FC,Real Oviedo,3,3,D
536893,2025-10-25 13:00:00+00:00,SA,2025,REGULAR_SEASON,8.0,Udinese Calcio,US Lecce,3,2,H
536890,2025-10-25 13:00:00+00:00,SA,2025,REGULAR_SEASON,8.0,Parma Calcio 1913,Como 1907,0,0,D
540475,2025-10-25 13:30:00+00:00,BL1,2025,REGULAR_SEASON,8.0,FC Augsburg,RB Leipzig,0,6,A
540477,2025-10-25 13:30:00+00:00,BL1,2025,REGULAR_SEASON,8.0,Hamburger SV,VfL Wolfsburg,0,1,A
540470,2025-10-25 13:30:00+00:00,BL1,2025,REGULAR_SEASON,8.0,Eintracht Frankfurt,FC St. Pauli 1910,2,0,H
540476,2025-10-25 13:30:00+00:00,BL1,2025,REGULAR_SEASON,8.0,TSG 1899 Hoffenheim,1. FC Heidenheim 1846,3,1,H
540474,2025-10-25 13:45:00+00:00,BL1,2025,REGULAR_SEASON,8.0,Borussia Mönchengladbach,FC Bayern München,0,3,A
537873,2025-10-25 14:00:00+00:00,PL,2025,REGULAR_SEASON,9.0,Newcastle United FC,Fulham FC,2,1,H
537869,2025-10-25 14:00:00+00:00,PL,2025,REGULAR_SEASON,9.0,Chelsea FC,Sunderland AFC,1,2,A
544309,2025-10-25 14:15:00+00:00,PD,2025,REGULAR_SEASON,10.0,RCD Espanyol de Barcelona,Elche CF,1,0,H
537523,2025-10-25 14:40:00+00:00,DED,2025,REGULAR_SEASON,10.0,Fortuna Sittard,FC Groningen,1,2,A
542485,2025-10-25 15:00:00+00:00,FL1,2025,REGULAR_SEASON,9.0,Stade Brestois 29,Paris Saint-Germain FC,0,3,A
536892,2025-10-25 16:00:00+00:00,SA,2025,REGULAR_SEASON,8.0,SSC Napoli,FC Internazionale Milano,3,1,H
540471,2025-10-25 16:30:00+00:00,BL1,2025,REGULAR_SEASON,8.0,Borussia Dortmund,1. FC Köln,1,0,H
544301,2025-10-25 16:30:00+00:00,PD,2025,REGULAR_SEASON,10.0,Athletic Club,Getafe CF,0,1,A
537872,2025-10-25 16:30:00+00:00,PL,2025,REGULAR_SEASON,9.0,Manchester United FC,Brighton & Hove Albion FC,4,2,H
537525,2025-10-25 16:45:00+00:00,DED,2025,REGULAR_SEASON,10.0,Sparta Rotterdam,Telstar 1963,1,0,H
545778,2025-10-25 17:00:00+00:00,PPL,2025,REGULAR_SEASON,9.0,CD Santa Clara,AVS,2,0,H
542479,2025-10-25 17:00:00+00:00,FL1,2025,REGULAR_SEASON,9.0,AS Monaco FC,Toulouse FC,1,0,H
537524,2025-10-25 18:00:00+00:00,DED,2025,REGULAR_SEASON,10.0,FC Volendam,Heracles Almelo,3,0,H
536894,2025-10-25 18:45:00+00:00,SA,2025,REGULAR_SEASON,8.0,US Cremonese,Atalanta BC,1,1,D
537868,2025-10-25 19:00:00+00:00,PL,2025,REGULAR_SEASON,9.0,Brentford FC,Liverpool FC,3,2,H
537526,2025-10-25 19:00:00+00:00,DED,2025,REGULAR_SEASON,10.0,PEC Zwolle,NEC,2,2,D
544304,2025-10-25 19:00:00+00:00,PD,2025,REGULAR_SEASON,10.0,Valencia CF,Villarreal CF,0,2,A
542483,2025-10-25 19:05:00+00:00,FL1,2025,REGULAR_SEASON,9.0,Racing Club de Lens,Olympique de Marseille,2,1,H
545773,2025-10-25 19:30:00+00:00,PPL,2025,REGULAR_SEASON,9.0,CF Estrela da Amadora,Rio Ave FC,1,2,A
545779,2025-10-25 19:30:00+00:00,PPL,2025,REGULAR_SEASON,9.0,Sport Lisboa e Benfica,FC Arouca,5,0,H
537527,2025-10-26 11:15:00+00:00,DED,2025,REGULAR_SEASON,10.0,FC Twente '65,AFC Ajax,2,3,A
536887,2025-10-26 11:30:00+00:00,SA,2025,REGULAR_SEASON,8.0,Torino FC,Genoa CFC,2,1,H
544310,2025-10-26 13:00:00+00:00,PD,2025,REGULAR_SEASON,10.0,RCD Mallorca,Levante UD,1,1,D
537528,2025-10-26 13:30:00+00:00,DED,2025,REGULAR_SEASON,10.0,Feyenoord Rotterdam,PSV,2,3,A
536891,2025-10-26 14:00:00+00:00,SA,2025,REGULAR_SEASON,8.0,US Sassuolo Calcio,AS Roma,0,1,A
542482,2025-10-26 14:00:00+00:00,FL1,2025,REGULAR_SEASON,9.0,Lille OSC,FC Metz,6,1,H
536888,2025-10-26 14:00:00+00:00,SA,2025,REGULAR_SEASON,8.0,Hellas Verona FC,Cagliari Calcio,2,2,D
537865,2025-10-26 14:00:00+00:00,PL,2025,REGULAR_SEASON,9.0,AFC Bournemouth,Nottingham Forest FC,2,0,H
537866,2025-10-26 14:00:00+00:00,PL,2025,REGULAR_SEASON,9.0,Aston Villa FC,Manchester City FC,1,0,H
537867,2025-10-26 14:00:00+00:00,PL,2025,REGULAR_SEASON,9.0,Arsenal FC,Crystal Palace FC,1,0,H
537874,2025-10-26 14:00:00+00:00,PL,2025,REGULAR_SEASON,9.0,Wolverhampton Wanderers FC,Burnley FC,2,3,A
540469,2025-10-26 14:30:00+00:00,BL1,2025,REGULAR_SEASON,8.0,Bayer 04 Leverkusen,SC Freiburg,2,0,H
544307,2025-10-26 15:15:00+00:00,PD,2025,REGULAR_SEASON,10.0,Real Madrid CF,FC Barcelona,2,1,H
545772,2025-10-26 15:30:00+00:00,PPL,2025,REGULAR_SEASON,9.0,GD Estoril Praia,CD Nacional,1,1,D
545775,2025-10-26 15:30:00+00:00,PPL,2025,REGULAR_SEASON,9.0,FC Famalicão,Vitória SC,2,0,H
537530,2025-10-26 15:45:00+00:00,DED,2025,REGULAR_SEASON,10.0,AZ,FC Utrecht,4,1,H
542484,2025-10-26 16:15:00+00:00,FL1,2025,REGULAR_SEASON,9.0,Angers SCO,FC Lorient,2,0,H
542478,2025-10-26 16:15:00+00:00,FL1,2025,REGULAR_SEASON,9.0,AJ Auxerre,Le Havre AC,0,1,A
542486,2025-10-26 16:15:00+00:00,FL1,2025,REGULAR_SEASON,9.0,Stade Rennais FC 1901,OGC Nice,1,2,A
537870,2025-10-26 16:30:00+00:00,PL,2025,REGULAR_SEASON,9.0,Everton FC,Tottenham Hotspur FC,0,3,A
540473,2025-10-26 16:30:00+00:00,BL1,2025,REGULAR_SEASON,8.0,VfB Stuttgart,1. FSV Mainz 05,2,1,H
536885,2025-10-26 17:00:00+00:00,SA,2025,REGULAR_SEASON,8.0,ACF Fiorentina,Bologna FC 1909,2,2,D
544308,2025-10-26 17:30:00+00:00,PD,2025,REGULAR_SEASON,10.0,CA Osasuna,RC Celta de Vigo,2,3,A
545780,2025-10-26 18:00:00+00:00,PPL,2025,REGULAR_SEASON,9.0,CD Tondela,Sporting Clube de Portugal,0,3,A
537529,2025-10-26 19:00:00+00:00,DED,2025,REGULAR_SEASON,10.0,Go Ahead Eagles,SBV Excelsior,2,0,H
536889,2025-10-26 19:45:00+00:00,SA,2025,REGULAR_SEASON,8.0,SS Lazio,Juventus FC,1,0,H
542481,2025-10-26 19:45:00+00:00,FL1,2025,REGULAR_SEASON,9.0,Olympique Lyonnais,RC Strasbourg Alsace,2,1,H
544305,2025-10-26 20:00:00+00:00,PD,2025,REGULAR_SEASON,10.0,Rayo Vallecano de Madrid,Deportivo Alavés,1,0,H
545777,2025-10-26 20:30:00+00:00,PPL,2025,REGULAR_SEASON,9.0,Sporting Clube de Braga,Casa Pia AC,4,0,H
544306,2025-10-27 20:00:00+00:00,PD,2025,REGULAR_SEASON,10.0,Real Betis Balompié,Club Atlético de Madrid,0,2,A
545776,2025-10-27 20:15:00+00:00,PPL,2025,REGULAR_SEASON,9.0,Moreirense FC,FC Porto,1,2,A
536904,2025-10-28 17:30:00+00:00,SA,2025,REGULAR_SEASON,9.0,US Lecce,SSC Napoli,0,1,A
536896,2025-10-28 19:45:00+00:00,SA,2025,REGULAR_SEASON,9.0,Atalanta BC,AC Milan,1,1,D
536895,2025-10-29 17:30:00+00:00,SA,2025,REGULAR_SEASON,9.0,AS Roma,Parma Calcio 1913,2,1,H
536899,2025-10-29 17:30:00+00:00,SA,2025,REGULAR_SEASON,9.0,Como 1907,Hellas Verona FC,3,1,H
536902,2025-10-29 17:30:00+00:00,SA,2025,REGULAR_SEASON,9.0,Juventus FC,Udinese Calcio,3,1,H
542487,2025-10-29 18:00:00+00:00,FL1,2025,REGULAR_SEASON,10.0,Le Havre AC,Stade Brestois 29,1,0,H
542489,2025-10-29 18:00:00+00:00,FL1,2025,REGULAR_SEASON,10.0,FC Metz,Racing Club de Lens,2,0,H
542488,2025-10-29 18:00:00+00:00,FL1,2025,REGULAR_SEASON,10.0,FC Lorient,Paris Saint-Germain FC,1,1,D
542493,2025-10-29 18:00:00+00:00,FL1,2025,REGULAR_SEASON,10.0,OGC Nice,Lille OSC,2,0,H
536901,2025-10-29 19:45:00+00:00,SA,2025,REGULAR_SEASON,9.0,FC Internazionale Milano,ACF Fiorentina,3,0,H
536900,2025-10-29 19:45:00+00:00,SA,2025,REGULAR_SEASON,9.0,Bologna FC 1909,Torino FC,0,0,D
536898,2025-10-29 19:45:00+00:00,SA,2025,REGULAR_SEASON,9.0,Genoa CFC,US Cremonese,0,2,A
542495,2025-10-29 20:05:00+00:00,FL1,2025,REGULAR_SEASON,10.0,RC Strasbourg Alsace,AJ Auxerre,3,0,H
542491,2025-10-29 20:05:00+00:00,FL1,2025,REGULAR_SEASON,10.0,Paris FC,Olympique Lyonnais,3,3,D
542490,2025-10-29 20:05:00+00:00,FL1,2025,REGULAR_SEASON,10.0,FC Nantes,AS Monaco FC,3,5,A
542494,2025-10-29 20:05:00+00:00,FL1,2025,REGULAR_SEASON,10.0,Olympique de Marseille,Angers SCO,2,2,D
542492,2025-10-29 20:05:00+00:00,FL1,2025,REGULAR_SEASON,10.0,Toulouse FC,Stade Rennais FC 1901,2,2,D
536897,2025-10-30 17:30:00+00:00,SA,2025,REGULAR_SEASON,9.0,Cagliari Calcio,US Sassuolo Calcio,1,2,A
536903,2025-10-30 19:45:00+00:00,SA,2025,REGULAR_SEASON,9.0,AC Pisa 1909,SS Lazio,0,0,D
537531,2025-10-31 19:00:00+00:00,DED,2025,REGULAR_SEASON,11.0,PSV,Fortuna Sittard,5,2,H
540482,2025-10-31 19:30:00+00:00,BL1,2025,REGULAR_SEASON,9.0,FC Augsburg,Borussia Dortmund,0,1,A
544315,2025-10-31 20:00:00+00:00,PD,2025,REGULAR_SEASON,11.0,Getafe CF,Girona FC,2,1,H
545785,2025-10-31 20:15:00+00:00,PPL,2025,REGULAR_SEASON,10.0,Sporting Clube de Portugal,FC Alverca,2,0,H
544320,2025-11-01 13:00:00+00:00,PD,2025,REGULAR_SEASON,11.0,Villarreal CF,Rayo Vallecano de Madrid,4,0,H
536913,2025-11-01 14:00:00+00:00,SA,2025,REGULAR_SEASON,10.0,Udinese Calcio,Atalanta BC,1,0,H
540483,2025-11-01 14:30:00+00:00,BL1,2025,REGULAR_SEASON,9.0,1. FC Union Berlin,SC Freiburg,0,0,D
540480,2025-11-01 14:30:00+00:00,BL1,2025,REGULAR_SEASON,9.0,RB Leipzig,VfB Stuttgart,3,1,H
540484,2025-11-01 14:30:00+00:00,BL1,2025,REGULAR_SEASON,9.0,FC St. Pauli 1910,Borussia Mönchengladbach,0,4,A
540485,2025-11-01 14:30:00+00:00,BL1,2025,REGULAR_SEASON,9.0,1. FC Heidenheim 1846,Eintracht Frankfurt,1,1,D
540479,2025-11-01 14:30:00+00:00,BL1,2025,REGULAR_SEASON,9.0,1. FSV Mainz 05,SV Werder Bremen,1,1,D
537877,2025-11-01 15:00:00+00:00,PL,2025,REGULAR_SEASON,10.0,Crystal Palace FC,Brentford FC,2,0,H
537876,2025-11-01 15:00:00+00:00,PL,2025,REGULAR_SEASON,10.0,Brighton & Hove Albion FC,Leeds United FC,3,0,H
537882,2025-11-01 15:00:00+00:00,PL,2025,REGULAR_SEASON,10.0,Nottingham Forest FC,Manchester United FC,2,2,D
537878,2025-11-01 15:00:00+00:00,PL,2025,REGULAR_SEASON,10.0,Burnley FC,Arsenal FC,0,2,A
537879,2025-11-01 15:00:00+00:00,PL,2025,REGULAR_SEASON,10.0,Fulham FC,Wolverhampton Wanderers FC,3,0,H
544312,2025-11-01 15:15:00+00:00,PD,2025,REGULAR_SEASON,11.0,Club Atlético de Madrid,Sevilla FC,3,0,H
545786,2025-11-01 15:30:00+00:00,PPL,2025,REGULAR_SEASON,10.0,CD Nacional,FC Famalicão,0,1,A
537534,2025-11-01 15:30:00+00:00,DED,2025,REGULAR_SEASON,11.0,AFC Ajax,SC Heerenveen,1,1,D
542501,2025-11-01 16:00:00+00:00,FL1,2025,REGULAR_SEASON,11.0,Paris Saint-Germain FC,OGC Nice,1,0,H
536912,2025-11-01 17:00:00+00:00,SA,2025,REGULAR_SEASON,10.0,SSC Napoli,Como 1907,0,0,D
540478,2025-11-01 17:30:00+00:00,BL1,2025,REGULAR_SEASON,9.0,FC Bayern München,Bayer 04 Leverkusen,3,0,H
537883,2025-11-01 17:30:00+00:00,PL,2025,REGULAR_SEASON,10.0,Tottenham Hotspur FC,Chelsea FC,0,1,A
544317,2025-11-01 17:30:00+00:00,PD,2025,REGULAR_SEASON,11.0,Real Sociedad de Fútbol,Athletic Club,3,2,H
537533,2025-11-01 17:45:00+00:00,DED,2025,REGULAR_SEASON,11.0,NAC Breda,Go Ahead Eagles,1,0,H
545782,2025-11-01 18:00:00+00:00,PPL,2025,REGULAR_SEASON,10.0,Casa Pia AC,CF Estrela da Amadora,3,5,A
545784,2025-11-01 18:00:00+00:00,PPL,2025,REGULAR_SEASON,10.0,Rio Ave FC,GD Estoril Praia,0,4,A
542497,2025-11-01 18:00:00+00:00,FL1,2025,REGULAR_SEASON,11.0,AS Monaco FC,Paris FC,0,1,A
537532,2025-11-01 19:00:00+00:00,DED,2025,REGULAR_SEASON,11.0,Feyenoord Rotterdam,FC Volendam,3,1,H
536914,2025-11-01 19:45:00+00:00,SA,2025,REGULAR_SEASON,10.0,US Cremonese,Juventus FC,1,2,A
537880,2025-11-01 20:00:00+00:00,PL,2025,REGULAR_SEASON,10.0,Liverpool FC,Aston Villa FC,2,0,H
544316,2025-11-01 20:00:00+00:00,PD,2025,REGULAR_SEASON,11.0,Real Madrid CF,Valencia CF,4,0,H
537535,2025-11-01 20:00:00+00:00,DED,2025,REGULAR_SEASON,11.0,Telstar 1963,SBV Excelsior,2,2,D
542496,2025-11-01 20:05:00+00:00,FL1,2025,REGULAR_SEASON,11.0,AJ Auxerre,Olympique de Marseille,0,1,A
545789,2025-11-01 20:30:00+00:00,PPL,2025,REGULAR_SEASON,10.0,Vitória SC,Sport Lisboa e Benfica,0,3,A
537536,2025-11-02 11:15:00+00:00,DED,2025,REGULAR_SEASON,11.0,Heracles Almelo,PEC Zwolle,8,2,H
536908,2025-11-02 11:30:00+00:00,SA,2025,REGULAR_SEASON,10.0,Hellas Verona FC,FC Internazionale Milano,1,2,A
544318,2025-11-02 13:00:00+00:00,PD,2025,REGULAR_SEASON,11.0,Levante UD,RC Celta de Vigo,1,2,A
537537,2025-11-02 13:30:00+00:00,DED,2025,REGULAR_SEASON,11.0,FC Groningen,FC Twente '65,1,1,D
537538,2025-11-02 13:30:00+00:00,DED,2025,REGULAR_SEASON,11.0,Sparta Rotterdam,AZ,0,1,A
537884,2025-11-02 14:00:00+00:00,PL,2025,REGULAR_SEASON,10.0,West Ham United FC,Newcastle United FC,3,1,H
542504,2025-11-02 14:00:00+00:00,FL1,2025,REGULAR_SEASON,11.0,Stade Rennais FC 1901,RC Strasbourg Alsace,4,1,H
536905,2025-11-02 14:00:00+00:00,SA,2025,REGULAR_SEASON,10.0,ACF Fiorentina,US Lecce,0,1,A
536907,2025-11-02 14:00:00+00:00,SA,2025,REGULAR_SEASON,10.0,Torino FC,AC Pisa 1909,2,2,D
540486,2025-11-02 14:30:00+00:00,BL1,2025,REGULAR_SEASON,9.0,1. FC Köln,Hamburger SV,4,1,H
544311,2025-11-02 15:15:00+00:00,PD,2025,REGULAR_SEASON,11.0,Deportivo Alavés,RCD Espanyol de Barcelona,2,1,H
545781,2025-11-02 15:30:00+00:00,PPL,2025,REGULAR_SEASON,10.0,AVS,CD Tondela,2,2,D
537539,2025-11-02 15:45:00+00:00,DED,2025,REGULAR_SEASON,11.0,FC Utrecht,NEC,1,0,H
542500,2025-11-02 16:15:00+00:00,FL1,2025,REGULAR_SEASON,11.0,Lille OSC,Angers SCO,1,0,H
542502,2025-11-02 16:15:00+00:00,FL1,2025,REGULAR_SEASON,11.0,Racing Club de Lens,FC Lorient,3,0,H
542499,2025-11-02 16:15:00+00:00,FL1,2025,REGULAR_SEASON,11.0,Toulouse FC,Le Havre AC,0,0,D
542498,2025-11-02 16:15:00+00:00,FL1,2025,REGULAR_SEASON,11.0,FC Nantes,FC Metz,0,2,A
537881,2025-11-02 16:30:00+00:00,PL,2025,REGULAR_SEASON,10.0,Manchester City FC,AFC Bournemouth,3,1,H
540481,2025-11-02 16:30:00+00:00,BL1,2025,REGULAR_SEASON,9.0,VfL Wolfsburg,TSG 1899 Hoffenheim,2,3,A
536910,2025-11-02 17:00:00+00:00,SA,2025,REGULAR_SEASON,10.0,Parma Calcio 1913,Bologna FC 1909,1,3,A
544313,2025-11-02 17:30:00+00:00,PD,2025,REGULAR_SEASON,11.0,FC Barcelona,Elche CF,3,1,H
545783,2025-11-02 18:00:00+00:00,PPL,2025,REGULAR_SEASON,10.0,FC Arouca,Moreirense FC,0,2,A
536906,2025-11-02 19:45:00+00:00,SA,2025,REGULAR_SEASON,10.0,AC Milan,AS Roma,1,0,H
542503,2025-11-02 19:45:00+00:00,FL1,2025,REGULAR_SEASON,11.0,Stade Brestois 29,Olympique Lyonnais,0,0,D
544314,2025-11-02 20:00:00+00:00,PD,2025,REGULAR_SEASON,11.0,Real Betis Balompié,RCD Mallorca,3,0,H
545788,2025-11-02 20:30:00+00:00,PPL,2025,REGULAR_SEASON,10.0,FC Porto,Sporting Clube de Braga,2,1,H
536911,2025-11-03 17:30:00+00:00,SA,2025,REGULAR_SEASON,10.0,US Sassuolo Calcio,Genoa CFC,1,2,A
536909,2025-11-03 19:45:00+00:00,SA,2025,REGULAR_SEASON,10.0,SS Lazio,Cagliari Calcio,2,0,H
544319,2025-11-03 20:00:00+00:00,PD,2025,REGULAR_SEASON,11.0,Real Oviedo,CA Osasuna,0,0,D
537875,2025-11-03 20:00:00+00:00,PL,2025,REGULAR_SEASON,10.0,Sunderland AFC,Everton FC,1,1,D
545787,2025-11-03 20:45:00+00:00,PPL,2025,REGULAR_SEASON,10.0,Gil Vicente FC,CD Santa Clara,1,0,H
551999,2025-11-04 17:45:00+00:00,CL,2025,LEAGUE_STAGE,4.0,SSC Napoli,Eintracht Frankfurt,0,0,D
551979,2025-11-04 17:45:00+00:00,CL,2025,LEAGUE_STAGE,4.0,SK Slavia Praha,Arsenal FC,0,3,A
551924,2025-11-04 20:00:00+00:00,CL,2025,LEAGUE_STAGE,4.0,Liverpool FC,Real Madrid CF,1,0,H
551909,2025-11-04 20:00:00+00:00,CL,2025,LEAGUE_STAGE,4.0,Paris Saint-Germain FC,FC Bayern München,1,2,A
552029,2025-11-04 20:00:00+00:00,CL,2025,LEAGUE_STAGE,4.0,PAE Olympiakos SFP,PSV,1,1,D
552024,2025-11-04 20:00:00+00:00,CL,2025,LEAGUE_STAGE,4.0,FK Bodø/Glimt,AS Monaco FC,0,1,A
552021,2025-11-04 20:00:00+00:00,CL,2025,LEAGUE_STAGE,4.0,Tottenham Hotspur FC,FC København,4,0,H
552009,2025-11-04 20:00:00+00:00,CL,2025,LEAGUE_STAGE,4.0,Club Atlético de Madrid,Royale Union Saint-Gilloise,3,1,H
552003,2025-11-04 20:00:00+00:00,CL,2025,LEAGUE_STAGE,4.0,Juventus FC,Sporting Clube de Portugal,1,1,D
551922,2025-11-05 17:45:00+00:00,CL,2025,LEAGUE_STAGE,4.0,Qarabağ Ağdam FK,Chelsea FC,2,2,D
552014,2025-11-05 17:45:00+00:00,CL,2025,LEAGUE_STAGE,4.0,Paphos FC,Villarreal CF,1,0,H
552047,2025-11-05 20:00:00+00:00,CL,2025,LEAGUE_STAGE,4.0,Newcastle United FC,Athletic Club,2,0,H
551985,2025-11-05 20:00:00+00:00,CL,2025,LEAGUE_STAGE,4.0,Olympique de Marseille,Atalanta BC,0,1,A
551954,2025-11-05 20:00:00+00:00,CL,2025,LEAGUE_STAGE,4.0,Club Brugge KV,FC Barcelona,3,3,D
551939,2025-11-05 20:00:00+00:00,CL,2025,LEAGUE_STAGE,4.0,Manchester City FC,Borussia Dortmund,4,1,H
551937,2025-11-05 20:00:00+00:00,CL,2025,LEAGUE_STAGE,4.0,FC Internazionale Milano,FK Kairat,2,1,H
551971,2025-11-05 20:00:00+00:00,CL,2025,LEAGUE_STAGE,4.0,Sport Lisboa e Benfica,Bayer 04 Leverkusen,0,1,A
552033,2025-11-05 20:00:00+00:00,CL,2025,LEAGUE_STAGE,4.0,AFC Ajax,Galatasaray SK,0,3,A
537540,2025-11-07 19:00:00+00:00,DED,2025,REGULAR_SEASON,12.0,FC Twente '65,Telstar 1963,0,0,D
540490,2025-11-07 19:30:00+00:00,BL1,2025,REGULAR_SEASON,10.0,SV Werder Bremen,VfL Wolfsburg,2,1,H
542509,2025-11-07 19:45:00+00:00,FL1,2025,REGULAR_SEASON,12.0,Paris FC,Stade Rennais FC 1901,0,1,A
536923,2025-11-07 19:45:00+00:00,SA,2025,REGULAR_SEASON,11.0,AC Pisa 1909,US Cremonese,1,0,H
544323,2025-11-07 20:00:00+00:00,PD,2025,REGULAR_SEASON,12.0,Elche CF,Real Sociedad de Fútbol,1,1,D
545797,2025-11-07 20:15:00+00:00,PPL,2025,REGULAR_SEASON,11.0,GD Estoril Praia,FC Arouca,4,3,H
537893,2025-11-08 12:30:00+00:00,PL,2025,REGULAR_SEASON,11.0,Tottenham Hotspur FC,Manchester United FC,2,2,D
544326,2025-11-08 13:00:00+00:00,PD,2025,REGULAR_SEASON,12.0,Girona FC,Deportivo Alavés,1,0,H
536924,2025-11-08 14:00:00+00:00,SA,2025,REGULAR_SEASON,11.0,US Lecce,Hellas Verona FC,0,0,D
536918,2025-11-08 14:00:00+00:00,SA,2025,REGULAR_SEASON,11.0,Como 1907,Cagliari Calcio,0,0,D
540494,2025-11-08 14:30:00+00:00,BL1,2025,REGULAR_SEASON,10.0,TSG 1899 Hoffenheim,RB Leipzig,3,1,H
540487,2025-11-08 14:30:00+00:00,BL1,2025,REGULAR_SEASON,10.0,Bayer 04 Leverkusen,1. FC Heidenheim 1846,6,0,H
540493,2025-11-08 14:30:00+00:00,BL1,2025,REGULAR_SEASON,10.0,1. FC Union Berlin,FC Bayern München,2,2,D
540495,2025-11-08 14:30:00+00:00,BL1,2025,REGULAR_SEASON,10.0,Hamburger SV,Borussia Dortmund,1,1,D
537890,2025-11-08 15:00:00+00:00,PL,2025,REGULAR_SEASON,11.0,Everton FC,Fulham FC,2,0,H
537894,2025-11-08 15:00:00+00:00,PL,2025,REGULAR_SEASON,11.0,West Ham United FC,Burnley FC,3,2,H
544330,2025-11-08 15:15:00+00:00,PD,2025,REGULAR_SEASON,12.0,Sevilla FC,CA Osasuna,1,0,H
537541,2025-11-08 15:30:00+00:00,DED,2025,REGULAR_SEASON,12.0,SBV Excelsior,Heracles Almelo,1,2,A
545792,2025-11-08 15:30:00+00:00,PPL,2025,REGULAR_SEASON,11.0,FC Alverca,Rio Ave FC,1,1,D
542511,2025-11-08 16:00:00+00:00,FL1,2025,REGULAR_SEASON,12.0,Olympique de Marseille,Stade Brestois 29,3,0,H
536921,2025-11-08 17:00:00+00:00,SA,2025,REGULAR_SEASON,11.0,Juventus FC,Torino FC,0,0,D
540492,2025-11-08 17:30:00+00:00,BL1,2025,REGULAR_SEASON,10.0,Borussia Mönchengladbach,1. FC Köln,3,1,H
544322,2025-11-08 17:30:00+00:00,PD,2025,REGULAR_SEASON,12.0,Club Atlético de Madrid,Levante UD,3,1,H
537885,2025-11-08 17:30:00+00:00,PL,2025,REGULAR_SEASON,11.0,Sunderland AFC,Arsenal FC,2,2,D
537542,2025-11-08 17:45:00+00:00,DED,2025,REGULAR_SEASON,12.0,FC Volendam,NAC Breda,2,1,H
545798,2025-11-08 18:00:00+00:00,PPL,2025,REGULAR_SEASON,11.0,CD Tondela,Vitória SC,0,1,A
542505,2025-11-08 18:00:00+00:00,FL1,2025,REGULAR_SEASON,12.0,Le Havre AC,FC Nantes,1,1,D
537543,2025-11-08 19:00:00+00:00,DED,2025,REGULAR_SEASON,12.0,Fortuna Sittard,SC Heerenveen,2,0,H
536922,2025-11-08 19:45:00+00:00,SA,2025,REGULAR_SEASON,11.0,Parma Calcio 1913,AC Milan,2,2,D
544324,2025-11-08 20:00:00+00:00,PD,2025,REGULAR_SEASON,12.0,RCD Espanyol de Barcelona,Villarreal CF,0,2,A
537889,2025-11-08 20:00:00+00:00,PL,2025,REGULAR_SEASON,11.0,Chelsea FC,Wolverhampton Wanderers FC,3,0,H
537544,2025-11-08 20:00:00+00:00,DED,2025,REGULAR_SEASON,12.0,PEC Zwolle,Sparta Rotterdam,1,0,H
542506,2025-11-08 20:05:00+00:00,FL1,2025,REGULAR_SEASON,12.0,AS Monaco FC,Racing Club de Lens,1,4,A
545794,2025-11-08 20:30:00+00:00,PPL,2025,REGULAR_SEASON,11.0,CD Santa Clara,Sporting Clube de Portugal,1,2,A
537545,2025-11-09 11:15:00+00:00,DED,2025,REGULAR_SEASON,12.0,FC Utrecht,AFC Ajax,2,1,H
536916,2025-11-09 11:30:00+00:00,SA,2025,REGULAR_SEASON,11.0,Atalanta BC,US Sassuolo Calcio,0,3,A
544321,2025-11-09 13:00:00+00:00,PD,2025,REGULAR_SEASON,12.0,Athletic Club,Real Oviedo,1,0,H
537547,2025-11-09 13:30:00+00:00,DED,2025,REGULAR_SEASON,12.0,NEC,FC Groningen,2,0,H
536917,2025-11-09 14:00:00+00:00,SA,2025,REGULAR_SEASON,11.0,Genoa CFC,ACF Fiorentina,2,2,D
536919,2025-11-09 14:00:00+00:00,SA,2025,REGULAR_SEASON,11.0,Bologna FC 1909,SSC Napoli,2,0,H
542507,2025-11-09 14:00:00+00:00,FL1,2025,REGULAR_SEASON,12.0,FC Lorient,Toulouse FC,1,1,D
537892,2025-11-09 14:00:00+00:00,PL,2025,REGULAR_SEASON,11.0,Nottingham Forest FC,Leeds United FC,3,1,H
537888,2025-11-09 14:00:00+00:00,PL,2025,REGULAR_SEASON,11.0,Brentford FC,Newcastle United FC,3,1,H
537887,2025-11-09 14:00:00+00:00,PL,2025,REGULAR_SEASON,11.0,Crystal Palace FC,Brighton & Hove Albion FC,0,0,D
537886,2025-11-09 14:00:00+00:00,PL,2025,REGULAR_SEASON,11.0,Aston Villa FC,AFC Bournemouth,4,0,H
540489,2025-11-09 14:30:00+00:00,BL1,2025,REGULAR_SEASON,10.0,SC Freiburg,FC St. Pauli 1910,2,1,H
544325,2025-11-09 15:15:00+00:00,PD,2025,REGULAR_SEASON,12.0,Rayo Vallecano de Madrid,Real Madrid CF,0,0,D
545791,2025-11-09 15:30:00+00:00,PPL,2025,REGULAR_SEASON,11.0,CF Estrela da Amadora,CD Nacional,1,1,D
545790,2025-11-09 15:30:00+00:00,PPL,2025,REGULAR_SEASON,11.0,AVS,Gil Vicente FC,1,1,D
537546,2025-11-09 15:45:00+00:00,DED,2025,REGULAR_SEASON,12.0,AZ,PSV,1,5,A
542513,2025-11-09 16:15:00+00:00,FL1,2025,REGULAR_SEASON,12.0,Angers SCO,AJ Auxerre,2,0,H
542512,2025-11-09 16:15:00+00:00,FL1,2025,REGULAR_SEASON,12.0,RC Strasbourg Alsace,Lille OSC,2,0,H
542508,2025-11-09 16:15:00+00:00,FL1,2025,REGULAR_SEASON,12.0,FC Metz,OGC Nice,2,1,H
540491,2025-11-09 16:30:00+00:00,BL1,2025,REGULAR_SEASON,10.0,VfB Stuttgart,FC Augsburg,3,2,H
537891,2025-11-09 16:30:00+00:00,PL,2025,REGULAR_SEASON,11.0,Manchester City FC,Liverpool FC,3,0,H
536915,2025-11-09 17:00:00+00:00,SA,2025,REGULAR_SEASON,11.0,AS Roma,Udinese Calcio,2,0,H
544329,2025-11-09 17:30:00+00:00,PD,2025,REGULAR_SEASON,12.0,RCD Mallorca,Getafe CF,1,0,H
544328,2025-11-09 17:30:00+00:00,PD,2025,REGULAR_SEASON,12.0,Valencia CF,Real Betis Balompié,1,1,D
545793,2025-11-09 18:00:00+00:00,PPL,2025,REGULAR_SEASON,11.0,FC Famalicão,FC Porto,0,1,A
540488,2025-11-09 18:30:00+00:00,BL1,2025,REGULAR_SEASON,10.0,Eintracht Frankfurt,1. FSV Mainz 05,1,0,H
537548,2025-11-09 19:00:00+00:00,DED,2025,REGULAR_SEASON,12.0,Go Ahead Eagles,Feyenoord Rotterdam,2,1,H
542510,2025-11-09 19:45:00+00:00,FL1,2025,REGULAR_SEASON,12.0,Olympique Lyonnais,Paris Saint-Germain FC,2,3,A
536920,2025-11-09 19:45:00+00:00,SA,2025,REGULAR_SEASON,11.0,FC Internazionale Milano,SS Lazio,2,0,H
544327,2025-11-09 20:00:00+00:00,PD,2025,REGULAR_SEASON,12.0,RC Celta de Vigo,FC Barcelona,2,4,A
545795,2025-11-09 20:30:00+00:00,PPL,2025,REGULAR_SEASON,11.0,Sporting Clube de Braga,Moreirense FC,2,1,H
545796,2025-11-09 20:30:00+00:00,PPL,2025,REGULAR_SEASON,11.0,Sport Lisboa e Benfica,Casa Pia AC,2,2,D
540498,2025-11-21 19:30:00+00:00,BL1,2025,REGULAR_SEASON,11.0,1. FSV Mainz 05,TSG 1899 Hoffenheim,1,1,D
542517,2025-11-21 19:45:00+00:00,FL1,2025,REGULAR_SEASON,13.0,OGC Nice,Olympique de Marseille,1,5,A
544339,2025-11-21 20:00:00+00:00,PD,2025,REGULAR_SEASON,13.0,Valencia CF,Levante UD,1,0,H
537898,2025-11-22 12:30:00+00:00,PL,2025,REGULAR_SEASON,12.0,Burnley FC,Chelsea FC,0,2,A
544331,2025-11-22 13:00:00+00:00,PD,2025,REGULAR_SEASON,13.0,Deportivo Alavés,RC Celta de Vigo,0,1,A
536926,2025-11-22 14:00:00+00:00,SA,2025,REGULAR_SEASON,12.0,Cagliari Calcio,Genoa CFC,3,3,D
536933,2025-11-22 14:00:00+00:00,SA,2025,REGULAR_SEASON,12.0,Udinese Calcio,Bologna FC 1909,0,3,A
540496,2025-11-22 14:30:00+00:00,BL1,2025,REGULAR_SEASON,11.0,FC Bayern München,SC Freiburg,6,2,H
540501,2025-11-22 14:30:00+00:00,BL1,2025,REGULAR_SEASON,11.0,FC Augsburg,Hamburger SV,1,0,H
540497,2025-11-22 14:30:00+00:00,BL1,2025,REGULAR_SEASON,11.0,Borussia Dortmund,VfB Stuttgart,3,3,D
540503,2025-11-22 14:30:00+00:00,BL1,2025,REGULAR_SEASON,11.0,1. FC Heidenheim 1846,Borussia Mönchengladbach,0,3,A
540500,2025-11-22 14:30:00+00:00,BL1,2025,REGULAR_SEASON,11.0,VfL Wolfsburg,Bayer 04 Leverkusen,1,3,A
537904,2025-11-22 15:00:00+00:00,PL,2025,REGULAR_SEASON,12.0,Wolverhampton Wanderers FC,Crystal Palace FC,0,2,A
537900,2025-11-22 15:00:00+00:00,PL,2025,REGULAR_SEASON,12.0,Liverpool FC,Nottingham Forest FC,0,3,A
537899,2025-11-22 15:00:00+00:00,PL,2025,REGULAR_SEASON,12.0,Fulham FC,Sunderland AFC,1,0,H
537896,2025-11-22 15:00:00+00:00,PL,2025,REGULAR_SEASON,12.0,Brighton & Hove Albion FC,Brentford FC,2,1,H
537895,2025-11-22 15:00:00+00:00,PL,2025,REGULAR_SEASON,12.0,AFC Bournemouth,West Ham United FC,2,2,D
544337,2025-11-22 15:15:00+00:00,PD,2025,REGULAR_SEASON,13.0,FC Barcelona,Athletic Club,4,0,H
537554,2025-11-22 15:30:00+00:00,DED,2025,REGULAR_SEASON,13.0,NAC Breda,PSV,0,1,A
542520,2025-11-22 16:00:00+00:00,FL1,2025,REGULAR_SEASON,13.0,Racing Club de Lens,RC Strasbourg Alsace,1,0,H
536925,2025-11-22 17:00:00+00:00,SA,2025,REGULAR_SEASON,12.0,ACF Fiorentina,Juventus FC,1,1,D
537903,2025-11-22 17:30:00+00:00,PL,2025,REGULAR_SEASON,12.0,Newcastle United FC,Manchester City FC,2,1,H
544335,2025-11-22 17:30:00+00:00,PD,2025,REGULAR_SEASON,13.0,CA Osasuna,Real Sociedad de Fútbol,1,3,A
540504,2025-11-22 17:30:00+00:00,BL1,2025,REGULAR_SEASON,11.0,1. FC Köln,Eintracht Frankfurt,3,4,A
537551,2025-11-22 17:45:00+00:00,DED,2025,REGULAR_SEASON,13.0,FC Volendam,FC Twente '65,1,1,D
537549,2025-11-22 17:45:00+00:00,DED,2025,REGULAR_SEASON,13.0,AFC Ajax,SBV Excelsior,1,2,A
542522,2025-11-22 18:00:00+00:00,FL1,2025,REGULAR_SEASON,13.0,Stade Rennais FC 1901,AS Monaco FC,4,1,H
536932,2025-11-22 19:45:00+00:00,SA,2025,REGULAR_SEASON,12.0,SSC Napoli,Atalanta BC,3,1,H
537556,2025-11-22 20:00:00+00:00,DED,2025,REGULAR_SEASON,13.0,Sparta Rotterdam,Fortuna Sittard,1,1,D
537553,2025-11-22 20:00:00+00:00,DED,2025,REGULAR_SEASON,13.0,Heracles Almelo,Go Ahead Eagles,4,2,H
544340,2025-11-22 20:00:00+00:00,PD,2025,REGULAR_SEASON,13.0,Villarreal CF,RCD Mallorca,2,1,H
542519,2025-11-22 20:05:00+00:00,FL1,2025,REGULAR_SEASON,13.0,Paris Saint-Germain FC,Le Havre AC,3,0,H
537555,2025-11-23 11:15:00+00:00,DED,2025,REGULAR_SEASON,13.0,SC Heerenveen,AZ,3,1,H
536928,2025-11-23 11:30:00+00:00,SA,2025,REGULAR_SEASON,12.0,Hellas Verona FC,Parma Calcio 1913,1,2,A
544336,2025-11-23 13:00:00+00:00,PD,2025,REGULAR_SEASON,13.0,Real Oviedo,Rayo Vallecano de Madrid,0,0,D
537557,2025-11-23 13:30:00+00:00,DED,2025,REGULAR_SEASON,13.0,Telstar 1963,FC Utrecht,1,1,D
537552,2025-11-23 13:30:00+00:00,DED,2025,REGULAR_SEASON,13.0,Feyenoord Rotterdam,NEC,2,4,A
536934,2025-11-23 14:00:00+00:00,SA,2025,REGULAR_SEASON,12.0,US Cremonese,AS Roma,1,3,A
537901,2025-11-23 14:00:00+00:00,PL,2025,REGULAR_SEASON,12.0,Leeds United FC,Aston Villa FC,1,2,A
542514,2025-11-23 14:00:00+00:00,FL1,2025,REGULAR_SEASON,13.0,AJ Auxerre,Olympique Lyonnais,0,0,D
540499,2025-11-23 14:30:00+00:00,BL1,2025,REGULAR_SEASON,11.0,RB Leipzig,SV Werder Bremen,2,0,H
544332,2025-11-23 15:15:00+00:00,PD,2025,REGULAR_SEASON,13.0,Real Betis Balompié,Girona FC,1,1,D
537550,2025-11-23 15:45:00+00:00,DED,2025,REGULAR_SEASON,13.0,FC Groningen,PEC Zwolle,2,2,D
542521,2025-11-23 16:15:00+00:00,FL1,2025,REGULAR_SEASON,13.0,Stade Brestois 29,FC Metz,3,2,H
542516,2025-11-23 16:15:00+00:00,FL1,2025,REGULAR_SEASON,13.0,Toulouse FC,Angers SCO,0,1,A
542515,2025-11-23 16:15:00+00:00,FL1,2025,REGULAR_SEASON,13.0,FC Nantes,FC Lorient,1,1,D
537897,2025-11-23 16:30:00+00:00,PL,2025,REGULAR_SEASON,12.0,Arsenal FC,Tottenham Hotspur FC,4,1,H
540502,2025-11-23 16:30:00+00:00,BL1,2025,REGULAR_SEASON,11.0,FC St. Pauli 1910,1. FC Union Berlin,0,1,A
536930,2025-11-23 17:00:00+00:00,SA,2025,REGULAR_SEASON,12.0,SS Lazio,US Lecce,2,0,H
544338,2025-11-23 17:30:00+00:00,PD,2025,REGULAR_SEASON,13.0,Getafe CF,Club Atlético de Madrid,0,1,A
542518,2025-11-23 19:45:00+00:00,FL1,2025,REGULAR_SEASON,13.0,Lille OSC,Paris FC,4,2,H
536929,2025-11-23 19:45:00+00:00,SA,2025,REGULAR_SEASON,12.0,FC Internazionale Milano,AC Milan,0,1,A
544333,2025-11-23 20:00:00+00:00,PD,2025,REGULAR_SEASON,13.0,Elche CF,Real Madrid CF,2,2,D
536927,2025-11-24 17:30:00+00:00,SA,2025,REGULAR_SEASON,12.0,Torino FC,Como 1907,1,5,A
536931,2025-11-24 19:45:00+00:00,SA,2025,REGULAR_SEASON,12.0,US Sassuolo Calcio,AC Pisa 1909,2,2,D
544334,2025-11-24 20:00:00+00:00,PD,2025,REGULAR_SEASON,13.0,RCD Espanyol de Barcelona,Sevilla FC,2,1,H
537902,2025-11-24 20:00:00+00:00,PL,2025,REGULAR_SEASON,12.0,Manchester United FC,Everton FC,0,1,A
552043,2025-11-25 17:45:00+00:00,CL,2025,LEAGUE_STAGE,5.0,Galatasaray SK,Royale Union Saint-Gilloise,0,1,A
551990,2025-11-25 17:45:00+00:00,CL,2025,LEAGUE_STAGE,5.0,AFC Ajax,Sport Lisboa e Benfica,0,2,A
551940,2025-11-25 20:00:00+00:00,CL,2025,LEAGUE_STAGE,5.0,Borussia Dortmund,Villarreal CF,4,0,H
551963,2025-11-25 20:00:00+00:00,CL,2025,LEAGUE_STAGE,5.0,Manchester City FC,Bayer 04 Leverkusen,0,2,A
552004,2025-11-25 20:00:00+00:00,CL,2025,LEAGUE_STAGE,5.0,FK Bodø/Glimt,Juventus FC,2,3,A
552017,2025-11-25 20:00:00+00:00,CL,2025,LEAGUE_STAGE,5.0,Olympique de Marseille,Newcastle United FC,2,1,H
552035,2025-11-25 20:00:00+00:00,CL,2025,LEAGUE_STAGE,5.0,SK Slavia Praha,Athletic Club,0,0,D
552037,2025-11-25 20:00:00+00:00,CL,2025,LEAGUE_STAGE,5.0,SSC Napoli,Qarabağ Ağdam FK,2,0,H
551916,2025-11-25 20:00:00+00:00,CL,2025,LEAGUE_STAGE,5.0,Chelsea FC,FC Barcelona,3,0,H
552042,2025-11-26 17:45:00+00:00,CL,2025,LEAGUE_STAGE,5.0,Paphos FC,AS Monaco FC,2,2,D
552046,2025-11-26 17:45:00+00:00,CL,2025,LEAGUE_STAGE,5.0,FC København,FK Kairat,3,2,H
551961,2025-11-26 20:00:00+00:00,CL,2025,LEAGUE_STAGE,5.0,Paris Saint-Germain FC,Tottenham Hotspur FC,5,3,H
551948,2025-11-26 20:00:00+00:00,CL,2025,LEAGUE_STAGE,5.0,Liverpool FC,PSV,1,4,A
551983,2025-11-26 20:00:00+00:00,CL,2025,LEAGUE_STAGE,5.0,Eintracht Frankfurt,Atalanta BC,0,3,A
551994,2025-11-26 20:00:00+00:00,CL,2025,LEAGUE_STAGE,5.0,Sporting Clube de Portugal,Club Brugge KV,3,0,H
551911,2025-11-26 20:00:00+00:00,CL,2025,LEAGUE_STAGE,5.0,Arsenal FC,FC Bayern München,3,1,H
551928,2025-11-26 20:00:00+00:00,CL,2025,LEAGUE_STAGE,5.0,PAE Olympiakos SFP,Real Madrid CF,3,4,A
551934,2025-11-26 20:00:00+00:00,CL,2025,LEAGUE_STAGE,5.0,Club Atlético de Madrid,FC Internazionale Milano,2,1,H
537563,2025-11-28 19:00:00+00:00,DED,2025,REGULAR_SEASON,14.0,PEC Zwolle,SC Heerenveen,2,1,H
540510,2025-11-28 19:30:00+00:00,BL1,2025,REGULAR_SEASON,12.0,Borussia Mönchengladbach,RB Leipzig,0,0,D
536939,2025-11-28 19:45:00+00:00,SA,2025,REGULAR_SEASON,13.0,Como 1907,US Sassuolo Calcio,2,0,H
542526,2025-11-28 19:45:00+00:00,FL1,2025,REGULAR_SEASON,14.0,FC Metz,Stade Rennais FC 1901,0,1,A
544350,2025-11-28 20:00:00+00:00,PD,2025,REGULAR_SEASON,14.0,Getafe CF,Elche CF,1,0,H
545801,2025-11-28 20:15:00+00:00,PPL,2025,REGULAR_SEASON,12.0,Vitória SC,AVS,4,0,H
544344,2025-11-29 13:00:00+00:00,PD,2025,REGULAR_SEASON,14.0,RCD Mallorca,CA Osasuna,2,2,D
536938,2025-11-29 14:00:00+00:00,SA,2025,REGULAR_SEASON,13.0,Genoa CFC,Hellas Verona FC,2,1,H
536942,2025-11-29 14:00:00+00:00,SA,2025,REGULAR_SEASON,13.0,Parma Calcio 1913,Udinese Calcio,0,2,A
540505,2025-11-29 14:30:00+00:00,BL1,2025,REGULAR_SEASON,12.0,FC Bayern München,FC St. Pauli 1910,3,1,H
540509,2025-11-29 14:30:00+00:00,BL1,2025,REGULAR_SEASON,12.0,SV Werder Bremen,1. FC Köln,1,1,D
540511,2025-11-29 14:30:00+00:00,BL1,2025,REGULAR_SEASON,12.0,1. FC Union Berlin,1. FC Heidenheim 1846,1,2,A
540512,2025-11-29 14:30:00+00:00,BL1,2025,REGULAR_SEASON,12.0,TSG 1899 Hoffenheim,FC Augsburg,3,0,H
537908,2025-11-29 15:00:00+00:00,PL,2025,REGULAR_SEASON,13.0,Brentford FC,Burnley FC,3,1,H
537911,2025-11-29 15:00:00+00:00,PL,2025,REGULAR_SEASON,13.0,Manchester City FC,Leeds United FC,3,2,H
537905,2025-11-29 15:00:00+00:00,PL,2025,REGULAR_SEASON,13.0,Sunderland AFC,AFC Bournemouth,3,2,H
544347,2025-11-29 15:15:00+00:00,PD,2025,REGULAR_SEASON,14.0,FC Barcelona,Deportivo Alavés,3,1,H
537559,2025-11-29 15:30:00+00:00,DED,2025,REGULAR_SEASON,14.0,SBV Excelsior,NAC Breda,1,0,H
545804,2025-11-29 15:30:00+00:00,PPL,2025,REGULAR_SEASON,12.0,Casa Pia AC,FC Alverca,0,2,A
545805,2025-11-29 15:30:00+00:00,PPL,2025,REGULAR_SEASON,12.0,Moreirense FC,FC Famalicão,2,2,D
542524,2025-11-29 16:00:00+00:00,FL1,2025,REGULAR_SEASON,14.0,AS Monaco FC,Paris Saint-Germain FC,1,0,H
536941,2025-11-29 17:00:00+00:00,SA,2025,REGULAR_SEASON,13.0,Juventus FC,Cagliari Calcio,2,1,H
537910,2025-11-29 17:30:00+00:00,PL,2025,REGULAR_SEASON,13.0,Everton FC,Newcastle United FC,1,4,A
544348,2025-11-29 17:30:00+00:00,PD,2025,REGULAR_SEASON,14.0,Levante UD,Athletic Club,0,2,A
540506,2025-11-29 17:30:00+00:00,BL1,2025,REGULAR_SEASON,12.0,Bayer 04 Leverkusen,Borussia Dortmund,1,2,A
537560,2025-11-29 17:45:00+00:00,DED,2025,REGULAR_SEASON,14.0,Fortuna Sittard,Heracles Almelo,1,1,D
542527,2025-11-29 18:00:00+00:00,FL1,2025,REGULAR_SEASON,14.0,Paris FC,AJ Auxerre,1,1,D
545807,2025-11-29 18:00:00+00:00,PPL,2025,REGULAR_SEASON,12.0,CD Nacional,Sport Lisboa e Benfica,1,2,A
536935,2025-11-29 19:45:00+00:00,SA,2025,REGULAR_SEASON,13.0,AC Milan,SS Lazio,1,0,H
537562,2025-11-29 20:00:00+00:00,DED,2025,REGULAR_SEASON,14.0,NEC,Sparta Rotterdam,3,1,H
537913,2025-11-29 20:00:00+00:00,PL,2025,REGULAR_SEASON,13.0,Tottenham Hotspur FC,Fulham FC,1,2,A
544341,2025-11-29 20:00:00+00:00,PD,2025,REGULAR_SEASON,14.0,Club Atlético de Madrid,Real Oviedo,2,0,H
542529,2025-11-29 20:05:00+00:00,FL1,2025,REGULAR_SEASON,14.0,Olympique de Marseille,Toulouse FC,2,2,D
545800,2025-11-29 20:30:00+00:00,PPL,2025,REGULAR_SEASON,12.0,Gil Vicente FC,CD Tondela,0,1,A
537564,2025-11-30 11:15:00+00:00,DED,2025,REGULAR_SEASON,14.0,PSV,FC Volendam,3,0,H
536944,2025-11-30 11:30:00+00:00,SA,2025,REGULAR_SEASON,13.0,US Lecce,Torino FC,2,1,H
537907,2025-11-30 12:00:00+00:00,PL,2025,REGULAR_SEASON,13.0,Crystal Palace FC,Manchester United FC,1,2,A
544346,2025-11-30 13:00:00+00:00,PD,2025,REGULAR_SEASON,14.0,Real Sociedad de Fútbol,Villarreal CF,2,3,A
537561,2025-11-30 13:30:00+00:00,DED,2025,REGULAR_SEASON,14.0,Go Ahead Eagles,FC Utrecht,2,2,D
537565,2025-11-30 13:30:00+00:00,DED,2025,REGULAR_SEASON,14.0,Telstar 1963,Feyenoord Rotterdam,1,2,A
536943,2025-11-30 14:00:00+00:00,SA,2025,REGULAR_SEASON,13.0,AC Pisa 1909,FC Internazionale Milano,0,2,A
542530,2025-11-30 14:00:00+00:00,FL1,2025,REGULAR_SEASON,14.0,RC Strasbourg Alsace,Stade Brestois 29,1,2,A
537914,2025-11-30 14:05:00+00:00,PL,2025,REGULAR_SEASON,13.0,West Ham United FC,Liverpool FC,0,2,A
537906,2025-11-30 14:05:00+00:00,PL,2025,REGULAR_SEASON,13.0,Aston Villa FC,Wolverhampton Wanderers FC,1,0,H
537912,2025-11-30 14:05:00+00:00,PL,2025,REGULAR_SEASON,13.0,Nottingham Forest FC,Brighton & Hove Albion FC,0,2,A
540513,2025-11-30 14:30:00+00:00,BL1,2025,REGULAR_SEASON,12.0,Hamburger SV,VfB Stuttgart,2,1,H
544349,2025-11-30 15:15:00+00:00,PD,2025,REGULAR_SEASON,14.0,Sevilla FC,Real Betis Balompié,0,2,A
545806,2025-11-30 15:30:00+00:00,PPL,2025,REGULAR_SEASON,12.0,Rio Ave FC,CD Santa Clara,1,1,D
537566,2025-11-30 15:45:00+00:00,DED,2025,REGULAR_SEASON,14.0,FC Twente '65,AZ,1,0,H
542523,2025-11-30 16:15:00+00:00,FL1,2025,REGULAR_SEASON,14.0,Le Havre AC,Lille OSC,0,1,A
542525,2025-11-30 16:15:00+00:00,FL1,2025,REGULAR_SEASON,14.0,FC Lorient,OGC Nice,3,1,H
542531,2025-11-30 16:15:00+00:00,FL1,2025,REGULAR_SEASON,14.0,Angers SCO,Racing Club de Lens,1,2,A
540507,2025-11-30 16:30:00+00:00,BL1,2025,REGULAR_SEASON,12.0,Eintracht Frankfurt,VfL Wolfsburg,1,1,D
537909,2025-11-30 16:30:00+00:00,PL,2025,REGULAR_SEASON,13.0,Chelsea FC,Arsenal FC,1,1,D
536937,2025-11-30 17:00:00+00:00,SA,2025,REGULAR_SEASON,13.0,Atalanta BC,ACF Fiorentina,2,0,H
544342,2025-11-30 17:30:00+00:00,PD,2025,REGULAR_SEASON,14.0,RC Celta de Vigo,RCD Espanyol de Barcelona,0,1,A
545803,2025-11-30 18:00:00+00:00,PPL,2025,REGULAR_SEASON,12.0,Sporting Clube de Portugal,CF Estrela da Amadora,4,0,H
540508,2025-11-30 18:30:00+00:00,BL1,2025,REGULAR_SEASON,12.0,SC Freiburg,1. FSV Mainz 05,4,0,H
536936,2025-11-30 19:45:00+00:00,SA,2025,REGULAR_SEASON,13.0,AS Roma,SSC Napoli,0,1,A
542528,2025-11-30 19:45:00+00:00,FL1,2025,REGULAR_SEASON,14.0,Olympique Lyonnais,FC Nantes,3,0,H
544343,2025-11-30 20:00:00+00:00,PD,2025,REGULAR_SEASON,14.0,Girona FC,Real Madrid CF,1,1,D
545802,2025-11-30 20:30:00+00:00,PPL,2025,REGULAR_SEASON,12.0,FC Porto,GD Estoril Praia,1,0,H
536940,2025-12-01 19:45:00+00:00,SA,2025,REGULAR_SEASON,13.0,Bologna FC 1909,US Cremonese,1,3,A
544345,2025-12-01 20:00:00+00:00,PD,2025,REGULAR_SEASON,14.0,Rayo Vallecano de Madrid,Valencia CF,1,1,D
545799,2025-12-01 20:15:00+00:00,PPL,2025,REGULAR_SEASON,12.0,FC Arouca,Sporting Clube de Braga,0,4,A
537558,2025-12-02 13:30:00+00:00,DED,2025,REGULAR_SEASON,14.0,AFC Ajax,FC Groningen,2,0,H
537915,2025-12-02 19:30:00+00:00,PL,2025,REGULAR_SEASON,14.0,AFC Bournemouth,Everton FC,0,1,A
537919,2025-12-02 19:30:00+00:00,PL,2025,REGULAR_SEASON,14.0,Fulham FC,Manchester City FC,4,5,A
544395,2025-12-02 20:00:00+00:00,PD,2025,REGULAR_SEASON,19.0,FC Barcelona,Club Atlético de Madrid,3,1,H
537923,2025-12-02 20:15:00+00:00,PL,2025,REGULAR_SEASON,14.0,Newcastle United FC,Tottenham Hotspur FC,2,2,D
544391,2025-12-03 18:00:00+00:00,PD,2025,REGULAR_SEASON,19.0,Athletic Club,Real Madrid CF,0,3,A
537924,2025-12-03 19:30:00+00:00,PL,2025,REGULAR_SEASON,14.0,Wolverhampton Wanderers FC,Nottingham Forest FC,0,1,A
537917,2025-12-03 19:30:00+00:00,PL,2025,REGULAR_SEASON,14.0,Arsenal FC,Brentford FC,2,0,H
537916,2025-12-03 19:30:00+00:00,PL,2025,REGULAR_SEASON,14.0,Brighton & Hove Albion FC,Aston Villa FC,3,4,A
537918,2025-12-03 19:30:00+00:00,PL,2025,REGULAR_SEASON,14.0,Burnley FC,Crystal Palace FC,0,1,A
537920,2025-12-03 20:15:00+00:00,PL,2025,REGULAR_SEASON,14.0,Liverpool FC,Sunderland AFC,1,1,D
537921,2025-12-03 20:15:00+00:00,PL,2025,REGULAR_SEASON,14.0,Leeds United FC,Chelsea FC,3,1,H
537922,2025-12-04 20:00:00+00:00,PL,2025,REGULAR_SEASON,14.0,Manchester United FC,West Ham United FC,1,1,D
542540,2025-12-05 18:00:00+00:00,FL1,2025,REGULAR_SEASON,15.0,Stade Brestois 29,AS Monaco FC,1,0,H
537568,2025-12-05 19:00:00+00:00,DED,2025,REGULAR_SEASON,15.0,SBV Excelsior,FC Groningen,0,2,A
540515,2025-12-05 19:30:00+00:00,BL1,2025,REGULAR_SEASON,13.0,1. FSV Mainz 05,Borussia Mönchengladbach,0,1,A
542538,2025-12-05 20:00:00+00:00,FL1,2025,REGULAR_SEASON,15.0,Lille OSC,Olympique de Marseille,1,0,H
544359,2025-12-05 20:00:00+00:00,PD,2025,REGULAR_SEASON,15.0,Real Oviedo,RCD Mallorca,0,0,D
545812,2025-12-05 20:15:00+00:00,PPL,2025,REGULAR_SEASON,13.0,Sport Lisboa e Benfica,Sporting Clube de Portugal,1,1,D
537926,2025-12-06 12:30:00+00:00,PL,2025,REGULAR_SEASON,15.0,Aston Villa FC,Arsenal FC,2,1,H
544357,2025-12-06 13:00:00+00:00,PD,2025,REGULAR_SEASON,15.0,Villarreal CF,Getafe CF,2,0,H
536951,2025-12-06 14:00:00+00:00,SA,2025,REGULAR_SEASON,14.0,US Sassuolo Calcio,ACF Fiorentina,3,1,H
540520,2025-12-06 14:30:00+00:00,BL1,2025,REGULAR_SEASON,13.0,1. FC Köln,FC St. Pauli 1910,1,1,D
540522,2025-12-06 14:30:00+00:00,BL1,2025,REGULAR_SEASON,13.0,FC Augsburg,Bayer 04 Leverkusen,2,0,H
540519,2025-12-06 14:30:00+00:00,BL1,2025,REGULAR_SEASON,13.0,1. FC Heidenheim 1846,SC Freiburg,2,1,H
540518,2025-12-06 14:30:00+00:00,BL1,2025,REGULAR_SEASON,13.0,VfL Wolfsburg,1. FC Union Berlin,3,1,H
540517,2025-12-06 14:30:00+00:00,BL1,2025,REGULAR_SEASON,13.0,VfB Stuttgart,FC Bayern München,0,5,A
537933,2025-12-06 15:00:00+00:00,PL,2025,REGULAR_SEASON,15.0,Tottenham Hotspur FC,Brentford FC,2,0,H
537931,2025-12-06 15:00:00+00:00,PL,2025,REGULAR_SEASON,15.0,Manchester City FC,Sunderland AFC,3,0,H
537928,2025-12-06 15:00:00+00:00,PL,2025,REGULAR_SEASON,15.0,Everton FC,Nottingham Forest FC,3,0,H
537925,2025-12-06 15:00:00+00:00,PL,2025,REGULAR_SEASON,15.0,AFC Bournemouth,Chelsea FC,0,0,D
537932,2025-12-06 15:00:00+00:00,PL,2025,REGULAR_SEASON,15.0,Newcastle United FC,Burnley FC,2,1,H
544351,2025-12-06 15:15:00+00:00,PD,2025,REGULAR_SEASON,15.0,Deportivo Alavés,Real Sociedad de Fútbol,1,0,H
545811,2025-12-06 15:30:00+00:00,PPL,2025,REGULAR_SEASON,13.0,CD Santa Clara,Casa Pia AC,1,0,H
537574,2025-12-06 15:30:00+00:00,DED,2025,REGULAR_SEASON,15.0,SC Heerenveen,PSV,0,2,A
542535,2025-12-06 16:00:00+00:00,FL1,2025,REGULAR_SEASON,15.0,FC Nantes,Racing Club de Lens,1,2,A
536948,2025-12-06 17:00:00+00:00,SA,2025,REGULAR_SEASON,14.0,FC Internazionale Milano,Como 1907,4,0,H
544355,2025-12-06 17:30:00+00:00,PD,2025,REGULAR_SEASON,15.0,Real Betis Balompié,FC Barcelona,3,5,A
537930,2025-12-06 17:30:00+00:00,PL,2025,REGULAR_SEASON,15.0,Leeds United FC,Liverpool FC,3,3,D
540516,2025-12-06 17:30:00+00:00,BL1,2025,REGULAR_SEASON,13.0,RB Leipzig,Eintracht Frankfurt,6,0,H
537572,2025-12-06 17:45:00+00:00,DED,2025,REGULAR_SEASON,15.0,Fortuna Sittard,AFC Ajax,1,3,A
545808,2025-12-06 18:00:00+00:00,PPL,2025,REGULAR_SEASON,13.0,AVS,Rio Ave FC,1,2,A
542536,2025-12-06 18:00:00+00:00,FL1,2025,REGULAR_SEASON,15.0,Toulouse FC,RC Strasbourg Alsace,1,0,H
537573,2025-12-06 19:00:00+00:00,DED,2025,REGULAR_SEASON,15.0,Heracles Almelo,Telstar 1963,1,1,D
536947,2025-12-06 19:45:00+00:00,SA,2025,REGULAR_SEASON,14.0,Hellas Verona FC,Atalanta BC,3,1,H
537571,2025-12-06 20:00:00+00:00,DED,2025,REGULAR_SEASON,15.0,Feyenoord Rotterdam,PEC Zwolle,6,1,H
544352,2025-12-06 20:00:00+00:00,PD,2025,REGULAR_SEASON,15.0,Athletic Club,Club Atlético de Madrid,1,0,H
542539,2025-12-06 20:05:00+00:00,FL1,2025,REGULAR_SEASON,15.0,Paris Saint-Germain FC,Stade Rennais FC 1901,5,0,H
545816,2025-12-06 20:30:00+00:00,PPL,2025,REGULAR_SEASON,13.0,FC Famalicão,Sporting Clube de Braga,1,2,A
537569,2025-12-07 11:15:00+00:00,DED,2025,REGULAR_SEASON,15.0,FC Utrecht,FC Twente '65,1,1,D
536954,2025-12-07 11:30:00+00:00,SA,2025,REGULAR_SEASON,14.0,US Cremonese,US Lecce,2,0,H
544353,2025-12-07 13:00:00+00:00,PD,2025,REGULAR_SEASON,15.0,Elche CF,Girona FC,3,0,H
537567,2025-12-07 13:30:00+00:00,DED,2025,REGULAR_SEASON,15.0,AZ,Go Ahead Eagles,2,2,D
537570,2025-12-07 13:30:00+00:00,DED,2025,REGULAR_SEASON,15.0,FC Volendam,NEC,2,3,A
536945,2025-12-07 14:00:00+00:00,SA,2025,REGULAR_SEASON,14.0,Cagliari Calcio,AS Roma,1,0,H
537927,2025-12-07 14:00:00+00:00,PL,2025,REGULAR_SEASON,15.0,Brighton & Hove Albion FC,West Ham United FC,1,1,D
542537,2025-12-07 14:00:00+00:00,FL1,2025,REGULAR_SEASON,15.0,OGC Nice,Angers SCO,0,1,A
540521,2025-12-07 14:30:00+00:00,BL1,2025,REGULAR_SEASON,13.0,Hamburger SV,SV Werder Bremen,3,2,H
544360,2025-12-07 15:15:00+00:00,PD,2025,REGULAR_SEASON,15.0,Valencia CF,Sevilla FC,1,1,D
545809,2025-12-07 15:30:00+00:00,PPL,2025,REGULAR_SEASON,13.0,GD Estoril Praia,Moreirense FC,3,3,D
537575,2025-12-07 15:45:00+00:00,DED,2025,REGULAR_SEASON,15.0,Sparta Rotterdam,NAC Breda,1,0,H
542532,2025-12-07 16:15:00+00:00,FL1,2025,REGULAR_SEASON,15.0,Le Havre AC,Paris FC,0,0,D
542533,2025-12-07 16:15:00+00:00,FL1,2025,REGULAR_SEASON,15.0,AJ Auxerre,FC Metz,3,1,H
540514,2025-12-07 16:30:00+00:00,BL1,2025,REGULAR_SEASON,13.0,Borussia Dortmund,TSG 1899 Hoffenheim,2,0,H
537929,2025-12-07 16:30:00+00:00,PL,2025,REGULAR_SEASON,15.0,Fulham FC,Crystal Palace FC,1,2,A
536949,2025-12-07 17:00:00+00:00,SA,2025,REGULAR_SEASON,14.0,SS Lazio,Bologna FC 1909,1,1,D
544354,2025-12-07 17:30:00+00:00,PD,2025,REGULAR_SEASON,15.0,RCD Espanyol de Barcelona,Rayo Vallecano de Madrid,1,0,H
545814,2025-12-07 18:00:00+00:00,PPL,2025,REGULAR_SEASON,13.0,CF Estrela da Amadora,FC Arouca,3,1,H
545810,2025-12-07 18:00:00+00:00,PPL,2025,REGULAR_SEASON,13.0,FC Alverca,CD Nacional,1,0,H
542534,2025-12-07 19:45:00+00:00,FL1,2025,REGULAR_SEASON,15.0,FC Lorient,Olympique Lyonnais,1,0,H
536952,2025-12-07 19:45:00+00:00,SA,2025,REGULAR_SEASON,14.0,SSC Napoli,Juventus FC,2,1,H
544356,2025-12-07 20:00:00+00:00,PD,2025,REGULAR_SEASON,15.0,Real Madrid CF,RC Celta de Vigo,0,2,A
545815,2025-12-07 20:30:00+00:00,PPL,2025,REGULAR_SEASON,13.0,CD Tondela,FC Porto,0,2,A
536950,2025-12-08 14:00:00+00:00,SA,2025,REGULAR_SEASON,14.0,AC Pisa 1909,Parma Calcio 1913,0,1,A
536953,2025-12-08 17:00:00+00:00,SA,2025,REGULAR_SEASON,14.0,Udinese Calcio,Genoa CFC,1,2,A
536946,2025-12-08 19:45:00+00:00,SA,2025,REGULAR_SEASON,14.0,Torino FC,AC Milan,2,3,A
537934,2025-12-08 20:00:00+00:00,PL,2025,REGULAR_SEASON,15.0,Wolverhampton Wanderers FC,Manchester United FC,1,4,A
544358,2025-12-08 20:00:00+00:00,PD,2025,REGULAR_SEASON,15.0,CA Osasuna,Levante UD,2,0,H
545813,2025-12-08 20:30:00+00:00,PPL,2025,REGULAR_SEASON,13.0,Vitória SC,Gil Vicente FC,0,0,D
552032,2025-12-09 15:30:00+00:00,CL,2025,LEAGUE_STAGE,6.0,FK Kairat,PAE Olympiakos SFP,0,1,A
551912,2025-12-09 17:45:00+00:00,CL,2025,LEAGUE_STAGE,6.0,FC Bayern München,Sporting Clube de Portugal,3,1,H
551918,2025-12-09 20:00:00+00:00,CL,2025,LEAGUE_STAGE,6.0,Atalanta BC,Chelsea FC,2,1,H
552008,2025-12-09 20:00:00+00:00,CL,2025,LEAGUE_STAGE,6.0,PSV,Club Atlético de Madrid,2,3,A
551953,2025-12-09 20:00:00+00:00,CL,2025,LEAGUE_STAGE,6.0,FC Barcelona,Eintracht Frankfurt,2,1,H
552041,2025-12-09 20:00:00+00:00,CL,2025,LEAGUE_STAGE,6.0,AS Monaco FC,Galatasaray SK,1,0,H
552018,2025-12-09 20:00:00+00:00,CL,2025,LEAGUE_STAGE,6.0,Royale Union Saint-Gilloise,Olympique de Marseille,2,3,A
551931,2025-12-09 20:00:00+00:00,CL,2025,LEAGUE_STAGE,6.0,FC Internazionale Milano,Liverpool FC,0,1,A
552019,2025-12-09 20:00:00+00:00,CL,2025,LEAGUE_STAGE,6.0,Tottenham Hotspur FC,SK Slavia Praha,3,0,H
552013,2025-12-10 17:45:00+00:00,CL,2025,LEAGUE_STAGE,6.0,Villarreal CF,FC København,2,3,A
552034,2025-12-10 17:45:00+00:00,CL,2025,LEAGUE_STAGE,6.0,Qarabağ Ağdam FK,AFC Ajax,2,4,A
551923,2025-12-10 20:00:00+00:00,CL,2025,LEAGUE_STAGE,6.0,Real Madrid CF,Manchester City FC,1,2,A
552005,2025-12-10 20:00:00+00:00,CL,2025,LEAGUE_STAGE,6.0,Juventus FC,Paphos FC,2,0,H
551989,2025-12-10 20:00:00+00:00,CL,2025,LEAGUE_STAGE,6.0,Sport Lisboa e Benfica,SSC Napoli,2,0,H
551942,2025-12-10 20:00:00+00:00,CL,2025,LEAGUE_STAGE,6.0,Borussia Dortmund,FK Bodø/Glimt,2,2,D
551969,2025-12-10 20:00:00+00:00,CL,2025,LEAGUE_STAGE,6.0,Athletic Club,Paris Saint-Germain FC,0,0,D
551974,2025-12-10 20:00:00+00:00,CL,2025,LEAGUE_STAGE,6.0,Bayer 04 Leverkusen,Newcastle United FC,2,2,D
551977,2025-12-10 20:00:00+00:00,CL,2025,LEAGUE_STAGE,6.0,Club Brugge KV,Arsenal FC,0,3,A
540529,2025-12-12 19:30:00+00:00,BL1,2025,REGULAR_SEASON,14.0,1. FC Union Berlin,RB Leipzig,3,1,H
542548,2025-12-12 19:45:00+00:00,FL1,2025,REGULAR_SEASON,16.0,Angers SCO,FC Nantes,4,1,H
536964,2025-12-12 19:45:00+00:00,SA,2025,REGULAR_SEASON,15.0,US Lecce,AC Pisa 1909,1,0,H
544369,2025-12-12 20:00:00+00:00,PD,2025,REGULAR_SEASON,16.0,Real Sociedad de Fútbol,Girona FC,1,2,A
544362,2025-12-13 13:00:00+00:00,PD,2025,REGULAR_SEASON,16.0,Club Atlético de Madrid,Valencia CF,2,1,H
536961,2025-12-13 14:00:00+00:00,SA,2025,REGULAR_SEASON,15.0,Torino FC,US Cremonese,1,0,H
540528,2025-12-13 14:30:00+00:00,BL1,2025,REGULAR_SEASON,14.0,Borussia Mönchengladbach,VfL Wolfsburg,1,3,A
540525,2025-12-13 14:30:00+00:00,BL1,2025,REGULAR_SEASON,14.0,Eintracht Frankfurt,FC Augsburg,1,0,H
540530,2025-12-13 14:30:00+00:00,BL1,2025,REGULAR_SEASON,14.0,FC St. Pauli 1910,1. FC Heidenheim 1846,2,1,H
540531,2025-12-13 14:30:00+00:00,BL1,2025,REGULAR_SEASON,14.0,TSG 1899 Hoffenheim,Hamburger SV,4,1,H
537941,2025-12-13 15:00:00+00:00,PL,2025,REGULAR_SEASON,16.0,Liverpool FC,Brighton & Hove Albion FC,2,0,H
537940,2025-12-13 15:00:00+00:00,PL,2025,REGULAR_SEASON,16.0,Chelsea FC,Everton FC,2,0,H
544367,2025-12-13 15:15:00+00:00,PD,2025,REGULAR_SEASON,16.0,RCD Mallorca,Elche CF,3,1,H
537583,2025-12-13 15:30:00+00:00,DED,2025,REGULAR_SEASON,16.0,Telstar 1963,NEC,2,2,D
545817,2025-12-13 15:30:00+00:00,PPL,2025,REGULAR_SEASON,14.0,Casa Pia AC,Gil Vicente FC,1,1,D
542549,2025-12-13 16:00:00+00:00,FL1,2025,REGULAR_SEASON,16.0,Stade Rennais FC 1901,Stade Brestois 29,3,1,H
536962,2025-12-13 17:00:00+00:00,SA,2025,REGULAR_SEASON,15.0,Parma Calcio 1913,SS Lazio,0,1,A
544363,2025-12-13 17:30:00+00:00,PD,2025,REGULAR_SEASON,16.0,FC Barcelona,CA Osasuna,2,0,H
540524,2025-12-13 17:30:00+00:00,BL1,2025,REGULAR_SEASON,14.0,Bayer 04 Leverkusen,1. FC Köln,2,0,H
537939,2025-12-13 17:30:00+00:00,PL,2025,REGULAR_SEASON,16.0,Burnley FC,Fulham FC,2,3,A
537578,2025-12-13 17:45:00+00:00,DED,2025,REGULAR_SEASON,16.0,FC Groningen,FC Volendam,3,0,H
542542,2025-12-13 18:00:00+00:00,FL1,2025,REGULAR_SEASON,16.0,FC Metz,Paris Saint-Germain FC,2,3,A
545825,2025-12-13 18:00:00+00:00,PPL,2025,REGULAR_SEASON,14.0,Rio Ave FC,Vitória SC,0,1,A
537581,2025-12-13 19:00:00+00:00,DED,2025,REGULAR_SEASON,16.0,PSV,Heracles Almelo,4,3,H
536958,2025-12-13 19:45:00+00:00,SA,2025,REGULAR_SEASON,15.0,Atalanta BC,Cagliari Calcio,2,1,H
537580,2025-12-13 20:00:00+00:00,DED,2025,REGULAR_SEASON,16.0,PEC Zwolle,Fortuna Sittard,1,0,H
537937,2025-12-13 20:00:00+00:00,PL,2025,REGULAR_SEASON,16.0,Arsenal FC,Wolverhampton Wanderers FC,2,1,H
544368,2025-12-13 20:00:00+00:00,PD,2025,REGULAR_SEASON,16.0,Getafe CF,RCD Espanyol de Barcelona,0,1,A
542543,2025-12-13 20:05:00+00:00,FL1,2025,REGULAR_SEASON,16.0,Paris FC,Toulouse FC,0,3,A
545820,2025-12-13 20:30:00+00:00,PPL,2025,REGULAR_SEASON,14.0,Sporting Clube de Portugal,AVS,6,0,H
537582,2025-12-14 11:15:00+00:00,DED,2025,REGULAR_SEASON,16.0,Sparta Rotterdam,SC Heerenveen,0,3,A
536956,2025-12-14 11:30:00+00:00,SA,2025,REGULAR_SEASON,15.0,AC Milan,US Sassuolo Calcio,2,2,D
544370,2025-12-14 13:00:00+00:00,PD,2025,REGULAR_SEASON,16.0,Sevilla FC,Real Oviedo,4,0,H
537584,2025-12-14 13:30:00+00:00,DED,2025,REGULAR_SEASON,16.0,FC Twente '65,Go Ahead Eagles,2,0,H
537576,2025-12-14 13:30:00+00:00,DED,2025,REGULAR_SEASON,16.0,AFC Ajax,Feyenoord Rotterdam,2,0,H
537935,2025-12-14 14:00:00+00:00,PL,2025,REGULAR_SEASON,16.0,Sunderland AFC,Newcastle United FC,1,0,H
542544,2025-12-14 14:00:00+00:00,FL1,2025,REGULAR_SEASON,16.0,Olympique Lyonnais,Le Havre AC,1,0,H
536955,2025-12-14 14:00:00+00:00,SA,2025,REGULAR_SEASON,15.0,ACF Fiorentina,Hellas Verona FC,1,2,A
536963,2025-12-14 14:00:00+00:00,SA,2025,REGULAR_SEASON,15.0,Udinese Calcio,SSC Napoli,1,0,H
537944,2025-12-14 14:00:00+00:00,PL,2025,REGULAR_SEASON,16.0,West Ham United FC,Aston Villa FC,2,3,A
537943,2025-12-14 14:00:00+00:00,PL,2025,REGULAR_SEASON,16.0,Nottingham Forest FC,Tottenham Hotspur FC,3,0,H
537936,2025-12-14 14:00:00+00:00,PL,2025,REGULAR_SEASON,16.0,Crystal Palace FC,Manchester City FC,0,3,A
540526,2025-12-14 14:30:00+00:00,BL1,2025,REGULAR_SEASON,14.0,SC Freiburg,Borussia Dortmund,1,1,D
544365,2025-12-14 15:15:00+00:00,PD,2025,REGULAR_SEASON,16.0,RC Celta de Vigo,Athletic Club,2,0,H
545821,2025-12-14 15:30:00+00:00,PPL,2025,REGULAR_SEASON,14.0,FC Famalicão,GD Estoril Praia,4,0,H
537579,2025-12-14 15:45:00+00:00,DED,2025,REGULAR_SEASON,16.0,NAC Breda,FC Utrecht,1,1,D
542546,2025-12-14 16:15:00+00:00,FL1,2025,REGULAR_SEASON,16.0,RC Strasbourg Alsace,FC Lorient,0,0,D
542547,2025-12-14 16:15:00+00:00,FL1,2025,REGULAR_SEASON,16.0,Racing Club de Lens,OGC Nice,2,0,H
542541,2025-12-14 16:15:00+00:00,FL1,2025,REGULAR_SEASON,16.0,AJ Auxerre,Lille OSC,3,4,A
540523,2025-12-14 16:30:00+00:00,BL1,2025,REGULAR_SEASON,14.0,FC Bayern München,1. FSV Mainz 05,2,2,D
537938,2025-12-14 16:30:00+00:00,PL,2025,REGULAR_SEASON,16.0,Brentford FC,Leeds United FC,1,1,D
536959,2025-12-14 17:00:00+00:00,SA,2025,REGULAR_SEASON,15.0,Genoa CFC,FC Internazionale Milano,1,2,A
545824,2025-12-14 18:00:00+00:00,PPL,2025,REGULAR_SEASON,14.0,Moreirense FC,Sport Lisboa e Benfica,0,4,A
540527,2025-12-14 18:30:00+00:00,BL1,2025,REGULAR_SEASON,14.0,SV Werder Bremen,VfB Stuttgart,0,4,A
542545,2025-12-14 19:45:00+00:00,FL1,2025,REGULAR_SEASON,16.0,Olympique de Marseille,AS Monaco FC,1,0,H
536960,2025-12-14 19:45:00+00:00,SA,2025,REGULAR_SEASON,15.0,Bologna FC 1909,Juventus FC,0,1,A
544361,2025-12-14 20:00:00+00:00,PD,2025,REGULAR_SEASON,16.0,Deportivo Alavés,Real Madrid CF,1,2,A
545823,2025-12-14 20:30:00+00:00,PPL,2025,REGULAR_SEASON,14.0,FC Arouca,FC Alverca,1,0,H
545818,2025-12-15 17:30:00+00:00,PPL,2025,REGULAR_SEASON,14.0,CD Nacional,CD Tondela,3,1,H
545819,2025-12-15 18:45:00+00:00,PPL,2025,REGULAR_SEASON,14.0,Sporting Clube de Braga,CD Santa Clara,1,0,H
536957,2025-12-15 19:45:00+00:00,SA,2025,REGULAR_SEASON,15.0,AS Roma,Como 1907,1,0,H
537942,2025-12-15 20:00:00+00:00,PL,2025,REGULAR_SEASON,16.0,Manchester United FC,AFC Bournemouth,4,4,D
544366,2025-12-15 20:00:00+00:00,PD,2025,REGULAR_SEASON,16.0,Rayo Vallecano de Madrid,Real Betis Balompié,0,0,D
545822,2025-12-15 20:45:00+00:00,PPL,2025,REGULAR_SEASON,14.0,FC Porto,CF Estrela da Amadora,3,1,H
540532,2025-12-19 19:30:00+00:00,BL1,2025,REGULAR_SEASON,15.0,Borussia Dortmund,Borussia Mönchengladbach,2,0,H
544380,2025-12-19 20:00:00+00:00,PD,2025,REGULAR_SEASON,17.0,Valencia CF,RCD Mallorca,1,1,D
545834,2025-12-19 20:15:00+00:00,PPL,2025,REGULAR_SEASON,15.0,GD Estoril Praia,Sporting Clube de Braga,1,0,H
537952,2025-12-20 12:30:00+00:00,PL,2025,REGULAR_SEASON,17.0,Newcastle United FC,Chelsea FC,2,2,D
544379,2025-12-20 13:00:00+00:00,PD,2025,REGULAR_SEASON,17.0,Real Oviedo,RC Celta de Vigo,0,0,D
540540,2025-12-20 14:30:00+00:00,BL1,2025,REGULAR_SEASON,15.0,Hamburger SV,Eintracht Frankfurt,1,1,D
540535,2025-12-20 14:30:00+00:00,BL1,2025,REGULAR_SEASON,15.0,VfB Stuttgart,TSG 1899 Hoffenheim,0,0,D
540536,2025-12-20 14:30:00+00:00,BL1,2025,REGULAR_SEASON,15.0,VfL Wolfsburg,SC Freiburg,3,4,A
540537,2025-12-20 14:30:00+00:00,BL1,2025,REGULAR_SEASON,15.0,FC Augsburg,SV Werder Bremen,0,0,D
540539,2025-12-20 14:30:00+00:00,BL1,2025,REGULAR_SEASON,15.0,1. FC Köln,1. FC Union Berlin,0,1,A
537951,2025-12-20 15:00:00+00:00,PL,2025,REGULAR_SEASON,17.0,Manchester City FC,West Ham United FC,3,0,H
537954,2025-12-20 15:00:00+00:00,PL,2025,REGULAR_SEASON,17.0,Wolverhampton Wanderers FC,Brentford FC,0,2,A
537945,2025-12-20 15:00:00+00:00,PL,2025,REGULAR_SEASON,17.0,AFC Bournemouth,Burnley FC,1,1,D
537947,2025-12-20 15:00:00+00:00,PL,2025,REGULAR_SEASON,17.0,Brighton & Hove Albion FC,Sunderland AFC,0,0,D
544374,2025-12-20 15:15:00+00:00,PD,2025,REGULAR_SEASON,17.0,Levante UD,Real Sociedad de Fútbol,1,1,D
537591,2025-12-20 15:30:00+00:00,DED,2025,REGULAR_SEASON,17.0,Heracles Almelo,SC Heerenveen,0,3,A
536972,2025-12-20 17:00:00+00:00,SA,2025,REGULAR_SEASON,16.0,SS Lazio,US Cremonese,0,0,D
540534,2025-12-20 17:30:00+00:00,BL1,2025,REGULAR_SEASON,15.0,RB Leipzig,Bayer 04 Leverkusen,1,3,A
544376,2025-12-20 17:30:00+00:00,PD,2025,REGULAR_SEASON,17.0,CA Osasuna,Deportivo Alavés,3,0,H
537953,2025-12-20 17:30:00+00:00,PL,2025,REGULAR_SEASON,17.0,Tottenham Hotspur FC,Liverpool FC,1,2,A
537585,2025-12-20 17:45:00+00:00,DED,2025,REGULAR_SEASON,17.0,SBV Excelsior,PEC Zwolle,2,1,H
545829,2025-12-20 18:00:00+00:00,PPL,2025,REGULAR_SEASON,15.0,Gil Vicente FC,Rio Ave FC,2,2,D
537593,2025-12-20 19:00:00+00:00,DED,2025,REGULAR_SEASON,17.0,NEC,AFC Ajax,2,2,D
536971,2025-12-20 19:45:00+00:00,SA,2025,REGULAR_SEASON,16.0,Juventus FC,AS Roma,2,1,H
537592,2025-12-20 20:00:00+00:00,DED,2025,REGULAR_SEASON,17.0,NAC Breda,Telstar 1963,0,1,A
537950,2025-12-20 20:00:00+00:00,PL,2025,REGULAR_SEASON,17.0,Leeds United FC,Crystal Palace FC,4,1,H
537948,2025-12-20 20:00:00+00:00,PL,2025,REGULAR_SEASON,17.0,Everton FC,Arsenal FC,0,1,A
544375,2025-12-20 20:00:00+00:00,PD,2025,REGULAR_SEASON,17.0,Real Madrid CF,Sevilla FC,2,0,H
545827,2025-12-20 20:30:00+00:00,PPL,2025,REGULAR_SEASON,15.0,CF Estrela da Amadora,Moreirense FC,0,0,D
537586,2025-12-21 11:15:00+00:00,DED,2025,REGULAR_SEASON,17.0,FC Utrecht,PSV,1,2,A
536966,2025-12-21 11:30:00+00:00,SA,2025,REGULAR_SEASON,16.0,Cagliari Calcio,AC Pisa 1909,2,2,D
544377,2025-12-21 13:00:00+00:00,PD,2025,REGULAR_SEASON,17.0,Girona FC,Club Atlético de Madrid,0,3,A
537590,2025-12-21 13:30:00+00:00,DED,2025,REGULAR_SEASON,17.0,Go Ahead Eagles,FC Groningen,1,1,D
537588,2025-12-21 13:30:00+00:00,DED,2025,REGULAR_SEASON,17.0,Feyenoord Rotterdam,FC Twente '65,1,1,D
536973,2025-12-21 14:00:00+00:00,SA,2025,REGULAR_SEASON,16.0,US Sassuolo Calcio,Torino FC,0,1,A
540533,2025-12-21 14:30:00+00:00,BL1,2025,REGULAR_SEASON,15.0,1. FSV Mainz 05,FC St. Pauli 1910,0,0,D
544378,2025-12-21 15:15:00+00:00,PD,2025,REGULAR_SEASON,17.0,Villarreal CF,FC Barcelona,0,2,A
545826,2025-12-21 15:30:00+00:00,PPL,2025,REGULAR_SEASON,15.0,AVS,CD Nacional,2,2,D
537589,2025-12-21 15:45:00+00:00,DED,2025,REGULAR_SEASON,17.0,Fortuna Sittard,AZ,4,3,H
537587,2025-12-21 15:45:00+00:00,DED,2025,REGULAR_SEASON,17.0,FC Volendam,Sparta Rotterdam,0,1,A
540538,2025-12-21 16:30:00+00:00,BL1,2025,REGULAR_SEASON,15.0,1. FC Heidenheim 1846,FC Bayern München,0,4,A
537946,2025-12-21 16:30:00+00:00,PL,2025,REGULAR_SEASON,17.0,Aston Villa FC,Manchester United FC,2,1,H
536965,2025-12-21 17:00:00+00:00,SA,2025,REGULAR_SEASON,16.0,ACF Fiorentina,Udinese Calcio,5,1,H
544373,2025-12-21 17:30:00+00:00,PD,2025,REGULAR_SEASON,17.0,Elche CF,Rayo Vallecano de Madrid,4,0,H
545832,2025-12-21 18:00:00+00:00,PPL,2025,REGULAR_SEASON,15.0,CD Tondela,Casa Pia AC,1,2,A
536967,2025-12-21 19:45:00+00:00,SA,2025,REGULAR_SEASON,16.0,Genoa CFC,Atalanta BC,0,1,A
544372,2025-12-21 20:00:00+00:00,PD,2025,REGULAR_SEASON,17.0,Real Betis Balompié,Getafe CF,4,0,H
545833,2025-12-21 20:30:00+00:00,PPL,2025,REGULAR_SEASON,15.0,CD Santa Clara,FC Arouca,0,0,D
545828,2025-12-22 18:45:00+00:00,PPL,2025,REGULAR_SEASON,15.0,FC Alverca,FC Porto,0,3,A
537949,2025-12-22 20:00:00+00:00,PL,2025,REGULAR_SEASON,17.0,Fulham FC,Nottingham Forest FC,1,0,H
544371,2025-12-22 20:00:00+00:00,PD,2025,REGULAR_SEASON,17.0,Athletic Club,RCD Espanyol de Barcelona,1,2,A
545830,2025-12-22 20:45:00+00:00,PPL,2025,REGULAR_SEASON,15.0,Sport Lisboa e Benfica,FC Famalicão,1,0,H
545831,2025-12-23 20:45:00+00:00,PPL,2025,REGULAR_SEASON,15.0,Vitória SC,Sporting Clube de Portugal,1,4,A
537962,2025-12-26 20:00:00+00:00,PL,2025,REGULAR_SEASON,18.0,Manchester United FC,Newcastle United FC,1,0,H
536980,2025-12-27 11:30:00+00:00,SA,2025,REGULAR_SEASON,17.0,Parma Calcio 1913,ACF Fiorentina,1,0,H
537963,2025-12-27 12:30:00+00:00,PL,2025,REGULAR_SEASON,18.0,Nottingham Forest FC,Manchester City FC,1,2,A
536979,2025-12-27 14:00:00+00:00,SA,2025,REGULAR_SEASON,17.0,Torino FC,Cagliari Calcio,1,2,A
536984,2025-12-27 14:00:00+00:00,SA,2025,REGULAR_SEASON,17.0,US Lecce,Como 1907,0,3,A
537959,2025-12-27 15:00:00+00:00,PL,2025,REGULAR_SEASON,18.0,Burnley FC,Everton FC,0,0,D
537958,2025-12-27 15:00:00+00:00,PL,2025,REGULAR_SEASON,18.0,Brentford FC,AFC Bournemouth,4,1,H
537961,2025-12-27 15:00:00+00:00,PL,2025,REGULAR_SEASON,18.0,Liverpool FC,Wolverhampton Wanderers FC,2,1,H
537964,2025-12-27 15:00:00+00:00,PL,2025,REGULAR_SEASON,18.0,West Ham United FC,Fulham FC,0,1,A
537957,2025-12-27 15:00:00+00:00,PL,2025,REGULAR_SEASON,18.0,Arsenal FC,Brighton & Hove Albion FC,2,1,H
536982,2025-12-27 17:00:00+00:00,SA,2025,REGULAR_SEASON,17.0,Udinese Calcio,SS Lazio,1,1,D
537960,2025-12-27 17:30:00+00:00,PL,2025,REGULAR_SEASON,18.0,Chelsea FC,Aston Villa FC,1,2,A
545839,2025-12-27 18:00:00+00:00,PPL,2025,REGULAR_SEASON,16.0,FC Famalicão,CF Estrela da Amadora,2,3,A
536981,2025-12-27 19:45:00+00:00,SA,2025,REGULAR_SEASON,17.0,AC Pisa 1909,Juventus FC,0,2,A
545840,2025-12-27 20:30:00+00:00,PPL,2025,REGULAR_SEASON,16.0,GD Estoril Praia,FC Alverca,4,1,H
536975,2025-12-28 11:30:00+00:00,SA,2025,REGULAR_SEASON,17.0,AC Milan,Hellas Verona FC,3,0,H
537955,2025-12-28 14:00:00+00:00,PL,2025,REGULAR_SEASON,18.0,Sunderland AFC,Leeds United FC,1,1,D
536983,2025-12-28 14:00:00+00:00,SA,2025,REGULAR_SEASON,17.0,US Cremonese,SSC Napoli,0,2,A
545835,2025-12-28 15:30:00+00:00,PPL,2025,REGULAR_SEASON,16.0,Casa Pia AC,Vitória SC,0,0,D
545836,2025-12-28 15:30:00+00:00,PPL,2025,REGULAR_SEASON,16.0,FC Arouca,Gil Vicente FC,2,2,D
537956,2025-12-28 16:30:00+00:00,PL,2025,REGULAR_SEASON,18.0,Crystal Palace FC,Tottenham Hotspur FC,0,1,A
536978,2025-12-28 17:00:00+00:00,SA,2025,REGULAR_SEASON,17.0,Bologna FC 1909,US Sassuolo Calcio,1,1,D
545843,2025-12-28 18:00:00+00:00,PPL,2025,REGULAR_SEASON,16.0,Sporting Clube de Braga,Sport Lisboa e Benfica,2,2,D
536977,2025-12-28 19:45:00+00:00,SA,2025,REGULAR_SEASON,17.0,Atalanta BC,FC Internazionale Milano,0,1,A
545841,2025-12-28 20:30:00+00:00,PPL,2025,REGULAR_SEASON,16.0,Sporting Clube de Portugal,Rio Ave FC,4,0,H
536976,2025-12-29 19:45:00+00:00,SA,2025,REGULAR_SEASON,17.0,AS Roma,Genoa CFC,3,1,H
545838,2025-12-29 20:15:00+00:00,PPL,2025,REGULAR_SEASON,16.0,FC Porto,AVS,2,0,H
537970,2025-12-30 19:30:00+00:00,PL,2025,REGULAR_SEASON,19.0,Chelsea FC,AFC Bournemouth,2,2,D
537969,2025-12-30 19:30:00+00:00,PL,2025,REGULAR_SEASON,19.0,Burnley FC,Newcastle United FC,1,3,A
537974,2025-12-30 19:30:00+00:00,PL,2025,REGULAR_SEASON,19.0,West Ham United FC,Brighton & Hove Albion FC,2,2,D
537973,2025-12-30 19:30:00+00:00,PL,2025,REGULAR_SEASON,19.0,Nottingham Forest FC,Everton FC,0,2,A
537972,2025-12-30 20:15:00+00:00,PL,2025,REGULAR_SEASON,19.0,Manchester United FC,Wolverhampton Wanderers FC,1,1,D
537967,2025-12-30 20:15:00+00:00,PL,2025,REGULAR_SEASON,19.0,Arsenal FC,Aston Villa FC,4,1,H
537966,2026-01-01 17:30:00+00:00,PL,2025,REGULAR_SEASON,19.0,Crystal Palace FC,Fulham FC,1,1,D
537971,2026-01-01 17:30:00+00:00,PL,2025,REGULAR_SEASON,19.0,Liverpool FC,Leeds United FC,0,0,D
537965,2026-01-01 20:00:00+00:00,PL,2025,REGULAR_SEASON,19.0,Sunderland AFC,Manchester City FC,0,0,D
537968,2026-01-01 20:00:00+00:00,PL,2025,REGULAR_SEASON,19.0,Brentford FC,Tottenham Hotspur FC,0,0,D
545846,2026-01-02 18:45:00+00:00,PPL,2025,REGULAR_SEASON,17.0,Gil Vicente FC,Sporting Clube de Portugal,1,1,D
542553,2026-01-02 19:45:00+00:00,FL1,2025,REGULAR_SEASON,17.0,Toulouse FC,Racing Club de Lens,0,3,A
536987,2026-01-02 19:45:00+00:00,SA,2025,REGULAR_SEASON,18.0,Cagliari Calcio,AC Milan,0,1,A
544388,2026-01-02 20:00:00+00:00,PD,2025,REGULAR_SEASON,18.0,Rayo Vallecano de Madrid,Getafe CF,1,1,D
545849,2026-01-02 20:45:00+00:00,PPL,2025,REGULAR_SEASON,17.0,Vitória SC,CD Nacional,2,1,H
536989,2026-01-03 11:30:00+00:00,SA,2025,REGULAR_SEASON,18.0,Como 1907,Udinese Calcio,1,0,H
537976,2026-01-03 12:30:00+00:00,PL,2025,REGULAR_SEASON,20.0,Aston Villa FC,Nottingham Forest FC,3,1,H
544382,2026-01-03 13:00:00+00:00,PD,2025,REGULAR_SEASON,18.0,RC Celta de Vigo,Valencia CF,4,1,H
536994,2026-01-03 14:00:00+00:00,SA,2025,REGULAR_SEASON,18.0,US Sassuolo Calcio,Parma Calcio 1913,1,1,D
536988,2026-01-03 14:00:00+00:00,SA,2025,REGULAR_SEASON,18.0,Genoa CFC,AC Pisa 1909,1,1,D
537977,2026-01-03 15:00:00+00:00,PL,2025,REGULAR_SEASON,20.0,Brighton & Hove Albion FC,Burnley FC,2,0,H
537984,2026-01-03 15:00:00+00:00,PL,2025,REGULAR_SEASON,20.0,Wolverhampton Wanderers FC,West Ham United FC,3,0,H
544384,2026-01-03 15:15:00+00:00,PD,2025,REGULAR_SEASON,18.0,CA Osasuna,Athletic Club,1,1,D
545851,2026-01-03 15:30:00+00:00,PPL,2025,REGULAR_SEASON,17.0,CD Tondela,FC Arouca,3,1,H
542551,2026-01-03 16:00:00+00:00,FL1,2025,REGULAR_SEASON,17.0,AS Monaco FC,Olympique Lyonnais,1,3,A
536992,2026-01-03 17:00:00+00:00,SA,2025,REGULAR_SEASON,18.0,Juventus FC,US Lecce,1,1,D
544383,2026-01-03 17:30:00+00:00,PD,2025,REGULAR_SEASON,18.0,Elche CF,Villarreal CF,1,3,A
537975,2026-01-03 17:30:00+00:00,PL,2025,REGULAR_SEASON,20.0,AFC Bournemouth,Arsenal FC,2,3,A
545848,2026-01-03 18:00:00+00:00,PPL,2025,REGULAR_SEASON,17.0,Sport Lisboa e Benfica,GD Estoril Praia,3,1,H
542554,2026-01-03 18:00:00+00:00,FL1,2025,REGULAR_SEASON,17.0,OGC Nice,RC Strasbourg Alsace,1,1,D
545852,2026-01-03 18:00:00+00:00,PPL,2025,REGULAR_SEASON,17.0,CF Estrela da Amadora,Sporting Clube de Braga,3,3,D
536986,2026-01-03 19:45:00+00:00,SA,2025,REGULAR_SEASON,18.0,Atalanta BC,AS Roma,1,0,H
544386,2026-01-03 20:00:00+00:00,PD,2025,REGULAR_SEASON,18.0,RCD Espanyol de Barcelona,FC Barcelona,0,2,A
542556,2026-01-03 20:05:00+00:00,FL1,2025,REGULAR_SEASON,17.0,Lille OSC,Stade Rennais FC 1901,0,2,A
545844,2026-01-03 20:30:00+00:00,PPL,2025,REGULAR_SEASON,17.0,AVS,Moreirense FC,0,2,A
536993,2026-01-04 11:30:00+00:00,SA,2025,REGULAR_SEASON,18.0,SS Lazio,SSC Napoli,0,2,A
537980,2026-01-04 12:30:00+00:00,PL,2025,REGULAR_SEASON,20.0,Leeds United FC,Manchester United FC,1,1,D
544390,2026-01-04 13:00:00+00:00,PD,2025,REGULAR_SEASON,18.0,Sevilla FC,Levante UD,0,3,A
536985,2026-01-04 14:00:00+00:00,SA,2025,REGULAR_SEASON,18.0,ACF Fiorentina,US Cremonese,1,0,H
542555,2026-01-04 14:00:00+00:00,FL1,2025,REGULAR_SEASON,17.0,Olympique de Marseille,FC Nantes,0,2,A
537983,2026-01-04 15:00:00+00:00,PL,2025,REGULAR_SEASON,20.0,Tottenham Hotspur FC,Sunderland AFC,1,1,D
537978,2026-01-04 15:00:00+00:00,PL,2025,REGULAR_SEASON,20.0,Everton FC,Brentford FC,2,4,A
537982,2026-01-04 15:00:00+00:00,PL,2025,REGULAR_SEASON,20.0,Newcastle United FC,Crystal Palace FC,2,0,H
544387,2026-01-04 15:15:00+00:00,PD,2025,REGULAR_SEASON,18.0,Real Madrid CF,Real Betis Balompié,5,1,H
537979,2026-01-04 15:15:00+00:00,PL,2025,REGULAR_SEASON,20.0,Fulham FC,Liverpool FC,2,2,D
545850,2026-01-04 15:30:00+00:00,PPL,2025,REGULAR_SEASON,17.0,Rio Ave FC,Casa Pia AC,3,1,H
542558,2026-01-04 16:15:00+00:00,FL1,2025,REGULAR_SEASON,17.0,Stade Brestois 29,AJ Auxerre,2,0,H
542552,2026-01-04 16:15:00+00:00,FL1,2025,REGULAR_SEASON,17.0,FC Lorient,FC Metz,1,1,D
542550,2026-01-04 16:15:00+00:00,FL1,2025,REGULAR_SEASON,17.0,Le Havre AC,Angers SCO,2,1,H
536990,2026-01-04 17:00:00+00:00,SA,2025,REGULAR_SEASON,18.0,Hellas Verona FC,Torino FC,0,3,A
544389,2026-01-04 17:30:00+00:00,PD,2025,REGULAR_SEASON,18.0,RCD Mallorca,Girona FC,1,2,A
544381,2026-01-04 17:30:00+00:00,PD,2025,REGULAR_SEASON,18.0,Deportivo Alavés,Real Oviedo,1,1,D
537981,2026-01-04 17:30:00+00:00,PL,2025,REGULAR_SEASON,20.0,Manchester City FC,Chelsea FC,1,1,D
545847,2026-01-04 18:00:00+00:00,PPL,2025,REGULAR_SEASON,17.0,CD Santa Clara,FC Porto,0,1,A
536991,2026-01-04 19:45:00+00:00,SA,2025,REGULAR_SEASON,18.0,FC Internazionale Milano,Bologna FC 1909,3,1,H
542557,2026-01-04 19:45:00+00:00,FL1,2025,REGULAR_SEASON,17.0,Paris Saint-Germain FC,Paris FC,2,1,H
544385,2026-01-04 20:00:00+00:00,PD,2025,REGULAR_SEASON,18.0,Real Sociedad de Fútbol,Club Atlético de Madrid,1,1,D
545845,2026-01-04 20:30:00+00:00,PPL,2025,REGULAR_SEASON,17.0,FC Alverca,FC Famalicão,1,0,H
537000,2026-01-06 14:00:00+00:00,SA,2025,REGULAR_SEASON,19.0,AC Pisa 1909,Como 1907,0,3,A
537004,2026-01-06 17:00:00+00:00,SA,2025,REGULAR_SEASON,19.0,US Lecce,AS Roma,0,2,A
537001,2026-01-06 19:45:00+00:00,SA,2025,REGULAR_SEASON,19.0,US Sassuolo Calcio,Juventus FC,0,3,A
537994,2026-01-06 20:00:00+00:00,PL,2025,REGULAR_SEASON,21.0,West Ham United FC,Nottingham Forest FC,1,2,A
536996,2026-01-07 17:30:00+00:00,SA,2025,REGULAR_SEASON,19.0,Bologna FC 1909,Atalanta BC,0,2,A
537002,2026-01-07 17:30:00+00:00,SA,2025,REGULAR_SEASON,19.0,SSC Napoli,Hellas Verona FC,2,2,D
537992,2026-01-07 19:30:00+00:00,PL,2025,REGULAR_SEASON,21.0,Manchester City FC,Brighton & Hove Albion FC,1,1,D
537991,2026-01-07 19:30:00+00:00,PL,2025,REGULAR_SEASON,21.0,Fulham FC,Chelsea FC,2,1,H
537988,2026-01-07 19:30:00+00:00,PL,2025,REGULAR_SEASON,21.0,Brentford FC,Sunderland AFC,3,0,H
537986,2026-01-07 19:30:00+00:00,PL,2025,REGULAR_SEASON,21.0,Crystal Palace FC,Aston Villa FC,0,0,D
537985,2026-01-07 19:30:00+00:00,PL,2025,REGULAR_SEASON,21.0,AFC Bournemouth,Tottenham Hotspur FC,3,2,H
537990,2026-01-07 19:30:00+00:00,PL,2025,REGULAR_SEASON,21.0,Everton FC,Wolverhampton Wanderers FC,1,1,D
536999,2026-01-07 19:45:00+00:00,SA,2025,REGULAR_SEASON,19.0,Parma Calcio 1913,FC Internazionale Milano,0,2,A
536998,2026-01-07 19:45:00+00:00,SA,2025,REGULAR_SEASON,19.0,SS Lazio,ACF Fiorentina,2,2,D
536997,2026-01-07 19:45:00+00:00,SA,2025,REGULAR_SEASON,19.0,Torino FC,Udinese Calcio,1,2,A
537993,2026-01-07 20:15:00+00:00,PL,2025,REGULAR_SEASON,21.0,Newcastle United FC,Leeds United FC,4,3,H
537989,2026-01-07 20:15:00+00:00,PL,2025,REGULAR_SEASON,21.0,Burnley FC,Manchester United FC,2,2,D
537003,2026-01-08 17:30:00+00:00,SA,2025,REGULAR_SEASON,19.0,US Cremonese,Cagliari Calcio,2,2,D
536995,2026-01-08 19:45:00+00:00,SA,2025,REGULAR_SEASON,19.0,AC Milan,Genoa CFC,1,1,D
537987,2026-01-08 20:00:00+00:00,PL,2025,REGULAR_SEASON,21.0,Arsenal FC,Liverpool FC,0,0,D
540543,2026-01-09 19:30:00+00:00,BL1,2025,REGULAR_SEASON,16.0,Eintracht Frankfurt,Borussia Dortmund,3,3,D
544392,2026-01-09 20:00:00+00:00,PD,2025,REGULAR_SEASON,19.0,Getafe CF,Real Sociedad de Fútbol,1,2,A
544396,2026-01-10 13:00:00+00:00,PD,2025,REGULAR_SEASON,19.0,Real Oviedo,Real Betis Balompié,1,1,D
537009,2026-01-10 14:00:00+00:00,SA,2025,REGULAR_SEASON,20.0,Como 1907,Bologna FC 1909,1,1,D
537013,2026-01-10 14:00:00+00:00,SA,2025,REGULAR_SEASON,20.0,Udinese Calcio,AC Pisa 1909,2,2,D
540549,2026-01-10 14:30:00+00:00,BL1,2025,REGULAR_SEASON,16.0,1. FC Heidenheim 1846,1. FC Köln,2,2,D
540544,2026-01-10 14:30:00+00:00,BL1,2025,REGULAR_SEASON,16.0,SC Freiburg,Hamburger SV,2,1,H
540547,2026-01-10 14:30:00+00:00,BL1,2025,REGULAR_SEASON,16.0,1. FC Union Berlin,1. FSV Mainz 05,2,2,D
544394,2026-01-10 15:15:00+00:00,PD,2025,REGULAR_SEASON,19.0,Villarreal CF,Deportivo Alavés,3,1,H
537594,2026-01-10 15:30:00+00:00,DED,2025,REGULAR_SEASON,18.0,AZ,FC Volendam,1,0,H
537006,2026-01-10 17:00:00+00:00,SA,2025,REGULAR_SEASON,20.0,AS Roma,US Sassuolo Calcio,2,0,H
540542,2026-01-10 17:30:00+00:00,BL1,2025,REGULAR_SEASON,16.0,Bayer 04 Leverkusen,VfB Stuttgart,1,4,A
544393,2026-01-10 17:30:00+00:00,PD,2025,REGULAR_SEASON,19.0,Girona FC,CA Osasuna,1,0,H
537602,2026-01-10 17:45:00+00:00,DED,2025,REGULAR_SEASON,18.0,FC Twente '65,PEC Zwolle,1,1,D
537598,2026-01-10 19:00:00+00:00,DED,2025,REGULAR_SEASON,18.0,PSV,SBV Excelsior,5,1,H
537007,2026-01-10 19:45:00+00:00,SA,2025,REGULAR_SEASON,20.0,Atalanta BC,Torino FC,2,0,H
537595,2026-01-10 20:00:00+00:00,DED,2025,REGULAR_SEASON,18.0,FC Groningen,NAC Breda,0,0,D
544398,2026-01-10 20:00:00+00:00,PD,2025,REGULAR_SEASON,19.0,Valencia CF,Elche CF,1,1,D
537599,2026-01-11 11:15:00+00:00,DED,2025,REGULAR_SEASON,18.0,SC Heerenveen,Feyenoord Rotterdam,2,2,D
537014,2026-01-11 11:30:00+00:00,SA,2025,REGULAR_SEASON,20.0,US Lecce,Parma Calcio 1913,1,2,A
544400,2026-01-11 13:00:00+00:00,PD,2025,REGULAR_SEASON,19.0,Rayo Vallecano de Madrid,RCD Mallorca,2,1,H
537596,2026-01-11 13:30:00+00:00,DED,2025,REGULAR_SEASON,18.0,Go Ahead Eagles,Fortuna Sittard,2,2,D
537601,2026-01-11 13:30:00+00:00,DED,2025,REGULAR_SEASON,18.0,Telstar 1963,AFC Ajax,2,3,A
537005,2026-01-11 14:00:00+00:00,SA,2025,REGULAR_SEASON,20.0,ACF Fiorentina,AC Milan,1,1,D
540546,2026-01-11 14:30:00+00:00,BL1,2025,REGULAR_SEASON,16.0,Borussia Mönchengladbach,FC Augsburg,4,0,H
544399,2026-01-11 15:15:00+00:00,PD,2025,REGULAR_SEASON,19.0,Levante UD,RCD Espanyol de Barcelona,1,1,D
545842,2026-01-11 15:30:00+00:00,PPL,2025,REGULAR_SEASON,16.0,CD Nacional,CD Santa Clara,3,3,D
537600,2026-01-11 15:45:00+00:00,DED,2025,REGULAR_SEASON,18.0,Sparta Rotterdam,Heracles Almelo,2,0,H
540541,2026-01-11 16:30:00+00:00,BL1,2025,REGULAR_SEASON,16.0,FC Bayern München,VfL Wolfsburg,8,1,H
537010,2026-01-11 17:00:00+00:00,SA,2025,REGULAR_SEASON,20.0,Hellas Verona FC,SS Lazio,0,1,A
545837,2026-01-11 18:00:00+00:00,PPL,2025,REGULAR_SEASON,16.0,Moreirense FC,CD Tondela,1,0,H
537011,2026-01-11 19:45:00+00:00,SA,2025,REGULAR_SEASON,20.0,FC Internazionale Milano,SSC Napoli,2,2,D
537008,2026-01-12 17:30:00+00:00,SA,2025,REGULAR_SEASON,20.0,Genoa CFC,Cagliari Calcio,3,0,H
537012,2026-01-12 19:45:00+00:00,SA,2025,REGULAR_SEASON,20.0,Juventus FC,US Cremonese,5,0,H
544397,2026-01-12 20:00:00+00:00,PD,2025,REGULAR_SEASON,19.0,Sevilla FC,RC Celta de Vigo,0,1,A
540553,2026-01-13 17:30:00+00:00,BL1,2025,REGULAR_SEASON,17.0,VfB Stuttgart,Eintracht Frankfurt,3,2,H
540551,2026-01-13 19:30:00+00:00,BL1,2025,REGULAR_SEASON,17.0,1. FSV Mainz 05,1. FC Heidenheim 1846,2,1,H
540550,2026-01-13 19:30:00+00:00,BL1,2025,REGULAR_SEASON,17.0,Borussia Dortmund,SV Werder Bremen,3,0,H
536974,2026-01-14 17:30:00+00:00,SA,2025,REGULAR_SEASON,16.0,SSC Napoli,Parma Calcio 1913,0,0,D
540554,2026-01-14 17:30:00+00:00,BL1,2025,REGULAR_SEASON,17.0,VfL Wolfsburg,FC St. Pauli 1910,2,1,H
540556,2026-01-14 19:30:00+00:00,BL1,2025,REGULAR_SEASON,17.0,TSG 1899 Hoffenheim,Borussia Mönchengladbach,5,1,H
540557,2026-01-14 19:30:00+00:00,BL1,2025,REGULAR_SEASON,17.0,1. FC Köln,FC Bayern München,1,3,A
540552,2026-01-14 19:30:00+00:00,BL1,2025,REGULAR_SEASON,17.0,RB Leipzig,SC Freiburg,2,0,H
536970,2026-01-14 19:45:00+00:00,SA,2025,REGULAR_SEASON,16.0,FC Internazionale Milano,US Lecce,1,0,H
536969,2026-01-15 17:30:00+00:00,SA,2025,REGULAR_SEASON,16.0,Hellas Verona FC,Bologna FC 1909,2,3,A
540555,2026-01-15 19:30:00+00:00,BL1,2025,REGULAR_SEASON,17.0,FC Augsburg,1. FC Union Berlin,1,1,D
536968,2026-01-15 19:45:00+00:00,SA,2025,REGULAR_SEASON,16.0,Como 1907,AC Milan,1,3,A
542559,2026-01-16 18:00:00+00:00,FL1,2025,REGULAR_SEASON,18.0,AS Monaco FC,FC Lorient,1,3,A
540560,2026-01-16 19:30:00+00:00,BL1,2025,REGULAR_SEASON,18.0,SV Werder Bremen,Eintracht Frankfurt,3,3,D
537021,2026-01-16 19:45:00+00:00,SA,2025,REGULAR_SEASON,21.0,AC Pisa 1909,Atalanta BC,1,1,D
544404,2026-01-16 20:00:00+00:00,PD,2025,REGULAR_SEASON,20.0,RCD Espanyol de Barcelona,Girona FC,0,2,A
542563,2026-01-16 20:00:00+00:00,FL1,2025,REGULAR_SEASON,18.0,Paris Saint-Germain FC,Lille OSC,3,0,H
545853,2026-01-16 20:15:00+00:00,PPL,2025,REGULAR_SEASON,18.0,Sporting Clube de Portugal,Casa Pia AC,3,0,H
538001,2026-01-17 12:30:00+00:00,PL,2025,REGULAR_SEASON,22.0,Manchester United FC,Manchester City FC,2,0,H
544410,2026-01-17 13:00:00+00:00,PD,2025,REGULAR_SEASON,20.0,Real Madrid CF,Levante UD,2,0,H
537023,2026-01-17 14:00:00+00:00,SA,2025,REGULAR_SEASON,21.0,Udinese Calcio,FC Internazionale Milano,0,1,A
540561,2026-01-17 14:30:00+00:00,BL1,2025,REGULAR_SEASON,18.0,TSG 1899 Hoffenheim,Bayer 04 Leverkusen,1,0,H
540567,2026-01-17 14:30:00+00:00,BL1,2025,REGULAR_SEASON,18.0,VfL Wolfsburg,1. FC Heidenheim 1846,1,1,D
540564,2026-01-17 14:30:00+00:00,BL1,2025,REGULAR_SEASON,18.0,Hamburger SV,Borussia Mönchengladbach,0,0,D
540566,2026-01-17 14:30:00+00:00,BL1,2025,REGULAR_SEASON,18.0,Borussia Dortmund,FC St. Pauli 1910,3,2,H
540563,2026-01-17 14:30:00+00:00,BL1,2025,REGULAR_SEASON,18.0,1. FC Köln,1. FSV Mainz 05,2,1,H
537999,2026-01-17 15:00:00+00:00,PL,2025,REGULAR_SEASON,22.0,Liverpool FC,Burnley FC,1,1,D
538000,2026-01-17 15:00:00+00:00,PL,2025,REGULAR_SEASON,22.0,Leeds United FC,Fulham FC,1,0,H
538003,2026-01-17 15:00:00+00:00,PL,2025,REGULAR_SEASON,22.0,Tottenham Hotspur FC,West Ham United FC,1,2,A
537998,2026-01-17 15:00:00+00:00,PL,2025,REGULAR_SEASON,22.0,Chelsea FC,Brentford FC,2,0,H
537995,2026-01-17 15:00:00+00:00,PL,2025,REGULAR_SEASON,22.0,Sunderland AFC,Crystal Palace FC,2,1,H
544408,2026-01-17 15:15:00+00:00,PD,2025,REGULAR_SEASON,20.0,RCD Mallorca,Athletic Club,3,2,H
537603,2026-01-17 15:30:00+00:00,DED,2025,REGULAR_SEASON,19.0,AFC Ajax,Go Ahead Eagles,2,2,D
545859,2026-01-17 15:30:00+00:00,PPL,2025,REGULAR_SEASON,18.0,Gil Vicente FC,CD Nacional,2,1,H
542565,2026-01-17 16:00:00+00:00,FL1,2025,REGULAR_SEASON,18.0,Racing Club de Lens,AJ Auxerre,1,0,H
537022,2026-01-17 17:00:00+00:00,SA,2025,REGULAR_SEASON,21.0,SSC Napoli,US Sassuolo Calcio,1,0,H
540559,2026-01-17 17:30:00+00:00,BL1,2025,REGULAR_SEASON,18.0,RB Leipzig,FC Bayern München,1,5,A
544406,2026-01-17 17:30:00+00:00,PD,2025,REGULAR_SEASON,20.0,CA Osasuna,Real Oviedo,3,2,H
538002,2026-01-17 17:30:00+00:00,PL,2025,REGULAR_SEASON,22.0,Nottingham Forest FC,Arsenal FC,0,0,D
537610,2026-01-17 17:45:00+00:00,DED,2025,REGULAR_SEASON,19.0,PEC Zwolle,AZ,3,1,H
545856,2026-01-17 18:00:00+00:00,PPL,2025,REGULAR_SEASON,18.0,AVS,FC Arouca,0,1,A
542561,2026-01-17 18:00:00+00:00,FL1,2025,REGULAR_SEASON,18.0,Toulouse FC,OGC Nice,5,1,H
545858,2026-01-17 18:00:00+00:00,PPL,2025,REGULAR_SEASON,18.0,FC Alverca,Moreirense FC,2,1,H
537607,2026-01-17 19:00:00+00:00,DED,2025,REGULAR_SEASON,19.0,Fortuna Sittard,PSV,1,2,A
537604,2026-01-17 19:00:00+00:00,DED,2025,REGULAR_SEASON,19.0,SBV Excelsior,Telstar 1963,2,2,D
537016,2026-01-17 19:45:00+00:00,SA,2025,REGULAR_SEASON,21.0,Cagliari Calcio,Juventus FC,1,0,H
537609,2026-01-17 20:00:00+00:00,DED,2025,REGULAR_SEASON,19.0,NAC Breda,NEC,3,4,A
544401,2026-01-17 20:00:00+00:00,PD,2025,REGULAR_SEASON,20.0,Real Betis Balompié,Villarreal CF,2,0,H
542566,2026-01-17 20:05:00+00:00,FL1,2025,REGULAR_SEASON,18.0,Angers SCO,Olympique de Marseille,2,5,A
545855,2026-01-17 20:30:00+00:00,PPL,2025,REGULAR_SEASON,18.0,Rio Ave FC,Sport Lisboa e Benfica,0,2,A
537611,2026-01-18 11:15:00+00:00,DED,2025,REGULAR_SEASON,19.0,SC Heerenveen,FC Groningen,0,2,A
537020,2026-01-18 11:30:00+00:00,SA,2025,REGULAR_SEASON,21.0,Parma Calcio 1913,Genoa CFC,0,0,D
544405,2026-01-18 13:00:00+00:00,PD,2025,REGULAR_SEASON,20.0,Getafe CF,Valencia CF,0,1,A
537608,2026-01-18 13:30:00+00:00,DED,2025,REGULAR_SEASON,19.0,Heracles Almelo,FC Twente '65,0,2,A
537605,2026-01-18 13:30:00+00:00,DED,2025,REGULAR_SEASON,19.0,FC Volendam,FC Utrecht,2,1,H
542564,2026-01-18 14:00:00+00:00,FL1,2025,REGULAR_SEASON,18.0,RC Strasbourg Alsace,FC Metz,2,1,H
537017,2026-01-18 14:00:00+00:00,SA,2025,REGULAR_SEASON,21.0,Bologna FC 1909,ACF Fiorentina,1,2,A
538004,2026-01-18 14:00:00+00:00,PL,2025,REGULAR_SEASON,22.0,Wolverhampton Wanderers FC,Newcastle United FC,0,0,D
540565,2026-01-18 14:30:00+00:00,BL1,2025,REGULAR_SEASON,18.0,VfB Stuttgart,1. FC Union Berlin,1,1,D
544407,2026-01-18 15:15:00+00:00,PD,2025,REGULAR_SEASON,20.0,Club Atlético de Madrid,Deportivo Alavés,1,0,H
545860,2026-01-18 15:30:00+00:00,PPL,2025,REGULAR_SEASON,18.0,CD Santa Clara,FC Famalicão,0,1,A
537606,2026-01-18 15:45:00+00:00,DED,2025,REGULAR_SEASON,19.0,Feyenoord Rotterdam,Sparta Rotterdam,3,4,A
542567,2026-01-18 16:15:00+00:00,FL1,2025,REGULAR_SEASON,18.0,Stade Rennais FC 1901,Le Havre AC,1,1,D
542560,2026-01-18 16:15:00+00:00,FL1,2025,REGULAR_SEASON,18.0,FC Nantes,Paris FC,1,2,A
537996,2026-01-18 16:30:00+00:00,PL,2025,REGULAR_SEASON,22.0,Aston Villa FC,Everton FC,0,1,A
540562,2026-01-18 16:30:00+00:00,BL1,2025,REGULAR_SEASON,18.0,FC Augsburg,SC Freiburg,2,2,D
537018,2026-01-18 17:00:00+00:00,SA,2025,REGULAR_SEASON,21.0,Torino FC,AS Roma,0,2,A
544402,2026-01-18 17:30:00+00:00,PD,2025,REGULAR_SEASON,20.0,RC Celta de Vigo,Rayo Vallecano de Madrid,3,0,H
545854,2026-01-18 18:00:00+00:00,PPL,2025,REGULAR_SEASON,18.0,CD Tondela,Sporting Clube de Braga,0,1,A
542562,2026-01-18 19:45:00+00:00,FL1,2025,REGULAR_SEASON,18.0,Olympique Lyonnais,Stade Brestois 29,2,1,H
537015,2026-01-18 19:45:00+00:00,SA,2025,REGULAR_SEASON,21.0,AC Milan,US Lecce,1,0,H
544409,2026-01-18 20:00:00+00:00,PD,2025,REGULAR_SEASON,20.0,Real Sociedad de Fútbol,FC Barcelona,2,1,H
545861,2026-01-18 20:30:00+00:00,PPL,2025,REGULAR_SEASON,18.0,Vitória SC,FC Porto,0,1,A
537024,2026-01-19 17:30:00+00:00,SA,2025,REGULAR_SEASON,21.0,US Cremonese,Hellas Verona FC,0,0,D
537019,2026-01-19 19:45:00+00:00,SA,2025,REGULAR_SEASON,21.0,SS Lazio,Como 1907,0,3,A
537997,2026-01-19 20:00:00+00:00,PL,2025,REGULAR_SEASON,22.0,Brighton & Hove Albion FC,AFC Bournemouth,1,1,D
544403,2026-01-19 20:00:00+00:00,PD,2025,REGULAR_SEASON,20.0,Elche CF,Sevilla FC,2,2,D
545857,2026-01-19 20:15:00+00:00,PPL,2025,REGULAR_SEASON,18.0,CF Estrela da Amadora,GD Estoril Praia,0,5,A
551996,2026-01-20 15:30:00+00:00,CL,2025,LEAGUE_STAGE,7.0,FK Kairat,Club Brugge KV,1,4,A
551966,2026-01-20 17:45:00+00:00,CL,2025,LEAGUE_STAGE,7.0,FK Bodø/Glimt,Manchester City FC,3,1,H
552038,2026-01-20 20:00:00+00:00,CL,2025,LEAGUE_STAGE,7.0,FC København,SSC Napoli,1,1,D
552011,2026-01-20 20:00:00+00:00,CL,2025,LEAGUE_STAGE,7.0,Villarreal CF,AFC Ajax,1,2,A
551973,2026-01-20 20:00:00+00:00,CL,2025,LEAGUE_STAGE,7.0,PAE Olympiakos SFP,Bayer 04 Leverkusen,2,0,H
551933,2026-01-20 20:00:00+00:00,CL,2025,LEAGUE_STAGE,7.0,FC Internazionale Milano,Arsenal FC,1,3,A
551943,2026-01-20 20:00:00+00:00,CL,2025,LEAGUE_STAGE,7.0,Tottenham Hotspur FC,Borussia Dortmund,2,0,H
551929,2026-01-20 20:00:00+00:00,CL,2025,LEAGUE_STAGE,7.0,Real Madrid CF,AS Monaco FC,6,1,H
551962,2026-01-20 20:00:00+00:00,CL,2025,LEAGUE_STAGE,7.0,Sporting Clube de Portugal,Paris Saint-Germain FC,2,1,H
552001,2026-01-21 17:45:00+00:00,CL,2025,LEAGUE_STAGE,7.0,Qarabağ Ağdam FK,Eintracht Frankfurt,3,2,H
552010,2026-01-21 17:45:00+00:00,CL,2025,LEAGUE_STAGE,7.0,Galatasaray SK,Club Atlético de Madrid,1,1,D
537577,2026-01-21 17:45:00+00:00,DED,2025,REGULAR_SEASON,16.0,AZ,SBV Excelsior,1,1,D
551914,2026-01-21 20:00:00+00:00,CL,2025,LEAGUE_STAGE,7.0,FC Bayern München,Royale Union Saint-Gilloise,2,0,H
552036,2026-01-21 20:00:00+00:00,CL,2025,LEAGUE_STAGE,7.0,Newcastle United FC,PSV,3,0,H
551949,2026-01-21 20:00:00+00:00,CL,2025,LEAGUE_STAGE,7.0,Olympique de Marseille,Liverpool FC,0,3,A
551986,2026-01-21 20:00:00+00:00,CL,2025,LEAGUE_STAGE,7.0,Atalanta BC,Athletic Club,2,3,A
551956,2026-01-21 20:00:00+00:00,CL,2025,LEAGUE_STAGE,7.0,SK Slavia Praha,FC Barcelona,2,4,A
551988,2026-01-21 20:00:00+00:00,CL,2025,LEAGUE_STAGE,7.0,Juventus FC,Sport Lisboa e Benfica,2,0,H
551921,2026-01-21 20:00:00+00:00,CL,2025,LEAGUE_STAGE,7.0,Chelsea FC,Paphos FC,1,0,H
542569,2026-01-23 19:00:00+00:00,FL1,2025,REGULAR_SEASON,19.0,AJ Auxerre,Paris Saint-Germain FC,0,1,A
540576,2026-01-23 19:30:00+00:00,BL1,2025,REGULAR_SEASON,19.0,FC St. Pauli 1910,Hamburger SV,0,0,D
537031,2026-01-23 19:45:00+00:00,SA,2025,REGULAR_SEASON,22.0,FC Internazionale Milano,AC Pisa 1909,6,2,H
544416,2026-01-23 20:00:00+00:00,PD,2025,REGULAR_SEASON,21.0,Levante UD,Elche CF,3,2,H
545862,2026-01-23 20:15:00+00:00,PPL,2025,REGULAR_SEASON,19.0,Casa Pia AC,AVS,3,3,D
538014,2026-01-24 12:30:00+00:00,PL,2025,REGULAR_SEASON,23.0,West Ham United FC,Sunderland AFC,3,1,H
544419,2026-01-24 13:00:00+00:00,PD,2025,REGULAR_SEASON,21.0,Rayo Vallecano de Madrid,CA Osasuna,1,3,A
537029,2026-01-24 14:00:00+00:00,SA,2025,REGULAR_SEASON,22.0,Como 1907,Torino FC,6,0,H
540573,2026-01-24 14:30:00+00:00,BL1,2025,REGULAR_SEASON,19.0,FC Bayern München,FC Augsburg,1,2,A
540569,2026-01-24 14:30:00+00:00,BL1,2025,REGULAR_SEASON,19.0,1. FC Heidenheim 1846,RB Leipzig,0,3,A
540570,2026-01-24 14:30:00+00:00,BL1,2025,REGULAR_SEASON,19.0,Bayer 04 Leverkusen,SV Werder Bremen,1,0,H
540572,2026-01-24 14:30:00+00:00,BL1,2025,REGULAR_SEASON,19.0,1. FSV Mainz 05,VfL Wolfsburg,3,1,H
540574,2026-01-24 14:30:00+00:00,BL1,2025,REGULAR_SEASON,19.0,Eintracht Frankfurt,TSG 1899 Hoffenheim,1,3,A
538009,2026-01-24 15:00:00+00:00,PL,2025,REGULAR_SEASON,23.0,Burnley FC,Tottenham Hotspur FC,2,2,D
538012,2026-01-24 15:00:00+00:00,PL,2025,REGULAR_SEASON,23.0,Manchester City FC,Wolverhampton Wanderers FC,2,0,H
538011,2026-01-24 15:00:00+00:00,PL,2025,REGULAR_SEASON,23.0,Fulham FC,Brighton & Hove Albion FC,2,1,H
544417,2026-01-24 15:15:00+00:00,PD,2025,REGULAR_SEASON,21.0,Valencia CF,RCD Espanyol de Barcelona,3,2,H
537612,2026-01-24 15:30:00+00:00,DED,2025,REGULAR_SEASON,20.0,AFC Ajax,FC Volendam,2,0,H
545865,2026-01-24 15:30:00+00:00,PPL,2025,REGULAR_SEASON,19.0,Moreirense FC,CD Santa Clara,1,0,H
542576,2026-01-24 16:00:00+00:00,FL1,2025,REGULAR_SEASON,19.0,Stade Rennais FC 1901,FC Lorient,0,2,A
537025,2026-01-24 17:00:00+00:00,SA,2025,REGULAR_SEASON,22.0,ACF Fiorentina,Cagliari Calcio,1,2,A
538005,2026-01-24 17:30:00+00:00,PL,2025,REGULAR_SEASON,23.0,AFC Bournemouth,Liverpool FC,3,2,H
540568,2026-01-24 17:30:00+00:00,BL1,2025,REGULAR_SEASON,19.0,1. FC Union Berlin,Borussia Dortmund,0,3,A
544414,2026-01-24 17:30:00+00:00,PD,2025,REGULAR_SEASON,21.0,Sevilla FC,Athletic Club,2,1,H
537617,2026-01-24 17:45:00+00:00,DED,2025,REGULAR_SEASON,20.0,NEC,PEC Zwolle,2,1,H
545868,2026-01-24 18:00:00+00:00,PPL,2025,REGULAR_SEASON,19.0,FC Arouca,Sporting Clube de Portugal,1,2,A
542568,2026-01-24 18:00:00+00:00,FL1,2025,REGULAR_SEASON,19.0,Le Havre AC,AS Monaco FC,0,0,D
537618,2026-01-24 19:00:00+00:00,DED,2025,REGULAR_SEASON,20.0,PSV,NAC Breda,2,2,D
537034,2026-01-24 19:45:00+00:00,SA,2025,REGULAR_SEASON,22.0,US Lecce,SS Lazio,0,0,D
537620,2026-01-24 20:00:00+00:00,DED,2025,REGULAR_SEASON,20.0,FC Twente '65,SBV Excelsior,0,0,D
544420,2026-01-24 20:00:00+00:00,PD,2025,REGULAR_SEASON,21.0,Villarreal CF,Real Madrid CF,0,2,A
542573,2026-01-24 20:05:00+00:00,FL1,2025,REGULAR_SEASON,19.0,Olympique de Marseille,Racing Club de Lens,3,1,H
545867,2026-01-24 20:30:00+00:00,PPL,2025,REGULAR_SEASON,19.0,GD Estoril Praia,Vitória SC,4,2,H
537619,2026-01-25 11:15:00+00:00,DED,2025,REGULAR_SEASON,20.0,Telstar 1963,AZ,0,1,A
537033,2026-01-25 11:30:00+00:00,SA,2025,REGULAR_SEASON,22.0,US Sassuolo Calcio,US Cremonese,1,0,H
544412,2026-01-25 13:00:00+00:00,PD,2025,REGULAR_SEASON,21.0,Club Atlético de Madrid,RCD Mallorca,3,0,H
537613,2026-01-25 13:30:00+00:00,DED,2025,REGULAR_SEASON,20.0,FC Groningen,Fortuna Sittard,1,2,A
538013,2026-01-25 14:00:00+00:00,PL,2025,REGULAR_SEASON,23.0,Newcastle United FC,Aston Villa FC,0,2,A
538008,2026-01-25 14:00:00+00:00,PL,2025,REGULAR_SEASON,23.0,Brentford FC,Nottingham Forest FC,0,2,A
537027,2026-01-25 14:00:00+00:00,SA,2025,REGULAR_SEASON,22.0,Atalanta BC,Parma Calcio 1913,4,0,H
537028,2026-01-25 14:00:00+00:00,SA,2025,REGULAR_SEASON,22.0,Genoa CFC,Bologna FC 1909,3,2,H
538006,2026-01-25 14:00:00+00:00,PL,2025,REGULAR_SEASON,23.0,Crystal Palace FC,Chelsea FC,1,3,A
542571,2026-01-25 14:00:00+00:00,FL1,2025,REGULAR_SEASON,19.0,FC Nantes,OGC Nice,1,4,A
540571,2026-01-25 14:30:00+00:00,BL1,2025,REGULAR_SEASON,19.0,Borussia Mönchengladbach,VfB Stuttgart,0,3,A
544413,2026-01-25 15:15:00+00:00,PD,2025,REGULAR_SEASON,21.0,FC Barcelona,Real Oviedo,3,0,H
545866,2026-01-25 15:30:00+00:00,PPL,2025,REGULAR_SEASON,19.0,CD Nacional,Rio Ave FC,4,0,H
537614,2026-01-25 15:45:00+00:00,DED,2025,REGULAR_SEASON,20.0,FC Utrecht,Sparta Rotterdam,0,1,A
537615,2026-01-25 15:45:00+00:00,DED,2025,REGULAR_SEASON,20.0,Feyenoord Rotterdam,Heracles Almelo,4,2,H
542570,2026-01-25 16:15:00+00:00,FL1,2025,REGULAR_SEASON,19.0,FC Metz,Olympique Lyonnais,2,5,A
542572,2026-01-25 16:15:00+00:00,FL1,2025,REGULAR_SEASON,19.0,Paris FC,Angers SCO,0,0,D
542575,2026-01-25 16:15:00+00:00,FL1,2025,REGULAR_SEASON,19.0,Stade Brestois 29,Toulouse FC,0,2,A
538007,2026-01-25 16:30:00+00:00,PL,2025,REGULAR_SEASON,23.0,Arsenal FC,Manchester United FC,2,3,A
540575,2026-01-25 16:30:00+00:00,BL1,2025,REGULAR_SEASON,19.0,SC Freiburg,1. FC Köln,2,1,H
537032,2026-01-25 17:00:00+00:00,SA,2025,REGULAR_SEASON,22.0,Juventus FC,SSC Napoli,3,0,H
544415,2026-01-25 17:30:00+00:00,PD,2025,REGULAR_SEASON,21.0,Real Sociedad de Fútbol,RC Celta de Vigo,3,1,H
545869,2026-01-25 18:00:00+00:00,PPL,2025,REGULAR_SEASON,19.0,FC Famalicão,CD Tondela,3,0,H
545870,2026-01-25 18:00:00+00:00,PPL,2025,REGULAR_SEASON,19.0,Sport Lisboa e Benfica,CF Estrela da Amadora,4,0,H
537026,2026-01-25 19:45:00+00:00,SA,2025,REGULAR_SEASON,22.0,AS Roma,AC Milan,1,1,D
542574,2026-01-25 19:45:00+00:00,FL1,2025,REGULAR_SEASON,19.0,Lille OSC,RC Strasbourg Alsace,1,4,A
544411,2026-01-25 20:00:00+00:00,PD,2025,REGULAR_SEASON,21.0,Deportivo Alavés,Real Betis Balompié,2,1,H
545863,2026-01-25 20:30:00+00:00,PPL,2025,REGULAR_SEASON,19.0,Sporting Clube de Braga,FC Alverca,5,0,H
537030,2026-01-26 19:45:00+00:00,SA,2025,REGULAR_SEASON,22.0,Hellas Verona FC,Udinese Calcio,1,3,A
538010,2026-01-26 20:00:00+00:00,PL,2025,REGULAR_SEASON,23.0,Everton FC,Leeds United FC,1,1,D
544418,2026-01-26 20:00:00+00:00,PD,2025,REGULAR_SEASON,21.0,Girona FC,Getafe CF,1,1,D
545864,2026-01-26 20:15:00+00:00,PPL,2025,REGULAR_SEASON,19.0,FC Porto,Gil Vicente FC,3,0,H
540545,2026-01-27 19:30:00+00:00,BL1,2025,REGULAR_SEASON,16.0,SV Werder Bremen,TSG 1899 Hoffenheim,0,2,A
540548,2026-01-27 19:30:00+00:00,BL1,2025,REGULAR_SEASON,16.0,FC St. Pauli 1910,RB Leipzig,1,1,D
551913,2026-01-28 20:00:00+00:00,CL,2025,LEAGUE_STAGE,8.0,PSV,FC Bayern München,1,2,A
551926,2026-01-28 20:00:00+00:00,CL,2025,LEAGUE_STAGE,8.0,Sport Lisboa e Benfica,Real Madrid CF,4,2,H
551980,2026-01-28 20:00:00+00:00,CL,2025,LEAGUE_STAGE,8.0,Arsenal FC,FK Kairat,3,2,H
551993,2026-01-28 20:00:00+00:00,CL,2025,LEAGUE_STAGE,8.0,Club Brugge KV,Olympique de Marseille,3,0,H
552028,2026-01-28 20:00:00+00:00,CL,2025,LEAGUE_STAGE,8.0,Athletic Club,Sporting Clube de Portugal,2,3,A
552006,2026-01-28 20:00:00+00:00,CL,2025,LEAGUE_STAGE,8.0,AS Monaco FC,Juventus FC,0,0,D
551970,2026-01-28 20:00:00+00:00,CL,2025,LEAGUE_STAGE,8.0,Bayer 04 Leverkusen,Villarreal CF,3,0,H
551957,2026-01-28 20:00:00+00:00,CL,2025,LEAGUE_STAGE,8.0,FC Barcelona,FC København,4,1,H
551950,2026-01-28 20:00:00+00:00,CL,2025,LEAGUE_STAGE,8.0,Liverpool FC,Qarabağ Ağdam FK,6,0,H
551998,2026-01-28 20:00:00+00:00,CL,2025,LEAGUE_STAGE,8.0,Eintracht Frankfurt,Tottenham Hotspur FC,0,2,A
551987,2026-01-28 20:00:00+00:00,CL,2025,LEAGUE_STAGE,8.0,Royale Union Saint-Gilloise,Atalanta BC,1,0,H
552007,2026-01-28 20:00:00+00:00,CL,2025,LEAGUE_STAGE,8.0,Club Atlético de Madrid,FK Bodø/Glimt,1,2,A
552030,2026-01-28 20:00:00+00:00,CL,2025,LEAGUE_STAGE,8.0,AFC Ajax,PAE Olympiakos SFP,1,2,A
552050,2026-01-28 20:00:00+00:00,CL,2025,LEAGUE_STAGE,8.0,Paris Saint-Germain FC,Newcastle United FC,1,1,D
552051,2026-01-28 20:00:00+00:00,CL,2025,LEAGUE_STAGE,8.0,Paphos FC,SK Slavia Praha,4,1,H
551932,2026-01-28 20:00:00+00:00,CL,2025,LEAGUE_STAGE,8.0,Borussia Dortmund,FC Internazionale Milano,0,2,A
551967,2026-01-28 20:00:00+00:00,CL,2025,LEAGUE_STAGE,8.0,Manchester City FC,Galatasaray SK,2,0,H
551920,2026-01-28 20:00:00+00:00,CL,2025,LEAGUE_STAGE,8.0,SSC Napoli,Chelsea FC,2,3,A
537625,2026-01-30 19:00:00+00:00,DED,2025,REGULAR_SEASON,21.0,NAC Breda,FC Twente '65,2,2,D
540582,2026-01-30 19:30:00+00:00,BL1,2025,REGULAR_SEASON,20.0,1. FC Köln,VfL Wolfsburg,1,0,H
537039,2026-01-30 19:45:00+00:00,SA,2025,REGULAR_SEASON,23.0,SS Lazio,Genoa CFC,3,2,H
542584,2026-01-30 19:45:00+00:00,FL1,2025,REGULAR_SEASON,20.0,Racing Club de Lens,Le Havre AC,1,0,H
544425,2026-01-30 20:00:00+00:00,PD,2025,REGULAR_SEASON,22.0,RCD Espanyol de Barcelona,Deportivo Alavés,1,2,A
545879,2026-01-30 20:45:00+00:00,PPL,2025,REGULAR_SEASON,20.0,Vitória SC,Moreirense FC,1,0,H
544429,2026-01-31 13:00:00+00:00,PD,2025,REGULAR_SEASON,22.0,Real Oviedo,Girona FC,1,0,H
537041,2026-01-31 14:00:00+00:00,SA,2025,REGULAR_SEASON,23.0,AC Pisa 1909,US Sassuolo Calcio,1,3,A
540580,2026-01-31 14:30:00+00:00,BL1,2025,REGULAR_SEASON,20.0,RB Leipzig,1. FSV Mainz 05,1,2,A
540581,2026-01-31 14:30:00+00:00,BL1,2025,REGULAR_SEASON,20.0,SV Werder Bremen,Borussia Mönchengladbach,1,1,D
540583,2026-01-31 14:30:00+00:00,BL1,2025,REGULAR_SEASON,20.0,TSG 1899 Hoffenheim,1. FC Union Berlin,3,1,H
540584,2026-01-31 14:30:00+00:00,BL1,2025,REGULAR_SEASON,20.0,FC Augsburg,FC St. Pauli 1910,2,1,H
540578,2026-01-31 14:30:00+00:00,BL1,2025,REGULAR_SEASON,20.0,Eintracht Frankfurt,Bayer 04 Leverkusen,1,3,A
538017,2026-01-31 15:00:00+00:00,PL,2025,REGULAR_SEASON,24.0,Brighton & Hove Albion FC,Everton FC,1,1,D
538020,2026-01-31 15:00:00+00:00,PL,2025,REGULAR_SEASON,24.0,Leeds United FC,Arsenal FC,0,4,A
538024,2026-01-31 15:00:00+00:00,PL,2025,REGULAR_SEASON,24.0,Wolverhampton Wanderers FC,AFC Bournemouth,0,2,A
544424,2026-01-31 15:15:00+00:00,PD,2025,REGULAR_SEASON,22.0,CA Osasuna,Villarreal CF,2,2,D
537621,2026-01-31 15:30:00+00:00,DED,2025,REGULAR_SEASON,21.0,AZ,NEC,1,3,A
545878,2026-01-31 15:30:00+00:00,PPL,2025,REGULAR_SEASON,20.0,CD Santa Clara,GD Estoril Praia,2,4,A
542579,2026-01-31 16:00:00+00:00,FL1,2025,REGULAR_SEASON,20.0,Paris FC,Olympique de Marseille,2,2,D
537042,2026-01-31 17:00:00+00:00,SA,2025,REGULAR_SEASON,23.0,SSC Napoli,ACF Fiorentina,2,1,H
538018,2026-01-31 17:30:00+00:00,PL,2025,REGULAR_SEASON,24.0,Chelsea FC,West Ham United FC,3,2,H
544426,2026-01-31 17:30:00+00:00,PD,2025,REGULAR_SEASON,22.0,Levante UD,Club Atlético de Madrid,0,0,D
540577,2026-01-31 17:30:00+00:00,BL1,2025,REGULAR_SEASON,20.0,Hamburger SV,FC Bayern München,2,2,D
537626,2026-01-31 17:45:00+00:00,DED,2025,REGULAR_SEASON,21.0,PEC Zwolle,Telstar 1963,4,1,H
545872,2026-01-31 18:00:00+00:00,PPL,2025,REGULAR_SEASON,20.0,Rio Ave FC,FC Arouca,0,3,A
542578,2026-01-31 18:00:00+00:00,FL1,2025,REGULAR_SEASON,20.0,FC Lorient,FC Nantes,2,1,H
537035,2026-01-31 19:45:00+00:00,SA,2025,REGULAR_SEASON,23.0,Cagliari Calcio,Hellas Verona FC,4,0,H
537629,2026-01-31 20:00:00+00:00,DED,2025,REGULAR_SEASON,21.0,Sparta Rotterdam,FC Groningen,2,0,H
544427,2026-01-31 20:00:00+00:00,PD,2025,REGULAR_SEASON,22.0,Elche CF,FC Barcelona,1,3,A
538019,2026-01-31 20:00:00+00:00,PL,2025,REGULAR_SEASON,24.0,Liverpool FC,Newcastle United FC,4,1,H
542577,2026-01-31 20:05:00+00:00,FL1,2025,REGULAR_SEASON,20.0,AS Monaco FC,Stade Rennais FC 1901,4,0,H
545877,2026-01-31 20:30:00+00:00,PPL,2025,REGULAR_SEASON,20.0,FC Alverca,CF Estrela da Amadora,1,1,D
537622,2026-02-01 11:15:00+00:00,DED,2025,REGULAR_SEASON,21.0,SBV Excelsior,AFC Ajax,2,2,D
537038,2026-02-01 11:30:00+00:00,SA,2025,REGULAR_SEASON,23.0,Torino FC,US Lecce,1,0,H
544430,2026-02-01 13:00:00+00:00,PD,2025,REGULAR_SEASON,22.0,Real Madrid CF,Rayo Vallecano de Madrid,2,1,H
537627,2026-02-01 13:30:00+00:00,DED,2025,REGULAR_SEASON,21.0,PSV,Feyenoord Rotterdam,3,0,H
537624,2026-02-01 13:30:00+00:00,DED,2025,REGULAR_SEASON,21.0,Heracles Almelo,Fortuna Sittard,2,1,H
538016,2026-02-01 14:00:00+00:00,PL,2025,REGULAR_SEASON,24.0,Aston Villa FC,Brentford FC,0,1,A
542582,2026-02-01 14:00:00+00:00,FL1,2025,REGULAR_SEASON,20.0,Olympique Lyonnais,Lille OSC,1,0,H
538022,2026-02-01 14:00:00+00:00,PL,2025,REGULAR_SEASON,24.0,Nottingham Forest FC,Crystal Palace FC,1,1,D
537036,2026-02-01 14:00:00+00:00,SA,2025,REGULAR_SEASON,23.0,Como 1907,Atalanta BC,0,0,D
538021,2026-02-01 14:00:00+00:00,PL,2025,REGULAR_SEASON,24.0,Manchester United FC,Fulham FC,3,2,H
540579,2026-02-01 14:30:00+00:00,BL1,2025,REGULAR_SEASON,20.0,VfB Stuttgart,SC Freiburg,1,0,H
544422,2026-02-01 15:15:00+00:00,PD,2025,REGULAR_SEASON,22.0,Real Betis Balompié,Valencia CF,2,1,H
545873,2026-02-01 15:30:00+00:00,PPL,2025,REGULAR_SEASON,20.0,Gil Vicente FC,FC Famalicão,5,0,H
537628,2026-02-01 15:45:00+00:00,DED,2025,REGULAR_SEASON,21.0,SC Heerenveen,FC Utrecht,1,1,D
542581,2026-02-01 16:15:00+00:00,FL1,2025,REGULAR_SEASON,20.0,OGC Nice,Stade Brestois 29,2,2,D
542580,2026-02-01 16:15:00+00:00,FL1,2025,REGULAR_SEASON,20.0,Toulouse FC,AJ Auxerre,0,0,D
542585,2026-02-01 16:15:00+00:00,FL1,2025,REGULAR_SEASON,20.0,Angers SCO,FC Metz,1,0,H
540585,2026-02-01 16:30:00+00:00,BL1,2025,REGULAR_SEASON,20.0,Borussia Dortmund,1. FC Heidenheim 1846,3,2,H
538023,2026-02-01 16:30:00+00:00,PL,2025,REGULAR_SEASON,24.0,Tottenham Hotspur FC,Manchester City FC,2,2,D
537044,2026-02-01 17:00:00+00:00,SA,2025,REGULAR_SEASON,23.0,US Cremonese,FC Internazionale Milano,0,2,A
544428,2026-02-01 17:30:00+00:00,PD,2025,REGULAR_SEASON,22.0,Getafe CF,RC Celta de Vigo,0,0,D
545871,2026-02-01 18:00:00+00:00,PPL,2025,REGULAR_SEASON,20.0,Sporting Clube de Portugal,CD Nacional,2,1,H
537623,2026-02-01 19:00:00+00:00,DED,2025,REGULAR_SEASON,21.0,FC Volendam,Go Ahead Eagles,1,1,D
537040,2026-02-01 19:45:00+00:00,SA,2025,REGULAR_SEASON,23.0,Parma Calcio 1913,Juventus FC,1,4,A
542583,2026-02-01 19:45:00+00:00,FL1,2025,REGULAR_SEASON,20.0,RC Strasbourg Alsace,Paris Saint-Germain FC,1,2,A
544421,2026-02-01 20:00:00+00:00,PD,2025,REGULAR_SEASON,22.0,Athletic Club,Real Sociedad de Fútbol,1,1,D
545874,2026-02-01 20:30:00+00:00,PPL,2025,REGULAR_SEASON,20.0,CD Tondela,Sport Lisboa e Benfica,0,0,D
545875,2026-02-02 18:45:00+00:00,PPL,2025,REGULAR_SEASON,20.0,AVS,Sporting Clube de Braga,0,4,A
537043,2026-02-02 19:45:00+00:00,SA,2025,REGULAR_SEASON,23.0,Udinese Calcio,AS Roma,1,0,H
538015,2026-02-02 20:00:00+00:00,PL,2025,REGULAR_SEASON,24.0,Sunderland AFC,Burnley FC,3,0,H
544423,2026-02-02 20:00:00+00:00,PD,2025,REGULAR_SEASON,22.0,RCD Mallorca,Sevilla FC,4,1,H
545876,2026-02-02 20:45:00+00:00,PPL,2025,REGULAR_SEASON,20.0,Casa Pia AC,FC Porto,2,1,H
537037,2026-02-03 19:45:00+00:00,SA,2025,REGULAR_SEASON,23.0,Bologna FC 1909,AC Milan,0,3,A
537635,2026-02-06 19:00:00+00:00,DED,2025,REGULAR_SEASON,22.0,NAC Breda,SBV Excelsior,0,2,A
540587,2026-02-06 19:30:00+00:00,BL1,2025,REGULAR_SEASON,21.0,1. FC Union Berlin,Eintracht Frankfurt,1,1,D
537051,2026-02-06 19:45:00+00:00,SA,2025,REGULAR_SEASON,24.0,Hellas Verona FC,AC Pisa 1909,0,0,D
542588,2026-02-06 19:45:00+00:00,FL1,2025,REGULAR_SEASON,21.0,FC Metz,Lille OSC,0,0,D
538031,2026-02-06 20:00:00+00:00,PL,2025,REGULAR_SEASON,25.0,Leeds United FC,Nottingham Forest FC,3,1,H
544435,2026-02-06 20:00:00+00:00,PD,2025,REGULAR_SEASON,23.0,RC Celta de Vigo,CA Osasuna,1,2,A
538032,2026-02-07 12:30:00+00:00,PL,2025,REGULAR_SEASON,25.0,Manchester United FC,Tottenham Hotspur FC,2,0,H
540592,2026-02-07 14:30:00+00:00,BL1,2025,REGULAR_SEASON,21.0,1. FSV Mainz 05,FC Augsburg,2,0,H
540590,2026-02-07 14:30:00+00:00,BL1,2025,REGULAR_SEASON,21.0,SC Freiburg,SV Werder Bremen,1,0,H
540588,2026-02-07 14:30:00+00:00,BL1,2025,REGULAR_SEASON,21.0,VfL Wolfsburg,Borussia Dortmund,1,2,A
540591,2026-02-07 14:30:00+00:00,BL1,2025,REGULAR_SEASON,21.0,FC St. Pauli 1910,VfB Stuttgart,2,1,H
540594,2026-02-07 14:30:00+00:00,BL1,2025,REGULAR_SEASON,21.0,1. FC Heidenheim 1846,Hamburger SV,0,2,A
538034,2026-02-07 15:00:00+00:00,PL,2025,REGULAR_SEASON,25.0,Wolverhampton Wanderers FC,Chelsea FC,1,3,A
538029,2026-02-07 15:00:00+00:00,PL,2025,REGULAR_SEASON,25.0,Fulham FC,Everton FC,1,2,A
538028,2026-02-07 15:00:00+00:00,PL,2025,REGULAR_SEASON,25.0,Burnley FC,West Ham United FC,0,2,A
538027,2026-02-07 15:00:00+00:00,PL,2025,REGULAR_SEASON,25.0,Arsenal FC,Sunderland AFC,3,0,H
538025,2026-02-07 15:00:00+00:00,PL,2025,REGULAR_SEASON,25.0,AFC Bournemouth,Aston Villa FC,1,1,D
544434,2026-02-07 15:15:00+00:00,PD,2025,REGULAR_SEASON,23.0,FC Barcelona,RCD Mallorca,3,0,H
545883,2026-02-07 15:30:00+00:00,PPL,2025,REGULAR_SEASON,21.0,Moreirense FC,Gil Vicente FC,1,2,A
545884,2026-02-07 15:30:00+00:00,PPL,2025,REGULAR_SEASON,21.0,CF Estrela da Amadora,CD Santa Clara,1,0,H
537636,2026-02-07 15:30:00+00:00,DED,2025,REGULAR_SEASON,22.0,NEC,Heracles Almelo,4,1,H
542592,2026-02-07 16:00:00+00:00,FL1,2025,REGULAR_SEASON,21.0,Racing Club de Lens,Stade Rennais FC 1901,3,1,H
537049,2026-02-07 17:00:00+00:00,SA,2025,REGULAR_SEASON,24.0,Genoa CFC,SSC Napoli,2,3,A
540586,2026-02-07 17:30:00+00:00,BL1,2025,REGULAR_SEASON,21.0,Borussia Mönchengladbach,Bayer 04 Leverkusen,1,1,D
538033,2026-02-07 17:30:00+00:00,PL,2025,REGULAR_SEASON,25.0,Newcastle United FC,Brentford FC,2,3,A
537637,2026-02-07 17:45:00+00:00,DED,2025,REGULAR_SEASON,22.0,PEC Zwolle,FC Volendam,1,2,A
542594,2026-02-07 18:00:00+00:00,FL1,2025,REGULAR_SEASON,21.0,Stade Brestois 29,FC Lorient,2,0,H
545885,2026-02-07 18:00:00+00:00,PPL,2025,REGULAR_SEASON,21.0,GD Estoril Praia,CD Tondela,2,2,D
537638,2026-02-07 19:00:00+00:00,DED,2025,REGULAR_SEASON,22.0,FC Twente '65,SC Heerenveen,5,0,H
537045,2026-02-07 19:45:00+00:00,SA,2025,REGULAR_SEASON,24.0,ACF Fiorentina,Torino FC,2,2,D
537633,2026-02-07 20:00:00+00:00,DED,2025,REGULAR_SEASON,22.0,Fortuna Sittard,Sparta Rotterdam,2,2,D
544436,2026-02-07 20:00:00+00:00,PD,2025,REGULAR_SEASON,23.0,Real Sociedad de Fútbol,Elche CF,3,1,H
542589,2026-02-07 20:05:00+00:00,FL1,2025,REGULAR_SEASON,21.0,FC Nantes,Olympique Lyonnais,0,1,A
545886,2026-02-07 20:30:00+00:00,PPL,2025,REGULAR_SEASON,21.0,FC Arouca,Vitória SC,3,2,H
537632,2026-02-08 11:15:00+00:00,DED,2025,REGULAR_SEASON,22.0,FC Utrecht,Feyenoord Rotterdam,0,1,A
537050,2026-02-08 11:30:00+00:00,SA,2025,REGULAR_SEASON,24.0,Bologna FC 1909,Parma Calcio 1913,0,1,A
544431,2026-02-08 13:00:00+00:00,PD,2025,REGULAR_SEASON,23.0,Deportivo Alavés,Getafe CF,0,2,A
537634,2026-02-08 13:30:00+00:00,DED,2025,REGULAR_SEASON,22.0,Go Ahead Eagles,Telstar 1963,1,1,D
537630,2026-02-08 13:30:00+00:00,DED,2025,REGULAR_SEASON,22.0,AZ,AFC Ajax,1,1,D
537054,2026-02-08 14:00:00+00:00,SA,2025,REGULAR_SEASON,24.0,US Lecce,Udinese Calcio,2,1,H
538026,2026-02-08 14:00:00+00:00,PL,2025,REGULAR_SEASON,25.0,Brighton & Hove Albion FC,Crystal Palace FC,0,1,A
542590,2026-02-08 14:00:00+00:00,FL1,2025,REGULAR_SEASON,21.0,OGC Nice,AS Monaco FC,0,0,D
540589,2026-02-08 14:30:00+00:00,BL1,2025,REGULAR_SEASON,21.0,1. FC Köln,RB Leipzig,1,2,A
544438,2026-02-08 15:15:00+00:00,PD,2025,REGULAR_SEASON,23.0,Sevilla FC,Girona FC,1,1,D
544432,2026-02-08 15:15:00+00:00,PD,2025,REGULAR_SEASON,23.0,Athletic Club,Levante UD,4,2,H
545881,2026-02-08 15:30:00+00:00,PPL,2025,REGULAR_SEASON,21.0,CD Nacional,Casa Pia AC,0,0,D
537631,2026-02-08 15:45:00+00:00,DED,2025,REGULAR_SEASON,22.0,FC Groningen,PSV,1,2,A
542587,2026-02-08 16:15:00+00:00,FL1,2025,REGULAR_SEASON,21.0,AJ Auxerre,Paris FC,0,0,D
542586,2026-02-08 16:15:00+00:00,FL1,2025,REGULAR_SEASON,21.0,Le Havre AC,RC Strasbourg Alsace,2,1,H
542593,2026-02-08 16:15:00+00:00,FL1,2025,REGULAR_SEASON,21.0,Angers SCO,Toulouse FC,1,0,H
538030,2026-02-08 16:30:00+00:00,PL,2025,REGULAR_SEASON,25.0,Liverpool FC,Manchester City FC,1,2,A
540593,2026-02-08 16:30:00+00:00,BL1,2025,REGULAR_SEASON,21.0,FC Bayern München,TSG 1899 Hoffenheim,5,1,H
537053,2026-02-08 17:00:00+00:00,SA,2025,REGULAR_SEASON,24.0,US Sassuolo Calcio,FC Internazionale Milano,0,5,A
544433,2026-02-08 17:30:00+00:00,PD,2025,REGULAR_SEASON,23.0,Club Atlético de Madrid,Real Betis Balompié,0,1,A
545888,2026-02-08 18:00:00+00:00,PPL,2025,REGULAR_SEASON,21.0,Sporting Clube de Braga,Rio Ave FC,3,0,H
542591,2026-02-08 19:45:00+00:00,FL1,2025,REGULAR_SEASON,21.0,Paris Saint-Germain FC,Olympique de Marseille,5,0,H
537052,2026-02-08 19:45:00+00:00,SA,2025,REGULAR_SEASON,24.0,Juventus FC,SS Lazio,2,2,D
544439,2026-02-08 20:00:00+00:00,PD,2025,REGULAR_SEASON,23.0,Valencia CF,Real Madrid CF,0,2,A
545882,2026-02-08 20:30:00+00:00,PPL,2025,REGULAR_SEASON,21.0,Sport Lisboa e Benfica,FC Alverca,2,1,H
537048,2026-02-09 17:30:00+00:00,SA,2025,REGULAR_SEASON,24.0,Atalanta BC,US Cremonese,2,1,H
545880,2026-02-09 18:45:00+00:00,PPL,2025,REGULAR_SEASON,21.0,FC Famalicão,AVS,3,1,H
537047,2026-02-09 19:45:00+00:00,SA,2025,REGULAR_SEASON,24.0,AS Roma,Cagliari Calcio,2,0,H
544437,2026-02-09 20:00:00+00:00,PD,2025,REGULAR_SEASON,23.0,Villarreal CF,RCD Espanyol de Barcelona,4,1,H
545887,2026-02-09 20:45:00+00:00,PPL,2025,REGULAR_SEASON,21.0,FC Porto,Sporting Clube de Portugal,1,1,D
538040,2026-02-10 19:30:00+00:00,PL,2025,REGULAR_SEASON,26.0,Everton FC,AFC Bournemouth,1,2,A
538039,2026-02-10 19:30:00+00:00,PL,2025,REGULAR_SEASON,26.0,Chelsea FC,Leeds United FC,2,2,D
538043,2026-02-10 19:30:00+00:00,PL,2025,REGULAR_SEASON,26.0,Tottenham Hotspur FC,Newcastle United FC,1,2,A
538044,2026-02-10 20:15:00+00:00,PL,2025,REGULAR_SEASON,26.0,West Ham United FC,Manchester United FC,1,1,D
537616,2026-02-11 17:45:00+00:00,DED,2025,REGULAR_SEASON,20.0,Go Ahead Eagles,SC Heerenveen,1,3,A
538041,2026-02-11 19:30:00+00:00,PL,2025,REGULAR_SEASON,26.0,Manchester City FC,Fulham FC,3,0,H
538042,2026-02-11 19:30:00+00:00,PL,2025,REGULAR_SEASON,26.0,Nottingham Forest FC,Wolverhampton Wanderers FC,0,0,D
538036,2026-02-11 19:30:00+00:00,PL,2025,REGULAR_SEASON,26.0,Aston Villa FC,Brighton & Hove Albion FC,1,0,H
538037,2026-02-11 19:40:00+00:00,PL,2025,REGULAR_SEASON,26.0,Crystal Palace FC,Burnley FC,2,3,A
537597,2026-02-11 20:00:00+00:00,DED,2025,REGULAR_SEASON,18.0,NEC,FC Utrecht,1,3,A
538035,2026-02-11 20:15:00+00:00,PL,2025,REGULAR_SEASON,26.0,Sunderland AFC,Liverpool FC,0,1,A
538038,2026-02-12 20:00:00+00:00,PL,2025,REGULAR_SEASON,26.0,Brentford FC,Arsenal FC,1,1,D
542603,2026-02-13 18:00:00+00:00,FL1,2025,REGULAR_SEASON,22.0,Stade Rennais FC 1901,Paris Saint-Germain FC,3,1,H
545895,2026-02-13 18:30:00+00:00,PPL,2025,REGULAR_SEASON,22.0,CD Santa Clara,Sport Lisboa e Benfica,1,2,A
537642,2026-02-13 19:00:00+00:00,DED,2025,REGULAR_SEASON,23.0,FC Volendam,PSV,2,1,H
540597,2026-02-13 19:30:00+00:00,BL1,2025,REGULAR_SEASON,22.0,Borussia Dortmund,1. FSV Mainz 05,4,0,H
537061,2026-02-13 19:45:00+00:00,SA,2025,REGULAR_SEASON,25.0,AC Pisa 1909,AC Milan,1,2,A
544441,2026-02-13 20:00:00+00:00,PD,2025,REGULAR_SEASON,24.0,Elche CF,CA Osasuna,0,0,D
542596,2026-02-13 20:05:00+00:00,FL1,2025,REGULAR_SEASON,22.0,AS Monaco FC,FC Nantes,3,1,H
545890,2026-02-13 20:45:00+00:00,PPL,2025,REGULAR_SEASON,22.0,CD Tondela,FC Alverca,1,1,D
544450,2026-02-14 13:00:00+00:00,PD,2025,REGULAR_SEASON,24.0,RCD Espanyol de Barcelona,RC Celta de Vigo,2,2,D
537056,2026-02-14 14:00:00+00:00,SA,2025,REGULAR_SEASON,25.0,Como 1907,ACF Fiorentina,1,2,A
540601,2026-02-14 14:30:00+00:00,BL1,2025,REGULAR_SEASON,22.0,Bayer 04 Leverkusen,FC St. Pauli 1910,4,0,H
540600,2026-02-14 14:30:00+00:00,BL1,2025,REGULAR_SEASON,22.0,Hamburger SV,1. FC Union Berlin,3,2,H
540596,2026-02-14 14:30:00+00:00,BL1,2025,REGULAR_SEASON,22.0,TSG 1899 Hoffenheim,SC Freiburg,3,0,H
540595,2026-02-14 14:30:00+00:00,BL1,2025,REGULAR_SEASON,22.0,SV Werder Bremen,FC Bayern München,0,3,A
540598,2026-02-14 14:30:00+00:00,BL1,2025,REGULAR_SEASON,22.0,Eintracht Frankfurt,Borussia Mönchengladbach,3,0,H
544442,2026-02-14 15:15:00+00:00,PD,2025,REGULAR_SEASON,24.0,Getafe CF,Villarreal CF,2,1,H
537644,2026-02-14 15:30:00+00:00,DED,2025,REGULAR_SEASON,23.0,Heracles Almelo,NAC Breda,0,1,A
545891,2026-02-14 15:30:00+00:00,PPL,2025,REGULAR_SEASON,22.0,Casa Pia AC,FC Arouca,3,2,H
542601,2026-02-14 16:00:00+00:00,FL1,2025,REGULAR_SEASON,22.0,Olympique de Marseille,RC Strasbourg Alsace,2,2,D
537059,2026-02-14 17:00:00+00:00,SA,2025,REGULAR_SEASON,25.0,SS Lazio,Atalanta BC,0,2,A
544445,2026-02-14 17:30:00+00:00,PD,2025,REGULAR_SEASON,24.0,Sevilla FC,Deportivo Alavés,1,1,D
540603,2026-02-14 17:30:00+00:00,BL1,2025,REGULAR_SEASON,22.0,VfB Stuttgart,1. FC Köln,3,1,H
537640,2026-02-14 17:45:00+00:00,DED,2025,REGULAR_SEASON,23.0,SBV Excelsior,AZ,1,2,A
545889,2026-02-14 18:00:00+00:00,PPL,2025,REGULAR_SEASON,22.0,Vitória SC,CF Estrela da Amadora,2,1,H
542602,2026-02-14 18:00:00+00:00,FL1,2025,REGULAR_SEASON,22.0,Lille OSC,Stade Brestois 29,1,1,D
537639,2026-02-14 19:00:00+00:00,DED,2025,REGULAR_SEASON,23.0,AFC Ajax,Fortuna Sittard,4,1,H
537058,2026-02-14 19:45:00+00:00,SA,2025,REGULAR_SEASON,25.0,FC Internazionale Milano,Juventus FC,3,2,H
544444,2026-02-14 20:00:00+00:00,PD,2025,REGULAR_SEASON,24.0,Real Madrid CF,Real Sociedad de Fútbol,4,1,H
537641,2026-02-14 20:00:00+00:00,DED,2025,REGULAR_SEASON,23.0,FC Groningen,FC Utrecht,1,2,A
542599,2026-02-14 20:05:00+00:00,FL1,2025,REGULAR_SEASON,22.0,Paris FC,Racing Club de Lens,0,5,A
545894,2026-02-14 20:30:00+00:00,PPL,2025,REGULAR_SEASON,22.0,Gil Vicente FC,Sporting Clube de Braga,2,1,H
537643,2026-02-15 11:15:00+00:00,DED,2025,REGULAR_SEASON,23.0,Feyenoord Rotterdam,Go Ahead Eagles,1,0,H
537063,2026-02-15 11:30:00+00:00,SA,2025,REGULAR_SEASON,25.0,Udinese Calcio,US Sassuolo Calcio,1,2,A
544446,2026-02-15 13:00:00+00:00,PD,2025,REGULAR_SEASON,24.0,Real Oviedo,Athletic Club,1,2,A
537647,2026-02-15 13:30:00+00:00,DED,2025,REGULAR_SEASON,23.0,Telstar 1963,FC Twente '65,1,1,D
537645,2026-02-15 13:30:00+00:00,DED,2025,REGULAR_SEASON,23.0,SC Heerenveen,PEC Zwolle,4,2,H
537060,2026-02-15 14:00:00+00:00,SA,2025,REGULAR_SEASON,25.0,Parma Calcio 1913,Hellas Verona FC,2,1,H
537064,2026-02-15 14:00:00+00:00,SA,2025,REGULAR_SEASON,25.0,US Cremonese,Genoa CFC,0,0,D
542595,2026-02-15 14:00:00+00:00,FL1,2025,REGULAR_SEASON,22.0,Le Havre AC,Toulouse FC,2,1,H
540602,2026-02-15 14:30:00+00:00,BL1,2025,REGULAR_SEASON,22.0,FC Augsburg,1. FC Heidenheim 1846,1,0,H
544447,2026-02-15 15:15:00+00:00,PD,2025,REGULAR_SEASON,24.0,Rayo Vallecano de Madrid,Club Atlético de Madrid,3,0,H
545897,2026-02-15 15:30:00+00:00,PPL,2025,REGULAR_SEASON,22.0,CD Nacional,FC Porto,0,1,A
542597,2026-02-15 16:15:00+00:00,FL1,2025,REGULAR_SEASON,22.0,FC Lorient,Angers SCO,2,0,H
542598,2026-02-15 16:15:00+00:00,FL1,2025,REGULAR_SEASON,22.0,FC Metz,AJ Auxerre,1,3,A
540599,2026-02-15 16:30:00+00:00,BL1,2025,REGULAR_SEASON,22.0,RB Leipzig,VfL Wolfsburg,2,2,D
537057,2026-02-15 17:00:00+00:00,SA,2025,REGULAR_SEASON,25.0,Torino FC,Bologna FC 1909,1,2,A
544443,2026-02-15 17:30:00+00:00,PD,2025,REGULAR_SEASON,24.0,Levante UD,Valencia CF,0,2,A
545896,2026-02-15 18:00:00+00:00,PPL,2025,REGULAR_SEASON,22.0,AVS,GD Estoril Praia,3,0,H
542600,2026-02-15 19:45:00+00:00,FL1,2025,REGULAR_SEASON,22.0,Olympique Lyonnais,OGC Nice,2,0,H
537062,2026-02-15 19:45:00+00:00,SA,2025,REGULAR_SEASON,25.0,SSC Napoli,AS Roma,2,2,D
544449,2026-02-15 20:00:00+00:00,PD,2025,REGULAR_SEASON,24.0,RCD Mallorca,Real Betis Balompié,1,2,A
545892,2026-02-15 20:30:00+00:00,PPL,2025,REGULAR_SEASON,22.0,Sporting Clube de Portugal,FC Famalicão,1,0,H
537055,2026-02-16 19:45:00+00:00,SA,2025,REGULAR_SEASON,25.0,Cagliari Calcio,US Lecce,0,2,A
544448,2026-02-16 20:00:00+00:00,PD,2025,REGULAR_SEASON,24.0,Girona FC,FC Barcelona,2,1,H
545893,2026-02-16 20:15:00+00:00,PPL,2025,REGULAR_SEASON,22.0,Rio Ave FC,Moreirense FC,1,2,A
552055,2026-02-17 17:45:00+00:00,CL,2025,PLAYOFFS,1.0,Galatasaray SK,Juventus FC,5,2,H
537646,2026-02-17 19:00:00+00:00,DED,2025,REGULAR_SEASON,23.0,Sparta Rotterdam,NEC,1,1,D
552052,2026-02-17 20:00:00+00:00,CL,2025,PLAYOFFS,1.0,Sport Lisboa e Benfica,Real Madrid CF,0,1,A
552053,2026-02-17 20:00:00+00:00,CL,2025,PLAYOFFS,1.0,AS Monaco FC,Paris Saint-Germain FC,2,3,A
552057,2026-02-17 20:15:00+00:00,CL,2025,PLAYOFFS,1.0,Borussia Dortmund,Atalanta BC,2,0,H
552054,2026-02-18 17:45:00+00:00,CL,2025,PLAYOFFS,1.0,Qarabağ Ağdam FK,Newcastle United FC,1,6,A
544364,2026-02-18 19:00:00+00:00,PD,2025,REGULAR_SEASON,16.0,Levante UD,Villarreal CF,0,1,A
537046,2026-02-18 19:45:00+00:00,SA,2025,REGULAR_SEASON,24.0,AC Milan,Como 1907,1,1,D
538094,2026-02-18 20:00:00+00:00,PL,2025,REGULAR_SEASON,31.0,Wolverhampton Wanderers FC,Arsenal FC,2,2,D
552056,2026-02-18 20:00:00+00:00,CL,2025,PLAYOFFS,1.0,Club Brugge KV,Club Atlético de Madrid,3,3,D
552058,2026-02-18 20:00:00+00:00,CL,2025,PLAYOFFS,1.0,PAE Olympiakos SFP,Bayer 04 Leverkusen,0,2,A
552059,2026-02-18 20:00:00+00:00,CL,2025,PLAYOFFS,1.0,FK Bodø/Glimt,FC Internazionale Milano,3,1,H
537652,2026-02-20 19:00:00+00:00,DED,2025,REGULAR_SEASON,24.0,Fortuna Sittard,SBV Excelsior,2,1,H
540612,2026-02-20 19:30:00+00:00,BL1,2025,REGULAR_SEASON,23.0,1. FSV Mainz 05,Hamburger SV,1,1,D
542612,2026-02-20 19:45:00+00:00,FL1,2025,REGULAR_SEASON,23.0,Stade Brestois 29,Olympique de Marseille,2,0,H
537073,2026-02-20 19:45:00+00:00,SA,2025,REGULAR_SEASON,26.0,US Sassuolo Calcio,Hellas Verona FC,3,0,H
544452,2026-02-20 20:00:00+00:00,PD,2025,REGULAR_SEASON,25.0,Athletic Club,Elche CF,2,1,H
545901,2026-02-20 20:45:00+00:00,PPL,2025,REGULAR_SEASON,23.0,CF Estrela da Amadora,CD Tondela,0,2,A
544460,2026-02-21 13:00:00+00:00,PD,2025,REGULAR_SEASON,25.0,Real Sociedad de Fútbol,Real Oviedo,3,3,D
537072,2026-02-21 14:00:00+00:00,SA,2025,REGULAR_SEASON,26.0,Juventus FC,Como 1907,0,2,A
540610,2026-02-21 14:30:00+00:00,BL1,2025,REGULAR_SEASON,23.0,VfL Wolfsburg,FC Augsburg,2,3,A
540611,2026-02-21 14:30:00+00:00,BL1,2025,REGULAR_SEASON,23.0,1. FC Köln,TSG 1899 Hoffenheim,2,2,D
540605,2026-02-21 14:30:00+00:00,BL1,2025,REGULAR_SEASON,23.0,FC Bayern München,Eintracht Frankfurt,3,2,H
540604,2026-02-21 14:30:00+00:00,BL1,2025,REGULAR_SEASON,23.0,1. FC Union Berlin,Bayer 04 Leverkusen,1,0,H
538046,2026-02-21 15:00:00+00:00,PL,2025,REGULAR_SEASON,27.0,Aston Villa FC,Leeds United FC,1,1,D
538048,2026-02-21 15:00:00+00:00,PL,2025,REGULAR_SEASON,27.0,Brentford FC,Brighton & Hove Albion FC,0,2,A
538049,2026-02-21 15:00:00+00:00,PL,2025,REGULAR_SEASON,27.0,Chelsea FC,Burnley FC,1,1,D
544455,2026-02-21 15:15:00+00:00,PD,2025,REGULAR_SEASON,25.0,Real Betis Balompié,Rayo Vallecano de Madrid,1,1,D
545903,2026-02-21 15:30:00+00:00,PPL,2025,REGULAR_SEASON,23.0,FC Arouca,CD Nacional,3,0,H
545902,2026-02-21 15:30:00+00:00,PPL,2025,REGULAR_SEASON,23.0,FC Alverca,CD Santa Clara,1,1,D
542610,2026-02-21 16:00:00+00:00,FL1,2025,REGULAR_SEASON,23.0,Racing Club de Lens,AS Monaco FC,2,3,A
537074,2026-02-21 17:00:00+00:00,SA,2025,REGULAR_SEASON,26.0,US Lecce,FC Internazionale Milano,0,2,A
540606,2026-02-21 17:30:00+00:00,BL1,2025,REGULAR_SEASON,23.0,RB Leipzig,Borussia Dortmund,2,2,D
538054,2026-02-21 17:30:00+00:00,PL,2025,REGULAR_SEASON,27.0,West Ham United FC,AFC Bournemouth,0,0,D
544458,2026-02-21 17:30:00+00:00,PD,2025,REGULAR_SEASON,25.0,CA Osasuna,Real Madrid CF,2,1,H
537655,2026-02-21 17:45:00+00:00,DED,2025,REGULAR_SEASON,24.0,PSV,SC Heerenveen,3,1,H
545898,2026-02-21 18:00:00+00:00,PPL,2025,REGULAR_SEASON,23.0,Sport Lisboa e Benfica,AVS,3,0,H
545905,2026-02-21 18:00:00+00:00,PPL,2025,REGULAR_SEASON,23.0,Moreirense FC,Sporting Clube de Portugal,0,3,A
542606,2026-02-21 18:00:00+00:00,FL1,2025,REGULAR_SEASON,23.0,Toulouse FC,Paris FC,1,1,D
537654,2026-02-21 19:00:00+00:00,DED,2025,REGULAR_SEASON,24.0,NAC Breda,FC Volendam,1,0,H
537069,2026-02-21 19:45:00+00:00,SA,2025,REGULAR_SEASON,26.0,Cagliari Calcio,SS Lazio,0,0,D
538051,2026-02-21 20:00:00+00:00,PL,2025,REGULAR_SEASON,27.0,Manchester City FC,Newcastle United FC,2,1,H
544453,2026-02-21 20:00:00+00:00,PD,2025,REGULAR_SEASON,25.0,Club Atlético de Madrid,RCD Espanyol de Barcelona,4,2,H
537648,2026-02-21 20:00:00+00:00,DED,2025,REGULAR_SEASON,24.0,AFC Ajax,NEC,1,1,D
542608,2026-02-21 20:05:00+00:00,FL1,2025,REGULAR_SEASON,23.0,Paris Saint-Germain FC,FC Metz,3,0,H
545906,2026-02-21 20:30:00+00:00,PPL,2025,REGULAR_SEASON,23.0,Sporting Clube de Braga,Vitória SC,3,2,H
537656,2026-02-22 11:15:00+00:00,DED,2025,REGULAR_SEASON,24.0,FC Twente '65,FC Groningen,2,1,H
537070,2026-02-22 11:30:00+00:00,SA,2025,REGULAR_SEASON,26.0,Genoa CFC,Torino FC,3,0,H
544457,2026-02-22 13:00:00+00:00,PD,2025,REGULAR_SEASON,25.0,Getafe CF,Sevilla FC,0,1,A
537653,2026-02-22 13:30:00+00:00,DED,2025,REGULAR_SEASON,24.0,Go Ahead Eagles,Heracles Almelo,4,0,H
537650,2026-02-22 13:30:00+00:00,DED,2025,REGULAR_SEASON,24.0,FC Utrecht,PEC Zwolle,1,1,D
538047,2026-02-22 14:00:00+00:00,PL,2025,REGULAR_SEASON,27.0,Crystal Palace FC,Wolverhampton Wanderers FC,1,0,H
538052,2026-02-22 14:00:00+00:00,PL,2025,REGULAR_SEASON,27.0,Nottingham Forest FC,Liverpool FC,0,1,A
542604,2026-02-22 14:00:00+00:00,FL1,2025,REGULAR_SEASON,23.0,AJ Auxerre,Stade Rennais FC 1901,0,3,A
537068,2026-02-22 14:00:00+00:00,SA,2025,REGULAR_SEASON,26.0,Atalanta BC,SSC Napoli,2,1,H
538045,2026-02-22 14:00:00+00:00,PL,2025,REGULAR_SEASON,27.0,Sunderland AFC,Fulham FC,1,3,A
540609,2026-02-22 14:30:00+00:00,BL1,2025,REGULAR_SEASON,23.0,SC Freiburg,Borussia Mönchengladbach,2,1,H
544454,2026-02-22 15:15:00+00:00,PD,2025,REGULAR_SEASON,25.0,FC Barcelona,Levante UD,3,0,H
537649,2026-02-22 15:45:00+00:00,DED,2025,REGULAR_SEASON,24.0,AZ,Sparta Rotterdam,3,1,H
542611,2026-02-22 16:15:00+00:00,FL1,2025,REGULAR_SEASON,23.0,Angers SCO,Lille OSC,0,1,A
542607,2026-02-22 16:15:00+00:00,FL1,2025,REGULAR_SEASON,23.0,OGC Nice,FC Lorient,3,3,D
542605,2026-02-22 16:15:00+00:00,FL1,2025,REGULAR_SEASON,23.0,FC Nantes,Le Havre AC,2,0,H
540607,2026-02-22 16:30:00+00:00,BL1,2025,REGULAR_SEASON,23.0,FC St. Pauli 1910,SV Werder Bremen,2,1,H
538053,2026-02-22 16:30:00+00:00,PL,2025,REGULAR_SEASON,27.0,Tottenham Hotspur FC,Arsenal FC,1,4,A
537066,2026-02-22 17:00:00+00:00,SA,2025,REGULAR_SEASON,26.0,AC Milan,Parma Calcio 1913,0,1,A
544456,2026-02-22 17:30:00+00:00,PD,2025,REGULAR_SEASON,25.0,RC Celta de Vigo,RCD Mallorca,2,0,H
545900,2026-02-22 18:00:00+00:00,PPL,2025,REGULAR_SEASON,23.0,GD Estoril Praia,Gil Vicente FC,3,1,H
540608,2026-02-22 18:30:00+00:00,BL1,2025,REGULAR_SEASON,23.0,1. FC Heidenheim 1846,VfB Stuttgart,3,3,D
537651,2026-02-22 19:00:00+00:00,DED,2025,REGULAR_SEASON,24.0,Feyenoord Rotterdam,Telstar 1963,2,1,H
537067,2026-02-22 19:45:00+00:00,SA,2025,REGULAR_SEASON,26.0,AS Roma,US Cremonese,3,0,H
542609,2026-02-22 19:45:00+00:00,FL1,2025,REGULAR_SEASON,23.0,RC Strasbourg Alsace,Olympique Lyonnais,3,1,H
544459,2026-02-22 20:00:00+00:00,PD,2025,REGULAR_SEASON,25.0,Villarreal CF,Valencia CF,2,1,H
545904,2026-02-22 20:30:00+00:00,PPL,2025,REGULAR_SEASON,23.0,FC Porto,Rio Ave FC,1,0,H
537065,2026-02-23 17:30:00+00:00,SA,2025,REGULAR_SEASON,26.0,ACF Fiorentina,AC Pisa 1909,1,0,H
537071,2026-02-23 19:45:00+00:00,SA,2025,REGULAR_SEASON,26.0,Bologna FC 1909,Udinese Calcio,1,0,H
544451,2026-02-23 20:00:00+00:00,PD,2025,REGULAR_SEASON,25.0,Deportivo Alavés,Girona FC,2,2,D
538050,2026-02-23 20:00:00+00:00,PL,2025,REGULAR_SEASON,27.0,Everton FC,Manchester United FC,0,1,A
545899,2026-02-23 20:15:00+00:00,PPL,2025,REGULAR_SEASON,23.0,FC Famalicão,Casa Pia AC,2,0,H
552064,2026-02-24 17:45:00+00:00,CL,2025,PLAYOFFS,2.0,Club Atlético de Madrid,Club Brugge KV,4,1,H
552067,2026-02-24 20:00:00+00:00,CL,2025,PLAYOFFS,2.0,FC Internazionale Milano,FK Bodø/Glimt,1,2,A
552066,2026-02-24 20:00:00+00:00,CL,2025,PLAYOFFS,2.0,Bayer 04 Leverkusen,PAE Olympiakos SFP,0,0,D
552062,2026-02-24 20:00:00+00:00,CL,2025,PLAYOFFS,2.0,Newcastle United FC,Qarabağ Ağdam FK,3,2,H
552065,2026-02-25 17:45:00+00:00,CL,2025,PLAYOFFS,2.0,Atalanta BC,Borussia Dortmund,4,1,H
552063,2026-02-25 20:00:00+00:00,CL,2025,PLAYOFFS,2.0,Juventus FC,Galatasaray SK,3,2,H
552060,2026-02-25 20:00:00+00:00,CL,2025,PLAYOFFS,2.0,Real Madrid CF,Sport Lisboa e Benfica,2,1,H
552061,2026-02-25 20:00:00+00:00,CL,2025,PLAYOFFS,2.0,Paris Saint-Germain FC,AS Monaco FC,2,2,D
545909,2026-02-27 18:45:00+00:00,PPL,2025,REGULAR_SEASON,24.0,FC Porto,FC Arouca,3,1,H
537664,2026-02-27 19:00:00+00:00,DED,2025,REGULAR_SEASON,25.0,Telstar 1963,NAC Breda,3,0,H
540621,2026-02-27 19:30:00+00:00,BL1,2025,REGULAR_SEASON,24.0,FC Augsburg,1. FC Köln,2,0,H
542620,2026-02-27 19:45:00+00:00,FL1,2025,REGULAR_SEASON,24.0,RC Strasbourg Alsace,Racing Club de Lens,1,1,D
537080,2026-02-27 19:45:00+00:00,SA,2025,REGULAR_SEASON,27.0,Parma Calcio 1913,Cagliari Calcio,1,1,D
538064,2026-02-27 20:00:00+00:00,PL,2025,REGULAR_SEASON,28.0,Wolverhampton Wanderers FC,Aston Villa FC,2,0,H
544465,2026-02-27 20:00:00+00:00,PD,2025,REGULAR_SEASON,26.0,Levante UD,Deportivo Alavés,2,0,H
545907,2026-02-27 20:45:00+00:00,PPL,2025,REGULAR_SEASON,24.0,Sporting Clube de Portugal,GD Estoril Praia,3,0,H
538055,2026-02-28 12:30:00+00:00,PL,2025,REGULAR_SEASON,28.0,AFC Bournemouth,Sunderland AFC,1,1,D
544466,2026-02-28 13:00:00+00:00,PD,2025,REGULAR_SEASON,26.0,Rayo Vallecano de Madrid,Athletic Club,1,1,D
537076,2026-02-28 14:00:00+00:00,SA,2025,REGULAR_SEASON,27.0,Como 1907,US Lecce,3,1,H
540615,2026-02-28 14:30:00+00:00,BL1,2025,REGULAR_SEASON,24.0,Bayer 04 Leverkusen,1. FSV Mainz 05,1,1,D
540618,2026-02-28 14:30:00+00:00,BL1,2025,REGULAR_SEASON,24.0,Borussia Mönchengladbach,1. FC Union Berlin,1,0,H
540619,2026-02-28 14:30:00+00:00,BL1,2025,REGULAR_SEASON,24.0,TSG 1899 Hoffenheim,FC St. Pauli 1910,0,1,A
540620,2026-02-28 14:30:00+00:00,BL1,2025,REGULAR_SEASON,24.0,SV Werder Bremen,1. FC Heidenheim 1846,2,0,H
538060,2026-02-28 15:00:00+00:00,PL,2025,REGULAR_SEASON,28.0,Liverpool FC,West Ham United FC,5,2,H
538063,2026-02-28 15:00:00+00:00,PL,2025,REGULAR_SEASON,28.0,Newcastle United FC,Everton FC,2,3,A
538058,2026-02-28 15:00:00+00:00,PL,2025,REGULAR_SEASON,28.0,Burnley FC,Brentford FC,3,4,A
544461,2026-02-28 15:15:00+00:00,PD,2025,REGULAR_SEASON,26.0,FC Barcelona,Villarreal CF,4,1,H
545914,2026-02-28 15:30:00+00:00,PPL,2025,REGULAR_SEASON,24.0,AVS,CF Estrela da Amadora,0,0,D
537663,2026-02-28 15:30:00+00:00,DED,2025,REGULAR_SEASON,25.0,SC Heerenveen,Sparta Rotterdam,2,1,H
542621,2026-02-28 16:00:00+00:00,FL1,2025,REGULAR_SEASON,24.0,Stade Rennais FC 1901,Toulouse FC,1,0,H
537078,2026-02-28 17:00:00+00:00,SA,2025,REGULAR_SEASON,27.0,Hellas Verona FC,SSC Napoli,1,2,A
540613,2026-02-28 17:30:00+00:00,BL1,2025,REGULAR_SEASON,24.0,Borussia Dortmund,FC Bayern München,2,3,A
544464,2026-02-28 17:30:00+00:00,PD,2025,REGULAR_SEASON,26.0,RCD Mallorca,Real Sociedad de Fútbol,0,1,A
538061,2026-02-28 17:30:00+00:00,PL,2025,REGULAR_SEASON,28.0,Leeds United FC,Manchester City FC,0,1,A
537660,2026-02-28 17:45:00+00:00,DED,2025,REGULAR_SEASON,25.0,Heracles Almelo,PSV,1,3,A
545912,2026-02-28 18:00:00+00:00,PPL,2025,REGULAR_SEASON,24.0,CD Nacional,Sporting Clube de Braga,1,2,A
542614,2026-02-28 18:00:00+00:00,FL1,2025,REGULAR_SEASON,24.0,AS Monaco FC,Angers SCO,2,0,H
537079,2026-02-28 19:45:00+00:00,SA,2025,REGULAR_SEASON,27.0,FC Internazionale Milano,Genoa CFC,2,0,H
537661,2026-02-28 20:00:00+00:00,DED,2025,REGULAR_SEASON,25.0,NEC,Fortuna Sittard,2,3,A
544467,2026-02-28 20:00:00+00:00,PD,2025,REGULAR_SEASON,26.0,Real Oviedo,Club Atlético de Madrid,0,1,A
542613,2026-02-28 20:05:00+00:00,FL1,2025,REGULAR_SEASON,24.0,Le Havre AC,Paris Saint-Germain FC,0,1,A
545908,2026-02-28 20:30:00+00:00,PPL,2025,REGULAR_SEASON,24.0,Vitória SC,FC Alverca,1,1,D
537662,2026-03-01 11:15:00+00:00,DED,2025,REGULAR_SEASON,25.0,PEC Zwolle,AFC Ajax,0,0,D
537084,2026-03-01 11:30:00+00:00,SA,2025,REGULAR_SEASON,27.0,US Cremonese,AC Milan,0,2,A
544463,2026-03-01 13:00:00+00:00,PD,2025,REGULAR_SEASON,26.0,Elche CF,RCD Espanyol de Barcelona,2,2,D
537659,2026-03-01 13:30:00+00:00,DED,2025,REGULAR_SEASON,25.0,FC Volendam,FC Groningen,3,2,H
537665,2026-03-01 13:30:00+00:00,DED,2025,REGULAR_SEASON,25.0,FC Twente '65,Feyenoord Rotterdam,2,0,H
537082,2026-03-01 14:00:00+00:00,SA,2025,REGULAR_SEASON,27.0,US Sassuolo Calcio,Atalanta BC,2,1,H
542617,2026-03-01 14:00:00+00:00,FL1,2025,REGULAR_SEASON,24.0,Paris FC,OGC Nice,1,0,H
538062,2026-03-01 14:00:00+00:00,PL,2025,REGULAR_SEASON,28.0,Manchester United FC,Crystal Palace FC,2,1,H
538056,2026-03-01 14:00:00+00:00,PL,2025,REGULAR_SEASON,28.0,Brighton & Hove Albion FC,Nottingham Forest FC,2,1,H
538059,2026-03-01 14:00:00+00:00,PL,2025,REGULAR_SEASON,28.0,Fulham FC,Tottenham Hotspur FC,2,1,H
540617,2026-03-01 14:30:00+00:00,BL1,2025,REGULAR_SEASON,24.0,VfB Stuttgart,VfL Wolfsburg,4,0,H
544470,2026-03-01 15:15:00+00:00,PD,2025,REGULAR_SEASON,26.0,Valencia CF,CA Osasuna,1,0,H
545911,2026-03-01 15:30:00+00:00,PPL,2025,REGULAR_SEASON,24.0,CD Tondela,CD Santa Clara,2,2,D
537658,2026-03-01 15:45:00+00:00,DED,2025,REGULAR_SEASON,25.0,FC Utrecht,AZ,2,0,H
542616,2026-03-01 16:15:00+00:00,FL1,2025,REGULAR_SEASON,24.0,FC Metz,Stade Brestois 29,0,1,A
542615,2026-03-01 16:15:00+00:00,FL1,2025,REGULAR_SEASON,24.0,FC Lorient,AJ Auxerre,2,2,D
542619,2026-03-01 16:15:00+00:00,FL1,2025,REGULAR_SEASON,24.0,Lille OSC,FC Nantes,1,0,H
540614,2026-03-01 16:30:00+00:00,BL1,2025,REGULAR_SEASON,24.0,Eintracht Frankfurt,SC Freiburg,2,0,H
538057,2026-03-01 16:30:00+00:00,PL,2025,REGULAR_SEASON,28.0,Arsenal FC,Chelsea FC,2,1,H
537077,2026-03-01 17:00:00+00:00,SA,2025,REGULAR_SEASON,27.0,Torino FC,SS Lazio,2,0,H
544462,2026-03-01 17:30:00+00:00,PD,2025,REGULAR_SEASON,26.0,Real Betis Balompié,Sevilla FC,2,2,D
545915,2026-03-01 18:00:00+00:00,PPL,2025,REGULAR_SEASON,24.0,Casa Pia AC,Moreirense FC,1,1,D
540616,2026-03-01 18:30:00+00:00,BL1,2025,REGULAR_SEASON,24.0,Hamburger SV,RB Leipzig,1,2,A
537657,2026-03-01 19:00:00+00:00,DED,2025,REGULAR_SEASON,25.0,SBV Excelsior,Go Ahead Eagles,0,1,A
542618,2026-03-01 19:45:00+00:00,FL1,2025,REGULAR_SEASON,24.0,Olympique de Marseille,Olympique Lyonnais,3,2,H
537075,2026-03-01 19:45:00+00:00,SA,2025,REGULAR_SEASON,27.0,AS Roma,Juventus FC,3,3,D
544468,2026-03-01 20:00:00+00:00,PD,2025,REGULAR_SEASON,26.0,Girona FC,RC Celta de Vigo,1,2,A
545910,2026-03-01 20:30:00+00:00,PPL,2025,REGULAR_SEASON,24.0,Rio Ave FC,FC Famalicão,0,0,D
537081,2026-03-02 17:30:00+00:00,SA,2025,REGULAR_SEASON,27.0,AC Pisa 1909,Bologna FC 1909,0,1,A
537083,2026-03-02 19:45:00+00:00,SA,2025,REGULAR_SEASON,27.0,Udinese Calcio,ACF Fiorentina,3,0,H
544469,2026-03-02 20:00:00+00:00,PD,2025,REGULAR_SEASON,26.0,Real Madrid CF,Getafe CF,0,1,A
545913,2026-03-02 20:15:00+00:00,PPL,2025,REGULAR_SEASON,24.0,Gil Vicente FC,Sport Lisboa e Benfica,1,2,A
538070,2026-03-03 19:30:00+00:00,PL,2025,REGULAR_SEASON,29.0,Leeds United FC,Sunderland AFC,0,1,A
538065,2026-03-03 19:30:00+00:00,PL,2025,REGULAR_SEASON,29.0,AFC Bournemouth,Brentford FC,0,0,D
538068,2026-03-03 19:30:00+00:00,PL,2025,REGULAR_SEASON,29.0,Everton FC,Burnley FC,2,0,H
538074,2026-03-03 20:15:00+00:00,PL,2025,REGULAR_SEASON,29.0,Wolverhampton Wanderers FC,Liverpool FC,2,1,H
544440,2026-03-04 18:00:00+00:00,PD,2025,REGULAR_SEASON,23.0,Rayo Vallecano de Madrid,Real Oviedo,3,0,H
538069,2026-03-04 19:30:00+00:00,PL,2025,REGULAR_SEASON,29.0,Fulham FC,West Ham United FC,0,1,A
538071,2026-03-04 19:30:00+00:00,PL,2025,REGULAR_SEASON,29.0,Manchester City FC,Nottingham Forest FC,2,2,D
538066,2026-03-04 19:30:00+00:00,PL,2025,REGULAR_SEASON,29.0,Aston Villa FC,Chelsea FC,1,4,A
538067,2026-03-04 19:30:00+00:00,PL,2025,REGULAR_SEASON,29.0,Brighton & Hove Albion FC,Arsenal FC,0,1,A
540558,2026-03-04 19:30:00+00:00,BL1,2025,REGULAR_SEASON,17.0,Hamburger SV,Bayer 04 Leverkusen,0,1,A
538072,2026-03-04 20:15:00+00:00,PL,2025,REGULAR_SEASON,29.0,Newcastle United FC,Manchester United FC,2,1,H
538073,2026-03-05 20:00:00+00:00,PL,2025,REGULAR_SEASON,29.0,Tottenham Hotspur FC,Crystal Palace FC,1,3,A
537670,2026-03-06 19:00:00+00:00,DED,2025,REGULAR_SEASON,26.0,Heracles Almelo,FC Utrecht,0,0,D
540627,2026-03-06 19:30:00+00:00,BL1,2025,REGULAR_SEASON,25.0,FC Bayern München,Borussia Mönchengladbach,4,1,H
537093,2026-03-06 19:45:00+00:00,SA,2025,REGULAR_SEASON,28.0,SSC Napoli,Torino FC,2,1,H
542628,2026-03-06 19:45:00+00:00,FL1,2025,REGULAR_SEASON,25.0,Paris Saint-Germain FC,AS Monaco FC,1,3,A
544473,2026-03-06 20:00:00+00:00,PD,2025,REGULAR_SEASON,27.0,RC Celta de Vigo,Real Madrid CF,1,2,A
545918,2026-03-06 20:15:00+00:00,PPL,2025,REGULAR_SEASON,25.0,FC Famalicão,FC Arouca,1,0,H
544479,2026-03-07 13:00:00+00:00,PD,2025,REGULAR_SEASON,27.0,CA Osasuna,RCD Mallorca,2,2,D
537088,2026-03-07 14:00:00+00:00,SA,2025,REGULAR_SEASON,28.0,Cagliari Calcio,Como 1907,1,2,A
540622,2026-03-07 14:30:00+00:00,BL1,2025,REGULAR_SEASON,25.0,SC Freiburg,Bayer 04 Leverkusen,3,3,D
540629,2026-03-07 14:30:00+00:00,BL1,2025,REGULAR_SEASON,25.0,1. FC Heidenheim 1846,TSG 1899 Hoffenheim,2,4,A
540630,2026-03-07 14:30:00+00:00,BL1,2025,REGULAR_SEASON,25.0,VfL Wolfsburg,Hamburger SV,1,2,A
540626,2026-03-07 14:30:00+00:00,BL1,2025,REGULAR_SEASON,25.0,1. FSV Mainz 05,VfB Stuttgart,2,2,D
540628,2026-03-07 14:30:00+00:00,BL1,2025,REGULAR_SEASON,25.0,RB Leipzig,FC Augsburg,2,1,H
544478,2026-03-07 15:15:00+00:00,PD,2025,REGULAR_SEASON,27.0,Levante UD,Girona FC,1,1,D
545916,2026-03-07 15:30:00+00:00,PPL,2025,REGULAR_SEASON,25.0,FC Alverca,AVS,0,0,D
545921,2026-03-07 15:30:00+00:00,PPL,2025,REGULAR_SEASON,25.0,Moreirense FC,CD Nacional,1,1,D
537667,2026-03-07 15:30:00+00:00,DED,2025,REGULAR_SEASON,26.0,FC Groningen,AFC Ajax,3,1,H
542623,2026-03-07 16:00:00+00:00,FL1,2025,REGULAR_SEASON,25.0,FC Nantes,Angers SCO,0,1,A
537087,2026-03-07 17:00:00+00:00,SA,2025,REGULAR_SEASON,28.0,Atalanta BC,Udinese Calcio,2,2,D
540624,2026-03-07 17:30:00+00:00,BL1,2025,REGULAR_SEASON,25.0,1. FC Köln,Borussia Dortmund,1,2,A
544472,2026-03-07 17:30:00+00:00,PD,2025,REGULAR_SEASON,27.0,Club Atlético de Madrid,Real Sociedad de Fútbol,3,2,H
545923,2026-03-07 18:00:00+00:00,PPL,2025,REGULAR_SEASON,25.0,Sporting Clube de Braga,Sporting Clube de Portugal,2,2,D
542622,2026-03-07 18:00:00+00:00,FL1,2025,REGULAR_SEASON,25.0,AJ Auxerre,RC Strasbourg Alsace,0,0,D
537673,2026-03-07 19:00:00+00:00,DED,2025,REGULAR_SEASON,26.0,PSV,AZ,2,1,H
537091,2026-03-07 19:45:00+00:00,SA,2025,REGULAR_SEASON,28.0,Juventus FC,AC Pisa 1909,4,0,H
544471,2026-03-07 20:00:00+00:00,PD,2025,REGULAR_SEASON,27.0,Athletic Club,FC Barcelona,0,1,A
537666,2026-03-07 20:00:00+00:00,DED,2025,REGULAR_SEASON,26.0,SBV Excelsior,SC Heerenveen,1,2,A
542624,2026-03-07 20:05:00+00:00,FL1,2025,REGULAR_SEASON,25.0,Toulouse FC,Olympique de Marseille,0,1,A
545917,2026-03-07 20:30:00+00:00,PPL,2025,REGULAR_SEASON,25.0,GD Estoril Praia,Casa Pia AC,0,0,D
537674,2026-03-08 11:15:00+00:00,DED,2025,REGULAR_SEASON,26.0,Sparta Rotterdam,PEC Zwolle,1,1,D
537094,2026-03-08 11:30:00+00:00,SA,2025,REGULAR_SEASON,28.0,US Lecce,US Cremonese,2,1,H
544477,2026-03-08 13:00:00+00:00,PD,2025,REGULAR_SEASON,27.0,Villarreal CF,Elche CF,2,1,H
537669,2026-03-08 13:30:00+00:00,DED,2025,REGULAR_SEASON,26.0,Go Ahead Eagles,FC Twente '65,1,4,A
537668,2026-03-08 13:30:00+00:00,DED,2025,REGULAR_SEASON,26.0,Fortuna Sittard,Telstar 1963,1,4,A
537090,2026-03-08 14:00:00+00:00,SA,2025,REGULAR_SEASON,28.0,Bologna FC 1909,Hellas Verona FC,1,2,A
537085,2026-03-08 14:00:00+00:00,SA,2025,REGULAR_SEASON,28.0,ACF Fiorentina,Parma Calcio 1913,0,0,D
542629,2026-03-08 14:00:00+00:00,FL1,2025,REGULAR_SEASON,25.0,Racing Club de Lens,FC Metz,3,0,H
540623,2026-03-08 14:30:00+00:00,BL1,2025,REGULAR_SEASON,25.0,FC St. Pauli 1910,Eintracht Frankfurt,0,0,D
544476,2026-03-08 15:15:00+00:00,PD,2025,REGULAR_SEASON,27.0,Getafe CF,Real Betis Balompié,2,0,H
545920,2026-03-08 15:30:00+00:00,PPL,2025,REGULAR_SEASON,25.0,CF Estrela da Amadora,Gil Vicente FC,2,2,D
537671,2026-03-08 15:45:00+00:00,DED,2025,REGULAR_SEASON,26.0,NAC Breda,Feyenoord Rotterdam,3,3,D
542625,2026-03-08 16:15:00+00:00,FL1,2025,REGULAR_SEASON,25.0,OGC Nice,Stade Rennais FC 1901,0,4,A
542627,2026-03-08 16:15:00+00:00,FL1,2025,REGULAR_SEASON,25.0,Lille OSC,FC Lorient,1,1,D
542630,2026-03-08 16:15:00+00:00,FL1,2025,REGULAR_SEASON,25.0,Stade Brestois 29,Le Havre AC,2,0,H
540625,2026-03-08 16:30:00+00:00,BL1,2025,REGULAR_SEASON,25.0,1. FC Union Berlin,SV Werder Bremen,1,4,A
537089,2026-03-08 17:00:00+00:00,SA,2025,REGULAR_SEASON,28.0,Genoa CFC,AS Roma,2,1,H
544480,2026-03-08 17:30:00+00:00,PD,2025,REGULAR_SEASON,27.0,Sevilla FC,Rayo Vallecano de Madrid,1,1,D
545924,2026-03-08 18:00:00+00:00,PPL,2025,REGULAR_SEASON,25.0,Sport Lisboa e Benfica,FC Porto,2,2,D
537672,2026-03-08 19:00:00+00:00,DED,2025,REGULAR_SEASON,26.0,NEC,FC Volendam,3,0,H
542626,2026-03-08 19:45:00+00:00,FL1,2025,REGULAR_SEASON,25.0,Olympique Lyonnais,Paris FC,1,1,D
537086,2026-03-08 19:45:00+00:00,SA,2025,REGULAR_SEASON,28.0,AC Milan,FC Internazionale Milano,1,0,H
544475,2026-03-08 20:00:00+00:00,PD,2025,REGULAR_SEASON,27.0,Valencia CF,Deportivo Alavés,3,2,H
545922,2026-03-08 20:30:00+00:00,PPL,2025,REGULAR_SEASON,25.0,CD Santa Clara,Vitória SC,2,0,H
537092,2026-03-09 19:45:00+00:00,SA,2025,REGULAR_SEASON,28.0,SS Lazio,US Sassuolo Calcio,2,1,H
544474,2026-03-09 20:00:00+00:00,PD,2025,REGULAR_SEASON,27.0,RCD Espanyol de Barcelona,Real Oviedo,1,1,D
545919,2026-03-09 20:15:00+00:00,PPL,2025,REGULAR_SEASON,25.0,CD Tondela,Rio Ave FC,0,1,A
552069,2026-03-10 17:45:00+00:00,CL,2025,LAST_16,1.0,Galatasaray SK,Liverpool FC,1,0,H
552072,2026-03-10 20:00:00+00:00,CL,2025,LAST_16,1.0,Newcastle United FC,FC Barcelona,1,1,D
552073,2026-03-10 20:00:00+00:00,CL,2025,LAST_16,1.0,Club Atlético de Madrid,Tottenham Hotspur FC,5,2,H
552071,2026-03-10 20:00:00+00:00,CL,2025,LAST_16,1.0,Atalanta BC,FC Bayern München,1,6,A
552075,2026-03-11 17:45:00+00:00,CL,2025,LAST_16,1.0,Bayer 04 Leverkusen,Arsenal FC,1,1,D
552068,2026-03-11 20:00:00+00:00,CL,2025,LAST_16,1.0,Paris Saint-Germain FC,Chelsea FC,5,2,H
552070,2026-03-11 20:00:00+00:00,CL,2025,LAST_16,1.0,Real Madrid CF,Manchester City FC,3,0,H
552074,2026-03-11 20:00:00+00:00,CL,2025,LAST_16,1.0,FK Bodø/Glimt,Sporting Clube de Portugal,3,0,H
537680,2026-03-13 19:00:00+00:00,DED,2025,REGULAR_SEASON,27.0,PEC Zwolle,FC Groningen,1,1,D
540637,2026-03-13 19:30:00+00:00,BL1,2025,REGULAR_SEASON,26.0,Borussia Mönchengladbach,FC St. Pauli 1910,2,0,H
537096,2026-03-13 19:45:00+00:00,SA,2025,REGULAR_SEASON,29.0,Torino FC,Parma Calcio 1913,4,1,H
542635,2026-03-13 19:45:00+00:00,FL1,2025,REGULAR_SEASON,26.0,Olympique de Marseille,AJ Auxerre,1,0,H
544481,2026-03-13 20:00:00+00:00,PD,2025,REGULAR_SEASON,28.0,Deportivo Alavés,Villarreal CF,1,1,D
544486,2026-03-14 13:00:00+00:00,PD,2025,REGULAR_SEASON,28.0,Girona FC,Athletic Club,3,0,H
537098,2026-03-14 14:00:00+00:00,SA,2025,REGULAR_SEASON,29.0,FC Internazionale Milano,Atalanta BC,1,1,D
540635,2026-03-14 14:30:00+00:00,BL1,2025,REGULAR_SEASON,26.0,Borussia Dortmund,FC Augsburg,2,0,H
540638,2026-03-14 14:30:00+00:00,BL1,2025,REGULAR_SEASON,26.0,Eintracht Frankfurt,1. FC Heidenheim 1846,1,0,H
540634,2026-03-14 14:30:00+00:00,BL1,2025,REGULAR_SEASON,26.0,TSG 1899 Hoffenheim,VfL Wolfsburg,1,1,D
540631,2026-03-14 14:30:00+00:00,BL1,2025,REGULAR_SEASON,26.0,Bayer 04 Leverkusen,FC Bayern München,1,1,D
538079,2026-03-14 15:00:00+00:00,PL,2025,REGULAR_SEASON,30.0,Burnley FC,AFC Bournemouth,0,0,D
538075,2026-03-14 15:00:00+00:00,PL,2025,REGULAR_SEASON,30.0,Sunderland AFC,Brighton & Hove Albion FC,0,1,A
544482,2026-03-14 15:15:00+00:00,PD,2025,REGULAR_SEASON,28.0,Club Atlético de Madrid,Getafe CF,1,0,H
545928,2026-03-14 15:30:00+00:00,PPL,2025,REGULAR_SEASON,26.0,Vitória SC,FC Famalicão,1,2,A
537677,2026-03-14 15:30:00+00:00,DED,2025,REGULAR_SEASON,27.0,FC Volendam,Fortuna Sittard,1,2,A
542633,2026-03-14 16:00:00+00:00,FL1,2025,REGULAR_SEASON,26.0,FC Lorient,Racing Club de Lens,2,1,H
537102,2026-03-14 17:00:00+00:00,SA,2025,REGULAR_SEASON,29.0,SSC Napoli,US Lecce,2,1,H
538077,2026-03-14 17:30:00+00:00,PL,2025,REGULAR_SEASON,30.0,Arsenal FC,Everton FC,2,0,H
538080,2026-03-14 17:30:00+00:00,PL,2025,REGULAR_SEASON,30.0,Chelsea FC,Newcastle United FC,0,1,A
544485,2026-03-14 17:30:00+00:00,PD,2025,REGULAR_SEASON,28.0,Real Oviedo,Valencia CF,1,0,H
540639,2026-03-14 17:30:00+00:00,BL1,2025,REGULAR_SEASON,26.0,Hamburger SV,1. FC Köln,1,1,D
537681,2026-03-14 17:45:00+00:00,DED,2025,REGULAR_SEASON,27.0,PSV,NEC,2,3,A
545927,2026-03-14 18:00:00+00:00,PPL,2025,REGULAR_SEASON,26.0,Gil Vicente FC,FC Alverca,2,2,D
542638,2026-03-14 18:00:00+00:00,FL1,2025,REGULAR_SEASON,26.0,Angers SCO,OGC Nice,0,2,A
537682,2026-03-14 19:00:00+00:00,DED,2025,REGULAR_SEASON,27.0,SC Heerenveen,Telstar 1963,3,0,H
537103,2026-03-14 19:45:00+00:00,SA,2025,REGULAR_SEASON,29.0,Udinese Calcio,Juventus FC,0,1,A
544487,2026-03-14 20:00:00+00:00,PD,2025,REGULAR_SEASON,28.0,Real Madrid CF,Elche CF,4,1,H
537675,2026-03-14 20:00:00+00:00,DED,2025,REGULAR_SEASON,27.0,AFC Ajax,Sparta Rotterdam,4,0,H
538084,2026-03-14 20:00:00+00:00,PL,2025,REGULAR_SEASON,30.0,West Ham United FC,Manchester City FC,1,1,D
542632,2026-03-14 20:05:00+00:00,FL1,2025,REGULAR_SEASON,26.0,AS Monaco FC,Stade Brestois 29,2,0,H
545932,2026-03-14 20:30:00+00:00,PPL,2025,REGULAR_SEASON,26.0,FC Arouca,Sport Lisboa e Benfica,1,2,A
537683,2026-03-15 11:15:00+00:00,DED,2025,REGULAR_SEASON,27.0,FC Twente '65,FC Utrecht,0,2,A
537097,2026-03-15 11:30:00+00:00,SA,2025,REGULAR_SEASON,29.0,Hellas Verona FC,Genoa CFC,0,2,A
544488,2026-03-15 13:00:00+00:00,PD,2025,REGULAR_SEASON,28.0,RCD Mallorca,RCD Espanyol de Barcelona,2,1,H
537678,2026-03-15 13:30:00+00:00,DED,2025,REGULAR_SEASON,27.0,Feyenoord Rotterdam,SBV Excelsior,2,1,H
537676,2026-03-15 13:30:00+00:00,DED,2025,REGULAR_SEASON,27.0,AZ,Heracles Almelo,4,0,H
538076,2026-03-15 14:00:00+00:00,PL,2025,REGULAR_SEASON,30.0,Crystal Palace FC,Leeds United FC,0,0,D
538082,2026-03-15 14:00:00+00:00,PL,2025,REGULAR_SEASON,30.0,Manchester United FC,Aston Villa FC,3,1,H
538083,2026-03-15 14:00:00+00:00,PL,2025,REGULAR_SEASON,30.0,Nottingham Forest FC,Fulham FC,0,0,D
537100,2026-03-15 14:00:00+00:00,SA,2025,REGULAR_SEASON,29.0,AC Pisa 1909,Cagliari Calcio,3,1,H
537101,2026-03-15 14:00:00+00:00,SA,2025,REGULAR_SEASON,29.0,US Sassuolo Calcio,Bologna FC 1909,0,1,A
542637,2026-03-15 14:00:00+00:00,FL1,2025,REGULAR_SEASON,26.0,RC Strasbourg Alsace,Paris FC,0,0,D
540632,2026-03-15 14:30:00+00:00,BL1,2025,REGULAR_SEASON,26.0,SV Werder Bremen,1. FSV Mainz 05,0,2,A
544483,2026-03-15 15:15:00+00:00,PD,2025,REGULAR_SEASON,28.0,FC Barcelona,Sevilla FC,5,2,H
545925,2026-03-15 15:30:00+00:00,PPL,2025,REGULAR_SEASON,26.0,CD Nacional,GD Estoril Praia,0,1,A
545931,2026-03-15 15:30:00+00:00,PPL,2025,REGULAR_SEASON,26.0,AVS,CD Santa Clara,0,1,A
537679,2026-03-15 15:45:00+00:00,DED,2025,REGULAR_SEASON,27.0,Go Ahead Eagles,NAC Breda,6,0,H
542634,2026-03-15 16:15:00+00:00,FL1,2025,REGULAR_SEASON,26.0,FC Metz,Toulouse FC,3,4,A
542631,2026-03-15 16:15:00+00:00,FL1,2025,REGULAR_SEASON,26.0,Le Havre AC,Olympique Lyonnais,0,0,D
540636,2026-03-15 16:30:00+00:00,BL1,2025,REGULAR_SEASON,26.0,SC Freiburg,1. FC Union Berlin,0,1,A
538081,2026-03-15 16:30:00+00:00,PL,2025,REGULAR_SEASON,30.0,Liverpool FC,Tottenham Hotspur FC,1,1,D
537095,2026-03-15 17:00:00+00:00,SA,2025,REGULAR_SEASON,29.0,Como 1907,AS Roma,2,1,H
544484,2026-03-15 17:30:00+00:00,PD,2025,REGULAR_SEASON,28.0,Real Betis Balompié,RC Celta de Vigo,1,1,D
545926,2026-03-15 18:00:00+00:00,PPL,2025,REGULAR_SEASON,26.0,Rio Ave FC,CF Estrela da Amadora,2,1,H
540633,2026-03-15 18:30:00+00:00,BL1,2025,REGULAR_SEASON,26.0,VfB Stuttgart,RB Leipzig,1,0,H
537099,2026-03-15 19:45:00+00:00,SA,2025,REGULAR_SEASON,29.0,SS Lazio,AC Milan,1,0,H
542639,2026-03-15 19:45:00+00:00,FL1,2025,REGULAR_SEASON,26.0,Stade Rennais FC 1901,Lille OSC,1,2,A
544490,2026-03-15 20:00:00+00:00,PD,2025,REGULAR_SEASON,28.0,Real Sociedad de Fútbol,CA Osasuna,3,1,H
545929,2026-03-15 20:30:00+00:00,PPL,2025,REGULAR_SEASON,26.0,FC Porto,Moreirense FC,3,0,H
537104,2026-03-16 19:45:00+00:00,SA,2025,REGULAR_SEASON,29.0,US Cremonese,ACF Fiorentina,1,4,A
538078,2026-03-16 20:00:00+00:00,PL,2025,REGULAR_SEASON,30.0,Brentford FC,Wolverhampton Wanderers FC,2,2,D
544489,2026-03-16 20:00:00+00:00,PD,2025,REGULAR_SEASON,28.0,Rayo Vallecano de Madrid,Levante UD,1,1,D
552082,2026-03-17 17:45:00+00:00,CL,2025,LAST_16,2.0,Sporting Clube de Portugal,FK Bodø/Glimt,5,0,H
552083,2026-03-17 20:00:00+00:00,CL,2025,LAST_16,2.0,Arsenal FC,Bayer 04 Leverkusen,2,0,H
552076,2026-03-17 20:00:00+00:00,CL,2025,LAST_16,2.0,Chelsea FC,Paris Saint-Germain FC,0,3,A
552078,2026-03-17 20:00:00+00:00,CL,2025,LAST_16,2.0,Manchester City FC,Real Madrid CF,1,2,A
552080,2026-03-18 17:45:00+00:00,CL,2025,LAST_16,2.0,FC Barcelona,Newcastle United FC,7,2,H
552079,2026-03-18 20:00:00+00:00,CL,2025,LAST_16,2.0,FC Bayern München,Atalanta BC,4,1,H
552077,2026-03-18 20:00:00+00:00,CL,2025,LAST_16,2.0,Liverpool FC,Galatasaray SK,4,0,H
552081,2026-03-18 20:00:00+00:00,CL,2025,LAST_16,2.0,Tottenham Hotspur FC,Club Atlético de Madrid,3,2,H
537109,2026-03-20 17:30:00+00:00,SA,2025,REGULAR_SEASON,30.0,Cagliari Calcio,SSC Napoli,0,1,A
537688,2026-03-20 19:00:00+00:00,DED,2025,REGULAR_SEASON,28.0,Heracles Almelo,SBV Excelsior,1,1,D
540647,2026-03-20 19:30:00+00:00,BL1,2025,REGULAR_SEASON,27.0,RB Leipzig,TSG 1899 Hoffenheim,5,0,H
542647,2026-03-20 19:45:00+00:00,FL1,2025,REGULAR_SEASON,27.0,Racing Club de Lens,Angers SCO,5,1,H
537110,2026-03-20 19:45:00+00:00,SA,2025,REGULAR_SEASON,30.0,Genoa CFC,Udinese Calcio,0,2,A
538085,2026-03-20 20:00:00+00:00,PL,2025,REGULAR_SEASON,31.0,AFC Bournemouth,Manchester United FC,2,2,D
544500,2026-03-20 20:00:00+00:00,PD,2025,REGULAR_SEASON,29.0,Villarreal CF,Real Sociedad de Fútbol,3,1,H
545935,2026-03-20 20:15:00+00:00,PPL,2025,REGULAR_SEASON,27.0,CF Estrela da Amadora,Casa Pia AC,4,0,H
538087,2026-03-21 12:45:00+00:00,PL,2025,REGULAR_SEASON,31.0,Brighton & Hove Albion FC,Liverpool FC,2,1,H
544493,2026-03-21 13:00:00+00:00,PD,2025,REGULAR_SEASON,29.0,Elche CF,RCD Mallorca,2,1,H
537114,2026-03-21 14:00:00+00:00,SA,2025,REGULAR_SEASON,30.0,Parma Calcio 1913,US Cremonese,0,2,A
540643,2026-03-21 14:30:00+00:00,BL1,2025,REGULAR_SEASON,27.0,VfL Wolfsburg,SV Werder Bremen,0,1,A
540645,2026-03-21 14:30:00+00:00,BL1,2025,REGULAR_SEASON,27.0,1. FC Köln,Borussia Mönchengladbach,3,3,D
540640,2026-03-21 14:30:00+00:00,BL1,2025,REGULAR_SEASON,27.0,1. FC Heidenheim 1846,Bayer 04 Leverkusen,3,3,D
540646,2026-03-21 14:30:00+00:00,BL1,2025,REGULAR_SEASON,27.0,FC Bayern München,1. FC Union Berlin,4,0,H
538089,2026-03-21 15:00:00+00:00,PL,2025,REGULAR_SEASON,31.0,Fulham FC,Burnley FC,3,1,H
544494,2026-03-21 15:15:00+00:00,PD,2025,REGULAR_SEASON,29.0,RCD Espanyol de Barcelona,Getafe CF,1,2,A
537687,2026-03-21 15:30:00+00:00,DED,2025,REGULAR_SEASON,28.0,Fortuna Sittard,FC Twente '65,1,2,A
545939,2026-03-21 15:30:00+00:00,PPL,2025,REGULAR_SEASON,27.0,FC Famalicão,CD Nacional,1,0,H
545936,2026-03-21 15:30:00+00:00,PPL,2025,REGULAR_SEASON,27.0,Moreirense FC,FC Arouca,0,1,A
542643,2026-03-21 16:00:00+00:00,FL1,2025,REGULAR_SEASON,27.0,Toulouse FC,FC Lorient,1,0,H
537106,2026-03-21 17:00:00+00:00,SA,2025,REGULAR_SEASON,30.0,AC Milan,Torino FC,3,2,H
544495,2026-03-21 17:30:00+00:00,PD,2025,REGULAR_SEASON,29.0,Levante UD,Real Oviedo,4,2,H
544499,2026-03-21 17:30:00+00:00,PD,2025,REGULAR_SEASON,29.0,CA Osasuna,Girona FC,1,0,H
540648,2026-03-21 17:30:00+00:00,BL1,2025,REGULAR_SEASON,27.0,Borussia Dortmund,Hamburger SV,3,2,H
538088,2026-03-21 17:30:00+00:00,PL,2025,REGULAR_SEASON,31.0,Everton FC,Chelsea FC,3,0,H
537691,2026-03-21 17:45:00+00:00,DED,2025,REGULAR_SEASON,28.0,Sparta Rotterdam,FC Volendam,2,0,H
545942,2026-03-21 18:00:00+00:00,PPL,2025,REGULAR_SEASON,27.0,Sport Lisboa e Benfica,Vitória SC,3,0,H
545940,2026-03-21 18:00:00+00:00,PPL,2025,REGULAR_SEASON,27.0,CD Santa Clara,Gil Vicente FC,1,0,H
542640,2026-03-21 18:00:00+00:00,FL1,2025,REGULAR_SEASON,27.0,AJ Auxerre,Stade Brestois 29,3,0,H
537113,2026-03-21 19:45:00+00:00,SA,2025,REGULAR_SEASON,30.0,Juventus FC,US Sassuolo Calcio,1,1,D
538090,2026-03-21 20:00:00+00:00,PL,2025,REGULAR_SEASON,31.0,Leeds United FC,Brentford FC,0,0,D
544496,2026-03-21 20:00:00+00:00,PD,2025,REGULAR_SEASON,29.0,Sevilla FC,Valencia CF,0,2,A
537690,2026-03-21 20:00:00+00:00,DED,2025,REGULAR_SEASON,28.0,PEC Zwolle,NAC Breda,2,1,H
542644,2026-03-21 20:05:00+00:00,FL1,2025,REGULAR_SEASON,27.0,OGC Nice,Paris Saint-Germain FC,0,4,A
545934,2026-03-21 20:30:00+00:00,PPL,2025,REGULAR_SEASON,27.0,CD Tondela,AVS,0,0,D
537689,2026-03-22 11:15:00+00:00,DED,2025,REGULAR_SEASON,28.0,NEC,SC Heerenveen,2,2,D
537111,2026-03-22 11:30:00+00:00,SA,2025,REGULAR_SEASON,30.0,Como 1907,AC Pisa 1909,5,0,H
538092,2026-03-22 12:00:00+00:00,PL,2025,REGULAR_SEASON,31.0,Newcastle United FC,Sunderland AFC,1,2,A
544492,2026-03-22 13:00:00+00:00,PD,2025,REGULAR_SEASON,29.0,FC Barcelona,Rayo Vallecano de Madrid,1,0,H
537685,2026-03-22 13:30:00+00:00,DED,2025,REGULAR_SEASON,28.0,FC Utrecht,Go Ahead Eagles,2,0,H
537686,2026-03-22 13:30:00+00:00,DED,2025,REGULAR_SEASON,28.0,Feyenoord Rotterdam,AFC Ajax,1,1,D
537108,2026-03-22 14:00:00+00:00,SA,2025,REGULAR_SEASON,30.0,Atalanta BC,Hellas Verona FC,1,0,H
537112,2026-03-22 14:00:00+00:00,SA,2025,REGULAR_SEASON,30.0,Bologna FC 1909,SS Lazio,0,2,A
542645,2026-03-22 14:00:00+00:00,FL1,2025,REGULAR_SEASON,27.0,Olympique Lyonnais,AS Monaco FC,1,2,A
538086,2026-03-22 14:15:00+00:00,PL,2025,REGULAR_SEASON,31.0,Aston Villa FC,West Ham United FC,2,0,H
538093,2026-03-22 14:15:00+00:00,PL,2025,REGULAR_SEASON,31.0,Tottenham Hotspur FC,Nottingham Forest FC,0,3,A
540641,2026-03-22 14:30:00+00:00,BL1,2025,REGULAR_SEASON,27.0,1. FSV Mainz 05,Eintracht Frankfurt,2,1,H
544497,2026-03-22 15:15:00+00:00,PD,2025,REGULAR_SEASON,29.0,RC Celta de Vigo,Deportivo Alavés,3,4,A
545937,2026-03-22 15:30:00+00:00,PPL,2025,REGULAR_SEASON,27.0,GD Estoril Praia,Rio Ave FC,1,2,A
537684,2026-03-22 15:45:00+00:00,DED,2025,REGULAR_SEASON,28.0,FC Groningen,AZ,3,0,H
537692,2026-03-22 15:45:00+00:00,DED,2025,REGULAR_SEASON,28.0,Telstar 1963,PSV,3,1,H
542642,2026-03-22 16:15:00+00:00,FL1,2025,REGULAR_SEASON,27.0,Paris FC,Le Havre AC,3,2,H
542646,2026-03-22 16:15:00+00:00,FL1,2025,REGULAR_SEASON,27.0,Olympique de Marseille,Lille OSC,1,2,A
542648,2026-03-22 16:15:00+00:00,FL1,2025,REGULAR_SEASON,27.0,Stade Rennais FC 1901,FC Metz,0,0,D
540642,2026-03-22 16:30:00+00:00,BL1,2025,REGULAR_SEASON,27.0,FC St. Pauli 1910,SC Freiburg,1,2,A
537107,2026-03-22 17:00:00+00:00,SA,2025,REGULAR_SEASON,30.0,AS Roma,US Lecce,1,0,H
544491,2026-03-22 17:30:00+00:00,PD,2025,REGULAR_SEASON,29.0,Athletic Club,Real Betis Balompié,2,1,H
545938,2026-03-22 18:00:00+00:00,PPL,2025,REGULAR_SEASON,27.0,FC Alverca,Sporting Clube de Portugal,1,4,A
540644,2026-03-22 18:30:00+00:00,BL1,2025,REGULAR_SEASON,27.0,FC Augsburg,VfB Stuttgart,2,5,A
537105,2026-03-22 19:45:00+00:00,SA,2025,REGULAR_SEASON,30.0,ACF Fiorentina,FC Internazionale Milano,1,1,D
542641,2026-03-22 19:45:00+00:00,FL1,2025,REGULAR_SEASON,27.0,FC Nantes,RC Strasbourg Alsace,2,3,A
544498,2026-03-22 20:00:00+00:00,PD,2025,REGULAR_SEASON,29.0,Real Madrid CF,Club Atlético de Madrid,3,2,H
545941,2026-03-22 20:30:00+00:00,PPL,2025,REGULAR_SEASON,27.0,Sporting Clube de Braga,FC Porto,1,2,A
545943,2026-04-03 14:30:00+00:00,PPL,2025,REGULAR_SEASON,28.0,Gil Vicente FC,AVS,3,0,H
545951,2026-04-03 17:00:00+00:00,PPL,2025,REGULAR_SEASON,28.0,Vitória SC,CD Tondela,5,0,H
542654,2026-04-03 18:45:00+00:00,FL1,2025,REGULAR_SEASON,28.0,Paris Saint-Germain FC,Toulouse FC,3,1,H
544509,2026-04-03 19:00:00+00:00,PD,2025,REGULAR_SEASON,30.0,Rayo Vallecano de Madrid,Elche CF,1,0,H
545947,2026-04-03 19:30:00+00:00,PPL,2025,REGULAR_SEASON,28.0,Sporting Clube de Portugal,CD Santa Clara,4,2,H
544510,2026-04-04 12:00:00+00:00,PD,2025,REGULAR_SEASON,30.0,Real Sociedad de Fútbol,Levante UD,2,0,H
537120,2026-04-04 13:00:00+00:00,SA,2025,REGULAR_SEASON,31.0,US Sassuolo Calcio,Cagliari Calcio,2,1,H
540654,2026-04-04 13:30:00+00:00,BL1,2025,REGULAR_SEASON,28.0,Hamburger SV,FC Augsburg,1,1,D
540656,2026-04-04 13:30:00+00:00,BL1,2025,REGULAR_SEASON,28.0,Borussia Mönchengladbach,1. FC Heidenheim 1846,2,2,D
540653,2026-04-04 13:30:00+00:00,BL1,2025,REGULAR_SEASON,28.0,Bayer 04 Leverkusen,VfL Wolfsburg,6,3,H
540649,2026-04-04 13:30:00+00:00,BL1,2025,REGULAR_SEASON,28.0,SC Freiburg,FC Bayern München,2,3,A
540652,2026-04-04 13:30:00+00:00,BL1,2025,REGULAR_SEASON,28.0,SV Werder Bremen,RB Leipzig,1,2,A
540651,2026-04-04 13:30:00+00:00,BL1,2025,REGULAR_SEASON,28.0,TSG 1899 Hoffenheim,1. FSV Mainz 05,1,2,A
544505,2026-04-04 14:15:00+00:00,PD,2025,REGULAR_SEASON,30.0,RCD Mallorca,Real Madrid CF,2,1,H
537699,2026-04-04 14:30:00+00:00,DED,2025,REGULAR_SEASON,29.0,PSV,FC Utrecht,4,3,H
545944,2026-04-04 14:30:00+00:00,PPL,2025,REGULAR_SEASON,28.0,CD Nacional,CF Estrela da Amadora,2,0,H
542655,2026-04-04 15:00:00+00:00,FL1,2025,REGULAR_SEASON,28.0,RC Strasbourg Alsace,OGC Nice,3,1,H
537115,2026-04-04 16:00:00+00:00,SA,2025,REGULAR_SEASON,31.0,Hellas Verona FC,ACF Fiorentina,0,1,A
540650,2026-04-04 16:30:00+00:00,BL1,2025,REGULAR_SEASON,28.0,VfB Stuttgart,Borussia Dortmund,0,2,A
544503,2026-04-04 16:30:00+00:00,PD,2025,REGULAR_SEASON,30.0,Real Betis Balompié,RCD Espanyol de Barcelona,0,0,D
537701,2026-04-04 16:45:00+00:00,DED,2025,REGULAR_SEASON,29.0,Telstar 1963,FC Groningen,0,2,A
545945,2026-04-04 17:00:00+00:00,PPL,2025,REGULAR_SEASON,28.0,Rio Ave FC,FC Alverca,1,2,A
542657,2026-04-04 17:00:00+00:00,FL1,2025,REGULAR_SEASON,28.0,Stade Brestois 29,Stade Rennais FC 1901,3,4,A
545948,2026-04-04 17:00:00+00:00,PPL,2025,REGULAR_SEASON,28.0,Moreirense FC,Sporting Clube de Braga,0,1,A
537694,2026-04-04 17:00:00+00:00,DED,2025,REGULAR_SEASON,29.0,AZ,Fortuna Sittard,2,0,H
537118,2026-04-04 18:45:00+00:00,SA,2025,REGULAR_SEASON,31.0,SS Lazio,Parma Calcio 1913,1,1,D
537693,2026-04-04 19:00:00+00:00,DED,2025,REGULAR_SEASON,29.0,AFC Ajax,FC Twente '65,1,2,A
537695,2026-04-04 19:00:00+00:00,DED,2025,REGULAR_SEASON,29.0,SBV Excelsior,NEC,0,2,A
544502,2026-04-04 19:00:00+00:00,PD,2025,REGULAR_SEASON,30.0,Club Atlético de Madrid,FC Barcelona,1,2,A
542653,2026-04-04 19:05:00+00:00,FL1,2025,REGULAR_SEASON,28.0,Lille OSC,Racing Club de Lens,3,0,H
545946,2026-04-04 19:30:00+00:00,PPL,2025,REGULAR_SEASON,28.0,FC Porto,FC Famalicão,2,2,D
537697,2026-04-05 10:15:00+00:00,DED,2025,REGULAR_SEASON,29.0,Go Ahead Eagles,PEC Zwolle,5,0,H
544507,2026-04-05 12:00:00+00:00,PD,2025,REGULAR_SEASON,30.0,Getafe CF,Athletic Club,2,0,H
537700,2026-04-05 12:30:00+00:00,DED,2025,REGULAR_SEASON,29.0,SC Heerenveen,Heracles Almelo,4,1,H
537696,2026-04-05 12:30:00+00:00,DED,2025,REGULAR_SEASON,29.0,FC Volendam,Feyenoord Rotterdam,0,0,D
537123,2026-04-05 13:00:00+00:00,SA,2025,REGULAR_SEASON,31.0,US Cremonese,Bologna FC 1909,1,2,A
542656,2026-04-05 13:00:00+00:00,FL1,2025,REGULAR_SEASON,28.0,Angers SCO,Olympique Lyonnais,0,0,D
540655,2026-04-05 13:30:00+00:00,BL1,2025,REGULAR_SEASON,28.0,1. FC Union Berlin,FC St. Pauli 1910,1,1,D
544508,2026-04-05 14:15:00+00:00,PD,2025,REGULAR_SEASON,30.0,Valencia CF,RC Celta de Vigo,2,3,A
537698,2026-04-05 14:45:00+00:00,DED,2025,REGULAR_SEASON,29.0,NAC Breda,Sparta Rotterdam,0,0,D
542649,2026-04-05 15:15:00+00:00,FL1,2025,REGULAR_SEASON,28.0,Le Havre AC,AJ Auxerre,1,1,D
542652,2026-04-05 15:15:00+00:00,FL1,2025,REGULAR_SEASON,28.0,FC Metz,FC Nantes,0,0,D
542651,2026-04-05 15:15:00+00:00,FL1,2025,REGULAR_SEASON,28.0,FC Lorient,Paris FC,1,1,D
540657,2026-04-05 15:30:00+00:00,BL1,2025,REGULAR_SEASON,28.0,Eintracht Frankfurt,1. FC Köln,2,2,D
537119,2026-04-05 16:00:00+00:00,SA,2025,REGULAR_SEASON,31.0,AC Pisa 1909,Torino FC,0,1,A
544506,2026-04-05 16:30:00+00:00,PD,2025,REGULAR_SEASON,30.0,Real Oviedo,Sevilla FC,1,0,H
542650,2026-04-05 18:45:00+00:00,FL1,2025,REGULAR_SEASON,28.0,AS Monaco FC,Olympique de Marseille,2,1,H
537116,2026-04-05 18:45:00+00:00,SA,2025,REGULAR_SEASON,31.0,FC Internazionale Milano,AS Roma,5,2,H
544501,2026-04-05 19:00:00+00:00,PD,2025,REGULAR_SEASON,30.0,Deportivo Alavés,CA Osasuna,2,2,D
537122,2026-04-06 10:30:00+00:00,SA,2025,REGULAR_SEASON,31.0,Udinese Calcio,Como 1907,0,0,D
537124,2026-04-06 13:00:00+00:00,SA,2025,REGULAR_SEASON,31.0,US Lecce,Atalanta BC,0,3,A
537117,2026-04-06 16:00:00+00:00,SA,2025,REGULAR_SEASON,31.0,Juventus FC,Genoa CFC,2,0,H
545950,2026-04-06 17:45:00+00:00,PPL,2025,REGULAR_SEASON,28.0,FC Arouca,GD Estoril Praia,3,2,H
537121,2026-04-06 18:45:00+00:00,SA,2025,REGULAR_SEASON,31.0,SSC Napoli,AC Milan,1,0,H
544504,2026-04-06 19:00:00+00:00,PD,2025,REGULAR_SEASON,30.0,Girona FC,Villarreal CF,1,0,H
545949,2026-04-06 19:45:00+00:00,PPL,2025,REGULAR_SEASON,28.0,Casa Pia AC,Sport Lisboa e Benfica,1,1,D
556721,2026-04-07 19:00:00+00:00,CL,2025,QUARTER_FINALS,1.0,Sporting Clube de Portugal,Arsenal FC,0,1,A
556719,2026-04-07 19:00:00+00:00,CL,2025,QUARTER_FINALS,1.0,Real Madrid CF,FC Bayern München,1,2,A
556720,2026-04-08 19:00:00+00:00,CL,2025,QUARTER_FINALS,1.0,FC Barcelona,Club Atlético de Madrid,0,2,A
556718,2026-04-08 19:00:00+00:00,CL,2025,QUARTER_FINALS,1.0,Paris Saint-Germain FC,Liverpool FC,2,0,H
542659,2026-04-10 17:00:00+00:00,FL1,2025,REGULAR_SEASON,29.0,Paris FC,AS Monaco FC,4,1,H
537710,2026-04-10 18:00:00+00:00,DED,2025,REGULAR_SEASON,30.0,FC Twente '65,FC Volendam,2,1,H
540665,2026-04-10 18:30:00+00:00,BL1,2025,REGULAR_SEASON,29.0,FC Augsburg,TSG 1899 Hoffenheim,2,2,D
537127,2026-04-10 18:45:00+00:00,SA,2025,REGULAR_SEASON,32.0,AS Roma,AC Pisa 1909,3,0,H
538104,2026-04-10 19:00:00+00:00,PL,2025,REGULAR_SEASON,32.0,West Ham United FC,Wolverhampton Wanderers FC,4,0,H
544520,2026-04-10 19:00:00+00:00,PD,2025,REGULAR_SEASON,31.0,Real Madrid CF,Girona FC,1,1,D
542663,2026-04-10 19:05:00+00:00,FL1,2025,REGULAR_SEASON,29.0,Olympique de Marseille,FC Metz,3,1,H
545958,2026-04-10 19:45:00+00:00,PPL,2025,REGULAR_SEASON,29.0,FC Famalicão,Moreirense FC,1,1,D
538097,2026-04-11 11:30:00+00:00,PL,2025,REGULAR_SEASON,32.0,Arsenal FC,AFC Bournemouth,1,2,A
544516,2026-04-11 12:00:00+00:00,PD,2025,REGULAR_SEASON,31.0,Real Sociedad de Fútbol,Deportivo Alavés,3,3,D
537133,2026-04-11 13:00:00+00:00,SA,2025,REGULAR_SEASON,32.0,Torino FC,Hellas Verona FC,2,1,H
537129,2026-04-11 13:00:00+00:00,SA,2025,REGULAR_SEASON,32.0,Cagliari Calcio,US Cremonese,1,0,H
540660,2026-04-11 13:30:00+00:00,BL1,2025,REGULAR_SEASON,29.0,VfL Wolfsburg,Eintracht Frankfurt,1,2,A
540659,2026-04-11 13:30:00+00:00,BL1,2025,REGULAR_SEASON,29.0,Borussia Dortmund,Bayer 04 Leverkusen,0,1,A
540663,2026-04-11 13:30:00+00:00,BL1,2025,REGULAR_SEASON,29.0,RB Leipzig,Borussia Mönchengladbach,1,0,H
540664,2026-04-11 13:30:00+00:00,BL1,2025,REGULAR_SEASON,29.0,1. FC Heidenheim 1846,1. FC Union Berlin,3,1,H
538098,2026-04-11 14:00:00+00:00,PL,2025,REGULAR_SEASON,32.0,Brentford FC,Everton FC,2,2,D
538099,2026-04-11 14:00:00+00:00,PL,2025,REGULAR_SEASON,32.0,Burnley FC,Brighton & Hove Albion FC,0,2,A
544514,2026-04-11 14:15:00+00:00,PD,2025,REGULAR_SEASON,31.0,Elche CF,Valencia CF,1,0,H
545954,2026-04-11 14:30:00+00:00,PPL,2025,REGULAR_SEASON,29.0,AVS,Vitória SC,1,1,D
537704,2026-04-11 14:30:00+00:00,DED,2025,REGULAR_SEASON,30.0,FC Utrecht,Telstar 1963,4,1,H
537126,2026-04-11 16:00:00+00:00,SA,2025,REGULAR_SEASON,32.0,AC Milan,Udinese Calcio,0,3,A
538101,2026-04-11 16:30:00+00:00,PL,2025,REGULAR_SEASON,32.0,Liverpool FC,Fulham FC,2,0,H
540658,2026-04-11 16:30:00+00:00,BL1,2025,REGULAR_SEASON,29.0,FC St. Pauli 1910,FC Bayern München,0,5,A
544512,2026-04-11 16:30:00+00:00,PD,2025,REGULAR_SEASON,31.0,FC Barcelona,RCD Espanyol de Barcelona,4,1,H
537709,2026-04-11 16:45:00+00:00,DED,2025,REGULAR_SEASON,30.0,Sparta Rotterdam,PSV,0,2,A
545959,2026-04-11 17:00:00+00:00,PPL,2025,REGULAR_SEASON,29.0,CD Santa Clara,Rio Ave FC,0,2,A
542658,2026-04-11 17:00:00+00:00,FL1,2025,REGULAR_SEASON,29.0,AJ Auxerre,FC Nantes,0,0,D
537703,2026-04-11 18:00:00+00:00,DED,2025,REGULAR_SEASON,30.0,FC Groningen,Go Ahead Eagles,0,0,D
537128,2026-04-11 18:45:00+00:00,SA,2025,REGULAR_SEASON,32.0,Atalanta BC,Juventus FC,0,1,A
537706,2026-04-11 19:00:00+00:00,DED,2025,REGULAR_SEASON,30.0,Heracles Almelo,AFC Ajax,0,3,A
544517,2026-04-11 19:00:00+00:00,PD,2025,REGULAR_SEASON,31.0,Sevilla FC,Club Atlético de Madrid,2,1,H
542666,2026-04-11 19:05:00+00:00,FL1,2025,REGULAR_SEASON,29.0,Stade Rennais FC 1901,Angers SCO,2,1,H
545956,2026-04-11 19:30:00+00:00,PPL,2025,REGULAR_SEASON,29.0,CF Estrela da Amadora,Sporting Clube de Portugal,0,1,A
537705,2026-04-12 10:15:00+00:00,DED,2025,REGULAR_SEASON,30.0,Fortuna Sittard,NAC Breda,1,1,D
537130,2026-04-12 10:30:00+00:00,SA,2025,REGULAR_SEASON,32.0,Genoa CFC,US Sassuolo Calcio,2,1,H
544518,2026-04-12 12:00:00+00:00,PD,2025,REGULAR_SEASON,31.0,CA Osasuna,Real Betis Balompié,1,1,D
537708,2026-04-12 12:30:00+00:00,DED,2025,REGULAR_SEASON,30.0,PEC Zwolle,SBV Excelsior,2,2,D
537707,2026-04-12 12:30:00+00:00,DED,2025,REGULAR_SEASON,30.0,NEC,Feyenoord Rotterdam,1,1,D
538103,2026-04-12 13:00:00+00:00,PL,2025,REGULAR_SEASON,32.0,Nottingham Forest FC,Aston Villa FC,1,1,D
538096,2026-04-12 13:00:00+00:00,PL,2025,REGULAR_SEASON,32.0,Crystal Palace FC,Newcastle United FC,2,1,H
537134,2026-04-12 13:00:00+00:00,SA,2025,REGULAR_SEASON,32.0,Parma Calcio 1913,SSC Napoli,1,1,D
538095,2026-04-12 13:00:00+00:00,PL,2025,REGULAR_SEASON,32.0,Sunderland AFC,Tottenham Hotspur FC,1,0,H
540662,2026-04-12 13:30:00+00:00,BL1,2025,REGULAR_SEASON,29.0,1. FC Köln,SV Werder Bremen,3,1,H
544515,2026-04-12 14:15:00+00:00,PD,2025,REGULAR_SEASON,31.0,RCD Mallorca,Rayo Vallecano de Madrid,3,0,H
545957,2026-04-12 14:30:00+00:00,PPL,2025,REGULAR_SEASON,29.0,FC Alverca,Casa Pia AC,3,1,H
537702,2026-04-12 14:45:00+00:00,DED,2025,REGULAR_SEASON,30.0,AZ,SC Heerenveen,3,0,H
542661,2026-04-12 15:15:00+00:00,FL1,2025,REGULAR_SEASON,29.0,OGC Nice,Le Havre AC,1,1,D
542660,2026-04-12 15:15:00+00:00,FL1,2025,REGULAR_SEASON,29.0,Toulouse FC,Lille OSC,0,4,A
540666,2026-04-12 15:30:00+00:00,BL1,2025,REGULAR_SEASON,29.0,VfB Stuttgart,Hamburger SV,4,0,H
538100,2026-04-12 15:30:00+00:00,PL,2025,REGULAR_SEASON,32.0,Chelsea FC,Manchester City FC,0,3,A
537132,2026-04-12 16:00:00+00:00,SA,2025,REGULAR_SEASON,32.0,Bologna FC 1909,US Lecce,2,0,H
544513,2026-04-12 16:30:00+00:00,PD,2025,REGULAR_SEASON,31.0,RC Celta de Vigo,Real Oviedo,0,3,A
545952,2026-04-12 17:00:00+00:00,PPL,2025,REGULAR_SEASON,29.0,Sporting Clube de Braga,FC Arouca,1,0,H
545960,2026-04-12 17:00:00+00:00,PPL,2025,REGULAR_SEASON,29.0,Sport Lisboa e Benfica,CD Nacional,2,0,H
540661,2026-04-12 17:30:00+00:00,BL1,2025,REGULAR_SEASON,29.0,1. FSV Mainz 05,SC Freiburg,0,1,A
542662,2026-04-12 18:45:00+00:00,FL1,2025,REGULAR_SEASON,29.0,Olympique Lyonnais,FC Lorient,2,0,H
537131,2026-04-12 18:45:00+00:00,SA,2025,REGULAR_SEASON,32.0,Como 1907,FC Internazionale Milano,3,4,A
544511,2026-04-12 19:00:00+00:00,PD,2025,REGULAR_SEASON,31.0,Athletic Club,Villarreal CF,1,2,A
545955,2026-04-12 19:30:00+00:00,PPL,2025,REGULAR_SEASON,29.0,GD Estoril Praia,FC Porto,1,3,A
537125,2026-04-13 18:45:00+00:00,SA,2025,REGULAR_SEASON,32.0,ACF Fiorentina,SS Lazio,1,0,H
544519,2026-04-13 19:00:00+00:00,PD,2025,REGULAR_SEASON,31.0,Levante UD,Getafe CF,1,0,H
538102,2026-04-13 19:00:00+00:00,PL,2025,REGULAR_SEASON,32.0,Manchester United FC,Leeds United FC,1,2,A
545953,2026-04-13 19:15:00+00:00,PPL,2025,REGULAR_SEASON,29.0,CD Tondela,Gil Vicente FC,2,2,D
556724,2026-04-14 19:00:00+00:00,CL,2025,QUARTER_FINALS,2.0,Club Atlético de Madrid,FC Barcelona,1,2,A
556722,2026-04-14 19:00:00+00:00,CL,2025,QUARTER_FINALS,2.0,Liverpool FC,Paris Saint-Germain FC,0,2,A
556723,2026-04-15 19:00:00+00:00,CL,2025,QUARTER_FINALS,2.0,FC Bayern München,Real Madrid CF,4,3,H
556725,2026-04-15 19:00:00+00:00,CL,2025,QUARTER_FINALS,2.0,Arsenal FC,Sporting Clube de Portugal,0,0,D
537140,2026-04-17 16:30:00+00:00,SA,2025,REGULAR_SEASON,33.0,US Sassuolo Calcio,Como 1907,2,1,H
540673,2026-04-17 18:30:00+00:00,BL1,2025,REGULAR_SEASON,30.0,FC St. Pauli 1910,1. FC Köln,1,1,D
542674,2026-04-17 18:45:00+00:00,FL1,2025,REGULAR_SEASON,30.0,Racing Club de Lens,Toulouse FC,3,2,H
537137,2026-04-17 18:45:00+00:00,SA,2025,REGULAR_SEASON,33.0,FC Internazionale Milano,Cagliari Calcio,3,0,H
545961,2026-04-17 19:45:00+00:00,PPL,2025,REGULAR_SEASON,30.0,Rio Ave FC,AVS,2,2,D
538107,2026-04-18 11:30:00+00:00,PL,2025,REGULAR_SEASON,33.0,Brentford FC,Fulham FC,0,0,D
537142,2026-04-18 13:00:00+00:00,SA,2025,REGULAR_SEASON,33.0,Udinese Calcio,Parma Calcio 1913,0,1,A
540671,2026-04-18 13:30:00+00:00,BL1,2025,REGULAR_SEASON,30.0,1. FC Union Berlin,VfL Wolfsburg,1,2,A
540667,2026-04-18 13:30:00+00:00,BL1,2025,REGULAR_SEASON,30.0,TSG 1899 Hoffenheim,Borussia Dortmund,2,1,H
540675,2026-04-18 13:30:00+00:00,BL1,2025,REGULAR_SEASON,30.0,Bayer 04 Leverkusen,FC Augsburg,1,2,A
540674,2026-04-18 13:30:00+00:00,BL1,2025,REGULAR_SEASON,30.0,SV Werder Bremen,Hamburger SV,3,1,H
538110,2026-04-18 14:00:00+00:00,PL,2025,REGULAR_SEASON,33.0,Leeds United FC,Wolverhampton Wanderers FC,3,0,H
538112,2026-04-18 14:00:00+00:00,PL,2025,REGULAR_SEASON,33.0,Newcastle United FC,AFC Bournemouth,1,2,A
545963,2026-04-18 14:30:00+00:00,PPL,2025,REGULAR_SEASON,30.0,CD Nacional,FC Alverca,1,0,H
542668,2026-04-18 15:00:00+00:00,FL1,2025,REGULAR_SEASON,30.0,FC Lorient,Olympique de Marseille,2,0,H
537141,2026-04-18 16:00:00+00:00,SA,2025,REGULAR_SEASON,33.0,SSC Napoli,SS Lazio,0,2,A
540669,2026-04-18 16:30:00+00:00,BL1,2025,REGULAR_SEASON,30.0,Eintracht Frankfurt,RB Leipzig,1,3,A
538114,2026-04-18 16:30:00+00:00,PL,2025,REGULAR_SEASON,33.0,Tottenham Hotspur FC,Brighton & Hove Albion FC,2,2,D
542675,2026-04-18 17:00:00+00:00,FL1,2025,REGULAR_SEASON,30.0,Angers SCO,Le Havre AC,1,1,D
545964,2026-04-18 17:00:00+00:00,PPL,2025,REGULAR_SEASON,30.0,Casa Pia AC,CD Santa Clara,0,0,D
537135,2026-04-18 18:45:00+00:00,SA,2025,REGULAR_SEASON,33.0,AS Roma,Atalanta BC,1,1,D
538108,2026-04-18 19:00:00+00:00,PL,2025,REGULAR_SEASON,33.0,Chelsea FC,Manchester United FC,0,1,A
542671,2026-04-18 19:05:00+00:00,FL1,2025,REGULAR_SEASON,30.0,Lille OSC,OGC Nice,0,0,D
545966,2026-04-18 19:30:00+00:00,PPL,2025,REGULAR_SEASON,30.0,Gil Vicente FC,Vitória SC,0,1,A
537143,2026-04-19 10:30:00+00:00,SA,2025,REGULAR_SEASON,33.0,US Cremonese,Torino FC,0,0,D
537136,2026-04-19 13:00:00+00:00,SA,2025,REGULAR_SEASON,33.0,Hellas Verona FC,AC Milan,0,1,A
538109,2026-04-19 13:00:00+00:00,PL,2025,REGULAR_SEASON,33.0,Everton FC,Liverpool FC,1,2,A
538105,2026-04-19 13:00:00+00:00,PL,2025,REGULAR_SEASON,33.0,Aston Villa FC,Sunderland AFC,4,3,H
542667,2026-04-19 13:00:00+00:00,FL1,2025,REGULAR_SEASON,30.0,AS Monaco FC,AJ Auxerre,2,2,D
538113,2026-04-19 13:00:00+00:00,PL,2025,REGULAR_SEASON,33.0,Nottingham Forest FC,Burnley FC,4,1,H
540672,2026-04-19 13:30:00+00:00,BL1,2025,REGULAR_SEASON,30.0,SC Freiburg,1. FC Heidenheim 1846,2,1,H
545967,2026-04-19 14:30:00+00:00,PPL,2025,REGULAR_SEASON,30.0,FC Arouca,CF Estrela da Amadora,1,0,H
542670,2026-04-19 15:15:00+00:00,FL1,2025,REGULAR_SEASON,30.0,FC Nantes,Stade Brestois 29,1,1,D
542673,2026-04-19 15:15:00+00:00,FL1,2025,REGULAR_SEASON,30.0,RC Strasbourg Alsace,Stade Rennais FC 1901,0,3,A
542669,2026-04-19 15:15:00+00:00,FL1,2025,REGULAR_SEASON,30.0,FC Metz,Paris FC,1,3,A
538111,2026-04-19 15:30:00+00:00,PL,2025,REGULAR_SEASON,33.0,Manchester City FC,Arsenal FC,2,1,H
540670,2026-04-19 15:30:00+00:00,BL1,2025,REGULAR_SEASON,30.0,FC Bayern München,VfB Stuttgart,4,2,H
537139,2026-04-19 16:00:00+00:00,SA,2025,REGULAR_SEASON,33.0,AC Pisa 1909,Genoa CFC,1,2,A
545965,2026-04-19 17:15:00+00:00,PPL,2025,REGULAR_SEASON,30.0,Sporting Clube de Portugal,Sport Lisboa e Benfica,1,2,A
540668,2026-04-19 17:30:00+00:00,BL1,2025,REGULAR_SEASON,30.0,Borussia Mönchengladbach,1. FSV Mainz 05,1,1,D
542672,2026-04-19 18:45:00+00:00,FL1,2025,REGULAR_SEASON,30.0,Paris Saint-Germain FC,Olympique Lyonnais,1,2,A
537138,2026-04-19 18:45:00+00:00,SA,2025,REGULAR_SEASON,33.0,Juventus FC,Bologna FC 1909,2,0,H
545969,2026-04-19 19:30:00+00:00,PPL,2025,REGULAR_SEASON,30.0,Sporting Clube de Braga,FC Famalicão,2,2,D
545968,2026-04-19 19:30:00+00:00,PPL,2025,REGULAR_SEASON,30.0,FC Porto,CD Tondela,2,0,H
537144,2026-04-20 18:45:00+00:00,SA,2025,REGULAR_SEASON,33.0,US Lecce,ACF Fiorentina,1,1,D
538106,2026-04-20 19:00:00+00:00,PL,2025,REGULAR_SEASON,33.0,Crystal Palace FC,West Ham United FC,0,0,D
545962,2026-04-20 19:15:00+00:00,PPL,2025,REGULAR_SEASON,30.0,Moreirense FC,GD Estoril Praia,1,0,H
544531,2026-04-21 17:00:00+00:00,PD,2025,REGULAR_SEASON,33.0,Athletic Club,CA Osasuna,1,0,H
544534,2026-04-21 17:00:00+00:00,PD,2025,REGULAR_SEASON,33.0,RCD Mallorca,Valencia CF,1,1,D
538117,2026-04-21 19:00:00+00:00,PL,2025,REGULAR_SEASON,34.0,Brighton & Hove Albion FC,Chelsea FC,3,0,H
544536,2026-04-21 19:30:00+00:00,PD,2025,REGULAR_SEASON,33.0,Real Madrid CF,Deportivo Alavés,2,1,H
544538,2026-04-21 19:30:00+00:00,PD,2025,REGULAR_SEASON,33.0,Girona FC,Real Betis Balompié,2,3,A
544537,2026-04-22 17:00:00+00:00,PD,2025,REGULAR_SEASON,33.0,Elche CF,Club Atlético de Madrid,3,2,H
542636,2026-04-22 17:00:00+00:00,FL1,2025,REGULAR_SEASON,26.0,Paris Saint-Germain FC,FC Nantes,3,0,H
537718,2026-04-22 18:00:00+00:00,DED,2025,REGULAR_SEASON,31.0,Telstar 1963,Sparta Rotterdam,4,1,H
544540,2026-04-22 18:00:00+00:00,PD,2025,REGULAR_SEASON,33.0,Real Sociedad de Fútbol,Getafe CF,0,1,A
538119,2026-04-22 19:00:00+00:00,PL,2025,REGULAR_SEASON,34.0,Burnley FC,Manchester City FC,0,1,A
538115,2026-04-22 19:00:00+00:00,PL,2025,REGULAR_SEASON,34.0,AFC Bournemouth,Leeds United FC,2,2,D
544532,2026-04-22 19:30:00+00:00,PD,2025,REGULAR_SEASON,33.0,FC Barcelona,RC Celta de Vigo,1,0,H
537713,2026-04-23 16:45:00+00:00,DED,2025,REGULAR_SEASON,31.0,Go Ahead Eagles,AZ,0,0,D
544533,2026-04-23 17:00:00+00:00,PD,2025,REGULAR_SEASON,33.0,Levante UD,Sevilla FC,2,0,H
544539,2026-04-23 18:00:00+00:00,PD,2025,REGULAR_SEASON,33.0,Rayo Vallecano de Madrid,RCD Espanyol de Barcelona,1,0,H
545930,2026-04-23 18:00:00+00:00,PPL,2025,REGULAR_SEASON,26.0,Casa Pia AC,Sporting Clube de Braga,0,1,A
537716,2026-04-23 19:00:00+00:00,DED,2025,REGULAR_SEASON,31.0,PSV,PEC Zwolle,6,1,H
544535,2026-04-23 19:30:00+00:00,PD,2025,REGULAR_SEASON,33.0,Real Oviedo,Villarreal CF,1,1,D
540682,2026-04-24 18:30:00+00:00,BL1,2025,REGULAR_SEASON,31.0,RB Leipzig,1. FC Union Berlin,3,1,H
537154,2026-04-24 18:45:00+00:00,SA,2025,REGULAR_SEASON,34.0,SSC Napoli,US Cremonese,4,0,H
542683,2026-04-24 18:45:00+00:00,FL1,2025,REGULAR_SEASON,31.0,Stade Brestois 29,Racing Club de Lens,3,3,D
538116,2026-04-24 19:00:00+00:00,PL,2025,REGULAR_SEASON,34.0,Sunderland AFC,Nottingham Forest FC,0,5,A
544522,2026-04-24 19:00:00+00:00,PD,2025,REGULAR_SEASON,32.0,Real Betis Balompié,Real Madrid CF,1,1,D
545976,2026-04-24 19:15:00+00:00,PPL,2025,REGULAR_SEASON,31.0,FC Alverca,FC Arouca,2,1,H
538120,2026-04-25 11:30:00+00:00,PL,2025,REGULAR_SEASON,34.0,Fulham FC,Aston Villa FC,1,0,H
544521,2026-04-25 12:00:00+00:00,PD,2025,REGULAR_SEASON,32.0,Deportivo Alavés,RCD Mallorca,2,1,H
537153,2026-04-25 13:00:00+00:00,SA,2025,REGULAR_SEASON,34.0,Parma Calcio 1913,AC Pisa 1909,1,0,H
542680,2026-04-25 13:00:00+00:00,FL1,2025,REGULAR_SEASON,31.0,Olympique Lyonnais,AJ Auxerre,3,2,H
540683,2026-04-25 13:30:00+00:00,BL1,2025,REGULAR_SEASON,31.0,1. FC Heidenheim 1846,FC St. Pauli 1910,2,0,H
540677,2026-04-25 13:30:00+00:00,BL1,2025,REGULAR_SEASON,31.0,1. FC Köln,Bayer 04 Leverkusen,1,2,A
540678,2026-04-25 13:30:00+00:00,BL1,2025,REGULAR_SEASON,31.0,FC Augsburg,Eintracht Frankfurt,1,1,D
540681,2026-04-25 13:30:00+00:00,BL1,2025,REGULAR_SEASON,31.0,VfL Wolfsburg,Borussia Mönchengladbach,0,0,D
540676,2026-04-25 13:30:00+00:00,BL1,2025,REGULAR_SEASON,31.0,1. FSV Mainz 05,FC Bayern München,3,4,A
538121,2026-04-25 14:00:00+00:00,PL,2025,REGULAR_SEASON,34.0,Liverpool FC,Crystal Palace FC,3,1,H
538124,2026-04-25 14:00:00+00:00,PL,2025,REGULAR_SEASON,34.0,Wolverhampton Wanderers FC,Tottenham Hotspur FC,0,1,A
538123,2026-04-25 14:00:00+00:00,PL,2025,REGULAR_SEASON,34.0,West Ham United FC,Everton FC,2,1,H
544527,2026-04-25 14:15:00+00:00,PD,2025,REGULAR_SEASON,32.0,Getafe CF,FC Barcelona,0,2,A
545971,2026-04-25 14:30:00+00:00,PPL,2025,REGULAR_SEASON,31.0,CD Tondela,CD Nacional,0,2,A
537712,2026-04-25 14:30:00+00:00,DED,2025,REGULAR_SEASON,31.0,Feyenoord Rotterdam,FC Groningen,3,1,H
537149,2026-04-25 16:00:00+00:00,SA,2025,REGULAR_SEASON,34.0,Bologna FC 1909,AS Roma,0,2,A
544530,2026-04-25 16:30:00+00:00,PD,2025,REGULAR_SEASON,32.0,Valencia CF,Girona FC,2,1,H
538118,2026-04-25 16:30:00+00:00,PL,2025,REGULAR_SEASON,34.0,Arsenal FC,Newcastle United FC,1,0,H
540684,2026-04-25 16:30:00+00:00,BL1,2025,REGULAR_SEASON,31.0,Hamburger SV,TSG 1899 Hoffenheim,1,2,A
537717,2026-04-25 16:45:00+00:00,DED,2025,REGULAR_SEASON,31.0,SC Heerenveen,Fortuna Sittard,2,1,H
545977,2026-04-25 17:00:00+00:00,PPL,2025,REGULAR_SEASON,31.0,Sport Lisboa e Benfica,Moreirense FC,4,1,H
542682,2026-04-25 17:00:00+00:00,FL1,2025,REGULAR_SEASON,31.0,Angers SCO,Paris Saint-Germain FC,0,3,A
537715,2026-04-25 18:00:00+00:00,DED,2025,REGULAR_SEASON,31.0,NAC Breda,AFC Ajax,0,2,A
537151,2026-04-25 18:45:00+00:00,SA,2025,REGULAR_SEASON,34.0,Hellas Verona FC,US Lecce,0,0,D
544526,2026-04-25 19:00:00+00:00,PD,2025,REGULAR_SEASON,32.0,Club Atlético de Madrid,Athletic Club,3,2,H
537719,2026-04-25 19:00:00+00:00,DED,2025,REGULAR_SEASON,31.0,FC Twente '65,NEC,1,1,D
542679,2026-04-25 19:05:00+00:00,FL1,2025,REGULAR_SEASON,31.0,Toulouse FC,AS Monaco FC,2,2,D
545978,2026-04-25 19:30:00+00:00,PPL,2025,REGULAR_SEASON,31.0,Vitória SC,Rio Ave FC,2,0,H
537711,2026-04-26 10:15:00+00:00,DED,2025,REGULAR_SEASON,31.0,SBV Excelsior,FC Utrecht,5,0,H
537145,2026-04-26 10:30:00+00:00,SA,2025,REGULAR_SEASON,34.0,ACF Fiorentina,US Sassuolo Calcio,0,0,D
544525,2026-04-26 12:00:00+00:00,PD,2025,REGULAR_SEASON,32.0,Rayo Vallecano de Madrid,Real Sociedad de Fútbol,3,3,D
537714,2026-04-26 12:30:00+00:00,DED,2025,REGULAR_SEASON,31.0,Heracles Almelo,FC Volendam,0,2,A
537148,2026-04-26 13:00:00+00:00,SA,2025,REGULAR_SEASON,34.0,Genoa CFC,Como 1907,0,2,A
542677,2026-04-26 13:00:00+00:00,FL1,2025,REGULAR_SEASON,31.0,FC Lorient,RC Strasbourg Alsace,2,3,A
540680,2026-04-26 13:30:00+00:00,BL1,2025,REGULAR_SEASON,31.0,VfB Stuttgart,SV Werder Bremen,1,1,D
544529,2026-04-26 14:15:00+00:00,PD,2025,REGULAR_SEASON,32.0,Real Oviedo,Elche CF,1,2,A
545974,2026-04-26 14:30:00+00:00,PPL,2025,REGULAR_SEASON,31.0,GD Estoril Praia,FC Famalicão,0,1,A
542678,2026-04-26 15:15:00+00:00,FL1,2025,REGULAR_SEASON,31.0,Paris FC,Lille OSC,0,1,A
542684,2026-04-26 15:15:00+00:00,FL1,2025,REGULAR_SEASON,31.0,Stade Rennais FC 1901,FC Nantes,2,1,H
542676,2026-04-26 15:15:00+00:00,FL1,2025,REGULAR_SEASON,31.0,Le Havre AC,FC Metz,4,4,D
540679,2026-04-26 15:30:00+00:00,BL1,2025,REGULAR_SEASON,31.0,Borussia Dortmund,SC Freiburg,4,0,H
537150,2026-04-26 16:00:00+00:00,SA,2025,REGULAR_SEASON,34.0,Torino FC,FC Internazionale Milano,2,2,D
544524,2026-04-26 16:30:00+00:00,PD,2025,REGULAR_SEASON,32.0,CA Osasuna,Sevilla FC,2,1,H
545972,2026-04-26 17:00:00+00:00,PPL,2025,REGULAR_SEASON,31.0,CD Santa Clara,Sporting Clube de Braga,2,1,H
545975,2026-04-26 17:00:00+00:00,PPL,2025,REGULAR_SEASON,31.0,CF Estrela da Amadora,FC Porto,1,2,A
537146,2026-04-26 18:45:00+00:00,SA,2025,REGULAR_SEASON,34.0,AC Milan,Juventus FC,0,0,D
542681,2026-04-26 18:45:00+00:00,FL1,2025,REGULAR_SEASON,31.0,Olympique de Marseille,OGC Nice,1,1,D
544528,2026-04-26 19:00:00+00:00,PD,2025,REGULAR_SEASON,32.0,Villarreal CF,RC Celta de Vigo,2,1,H
545973,2026-04-26 19:30:00+00:00,PPL,2025,REGULAR_SEASON,31.0,AVS,Sporting Clube de Portugal,1,1,D
537147,2026-04-27 16:30:00+00:00,SA,2025,REGULAR_SEASON,34.0,Cagliari Calcio,Atalanta BC,3,2,H
537152,2026-04-27 18:45:00+00:00,SA,2025,REGULAR_SEASON,34.0,SS Lazio,Udinese Calcio,3,3,D
544523,2026-04-27 19:00:00+00:00,PD,2025,REGULAR_SEASON,32.0,RCD Espanyol de Barcelona,Levante UD,0,0,D
538122,2026-04-27 19:00:00+00:00,PL,2025,REGULAR_SEASON,34.0,Manchester United FC,Brentford FC,2,1,H
545970,2026-04-27 19:15:00+00:00,PPL,2025,REGULAR_SEASON,31.0,Gil Vicente FC,Casa Pia AC,2,1,H
552092,2026-04-28 19:00:00+00:00,CL,2025,SEMI_FINALS,1.0,Paris Saint-Germain FC,FC Bayern München,5,4,H
552093,2026-04-29 19:00:00+00:00,CL,2025,SEMI_FINALS,1.0,Club Atlético de Madrid,Arsenal FC,1,1,D
545933,2026-04-29 19:15:00+00:00,PPL,2025,REGULAR_SEASON,26.0,Sporting Clube de Portugal,CD Tondela,2,2,D
537161,2026-05-01 18:45:00+00:00,SA,2025,REGULAR_SEASON,35.0,AC Pisa 1909,US Lecce,1,2,A
544546,2026-05-01 19:00:00+00:00,PD,2025,REGULAR_SEASON,34.0,Girona FC,RCD Mallorca,0,1,A
538131,2026-05-01 19:00:00+00:00,PL,2025,REGULAR_SEASON,35.0,Leeds United FC,Burnley FC,3,1,H
544549,2026-05-02 12:00:00+00:00,PD,2025,REGULAR_SEASON,34.0,Villarreal CF,Levante UD,5,1,H
537163,2026-05-02 13:00:00+00:00,SA,2025,REGULAR_SEASON,35.0,Udinese Calcio,Torino FC,2,0,H
542687,2026-05-02 13:00:00+00:00,FL1,2025,REGULAR_SEASON,32.0,FC Nantes,Olympique de Marseille,3,0,H
540692,2026-05-02 13:30:00+00:00,BL1,2025,REGULAR_SEASON,32.0,1. FC Union Berlin,1. FC Köln,2,2,D
540693,2026-05-02 13:30:00+00:00,BL1,2025,REGULAR_SEASON,32.0,Eintracht Frankfurt,Hamburger SV,1,2,A
540691,2026-05-02 13:30:00+00:00,BL1,2025,REGULAR_SEASON,32.0,FC Bayern München,1. FC Heidenheim 1846,3,3,D
540688,2026-05-02 13:30:00+00:00,BL1,2025,REGULAR_SEASON,32.0,TSG 1899 Hoffenheim,VfB Stuttgart,3,3,D
540690,2026-05-02 13:30:00+00:00,BL1,2025,REGULAR_SEASON,32.0,SV Werder Bremen,FC Augsburg,1,3,A
538128,2026-05-02 14:00:00+00:00,PL,2025,REGULAR_SEASON,35.0,Brentford FC,West Ham United FC,3,0,H
538134,2026-05-02 14:00:00+00:00,PL,2025,REGULAR_SEASON,35.0,Wolverhampton Wanderers FC,Sunderland AFC,1,1,D
538133,2026-05-02 14:00:00+00:00,PL,2025,REGULAR_SEASON,35.0,Newcastle United FC,Brighton & Hove Albion FC,3,1,H
544547,2026-05-02 14:15:00+00:00,PD,2025,REGULAR_SEASON,34.0,Valencia CF,Club Atlético de Madrid,0,2,A
545979,2026-05-02 14:30:00+00:00,PPL,2025,REGULAR_SEASON,32.0,CD Nacional,AVS,1,2,A
545986,2026-05-02 14:30:00+00:00,PPL,2025,REGULAR_SEASON,32.0,FC Arouca,CD Santa Clara,2,2,D
537723,2026-05-02 14:30:00+00:00,DED,2025,REGULAR_SEASON,32.0,FC Utrecht,NAC Breda,2,0,H
545980,2026-05-02 14:30:00+00:00,PPL,2025,REGULAR_SEASON,32.0,Moreirense FC,CF Estrela da Amadora,3,2,H
542692,2026-05-02 15:00:00+00:00,FL1,2025,REGULAR_SEASON,32.0,Paris Saint-Germain FC,FC Lorient,2,2,D
537157,2026-05-02 16:00:00+00:00,SA,2025,REGULAR_SEASON,35.0,Como 1907,SSC Napoli,0,0,D
538127,2026-05-02 16:30:00+00:00,PL,2025,REGULAR_SEASON,35.0,Arsenal FC,Fulham FC,3,0,H
544541,2026-05-02 16:30:00+00:00,PD,2025,REGULAR_SEASON,34.0,Deportivo Alavés,Athletic Club,2,4,A
540687,2026-05-02 16:30:00+00:00,BL1,2025,REGULAR_SEASON,32.0,Bayer 04 Leverkusen,RB Leipzig,4,1,H
537722,2026-05-02 16:45:00+00:00,DED,2025,REGULAR_SEASON,32.0,FC Groningen,SBV Excelsior,2,3,A
542686,2026-05-02 17:00:00+00:00,FL1,2025,REGULAR_SEASON,32.0,FC Metz,AS Monaco FC,1,2,A
545983,2026-05-02 17:00:00+00:00,PPL,2025,REGULAR_SEASON,32.0,FC Famalicão,Sport Lisboa e Benfica,2,2,D
537720,2026-05-02 18:00:00+00:00,DED,2025,REGULAR_SEASON,32.0,AFC Ajax,PSV,2,2,D
537156,2026-05-02 18:45:00+00:00,SA,2025,REGULAR_SEASON,35.0,Atalanta BC,Genoa CFC,0,0,D
537726,2026-05-02 19:00:00+00:00,DED,2025,REGULAR_SEASON,32.0,NEC,Telstar 1963,1,1,D
544548,2026-05-02 19:00:00+00:00,PD,2025,REGULAR_SEASON,34.0,CA Osasuna,FC Barcelona,1,2,A
542689,2026-05-02 19:05:00+00:00,FL1,2025,REGULAR_SEASON,32.0,OGC Nice,Racing Club de Lens,1,1,D
545981,2026-05-02 19:30:00+00:00,PPL,2025,REGULAR_SEASON,32.0,FC Porto,FC Alverca,1,0,H
537724,2026-05-03 10:15:00+00:00,DED,2025,REGULAR_SEASON,32.0,FC Volendam,SC Heerenveen,0,2,A
537158,2026-05-03 10:30:00+00:00,SA,2025,REGULAR_SEASON,35.0,Bologna FC 1909,Cagliari Calcio,0,0,D
544543,2026-05-03 12:00:00+00:00,PD,2025,REGULAR_SEASON,34.0,RC Celta de Vigo,Elche CF,3,1,H
537727,2026-05-03 12:30:00+00:00,DED,2025,REGULAR_SEASON,32.0,PEC Zwolle,Heracles Almelo,1,0,H
537725,2026-05-03 12:30:00+00:00,DED,2025,REGULAR_SEASON,32.0,Fortuna Sittard,Feyenoord Rotterdam,1,2,A
542691,2026-05-03 13:00:00+00:00,FL1,2025,REGULAR_SEASON,32.0,Lille OSC,Le Havre AC,1,1,D
538125,2026-05-03 13:00:00+00:00,PL,2025,REGULAR_SEASON,35.0,AFC Bournemouth,Crystal Palace FC,3,0,H
537162,2026-05-03 13:00:00+00:00,SA,2025,REGULAR_SEASON,35.0,US Sassuolo Calcio,AC Milan,2,0,H
540686,2026-05-03 13:30:00+00:00,BL1,2025,REGULAR_SEASON,32.0,FC St. Pauli 1910,1. FSV Mainz 05,1,2,A
544545,2026-05-03 14:15:00+00:00,PD,2025,REGULAR_SEASON,34.0,Getafe CF,Rayo Vallecano de Madrid,0,2,A
545985,2026-05-03 14:30:00+00:00,PPL,2025,REGULAR_SEASON,32.0,Casa Pia AC,CD Tondela,0,1,A
538132,2026-05-03 14:30:00+00:00,PL,2025,REGULAR_SEASON,35.0,Manchester United FC,Liverpool FC,3,2,H
537728,2026-05-03 14:45:00+00:00,DED,2025,REGULAR_SEASON,32.0,Sparta Rotterdam,Go Ahead Eagles,2,2,D
537721,2026-05-03 14:45:00+00:00,DED,2025,REGULAR_SEASON,32.0,AZ,FC Twente '65,2,2,D
542685,2026-05-03 15:15:00+00:00,FL1,2025,REGULAR_SEASON,32.0,AJ Auxerre,Angers SCO,3,1,H
542688,2026-05-03 15:15:00+00:00,FL1,2025,REGULAR_SEASON,32.0,Paris FC,Stade Brestois 29,4,0,H
542693,2026-05-03 15:15:00+00:00,FL1,2025,REGULAR_SEASON,32.0,RC Strasbourg Alsace,Toulouse FC,1,2,A
540685,2026-05-03 15:30:00+00:00,BL1,2025,REGULAR_SEASON,32.0,Borussia Mönchengladbach,Borussia Dortmund,1,0,H
537160,2026-05-03 16:00:00+00:00,SA,2025,REGULAR_SEASON,35.0,Juventus FC,Hellas Verona FC,1,1,D
544542,2026-05-03 16:30:00+00:00,PD,2025,REGULAR_SEASON,34.0,Real Betis Balompié,Real Oviedo,3,0,H
545987,2026-05-03 17:00:00+00:00,PPL,2025,REGULAR_SEASON,32.0,Sporting Clube de Braga,GD Estoril Praia,1,1,D
540689,2026-05-03 17:30:00+00:00,BL1,2025,REGULAR_SEASON,32.0,SC Freiburg,VfL Wolfsburg,1,1,D
538126,2026-05-03 18:00:00+00:00,PL,2025,REGULAR_SEASON,35.0,Aston Villa FC,Tottenham Hotspur FC,1,2,A
542690,2026-05-03 18:45:00+00:00,FL1,2025,REGULAR_SEASON,32.0,Olympique Lyonnais,Stade Rennais FC 1901,4,2,H
537159,2026-05-03 18:45:00+00:00,SA,2025,REGULAR_SEASON,35.0,FC Internazionale Milano,Parma Calcio 1913,2,0,H
544544,2026-05-03 19:00:00+00:00,PD,2025,REGULAR_SEASON,34.0,RCD Espanyol de Barcelona,Real Madrid CF,0,2,A
545982,2026-05-03 19:30:00+00:00,PPL,2025,REGULAR_SEASON,32.0,Rio Ave FC,Gil Vicente FC,0,0,D
538129,2026-05-04 14:00:00+00:00,PL,2025,REGULAR_SEASON,35.0,Chelsea FC,Nottingham Forest FC,1,3,A
537164,2026-05-04 16:30:00+00:00,SA,2025,REGULAR_SEASON,35.0,US Cremonese,SS Lazio,1,2,A
537155,2026-05-04 18:45:00+00:00,SA,2025,REGULAR_SEASON,35.0,AS Roma,ACF Fiorentina,4,0,H
538130,2026-05-04 19:00:00+00:00,PL,2025,REGULAR_SEASON,35.0,Everton FC,Manchester City FC,3,3,D
544550,2026-05-04 19:00:00+00:00,PD,2025,REGULAR_SEASON,34.0,Sevilla FC,Real Sociedad de Fútbol,1,0,H
545984,2026-05-04 19:15:00+00:00,PPL,2025,REGULAR_SEASON,32.0,Sporting Clube de Portugal,Vitória SC,5,1,H
552095,2026-05-05 19:00:00+00:00,CL,2025,SEMI_FINALS,2.0,Arsenal FC,Club Atlético de Madrid,1,0,H
552094,2026-05-06 19:00:00+00:00,CL,2025,SEMI_FINALS,2.0,FC Bayern München,Paris Saint-Germain FC,1,1,D
540696,2026-05-08 18:30:00+00:00,BL1,2025,REGULAR_SEASON,33.0,Borussia Dortmund,Eintracht Frankfurt,3,2,H
537168,2026-05-08 18:45:00+00:00,SA,2025,REGULAR_SEASON,36.0,Torino FC,US Sassuolo Calcio,2,1,H
542700,2026-05-08 18:45:00+00:00,FL1,2025,REGULAR_SEASON,33.0,Racing Club de Lens,FC Nantes,1,0,H
544554,2026-05-08 19:00:00+00:00,PD,2025,REGULAR_SEASON,35.0,Levante UD,CA Osasuna,3,2,H
538140,2026-05-09 11:30:00+00:00,PL,2025,REGULAR_SEASON,36.0,Liverpool FC,Chelsea FC,1,1,D
544556,2026-05-09 12:00:00+00:00,PD,2025,REGULAR_SEASON,35.0,Elche CF,Deportivo Alavés,1,1,D
537167,2026-05-09 13:00:00+00:00,SA,2025,REGULAR_SEASON,36.0,Cagliari Calcio,Udinese Calcio,0,2,A
540699,2026-05-09 13:30:00+00:00,BL1,2025,REGULAR_SEASON,33.0,FC Augsburg,Borussia Mönchengladbach,3,1,H
540698,2026-05-09 13:30:00+00:00,BL1,2025,REGULAR_SEASON,33.0,TSG 1899 Hoffenheim,SV Werder Bremen,1,0,H
540695,2026-05-09 13:30:00+00:00,BL1,2025,REGULAR_SEASON,33.0,VfB Stuttgart,Bayer 04 Leverkusen,3,1,H
540701,2026-05-09 13:30:00+00:00,BL1,2025,REGULAR_SEASON,33.0,RB Leipzig,FC St. Pauli 1910,2,1,H
538139,2026-05-09 14:00:00+00:00,PL,2025,REGULAR_SEASON,36.0,Fulham FC,AFC Bournemouth,0,1,A
538136,2026-05-09 14:00:00+00:00,PL,2025,REGULAR_SEASON,36.0,Brighton & Hove Albion FC,Wolverhampton Wanderers FC,3,0,H
538135,2026-05-09 14:00:00+00:00,PL,2025,REGULAR_SEASON,36.0,Sunderland AFC,Manchester United FC,0,0,D
544558,2026-05-09 14:15:00+00:00,PD,2025,REGULAR_SEASON,35.0,Sevilla FC,RCD Espanyol de Barcelona,2,1,H
537170,2026-05-09 16:00:00+00:00,SA,2025,REGULAR_SEASON,36.0,SS Lazio,FC Internazionale Milano,0,3,A
538141,2026-05-09 16:30:00+00:00,PL,2025,REGULAR_SEASON,36.0,Manchester City FC,Brentford FC,3,0,H
544552,2026-05-09 16:30:00+00:00,PD,2025,REGULAR_SEASON,35.0,Club Atlético de Madrid,RC Celta de Vigo,0,1,A
540694,2026-05-09 16:30:00+00:00,BL1,2025,REGULAR_SEASON,33.0,VfL Wolfsburg,FC Bayern München,0,1,A
537174,2026-05-09 18:45:00+00:00,SA,2025,REGULAR_SEASON,36.0,US Lecce,Juventus FC,0,1,A
544557,2026-05-09 19:00:00+00:00,PD,2025,REGULAR_SEASON,35.0,Real Sociedad de Fútbol,Real Betis Balompié,2,2,D
537169,2026-05-10 10:30:00+00:00,SA,2025,REGULAR_SEASON,36.0,Hellas Verona FC,Como 1907,0,1,A
544555,2026-05-10 12:00:00+00:00,PD,2025,REGULAR_SEASON,35.0,RCD Mallorca,Villarreal CF,1,1,D
538142,2026-05-10 13:00:00+00:00,PL,2025,REGULAR_SEASON,36.0,Nottingham Forest FC,Newcastle United FC,1,1,D
537165,2026-05-10 13:00:00+00:00,SA,2025,REGULAR_SEASON,36.0,ACF Fiorentina,Genoa CFC,0,0,D
537173,2026-05-10 13:00:00+00:00,SA,2025,REGULAR_SEASON,36.0,US Cremonese,AC Pisa 1909,3,0,H
538137,2026-05-10 13:00:00+00:00,PL,2025,REGULAR_SEASON,36.0,Crystal Palace FC,Everton FC,2,2,D
538138,2026-05-10 13:00:00+00:00,PL,2025,REGULAR_SEASON,36.0,Burnley FC,Aston Villa FC,2,2,D
540697,2026-05-10 13:30:00+00:00,BL1,2025,REGULAR_SEASON,33.0,Hamburger SV,SC Freiburg,3,2,H
544551,2026-05-10 14:15:00+00:00,PD,2025,REGULAR_SEASON,35.0,Athletic Club,Valencia CF,0,1,A
537734,2026-05-10 14:45:00+00:00,DED,2025,REGULAR_SEASON,33.0,Go Ahead Eagles,PSV,1,4,A
537736,2026-05-10 14:45:00+00:00,DED,2025,REGULAR_SEASON,33.0,Telstar 1963,Heracles Almelo,3,0,H
537737,2026-05-10 14:45:00+00:00,DED,2025,REGULAR_SEASON,33.0,FC Twente '65,Sparta Rotterdam,4,0,H
537732,2026-05-10 14:45:00+00:00,DED,2025,REGULAR_SEASON,33.0,Feyenoord Rotterdam,AZ,1,1,D
537731,2026-05-10 14:45:00+00:00,DED,2025,REGULAR_SEASON,33.0,FC Groningen,NEC,2,1,H
537733,2026-05-10 14:45:00+00:00,DED,2025,REGULAR_SEASON,33.0,Fortuna Sittard,PEC Zwolle,3,2,H
537730,2026-05-10 14:45:00+00:00,DED,2025,REGULAR_SEASON,33.0,SBV Excelsior,FC Volendam,1,1,D
537729,2026-05-10 14:45:00+00:00,DED,2025,REGULAR_SEASON,33.0,AFC Ajax,FC Utrecht,1,2,A
540702,2026-05-10 15:30:00+00:00,BL1,2025,REGULAR_SEASON,33.0,1. FC Köln,1. FC Heidenheim 1846,1,3,A
538144,2026-05-10 15:30:00+00:00,PL,2025,REGULAR_SEASON,36.0,West Ham United FC,Arsenal FC,0,1,A
537171,2026-05-10 16:00:00+00:00,SA,2025,REGULAR_SEASON,36.0,Parma Calcio 1913,AS Roma,2,3,A
544559,2026-05-10 16:30:00+00:00,PD,2025,REGULAR_SEASON,35.0,Real Oviedo,Getafe CF,0,0,D
545991,2026-05-10 17:00:00+00:00,PPL,2025,REGULAR_SEASON,33.0,AVS,FC Porto,3,1,H
540700,2026-05-10 17:30:00+00:00,BL1,2025,REGULAR_SEASON,33.0,1. FSV Mainz 05,1. FC Union Berlin,1,3,A
537166,2026-05-10 18:45:00+00:00,SA,2025,REGULAR_SEASON,36.0,AC Milan,Atalanta BC,2,3,A
542698,2026-05-10 19:00:00+00:00,FL1,2025,REGULAR_SEASON,33.0,Toulouse FC,Olympique Lyonnais,2,1,H
542699,2026-05-10 19:00:00+00:00,FL1,2025,REGULAR_SEASON,33.0,Paris Saint-Germain FC,Stade Brestois 29,1,0,H
542701,2026-05-10 19:00:00+00:00,FL1,2025,REGULAR_SEASON,33.0,Angers SCO,RC Strasbourg Alsace,1,1,D
542697,2026-05-10 19:00:00+00:00,FL1,2025,REGULAR_SEASON,33.0,FC Metz,FC Lorient,0,4,A
542696,2026-05-10 19:00:00+00:00,FL1,2025,REGULAR_SEASON,33.0,AS Monaco FC,Lille OSC,0,1,A
542694,2026-05-10 19:00:00+00:00,FL1,2025,REGULAR_SEASON,33.0,Le Havre AC,Olympique de Marseille,0,1,A
542702,2026-05-10 19:00:00+00:00,FL1,2025,REGULAR_SEASON,33.0,Stade Rennais FC 1901,Paris FC,2,1,H
544553,2026-05-10 19:00:00+00:00,PD,2025,REGULAR_SEASON,35.0,FC Barcelona,Real Madrid CF,2,0,H
542695,2026-05-10 19:00:00+00:00,FL1,2025,REGULAR_SEASON,33.0,AJ Auxerre,OGC Nice,2,1,H
545993,2026-05-10 19:30:00+00:00,PPL,2025,REGULAR_SEASON,33.0,FC Alverca,GD Estoril Praia,1,1,D
537735,2026-05-11 12:30:00+00:00,DED,2025,REGULAR_SEASON,33.0,NAC Breda,SC Heerenveen,2,0,H
537172,2026-05-11 18:45:00+00:00,SA,2025,REGULAR_SEASON,36.0,SSC Napoli,Bologna FC 1909,2,3,A
538143,2026-05-11 19:00:00+00:00,PL,2025,REGULAR_SEASON,36.0,Tottenham Hotspur FC,Leeds United FC,1,1,D
544560,2026-05-11 19:00:00+00:00,PD,2025,REGULAR_SEASON,35.0,Rayo Vallecano de Madrid,Girona FC,1,1,D
545988,2026-05-11 19:15:00+00:00,PPL,2025,REGULAR_SEASON,33.0,Vitória SC,Casa Pia AC,0,1,A
545995,2026-05-11 19:15:00+00:00,PPL,2025,REGULAR_SEASON,33.0,CD Santa Clara,CD Nacional,2,0,H
545994,2026-05-11 19:15:00+00:00,PPL,2025,REGULAR_SEASON,33.0,Rio Ave FC,Sporting Clube de Portugal,1,4,A
545989,2026-05-11 19:15:00+00:00,PPL,2025,REGULAR_SEASON,33.0,Gil Vicente FC,FC Arouca,1,3,A
545990,2026-05-11 19:15:00+00:00,PPL,2025,REGULAR_SEASON,33.0,CD Tondela,Moreirense FC,2,0,H
545992,2026-05-11 19:15:00+00:00,PPL,2025,REGULAR_SEASON,33.0,CF Estrela da Amadora,FC Famalicão,0,0,D
545996,2026-05-11 19:15:00+00:00,PPL,2025,REGULAR_SEASON,33.0,Sport Lisboa e Benfica,Sporting Clube de Braga,2,2,D
544563,2026-05-12 17:00:00+00:00,PD,2025,REGULAR_SEASON,36.0,RC Celta de Vigo,Levante UD,2,3,A
544562,2026-05-12 18:00:00+00:00,PD,2025,REGULAR_SEASON,36.0,Real Betis Balompié,Elche CF,2,1,H
544567,2026-05-12 19:30:00+00:00,PD,2025,REGULAR_SEASON,36.0,CA Osasuna,Club Atlético de Madrid,1,2,A
542665,2026-05-13 17:00:00+00:00,FL1,2025,REGULAR_SEASON,29.0,Stade Brestois 29,RC Strasbourg Alsace,1,2,A
544566,2026-05-13 17:00:00+00:00,PD,2025,REGULAR_SEASON,36.0,RCD Espanyol de Barcelona,Athletic Club,2,0,H
544569,2026-05-13 17:00:00+00:00,PD,2025,REGULAR_SEASON,36.0,Villarreal CF,Sevilla FC,2,3,A
538091,2026-05-13 19:00:00+00:00,PL,2025,REGULAR_SEASON,31.0,Manchester City FC,Crystal Palace FC,3,0,H
542664,2026-05-13 19:00:00+00:00,FL1,2025,REGULAR_SEASON,29.0,Racing Club de Lens,Paris Saint-Germain FC,0,2,A
544564,2026-05-13 19:30:00+00:00,PD,2025,REGULAR_SEASON,36.0,Getafe CF,RCD Mallorca,3,1,H
544561,2026-05-13 19:30:00+00:00,PD,2025,REGULAR_SEASON,36.0,Deportivo Alavés,FC Barcelona,1,0,H
544568,2026-05-14 17:00:00+00:00,PD,2025,REGULAR_SEASON,36.0,Valencia CF,Rayo Vallecano de Madrid,1,1,D
544565,2026-05-14 18:00:00+00:00,PD,2025,REGULAR_SEASON,36.0,Girona FC,Real Sociedad de Fútbol,1,1,D
544570,2026-05-14 19:30:00+00:00,PD,2025,REGULAR_SEASON,36.0,Real Madrid CF,Real Oviedo,2,0,H
538146,2026-05-15 19:00:00+00:00,PL,2025,REGULAR_SEASON,37.0,Aston Villa FC,Liverpool FC,4,2,H
540705,2026-05-16 13:30:00+00:00,BL1,2025,REGULAR_SEASON,34.0,SC Freiburg,RB Leipzig,4,1,H
540711,2026-05-16 13:30:00+00:00,BL1,2025,REGULAR_SEASON,34.0,Bayer 04 Leverkusen,Hamburger SV,1,1,D
540706,2026-05-16 13:30:00+00:00,BL1,2025,REGULAR_SEASON,34.0,Eintracht Frankfurt,VfB Stuttgart,2,2,D
540703,2026-05-16 13:30:00+00:00,BL1,2025,REGULAR_SEASON,34.0,SV Werder Bremen,Borussia Dortmund,0,2,A
540704,2026-05-16 13:30:00+00:00,BL1,2025,REGULAR_SEASON,34.0,1. FC Heidenheim 1846,1. FSV Mainz 05,0,2,A
540708,2026-05-16 13:30:00+00:00,BL1,2025,REGULAR_SEASON,34.0,1. FC Union Berlin,FC Augsburg,4,0,H
540710,2026-05-16 13:30:00+00:00,BL1,2025,REGULAR_SEASON,34.0,FC Bayern München,1. FC Köln,5,1,H
540707,2026-05-16 13:30:00+00:00,BL1,2025,REGULAR_SEASON,34.0,FC St. Pauli 1910,VfL Wolfsburg,1,3,A
540709,2026-05-16 13:30:00+00:00,BL1,2025,REGULAR_SEASON,34.0,Borussia Mönchengladbach,TSG 1899 Hoffenheim,4,0,H
545997,2026-05-16 14:30:00+00:00,PPL,2025,REGULAR_SEASON,34.0,Moreirense FC,AVS,0,0,D
546000,2026-05-16 14:30:00+00:00,PPL,2025,REGULAR_SEASON,34.0,FC Porto,CD Santa Clara,1,0,H
546005,2026-05-16 17:00:00+00:00,PPL,2025,REGULAR_SEASON,34.0,Sporting Clube de Braga,CF Estrela da Amadora,2,2,D
546004,2026-05-16 17:00:00+00:00,PPL,2025,REGULAR_SEASON,34.0,FC Arouca,CD Tondela,3,1,H
546003,2026-05-16 17:00:00+00:00,PPL,2025,REGULAR_SEASON,34.0,Casa Pia AC,Rio Ave FC,1,1,D
546002,2026-05-16 17:00:00+00:00,PPL,2025,REGULAR_SEASON,34.0,CD Nacional,Vitória SC,2,0,H
545999,2026-05-16 19:30:00+00:00,PPL,2025,REGULAR_SEASON,34.0,Sporting Clube de Portugal,Gil Vicente FC,3,0,H
546001,2026-05-16 19:30:00+00:00,PPL,2025,REGULAR_SEASON,34.0,GD Estoril Praia,Sport Lisboa e Benfica,1,3,A
545998,2026-05-16 19:30:00+00:00,PPL,2025,REGULAR_SEASON,34.0,FC Famalicão,FC Alverca,1,0,H
537178,2026-05-17 10:00:00+00:00,SA,2025,REGULAR_SEASON,37.0,Genoa CFC,AC Milan,1,2,A
537182,2026-05-17 10:00:00+00:00,SA,2025,REGULAR_SEASON,37.0,AC Pisa 1909,SSC Napoli,0,3,A
537181,2026-05-17 10:00:00+00:00,SA,2025,REGULAR_SEASON,37.0,Juventus FC,ACF Fiorentina,0,2,A
537179,2026-05-17 10:00:00+00:00,SA,2025,REGULAR_SEASON,37.0,Como 1907,Parma Calcio 1913,1,0,H
537175,2026-05-17 10:00:00+00:00,SA,2025,REGULAR_SEASON,37.0,AS Roma,SS Lazio,2,0,H
538152,2026-05-17 11:30:00+00:00,PL,2025,REGULAR_SEASON,37.0,Manchester United FC,Nottingham Forest FC,3,2,H
537739,2026-05-17 12:30:00+00:00,DED,2025,REGULAR_SEASON,34.0,FC Utrecht,Fortuna Sittard,2,0,H
537740,2026-05-17 12:30:00+00:00,DED,2025,REGULAR_SEASON,34.0,FC Volendam,Telstar 1963,1,2,A
537745,2026-05-17 12:30:00+00:00,DED,2025,REGULAR_SEASON,34.0,SC Heerenveen,AFC Ajax,0,0,D
537742,2026-05-17 12:30:00+00:00,DED,2025,REGULAR_SEASON,34.0,NEC,Go Ahead Eagles,2,1,H
537743,2026-05-17 12:30:00+00:00,DED,2025,REGULAR_SEASON,34.0,PEC Zwolle,Feyenoord Rotterdam,0,2,A
537744,2026-05-17 12:30:00+00:00,DED,2025,REGULAR_SEASON,34.0,PSV,FC Twente '65,5,1,H
537738,2026-05-17 12:30:00+00:00,DED,2025,REGULAR_SEASON,34.0,AZ,NAC Breda,3,3,D
537746,2026-05-17 12:30:00+00:00,DED,2025,REGULAR_SEASON,34.0,Sparta Rotterdam,SBV Excelsior,2,3,A
537741,2026-05-17 12:30:00+00:00,DED,2025,REGULAR_SEASON,34.0,Heracles Almelo,FC Groningen,1,2,A
537180,2026-05-17 13:00:00+00:00,SA,2025,REGULAR_SEASON,37.0,FC Internazionale Milano,Hellas Verona FC,1,1,D
538151,2026-05-17 14:00:00+00:00,PL,2025,REGULAR_SEASON,37.0,Leeds United FC,Brighton & Hove Albion FC,1,0,H
538148,2026-05-17 14:00:00+00:00,PL,2025,REGULAR_SEASON,37.0,Brentford FC,Crystal Palace FC,2,2,D
538150,2026-05-17 14:00:00+00:00,PL,2025,REGULAR_SEASON,37.0,Everton FC,Sunderland AFC,1,3,A
538154,2026-05-17 14:00:00+00:00,PL,2025,REGULAR_SEASON,37.0,Wolverhampton Wanderers FC,Fulham FC,1,1,D
537176,2026-05-17 16:00:00+00:00,SA,2025,REGULAR_SEASON,37.0,Atalanta BC,Bologna FC 1909,0,1,A
538153,2026-05-17 16:30:00+00:00,PL,2025,REGULAR_SEASON,37.0,Newcastle United FC,West Ham United FC,3,1,H
544571,2026-05-17 17:00:00+00:00,PD,2025,REGULAR_SEASON,37.0,Athletic Club,RC Celta de Vigo,1,1,D
544576,2026-05-17 17:00:00+00:00,PD,2025,REGULAR_SEASON,37.0,Rayo Vallecano de Madrid,Villarreal CF,2,0,H
544574,2026-05-17 17:00:00+00:00,PD,2025,REGULAR_SEASON,37.0,Elche CF,Getafe CF,1,0,H
544577,2026-05-17 17:00:00+00:00,PD,2025,REGULAR_SEASON,37.0,Real Sociedad de Fútbol,Valencia CF,3,4,A
544579,2026-05-17 17:00:00+00:00,PD,2025,REGULAR_SEASON,37.0,CA Osasuna,RCD Espanyol de Barcelona,1,2,A
544575,2026-05-17 17:00:00+00:00,PD,2025,REGULAR_SEASON,37.0,Levante UD,RCD Mallorca,2,0,H
544580,2026-05-17 17:00:00+00:00,PD,2025,REGULAR_SEASON,37.0,Sevilla FC,Real Madrid CF,0,1,A
544578,2026-05-17 17:00:00+00:00,PD,2025,REGULAR_SEASON,37.0,Real Oviedo,Deportivo Alavés,0,1,A
544572,2026-05-17 17:00:00+00:00,PD,2025,REGULAR_SEASON,37.0,Club Atlético de Madrid,Girona FC,1,0,H
537184,2026-05-17 18:45:00+00:00,SA,2025,REGULAR_SEASON,37.0,Udinese Calcio,US Cremonese,0,1,A
537177,2026-05-17 18:45:00+00:00,SA,2025,REGULAR_SEASON,37.0,Cagliari Calcio,Torino FC,2,1,H
537183,2026-05-17 18:45:00+00:00,SA,2025,REGULAR_SEASON,37.0,US Sassuolo Calcio,US Lecce,2,3,A
542706,2026-05-17 19:00:00+00:00,FL1,2025,REGULAR_SEASON,34.0,OGC Nice,FC Metz,0,0,D
542711,2026-05-17 19:00:00+00:00,FL1,2025,REGULAR_SEASON,34.0,Stade Brestois 29,Angers SCO,1,1,D
542708,2026-05-17 19:00:00+00:00,FL1,2025,REGULAR_SEASON,34.0,Olympique de Marseille,Stade Rennais FC 1901,3,1,H
542709,2026-05-17 19:00:00+00:00,FL1,2025,REGULAR_SEASON,34.0,Lille OSC,AJ Auxerre,0,2,A
542707,2026-05-17 19:00:00+00:00,FL1,2025,REGULAR_SEASON,34.0,Olympique Lyonnais,Racing Club de Lens,0,4,A
542710,2026-05-17 19:00:00+00:00,FL1,2025,REGULAR_SEASON,34.0,RC Strasbourg Alsace,AS Monaco FC,5,4,H
542705,2026-05-17 19:00:00+00:00,FL1,2025,REGULAR_SEASON,34.0,Paris FC,Paris Saint-Germain FC,2,1,H
542703,2026-05-17 19:00:00+00:00,FL1,2025,REGULAR_SEASON,34.0,FC Lorient,Le Havre AC,0,2,A
544573,2026-05-17 19:15:00+00:00,PD,2025,REGULAR_SEASON,37.0,FC Barcelona,Real Betis Balompié,3,1,H
538147,2026-05-18 19:00:00+00:00,PL,2025,REGULAR_SEASON,37.0,Arsenal FC,Burnley FC,1,0,H
538145,2026-05-19 18:30:00+00:00,PL,2025,REGULAR_SEASON,37.0,AFC Bournemouth,Manchester City FC,1,1,D
538149,2026-05-19 19:15:00+00:00,PL,2025,REGULAR_SEASON,37.0,Chelsea FC,Tottenham Hotspur FC,2,1,H
537185,2026-05-22 18:45:00+00:00,SA,2025,REGULAR_SEASON,38.0,ACF Fiorentina,Atalanta BC,1,1,D
537187,2026-05-23 16:00:00+00:00,SA,2025,REGULAR_SEASON,38.0,Bologna FC 1909,FC Internazionale Milano,3,3,D
537190,2026-05-23 18:45:00+00:00,SA,2025,REGULAR_SEASON,38.0,SS Lazio,AC Pisa 1909,2,1,H
544589,2026-05-23 19:00:00+00:00,PD,2025,REGULAR_SEASON,38.0,Valencia CF,FC Barcelona,3,1,H
544587,2026-05-23 19:00:00+00:00,PD,2025,REGULAR_SEASON,38.0,Real Madrid CF,Athletic Club,4,2,H
544586,2026-05-23 19:00:00+00:00,PD,2025,REGULAR_SEASON,38.0,RCD Mallorca,Real Oviedo,3,0,H
544585,2026-05-23 19:00:00+00:00,PD,2025,REGULAR_SEASON,38.0,Getafe CF,CA Osasuna,1,0,H
544583,2026-05-23 19:00:00+00:00,PD,2025,REGULAR_SEASON,38.0,RC Celta de Vigo,Sevilla FC,1,0,H
544582,2026-05-23 19:00:00+00:00,PD,2025,REGULAR_SEASON,38.0,Real Betis Balompié,Levante UD,2,1,H
544581,2026-05-23 19:00:00+00:00,PD,2025,REGULAR_SEASON,38.0,Deportivo Alavés,Rayo Vallecano de Madrid,1,2,A
544590,2026-05-23 19:00:00+00:00,PD,2025,REGULAR_SEASON,38.0,Girona FC,Elche CF,1,1,D
544584,2026-05-23 19:00:00+00:00,PD,2025,REGULAR_SEASON,38.0,RCD Espanyol de Barcelona,Real Sociedad de Fútbol,1,1,D
537191,2026-05-24 13:00:00+00:00,SA,2025,REGULAR_SEASON,38.0,Parma Calcio 1913,US Sassuolo Calcio,1,0,H
538155,2026-05-24 15:00:00+00:00,PL,2025,REGULAR_SEASON,38.0,Sunderland AFC,Chelsea FC,2,1,H
538158,2026-05-24 15:00:00+00:00,PL,2025,REGULAR_SEASON,38.0,Burnley FC,Wolverhampton Wanderers FC,1,1,D
538161,2026-05-24 15:00:00+00:00,PL,2025,REGULAR_SEASON,38.0,Manchester City FC,Aston Villa FC,1,2,A
538160,2026-05-24 15:00:00+00:00,PL,2025,REGULAR_SEASON,38.0,Liverpool FC,Brentford FC,1,1,D
538163,2026-05-24 15:00:00+00:00,PL,2025,REGULAR_SEASON,38.0,Tottenham Hotspur FC,Everton FC,1,0,H
538159,2026-05-24 15:00:00+00:00,PL,2025,REGULAR_SEASON,38.0,Fulham FC,Newcastle United FC,2,0,H
538164,2026-05-24 15:00:00+00:00,PL,2025,REGULAR_SEASON,38.0,West Ham United FC,Leeds United FC,3,0,H
538157,2026-05-24 15:00:00+00:00,PL,2025,REGULAR_SEASON,38.0,Crystal Palace FC,Arsenal FC,1,2,A
538156,2026-05-24 15:00:00+00:00,PL,2025,REGULAR_SEASON,38.0,Brighton & Hove Albion FC,Manchester United FC,0,3,A
538162,2026-05-24 15:00:00+00:00,PL,2025,REGULAR_SEASON,38.0,Nottingham Forest FC,AFC Bournemouth,1,1,D
537192,2026-05-24 16:00:00+00:00,SA,2025,REGULAR_SEASON,38.0,SSC Napoli,Udinese Calcio,1,0,H
537194,2026-05-24 18:45:00+00:00,SA,2025,REGULAR_SEASON,38.0,US Lecce,Genoa CFC,1,0,H
537193,2026-05-24 18:45:00+00:00,SA,2025,REGULAR_SEASON,38.0,US Cremonese,Como 1907,1,4,A
537189,2026-05-24 18:45:00+00:00,SA,2025,REGULAR_SEASON,38.0,Hellas Verona FC,AS Roma,0,2,A
537186,2026-05-24 18:45:00+00:00,SA,2025,REGULAR_SEASON,38.0,AC Milan,Cagliari Calcio,1,2,A
544588,2026-05-24 19:00:00+00:00,PD,2025,REGULAR_SEASON,38.0,Villarreal CF,Club Atlético de Madrid,5,1,H
537188,2026-05-24 19:45:00+00:00,SA,2025,REGULAR_SEASON,38.0,Torino FC,Juventus FC,2,2,D
552096,2026-05-30 16:00:00+00:00,CL,2025,FINAL,,Paris Saint-Germain FC,Arsenal FC,5,4,H
